# canon_couvercle_canon_couvercle1_0_43
v -0.166366 -0.327488 -0.040684
v -0.164944 -0.341027 -0.032977
v -0.168400 -0.340543 -0.031669
v -0.169806 -0.327159 -0.039289
v -0.163076 -0.352664 -0.022691
v -0.166553 -0.352049 -0.021499
v -0.170852 -0.350516 -0.019321
v -0.172647 -0.339336 -0.029203
v -0.174013 -0.326330 -0.036608
v -0.160835 -0.361844 -0.010224
v -0.164337 -0.361125 -0.009174
v -0.158326 -0.368224 0.003838
v -0.161857 -0.367431 0.004728
v -0.166289 -0.365465 0.006165
v -0.168699 -0.359336 -0.007344
v -0.155653 -0.371458 0.018908
v -0.159215 -0.370629 0.019627
v -0.152937 -0.371477 0.034314
v -0.156529 -0.370647 0.034857
v -0.161111 -0.368590 0.035444
v -0.163721 -0.368572 0.020643
v -0.150295 -0.368206 0.049382
v -0.153917 -0.367414 0.049754
v -0.147841 -0.361860 0.063469
v -0.151491 -0.361140 0.063681
v -0.156216 -0.359351 0.063453
v -0.158574 -0.365448 0.049920
v -0.145686 -0.352651 0.075929
v -0.149361 -0.352035 0.075999
v -0.143919 -0.341037 0.086261
v -0.147614 -0.340554 0.086213
v -0.152448 -0.339347 0.085349
v -0.154146 -0.350503 0.075423
v -0.142625 -0.327481 0.093959
v -0.146334 -0.327151 0.093824
v -0.141849 -0.312608 0.098748
v -0.145568 -0.312448 0.098559
v -0.150460 -0.312035 0.097346
v -0.151205 -0.326323 0.092744
v -0.141639 -0.297049 0.100353
v -0.145360 -0.297065 0.100146
v -0.141990 -0.281489 0.098773
v -0.145707 -0.281683 0.098584
v -0.150595 -0.282138 0.097370
v -0.150258 -0.297087 0.098888
v -0.142900 -0.266617 0.094007
v -0.146606 -0.266980 0.093872
v -0.144316 -0.253060 0.086331
v -0.148007 -0.253577 0.086283
v -0.152830 -0.254827 0.085416
v -0.151469 -0.267851 0.092791
v -0.146189 -0.241447 0.076018
v -0.149858 -0.242096 0.076087
v -0.148426 -0.232237 0.063572
v -0.152070 -0.232991 0.063783
v -0.156778 -0.234822 0.063552
v -0.154629 -0.243670 0.075509
v -0.150938 -0.225891 0.049496
v -0.154553 -0.226717 0.049866
v -0.153609 -0.222621 0.034433
v -0.157194 -0.223484 0.034975
v -0.161758 -0.225583 0.035558
v -0.159191 -0.228725 0.050029
v -0.156326 -0.222639 0.019027
v -0.159879 -0.223502 0.019744
v -0.158969 -0.225874 0.003951
v -0.162493 -0.226700 0.004840
v -0.166907 -0.228708 0.006274
v -0.164367 -0.225601 0.020757
v -0.161420 -0.232253 -0.010120
v -0.164916 -0.233006 -0.009072
v -0.163578 -0.241433 -0.022602
v -0.167050 -0.242082 -0.021412
v -0.171335 -0.243657 -0.019236
v -0.169262 -0.234837 -0.007245
v -0.165341 -0.253071 -0.032907
v -0.168792 -0.253588 -0.031599
v -0.166641 -0.266610 -0.040636
v -0.170077 -0.266972 -0.039241
v -0.174277 -0.267843 -0.036561
v -0.173029 -0.254837 -0.029136
v -0.167410 -0.281493 -0.045391
v -0.170838 -0.281686 -0.043942
v -0.167627 -0.297049 -0.047032
v -0.171052 -0.297065 -0.045564
v -0.175224 -0.297087 -0.042706
v -0.175016 -0.282142 -0.041130
v -0.167269 -0.312605 -0.045416
v -0.170699 -0.312444 -0.043967
v -0.174881 -0.312031 -0.041154
v -0.176706 -0.337625 -0.026067
v -0.178017 -0.325152 -0.033168
v -0.174985 -0.348347 -0.016590
v -0.178847 -0.345601 -0.013380
v -0.180475 -0.335458 -0.022345
v -0.181714 -0.323658 -0.029063
v -0.172921 -0.356806 -0.005104
v -0.170609 -0.362683 0.007851
v -0.174707 -0.359163 0.009742
v -0.176894 -0.353603 -0.002514
v -0.168147 -0.365663 0.021736
v -0.165644 -0.365680 0.035930
v -0.170010 -0.361998 0.036305
v -0.172377 -0.361982 0.022877
v -0.163210 -0.362667 0.049813
v -0.160949 -0.356820 0.062791
v -0.165568 -0.353616 0.061716
v -0.167707 -0.359147 0.049438
v -0.158964 -0.348335 0.074271
v -0.157335 -0.337635 0.083790
v -0.162150 -0.335467 0.081581
v -0.163690 -0.345589 0.072576
v -0.156143 -0.325145 0.090882
v -0.155429 -0.311443 0.095295
v -0.160346 -0.310689 0.092465
v -0.161022 -0.323651 0.088290
v -0.155235 -0.297107 0.096774
v -0.155558 -0.282772 0.095318
v -0.160469 -0.283566 0.092486
v -0.160163 -0.297127 0.093864
v -0.156396 -0.269070 0.090927
v -0.157702 -0.256579 0.083854
v -0.162496 -0.258787 0.081642
v -0.161262 -0.270603 0.088332
v -0.159427 -0.245880 0.074353
v -0.161488 -0.237395 0.062886
v -0.166079 -0.240638 0.061806
v -0.164128 -0.248665 0.072653
v -0.163802 -0.231548 0.049917
v -0.166263 -0.228535 0.036039
v -0.170596 -0.232257 0.036408
v -0.168268 -0.235107 0.049537
v -0.168766 -0.228552 0.021845
v -0.171201 -0.231532 0.007956
v -0.175267 -0.235092 0.009841
v -0.172963 -0.232273 0.022980
v -0.173460 -0.237409 -0.005009
v -0.175448 -0.245867 -0.016509
v -0.179285 -0.248654 -0.013303
v -0.177404 -0.240652 -0.002424
v -0.177073 -0.256589 -0.026002
v -0.178270 -0.269063 -0.033124
v -0.181954 -0.270597 -0.029021
v -0.180821 -0.258797 -0.022284
v -0.178979 -0.282775 -0.037505
v -0.179178 -0.297107 -0.039017
v -0.182814 -0.297127 -0.034596
v -0.182625 -0.283569 -0.033166
v -0.178849 -0.311439 -0.037528
v -0.182502 -0.310686 -0.033187
v -0.183849 -0.332881 -0.018122
v -0.185005 -0.321880 -0.024385
v -0.182331 -0.342337 -0.009764
v -0.185415 -0.338597 -0.005786
v -0.186807 -0.329927 -0.013449
v -0.187867 -0.319841 -0.019191
v -0.180510 -0.349797 0.000366
v -0.178471 -0.354980 0.011792
v -0.181876 -0.350189 0.013978
v -0.183746 -0.345437 0.003502
v -0.176300 -0.357609 0.024037
v -0.174092 -0.357623 0.036556
v -0.177862 -0.352613 0.036684
v -0.179885 -0.352599 0.025206
v -0.171946 -0.354966 0.048800
v -0.169952 -0.349809 0.060246
v -0.174065 -0.345449 0.058405
v -0.175893 -0.350177 0.047910
v -0.168201 -0.342326 0.070371
v -0.166765 -0.332889 0.078765
v -0.171143 -0.329935 0.075385
v -0.172460 -0.338587 0.067688
v -0.165713 -0.321874 0.085021
v -0.165083 -0.309789 0.088913
v -0.169601 -0.308755 0.084688
v -0.170179 -0.319835 0.081120
v -0.164912 -0.297146 0.090217
v -0.165198 -0.284503 0.088933
v -0.169706 -0.285571 0.084707
v -0.169445 -0.297163 0.085884
v -0.165937 -0.272418 0.085060
v -0.167088 -0.261402 0.078822
v -0.171439 -0.264391 0.075437
v -0.170384 -0.274491 0.081156
v -0.168609 -0.251966 0.070443
v -0.170427 -0.244482 0.060330
v -0.174501 -0.248877 0.058481
v -0.172834 -0.255739 0.067754
v -0.172468 -0.239326 0.048892
v -0.174639 -0.236668 0.036652
v -0.178363 -0.241713 0.036772
v -0.176373 -0.244149 0.047994
v -0.176846 -0.236683 0.024134
v -0.178994 -0.239312 0.011884
v -0.182356 -0.244136 0.014063
v -0.180386 -0.241727 0.025294
v -0.180986 -0.244495 0.000450
v -0.182740 -0.251955 -0.009692
v -0.185790 -0.255729 -0.005720
v -0.184182 -0.248889 0.003579
v -0.184172 -0.261411 -0.018066
v -0.185228 -0.272412 -0.024346
v -0.188072 -0.274485 -0.019155
v -0.187103 -0.264399 -0.013397
v -0.185853 -0.284506 -0.028210
v -0.186029 -0.297146 -0.029543
v -0.188806 -0.297163 -0.023921
v -0.188645 -0.285574 -0.022698
v -0.185739 -0.309786 -0.028230
v -0.188540 -0.308752 -0.022717
v -0.189328 -0.326630 -0.008376
v -0.190281 -0.317564 -0.013537
v -0.188077 -0.334424 -0.001487
v -0.190299 -0.329864 0.003087
v -0.191396 -0.323027 -0.002956
v -0.192232 -0.315074 -0.007484
v -0.186576 -0.340572 0.006862
v -0.184896 -0.344845 0.016279
v -0.187509 -0.339005 0.018671
v -0.188983 -0.335257 0.010410
v -0.183106 -0.347011 0.026372
v -0.181287 -0.347023 0.036690
v -0.184343 -0.340916 0.036575
v -0.185939 -0.340905 0.027525
v -0.179518 -0.344833 0.046781
v -0.177874 -0.340583 0.056215
v -0.181349 -0.335266 0.053702
v -0.182791 -0.338994 0.045427
v -0.176431 -0.334415 0.064559
v -0.175248 -0.326638 0.071478
v -0.179045 -0.323034 0.067092
v -0.180083 -0.329856 0.061023
v -0.174381 -0.317559 0.076634
v -0.173862 -0.307599 0.079841
v -0.177829 -0.306333 0.074428
v -0.178285 -0.315070 0.071614
v -0.173721 -0.297178 0.080916
v -0.173956 -0.286758 0.079858
v -0.177912 -0.288051 0.074443
v -0.177706 -0.297192 0.075371
v -0.174565 -0.276798 0.076666
v -0.175514 -0.267719 0.071525
v -0.179279 -0.271350 0.067133
v -0.178446 -0.279314 0.071643
v -0.176768 -0.259942 0.064619
v -0.178266 -0.253774 0.056284
v -0.181693 -0.259117 0.053763
v -0.180379 -0.264528 0.061075
v -0.179948 -0.249524 0.046857
v -0.181737 -0.247334 0.036769
v -0.184738 -0.253468 0.036645
v -0.183169 -0.255389 0.045494
v -0.183557 -0.247346 0.026452
v -0.185327 -0.249512 0.016355
v -0.187886 -0.255379 0.018738
v -0.186334 -0.253479 0.027594
v -0.186969 -0.253784 0.006931
v -0.188414 -0.259932 -0.001428
v -0.190594 -0.264520 0.003139
v -0.189327 -0.259127 0.010471
v -0.189594 -0.267726 -0.008329
v -0.190465 -0.276793 -0.013505
v -0.192394 -0.279310 -0.007456
v -0.191630 -0.271356 -0.002915
v -0.190980 -0.286760 -0.016690
v -0.191125 -0.297178 -0.017788
v -0.192973 -0.297192 -0.011213
v -0.192845 -0.288053 -0.010249
v -0.190886 -0.307596 -0.016706
v -0.192763 -0.306330 -0.010264
v -0.192996 -0.319155 0.002755
v -0.193706 -0.312397 -0.001092
v -0.192064 -0.324963 0.007889
v -0.193311 -0.321161 0.011594
v -0.194115 -0.316149 0.007164
v -0.194727 -0.310320 0.003845
v -0.190945 -0.329546 0.014112
v -0.189693 -0.332730 0.021131
v -0.191265 -0.327861 0.023017
v -0.192346 -0.325114 0.016962
v -0.188359 -0.334344 0.028653
v -0.187003 -0.334353 0.036343
v -0.188945 -0.329262 0.036141
v -0.190114 -0.329254 0.029507
v -0.185684 -0.332721 0.043864
v -0.184459 -0.329553 0.050895
v -0.186750 -0.325120 0.048695
v -0.187807 -0.327853 0.042629
v -0.183384 -0.324957 0.057114
v -0.182502 -0.319160 0.062271
v -0.185062 -0.316154 0.058509
v -0.185823 -0.321155 0.054060
v -0.181856 -0.312393 0.066113
v -0.181469 -0.304970 0.068504
v -0.184170 -0.303912 0.063886
v -0.184504 -0.310316 0.061824
v -0.181364 -0.297203 0.069305
v -0.181539 -0.289437 0.068516
v -0.184231 -0.290512 0.063897
v -0.184080 -0.297212 0.064578
v -0.181993 -0.282014 0.066138
v -0.182700 -0.275247 0.062306
v -0.185233 -0.278270 0.058539
v -0.184623 -0.284108 0.061845
v -0.183635 -0.269451 0.057158
v -0.184752 -0.264854 0.050946
v -0.187003 -0.269304 0.048739
v -0.186039 -0.273270 0.054099
v -0.186005 -0.261686 0.043920
v -0.187339 -0.260054 0.036402
v -0.189234 -0.265163 0.036192
v -0.188084 -0.266571 0.042678
v -0.188695 -0.260063 0.028712
v -0.190014 -0.261677 0.021187
v -0.191542 -0.266564 0.023066
v -0.190404 -0.265171 0.029558
v -0.191238 -0.264862 0.014164
v -0.192315 -0.269444 0.007933
v -0.193527 -0.273264 0.011632
v -0.192598 -0.269311 0.017007
v -0.193195 -0.275253 0.002790
v -0.193843 -0.282010 -0.001068
v -0.194846 -0.284105 0.003866
v -0.194286 -0.278275 0.007195
v -0.194227 -0.289439 -0.003442
v -0.194335 -0.297204 -0.004260
v -0.195270 -0.297212 0.001112
v -0.195177 -0.290514 0.001819
v -0.194157 -0.304968 -0.003454
v -0.195117 -0.303911 0.001808
v -0.200538 -0.308894 0.008188
v -0.199993 -0.314077 0.011138
v -0.200671 -0.310793 0.015858
v -0.201109 -0.306623 0.013484
v -0.199278 -0.318532 0.015076
v -0.200096 -0.314377 0.019026
v -0.200327 -0.310209 0.022880
v -0.200762 -0.307498 0.020484
v -0.201093 -0.304344 0.018688
v -0.198420 -0.322047 0.019848
v -0.199406 -0.317204 0.022865
v -0.197460 -0.324489 0.025232
v -0.198633 -0.319169 0.027196
v -0.199220 -0.313834 0.029061
v -0.199805 -0.312348 0.025785
v -0.196436 -0.325727 0.031001
v -0.197810 -0.320165 0.031838
v -0.195397 -0.325734 0.036899
v -0.196973 -0.320171 0.036582
v -0.197964 -0.314592 0.036161
v -0.198597 -0.314588 0.032572
v -0.194385 -0.324482 0.042667
v -0.196160 -0.319163 0.041223
v -0.193446 -0.322053 0.048059
v -0.195404 -0.317209 0.045561
v -0.196777 -0.312352 0.042953
v -0.197349 -0.313830 0.039672
v -0.192621 -0.318527 0.052830
v -0.194741 -0.314373 0.049399
v -0.191944 -0.314081 0.056785
v -0.194196 -0.310796 0.052580
v -0.195864 -0.307501 0.048263
v -0.196275 -0.310206 0.045856
v -0.191449 -0.308892 0.059732
v -0.193798 -0.306621 0.054951
v -0.191152 -0.303198 0.061565
v -0.193559 -0.302040 0.056426
v -0.195382 -0.300878 0.051172
v -0.195562 -0.304342 0.050057
v -0.191072 -0.297242 0.062180
v -0.193494 -0.297248 0.056921
v -0.191206 -0.291285 0.061575
v -0.193602 -0.292456 0.056434
v -0.195414 -0.293627 0.051178
v -0.195333 -0.297252 0.051546
v -0.191554 -0.285592 0.059750
v -0.193882 -0.287876 0.054966
v -0.192097 -0.280402 0.056811
v -0.194319 -0.283701 0.052602
v -0.195956 -0.287004 0.048280
v -0.195626 -0.290163 0.050068
v -0.192813 -0.275956 0.052864
v -0.194895 -0.280125 0.049426
v -0.193670 -0.272431 0.048099
v -0.195584 -0.277288 0.045593
v -0.196914 -0.282153 0.042977
v -0.196393 -0.284299 0.045877
v -0.194631 -0.270001 0.042710
v -0.196358 -0.275334 0.041258
v -0.195654 -0.268749 0.036944
v -0.197180 -0.274326 0.036619
v -0.198121 -0.279913 0.036189
v -0.197499 -0.280675 0.039698
v -0.196694 -0.268756 0.031046
v -0.198017 -0.274332 0.031874
v -0.197706 -0.269995 0.025275
v -0.198831 -0.275328 0.027231
v -0.199370 -0.280671 0.029087
v -0.198754 -0.279917 0.032600
v -0.198644 -0.272437 0.019888
v -0.199586 -0.277293 0.022897
v -0.199470 -0.275951 0.015110
v -0.200251 -0.280120 0.019053
v -0.200444 -0.284296 0.022901
v -0.199941 -0.282157 0.025809
v -0.200145 -0.280406 0.011165
v -0.200794 -0.283704 0.015880
v -0.200643 -0.285589 0.008206
v -0.201194 -0.287874 0.013499
v -0.201157 -0.290161 0.018700
v -0.200854 -0.287007 0.020501
v -0.200937 -0.291287 0.006386
v -0.201431 -0.292458 0.012035
v -0.201020 -0.297242 0.005758
v -0.201498 -0.297248 0.011529
v -0.201387 -0.297253 0.017210
v -0.201336 -0.293628 0.017592
v -0.200883 -0.303197 0.006376
v -0.201388 -0.302039 0.012027
v -0.201304 -0.300877 0.017586
v -0.200257 -0.301684 0.024610
v -0.200071 -0.303807 0.025522
v -0.200028 -0.302026 0.028006
v -0.200081 -0.300136 0.028115
v -0.199778 -0.305349 0.027229
v -0.199770 -0.302518 0.029817
v -0.199319 -0.297257 0.034550
v -0.199458 -0.306909 0.028913
v -0.199582 -0.304285 0.030475
v -0.199087 -0.307613 0.031090
v -0.199320 -0.303991 0.032328
v -0.198686 -0.308342 0.033255
v -0.199020 -0.305328 0.033635
v -0.198302 -0.308087 0.035527
v -0.198810 -0.304299 0.035212
v -0.197888 -0.307857 0.037796
v -0.198439 -0.304975 0.036942
v -0.197561 -0.306687 0.039770
v -0.198328 -0.303389 0.037971
v -0.197201 -0.305539 0.041752
v -0.197939 -0.303288 0.039822
v -0.196990 -0.303656 0.043088
v -0.197957 -0.301418 0.040127
v -0.196745 -0.301788 0.044439
v -0.197607 -0.300557 0.041778
v -0.196689 -0.299518 0.044905
v -0.197761 -0.298728 0.041309
v -0.196598 -0.297253 0.045391
v -0.197500 -0.297255 0.042471
v -0.196709 -0.294989 0.044909
v -0.197775 -0.295783 0.041311
v -0.196786 -0.292718 0.044446
v -0.197637 -0.293954 0.041783
v -0.197048 -0.290851 0.043098
v -0.197995 -0.293093 0.040134
v -0.197276 -0.288968 0.041765
v -0.197993 -0.291223 0.039831
v -0.197646 -0.287820 0.039785
v -0.198384 -0.291122 0.037980
v -0.197983 -0.286649 0.037813
v -0.198509 -0.289535 0.036954
v -0.198400 -0.286420 0.035544
v -0.198874 -0.290212 0.035223
v -0.198786 -0.286165 0.033272
v -0.199093 -0.289182 0.033648
v -0.199181 -0.286893 0.031107
v -0.199381 -0.290520 0.032338
v -0.199546 -0.287597 0.028928
v -0.199646 -0.290225 0.030486
v -0.199851 -0.289158 0.027242
v -0.199817 -0.291993 0.029826
v -0.200130 -0.290700 0.025533
v -0.200071 -0.292484 0.028014
v -0.200297 -0.292823 0.024617
v -0.200107 -0.294375 0.028119
v -0.200438 -0.294935 0.023672
v -0.200296 -0.295568 0.026659
v -0.200441 -0.297253 0.023686
v -0.200201 -0.297255 0.027514
v -0.200417 -0.299571 0.023669
v -0.200280 -0.298943 0.026657
v -0.165069 -0.326526 -0.038729
v -0.167941 -0.325897 -0.036753
v -0.166594 -0.338723 -0.029451
v -0.163691 -0.339639 -0.031264
v -0.171917 -0.325118 -0.034232
v -0.170607 -0.337589 -0.027132
v -0.168887 -0.348309 -0.017657
v -0.164824 -0.349748 -0.019707
v -0.161882 -0.350910 -0.021301
v -0.162701 -0.358445 -0.007896
v -0.159711 -0.359802 -0.009227
v -0.166822 -0.356766 -0.006173
v -0.164511 -0.362642 0.006780
v -0.160324 -0.364489 0.005426
v -0.157281 -0.365980 0.004393
v -0.157792 -0.367553 0.019703
v -0.154693 -0.369113 0.018989
v -0.162049 -0.365622 0.020662
v -0.159547 -0.365639 0.034854
v -0.155219 -0.367570 0.034299
v -0.152062 -0.369131 0.033910
v -0.152716 -0.364472 0.048574
v -0.149503 -0.365964 0.048504
v -0.157114 -0.362626 0.048734
v -0.154853 -0.356780 0.061709
v -0.150391 -0.358460 0.061919
v -0.147126 -0.359817 0.062148
v -0.148350 -0.349735 0.073724
v -0.145040 -0.350897 0.074216
v -0.152868 -0.348297 0.073188
v -0.151240 -0.337599 0.082704
v -0.146675 -0.338733 0.083512
v -0.143328 -0.339649 0.084222
v -0.145449 -0.325890 0.090805
v -0.142074 -0.326519 0.091678
v -0.150048 -0.325111 0.089795
v -0.149334 -0.311412 0.094207
v -0.144715 -0.311800 0.095342
v -0.141323 -0.312115 0.096317
v -0.144515 -0.297059 0.096863
v -0.141119 -0.297044 0.097872
v -0.149140 -0.297079 0.095686
v -0.149463 -0.282746 0.094230
v -0.144848 -0.282318 0.095366
v -0.141460 -0.281974 0.096341
v -0.145710 -0.268229 0.090851
v -0.142341 -0.267570 0.091725
v -0.150301 -0.269047 0.089840
v -0.151606 -0.256559 0.082769
v -0.147052 -0.255385 0.083578
v -0.143713 -0.254440 0.084290
v -0.148826 -0.244383 0.073808
v -0.145526 -0.243192 0.074302
v -0.153331 -0.245861 0.073269
v -0.155392 -0.237378 0.061805
v -0.150946 -0.235658 0.062017
v -0.147693 -0.234272 0.062248
v -0.153325 -0.229646 0.048681
v -0.150126 -0.228125 0.048614
v -0.157706 -0.231532 0.048838
v -0.160167 -0.228519 0.034963
v -0.155856 -0.226548 0.034411
v -0.152713 -0.224958 0.034025
v -0.158429 -0.226565 0.019816
v -0.155344 -0.224976 0.019104
v -0.162669 -0.228536 0.020772
v -0.165104 -0.231516 0.006885
v -0.160933 -0.229629 0.005533
v -0.157904 -0.228109 0.004502
v -0.163256 -0.235673 -0.007798
v -0.160279 -0.234287 -0.009127
v -0.167362 -0.237392 -0.006078
v -0.169350 -0.245849 -0.017575
v -0.165300 -0.244370 -0.019623
v -0.162369 -0.243179 -0.021216
v -0.166970 -0.255395 -0.029385
v -0.164076 -0.254450 -0.031196
v -0.170973 -0.256569 -0.027067
v -0.172171 -0.269040 -0.034187
v -0.168202 -0.268221 -0.036708
v -0.165335 -0.267563 -0.038682
v -0.168931 -0.282322 -0.041213
v -0.166080 -0.281978 -0.043288
v -0.172879 -0.282750 -0.038568
v -0.173079 -0.297079 -0.040079
v -0.169136 -0.297059 -0.042767
v -0.166290 -0.297044 -0.044877
v -0.168797 -0.311796 -0.041236
v -0.165944 -0.312111 -0.043312
v -0.172750 -0.311408 -0.038591
v -0.171917 -0.325118 -0.034232
v -0.167941 -0.325897 -0.036753
v -0.165069 -0.326526 -0.038729
v -0.175631 -0.324031 -0.031054
v -0.174373 -0.336010 -0.024234
v -0.179043 -0.322649 -0.027258
v -0.177850 -0.334005 -0.020793
v -0.176283 -0.343767 -0.012165
v -0.172720 -0.346307 -0.015133
v -0.170737 -0.354430 -0.004102
v -0.174403 -0.351467 -0.001708
v -0.172299 -0.356818 0.010087
v -0.168517 -0.360075 0.008340
v -0.166152 -0.362937 0.021674
v -0.170057 -0.359531 0.022728
v -0.167778 -0.359547 0.035651
v -0.163749 -0.362953 0.035306
v -0.161411 -0.360059 0.048638
v -0.165562 -0.356804 0.048290
v -0.163504 -0.351480 0.060106
v -0.159240 -0.354444 0.061102
v -0.157334 -0.346295 0.072127
v -0.161697 -0.343755 0.070557
v -0.160214 -0.334014 0.079223
v -0.155770 -0.336020 0.081268
v -0.154624 -0.324025 0.088080
v -0.159129 -0.322643 0.085680
v -0.158478 -0.310168 0.089698
v -0.153939 -0.310866 0.092318
v -0.153752 -0.297098 0.093738
v -0.158302 -0.297117 0.091044
v -0.158596 -0.284065 0.089719
v -0.154063 -0.283331 0.092340
v -0.154868 -0.270172 0.088123
v -0.159359 -0.271591 0.085721
v -0.160548 -0.260219 0.079282
v -0.156121 -0.258177 0.081330
v -0.157778 -0.247901 0.072206
v -0.162118 -0.250478 0.070632
v -0.163995 -0.242753 0.060192
v -0.159758 -0.239752 0.061193
v -0.161980 -0.234137 0.048739
v -0.166102 -0.237430 0.048385
v -0.168342 -0.234687 0.035750
v -0.164344 -0.231244 0.035411
v -0.166747 -0.231260 0.021779
v -0.170621 -0.234702 0.022828
v -0.172838 -0.237415 0.010182
v -0.169086 -0.234122 0.008440
v -0.171255 -0.239766 -0.004011
v -0.174894 -0.242766 -0.001621
v -0.176705 -0.250467 -0.012090
v -0.173165 -0.247889 -0.015054
v -0.174724 -0.258186 -0.024172
v -0.178183 -0.260228 -0.020734
v -0.179273 -0.271584 -0.027217
v -0.175874 -0.270165 -0.031011
v -0.176555 -0.283334 -0.035219
v -0.179919 -0.284068 -0.031206
v -0.180100 -0.297117 -0.032582
v -0.176747 -0.297098 -0.036670
v -0.176431 -0.310862 -0.035241
v -0.179801 -0.310165 -0.031227
v -0.179043 -0.322649 -0.027258
v -0.175631 -0.324031 -0.031054
v -0.182114 -0.320985 -0.022882
v -0.180999 -0.331594 -0.016843
v -0.184812 -0.319060 -0.017978
v -0.183788 -0.328804 -0.012430
v -0.182444 -0.337181 -0.005027
v -0.179536 -0.340712 -0.008783
v -0.177780 -0.347906 0.000986
v -0.180831 -0.343789 0.003947
v -0.179025 -0.348380 0.014068
v -0.175814 -0.352905 0.012004
v -0.173719 -0.355439 0.023813
v -0.177101 -0.350709 0.024916
v -0.175146 -0.350722 0.036005
v -0.171591 -0.355453 0.035884
v -0.169521 -0.352891 0.047691
v -0.173244 -0.348368 0.046850
v -0.171478 -0.343800 0.056989
v -0.167598 -0.347918 0.058729
v -0.165910 -0.340702 0.068493
v -0.169927 -0.337171 0.065958
v -0.168655 -0.328812 0.073394
v -0.164525 -0.331602 0.076588
v -0.163511 -0.320979 0.082620
v -0.167724 -0.319054 0.078935
v -0.167166 -0.308350 0.082383
v -0.162903 -0.309326 0.086373
v -0.162738 -0.297134 0.087631
v -0.167014 -0.297150 0.083538
v -0.167267 -0.285951 0.082401
v -0.163013 -0.284942 0.086392
v -0.163726 -0.273289 0.082658
v -0.167921 -0.275246 0.078970
v -0.168941 -0.265488 0.073445
v -0.164836 -0.262666 0.076643
v -0.166304 -0.253566 0.068562
v -0.170289 -0.257129 0.066022
v -0.171899 -0.250500 0.057064
v -0.168057 -0.246350 0.058810
v -0.170025 -0.241377 0.047780
v -0.173707 -0.245932 0.046932
v -0.175630 -0.243578 0.036090
v -0.172118 -0.238815 0.035977
v -0.174246 -0.238829 0.023906
v -0.177585 -0.243591 0.025001
v -0.179488 -0.245920 0.014150
v -0.176318 -0.241363 0.012093
v -0.178238 -0.246362 0.001067
v -0.181252 -0.250511 0.004021
v -0.182806 -0.257119 -0.004963
v -0.179929 -0.253556 -0.008714
v -0.181311 -0.262674 -0.016788
v -0.184074 -0.265496 -0.012380
v -0.185010 -0.275240 -0.017943
v -0.182329 -0.273283 -0.022844
v -0.182932 -0.284945 -0.026571
v -0.185564 -0.285953 -0.021366
v -0.185720 -0.297150 -0.022547
v -0.183102 -0.297134 -0.027856
v -0.182822 -0.309323 -0.026590
v -0.185462 -0.308347 -0.021384
v -0.184812 -0.319060 -0.017978
v -0.182114 -0.320985 -0.022882
v -0.187106 -0.316892 -0.012596
v -0.186184 -0.325666 -0.007601
v -0.188973 -0.314507 -0.006798
v -0.188163 -0.322214 -0.002410
v -0.187100 -0.328840 0.003446
v -0.184974 -0.333208 -0.000935
v -0.183521 -0.339158 0.007145
v -0.185824 -0.334066 0.010544
v -0.184396 -0.337698 0.018549
v -0.181895 -0.343292 0.016258
v -0.180163 -0.345388 0.026025
v -0.182874 -0.339539 0.027129
v -0.181328 -0.339550 0.035899
v -0.178403 -0.345400 0.036009
v -0.176691 -0.343281 0.045775
v -0.179824 -0.337688 0.044478
v -0.178427 -0.334075 0.052497
v -0.175100 -0.339168 0.054904
v -0.173704 -0.333199 0.062979
v -0.177200 -0.328832 0.059591
v -0.176194 -0.322221 0.065472
v -0.172559 -0.325673 0.069675
v -0.171720 -0.316887 0.074664
v -0.175457 -0.314503 0.069855
v -0.175016 -0.306036 0.072582
v -0.171217 -0.307249 0.077768
v -0.171081 -0.297165 0.078808
v -0.174896 -0.297178 0.073496
v -0.175096 -0.288320 0.072596
v -0.171309 -0.287081 0.077784
v -0.171898 -0.277442 0.074695
v -0.175614 -0.279853 0.069883
v -0.176420 -0.272135 0.065512
v -0.172816 -0.268656 0.069720
v -0.174030 -0.261130 0.063037
v -0.177486 -0.265523 0.059641
v -0.178760 -0.260280 0.052556
v -0.175480 -0.255161 0.054971
v -0.177108 -0.251049 0.045848
v -0.180190 -0.256667 0.044542
v -0.181711 -0.254806 0.035967
v -0.178839 -0.248929 0.036086
v -0.180599 -0.248941 0.026102
v -0.183257 -0.254816 0.027196
v -0.184762 -0.256657 0.018613
v -0.182312 -0.251037 0.016332
v -0.183901 -0.255172 0.007212
v -0.186158 -0.260289 0.010602
v -0.187386 -0.265516 0.003497
v -0.185300 -0.261121 -0.000877
v -0.186442 -0.268663 -0.007555
v -0.188390 -0.272141 -0.002370
v -0.189130 -0.279848 -0.006770
v -0.187284 -0.277437 -0.012565
v -0.187783 -0.287083 -0.015647
v -0.189568 -0.288322 -0.009478
v -0.189691 -0.297178 -0.010412
v -0.187923 -0.297165 -0.016710
v -0.187692 -0.307246 -0.015663
v -0.189488 -0.306034 -0.009492
v -0.188973 -0.314507 -0.006798
v -0.187106 -0.316892 -0.012596
v -0.190390 -0.311930 -0.000645
v -0.189701 -0.318486 0.003088
v -0.191344 -0.309190 0.005794
v -0.190784 -0.314523 0.008830
v -0.190048 -0.319108 0.012883
v -0.188797 -0.324122 0.008069
v -0.187711 -0.328568 0.014106
v -0.189165 -0.322724 0.017794
v -0.188177 -0.325238 0.023334
v -0.186496 -0.331657 0.020916
v -0.185202 -0.333223 0.028214
v -0.187124 -0.326512 0.029270
v -0.186054 -0.326519 0.035340
v -0.183887 -0.333232 0.035675
v -0.182607 -0.331649 0.042972
v -0.185013 -0.325231 0.041276
v -0.184046 -0.322731 0.046825
v -0.181419 -0.328575 0.049794
v -0.180376 -0.324115 0.055828
v -0.183197 -0.319103 0.051734
v -0.182501 -0.314528 0.055804
v -0.179520 -0.318491 0.060831
v -0.178893 -0.311926 0.064559
v -0.181991 -0.309187 0.058836
v -0.181686 -0.303328 0.060723
v -0.178517 -0.304724 0.066879
v -0.178415 -0.297189 0.067656
v -0.181603 -0.297198 0.061356
v -0.181741 -0.291069 0.060733
v -0.178586 -0.289654 0.066891
v -0.179026 -0.282452 0.064583
v -0.182100 -0.285210 0.058856
v -0.182658 -0.279869 0.055831
v -0.179712 -0.275886 0.060865
v -0.180619 -0.270263 0.055871
v -0.183395 -0.275294 0.051769
v -0.184277 -0.271666 0.046866
v -0.181702 -0.265803 0.049844
v -0.182919 -0.262729 0.043027
v -0.185266 -0.269166 0.041320
v -0.186319 -0.267878 0.035386
v -0.184212 -0.261146 0.035732
v -0.185528 -0.261154 0.028272
v -0.187389 -0.267885 0.029317
v -0.188430 -0.269159 0.023378
v -0.186808 -0.262721 0.020971
v -0.187995 -0.265810 0.014156
v -0.189396 -0.271672 0.017835
v -0.190246 -0.275289 0.012918
v -0.189040 -0.270256 0.008112
v -0.189894 -0.275892 0.003122
v -0.190940 -0.279873 0.008858
v -0.191452 -0.285207 0.005813
v -0.190523 -0.282448 -0.000621
v -0.190896 -0.289656 -0.002924
v -0.191755 -0.291070 0.003940
v -0.191841 -0.297198 0.003293
v -0.191001 -0.297189 -0.003719
v -0.190828 -0.304722 -0.002936
v -0.191700 -0.303327 0.003930
v -0.191344 -0.309190 0.005794
v -0.190390 -0.311930 -0.000645
v -0.191822 -0.306316 0.012449
v -0.191396 -0.310368 0.014756
v -0.191850 -0.303466 0.018966
v -0.191583 -0.306438 0.020289
v -0.191174 -0.308640 0.022664
v -0.190837 -0.313851 0.017835
v -0.190167 -0.316599 0.021566
v -0.190721 -0.310806 0.025063
v -0.190198 -0.311837 0.028115
v -0.189416 -0.318508 0.025775
v -0.188616 -0.319476 0.030285
v -0.189634 -0.312823 0.031175
v -0.189091 -0.312506 0.034378
v -0.187803 -0.319482 0.034896
v -0.187012 -0.318503 0.039406
v -0.188510 -0.312141 0.037569
v -0.188044 -0.310530 0.040369
v -0.186278 -0.316604 0.043622
v -0.185633 -0.313847 0.047351
v -0.187543 -0.308877 0.043139
v -0.187238 -0.306251 0.045053
v -0.185104 -0.310371 0.050444
v -0.184716 -0.306314 0.052748
v -0.186900 -0.303596 0.046922
v -0.186812 -0.300408 0.047619
v -0.184484 -0.301863 0.054181
v -0.184421 -0.297206 0.054661
v -0.186694 -0.297211 0.048264
v -0.186841 -0.294013 0.047625
v -0.184526 -0.292549 0.054189
v -0.184799 -0.288098 0.052762
v -0.186958 -0.290826 0.046932
v -0.187319 -0.288171 0.045068
v -0.185223 -0.284040 0.050465
v -0.185783 -0.280564 0.047378
v -0.187648 -0.285545 0.043158
v -0.188164 -0.283892 0.040391
v -0.186453 -0.277808 0.043653
v -0.187205 -0.275908 0.039440
v -0.188645 -0.282281 0.037593
v -0.189229 -0.281916 0.034403
v -0.188004 -0.274930 0.034932
v -0.188817 -0.274935 0.030321
v -0.189775 -0.281599 0.031200
v -0.190330 -0.282585 0.028139
v -0.189608 -0.275903 0.025809
v -0.190342 -0.277813 0.021597
v -0.190844 -0.283616 0.025085
v -0.191278 -0.285782 0.022682
v -0.190988 -0.280560 0.017861
v -0.191515 -0.284043 0.014777
v -0.191667 -0.287984 0.020304
v -0.191907 -0.290956 0.018976
v -0.191904 -0.288095 0.012464
v -0.192135 -0.292550 0.011041
v -0.192101 -0.293947 0.017685
v -0.192110 -0.297211 0.017662
v -0.192200 -0.297206 0.010550
v -0.192093 -0.301862 0.011033
v -0.192071 -0.300475 0.017679
v -0.191850 -0.303466 0.018966
v -0.191822 -0.306316 0.012449
v -0.191456 -0.300798 0.024989
v -0.191388 -0.303150 0.024854
v -0.190514 -0.297216 0.032997
v -0.191068 -0.303762 0.027107
v -0.191068 -0.303762 0.027107
v -0.190834 -0.305960 0.027925
v -0.190514 -0.297216 0.032997
v -0.190509 -0.305594 0.030231
v -0.190509 -0.305594 0.030231
v -0.190134 -0.307258 0.031858
v -0.190514 -0.297216 0.032997
v -0.189874 -0.305977 0.033819
v -0.189874 -0.305977 0.033819
v -0.189411 -0.306819 0.035971
v -0.190514 -0.297216 0.032997
v -0.189274 -0.304845 0.037252
v -0.189274 -0.304845 0.037252
v -0.188789 -0.304719 0.039555
v -0.190514 -0.297216 0.032997
v -0.188813 -0.302393 0.039936
v -0.188813 -0.302393 0.039936
v -0.188376 -0.301321 0.041989
v -0.190514 -0.297216 0.032997
v -0.188569 -0.299046 0.041406
v -0.188569 -0.299046 0.041406
v -0.188243 -0.297214 0.042852
v -0.190514 -0.297216 0.032997
v -0.188586 -0.295382 0.041409
v -0.188586 -0.295382 0.041409
v -0.188413 -0.293106 0.041995
v -0.190514 -0.297216 0.032997
v -0.188859 -0.292035 0.039944
v -0.188859 -0.292035 0.039944
v -0.188857 -0.289708 0.039567
v -0.190514 -0.297216 0.032997
v -0.189343 -0.289583 0.037264
v -0.189343 -0.289583 0.037264
v -0.189498 -0.287608 0.035987
v -0.190514 -0.297216 0.032997
v -0.189954 -0.288451 0.033833
v -0.189954 -0.288451 0.033833
v -0.190225 -0.287169 0.031874
v -0.190514 -0.297216 0.032997
v -0.190585 -0.288834 0.030244
v -0.190585 -0.288834 0.030244
v -0.190913 -0.288467 0.027939
v -0.190514 -0.297216 0.032997
v -0.191127 -0.290666 0.027118
v -0.191127 -0.290666 0.027118
v -0.191442 -0.291277 0.024863
v -0.190514 -0.297216 0.032997
v -0.191488 -0.293630 0.024995
v -0.191488 -0.293630 0.024995
v -0.191721 -0.295114 0.023178
v -0.190514 -0.297216 0.032997
v -0.191604 -0.297214 0.024241
v -0.191604 -0.297214 0.024241
v -0.191702 -0.299313 0.023175
v -0.190514 -0.297216 0.032997
v -0.191456 -0.300798 0.024989
v -0.165069 -0.326526 -0.038729
v -0.163691 -0.339639 -0.031264
v -0.163258 -0.340566 -0.032640
v -0.164665 -0.327167 -0.040269
v -0.161882 -0.350910 -0.021301
v -0.161409 -0.352083 -0.022460
v -0.159711 -0.359802 -0.009227
v -0.159191 -0.361169 -0.010122
v -0.157281 -0.365980 0.004393
v -0.156708 -0.367483 0.003795
v -0.154693 -0.369113 0.018989
v -0.154063 -0.370684 0.018710
v -0.152062 -0.369131 0.033910
v -0.151374 -0.370702 0.033957
v -0.149503 -0.365964 0.048504
v -0.148760 -0.367466 0.048870
v -0.147126 -0.359817 0.062148
v -0.146331 -0.361185 0.062811
v -0.145040 -0.350897 0.074216
v -0.144199 -0.352070 0.075143
v -0.143328 -0.339649 0.084222
v -0.142450 -0.340577 0.085368
v -0.142074 -0.326519 0.091678
v -0.141169 -0.327160 0.092987
v -0.141323 -0.312115 0.096317
v -0.140401 -0.312441 0.097727
v -0.141119 -0.297044 0.097872
v -0.140193 -0.297041 0.099315
v -0.141460 -0.281974 0.096341
v -0.140541 -0.281642 0.097751
v -0.142341 -0.267570 0.091725
v -0.141441 -0.266923 0.093035
v -0.143713 -0.254440 0.084290
v -0.142843 -0.253506 0.085437
v -0.145526 -0.243192 0.074302
v -0.144696 -0.242013 0.075231
v -0.147693 -0.234272 0.062248
v -0.146911 -0.232898 0.062913
v -0.150126 -0.228125 0.048614
v -0.149396 -0.226617 0.048982
v -0.152713 -0.224958 0.034025
v -0.152040 -0.223381 0.034074
v -0.152713 -0.224958 0.034025
v -0.155344 -0.224976 0.019104
v -0.154728 -0.223399 0.018827
v -0.152040 -0.223381 0.034074
v -0.157904 -0.228109 0.004502
v -0.157344 -0.226600 0.003907
v -0.160279 -0.234287 -0.009127
v -0.159771 -0.232914 -0.010020
v -0.162369 -0.243179 -0.021216
v -0.161906 -0.241999 -0.022373
v -0.164076 -0.254450 -0.031196
v -0.163651 -0.253517 -0.032571
v -0.165335 -0.267563 -0.038682
v -0.164937 -0.266916 -0.040221
v -0.166080 -0.281978 -0.043288
v -0.165699 -0.281646 -0.044927
v -0.166290 -0.297044 -0.044877
v -0.165913 -0.297041 -0.046551
v -0.165944 -0.312111 -0.043312
v -0.165559 -0.312437 -0.044952
v -0.197899 -0.309640 0.005991
v -0.197319 -0.315161 0.009133
v -0.198737 -0.315167 0.009383
v -0.199317 -0.309647 0.006241
v -0.196558 -0.319906 0.013328
v -0.197975 -0.319913 0.013578
v -0.195644 -0.323650 0.018411
v -0.197062 -0.323656 0.018661
v -0.194621 -0.326251 0.024145
v -0.196038 -0.326258 0.024395
v -0.193531 -0.327570 0.030290
v -0.194949 -0.327577 0.030540
v -0.192423 -0.327577 0.036572
v -0.193841 -0.327584 0.036822
v -0.191346 -0.326244 0.042717
v -0.192764 -0.326250 0.042967
v -0.190345 -0.323656 0.048461
v -0.191763 -0.323663 0.048711
v -0.189467 -0.319901 0.053542
v -0.190885 -0.319907 0.053792
v -0.188746 -0.315165 0.057754
v -0.190164 -0.315172 0.058004
v -0.188219 -0.309637 0.060893
v -0.189636 -0.309644 0.061143
v -0.187902 -0.303573 0.062847
v -0.189320 -0.303579 0.063096
v -0.187817 -0.297228 0.063501
v -0.189234 -0.297235 0.063751
v -0.187960 -0.290883 0.062857
v -0.189377 -0.290890 0.063107
v -0.188331 -0.284819 0.060913
v -0.189748 -0.284826 0.061163
v -0.188908 -0.279291 0.057783
v -0.190326 -0.279298 0.058033
v -0.189672 -0.274556 0.053578
v -0.191090 -0.274562 0.053828
v -0.190584 -0.270800 0.048503
v -0.192002 -0.270807 0.048753
v -0.191608 -0.268212 0.042763
v -0.193026 -0.268219 0.043013
v -0.192698 -0.266879 0.036621
v -0.194115 -0.266886 0.036871
v -0.193805 -0.266886 0.030339
v -0.195223 -0.266893 0.030589
v -0.194883 -0.268205 0.024192
v -0.196301 -0.268212 0.024442
v -0.195883 -0.270807 0.018454
v -0.197300 -0.270813 0.018704
v -0.196763 -0.274550 0.013364
v -0.198180 -0.274557 0.013614
v -0.197481 -0.279295 0.009162
v -0.198899 -0.279302 0.009412
v -0.198012 -0.284816 0.006010
v -0.199429 -0.284822 0.006260
v -0.198325 -0.290885 0.004071
v -0.199743 -0.290891 0.004321
v -0.198414 -0.297228 0.003402
v -0.199831 -0.297235 0.003652
v -0.198268 -0.303571 0.004061
v -0.199686 -0.303578 0.004311
v -0.199635 -0.303542 0.020248
v -0.199341 -0.306342 0.021842
v -0.198209 -0.306297 0.021698
v -0.198502 -0.303509 0.020111
v -0.198955 -0.308749 0.023969
v -0.197824 -0.308693 0.023816
v -0.196875 -0.308334 0.023973
v -0.197247 -0.306012 0.021921
v -0.197531 -0.303311 0.020383
v -0.198491 -0.310647 0.026547
v -0.197363 -0.310583 0.026383
v -0.197972 -0.311966 0.029455
v -0.196846 -0.311897 0.029278
v -0.195927 -0.311438 0.029266
v -0.196428 -0.310165 0.026460
v -0.197420 -0.312635 0.032572
v -0.196296 -0.312563 0.032381
v -0.196858 -0.312639 0.035759
v -0.195737 -0.312566 0.035554
v -0.194852 -0.312087 0.035347
v -0.195394 -0.312084 0.032273
v -0.196312 -0.311963 0.038875
v -0.195193 -0.311893 0.038656
v -0.195804 -0.310651 0.041788
v -0.194688 -0.310586 0.041556
v -0.193835 -0.310169 0.041163
v -0.194325 -0.311435 0.038353
v -0.195359 -0.308746 0.044364
v -0.194244 -0.308690 0.044122
v -0.194993 -0.306344 0.046501
v -0.193880 -0.306299 0.046249
v -0.193053 -0.306014 0.045711
v -0.193405 -0.308331 0.043649
v -0.194725 -0.303541 0.048093
v -0.193614 -0.303508 0.047834
v -0.194565 -0.300465 0.049083
v -0.193454 -0.300446 0.048820
v -0.192640 -0.300342 0.048202
v -0.192794 -0.303309 0.047247
v -0.194521 -0.297247 0.049415
v -0.193411 -0.297242 0.049150
v -0.194594 -0.294029 0.049088
v -0.193483 -0.294038 0.048825
v -0.192668 -0.294133 0.048207
v -0.192598 -0.297238 0.048522
v -0.194782 -0.290954 0.048103
v -0.193670 -0.290976 0.047844
v -0.195075 -0.288150 0.046515
v -0.193962 -0.288185 0.046263
v -0.193132 -0.288461 0.045725
v -0.192849 -0.291166 0.047256
v -0.195462 -0.285748 0.044383
v -0.194347 -0.285794 0.044140
v -0.195925 -0.283844 0.041809
v -0.194808 -0.283898 0.041577
v -0.193952 -0.284307 0.041184
v -0.193506 -0.286144 0.043667
v -0.196445 -0.282531 0.038898
v -0.195325 -0.282591 0.038679
v -0.196997 -0.281855 0.035783
v -0.195875 -0.281917 0.035578
v -0.194986 -0.282388 0.035370
v -0.194453 -0.283041 0.038376
v -0.197559 -0.281859 0.032597
v -0.196435 -0.281921 0.032406
v -0.198105 -0.282528 0.029479
v -0.196979 -0.282587 0.029302
v -0.196055 -0.283037 0.029289
v -0.195528 -0.282392 0.032297
v -0.198612 -0.283847 0.026569
v -0.197484 -0.283901 0.026404
v -0.199059 -0.285746 0.023988
v -0.197928 -0.285791 0.023834
v -0.196975 -0.286142 0.023991
v -0.196544 -0.284310 0.026481
v -0.199423 -0.288152 0.021857
v -0.198291 -0.288187 0.021713
v -0.199692 -0.290952 0.020258
v -0.198558 -0.290975 0.020121
v -0.197586 -0.291165 0.020393
v -0.197327 -0.288463 0.021935
v -0.199851 -0.294030 0.019275
v -0.198717 -0.294039 0.019142
v -0.199896 -0.297247 0.018935
v -0.198761 -0.297242 0.018804
v -0.197783 -0.297238 0.019117
v -0.197740 -0.294134 0.019444
v -0.199822 -0.300464 0.019269
v -0.198688 -0.300445 0.019137
v -0.197711 -0.300341 0.019439
v -0.196845 -0.305257 0.022904
v -0.197104 -0.302788 0.021498
v -0.196504 -0.307379 0.024779
v -0.196703 -0.306453 0.025663
v -0.197012 -0.304525 0.023959
v -0.197248 -0.302282 0.022682
v -0.196095 -0.309053 0.027053
v -0.195638 -0.310217 0.029618
v -0.195916 -0.309031 0.030058
v -0.196331 -0.307974 0.027729
v -0.195150 -0.310807 0.032366
v -0.194655 -0.310810 0.035176
v -0.195023 -0.309570 0.035108
v -0.195473 -0.309567 0.032556
v -0.194173 -0.310214 0.037924
v -0.193726 -0.309056 0.040493
v -0.194179 -0.307976 0.039938
v -0.194585 -0.309028 0.037605
v -0.193333 -0.307377 0.042765
v -0.193010 -0.305259 0.044649
v -0.193529 -0.304526 0.043714
v -0.193822 -0.306451 0.042003
v -0.192774 -0.302787 0.046053
v -0.192633 -0.300074 0.046926
v -0.193186 -0.299816 0.045784
v -0.193314 -0.302280 0.044990
v -0.192595 -0.297237 0.047219
v -0.192659 -0.294399 0.046931
v -0.193209 -0.294660 0.045788
v -0.193151 -0.297238 0.046049
v -0.192825 -0.291687 0.046062
v -0.193083 -0.289215 0.044662
v -0.193595 -0.289950 0.043726
v -0.193360 -0.292196 0.044998
v -0.193424 -0.287097 0.042781
v -0.193832 -0.285417 0.040511
v -0.194276 -0.286500 0.039955
v -0.193905 -0.288026 0.042018
v -0.194290 -0.284260 0.037944
v -0.194778 -0.283663 0.035197
v -0.195134 -0.284907 0.035128
v -0.194692 -0.285449 0.037623
v -0.195273 -0.283666 0.032388
v -0.195755 -0.284256 0.029638
v -0.196022 -0.285446 0.030077
v -0.195584 -0.284910 0.032575
v -0.196202 -0.285420 0.027072
v -0.196596 -0.287094 0.024796
v -0.196786 -0.288024 0.025678
v -0.196428 -0.286503 0.027746
v -0.196917 -0.289216 0.022917
v -0.197154 -0.291685 0.021507
v -0.197293 -0.292195 0.022690
v -0.197078 -0.289952 0.023971
v -0.197295 -0.294400 0.020640
v -0.197334 -0.297237 0.020340
v -0.197457 -0.297238 0.021630
v -0.197421 -0.294661 0.021902
v -0.197269 -0.300074 0.020635
v -0.197398 -0.299816 0.021898
v -0.198963 -0.302161 0.023278
v -0.198733 -0.304347 0.024522
v -0.199571 -0.304380 0.024629
v -0.199802 -0.302185 0.023379
v -0.198432 -0.306226 0.026183
v -0.199268 -0.306267 0.026296
v -0.198070 -0.307708 0.028196
v -0.198905 -0.307755 0.028318
v -0.197665 -0.308738 0.030466
v -0.198498 -0.308789 0.030597
v -0.197233 -0.309260 0.032900
v -0.198065 -0.309314 0.033041
v -0.196795 -0.309263 0.035387
v -0.197624 -0.309317 0.035539
v -0.196368 -0.308735 0.037820
v -0.197196 -0.308787 0.037981
v -0.195972 -0.307710 0.040094
v -0.196798 -0.307758 0.040265
v -0.195624 -0.306224 0.042106
v -0.196449 -0.306265 0.042285
v -0.195339 -0.304349 0.043774
v -0.196163 -0.304382 0.043960
v -0.195130 -0.302160 0.045016
v -0.195953 -0.302184 0.045208
v -0.195005 -0.299759 0.045790
v -0.195827 -0.299773 0.045984
v -0.194971 -0.297246 0.046049
v -0.195793 -0.297250 0.046245
v -0.195028 -0.294734 0.045794
v -0.195850 -0.294728 0.045988
v -0.195174 -0.292333 0.045024
v -0.195997 -0.292317 0.045216
v -0.195403 -0.290145 0.043785
v -0.196227 -0.290119 0.043971
v -0.195705 -0.288270 0.042120
v -0.196531 -0.288236 0.042299
v -0.196067 -0.286783 0.040111
v -0.196893 -0.286743 0.040282
v -0.196472 -0.285758 0.037838
v -0.197300 -0.285714 0.038000
v -0.196903 -0.285230 0.035406
v -0.197734 -0.285184 0.035558
v -0.197342 -0.285233 0.032919
v -0.198174 -0.285187 0.033060
v -0.197769 -0.285755 0.030485
v -0.198602 -0.285711 0.030616
v -0.198165 -0.286785 0.028213
v -0.199000 -0.286746 0.028335
v -0.198513 -0.288267 0.026198
v -0.199350 -0.288234 0.026311
v -0.198798 -0.290146 0.024534
v -0.199636 -0.290121 0.024640
v -0.199007 -0.292332 0.023286
v -0.199846 -0.292316 0.023387
v -0.199132 -0.294735 0.022518
v -0.199971 -0.294728 0.022616
v -0.199167 -0.297246 0.022253
v -0.200006 -0.297250 0.022350
v -0.199109 -0.299758 0.022514
v -0.199948 -0.299772 0.022612
v -0.195864 -0.309631 0.005632
v -0.195284 -0.315151 0.008775
v -0.196156 -0.315155 0.008928
v -0.196736 -0.309635 0.005785
v -0.194523 -0.319897 0.012969
v -0.195394 -0.319901 0.013123
v -0.193609 -0.323640 0.018052
v -0.194481 -0.323644 0.018206
v -0.192586 -0.326241 0.023786
v -0.193457 -0.326245 0.023940
v -0.191496 -0.327560 0.029932
v -0.192368 -0.327565 0.030085
v -0.190388 -0.327568 0.036214
v -0.191260 -0.327572 0.036367
v -0.189311 -0.326234 0.042358
v -0.190183 -0.326238 0.042512
v -0.188310 -0.323647 0.048102
v -0.189182 -0.323651 0.048256
v -0.187432 -0.319891 0.053183
v -0.188304 -0.319895 0.053337
v -0.186711 -0.315156 0.057395
v -0.187583 -0.315160 0.057549
v -0.186183 -0.309628 0.060535
v -0.187055 -0.309632 0.060688
v -0.185867 -0.303563 0.062488
v -0.186739 -0.303567 0.062641
v -0.185781 -0.297218 0.063142
v -0.186653 -0.297223 0.063296
v -0.185925 -0.290874 0.062498
v -0.186796 -0.290878 0.062652
v -0.186295 -0.284810 0.060554
v -0.187167 -0.284814 0.060708
v -0.186873 -0.279282 0.057424
v -0.187745 -0.279286 0.057578
v -0.187637 -0.274546 0.053219
v -0.188509 -0.274550 0.053373
v -0.188549 -0.270791 0.048144
v -0.189421 -0.270795 0.048298
v -0.189573 -0.268203 0.042404
v -0.190445 -0.268207 0.042558
v -0.190662 -0.266869 0.036262
v -0.191534 -0.266873 0.036416
v -0.191770 -0.266877 0.029980
v -0.192642 -0.266881 0.030134
v -0.192848 -0.268196 0.023833
v -0.193720 -0.268200 0.023987
v -0.193848 -0.270797 0.018095
v -0.194719 -0.270801 0.018249
v -0.194727 -0.274541 0.013005
v -0.195599 -0.274545 0.013159
v -0.195446 -0.279286 0.008803
v -0.196318 -0.279290 0.008957
v -0.195976 -0.284806 0.005652
v -0.196848 -0.284810 0.005805
v -0.196290 -0.290875 0.003712
v -0.197162 -0.290879 0.003866
v -0.196378 -0.297219 0.003043
v -0.197250 -0.297223 0.003197
v -0.196233 -0.303562 0.003702
v -0.197105 -0.303566 0.003856
v -0.197761 -0.304308 0.024399
v -0.197990 -0.302133 0.023160
v -0.197461 -0.306178 0.026051
v -0.197101 -0.307653 0.028055
v -0.196698 -0.308678 0.030314
v -0.196268 -0.309198 0.032736
v -0.195832 -0.309201 0.035211
v -0.195407 -0.308675 0.037632
v -0.195013 -0.307656 0.039895
v -0.194667 -0.306176 0.041897
v -0.194383 -0.304310 0.043557
v -0.194175 -0.302132 0.044794
v -0.194050 -0.299742 0.045564
v -0.194017 -0.297242 0.045821
v -0.194073 -0.294742 0.045568
v -0.194219 -0.292352 0.044802
v -0.194447 -0.290174 0.043568
v -0.194748 -0.288308 0.041912
v -0.195107 -0.286829 0.039912
v -0.195511 -0.285809 0.037650
v -0.195940 -0.285283 0.035230
v -0.196376 -0.285286 0.032755
v -0.196801 -0.285806 0.030332
v -0.197195 -0.286831 0.028071
v -0.197542 -0.288306 0.026066
v -0.197825 -0.290176 0.024410
v -0.198034 -0.292351 0.023168
v -0.198157 -0.294743 0.022404
v -0.198192 -0.297242 0.022141
v -0.198135 -0.299741 0.022400
v -0.200255 -0.306378 0.021958
v -0.200550 -0.303569 0.020358
v -0.199868 -0.308794 0.024093
v -0.199402 -0.310699 0.026680
v -0.198882 -0.312023 0.029599
v -0.198327 -0.312694 0.032727
v -0.197763 -0.312698 0.035924
v -0.197215 -0.312019 0.039051
v -0.196706 -0.310702 0.041974
v -0.196259 -0.308791 0.044560
v -0.195892 -0.306381 0.046705
v -0.195623 -0.303567 0.048302
v -0.195462 -0.300481 0.049296
v -0.195419 -0.297251 0.049629
v -0.195491 -0.294022 0.049301
v -0.195680 -0.290936 0.048312
v -0.195974 -0.288122 0.046719
v -0.196363 -0.285712 0.044579
v -0.196827 -0.283800 0.041996
v -0.197348 -0.282483 0.039075
v -0.197903 -0.281805 0.035949
v -0.198467 -0.281808 0.032751
v -0.199015 -0.282480 0.029622
v -0.199524 -0.283804 0.026702
v -0.199972 -0.285709 0.024111
v -0.200338 -0.288124 0.021973
v -0.200607 -0.290934 0.020368
v -0.200767 -0.294023 0.019382
v -0.200812 -0.297251 0.019041
v -0.200738 -0.300480 0.019376
v -0.194741 -0.315149 0.008679
v -0.195321 -0.309628 0.005536
v -0.193979 -0.319894 0.012873
v -0.194523 -0.319897 0.012969
v -0.195284 -0.315151 0.008775
v -0.195864 -0.309631 0.005632
v -0.193065 -0.323638 0.017957
v -0.192042 -0.326239 0.023691
v -0.192586 -0.326241 0.023786
v -0.193609 -0.323640 0.018052
v -0.190952 -0.327558 0.029836
v -0.189845 -0.327565 0.036118
v -0.190388 -0.327568 0.036214
v -0.191496 -0.327560 0.029932
v -0.188768 -0.326232 0.042262
v -0.187767 -0.323644 0.048006
v -0.188310 -0.323647 0.048102
v -0.189311 -0.326234 0.042358
v -0.186888 -0.319889 0.053087
v -0.186168 -0.315153 0.057300
v -0.186711 -0.315156 0.057395
v -0.187432 -0.319891 0.053183
v -0.185640 -0.309625 0.060439
v -0.185324 -0.303561 0.062392
v -0.185867 -0.303563 0.062488
v -0.186183 -0.309628 0.060535
v -0.185238 -0.297216 0.063046
v -0.185381 -0.290871 0.062402
v -0.185925 -0.290874 0.062498
v -0.185781 -0.297218 0.063142
v -0.185752 -0.284807 0.060459
v -0.186330 -0.279279 0.057328
v -0.186873 -0.279282 0.057424
v -0.186295 -0.284810 0.060554
v -0.187093 -0.274544 0.053123
v -0.188006 -0.270788 0.048048
v -0.188549 -0.270791 0.048144
v -0.187637 -0.274546 0.053219
v -0.189030 -0.268200 0.042308
v -0.190119 -0.266867 0.036166
v -0.190662 -0.266869 0.036262
v -0.189573 -0.268203 0.042404
v -0.191227 -0.266874 0.029884
v -0.190119 -0.266867 0.036166
v -0.192304 -0.268193 0.023737
v -0.192848 -0.268196 0.023833
v -0.191770 -0.266877 0.029980
v -0.190662 -0.266869 0.036262
v -0.193304 -0.270795 0.017999
v -0.194184 -0.274538 0.012909
v -0.194727 -0.274541 0.013005
v -0.193848 -0.270797 0.018095
v -0.194903 -0.279283 0.008707
v -0.195433 -0.284804 0.005556
v -0.195976 -0.284806 0.005652
v -0.195446 -0.279286 0.008803
v -0.195747 -0.290873 0.003617
v -0.195835 -0.297216 0.002948
v -0.196378 -0.297219 0.003043
v -0.196290 -0.290875 0.003712
v -0.195689 -0.303559 0.003606
v -0.196233 -0.303562 0.003702
vt 0.201062 0.704602
vt 0.263808 0.741222
vt 0.272941 0.721460
vt 0.214104 0.687164
vt 0.332746 0.764163
vt 0.337573 0.742930
vt 0.343553 0.716641
vt 0.284250 0.696993
vt 0.230254 0.665576
vt 0.404967 0.772108
vt 0.405277 0.750340
vt 0.477281 0.765036
vt 0.473060 0.743674
vt 0.467836 0.717226
vt 0.405663 0.723390
vt 0.546496 0.742927
vt 0.537929 0.722914
vt 0.609688 0.707061
vt 0.597145 0.689261
vt 0.581619 0.667221
vt 0.527325 0.698135
vt 0.663931 0.658717
vt 0.647967 0.643917
vt 0.707078 0.600256
vt 0.688381 0.589094
vt 0.665236 0.575270
vt 0.628205 0.625589
vt 0.736976 0.534037
vt 0.716373 0.527005
vt 0.752623 0.463088
vt 0.731003 0.460490
vt 0.704235 0.457268
vt 0.690866 0.518294
vt 0.753014 0.390441
vt 0.731330 0.392391
vt 0.738466 0.319272
vt 0.717654 0.325685
vt 0.691886 0.333618
vt 0.704484 0.394799
vt 0.709296 0.252758
vt 0.690273 0.263349
vt 0.667092 0.193673
vt 0.650671 0.207982
vt 0.630337 0.225691
vt 0.666716 0.276455
vt 0.613440 0.144790
vt 0.600338 0.162183
vt 0.550937 0.107991
vt 0.541682 0.127701
vt 0.530232 0.152094
vt 0.584111 0.183707
vt 0.482177 0.085155
vt 0.477117 0.106287
vt 0.410001 0.076623
vt 0.409314 0.098361
vt 0.408657 0.125224
vt 0.470893 0.132446
vt 0.337251 0.082731
vt 0.340944 0.104344
vt 0.261220 0.091496
vt 0.275458 0.124473
vt 0.286191 0.149487
vt 0.346083 0.130891
vt 0.203200 0.141402
vt 0.216304 0.158984
vt 0.149416 0.190666
vt 0.165614 0.205203
vt 0.185510 0.223320
vt 0.231997 0.181050
vt 0.106750 0.249508
vt 0.125520 0.260452
vt 0.076896 0.315562
vt 0.097534 0.322466
vt 0.123077 0.331024
vt 0.148736 0.274039
vt 0.061551 0.386464
vt 0.083171 0.388979
vt 0.061089 0.459042
vt 0.082771 0.457032
vt 0.109614 0.454544
vt 0.109935 0.392094
vt 0.075886 0.530125
vt 0.096677 0.523667
vt 0.104982 0.596667
vt 0.123985 0.586033
vt 0.147513 0.572867
vt 0.122418 0.515672
vt 0.147413 0.655622
vt 0.163790 0.641277
vt 0.184067 0.623518
vt 0.295520 0.672554
vt 0.246359 0.644005
vt 0.349501 0.690387
vt 0.355340 0.664471
vt 0.306613 0.648421
vt 0.262227 0.622697
vt 0.406026 0.696480
vt 0.462597 0.690822
vt 0.457397 0.664770
vt 0.406353 0.669923
vt 0.516716 0.673402
vt 0.566098 0.645227
vt 0.550756 0.623539
vt 0.506219 0.649005
vt 0.608457 0.607305
vt 0.642114 0.561485
vt 0.619280 0.547906
vt 0.588948 0.589283
vt 0.665390 0.509616
vt 0.677506 0.454071
vt 0.651123 0.450944
vt 0.640240 0.501079
vt 0.677679 0.397223
vt 0.666161 0.341556
vt 0.640783 0.349415
vt 0.651229 0.399642
vt 0.643205 0.289554
vt 0.610047 0.243380
vt 0.590045 0.260853
vt 0.620016 0.302502
vt 0.567927 0.205198
vt 0.518838 0.176452
vt 0.507640 0.200504
vt 0.551986 0.226418
vt 0.464770 0.158591
vt 0.408119 0.152079
vt 0.407688 0.178608
vt 0.458810 0.184419
vt 0.351279 0.157385
vt 0.296900 0.174417
vt 0.307477 0.198978
vt 0.356466 0.183519
vt 0.247634 0.203082
vt 0.205345 0.241461
vt 0.224907 0.259392
vt 0.263053 0.224814
vt 0.171899 0.287639
vt 0.148577 0.339562
vt 0.173743 0.347977
vt 0.194753 0.301077
vt 0.136658 0.395180
vt 0.136411 0.452032
vt 0.162851 0.449522
vt 0.163028 0.398199
vt 0.148110 0.507663
vt 0.170992 0.559698
vt 0.194145 0.546672
vt 0.173453 0.499726
vt 0.204295 0.605766
vt 0.224237 0.588221
vt 0.317392 0.624874
vt 0.277664 0.601897
vt 0.360994 0.639193
vt 0.366484 0.614447
vt 0.327900 0.601814
vt 0.292736 0.581517
vt 0.406631 0.644028
vt 0.452288 0.639377
vt 0.447246 0.614535
vt 0.406861 0.618688
vt 0.495948 0.625234
vt 0.535766 0.602415
vt 0.521063 0.581768
vt 0.485858 0.601987
vt 0.569901 0.571739
vt 0.596998 0.534699
vt 0.575172 0.521809
vt 0.551233 0.554600
vt 0.615706 0.492791
vt 0.625397 0.447932
vt 0.600217 0.445023
vt 0.591684 0.484719
vt 0.625444 0.402037
vt 0.616053 0.357110
vt 0.591867 0.364679
vt 0.600217 0.404420
vt 0.597429 0.315156
vt 0.570573 0.277916
vt 0.551553 0.294643
vt 0.575350 0.327573
vt 0.536484 0.247131
vt 0.496779 0.223977
vt 0.486208 0.246973
vt 0.521360 0.267429
vt 0.453075 0.209626
vt 0.407348 0.204491
vt 0.407086 0.229831
vt 0.447532 0.234317
vt 0.361576 0.208983
vt 0.317809 0.222885
vt 0.327946 0.246244
vt 0.366628 0.233885
vt 0.278094 0.245983
vt 0.243986 0.276878
vt 0.262671 0.293984
vt 0.292829 0.266673
vt 0.217040 0.314178
vt 0.198282 0.356161
vt 0.222303 0.364148
vt 0.238861 0.326988
vt 0.188738 0.401111
vt 0.188622 0.447037
vt 0.213835 0.444568
vt 0.213899 0.403929
vt 0.198148 0.491950
vt 0.216698 0.533936
vt 0.238745 0.521436
vt 0.222300 0.484301
vt 0.243651 0.571085
vt 0.262621 0.554283
vt 0.338182 0.579140
vt 0.307506 0.561468
vt 0.371834 0.590125
vt 0.377055 0.566160
vt 0.348264 0.556788
vt 0.322013 0.541695
vt 0.407041 0.593791
vt 0.442250 0.590139
vt 0.437281 0.566120
vt 0.407171 0.569271
vt 0.475904 0.579167
vt 0.506582 0.561508
vt 0.492280 0.541582
vt 0.466056 0.556710
vt 0.532863 0.537795
vt 0.553707 0.509184
vt 0.532542 0.496789
vt 0.514739 0.521279
vt 0.568071 0.476829
vt 0.575475 0.442209
vt 0.551105 0.439484
vt 0.544801 0.469103
vt 0.575439 0.406803
vt 0.568122 0.372155
vt 0.544754 0.379562
vt 0.551043 0.409196
vt 0.553685 0.339810
vt 0.532903 0.311111
vt 0.514575 0.327368
vt 0.532377 0.351903
vt 0.506549 0.287402
vt 0.475879 0.269593
vt 0.465764 0.291900
vt 0.492012 0.307106
vt 0.442149 0.258596
vt 0.406891 0.254735
vt 0.406758 0.279269
vt 0.436910 0.282528
vt 0.371638 0.258335
vt 0.337936 0.269159
vt 0.347810 0.291695
vt 0.376621 0.282398
vt 0.307330 0.286973
vt 0.281048 0.310773
vt 0.299168 0.327286
vt 0.321638 0.306937
vt 0.260315 0.339555
vt 0.245912 0.371968
vt 0.269178 0.379637
vt 0.281462 0.351906
vt 0.238619 0.406664
vt 0.238599 0.442103
vt 0.262982 0.439634
vt 0.262971 0.409319
vt 0.246013 0.476746
vt 0.260381 0.509118
vt 0.281666 0.496946
vt 0.269351 0.469264
vt 0.281226 0.537743
vt 0.299517 0.521418
vt 0.358172 0.534698
vt 0.336295 0.522140
vt 0.382160 0.542487
vt 0.386047 0.524361
vt 0.365737 0.517780
vt 0.347211 0.507161
vt 0.407247 0.545058
vt 0.432325 0.542414
vt 0.428511 0.524272
vt 0.407284 0.526524
vt 0.456286 0.534556
vt 0.478118 0.521936
vt 0.467260 0.506911
vt 0.448788 0.517606
vt 0.496809 0.505008
vt 0.511620 0.484595
vt 0.495595 0.475278
vt 0.483071 0.492569
vt 0.521810 0.461522
vt 0.527038 0.436842
vt 0.508614 0.434841
vt 0.504205 0.455738
vt 0.526962 0.411610
vt 0.521700 0.386925
vt 0.504061 0.392581
vt 0.508533 0.413477
vt 0.511367 0.363890
vt 0.496519 0.343462
vt 0.482715 0.355797
vt 0.495299 0.373083
vt 0.477708 0.326599
vt 0.455835 0.313954
vt 0.448258 0.330847
vt 0.466781 0.341535
vt 0.431797 0.306177
vt 0.406686 0.303497
vt 0.406656 0.322044
vt 0.427909 0.324286
vt 0.381591 0.306143
vt 0.357598 0.313917
vt 0.366471 0.334019
vt 0.385418 0.324314
vt 0.335794 0.326618
vt 0.317082 0.343563
vt 0.330759 0.355976
vt 0.346409 0.341542
vt 0.302364 0.364069
vt 0.292169 0.387169
vt 0.309777 0.392918
vt 0.318383 0.373364
vt 0.287025 0.411897
vt 0.287054 0.437151
vt 0.305478 0.435233
vt 0.305440 0.413853
vt 0.292379 0.461832
vt 0.302656 0.484886
vt 0.318713 0.475638
vt 0.309999 0.456125
vt 0.317542 0.505263
vt 0.331326 0.492882
vt 0.746156 0.890598
vt 0.768454 0.901022
vt 0.775347 0.880466
vt 0.757175 0.871921
vt 0.792420 0.906637
vt 0.794889 0.885092
vt 0.797181 0.864946
vt 0.781776 0.861242
vt 0.767462 0.854449
vt 0.817030 0.907089
vt 0.814967 0.885507
vt 0.841208 0.902471
vt 0.834701 0.881785
vt 0.828601 0.862448
vt 0.813020 0.865330
vt 0.863875 0.892875
vt 0.853212 0.873997
vt 0.884084 0.878822
vt 0.869726 0.862570
vt 0.856289 0.847386
vt 0.843228 0.856356
vt 0.900887 0.860836
vt 0.883468 0.847928
vt 0.913633 0.839778
vt 0.893906 0.830772
vt 0.875455 0.822367
vt 0.867172 0.835872
vt 0.921668 0.816512
vt 0.900505 0.811805
vt 0.924748 0.792091
vt 0.903063 0.791887
vt 0.882788 0.791713
vt 0.880715 0.807421
vt 0.922625 0.767568
vt 0.901377 0.771876
vt 0.915505 0.744006
vt 0.895612 0.752639
vt 0.877020 0.760727
vt 0.881514 0.775921
vt 0.903592 0.722466
vt 0.885933 0.735044
vt 0.887504 0.703837
vt 0.872842 0.719815
vt 0.859147 0.734766
vt 0.869432 0.746818
vt 0.867860 0.689006
vt 0.856844 0.707678
vt 0.845586 0.678531
vt 0.838691 0.699091
vt 0.832261 0.718320
vt 0.846558 0.725146
vt 0.821608 0.672971
vt 0.819139 0.694511
vt 0.796998 0.672461
vt 0.799062 0.694049
vt 0.801009 0.714230
vt 0.816847 0.714651
vt 0.772831 0.677135
vt 0.779337 0.697817
vt 0.750142 0.686679
vt 0.760809 0.705561
vt 0.770796 0.723205
vt 0.785436 0.717148
vt 0.729966 0.700779
vt 0.744322 0.717026
vt 0.713121 0.718726
vt 0.730544 0.731637
vt 0.746845 0.743694
vt 0.757756 0.732205
vt 0.700424 0.739813
vt 0.720146 0.748817
vt 0.692334 0.763060
vt 0.713503 0.767768
vt 0.733298 0.772153
vt 0.738593 0.757220
vt 0.689312 0.787488
vt 0.710991 0.787692
vt 0.691377 0.812016
vt 0.712630 0.807707
vt 0.732498 0.803662
vt 0.731261 0.787866
vt 0.698551 0.835562
vt 0.718440 0.826930
vt 0.710415 0.857129
vt 0.728078 0.844548
vt 0.744583 0.832771
vt 0.737028 0.818844
vt 0.726546 0.875721
vt 0.741204 0.859746
vt 0.754896 0.844799
vt 0.792574 0.814016
vt 0.797719 0.817101
vt 0.800453 0.809123
vt 0.797908 0.805098
vt 0.803676 0.817796
vt 0.804922 0.807479
vt 0.807017 0.789789
vt 0.809631 0.818521
vt 0.808884 0.810121
vt 0.815356 0.816733
vt 0.812299 0.806801
vt 0.821092 0.814972
vt 0.816993 0.807603
vt 0.825595 0.811010
vt 0.818762 0.803182
vt 0.830118 0.807070
vt 0.823376 0.802005
vt 0.832620 0.801619
vt 0.823193 0.797247
vt 0.835149 0.796180
vt 0.826930 0.794295
vt 0.835218 0.790183
vt 0.824828 0.790022
vt 0.835316 0.784185
vt 0.827041 0.785806
vt 0.832939 0.778678
vt 0.823383 0.782758
vt 0.830589 0.773158
vt 0.823689 0.778006
vt 0.826178 0.769094
vt 0.819108 0.776709
vt 0.821787 0.765008
vt 0.817455 0.772243
vt 0.816105 0.763089
vt 0.812742 0.772922
vt 0.810430 0.761142
vt 0.809416 0.769514
vt 0.804459 0.761701
vt 0.805386 0.772051
vt 0.798483 0.762230
vt 0.800962 0.770290
vt 0.793255 0.765169
vt 0.798313 0.774247
vt 0.788012 0.768083
vt 0.793554 0.774439
vt 0.784431 0.772894
vt 0.792743 0.779131
vt 0.780826 0.777689
vt 0.788474 0.781241
vt 0.779512 0.783541
vt 0.789642 0.785858
vt 0.778168 0.789388
vt 0.786601 0.789522
vt 0.779348 0.795268
vt 0.789545 0.793265
vt 0.780499 0.801156
vt 0.788257 0.797849
vt 0.783968 0.806048
vt 0.792469 0.800070
vt 0.787414 0.810958
vt 0.793157 0.804782
vt 0.733613 0.163547
vt 0.733613 0.157689
vt 0.739407 0.157658
vt 0.739407 0.163484
vt 0.733613 0.151832
vt 0.739407 0.151839
vt 0.745202 0.151834
vt 0.745202 0.157634
vt 0.745202 0.163420
vt 0.750996 0.157626
vt 0.750996 0.163420
vt 0.750996 0.151832
vt 0.756790 0.151832
vt 0.756790 0.157626
vt 0.756790 0.163420
vt 0.762585 0.157626
vt 0.762585 0.163420
vt 0.762585 0.151832
vt 0.768379 0.151832
vt 0.768379 0.157626
vt 0.768379 0.163420
vt 0.774173 0.157626
vt 0.774173 0.163420
vt 0.774173 0.151832
vt 0.779968 0.151832
vt 0.779968 0.157626
vt 0.779968 0.163420
vt 0.785762 0.157626
vt 0.785762 0.163420
vt 0.785762 0.151832
vt 0.791557 0.151832
vt 0.791557 0.157626
vt 0.791557 0.163420
vt 0.797351 0.157626
vt 0.797351 0.163420
vt 0.797351 0.151832
vt 0.803145 0.151832
vt 0.803145 0.157626
vt 0.803145 0.163420
vt 0.808940 0.157626
vt 0.808940 0.163420
vt 0.808940 0.151832
vt 0.814734 0.151832
vt 0.814734 0.157626
vt 0.814734 0.163420
vt 0.820529 0.157626
vt 0.820529 0.163420
vt 0.820529 0.151832
vt 0.826323 0.151832
vt 0.826323 0.157626
vt 0.826323 0.163420
vt 0.832117 0.157626
vt 0.832117 0.163420
vt 0.832117 0.151832
vt 0.837912 0.151832
vt 0.837912 0.157626
vt 0.837912 0.163420
vt 0.843706 0.157626
vt 0.843706 0.163420
vt 0.843706 0.151832
vt 0.849501 0.151832
vt 0.849501 0.157626
vt 0.849501 0.163420
vt 0.855295 0.157626
vt 0.855295 0.163420
vt 0.855295 0.151832
vt 0.861089 0.151832
vt 0.861089 0.157626
vt 0.861089 0.163420
vt 0.866884 0.157626
vt 0.866884 0.163420
vt 0.866884 0.151832
vt 0.872678 0.151832
vt 0.872678 0.157626
vt 0.872678 0.163420
vt 0.878473 0.157626
vt 0.878473 0.163420
vt 0.878473 0.151832
vt 0.884267 0.151832
vt 0.884267 0.157626
vt 0.884267 0.163420
vt 0.890061 0.157626
vt 0.890061 0.163420
vt 0.890061 0.151832
vt 0.895856 0.151834
vt 0.895856 0.157634
vt 0.895856 0.163420
vt 0.901650 0.157658
vt 0.901650 0.163484
vt 0.901650 0.151839
vt 0.907444 0.151832
vt 0.907444 0.157689
vt 0.907444 0.163547
vt 0.733613 0.146037
vt 0.739407 0.146037
vt 0.733613 0.140243
vt 0.739407 0.140243
vt 0.745202 0.140243
vt 0.745202 0.146037
vt 0.750996 0.146037
vt 0.750996 0.140243
vt 0.756790 0.140243
vt 0.756790 0.146037
vt 0.762585 0.146037
vt 0.762585 0.140243
vt 0.768379 0.140243
vt 0.768379 0.146037
vt 0.774173 0.146037
vt 0.774173 0.140243
vt 0.779968 0.140243
vt 0.779968 0.146037
vt 0.785762 0.146037
vt 0.785762 0.140243
vt 0.791557 0.140243
vt 0.791557 0.146037
vt 0.797351 0.146037
vt 0.797351 0.140243
vt 0.803145 0.140243
vt 0.803145 0.146037
vt 0.808940 0.146037
vt 0.808940 0.140243
vt 0.814734 0.140243
vt 0.814734 0.146037
vt 0.820529 0.146037
vt 0.820529 0.140243
vt 0.826323 0.140243
vt 0.826323 0.146037
vt 0.832117 0.146037
vt 0.832117 0.140243
vt 0.837912 0.140243
vt 0.837912 0.146037
vt 0.843706 0.146037
vt 0.843706 0.140243
vt 0.849501 0.140243
vt 0.849501 0.146037
vt 0.855295 0.146037
vt 0.855295 0.140243
vt 0.861089 0.140243
vt 0.861089 0.146037
vt 0.866884 0.146037
vt 0.866884 0.140243
vt 0.872678 0.140243
vt 0.872678 0.146037
vt 0.878473 0.146037
vt 0.878473 0.140243
vt 0.884267 0.140243
vt 0.884267 0.146037
vt 0.890061 0.146037
vt 0.890061 0.140243
vt 0.895856 0.140243
vt 0.895856 0.146037
vt 0.901650 0.146037
vt 0.901650 0.140243
vt 0.907444 0.140243
vt 0.907444 0.146037
vt 0.733613 0.134448
vt 0.739407 0.134448
vt 0.733613 0.128654
vt 0.739407 0.128654
vt 0.745202 0.128654
vt 0.745202 0.134448
vt 0.750996 0.134448
vt 0.750996 0.128654
vt 0.756790 0.128654
vt 0.756790 0.134448
vt 0.762585 0.134448
vt 0.762585 0.128654
vt 0.768379 0.128654
vt 0.768379 0.134448
vt 0.774173 0.134448
vt 0.774173 0.128654
vt 0.779968 0.128654
vt 0.779968 0.134448
vt 0.785762 0.134448
vt 0.785762 0.128654
vt 0.791557 0.128654
vt 0.791557 0.134448
vt 0.797351 0.134448
vt 0.797351 0.128654
vt 0.803145 0.128654
vt 0.803145 0.134448
vt 0.808940 0.134448
vt 0.808940 0.128654
vt 0.814734 0.128654
vt 0.814734 0.134448
vt 0.820529 0.134448
vt 0.820529 0.128654
vt 0.826323 0.128654
vt 0.826323 0.134448
vt 0.832117 0.134448
vt 0.832117 0.128654
vt 0.837912 0.128654
vt 0.837912 0.134448
vt 0.843706 0.134448
vt 0.843706 0.128654
vt 0.849501 0.128654
vt 0.849501 0.134448
vt 0.855295 0.134448
vt 0.855295 0.128654
vt 0.861089 0.128654
vt 0.861089 0.134448
vt 0.866884 0.134448
vt 0.866884 0.128654
vt 0.872678 0.128654
vt 0.872678 0.134448
vt 0.878473 0.134448
vt 0.878473 0.128654
vt 0.884267 0.128654
vt 0.884267 0.134448
vt 0.890061 0.134448
vt 0.890061 0.128654
vt 0.895856 0.128654
vt 0.895856 0.134448
vt 0.901650 0.134448
vt 0.901650 0.128654
vt 0.907444 0.128654
vt 0.907444 0.134448
vt 0.733613 0.122860
vt 0.739407 0.122860
vt 0.733613 0.117065
vt 0.739407 0.117065
vt 0.745202 0.117065
vt 0.745202 0.122860
vt 0.750996 0.122860
vt 0.750996 0.117065
vt 0.756790 0.117065
vt 0.756790 0.122860
vt 0.762585 0.122860
vt 0.762585 0.117065
vt 0.768379 0.117065
vt 0.768379 0.122860
vt 0.774173 0.122860
vt 0.774173 0.117065
vt 0.779968 0.117065
vt 0.779968 0.122860
vt 0.785762 0.122860
vt 0.785762 0.117065
vt 0.791557 0.117065
vt 0.791557 0.122860
vt 0.797351 0.122860
vt 0.797351 0.117065
vt 0.803145 0.117065
vt 0.803145 0.122860
vt 0.808940 0.122860
vt 0.808940 0.117065
vt 0.814734 0.117065
vt 0.814734 0.122860
vt 0.820529 0.122860
vt 0.820529 0.117065
vt 0.826323 0.117065
vt 0.826323 0.122860
vt 0.832117 0.122860
vt 0.832117 0.117065
vt 0.837912 0.117065
vt 0.837912 0.122860
vt 0.843706 0.122860
vt 0.843706 0.117065
vt 0.849501 0.117065
vt 0.849501 0.122860
vt 0.855295 0.122860
vt 0.855295 0.117065
vt 0.861089 0.117065
vt 0.861089 0.122860
vt 0.866884 0.122860
vt 0.866884 0.117065
vt 0.872678 0.117065
vt 0.872678 0.122860
vt 0.878473 0.122860
vt 0.878473 0.117065
vt 0.884267 0.117065
vt 0.884267 0.122860
vt 0.890061 0.122860
vt 0.890061 0.117065
vt 0.895856 0.117065
vt 0.895856 0.122860
vt 0.901650 0.122860
vt 0.901650 0.117065
vt 0.907444 0.117065
vt 0.907444 0.122860
vt 0.733613 0.111271
vt 0.739407 0.111271
vt 0.733613 0.105476
vt 0.739407 0.105476
vt 0.745202 0.105476
vt 0.745202 0.111271
vt 0.750996 0.111271
vt 0.750996 0.105476
vt 0.756790 0.105476
vt 0.756790 0.111271
vt 0.762585 0.111271
vt 0.762585 0.105476
vt 0.768379 0.105476
vt 0.768379 0.111271
vt 0.774173 0.111271
vt 0.774173 0.105476
vt 0.779968 0.105476
vt 0.779968 0.111271
vt 0.785762 0.111271
vt 0.785762 0.105476
vt 0.791557 0.105476
vt 0.791557 0.111271
vt 0.797351 0.111271
vt 0.797351 0.105476
vt 0.803145 0.105476
vt 0.803145 0.111271
vt 0.808940 0.111271
vt 0.808940 0.105476
vt 0.814734 0.105476
vt 0.814734 0.111271
vt 0.820529 0.111271
vt 0.820529 0.105476
vt 0.826323 0.105476
vt 0.826323 0.111271
vt 0.832117 0.111271
vt 0.832117 0.105476
vt 0.837912 0.105476
vt 0.837912 0.111271
vt 0.843706 0.111271
vt 0.843706 0.105476
vt 0.849501 0.105476
vt 0.849501 0.111271
vt 0.855295 0.111271
vt 0.855295 0.105476
vt 0.861089 0.105476
vt 0.861089 0.111271
vt 0.866884 0.111271
vt 0.866884 0.105476
vt 0.872678 0.105476
vt 0.872678 0.111271
vt 0.878473 0.111271
vt 0.878473 0.105476
vt 0.884267 0.105476
vt 0.884267 0.111271
vt 0.890061 0.111271
vt 0.890061 0.105476
vt 0.895856 0.105476
vt 0.895856 0.111271
vt 0.901650 0.111271
vt 0.901650 0.105476
vt 0.907444 0.105476
vt 0.907444 0.111271
vt 0.733613 0.099682
vt 0.739407 0.099682
vt 0.733613 0.093888
vt 0.739407 0.094371
vt 0.745202 0.093888
vt 0.745202 0.099682
vt 0.750996 0.099682
vt 0.750996 0.094371
vt 0.756790 0.093888
vt 0.756790 0.099682
vt 0.762585 0.099682
vt 0.762585 0.094371
vt 0.768379 0.093888
vt 0.768379 0.099682
vt 0.774173 0.099682
vt 0.774173 0.094371
vt 0.779968 0.093888
vt 0.779968 0.099682
vt 0.785762 0.099682
vt 0.785762 0.094371
vt 0.791557 0.093888
vt 0.791557 0.099682
vt 0.797351 0.099682
vt 0.797351 0.094371
vt 0.803145 0.093888
vt 0.803145 0.099682
vt 0.808940 0.099682
vt 0.808940 0.094371
vt 0.814734 0.093888
vt 0.814734 0.099682
vt 0.820529 0.099682
vt 0.820529 0.094371
vt 0.826323 0.093888
vt 0.826323 0.099682
vt 0.832117 0.099682
vt 0.832117 0.094371
vt 0.837912 0.093888
vt 0.837912 0.099682
vt 0.843706 0.099682
vt 0.843706 0.094371
vt 0.849501 0.093888
vt 0.849501 0.099682
vt 0.855295 0.099682
vt 0.855295 0.094371
vt 0.861089 0.093888
vt 0.861089 0.099682
vt 0.866884 0.099682
vt 0.866884 0.094371
vt 0.872678 0.093888
vt 0.872678 0.099682
vt 0.878473 0.099682
vt 0.878473 0.094371
vt 0.884267 0.093888
vt 0.884267 0.099682
vt 0.890061 0.099682
vt 0.890061 0.094371
vt 0.895856 0.093888
vt 0.895856 0.099682
vt 0.901650 0.099682
vt 0.901650 0.094371
vt 0.907444 0.093888
vt 0.907444 0.099682
vt 0.736510 0.088093
vt 0.739407 0.090025
vt 0.739407 0.082299
vt 0.742304 0.088093
vt 0.748099 0.088093
vt 0.750996 0.090025
vt 0.750996 0.082299
vt 0.753893 0.088093
vt 0.759688 0.088093
vt 0.762585 0.090025
vt 0.762585 0.082299
vt 0.765482 0.088093
vt 0.771276 0.088093
vt 0.774173 0.090025
vt 0.774173 0.082299
vt 0.777071 0.088093
vt 0.782865 0.088093
vt 0.785762 0.090025
vt 0.785762 0.082299
vt 0.788659 0.088093
vt 0.794454 0.088093
vt 0.797351 0.090025
vt 0.797351 0.082299
vt 0.800248 0.088093
vt 0.806043 0.088093
vt 0.808940 0.090025
vt 0.808940 0.082299
vt 0.811837 0.088093
vt 0.817631 0.088093
vt 0.820529 0.090025
vt 0.820529 0.082299
vt 0.823426 0.088093
vt 0.829220 0.088093
vt 0.832117 0.090025
vt 0.832117 0.082299
vt 0.835015 0.088093
vt 0.840809 0.088093
vt 0.843706 0.090025
vt 0.843706 0.082299
vt 0.846603 0.088093
vt 0.852398 0.088093
vt 0.855295 0.090025
vt 0.855295 0.082299
vt 0.858192 0.088093
vt 0.863987 0.088093
vt 0.866884 0.090025
vt 0.866884 0.082299
vt 0.869781 0.088093
vt 0.875575 0.088093
vt 0.878473 0.090025
vt 0.878473 0.082299
vt 0.881370 0.088093
vt 0.887164 0.088093
vt 0.890061 0.090025
vt 0.890061 0.082299
vt 0.892958 0.088093
vt 0.898753 0.088093
vt 0.901650 0.090025
vt 0.901650 0.082299
vt 0.904547 0.088093
vt 0.185844 0.725171
vt 0.256525 0.757158
vt 0.259069 0.751549
vt 0.194278 0.713721
vt 0.327206 0.789144
vt 0.330255 0.775252
vt 0.404792 0.789628
vt 0.404835 0.783469
vt 0.482378 0.790112
vt 0.479514 0.776179
vt 0.553459 0.759004
vt 0.550995 0.753360
vt 0.624541 0.727897
vt 0.616258 0.716334
vt 0.676830 0.670575
vt 0.672284 0.666420
vt 0.729120 0.613252
vt 0.716851 0.606057
vt 0.753582 0.539625
vt 0.747739 0.537678
vt 0.778044 0.465998
vt 0.763910 0.464414
vt 0.770458 0.388797
vt 0.764328 0.389393
vt 0.762872 0.311595
vt 0.749319 0.315896
vt 0.724569 0.244167
vt 0.719210 0.247203
vt 0.686265 0.176739
vt 0.675641 0.186180
vt 0.623920 0.130741
vt 0.620253 0.135692
vt 0.561575 0.084743
vt 0.555742 0.097681
vt 0.486223 0.068061
vt 0.484807 0.074092
vt 0.410871 0.051380
vt 0.410629 0.065139
vt 0.336947 0.064310
vt 0.336391 0.071040
vt 0.263023 0.077240
vt 0.262122 0.084368
vt 0.249651 0.083369
vt 0.190079 0.128741
vt 0.195331 0.132821
vt 0.255435 0.087433
vt 0.130508 0.174113
vt 0.140678 0.183270
vt 0.091580 0.240804
vt 0.096928 0.243838
vt 0.052651 0.307496
vt 0.066113 0.311986
vt 0.044140 0.384501
vt 0.050262 0.385176
vt 0.035629 0.461507
vt 0.049774 0.460117
vt 0.059174 0.535389
vt 0.065043 0.533522
vt 0.082718 0.609271
vt 0.095078 0.602242
vt 0.134281 0.667221
vt 0.138885 0.663131
vt 0.734847 0.909228
vt 0.761268 0.921591
vt 0.764106 0.913622
vt 0.739281 0.902022
vt 0.789666 0.928256
vt 0.790786 0.919869
vt 0.818831 0.928803
vt 0.818183 0.920369
vt 0.847486 0.923341
vt 0.845097 0.915224
vt 0.874352 0.911979
vt 0.870329 0.904538
vt 0.898307 0.895334
vt 0.892824 0.888891
vt 0.918229 0.874027
vt 0.911527 0.868865
vt 0.933343 0.849078
vt 0.925713 0.845421
vt 0.942876 0.821509
vt 0.934654 0.819520
vt 0.946536 0.792570
vt 0.938078 0.792333
vt 0.944031 0.763507
vt 0.935711 0.765034
vt 0.935604 0.735581
vt 0.927782 0.738805
vt 0.921496 0.710049
vt 0.914516 0.714828
vt 0.902439 0.687965
vt 0.896604 0.694092
vt 0.879166 0.670380
vt 0.874733 0.677585
vt 0.852774 0.657957
vt 0.849935 0.665928
vt 0.824360 0.651358
vt 0.823241 0.659742
vt 0.795197 0.650743
vt 0.795845 0.659179
vt 0.766555 0.656271
vt 0.768943 0.664386
vt 0.739663 0.667571
vt 0.743686 0.675014
vt 0.715746 0.684271
vt 0.721228 0.690713
vt 0.695776 0.705532
vt 0.702479 0.710695
vt 0.680719 0.730516
vt 0.688347 0.734171
vt 0.671122 0.758062
vt 0.679345 0.760052
vt 0.667529 0.787010
vt 0.675984 0.787246
vt 0.669965 0.816078
vt 0.678287 0.814551
vt 0.678457 0.843984
vt 0.686278 0.840761
vt 0.692506 0.869548
vt 0.699488 0.864769
vt 0.711615 0.891588
vt 0.717449 0.885463
vt 0.774258 0.843316
vt 0.786108 0.848943
vt 0.787799 0.844459
vt 0.776845 0.839281
vt 0.798861 0.852012
vt 0.799583 0.847273
vt 0.800287 0.842391
vt 0.789502 0.839831
vt 0.779474 0.835107
vt 0.811975 0.852332
vt 0.811696 0.847548
vt 0.824875 0.849949
vt 0.823607 0.845326
vt 0.822265 0.840580
vt 0.811370 0.842628
vt 0.836986 0.844907
vt 0.834785 0.840650
vt 0.847801 0.837483
vt 0.844763 0.833776
vt 0.841606 0.829986
vt 0.832486 0.836288
vt 0.856814 0.827952
vt 0.853072 0.824958
vt 0.863673 0.816772
vt 0.859390 0.814621
vt 0.854964 0.812442
vt 0.849197 0.821908
vt 0.868030 0.804399
vt 0.863394 0.803186
vt 0.869749 0.791394
vt 0.864961 0.791172
vt 0.860032 0.790982
vt 0.858613 0.801976
vt 0.868697 0.778319
vt 0.863968 0.779097
vt 0.864978 0.765739
vt 0.860514 0.767484
vt 0.855934 0.769315
vt 0.859109 0.779935
vt 0.858699 0.754222
vt 0.854695 0.756856
vt 0.850185 0.744242
vt 0.846815 0.747652
vt 0.843376 0.751188
vt 0.850597 0.759599
vt 0.839764 0.736275
vt 0.837178 0.740310
vt 0.827928 0.730622
vt 0.826236 0.735107
vt 0.824533 0.739736
vt 0.834549 0.744482
vt 0.815167 0.727582
vt 0.814446 0.732320
vt 0.802054 0.727231
vt 0.802333 0.732017
vt 0.802660 0.736938
vt 0.813742 0.737200
vt 0.789161 0.729644
vt 0.790428 0.734266
vt 0.777039 0.734657
vt 0.779240 0.738915
vt 0.781540 0.743279
vt 0.791770 0.739011
vt 0.766241 0.742106
vt 0.769279 0.745813
vt 0.757206 0.751617
vt 0.760949 0.754611
vt 0.764825 0.757662
vt 0.772435 0.749602
vt 0.750372 0.762814
vt 0.754654 0.764964
vt 0.745986 0.775177
vt 0.750623 0.776390
vt 0.755405 0.777600
vt 0.759079 0.767142
vt 0.744297 0.788185
vt 0.749084 0.788408
vt 0.745319 0.801263
vt 0.750049 0.800485
vt 0.754909 0.799646
vt 0.754011 0.788598
vt 0.749066 0.813834
vt 0.753530 0.812090
vt 0.755319 0.825365
vt 0.759324 0.822731
vt 0.763423 0.819988
vt 0.758109 0.810259
vt 0.763856 0.835325
vt 0.767225 0.831916
vt 0.770663 0.828382
vt 0.790916 0.835707
vt 0.781715 0.831366
vt 0.800813 0.838062
vt 0.801296 0.834066
vt 0.792219 0.831899
vt 0.783782 0.827912
vt 0.810984 0.838285
vt 0.820984 0.836411
vt 0.819800 0.832564
vt 0.810625 0.834277
vt 0.830367 0.832477
vt 0.838740 0.826698
vt 0.836093 0.823666
vt 0.828409 0.828961
vt 0.845711 0.819289
vt 0.851009 0.810605
vt 0.847358 0.808911
vt 0.842492 0.816874
vt 0.854364 0.801001
vt 0.855672 0.790911
vt 0.851647 0.790849
vt 0.850441 0.800103
vt 0.854830 0.780773
vt 0.851922 0.771024
vt 0.848220 0.772604
vt 0.850882 0.781549
vt 0.847029 0.762104
vt 0.840406 0.754381
vt 0.837667 0.757330
vt 0.843737 0.764419
vt 0.832309 0.748223
vt 0.823118 0.743861
vt 0.821815 0.747670
vt 0.830243 0.751676
vt 0.813216 0.741529
vt 0.803046 0.741282
vt 0.803404 0.745291
vt 0.812733 0.745524
vt 0.793051 0.743179
vt 0.783659 0.747090
vt 0.785618 0.750607
vt 0.794235 0.747025
vt 0.775300 0.752888
vt 0.768311 0.760282
vt 0.771530 0.762698
vt 0.777946 0.755920
vt 0.763032 0.768979
vt 0.759655 0.778576
vt 0.763579 0.779473
vt 0.766683 0.770673
vt 0.758371 0.788668
vt 0.759189 0.798808
vt 0.763139 0.798032
vt 0.762394 0.788730
vt 0.762120 0.808550
vt 0.766992 0.817481
vt 0.770285 0.815166
vt 0.765821 0.806971
vt 0.773632 0.825189
vt 0.776371 0.822240
vt 0.787898 0.821512
vt 0.794914 0.824785
vt 0.796081 0.821700
vt 0.789682 0.818736
vt 0.802453 0.826545
vt 0.802954 0.823284
vt 0.810194 0.826682
vt 0.810006 0.823388
vt 0.817797 0.825223
vt 0.816929 0.822040
vt 0.824925 0.822199
vt 0.823414 0.819266
vt 0.831278 0.817773
vt 0.829190 0.815219
vt 0.836559 0.812112
vt 0.833986 0.810048
vt 0.840563 0.805486
vt 0.837616 0.804002
vt 0.843084 0.798167
vt 0.839894 0.797328
vt 0.844047 0.790485
vt 0.840751 0.790327
vt 0.843373 0.782772
vt 0.840117 0.783303
vt 0.841128 0.775362
vt 0.838053 0.776559
vt 0.837375 0.768590
vt 0.834617 0.770400
vt 0.832310 0.762735
vt 0.829988 0.765079
vt 0.826128 0.758075
vt 0.824344 0.760850
vt 0.819120 0.754785
vt 0.817952 0.757872
vt 0.811577 0.753043
vt 0.811076 0.756303
vt 0.803836 0.752888
vt 0.804024 0.756183
vt 0.796236 0.754364
vt 0.797105 0.757547
vt 0.789102 0.757371
vt 0.790614 0.760305
vt 0.782759 0.761811
vt 0.784847 0.764365
vt 0.777465 0.767460
vt 0.780039 0.769525
vt 0.773477 0.774096
vt 0.776423 0.775580
vt 0.770938 0.781410
vt 0.774129 0.782249
vt 0.769993 0.789094
vt 0.773288 0.789252
vt 0.770649 0.796809
vt 0.773905 0.796277
vt 0.772911 0.804213
vt 0.775985 0.803016
vt 0.776648 0.810994
vt 0.779407 0.809183
vt 0.781726 0.816837
vt 0.784048 0.814494
vt 0.726075 0.923580
vt 0.756782 0.934257
vt 0.758906 0.928251
vt 0.731151 0.915253
vt 0.787490 0.944935
vt 0.788741 0.935263
vt 0.819885 0.942199
vt 0.819383 0.935848
vt 0.852281 0.939463
vt 0.849490 0.930119
vt 0.880763 0.923788
vt 0.877721 0.918190
vt 0.909246 0.908112
vt 0.902895 0.900711
vt 0.928889 0.882207
vt 0.923833 0.878331
vt 0.948533 0.856302
vt 0.939721 0.852123
vt 0.955942 0.824646
vt 0.949746 0.823162
vt 0.963351 0.792991
vt 0.953602 0.792758
vt 0.957244 0.761059
vt 0.950980 0.762222
vt 0.951137 0.729126
vt 0.942136 0.732879
vt 0.932570 0.702438
vt 0.927321 0.706049
vt 0.914003 0.675751
vt 0.907307 0.682840
vt 0.886187 0.658923
vt 0.882861 0.664357
vt 0.858371 0.642095
vt 0.855136 0.651295
vt 0.826114 0.638035
vt 0.825286 0.644352
vt 0.793858 0.633975
vt 0.794645 0.643696
vt 0.762739 0.643387
vt 0.764551 0.649494
vt 0.731619 0.652798
vt 0.736292 0.661358
vt 0.707020 0.674053
vt 0.711159 0.678895
vt 0.682420 0.695308
vt 0.690170 0.701227
vt 0.668591 0.724730
vt 0.674342 0.727471
vt 0.654762 0.754153
vt 0.664249 0.756409
vt 0.654096 0.786657
vt 0.660464 0.786821
vt 0.653430 0.819162
vt 0.663015 0.817363
vt 0.666042 0.849126
vt 0.671927 0.846686
vt 0.678655 0.879091
vt 0.686679 0.873549
vt 0.702365 0.901335
vt 0.706748 0.896712
vt 0.793589 0.828222
vt 0.785887 0.824599
vt 0.801871 0.830183
vt 0.810381 0.830360
vt 0.818746 0.828783
vt 0.826593 0.825483
vt 0.833593 0.820640
vt 0.839418 0.814434
vt 0.843843 0.807164
vt 0.846641 0.799125
vt 0.847726 0.790683
vt 0.847012 0.782201
vt 0.844569 0.774047
vt 0.840467 0.766589
vt 0.834919 0.760133
vt 0.828139 0.754988
vt 0.820445 0.751348
vt 0.812158 0.749406
vt 0.803649 0.749209
vt 0.795288 0.750805
vt 0.787434 0.754086
vt 0.780446 0.758945
vt 0.774605 0.765138
vt 0.770197 0.772419
vt 0.767381 0.780452
vt 0.766315 0.788896
vt 0.767009 0.797380
vt 0.769471 0.805528
vt 0.773555 0.812996
vt 0.779118 0.819438
vt 0.784732 0.852636
vt 0.772144 0.846643
vt 0.798283 0.855911
vt 0.812220 0.856266
vt 0.825933 0.853746
vt 0.838810 0.848401
vt 0.850312 0.840522
vt 0.859901 0.830402
vt 0.867203 0.818527
vt 0.871846 0.805381
vt 0.873688 0.791562
vt 0.872583 0.777664
vt 0.868645 0.764291
vt 0.861983 0.752043
vt 0.852945 0.741428
vt 0.841878 0.732949
vt 0.829304 0.726928
vt 0.815746 0.723684
vt 0.801809 0.723297
vt 0.788104 0.725848
vt 0.775215 0.731162
vt 0.763731 0.739068
vt 0.754118 0.749166
vt 0.746843 0.761059
vt 0.742168 0.774194
vt 0.740359 0.788017
vt 0.741431 0.801918
vt 0.745401 0.815282
vt 0.752034 0.827545
vt 0.761097 0.838139
vt 0.368789 0.510947
vt 0.351616 0.501110
vt 0.387614 0.517041
vt 0.387601 0.517129
vt 0.369585 0.509157
vt 0.351569 0.501185
vt 0.407297 0.519040
vt 0.426968 0.516946
vt 0.426991 0.517031
vt 0.407296 0.517080
vt 0.445757 0.510763
vt 0.462873 0.500845
vt 0.462930 0.500914
vt 0.444961 0.508973
vt 0.477521 0.487548
vt 0.489122 0.471519
vt 0.489202 0.471559
vt 0.476066 0.486236
vt 0.497096 0.453406
vt 0.501174 0.434035
vt 0.501264 0.434039
vt 0.495233 0.452799
vt 0.501092 0.414234
vt 0.496940 0.394867
vt 0.497024 0.394833
vt 0.499144 0.414436
vt 0.488811 0.376798
vt 0.477143 0.360781
vt 0.477206 0.360715
vt 0.487115 0.377774
vt 0.462371 0.347568
vt 0.445202 0.337671
vt 0.445232 0.337585
vt 0.461219 0.349150
vt 0.426343 0.331600
vt 0.406650 0.329535
vt 0.406644 0.329447
vt 0.425938 0.333516
vt 0.386974 0.331656
vt 0.367309 0.335869
vt 0.368146 0.337719
vt 0.387395 0.333583
vt 0.350095 0.347235
vt 0.365341 0.334847
vt 0.336169 0.360897
vt 0.336421 0.360947
vt 0.350316 0.348311
vt 0.364211 0.335675
vt 0.324882 0.377109
vt 0.316897 0.395235
vt 0.316819 0.395212
vt 0.326620 0.378080
vt 0.312877 0.414639
vt 0.312917 0.434455
vt 0.312830 0.434470
vt 0.314825 0.414841
vt 0.317114 0.453818
vt 0.325195 0.471901
vt 0.325121 0.471951
vt 0.318975 0.453211
vt 0.336891 0.487880
vt 0.338345 0.486568
vn -0.051104 -0.403935 -0.913359
vn -0.032213 -0.583951 -0.811150
vn -0.446008 -0.558280 -0.699572
vn -0.464001 -0.386769 -0.796940
vn -0.007395 -0.738428 -0.674291
vn -0.422355 -0.705446 -0.569176
vn -0.570148 -0.654803 -0.496150
vn -0.592058 -0.518383 -0.617046
vn -0.608755 -0.359379 -0.707293
vn 0.022391 -0.860607 -0.508777
vn -0.393985 -0.821857 -0.411493
vn 0.055723 -0.945157 -0.321828
vn -0.362228 -0.902400 -0.233378
vn -0.514406 -0.837386 -0.184855
vn -0.543828 -0.762733 -0.349985
vn 0.091257 -0.988372 -0.121629
vn -0.328377 -0.943583 -0.042646
vn 0.127323 -0.988375 0.083087
vn -0.294014 -0.943574 0.152391
vn -0.451174 -0.875554 0.172766
vn -0.483010 -0.875578 -0.008045
vn 0.162466 -0.945154 0.283353
vn -0.260537 -0.902408 0.343191
vn 0.195030 -0.860610 0.470440
vn -0.229509 -0.821851 0.521428
vn -0.391375 -0.762713 0.514874
vn -0.420119 -0.837406 0.349645
vn 0.223711 -0.738426 0.636145
vn -0.202186 -0.705454 0.679306
vn 0.247138 -0.583953 0.773254
vn -0.179866 -0.558276 0.809924
vn -0.345354 -0.518371 0.782318
vn -0.366025 -0.654821 0.661238
vn 0.264402 -0.403932 0.875746
vn -0.163422 -0.386772 0.907579
vn 0.274632 -0.206240 0.939171
vn -0.153673 -0.198423 0.967994
vn -0.321073 -0.184776 0.928854
vn -0.330088 -0.359388 0.872859
vn 0.277497 0.000488 0.960726
vn -0.150943 -0.001469 0.988541
vn 0.272762 0.207216 0.939501
vn -0.155456 0.195483 0.968308
vn -0.322723 0.180387 0.929145
vn -0.318520 -0.002194 0.947914
vn 0.260743 0.404909 0.876391
vn -0.166906 0.383832 0.908193
vn 0.241854 0.584929 0.774187
vn -0.184899 0.555337 0.810811
vn -0.350021 0.513981 0.783140
vn -0.333318 0.354998 0.873427
vn 0.217033 0.739403 0.637323
vn -0.208548 0.702515 0.680427
vn 0.187250 0.861586 0.471812
vn -0.236923 0.818911 0.522735
vn -0.398245 0.758325 0.516085
vn -0.371923 0.650432 0.662278
vn 0.153922 0.946130 0.284860
vn -0.268678 0.899469 0.344627
vn 0.118391 0.989351 0.084662
vn -0.302528 0.940635 0.153891
vn -0.459066 0.871165 0.174156
vn -0.427665 0.833018 0.350975
vn 0.082323 0.989348 -0.120054
vn -0.336892 0.940644 -0.041146
vn 0.047181 0.946134 -0.320321
vn -0.370369 0.899461 -0.231943
vn -0.521956 0.832995 -0.183525
vn -0.490904 0.871188 -0.006654
vn 0.014615 0.861584 -0.507405
vn -0.401400 0.818917 -0.410186
vn -0.014071 0.739406 -0.673113
vn -0.428722 0.702505 -0.568052
vn -0.576048 0.650412 -0.495109
vn -0.550704 0.758342 -0.348773
vn -0.037496 0.584928 -0.810218
vn -0.451043 0.555341 -0.698682
vn -0.054759 0.404911 -0.912715
vn -0.467485 0.383830 -0.796324
vn -0.611984 0.354990 -0.706723
vn -0.596724 0.513995 -0.616222
vn -0.064988 0.207217 -0.976134
vn -0.477237 0.195486 -0.856756
vn -0.067856 0.000488 -0.997695
vn -0.479966 -0.001470 -0.877286
vn -0.623553 -0.002195 -0.781778
vn -0.621008 0.180393 -0.762763
vn -0.063120 -0.206240 -0.976463
vn -0.475456 -0.198425 -0.857070
vn -0.619358 -0.184781 -0.763054
vn -0.698296 -0.474377 -0.536049
vn -0.713557 -0.329091 -0.618494
vn -0.678283 -0.599013 -0.425577
vn -0.764006 -0.538777 -0.354983
vn -0.781984 -0.426831 -0.454221
vn -0.795691 -0.296323 -0.528269
vn -0.654228 -0.697639 -0.292037
vn -0.627353 -0.765836 -0.141153
vn -0.718260 -0.688623 -0.099502
vn -0.742400 -0.627376 -0.235037
vn -0.598661 -0.800743 0.020393
vn -0.569579 -0.800708 0.185597
vn -0.666364 -0.719948 0.193996
vn -0.692487 -0.719988 0.045602
vn -0.541197 -0.765866 0.347211
vn -0.514942 -0.697608 0.498174
vn -0.617285 -0.627341 0.474766
vn -0.640867 -0.688662 0.339167
vn -0.491771 -0.599039 0.631912
vn -0.472894 -0.474358 0.742533
vn -0.579520 -0.426807 0.694257
vn -0.596473 -0.538808 0.594900
vn -0.458935 -0.329104 0.825269
vn -0.450707 -0.169559 0.876421
vn -0.559590 -0.153026 0.814520
vn -0.566978 -0.296339 0.768582
vn -0.448365 -0.002738 0.893846
vn -0.452215 0.164083 0.876686
vn -0.560942 0.146665 0.814760
vn -0.557482 -0.003181 0.830183
vn -0.461886 0.323627 0.825788
vn -0.477158 0.468880 0.743284
vn -0.583347 0.420445 0.694933
vn -0.569627 0.289978 0.769050
vn -0.497161 0.593562 0.632863
vn -0.521220 0.692133 0.499282
vn -0.622928 0.620977 0.475760
vn -0.601314 0.532446 0.595754
vn -0.548091 0.760392 0.348426
vn -0.576788 0.795233 0.186868
vn -0.672840 0.713588 0.195138
vn -0.647063 0.682300 0.340259
vn -0.605872 0.795267 0.021664
vn -0.634252 0.760357 -0.139936
vn -0.724457 0.682259 -0.098409
vn -0.698964 0.713628 0.046744
vn -0.660511 0.692160 -0.290929
vn -0.683672 0.593535 -0.424627
vn -0.768847 0.532416 -0.354131
vn -0.748043 0.621012 -0.234041
vn -0.702558 0.468901 -0.535298
vn -0.716507 0.323613 -0.617974
vn -0.798340 0.289961 -0.527803
vn -0.785811 0.420470 -0.453548
vn -0.724748 0.164090 -0.669190
vn -0.727078 -0.002739 -0.686550
vn -0.807835 -0.003181 -0.589400
vn -0.805743 0.146673 -0.573817
vn -0.723240 -0.169567 -0.669456
vn -0.804388 -0.153035 -0.574055
vn -0.847172 -0.377753 -0.373633
vn -0.859279 -0.262470 -0.439033
vn -0.831291 -0.476630 -0.285970
vn -0.882263 -0.415665 -0.220985
vn -0.896092 -0.329591 -0.297303
vn -0.906627 -0.229231 -0.354233
vn -0.812208 -0.554896 -0.180026
vn -0.790884 -0.608988 -0.060304
vn -0.847086 -0.530889 -0.024534
vn -0.865654 -0.483802 -0.128758
vn -0.768118 -0.636701 0.067865
vn -0.745043 -0.636657 0.198942
vn -0.807181 -0.554975 0.201151
vn -0.827271 -0.555019 0.087043
vn -0.722522 -0.609031 0.327174
vn -0.701692 -0.554857 0.446946
vn -0.769444 -0.483763 0.417049
vn -0.787579 -0.530928 0.312784
vn -0.683309 -0.476662 0.553066
vn -0.668335 -0.377726 0.640821
vn -0.740402 -0.329565 0.585825
vn -0.753441 -0.415696 0.509435
vn -0.657257 -0.262487 0.706479
vn -0.650731 -0.135897 0.747048
vn -0.725077 -0.119043 0.678301
vn -0.730761 -0.229247 0.642988
vn -0.648868 -0.003539 0.760893
vn -0.651925 0.128820 0.747261
vn -0.726118 0.111404 0.678485
vn -0.723458 -0.003820 0.690358
vn -0.659595 0.255412 0.706894
vn -0.671715 0.370650 0.641419
vn -0.743346 0.321928 0.586344
vn -0.732798 0.221610 0.643348
vn -0.687585 0.469586 0.553819
vn -0.706677 0.547779 0.447824
vn -0.773781 0.476126 0.417813
vn -0.757163 0.408059 0.510090
vn -0.727996 0.601952 0.328139
vn -0.750764 0.629581 0.199950
vn -0.812161 0.547338 0.202029
vn -0.792342 0.523291 0.313625
vn -0.773840 0.629625 0.068873
vn -0.796357 0.601909 -0.059339
vn -0.851850 0.523249 -0.023694
vn -0.832252 0.547381 0.087919
vn -0.817192 0.547818 -0.179145
vn -0.835567 0.469553 -0.285216
vn -0.885985 0.408026 -0.220328
vn -0.869992 0.476164 -0.127991
vn -0.850554 0.370676 -0.373039
vn -0.861618 0.255393 -0.438622
vn -0.908664 0.221591 -0.353874
vn -0.899036 0.321952 -0.296784
vn -0.868158 0.128829 -0.479275
vn -0.870005 -0.003539 -0.493030
vn -0.915966 -0.003820 -0.401239
vn -0.914362 0.111413 -0.389267
vn -0.866962 -0.135907 -0.479484
vn -0.913321 -0.119052 -0.389451
vn -0.932092 -0.283210 -0.225826
vn -0.941116 -0.197204 -0.274611
vn -0.920238 -0.356968 -0.160424
vn -0.947937 -0.300942 -0.104160
vn -0.957907 -0.238926 -0.159147
vn -0.965491 -0.166615 -0.200165
vn -0.906008 -0.415360 -0.081390
vn -0.890093 -0.455710 0.007925
vn -0.922592 -0.383961 0.037383
vn -0.935977 -0.350035 -0.037710
vn -0.873115 -0.476392 0.103542
vn -0.855895 -0.476351 0.201326
vn -0.893839 -0.401317 0.199991
vn -0.908322 -0.401349 0.117776
vn -0.839102 -0.455745 0.296991
vn -0.823557 -0.415326 0.386339
vn -0.866650 -0.350007 0.355544
vn -0.879724 -0.383990 0.280424
vn -0.809847 -0.356998 0.465511
vn -0.798669 -0.283186 0.530973
vn -0.845726 -0.238908 0.477149
vn -0.855127 -0.300966 0.422110
vn -0.790411 -0.197220 0.579961
vn -0.785536 -0.102779 0.610221
vn -0.834684 -0.087226 0.543778
vn -0.838786 -0.166629 0.518336
vn -0.784153 -0.004039 0.620555
vn -0.786429 0.094703 0.610377
vn -0.835434 0.078812 0.543910
vn -0.833525 -0.004207 0.552466
vn -0.792157 0.189144 0.580269
vn -0.801193 0.275111 0.531417
vn -0.847847 0.230494 0.477523
vn -0.840254 0.158215 0.518595
vn -0.813037 0.348923 0.466073
vn -0.827273 0.407252 0.386995
vn -0.869775 0.341595 0.356096
vn -0.857809 0.292552 0.422583
vn -0.843183 0.447672 0.297712
vn -0.860163 0.468277 0.202078
vn -0.897428 0.392904 0.200623
vn -0.883155 0.375579 0.281029
vn -0.877384 0.468316 0.104293
vn -0.894175 0.447635 0.008644
vn -0.926024 0.375548 0.037988
vn -0.911911 0.392935 0.118408
vn -0.909725 0.407286 -0.080734
vn -0.923427 0.348894 -0.159860
vn -0.950619 0.292529 -0.103686
vn -0.939102 0.341623 -0.037157
vn -0.934615 0.275134 -0.225380
vn -0.942862 0.189128 -0.274303
vn -0.966959 0.158202 -0.199906
vn -0.960029 0.230514 -0.158772
vn -0.947749 0.094711 -0.304633
vn -0.949119 -0.004038 -0.314891
vn -0.972220 -0.004207 -0.234032
vn -0.971071 0.078819 -0.225406
vn -0.946857 -0.102787 -0.304791
vn -0.970321 -0.087232 -0.225538
vn -0.970614 -0.210364 -0.116860
vn -0.977277 -0.146866 -0.152839
vn -0.961867 -0.264785 -0.068562
vn -0.949314 -0.297685 -0.100932
vn -0.959138 -0.236426 -0.155425
vn -0.966674 -0.164837 -0.195881
vn -0.951360 -0.307910 -0.010248
vn -0.939618 -0.337662 0.055690
vn -0.924248 -0.379791 0.039053
vn -0.937442 -0.346349 -0.035286
vn -0.927081 -0.352958 0.126257
vn -0.914378 -0.352897 0.198434
vn -0.895811 -0.396955 0.199872
vn -0.910082 -0.397114 0.118539
vn -0.901974 -0.337719 0.269051
vn -0.890511 -0.307856 0.334986
vn -0.868921 -0.346211 0.353714
vn -0.881790 -0.379940 0.279450
vn -0.880381 -0.264830 0.393440
vn -0.872142 -0.210328 0.441736
vn -0.848228 -0.236333 0.473980
vn -0.857457 -0.297803 0.419620
vn -0.866034 -0.146892 0.477921
vn -0.862449 -0.077175 0.500225
vn -0.837308 -0.086321 0.539875
vn -0.841290 -0.164901 0.514819
vn -0.861415 -0.004297 0.507884
vn -0.863107 0.068581 0.500343
vn -0.838049 0.077891 0.540007
vn -0.836085 -0.004216 0.548584
vn -0.867322 0.138298 0.478148
vn -0.874004 0.201733 0.442065
vn -0.850326 0.227901 0.474349
vn -0.842742 0.156473 0.515075
vn -0.882735 0.256235 0.393857
vn -0.893253 0.299263 0.335471
vn -0.872012 0.337780 0.354259
vn -0.860109 0.289371 0.420091
vn -0.904987 0.329126 0.269582
vn -0.917528 0.344304 0.198989
vn -0.899361 0.388524 0.200496
vn -0.885185 0.371511 0.280047
vn -0.930232 0.344364 0.126812
vn -0.942631 0.329067 0.056223
vn -0.927643 0.371358 0.039653
vn -0.913634 0.388682 0.119163
vn -0.954104 0.299316 -0.009761
vn -0.964221 0.256191 -0.068145
vn -0.951966 0.289256 -0.100461
vn -0.940534 0.337919 -0.034736
vn -0.972476 0.201770 -0.116531
vn -0.978565 0.138273 -0.152612
vn -0.968126 0.156407 -0.195623
vn -0.961236 0.227998 -0.155053
vn -0.982171 0.068593 -0.175032
vn -0.983183 -0.004297 -0.182570
vn -0.973329 -0.004215 -0.229375
vn -0.972161 0.077924 -0.220976
vn -0.981512 -0.077187 -0.175148
vn -0.971419 -0.086353 -0.221107
vn -0.944148 -0.193878 -0.266450
vn -0.935357 -0.278278 -0.218332
vn -0.991936 -0.126668 0.004142
vn -0.995878 -0.089043 -0.017248
vn -0.923630 -0.350881 -0.154242
vn -0.986739 -0.158980 0.032735
vn -0.987066 -0.021138 0.158914
vn -0.987599 -0.017557 0.156015
vn -0.988045 -0.013644 0.153563
vn -0.909736 -0.408086 -0.076456
vn -0.980521 -0.184504 0.067355
vn -0.894009 -0.447909 0.011195
vn -0.973544 -0.202201 0.106430
vn -0.985652 -0.025765 0.166810
vn -0.986387 -0.023695 0.162723
vn -0.877428 -0.468032 0.105195
vn -0.966125 -0.211214 0.148292
vn -0.860402 -0.468196 0.201249
vn -0.958574 -0.211238 0.191088
vn -0.984049 -0.026736 0.175879
vn -0.984859 -0.026530 0.171317
vn -0.844014 -0.447757 0.295218
vn -0.951239 -0.202180 0.232954
vn -0.828622 -0.408229 0.383060
vn -0.944418 -0.184525 0.272075
vn -0.982533 -0.023871 0.184552
vn -0.983279 -0.025572 0.180301
vn -0.815279 -0.350761 0.460747
vn -0.938436 -0.158962 0.306707
vn -0.804165 -0.278376 0.525190
vn -0.933524 -0.126682 0.335387
vn -0.981366 -0.017675 0.191333
vn -0.981920 -0.020982 0.188128
vn -0.796187 -0.193815 0.573169
vn -0.929930 -0.089034 0.356797
vn -0.791260 -0.101090 0.603066
vn -0.927775 -0.047710 0.370077
vn -0.980750 -0.009217 0.195049
vn -0.981017 -0.013560 0.193445
vn -0.790042 -0.004060 0.613039
vn -0.927191 -0.004488 0.374561
vn -0.792138 0.092975 0.603219
vn -0.928167 0.038734 0.370143
vn -0.980792 0.000042 0.195055
vn -0.980727 -0.004587 0.195330
vn -0.797904 0.185701 0.573468
vn -0.930694 0.080058 0.356930
vn -0.806645 0.270259 0.525627
vn -0.934629 0.117705 0.335581
vn -0.981484 0.008500 0.191353
vn -0.981099 0.004386 0.193458
vn -0.818413 0.342639 0.461301
vn -0.939832 0.149984 0.306953
vn -0.832275 0.400111 0.383706
vn -0.946045 0.175548 0.272363
vn -0.982707 0.014696 0.184582
vn -0.982069 0.011806 0.188154
vn -0.848024 0.439642 0.295923
vn -0.953025 0.193202 0.233272
vn -0.864595 0.460085 0.201986
vn -0.960442 0.202262 0.191419
vn -0.984249 0.017557 0.175914
vn -0.983469 0.016396 0.180335
vn -0.881619 0.459920 0.105930
vn -0.967994 0.202238 0.148620
vn -0.898018 0.439799 0.011899
vn -0.975330 0.193226 0.106744
vn -0.985844 0.016589 0.166844
vn -0.985057 0.017352 0.171351
vn -0.913386 0.399974 -0.075810
vn -0.982148 0.175528 0.067642
vn -0.926764 0.342767 -0.153683
vn -0.988135 0.150003 0.032983
vn -0.987215 0.011960 0.158943
vn -0.986559 0.014518 0.162756
vn -0.937835 0.270164 -0.217891
vn -0.993041 0.117692 0.004339
vn -0.945863 0.185766 -0.266146
vn -0.996643 0.080068 -0.017111
vn -0.988126 0.004470 0.153578
vn -0.987716 0.008381 0.156037
vn -0.950736 0.092940 -0.295740
vn -0.998789 0.038730 -0.030346
vn -0.952012 -0.004057 -0.306034
vn -0.999381 -0.004488 -0.034879
vn -0.988420 -0.004587 0.151675
vn -0.988326 -0.000000 0.152355
vn -0.949860 -0.101055 -0.295895
vn -0.998398 -0.047705 -0.030416
vn -0.988284 -0.009174 0.152348
vn -0.986058 -0.121230 -0.113989
vn -0.965715 -0.229253 -0.121809
vn -0.993411 -0.060050 0.097619
vn -0.993492 -0.033673 0.108811
vn -0.973070 -0.226440 -0.043124
vn -0.990346 -0.057746 0.126013
vn -0.984797 -0.004590 0.173650
vn -0.945060 -0.326815 -0.007269
vn -0.988226 -0.086320 0.126328
vn -0.953905 -0.293253 0.063782
vn -0.985805 -0.072626 0.151376
vn -0.919517 -0.368597 0.136471
vn -0.981689 -0.098451 0.163080
vn -0.931881 -0.310109 0.188228
vn -0.980653 -0.075735 0.180509
vn -0.893498 -0.347387 0.284576
vn -0.974928 -0.094349 0.201529
vn -0.910800 -0.274098 0.308729
vn -0.975781 -0.066542 0.208385
vn -0.871504 -0.266844 0.411430
vn -0.969113 -0.074723 0.235024
vn -0.894311 -0.191451 0.404419
vn -0.972031 -0.046635 0.230176
vn -0.857337 -0.140899 0.495096
vn -0.965250 -0.042965 0.257773
vn -0.885264 -0.076444 0.458764
vn -0.970052 -0.019452 0.242117
vn -0.853449 0.008677 0.521104
vn -0.964006 -0.004567 0.265841
vn -0.885225 0.051016 0.462358
vn -0.970187 0.010300 0.242140
vn -0.860510 0.156002 0.484959
vn -0.965597 0.033828 0.257833
vn -0.894200 0.168903 0.414583
vn -0.972411 0.037480 0.230242
vn -0.877301 0.275613 0.392912
vn -0.969748 0.065584 0.235135
vn -0.910635 0.256818 0.323710
vn -0.976341 0.057386 0.208483
vn -0.900916 0.346826 0.260889
vn -0.975739 0.085208 0.201675
vn -0.931690 0.299576 0.205445
vn -0.981296 0.066577 0.180628
vn -0.927273 0.357333 0.111706
vn -0.982537 0.089309 0.163236
vn -0.953725 0.289777 0.080235
vn -0.986420 0.063465 0.151485
vn -0.951816 0.305308 -0.028851
vn -0.988966 0.077175 0.126454
vn -0.972928 0.229117 -0.030269
vn -0.990827 0.048588 0.126096
vn -0.970297 0.199767 -0.136444
vn -0.993912 0.050911 0.097707
vn -0.985978 0.128096 -0.106949
vn -0.993755 0.024521 0.108857
vn -0.979525 0.058946 -0.192500
vn -0.996522 0.015058 0.081959
vn -0.990623 0.004170 -0.136563
vn -0.994697 -0.004573 0.102744
vn -0.977904 -0.092807 -0.187324
vn -0.996345 -0.024190 0.081926
vn 0.570773 0.450707 0.686354
vn 0.555051 0.454812 0.696466
vn 0.547557 0.532739 0.645268
vn 0.563404 0.527868 0.635556
vn 0.597507 0.443207 0.668247
vn 0.590378 0.518965 0.618166
vn 0.568444 0.655539 0.497131
vn 0.525078 0.672994 0.520934
vn 0.541125 0.666818 0.512384
vn 0.497966 0.783989 0.370663
vn 0.514275 0.776775 0.363512
vn 0.542095 0.763592 0.350798
vn 0.512640 0.838330 0.185481
vn 0.467765 0.860729 0.200855
vn 0.484348 0.852801 0.195289
vn 0.435430 0.900021 0.019068
vn 0.452324 0.891724 0.015195
vn 0.481206 0.876567 0.008470
vn 0.449331 0.876544 -0.172546
vn 0.402744 0.899976 -0.166856
vn 0.419933 0.891683 -0.168993
vn 0.370760 0.860772 -0.348724
vn 0.388256 0.852843 -0.349166
vn 0.418242 0.838352 -0.349628
vn 0.389466 0.763573 -0.515046
vn 0.341259 0.783950 -0.518618
vn 0.359019 0.776739 -0.517476
vn 0.315141 0.673029 -0.669118
vn 0.333156 0.666850 -0.666572
vn 0.364088 0.655557 -0.661578
vn 0.343395 0.518951 -0.782796
vn 0.293943 0.532713 -0.793609
vn 0.312146 0.527843 -0.789903
vn 0.278189 0.369253 -0.886715
vn 0.296549 0.365907 -0.882140
vn 0.328109 0.359788 -0.873440
vn 0.319082 0.184977 -0.929500
vn 0.268973 0.189706 -0.944280
vn 0.287411 0.188034 -0.939169
vn 0.266292 0.001971 -0.963890
vn 0.284762 0.002051 -0.958596
vn 0.316526 0.002186 -0.948581
vn 0.320734 -0.180604 -0.929791
vn 0.270670 -0.185762 -0.944579
vn 0.289090 -0.183933 -0.939466
vn 0.281508 -0.365310 -0.887300
vn 0.299836 -0.361806 -0.882720
vn 0.331341 -0.355415 -0.874010
vn 0.348064 -0.514579 -0.783620
vn 0.298739 -0.528769 -0.794455
vn 0.316899 -0.523741 -0.790741
vn 0.321205 -0.669086 -0.670187
vn 0.339162 -0.662749 -0.667632
vn 0.369993 -0.651185 -0.662619
vn 0.396346 -0.759201 -0.516259
vn 0.348326 -0.780007 -0.519864
vn 0.366022 -0.772637 -0.518710
vn 0.378522 -0.856829 -0.350092
vn 0.395946 -0.848741 -0.350522
vn 0.425798 -0.833980 -0.350960
vn 0.457233 -0.872171 -0.173940
vn 0.410859 -0.896033 -0.168287
vn 0.427973 -0.887581 -0.170411
vn 0.443544 -0.896079 0.017637
vn 0.460362 -0.887624 0.013777
vn 0.489108 -0.872195 0.007077
vn 0.520196 -0.833958 0.184149
vn 0.475523 -0.856786 0.199487
vn 0.492033 -0.848700 0.193935
vn 0.505033 -0.780047 0.369417
vn 0.521278 -0.772674 0.362276
vn 0.548976 -0.759220 0.349585
vn 0.574349 -0.651167 0.496090
vn 0.531142 -0.669051 0.519864
vn 0.547135 -0.662716 0.511323
vn 0.552354 -0.528797 0.644422
vn 0.568157 -0.523768 0.634717
vn 0.595049 -0.514593 0.617342
vn 0.610326 -0.355406 0.707947
vn 0.568093 -0.365291 0.737450
vn 0.583741 -0.361788 0.726881
vn 0.577324 -0.185772 0.795101
vn 0.592893 -0.183942 0.783991
vn 0.619361 -0.180609 0.764050
vn 0.621909 0.002186 0.783086
vn 0.579988 0.001972 0.814622
vn 0.595524 0.002051 0.803335
vn 0.575627 0.189715 0.795400
vn 0.591214 0.188043 0.784287
vn 0.617709 0.184982 0.764341
vn 0.611416 0.273229 0.742641
vn 0.569333 0.280279 0.772854
vn 0.584923 0.277787 0.762036
vn 0.704277 0.405666 0.582605
vn 0.697947 0.474549 0.536352
vn 0.788304 0.364863 0.495431
vn 0.782635 0.426402 0.453501
vn 0.764677 0.538233 0.354364
vn 0.677926 0.599230 0.425840
vn 0.653865 0.697891 0.292250
vn 0.743094 0.626740 0.234541
vn 0.718977 0.687926 0.099145
vn 0.626978 0.766113 0.141312
vn 0.598274 0.801034 -0.020292
vn 0.693229 0.719260 -0.045810
vn 0.667133 0.719220 -0.194054
vn 0.569180 0.801001 -0.185558
vn 0.540789 0.766145 -0.347231
vn 0.641664 0.687964 -0.339076
vn 0.618107 0.626705 -0.474536
vn 0.514524 0.697862 -0.498251
vn 0.491347 0.599255 -0.632037
vn 0.597315 0.538264 -0.594548
vn 0.580377 0.426378 -0.693804
vn 0.472461 0.474530 -0.742699
vn 0.458498 0.329222 -0.825465
vn 0.567849 0.296043 -0.768053
vn 0.560468 0.152876 -0.813944
vn 0.450265 0.169619 -0.876636
vn 0.447923 0.002736 -0.894068
vn 0.558363 0.003184 -0.829590
vn 0.561821 -0.146508 -0.814182
vn 0.451774 -0.164146 -0.876902
vn 0.461449 -0.323749 -0.825985
vn 0.570496 -0.289675 -0.768520
vn 0.584202 -0.420010 -0.694478
vn 0.476725 -0.469056 -0.743451
vn 0.496738 -0.593783 -0.632988
vn 0.602150 -0.531896 -0.595401
vn 0.623742 -0.620336 -0.475529
vn 0.520806 -0.692389 -0.499358
vn 0.547688 -0.760672 -0.348447
vn 0.647852 -0.681596 -0.340167
vn 0.673604 -0.712851 -0.195195
vn 0.576394 -0.795527 -0.186830
vn 0.605489 -0.795561 -0.021565
vn 0.699700 -0.712892 -0.046952
vn 0.725166 -0.681557 0.098054
vn 0.633878 -0.760639 0.140095
vn 0.660147 -0.692418 0.291142
vn 0.748728 -0.620372 0.233547
vn 0.769512 -0.531865 0.353512
vn 0.683317 -0.593757 0.424889
vn 0.702211 -0.469076 0.535600
vn 0.786460 -0.420034 0.452827
vn 0.798976 -0.289658 0.527007
vn 0.716163 -0.323735 0.618309
vn 0.724408 -0.164154 0.669542
vn 0.806371 -0.146517 0.572974
vn 0.808462 0.003184 0.588540
vn 0.726739 0.002737 0.686909
vn 0.722900 0.169626 0.669808
vn 0.805018 0.152885 0.573212
vn 0.799712 0.225464 0.556442
vn 0.716986 0.250369 0.650574
vn 0.852696 0.323223 0.410410
vn 0.847600 0.377382 0.373037
vn 0.900916 0.282300 0.329632
vn 0.896347 0.329302 0.296852
vn 0.882531 0.415299 0.220602
vn 0.831735 0.476160 0.285461
vn 0.812671 0.554347 0.179622
vn 0.865937 0.483376 0.128457
vn 0.847386 0.530419 0.024327
vn 0.791368 0.608386 0.060021
vn 0.768624 0.636074 -0.068021
vn 0.827588 0.554529 -0.087150
vn 0.807515 0.554486 -0.201157
vn 0.745572 0.636030 -0.198968
vn 0.723075 0.608429 -0.327072
vn 0.787931 0.530461 -0.312691
vn 0.769812 0.483338 -0.416862
vn 0.702268 0.554309 -0.446723
vn 0.683901 0.476194 -0.552738
vn 0.753824 0.415331 -0.509165
vn 0.740797 0.329277 -0.585489
vn 0.668940 0.377356 -0.640407
vn 0.657873 0.262232 -0.706001
vn 0.731164 0.229048 -0.642602
vn 0.725485 0.118941 -0.677882
vn 0.651354 0.135767 -0.746529
vn 0.649493 0.003540 -0.760359
vn 0.723868 0.003821 -0.689928
vn 0.726525 -0.111300 -0.678066
vn 0.652549 -0.128685 -0.746740
vn 0.660211 -0.255151 -0.706413
vn 0.733199 -0.221406 -0.642961
vn 0.743738 -0.321635 -0.586008
vn 0.672318 -0.370275 -0.641003
vn 0.688172 -0.469112 -0.553491
vn 0.757543 -0.407690 -0.509821
vn 0.774146 -0.475697 -0.417626
vn 0.707245 -0.547227 -0.447601
vn 0.728542 -0.601348 -0.328036
vn 0.792691 -0.522820 -0.313530
vn 0.812492 -0.546845 -0.202035
vn 0.751288 -0.628948 -0.199976
vn 0.774341 -0.628993 -0.069029
vn 0.832565 -0.546888 -0.088028
vn 0.852145 -0.522778 0.023487
vn 0.796834 -0.601305 0.059056
vn 0.817649 -0.547267 0.178744
vn 0.870271 -0.475735 0.127693
vn 0.886250 -0.407658 0.219947
vn 0.836006 -0.469080 0.284708
vn 0.850978 -0.370301 0.372442
vn 0.899289 -0.321661 0.296334
vn 0.908909 -0.221389 0.353373
vn 0.862032 -0.255133 0.437959
vn 0.868566 -0.128695 0.478571
vn 0.914602 -0.111309 0.388734
vn 0.916204 0.003821 0.400695
vn 0.870411 0.003541 0.492313
vn 0.867371 0.135776 0.478781
vn 0.913561 0.118950 0.388918
vn 0.909699 0.174969 0.376608
vn 0.862779 0.200011 0.464336
vn 0.936303 0.242808 0.253734
vn 0.932246 0.282980 0.225476
vn 0.961532 0.205060 0.182776
vn 0.957988 0.238764 0.158905
vn 0.948024 0.300738 0.103957
vn 0.920402 0.356679 0.160128
vn 0.906184 0.415023 0.081160
vn 0.936073 0.349797 0.037552
vn 0.922697 0.383699 -0.037489
vn 0.890282 0.455338 -0.008081
vn 0.873319 0.476002 -0.103618
vn 0.908437 0.401074 -0.117825
vn 0.893964 0.401042 -0.199983
vn 0.856113 0.475963 -0.201323
vn 0.839332 0.455375 -0.296909
vn 0.879858 0.383729 -0.280360
vn 0.866793 0.349770 -0.355430
vn 0.823800 0.414989 -0.386183
vn 0.810102 0.356708 -0.465290
vn 0.855279 0.300761 -0.421949
vn 0.845883 0.238746 -0.476950
vn 0.798934 0.282957 -0.530697
vn 0.790682 0.197061 -0.579646
vn 0.838949 0.166516 -0.518110
vn 0.834849 0.087168 -0.543533
vn 0.785812 0.102698 -0.609879
vn 0.784429 0.004039 -0.620205
vn 0.833691 0.004207 -0.552215
vn 0.835599 -0.078754 -0.543666
vn 0.786704 -0.094620 -0.610036
vn 0.792426 -0.188983 -0.579954
vn 0.840415 -0.158102 -0.518368
vn 0.848003 -0.230331 -0.477324
vn 0.801455 -0.274879 -0.531142
vn 0.813289 -0.348631 -0.465852
vn 0.857959 -0.292347 -0.422422
vn 0.869916 -0.341356 -0.355980
vn 0.827514 -0.406911 -0.386838
vn 0.843411 -0.447298 -0.297628
vn 0.883288 -0.375315 -0.280965
vn 0.897550 -0.392628 -0.200615
vn 0.860377 -0.467885 -0.202075
vn 0.877584 -0.467925 -0.104370
vn 0.912023 -0.392660 -0.118458
vn 0.926127 -0.375285 -0.038093
vn 0.894361 -0.447260 -0.008801
vn 0.909898 -0.406945 0.080504
vn 0.939196 -0.341383 0.037001
vn 0.950704 -0.292323 0.103484
vn 0.923589 -0.348601 0.159566
vn 0.934767 -0.274902 0.225032
vn 0.960108 -0.230350 0.158531
vn 0.967033 -0.158089 0.199637
vn 0.943007 -0.188967 0.273913
vn 0.947890 -0.094628 0.304220
vn 0.971143 -0.078761 0.225120
vn 0.972290 0.004207 0.233740
vn 0.949259 0.004039 0.314469
vn 0.946998 0.102706 0.304377
vn 0.970393 0.087175 0.225252
vn 0.967866 0.127649 0.216657
vn 0.943834 0.150782 0.294011
vn 0.978739 0.168990 0.116243
vn 0.975720 0.196560 0.096612
vn 0.989470 0.134450 0.053595
vn 0.986995 0.156182 0.038056
vn 0.980544 0.196284 0.002514
vn 0.967552 0.247351 0.051584
vn 0.957760 0.287553 -0.002839
vn 0.972816 0.228017 -0.040455
vn 0.964157 0.249959 -0.088999
vn 0.946796 0.315340 -0.064335
vn 0.935112 0.329575 -0.130174
vn 0.954937 0.261191 -0.140978
vn 0.945568 0.261180 -0.194131
vn 0.923248 0.329553 -0.197503
vn 0.911692 0.315361 -0.263374
vn 0.936448 0.249969 -0.246132
vn 0.927989 0.228007 -0.294703
vn 0.900981 0.287534 -0.324896
vn 0.891548 0.247367 -0.379409
vn 0.920546 0.196292 -0.337735
vn 0.914460 0.156176 -0.373325
vn 0.883845 0.196547 -0.424486
vn 0.878165 0.137352 -0.458214
vn 0.909981 0.109441 -0.399947
vn 0.907321 0.058108 -0.416404
vn 0.874802 0.072325 -0.479052
vn 0.873857 0.004336 -0.486164
vn 0.906579 0.004433 -0.422012
vn 0.907806 -0.049242 -0.416489
vn 0.875416 -0.063653 -0.479160
vn 0.879367 -0.128679 -0.458426
vn 0.910930 -0.100576 -0.400115
vn 0.915831 -0.147311 -0.373567
vn 0.885582 -0.187875 -0.424792
vn 0.893745 -0.238695 -0.379796
vn 0.922280 -0.187427 -0.338041
vn 0.930009 -0.219142 -0.295059
vn 0.903540 -0.278862 -0.325347
vn 0.914502 -0.306689 -0.263869
vn 0.938667 -0.241104 -0.246523
vn 0.947888 -0.252315 -0.194540
vn 0.926187 -0.320882 -0.198021
vn 0.938051 -0.320904 -0.130692
vn 0.957257 -0.252325 -0.141387
vn 0.966376 -0.241094 -0.089391
vn 0.949606 -0.306668 -0.064830
vn 0.960320 -0.278881 -0.003291
vn 0.974837 -0.219151 -0.040811
vn 0.982278 -0.187419 0.002208
vn 0.969748 -0.238679 0.051197
vn 0.977458 -0.187888 0.096306
vn 0.988366 -0.147317 0.037814
vn 0.992842 -0.100571 0.064418
vn 0.983130 -0.128670 0.129997
vn 0.986501 -0.063658 0.150876
vn 0.995505 -0.049244 0.080894
vn 0.996244 0.004433 0.086482
vn 0.987438 0.004336 0.157945
vn 0.985886 0.072330 0.150984
vn 0.995020 0.058110 0.080980
vn 0.993571 0.084340 0.075527
vn 0.983932 0.105529 0.144017
vn 0.994821 0.101619 -0.002307
vn 0.992697 0.119684 -0.015102
vn 0.996520 0.062743 -0.054868
vn 0.994254 0.086617 -0.062906
vn 0.991176 0.103067 -0.083355
vn 0.988016 0.148641 -0.041607
vn 0.981953 0.173789 -0.074608
vn 0.986624 0.124547 -0.105176
vn 0.982739 0.131166 -0.130460
vn 0.975691 0.189296 -0.110431
vn 0.968427 0.198623 -0.150661
vn 0.977053 0.141727 -0.158999
vn 0.973135 0.137372 -0.184765
vn 0.961688 0.197997 -0.189611
vn 0.954458 0.189891 -0.230111
vn 0.967197 0.135188 -0.215068
vn 0.964024 0.120612 -0.236878
vn 0.948430 0.173242 -0.265458
vn 0.942462 0.149102 -0.299221
vn 0.958760 0.106058 -0.263688
vn 0.956981 0.083782 -0.277790
vn 0.938208 0.119309 -0.324856
vn 0.934513 0.083312 -0.346041
vn 0.953200 0.059376 -0.296453
vn 0.953226 0.033253 -0.300425
vn 0.932789 0.045525 -0.357536
vn 0.931986 0.003894 -0.362475
vn 0.951479 0.003214 -0.307697
vn 0.953406 -0.022240 -0.300871
vn 0.933111 -0.035352 -0.357845
vn 0.935316 -0.075420 -0.345681
vn 0.953894 -0.052719 -0.295476
vn 0.957490 -0.073102 -0.279050
vn 0.939119 -0.109338 -0.325732
vn 0.943929 -0.140914 -0.298565
vn 0.960029 -0.098750 -0.261904
vn 0.964773 -0.110537 -0.238735
vn 0.949772 -0.163641 -0.266748
vn 0.956336 -0.181266 -0.229271
vn 0.968821 -0.126921 -0.212783
vn 0.973995 -0.128073 -0.186897
vn 0.963230 -0.188871 -0.191093
vn 0.970390 -0.189496 -0.149782
vn 0.978751 -0.132360 -0.156610
vn 0.983562 -0.122678 -0.132499
vn 0.977164 -0.180664 -0.111848
vn 0.983662 -0.164183 -0.073843
vn 0.988102 -0.114127 -0.103096
vn 0.991819 -0.095284 -0.084948
vn 0.989167 -0.140441 -0.042714
vn 0.993857 -0.109703 -0.014583
vn 0.995257 -0.075375 -0.061494
vn 0.997339 -0.050629 -0.052465
vn 0.997162 -0.075157 0.004353
vn 0.999213 -0.035476 0.017750
vn 0.998979 -0.022804 -0.038998
vn 0.999166 0.003567 -0.040666
vn 0.999767 0.003902 0.021216
vn 0.998802 0.045663 0.017567
vn 0.998624 0.034496 -0.039497
vn 0.997419 0.053118 -0.048316
vn 0.997845 0.064473 0.012223
vn 0.992845 0.034902 -0.114194
vn 0.992862 0.053594 -0.106554
vn 0.990626 0.035105 -0.132014
vn 0.990582 0.052220 -0.126571
vn 0.989705 0.056662 -0.131427
vn 0.988281 0.076800 -0.131916
vn 0.987774 0.049553 -0.147806
vn 0.986438 0.067365 -0.149675
vn 0.985332 0.069417 -0.155892
vn 0.982505 0.087517 -0.164390
vn 0.984178 0.056226 -0.168025
vn 0.981625 0.071655 -0.176856
vn 0.980481 0.070961 -0.183360
vn 0.976533 0.083892 -0.198359
vn 0.980459 0.053969 -0.189176
vn 0.976976 0.064346 -0.203415
vn 0.975993 0.061026 -0.209080
vn 0.971395 0.066551 -0.227951
vn 0.977260 0.043172 -0.207601
vn 0.973295 0.046702 -0.224758
vn 0.972641 0.041331 -0.228605
vn 0.967983 0.038495 -0.248048
vn 0.975135 0.025703 -0.220114
vn 0.971218 0.021775 -0.237195
vn 0.971008 0.015281 -0.238560
vn 0.966884 0.004572 -0.255176
vn 0.974451 0.004582 -0.224552
vn 0.971104 -0.006125 -0.238577
vn 0.971373 -0.012620 -0.237223
vn 0.968289 -0.029350 -0.248102
vn 0.975326 -0.016539 -0.220148
vn 0.972974 -0.032175 -0.228664
vn 0.973676 -0.037547 -0.224825
vn 0.971956 -0.057407 -0.228050
vn 0.977609 -0.034008 -0.207662
vn 0.976503 -0.051870 -0.209170
vn 0.977516 -0.055190 -0.203510
vn 0.977249 -0.074747 -0.198486
vn 0.980905 -0.044805 -0.189255
vn 0.981081 -0.061805 -0.183465
vn 0.982231 -0.062499 -0.176963
vn 0.983255 -0.078372 -0.164522
vn 0.984645 -0.047062 -0.168108
vn 0.985918 -0.060261 -0.155996
vn 0.987005 -0.058210 -0.149775
vn 0.988934 -0.067655 -0.132031
vn 0.988181 -0.040389 -0.147878
vn 0.990176 -0.047507 -0.131510
vn 0.991013 -0.043064 -0.126647
vn 0.993305 -0.044450 -0.106632
vn 0.990902 -0.025941 -0.132063
vn 0.993119 -0.025746 -0.114242
vn 0.993561 -0.019680 -0.111578
vn 0.995611 -0.012768 -0.092715
vn 0.992338 -0.006215 -0.123398
vn 0.994239 0.001258 -0.107178
vn 0.994209 0.007898 -0.107173
vn 0.995454 0.021912 -0.092687
vn 0.992240 0.015379 -0.123381
vn 0.993342 0.028836 -0.111539
vn 0.969077 0.161106 0.186907
vn 0.961739 0.230981 0.147329
vn 0.850991 -0.227202 -0.473490
vn 0.843047 -0.156257 -0.514642
vn 0.952122 0.290853 0.094173
vn 0.860389 -0.288984 -0.419784
vn 0.940554 0.338317 0.030016
vn 0.872613 -0.336748 -0.353762
vn 0.927641 0.371042 -0.042545
vn 0.885435 -0.371006 -0.279926
vn 0.913837 0.387887 -0.120188
vn 0.899881 -0.387336 -0.200463
vn 0.899868 0.387806 -0.199609
vn 0.913845 -0.388155 -0.119259
vn 0.886211 0.371118 -0.277311
vn 0.928078 -0.370221 -0.040104
vn 0.873606 0.338246 -0.349860
vn 0.940710 -0.337459 0.034439
vn 0.862448 0.290916 -0.414188
vn 0.952328 -0.288364 0.099587
vn 0.853393 0.230936 -0.467322
vn 0.961386 -0.227682 0.154589
vn 0.846663 0.161139 -0.507144
vn 0.968440 -0.155917 0.194459
vn 0.842731 0.084421 -0.531673
vn 0.972295 -0.077812 0.220427
vn 0.841584 0.004233 -0.540110
vn 0.973625 0.004217 0.228114
vn 0.843457 -0.075954 -0.531800
vn 0.971554 0.086244 0.220558
vn 0.848085 -0.152670 -0.507389
vn 0.966991 0.164355 0.194720
vn 0.855445 -0.222466 -0.467678
vn 0.959289 0.236118 0.154964
vn 0.865040 -0.282447 -0.414643
vn 0.949684 0.296800 0.100055
vn 0.876623 -0.329782 -0.350394
vn 0.937623 0.345888 0.034982
vn 0.889527 -0.362651 -0.277896
vn 0.924694 0.378657 -0.039507
vn 0.895487 -0.374735 -0.240160
vn 0.916754 0.391862 -0.077501
vn 0.909671 -0.383297 -0.159943
vn 0.917306 -0.379416 -0.120801
vn 0.896343 0.395771 -0.199838
vn 0.902246 0.400616 -0.159558
vn 0.930958 -0.362570 -0.043131
vn 0.882045 0.379439 -0.279327
vn 0.943574 -0.329846 0.029481
vn 0.869533 0.345181 -0.353216
vn 0.954713 -0.282384 0.093715
vn 0.857741 0.297413 -0.419315
vn 0.963788 -0.222514 0.146967
vn 0.848900 0.235636 -0.473122
vn 0.970495 -0.152639 0.186655
vn 0.841597 0.164688 -0.514386
vn 0.974456 -0.075972 0.211336
vn 0.838014 0.086075 -0.538817
vn 0.975577 0.004233 0.219616
vn 0.836400 0.004216 -0.548103
vn 0.973731 0.084438 0.211465
vn 0.838753 -0.077640 -0.538948
vn -0.156798 -0.406726 -0.899993
vn -0.137829 -0.587771 -0.797200
vn -0.535366 -0.536307 -0.652501
vn -0.552454 -0.371734 -0.746062
vn -0.112836 -0.743135 -0.659559
vn -0.512479 -0.677620 -0.527444
vn -0.082910 -0.866018 -0.493091
vn -0.485436 -0.789283 -0.376010
vn -0.049363 -0.951046 -0.305082
vn -0.454770 -0.866664 -0.205128
vn -0.013658 -0.994511 -0.103739
vn -0.422474 -0.906108 -0.022014
vn 0.022646 -0.994511 0.102152
vn -0.389291 -0.906188 0.165156
vn 0.057960 -0.951042 0.303577
vn -0.357356 -0.866589 0.348311
vn 0.090738 -0.866012 0.491721
vn -0.327376 -0.789349 0.519378
vn 0.119551 -0.743137 0.658373
vn -0.301358 -0.677563 0.670889
vn 0.143140 -0.587780 0.796258
vn -0.279728 -0.536360 0.796286
vn 0.160473 -0.406733 0.899342
vn -0.264152 -0.371707 0.889976
vn 0.170793 -0.207913 0.963121
vn -0.254585 -0.190958 0.948009
vn 0.173648 -0.000003 0.984808
vn -0.252176 -0.001913 0.967680
vn 0.168914 0.207916 0.963452
vn -0.256293 0.187141 0.948310
vn 0.156797 0.406744 0.899986
vn -0.267496 0.367895 0.890561
vn 0.137829 0.587778 0.797195
vn -0.284560 0.532539 0.797137
vn 0.112837 0.743127 0.659568
vn -0.307464 0.673733 0.671974
vn 0.082912 0.866012 0.493102
vn -0.334493 0.785528 0.520635
vn 0.049363 0.951047 0.305079
vn -0.365172 0.862772 0.349678
vn 0.013656 0.994512 0.103723
vn -0.397463 0.902370 0.166586
vn -0.022648 0.994510 -0.102162
vn -0.430643 0.902288 -0.020581
vn -0.057958 0.951046 -0.303566
vn -0.462581 0.862847 -0.203751
vn -0.090735 0.866023 -0.491702
vn -0.492549 0.785468 -0.374748
vn -0.119549 0.743146 -0.658363
vn -0.518585 0.673809 -0.526356
vn -0.143139 0.587785 -0.796254
vn -0.540194 0.532496 -0.651642
vn -0.160473 0.406736 -0.899341
vn -0.555796 0.367922 -0.745469
vn -0.170793 0.207912 -0.963121
vn -0.565337 0.187121 -0.803355
vn -0.173648 0.000001 -0.984808
vn -0.567776 -0.001908 -0.823181
vn -0.168914 -0.207908 -0.963453
vn -0.563629 -0.190938 -0.803657
vn 0.097812 0.405718 0.908749
vn 0.078891 0.586445 0.806138
vn -0.127692 0.565595 0.814737
vn -0.109377 0.391004 0.913867
vn 0.053926 0.741541 0.668737
vn -0.151774 0.715433 0.681998
vn -0.711960 0.449304 0.539666
vn -0.697028 0.354404 0.623337
vn -0.685167 0.244254 0.686211
vn 0.024069 0.864210 0.502555
vn -0.180654 0.833935 0.521456
vn -0.009434 0.949087 0.314874
vn -0.212985 0.915938 0.340139
vn -0.750649 0.576028 0.323601
vn -0.730484 0.523911 0.438077
vn -0.045063 0.992471 0.113892
vn -0.247440 0.957843 0.145981
vn -0.081316 0.992469 -0.091609
vn -0.282427 0.957848 -0.052554
vn -0.794537 0.602515 0.075409
vn -0.772672 0.602178 0.200895
vn -0.116551 0.949081 -0.292678
vn -0.316502 0.915926 -0.246793
vn -0.149286 0.864196 -0.480499
vn -0.348093 0.833927 -0.428248
vn -0.836040 0.524194 -0.162041
vn -0.816295 0.575702 -0.047212
vn -0.178034 0.741537 -0.646859
vn -0.375900 0.715424 -0.588955
vn -0.201596 0.586461 -0.784488
vn -0.398627 0.565615 -0.721926
vn -0.867979 0.354614 -0.347653
vn -0.853818 0.449047 -0.263348
vn -0.218884 0.405737 -0.887394
vn -0.415362 0.391019 -0.821327
vn -0.229198 0.207256 -0.951059
vn -0.425294 0.199275 -0.882844
vn -0.884833 0.123077 -0.449359
vn -0.878744 0.244128 -0.410135
vn -0.232034 -0.000286 -0.972708
vn -0.428067 -0.001227 -0.903746
vn -0.227324 -0.207813 -0.951387
vn -0.423483 -0.201713 -0.883162
vn -0.883688 -0.130357 -0.449557
vn -0.886770 -0.003647 -0.462196
vn -0.215215 -0.406278 -0.888043
vn -0.411818 -0.393442 -0.821955
vn -0.196294 -0.587006 -0.785425
vn -0.393506 -0.568040 -0.722830
vn -0.864742 -0.361887 -0.348224
vn -0.876505 -0.251401 -0.410531
vn -0.171333 -0.742084 -0.648041
vn -0.369425 -0.717852 -0.590096
vn -0.141480 -0.864737 -0.481885
vn -0.340550 -0.836349 -0.429588
vn -0.831272 -0.531464 -0.162887
vn -0.849727 -0.456324 -0.264069
vn -0.107976 -0.949620 -0.294215
vn -0.308218 -0.918346 -0.248277
vn -0.072344 -0.993014 -0.093216
vn -0.273762 -0.960274 -0.054106
vn -0.789061 -0.609790 0.074427
vn -0.811063 -0.582974 -0.048150
vn -0.036089 -0.993018 0.112304
vn -0.238770 -0.960273 0.144447
vn -0.000851 -0.949629 0.313376
vn -0.204692 -0.918362 0.338692
vn -0.745407 -0.583302 0.322687
vn -0.767195 -0.609459 0.199927
vn 0.031885 -0.864745 0.501199
vn -0.173102 -0.836351 0.520147
vn 0.060631 -0.742084 0.667559
vn -0.145297 -0.717858 0.680859
vn -0.707868 -0.456575 0.538945
vn -0.725714 -0.531180 0.437250
vn 0.084191 -0.587010 0.805190
vn -0.122571 -0.568041 0.813822
vn 0.101481 -0.406286 0.908093
vn -0.105832 -0.393452 0.913233
vn -0.682925 -0.251543 0.685813
vn -0.693794 -0.361692 0.622758
vn 0.111798 -0.207816 0.971758
vn -0.095901 -0.201715 0.974738
vn 0.114635 -0.000276 0.993408
vn -0.093125 -0.001217 0.995654
vn -0.674895 -0.003639 0.737905
vn -0.676948 -0.130291 0.724407
vn 0.109923 0.207259 0.972091
vn -0.097713 0.199277 0.975059
vn -0.678094 0.123008 0.724609
vn -0.988668 -0.023200 0.148313
vn -0.989227 -0.017330 0.145360
vn -0.987849 -0.027869 0.152896
vn -0.835723 -0.471902 -0.280848
vn -0.851177 -0.374246 -0.368020
vn -0.863426 -0.259884 -0.432384
vn -0.986929 -0.032013 0.157944
vn -0.985861 -0.034386 0.164002
vn -0.795718 -0.602938 -0.057436
vn -0.816539 -0.549738 -0.176215
vn -0.984736 -0.036084 0.170275
vn -0.983604 -0.035748 0.176761
vn -0.750338 -0.630329 0.199194
vn -0.772861 -0.630776 0.069340
vn -0.982468 -0.034704 0.183174
vn -0.981471 -0.031721 0.188968
vn -0.707422 -0.549344 0.444719
vn -0.727699 -0.603359 0.326210
vn -0.980517 -0.028122 0.194411
vn -0.979829 -0.023004 0.198511
vn -0.674394 -0.374000 0.636645
vn -0.688847 -0.472238 0.549982
vn -0.979221 -0.017467 0.202042
vn -0.978962 -0.011101 0.203738
vn -0.656969 -0.134586 0.741807
vn -0.663041 -0.260078 0.701952
vn -0.978804 -0.004585 0.204749
vn -0.979021 0.001928 0.203751
vn -0.658151 0.127468 0.742017
vn -0.654730 -0.003552 0.755855
vn -0.979338 0.008296 0.202062
vn -0.979995 0.013831 0.198540
vn -0.677745 0.366870 0.637235
vn -0.665359 0.252953 0.702361
vn -0.980730 0.018951 0.194448
vn -0.981716 0.022550 0.189013
vn -0.712351 0.542218 0.445596
vn -0.693083 0.465115 0.550729
vn -0.982740 0.025533 0.183221
vn -0.983886 0.026574 0.176813
vn -0.756001 0.623200 0.200211
vn -0.733115 0.596234 0.327181
vn -0.985021 0.026910 0.170324
vn -0.986130 0.025213 0.164050
vn -0.801135 0.595812 -0.056493
vn -0.778530 0.623653 0.070347
vn -0.987177 0.022840 0.157986
vn -0.988060 0.018701 0.152930
vn -0.839951 0.464781 -0.280110
vn -0.821475 0.542610 -0.175363
vn -0.988837 0.014029 0.148341
vn -0.989342 0.008159 0.145382
vn -0.865743 0.252774 -0.431966
vn -0.854523 0.367139 -0.367422
vn -0.989712 0.001998 0.143057
vn -0.989755 -0.004585 0.142704
vn -0.874046 -0.003561 -0.485830
vn -0.871964 0.127565 -0.472658
vn -0.989653 -0.011171 0.143046
vn -0.870778 -0.134680 -0.472871
vn -0.098125 -0.405726 -0.908712
vn -0.079207 -0.586455 -0.806100
vn -0.558310 -0.536840 -0.632529
vn -0.600543 -0.353575 -0.717171
vn -0.054244 -0.741555 -0.668696
vn -0.562196 -0.652884 -0.507620
vn -0.024384 -0.864228 -0.502509
vn -0.508605 -0.783415 -0.357186
vn 0.009122 -0.949107 -0.314823
vn -0.506411 -0.839670 -0.196219
vn 0.044749 -0.992491 -0.113840
vn -0.446301 -0.894857 -0.006822
vn 0.081000 -0.992490 0.091664
vn -0.442845 -0.881631 0.163142
vn 0.116242 -0.949101 0.292737
vn -0.382164 -0.851926 0.358012
vn 0.148984 -0.864214 0.480560
vn -0.382474 -0.771521 0.508399
vn 0.177736 -0.741554 0.646921
vn -0.327283 -0.662038 0.674233
vn 0.201299 -0.586475 0.784555
vn -0.335745 -0.528390 0.779795
vn 0.218587 -0.405745 0.887463
vn -0.291152 -0.358030 0.887156
vn 0.228901 -0.207260 0.951130
vn -0.310740 -0.194244 0.930435
vn 0.231735 0.000285 0.972779
vn -0.280021 0.007550 0.959964
vn 0.227024 0.207816 0.951458
vn -0.311782 0.173095 0.934254
vn 0.214915 0.406285 0.888113
vn -0.295807 0.371447 0.880071
vn 0.195991 0.587016 0.785494
vn -0.338685 0.510140 0.790600
vn 0.171029 0.742095 0.648108
vn -0.335785 0.670775 0.661293
vn 0.141172 0.864752 0.481948
vn -0.386800 0.758595 0.524328
vn 0.107667 0.949637 0.294273
vn -0.393038 0.853768 0.341470
vn 0.072034 0.993031 0.093274
vn -0.447811 0.875523 0.181452
vn 0.035779 0.993036 -0.112246
vn -0.457674 0.888793 -0.024127
vn 0.000539 0.949646 -0.313326
vn -0.511168 0.840689 -0.178745
vn -0.032197 0.864757 -0.501157
vn -0.518512 0.769771 -0.372287
vn -0.060943 0.742095 -0.667518
vn -0.565909 0.660114 -0.493961
vn -0.084503 0.587021 -0.805150
vn -0.565028 0.517317 -0.642749
vn -0.101792 0.406295 -0.908055
vn -0.602570 0.365044 -0.709685
vn -0.112106 0.207820 -0.971722
vn -0.589186 0.175057 -0.788806
vn -0.114941 0.000274 -0.993372
vn -0.614821 0.006472 -0.788640
vn -0.110230 -0.207266 -0.972055
vn -0.586808 -0.197823 -0.785189
vn -0.156794 -0.406726 -0.899994
vn -0.137829 -0.587771 -0.797200
vn -0.137829 -0.587771 -0.797200
vn -0.156798 -0.406726 -0.899994
vn -0.112836 -0.743135 -0.659559
vn -0.112836 -0.743135 -0.659559
vn -0.082910 -0.866018 -0.493091
vn -0.082910 -0.866018 -0.493091
vn -0.049363 -0.951046 -0.305082
vn -0.049363 -0.951046 -0.305082
vn -0.013661 -0.994511 -0.103739
vn -0.013660 -0.994511 -0.103739
vn 0.022643 -0.994511 0.102152
vn 0.022644 -0.994511 0.102152
vn 0.057960 -0.951042 0.303577
vn 0.057960 -0.951042 0.303578
vn 0.090738 -0.866012 0.491721
vn 0.090738 -0.866012 0.491721
vn 0.119553 -0.743137 0.658372
vn 0.119551 -0.743137 0.658373
vn 0.143140 -0.587780 0.796257
vn 0.143140 -0.587780 0.796258
vn 0.160473 -0.406733 0.899342
vn 0.160473 -0.406733 0.899342
vn 0.170793 -0.207913 0.963121
vn 0.170793 -0.207913 0.963121
vn 0.173646 -0.000004 0.984808
vn 0.173647 -0.000003 0.984808
vn 0.168916 0.207916 0.963451
vn 0.168914 0.207916 0.963452
vn 0.156797 0.406744 0.899986
vn 0.156797 0.406744 0.899986
vn 0.137825 0.587778 0.797196
vn 0.137828 0.587779 0.797195
vn 0.112839 0.743127 0.659567
vn 0.112838 0.743127 0.659568
vn 0.082910 0.866012 0.493102
vn 0.082912 0.866011 0.493102
vn 0.049362 0.951047 0.305079
vn 0.049362 0.951047 0.305079
vn 0.013658 0.994512 0.103723
vn 0.013658 0.994512 0.103723
vn -0.022648 0.994510 -0.102162
vn -0.022647 0.994510 -0.102162
vn -0.057962 0.951046 -0.303565
vn -0.057959 0.951046 -0.303567
vn -0.090735 0.866023 -0.491702
vn -0.090735 0.866023 -0.491702
vn -0.119549 0.743146 -0.658363
vn -0.119549 0.743146 -0.658363
vn -0.143140 0.587785 -0.796254
vn -0.143140 0.587785 -0.796254
vn -0.160473 0.406736 -0.899341
vn -0.160474 0.406736 -0.899341
vn -0.170793 0.207912 -0.963121
vn -0.170793 0.207912 -0.963121
vn -0.173651 0.000002 -0.984807
vn -0.173648 0.000001 -0.984808
vn -0.168914 -0.207908 -0.963453
vn -0.168914 -0.207908 -0.963453
vn -0.320738 -0.578117 -0.750272
vn -0.339467 -0.400299 -0.851189
vn -0.296295 -0.730699 -0.615051
vn -0.266800 -0.851406 -0.451581
vn -0.233956 -0.934896 -0.266898
vn -0.198784 -0.977598 -0.069187
vn -0.163238 -0.977578 0.133018
vn -0.128448 -0.934909 0.330826
vn -0.096354 -0.851377 0.515629
vn -0.067945 -0.730714 0.679294
vn -0.044885 -0.578128 0.814711
vn -0.027756 -0.400327 0.915952
vn -0.017730 -0.205042 0.978593
vn -0.014817 -0.000850 0.999890
vn -0.019576 0.203325 0.978916
vn -0.031368 0.398594 0.916591
vn -0.050109 0.576395 0.815633
vn -0.074545 0.728984 0.680460
vn -0.104039 0.849643 0.516994
vn -0.136884 0.933174 0.332338
vn -0.172061 0.975847 0.134603
vn -0.207610 0.975872 -0.067618
vn -0.242396 0.933163 -0.265427
vn -0.274485 0.849665 -0.450253
vn -0.302886 0.728968 -0.613894
vn -0.325950 0.576412 -0.749337
vn -0.343076 0.398595 -0.850541
vn -0.353108 0.203333 -0.913220
vn -0.356014 -0.000862 -0.934480
vn -0.351263 -0.205050 -0.913547
vn -0.594864 0.414486 0.688723
vn -0.581969 0.285608 0.761407
vn -0.613196 0.524521 0.590651
vn -0.633895 0.612241 0.472587
vn -0.658270 0.672181 0.338901
vn -0.683110 0.703557 0.195880
vn -0.709409 0.703042 0.049714
vn -0.734009 0.672662 -0.093579
vn -0.757764 0.611787 -0.226959
vn -0.777778 0.524906 -0.345739
vn -0.794978 0.414196 -0.443229
vn -0.806862 0.285831 -0.516986
vn -0.814618 0.144414 -0.561731
vn -0.816223 -0.003237 -0.577727
vn -0.813281 -0.150882 -0.561968
vn -0.804250 -0.292283 -0.517448
vn -0.791207 -0.420654 -0.443895
vn -0.773006 -0.531361 -0.346580
vn -0.752208 -0.618243 -0.227945
vn -0.727902 -0.679114 -0.094671
vn -0.703026 -0.709504 0.048570
vn -0.676722 -0.710014 0.194749
vn -0.652165 -0.678638 0.337834
vn -0.628327 -0.618689 0.471623
vn -0.608420 -0.530985 0.589814
vn -0.591089 -0.420955 0.688049
vn -0.579360 -0.292083 0.760939
vn -0.571435 -0.150988 0.806638
vn -0.570003 -0.003233 0.821636
vn -0.572770 0.144525 0.806875
vn -0.645672 -0.498065 -0.578825
vn -0.662033 -0.345305 -0.665189
vn -0.624977 -0.628869 -0.462523
vn -0.112835 -0.743136 -0.659559
vn -0.137830 -0.587771 -0.797200
vn -0.156805 -0.406726 -0.899992
vn -0.599366 -0.732675 -0.322409
vn -0.571471 -0.804122 -0.163731
vn -0.049363 -0.951046 -0.305083
vn -0.082910 -0.866018 -0.493091
vn -0.540971 -0.841020 0.005888
vn -0.510776 -0.840759 0.179535
vn 0.022650 -0.994511 0.102151
vn -0.013655 -0.994511 -0.103740
vn -0.480588 -0.804367 0.349326
vn -0.453378 -0.732447 0.507908
vn 0.090738 -0.866012 0.491721
vn 0.057960 -0.951042 0.303578
vn -0.428657 -0.629065 0.648483
vn -0.409210 -0.497917 0.764608
vn 0.143140 -0.587780 0.796258
vn 0.119549 -0.743137 0.658373
vn -0.394152 -0.345416 0.851665
vn -0.385901 -0.177722 0.905260
vn 0.170793 -0.207914 0.963121
vn 0.160473 -0.406733 0.899342
vn -0.383041 -0.002469 0.923728
vn -0.387490 0.172785 0.905537
vn 0.168906 0.207915 0.963453
vn 0.173652 -0.000003 0.984807
vn -0.397251 0.340490 0.852208
vn -0.413683 0.492981 0.765399
vn 0.137835 0.587779 0.797194
vn 0.156796 0.406744 0.899986
vn -0.434318 0.624123 0.649491
vn -0.459977 0.727507 0.509072
vn 0.082916 0.866012 0.493101
vn 0.112835 0.743127 0.659569
vn -0.487837 0.799437 0.350594
vn -0.500835 0.823161 0.267526
vn 0.031878 0.977896 0.206647
vn 0.049363 0.951047 0.305079
vn -0.548554 0.836084 0.007218
vn -0.531744 0.841811 0.092754
vn -0.578715 0.799186 -0.162453
vn -0.057951 0.951046 -0.303568
vn -0.022648 0.994510 -0.102162
vn -0.004727 0.999989 -0.000361
vn -0.605965 0.727745 -0.321236
vn -0.630636 0.623940 -0.461515
vn -0.119550 0.743146 -0.658363
vn -0.090737 0.866024 -0.491701
vn -0.650152 0.493141 -0.578027
vn -0.665131 0.340376 -0.664640
vn -0.160473 0.406736 -0.899341
vn -0.143143 0.587785 -0.796253
vn -0.673467 0.172841 -0.718727
vn -0.676236 -0.002467 -0.736681
vn -0.173648 0.000001 -0.984808
vn -0.170793 0.207912 -0.963121
vn -0.671883 -0.177770 -0.719007
vn -0.168914 -0.207908 -0.963453
f 1/1/1 2/2/2 3/3/3
f 1/1/1 3/3/3 4/4/4
f 2/2/2 5/5/5 6/6/6
f 2/2/2 6/6/6 3/3/3
f 3/3/3 6/6/6 7/7/7
f 3/3/3 7/7/7 8/8/8
f 4/4/4 3/3/3 8/8/8
f 4/4/4 8/8/8 9/9/9
f 5/5/5 10/10/10 11/11/11
f 5/5/5 11/11/11 6/6/6
f 10/10/10 12/12/12 13/13/13
f 10/10/10 13/13/13 11/11/11
f 11/11/11 13/13/13 14/14/14
f 11/11/11 14/14/14 15/15/15
f 6/6/6 11/11/11 15/15/15
f 6/6/6 15/15/15 7/7/7
f 12/12/12 16/16/16 17/17/17
f 12/12/12 17/17/17 13/13/13
f 16/16/16 18/18/18 19/19/19
f 16/16/16 19/19/19 17/17/17
f 17/17/17 19/19/19 20/20/20
f 17/17/17 20/20/20 21/21/21
f 13/13/13 17/17/17 21/21/21
f 13/13/13 21/21/21 14/14/14
f 18/18/18 22/22/22 23/23/23
f 18/18/18 23/23/23 19/19/19
f 22/22/22 24/24/24 25/25/25
f 22/22/22 25/25/25 23/23/23
f 23/23/23 25/25/25 26/26/26
f 23/23/23 26/26/26 27/27/27
f 19/19/19 23/23/23 27/27/27
f 19/19/19 27/27/27 20/20/20
f 24/24/24 28/28/28 29/29/29
f 24/24/24 29/29/29 25/25/25
f 28/28/28 30/30/30 31/31/31
f 28/28/28 31/31/31 29/29/29
f 29/29/29 31/31/31 32/32/32
f 29/29/29 32/32/32 33/33/33
f 25/25/25 29/29/29 33/33/33
f 25/25/25 33/33/33 26/26/26
f 30/30/30 34/34/34 35/35/35
f 30/30/30 35/35/35 31/31/31
f 34/34/34 36/36/36 37/37/37
f 34/34/34 37/37/37 35/35/35
f 35/35/35 37/37/37 38/38/38
f 35/35/35 38/38/38 39/39/39
f 31/31/31 35/35/35 39/39/39
f 31/31/31 39/39/39 32/32/32
f 36/36/36 40/40/40 41/41/41
f 36/36/36 41/41/41 37/37/37
f 40/40/40 42/42/42 43/43/43
f 40/40/40 43/43/43 41/41/41
f 41/41/41 43/43/43 44/44/44
f 41/41/41 44/44/44 45/45/45
f 37/37/37 41/41/41 45/45/45
f 37/37/37 45/45/45 38/38/38
f 42/42/42 46/46/46 47/47/47
f 42/42/42 47/47/47 43/43/43
f 46/46/46 48/48/48 49/49/49
f 46/46/46 49/49/49 47/47/47
f 47/47/47 49/49/49 50/50/50
f 47/47/47 50/50/50 51/51/51
f 43/43/43 47/47/47 51/51/51
f 43/43/43 51/51/51 44/44/44
f 48/48/48 52/52/52 53/53/53
f 48/48/48 53/53/53 49/49/49
f 52/52/52 54/54/54 55/55/55
f 52/52/52 55/55/55 53/53/53
f 53/53/53 55/55/55 56/56/56
f 53/53/53 56/56/56 57/57/57
f 49/49/49 53/53/53 57/57/57
f 49/49/49 57/57/57 50/50/50
f 54/54/54 58/58/58 59/59/59
f 54/54/54 59/59/59 55/55/55
f 58/58/58 60/60/60 61/61/61
f 58/58/58 61/61/61 59/59/59
f 59/59/59 61/61/61 62/62/62
f 59/59/59 62/62/62 63/63/63
f 55/55/55 59/59/59 63/63/63
f 55/55/55 63/63/63 56/56/56
f 60/60/60 64/64/64 65/65/65
f 60/60/60 65/65/65 61/61/61
f 64/64/64 66/66/66 67/67/67
f 64/64/64 67/67/67 65/65/65
f 65/65/65 67/67/67 68/68/68
f 65/65/65 68/68/68 69/69/69
f 61/61/61 65/65/65 69/69/69
f 61/61/61 69/69/69 62/62/62
f 66/66/66 70/70/70 71/71/71
f 66/66/66 71/71/71 67/67/67
f 70/70/70 72/72/72 73/73/73
f 70/70/70 73/73/73 71/71/71
f 71/71/71 73/73/73 74/74/74
f 71/71/71 74/74/74 75/75/75
f 67/67/67 71/71/71 75/75/75
f 67/67/67 75/75/75 68/68/68
f 72/72/72 76/76/76 77/77/77
f 72/72/72 77/77/77 73/73/73
f 76/76/76 78/78/78 79/79/79
f 76/76/76 79/79/79 77/77/77
f 77/77/77 79/79/79 80/80/80
f 77/77/77 80/80/80 81/81/81
f 73/73/73 77/77/77 81/81/81
f 73/73/73 81/81/81 74/74/74
f 78/78/78 82/82/82 83/83/83
f 78/78/78 83/83/83 79/79/79
f 82/82/82 84/84/84 85/85/85
f 82/82/82 85/85/85 83/83/83
f 83/83/83 85/85/85 86/86/86
f 83/83/83 86/86/86 87/87/87
f 79/79/79 83/83/83 87/87/87
f 79/79/79 87/87/87 80/80/80
f 84/84/84 88/88/88 89/89/89
f 84/84/84 89/89/89 85/85/85
f 88/88/88 1/1/1 4/4/4
f 88/88/88 4/4/4 89/89/89
f 89/89/89 4/4/4 9/9/9
f 89/89/89 9/9/9 90/90/90
f 85/85/85 89/89/89 90/90/90
f 85/85/85 90/90/90 86/86/86
f 9/9/9 8/8/8 91/91/91
f 9/9/9 91/91/91 92/92/92
f 8/8/8 7/7/7 93/93/93
f 8/8/8 93/93/93 91/91/91
f 91/91/91 93/93/93 94/94/94
f 91/91/91 94/94/94 95/95/95
f 92/92/92 91/91/91 95/95/95
f 92/92/92 95/95/95 96/96/96
f 7/7/7 15/15/15 97/97/97
f 7/7/7 97/97/97 93/93/93
f 15/15/15 14/14/14 98/98/98
f 15/15/15 98/98/98 97/97/97
f 97/97/97 98/98/98 99/99/99
f 97/97/97 99/99/99 100/100/100
f 93/93/93 97/97/97 100/100/100
f 93/93/93 100/100/100 94/94/94
f 14/14/14 21/21/21 101/101/101
f 14/14/14 101/101/101 98/98/98
f 21/21/21 20/20/20 102/102/102
f 21/21/21 102/102/102 101/101/101
f 101/101/101 102/102/102 103/103/103
f 101/101/101 103/103/103 104/104/104
f 98/98/98 101/101/101 104/104/104
f 98/98/98 104/104/104 99/99/99
f 20/20/20 27/27/27 105/105/105
f 20/20/20 105/105/105 102/102/102
f 27/27/27 26/26/26 106/106/106
f 27/27/27 106/106/106 105/105/105
f 105/105/105 106/106/106 107/107/107
f 105/105/105 107/107/107 108/108/108
f 102/102/102 105/105/105 108/108/108
f 102/102/102 108/108/108 103/103/103
f 26/26/26 33/33/33 109/109/109
f 26/26/26 109/109/109 106/106/106
f 33/33/33 32/32/32 110/110/110
f 33/33/33 110/110/110 109/109/109
f 109/109/109 110/110/110 111/111/111
f 109/109/109 111/111/111 112/112/112
f 106/106/106 109/109/109 112/112/112
f 106/106/106 112/112/112 107/107/107
f 32/32/32 39/39/39 113/113/113
f 32/32/32 113/113/113 110/110/110
f 39/39/39 38/38/38 114/114/114
f 39/39/39 114/114/114 113/113/113
f 113/113/113 114/114/114 115/115/115
f 113/113/113 115/115/115 116/116/116
f 110/110/110 113/113/113 116/116/116
f 110/110/110 116/116/116 111/111/111
f 38/38/38 45/45/45 117/117/117
f 38/38/38 117/117/117 114/114/114
f 45/45/45 44/44/44 118/118/118
f 45/45/45 118/118/118 117/117/117
f 117/117/117 118/118/118 119/119/119
f 117/117/117 119/119/119 120/120/120
f 114/114/114 117/117/117 120/120/120
f 114/114/114 120/120/120 115/115/115
f 44/44/44 51/51/51 121/121/121
f 44/44/44 121/121/121 118/118/118
f 51/51/51 50/50/50 122/122/122
f 51/51/51 122/122/122 121/121/121
f 121/121/121 122/122/122 123/123/123
f 121/121/121 123/123/123 124/124/124
f 118/118/118 121/121/121 124/124/124
f 118/118/118 124/124/124 119/119/119
f 50/50/50 57/57/57 125/125/125
f 50/50/50 125/125/125 122/122/122
f 57/57/57 56/56/56 126/126/126
f 57/57/57 126/126/126 125/125/125
f 125/125/125 126/126/126 127/127/127
f 125/125/125 127/127/127 128/128/128
f 122/122/122 125/125/125 128/128/128
f 122/122/122 128/128/128 123/123/123
f 56/56/56 63/63/63 129/129/129
f 56/56/56 129/129/129 126/126/126
f 63/63/63 62/62/62 130/130/130
f 63/63/63 130/130/130 129/129/129
f 129/129/129 130/130/130 131/131/131
f 129/129/129 131/131/131 132/132/132
f 126/126/126 129/129/129 132/132/132
f 126/126/126 132/132/132 127/127/127
f 62/62/62 69/69/69 133/133/133
f 62/62/62 133/133/133 130/130/130
f 69/69/69 68/68/68 134/134/134
f 69/69/69 134/134/134 133/133/133
f 133/133/133 134/134/134 135/135/135
f 133/133/133 135/135/135 136/136/136
f 130/130/130 133/133/133 136/136/136
f 130/130/130 136/136/136 131/131/131
f 68/68/68 75/75/75 137/137/137
f 68/68/68 137/137/137 134/134/134
f 75/75/75 74/74/74 138/138/138
f 75/75/75 138/138/138 137/137/137
f 137/137/137 138/138/138 139/139/139
f 137/137/137 139/139/139 140/140/140
f 134/134/134 137/137/137 140/140/140
f 134/134/134 140/140/140 135/135/135
f 74/74/74 81/81/81 141/141/141
f 74/74/74 141/141/141 138/138/138
f 81/81/81 80/80/80 142/142/142
f 81/81/81 142/142/142 141/141/141
f 141/141/141 142/142/142 143/143/143
f 141/141/141 143/143/143 144/144/144
f 138/138/138 141/141/141 144/144/144
f 138/138/138 144/144/144 139/139/139
f 80/80/80 87/87/87 145/145/145
f 80/80/80 145/145/145 142/142/142
f 87/87/87 86/86/86 146/146/146
f 87/87/87 146/146/146 145/145/145
f 145/145/145 146/146/146 147/147/147
f 145/145/145 147/147/147 148/148/148
f 142/142/142 145/145/145 148/148/148
f 142/142/142 148/148/148 143/143/143
f 86/86/86 90/90/90 149/149/149
f 86/86/86 149/149/149 146/146/146
f 90/90/90 9/9/9 92/92/92
f 90/90/90 92/92/92 149/149/149
f 149/149/149 92/92/92 96/96/96
f 149/149/149 96/96/96 150/150/150
f 146/146/146 149/149/149 150/150/150
f 146/146/146 150/150/150 147/147/147
f 96/96/96 95/95/95 151/151/151
f 96/96/96 151/151/151 152/152/152
f 95/95/95 94/94/94 153/153/153
f 95/95/95 153/153/153 151/151/151
f 151/151/151 153/153/153 154/154/154
f 151/151/151 154/154/154 155/155/155
f 152/152/152 151/151/151 155/155/155
f 152/152/152 155/155/155 156/156/156
f 94/94/94 100/100/100 157/157/157
f 94/94/94 157/157/157 153/153/153
f 100/100/100 99/99/99 158/158/158
f 100/100/100 158/158/158 157/157/157
f 157/157/157 158/158/158 159/159/159
f 157/157/157 159/159/159 160/160/160
f 153/153/153 157/157/157 160/160/160
f 153/153/153 160/160/160 154/154/154
f 99/99/99 104/104/104 161/161/161
f 99/99/99 161/161/161 158/158/158
f 104/104/104 103/103/103 162/162/162
f 104/104/104 162/162/162 161/161/161
f 161/161/161 162/162/162 163/163/163
f 161/161/161 163/163/163 164/164/164
f 158/158/158 161/161/161 164/164/164
f 158/158/158 164/164/164 159/159/159
f 103/103/103 108/108/108 165/165/165
f 103/103/103 165/165/165 162/162/162
f 108/108/108 107/107/107 166/166/166
f 108/108/108 166/166/166 165/165/165
f 165/165/165 166/166/166 167/167/167
f 165/165/165 167/167/167 168/168/168
f 162/162/162 165/165/165 168/168/168
f 162/162/162 168/168/168 163/163/163
f 107/107/107 112/112/112 169/169/169
f 107/107/107 169/169/169 166/166/166
f 112/112/112 111/111/111 170/170/170
f 112/112/112 170/170/170 169/169/169
f 169/169/169 170/170/170 171/171/171
f 169/169/169 171/171/171 172/172/172
f 166/166/166 169/169/169 172/172/172
f 166/166/166 172/172/172 167/167/167
f 111/111/111 116/116/116 173/173/173
f 111/111/111 173/173/173 170/170/170
f 116/116/116 115/115/115 174/174/174
f 116/116/116 174/174/174 173/173/173
f 173/173/173 174/174/174 175/175/175
f 173/173/173 175/175/175 176/176/176
f 170/170/170 173/173/173 176/176/176
f 170/170/170 176/176/176 171/171/171
f 115/115/115 120/120/120 177/177/177
f 115/115/115 177/177/177 174/174/174
f 120/120/120 119/119/119 178/178/178
f 120/120/120 178/178/178 177/177/177
f 177/177/177 178/178/178 179/179/179
f 177/177/177 179/179/179 180/180/180
f 174/174/174 177/177/177 180/180/180
f 174/174/174 180/180/180 175/175/175
f 119/119/119 124/124/124 181/181/181
f 119/119/119 181/181/181 178/178/178
f 124/124/124 123/123/123 182/182/182
f 124/124/124 182/182/182 181/181/181
f 181/181/181 182/182/182 183/183/183
f 181/181/181 183/183/183 184/184/184
f 178/178/178 181/181/181 184/184/184
f 178/178/178 184/184/184 179/179/179
f 123/123/123 128/128/128 185/185/185
f 123/123/123 185/185/185 182/182/182
f 128/128/128 127/127/127 186/186/186
f 128/128/128 186/186/186 185/185/185
f 185/185/185 186/186/186 187/187/187
f 185/185/185 187/187/187 188/188/188
f 182/182/182 185/185/185 188/188/188
f 182/182/182 188/188/188 183/183/183
f 127/127/127 132/132/132 189/189/189
f 127/127/127 189/189/189 186/186/186
f 132/132/132 131/131/131 190/190/190
f 132/132/132 190/190/190 189/189/189
f 189/189/189 190/190/190 191/191/191
f 189/189/189 191/191/191 192/192/192
f 186/186/186 189/189/189 192/192/192
f 186/186/186 192/192/192 187/187/187
f 131/131/131 136/136/136 193/193/193
f 131/131/131 193/193/193 190/190/190
f 136/136/136 135/135/135 194/194/194
f 136/136/136 194/194/194 193/193/193
f 193/193/193 194/194/194 195/195/195
f 193/193/193 195/195/195 196/196/196
f 190/190/190 193/193/193 196/196/196
f 190/190/190 196/196/196 191/191/191
f 135/135/135 140/140/140 197/197/197
f 135/135/135 197/197/197 194/194/194
f 140/140/140 139/139/139 198/198/198
f 140/140/140 198/198/198 197/197/197
f 197/197/197 198/198/198 199/199/199
f 197/197/197 199/199/199 200/200/200
f 194/194/194 197/197/197 200/200/200
f 194/194/194 200/200/200 195/195/195
f 139/139/139 144/144/144 201/201/201
f 139/139/139 201/201/201 198/198/198
f 144/144/144 143/143/143 202/202/202
f 144/144/144 202/202/202 201/201/201
f 201/201/201 202/202/202 203/203/203
f 201/201/201 203/203/203 204/204/204
f 198/198/198 201/201/201 204/204/204
f 198/198/198 204/204/204 199/199/199
f 143/143/143 148/148/148 205/205/205
f 143/143/143 205/205/205 202/202/202
f 148/148/148 147/147/147 206/206/206
f 148/148/148 206/206/206 205/205/205
f 205/205/205 206/206/206 207/207/207
f 205/205/205 207/207/207 208/208/208
f 202/202/202 205/205/205 208/208/208
f 202/202/202 208/208/208 203/203/203
f 147/147/147 150/150/150 209/209/209
f 147/147/147 209/209/209 206/206/206
f 150/150/150 96/96/96 152/152/152
f 150/150/150 152/152/152 209/209/209
f 209/209/209 152/152/152 156/156/156
f 209/209/209 156/156/156 210/210/210
f 206/206/206 209/209/209 210/210/210
f 206/206/206 210/210/210 207/207/207
f 156/156/156 155/155/155 211/211/211
f 156/156/156 211/211/211 212/212/212
f 155/155/155 154/154/154 213/213/213
f 155/155/155 213/213/213 211/211/211
f 211/211/211 213/213/213 214/214/214
f 211/211/211 214/214/214 215/215/215
f 212/212/212 211/211/211 215/215/215
f 212/212/212 215/215/215 216/216/216
f 154/154/154 160/160/160 217/217/217
f 154/154/154 217/217/217 213/213/213
f 160/160/160 159/159/159 218/218/218
f 160/160/160 218/218/218 217/217/217
f 217/217/217 218/218/218 219/219/219
f 217/217/217 219/219/219 220/220/220
f 213/213/213 217/217/217 220/220/220
f 213/213/213 220/220/220 214/214/214
f 159/159/159 164/164/164 221/221/221
f 159/159/159 221/221/221 218/218/218
f 164/164/164 163/163/163 222/222/222
f 164/164/164 222/222/222 221/221/221
f 221/221/221 222/222/222 223/223/223
f 221/221/221 223/223/223 224/224/224
f 218/218/218 221/221/221 224/224/224
f 218/218/218 224/224/224 219/219/219
f 163/163/163 168/168/168 225/225/225
f 163/163/163 225/225/225 222/222/222
f 168/168/168 167/167/167 226/226/226
f 168/168/168 226/226/226 225/225/225
f 225/225/225 226/226/226 227/227/227
f 225/225/225 227/227/227 228/228/228
f 222/222/222 225/225/225 228/228/228
f 222/222/222 228/228/228 223/223/223
f 167/167/167 172/172/172 229/229/229
f 167/167/167 229/229/229 226/226/226
f 172/172/172 171/171/171 230/230/230
f 172/172/172 230/230/230 229/229/229
f 229/229/229 230/230/230 231/231/231
f 229/229/229 231/231/231 232/232/232
f 226/226/226 229/229/229 232/232/232
f 226/226/226 232/232/232 227/227/227
f 171/171/171 176/176/176 233/233/233
f 171/171/171 233/233/233 230/230/230
f 176/176/176 175/175/175 234/234/234
f 176/176/176 234/234/234 233/233/233
f 233/233/233 234/234/234 235/235/235
f 233/233/233 235/235/235 236/236/236
f 230/230/230 233/233/233 236/236/236
f 230/230/230 236/236/236 231/231/231
f 175/175/175 180/180/180 237/237/237
f 175/175/175 237/237/237 234/234/234
f 180/180/180 179/179/179 238/238/238
f 180/180/180 238/238/238 237/237/237
f 237/237/237 238/238/238 239/239/239
f 237/237/237 239/239/239 240/240/240
f 234/234/234 237/237/237 240/240/240
f 234/234/234 240/240/240 235/235/235
f 179/179/179 184/184/184 241/241/241
f 179/179/179 241/241/241 238/238/238
f 184/184/184 183/183/183 242/242/242
f 184/184/184 242/242/242 241/241/241
f 241/241/241 242/242/242 243/243/243
f 241/241/241 243/243/243 244/244/244
f 238/238/238 241/241/241 244/244/244
f 238/238/238 244/244/244 239/239/239
f 183/183/183 188/188/188 245/245/245
f 183/183/183 245/245/245 242/242/242
f 188/188/188 187/187/187 246/246/246
f 188/188/188 246/246/246 245/245/245
f 245/245/245 246/246/246 247/247/247
f 245/245/245 247/247/247 248/248/248
f 242/242/242 245/245/245 248/248/248
f 242/242/242 248/248/248 243/243/243
f 187/187/187 192/192/192 249/249/249
f 187/187/187 249/249/249 246/246/246
f 192/192/192 191/191/191 250/250/250
f 192/192/192 250/250/250 249/249/249
f 249/249/249 250/250/250 251/251/251
f 249/249/249 251/251/251 252/252/252
f 246/246/246 249/249/249 252/252/252
f 246/246/246 252/252/252 247/247/247
f 191/191/191 196/196/196 253/253/253
f 191/191/191 253/253/253 250/250/250
f 196/196/196 195/195/195 254/254/254
f 196/196/196 254/254/254 253/253/253
f 253/253/253 254/254/254 255/255/255
f 253/253/253 255/255/255 256/256/256
f 250/250/250 253/253/253 256/256/256
f 250/250/250 256/256/256 251/251/251
f 195/195/195 200/200/200 257/257/257
f 195/195/195 257/257/257 254/254/254
f 200/200/200 199/199/199 258/258/258
f 200/200/200 258/258/258 257/257/257
f 257/257/257 258/258/258 259/259/259
f 257/257/257 259/259/259 260/260/260
f 254/254/254 257/257/257 260/260/260
f 254/254/254 260/260/260 255/255/255
f 199/199/199 204/204/204 261/261/261
f 199/199/199 261/261/261 258/258/258
f 204/204/204 203/203/203 262/262/262
f 204/204/204 262/262/262 261/261/261
f 261/261/261 262/262/262 263/263/263
f 261/261/261 263/263/263 264/264/264
f 258/258/258 261/261/261 264/264/264
f 258/258/258 264/264/264 259/259/259
f 203/203/203 208/208/208 265/265/265
f 203/203/203 265/265/265 262/262/262
f 208/208/208 207/207/207 266/266/266
f 208/208/208 266/266/266 265/265/265
f 265/265/265 266/266/266 267/267/267
f 265/265/265 267/267/267 268/268/268
f 262/262/262 265/265/265 268/268/268
f 262/262/262 268/268/268 263/263/263
f 207/207/207 210/210/210 269/269/269
f 207/207/207 269/269/269 266/266/266
f 210/210/210 156/156/156 212/212/212
f 210/210/210 212/212/212 269/269/269
f 269/269/269 212/212/212 216/216/216
f 269/269/269 216/216/216 270/270/270
f 266/266/266 269/269/269 270/270/270
f 266/266/266 270/270/270 267/267/267
f 216/216/216 215/215/215 271/271/271
f 216/216/216 271/271/271 272/272/272
f 215/215/215 214/214/214 273/273/273
f 215/215/215 273/273/273 271/271/271
f 271/271/271 273/273/273 274/274/274
f 271/271/271 274/274/274 275/275/275
f 272/272/272 271/271/271 275/275/275
f 272/272/272 275/275/275 276/276/276
f 214/214/214 220/220/220 277/277/277
f 214/214/214 277/277/277 273/273/273
f 220/220/220 219/219/219 278/278/278
f 220/220/220 278/278/278 277/277/277
f 277/277/277 278/278/278 279/279/279
f 277/277/277 279/279/279 280/280/280
f 273/273/273 277/277/277 280/280/280
f 273/273/273 280/280/280 274/274/274
f 219/219/219 224/224/224 281/281/281
f 219/219/219 281/281/281 278/278/278
f 224/224/224 223/223/223 282/282/282
f 224/224/224 282/282/282 281/281/281
f 281/281/281 282/282/282 283/283/283
f 281/281/281 283/283/283 284/284/284
f 278/278/278 281/281/281 284/284/284
f 278/278/278 284/284/284 279/279/279
f 223/223/223 228/228/228 285/285/285
f 223/223/223 285/285/285 282/282/282
f 228/228/228 227/227/227 286/286/286
f 228/228/228 286/286/286 285/285/285
f 285/285/285 286/286/286 287/287/287
f 285/285/285 287/287/287 288/288/288
f 282/282/282 285/285/285 288/288/288
f 282/282/282 288/288/288 283/283/283
f 227/227/227 232/232/232 289/289/289
f 227/227/227 289/289/289 286/286/286
f 232/232/232 231/231/231 290/290/290
f 232/232/232 290/290/290 289/289/289
f 289/289/289 290/290/290 291/291/291
f 289/289/289 291/291/291 292/292/292
f 286/286/286 289/289/289 292/292/292
f 286/286/286 292/292/292 287/287/287
f 231/231/231 236/236/236 293/293/293
f 231/231/231 293/293/293 290/290/290
f 236/236/236 235/235/235 294/294/294
f 236/236/236 294/294/294 293/293/293
f 293/293/293 294/294/294 295/295/295
f 293/293/293 295/295/295 296/296/296
f 290/290/290 293/293/293 296/296/296
f 290/290/290 296/296/296 291/291/291
f 235/235/235 240/240/240 297/297/297
f 235/235/235 297/297/297 294/294/294
f 240/240/240 239/239/239 298/298/298
f 240/240/240 298/298/298 297/297/297
f 297/297/297 298/298/298 299/299/299
f 297/297/297 299/299/299 300/300/300
f 294/294/294 297/297/297 300/300/300
f 294/294/294 300/300/300 295/295/295
f 239/239/239 244/244/244 301/301/301
f 239/239/239 301/301/301 298/298/298
f 244/244/244 243/243/243 302/302/302
f 244/244/244 302/302/302 301/301/301
f 301/301/301 302/302/302 303/303/303
f 301/301/301 303/303/303 304/304/304
f 298/298/298 301/301/301 304/304/304
f 298/298/298 304/304/304 299/299/299
f 243/243/243 248/248/248 305/305/305
f 243/243/243 305/305/305 302/302/302
f 248/248/248 247/247/247 306/306/306
f 248/248/248 306/306/306 305/305/305
f 305/305/305 306/306/306 307/307/307
f 305/305/305 307/307/307 308/308/308
f 302/302/302 305/305/305 308/308/308
f 302/302/302 308/308/308 303/303/303
f 247/247/247 252/252/252 309/309/309
f 247/247/247 309/309/309 306/306/306
f 252/252/252 251/251/251 310/310/310
f 252/252/252 310/310/310 309/309/309
f 309/309/309 310/310/310 311/311/311
f 309/309/309 311/311/311 312/312/312
f 306/306/306 309/309/309 312/312/312
f 306/306/306 312/312/312 307/307/307
f 251/251/251 256/256/256 313/313/313
f 251/251/251 313/313/313 310/310/310
f 256/256/256 255/255/255 314/314/314
f 256/256/256 314/314/314 313/313/313
f 313/313/313 314/314/314 315/315/315
f 313/313/313 315/315/315 316/316/316
f 310/310/310 313/313/313 316/316/316
f 310/310/310 316/316/316 311/311/311
f 255/255/255 260/260/260 317/317/317
f 255/255/255 317/317/317 314/314/314
f 260/260/260 259/259/259 318/318/318
f 260/260/260 318/318/318 317/317/317
f 317/317/317 318/318/318 319/319/319
f 317/317/317 319/319/319 320/320/320
f 314/314/314 317/317/317 320/320/320
f 314/314/314 320/320/320 315/315/315
f 259/259/259 264/264/264 321/321/321
f 259/259/259 321/321/321 318/318/318
f 264/264/264 263/263/263 322/322/322
f 264/264/264 322/322/322 321/321/321
f 321/321/321 322/322/322 323/323/323
f 321/321/321 323/323/323 324/324/324
f 318/318/318 321/321/321 324/324/324
f 318/318/318 324/324/324 319/319/319
f 263/263/263 268/268/268 325/325/325
f 263/263/263 325/325/325 322/322/322
f 268/268/268 267/267/267 326/326/326
f 268/268/268 326/326/326 325/325/325
f 325/325/325 326/326/326 327/327/327
f 325/325/325 327/327/327 328/328/328
f 322/322/322 325/325/325 328/328/328
f 322/322/322 328/328/328 323/323/323
f 267/267/267 270/270/270 329/329/329
f 267/267/267 329/329/329 326/326/326
f 270/270/270 216/216/216 272/272/272
f 270/270/270 272/272/272 329/329/329
f 329/329/329 272/272/272 276/276/276
f 329/329/329 276/276/276 330/330/330
f 326/326/326 329/329/329 330/330/330
f 326/326/326 330/330/330 327/327/327
f 331/331/331 332/332/332 333/333/333
f 331/331/331 333/333/333 334/334/334
f 332/332/332 335/335/335 336/336/336
f 332/332/332 336/336/336 333/333/333
f 333/333/333 336/336/336 337/337/337
f 333/333/333 337/337/337 338/338/338
f 334/334/334 333/333/333 338/338/338
f 334/334/334 338/338/338 339/339/339
f 335/335/335 340/340/340 341/341/341
f 335/335/335 341/341/341 336/336/336
f 340/340/340 342/342/342 343/343/343
f 340/340/340 343/343/343 341/341/341
f 341/341/341 343/343/343 344/344/344
f 341/341/341 344/344/344 345/345/345
f 336/336/336 341/341/341 345/345/345
f 336/336/336 345/345/345 337/337/337
f 342/342/342 346/346/346 347/347/347
f 342/342/342 347/347/347 343/343/343
f 346/346/346 348/348/348 349/349/349
f 346/346/346 349/349/349 347/347/347
f 347/347/347 349/349/349 350/350/350
f 347/347/347 350/350/350 351/351/351
f 343/343/343 347/347/347 351/351/351
f 343/343/343 351/351/351 344/344/344
f 348/348/348 352/352/352 353/353/353
f 348/348/348 353/353/353 349/349/349
f 352/352/352 354/354/354 355/355/355
f 352/352/352 355/355/355 353/353/353
f 353/353/353 355/355/355 356/356/356
f 353/353/353 356/356/356 357/357/357
f 349/349/349 353/353/353 357/357/357
f 349/349/349 357/357/357 350/350/350
f 354/354/354 358/358/358 359/359/359
f 354/354/354 359/359/359 355/355/355
f 358/358/358 360/360/360 361/361/361
f 358/358/358 361/361/361 359/359/359
f 359/359/359 361/361/361 362/362/362
f 359/359/359 362/362/362 363/363/363
f 355/355/355 359/359/359 363/363/363
f 355/355/355 363/363/363 356/356/356
f 360/360/360 364/364/364 365/365/365
f 360/360/360 365/365/365 361/361/361
f 364/364/364 366/366/366 367/367/367
f 364/364/364 367/367/367 365/365/365
f 365/365/365 367/367/367 368/368/368
f 365/365/365 368/368/368 369/369/369
f 361/361/361 365/365/365 369/369/369
f 361/361/361 369/369/369 362/362/362
f 366/366/366 370/370/370 371/371/371
f 366/366/366 371/371/371 367/367/367
f 370/370/370 372/372/372 373/373/373
f 370/370/370 373/373/373 371/371/371
f 371/371/371 373/373/373 374/374/374
f 371/371/371 374/374/374 375/375/375
f 367/367/367 371/371/371 375/375/375
f 367/367/367 375/375/375 368/368/368
f 372/372/372 376/376/376 377/377/377
f 372/372/372 377/377/377 373/373/373
f 376/376/376 378/378/378 379/379/379
f 376/376/376 379/379/379 377/377/377
f 377/377/377 379/379/379 380/380/380
f 377/377/377 380/380/380 381/381/381
f 373/373/373 377/377/377 381/381/381
f 373/373/373 381/381/381 374/374/374
f 378/378/378 382/382/382 383/383/383
f 378/378/378 383/383/383 379/379/379
f 382/382/382 384/384/384 385/385/385
f 382/382/382 385/385/385 383/383/383
f 383/383/383 385/385/385 386/386/386
f 383/383/383 386/386/386 387/387/387
f 379/379/379 383/383/383 387/387/387
f 379/379/379 387/387/387 380/380/380
f 384/384/384 388/388/388 389/389/389
f 384/384/384 389/389/389 385/385/385
f 388/388/388 390/390/390 391/391/391
f 388/388/388 391/391/391 389/389/389
f 389/389/389 391/391/391 392/392/392
f 389/389/389 392/392/392 393/393/393
f 385/385/385 389/389/389 393/393/393
f 385/385/385 393/393/393 386/386/386
f 390/390/390 394/394/394 395/395/395
f 390/390/390 395/395/395 391/391/391
f 394/394/394 396/396/396 397/397/397
f 394/394/394 397/397/397 395/395/395
f 395/395/395 397/397/397 398/398/398
f 395/395/395 398/398/398 399/399/399
f 391/391/391 395/395/395 399/399/399
f 391/391/391 399/399/399 392/392/392
f 396/396/396 400/400/400 401/401/401
f 396/396/396 401/401/401 397/397/397
f 400/400/400 402/402/402 403/403/403
f 400/400/400 403/403/403 401/401/401
f 401/401/401 403/403/403 404/404/404
f 401/401/401 404/404/404 405/405/405
f 397/397/397 401/401/401 405/405/405
f 397/397/397 405/405/405 398/398/398
f 402/402/402 406/406/406 407/407/407
f 402/402/402 407/407/407 403/403/403
f 406/406/406 408/408/408 409/409/409
f 406/406/406 409/409/409 407/407/407
f 407/407/407 409/409/409 410/410/410
f 407/407/407 410/410/410 411/411/411
f 403/403/403 407/407/407 411/411/411
f 403/403/403 411/411/411 404/404/404
f 408/408/408 412/412/412 413/413/413
f 408/408/408 413/413/413 409/409/409
f 412/412/412 414/414/414 415/415/415
f 412/412/412 415/415/415 413/413/413
f 413/413/413 415/415/415 416/416/416
f 413/413/413 416/416/416 417/417/417
f 409/409/409 413/413/413 417/417/417
f 409/409/409 417/417/417 410/410/410
f 414/414/414 418/418/418 419/419/419
f 414/414/414 419/419/419 415/415/415
f 418/418/418 331/331/331 334/334/334
f 418/418/418 334/334/334 419/419/419
f 419/419/419 334/334/334 339/339/339
f 419/419/419 339/339/339 420/420/420
f 415/415/415 419/419/419 420/420/420
f 415/415/415 420/420/420 416/416/416
f 421/421/421 422/422/422 423/423/423
f 421/421/421 423/423/423 424/424/424
f 425/425/425 426/426/426 423/423/423
f 425/425/425 423/423/423 422/422/422
f 427/427/427 424/424/424 423/423/423
f 427/427/427 423/423/423 426/426/426
f 425/425/425 428/428/428 429/429/429
f 425/425/425 429/429/429 426/426/426
f 430/430/430 431/431/431 429/429/429
f 430/430/430 429/429/429 428/428/428
f 427/427/427 426/426/426 429/429/429
f 427/427/427 429/429/429 431/431/431
f 430/430/430 432/432/432 433/433/433
f 430/430/430 433/433/433 431/431/431
f 434/434/434 435/435/435 433/433/433
f 434/434/434 433/433/433 432/432/432
f 427/427/427 431/431/431 433/433/433
f 427/427/427 433/433/433 435/435/435
f 434/434/434 436/436/436 437/437/437
f 434/434/434 437/437/437 435/435/435
f 438/438/438 439/439/439 437/437/437
f 438/438/438 437/437/437 436/436/436
f 427/427/427 435/435/435 437/437/437
f 427/427/427 437/437/437 439/439/439
f 438/438/438 440/440/440 441/441/441
f 438/438/438 441/441/441 439/439/439
f 442/442/442 443/443/443 441/441/441
f 442/442/442 441/441/441 440/440/440
f 427/427/427 439/439/439 441/441/441
f 427/427/427 441/441/441 443/443/443
f 442/442/442 444/444/444 445/445/445
f 442/442/442 445/445/445 443/443/443
f 446/446/446 447/447/447 445/445/445
f 446/446/446 445/445/445 444/444/444
f 427/427/427 443/443/443 445/445/445
f 427/427/427 445/445/445 447/447/447
f 446/446/446 448/448/448 449/449/449
f 446/446/446 449/449/449 447/447/447
f 450/450/450 451/451/451 449/449/449
f 450/450/450 449/449/449 448/448/448
f 427/427/427 447/447/447 449/449/449
f 427/427/427 449/449/449 451/451/451
f 450/450/450 452/452/452 453/453/453
f 450/450/450 453/453/453 451/451/451
f 454/454/454 455/455/455 453/453/453
f 454/454/454 453/453/453 452/452/452
f 427/427/427 451/451/451 453/453/453
f 427/427/427 453/453/453 455/455/455
f 454/454/454 456/456/456 457/457/457
f 454/454/454 457/457/457 455/455/455
f 458/458/458 459/459/459 457/457/457
f 458/458/458 457/457/457 456/456/456
f 427/427/427 455/455/455 457/457/457
f 427/427/427 457/457/457 459/459/459
f 458/458/458 460/460/460 461/461/461
f 458/458/458 461/461/461 459/459/459
f 462/462/462 463/463/463 461/461/461
f 462/462/462 461/461/461 460/460/460
f 427/427/427 459/459/459 461/461/461
f 427/427/427 461/461/461 463/463/463
f 462/462/462 464/464/464 465/465/465
f 462/462/462 465/465/465 463/463/463
f 466/466/466 467/467/467 465/465/465
f 466/466/466 465/465/465 464/464/464
f 427/427/427 463/463/463 465/465/465
f 427/427/427 465/465/465 467/467/467
f 466/466/466 468/468/468 469/469/469
f 466/466/466 469/469/469 467/467/467
f 470/470/470 471/471/471 469/469/469
f 470/470/470 469/469/469 468/468/468
f 427/427/427 467/467/467 469/469/469
f 427/427/427 469/469/469 471/471/471
f 470/470/470 472/472/472 473/473/473
f 470/470/470 473/473/473 471/471/471
f 474/474/474 475/475/475 473/473/473
f 474/474/474 473/473/473 472/472/472
f 427/427/427 471/471/471 473/473/473
f 427/427/427 473/473/473 475/475/475
f 474/474/474 476/476/476 477/477/477
f 474/474/474 477/477/477 475/475/475
f 478/478/478 479/479/479 477/477/477
f 478/478/478 477/477/477 476/476/476
f 427/427/427 475/475/475 477/477/477
f 427/427/427 477/477/477 479/479/479
f 478/478/478 480/480/480 481/481/481
f 478/478/478 481/481/481 479/479/479
f 421/421/421 424/424/424 481/481/481
f 421/421/421 481/481/481 480/480/480
f 427/427/427 479/479/479 481/481/481
f 427/427/427 481/481/481 424/424/424
f 482/482/482 483/483/483 484/484/484
f 482/482/482 484/484/484 485/485/485
f 483/483/483 486/486/486 487/487/487
f 483/483/483 487/487/487 484/484/484
f 484/484/484 487/487/487 488/488/488
f 484/484/484 488/488/488 489/489/489
f 485/485/485 484/484/484 489/489/489
f 485/485/485 489/489/489 490/490/490
f 490/490/490 489/489/489 491/491/491
f 490/490/490 491/491/491 492/492/492
f 489/489/489 488/488/488 493/493/493
f 489/489/489 493/493/493 491/491/491
f 491/491/491 493/493/493 494/494/494
f 491/491/491 494/494/494 495/495/495
f 492/492/492 491/491/491 495/495/495
f 492/492/492 495/495/495 496/496/496
f 496/496/496 495/495/495 497/497/497
f 496/496/496 497/497/497 498/498/498
f 495/495/495 494/494/494 499/499/499
f 495/495/495 499/499/499 497/497/497
f 497/497/497 499/499/499 500/500/500
f 497/497/497 500/500/500 501/501/501
f 498/498/498 497/497/497 501/501/501
f 498/498/498 501/501/501 502/502/502
f 502/502/502 501/501/501 503/503/503
f 502/502/502 503/503/503 504/504/504
f 501/501/501 500/500/500 505/505/505
f 501/501/501 505/505/505 503/503/503
f 503/503/503 505/505/505 506/506/506
f 503/503/503 506/506/506 507/507/507
f 504/504/504 503/503/503 507/507/507
f 504/504/504 507/507/507 508/508/508
f 508/508/508 507/507/507 509/509/509
f 508/508/508 509/509/509 510/510/510
f 507/507/507 506/506/506 511/511/511
f 507/507/507 511/511/511 509/509/509
f 509/509/509 511/511/511 512/512/512
f 509/509/509 512/512/512 513/513/513
f 510/510/510 509/509/509 513/513/513
f 510/510/510 513/513/513 514/514/514
f 514/514/514 513/513/513 515/515/515
f 514/514/514 515/515/515 516/516/516
f 513/513/513 512/512/512 517/517/517
f 513/513/513 517/517/517 515/515/515
f 515/515/515 517/517/517 518/518/518
f 515/515/515 518/518/518 519/519/519
f 516/516/516 515/515/515 519/519/519
f 516/516/516 519/519/519 520/520/520
f 520/520/520 519/519/519 521/521/521
f 520/520/520 521/521/521 522/522/522
f 519/519/519 518/518/518 523/523/523
f 519/519/519 523/523/523 521/521/521
f 521/521/521 523/523/523 524/524/524
f 521/521/521 524/524/524 525/525/525
f 522/522/522 521/521/521 525/525/525
f 522/522/522 525/525/525 526/526/526
f 526/526/526 525/525/525 527/527/527
f 526/526/526 527/527/527 528/528/528
f 525/525/525 524/524/524 529/529/529
f 525/525/525 529/529/529 527/527/527
f 527/527/527 529/529/529 530/530/530
f 527/527/527 530/530/530 531/531/531
f 528/528/528 527/527/527 531/531/531
f 528/528/528 531/531/531 532/532/532
f 532/532/532 531/531/531 533/533/533
f 532/532/532 533/533/533 534/534/534
f 531/531/531 530/530/530 535/535/535
f 531/531/531 535/535/535 533/533/533
f 533/533/533 535/535/535 536/536/536
f 533/533/533 536/536/536 537/537/537
f 534/534/534 533/533/533 537/537/537
f 534/534/534 537/537/537 538/538/538
f 538/538/538 537/537/537 539/539/539
f 538/538/538 539/539/539 540/540/540
f 537/537/537 536/536/536 541/541/541
f 537/537/537 541/541/541 539/539/539
f 539/539/539 541/541/541 542/542/542
f 539/539/539 542/542/542 543/543/543
f 540/540/540 539/539/539 543/543/543
f 540/540/540 543/543/543 544/544/544
f 544/544/544 543/543/543 545/545/545
f 544/544/544 545/545/545 546/546/546
f 543/543/543 542/542/542 547/547/547
f 543/543/543 547/547/547 545/545/545
f 545/545/545 547/547/547 548/548/548
f 545/545/545 548/548/548 549/549/549
f 546/546/546 545/545/545 549/549/549
f 546/546/546 549/549/549 550/550/550
f 550/550/550 549/549/549 551/551/551
f 550/550/550 551/551/551 552/552/552
f 549/549/549 548/548/548 553/553/553
f 549/549/549 553/553/553 551/551/551
f 551/551/551 553/553/553 554/554/554
f 551/551/551 554/554/554 555/555/555
f 552/552/552 551/551/551 555/555/555
f 552/552/552 555/555/555 556/556/556
f 556/556/556 555/555/555 557/557/557
f 556/556/556 557/557/557 558/558/558
f 555/555/555 554/554/554 559/559/559
f 555/555/555 559/559/559 557/557/557
f 557/557/557 559/559/559 560/560/560
f 557/557/557 560/560/560 561/561/561
f 558/558/558 557/557/557 561/561/561
f 558/558/558 561/561/561 562/562/562
f 562/562/562 561/561/561 563/563/563
f 562/562/562 563/563/563 564/564/564
f 561/561/561 560/560/560 565/565/565
f 561/561/561 565/565/565 563/563/563
f 563/563/563 565/565/565 566/566/566
f 563/563/563 566/566/566 567/567/567
f 564/564/564 563/563/563 567/567/567
f 564/564/564 567/567/567 568/568/568
f 568/568/568 567/567/567 569/569/569
f 568/568/568 569/569/569 570/570/570
f 567/567/567 566/566/566 571/571/571
f 567/567/567 571/571/571 569/569/569
f 569/569/569 571/571/571 572/572/572
f 569/569/569 572/572/572 573/573/573
f 570/570/570 569/569/569 573/573/573
f 570/570/570 573/573/573 574/574/574
f 486/486/486 575/575/575 576/576/576
f 486/486/486 576/576/576 487/487/487
f 575/575/575 577/577/577 578/578/578
f 575/575/575 578/578/578 576/576/576
f 576/576/576 578/578/578 579/579/579
f 576/576/576 579/579/579 580/580/580
f 487/487/487 576/576/576 580/580/580
f 487/487/487 580/580/580 488/488/488
f 488/488/488 580/580/580 581/581/581
f 488/488/488 581/581/581 493/493/493
f 580/580/580 579/579/579 582/582/582
f 580/580/580 582/582/582 581/581/581
f 581/581/581 582/582/582 583/583/583
f 581/581/581 583/583/583 584/584/584
f 493/493/493 581/581/581 584/584/584
f 493/493/493 584/584/584 494/494/494
f 494/494/494 584/584/584 585/585/585
f 494/494/494 585/585/585 499/499/499
f 584/584/584 583/583/583 586/586/586
f 584/584/584 586/586/586 585/585/585
f 585/585/585 586/586/586 587/587/587
f 585/585/585 587/587/587 588/588/588
f 499/499/499 585/585/585 588/588/588
f 499/499/499 588/588/588 500/500/500
f 500/500/500 588/588/588 589/589/589
f 500/500/500 589/589/589 505/505/505
f 588/588/588 587/587/587 590/590/590
f 588/588/588 590/590/590 589/589/589
f 589/589/589 590/590/590 591/591/591
f 589/589/589 591/591/591 592/592/592
f 505/505/505 589/589/589 592/592/592
f 505/505/505 592/592/592 506/506/506
f 506/506/506 592/592/592 593/593/593
f 506/506/506 593/593/593 511/511/511
f 592/592/592 591/591/591 594/594/594
f 592/592/592 594/594/594 593/593/593
f 593/593/593 594/594/594 595/595/595
f 593/593/593 595/595/595 596/596/596
f 511/511/511 593/593/593 596/596/596
f 511/511/511 596/596/596 512/512/512
f 512/512/512 596/596/596 597/597/597
f 512/512/512 597/597/597 517/517/517
f 596/596/596 595/595/595 598/598/598
f 596/596/596 598/598/598 597/597/597
f 597/597/597 598/598/598 599/599/599
f 597/597/597 599/599/599 600/600/600
f 517/517/517 597/597/597 600/600/600
f 517/517/517 600/600/600 518/518/518
f 518/518/518 600/600/600 601/601/601
f 518/518/518 601/601/601 523/523/523
f 600/600/600 599/599/599 602/602/602
f 600/600/600 602/602/602 601/601/601
f 601/601/601 602/602/602 603/603/603
f 601/601/601 603/603/603 604/604/604
f 523/523/523 601/601/601 604/604/604
f 523/523/523 604/604/604 524/524/524
f 524/524/524 604/604/604 605/605/605
f 524/524/524 605/605/605 529/529/529
f 604/604/604 603/603/603 606/606/606
f 604/604/604 606/606/606 605/605/605
f 605/605/605 606/606/606 607/607/607
f 605/605/605 607/607/607 608/608/608
f 529/529/529 605/605/605 608/608/608
f 529/529/529 608/608/608 530/530/530
f 530/530/530 608/608/608 609/609/609
f 530/530/530 609/609/609 535/535/535
f 608/608/608 607/607/607 610/610/610
f 608/608/608 610/610/610 609/609/609
f 609/609/609 610/610/610 611/611/611
f 609/609/609 611/611/611 612/612/612
f 535/535/535 609/609/609 612/612/612
f 535/535/535 612/612/612 536/536/536
f 536/536/536 612/612/612 613/613/613
f 536/536/536 613/613/613 541/541/541
f 612/612/612 611/611/611 614/614/614
f 612/612/612 614/614/614 613/613/613
f 613/613/613 614/614/614 615/615/615
f 613/613/613 615/615/615 616/616/616
f 541/541/541 613/613/613 616/616/616
f 541/541/541 616/616/616 542/542/542
f 542/542/542 616/616/616 617/617/617
f 542/542/542 617/617/617 547/547/547
f 616/616/616 615/615/615 618/618/618
f 616/616/616 618/618/618 617/617/617
f 617/617/617 618/618/618 619/619/619
f 617/617/617 619/619/619 620/620/620
f 547/547/547 617/617/617 620/620/620
f 547/547/547 620/620/620 548/548/548
f 548/548/548 620/620/620 621/621/621
f 548/548/548 621/621/621 553/553/553
f 620/620/620 619/619/619 622/622/622
f 620/620/620 622/622/622 621/621/621
f 621/621/621 622/622/622 623/623/623
f 621/621/621 623/623/623 624/624/624
f 553/553/553 621/621/621 624/624/624
f 553/553/553 624/624/624 554/554/554
f 554/554/554 624/624/624 625/625/625
f 554/554/554 625/625/625 559/559/559
f 624/624/624 623/623/623 626/626/626
f 624/624/624 626/626/626 625/625/625
f 625/625/625 626/626/626 627/627/627
f 625/625/625 627/627/627 628/628/628
f 559/559/559 625/625/625 628/628/628
f 559/559/559 628/628/628 560/560/560
f 560/560/560 628/628/628 629/629/629
f 560/560/560 629/629/629 565/565/565
f 628/628/628 627/627/627 630/630/630
f 628/628/628 630/630/630 629/629/629
f 629/629/629 630/630/630 631/631/631
f 629/629/629 631/631/631 632/632/632
f 565/565/565 629/629/629 632/632/632
f 565/565/565 632/632/632 566/566/566
f 566/566/566 632/632/632 633/633/633
f 566/566/566 633/633/633 571/571/571
f 632/632/632 631/631/631 634/634/634
f 632/632/632 634/634/634 633/633/633
f 633/633/633 634/634/634 635/635/635
f 633/633/633 635/635/635 636/636/636
f 571/571/571 633/633/633 636/636/636
f 571/571/571 636/636/636 572/572/572
f 577/577/577 637/637/637 638/638/638
f 577/577/577 638/638/638 578/578/578
f 637/637/637 639/639/639 640/640/640
f 637/637/637 640/640/640 638/638/638
f 638/638/638 640/640/640 641/641/641
f 638/638/638 641/641/641 642/642/642
f 578/578/578 638/638/638 642/642/642
f 578/578/578 642/642/642 579/579/579
f 579/579/579 642/642/642 643/643/643
f 579/579/579 643/643/643 582/582/582
f 642/642/642 641/641/641 644/644/644
f 642/642/642 644/644/644 643/643/643
f 643/643/643 644/644/644 645/645/645
f 643/643/643 645/645/645 646/646/646
f 582/582/582 643/643/643 646/646/646
f 582/582/582 646/646/646 583/583/583
f 583/583/583 646/646/646 647/647/647
f 583/583/583 647/647/647 586/586/586
f 646/646/646 645/645/645 648/648/648
f 646/646/646 648/648/648 647/647/647
f 647/647/647 648/648/648 649/649/649
f 647/647/647 649/649/649 650/650/650
f 586/586/586 647/647/647 650/650/650
f 586/586/586 650/650/650 587/587/587
f 587/587/587 650/650/650 651/651/651
f 587/587/587 651/651/651 590/590/590
f 650/650/650 649/649/649 652/652/652
f 650/650/650 652/652/652 651/651/651
f 651/651/651 652/652/652 653/653/653
f 651/651/651 653/653/653 654/654/654
f 590/590/590 651/651/651 654/654/654
f 590/590/590 654/654/654 591/591/591
f 591/591/591 654/654/654 655/655/655
f 591/591/591 655/655/655 594/594/594
f 654/654/654 653/653/653 656/656/656
f 654/654/654 656/656/656 655/655/655
f 655/655/655 656/656/656 657/657/657
f 655/655/655 657/657/657 658/658/658
f 594/594/594 655/655/655 658/658/658
f 594/594/594 658/658/658 595/595/595
f 595/595/595 658/658/658 659/659/659
f 595/595/595 659/659/659 598/598/598
f 658/658/658 657/657/657 660/660/660
f 658/658/658 660/660/660 659/659/659
f 659/659/659 660/660/660 661/661/661
f 659/659/659 661/661/661 662/662/662
f 598/598/598 659/659/659 662/662/662
f 598/598/598 662/662/662 599/599/599
f 599/599/599 662/662/662 663/663/663
f 599/599/599 663/663/663 602/602/602
f 662/662/662 661/661/661 664/664/664
f 662/662/662 664/664/664 663/663/663
f 663/663/663 664/664/664 665/665/665
f 663/663/663 665/665/665 666/666/666
f 602/602/602 663/663/663 666/666/666
f 602/602/602 666/666/666 603/603/603
f 603/603/603 666/666/666 667/667/667
f 603/603/603 667/667/667 606/606/606
f 666/666/666 665/665/665 668/668/668
f 666/666/666 668/668/668 667/667/667
f 667/667/667 668/668/668 669/669/669
f 667/667/667 669/669/669 670/670/670
f 606/606/606 667/667/667 670/670/670
f 606/606/606 670/670/670 607/607/607
f 607/607/607 670/670/670 671/671/671
f 607/607/607 671/671/671 610/610/610
f 670/670/670 669/669/669 672/672/672
f 670/670/670 672/672/672 671/671/671
f 671/671/671 672/672/672 673/673/673
f 671/671/671 673/673/673 674/674/674
f 610/610/610 671/671/671 674/674/674
f 610/610/610 674/674/674 611/611/611
f 611/611/611 674/674/674 675/675/675
f 611/611/611 675/675/675 614/614/614
f 674/674/674 673/673/673 676/676/676
f 674/674/674 676/676/676 675/675/675
f 675/675/675 676/676/676 677/677/677
f 675/675/675 677/677/677 678/678/678
f 614/614/614 675/675/675 678/678/678
f 614/614/614 678/678/678 615/615/615
f 615/615/615 678/678/678 679/679/679
f 615/615/615 679/679/679 618/618/618
f 678/678/678 677/677/677 680/680/680
f 678/678/678 680/680/680 679/679/679
f 679/679/679 680/680/680 681/681/681
f 679/679/679 681/681/681 682/682/682
f 618/618/618 679/679/679 682/682/682
f 618/618/618 682/682/682 619/619/619
f 619/619/619 682/682/682 683/683/683
f 619/619/619 683/683/683 622/622/622
f 682/682/682 681/681/681 684/684/684
f 682/682/682 684/684/684 683/683/683
f 683/683/683 684/684/684 685/685/685
f 683/683/683 685/685/685 686/686/686
f 622/622/622 683/683/683 686/686/686
f 622/622/622 686/686/686 623/623/623
f 623/623/623 686/686/686 687/687/687
f 623/623/623 687/687/687 626/626/626
f 686/686/686 685/685/685 688/688/688
f 686/686/686 688/688/688 687/687/687
f 687/687/687 688/688/688 689/689/689
f 687/687/687 689/689/689 690/690/690
f 626/626/626 687/687/687 690/690/690
f 626/626/626 690/690/690 627/627/627
f 627/627/627 690/690/690 691/691/691
f 627/627/627 691/691/691 630/630/630
f 690/690/690 689/689/689 692/692/692
f 690/690/690 692/692/692 691/691/691
f 691/691/691 692/692/692 693/693/693
f 691/691/691 693/693/693 694/694/694
f 630/630/630 691/691/691 694/694/694
f 630/630/630 694/694/694 631/631/631
f 631/631/631 694/694/694 695/695/695
f 631/631/631 695/695/695 634/634/634
f 694/694/694 693/693/693 696/696/696
f 694/694/694 696/696/696 695/695/695
f 695/695/695 696/696/696 697/697/697
f 695/695/695 697/697/697 698/698/698
f 634/634/634 695/695/695 698/698/698
f 634/634/634 698/698/698 635/635/635
f 639/639/639 699/699/699 700/700/700
f 639/639/639 700/700/700 640/640/640
f 699/699/699 701/701/701 702/702/702
f 699/699/699 702/702/702 700/700/700
f 700/700/700 702/702/702 703/703/703
f 700/700/700 703/703/703 704/704/704
f 640/640/640 700/700/700 704/704/704
f 640/640/640 704/704/704 641/641/641
f 641/641/641 704/704/704 705/705/705
f 641/641/641 705/705/705 644/644/644
f 704/704/704 703/703/703 706/706/706
f 704/704/704 706/706/706 705/705/705
f 705/705/705 706/706/706 707/707/707
f 705/705/705 707/707/707 708/708/708
f 644/644/644 705/705/705 708/708/708
f 644/644/644 708/708/708 645/645/645
f 645/645/645 708/708/708 709/709/709
f 645/645/645 709/709/709 648/648/648
f 708/708/708 707/707/707 710/710/710
f 708/708/708 710/710/710 709/709/709
f 709/709/709 710/710/710 711/711/711
f 709/709/709 711/711/711 712/712/712
f 648/648/648 709/709/709 712/712/712
f 648/648/648 712/712/712 649/649/649
f 649/649/649 712/712/712 713/713/713
f 649/649/649 713/713/713 652/652/652
f 712/712/712 711/711/711 714/714/714
f 712/712/712 714/714/714 713/713/713
f 713/713/713 714/714/714 715/715/715
f 713/713/713 715/715/715 716/716/716
f 652/652/652 713/713/713 716/716/716
f 652/652/652 716/716/716 653/653/653
f 653/653/653 716/716/716 717/717/717
f 653/653/653 717/717/717 656/656/656
f 716/716/716 715/715/715 718/718/718
f 716/716/716 718/718/718 717/717/717
f 717/717/717 718/718/718 719/719/719
f 717/717/717 719/719/719 720/720/720
f 656/656/656 717/717/717 720/720/720
f 656/656/656 720/720/720 657/657/657
f 657/657/657 720/720/720 721/721/721
f 657/657/657 721/721/721 660/660/660
f 720/720/720 719/719/719 722/722/722
f 720/720/720 722/722/722 721/721/721
f 721/721/721 722/722/722 723/723/723
f 721/721/721 723/723/723 724/724/724
f 660/660/660 721/721/721 724/724/724
f 660/660/660 724/724/724 661/661/661
f 661/661/661 724/724/724 725/725/725
f 661/661/661 725/725/725 664/664/664
f 724/724/724 723/723/723 726/726/726
f 724/724/724 726/726/726 725/725/725
f 725/725/725 726/726/726 727/727/727
f 725/725/725 727/727/727 728/728/728
f 664/664/664 725/725/725 728/728/728
f 664/664/664 728/728/728 665/665/665
f 665/665/665 728/728/728 729/729/729
f 665/665/665 729/729/729 668/668/668
f 728/728/728 727/727/727 730/730/730
f 728/728/728 730/730/730 729/729/729
f 729/729/729 730/730/730 731/731/731
f 729/729/729 731/731/731 732/732/732
f 668/668/668 729/729/729 732/732/732
f 668/668/668 732/732/732 669/669/669
f 669/669/669 732/732/732 733/733/733
f 669/669/669 733/733/733 672/672/672
f 732/732/732 731/731/731 734/734/734
f 732/732/732 734/734/734 733/733/733
f 733/733/733 734/734/734 735/735/735
f 733/733/733 735/735/735 736/736/736
f 672/672/672 733/733/733 736/736/736
f 672/672/672 736/736/736 673/673/673
f 673/673/673 736/736/736 737/737/737
f 673/673/673 737/737/737 676/676/676
f 736/736/736 735/735/735 738/738/738
f 736/736/736 738/738/738 737/737/737
f 737/737/737 738/738/738 739/739/739
f 737/737/737 739/739/739 740/740/740
f 676/676/676 737/737/737 740/740/740
f 676/676/676 740/740/740 677/677/677
f 677/677/677 740/740/740 741/741/741
f 677/677/677 741/741/741 680/680/680
f 740/740/740 739/739/739 742/742/742
f 740/740/740 742/742/742 741/741/741
f 741/741/741 742/742/742 743/743/743
f 741/741/741 743/743/743 744/744/744
f 680/680/680 741/741/741 744/744/744
f 680/680/680 744/744/744 681/681/681
f 681/681/681 744/744/744 745/745/745
f 681/681/681 745/745/745 684/684/684
f 744/744/744 743/743/743 746/746/746
f 744/744/744 746/746/746 745/745/745
f 745/745/745 746/746/746 747/747/747
f 745/745/745 747/747/747 748/748/748
f 684/684/684 745/745/745 748/748/748
f 684/684/684 748/748/748 685/685/685
f 685/685/685 748/748/748 749/749/749
f 685/685/685 749/749/749 688/688/688
f 748/748/748 747/747/747 750/750/750
f 748/748/748 750/750/750 749/749/749
f 749/749/749 750/750/750 751/751/751
f 749/749/749 751/751/751 752/752/752
f 688/688/688 749/749/749 752/752/752
f 688/688/688 752/752/752 689/689/689
f 689/689/689 752/752/752 753/753/753
f 689/689/689 753/753/753 692/692/692
f 752/752/752 751/751/751 754/754/754
f 752/752/752 754/754/754 753/753/753
f 753/753/753 754/754/754 755/755/755
f 753/753/753 755/755/755 756/756/756
f 692/692/692 753/753/753 756/756/756
f 692/692/692 756/756/756 693/693/693
f 693/693/693 756/756/756 757/757/757
f 693/693/693 757/757/757 696/696/696
f 756/756/756 755/755/755 758/758/758
f 756/756/756 758/758/758 757/757/757
f 757/757/757 758/758/758 759/759/759
f 757/757/757 759/759/759 760/760/760
f 696/696/696 757/757/757 760/760/760
f 696/696/696 760/760/760 697/697/697
f 701/701/701 761/761/761 762/762/762
f 701/701/701 762/762/762 702/702/702
f 761/761/761 763/763/763 764/764/764
f 761/761/761 764/764/764 762/762/762
f 762/762/762 764/764/764 765/765/765
f 762/762/762 765/765/765 766/766/766
f 702/702/702 762/762/762 766/766/766
f 702/702/702 766/766/766 703/703/703
f 703/703/703 766/766/766 767/767/767
f 703/703/703 767/767/767 706/706/706
f 766/766/766 765/765/765 768/768/768
f 766/766/766 768/768/768 767/767/767
f 767/767/767 768/768/768 769/769/769
f 767/767/767 769/769/769 770/770/770
f 706/706/706 767/767/767 770/770/770
f 706/706/706 770/770/770 707/707/707
f 707/707/707 770/770/770 771/771/771
f 707/707/707 771/771/771 710/710/710
f 770/770/770 769/769/769 772/772/772
f 770/770/770 772/772/772 771/771/771
f 771/771/771 772/772/772 773/773/773
f 771/771/771 773/773/773 774/774/774
f 710/710/710 771/771/771 774/774/774
f 710/710/710 774/774/774 711/711/711
f 711/711/711 774/774/774 775/775/775
f 711/711/711 775/775/775 714/714/714
f 774/774/774 773/773/773 776/776/776
f 774/774/774 776/776/776 775/775/775
f 775/775/775 776/776/776 777/777/777
f 775/775/775 777/777/777 778/778/778
f 714/714/714 775/775/775 778/778/778
f 714/714/714 778/778/778 715/715/715
f 715/715/715 778/778/778 779/779/779
f 715/715/715 779/779/779 718/718/718
f 778/778/778 777/777/777 780/780/780
f 778/778/778 780/780/780 779/779/779
f 779/779/779 780/780/780 781/781/781
f 779/779/779 781/781/781 782/782/782
f 718/718/718 779/779/779 782/782/782
f 718/718/718 782/782/782 719/719/719
f 719/719/719 782/782/782 783/783/783
f 719/719/719 783/783/783 722/722/722
f 782/782/782 781/781/781 784/784/784
f 782/782/782 784/784/784 783/783/783
f 783/783/783 784/784/784 785/785/785
f 783/783/783 785/785/785 786/786/786
f 722/722/722 783/783/783 786/786/786
f 722/722/722 786/786/786 723/723/723
f 723/723/723 786/786/786 787/787/787
f 723/723/723 787/787/787 726/726/726
f 786/786/786 785/785/785 788/788/788
f 786/786/786 788/788/788 787/787/787
f 787/787/787 788/788/788 789/789/789
f 787/787/787 789/789/789 790/790/790
f 726/726/726 787/787/787 790/790/790
f 726/726/726 790/790/790 727/727/727
f 727/727/727 790/790/790 791/791/791
f 727/727/727 791/791/791 730/730/730
f 790/790/790 789/789/789 792/792/792
f 790/790/790 792/792/792 791/791/791
f 791/791/791 792/792/792 793/793/793
f 791/791/791 793/793/793 794/794/794
f 730/730/730 791/791/791 794/794/794
f 730/730/730 794/794/794 731/731/731
f 731/731/731 794/794/794 795/795/795
f 731/731/731 795/795/795 734/734/734
f 794/794/794 793/793/793 796/796/796
f 794/794/794 796/796/796 795/795/795
f 795/795/795 796/796/796 797/797/797
f 795/795/795 797/797/797 798/798/798
f 734/734/734 795/795/795 798/798/798
f 734/734/734 798/798/798 735/735/735
f 735/735/735 798/798/798 799/799/799
f 735/735/735 799/799/799 738/738/738
f 798/798/798 797/797/797 800/800/800
f 798/798/798 800/800/800 799/799/799
f 799/799/799 800/800/800 801/801/801
f 799/799/799 801/801/801 802/802/802
f 738/738/738 799/799/799 802/802/802
f 738/738/738 802/802/802 739/739/739
f 739/739/739 802/802/802 803/803/803
f 739/739/739 803/803/803 742/742/742
f 802/802/802 801/801/801 804/804/804
f 802/802/802 804/804/804 803/803/803
f 803/803/803 804/804/804 805/805/805
f 803/803/803 805/805/805 806/806/806
f 742/742/742 803/803/803 806/806/806
f 742/742/742 806/806/806 743/743/743
f 743/743/743 806/806/806 807/807/807
f 743/743/743 807/807/807 746/746/746
f 806/806/806 805/805/805 808/808/808
f 806/806/806 808/808/808 807/807/807
f 807/807/807 808/808/808 809/809/809
f 807/807/807 809/809/809 810/810/810
f 746/746/746 807/807/807 810/810/810
f 746/746/746 810/810/810 747/747/747
f 747/747/747 810/810/810 811/811/811
f 747/747/747 811/811/811 750/750/750
f 810/810/810 809/809/809 812/812/812
f 810/810/810 812/812/812 811/811/811
f 811/811/811 812/812/812 813/813/813
f 811/811/811 813/813/813 814/814/814
f 750/750/750 811/811/811 814/814/814
f 750/750/750 814/814/814 751/751/751
f 751/751/751 814/814/814 815/815/815
f 751/751/751 815/815/815 754/754/754
f 814/814/814 813/813/813 816/816/816
f 814/814/814 816/816/816 815/815/815
f 815/815/815 816/816/816 817/817/817
f 815/815/815 817/817/817 818/818/818
f 754/754/754 815/815/815 818/818/818
f 754/754/754 818/818/818 755/755/755
f 755/755/755 818/818/818 819/819/819
f 755/755/755 819/819/819 758/758/758
f 818/818/818 817/817/817 820/820/820
f 818/818/818 820/820/820 819/819/819
f 819/819/819 820/820/820 821/821/821
f 819/819/819 821/821/821 822/822/822
f 758/758/758 819/819/819 822/822/822
f 758/758/758 822/822/822 759/759/759
f 763/763/763 823/823/823 824/824/824
f 763/763/763 824/824/824 764/764/764
f 823/823/823 825/825/825 826/826/826
f 823/823/823 826/826/826 824/824/824
f 824/824/824 826/826/826 827/827/827
f 824/824/824 827/827/827 828/828/828
f 764/764/764 824/824/824 828/828/828
f 764/764/764 828/828/828 765/765/765
f 765/765/765 828/828/828 829/829/829
f 765/765/765 829/829/829 768/768/768
f 828/828/828 827/827/827 830/830/830
f 828/828/828 830/830/830 829/829/829
f 829/829/829 830/830/830 831/831/831
f 829/829/829 831/831/831 832/832/832
f 768/768/768 829/829/829 832/832/832
f 768/768/768 832/832/832 769/769/769
f 769/769/769 832/832/832 833/833/833
f 769/769/769 833/833/833 772/772/772
f 832/832/832 831/831/831 834/834/834
f 832/832/832 834/834/834 833/833/833
f 833/833/833 834/834/834 835/835/835
f 833/833/833 835/835/835 836/836/836
f 772/772/772 833/833/833 836/836/836
f 772/772/772 836/836/836 773/773/773
f 773/773/773 836/836/836 837/837/837
f 773/773/773 837/837/837 776/776/776
f 836/836/836 835/835/835 838/838/838
f 836/836/836 838/838/838 837/837/837
f 837/837/837 838/838/838 839/839/839
f 837/837/837 839/839/839 840/840/840
f 776/776/776 837/837/837 840/840/840
f 776/776/776 840/840/840 777/777/777
f 777/777/777 840/840/840 841/841/841
f 777/777/777 841/841/841 780/780/780
f 840/840/840 839/839/839 842/842/842
f 840/840/840 842/842/842 841/841/841
f 841/841/841 842/842/842 843/843/843
f 841/841/841 843/843/843 844/844/844
f 780/780/780 841/841/841 844/844/844
f 780/780/780 844/844/844 781/781/781
f 781/781/781 844/844/844 845/845/845
f 781/781/781 845/845/845 784/784/784
f 844/844/844 843/843/843 846/846/846
f 844/844/844 846/846/846 845/845/845
f 845/845/845 846/846/846 847/847/847
f 845/845/845 847/847/847 848/848/848
f 784/784/784 845/845/845 848/848/848
f 784/784/784 848/848/848 785/785/785
f 785/785/785 848/848/848 849/849/849
f 785/785/785 849/849/849 788/788/788
f 848/848/848 847/847/847 850/850/850
f 848/848/848 850/850/850 849/849/849
f 849/849/849 850/850/850 851/851/851
f 849/849/849 851/851/851 852/852/852
f 788/788/788 849/849/849 852/852/852
f 788/788/788 852/852/852 789/789/789
f 789/789/789 852/852/852 853/853/853
f 789/789/789 853/853/853 792/792/792
f 852/852/852 851/851/851 854/854/854
f 852/852/852 854/854/854 853/853/853
f 853/853/853 854/854/854 855/855/855
f 853/853/853 855/855/855 856/856/856
f 792/792/792 853/853/853 856/856/856
f 792/792/792 856/856/856 793/793/793
f 793/793/793 856/856/856 857/857/857
f 793/793/793 857/857/857 796/796/796
f 856/856/856 855/855/855 858/858/858
f 856/856/856 858/858/858 857/857/857
f 857/857/857 858/858/858 859/859/859
f 857/857/857 859/859/859 860/860/860
f 796/796/796 857/857/857 860/860/860
f 796/796/796 860/860/860 797/797/797
f 797/797/797 860/860/860 861/861/861
f 797/797/797 861/861/861 800/800/800
f 860/860/860 859/859/859 862/862/862
f 860/860/860 862/862/862 861/861/861
f 861/861/861 862/862/862 863/863/863
f 861/861/861 863/863/863 864/864/864
f 800/800/800 861/861/861 864/864/864
f 800/800/800 864/864/864 801/801/801
f 801/801/801 864/864/864 865/865/865
f 801/801/801 865/865/865 804/804/804
f 864/864/864 863/863/863 866/866/866
f 864/864/864 866/866/866 865/865/865
f 865/865/865 866/866/866 867/867/867
f 865/865/865 867/867/867 868/868/868
f 804/804/804 865/865/865 868/868/868
f 804/804/804 868/868/868 805/805/805
f 805/805/805 868/868/868 869/869/869
f 805/805/805 869/869/869 808/808/808
f 868/868/868 867/867/867 870/870/870
f 868/868/868 870/870/870 869/869/869
f 869/869/869 870/870/870 871/871/871
f 869/869/869 871/871/871 872/872/872
f 808/808/808 869/869/869 872/872/872
f 808/808/808 872/872/872 809/809/809
f 809/809/809 872/872/872 873/873/873
f 809/809/809 873/873/873 812/812/812
f 872/872/872 871/871/871 874/874/874
f 872/872/872 874/874/874 873/873/873
f 873/873/873 874/874/874 875/875/875
f 873/873/873 875/875/875 876/876/876
f 812/812/812 873/873/873 876/876/876
f 812/812/812 876/876/876 813/813/813
f 813/813/813 876/876/876 877/877/877
f 813/813/813 877/877/877 816/816/816
f 876/876/876 875/875/875 878/878/878
f 876/876/876 878/878/878 877/877/877
f 877/877/877 878/878/878 879/879/879
f 877/877/877 879/879/879 880/880/880
f 816/816/816 877/877/877 880/880/880
f 816/816/816 880/880/880 817/817/817
f 817/817/817 880/880/880 881/881/881
f 817/817/817 881/881/881 820/820/820
f 880/880/880 879/879/879 882/882/882
f 880/880/880 882/882/882 881/881/881
f 881/881/881 882/882/882 883/883/883
f 881/881/881 883/883/883 884/884/884
f 820/820/820 881/881/881 884/884/884
f 820/820/820 884/884/884 821/821/821
f 825/825/825 885/885/885 886/886/886
f 825/825/825 886/886/886 826/826/826
f 887/887/887 888/888/888 886/886/886
f 887/887/887 886/886/886 885/885/885
f 827/827/827 826/826/826 886/886/886
f 827/827/827 886/886/886 888/888/888
f 827/827/827 889/889/889 890/890/890
f 827/827/827 890/890/890 830/830/830
f 891/891/891 892/892/892 890/890/890
f 891/891/891 890/890/890 889/889/889
f 831/831/831 830/830/830 890/890/890
f 831/831/831 890/890/890 892/892/892
f 831/831/831 893/893/893 894/894/894
f 831/831/831 894/894/894 834/834/834
f 895/895/895 896/896/896 894/894/894
f 895/895/895 894/894/894 893/893/893
f 835/835/835 834/834/834 894/894/894
f 835/835/835 894/894/894 896/896/896
f 835/835/835 897/897/897 898/898/898
f 835/835/835 898/898/898 838/838/838
f 899/899/899 900/900/900 898/898/898
f 899/899/899 898/898/898 897/897/897
f 839/839/839 838/838/838 898/898/898
f 839/839/839 898/898/898 900/900/900
f 839/839/839 901/901/901 902/902/902
f 839/839/839 902/902/902 842/842/842
f 903/903/903 904/904/904 902/902/902
f 903/903/903 902/902/902 901/901/901
f 843/843/843 842/842/842 902/902/902
f 843/843/843 902/902/902 904/904/904
f 843/843/843 905/905/905 906/906/906
f 843/843/843 906/906/906 846/846/846
f 907/907/907 908/908/908 906/906/906
f 907/907/907 906/906/906 905/905/905
f 847/847/847 846/846/846 906/906/906
f 847/847/847 906/906/906 908/908/908
f 847/847/847 909/909/909 910/910/910
f 847/847/847 910/910/910 850/850/850
f 911/911/911 912/912/912 910/910/910
f 911/911/911 910/910/910 909/909/909
f 851/851/851 850/850/850 910/910/910
f 851/851/851 910/910/910 912/912/912
f 851/851/851 913/913/913 914/914/914
f 851/851/851 914/914/914 854/854/854
f 915/915/915 916/916/916 914/914/914
f 915/915/915 914/914/914 913/913/913
f 855/855/855 854/854/854 914/914/914
f 855/855/855 914/914/914 916/916/916
f 855/855/855 917/917/917 918/918/918
f 855/855/855 918/918/918 858/858/858
f 919/919/919 920/920/920 918/918/918
f 919/919/919 918/918/918 917/917/917
f 859/859/859 858/858/858 918/918/918
f 859/859/859 918/918/918 920/920/920
f 859/859/859 921/921/921 922/922/922
f 859/859/859 922/922/922 862/862/862
f 923/923/923 924/924/924 922/922/922
f 923/923/923 922/922/922 921/921/921
f 863/863/863 862/862/862 922/922/922
f 863/863/863 922/922/922 924/924/924
f 863/863/863 925/925/925 926/926/926
f 863/863/863 926/926/926 866/866/866
f 927/927/927 928/928/928 926/926/926
f 927/927/927 926/926/926 925/925/925
f 867/867/867 866/866/866 926/926/926
f 867/867/867 926/926/926 928/928/928
f 867/867/867 929/929/929 930/930/930
f 867/867/867 930/930/930 870/870/870
f 931/931/931 932/932/932 930/930/930
f 931/931/931 930/930/930 929/929/929
f 871/871/871 870/870/870 930/930/930
f 871/871/871 930/930/930 932/932/932
f 871/871/871 933/933/933 934/934/934
f 871/871/871 934/934/934 874/874/874
f 935/935/935 936/936/936 934/934/934
f 935/935/935 934/934/934 933/933/933
f 875/875/875 874/874/874 934/934/934
f 875/875/875 934/934/934 936/936/936
f 875/875/875 937/937/937 938/938/938
f 875/875/875 938/938/938 878/878/878
f 939/939/939 940/940/940 938/938/938
f 939/939/939 938/938/938 937/937/937
f 879/879/879 878/878/878 938/938/938
f 879/879/879 938/938/938 940/940/940
f 879/879/879 941/941/941 942/942/942
f 879/879/879 942/942/942 882/882/882
f 943/943/943 944/944/944 942/942/942
f 943/943/943 942/942/942 941/941/941
f 883/883/883 882/882/882 942/942/942
f 883/883/883 942/942/942 944/944/944
f 945/945/945 946/946/946 947/947/947
f 945/945/945 947/947/947 948/948/948
f 946/946/946 949/949/949 950/950/950
f 946/946/946 950/950/950 947/947/947
f 947/947/947 950/950/950 5/5/5
f 947/947/947 5/5/5 2/2/2
f 948/948/948 947/947/947 2/2/2
f 948/948/948 2/2/2 1/1/1
f 949/949/949 951/951/951 952/952/952
f 949/949/949 952/952/952 950/950/950
f 951/951/951 953/953/953 954/954/954
f 951/951/951 954/954/954 952/952/952
f 952/952/952 954/954/954 12/12/12
f 952/952/952 12/12/12 10/10/10
f 950/950/950 952/952/952 10/10/10
f 950/950/950 10/10/10 5/5/5
f 953/953/953 955/955/955 956/956/956
f 953/953/953 956/956/956 954/954/954
f 955/955/955 957/957/957 958/958/958
f 955/955/955 958/958/958 956/956/956
f 956/956/956 958/958/958 18/18/18
f 956/956/956 18/18/18 16/16/16
f 954/954/954 956/956/956 16/16/16
f 954/954/954 16/16/16 12/12/12
f 957/957/957 959/959/959 960/960/960
f 957/957/957 960/960/960 958/958/958
f 959/959/959 961/961/961 962/962/962
f 959/959/959 962/962/962 960/960/960
f 960/960/960 962/962/962 24/24/24
f 960/960/960 24/24/24 22/22/22
f 958/958/958 960/960/960 22/22/22
f 958/958/958 22/22/22 18/18/18
f 961/961/961 963/963/963 964/964/964
f 961/961/961 964/964/964 962/962/962
f 963/963/963 965/965/965 966/966/966
f 963/963/963 966/966/966 964/964/964
f 964/964/964 966/966/966 30/30/30
f 964/964/964 30/30/30 28/28/28
f 962/962/962 964/964/964 28/28/28
f 962/962/962 28/28/28 24/24/24
f 965/965/965 967/967/967 968/968/968
f 965/965/965 968/968/968 966/966/966
f 967/967/967 969/969/969 970/970/970
f 967/967/967 970/970/970 968/968/968
f 968/968/968 970/970/970 36/36/36
f 968/968/968 36/36/36 34/34/34
f 966/966/966 968/968/968 34/34/34
f 966/966/966 34/34/34 30/30/30
f 969/969/969 971/971/971 972/972/972
f 969/969/969 972/972/972 970/970/970
f 971/971/971 973/973/973 974/974/974
f 971/971/971 974/974/974 972/972/972
f 972/972/972 974/974/974 42/42/42
f 972/972/972 42/42/42 40/40/40
f 970/970/970 972/972/972 40/40/40
f 970/970/970 40/40/40 36/36/36
f 973/973/973 975/975/975 976/976/976
f 973/973/973 976/976/976 974/974/974
f 975/975/975 977/977/977 978/978/978
f 975/975/975 978/978/978 976/976/976
f 976/976/976 978/978/978 48/48/48
f 976/976/976 48/48/48 46/46/46
f 974/974/974 976/976/976 46/46/46
f 974/974/974 46/46/46 42/42/42
f 977/977/977 979/979/979 980/980/980
f 977/977/977 980/980/980 978/978/978
f 979/979/979 981/981/981 982/982/982
f 979/979/979 982/982/982 980/980/980
f 980/980/980 982/982/982 54/54/54
f 980/980/980 54/54/54 52/52/52
f 978/978/978 980/980/980 52/52/52
f 978/978/978 52/52/52 48/48/48
f 981/981/981 983/983/983 984/984/984
f 981/981/981 984/984/984 982/982/982
f 983/983/983 985/985/985 986/986/986
f 983/983/983 986/986/986 984/984/984
f 984/984/984 986/986/986 60/60/60
f 984/984/984 60/60/60 58/58/58
f 982/982/982 984/984/984 58/58/58
f 982/982/982 58/58/58 54/54/54
f 987/987/987 988/988/988 989/989/989
f 987/987/987 989/989/989 990/990/990
f 988/988/988 991/991/991 992/992/992
f 988/988/988 992/992/992 989/989/989
f 989/989/989 992/992/992 66/66/66
f 989/989/989 66/66/66 64/64/64
f 990/990/990 989/989/989 64/64/64
f 990/990/990 64/64/64 60/60/60
f 991/991/991 993/993/993 994/994/994
f 991/991/991 994/994/994 992/992/992
f 993/993/993 995/995/995 996/996/996
f 993/993/993 996/996/996 994/994/994
f 994/994/994 996/996/996 72/72/72
f 994/994/994 72/72/72 70/70/70
f 992/992/992 994/994/994 70/70/70
f 992/992/992 70/70/70 66/66/66
f 995/995/995 997/997/997 998/998/998
f 995/995/995 998/998/998 996/996/996
f 997/997/997 999/999/999 1000/1000/1000
f 997/997/997 1000/1000/1000 998/998/998
f 998/998/998 1000/1000/1000 78/78/78
f 998/998/998 78/78/78 76/76/76
f 996/996/996 998/998/998 76/76/76
f 996/996/996 76/76/76 72/72/72
f 999/999/999 1001/1001/1001 1002/1002/1002
f 999/999/999 1002/1002/1002 1000/1000/1000
f 1001/1001/1001 1003/1003/1003 1004/1004/1004
f 1001/1001/1001 1004/1004/1004 1002/1002/1002
f 1002/1002/1002 1004/1004/1004 84/84/84
f 1002/1002/1002 84/84/84 82/82/82
f 1000/1000/1000 1002/1002/1002 82/82/82
f 1000/1000/1000 82/82/82 78/78/78
f 1003/1003/1003 1005/1005/1005 1006/1006/1006
f 1003/1003/1003 1006/1006/1006 1004/1004/1004
f 1005/1005/1005 945/945/945 948/948/948
f 1005/1005/1005 948/948/948 1006/1006/1006
f 1006/1006/1006 948/948/948 1/1/1
f 1006/1006/1006 1/1/1 88/88/88
f 1004/1004/1004 1006/1006/1006 88/88/88
f 1004/1004/1004 88/88/88 84/84/84
f 1007/1007/1007 1008/1008/1008 1009/1009/1009
f 1007/1007/1007 1009/1009/1009 1010/1010/1010
f 1008/1008/1008 1011/1011/1011 1012/1012/1012
f 1008/1008/1008 1012/1012/1012 1009/1009/1009
f 1009/1009/1009 1012/1012/1012 335/335/335
f 1009/1009/1009 335/335/335 332/332/332
f 1010/1010/1010 1009/1009/1009 332/332/332
f 1010/1010/1010 332/332/332 331/331/331
f 1011/1011/1011 1013/1013/1013 1014/1014/1014
f 1011/1011/1011 1014/1014/1014 1012/1012/1012
f 1013/1013/1013 1015/1015/1015 1016/1016/1016
f 1013/1013/1013 1016/1016/1016 1014/1014/1014
f 1014/1014/1014 1016/1016/1016 342/342/342
f 1014/1014/1014 342/342/342 340/340/340
f 1012/1012/1012 1014/1014/1014 340/340/340
f 1012/1012/1012 340/340/340 335/335/335
f 1015/1015/1015 1017/1017/1017 1018/1018/1018
f 1015/1015/1015 1018/1018/1018 1016/1016/1016
f 1017/1017/1017 1019/1019/1019 1020/1020/1020
f 1017/1017/1017 1020/1020/1020 1018/1018/1018
f 1018/1018/1018 1020/1020/1020 348/348/348
f 1018/1018/1018 348/348/348 346/346/346
f 1016/1016/1016 1018/1018/1018 346/346/346
f 1016/1016/1016 346/346/346 342/342/342
f 1019/1019/1019 1021/1021/1021 1022/1022/1022
f 1019/1019/1019 1022/1022/1022 1020/1020/1020
f 1021/1021/1021 1023/1023/1023 1024/1024/1024
f 1021/1021/1021 1024/1024/1024 1022/1022/1022
f 1022/1022/1022 1024/1024/1024 354/354/354
f 1022/1022/1022 354/354/354 352/352/352
f 1020/1020/1020 1022/1022/1022 352/352/352
f 1020/1020/1020 352/352/352 348/348/348
f 1023/1023/1023 1025/1025/1025 1026/1026/1026
f 1023/1023/1023 1026/1026/1026 1024/1024/1024
f 1025/1025/1025 1027/1027/1027 1028/1028/1028
f 1025/1025/1025 1028/1028/1028 1026/1026/1026
f 1026/1026/1026 1028/1028/1028 360/360/360
f 1026/1026/1026 360/360/360 358/358/358
f 1024/1024/1024 1026/1026/1026 358/358/358
f 1024/1024/1024 358/358/358 354/354/354
f 1027/1027/1027 1029/1029/1029 1030/1030/1030
f 1027/1027/1027 1030/1030/1030 1028/1028/1028
f 1029/1029/1029 1031/1031/1031 1032/1032/1032
f 1029/1029/1029 1032/1032/1032 1030/1030/1030
f 1030/1030/1030 1032/1032/1032 366/366/366
f 1030/1030/1030 366/366/366 364/364/364
f 1028/1028/1028 1030/1030/1030 364/364/364
f 1028/1028/1028 364/364/364 360/360/360
f 1031/1031/1031 1033/1033/1033 1034/1034/1034
f 1031/1031/1031 1034/1034/1034 1032/1032/1032
f 1033/1033/1033 1035/1035/1035 1036/1036/1036
f 1033/1033/1033 1036/1036/1036 1034/1034/1034
f 1034/1034/1034 1036/1036/1036 372/372/372
f 1034/1034/1034 372/372/372 370/370/370
f 1032/1032/1032 1034/1034/1034 370/370/370
f 1032/1032/1032 370/370/370 366/366/366
f 1035/1035/1035 1037/1037/1037 1038/1038/1038
f 1035/1035/1035 1038/1038/1038 1036/1036/1036
f 1037/1037/1037 1039/1039/1039 1040/1040/1040
f 1037/1037/1037 1040/1040/1040 1038/1038/1038
f 1038/1038/1038 1040/1040/1040 378/378/378
f 1038/1038/1038 378/378/378 376/376/376
f 1036/1036/1036 1038/1038/1038 376/376/376
f 1036/1036/1036 376/376/376 372/372/372
f 1039/1039/1039 1041/1041/1041 1042/1042/1042
f 1039/1039/1039 1042/1042/1042 1040/1040/1040
f 1041/1041/1041 1043/1043/1043 1044/1044/1044
f 1041/1041/1041 1044/1044/1044 1042/1042/1042
f 1042/1042/1042 1044/1044/1044 384/384/384
f 1042/1042/1042 384/384/384 382/382/382
f 1040/1040/1040 1042/1042/1042 382/382/382
f 1040/1040/1040 382/382/382 378/378/378
f 1043/1043/1043 1045/1045/1045 1046/1046/1046
f 1043/1043/1043 1046/1046/1046 1044/1044/1044
f 1045/1045/1045 1047/1047/1047 1048/1048/1048
f 1045/1045/1045 1048/1048/1048 1046/1046/1046
f 1046/1046/1046 1048/1048/1048 390/390/390
f 1046/1046/1046 390/390/390 388/388/388
f 1044/1044/1044 1046/1046/1046 388/388/388
f 1044/1044/1044 388/388/388 384/384/384
f 1047/1047/1047 1049/1049/1049 1050/1050/1050
f 1047/1047/1047 1050/1050/1050 1048/1048/1048
f 1049/1049/1049 1051/1051/1051 1052/1052/1052
f 1049/1049/1049 1052/1052/1052 1050/1050/1050
f 1050/1050/1050 1052/1052/1052 396/396/396
f 1050/1050/1050 396/396/396 394/394/394
f 1048/1048/1048 1050/1050/1050 394/394/394
f 1048/1048/1048 394/394/394 390/390/390
f 1051/1051/1051 1053/1053/1053 1054/1054/1054
f 1051/1051/1051 1054/1054/1054 1052/1052/1052
f 1053/1053/1053 1055/1055/1055 1056/1056/1056
f 1053/1053/1053 1056/1056/1056 1054/1054/1054
f 1054/1054/1054 1056/1056/1056 402/402/402
f 1054/1054/1054 402/402/402 400/400/400
f 1052/1052/1052 1054/1054/1054 400/400/400
f 1052/1052/1052 400/400/400 396/396/396
f 1055/1055/1055 1057/1057/1057 1058/1058/1058
f 1055/1055/1055 1058/1058/1058 1056/1056/1056
f 1057/1057/1057 1059/1059/1059 1060/1060/1060
f 1057/1057/1057 1060/1060/1060 1058/1058/1058
f 1058/1058/1058 1060/1060/1060 408/408/408
f 1058/1058/1058 408/408/408 406/406/406
f 1056/1056/1056 1058/1058/1058 406/406/406
f 1056/1056/1056 406/406/406 402/402/402
f 1059/1059/1059 1061/1061/1061 1062/1062/1062
f 1059/1059/1059 1062/1062/1062 1060/1060/1060
f 1061/1061/1061 1063/1063/1063 1064/1064/1064
f 1061/1061/1061 1064/1064/1064 1062/1062/1062
f 1062/1062/1062 1064/1064/1064 414/414/414
f 1062/1062/1062 414/414/414 412/412/412
f 1060/1060/1060 1062/1062/1062 412/412/412
f 1060/1060/1060 412/412/412 408/408/408
f 1063/1063/1063 1065/1065/1065 1066/1066/1066
f 1063/1063/1063 1066/1066/1066 1064/1064/1064
f 1065/1065/1065 1007/1007/1007 1010/1010/1010
f 1065/1065/1065 1010/1010/1010 1066/1066/1066
f 1066/1066/1066 1010/1010/1010 331/331/331
f 1066/1066/1066 331/331/331 418/418/418
f 1064/1064/1064 1066/1066/1066 418/418/418
f 1064/1064/1064 418/418/418 414/414/414
f 1067/1067/1067 1068/1068/1068 1069/1069/1069
f 1067/1067/1067 1069/1069/1069 1070/1070/1070
f 1068/1068/1068 1071/1071/1071 1072/1072/1072
f 1068/1068/1068 1072/1072/1072 1069/1069/1069
f 1069/1069/1069 1072/1072/1072 1073/1073/1073
f 1069/1069/1069 1073/1073/1073 1074/1074/1074
f 1070/1070/1070 1069/1069/1069 1074/1074/1074
f 1070/1070/1070 1074/1074/1074 1075/1075/1075
f 1071/1071/1071 1076/1076/1076 1077/1077/1077
f 1071/1071/1071 1077/1077/1077 1072/1072/1072
f 1076/1076/1076 1078/1078/1078 1079/1079/1079
f 1076/1076/1076 1079/1079/1079 1077/1077/1077
f 1077/1077/1077 1079/1079/1079 1080/1080/1080
f 1077/1077/1077 1080/1080/1080 1081/1081/1081
f 1072/1072/1072 1077/1077/1077 1081/1081/1081
f 1072/1072/1072 1081/1081/1081 1073/1073/1073
f 1078/1078/1078 1082/1082/1082 1083/1083/1083
f 1078/1078/1078 1083/1083/1083 1079/1079/1079
f 1082/1082/1082 1084/1084/1084 1085/1085/1085
f 1082/1082/1082 1085/1085/1085 1083/1083/1083
f 1083/1083/1083 1085/1085/1085 1086/1086/1086
f 1083/1083/1083 1086/1086/1086 1087/1087/1087
f 1079/1079/1079 1083/1083/1083 1087/1087/1087
f 1079/1079/1079 1087/1087/1087 1080/1080/1080
f 1084/1084/1084 1088/1088/1088 1089/1089/1089
f 1084/1084/1084 1089/1089/1089 1085/1085/1085
f 1088/1088/1088 1090/1090/1090 1091/1091/1091
f 1088/1088/1088 1091/1091/1091 1089/1089/1089
f 1089/1089/1089 1091/1091/1091 1092/1092/1092
f 1089/1089/1089 1092/1092/1092 1093/1093/1093
f 1085/1085/1085 1089/1089/1089 1093/1093/1093
f 1085/1085/1085 1093/1093/1093 1086/1086/1086
f 1090/1090/1090 1094/1094/1094 1095/1095/1095
f 1090/1090/1090 1095/1095/1095 1091/1091/1091
f 1094/1094/1094 1096/1096/1096 1097/1097/1097
f 1094/1094/1094 1097/1097/1097 1095/1095/1095
f 1095/1095/1095 1097/1097/1097 1098/1098/1098
f 1095/1095/1095 1098/1098/1098 1099/1099/1099
f 1091/1091/1091 1095/1095/1095 1099/1099/1099
f 1091/1091/1091 1099/1099/1099 1092/1092/1092
f 1096/1096/1096 1100/1100/1100 1101/1101/1101
f 1096/1096/1096 1101/1101/1101 1097/1097/1097
f 1100/1100/1100 1102/1102/1102 1103/1103/1103
f 1100/1100/1100 1103/1103/1103 1101/1101/1101
f 1101/1101/1101 1103/1103/1103 1104/1104/1104
f 1101/1101/1101 1104/1104/1104 1105/1105/1105
f 1097/1097/1097 1101/1101/1101 1105/1105/1105
f 1097/1097/1097 1105/1105/1105 1098/1098/1098
f 1102/1102/1102 1106/1106/1106 1107/1107/1107
f 1102/1102/1102 1107/1107/1107 1103/1103/1103
f 1106/1106/1106 1108/1108/1108 1109/1109/1109
f 1106/1106/1106 1109/1109/1109 1107/1107/1107
f 1107/1107/1107 1109/1109/1109 1110/1110/1110
f 1107/1107/1107 1110/1110/1110 1111/1111/1111
f 1103/1103/1103 1107/1107/1107 1111/1111/1111
f 1103/1103/1103 1111/1111/1111 1104/1104/1104
f 1108/1108/1108 1112/1112/1112 1113/1113/1113
f 1108/1108/1108 1113/1113/1113 1109/1109/1109
f 1112/1112/1112 1114/1114/1114 1115/1115/1115
f 1112/1112/1112 1115/1115/1115 1113/1113/1113
f 1113/1113/1113 1115/1115/1115 1116/1116/1116
f 1113/1113/1113 1116/1116/1116 1117/1117/1117
f 1109/1109/1109 1113/1113/1113 1117/1117/1117
f 1109/1109/1109 1117/1117/1117 1110/1110/1110
f 1114/1114/1114 1118/1118/1118 1119/1119/1119
f 1114/1114/1114 1119/1119/1119 1115/1115/1115
f 1118/1118/1118 1120/1120/1120 1121/1121/1121
f 1118/1118/1118 1121/1121/1121 1119/1119/1119
f 1119/1119/1119 1121/1121/1121 1122/1122/1122
f 1119/1119/1119 1122/1122/1122 1123/1123/1123
f 1115/1115/1115 1119/1119/1119 1123/1123/1123
f 1115/1115/1115 1123/1123/1123 1116/1116/1116
f 1120/1120/1120 1124/1124/1124 1125/1125/1125
f 1120/1120/1120 1125/1125/1125 1121/1121/1121
f 1124/1124/1124 1126/1126/1126 1127/1127/1127
f 1124/1124/1124 1127/1127/1127 1125/1125/1125
f 1125/1125/1125 1127/1127/1127 1128/1128/1128
f 1125/1125/1125 1128/1128/1128 1129/1129/1129
f 1121/1121/1121 1125/1125/1125 1129/1129/1129
f 1121/1121/1121 1129/1129/1129 1122/1122/1122
f 1126/1126/1126 1130/1130/1130 1131/1131/1131
f 1126/1126/1126 1131/1131/1131 1127/1127/1127
f 1130/1130/1130 1132/1132/1132 1133/1133/1133
f 1130/1130/1130 1133/1133/1133 1131/1131/1131
f 1131/1131/1131 1133/1133/1133 1134/1134/1134
f 1131/1131/1131 1134/1134/1134 1135/1135/1135
f 1127/1127/1127 1131/1131/1131 1135/1135/1135
f 1127/1127/1127 1135/1135/1135 1128/1128/1128
f 1132/1132/1132 1136/1136/1136 1137/1137/1137
f 1132/1132/1132 1137/1137/1137 1133/1133/1133
f 1136/1136/1136 1138/1138/1138 1139/1139/1139
f 1136/1136/1136 1139/1139/1139 1137/1137/1137
f 1137/1137/1137 1139/1139/1139 1140/1140/1140
f 1137/1137/1137 1140/1140/1140 1141/1141/1141
f 1133/1133/1133 1137/1137/1137 1141/1141/1141
f 1133/1133/1133 1141/1141/1141 1134/1134/1134
f 1138/1138/1138 1142/1142/1142 1143/1143/1143
f 1138/1138/1138 1143/1143/1143 1139/1139/1139
f 1142/1142/1142 1144/1144/1144 1145/1145/1145
f 1142/1142/1142 1145/1145/1145 1143/1143/1143
f 1143/1143/1143 1145/1145/1145 1146/1146/1146
f 1143/1143/1143 1146/1146/1146 1147/1147/1147
f 1139/1139/1139 1143/1143/1143 1147/1147/1147
f 1139/1139/1139 1147/1147/1147 1140/1140/1140
f 1144/1144/1144 1148/1148/1148 1149/1149/1149
f 1144/1144/1144 1149/1149/1149 1145/1145/1145
f 1148/1148/1148 1150/1150/1150 1151/1151/1151
f 1148/1148/1148 1151/1151/1151 1149/1149/1149
f 1149/1149/1149 1151/1151/1151 1152/1152/1152
f 1149/1149/1149 1152/1152/1152 1153/1153/1153
f 1145/1145/1145 1149/1149/1149 1153/1153/1153
f 1145/1145/1145 1153/1153/1153 1146/1146/1146
f 1150/1150/1150 1154/1154/1154 1155/1155/1155
f 1150/1150/1150 1155/1155/1155 1151/1151/1151
f 1154/1154/1154 1067/1067/1067 1070/1070/1070
f 1154/1154/1154 1070/1070/1070 1155/1155/1155
f 1155/1155/1155 1070/1070/1070 1075/1075/1075
f 1155/1155/1155 1075/1075/1075 1156/1156/1156
f 1151/1151/1151 1155/1155/1155 1156/1156/1156
f 1151/1151/1151 1156/1156/1156 1152/1152/1152
f 1075/1075/1075 1074/1074/1074 1157/1157/1157
f 1075/1075/1075 1157/1157/1157 1158/1158/1158
f 1074/1074/1074 1073/1073/1073 1159/1159/1159
f 1074/1074/1074 1159/1159/1159 1157/1157/1157
f 1157/1157/1157 1159/1159/1159 1160/1160/1160
f 1157/1157/1157 1160/1160/1160 1161/1161/1161
f 1158/1158/1158 1157/1157/1157 1161/1161/1161
f 1158/1158/1158 1161/1161/1161 1162/1162/1162
f 1073/1073/1073 1081/1081/1081 1163/1163/1163
f 1073/1073/1073 1163/1163/1163 1159/1159/1159
f 1081/1081/1081 1080/1080/1080 1164/1164/1164
f 1081/1081/1081 1164/1164/1164 1163/1163/1163
f 1163/1163/1163 1164/1164/1164 1165/1165/1165
f 1163/1163/1163 1165/1165/1165 1166/1166/1166
f 1159/1159/1159 1163/1163/1163 1166/1166/1166
f 1159/1159/1159 1166/1166/1166 1160/1160/1160
f 1080/1080/1080 1087/1087/1087 1167/1167/1167
f 1080/1080/1080 1167/1167/1167 1164/1164/1164
f 1087/1087/1087 1086/1086/1086 1168/1168/1168
f 1087/1087/1087 1168/1168/1168 1167/1167/1167
f 1167/1167/1167 1168/1168/1168 1169/1169/1169
f 1167/1167/1167 1169/1169/1169 1170/1170/1170
f 1164/1164/1164 1167/1167/1167 1170/1170/1170
f 1164/1164/1164 1170/1170/1170 1165/1165/1165
f 1086/1086/1086 1093/1093/1093 1171/1171/1171
f 1086/1086/1086 1171/1171/1171 1168/1168/1168
f 1093/1093/1093 1092/1092/1092 1172/1172/1172
f 1093/1093/1093 1172/1172/1172 1171/1171/1171
f 1171/1171/1171 1172/1172/1172 1173/1173/1173
f 1171/1171/1171 1173/1173/1173 1174/1174/1174
f 1168/1168/1168 1171/1171/1171 1174/1174/1174
f 1168/1168/1168 1174/1174/1174 1169/1169/1169
f 1092/1092/1092 1099/1099/1099 1175/1175/1175
f 1092/1092/1092 1175/1175/1175 1172/1172/1172
f 1099/1099/1099 1098/1098/1098 1176/1176/1176
f 1099/1099/1099 1176/1176/1176 1175/1175/1175
f 1175/1175/1175 1176/1176/1176 1177/1177/1177
f 1175/1175/1175 1177/1177/1177 1178/1178/1178
f 1172/1172/1172 1175/1175/1175 1178/1178/1178
f 1172/1172/1172 1178/1178/1178 1173/1173/1173
f 1098/1098/1098 1105/1105/1105 1179/1179/1179
f 1098/1098/1098 1179/1179/1179 1176/1176/1176
f 1105/1105/1105 1104/1104/1104 1180/1180/1180
f 1105/1105/1105 1180/1180/1180 1179/1179/1179
f 1179/1179/1179 1180/1180/1180 1181/1181/1181
f 1179/1179/1179 1181/1181/1181 1182/1182/1182
f 1176/1176/1176 1179/1179/1179 1182/1182/1182
f 1176/1176/1176 1182/1182/1182 1177/1177/1177
f 1104/1104/1104 1111/1111/1111 1183/1183/1183
f 1104/1104/1104 1183/1183/1183 1180/1180/1180
f 1111/1111/1111 1110/1110/1110 1184/1184/1184
f 1111/1111/1111 1184/1184/1184 1183/1183/1183
f 1183/1183/1183 1184/1184/1184 1185/1185/1185
f 1183/1183/1183 1185/1185/1185 1186/1186/1186
f 1180/1180/1180 1183/1183/1183 1186/1186/1186
f 1180/1180/1180 1186/1186/1186 1181/1181/1181
f 1110/1110/1110 1117/1117/1117 1187/1187/1187
f 1110/1110/1110 1187/1187/1187 1184/1184/1184
f 1117/1117/1117 1116/1116/1116 1188/1188/1188
f 1117/1117/1117 1188/1188/1188 1187/1187/1187
f 1187/1187/1187 1188/1188/1188 1189/1189/1189
f 1187/1187/1187 1189/1189/1189 1190/1190/1190
f 1184/1184/1184 1187/1187/1187 1190/1190/1190
f 1184/1184/1184 1190/1190/1190 1185/1185/1185
f 1116/1116/1116 1123/1123/1123 1191/1191/1191
f 1116/1116/1116 1191/1191/1191 1188/1188/1188
f 1123/1123/1123 1122/1122/1122 1192/1192/1192
f 1123/1123/1123 1192/1192/1192 1191/1191/1191
f 1191/1191/1191 1192/1192/1192 1193/1193/1193
f 1191/1191/1191 1193/1193/1193 1194/1194/1194
f 1188/1188/1188 1191/1191/1191 1194/1194/1194
f 1188/1188/1188 1194/1194/1194 1189/1189/1189
f 1122/1122/1122 1129/1129/1129 1195/1195/1195
f 1122/1122/1122 1195/1195/1195 1192/1192/1192
f 1129/1129/1129 1128/1128/1128 1196/1196/1196
f 1129/1129/1129 1196/1196/1196 1195/1195/1195
f 1195/1195/1195 1196/1196/1196 1197/1197/1197
f 1195/1195/1195 1197/1197/1197 1198/1198/1198
f 1192/1192/1192 1195/1195/1195 1198/1198/1198
f 1192/1192/1192 1198/1198/1198 1193/1193/1193
f 1128/1128/1128 1135/1135/1135 1199/1199/1199
f 1128/1128/1128 1199/1199/1199 1196/1196/1196
f 1135/1135/1135 1134/1134/1134 1200/1200/1200
f 1135/1135/1135 1200/1200/1200 1199/1199/1199
f 1199/1199/1199 1200/1200/1200 1201/1201/1201
f 1199/1199/1199 1201/1201/1201 1202/1202/1202
f 1196/1196/1196 1199/1199/1199 1202/1202/1202
f 1196/1196/1196 1202/1202/1202 1197/1197/1197
f 1134/1134/1134 1141/1141/1141 1203/1203/1203
f 1134/1134/1134 1203/1203/1203 1200/1200/1200
f 1141/1141/1141 1140/1140/1140 1204/1204/1204
f 1141/1141/1141 1204/1204/1204 1203/1203/1203
f 1203/1203/1203 1204/1204/1204 1205/1205/1205
f 1203/1203/1203 1205/1205/1205 1206/1206/1206
f 1200/1200/1200 1203/1203/1203 1206/1206/1206
f 1200/1200/1200 1206/1206/1206 1201/1201/1201
f 1140/1140/1140 1147/1147/1147 1207/1207/1207
f 1140/1140/1140 1207/1207/1207 1204/1204/1204
f 1147/1147/1147 1146/1146/1146 1208/1208/1208
f 1147/1147/1147 1208/1208/1208 1207/1207/1207
f 1207/1207/1207 1208/1208/1208 1209/1209/1209
f 1207/1207/1207 1209/1209/1209 1210/1210/1210
f 1204/1204/1204 1207/1207/1207 1210/1210/1210
f 1204/1204/1204 1210/1210/1210 1205/1205/1205
f 1146/1146/1146 1153/1153/1153 1211/1211/1211
f 1146/1146/1146 1211/1211/1211 1208/1208/1208
f 1153/1153/1153 1152/1152/1152 1212/1212/1212
f 1153/1153/1153 1212/1212/1212 1211/1211/1211
f 1211/1211/1211 1212/1212/1212 1213/1213/1213
f 1211/1211/1211 1213/1213/1213 1214/1214/1214
f 1208/1208/1208 1211/1211/1211 1214/1214/1214
f 1208/1208/1208 1214/1214/1214 1209/1209/1209
f 1152/1152/1152 1156/1156/1156 1215/1215/1215
f 1152/1152/1152 1215/1215/1215 1212/1212/1212
f 1156/1156/1156 1075/1075/1075 1158/1158/1158
f 1156/1156/1156 1158/1158/1158 1215/1215/1215
f 1215/1215/1215 1158/1158/1158 1162/1162/1162
f 1215/1215/1215 1162/1162/1162 1216/1216/1216
f 1212/1212/1212 1215/1215/1215 1216/1216/1216
f 1212/1212/1212 1216/1216/1216 1213/1213/1213
f 1217/1217/1217 1218/1218/1218 1219/1219/1219
f 1217/1217/1217 1219/1219/1219 1220/1220/1220
f 1218/1218/1218 1221/1221/1221 1222/1222/1222
f 1218/1218/1218 1222/1222/1222 1219/1219/1219
f 1219/1219/1219 1222/1222/1222 425/425/425
f 1219/1219/1219 425/425/425 422/422/422
f 1220/1220/1220 1219/1219/1219 422/422/422
f 1220/1220/1220 422/422/422 421/421/421
f 1221/1221/1221 1223/1223/1223 1224/1224/1224
f 1221/1221/1221 1224/1224/1224 1222/1222/1222
f 1223/1223/1223 1225/1225/1225 1226/1226/1226
f 1223/1223/1223 1226/1226/1226 1224/1224/1224
f 1224/1224/1224 1226/1226/1226 430/430/430
f 1224/1224/1224 430/430/430 428/428/428
f 1222/1222/1222 1224/1224/1224 428/428/428
f 1222/1222/1222 428/428/428 425/425/425
f 1225/1225/1225 1227/1227/1227 1228/1228/1228
f 1225/1225/1225 1228/1228/1228 1226/1226/1226
f 1227/1227/1227 1229/1229/1229 1230/1230/1230
f 1227/1227/1227 1230/1230/1230 1228/1228/1228
f 1228/1228/1228 1230/1230/1230 434/434/434
f 1228/1228/1228 434/434/434 432/432/432
f 1226/1226/1226 1228/1228/1228 432/432/432
f 1226/1226/1226 432/432/432 430/430/430
f 1229/1229/1229 1231/1231/1231 1232/1232/1232
f 1229/1229/1229 1232/1232/1232 1230/1230/1230
f 1231/1231/1231 1233/1233/1233 1234/1234/1234
f 1231/1231/1231 1234/1234/1234 1232/1232/1232
f 1232/1232/1232 1234/1234/1234 438/438/438
f 1232/1232/1232 438/438/438 436/436/436
f 1230/1230/1230 1232/1232/1232 436/436/436
f 1230/1230/1230 436/436/436 434/434/434
f 1233/1233/1233 1235/1235/1235 1236/1236/1236
f 1233/1233/1233 1236/1236/1236 1234/1234/1234
f 1235/1235/1235 1237/1237/1237 1238/1238/1238
f 1235/1235/1235 1238/1238/1238 1236/1236/1236
f 1236/1236/1236 1238/1238/1238 442/442/442
f 1236/1236/1236 442/442/442 440/440/440
f 1234/1234/1234 1236/1236/1236 440/440/440
f 1234/1234/1234 440/440/440 438/438/438
f 1237/1237/1237 1239/1239/1239 1240/1240/1240
f 1237/1237/1237 1240/1240/1240 1238/1238/1238
f 1239/1239/1239 1241/1241/1241 1242/1242/1242
f 1239/1239/1239 1242/1242/1242 1240/1240/1240
f 1240/1240/1240 1242/1242/1242 446/446/446
f 1240/1240/1240 446/446/446 444/444/444
f 1238/1238/1238 1240/1240/1240 444/444/444
f 1238/1238/1238 444/444/444 442/442/442
f 1241/1241/1241 1243/1243/1243 1244/1244/1244
f 1241/1241/1241 1244/1244/1244 1242/1242/1242
f 1243/1243/1243 1245/1245/1245 1246/1246/1246
f 1243/1243/1243 1246/1246/1246 1244/1244/1244
f 1244/1244/1244 1246/1246/1246 450/450/450
f 1244/1244/1244 450/450/450 448/448/448
f 1242/1242/1242 1244/1244/1244 448/448/448
f 1242/1242/1242 448/448/448 446/446/446
f 1245/1245/1245 1247/1247/1247 1248/1248/1248
f 1245/1245/1245 1248/1248/1248 1246/1246/1246
f 1247/1247/1247 1249/1249/1249 1250/1250/1250
f 1247/1247/1247 1250/1250/1250 1248/1248/1248
f 1248/1248/1248 1250/1250/1250 454/454/454
f 1248/1248/1248 454/454/454 452/452/452
f 1246/1246/1246 1248/1248/1248 452/452/452
f 1246/1246/1246 452/452/452 450/450/450
f 1249/1249/1249 1251/1251/1251 1252/1252/1252
f 1249/1249/1249 1252/1252/1252 1250/1250/1250
f 1251/1251/1251 1253/1253/1253 1254/1254/1254
f 1251/1251/1251 1254/1254/1254 1252/1252/1252
f 1252/1252/1252 1254/1254/1254 458/458/458
f 1252/1252/1252 458/458/458 456/456/456
f 1250/1250/1250 1252/1252/1252 456/456/456
f 1250/1250/1250 456/456/456 454/454/454
f 1253/1253/1253 1255/1255/1255 1256/1256/1256
f 1253/1253/1253 1256/1256/1256 1254/1254/1254
f 1255/1255/1255 1257/1257/1257 1258/1258/1258
f 1255/1255/1255 1258/1258/1258 1256/1256/1256
f 1256/1256/1256 1258/1258/1258 462/462/462
f 1256/1256/1256 462/462/462 460/460/460
f 1254/1254/1254 1256/1256/1256 460/460/460
f 1254/1254/1254 460/460/460 458/458/458
f 1257/1257/1257 1259/1259/1259 1260/1260/1260
f 1257/1257/1257 1260/1260/1260 1258/1258/1258
f 1259/1259/1259 1261/1261/1261 1262/1262/1262
f 1259/1259/1259 1262/1262/1262 1260/1260/1260
f 1260/1260/1260 1262/1262/1262 466/466/466
f 1260/1260/1260 466/466/466 464/464/464
f 1258/1258/1258 1260/1260/1260 464/464/464
f 1258/1258/1258 464/464/464 462/462/462
f 1261/1261/1261 1263/1263/1263 1264/1264/1264
f 1261/1261/1261 1264/1264/1264 1262/1262/1262
f 1263/1263/1263 1265/1265/1265 1266/1266/1266
f 1263/1263/1263 1266/1266/1266 1264/1264/1264
f 1264/1264/1264 1266/1266/1266 470/470/470
f 1264/1264/1264 470/470/470 468/468/468
f 1262/1262/1262 1264/1264/1264 468/468/468
f 1262/1262/1262 468/468/468 466/466/466
f 1265/1265/1265 1267/1267/1267 1268/1268/1268
f 1265/1265/1265 1268/1268/1268 1266/1266/1266
f 1267/1267/1267 1269/1269/1269 1270/1270/1270
f 1267/1267/1267 1270/1270/1270 1268/1268/1268
f 1268/1268/1268 1270/1270/1270 474/474/474
f 1268/1268/1268 474/474/474 472/472/472
f 1266/1266/1266 1268/1268/1268 472/472/472
f 1266/1266/1266 472/472/472 470/470/470
f 1269/1269/1269 1271/1271/1271 1272/1272/1272
f 1269/1269/1269 1272/1272/1272 1270/1270/1270
f 1271/1271/1271 1273/1273/1273 1274/1274/1274
f 1271/1271/1271 1274/1274/1274 1272/1272/1272
f 1272/1272/1272 1274/1274/1274 478/478/478
f 1272/1272/1272 478/478/478 476/476/476
f 1270/1270/1270 1272/1272/1272 476/476/476
f 1270/1270/1270 476/476/476 474/474/474
f 1273/1273/1273 1275/1275/1275 1276/1276/1276
f 1273/1273/1273 1276/1276/1276 1274/1274/1274
f 1275/1275/1275 1217/1217/1217 1220/1220/1220
f 1275/1275/1275 1220/1220/1220 1276/1276/1276
f 1276/1276/1276 1220/1220/1220 421/421/421
f 1276/1276/1276 421/421/421 480/480/480
f 1274/1274/1274 1276/1276/1276 480/480/480
f 1274/1274/1274 480/480/480 478/478/478
f 1277/1277/1277 1278/1278/1278 1279/1279/1279
f 1277/1277/1277 1279/1279/1279 1280/1280/1280
f 1278/1278/1278 1281/1281/1281 1282/1282/1282
f 1278/1278/1278 1282/1282/1282 1279/1279/1279
f 1279/1279/1279 1282/1282/1282 1011/1011/1011
f 1279/1279/1279 1011/1011/1011 1008/1008/1008
f 1280/1280/1280 1279/1279/1279 1008/1008/1008
f 1280/1280/1280 1008/1008/1008 1007/1007/1007
f 1281/1281/1281 1283/1283/1283 1284/1284/1284
f 1281/1281/1281 1284/1284/1284 1282/1282/1282
f 1283/1283/1283 1285/1285/1285 1286/1286/1286
f 1283/1283/1283 1286/1286/1286 1284/1284/1284
f 1284/1284/1284 1286/1286/1286 1015/1015/1015
f 1284/1284/1284 1015/1015/1015 1013/1013/1013
f 1282/1282/1282 1284/1284/1284 1013/1013/1013
f 1282/1282/1282 1013/1013/1013 1011/1011/1011
f 1285/1285/1285 1287/1287/1287 1288/1288/1288
f 1285/1285/1285 1288/1288/1288 1286/1286/1286
f 1287/1287/1287 1289/1289/1289 1290/1290/1290
f 1287/1287/1287 1290/1290/1290 1288/1288/1288
f 1288/1288/1288 1290/1290/1290 1019/1019/1019
f 1288/1288/1288 1019/1019/1019 1017/1017/1017
f 1286/1286/1286 1288/1288/1288 1017/1017/1017
f 1286/1286/1286 1017/1017/1017 1015/1015/1015
f 1289/1289/1289 1291/1291/1291 1292/1292/1292
f 1289/1289/1289 1292/1292/1292 1290/1290/1290
f 1291/1291/1291 1293/1293/1293 1294/1294/1294
f 1291/1291/1291 1294/1294/1294 1292/1292/1292
f 1292/1292/1292 1294/1294/1294 1023/1023/1023
f 1292/1292/1292 1023/1023/1023 1021/1021/1021
f 1290/1290/1290 1292/1292/1292 1021/1021/1021
f 1290/1290/1290 1021/1021/1021 1019/1019/1019
f 1293/1293/1293 1295/1295/1295 1296/1296/1296
f 1293/1293/1293 1296/1296/1296 1294/1294/1294
f 1295/1295/1295 1297/1297/1297 1298/1298/1298
f 1295/1295/1295 1298/1298/1298 1296/1296/1296
f 1296/1296/1296 1298/1298/1298 1027/1027/1027
f 1296/1296/1296 1027/1027/1027 1025/1025/1025
f 1294/1294/1294 1296/1296/1296 1025/1025/1025
f 1294/1294/1294 1025/1025/1025 1023/1023/1023
f 1297/1297/1297 1299/1299/1299 1300/1300/1300
f 1297/1297/1297 1300/1300/1300 1298/1298/1298
f 1299/1299/1299 1301/1301/1301 1302/1302/1302
f 1299/1299/1299 1302/1302/1302 1300/1300/1300
f 1300/1300/1300 1302/1302/1302 1031/1031/1031
f 1300/1300/1300 1031/1031/1031 1029/1029/1029
f 1298/1298/1298 1300/1300/1300 1029/1029/1029
f 1298/1298/1298 1029/1029/1029 1027/1027/1027
f 1301/1301/1301 1303/1303/1303 1304/1304/1304
f 1301/1301/1301 1304/1304/1304 1302/1302/1302
f 1303/1303/1303 1305/1305/1305 1306/1306/1306
f 1303/1303/1303 1306/1306/1306 1304/1304/1304
f 1304/1304/1304 1306/1306/1306 1035/1035/1035
f 1304/1304/1304 1035/1035/1035 1033/1033/1033
f 1302/1302/1302 1304/1304/1304 1033/1033/1033
f 1302/1302/1302 1033/1033/1033 1031/1031/1031
f 1305/1305/1305 1307/1307/1307 1308/1308/1308
f 1305/1305/1305 1308/1308/1308 1306/1306/1306
f 1307/1307/1307 1309/1309/1309 1310/1310/1310
f 1307/1307/1307 1310/1310/1310 1308/1308/1308
f 1308/1308/1308 1310/1310/1310 1039/1039/1039
f 1308/1308/1308 1039/1039/1039 1037/1037/1037
f 1306/1306/1306 1308/1308/1308 1037/1037/1037
f 1306/1306/1306 1037/1037/1037 1035/1035/1035
f 1309/1309/1309 1311/1311/1311 1312/1312/1312
f 1309/1309/1309 1312/1312/1312 1310/1310/1310
f 1311/1311/1311 1313/1313/1313 1314/1314/1314
f 1311/1311/1311 1314/1314/1314 1312/1312/1312
f 1312/1312/1312 1314/1314/1314 1043/1043/1043
f 1312/1312/1312 1043/1043/1043 1041/1041/1041
f 1310/1310/1310 1312/1312/1312 1041/1041/1041
f 1310/1310/1310 1041/1041/1041 1039/1039/1039
f 1313/1313/1313 1315/1315/1315 1316/1316/1316
f 1313/1313/1313 1316/1316/1316 1314/1314/1314
f 1315/1315/1315 1317/1317/1317 1318/1318/1318
f 1315/1315/1315 1318/1318/1318 1316/1316/1316
f 1316/1316/1316 1318/1318/1318 1047/1047/1047
f 1316/1316/1316 1047/1047/1047 1045/1045/1045
f 1314/1314/1314 1316/1316/1316 1045/1045/1045
f 1314/1314/1314 1045/1045/1045 1043/1043/1043
f 1317/1317/1317 1319/1319/1319 1320/1320/1320
f 1317/1317/1317 1320/1320/1320 1318/1318/1318
f 1319/1319/1319 1321/1321/1321 1322/1322/1322
f 1319/1319/1319 1322/1322/1322 1320/1320/1320
f 1320/1320/1320 1322/1322/1322 1051/1051/1051
f 1320/1320/1320 1051/1051/1051 1049/1049/1049
f 1318/1318/1318 1320/1320/1320 1049/1049/1049
f 1318/1318/1318 1049/1049/1049 1047/1047/1047
f 1321/1321/1321 1323/1323/1323 1324/1324/1324
f 1321/1321/1321 1324/1324/1324 1322/1322/1322
f 1323/1323/1323 1325/1325/1325 1326/1326/1326
f 1323/1323/1323 1326/1326/1326 1324/1324/1324
f 1324/1324/1324 1326/1326/1326 1055/1055/1055
f 1324/1324/1324 1055/1055/1055 1053/1053/1053
f 1322/1322/1322 1324/1324/1324 1053/1053/1053
f 1322/1322/1322 1053/1053/1053 1051/1051/1051
f 1325/1325/1325 1327/1327/1327 1328/1328/1328
f 1325/1325/1325 1328/1328/1328 1326/1326/1326
f 1327/1327/1327 1329/1329/1329 1330/1330/1330
f 1327/1327/1327 1330/1330/1330 1328/1328/1328
f 1328/1328/1328 1330/1330/1330 1059/1059/1059
f 1328/1328/1328 1059/1059/1059 1057/1057/1057
f 1326/1326/1326 1328/1328/1328 1057/1057/1057
f 1326/1326/1326 1057/1057/1057 1055/1055/1055
f 1329/1329/1329 1331/1331/1331 1332/1332/1332
f 1329/1329/1329 1332/1332/1332 1330/1330/1330
f 1331/1331/1331 1333/1333/1333 1334/1334/1334
f 1331/1331/1331 1334/1334/1334 1332/1332/1332
f 1332/1332/1332 1334/1334/1334 1063/1063/1063
f 1332/1332/1332 1063/1063/1063 1061/1061/1061
f 1330/1330/1330 1332/1332/1332 1061/1061/1061
f 1330/1330/1330 1061/1061/1061 1059/1059/1059
f 1333/1333/1333 1335/1335/1335 1336/1336/1336
f 1333/1333/1333 1336/1336/1336 1334/1334/1334
f 1335/1335/1335 1277/1277/1277 1280/1280/1280
f 1335/1335/1335 1280/1280/1280 1336/1336/1336
f 1336/1336/1336 1280/1280/1280 1007/1007/1007
f 1336/1336/1336 1007/1007/1007 1065/1065/1065
f 1334/1334/1334 1336/1336/1336 1065/1065/1065
f 1334/1334/1334 1065/1065/1065 1063/1063/1063
f 1162/1162/1162 1161/1161/1161 1337/1337/1337
f 1162/1162/1162 1337/1337/1337 1338/1338/1338
f 1161/1161/1161 1160/1160/1160 1339/1339/1339
f 1161/1161/1161 1339/1339/1339 1337/1337/1337
f 1337/1337/1337 1339/1339/1339 1221/1221/1221
f 1337/1337/1337 1221/1221/1221 1218/1218/1218
f 1338/1338/1338 1337/1337/1337 1218/1218/1218
f 1338/1338/1338 1218/1218/1218 1217/1217/1217
f 1160/1160/1160 1166/1166/1166 1340/1340/1340
f 1160/1160/1160 1340/1340/1340 1339/1339/1339
f 1166/1166/1166 1165/1165/1165 1341/1341/1341
f 1166/1166/1166 1341/1341/1341 1340/1340/1340
f 1340/1340/1340 1341/1341/1341 1225/1225/1225
f 1340/1340/1340 1225/1225/1225 1223/1223/1223
f 1339/1339/1339 1340/1340/1340 1223/1223/1223
f 1339/1339/1339 1223/1223/1223 1221/1221/1221
f 1165/1165/1165 1170/1170/1170 1342/1342/1342
f 1165/1165/1165 1342/1342/1342 1341/1341/1341
f 1170/1170/1170 1169/1169/1169 1343/1343/1343
f 1170/1170/1170 1343/1343/1343 1342/1342/1342
f 1342/1342/1342 1343/1343/1343 1229/1229/1229
f 1342/1342/1342 1229/1229/1229 1227/1227/1227
f 1341/1341/1341 1342/1342/1342 1227/1227/1227
f 1341/1341/1341 1227/1227/1227 1225/1225/1225
f 1169/1169/1169 1174/1174/1174 1344/1344/1344
f 1169/1169/1169 1344/1344/1344 1343/1343/1343
f 1174/1174/1174 1173/1173/1173 1345/1345/1345
f 1174/1174/1174 1345/1345/1345 1344/1344/1344
f 1344/1344/1344 1345/1345/1345 1233/1233/1233
f 1344/1344/1344 1233/1233/1233 1231/1231/1231
f 1343/1343/1343 1344/1344/1344 1231/1231/1231
f 1343/1343/1343 1231/1231/1231 1229/1229/1229
f 1173/1173/1173 1178/1178/1178 1346/1346/1346
f 1173/1173/1173 1346/1346/1346 1345/1345/1345
f 1178/1178/1178 1177/1177/1177 1347/1347/1347
f 1178/1178/1178 1347/1347/1347 1346/1346/1346
f 1346/1346/1346 1347/1347/1347 1237/1237/1237
f 1346/1346/1346 1237/1237/1237 1235/1235/1235
f 1345/1345/1345 1346/1346/1346 1235/1235/1235
f 1345/1345/1345 1235/1235/1235 1233/1233/1233
f 1177/1177/1177 1182/1182/1182 1348/1348/1348
f 1177/1177/1177 1348/1348/1348 1347/1347/1347
f 1182/1182/1182 1181/1181/1181 1349/1349/1349
f 1182/1182/1182 1349/1349/1349 1348/1348/1348
f 1348/1348/1348 1349/1349/1349 1241/1241/1241
f 1348/1348/1348 1241/1241/1241 1239/1239/1239
f 1347/1347/1347 1348/1348/1348 1239/1239/1239
f 1347/1347/1347 1239/1239/1239 1237/1237/1237
f 1181/1181/1181 1186/1186/1186 1350/1350/1350
f 1181/1181/1181 1350/1350/1350 1349/1349/1349
f 1186/1186/1186 1185/1185/1185 1351/1351/1351
f 1186/1186/1186 1351/1351/1351 1350/1350/1350
f 1350/1350/1350 1351/1351/1351 1245/1245/1245
f 1350/1350/1350 1245/1245/1245 1243/1243/1243
f 1349/1349/1349 1350/1350/1350 1243/1243/1243
f 1349/1349/1349 1243/1243/1243 1241/1241/1241
f 1185/1185/1185 1190/1190/1190 1352/1352/1352
f 1185/1185/1185 1352/1352/1352 1351/1351/1351
f 1190/1190/1190 1189/1189/1189 1353/1353/1353
f 1190/1190/1190 1353/1353/1353 1352/1352/1352
f 1352/1352/1352 1353/1353/1353 1249/1249/1249
f 1352/1352/1352 1249/1249/1249 1247/1247/1247
f 1351/1351/1351 1352/1352/1352 1247/1247/1247
f 1351/1351/1351 1247/1247/1247 1245/1245/1245
f 1189/1189/1189 1194/1194/1194 1354/1354/1354
f 1189/1189/1189 1354/1354/1354 1353/1353/1353
f 1194/1194/1194 1193/1193/1193 1355/1355/1355
f 1194/1194/1194 1355/1355/1355 1354/1354/1354
f 1354/1354/1354 1355/1355/1355 1253/1253/1253
f 1354/1354/1354 1253/1253/1253 1251/1251/1251
f 1353/1353/1353 1354/1354/1354 1251/1251/1251
f 1353/1353/1353 1251/1251/1251 1249/1249/1249
f 1193/1193/1193 1198/1198/1198 1356/1356/1356
f 1193/1193/1193 1356/1356/1356 1355/1355/1355
f 1198/1198/1198 1197/1197/1197 1357/1357/1357
f 1198/1198/1198 1357/1357/1357 1356/1356/1356
f 1356/1356/1356 1357/1357/1357 1257/1257/1257
f 1356/1356/1356 1257/1257/1257 1255/1255/1255
f 1355/1355/1355 1356/1356/1356 1255/1255/1255
f 1355/1355/1355 1255/1255/1255 1253/1253/1253
f 1197/1197/1197 1202/1202/1202 1358/1358/1358
f 1197/1197/1197 1358/1358/1358 1357/1357/1357
f 1202/1202/1202 1201/1201/1201 1359/1359/1359
f 1202/1202/1202 1359/1359/1359 1358/1358/1358
f 1358/1358/1358 1359/1359/1359 1261/1261/1261
f 1358/1358/1358 1261/1261/1261 1259/1259/1259
f 1357/1357/1357 1358/1358/1358 1259/1259/1259
f 1357/1357/1357 1259/1259/1259 1257/1257/1257
f 1201/1201/1201 1206/1206/1206 1360/1360/1360
f 1201/1201/1201 1360/1360/1360 1359/1359/1359
f 1206/1206/1206 1205/1205/1205 1361/1361/1361
f 1206/1206/1206 1361/1361/1361 1360/1360/1360
f 1360/1360/1360 1361/1361/1361 1265/1265/1265
f 1360/1360/1360 1265/1265/1265 1263/1263/1263
f 1359/1359/1359 1360/1360/1360 1263/1263/1263
f 1359/1359/1359 1263/1263/1263 1261/1261/1261
f 1205/1205/1205 1210/1210/1210 1362/1362/1362
f 1205/1205/1205 1362/1362/1362 1361/1361/1361
f 1210/1210/1210 1209/1209/1209 1363/1363/1363
f 1210/1210/1210 1363/1363/1363 1362/1362/1362
f 1362/1362/1362 1363/1363/1363 1269/1269/1269
f 1362/1362/1362 1269/1269/1269 1267/1267/1267
f 1361/1361/1361 1362/1362/1362 1267/1267/1267
f 1361/1361/1361 1267/1267/1267 1265/1265/1265
f 1209/1209/1209 1214/1214/1214 1364/1364/1364
f 1209/1209/1209 1364/1364/1364 1363/1363/1363
f 1214/1214/1214 1213/1213/1213 1365/1365/1365
f 1214/1214/1214 1365/1365/1365 1364/1364/1364
f 1364/1364/1364 1365/1365/1365 1273/1273/1273
f 1364/1364/1364 1273/1273/1273 1271/1271/1271
f 1363/1363/1363 1364/1364/1364 1271/1271/1271
f 1363/1363/1363 1271/1271/1271 1269/1269/1269
f 1213/1213/1213 1216/1216/1216 1366/1366/1366
f 1213/1213/1213 1366/1366/1366 1365/1365/1365
f 1216/1216/1216 1162/1162/1162 1338/1338/1338
f 1216/1216/1216 1338/1338/1338 1366/1366/1366
f 1366/1366/1366 1338/1338/1338 1217/1217/1217
f 1366/1366/1366 1217/1217/1217 1275/1275/1275
f 1365/1365/1365 1366/1366/1366 1275/1275/1275
f 1365/1365/1365 1275/1275/1275 1273/1273/1273
f 339/339/339 338/338/338 1367/1367/1367
f 339/339/339 1367/1367/1367 1368/1368/1368
f 338/338/338 337/337/337 1369/1369/1369
f 338/338/338 1369/1369/1369 1367/1367/1367
f 1367/1367/1367 1369/1369/1369 1071/1071/1071
f 1367/1367/1367 1071/1071/1071 1068/1068/1068
f 1368/1368/1368 1367/1367/1367 1068/1068/1068
f 1368/1368/1368 1068/1068/1068 1067/1067/1067
f 337/337/337 345/345/345 1370/1370/1370
f 337/337/337 1370/1370/1370 1369/1369/1369
f 345/345/345 344/344/344 1371/1371/1371
f 345/345/345 1371/1371/1371 1370/1370/1370
f 1370/1370/1370 1371/1371/1371 1078/1078/1078
f 1370/1370/1370 1078/1078/1078 1076/1076/1076
f 1369/1369/1369 1370/1370/1370 1076/1076/1076
f 1369/1369/1369 1076/1076/1076 1071/1071/1071
f 344/344/344 351/351/351 1372/1372/1372
f 344/344/344 1372/1372/1372 1371/1371/1371
f 351/351/351 350/350/350 1373/1373/1373
f 351/351/351 1373/1373/1373 1372/1372/1372
f 1372/1372/1372 1373/1373/1373 1084/1084/1084
f 1372/1372/1372 1084/1084/1084 1082/1082/1082
f 1371/1371/1371 1372/1372/1372 1082/1082/1082
f 1371/1371/1371 1082/1082/1082 1078/1078/1078
f 350/350/350 357/357/357 1374/1374/1374
f 350/350/350 1374/1374/1374 1373/1373/1373
f 357/357/357 356/356/356 1375/1375/1375
f 357/357/357 1375/1375/1375 1374/1374/1374
f 1374/1374/1374 1375/1375/1375 1090/1090/1090
f 1374/1374/1374 1090/1090/1090 1088/1088/1088
f 1373/1373/1373 1374/1374/1374 1088/1088/1088
f 1373/1373/1373 1088/1088/1088 1084/1084/1084
f 356/356/356 363/363/363 1376/1376/1376
f 356/356/356 1376/1376/1376 1375/1375/1375
f 363/363/363 362/362/362 1377/1377/1377
f 363/363/363 1377/1377/1377 1376/1376/1376
f 1376/1376/1376 1377/1377/1377 1096/1096/1096
f 1376/1376/1376 1096/1096/1096 1094/1094/1094
f 1375/1375/1375 1376/1376/1376 1094/1094/1094
f 1375/1375/1375 1094/1094/1094 1090/1090/1090
f 362/362/362 369/369/369 1378/1378/1378
f 362/362/362 1378/1378/1378 1377/1377/1377
f 369/369/369 368/368/368 1379/1379/1379
f 369/369/369 1379/1379/1379 1378/1378/1378
f 1378/1378/1378 1379/1379/1379 1102/1102/1102
f 1378/1378/1378 1102/1102/1102 1100/1100/1100
f 1377/1377/1377 1378/1378/1378 1100/1100/1100
f 1377/1377/1377 1100/1100/1100 1096/1096/1096
f 368/368/368 375/375/375 1380/1380/1380
f 368/368/368 1380/1380/1380 1379/1379/1379
f 375/375/375 374/374/374 1381/1381/1381
f 375/375/375 1381/1381/1381 1380/1380/1380
f 1380/1380/1380 1381/1381/1381 1108/1108/1108
f 1380/1380/1380 1108/1108/1108 1106/1106/1106
f 1379/1379/1379 1380/1380/1380 1106/1106/1106
f 1379/1379/1379 1106/1106/1106 1102/1102/1102
f 374/374/374 381/381/381 1382/1382/1382
f 374/374/374 1382/1382/1382 1381/1381/1381
f 381/381/381 380/380/380 1383/1383/1383
f 381/381/381 1383/1383/1383 1382/1382/1382
f 1382/1382/1382 1383/1383/1383 1114/1114/1114
f 1382/1382/1382 1114/1114/1114 1112/1112/1112
f 1381/1381/1381 1382/1382/1382 1112/1112/1112
f 1381/1381/1381 1112/1112/1112 1108/1108/1108
f 380/380/380 387/387/387 1384/1384/1384
f 380/380/380 1384/1384/1384 1383/1383/1383
f 387/387/387 386/386/386 1385/1385/1385
f 387/387/387 1385/1385/1385 1384/1384/1384
f 1384/1384/1384 1385/1385/1385 1120/1120/1120
f 1384/1384/1384 1120/1120/1120 1118/1118/1118
f 1383/1383/1383 1384/1384/1384 1118/1118/1118
f 1383/1383/1383 1118/1118/1118 1114/1114/1114
f 386/386/386 393/393/393 1386/1386/1386
f 386/386/386 1386/1386/1386 1385/1385/1385
f 393/393/393 392/392/392 1387/1387/1387
f 393/393/393 1387/1387/1387 1386/1386/1386
f 1386/1386/1386 1387/1387/1387 1126/1126/1126
f 1386/1386/1386 1126/1126/1126 1124/1124/1124
f 1385/1385/1385 1386/1386/1386 1124/1124/1124
f 1385/1385/1385 1124/1124/1124 1120/1120/1120
f 392/392/392 399/399/399 1388/1388/1388
f 392/392/392 1388/1388/1388 1387/1387/1387
f 399/399/399 398/398/398 1389/1389/1389
f 399/399/399 1389/1389/1389 1388/1388/1388
f 1388/1388/1388 1389/1389/1389 1132/1132/1132
f 1388/1388/1388 1132/1132/1132 1130/1130/1130
f 1387/1387/1387 1388/1388/1388 1130/1130/1130
f 1387/1387/1387 1130/1130/1130 1126/1126/1126
f 398/398/398 405/405/405 1390/1390/1390
f 398/398/398 1390/1390/1390 1389/1389/1389
f 405/405/405 404/404/404 1391/1391/1391
f 405/405/405 1391/1391/1391 1390/1390/1390
f 1390/1390/1390 1391/1391/1391 1138/1138/1138
f 1390/1390/1390 1138/1138/1138 1136/1136/1136
f 1389/1389/1389 1390/1390/1390 1136/1136/1136
f 1389/1389/1389 1136/1136/1136 1132/1132/1132
f 404/404/404 411/411/411 1392/1392/1392
f 404/404/404 1392/1392/1392 1391/1391/1391
f 411/411/411 410/410/410 1393/1393/1393
f 411/411/411 1393/1393/1393 1392/1392/1392
f 1392/1392/1392 1393/1393/1393 1144/1144/1144
f 1392/1392/1392 1144/1144/1144 1142/1142/1142
f 1391/1391/1391 1392/1392/1392 1142/1142/1142
f 1391/1391/1391 1142/1142/1142 1138/1138/1138
f 410/410/410 417/417/417 1394/1394/1394
f 410/410/410 1394/1394/1394 1393/1393/1393
f 417/417/417 416/416/416 1395/1395/1395
f 417/417/417 1395/1395/1395 1394/1394/1394
f 1394/1394/1394 1395/1395/1395 1150/1150/1150
f 1394/1394/1394 1150/1150/1150 1148/1148/1148
f 1393/1393/1393 1394/1394/1394 1148/1148/1148
f 1393/1393/1393 1148/1148/1148 1144/1144/1144
f 416/416/416 420/420/420 1396/1396/1396
f 416/416/416 1396/1396/1396 1395/1395/1395
f 420/420/420 339/339/339 1368/1368/1368
f 420/420/420 1368/1368/1368 1396/1396/1396
f 1396/1396/1396 1368/1368/1368 1067/1067/1067
f 1396/1396/1396 1067/1067/1067 1154/1154/1154
f 1395/1395/1395 1396/1396/1396 1154/1154/1154
f 1395/1395/1395 1154/1154/1154 1150/1150/1150
f 276/276/276 275/275/275 1397/1397/1397
f 276/276/276 1397/1397/1397 1398/1398/1398
f 275/275/275 274/274/274 1399/1399/1399
f 275/275/275 1399/1399/1399 1397/1397/1397
f 1397/1397/1397 1399/1399/1399 1400/1400/1400
f 1397/1397/1397 1400/1400/1400 1401/1401/1401
f 1398/1398/1398 1397/1397/1397 1401/1401/1401
f 1398/1398/1398 1401/1401/1401 1402/1402/1402
f 274/274/274 280/280/280 1403/1403/1403
f 274/274/274 1403/1403/1403 1399/1399/1399
f 280/280/280 279/279/279 1404/1404/1404
f 280/280/280 1404/1404/1404 1403/1403/1403
f 1403/1403/1403 1404/1404/1404 1405/1405/1405
f 1403/1403/1403 1405/1405/1405 1406/1406/1406
f 1399/1399/1399 1403/1403/1403 1406/1406/1406
f 1399/1399/1399 1406/1406/1406 1400/1400/1400
f 279/279/279 284/284/284 1407/1407/1407
f 279/279/279 1407/1407/1407 1404/1404/1404
f 284/284/284 283/283/283 1408/1408/1408
f 284/284/284 1408/1408/1408 1407/1407/1407
f 1407/1407/1407 1408/1408/1408 1409/1409/1409
f 1407/1407/1407 1409/1409/1409 1410/1410/1410
f 1404/1404/1404 1407/1407/1407 1410/1410/1410
f 1404/1404/1404 1410/1410/1410 1405/1405/1405
f 283/283/283 288/288/288 1411/1411/1411
f 283/283/283 1411/1411/1411 1408/1408/1408
f 288/288/288 287/287/287 1412/1412/1412
f 288/288/288 1412/1412/1412 1411/1411/1411
f 1411/1411/1411 1412/1412/1412 1413/1413/1413
f 1411/1411/1411 1413/1413/1413 1414/1414/1414
f 1408/1408/1408 1411/1411/1411 1414/1414/1414
f 1408/1408/1408 1414/1414/1414 1409/1409/1409
f 287/287/287 292/292/292 1415/1415/1415
f 287/287/287 1415/1415/1415 1412/1412/1412
f 292/292/292 291/291/291 1416/1416/1416
f 292/292/292 1416/1416/1416 1415/1415/1415
f 1415/1415/1415 1416/1416/1416 1417/1417/1417
f 1415/1415/1415 1417/1417/1417 1418/1418/1418
f 1412/1412/1412 1415/1415/1415 1418/1418/1418
f 1412/1412/1412 1418/1418/1418 1413/1413/1413
f 291/291/291 296/296/296 1419/1419/1419
f 291/291/291 1419/1419/1419 1416/1416/1416
f 296/296/296 295/295/295 1420/1420/1420
f 296/296/296 1420/1420/1420 1419/1419/1419
f 1419/1419/1419 1420/1420/1420 1421/1421/1421
f 1419/1419/1419 1421/1421/1421 1422/1422/1422
f 1416/1416/1416 1419/1419/1419 1422/1422/1422
f 1416/1416/1416 1422/1422/1422 1417/1417/1417
f 295/295/295 300/300/300 1423/1423/1423
f 295/295/295 1423/1423/1423 1420/1420/1420
f 300/300/300 299/299/299 1424/1424/1424
f 300/300/300 1424/1424/1424 1423/1423/1423
f 1423/1423/1423 1424/1424/1424 1425/1425/1425
f 1423/1423/1423 1425/1425/1425 1426/1426/1426
f 1420/1420/1420 1423/1423/1423 1426/1426/1426
f 1420/1420/1420 1426/1426/1426 1421/1421/1421
f 299/299/299 304/304/304 1427/1427/1427
f 299/299/299 1427/1427/1427 1424/1424/1424
f 304/304/304 303/303/303 1428/1428/1428
f 304/304/304 1428/1428/1428 1427/1427/1427
f 1427/1427/1427 1428/1428/1428 1429/1429/1429
f 1427/1427/1427 1429/1429/1429 1430/1430/1430
f 1424/1424/1424 1427/1427/1427 1430/1430/1430
f 1424/1424/1424 1430/1430/1430 1425/1425/1425
f 303/303/303 308/308/308 1431/1431/1431
f 303/303/303 1431/1431/1431 1428/1428/1428
f 308/308/308 307/307/307 1432/1432/1432
f 308/308/308 1432/1432/1432 1431/1431/1431
f 1431/1431/1431 1432/1432/1432 1433/1433/1433
f 1431/1431/1431 1433/1433/1433 1434/1434/1434
f 1428/1428/1428 1431/1431/1431 1434/1434/1434
f 1428/1428/1428 1434/1434/1434 1429/1429/1429
f 307/307/307 312/312/312 1435/1435/1435
f 307/307/307 1435/1435/1435 1432/1432/1432
f 312/312/312 311/311/311 1436/1436/1436
f 312/312/312 1436/1436/1436 1435/1435/1435
f 1435/1435/1435 1436/1436/1436 1437/1437/1437
f 1435/1435/1435 1437/1437/1437 1438/1438/1438
f 1432/1432/1432 1435/1435/1435 1438/1438/1438
f 1432/1432/1432 1438/1438/1438 1433/1433/1433
f 311/311/311 316/316/316 1439/1439/1439
f 311/311/311 1439/1439/1439 1440/1440/1440
f 316/316/316 315/315/315 1441/1441/1441
f 316/316/316 1441/1441/1441 1439/1439/1439
f 1439/1439/1439 1441/1441/1441 1442/1442/1442
f 1439/1439/1439 1442/1442/1442 1443/1443/1443
f 1440/1440/1440 1439/1439/1439 1443/1443/1443
f 1440/1440/1440 1443/1443/1443 1444/1444/1444
f 315/315/315 320/320/320 1445/1445/1445
f 315/315/315 1445/1445/1445 1441/1441/1441
f 320/320/320 319/319/319 1446/1446/1446
f 320/320/320 1446/1446/1446 1445/1445/1445
f 1445/1445/1445 1446/1446/1446 1447/1447/1447
f 1445/1445/1445 1447/1447/1447 1448/1448/1448
f 1441/1441/1441 1445/1445/1445 1448/1448/1448
f 1441/1441/1441 1448/1448/1448 1442/1442/1442
f 319/319/319 324/324/324 1449/1449/1449
f 319/319/319 1449/1449/1449 1446/1446/1446
f 324/324/324 323/323/323 1450/1450/1450
f 324/324/324 1450/1450/1450 1449/1449/1449
f 1449/1449/1449 1450/1450/1450 1451/1451/1451
f 1449/1449/1449 1451/1451/1451 1452/1452/1452
f 1446/1446/1446 1449/1449/1449 1452/1452/1452
f 1446/1446/1446 1452/1452/1452 1447/1447/1447
f 323/323/323 328/328/328 1453/1453/1453
f 323/323/323 1453/1453/1453 1450/1450/1450
f 328/328/328 327/327/327 1454/1454/1454
f 328/328/328 1454/1454/1454 1453/1453/1453
f 1453/1453/1453 1454/1454/1454 1455/1455/1455
f 1453/1453/1453 1455/1455/1455 1456/1456/1456
f 1450/1450/1450 1453/1453/1453 1456/1456/1456
f 1450/1450/1450 1456/1456/1456 1451/1451/1451
f 327/327/327 330/330/330 1457/1457/1457
f 327/327/327 1457/1457/1457 1454/1454/1454
f 330/330/330 276/276/276 1398/1398/1398
f 330/330/330 1398/1398/1398 1457/1457/1457
f 1457/1457/1457 1398/1398/1398 1402/1402/1402
f 1457/1457/1457 1402/1402/1402 1458/1458/1458
f 1454/1454/1454 1457/1457/1457 1458/1458/1458
f 1454/1454/1454 1458/1458/1458 1455/1455/1455
