# cockpit_poign__e_cockpit_poign_e_1_0_1
v -0.704195 0.207650 0.040108
v -0.702597 0.212076 0.039795
v -0.702674 0.211523 0.037368
v -0.704588 0.206834 0.037713
v -0.700962 0.216605 0.039475
v -0.700715 0.216320 0.037015
v -0.699499 0.217966 0.036160
v -0.701443 0.213076 0.036505
v -0.703344 0.208295 0.036842
v -0.430280 0.278784 -0.020969
v -0.419272 0.274429 -0.023567
v -0.420416 0.273719 -0.025846
v -0.431424 0.278074 -0.023249
v -0.408342 0.269244 -0.026176
v -0.409486 0.268534 -0.028456
v -0.410602 0.268041 -0.030272
v -0.421046 0.273277 -0.026940
v -0.432616 0.277242 -0.025060
v -0.441713 0.266484 -0.040143
v -0.434617 0.261894 -0.044450
v -0.437024 0.258779 -0.044026
v -0.444120 0.263369 -0.039719
v -0.424568 0.259547 -0.044194
v -0.426975 0.256432 -0.043770
v -0.429327 0.253388 -0.043355
v -0.439376 0.255734 -0.043611
v -0.446472 0.260324 -0.039304
v -0.418905 0.257296 -0.028808
v -0.417929 0.257608 -0.026967
v -0.428859 0.262793 -0.024358
v -0.429489 0.262351 -0.025451
v -0.416785 0.258318 -0.024687
v -0.427715 0.263502 -0.022078
v -0.438723 0.267858 -0.019480
v -0.439867 0.267148 -0.021760
v -0.440919 0.266497 -0.023596
v -0.423379 0.278492 0.007523
v -0.412371 0.274137 0.004925
v -0.410018 0.277182 0.004510
v -0.421027 0.281537 0.007108
v -0.401441 0.268952 0.002315
v -0.399088 0.271997 0.001901
v -0.396681 0.275112 0.001476
v -0.407611 0.280297 0.004086
v -0.418620 0.284653 0.006683
v -0.449720 0.285823 -0.016405
v -0.440446 0.282601 -0.018577
v -0.441589 0.281891 -0.020857
v -0.450864 0.285113 -0.018685
v -0.442041 0.281487 -0.021357
v -0.451316 0.284709 -0.019184
v -0.453253 0.282261 -0.019036
v -0.443978 0.279039 -0.021208
v -0.446385 0.275924 -0.020784
v -0.455660 0.279146 -0.018611
v -0.438147 0.275257 -0.025206
v -0.440554 0.272141 -0.024782
v -0.442907 0.269097 -0.024367
v -0.448738 0.272879 -0.020369
v -0.458013 0.276101 -0.018196
v -0.450032 0.270965 -0.019369
v -0.450169 0.270967 -0.019924
v -0.448888 0.271675 -0.017089
v -0.458163 0.274896 -0.014916
v -0.459307 0.274186 -0.017196
v -0.459444 0.274189 -0.017751
v -0.442820 0.285531 0.012087
v -0.433545 0.282309 0.009914
v -0.431192 0.285354 0.009499
v -0.440467 0.288575 0.011672
v -0.428785 0.288469 0.009075
v -0.438060 0.291691 0.011248
v -0.465468 0.290395 -0.012720
v -0.458058 0.288393 -0.014463
v -0.459202 0.287683 -0.016743
v -0.466596 0.289671 -0.015002
v -0.459653 0.287279 -0.017242
v -0.467038 0.289260 -0.015503
v -0.469002 0.286776 -0.015350
v -0.461591 0.284831 -0.017094
v -0.463998 0.281716 -0.016669
v -0.471582 0.283614 -0.014895
v -0.466350 0.278671 -0.016255
v -0.474110 0.280524 -0.014450
v -0.467645 0.276756 -0.015254
v -0.467782 0.276758 -0.015809
v -0.466501 0.277466 -0.012974
v -0.474315 0.279306 -0.011160
v -0.475443 0.278582 -0.013442
v -0.475579 0.278583 -0.013997
v -0.459131 0.290142 0.015871
v -0.451157 0.288101 0.014029
v -0.448805 0.291145 0.013614
v -0.456603 0.293232 0.015426
v -0.446397 0.294260 0.013189
v -0.454023 0.296393 0.014971
v -0.476621 0.293209 -0.010046
v -0.471960 0.291914 -0.011141
v -0.473040 0.291147 -0.013433
v -0.477650 0.292400 -0.012346
v -0.473455 0.290715 -0.013939
v -0.480151 0.292105 -0.012437
v -0.482508 0.289045 -0.012117
v -0.475498 0.288122 -0.013771
v -0.478598 0.284821 -0.013225
v -0.485840 0.285584 -0.011529
v -0.481650 0.281596 -0.012687
v -0.489129 0.282202 -0.010949
v -0.483098 0.279572 -0.011659
v -0.483235 0.279571 -0.012214
v -0.482018 0.280339 -0.009368
v -0.489563 0.280900 -0.007619
v -0.490583 0.280083 -0.009921
v -0.490720 0.280080 -0.010476
v -0.475579 0.293047 0.019623
v -0.467313 0.291780 0.017747
v -0.464261 0.295005 0.017209
v -0.472290 0.296429 0.019043
v -0.461161 0.298305 0.016663
v -0.468958 0.299889 0.018456
v -0.498777 0.311799 -0.007249
v -0.492865 0.311171 -0.008619
v -0.492825 0.308135 -0.011108
v -0.499452 0.308736 -0.009612
v -0.488336 0.309931 -0.009629
v -0.487815 0.307190 -0.012202
v -0.488305 0.305894 -0.012459
v -0.492040 0.306016 -0.011795
v -0.499424 0.306611 -0.010165
v -0.500775 0.290254 -0.008128
v -0.491462 0.289719 -0.010146
v -0.494103 0.286146 -0.009680
v -0.502507 0.286600 -0.007822
v -0.496706 0.282655 -0.009221
v -0.504205 0.283029 -0.007523
v -0.497872 0.280471 -0.008244
v -0.498009 0.280465 -0.008799
v -0.496901 0.281323 -0.005933
v -0.504090 0.281676 -0.004290
v -0.505019 0.280797 -0.006607
v -0.505155 0.280789 -0.007163
v -0.491876 0.294710 0.023265
v -0.483802 0.293975 0.021465
v -0.481199 0.297466 0.021006
v -0.490178 0.298281 0.022966
v -0.478558 0.301039 0.020541
v -0.488446 0.301935 0.022660
v -0.514255 0.312831 -0.003813
v -0.506158 0.312395 -0.005606
v -0.507044 0.309308 -0.007931
v -0.515112 0.309729 -0.006144
v -0.507257 0.307178 -0.008441
v -0.515311 0.307595 -0.006656
v -0.516359 0.291129 -0.004648
v -0.508861 0.290759 -0.006332
v -0.510173 0.287035 -0.006100
v -0.517554 0.287361 -0.004437
v -0.511454 0.283395 -0.005874
v -0.518722 0.283680 -0.004231
v -0.512077 0.281123 -0.004992
v -0.512213 0.281113 -0.005548
v -0.511192 0.282026 -0.002667
v -0.518418 0.282302 -0.001031
v -0.519275 0.281383 -0.003362
v -0.519411 0.281372 -0.003917
v -0.507339 0.295880 0.026723
v -0.499697 0.295397 0.025015
v -0.498416 0.299036 0.024789
v -0.506171 0.299562 0.026517
v -0.497105 0.302761 0.024557
v -0.504975 0.303329 0.026307
v -0.530416 0.312854 -0.000171
v -0.522310 0.312978 -0.001996
v -0.523168 0.309877 -0.004327
v -0.531282 0.309756 -0.002500
v -0.523360 0.307743 -0.004841
v -0.531469 0.307623 -0.003017
v -0.531576 0.291130 -0.001272
v -0.523905 0.291257 -0.002969
v -0.525107 0.287490 -0.002757
v -0.532809 0.287374 -0.001054
v -0.526281 0.283809 -0.002550
v -0.534014 0.283704 -0.000842
v -0.526838 0.281513 -0.001680
v -0.526973 0.281502 -0.002235
v -0.525979 0.282431 0.000651
v -0.533723 0.282328 0.002361
v -0.534590 0.281413 0.000032
v -0.534725 0.281403 -0.000523
v -0.522508 0.295849 0.030091
v -0.514876 0.296004 0.028401
v -0.513702 0.299685 0.028194
v -0.521303 0.299520 0.029879
v -0.512500 0.303451 0.027982
v -0.520070 0.303276 0.029661
v -0.547151 0.311889 0.003498
v -0.538665 0.312474 0.001646
v -0.539521 0.309371 -0.000684
v -0.547982 0.308775 0.001163
v -0.539700 0.307237 -0.001202
v -0.548151 0.306638 0.000643
v -0.547475 0.290144 0.002230
v -0.539448 0.290738 0.000464
v -0.540639 0.286969 0.000674
v -0.548564 0.286344 0.002422
v -0.541803 0.283285 0.000879
v -0.549629 0.282631 0.002610
v -0.542354 0.280986 0.001748
v -0.542489 0.280975 0.001193
v -0.541498 0.281906 0.004079
v -0.549287 0.281246 0.005803
v -0.550118 0.280316 0.003468
v -0.550253 0.280304 0.002913
v -0.538589 0.294991 0.033625
v -0.530432 0.295495 0.031836
v -0.529268 0.299179 0.031631
v -0.537524 0.298704 0.033437
v -0.528077 0.302949 0.031421
v -0.536434 0.302503 0.033245
v -0.564010 0.310076 0.007207
v -0.555967 0.311148 0.005426
v -0.556762 0.308019 0.003084
v -0.564768 0.306935 0.004859
v -0.556914 0.305880 0.002561
v -0.564916 0.304793 0.004335
v -0.563760 0.288381 0.005781
v -0.555610 0.289412 0.004017
v -0.556551 0.285573 0.004183
v -0.564393 0.284553 0.005892
v -0.557471 0.281822 0.004346
v -0.565008 0.280813 0.006001
v -0.557869 0.279484 0.005188
v -0.558004 0.279471 0.004633
v -0.557075 0.280430 0.007529
v -0.564505 0.279430 0.009166
v -0.565269 0.278471 0.006819
v -0.565403 0.278456 0.006264
v -0.554870 0.293542 0.037175
v -0.546916 0.294382 0.035446
v -0.545996 0.298133 0.035284
v -0.554255 0.297282 0.037067
v -0.545054 0.301972 0.035118
v -0.553621 0.301111 0.036955
v -0.585210 0.288076 0.013700
v -0.580940 0.289183 0.012738
v -0.581696 0.288221 0.010389
v -0.585956 0.287111 0.011350
v -0.579166 0.289826 0.012259
v -0.579920 0.288864 0.009910
v -0.578674 0.288625 0.009005
v -0.581932 0.287700 0.009852
v -0.586188 0.286588 0.010811
v -0.586759 0.283544 0.010719
v -0.582353 0.284703 0.009733
v -0.582416 0.280994 0.009744
v -0.587326 0.279702 0.010819
v -0.578474 0.285487 0.008868
v -0.578173 0.281862 0.008815
v -0.577854 0.278325 0.008759
v -0.582461 0.277373 0.009752
v -0.587876 0.275948 0.010916
v -0.577927 0.276035 0.008965
v -0.577793 0.276050 0.009520
v -0.582523 0.275070 0.010535
v -0.582657 0.275055 0.009980
v -0.577038 0.277012 0.011869
v -0.581767 0.276031 0.012883
v -0.587349 0.274563 0.014077
v -0.588096 0.273599 0.011727
v -0.588229 0.273583 0.011171
v -0.577958 0.288756 0.042129
v -0.572421 0.290144 0.040944
v -0.572375 0.293765 0.040936
v -0.577408 0.292510 0.042032
v -0.567826 0.291101 0.039953
v -0.568145 0.294637 0.040009
v -0.568447 0.298262 0.040062
v -0.572312 0.297474 0.040925
v -0.576841 0.296353 0.041932
v -0.603769 0.282313 0.017630
v -0.593516 0.285588 0.015472
v -0.594234 0.284614 0.013117
v -0.604451 0.281329 0.015269
v -0.594449 0.284088 0.012576
v -0.604648 0.280798 0.014725
v -0.605076 0.277707 0.014607
v -0.594988 0.281014 0.012478
v -0.595617 0.277110 0.012589
v -0.605564 0.273780 0.014693
v -0.596232 0.273294 0.012697
v -0.606042 0.269943 0.014777
v -0.596440 0.270920 0.013506
v -0.596573 0.270903 0.012950
v -0.595722 0.271893 0.015861
v -0.605482 0.268541 0.017932
v -0.606164 0.267557 0.015571
v -0.606297 0.267540 0.015016
v -0.596980 0.283012 0.046142
v -0.586704 0.286223 0.043979
v -0.586089 0.290039 0.043871
v -0.596503 0.286849 0.046058
v -0.585460 0.293943 0.043760
v -0.596014 0.290775 0.045971
v -0.625043 0.274765 0.022128
v -0.613877 0.278844 0.019750
v -0.614533 0.277853 0.017384
v -0.625680 0.273770 0.019759
v -0.614715 0.277319 0.016838
v -0.625852 0.273235 0.019210
v -0.626139 0.270127 0.019067
v -0.615061 0.274218 0.016706
v -0.615444 0.270278 0.016773
v -0.626448 0.266180 0.019122
v -0.615819 0.266428 0.016839
v -0.626750 0.262323 0.019175
v -0.615878 0.264035 0.017622
v -0.616010 0.264017 0.017066
v -0.615222 0.265026 0.019988
v -0.626126 0.260922 0.022319
v -0.626764 0.259927 0.019950
v -0.626896 0.259908 0.019394
v -0.618287 0.275544 0.050645
v -0.607107 0.279590 0.048265
v -0.606732 0.283440 0.048199
v -0.617985 0.279401 0.050592
v -0.606348 0.287380 0.048131
v -0.617676 0.283348 0.050537
v -0.651269 0.264354 0.027901
v -0.638469 0.269661 0.025058
v -0.639094 0.268662 0.022687
v -0.651887 0.263354 0.025529
v -0.639260 0.268127 0.022137
v -0.652049 0.262818 0.024978
v -0.652275 0.259705 0.024825
v -0.639507 0.265016 0.021988
v -0.639767 0.261065 0.022033
v -0.652507 0.255752 0.024866
v -0.640021 0.257203 0.022078
v -0.652733 0.251889 0.024906
v -0.640004 0.254806 0.022847
v -0.640136 0.254786 0.022291
v -0.639379 0.255804 0.025219
v -0.652082 0.250490 0.028045
v -0.652700 0.249491 0.025672
v -0.652832 0.249471 0.025116
v -0.644529 0.265166 0.056421
v -0.631723 0.270462 0.053577
v -0.631469 0.274322 0.053532
v -0.644302 0.269029 0.056381
v -0.631210 0.278273 0.053487
v -0.644070 0.272982 0.056340
v -0.371707 0.220909 -0.040040
v -0.370627 0.218834 -0.039878
v -0.376956 0.218324 -0.038762
v -0.377832 0.220498 -0.038960
v -0.368517 0.218689 -0.037768
v -0.374854 0.218204 -0.036651
v -0.381048 0.217731 -0.035559
v -0.383140 0.217825 -0.037672
v -0.383818 0.220097 -0.037905
v -0.399555 0.262229 -0.030883
v -0.400006 0.261825 -0.031383
v -0.398411 0.262939 -0.028603
v -0.389028 0.255264 -0.030939
v -0.390171 0.254555 -0.033219
v -0.390645 0.254183 -0.033714
v -0.377611 0.261495 -0.003244
v -0.386750 0.268807 -0.000951
v -0.389157 0.265692 -0.000527
v -0.380307 0.258810 -0.002768
v -0.391510 0.262647 -0.000112
v -0.382942 0.256186 -0.002304
v -0.398483 0.245847 -0.029271
v -0.406854 0.252013 -0.027115
v -0.407998 0.251303 -0.029395
v -0.399627 0.245137 -0.031551
v -0.408135 0.251306 -0.029949
v -0.399749 0.245116 -0.032109
v -0.398135 0.246757 -0.032587
v -0.406704 0.253218 -0.030395
v -0.404351 0.256262 -0.030810
v -0.395500 0.249381 -0.033051
v -0.415253 0.257245 -0.030924
v -0.412901 0.260290 -0.031339
v -0.410493 0.263405 -0.031764
v -0.401944 0.259378 -0.031234
v -0.392804 0.252066 -0.033527
v -0.380882 0.245261 -0.035553
v -0.381423 0.244988 -0.036037
v -0.379739 0.245971 -0.033273
v -0.371891 0.236297 -0.035412
v -0.373157 0.235697 -0.037670
v -0.373807 0.235541 -0.038135
v -0.360663 0.243343 -0.007683
v -0.369053 0.253291 -0.005449
v -0.372616 0.251896 -0.004821
v -0.365307 0.243175 -0.006864
v -0.376098 0.250533 -0.004207
v -0.369847 0.243012 -0.006064
v -0.388135 0.235575 -0.032548
v -0.392234 0.241078 -0.031070
v -0.393377 0.240368 -0.033350
v -0.389396 0.234963 -0.034807
v -0.393452 0.240278 -0.033916
v -0.389441 0.234832 -0.035378
v -0.386615 0.234917 -0.036069
v -0.391291 0.241104 -0.034490
v -0.387809 0.242467 -0.035104
v -0.382090 0.235122 -0.036867
v -0.384247 0.243862 -0.035732
v -0.377460 0.235333 -0.037684
v -0.368462 0.227211 -0.039354
v -0.369266 0.227141 -0.039791
v -0.366831 0.227483 -0.037160
v -0.364568 0.221157 -0.038238
v -0.366563 0.221212 -0.040368
v -0.367847 0.222724 -0.040395
v -0.345551 0.220422 -0.012005
v -0.352022 0.230797 -0.010063
v -0.357603 0.230873 -0.009078
v -0.351780 0.220308 -0.010907
v -0.363058 0.230946 -0.008117
v -0.357868 0.220198 -0.009833
v -0.385257 0.219877 -0.034590
v -0.386218 0.227204 -0.033741
v -0.387833 0.226887 -0.035938
v -0.387225 0.219856 -0.036725
v -0.387912 0.226818 -0.036503
v -0.387360 0.221670 -0.036954
v -0.384550 0.226854 -0.037289
v -0.379154 0.226949 -0.038241
v -0.373632 0.227045 -0.039214
v -0.667797 0.254991 0.031698
v -0.660556 0.259667 0.030016
v -0.661171 0.258667 0.027643
v -0.668412 0.253991 0.029325
v -0.661332 0.258131 0.027092
v -0.668573 0.253454 0.028774
v -0.668792 0.250341 0.028620
v -0.661551 0.255018 0.026938
v -0.661773 0.251064 0.026977
v -0.669014 0.246388 0.028659
v -0.661991 0.247201 0.027015
v -0.669232 0.242524 0.028697
v -0.661952 0.244802 0.027781
v -0.662083 0.244782 0.027225
v -0.661336 0.245802 0.030154
v -0.668577 0.241125 0.031836
v -0.669193 0.240125 0.029463
v -0.669324 0.240105 0.028907
v -0.661058 0.255808 0.060218
v -0.653817 0.260484 0.058536
v -0.653600 0.264348 0.058498
v -0.660841 0.259671 0.060180
v -0.653377 0.268301 0.058459
v -0.660618 0.263624 0.060141
v -0.680365 0.244447 0.034634
v -0.674460 0.249712 0.033243
v -0.675076 0.248711 0.030870
v -0.680943 0.243455 0.032254
v -0.675236 0.248175 0.030319
v -0.681106 0.242908 0.031704
v -0.681429 0.239683 0.031567
v -0.675455 0.245062 0.030164
v -0.675678 0.241108 0.030204
v -0.681791 0.235583 0.031631
v -0.675895 0.237245 0.030242
v -0.682145 0.231576 0.031694
v -0.675856 0.234846 0.031007
v -0.675988 0.234826 0.030451
v -0.675241 0.235846 0.033380
v -0.681586 0.230076 0.034849
v -0.682202 0.229076 0.032476
v -0.682326 0.229064 0.031919
v -0.674067 0.244839 0.063231
v -0.667722 0.250528 0.061763
v -0.667504 0.254392 0.061725
v -0.673849 0.248817 0.063193
v -0.667281 0.258345 0.061685
v -0.673627 0.252887 0.063154
v -0.689918 0.234691 0.036982
v -0.685328 0.239813 0.035854
v -0.685796 0.238844 0.033455
v -0.690170 0.233856 0.034555
v -0.685965 0.238270 0.032905
v -0.690328 0.233281 0.034007
v -0.691337 0.229415 0.033993
v -0.686601 0.234708 0.032824
v -0.687382 0.230167 0.032962
v -0.692627 0.224464 0.034220
v -0.688145 0.225728 0.033097
v -0.693887 0.219625 0.034442
v -0.688488 0.222927 0.033929
v -0.688590 0.222938 0.033368
v -0.687873 0.223927 0.036302
v -0.693964 0.217542 0.037709
v -0.694579 0.216542 0.035336
v -0.694653 0.216576 0.034770
v -0.686656 0.232480 0.066101
v -0.680354 0.238931 0.064685
v -0.680136 0.243253 0.064647
v -0.686740 0.236709 0.066076
v -0.679913 0.247675 0.064607
v -0.686826 0.241036 0.066051
v -0.698487 0.221965 0.038952
v -0.694701 0.227962 0.038096
v -0.694601 0.227464 0.035640
v -0.698096 0.221777 0.036474
v -0.694708 0.226965 0.035090
v -0.697297 0.222802 0.035858
v -0.696005 0.223083 0.035129
v -0.697704 0.218078 0.035428
v -0.699365 0.213187 0.035721
v -0.700338 0.210067 0.036665
v -0.700390 0.210103 0.036095
v -0.699723 0.211067 0.039038
v -0.703829 0.206420 0.039988
v -0.704427 0.205435 0.037613
v -0.703365 0.206740 0.036938
v -0.697897 0.219314 0.068336
v -0.693049 0.225165 0.067458
v -0.694037 0.228196 0.067473
v -0.699774 0.221046 0.068389
v -0.695048 0.231298 0.067489
v -0.701694 0.222819 0.068444
v -0.417281 0.261756 -0.038025
v -0.419688 0.258641 -0.037600
v -0.422040 0.255597 -0.037185
v -0.444900 0.264845 -0.031784
v -0.442548 0.267889 -0.032199
v -0.440141 0.271005 -0.032623
v -0.430668 0.261468 -0.027312
v -0.425173 0.257949 -0.030594
v -0.438388 0.263295 -0.027471
v -0.437558 0.262303 -0.029113
v -0.431584 0.260865 -0.029027
v -0.427291 0.258149 -0.031539
v -0.445766 0.262612 -0.031671
v -0.443931 0.261649 -0.032112
v -0.447229 0.258365 -0.038731
v -0.445068 0.258221 -0.037793
v -0.442603 0.258470 -0.036909
v -0.441792 0.261079 -0.032607
v -0.440533 0.254043 -0.042782
v -0.439574 0.254702 -0.041075
v -0.431067 0.251826 -0.042550
v -0.431853 0.252875 -0.040916
v -0.432336 0.254317 -0.039335
v -0.438310 0.255755 -0.039422
v -0.424216 0.253894 -0.036763
v -0.426311 0.254521 -0.036275
v -0.428102 0.255541 -0.035842
v -0.422225 0.272394 -0.028801
v -0.429945 0.274222 -0.028960
v -0.416730 0.268875 -0.032083
v -0.419129 0.268712 -0.032979
v -0.423422 0.271427 -0.030466
v -0.429396 0.272866 -0.030552
v -0.416087 0.264413 -0.038196
v -0.417868 0.265447 -0.037764
v -0.422938 0.262345 -0.043983
v -0.423410 0.263801 -0.042405
v -0.424174 0.264879 -0.040774
v -0.419940 0.266103 -0.037281
v -0.432405 0.264562 -0.044215
v -0.431131 0.265629 -0.042564
v -0.439101 0.268884 -0.040164
v -0.436625 0.269148 -0.039282
v -0.434441 0.269033 -0.038348
v -0.430148 0.266318 -0.040861
v -0.437637 0.273132 -0.033104
v -0.435488 0.272576 -0.033601
v -0.433630 0.271642 -0.034046
v -0.440023 0.260829 -0.036925
v -0.436131 0.258381 -0.039180
v -0.433634 0.261612 -0.039621
v -0.437527 0.264060 -0.037365
v -0.430738 0.257073 -0.039118
v -0.428242 0.260304 -0.039559
v -0.425811 0.263449 -0.039987
v -0.431204 0.264757 -0.040049
v -0.435096 0.267205 -0.037793
v -0.426941 0.258156 -0.036007
v -0.424444 0.261387 -0.036447
v -0.426238 0.260491 -0.032165
v -0.423742 0.263722 -0.032605
v -0.421311 0.266867 -0.033033
v -0.422014 0.264532 -0.036876
v -0.430131 0.262939 -0.029909
v -0.427634 0.266170 -0.030349
v -0.435523 0.264248 -0.029971
v -0.433027 0.267479 -0.030411
v -0.430596 0.270624 -0.030839
v -0.425204 0.269315 -0.030777
v -0.439321 0.263165 -0.033082
v -0.436824 0.266395 -0.033522
v -0.434394 0.269541 -0.033951
v -0.574151 0.306370 0.009573
v -0.570178 0.308497 0.008618
v -0.570909 0.305352 0.006265
v -0.574867 0.303498 0.007218
v -0.571084 0.303210 0.005745
v -0.573998 0.302420 0.006598
v -0.571829 0.286893 0.007474
v -0.571883 0.283182 0.007484
v -0.571919 0.279559 0.007490
v -0.571976 0.277255 0.008272
v -0.572110 0.277240 0.007717
v -0.571222 0.278217 0.010621
v -0.561908 0.292341 0.038687
v -0.561872 0.295963 0.038681
v -0.561817 0.299674 0.038671
v -0.482995 0.304790 -0.010410
v -0.481819 0.302714 -0.010391
v -0.482775 0.301890 -0.012704
v -0.483698 0.303694 -0.012767
v -0.481819 0.302714 -0.010391
v -0.481222 0.301227 -0.010274
v -0.482187 0.300404 -0.012586
v -0.482775 0.301890 -0.012704
v -0.484549 0.300365 -0.012663
v -0.485049 0.301851 -0.012798
v -0.485049 0.301851 -0.012798
v -0.485640 0.303439 -0.012922
v -0.491036 0.300760 -0.011455
v -0.491278 0.302245 -0.011641
v -0.499422 0.301357 -0.009631
v -0.499420 0.302841 -0.009865
v -0.491278 0.302245 -0.011641
v -0.499420 0.302841 -0.009865
v -0.499417 0.304354 -0.010104
v -0.491525 0.303760 -0.011830
v -0.487177 0.313038 0.021172
v -0.478466 0.312080 0.019290
v -0.478770 0.313565 0.019115
v -0.487190 0.314522 0.020940
v -0.471920 0.311293 0.017757
v -0.472527 0.312780 0.017641
v -0.478770 0.313565 0.019115
v -0.472527 0.312780 0.017641
v -0.473227 0.314368 0.017536
v -0.479080 0.315080 0.018937
v -0.487190 0.314522 0.020940
v -0.487203 0.316035 0.020704
v -0.507482 0.301922 -0.007857
v -0.507432 0.303405 -0.008103
v -0.515351 0.302308 -0.006030
v -0.515371 0.303819 -0.006339
v -0.507432 0.303405 -0.008103
v -0.515371 0.303819 -0.006339
v -0.515374 0.305333 -0.006580
v -0.507380 0.304918 -0.008354
v -0.504117 0.314460 0.024723
v -0.495725 0.313923 0.023032
v -0.495675 0.315407 0.022786
v -0.503987 0.316019 0.024616
v -0.495675 0.315407 0.022786
v -0.495624 0.316920 0.022535
v -0.503987 0.316019 0.024616
v -0.503991 0.317533 0.024375
v -0.523204 0.302677 -0.004271
v -0.523294 0.303961 -0.004558
v -0.531150 0.302552 -0.002493
v -0.531288 0.303838 -0.002766
v -0.523294 0.303961 -0.004558
v -0.531288 0.303838 -0.002766
v -0.531408 0.305357 -0.002975
v -0.523358 0.305478 -0.004783
v -0.519768 0.314565 0.028106
v -0.511922 0.314740 0.026346
v -0.511889 0.316156 0.026393
v -0.519782 0.315983 0.028167
v -0.511889 0.316156 0.026393
v -0.511953 0.317673 0.026168
v -0.519782 0.315983 0.028167
v -0.519902 0.317502 0.027958
v -0.539267 0.302167 -0.000705
v -0.539439 0.303453 -0.000970
v -0.547533 0.301350 0.001106
v -0.547804 0.302861 0.000859
v -0.539439 0.303453 -0.000970
v -0.547804 0.302861 0.000859
v -0.548003 0.304375 0.000667
v -0.539598 0.304971 -0.001170
v -0.536541 0.313615 0.031902
v -0.528019 0.314246 0.029918
v -0.528068 0.315664 0.029987
v -0.536763 0.315220 0.031875
v -0.528068 0.315664 0.029987
v -0.528226 0.317182 0.029787
v -0.536763 0.315220 0.031875
v -0.536962 0.316735 0.031682
v -0.556193 0.300673 0.002922
v -0.556440 0.302116 0.002750
v -0.564307 0.299611 0.004702
v -0.564519 0.301047 0.004528
v -0.556440 0.302116 0.002750
v -0.564519 0.301047 0.004528
v -0.564739 0.302545 0.004346
v -0.556699 0.303624 0.002571
v -0.554216 0.312340 0.035885
v -0.545637 0.313234 0.034023
v -0.545885 0.314677 0.033851
v -0.554436 0.313776 0.035712
v -0.545885 0.314677 0.033851
v -0.546144 0.316184 0.033671
v -0.554436 0.313776 0.035712
v -0.554665 0.315274 0.035532
v -0.571240 0.298050 0.006228
v -0.571209 0.299478 0.006017
v -0.575940 0.296766 0.007461
v -0.575650 0.298190 0.007209
v -0.571209 0.299478 0.006017
v -0.575650 0.298190 0.007209
v -0.575347 0.299748 0.006947
v -0.571176 0.300970 0.005797
v -0.577356 0.296538 0.008360
v -0.576981 0.297960 0.008095
v -0.576629 0.297500 0.010713
v -0.576259 0.298921 0.010449
v -0.576981 0.297960 0.008095
v -0.576259 0.298921 0.010449
v -0.575872 0.300966 0.010174
v -0.576588 0.299732 0.007818
v -0.566337 0.309421 0.038414
v -0.561417 0.310831 0.037458
v -0.561419 0.312259 0.037253
v -0.566105 0.310844 0.038173
v -0.561419 0.312259 0.037253
v -0.561422 0.313751 0.037039
v -0.566105 0.310844 0.038173
v -0.565862 0.312402 0.037921
v -0.480502 0.299434 -0.010134
v -0.480007 0.298202 -0.010038
v -0.480991 0.297379 -0.012346
v -0.481478 0.298611 -0.012444
v -0.479534 0.297025 -0.009946
v -0.480525 0.296201 -0.012253
v -0.483136 0.296164 -0.012281
v -0.483532 0.297341 -0.012388
v -0.483946 0.298573 -0.012500
v -0.490352 0.296564 -0.010930
v -0.490544 0.297740 -0.011078
v -0.499430 0.297165 -0.008968
v -0.499428 0.298339 -0.009154
v -0.499425 0.299569 -0.009348
v -0.490744 0.298970 -0.011231
v -0.507624 0.297729 -0.007161
v -0.507584 0.298904 -0.007356
v -0.513406 0.298175 -0.005773
v -0.513397 0.299350 -0.005964
v -0.513386 0.300580 -0.006164
v -0.507543 0.300133 -0.007560
v -0.549407 0.299676 0.001791
v -0.555912 0.299038 0.003117
v -0.556050 0.299843 0.003021
v -0.549517 0.300485 0.001689
v -0.564068 0.297985 0.004899
v -0.564186 0.298786 0.004802
v -0.571276 0.296432 0.006467
v -0.571258 0.297228 0.006350
v -0.576269 0.295154 0.007746
v -0.576107 0.295948 0.007606
v -0.577782 0.294927 0.008660
v -0.577572 0.295720 0.008512
v -0.577049 0.295889 0.011013
v -0.576843 0.296682 0.010865
v -0.566599 0.307808 0.038688
v -0.561414 0.309213 0.037691
v -0.561415 0.310009 0.037576
v -0.566470 0.308602 0.038553
v -0.553967 0.310714 0.036080
v -0.554089 0.311515 0.035984
v -0.545356 0.311599 0.034218
v -0.545494 0.312403 0.034122
v -0.538549 0.311934 0.032482
v -0.538659 0.312742 0.032380
v -0.502198 0.310269 0.024857
v -0.495868 0.309731 0.023728
v -0.495828 0.310905 0.023533
v -0.502189 0.311444 0.024666
v -0.487141 0.308846 0.021827
v -0.487151 0.310020 0.021643
v -0.487161 0.311250 0.021451
v -0.495786 0.312135 0.023329
v -0.502178 0.312674 0.024466
v -0.477607 0.307883 0.019784
v -0.477848 0.309059 0.019646
v -0.470204 0.307093 0.018086
v -0.470685 0.308270 0.017994
v -0.471188 0.309501 0.017897
v -0.478100 0.310290 0.019501
v -0.478987 0.295663 -0.009839
v -0.478536 0.294540 -0.009751
v -0.479542 0.293717 -0.012056
v -0.479986 0.294840 -0.012145
v -0.482300 0.293680 -0.012055
v -0.482678 0.294803 -0.012157
v -0.489911 0.292799 -0.010471
v -0.489948 0.294083 -0.010620
v -0.499550 0.293396 -0.008397
v -0.499434 0.294686 -0.008577
v -0.499432 0.295806 -0.008754
v -0.490130 0.295204 -0.010760
v -0.507843 0.293955 -0.006565
v -0.507708 0.295250 -0.006750
v -0.515442 0.294358 -0.004864
v -0.515353 0.295657 -0.005041
v -0.515341 0.296932 -0.005172
v -0.507670 0.296371 -0.006936
v -0.522997 0.294486 -0.003181
v -0.522947 0.295786 -0.003347
v -0.530656 0.294352 -0.001485
v -0.530641 0.295653 -0.001641
v -0.530687 0.296702 -0.001689
v -0.522957 0.296834 -0.003406
v -0.538568 0.293970 0.000258
v -0.538583 0.295272 0.000109
v -0.546682 0.293398 0.002040
v -0.546731 0.294700 0.001897
v -0.546834 0.295934 0.001797
v -0.538655 0.296320 0.000066
v -0.554945 0.292694 0.003850
v -0.555045 0.293994 0.003718
v -0.563244 0.291673 0.005641
v -0.563329 0.292969 0.005508
v -0.563489 0.294055 0.005377
v -0.555233 0.295085 0.003588
v -0.571467 0.290148 0.007363
v -0.571385 0.291440 0.007205
v -0.577284 0.290179 0.008625
v -0.577065 0.291256 0.008435
v -0.571362 0.292520 0.007046
v -0.579095 0.289958 0.009586
v -0.578345 0.290920 0.011935
v -0.578064 0.291995 0.011736
v -0.578811 0.291033 0.009386
v -0.568716 0.301322 0.040009
v -0.561463 0.302929 0.038561
v -0.561406 0.304221 0.038408
v -0.567410 0.302833 0.039531
v -0.553108 0.304402 0.036815
v -0.553198 0.305698 0.036684
v -0.553365 0.306784 0.036554
v -0.561407 0.305301 0.038252
v -0.567234 0.303910 0.039349
v -0.544389 0.305254 0.034951
v -0.544490 0.306554 0.034818
v -0.535641 0.305757 0.033055
v -0.535691 0.307059 0.032912
v -0.535842 0.308199 0.032594
v -0.544677 0.307646 0.034688
v -0.527197 0.306181 0.031215
v -0.527212 0.307482 0.031066
v -0.519150 0.306498 0.029448
v -0.519135 0.307799 0.029292
v -0.519305 0.308716 0.028910
v -0.527407 0.308399 0.030689
v -0.511591 0.306680 0.027770
v -0.511542 0.307981 0.027604
v -0.504058 0.306558 0.026091
v -0.503969 0.307857 0.025914
v -0.504106 0.309084 0.025582
v -0.511675 0.308897 0.027211
v -0.496086 0.305957 0.024324
v -0.495952 0.307252 0.024139
v -0.487224 0.305077 0.022392
v -0.487119 0.306367 0.022214
v -0.487129 0.307487 0.022039
v -0.495914 0.308372 0.023953
v -0.477021 0.304118 0.020218
v -0.477100 0.305403 0.020076
v -0.466725 0.302918 0.017956
v -0.469190 0.304609 0.018280
v -0.469648 0.305732 0.018192
v -0.477329 0.306524 0.019944
v -0.522870 0.297279 -0.003183
v -0.517152 0.297396 -0.004477
v -0.530613 0.297147 -0.001463
v -0.529197 0.298641 0.002343
v -0.521467 0.298780 0.000625
v -0.515769 0.298906 -0.000665
v -0.538590 0.296766 0.000295
v -0.544673 0.296473 0.001616
v -0.543297 0.297987 0.005429
v -0.537191 0.298268 0.004104
v -0.543876 0.302832 0.004802
v -0.545884 0.302313 0.005302
v -0.547252 0.300795 0.001488
v -0.545252 0.301319 0.000989
v -0.545783 0.301503 0.005406
v -0.547151 0.299986 0.001592
v -0.539121 0.301834 -0.000373
v -0.531013 0.302218 -0.002160
v -0.529597 0.303712 0.001646
v -0.537721 0.303337 0.003436
v -0.523085 0.302344 -0.003933
v -0.517206 0.302176 -0.005231
v -0.515823 0.303686 -0.001420
v -0.521682 0.303844 -0.000125
v -0.513870 0.299934 -0.001254
v -0.513870 0.301109 -0.001444
v -0.515246 0.299595 -0.005257
v -0.515246 0.298420 -0.005067
v -0.513870 0.302339 -0.001642
v -0.515246 0.300825 -0.005455
v -0.406317 0.281973 0.003857
v -0.417325 0.286328 0.006455
v -0.395386 0.276788 0.001248
v -0.394889 0.277469 0.001038
v -0.405819 0.282654 0.003648
v -0.416827 0.287010 0.006245
v -0.427490 0.290145 0.008846
v -0.436765 0.293366 0.011019
v -0.426993 0.290827 0.008637
v -0.436268 0.294048 0.010809
v -0.445103 0.295936 0.012961
v -0.452685 0.298093 0.014735
v -0.444605 0.296617 0.012751
v -0.452202 0.298785 0.014528
v -0.459692 0.300080 0.016404
v -0.467463 0.301751 0.018192
v -0.459255 0.300801 0.016205
v -0.477336 0.302960 0.020325
v -0.487564 0.303900 0.022505
v -0.496399 0.304764 0.024433
v -0.504333 0.305354 0.026193
v -0.511854 0.305477 0.027868
v -0.519406 0.305296 0.029544
v -0.527436 0.304976 0.031308
v -0.535848 0.304547 0.033142
v -0.544548 0.304036 0.035029
v -0.553244 0.303178 0.036889
v -0.561641 0.301705 0.038640
v -0.568387 0.300264 0.040052
v -0.572131 0.299503 0.040893
v -0.576499 0.298428 0.041872
v -0.571988 0.300348 0.040745
v -0.576364 0.299274 0.041726
v -0.585122 0.296043 0.043700
v -0.595751 0.292887 0.045925
v -0.585012 0.296893 0.043559
v -0.595673 0.293742 0.045789
v -0.606142 0.289498 0.048095
v -0.617509 0.285471 0.050508
v -0.606086 0.290356 0.047963
v -0.617470 0.286329 0.050379
v -0.631070 0.280398 0.053462
v -0.643945 0.275108 0.056318
v -0.631041 0.281258 0.053335
v -0.643923 0.275968 0.056192
v -0.653257 0.270427 0.058437
v -0.660498 0.265750 0.060119
v -0.653236 0.271288 0.058312
v -0.660477 0.266610 0.059994
v -0.667162 0.260471 0.061664
v -0.673507 0.255077 0.063133
v -0.667141 0.261331 0.061538
v -0.673484 0.255964 0.063007
v -0.679794 0.250053 0.064586
v -0.686872 0.243363 0.066037
v -0.679765 0.251023 0.064459
v -0.686904 0.244317 0.065912
v -0.695592 0.232966 0.067497
v -0.702727 0.223772 0.068474
v -0.695819 0.233655 0.067380
v -0.701114 0.226551 0.068101
v -0.700083 0.219040 0.039302
v -0.699661 0.218900 0.036825
v -0.698453 0.220597 0.035975
v -0.690644 0.232077 0.033870
v -0.695091 0.225774 0.034968
v -0.681234 0.241888 0.031533
v -0.686181 0.237150 0.032750
v -0.668672 0.252467 0.028599
v -0.675335 0.247188 0.030143
v -0.652150 0.261831 0.024803
v -0.661431 0.257144 0.026917
v -0.625973 0.272249 0.019038
v -0.639368 0.267140 0.021963
v -0.604813 0.279818 0.014561
v -0.614854 0.276336 0.016669
v -0.586418 0.285620 0.010659
v -0.594650 0.283114 0.012418
v -0.578415 0.287488 0.008858
v -0.582172 0.286732 0.009701
v -0.563382 0.290449 0.005714
v -0.571652 0.288923 0.007443
v -0.546889 0.292187 0.002127
v -0.555104 0.291476 0.003928
v -0.530913 0.293151 -0.001389
v -0.538807 0.292766 0.000351
v -0.515716 0.293154 -0.004762
v -0.523259 0.293282 -0.003083
v -0.499893 0.292219 -0.008283
v -0.508156 0.292762 -0.006456
v -0.481014 0.290906 -0.012380
v -0.490240 0.291640 -0.010361
v -0.467664 0.288476 -0.015586
v -0.474029 0.289897 -0.014030
v -0.451959 0.283937 -0.019264
v -0.460296 0.286507 -0.017322
v -0.436852 0.276932 -0.025434
v -0.442684 0.280715 -0.021437
v -0.438846 0.272680 -0.032851
v -0.440418 0.268159 -0.040372
v -0.423273 0.261223 -0.044423
v -0.433322 0.263569 -0.044679
v -0.409199 0.265080 -0.031992
v -0.415986 0.263432 -0.038253
v -0.400649 0.261053 -0.031462
v -0.391354 0.253510 -0.033782
v -0.382331 0.244612 -0.036070
v -0.374970 0.235446 -0.038123
v -0.370663 0.227097 -0.039738
v -0.368413 0.221130 -0.040621
v -0.367224 0.219108 -0.040478
v -0.365109 0.218949 -0.038369
v -0.357158 0.243442 -0.008423
v -0.358164 0.243433 -0.008124
v -0.349020 0.230757 -0.010592
v -0.347816 0.230726 -0.010926
v -0.342201 0.220482 -0.012596
v -0.343057 0.223149 -0.012364
v -0.375597 0.263522 -0.003721
v -0.376161 0.262939 -0.003499
v -0.367137 0.254042 -0.005787
v -0.366374 0.254328 -0.006043
v -0.385456 0.270482 -0.001179
v -0.384958 0.271164 -0.001389
v -0.555362 0.291064 0.037140
v -0.555192 0.291738 0.037232
v -0.562032 0.290575 0.038709
v -0.562195 0.289899 0.038616
v -0.567832 0.289363 0.039954
v -0.567996 0.288688 0.039861
v -0.539318 0.292545 0.033632
v -0.539101 0.293206 0.033715
v -0.547358 0.292579 0.035524
v -0.547549 0.291911 0.035436
v -0.523329 0.293432 0.030114
v -0.523087 0.294085 0.030193
v -0.530992 0.293725 0.031935
v -0.531227 0.293069 0.031854
v -0.508136 0.293455 0.026742
v -0.507900 0.294111 0.026822
v -0.515441 0.294235 0.028501
v -0.515677 0.293580 0.028420
v -0.492944 0.292359 0.023331
v -0.492657 0.292993 0.023403
v -0.500313 0.293647 0.025123
v -0.500569 0.293000 0.025046
v -0.477299 0.290822 0.019805
v -0.476945 0.291422 0.019864
v -0.484910 0.292297 0.021661
v -0.485228 0.291677 0.021595
v -0.460744 0.288110 0.016034
v -0.460310 0.288657 0.016079
v -0.468637 0.290231 0.017981
v -0.469035 0.289658 0.017929
v -0.444396 0.283528 0.012243
v -0.443950 0.284068 0.012286
v -0.452288 0.286637 0.014228
v -0.452734 0.286098 0.014184
v -0.424956 0.276490 0.007679
v -0.424510 0.277029 0.007722
v -0.434675 0.280846 0.010113
v -0.435121 0.280307 0.010070
v -0.403017 0.266950 0.002471
v -0.402571 0.267489 0.002515
v -0.413502 0.272674 0.005124
v -0.413948 0.272134 0.005081
v -0.392641 0.261184 0.000088
v -0.384208 0.254925 -0.002080
v -0.393087 0.260645 0.000044
v -0.384701 0.254455 -0.002115
v -0.377771 0.249878 -0.003912
v -0.372029 0.242933 -0.005679
v -0.378404 0.249617 -0.003922
v -0.372843 0.242876 -0.005658
v -0.365680 0.230982 -0.007654
v -0.360793 0.220145 -0.009317
v -0.366663 0.230978 -0.007603
v -0.362867 0.222947 -0.008871
v -0.386112 0.217585 -0.037148
v -0.386695 0.219904 -0.037397
v -0.384024 0.217504 -0.035034
v -0.388790 0.234818 -0.035686
v -0.387143 0.226809 -0.036832
v -0.399401 0.245495 -0.032363
v -0.392964 0.240448 -0.034195
v -0.416384 0.255782 -0.030725
v -0.407834 0.251755 -0.030195
v -0.423171 0.254134 -0.036986
v -0.430458 0.251925 -0.043156
v -0.440507 0.254271 -0.043412
v -0.447603 0.258861 -0.039105
v -0.444037 0.267634 -0.024168
v -0.446031 0.263382 -0.031585
v -0.449869 0.271416 -0.020170
v -0.459144 0.274638 -0.017997
v -0.467481 0.277208 -0.016055
v -0.475289 0.279039 -0.014242
v -0.482974 0.280046 -0.012453
v -0.490496 0.280576 -0.010708
v -0.497814 0.280977 -0.009026
v -0.504986 0.281312 -0.007385
v -0.512070 0.281646 -0.005766
v -0.519284 0.281911 -0.004133
v -0.526846 0.282040 -0.002450
v -0.534593 0.281940 -0.000740
v -0.542363 0.281514 0.000978
v -0.550141 0.280846 0.002700
v -0.557913 0.280019 0.004424
v -0.565330 0.279009 0.006058
v -0.572043 0.277793 0.007512
v -0.577860 0.276588 0.008760
v -0.582589 0.275608 0.009775
v -0.588167 0.274137 0.010967
v -0.596527 0.271460 0.012749
v -0.606271 0.268099 0.014818
v -0.615999 0.264577 0.016871
v -0.626895 0.260469 0.019201
v -0.640142 0.255348 0.022100
v -0.652842 0.250033 0.024925
v -0.662095 0.245344 0.027034
v -0.669336 0.240667 0.028716
v -0.676000 0.235388 0.030260
v -0.682315 0.229650 0.031724
v -0.688511 0.223596 0.033161
v -0.694492 0.217300 0.034549
v -0.700163 0.210836 0.035862
v -0.704257 0.205998 0.037004
v -0.704963 0.205523 0.040259
v -0.705508 0.204581 0.037878
v -0.686632 0.229698 0.066001
v -0.686616 0.230448 0.066113
v -0.692574 0.223708 0.067451
v -0.692441 0.223157 0.067332
v -0.696996 0.218482 0.068310
v -0.695701 0.219499 0.067962
v -0.674238 0.242219 0.063139
v -0.674172 0.242927 0.063250
v -0.680458 0.236853 0.064703
v -0.680525 0.236088 0.064593
v -0.661229 0.253262 0.060126
v -0.661163 0.253951 0.060237
v -0.667826 0.248672 0.061781
v -0.667893 0.247982 0.061671
v -0.644706 0.262621 0.056330
v -0.644638 0.263310 0.056440
v -0.653922 0.258628 0.058555
v -0.653988 0.257938 0.058444
v -0.618513 0.273003 0.050563
v -0.618432 0.273691 0.050671
v -0.631845 0.268606 0.053599
v -0.631918 0.267917 0.053489
v -0.597322 0.280483 0.046080
v -0.597209 0.281168 0.046182
v -0.607287 0.277740 0.048297
v -0.607381 0.277053 0.048191
v -0.578406 0.286269 0.042086
v -0.578248 0.286946 0.042181
v -0.586999 0.284389 0.044031
v -0.587136 0.283709 0.043933
v -0.572549 0.288379 0.040966
v -0.572713 0.287703 0.040873
v -0.479290 0.316107 0.018816
v -0.487212 0.317062 0.020544
v -0.473890 0.315612 0.017499
v -0.476097 0.316815 0.017790
v -0.479780 0.317228 0.018690
v -0.487343 0.318180 0.020352
v -0.495589 0.317947 0.022364
v -0.503993 0.318561 0.024211
v -0.495612 0.319064 0.022153
v -0.504037 0.319678 0.024003
v -0.511997 0.318702 0.026016
v -0.519983 0.318532 0.027817
v -0.512064 0.319821 0.025814
v -0.520072 0.319652 0.027621
v -0.528334 0.318212 0.029651
v -0.537097 0.317762 0.031551
v -0.528438 0.319331 0.029459
v -0.537215 0.318879 0.031362
v -0.546319 0.317207 0.033550
v -0.554821 0.316291 0.035409
v -0.546459 0.318320 0.033365
v -0.554947 0.317401 0.035224
v -0.561423 0.314763 0.036894
v -0.565698 0.313626 0.037750
v -0.561460 0.315869 0.036695
v -0.564590 0.314981 0.037341
v -0.576322 0.301601 0.007631
v -0.575141 0.300972 0.006768
v -0.575609 0.303654 0.009986
v -0.571154 0.301982 0.005647
v -0.564889 0.303562 0.004223
v -0.556875 0.304646 0.002449
v -0.548138 0.305403 0.000536
v -0.539705 0.306001 -0.001306
v -0.531489 0.306387 -0.003117
v -0.523402 0.306508 -0.004935
v -0.515377 0.306361 -0.006744
v -0.507346 0.305945 -0.008525
v -0.499416 0.305381 -0.010267
v -0.491693 0.304787 -0.011959
v -0.486229 0.304683 -0.012972
v -0.485107 0.307500 -0.010191
v -0.485076 0.305585 -0.012678
v -0.549038 0.296976 0.002132
v -0.555450 0.296349 0.003437
v -0.555677 0.297671 0.003280
v -0.549219 0.298304 0.001964
v -0.563674 0.295312 0.005224
v -0.563868 0.296626 0.005064
v -0.571334 0.293771 0.006861
v -0.571306 0.295079 0.006667
v -0.576810 0.292502 0.008215
v -0.576544 0.293806 0.007984
v -0.578482 0.292279 0.009154
v -0.578138 0.293581 0.008911
v -0.577740 0.293240 0.011504
v -0.577400 0.294543 0.011263
v -0.567031 0.305156 0.039137
v -0.561409 0.306552 0.038073
v -0.561412 0.307860 0.037885
v -0.566819 0.306460 0.038916
v -0.553557 0.308041 0.036402
v -0.553758 0.309355 0.036244
v -0.544894 0.308910 0.034538
v -0.545121 0.310232 0.034380
v -0.538180 0.309233 0.032824
v -0.538362 0.310560 0.032656
v -0.545611 0.300128 0.005583
v -0.546979 0.298611 0.001769
v -0.545445 0.298799 0.005754
v -0.546813 0.297281 0.001940
v -0.478274 0.311143 0.019401
v -0.487169 0.312102 0.021318
v -0.471537 0.310355 0.017831
v -0.495757 0.312987 0.023187
v -0.502171 0.313526 0.024328
v -0.513379 0.301432 -0.006302
v -0.515247 0.301678 -0.005593
v -0.513870 0.303191 -0.001780
v -0.507514 0.300985 -0.007702
v -0.499424 0.300421 -0.009483
v -0.490883 0.299823 -0.011338
v -0.484233 0.299426 -0.012578
v -0.480845 0.300288 -0.010201
v -0.481816 0.299465 -0.012512
v -0.479257 0.296335 -0.009892
v -0.480252 0.295511 -0.012198
v -0.482904 0.295474 -0.012218
v -0.490240 0.295875 -0.010844
v -0.499431 0.296476 -0.008860
v -0.507648 0.297041 -0.007047
v -0.513412 0.297486 -0.005661
v -0.513870 0.299245 -0.001143
v -0.515246 0.297732 -0.004956
v -0.495891 0.309042 0.023842
v -0.502204 0.309580 0.024969
v -0.487135 0.308158 0.021934
v -0.477467 0.307195 0.019865
v -0.469923 0.306403 0.018140
v -0.555335 0.295679 0.003517
v -0.548946 0.296302 0.002217
v -0.563576 0.294645 0.005305
v -0.571349 0.293108 0.006959
v -0.576945 0.291841 0.008332
v -0.578656 0.291618 0.009277
v -0.577912 0.292580 0.011627
v -0.561408 0.305889 0.038168
v -0.567139 0.304495 0.039250
v -0.553455 0.307374 0.036482
v -0.544779 0.308239 0.034618
v -0.538089 0.308559 0.032909
v -0.546729 0.296607 0.002027
v -0.545361 0.298124 0.005841
v -0.382800 0.259130 -0.018526
v -0.392183 0.266804 -0.016190
v -0.388675 0.268981 -0.009199
v -0.379292 0.261307 -0.011534
v -0.402114 0.273109 -0.013763
v -0.398606 0.275287 -0.006771
v -0.395919 0.276954 -0.001415
v -0.385988 0.270649 -0.003843
v -0.376605 0.262974 -0.006178
v -0.365000 0.239566 -0.023116
v -0.373511 0.249836 -0.020860
v -0.370003 0.252013 -0.013869
v -0.361119 0.241407 -0.016190
v -0.367316 0.253681 -0.008513
v -0.358146 0.242817 -0.010884
v -0.353704 0.220856 -0.026643
v -0.357952 0.228961 -0.025214
v -0.352951 0.229794 -0.018486
v -0.347585 0.220687 -0.020111
v -0.349120 0.230432 -0.013331
v -0.342898 0.220557 -0.015108
v -0.357029 0.217899 -0.026283
v -0.353594 0.218084 -0.026889
v -0.347108 0.217597 -0.020422
v -0.350558 0.217455 -0.019814
v -0.342140 0.217224 -0.015468
v -0.345600 0.217114 -0.014858
v -0.369656 0.217221 -0.024056
v -0.363415 0.217556 -0.025157
v -0.356972 0.217191 -0.018683
v -0.363240 0.216933 -0.017578
v -0.352036 0.216911 -0.013723
v -0.358325 0.216713 -0.012614
v -0.374538 0.219990 -0.022969
v -0.372656 0.217060 -0.023528
v -0.366253 0.216809 -0.017046
v -0.368500 0.220054 -0.016424
v -0.361348 0.216618 -0.012081
v -0.363875 0.220103 -0.011409
v -0.363875 0.220103 -0.011409
v -0.368679 0.230646 -0.009883
v -0.372473 0.229901 -0.015043
v -0.368500 0.220054 -0.016424
v -0.374433 0.242217 -0.008012
v -0.377397 0.240780 -0.013320
v -0.381266 0.238905 -0.020248
v -0.377425 0.228929 -0.021781
v -0.374538 0.219990 -0.022969
v -0.379811 0.248788 -0.006309
v -0.382498 0.247120 -0.011665
v -0.386061 0.253556 -0.004511
v -0.388748 0.251889 -0.009867
v -0.392256 0.249712 -0.016859
v -0.386006 0.244943 -0.018657
v -0.394431 0.259723 -0.002354
v -0.397118 0.258055 -0.007710
v -0.404362 0.266028 0.000073
v -0.407049 0.264360 -0.005283
v -0.410557 0.262183 -0.012274
v -0.400626 0.255878 -0.014702
v -0.432495 0.271723 -0.007067
v -0.421487 0.267368 -0.009665
v -0.417979 0.269545 -0.002673
v -0.428988 0.273900 -0.000075
v -0.415292 0.271212 0.002683
v -0.426300 0.275568 0.005281
v -0.451936 0.278762 -0.002503
v -0.442661 0.275540 -0.004676
v -0.439153 0.277717 0.002316
v -0.448428 0.280939 0.004489
v -0.436466 0.279385 0.007672
v -0.445741 0.282607 0.009845
v -0.468175 0.283249 0.001269
v -0.460273 0.281331 -0.000561
v -0.456765 0.283508 0.006430
v -0.464716 0.285469 0.008269
v -0.454078 0.285176 0.011786
v -0.462067 0.287170 0.013632
v -0.484009 0.285345 0.004913
v -0.476142 0.284513 0.003107
v -0.472832 0.286865 0.010134
v -0.480880 0.287850 0.011971
v -0.470296 0.288666 0.015516
v -0.478484 0.289768 0.017378
v -0.499037 0.286465 0.008330
v -0.491611 0.285963 0.006645
v -0.488632 0.288577 0.013730
v -0.496190 0.289161 0.015439
v -0.486350 0.290579 0.019157
v -0.494010 0.291227 0.020884
v -0.513752 0.287302 0.011657
v -0.506373 0.286946 0.009994
v -0.503659 0.289717 0.017126
v -0.511124 0.290119 0.018804
v -0.501579 0.291840 0.022589
v -0.509110 0.292277 0.024279
v -0.529007 0.287306 0.015040
v -0.521304 0.287430 0.013337
v -0.518671 0.290245 0.020483
v -0.526350 0.290110 0.022182
v -0.516654 0.292402 0.025958
v -0.524315 0.292258 0.027653
v -0.544761 0.286312 0.018516
v -0.536837 0.286911 0.016768
v -0.534211 0.289730 0.023916
v -0.542212 0.289166 0.025677
v -0.532200 0.291890 0.029391
v -0.540259 0.291352 0.031163
v -0.560350 0.284647 0.021944
v -0.552748 0.285579 0.020278
v -0.550311 0.288479 0.027458
v -0.558009 0.287586 0.029142
v -0.548444 0.290700 0.032959
v -0.556216 0.289838 0.034656
v -0.572928 0.282248 0.024655
v -0.567119 0.283456 0.023409
v -0.564807 0.286407 0.030611
v -0.570613 0.285198 0.031857
v -0.563037 0.288668 0.036129
v -0.568839 0.287457 0.037374
v -0.583283 0.279813 0.026871
v -0.577652 0.281266 0.025669
v -0.575333 0.284214 0.032870
v -0.580993 0.282770 0.034078
v -0.573558 0.286473 0.038387
v -0.579239 0.285035 0.039598
v -0.601768 0.273898 0.030789
v -0.591817 0.277193 0.028683
v -0.589617 0.280178 0.035906
v -0.599675 0.276915 0.038030
v -0.587932 0.282465 0.041439
v -0.598073 0.279227 0.043577
v -0.622657 0.266342 0.035218
v -0.611651 0.270421 0.032869
v -0.609639 0.273460 0.040125
v -0.620703 0.269394 0.042484
v -0.608098 0.275788 0.045683
v -0.619207 0.271733 0.048050
v -0.648719 0.255932 0.040963
v -0.635978 0.261238 0.038130
v -0.634063 0.264299 0.045403
v -0.646825 0.258998 0.048239
v -0.632595 0.266644 0.050974
v -0.645374 0.261346 0.053813
v -0.665227 0.246570 0.044756
v -0.657986 0.251247 0.043074
v -0.656099 0.254314 0.050352
v -0.663340 0.249637 0.052034
v -0.654654 0.256663 0.055927
v -0.661894 0.251986 0.057609
v -0.678236 0.235521 0.047769
v -0.671891 0.241291 0.046301
v -0.670004 0.244358 0.053578
v -0.676349 0.238588 0.055047
v -0.668558 0.246707 0.059153
v -0.674903 0.240937 0.060622
v -0.690614 0.222987 0.050630
v -0.684523 0.229371 0.049223
v -0.682635 0.232438 0.056500
v -0.688727 0.226054 0.057907
v -0.681190 0.234788 0.062075
v -0.687281 0.228403 0.063482
v -0.700574 0.211786 0.052918
v -0.696373 0.216511 0.051958
v -0.694486 0.219578 0.059236
v -0.698741 0.214808 0.060201
v -0.693040 0.221928 0.064811
v -0.697336 0.217124 0.065780
v -0.697336 0.217124 0.065780
v -0.699039 0.215754 0.066108
v -0.700321 0.213541 0.060516
v -0.698741 0.214808 0.060201
v -0.699924 0.216511 0.066124
v -0.700848 0.214594 0.060496
v -0.702054 0.212092 0.053150
v -0.701993 0.210652 0.053217
v -0.700574 0.211786 0.052918
v -0.701766 0.218084 0.066157
v -0.701946 0.216785 0.060455
v -0.703651 0.219695 0.066191
v -0.703069 0.219026 0.060412
v -0.702310 0.218154 0.052868
v -0.702181 0.215088 0.053011
v -0.704664 0.220561 0.066209
v -0.703673 0.220232 0.060389
v -0.702735 0.224009 0.065855
v -0.701816 0.223567 0.060036
v -0.700616 0.222990 0.052439
v -0.702380 0.219803 0.052791
v -0.695790 0.233365 0.064773
v -0.695555 0.232196 0.059002
v -0.687178 0.243762 0.063333
v -0.687771 0.241800 0.057633
v -0.688544 0.239238 0.050192
v -0.695247 0.230671 0.051470
v -0.680245 0.250333 0.061909
v -0.681345 0.248058 0.056273
v -0.674081 0.255223 0.060477
v -0.675441 0.252892 0.054887
v -0.677215 0.249849 0.047589
v -0.682780 0.245087 0.048916
v -0.667777 0.260573 0.059016
v -0.669223 0.258223 0.053441
v -0.661114 0.265852 0.057471
v -0.662559 0.263502 0.051896
v -0.664446 0.260436 0.044618
v -0.671110 0.255156 0.046163
v -0.653873 0.270529 0.055789
v -0.655318 0.268179 0.050214
v -0.644561 0.275209 0.053670
v -0.646012 0.272861 0.048096
v -0.647906 0.269796 0.040819
v -0.657205 0.265112 0.042936
v -0.631685 0.280501 0.050813
v -0.633152 0.278156 0.045242
v -0.618122 0.285575 0.047859
v -0.619619 0.283237 0.042293
v -0.621574 0.280184 0.035027
v -0.635068 0.275095 0.037970
v -0.606753 0.289606 0.045446
v -0.608294 0.287278 0.039887
v -0.596360 0.292998 0.043275
v -0.597962 0.290687 0.037728
v -0.600054 0.287669 0.030487
v -0.610305 0.284239 0.032632
v -0.585726 0.296159 0.041050
v -0.587411 0.293872 0.035517
v -0.577100 0.298548 0.039221
v -0.578854 0.296283 0.033700
v -0.581144 0.293326 0.026494
v -0.589611 0.290887 0.028294
v -0.572730 0.299625 0.038241
v -0.574506 0.297366 0.032725
v -0.570976 0.300270 0.037766
v -0.572747 0.298011 0.032248
v -0.575060 0.295062 0.025046
v -0.576824 0.294417 0.025523
v -0.574000 0.297231 0.024530
v -0.574259 0.296156 0.024726
v -0.571958 0.299106 0.031931
v -0.571711 0.300181 0.031737
v -0.570196 0.301365 0.037450
v -0.569957 0.302440 0.037257
v -0.573700 0.298477 0.024303
v -0.573859 0.297816 0.024424
v -0.571576 0.300766 0.031631
v -0.571424 0.301426 0.031512
v -0.569828 0.303025 0.037153
v -0.569681 0.303686 0.037035
v -0.573061 0.301125 0.023820
v -0.573386 0.299779 0.024066
v -0.571124 0.302729 0.031277
v -0.570814 0.304075 0.031035
v -0.569392 0.304988 0.036802
v -0.569094 0.306334 0.036561
v -0.572672 0.302736 0.023527
v -0.572870 0.301918 0.023676
v -0.570632 0.304868 0.030892
v -0.570444 0.305686 0.030744
v -0.568918 0.307127 0.036419
v -0.568736 0.307945 0.036273
v -0.571971 0.306561 0.022997
v -0.572330 0.304158 0.023268
v -0.570116 0.307107 0.030488
v -0.569775 0.309396 0.030220
v -0.572330 0.304158 0.023268
v -0.570116 0.307107 0.030488
v -0.568421 0.309367 0.036019
v -0.568421 0.309367 0.036019
v -0.568092 0.311412 0.035753
v -0.570253 0.314119 0.022397
v -0.571729 0.310326 0.022813
v -0.569543 0.312817 0.030038
v -0.568057 0.316265 0.029620
v -0.567868 0.314100 0.035573
v -0.566375 0.316816 0.035153
v -0.562237 0.318947 0.034169
v -0.563955 0.318640 0.028642
v -0.555782 0.320484 0.032707
v -0.557561 0.320186 0.027191
v -0.559885 0.318165 0.019991
v -0.566197 0.316607 0.021427
v -0.547336 0.321418 0.030855
v -0.549203 0.321149 0.025355
v -0.538124 0.321994 0.028857
v -0.540076 0.321761 0.023372
v -0.542626 0.319826 0.016211
v -0.551640 0.319168 0.018174
v -0.529368 0.322458 0.026958
v -0.531379 0.322251 0.021483
v -0.521008 0.322784 0.025121
v -0.523043 0.322589 0.019650
v -0.525699 0.320704 0.012508
v -0.534004 0.320351 0.014335
v -0.512984 0.322949 0.023311
v -0.515001 0.322745 0.017836
v -0.504947 0.322806 0.021497
v -0.506960 0.322601 0.016022
v -0.509589 0.320703 0.008875
v -0.517635 0.320848 0.010690
v -0.496546 0.322208 0.019651
v -0.498625 0.322038 0.014187
v -0.488805 0.321350 0.017944
v -0.491043 0.321236 0.012509
v -0.493859 0.319458 0.005395
v -0.501339 0.320186 0.007056
v -0.482750 0.320426 0.016549
v -0.485262 0.320377 0.011162
v -0.478183 0.318952 0.015532
v -0.480865 0.318710 0.010175
v -0.483732 0.316966 0.003070
v -0.488118 0.318682 0.004055
v -0.474905 0.316444 0.014962
v -0.477435 0.315486 0.009578
v -0.472723 0.313734 0.014730
v -0.475026 0.312044 0.009307
v -0.477926 0.309633 0.002208
v -0.480316 0.313420 0.002476
v -0.471444 0.311657 0.014731
v -0.473689 0.309722 0.009297
v -0.471444 0.311657 0.014731
v -0.470746 0.310170 0.014830
v -0.473012 0.308236 0.009399
v -0.473689 0.309722 0.009297
v -0.475970 0.305711 0.002311
v -0.476618 0.307197 0.002203
v -0.476618 0.307197 0.002203
v -0.470305 0.309232 0.014892
v -0.472585 0.307297 0.009464
v -0.469904 0.308378 0.014948
v -0.472197 0.306443 0.009523
v -0.475189 0.303918 0.002440
v -0.475561 0.304772 0.002378
v -0.469325 0.307146 0.015030
v -0.471636 0.305211 0.009607
v -0.468772 0.305968 0.015108
v -0.471100 0.304034 0.009689
v -0.474139 0.301508 0.002614
v -0.474652 0.302686 0.002529
v -0.468448 0.305278 0.015154
v -0.470786 0.303344 0.009736
v -0.468133 0.304607 0.015198
v -0.470481 0.302672 0.009782
v -0.473546 0.300147 0.002712
v -0.473838 0.300818 0.002664
v -0.467606 0.303484 0.015272
v -0.469970 0.301549 0.009860
v -0.465447 0.301998 0.014935
v -0.467864 0.300097 0.009531
v -0.471019 0.297615 0.002477
v -0.473056 0.299024 0.002793
v -0.460238 0.300240 0.013743
v -0.462774 0.298439 0.008360
v -0.453220 0.298258 0.012072
v -0.455870 0.296558 0.006709
v -0.459328 0.294337 -0.000291
v -0.466084 0.296088 0.001333
v -0.445635 0.296102 0.010298
v -0.448322 0.294435 0.004942
v -0.437298 0.293533 0.008356
v -0.439985 0.291865 0.003000
v -0.443493 0.289688 -0.003992
v -0.451830 0.292258 -0.002050
v -0.428023 0.290312 0.006183
v -0.430710 0.288644 0.000827
v -0.417857 0.286495 0.003792
v -0.420545 0.284827 -0.001564
v -0.424053 0.282650 -0.008556
v -0.434218 0.286467 -0.006165
v -0.406849 0.282139 0.001194
v -0.409536 0.280471 -0.004162
v -0.413044 0.278294 -0.011154
v -0.384942 0.271298 -0.001758
v -0.375559 0.263623 -0.004094
v -0.394873 0.277603 0.000669
v -0.366270 0.254330 -0.006428
v -0.356989 0.243366 -0.008819
v -0.347629 0.230680 -0.011325
v -0.341074 0.220506 -0.013161
v -0.340206 0.217078 -0.013540
v -0.343671 0.216982 -0.012929
v -0.350115 0.216803 -0.011793
v -0.356412 0.216627 -0.010683
v -0.359439 0.216543 -0.010149
v -0.362075 0.220122 -0.009458
v -0.373279 0.242777 -0.005947
v -0.367202 0.230936 -0.007874
v -0.374433 0.242217 -0.008012
v -0.368679 0.230646 -0.009883
v -0.385015 0.254205 -0.002426
v -0.378765 0.249437 -0.004225
v -0.386061 0.253556 -0.004511
v -0.379811 0.248788 -0.006309
v -0.403316 0.266677 0.002158
v -0.393385 0.260372 -0.000269
v -0.404362 0.266028 0.000073
v -0.394431 0.259723 -0.002354
v -0.426300 0.275568 0.005281
v -0.415292 0.271212 0.002683
v -0.414246 0.271861 0.004767
v -0.425255 0.276217 0.007365
v -0.445741 0.282607 0.009845
v -0.436466 0.279385 0.007672
v -0.435420 0.280034 0.009756
v -0.444695 0.283255 0.011929
v -0.462067 0.287170 0.013632
v -0.454078 0.285176 0.011786
v -0.453033 0.285825 0.013871
v -0.461036 0.287833 0.015719
v -0.478484 0.289768 0.017378
v -0.470296 0.288666 0.015516
v -0.469309 0.289367 0.017611
v -0.477551 0.290514 0.019483
v -0.494010 0.291227 0.020884
v -0.486350 0.290579 0.019157
v -0.485462 0.291358 0.021270
v -0.493161 0.292032 0.023003
v -0.509110 0.292277 0.024279
v -0.501579 0.291840 0.022589
v -0.500770 0.292666 0.024715
v -0.508327 0.293117 0.026409
v -0.524315 0.292258 0.027653
v -0.516654 0.292402 0.025958
v -0.515869 0.293241 0.028088
v -0.523523 0.293094 0.029782
v -0.540259 0.291352 0.031163
v -0.532200 0.291890 0.029391
v -0.531417 0.292730 0.031522
v -0.539499 0.292203 0.033297
v -0.556216 0.289838 0.034656
v -0.548444 0.290700 0.032959
v -0.547718 0.291565 0.035100
v -0.555518 0.290714 0.036801
v -0.568839 0.287457 0.037374
v -0.563037 0.288668 0.036129
v -0.562348 0.289548 0.038276
v -0.568149 0.288337 0.039522
v -0.579239 0.285035 0.039598
v -0.573558 0.286473 0.038387
v -0.572866 0.287352 0.040534
v -0.578556 0.285917 0.041747
v -0.598073 0.279227 0.043577
v -0.587932 0.282465 0.041439
v -0.587276 0.283354 0.043592
v -0.597449 0.280126 0.045736
v -0.619207 0.271733 0.048050
v -0.608098 0.275788 0.045683
v -0.607499 0.276694 0.047846
v -0.618624 0.272643 0.050216
v -0.645374 0.261346 0.053813
v -0.632595 0.266644 0.050974
v -0.632024 0.267557 0.053142
v -0.644809 0.262260 0.055982
v -0.661894 0.251986 0.057609
v -0.654654 0.256663 0.055927
v -0.654091 0.257577 0.058096
v -0.661332 0.252901 0.059778
v -0.674903 0.240937 0.060622
v -0.668558 0.246707 0.059153
v -0.667995 0.247622 0.061323
v -0.674341 0.241852 0.062791
v -0.687281 0.228403 0.063482
v -0.681190 0.234788 0.062075
v -0.680627 0.235702 0.064245
v -0.686718 0.229317 0.065652
v -0.693040 0.221928 0.064811
v -0.692477 0.222842 0.066981
v -0.696790 0.218025 0.067951
v -0.699565 0.217257 0.068314
v -0.698541 0.216616 0.068284
v -0.703877 0.219955 0.068440
v -0.701696 0.218590 0.068376
v -0.703092 0.224181 0.068120
v -0.705050 0.220689 0.068474
v -0.686948 0.244526 0.065552
v -0.695882 0.233820 0.067019
v -0.673552 0.256130 0.062652
v -0.679817 0.251219 0.064102
v -0.660551 0.266766 0.059640
v -0.667214 0.261487 0.061185
v -0.643996 0.276123 0.055839
v -0.653310 0.271443 0.057958
v -0.617540 0.286485 0.050025
v -0.631113 0.281413 0.052981
v -0.595736 0.293898 0.045434
v -0.606153 0.290512 0.047609
v -0.576417 0.299430 0.041369
v -0.585070 0.297049 0.043203
v -0.570286 0.301149 0.039913
v -0.572039 0.300504 0.040388
v -0.569510 0.302245 0.039598
v -0.569275 0.303320 0.039406
v -0.569147 0.303904 0.039302
v -0.569003 0.304565 0.039184
v -0.568718 0.305867 0.038952
v -0.568424 0.307214 0.038712
v -0.568251 0.308006 0.038570
v -0.568072 0.308824 0.038424
v -0.567761 0.310246 0.038171
v -0.567437 0.312018 0.037906
v -0.567761 0.310246 0.038171
v -0.567216 0.313887 0.037727
v -0.565721 0.315785 0.037306
v -0.555089 0.319177 0.034854
v -0.561569 0.317644 0.036320
v -0.537364 0.320662 0.030992
v -0.546610 0.320099 0.032996
v -0.520216 0.321437 0.027250
v -0.528585 0.321115 0.029089
v -0.504163 0.321462 0.023628
v -0.512199 0.321605 0.025441
v -0.487723 0.319970 0.020022
v -0.495736 0.320851 0.021777
v -0.475872 0.317801 0.017393
v -0.480928 0.319022 0.018496
v -0.471615 0.314214 0.016804
v -0.473075 0.316105 0.016908
v -0.469864 0.310923 0.016943
v -0.470571 0.312410 0.016846
v -0.470571 0.312410 0.016846
v -0.469012 0.309131 0.017060
v -0.469418 0.309985 0.017004
v -0.467866 0.306721 0.017217
v -0.468426 0.307898 0.017140
v -0.467219 0.305360 0.017306
v -0.467539 0.306031 0.017262
v -0.464506 0.302738 0.017038
v -0.466685 0.304237 0.017379
v -0.452189 0.298920 0.014159
v -0.459251 0.300941 0.015838
v -0.436252 0.294182 0.010440
v -0.444590 0.296751 0.012382
v -0.416812 0.287144 0.005876
v -0.426977 0.290961 0.008268
v -0.405803 0.282788 0.003279
v -0.430107 0.266176 -0.040243
v -0.434000 0.268624 -0.037987
v -0.424715 0.264868 -0.040181
v -0.433297 0.270960 -0.034144
v -0.429500 0.272043 -0.031033
v -0.424107 0.270734 -0.030971
v -0.420215 0.268286 -0.033227
v -0.420917 0.265951 -0.037069
v -0.428236 0.256480 -0.035779
v -0.432034 0.255397 -0.038890
v -0.427534 0.258815 -0.031936
v -0.431426 0.261263 -0.029680
v -0.436818 0.262572 -0.029742
v -0.440616 0.261488 -0.032854
v -0.441319 0.259153 -0.036696
v -0.437426 0.256705 -0.038952
v -0.517526 0.302993 0.011321
v -0.511884 0.303148 0.010040
v -0.525221 0.302838 0.013033
v -0.521188 0.307095 0.023874
v -0.513529 0.307267 0.022168
v -0.507945 0.307450 0.020898
v -0.506084 0.307808 0.020426
v -0.510004 0.303496 0.009565
v -0.506084 0.308496 0.020315
v -0.510004 0.304185 0.009454
v -0.506084 0.309672 0.020126
v -0.510004 0.305360 0.009265
v -0.506084 0.310901 0.019927
v -0.510005 0.306590 0.009067
v -0.510005 0.307442 0.008929
v -0.511939 0.307928 0.009286
v -0.506084 0.311754 0.019790
v -0.507999 0.312230 0.020144
v -0.517741 0.308058 0.010571
v -0.525621 0.307909 0.012336
v -0.513743 0.312332 0.021418
v -0.521589 0.312166 0.023177
v -0.533792 0.307556 0.014133
v -0.540012 0.307084 0.015511
v -0.529807 0.311836 0.024983
v -0.536094 0.311395 0.026372
v -0.538145 0.310898 0.026880
v -0.542042 0.306575 0.016015
v -0.538044 0.310088 0.026984
v -0.541941 0.305765 0.016119
v -0.537873 0.308713 0.027161
v -0.541769 0.304390 0.016296
v -0.537707 0.307383 0.027332
v -0.541603 0.303061 0.016467
v -0.541519 0.302386 0.016554
v -0.539433 0.302238 0.016138
v -0.537623 0.306708 0.027419
v -0.535514 0.306550 0.027000
v -0.533262 0.302487 0.014802
v -0.529277 0.306767 0.025651
v -0.536175 0.309082 0.031603
v -0.536341 0.310412 0.031432
v -0.536513 0.311787 0.031255
v -0.536091 0.308408 0.031690
v -0.533974 0.308244 0.031269
v -0.527710 0.308449 0.029916
v -0.519603 0.308768 0.028135
v -0.511958 0.308947 0.026432
v -0.506396 0.309141 0.025165
v -0.504543 0.310191 0.024584
v -0.504543 0.309502 0.024695
v -0.504543 0.312596 0.024197
v -0.504543 0.311366 0.024395
v -0.504544 0.313448 0.024059
v -0.506451 0.313921 0.024411
v -0.512172 0.314012 0.025682
v -0.520004 0.313839 0.027438
v -0.528240 0.313518 0.029247
v -0.534553 0.313090 0.030641
v -0.536614 0.312596 0.031151
v -0.520268 0.317114 0.003544
v -0.528356 0.316981 0.005366
v -0.512217 0.316967 0.001728
v -0.536630 0.316613 0.007188
v -0.545175 0.316054 0.009050
v -0.554077 0.315350 0.010993
v -0.562209 0.314308 0.012790
v -0.568440 0.312738 0.014212
v -0.572449 0.310366 0.015173
v -0.573914 0.306918 0.015588
v -0.574168 0.303497 0.015774
v -0.574543 0.301208 0.016048
v -0.574901 0.299787 0.016309
v -0.574543 0.301208 0.016048
v -0.575108 0.298969 0.016460
v -0.575307 0.298176 0.016606
v -0.575647 0.296830 0.016854
v -0.575975 0.295527 0.017094
v -0.576142 0.294867 0.017216
v -0.576289 0.294282 0.017324
v -0.576560 0.293207 0.017522
v -0.577372 0.292112 0.017843
v -0.579143 0.291469 0.018321
v -0.583434 0.290369 0.019287
v -0.591811 0.287902 0.021072
v -0.602147 0.284652 0.023245
v -0.612317 0.281200 0.025376
v -0.623528 0.277132 0.027761
v -0.636984 0.272034 0.030697
v -0.649801 0.266730 0.033543
v -0.659093 0.262045 0.035659
v -0.666334 0.257369 0.037341
v -0.672997 0.252089 0.038886
v -0.678989 0.246806 0.040292
v -0.684215 0.242116 0.041558
v -0.689318 0.236677 0.042751
v -0.694940 0.229145 0.043937
v -0.699417 0.222412 0.044842
v -0.701086 0.219373 0.045193
v -0.701551 0.217281 0.045324
v -0.702415 0.213391 0.045567
v -0.703260 0.209590 0.045804
v -0.703666 0.207763 0.045918
v -0.702408 0.208764 0.045635
v -0.703829 0.206420 0.039988
v -0.699723 0.211067 0.039038
v -0.698260 0.213445 0.044681
v -0.702408 0.208764 0.045635
v -0.693964 0.217542 0.037709
v -0.692501 0.219920 0.043352
v -0.687873 0.223927 0.036302
v -0.686410 0.226305 0.041945
v -0.681586 0.230076 0.034849
v -0.680123 0.232454 0.040492
v -0.675241 0.235846 0.033380
v -0.673778 0.238224 0.039023
v -0.668577 0.241125 0.031836
v -0.667114 0.243503 0.037478
v -0.661336 0.245802 0.030154
v -0.659873 0.248180 0.035796
v -0.652082 0.250490 0.028045
v -0.650614 0.252867 0.033686
v -0.639379 0.255804 0.025219
v -0.637894 0.258177 0.030858
v -0.626126 0.260922 0.022319
v -0.624611 0.263289 0.027953
v -0.615222 0.265026 0.019988
v -0.613662 0.267382 0.025613
v -0.605482 0.268541 0.017932
v -0.603860 0.270881 0.023547
v -0.595722 0.271893 0.015861
v -0.594017 0.274208 0.021461
v -0.587349 0.274563 0.014077
v -0.585573 0.276856 0.019664
v -0.581767 0.276031 0.012883
v -0.579970 0.278318 0.018467
v -0.577038 0.277012 0.011869
v -0.575243 0.279299 0.017453
v -0.571222 0.278217 0.010621
v -0.569430 0.280505 0.016206
v -0.564505 0.279430 0.009166
v -0.562690 0.281708 0.014747
v -0.557075 0.280430 0.007529
v -0.555185 0.282679 0.013097
v -0.549287 0.281246 0.005803
v -0.547310 0.283459 0.011355
v -0.541498 0.281906 0.004079
v -0.539462 0.284092 0.009621
v -0.533723 0.282328 0.002361
v -0.531664 0.284502 0.007898
v -0.525979 0.282431 0.000651
v -0.523938 0.284614 0.006191
v -0.518418 0.282302 -0.001031
v -0.516380 0.284486 0.004510
v -0.511192 0.282026 -0.002667
v -0.509088 0.284175 0.002863
v -0.504090 0.281676 -0.004290
v -0.501883 0.283767 0.001222
v -0.496901 0.281323 -0.005933
v -0.494591 0.283350 -0.000440
v -0.489563 0.280900 -0.007619
v -0.487137 0.282841 -0.002146
v -0.482018 0.280339 -0.009368
v -0.479452 0.282162 -0.003920
v -0.474315 0.279306 -0.011160
v -0.471633 0.281028 -0.005732
v -0.466501 0.277466 -0.012974
v -0.463781 0.279154 -0.007553
v -0.458163 0.274896 -0.014916
v -0.455444 0.276584 -0.009495
v -0.448888 0.271675 -0.017089
v -0.446169 0.273363 -0.011668
v -0.438723 0.267858 -0.019480
v -0.436003 0.269546 -0.014059
v -0.427715 0.263502 -0.022078
v -0.424995 0.265191 -0.016657
v -0.416785 0.258318 -0.024687
v -0.414065 0.260006 -0.019266
v -0.404134 0.253701 -0.021693
v -0.395764 0.247535 -0.023850
v -0.406854 0.252013 -0.027115
v -0.398483 0.245847 -0.029271
v -0.389514 0.242766 -0.025649
v -0.385135 0.237029 -0.027176
v -0.392234 0.241078 -0.031070
v -0.388135 0.235575 -0.032548
v -0.382378 0.227957 -0.028518
v -0.380575 0.219926 -0.029515
v -0.386218 0.227204 -0.033741
v -0.385257 0.219877 -0.034590
v -0.379059 0.217310 -0.030009
v -0.380575 0.219926 -0.029515
v -0.376073 0.217508 -0.030535
v -0.369858 0.217921 -0.031631
v -0.363500 0.218344 -0.032752
v -0.360080 0.218571 -0.033355
v -0.359823 0.221025 -0.033174
v -0.362953 0.228129 -0.031943
v -0.368882 0.237725 -0.030042
v -0.377019 0.247659 -0.027852
v -0.386308 0.256952 -0.025518
v -0.395691 0.264627 -0.023182
v -0.405622 0.270932 -0.020755
v -0.416552 0.276117 -0.018145
v -0.427560 0.280472 -0.015548
v -0.437726 0.284289 -0.013156
v -0.447001 0.287511 -0.010984
v -0.455338 0.290081 -0.009042
v -0.462787 0.292117 -0.007292
v -0.469394 0.293737 -0.005693
v -0.474175 0.295134 -0.004577
v -0.476143 0.296498 -0.004273
v -0.476611 0.297621 -0.004358
v -0.476890 0.298293 -0.004408
v -0.477178 0.298983 -0.004460
v -0.477668 0.300160 -0.004549
v -0.478182 0.301392 -0.004643
v -0.478537 0.302246 -0.004707
v -0.478929 0.303185 -0.004778
v -0.479548 0.304672 -0.004891
v -0.480827 0.306993 -0.004891
v -0.479548 0.304672 -0.004891
v -0.483197 0.310435 -0.004627
v -0.486599 0.313615 -0.004034
v -0.490974 0.315150 -0.003052
v -0.496674 0.315843 -0.001719
v -0.504054 0.316496 -0.000076
vt 0.095007 0.685771
vt 0.099347 0.680801
vt 0.102841 0.689334
vt 0.098206 0.692558
vt 0.103588 0.675580
vt 0.109376 0.686280
vt 0.116163 0.693042
vt 0.108792 0.694352
vt 0.102425 0.695248
vt 0.770499 0.457711
vt 0.789533 0.443327
vt 0.798115 0.468349
vt 0.778529 0.480569
vt 0.805885 0.424327
vt 0.813033 0.446221
vt 0.834400 0.450180
vt 0.803742 0.483456
vt 0.786568 0.500032
vt 0.818515 0.536593
vt 0.825133 0.528024
vt 0.827711 0.535431
vt 0.822601 0.545597
vt 0.831185 0.518118
vt 0.834434 0.526196
vt 0.836079 0.534337
vt 0.829982 0.541974
vt 0.826454 0.550945
vt 0.863980 0.545218
vt 0.879577 0.555209
vt 0.866094 0.587246
vt 0.854007 0.574829
vt 0.898434 0.567508
vt 0.888363 0.607480
vt 0.874888 0.645537
vt 0.853833 0.621969
vt 0.837548 0.601046
vt 0.678435 0.158833
vt 0.708289 0.169448
vt 0.718243 0.201628
vt 0.691271 0.194992
vt 0.736634 0.183122
vt 0.743482 0.210985
vt 0.750396 0.236329
vt 0.728082 0.230864
vt 0.703773 0.227778
vt 0.730593 0.484682
vt 0.751106 0.472967
vt 0.759875 0.499508
vt 0.738377 0.509453
vt 0.763206 0.509061
vt 0.741327 0.518199
vt 0.753761 0.550649
vt 0.773781 0.537971
vt 0.786871 0.568270
vt 0.769868 0.588317
vt 0.789902 0.530528
vt 0.797787 0.550400
vt 0.810083 0.573903
vt 0.803797 0.603386
vt 0.789225 0.631147
vt 0.830142 0.646327
vt 0.822345 0.637543
vt 0.859482 0.679218
vt 0.843134 0.708458
vt 0.814699 0.677371
vt 0.807501 0.669558
vt 0.621644 0.147551
vt 0.649307 0.151681
vt 0.664550 0.191354
vt 0.638874 0.190597
vt 0.679310 0.227255
vt 0.655509 0.229437
vt 0.690195 0.501067
vt 0.710235 0.494066
vt 0.717636 0.518081
vt 0.697184 0.524022
vt 0.720654 0.527045
vt 0.700698 0.533166
vt 0.715815 0.572896
vt 0.734499 0.562926
vt 0.752326 0.605226
vt 0.735129 0.619512
vt 0.772870 0.652259
vt 0.756426 0.670330
vt 0.798729 0.701755
vt 0.791431 0.693390
vt 0.826759 0.733328
vt 0.810213 0.755192
vt 0.782471 0.722654
vt 0.775180 0.713915
vt 0.570753 0.143254
vt 0.595904 0.145140
vt 0.614765 0.191782
vt 0.591421 0.193966
vt 0.633009 0.234059
vt 0.611501 0.241019
vt 0.651152 0.502467
vt 0.669848 0.504075
vt 0.676142 0.525081
vt 0.654379 0.516961
vt 0.680249 0.535014
vt 0.656171 0.532590
vt 0.684978 0.595633
vt 0.699704 0.582888
vt 0.720404 0.634361
vt 0.705579 0.651277
vt 0.740678 0.688221
vt 0.724941 0.706125
vt 0.765779 0.742148
vt 0.758655 0.733265
vt 0.792899 0.775350
vt 0.774894 0.793928
vt 0.748430 0.760041
vt 0.741460 0.750992
vt 0.518369 0.138598
vt 0.544706 0.141011
vt 0.567605 0.194819
vt 0.542541 0.192831
vt 0.590035 0.247615
vt 0.566286 0.249690
vt 0.945049 0.151575
vt 0.951786 0.159070
vt 0.957333 0.156128
vt 0.949954 0.147399
vt 0.957458 0.164564
vt 0.962966 0.162518
vt 0.964408 0.160833
vt 0.961116 0.155445
vt 0.952995 0.145463
vt 0.646707 0.622246
vt 0.666176 0.609445
vt 0.687916 0.666675
vt 0.668575 0.679500
vt 0.707488 0.721882
vt 0.688746 0.735161
vt 0.730225 0.775802
vt 0.723259 0.766340
vt 0.756387 0.810917
vt 0.737347 0.826495
vt 0.711314 0.789849
vt 0.704328 0.779918
vt 0.468507 0.140471
vt 0.492833 0.138186
vt 0.516669 0.191773
vt 0.492092 0.193635
vt 0.540051 0.248404
vt 0.515124 0.248546
vt 0.926997 0.132294
vt 0.936504 0.142312
vt 0.941101 0.137688
vt 0.931493 0.127534
vt 0.943810 0.135285
vt 0.934127 0.125026
vt 0.612943 0.645841
vt 0.629351 0.634107
vt 0.650398 0.691383
vt 0.632578 0.703015
vt 0.670052 0.747448
vt 0.650922 0.759220
vt 0.691919 0.802760
vt 0.685038 0.792534
vt 0.717708 0.840804
vt 0.696961 0.854207
vt 0.671595 0.814922
vt 0.664906 0.804487
vt 0.422657 0.148882
vt 0.445222 0.144207
vt 0.469675 0.196930
vt 0.448515 0.201030
vt 0.493403 0.250359
vt 0.473540 0.253413
vt 0.907939 0.112363
vt 0.917496 0.122366
vt 0.921848 0.117439
vt 0.912121 0.107267
vt 0.924386 0.114834
vt 0.914560 0.104561
vt 0.578691 0.667876
vt 0.596331 0.657759
vt 0.613899 0.713996
vt 0.594219 0.723717
vt 0.630476 0.770163
vt 0.608983 0.780019
vt 0.649764 0.826511
vt 0.643277 0.815794
vt 0.674507 0.866935
vt 0.650782 0.878568
vt 0.626808 0.837065
vt 0.620534 0.826049
vt 0.378563 0.161187
vt 0.400574 0.154369
vt 0.427986 0.205721
vt 0.407652 0.211890
vt 0.454462 0.257053
vt 0.435840 0.262712
vt 0.888110 0.091694
vt 0.898225 0.102146
vt 0.902235 0.096896
vt 0.891921 0.086307
vt 0.904566 0.094090
vt 0.894123 0.083399
vt 0.538906 0.681309
vt 0.559403 0.675408
vt 0.573474 0.731932
vt 0.551740 0.738758
vt 0.586719 0.788663
vt 0.563658 0.796009
vt 0.603129 0.846265
vt 0.597076 0.834986
vt 0.626266 0.888794
vt 0.601073 0.897542
vt 0.578782 0.854101
vt 0.572940 0.842586
vt 0.334116 0.180838
vt 0.356348 0.170027
vt 0.387177 0.220474
vt 0.366574 0.230919
vt 0.417282 0.271588
vt 0.398539 0.282174
vt 0.867108 0.071718
vt 0.877271 0.081119
vt 0.880826 0.075629
vt 0.870383 0.066182
vt 0.882855 0.072620
vt 0.872164 0.063057
vt 0.495209 0.689887
vt 0.517522 0.686168
vt 0.529036 0.744245
vt 0.505917 0.748823
vt 0.539787 0.801961
vt 0.516114 0.806790
vt 0.553932 0.860703
vt 0.548240 0.848911
vt 0.575347 0.904746
vt 0.550358 0.910154
vt 0.529776 0.866029
vt 0.524158 0.853964
vt 0.291500 0.207781
vt 0.312169 0.193875
vt 0.346021 0.243275
vt 0.326140 0.256653
vt 0.379419 0.293539
vt 0.360550 0.306092
vt 0.408726 0.626827
vt 0.419866 0.606648
vt 0.425771 0.636091
vt 0.416313 0.658649
vt 0.425139 0.592056
vt 0.430629 0.619545
vt 0.439450 0.628213
vt 0.429985 0.649069
vt 0.419205 0.672759
vt 0.428153 0.728763
vt 0.440435 0.713267
vt 0.450671 0.769710
vt 0.436080 0.781823
vt 0.451438 0.699221
vt 0.463392 0.758814
vt 0.474646 0.815741
vt 0.460191 0.823164
vt 0.443079 0.830735
vt 0.482748 0.861971
vt 0.488337 0.874108
vt 0.472102 0.876264
vt 0.466907 0.865290
vt 0.507288 0.915964
vt 0.490880 0.917039
vt 0.471250 0.917512
vt 0.452670 0.877773
vt 0.447965 0.868007
vt 0.222104 0.238965
vt 0.240164 0.233490
vt 0.274280 0.280161
vt 0.255498 0.281332
vt 0.255975 0.229832
vt 0.290481 0.279350
vt 0.325594 0.330756
vt 0.309593 0.329353
vt 0.291057 0.327350
vt 0.357394 0.664674
vt 0.386019 0.648320
vt 0.393309 0.680280
vt 0.364189 0.694998
vt 0.395761 0.692448
vt 0.366380 0.705894
vt 0.373237 0.747995
vt 0.403610 0.740394
vt 0.410235 0.788889
vt 0.378909 0.792134
vt 0.415656 0.834300
vt 0.383340 0.834469
vt 0.423819 0.878343
vt 0.419418 0.869016
vt 0.441388 0.916538
vt 0.406527 0.912794
vt 0.390322 0.876039
vt 0.386226 0.866997
vt 0.176153 0.278636
vt 0.199753 0.255606
vt 0.232444 0.294544
vt 0.207830 0.314489
vt 0.266626 0.336561
vt 0.240144 0.352464
vt 0.299378 0.684351
vt 0.329640 0.676563
vt 0.335833 0.704571
vt 0.304863 0.709922
vt 0.337777 0.714455
vt 0.306522 0.718800
vt 0.311350 0.753579
vt 0.343694 0.752867
vt 0.348324 0.793609
vt 0.314761 0.790892
vt 0.351610 0.832556
vt 0.316733 0.826395
vt 0.357107 0.870572
vt 0.353409 0.862015
vt 0.371976 0.906240
vt 0.333864 0.895566
vt 0.320614 0.860875
vt 0.317371 0.852806
vt 0.132266 0.331119
vt 0.153949 0.302347
vt 0.184341 0.334905
vt 0.161265 0.360137
vt 0.215392 0.369695
vt 0.190929 0.391487
vt 0.230443 0.686461
vt 0.263502 0.686797
vt 0.268201 0.710165
vt 0.234364 0.707776
vt 0.269553 0.718109
vt 0.235446 0.715007
vt 0.237705 0.741493
vt 0.273050 0.748520
vt 0.274988 0.781388
vt 0.238245 0.769489
vt 0.275530 0.813220
vt 0.237504 0.797071
vt 0.277858 0.845014
vt 0.275083 0.837277
vt 0.288907 0.877933
vt 0.247442 0.856201
vt 0.238535 0.826214
vt 0.236173 0.818820
vt 0.094401 0.408819
vt 0.111135 0.369770
vt 0.138388 0.394702
vt 0.119324 0.429540
vt 0.165637 0.421188
vt 0.143619 0.451018
vt 0.868279 0.372589
vt 0.867315 0.367419
vt 0.874846 0.373831
vt 0.875857 0.380447
vt 0.865239 0.360844
vt 0.872458 0.365388
vt 0.881273 0.373040
vt 0.883711 0.382485
vt 0.884454 0.390040
vt 0.829476 0.428025
vt 0.833323 0.436294
vt 0.820862 0.403985
vt 0.835370 0.394235
vt 0.841586 0.408180
vt 0.843853 0.413981
vt 0.786479 0.253848
vt 0.769559 0.243789
vt 0.765589 0.222134
vt 0.784305 0.234482
vt 0.761725 0.198583
vt 0.782172 0.214131
vt 0.906942 0.492681
vt 0.904561 0.527972
vt 0.885903 0.517300
vt 0.892920 0.484194
vt 0.881211 0.512620
vt 0.889231 0.479975
vt 0.878347 0.466061
vt 0.869601 0.494366
vt 0.857514 0.475726
vt 0.865895 0.449295
vt 0.857220 0.513344
vt 0.849627 0.497917
vt 0.840243 0.482729
vt 0.845590 0.456925
vt 0.853912 0.431833
vt 0.852233 0.393930
vt 0.853637 0.397742
vt 0.846386 0.386642
vt 0.853840 0.376517
vt 0.858264 0.380949
vt 0.859401 0.383785
vt 0.816374 0.279814
vt 0.801775 0.266093
vt 0.799649 0.248075
vt 0.814403 0.264067
vt 0.797549 0.228814
vt 0.812692 0.246331
vt 0.905401 0.442472
vt 0.906837 0.465813
vt 0.894640 0.456420
vt 0.894639 0.435067
vt 0.891619 0.453611
vt 0.892123 0.433113
vt 0.883130 0.422581
vt 0.882011 0.442069
vt 0.871247 0.427189
vt 0.873862 0.409022
vt 0.861297 0.411941
vt 0.865796 0.395763
vt 0.861390 0.372073
vt 0.862113 0.374008
vt 0.858639 0.368143
vt 0.859118 0.358604
vt 0.862438 0.365552
vt 0.863096 0.369491
vt 0.837752 0.301559
vt 0.830084 0.292893
vt 0.830122 0.282301
vt 0.839871 0.296252
vt 0.830897 0.269870
vt 0.842998 0.289430
vt 0.897398 0.389429
vt 0.901904 0.413800
vt 0.893148 0.411790
vt 0.890693 0.396746
vt 0.891455 0.412218
vt 0.890417 0.401986
vt 0.883970 0.404224
vt 0.875529 0.393068
vt 0.868013 0.382445
vt 0.189742 0.688864
vt 0.207392 0.687396
vt 0.210652 0.706566
vt 0.192460 0.705933
vt 0.211525 0.713199
vt 0.193152 0.711924
vt 0.193741 0.733311
vt 0.212856 0.736982
vt 0.212304 0.760947
vt 0.192285 0.753718
vt 0.210555 0.784185
vt 0.189665 0.772819
vt 0.210513 0.809831
vt 0.208510 0.802972
vt 0.217882 0.836970
vt 0.194602 0.819246
vt 0.188557 0.794521
vt 0.186929 0.788331
vt 0.074683 0.460656
vt 0.083039 0.437567
vt 0.105539 0.454720
vt 0.094924 0.474700
vt 0.127620 0.472748
vt 0.115257 0.490136
vt 0.159893 0.690085
vt 0.173667 0.689597
vt 0.175820 0.704554
vt 0.161523 0.702730
vt 0.176325 0.709813
vt 0.161838 0.707183
vt 0.160968 0.722412
vt 0.176253 0.728221
vt 0.174053 0.744885
vt 0.157840 0.735077
vt 0.170642 0.760087
vt 0.153453 0.746343
vt 0.168359 0.778044
vt 0.167166 0.772544
vt 0.172908 0.800326
vt 0.152369 0.779869
vt 0.149121 0.759694
vt 0.149289 0.755959
vt 0.063771 0.505585
vt 0.068380 0.483270
vt 0.086506 0.494370
vt 0.079802 0.513556
vt 0.105031 0.507383
vt 0.096590 0.524116
vt 0.139119 0.691417
vt 0.149008 0.690878
vt 0.150337 0.701159
vt 0.140422 0.699373
vt 0.150494 0.704763
vt 0.140511 0.702049
vt 0.137232 0.710731
vt 0.148447 0.716886
vt 0.143782 0.725104
vt 0.130901 0.714364
vt 0.137873 0.732007
vt 0.123596 0.717060
vt 0.131028 0.740947
vt 0.132498 0.739129
vt 0.132784 0.757548
vt 0.114719 0.733886
vt 0.115151 0.721872
vt 0.116914 0.721157
vt 0.058925 0.550416
vt 0.060598 0.527749
vt 0.074303 0.532039
vt 0.069973 0.551761
vt 0.089424 0.539662
vt 0.082964 0.556874
vt 0.117462 0.684498
vt 0.128751 0.691197
vt 0.130558 0.696667
vt 0.122133 0.692046
vt 0.130859 0.698272
vt 0.125012 0.694832
vt 0.125796 0.701872
vt 0.118401 0.701510
vt 0.110799 0.702507
vt 0.102235 0.704313
vt 0.104302 0.704935
vt 0.098603 0.709528
vt 0.088089 0.691464
vt 0.096943 0.694807
vt 0.099899 0.697961
vt 0.060395 0.592333
vt 0.059284 0.574416
vt 0.067601 0.575027
vt 0.066439 0.593305
vt 0.077163 0.578322
vt 0.073225 0.594824
vt 0.835774 0.504249
vt 0.841807 0.514705
vt 0.845037 0.526361
vt 0.820862 0.560405
vt 0.813321 0.550122
vt 0.807570 0.536216
vt 0.841569 0.555814
vt 0.843735 0.547165
vt 0.835789 0.561444
vt 0.834129 0.550632
vt 0.835524 0.546229
vt 0.836486 0.542449
vt 0.827785 0.561505
vt 0.830580 0.554922
vt 0.828788 0.551619
vt 0.830071 0.550612
vt 0.831156 0.547858
vt 0.831927 0.550045
vt 0.831247 0.545062
vt 0.831603 0.545068
vt 0.835587 0.539696
vt 0.834088 0.541218
vt 0.833433 0.540422
vt 0.831927 0.543417
vt 0.843057 0.537637
vt 0.837889 0.540255
vt 0.834741 0.539605
vt 0.812737 0.499919
vt 0.811097 0.511472
vt 0.818519 0.496660
vt 0.820361 0.507373
vt 0.817427 0.510679
vt 0.817259 0.516841
vt 0.827404 0.499479
vt 0.823949 0.505935
vt 0.827057 0.513205
vt 0.825204 0.513805
vt 0.824381 0.518478
vt 0.823584 0.512839
vt 0.823223 0.522132
vt 0.823319 0.521223
vt 0.816633 0.526933
vt 0.818294 0.524095
vt 0.821232 0.524326
vt 0.823850 0.523186
vt 0.808017 0.522847
vt 0.814725 0.521648
vt 0.818606 0.521728
vt 0.830749 0.542351
vt 0.829301 0.533842
vt 0.825263 0.529873
vt 0.828354 0.536306
vt 0.831139 0.535608
vt 0.828318 0.529989
vt 0.824072 0.524204
vt 0.823009 0.525741
vt 0.824956 0.529321
vt 0.831206 0.535198
vt 0.827540 0.528144
vt 0.830059 0.533562
vt 0.825609 0.524835
vt 0.822464 0.517099
vt 0.824635 0.520790
vt 0.830780 0.537338
vt 0.826124 0.528507
vt 0.830694 0.540302
vt 0.826684 0.531981
vt 0.822267 0.524206
vt 0.821892 0.520172
vt 0.830664 0.542155
vt 0.827649 0.534881
vt 0.823572 0.527562
vt 0.854488 0.058712
vt 0.859294 0.064363
vt 0.862324 0.058856
vt 0.857292 0.053659
vt 0.863764 0.055621
vt 0.859443 0.052619
vt 0.471779 0.692786
vt 0.482954 0.752827
vt 0.493816 0.810940
vt 0.507605 0.870335
vt 0.502003 0.858096
vt 0.527394 0.913795
vt 0.272823 0.220463
vt 0.307542 0.269904
vt 0.342480 0.320118
vt 0.968229 0.170408
vt 0.971906 0.171739
vt 0.973724 0.167136
vt 0.970597 0.166391
vt 0.592272 0.454319
vt 0.596596 0.460328
vt 0.598071 0.470788
vt 0.593130 0.466820
vt 0.594218 0.475094
vt 0.589049 0.473225
vt 0.972742 0.162994
vt 0.969951 0.163084
vt 0.584781 0.484739
vt 0.578643 0.482172
vt 0.570586 0.490197
vt 0.564127 0.486551
vt 0.967095 0.153210
vt 0.958020 0.141744
vt 0.956021 0.143276
vt 0.964746 0.154201
vt 0.551841 0.373143
vt 0.561852 0.369455
vt 0.562809 0.372205
vt 0.553776 0.377154
vt 0.568888 0.370355
vt 0.568394 0.371389
vt 0.920315 0.209081
vt 0.930654 0.213999
vt 0.930162 0.211200
vt 0.921042 0.206627
vt 0.908490 0.200078
vt 0.909925 0.198008
vt 0.554594 0.488286
vt 0.549722 0.484939
vt 0.539454 0.480858
vt 0.534456 0.480296
vt 0.948439 0.131059
vt 0.938698 0.120733
vt 0.936859 0.122454
vt 0.946583 0.132764
vt 0.532849 0.394408
vt 0.542325 0.382314
vt 0.545954 0.385742
vt 0.537545 0.396242
vt 0.897572 0.189992
vt 0.899255 0.188114
vt 0.887315 0.179792
vt 0.889048 0.177964
vt 0.518111 0.479151
vt 0.513569 0.479281
vt 0.501870 0.485236
vt 0.498019 0.485778
vt 0.928926 0.110500
vt 0.919064 0.100174
vt 0.917226 0.101908
vt 0.927087 0.112226
vt 0.513081 0.422715
vt 0.525073 0.411362
vt 0.528851 0.410789
vt 0.517117 0.422296
vt 0.877606 0.170121
vt 0.879369 0.168317
vt 0.867998 0.160440
vt 0.869786 0.158652
vt 0.490378 0.497796
vt 0.486773 0.498704
vt 0.483595 0.519858
vt 0.477370 0.517210
vt 0.908975 0.089603
vt 0.898398 0.078796
vt 0.896633 0.080603
vt 0.907166 0.091370
vt 0.473740 0.427373
vt 0.496119 0.428738
vt 0.498343 0.428802
vt 0.476345 0.429092
vt 0.858119 0.150151
vt 0.859942 0.148397
vt 0.847905 0.139204
vt 0.849763 0.137493
vt 0.470547 0.535997
vt 0.465284 0.530835
vt 0.457879 0.540995
vt 0.454528 0.535880
vt 0.886968 0.067902
vt 0.875707 0.057936
vt 0.874231 0.059971
vt 0.885253 0.069750
vt 0.444268 0.426403
vt 0.456192 0.424026
vt 0.459262 0.427287
vt 0.448412 0.429147
vt 0.837417 0.127372
vt 0.839320 0.125723
vt 0.827776 0.115640
vt 0.829886 0.114271
vt 0.449650 0.545032
vt 0.447996 0.540374
vt 0.443587 0.544856
vt 0.443536 0.541946
vt 0.865786 0.049772
vt 0.858162 0.045166
vt 0.858304 0.047826
vt 0.865033 0.052148
vt 0.441235 0.544065
vt 0.441648 0.541407
vt 0.438241 0.536594
vt 0.439642 0.535216
vt 0.855218 0.044387
vt 0.850601 0.046536
vt 0.851424 0.049890
vt 0.855600 0.047312
vt 0.425442 0.434895
vt 0.432889 0.429725
vt 0.437936 0.431725
vt 0.429822 0.436078
vt 0.820193 0.104876
vt 0.822624 0.104332
vt 0.816499 0.095970
vt 0.819075 0.096615
vt 0.604741 0.468528
vt 0.611312 0.474630
vt 0.614351 0.485704
vt 0.607194 0.478987
vt 0.618535 0.481398
vt 0.621536 0.492539
vt 0.617274 0.496097
vt 0.609813 0.488691
vt 0.603003 0.482154
vt 0.608345 0.508043
vt 0.600829 0.499422
vt 0.594132 0.516736
vt 0.586819 0.507023
vt 0.579873 0.498690
vt 0.593834 0.492052
vt 0.578144 0.516542
vt 0.571225 0.506278
vt 0.563896 0.508801
vt 0.558379 0.499050
vt 0.552577 0.490732
vt 0.564556 0.497534
vt 0.485808 0.538786
vt 0.475210 0.546354
vt 0.472454 0.541312
vt 0.483450 0.532475
vt 0.461874 0.549821
vt 0.459936 0.545055
vt 0.451561 0.553457
vt 0.450605 0.548767
vt 0.443426 0.552179
vt 0.443505 0.547927
vt 0.440258 0.552021
vt 0.440818 0.547289
vt 0.436499 0.541907
vt 0.437414 0.538766
vt 0.418166 0.430894
vt 0.426264 0.424631
vt 0.429520 0.427639
vt 0.421989 0.433299
vt 0.438618 0.420812
vt 0.441327 0.423986
vt 0.450289 0.418047
vt 0.452652 0.421233
vt 0.462436 0.421666
vt 0.464011 0.423425
vt 0.527118 0.371430
vt 0.533836 0.356989
vt 0.536550 0.366220
vt 0.530254 0.378718
vt 0.546135 0.349203
vt 0.547798 0.357959
vt 0.549443 0.365346
vt 0.539026 0.373759
vt 0.532443 0.384275
vt 0.561728 0.350826
vt 0.561480 0.357908
vt 0.575176 0.359464
vt 0.572784 0.364013
vt 0.570874 0.367427
vt 0.561407 0.363676
vt 0.629328 0.491605
vt 0.638950 0.500530
vt 0.643186 0.513613
vt 0.633108 0.503771
vt 0.636968 0.516027
vt 0.628100 0.507162
vt 0.641606 0.551621
vt 0.628924 0.534424
vt 0.623487 0.564028
vt 0.613511 0.545021
vt 0.604401 0.531620
vt 0.619087 0.521404
vt 0.607120 0.574968
vt 0.598499 0.552084
vt 0.591135 0.584516
vt 0.580969 0.556635
vt 0.568038 0.527618
vt 0.587463 0.533727
vt 0.577211 0.599884
vt 0.568759 0.576263
vt 0.562457 0.612396
vt 0.556278 0.592060
vt 0.549166 0.576246
vt 0.561580 0.556802
vt 0.544400 0.618452
vt 0.538469 0.596463
vt 0.524594 0.622204
vt 0.517972 0.597551
vt 0.505642 0.572975
vt 0.529515 0.579768
vt 0.505079 0.627057
vt 0.499941 0.603539
vt 0.484138 0.629737
vt 0.479679 0.606032
vt 0.474221 0.588195
vt 0.491911 0.585483
vt 0.461943 0.629841
vt 0.459043 0.607069
vt 0.441439 0.600059
vt 0.442103 0.585618
vt 0.456905 0.590421
vt 0.434490 0.602508
vt 0.428622 0.578953
vt 0.431013 0.568230
vt 0.436531 0.585461
vt 0.365024 0.386477
vt 0.378642 0.369469
vt 0.391912 0.386392
vt 0.383273 0.401918
vt 0.395023 0.355933
vt 0.408640 0.375547
vt 0.417469 0.391182
vt 0.401804 0.398732
vt 0.392897 0.410518
vt 0.412802 0.345478
vt 0.426195 0.366898
vt 0.430718 0.336590
vt 0.443966 0.360853
vt 0.453307 0.389219
vt 0.433696 0.385785
vt 0.446944 0.323901
vt 0.458220 0.344318
vt 0.463369 0.313673
vt 0.473645 0.332873
vt 0.477601 0.348026
vt 0.463697 0.362819
vt 0.480637 0.309148
vt 0.490872 0.330094
vt 0.498553 0.307039
vt 0.508768 0.329351
vt 0.514856 0.353986
vt 0.494529 0.345780
vt 0.516458 0.303634
vt 0.525045 0.323579
vt 0.536842 0.303481
vt 0.541800 0.321786
vt 0.543758 0.335183
vt 0.528810 0.341283
vt 0.560525 0.306539
vt 0.561523 0.325256
vt 0.589058 0.318591
vt 0.581902 0.341905
vt 0.578837 0.350750
vt 0.561882 0.338550
vt 0.558297 0.550236
vt 0.560339 0.522728
vt 0.546905 0.568641
vt 0.536200 0.531629
vt 0.546120 0.513730
vt 0.550264 0.495854
vt 0.527926 0.572800
vt 0.507455 0.561532
vt 0.505321 0.540836
vt 0.521032 0.540836
vt 0.487530 0.499154
vt 0.486442 0.508476
vt 0.485432 0.522006
vt 0.486196 0.511840
vt 0.486959 0.513549
vt 0.486619 0.528964
vt 0.491333 0.496522
vt 0.503037 0.484327
vt 0.507472 0.466793
vt 0.494369 0.472781
vt 0.515662 0.477574
vt 0.538043 0.480510
vt 0.539871 0.471089
vt 0.538763 0.473964
vt 0.548073 0.482089
vt 0.544735 0.475505
vt 0.552562 0.491619
vt 0.557894 0.501873
vt 0.541862 0.470606
vt 0.546911 0.484164
vt 0.734144 0.246948
vt 0.711356 0.245890
vt 0.754778 0.250176
vt 0.756954 0.255891
vt 0.737039 0.253654
vt 0.714897 0.253458
vt 0.688247 0.247186
vt 0.665620 0.251066
vt 0.692373 0.255528
vt 0.670267 0.260112
vt 0.644190 0.257650
vt 0.623887 0.267628
vt 0.649323 0.267459
vt 0.629474 0.278404
vt 0.604217 0.280865
vt 0.580347 0.288660
vt 0.610560 0.294770
vt 0.553515 0.284961
vt 0.528816 0.282789
vt 0.507752 0.283387
vt 0.488901 0.286157
vt 0.470645 0.289034
vt 0.452985 0.294274
vt 0.435694 0.303756
vt 0.418307 0.315054
vt 0.400001 0.325299
vt 0.381802 0.336798
vt 0.364483 0.350669
vt 0.348893 0.363908
vt 0.333874 0.362687
vt 0.315122 0.358981
vt 0.347672 0.381864
vt 0.326804 0.374912
vt 0.288490 0.364281
vt 0.260048 0.376664
vt 0.298356 0.377098
vt 0.268839 0.387577
vt 0.234377 0.391893
vt 0.208921 0.411560
vt 0.242718 0.401951
vt 0.216781 0.420696
vt 0.181838 0.437929
vt 0.158004 0.464596
vt 0.188858 0.445505
vt 0.164630 0.470697
vt 0.141053 0.484651
vt 0.128075 0.501046
vt 0.146969 0.490250
vt 0.133804 0.506406
vt 0.116987 0.517212
vt 0.107704 0.532816
vt 0.122374 0.522190
vt 0.112784 0.537423
vt 0.099921 0.547134
vt 0.092169 0.562981
vt 0.104894 0.551503
vt 0.096585 0.566805
vt 0.083415 0.582293
vt 0.077141 0.595001
vt 0.086237 0.584915
vt 0.080496 0.591983
vt 0.109985 0.679774
vt 0.116027 0.689293
vt 0.121524 0.693815
vt 0.139938 0.705615
vt 0.129564 0.699827
vt 0.161865 0.712741
vt 0.150206 0.709407
vt 0.193659 0.719437
vt 0.176605 0.716366
vt 0.236477 0.724073
vt 0.212267 0.721463
vt 0.308383 0.730458
vt 0.270976 0.728348
vt 0.368932 0.720155
vt 0.340009 0.727402
vt 0.422633 0.692641
vt 0.398675 0.708800
vt 0.444290 0.658747
vt 0.434036 0.674330
vt 0.488438 0.652896
vt 0.465465 0.654529
vt 0.530357 0.645159
vt 0.509977 0.649796
vt 0.568722 0.633383
vt 0.550253 0.640230
vt 0.599962 0.608999
vt 0.584837 0.622352
vt 0.632416 0.586172
vt 0.615756 0.597815
vt 0.669141 0.559450
vt 0.651051 0.572972
vt 0.705127 0.546040
vt 0.686392 0.550601
vt 0.745321 0.529184
vt 0.725008 0.538893
vt 0.787385 0.520069
vt 0.767015 0.519807
vt 0.806392 0.527703
vt 0.816815 0.530465
vt 0.828589 0.514319
vt 0.823752 0.524025
vt 0.833912 0.472732
vt 0.830625 0.499715
vt 0.838074 0.443189
vt 0.847072 0.420447
vt 0.855932 0.402557
vt 0.861359 0.387751
vt 0.863871 0.375887
vt 0.864394 0.368202
vt 0.864013 0.364443
vt 0.861601 0.359142
vt 0.818970 0.293370
vt 0.817921 0.288971
vt 0.830667 0.298913
vt 0.830869 0.301230
vt 0.837048 0.304132
vt 0.835066 0.303373
vt 0.788653 0.269258
vt 0.787925 0.264722
vt 0.803216 0.276357
vt 0.804008 0.280808
vt 0.772091 0.255473
vt 0.773318 0.260054
vt 0.261593 0.166336
vt 0.270805 0.179132
vt 0.252057 0.191914
vt 0.242487 0.178884
vt 0.235300 0.201686
vt 0.225593 0.188740
vt 0.306341 0.138994
vt 0.314773 0.151707
vt 0.292004 0.165018
vt 0.283188 0.152351
vt 0.353318 0.118321
vt 0.361003 0.131370
vt 0.337867 0.140544
vt 0.329801 0.127673
vt 0.400084 0.104964
vt 0.406972 0.118330
vt 0.383948 0.124134
vt 0.376658 0.110895
vt 0.448241 0.096547
vt 0.454352 0.109777
vt 0.430428 0.113567
vt 0.423933 0.100198
vt 0.498869 0.093701
vt 0.504270 0.106475
vt 0.478774 0.107074
vt 0.473059 0.094177
vt 0.553456 0.098898
vt 0.558512 0.112163
vt 0.531291 0.108578
vt 0.526060 0.095482
vt 0.607233 0.108763
vt 0.611488 0.120694
vt 0.584691 0.116096
vt 0.579955 0.103278
vt 0.668186 0.126964
vt 0.671134 0.136719
vt 0.640472 0.127166
vt 0.636824 0.116298
vt 0.731598 0.158976
vt 0.732948 0.166328
vt 0.702761 0.149940
vt 0.700600 0.141372
vt 0.759750 0.184517
vt 0.780976 0.202132
vt 0.759167 0.178388
vt 0.780565 0.196934
vt 0.796396 0.216939
vt 0.812072 0.234873
vt 0.795996 0.211575
vt 0.812081 0.229727
vt 0.832174 0.261928
vt 0.845077 0.283890
vt 0.833360 0.258746
vt 0.842395 0.275811
vt 0.888849 0.389845
vt 0.889162 0.396948
vt 0.887938 0.380472
vt 0.889412 0.430434
vt 0.889305 0.410482
vt 0.886037 0.476064
vt 0.888823 0.450574
vt 0.860310 0.522899
vt 0.877459 0.506851
vt 0.844951 0.533817
vt 0.836065 0.538280
vt 0.830903 0.544756
vt 0.828115 0.552147
vt 0.819511 0.588034
vt 0.825511 0.561557
vt 0.816158 0.628485
vt 0.802241 0.658765
vt 0.786191 0.682030
vt 0.770024 0.702177
vt 0.753855 0.721598
vt 0.737062 0.739508
vt 0.718998 0.754621
vt 0.700089 0.767781
vt 0.680968 0.780229
vt 0.661116 0.792147
vt 0.639791 0.803348
vt 0.617366 0.813478
vt 0.594228 0.822340
vt 0.570381 0.829874
vt 0.545887 0.836058
vt 0.521887 0.840885
vt 0.499689 0.844737
vt 0.480451 0.848684
vt 0.465068 0.853524
vt 0.446678 0.857945
vt 0.418438 0.859736
vt 0.385497 0.858309
vt 0.353002 0.854189
vt 0.317302 0.845830
vt 0.275309 0.830895
vt 0.236621 0.812959
vt 0.209140 0.797842
vt 0.187753 0.784078
vt 0.168219 0.769136
vt 0.150495 0.753313
vt 0.134036 0.737012
vt 0.118900 0.719994
vt 0.105810 0.703982
vt 0.098777 0.695254
vt 0.093417 0.690335
vt 0.096968 0.693590
vt 0.050113 0.550724
vt 0.052801 0.550521
vt 0.054917 0.574979
vt 0.053035 0.574420
vt 0.057163 0.591048
vt 0.055331 0.585680
vt 0.050006 0.499561
vt 0.054216 0.501312
vt 0.052583 0.525888
vt 0.049033 0.525197
vt 0.057117 0.448992
vt 0.062506 0.452492
vt 0.057492 0.476944
vt 0.052687 0.474274
vt 0.073503 0.392167
vt 0.079817 0.397102
vt 0.069567 0.427611
vt 0.063650 0.423352
vt 0.109219 0.309027
vt 0.116097 0.315511
vt 0.095720 0.356199
vt 0.089133 0.350562
vt 0.150695 0.250540
vt 0.158259 0.258829
vt 0.136873 0.284579
vt 0.129623 0.277161
vt 0.194795 0.205055
vt 0.203097 0.215338
vt 0.181352 0.234046
vt 0.173568 0.224956
vt 0.220122 0.207144
vt 0.210943 0.195253
vt 0.921564 0.204980
vt 0.910905 0.196613
vt 0.929706 0.209012
vt 0.927116 0.206018
vt 0.921825 0.202977
vt 0.911833 0.194983
vt 0.900400 0.186842
vt 0.890226 0.176724
vt 0.901588 0.185396
vt 0.891476 0.175332
vt 0.880567 0.167091
vt 0.871001 0.157436
vt 0.881866 0.165738
vt 0.872340 0.156116
vt 0.861182 0.147202
vt 0.851027 0.136327
vt 0.862564 0.145921
vt 0.852451 0.135096
vt 0.840613 0.124603
vt 0.831308 0.113344
vt 0.842091 0.123447
vt 0.832898 0.112405
vt 0.824253 0.103939
vt 0.821050 0.096995
vt 0.826013 0.103408
vt 0.823470 0.098668
vt 0.855795 0.050264
vt 0.858325 0.049822
vt 0.852582 0.054142
vt 0.864494 0.053741
vt 0.873229 0.061341
vt 0.884091 0.071004
vt 0.895435 0.081832
vt 0.905937 0.092571
vt 0.915978 0.103087
vt 0.925837 0.113398
vt 0.935610 0.123623
vt 0.945324 0.133923
vt 0.954670 0.144319
vt 0.963166 0.154892
vt 0.967729 0.163011
vt 0.963074 0.168145
vt 0.967153 0.165319
vt 0.494901 0.560043
vt 0.484896 0.568861
vt 0.479798 0.556679
vt 0.490306 0.549755
vt 0.469155 0.571634
vt 0.465246 0.559413
vt 0.454759 0.574365
vt 0.453135 0.562849
vt 0.442767 0.570659
vt 0.443223 0.560483
vt 0.438279 0.569995
vt 0.439302 0.560627
vt 0.433303 0.556677
vt 0.434940 0.548394
vt 0.403676 0.419764
vt 0.411719 0.410396
vt 0.419304 0.418414
vt 0.411544 0.425988
vt 0.425986 0.404828
vt 0.432636 0.414084
vt 0.440709 0.401558
vt 0.445804 0.411023
vt 0.456133 0.409982
vt 0.459067 0.416725
vt 0.489661 0.522690
vt 0.490504 0.539660
vt 0.494203 0.533106
vt 0.495868 0.551810
vt 0.561521 0.366882
vt 0.550594 0.369574
vt 0.569757 0.369188
vt 0.540623 0.378165
vt 0.533450 0.386933
vt 0.548256 0.486238
vt 0.541655 0.479942
vt 0.539836 0.467436
vt 0.559831 0.492487
vt 0.575253 0.493962
vt 0.589272 0.487894
vt 0.598500 0.478189
vt 0.600489 0.464441
vt 0.602323 0.474509
vt 0.623737 0.486335
vt 0.626880 0.497710
vt 0.622584 0.501487
vt 0.613520 0.514328
vt 0.599079 0.523780
vt 0.583067 0.524382
vt 0.567467 0.515235
vt 0.549531 0.486488
vt 0.561717 0.512040
vt 0.531936 0.349610
vt 0.524524 0.365687
vt 0.544989 0.342687
vt 0.561873 0.345283
vt 0.576983 0.355544
vt 0.488223 0.576811
vt 0.497092 0.564831
vt 0.471658 0.579776
vt 0.455792 0.582157
vt 0.442410 0.577940
vt 0.437502 0.576983
vt 0.432212 0.562438
vt 0.406814 0.404808
vt 0.398248 0.415237
vt 0.421739 0.398294
vt 0.437395 0.394440
vt 0.454940 0.405247
vt 0.500308 0.560962
vt 0.497695 0.539464
vt 0.808947 0.338057
vt 0.789455 0.324786
vt 0.779930 0.292097
vt 0.798331 0.306627
vt 0.776710 0.338462
vt 0.765475 0.299138
vt 0.759506 0.270753
vt 0.775155 0.270455
vt 0.791594 0.282375
vt 0.838440 0.349614
vt 0.825100 0.345004
vt 0.814844 0.317714
vt 0.829541 0.327318
vt 0.807471 0.294214
vt 0.822424 0.306076
vt 0.846189 0.329663
vt 0.843415 0.338159
vt 0.836658 0.320618
vt 0.841470 0.316937
vt 0.832458 0.307466
vt 0.838159 0.308206
vt 0.853180 0.330151
vt 0.848620 0.328492
vt 0.842727 0.314023
vt 0.846414 0.315511
vt 0.839276 0.306922
vt 0.841654 0.307472
vt 0.868370 0.333618
vt 0.860086 0.331534
vt 0.851978 0.314917
vt 0.858735 0.313338
vt 0.845487 0.305335
vt 0.849952 0.300648
vt 0.883277 0.338710
vt 0.874829 0.335763
vt 0.864588 0.312334
vt 0.872663 0.311006
vt 0.853917 0.297507
vt 0.863272 0.290308
vt 0.922363 0.960934
vt 0.924160 0.953559
vt 0.920233 0.952505
vt 0.918408 0.959056
vt 0.925958 0.946184
vt 0.921681 0.946779
vt 0.917773 0.946339
vt 0.916301 0.951458
vt 0.914453 0.957178
vt 0.926275 0.942937
vt 0.922376 0.942703
vt 0.926591 0.939689
vt 0.922676 0.938836
vt 0.918778 0.938597
vt 0.918477 0.942465
vt 0.926838 0.933975
vt 0.922940 0.933736
vt 0.927084 0.928261
vt 0.923054 0.927933
vt 0.919157 0.927692
vt 0.919043 0.933496
vt 0.918715 0.915893
vt 0.919005 0.921715
vt 0.922902 0.921957
vt 0.922612 0.916135
vt 0.926799 0.922198
vt 0.926514 0.916135
vt 0.918101 0.905726
vt 0.918415 0.910554
vt 0.922312 0.910795
vt 0.921998 0.905967
vt 0.926209 0.911037
vt 0.925905 0.905939
vt 0.917378 0.897441
vt 0.917768 0.901438
vt 0.921666 0.901680
vt 0.921276 0.897655
vt 0.925563 0.901922
vt 0.925222 0.897905
vt 0.916346 0.889617
vt 0.916890 0.893483
vt 0.920791 0.893617
vt 0.920249 0.889654
vt 0.924692 0.893752
vt 0.924163 0.889599
vt 0.915224 0.882269
vt 0.915787 0.885896
vt 0.919691 0.885855
vt 0.919127 0.882161
vt 0.923596 0.885814
vt 0.923028 0.882029
vt 0.914076 0.875092
vt 0.914664 0.878687
vt 0.918565 0.878511
vt 0.917975 0.874873
vt 0.922465 0.878336
vt 0.921902 0.874643
vt 0.912717 0.867697
vt 0.913427 0.871426
vt 0.917325 0.871209
vt 0.916617 0.867492
vt 0.921224 0.870992
vt 0.920546 0.867342
vt 0.911142 0.860083
vt 0.911951 0.863912
vt 0.915849 0.863692
vt 0.915038 0.859827
vt 0.919748 0.863472
vt 0.918950 0.859603
vt 0.909461 0.852546
vt 0.910304 0.856223
vt 0.914196 0.855914
vt 0.913350 0.852192
vt 0.918088 0.855606
vt 0.917226 0.851609
vt 0.907895 0.846445
vt 0.908638 0.849265
vt 0.912526 0.848897
vt 0.911783 0.846079
vt 0.916413 0.848529
vt 0.915601 0.845450
vt 0.906516 0.841400
vt 0.907290 0.844153
vt 0.911178 0.843788
vt 0.910402 0.841023
vt 0.915066 0.843423
vt 0.914531 0.841397
vt 0.903751 0.832285
vt 0.905262 0.837200
vt 0.909144 0.836785
vt 0.907629 0.831824
vt 0.913027 0.836370
vt 0.911522 0.831344
vt 0.900462 0.821898
vt 0.902208 0.827384
vt 0.906081 0.826889
vt 0.904332 0.821378
vt 0.909955 0.826394
vt 0.908387 0.821444
vt 0.896250 0.808769
vt 0.898344 0.815224
vt 0.902212 0.814688
vt 0.900117 0.808224
vt 0.906080 0.814152
vt 0.903772 0.806860
vt 0.893075 0.799981
vt 0.894580 0.803941
vt 0.898446 0.803393
vt 0.896941 0.799433
vt 0.902312 0.802845
vt 0.900853 0.798830
vt 0.889802 0.792294
vt 0.891481 0.796129
vt 0.895347 0.795581
vt 0.893668 0.791746
vt 0.899214 0.795033
vt 0.897575 0.791236
vt 0.886243 0.784478
vt 0.888043 0.788383
vt 0.891909 0.787835
vt 0.890109 0.783930
vt 0.895775 0.787287
vt 0.893976 0.783338
vt 0.882642 0.776894
vt 0.884443 0.780664
vt 0.888309 0.780116
vt 0.886509 0.776346
vt 0.892175 0.779568
vt 0.890375 0.775798
vt 0.051511 0.603419
vt 0.060914 0.609308
vt 0.066434 0.628659
vt 0.057775 0.623109
vt 0.064314 0.607646
vt 0.069352 0.626014
vt 0.077723 0.648768
vt 0.074955 0.652486
vt 0.067341 0.648327
vt 0.069834 0.606488
vt 0.074188 0.622144
vt 0.074254 0.604937
vt 0.078476 0.618519
vt 0.086551 0.638945
vt 0.082160 0.643317
vt 0.076112 0.602849
vt 0.080464 0.615747
vt 0.081311 0.603487
vt 0.088374 0.620285
vt 0.098129 0.643287
vt 0.088849 0.636002
vt 0.093749 0.601030
vt 0.104485 0.627485
vt 0.104567 0.584602
vt 0.115239 0.614509
vt 0.125917 0.646125
vt 0.114951 0.654606
vt 0.113187 0.570728
vt 0.123988 0.602634
vt 0.121377 0.557582
vt 0.132723 0.591367
vt 0.144729 0.629492
vt 0.135166 0.637678
vt 0.131443 0.543711
vt 0.143483 0.579876
vt 0.143276 0.529120
vt 0.156096 0.567807
vt 0.170249 0.612677
vt 0.156500 0.621263
vt 0.156695 0.513661
vt 0.170374 0.554859
vt 0.174631 0.495813
vt 0.189528 0.540721
vt 0.206197 0.593502
vt 0.185695 0.603309
vt 0.200781 0.474458
vt 0.217602 0.525409
vt 0.230088 0.453288
vt 0.248491 0.509015
vt 0.268697 0.572789
vt 0.236061 0.584069
vt 0.256349 0.435503
vt 0.275190 0.492244
vt 0.282464 0.421168
vt 0.301067 0.477012
vt 0.322576 0.542826
vt 0.296437 0.558295
vt 0.312254 0.411797
vt 0.329783 0.465366
vt 0.339888 0.409282
vt 0.354980 0.457088
vt 0.374032 0.514443
vt 0.350551 0.528285
vt 0.357017 0.410087
vt 0.370249 0.451668
vt 0.367481 0.412585
vt 0.379060 0.450276
vt 0.394739 0.498266
vt 0.387547 0.503627
vt 0.405014 0.492552
vt 0.400322 0.494794
vt 0.386475 0.450643
vt 0.393108 0.452033
vt 0.377298 0.417017
vt 0.386613 0.422434
vt 0.410403 0.490594
vt 0.407651 0.491544
vt 0.396945 0.453170
vt 0.400911 0.454448
vt 0.392120 0.426008
vt 0.397352 0.429411
vt 0.419628 0.488870
vt 0.415093 0.489374
vt 0.407441 0.456721
vt 0.413581 0.459107
vt 0.405097 0.434393
vt 0.412229 0.438806
vt 0.424512 0.489055
vt 0.422215 0.488886
vt 0.417027 0.460478
vt 0.420000 0.461542
vt 0.416358 0.441131
vt 0.419828 0.442783
vt 0.833187 0.067821
vt 0.830964 0.064487
vt 0.822305 0.076793
vt 0.824915 0.079539
vt 0.427633 0.489487
vt 0.423838 0.462570
vt 0.424048 0.444097
vt 0.817293 0.087525
vt 0.820050 0.089432
vt 0.840333 0.078387
vt 0.836559 0.072959
vt 0.828715 0.083554
vt 0.832878 0.087991
vt 0.823600 0.091733
vt 0.827381 0.094830
vt 0.832141 0.100273
vt 0.838152 0.093699
vt 0.838820 0.108357
vt 0.845224 0.101664
vt 0.852984 0.092084
vt 0.845528 0.084319
vt 0.847739 0.118805
vt 0.854244 0.111808
vt 0.857861 0.130064
vt 0.864258 0.122765
vt 0.872540 0.112639
vt 0.862389 0.101923
vt 0.867761 0.140651
vt 0.873976 0.133164
vt 0.877349 0.150663
vt 0.883418 0.143075
vt 0.891607 0.132836
vt 0.882222 0.122933
vt 0.886670 0.160151
vt 0.892645 0.152551
vt 0.896046 0.169577
vt 0.901927 0.161964
vt 0.910066 0.151896
vt 0.900817 0.142398
vt 0.905870 0.179399
vt 0.911584 0.171685
vt 0.915121 0.188251
vt 0.920523 0.180415
vt 0.928298 0.170463
vt 0.919581 0.161630
vt 0.922624 0.194860
vt 0.927574 0.186958
vt 0.928369 0.200018
vt 0.933341 0.192148
vt 0.941103 0.182429
vt 0.935159 0.177237
vt 0.932983 0.204745
vt 0.939286 0.197247
vt 0.936499 0.209038
vt 0.944562 0.201853
vt 0.953898 0.191182
vt 0.947719 0.187175
vt 0.938893 0.212270
vt 0.947812 0.204779
vt 0.571263 0.373722
vt 0.573973 0.374936
vt 0.579778 0.388498
vt 0.575723 0.384803
vt 0.586936 0.411454
vt 0.582292 0.405755
vt 0.957691 0.193665
vt 0.576086 0.374928
vt 0.582687 0.390224
vt 0.578331 0.374148
vt 0.585612 0.391223
vt 0.593806 0.417569
vt 0.590339 0.414798
vt 0.581745 0.372179
vt 0.590095 0.392156
vt 0.585572 0.369616
vt 0.595018 0.393161
vt 0.604992 0.425403
vt 0.599170 0.421352
vt 0.588564 0.367607
vt 0.598522 0.394096
vt 0.592075 0.365581
vt 0.602341 0.395575
vt 0.613317 0.431597
vt 0.609019 0.428313
vt 0.598049 0.365458
vt 0.608923 0.399478
vt 0.604356 0.350737
vt 0.615799 0.389400
vt 0.629261 0.432086
vt 0.620716 0.437706
vt 0.618268 0.328443
vt 0.629378 0.373595
vt 0.636406 0.309130
vt 0.647122 0.356787
vt 0.661957 0.409833
vt 0.643979 0.422166
vt 0.655625 0.295636
vt 0.665822 0.342157
vt 0.675956 0.285947
vt 0.685553 0.330236
vt 0.699999 0.384250
vt 0.680596 0.396800
vt 0.697408 0.279109
vt 0.706285 0.320619
vt 0.719193 0.274566
vt 0.727243 0.312657
vt 0.740315 0.361490
vt 0.720122 0.372559
vt 0.740501 0.271964
vt 0.747591 0.305778
vt 0.759838 0.350477
vt 0.773947 0.261870
vt 0.789046 0.271323
vt 0.758122 0.258398
vt 0.804477 0.282936
vt 0.819639 0.295527
vt 0.831382 0.302326
vt 0.837176 0.305202
vt 0.838318 0.305494
vt 0.839317 0.305125
vt 0.842104 0.302361
vt 0.845777 0.297395
vt 0.848220 0.293550
vt 0.848967 0.285274
vt 0.812240 0.225963
vt 0.835403 0.258025
vt 0.820497 0.219966
vt 0.844729 0.256082
vt 0.780354 0.192975
vt 0.795751 0.207266
vt 0.784425 0.177539
vt 0.802495 0.197422
vt 0.730756 0.153259
vt 0.758989 0.173661
vt 0.727609 0.128108
vt 0.758832 0.153124
vt 0.657541 0.086473
vt 0.693182 0.105435
vt 0.699118 0.134702
vt 0.666091 0.119388
vt 0.591625 0.061523
vt 0.623430 0.072042
vt 0.634181 0.107884
vt 0.604119 0.099594
vt 0.535096 0.049194
vt 0.562751 0.054244
vt 0.576472 0.093531
vt 0.549717 0.088885
vt 0.478547 0.044468
vt 0.506725 0.045897
vt 0.522155 0.085535
vt 0.494785 0.083865
vt 0.425367 0.046738
vt 0.451545 0.044808
vt 0.468720 0.084260
vt 0.443609 0.086468
vt 0.374386 0.055116
vt 0.399665 0.050187
vt 0.419010 0.090044
vt 0.394868 0.094824
vt 0.324554 0.069528
vt 0.349446 0.061526
vt 0.371134 0.100841
vt 0.347496 0.108404
vt 0.274474 0.090901
vt 0.299466 0.079311
vt 0.323690 0.117888
vt 0.299942 0.129307
vt 0.227292 0.118444
vt 0.249872 0.104273
vt 0.276501 0.142690
vt 0.254620 0.156596
vt 0.192237 0.144605
vt 0.208079 0.132102
vt 0.235288 0.169075
vt 0.218360 0.179136
vt 0.165227 0.168917
vt 0.179793 0.155302
vt 0.204007 0.186340
vt 0.188484 0.197276
vt 0.121113 0.219260
vt 0.143975 0.191232
vt 0.167686 0.218135
vt 0.144954 0.244329
vt 0.080980 0.283912
vt 0.100741 0.248937
vt 0.124050 0.271563
vt 0.103880 0.304116
vt 0.047437 0.373407
vt 0.061462 0.328513
vt 0.084010 0.346312
vt 0.068615 0.388484
vt 0.036204 0.436970
vt 0.040125 0.407976
vt 0.059062 0.420187
vt 0.052926 0.446407
vt 0.034198 0.494679
vt 0.034249 0.465690
vt 0.048965 0.472345
vt 0.046788 0.498356
vt 0.040105 0.553814
vt 0.036140 0.524310
vt 0.046387 0.524795
vt 0.048078 0.551037
vt 0.045940 0.582432
vt 0.051708 0.575443
vt 0.055729 0.591680
vt 0.064087 0.600156
vt 0.059853 0.599403
vt 0.074107 0.600678
vt 0.070072 0.600657
vt 0.078226 0.596714
vt 0.075391 0.599120
vt 0.098584 0.568846
vt 0.087563 0.587214
vt 0.115041 0.539700
vt 0.107041 0.553697
vt 0.136394 0.509023
vt 0.124804 0.524647
vt 0.167072 0.473639
vt 0.150028 0.492844
vt 0.220332 0.424954
vt 0.192028 0.449031
vt 0.272799 0.392528
vt 0.246487 0.406586
vt 0.331923 0.382195
vt 0.302762 0.382896
vt 0.364736 0.397712
vt 0.351695 0.389470
vt 0.376699 0.404796
vt 0.388263 0.414054
vt 0.394212 0.418710
vt 0.399749 0.422835
vt 0.407562 0.428439
vt 0.414572 0.433225
vt 0.418725 0.435708
vt 0.422249 0.437348
vt 0.816104 0.092310
vt 0.818786 0.093572
vt 0.426451 0.438537
vt 0.821486 0.094632
vt 0.824343 0.096791
vt 0.835491 0.110959
vt 0.828746 0.102489
vt 0.854794 0.133168
vt 0.844536 0.121685
vt 0.874514 0.154001
vt 0.864818 0.143895
vt 0.893435 0.173050
vt 0.883939 0.163549
vt 0.913151 0.192233
vt 0.903415 0.183002
vt 0.928224 0.204794
vt 0.921812 0.199546
vt 0.933144 0.211658
vt 0.931380 0.208596
vt 0.571254 0.371506
vt 0.569986 0.371647
vt 0.934750 0.214489
vt 0.574503 0.369482
vt 0.572766 0.370871
vt 0.580371 0.362994
vt 0.577206 0.366638
vt 0.585827 0.355152
vt 0.582898 0.359700
vt 0.600814 0.328673
vt 0.591570 0.345121
vt 0.632126 0.282875
vt 0.613464 0.299867
vt 0.672521 0.264063
vt 0.651785 0.271674
vt 0.716666 0.256809
vt 0.694399 0.259204
vt 0.738525 0.256630
vt 0.824043 0.523596
vt 0.822770 0.525671
vt 0.824358 0.520359
vt 0.820525 0.523495
vt 0.819367 0.519660
vt 0.819448 0.514977
vt 0.820997 0.512202
vt 0.823468 0.516173
vt 0.833613 0.538702
vt 0.831375 0.537418
vt 0.834035 0.539953
vt 0.833829 0.543409
vt 0.832932 0.546323
vt 0.831781 0.546724
vt 0.831379 0.545725
vt 0.831725 0.538048
vt 0.522969 0.449845
vt 0.529929 0.440286
vt 0.512853 0.463471
vt 0.490360 0.396076
vt 0.503489 0.388117
vt 0.515723 0.387884
vt 0.521323 0.389312
vt 0.532090 0.436780
vt 0.523403 0.390689
vt 0.532475 0.435545
vt 0.525995 0.393871
vt 0.532347 0.433747
vt 0.527769 0.397481
vt 0.531614 0.432270
vt 0.530644 0.431292
vt 0.532044 0.439634
vt 0.528253 0.399894
vt 0.526804 0.409519
vt 0.536056 0.468777
vt 0.502036 0.462601
vt 0.523828 0.440231
vt 0.500310 0.447561
vt 0.473933 0.444503
vt 0.481267 0.467056
vt 0.479932 0.428523
vt 0.471939 0.438874
vt 0.471457 0.437607
vt 0.482614 0.474258
vt 0.471018 0.436608
vt 0.481730 0.475271
vt 0.469753 0.435340
vt 0.482818 0.480113
vt 0.470527 0.435069
vt 0.485482 0.486201
vt 0.487737 0.490172
vt 0.491555 0.486595
vt 0.471571 0.436688
vt 0.472399 0.427689
vt 0.501356 0.477060
vt 0.479219 0.411478
vt 0.460705 0.413542
vt 0.462768 0.420007
vt 0.466198 0.424735
vt 0.460400 0.407438
vt 0.462620 0.397542
vt 0.468157 0.373220
vt 0.480362 0.358799
vt 0.496633 0.355994
vt 0.513297 0.366174
vt 0.523667 0.374622
vt 0.519980 0.368990
vt 0.529789 0.387255
vt 0.527283 0.381415
vt 0.531050 0.391026
vt 0.529214 0.399590
vt 0.523162 0.413177
vt 0.510969 0.424404
vt 0.501742 0.430122
vt 0.472531 0.427624
vt 0.469766 0.426876
vt 0.909794 0.131523
vt 0.900454 0.121759
vt 0.919129 0.141221
vt 0.890954 0.111733
vt 0.881100 0.101411
vt 0.870613 0.090832
vt 0.860777 0.081266
vt 0.853081 0.073685
vt 0.848086 0.067710
vt 0.845215 0.062290
vt 0.842864 0.057160
vt 0.841256 0.053651
vt 0.431665 0.516816
vt 0.433990 0.516390
vt 0.430082 0.517721
vt 0.428373 0.519231
vt 0.425468 0.522844
vt 0.422483 0.527738
vt 0.420682 0.531000
vt 0.418893 0.534198
vt 0.415575 0.540224
vt 0.411330 0.547951
vt 0.405393 0.557798
vt 0.393331 0.573932
vt 0.370613 0.592248
vt 0.342565 0.608613
vt 0.315699 0.623007
vt 0.286646 0.634276
vt 0.252251 0.640666
vt 0.220687 0.644744
vt 0.198846 0.650014
vt 0.182211 0.655358
vt 0.167221 0.659912
vt 0.154358 0.664243
vt 0.144001 0.668700
vt 0.134285 0.673042
vt 0.123459 0.677004
vt 0.108642 0.666791
vt 0.099255 0.659509
vt 0.094820 0.658769
vt 0.091285 0.664115
vt 0.087232 0.670390
vt 0.084717 0.675266
vt 0.078446 0.672906
vt 0.874910 0.777990
vt 0.876710 0.781760
vt 0.880576 0.781212
vt 0.878776 0.777442
vt 0.878511 0.785529
vt 0.882377 0.785026
vt 0.880310 0.789478
vt 0.884176 0.788931
vt 0.882109 0.793428
vt 0.885936 0.792842
vt 0.883748 0.797225
vt 0.887615 0.796677
vt 0.885387 0.801022
vt 0.889209 0.800529
vt 0.886847 0.805037
vt 0.890713 0.804489
vt 0.888306 0.809052
vt 0.892384 0.809314
vt 0.890608 0.816296
vt 0.894476 0.815760
vt 0.892909 0.823539
vt 0.896592 0.822418
vt 0.894461 0.828375
vt 0.898335 0.827880
vt 0.896014 0.833210
vt 0.899874 0.832745
vt 0.897497 0.838030
vt 0.901379 0.837615
vt 0.898979 0.842851
vt 0.902629 0.841777
vt 0.899515 0.844882
vt 0.903402 0.844517
vt 0.900050 0.846914
vt 0.904007 0.846811
vt 0.900863 0.850000
vt 0.904751 0.849633
vt 0.901676 0.853087
vt 0.905572 0.852900
vt 0.902519 0.856840
vt 0.906411 0.856532
vt 0.903362 0.860593
vt 0.907245 0.860339
vt 0.904153 0.864352
vt 0.908052 0.864132
vt 0.904945 0.868110
vt 0.908818 0.867903
vt 0.905629 0.871860
vt 0.909528 0.871643
vt 0.906312 0.875610
vt 0.910178 0.875310
vt 0.906864 0.879037
vt 0.910764 0.878862
vt 0.907415 0.882463
vt 0.911321 0.882377
vt 0.907979 0.885976
vt 0.911883 0.885936
vt 0.908543 0.889488
vt 0.912442 0.889579
vt 0.909087 0.893214
vt 0.912988 0.893348
vt 0.909632 0.896939
vt 0.913479 0.897226
vt 0.909973 0.900956
vt 0.913871 0.901197
vt 0.910315 0.904973
vt 0.914203 0.905485
vt 0.910620 0.910071
vt 0.914517 0.910312
vt 0.910925 0.915169
vt 0.914817 0.915652
vt 0.911210 0.921232
vt 0.915108 0.921474
vt 0.911496 0.927295
vt 0.915260 0.927450
vt 0.915146 0.933253
vt 0.914881 0.938353
vt 0.911250 0.933010
vt 0.911004 0.938725
vt 0.914579 0.942219
vt 0.913863 0.945895
vt 0.910681 0.941969
vt 0.910358 0.945214
vt 0.912359 0.950425
vt 0.910460 0.955380
vt 0.908412 0.949398
vt 0.906466 0.953582
vt 0.883198 0.360713
vt 0.891984 0.367070
vt 0.876196 0.355504
vt 0.867386 0.350180
vt 0.860270 0.347228
vt 0.855996 0.345549
vt 0.852813 0.344617
vt 0.851393 0.356993
vt 0.846134 0.367175
vt 0.836319 0.369483
vt 0.822379 0.370398
vt 0.803598 0.364141
vt 0.791691 0.383173
vt 0.775026 0.399204
vt 0.755956 0.413033
vt 0.736233 0.426212
vt 0.716262 0.438633
vt 0.696619 0.450039
vt 0.677425 0.460047
vt 0.658385 0.467507
vt 0.641788 0.471828
vt 0.631256 0.473547
vt 0.622757 0.465784
vt 0.617831 0.461356
vt 0.613217 0.457246
vt 0.606608 0.451393
vt 0.600581 0.445937
vt 0.596740 0.442142
vt 0.593110 0.437937
vt 0.966237 0.181678
vt 0.962340 0.179707
vt 0.588465 0.431254
vt 0.956226 0.176480
vt 0.949699 0.172295
vt 0.943837 0.167093
vt 0.937125 0.160085
vt 0.928584 0.151083
vn -0.938064 0.344145 0.039992
vn -0.942305 0.332636 -0.037609
vn -0.883457 0.326768 -0.335747
vn -0.889236 0.333259 -0.313364
vn -0.938308 0.322962 -0.123591
vn -0.875933 0.323144 -0.358217
vn -0.597761 0.180878 -0.781002
vn -0.574744 0.170873 -0.800295
vn -0.558537 0.164647 -0.812975
vn 0.246568 0.883278 -0.398779
vn 0.279580 0.867924 -0.410539
vn 0.263081 0.856657 -0.443765
vn 0.223116 0.861403 -0.456294
vn 0.352333 0.828723 -0.434832
vn 0.352505 0.827006 -0.437951
vn 0.350962 0.758542 -0.549035
vn 0.228796 0.835602 -0.499422
vn 0.131527 0.832987 -0.537433
vn -0.670404 0.436256 -0.600199
vn -0.216597 0.034432 -0.975654
vn -0.216597 0.034435 -0.975654
vn -0.670422 0.436258 -0.600178
vn 0.347324 -0.384903 -0.855112
vn 0.347323 -0.384906 -0.855111
vn 0.347324 -0.384897 -0.855114
vn -0.216600 0.034439 -0.975653
vn -0.670406 0.436259 -0.600194
vn -0.305044 -0.870876 0.385387
vn -0.370762 -0.841048 0.393922
vn -0.260679 -0.859205 0.440242
vn -0.226895 -0.834918 0.501428
vn -0.354283 -0.827571 0.435442
vn -0.281257 -0.867135 0.411061
vn -0.247067 -0.883058 0.398958
vn -0.239537 -0.875165 0.420367
vn -0.277143 -0.839254 0.467809
vn 0.216598 -0.034434 0.975654
vn 0.216596 -0.034435 0.975654
vn 0.216597 -0.034433 0.975654
vn 0.216598 -0.034433 0.975653
vn 0.216600 -0.034435 0.975653
vn 0.216599 -0.034435 0.975653
vn 0.216598 -0.034437 0.975653
vn 0.216598 -0.034431 0.975654
vn 0.216598 -0.034433 0.975653
vn 0.205474 0.900406 -0.383471
vn 0.229671 0.890583 -0.392572
vn 0.162209 0.829779 -0.533999
vn 0.147708 0.831490 -0.535543
vn -0.054018 0.534919 -0.843175
vn -0.034719 0.509191 -0.859953
vn -0.216598 0.034436 -0.975653
vn -0.335748 0.132369 -0.932605
vn -0.335751 0.132372 -0.932603
vn -0.216599 0.034433 -0.975653
vn -0.692867 0.459689 -0.555537
vn -0.692860 0.459693 -0.555543
vn -0.692860 0.459693 -0.555542
vn -0.335748 0.132368 -0.932605
vn -0.216598 0.034434 -0.975653
vn -0.292057 -0.922399 0.252750
vn -0.451734 -0.739414 -0.499203
vn -0.230448 -0.890266 0.392837
vn -0.206658 -0.899932 0.383946
vn -0.253647 -0.939698 0.229416
vn -0.372397 -0.767867 -0.521249
vn 0.216600 -0.034433 0.975653
vn 0.216599 -0.034434 0.975653
vn 0.216599 -0.034435 0.975653
vn 0.216599 -0.034436 0.975653
vn 0.216599 -0.034435 0.975653
vn 0.216599 -0.034437 0.975653
vn 0.145713 0.919500 -0.365086
vn 0.176612 0.910985 -0.372714
vn 0.121050 0.842808 -0.524425
vn 0.090140 0.852171 -0.515441
vn -0.050956 0.518802 -0.853374
vn -0.072685 0.527146 -0.846661
vn -0.223172 0.041005 -0.973916
vn -0.218137 0.035676 -0.975266
vn -0.217917 0.035672 -0.975315
vn -0.221851 0.041420 -0.974200
vn -0.217583 0.035396 -0.975400
vn -0.220499 0.039822 -0.974574
vn -0.207200 -0.954343 0.215167
vn -0.332623 -0.779333 -0.531039
vn -0.165905 -0.914847 0.368146
vn -0.096796 -0.934086 0.343677
vn -0.129912 -0.972508 0.193263
vn -0.267630 -0.794882 -0.544552
vn 0.216502 -0.035714 0.975629
vn 0.216625 -0.034461 0.975646
vn 0.216835 -0.034741 0.975590
vn 0.217407 -0.037334 0.975367
vn 0.217152 -0.034998 0.975510
vn 0.218783 -0.037884 0.975038
vn 0.310948 0.844894 -0.435276
vn 0.144974 0.915384 -0.375572
vn 0.085418 0.845580 -0.526971
vn 0.140351 0.723694 -0.675698
vn -0.083452 0.511619 -0.855150
vn -0.115787 0.169578 -0.978691
vn -0.217997 0.040672 -0.975102
vn -0.224687 0.046000 -0.973345
vn -0.222758 0.047650 -0.973709
vn -0.218111 0.043712 -0.974945
vn -0.221970 0.045293 -0.974001
vn -0.220076 0.042611 -0.974552
vn -0.055368 -0.982457 0.178079
vn -0.206037 -0.808539 -0.551193
vn -0.023799 -0.945119 0.325859
vn 0.014789 -0.945047 0.326601
vn -0.019434 -0.984028 0.176950
vn -0.176706 -0.814062 -0.553243
vn 0.214939 -0.038831 0.975855
vn 0.215777 -0.039020 0.975663
vn 0.216633 -0.041839 0.975356
vn 0.213539 -0.039579 0.976132
vn 0.218096 -0.040723 0.975077
vn 0.212788 -0.035524 0.976452
vn -0.086902 0.727139 -0.680967
vn -0.024893 0.733152 -0.679610
vn -0.131761 0.452026 -0.882220
vn -0.159352 0.444258 -0.881613
vn 0.212410 0.731221 -0.648226
vn 0.049449 0.507710 -0.860108
vn -0.149113 0.191525 -0.970095
vn -0.186020 0.160635 -0.969326
vn -0.200304 0.162745 -0.966122
vn -0.213855 0.020206 -0.976656
vn -0.212225 0.028527 -0.976804
vn -0.215076 0.031952 -0.976074
vn -0.216922 0.021789 -0.975946
vn -0.219009 0.032251 -0.975190
vn -0.220173 0.022301 -0.975206
vn -0.007458 -0.983377 0.181421
vn -0.167234 -0.815094 -0.554666
vn 0.027847 -0.942057 0.334294
vn 0.033370 -0.939196 0.341757
vn -0.002973 -0.982439 0.186559
vn -0.164263 -0.815823 -0.554482
vn 0.215949 -0.021323 0.976172
vn 0.215002 -0.030883 0.976125
vn 0.211344 -0.028866 0.976985
vn 0.212693 -0.019397 0.976926
vn 0.208606 -0.024617 0.977690
vn 0.210300 -0.017405 0.977482
vn -0.125546 0.725328 -0.676858
vn -0.102568 0.724929 -0.681145
vn -0.166425 0.444284 -0.880292
vn -0.180669 0.444774 -0.877232
vn -0.202821 0.164945 -0.965224
vn -0.209705 0.165011 -0.963740
vn -0.217755 0.014687 -0.975893
vn -0.217402 0.016528 -0.975942
vn -0.219032 0.016886 -0.975572
vn -0.218200 0.014782 -0.975792
vn -0.220480 0.017144 -0.975241
vn -0.218504 0.014817 -0.975723
vn 0.002763 -0.981675 0.190542
vn -0.159691 -0.815927 -0.555664
vn 0.039126 -0.936684 0.347984
vn 0.052599 -0.935705 0.348841
vn 0.016782 -0.981650 0.189951
vn -0.146443 -0.816635 -0.558266
vn 0.217168 -0.014459 0.976027
vn 0.216960 -0.016289 0.976045
vn 0.215411 -0.015426 0.976402
vn 0.216756 -0.014267 0.976121
vn 0.214236 -0.014826 0.976669
vn 0.216475 -0.014132 0.976186
vn -0.170005 0.728978 -0.663091
vn -0.150171 0.727351 -0.669634
vn -0.196267 0.445997 -0.873250
vn -0.207709 0.447051 -0.870059
vn -0.216461 0.165676 -0.962131
vn -0.219235 0.166369 -0.961383
vn -0.216072 0.014371 -0.976272
vn -0.216591 0.014177 -0.976159
vn -0.216516 0.014190 -0.976176
vn -0.216028 0.014329 -0.976282
vn -0.216408 0.014157 -0.976200
vn -0.216078 0.014366 -0.976270
vn 0.039052 -0.982290 0.183250
vn -0.125768 -0.816759 -0.563105
vn 0.072951 -0.936777 0.342239
vn 0.102738 -0.938263 0.330313
vn 0.072049 -0.982336 0.172699
vn -0.097056 -0.816358 -0.569332
vn 0.216060 -0.014378 0.976274
vn 0.216760 -0.014237 0.976121
vn 0.216852 -0.014295 0.976100
vn 0.216092 -0.014372 0.976267
vn 0.216966 -0.014335 0.976074
vn 0.216061 -0.014370 0.976274
vn -0.198845 0.726654 -0.657598
vn -0.186185 0.728557 -0.659196
vn -0.216626 0.446469 -0.868181
vn -0.224253 0.445021 -0.866987
vn -0.220654 0.166083 -0.961108
vn -0.223097 0.165426 -0.960657
vn -0.215785 0.012656 -0.976359
vn -0.215937 0.013902 -0.976308
vn -0.216233 0.013875 -0.976243
vn -0.216345 0.012636 -0.976235
vn -0.216629 0.013980 -0.976154
vn -0.217008 0.012779 -0.976086
vn 0.105769 -0.980837 0.163621
vn -0.068400 -0.816343 -0.573503
vn 0.134894 -0.937736 0.320086
vn 0.158407 -0.935504 0.315817
vn 0.130012 -0.978588 0.159567
vn -0.048177 -0.815907 -0.576173
vn 0.214714 -0.012309 0.976599
vn 0.215315 -0.013684 0.976449
vn 0.214961 -0.013479 0.976530
vn 0.214089 -0.011980 0.976741
vn 0.214581 -0.013342 0.976615
vn 0.213474 -0.011767 0.976878
vn -0.282687 0.721244 -0.632372
vn -0.222074 0.724656 -0.652348
vn -0.239578 0.445380 -0.862693
vn -0.280487 0.447377 -0.849224
vn -0.229864 0.165859 -0.958986
vn -0.248547 0.168334 -0.953880
vn -0.209639 0.006811 -0.977755
vn -0.214211 0.010499 -0.976731
vn -0.215084 0.010403 -0.976540
vn -0.211085 0.006251 -0.977448
vn -0.216225 0.010600 -0.976286
vn -0.213113 0.006650 -0.977005
vn 0.153944 -0.975481 0.157286
vn -0.028024 -0.814042 -0.580130
vn 0.180778 -0.931968 0.314252
vn 0.212471 -0.927124 0.308702
vn 0.188069 -0.970438 0.151260
vn 0.002304 -0.810296 -0.586016
vn 0.212065 -0.007109 0.977230
vn 0.213887 -0.010374 0.976803
vn 0.212859 -0.009864 0.977033
vn 0.210064 -0.006060 0.977669
vn 0.211830 -0.009570 0.977260
vn 0.208271 -0.006018 0.978053
vn -0.313509 0.909190 -0.274017
vn -0.343426 0.902635 -0.259439
vn -0.350123 0.831886 -0.430558
vn -0.330095 0.839720 -0.431170
vn -0.617715 0.777215 -0.119852
vn -0.551763 0.662855 -0.506143
vn -0.350469 0.164077 -0.922090
vn -0.332089 0.507781 -0.794906
vn -0.320038 0.507702 -0.799884
vn -0.214580 0.005675 -0.976690
vn -0.218027 0.001788 -0.975941
vn -0.214320 0.000842 -0.976763
vn -0.212064 0.005268 -0.977242
vn -0.211767 -0.000676 -0.977320
vn -0.210868 -0.002511 -0.977511
vn -0.210291 -0.001084 -0.977638
vn -0.211366 0.002038 -0.977405
vn -0.210696 0.005747 -0.977535
vn 0.040829 -0.807083 -0.589024
vn 0.229388 -0.963378 0.138867
vn 0.254681 -0.958071 0.131294
vn 0.062429 -0.800075 -0.596643
vn 0.254232 -0.920907 0.295458
vn 0.274399 -0.917655 0.287429
vn 0.319233 -0.908134 0.270894
vn 0.302405 -0.945930 0.117333
vn 0.104591 -0.791062 -0.602728
vn 0.209622 -0.005168 0.977769
vn 0.210506 -0.001076 0.977592
vn 0.213547 -0.000626 0.976932
vn 0.211837 -0.005392 0.977290
vn 0.209576 0.001183 0.977792
vn 0.209353 0.002540 0.977837
vn 0.211115 0.000416 0.977461
vn 0.217740 -0.002813 0.976003
vn 0.214057 -0.006358 0.976800
vn -0.353401 0.895304 -0.271180
vn -0.336128 0.902032 -0.270843
vn -0.350081 0.832351 -0.429693
vn -0.365174 0.825048 -0.431212
vn -0.326921 0.500259 -0.801788
vn -0.334186 0.493594 -0.802922
vn -0.207632 0.004485 -0.978197
vn -0.209502 0.005940 -0.977790
vn -0.209478 0.005853 -0.977796
vn -0.207987 0.004439 -0.978122
vn -0.209688 0.005927 -0.977750
vn -0.208355 0.004445 -0.978043
vn 0.335464 -0.935559 0.110426
vn 0.133790 -0.784825 -0.605104
vn 0.352874 -0.897949 0.262999
vn 0.369673 -0.890943 0.263746
vn 0.352413 -0.929379 0.109817
vn 0.148407 -0.780351 -0.607476
vn 0.206931 -0.004372 0.978346
vn 0.208104 -0.005715 0.978090
vn 0.208027 -0.005649 0.978107
vn 0.206483 -0.004240 0.978441
vn 0.207875 -0.005653 0.978139
vn 0.206098 -0.004166 0.978523
vn -0.386541 0.882795 -0.266944
vn -0.371537 0.888518 -0.269250
vn -0.381456 0.818316 -0.429941
vn -0.395529 0.812591 -0.428080
vn -0.343785 0.488305 -0.802103
vn -0.353617 0.483838 -0.800535
vn -0.212149 0.003175 -0.977232
vn -0.208380 0.003577 -0.978041
vn -0.208630 0.003540 -0.977988
vn -0.212313 0.003146 -0.977197
vn -0.208886 0.003538 -0.977934
vn -0.212476 0.003139 -0.977161
vn 0.365329 -0.924458 0.109137
vn 0.157997 -0.776567 -0.609902
vn 0.382381 -0.885401 0.264292
vn 0.392866 -0.880869 0.264057
vn 0.375303 -0.920541 0.108410
vn 0.163501 -0.774266 -0.611375
vn 0.211816 -0.003136 0.977304
vn 0.207885 -0.003512 0.978147
vn 0.207564 -0.003428 0.978216
vn 0.211600 -0.003086 0.977352
vn 0.207286 -0.003382 0.978275
vn 0.211414 -0.003059 0.977392
vn -0.449362 0.859113 -0.244945
vn -0.405558 0.875775 -0.261804
vn -0.413410 0.806618 -0.422445
vn -0.454330 0.793754 -0.404398
vn -0.367505 0.481712 -0.795546
vn -0.398193 0.479686 -0.781884
vn -0.220801 0.002885 -0.975315
vn -0.216314 0.002934 -0.976319
vn -0.216417 0.002916 -0.976297
vn -0.220862 0.002873 -0.975301
vn -0.216517 0.002911 -0.976274
vn -0.220920 0.002870 -0.975288
vn 0.391767 -0.914078 0.104787
vn 0.174524 -0.768816 -0.615193
vn 0.408042 -0.874981 0.260594
vn 0.447897 -0.859722 0.245494
vn 0.436071 -0.895298 0.091011
vn 0.209433 -0.752288 -0.624661
vn 0.220678 -0.002876 0.975342
vn 0.216106 -0.002915 0.976365
vn 0.215969 -0.002886 0.976396
vn 0.220593 -0.002859 0.975362
vn 0.215852 -0.002870 0.976422
vn 0.220523 -0.002849 0.975378
vn -0.170022 -0.041010 -0.984587
vn -0.065054 -0.722523 -0.688279
vn -0.064733 -0.724136 -0.686612
vn -0.170015 -0.039591 -0.984646
vn 0.054191 -0.990802 -0.123993
vn 0.056120 -0.991920 -0.113776
vn 0.058040 -0.992938 -0.103469
vn -0.063782 -0.725712 -0.685036
vn -0.170099 -0.038723 -0.984666
vn 0.375800 0.703246 -0.603506
vn 0.127387 0.410235 -0.903039
vn 0.442062 0.769265 -0.461316
vn 0.519413 0.706565 -0.480600
vn 0.434367 0.651357 -0.622141
vn 0.138078 0.404006 -0.904275
vn 0.213014 -0.040223 0.976221
vn 0.216770 -0.034572 0.975610
vn 0.217109 -0.035326 0.975508
vn 0.214906 -0.044286 0.975630
vn 0.218074 -0.036133 0.975263
vn 0.218831 -0.049167 0.974523
vn -0.447515 -0.765195 0.462824
vn -0.422496 -0.783359 0.455901
vn -0.476600 -0.825417 0.302555
vn -0.513523 -0.798762 0.313485
vn -0.530159 -0.699914 -0.478593
vn -0.609871 -0.647280 -0.457259
vn -0.221029 0.048554 -0.974058
vn -0.112302 -0.048452 -0.992492
vn -0.111450 -0.048607 -0.992581
vn -0.216525 0.046596 -0.975165
vn 0.351185 -0.387507 -0.852354
vn 0.351181 -0.387514 -0.852352
vn 0.351178 -0.387486 -0.852366
vn -0.110473 -0.049404 -0.992650
vn -0.212765 0.042363 -0.976185
vn 0.501347 0.596642 -0.626633
vn 0.192010 0.387337 -0.901722
vn 0.585066 0.643283 -0.493847
vn 0.653768 0.556003 -0.513272
vn 0.561042 0.511680 -0.650703
vn 0.226984 0.345357 -0.910608
vn 0.176838 -0.067330 0.981934
vn 0.196423 -0.056075 0.978914
vn 0.198627 -0.066080 0.977845
vn 0.176590 -0.075015 0.981422
vn 0.201984 -0.077426 0.976324
vn 0.176437 -0.082142 0.980879
vn -0.720255 -0.454668 0.523938
vn -0.536543 -0.691020 0.484370
vn -0.604323 -0.714414 0.352712
vn -0.814669 -0.449188 0.366803
vn -0.703151 -0.548330 -0.452673
vn -0.819717 -0.238423 -0.520786
vn -0.180645 0.102843 -0.978157
vn -0.207006 0.081661 -0.974926
vn -0.200076 0.073787 -0.976998
vn -0.178467 0.094330 -0.979414
vn -0.196477 0.064537 -0.978382
vn -0.177282 0.089514 -0.980081
vn 0.580252 0.383171 -0.718671
vn 0.208838 0.256343 -0.943756
vn 0.701507 0.430651 -0.567827
vn 0.734339 0.116896 -0.668642
vn 0.484448 0.077943 -0.871341
vn 0.146888 0.158077 -0.976440
vn 0.174653 -0.120136 0.977273
vn 0.172440 -0.071887 0.982393
vn 0.172493 -0.072170 0.982363
vn 0.174729 -0.117877 0.977535
vn 0.172446 -0.072122 0.982375
vn 0.174645 -0.116102 0.977762
vn -0.686469 -0.353275 0.635576
vn -0.779117 -0.207322 0.591603
vn -0.899778 -0.184660 0.395348
vn -0.952870 -0.298943 0.051695
vn -0.863060 -0.058044 -0.501755
vn -0.829173 -0.048724 -0.556865
vn -0.174810 0.086749 -0.980773
vn -0.175157 0.086830 -0.980704
vn -0.175101 0.087852 -0.980623
vn -0.600079 0.780900 -0.173495
vn -0.522390 0.825805 -0.212498
vn -0.523389 0.767652 -0.369830
vn -0.598146 0.731472 -0.327368
vn -0.449350 0.472956 -0.757890
vn -0.504237 0.460641 -0.730448
vn -0.228218 0.003183 -0.973605
vn -0.225869 0.003055 -0.974153
vn -0.225897 0.003054 -0.974146
vn -0.228217 0.003183 -0.973605
vn -0.225914 0.003051 -0.974143
vn -0.228218 0.003183 -0.973605
vn 0.510782 -0.857251 0.064977
vn 0.273538 -0.722071 -0.635446
vn 0.517526 -0.828267 0.214802
vn 0.594581 -0.784441 0.176424
vn 0.590047 -0.806632 0.034480
vn 0.347990 -0.683982 -0.641149
vn 0.228219 -0.003184 0.973605
vn 0.225827 -0.003053 0.974163
vn 0.225793 -0.003048 0.974171
vn 0.228220 -0.003185 0.973604
vn 0.225769 -0.003044 0.974176
vn 0.228219 -0.003185 0.973605
vn -0.683579 0.717171 -0.135597
vn -0.655635 0.741349 -0.143334
vn -0.653887 0.697836 -0.292328
vn -0.684782 0.673695 -0.277865
vn -0.545515 0.447163 -0.708843
vn -0.570810 0.435440 -0.696109
vn -0.237054 0.005610 -0.971480
vn -0.229868 0.003279 -0.973216
vn -0.229741 0.003421 -0.973246
vn -0.235924 0.006122 -0.971752
vn -0.229113 0.003374 -0.973394
vn -0.233195 0.005849 -0.972413
vn 0.650417 -0.759521 0.009296
vn 0.407895 -0.649007 -0.642193
vn 0.655572 -0.741562 0.142515
vn 0.693493 -0.710466 0.119605
vn 0.686312 -0.727269 -0.007392
vn 0.443067 -0.624471 -0.643217
vn 0.228066 -0.003091 0.973641
vn 0.228200 -0.003183 0.973609
vn 0.228173 -0.003179 0.973615
vn 0.227947 -0.003070 0.973669
vn 0.228145 -0.003177 0.973622
vn 0.227836 -0.003063 0.973695
vn -0.785374 0.605462 -0.128854
vn -0.722588 0.677950 -0.135094
vn -0.722485 0.637291 -0.268097
vn -0.782313 0.574977 -0.239558
vn -0.611312 0.421101 -0.670054
vn -0.676262 0.401954 -0.617335
vn -0.263501 0.023404 -0.964375
vn -0.249284 0.012805 -0.968346
vn -0.246207 0.013273 -0.969126
vn -0.259022 0.023198 -0.965593
vn -0.241072 0.012465 -0.970427
vn -0.251780 0.021519 -0.967545
vn 0.710499 -0.703446 -0.018834
vn 0.466710 -0.604713 -0.645372
vn 0.717305 -0.688906 0.104312
vn 0.739808 -0.666878 0.089208
vn 0.734352 -0.678342 -0.024057
vn 0.501260 -0.590563 -0.632435
vn 0.204691 0.009008 0.978785
vn 0.224768 -0.002683 0.974409
vn 0.220808 -0.002026 0.975315
vn 0.190153 0.010195 0.981701
vn 0.216933 -0.001834 0.976185
vn 0.178934 0.009962 0.983811
vn -0.860014 0.480850 -0.170760
vn -0.831355 0.536699 -0.144235
vn -0.828948 0.514675 -0.218987
vn -0.849128 0.445528 -0.283703
vn -0.738221 0.394171 -0.547411
vn -0.798360 0.413062 -0.438180
vn -0.327926 0.054061 -0.943155
vn -0.321015 0.053495 -0.945562
vn -0.305717 0.048109 -0.950906
vn 0.747100 -0.664528 -0.015659
vn 0.517354 -0.595801 -0.614301
vn 0.753738 -0.652353 0.079459
vn 0.682511 -0.719804 0.126731
vn 0.617696 -0.759320 -0.204660
vn 0.579034 -0.643535 -0.500582
vn 0.054891 0.022341 0.998242
vn 0.148060 0.040294 0.988157
vn 0.129234 0.037394 0.990909
vn 0.048785 0.018674 0.998635
vn 0.117447 0.033859 0.992502
vn 0.046278 0.017510 0.998775
vn 0.629427 -0.559808 -0.538922
vn 0.629424 -0.559815 -0.538919
vn 0.629424 -0.559809 -0.538924
vn -0.791683 0.590315 -0.157375
vn -0.791692 0.590306 -0.157361
vn -0.791697 0.590300 -0.157358
vn -0.229573 -0.841578 0.488920
vn -0.248302 -0.827197 0.504075
vn -0.194324 -0.841549 0.504018
vn -0.050245 -0.979408 0.195537
vn -0.364715 -0.931029 0.012984
vn -0.588233 -0.742181 0.321169
vn -0.614295 -0.579278 0.535797
vn -0.211838 -0.822505 0.527836
vn -0.650776 -0.728689 0.213316
vn -0.223163 -0.820431 0.526395
vn 0.007644 -0.788587 0.614875
vn 0.077029 -0.903392 0.421841
vn -0.391915 -0.919854 0.016447
vn -0.206410 -0.824353 0.527102
vn -0.097856 -0.992590 0.072036
vn -0.202238 -0.826779 0.524916
vn -0.266358 -0.599391 0.754840
vn -0.081714 -0.662771 0.744350
vn 0.063227 -0.948332 0.310915
vn -0.201684 -0.822991 0.531046
vn -0.526796 -0.560881 0.638669
vn 0.195584 0.812914 -0.548560
vn 0.201157 0.816962 -0.540472
vn 0.224150 0.817731 -0.530163
vn 0.052999 0.801926 -0.595068
vn 0.116832 0.710785 -0.693638
vn 0.253329 0.671050 -0.696790
vn 0.571437 0.449171 -0.686808
vn 0.235482 0.796314 -0.557164
vn 0.370819 0.446515 -0.814321
vn 0.219264 0.791882 -0.569953
vn 0.107549 0.943829 -0.312442
vn 0.006149 0.888994 -0.457877
vn 0.062155 0.587099 -0.807126
vn 0.193910 0.801747 -0.565333
vn -0.151138 0.762801 -0.628722
vn 0.165560 0.817272 -0.551956
vn 0.446664 0.793531 -0.413279
vn 0.321344 0.922589 -0.213467
vn -0.165363 0.896919 -0.410111
vn 0.170841 0.838514 -0.517404
vn 0.430271 0.662698 -0.612943
vn 0.662060 -0.427728 0.615407
vn 0.216601 -0.034440 0.975653
vn 0.216600 -0.034434 0.975653
vn 0.662066 -0.427730 0.615399
vn -0.333456 0.375500 0.864758
vn -0.333446 0.375486 0.864768
vn -0.333448 0.375492 0.864765
vn 0.216599 -0.034438 0.975653
vn 0.662056 -0.427739 0.615403
vn -0.763888 0.616330 0.191346
vn -0.763875 0.616350 0.191330
vn -0.662062 0.427737 -0.615398
vn -0.662043 0.427740 -0.615417
vn -0.662056 0.427738 -0.615404
vn -0.763873 0.616351 0.191335
vn -0.216599 0.034437 -0.975653
vn -0.216597 0.034437 -0.975653
vn 0.333451 -0.375493 -0.864763
vn 0.333452 -0.375485 -0.864767
vn 0.333450 -0.375482 -0.864768
vn -0.216601 0.034437 -0.975653
vn 0.763890 -0.616328 -0.191342
vn 0.763886 -0.616331 -0.191350
vn 0.763881 -0.616339 -0.191346
vn -0.714201 0.611193 -0.341116
vn -0.416532 0.707605 -0.570786
vn -0.365210 0.451527 -0.814092
vn -0.572904 0.432782 -0.696046
vn -0.289884 0.170373 -0.941775
vn -0.336358 0.185869 -0.923210
vn -0.206134 0.002195 -0.978521
vn -0.207774 0.000602 -0.978177
vn -0.210009 0.001393 -0.977699
vn 0.218782 -0.965272 0.142772
vn 0.030696 -0.807391 -0.589218
vn 0.242649 -0.922605 0.299868
vn 0.209775 -0.002060 0.977748
vn 0.207205 -0.000501 0.978297
vn 0.205571 -0.001567 0.978641
vn 0.727578 0.494000 -0.476018
vn 0.769420 0.430310 -0.472045
vn 0.545515 0.268140 -0.794050
vn 0.489642 0.288842 -0.822691
vn 0.838609 0.300406 -0.454413
vn 0.837379 0.300916 -0.456339
vn 0.509608 0.133593 -0.849972
vn 0.477605 0.116646 -0.870797
vn -0.076963 -0.114433 -0.990445
vn -0.098785 -0.123019 -0.987475
vn -0.032200 -0.075381 -0.996635
vn -0.037305 -0.054313 -0.997827
vn -0.205393 -0.154221 -0.966452
vn -0.207630 -0.154644 -0.965906
vn -0.221381 -0.151939 -0.963278
vn -0.221540 -0.152101 -0.963216
vn -0.203941 -0.153898 -0.966811
vn -0.221812 -0.151845 -0.963194
vn -0.222059 -0.151980 -0.963116
vn -0.205663 -0.154056 -0.966421
vn 0.225195 0.152450 0.962313
vn 0.234841 0.161245 0.958566
vn 0.233801 0.160330 0.958974
vn 0.225480 0.152239 0.962280
vn 0.322046 0.205460 0.924161
vn 0.300460 0.194799 0.933690
vn 0.239228 0.162385 0.957288
vn 0.358450 0.223972 0.906284
vn 0.341599 0.217703 0.914284
vn 0.237543 0.161090 0.957927
vn 0.226164 0.152660 0.962052
vn 0.226404 0.152387 0.962039
vn -0.224663 -0.153444 -0.962279
vn -0.222249 -0.152226 -0.963033
vn -0.269738 -0.389374 -0.880698
vn -0.224087 -0.195235 -0.954813
vn -0.222094 -0.152332 -0.963052
vn -0.220795 -0.153653 -0.963141
vn -0.220786 -0.153681 -0.963138
vn -0.222017 -0.152281 -0.963078
vn 0.122025 -0.195881 0.973006
vn 0.210430 0.150030 0.966028
vn 0.215639 0.146737 0.965385
vn 0.212608 0.044700 0.976115
vn 0.224193 0.152124 0.962599
vn 0.224118 0.152163 0.962610
vn 0.221185 0.153669 0.963049
vn 0.221211 0.153672 0.963042
vn -0.192924 -0.498627 -0.845075
vn -0.216000 -0.225242 -0.950058
vn -0.173089 -0.494840 -0.851571
vn -0.204483 -0.224203 -0.952848
vn -0.216887 -0.151858 -0.964313
vn -0.210128 -0.149416 -0.966189
vn -0.210212 -0.149494 -0.966159
vn -0.217053 -0.152008 -0.964252
vn 0.210707 -0.392412 0.895330
vn 0.195725 -0.384181 0.902273
vn 0.219149 -0.037921 0.974954
vn 0.217911 -0.039838 0.975155
vn 0.216661 0.152106 0.964325
vn 0.216849 0.151967 0.964304
vn 0.210408 0.149579 0.966103
vn 0.210473 0.149488 0.966103
vn -0.153522 -0.490163 -0.858004
vn -0.196342 -0.223315 -0.954767
vn -0.130685 -0.337790 -0.932105
vn -0.193103 -0.193320 -0.961945
vn -0.203598 -0.148918 -0.967663
vn -0.200149 -0.149390 -0.968309
vn -0.200088 -0.149355 -0.968327
vn -0.203555 -0.148894 -0.967676
vn 0.294503 -0.229240 0.927748
vn 0.220712 -0.392758 0.892764
vn 0.221480 -0.034621 0.974550
vn 0.216510 0.052064 0.974891
vn 0.204632 0.148972 0.967436
vn 0.204559 0.148979 0.967451
vn 0.201625 0.149498 0.967986
vn 0.201559 0.149511 0.967998
vn -0.190728 -0.149576 -0.970180
vn -0.192927 -0.151049 -0.969517
vn -0.187799 -0.145435 -0.971381
vn -0.188305 -0.145773 -0.971232
vn -0.196700 -0.149050 -0.969068
vn -0.188681 -0.145328 -0.971226
vn -0.189202 -0.145684 -0.971071
vn -0.196712 -0.149140 -0.969052
vn 0.188651 0.145755 0.971167
vn 0.202630 0.147126 0.968140
vn 0.197792 0.149219 0.968820
vn 0.189134 0.145516 0.971109
vn 0.198145 0.149380 0.968723
vn 0.198141 0.149339 0.968730
vn 0.189367 0.145989 0.970993
vn 0.189939 0.145823 0.970906
vn -0.200141 -0.138501 -0.969928
vn -0.197427 -0.139438 -0.970350
vn -0.384089 -0.080996 -0.919737
vn -0.343316 -0.096272 -0.934273
vn -0.208634 -0.136565 -0.968412
vn -0.450804 -0.053350 -0.891027
vn -0.410821 -0.067003 -0.909251
vn -0.208156 -0.137132 -0.968435
vn -0.898059 0.158085 -0.410486
vn -0.888196 0.146288 -0.435554
vn -0.943663 0.279000 0.177929
vn -0.943881 0.278796 0.177095
vn -0.922940 0.138708 -0.359085
vn -0.955652 0.208859 0.207623
vn -0.962169 0.159787 0.220680
vn -0.910859 0.110304 -0.397705
vn 0.045134 0.161419 0.985853
vn 0.166740 0.140615 0.975923
vn 0.170116 0.140435 0.975366
vn 0.076037 0.154606 0.985046
vn 0.164357 0.140815 0.976298
vn 0.168422 0.140281 0.975682
vn 0.017920 0.153881 0.987927
vn 0.065344 0.132871 0.988977
vn 0.835781 0.299697 -0.460056
vn 0.834709 0.299228 -0.462303
vn 0.500253 0.129230 -0.856182
vn 0.503824 0.130569 -0.853881
vn 0.833679 0.298735 -0.464474
vn 0.497185 0.128367 -0.858096
vn -0.088239 -0.118605 -0.989013
vn -0.085322 -0.117583 -0.989391
vn -0.082429 -0.116922 -0.989714
vn -0.204384 -0.154143 -0.966678
vn -0.204650 -0.154159 -0.966620
vn -0.220524 -0.151933 -0.963476
vn -0.220712 -0.151970 -0.963427
vn -0.220966 -0.151967 -0.963369
vn -0.204900 -0.154217 -0.966557
vn -0.232180 -0.151619 -0.960783
vn -0.231882 -0.151634 -0.960853
vn -0.307531 -0.150112 -0.939623
vn -0.306780 -0.150190 -0.939856
vn -0.305902 -0.150243 -0.940134
vn -0.231608 -0.151644 -0.960917
vn -0.126478 -0.141353 -0.981846
vn -0.188285 -0.147956 -0.970906
vn -0.188443 -0.147966 -0.970873
vn -0.147615 -0.200185 -0.968574
vn -0.186869 -0.145448 -0.971558
vn -0.187290 -0.145458 -0.971475
vn -0.197224 -0.138983 -0.970457
vn -0.198484 -0.138838 -0.970221
vn -0.370061 -0.086671 -0.924956
vn -0.376488 -0.084605 -0.922550
vn -0.893960 0.154083 -0.420825
vn -0.896025 0.156950 -0.415339
vn -0.943129 0.279288 0.180293
vn -0.943417 0.279157 0.178984
vn 0.051666 0.159505 0.985844
vn 0.166246 0.140561 0.976015
vn 0.166456 0.140555 0.975980
vn 0.048884 0.160059 0.985896
vn 0.187856 0.145577 0.971348
vn 0.188254 0.145691 0.971254
vn 0.215610 0.151824 0.964604
vn 0.211330 0.148221 0.966111
vn 0.381520 0.166736 0.909198
vn 0.326580 -0.002940 0.945165
vn 0.033763 0.159821 0.986568
vn 0.205699 0.153412 0.966516
vn 0.205614 0.153430 0.966531
vn 0.034118 0.159745 0.986569
vn 0.223581 0.152447 0.962690
vn 0.223996 0.152445 0.962593
vn 0.224381 0.152390 0.962513
vn 0.205505 0.153442 0.966552
vn 0.034708 0.159635 0.986566
vn 0.229921 0.160264 0.959923
vn 0.231099 0.160435 0.959611
vn 0.306247 0.198892 0.930943
vn 0.310113 0.200360 0.929347
vn 0.314174 0.201481 0.927739
vn 0.232313 0.160559 0.959298
vn 0.832435 0.297735 -0.467338
vn 0.673314 0.552685 -0.491109
vn 0.335205 0.358887 -0.871113
vn 0.493142 0.126019 -0.860773
vn -0.111813 -0.037175 -0.993034
vn -0.091793 -0.120248 -0.988491
vn -0.207695 -0.076644 -0.975186
vn -0.206016 -0.133789 -0.969360
vn -0.216873 -0.073518 -0.973428
vn -0.219387 -0.133701 -0.966433
vn -0.220236 -0.151981 -0.963534
vn -0.204055 -0.154120 -0.966752
vn -0.220653 -0.073846 -0.972553
vn -0.224626 -0.132339 -0.965417
vn -0.219863 -0.075244 -0.972625
vn -0.221602 -0.106267 -0.969330
vn -0.258763 0.062698 -0.963904
vn -0.229745 -0.150097 -0.961607
vn -0.216243 -0.074667 -0.973480
vn -0.216304 -0.085833 -0.972546
vn -0.212845 -0.073669 -0.974305
vn -0.212448 -0.083932 -0.973561
vn -0.217591 0.219171 -0.951114
vn -0.217645 0.214395 -0.952190
vn -0.210052 -0.073889 -0.974894
vn -0.207825 -0.084748 -0.974488
vn -0.208127 -0.074624 -0.975251
vn -0.203504 -0.105947 -0.973325
vn -0.181261 0.120662 -0.976005
vn -0.217106 0.217478 -0.951614
vn -0.204537 -0.075449 -0.975947
vn -0.197797 -0.132003 -0.971314
vn -0.196598 -0.074536 -0.977647
vn -0.187807 -0.128931 -0.973707
vn -0.185141 -0.145250 -0.971918
vn -0.193622 -0.147475 -0.969929
vn -0.200533 -0.066040 -0.977459
vn -0.194875 -0.122884 -0.973100
vn -0.325375 -0.035824 -0.944906
vn -0.344200 -0.094194 -0.934159
vn -0.192357 -0.139309 -0.971387
vn -0.800464 0.341254 -0.492751
vn -0.887548 0.449760 0.099870
vn -0.941965 0.279925 0.185321
vn -0.885938 0.149860 -0.438927
vn 0.069202 0.242211 0.967752
vn 0.187264 0.073339 0.979568
vn 0.170616 0.126495 0.977184
vn 0.070025 0.191938 0.978906
vn 0.196516 0.074994 0.977629
vn 0.188645 0.129181 0.973512
vn 0.186271 0.145410 0.971678
vn 0.165254 0.140551 0.976185
vn 0.063577 0.157172 0.985523
vn 0.204356 0.075631 0.975971
vn 0.203080 0.135712 0.969712
vn 0.207952 0.074622 0.975288
vn 0.200732 0.204418 0.958081
vn 0.205425 0.682822 0.701109
vn 0.210540 0.154229 0.965342
vn 0.210017 0.073802 0.974908
vn 0.194964 0.263529 0.944744
vn 0.212965 0.073510 0.974291
vn 0.200357 0.264170 0.943436
vn 0.099230 0.820166 0.563455
vn 0.095311 0.817773 0.567594
vn 0.216283 0.074808 0.973460
vn 0.203395 0.264012 0.942830
vn 0.219540 0.075639 0.972667
vn 0.217171 0.196558 0.956139
vn 0.092318 0.624637 0.775440
vn 0.100425 0.820973 0.562065
vn 0.220262 0.074093 0.972623
vn 0.223882 0.133854 0.965381
vn 0.216960 0.073949 0.973375
vn 0.221552 0.134048 0.965891
vn 0.223053 0.152384 0.962822
vn 0.219789 0.155507 0.963073
vn 0.220204 0.077346 0.972383
vn 0.226584 0.140295 0.963834
vn 0.299568 0.211645 0.930304
vn 0.285292 0.193848 0.938633
vn 0.301248 0.196366 0.933108
vn 0.228324 0.159820 0.960378
vn -0.157748 0.753366 -0.638400
vn -0.202069 0.743264 -0.637751
vn -0.164981 0.755829 -0.633643
vn -0.102978 0.938149 -0.330562
vn -0.093868 0.937592 -0.334828
vn -0.167568 0.935936 -0.309750
vn -0.174407 0.753803 -0.633532
vn -0.137640 0.759422 -0.635872
vn -0.063237 0.935236 -0.348331
vn -0.114969 0.937646 -0.328029
vn 0.224957 -0.930815 0.288060
vn 0.821307 -0.566218 -0.069660
vn 0.379168 -0.661529 -0.647002
vn 0.108133 -0.983610 -0.144284
vn 0.929900 0.069580 -0.361172
vn 0.537692 -0.041113 -0.842138
vn 0.020808 -0.976890 -0.212725
vn -0.013772 -0.979038 -0.203213
vn 0.103213 -0.938197 0.330353
vn 0.131224 -0.937720 0.321655
vn -0.048005 -0.980414 -0.191009
vn -0.121394 -0.988298 -0.092357
vn -0.050241 -0.922182 0.383478
vn 0.071643 -0.936636 0.342900
vn -0.945712 0.051572 0.320889
vn -0.945712 0.051574 0.320888
vn -0.908777 -0.066340 -0.411975
vn -0.909047 -0.066253 -0.411392
vn -0.945711 0.051565 0.320892
vn -0.908536 -0.066497 -0.412480
vn 0.244085 0.033425 0.969178
vn 0.241519 0.034133 0.969796
vn 0.249870 0.030339 0.967804
vn 0.460101 0.521004 0.718931
vn 0.409448 0.544384 0.732119
vn 0.386564 0.551550 0.739162
vn 0.240290 0.035326 0.970058
vn 0.238484 0.037044 0.970440
vn 0.375020 0.557761 0.740448
vn 0.358367 0.566396 0.742138
vn 0.237446 0.037473 0.970678
vn 0.239021 0.035463 0.970367
vn 0.343177 0.572085 0.744949
vn 0.339259 0.571222 0.747401
vn 0.236416 0.038549 0.970887
vn 0.220551 0.012479 0.975296
vn 0.348630 0.559130 0.752217
vn 0.211257 0.005719 0.977414
vn 0.211575 0.007839 0.977330
vn 0.215609 0.008963 0.976439
vn 0.217283 0.009909 0.976058
vn 0.216911 0.009537 0.976145
vn 0.215345 0.009170 0.976495
vn 0.213361 0.010041 0.976922
vn 0.211921 0.011369 0.977221
vn 0.209565 0.013324 0.977704
vn 0.204634 0.015403 0.978717
vn 0.201535 0.016183 0.979348
vn 0.199308 0.046230 0.978846
vn 0.201837 0.066487 0.977160
vn 0.195424 0.067390 0.978401
vn 0.020024 0.594568 0.803796
vn 0.018197 0.600837 0.799165
vn 0.186694 0.068386 0.980035
vn 0.183256 0.069100 0.980634
vn -0.001720 0.597355 0.801975
vn -0.016658 0.594154 0.804179
vn 0.182713 0.069186 0.980729
vn 0.185550 0.068862 0.980219
vn -0.030906 0.589857 0.806916
vn -0.039690 0.585980 0.809353
vn 0.187925 0.069089 0.979750
vn 0.187154 0.070147 0.979823
vn -0.051448 0.583591 0.810416
vn -0.083479 0.578727 0.811238
vn 0.182845 0.071037 0.980572
vn 0.174467 0.071200 0.982085
vn -0.138495 0.563710 0.814279
vn -0.198790 0.538416 0.818896
vn 0.169191 0.070083 0.983088
vn 0.173358 0.066513 0.982610
vn -0.233485 0.517094 0.823467
vn -0.220868 0.508711 0.832124
vn 0.156914 0.064440 0.985508
vn 0.103275 0.073193 0.991956
vn -0.241880 0.490637 0.837120
vn -0.333922 0.454696 0.825680
vn 0.034047 0.094235 0.994968
vn -0.265222 0.231902 0.935884
vn -0.427646 0.435341 0.792210
vn -0.425860 0.397733 0.812682
vn -0.907572 0.384999 -0.167598
vn -0.863757 0.356844 -0.355790
vn -0.688721 0.282711 -0.667636
vn -0.405934 0.133594 -0.904085
vn -0.485420 0.168154 -0.857958
vn -0.324796 0.104885 -0.939950
vn -0.354883 0.114085 -0.927924
vn -0.298251 0.104420 -0.948759
vn -0.310922 0.103870 -0.944743
vn -0.264203 0.102512 -0.959004
vn -0.281683 0.104013 -0.953853
vn -0.246046 0.101382 -0.963941
vn -0.252709 0.101248 -0.962230
vn -0.238533 0.104724 -0.965471
vn -0.241049 0.102716 -0.965062
vn -0.243720 0.111336 -0.963434
vn -0.238970 0.107743 -0.965031
vn -0.221614 0.034025 -0.974541
vn -0.249169 0.105663 -0.962678
vn -0.205579 -0.015114 -0.978524
vn -0.201718 -0.016026 -0.979313
vn -0.213576 -0.011003 -0.976865
vn -0.211277 -0.012934 -0.977341
vn -0.215345 -0.009284 -0.976494
vn -0.214332 -0.009851 -0.976711
vn -0.218200 -0.009453 -0.975858
vn -0.216620 -0.009573 -0.976209
vn -0.213655 -0.006932 -0.976885
vn -0.217744 -0.008176 -0.975972
vn -0.211379 0.072702 -0.974696
vn -0.209252 -0.002261 -0.977859
vn -0.198475 0.141579 -0.969826
vn -0.206860 0.144555 -0.967633
vn -0.184727 0.131767 -0.973917
vn -0.189326 0.135508 -0.972519
vn -0.259616 0.718033 -0.645777
vn -0.255628 0.229033 -0.939254
vn -0.596878 0.756738 -0.266617
vn -0.540993 0.564174 -0.623727
vn 0.412267 -0.139990 -0.900244
vn -0.129514 0.213578 -0.968303
vn 0.375959 0.268210 -0.886971
vn 0.706031 -0.205383 -0.677745
vn -0.074805 0.080293 -0.993960
vn -0.144999 0.115219 -0.982700
vn -0.118429 0.131262 -0.984248
vn -0.097086 0.144611 -0.984714
vn -0.106333 0.122363 -0.986773
vn -0.009402 0.000527 -0.999956
vn 0.236616 -0.606558 -0.759013
vn 0.482670 -0.708803 -0.514420
vn 0.629851 0.361532 0.687447
vn 0.232301 -0.017827 0.972481
vn 0.221173 -0.035390 0.974592
vn 0.617716 0.288932 0.731400
vn 0.378417 -0.014696 0.925519
vn 0.499819 0.147514 0.853476
vn 0.573012 0.444676 0.688418
vn 0.258287 0.016286 0.965931
vn 0.249076 0.000638 0.968484
vn 0.614472 0.414048 0.671556
vn 0.256455 0.024662 0.966242
vn 0.520480 0.479697 0.706393
vn 0.248274 -0.477945 0.842573
vn 0.223034 -0.096619 0.970011
vn 0.226187 -0.095316 0.969409
vn 0.269866 -0.479932 0.834768
vn 0.228194 -0.095813 0.968890
vn 0.279004 -0.483414 0.829740
vn 0.219676 -0.488555 0.844427
vn 0.219825 -0.103380 0.970046
vn 0.220807 -0.100122 0.970165
vn 0.228969 -0.482871 0.845227
vn 0.202684 -0.490154 0.847743
vn 0.217417 -0.105212 0.970392
vn 0.218879 -0.105005 0.970086
vn 0.212646 -0.491009 0.844803
vn 0.172841 -0.481049 0.859487
vn 0.212737 -0.102478 0.971721
vn 0.215412 -0.103676 0.971004
vn 0.189494 -0.485424 0.853496
vn 0.150964 -0.489400 0.858893
vn 0.208693 -0.109375 0.971846
vn 0.210237 -0.104606 0.972038
vn 0.158101 -0.483075 0.861187
vn 0.131304 -0.498593 0.856834
vn 0.203703 -0.121354 0.971482
vn 0.206701 -0.115350 0.971581
vn 0.144433 -0.493980 0.857393
vn 0.086431 -0.502060 0.860503
vn 0.195342 -0.124676 0.972778
vn 0.200008 -0.124957 0.971794
vn 0.111594 -0.503914 0.856515
vn 0.044983 -0.483653 0.874103
vn 0.187810 -0.120538 0.974781
vn 0.190959 -0.122465 0.973929
vn 0.062368 -0.492813 0.867897
vn 0.025034 -0.472622 0.880909
vn 0.184177 -0.118182 0.975762
vn 0.185670 -0.119164 0.975360
vn 0.033259 -0.477181 0.878175
vn -0.021142 -0.430940 0.902133
vn 0.176026 -0.108066 0.978436
vn 0.181569 -0.114462 0.976694
vn 0.010705 -0.458573 0.888592
vn 0.171658 -0.106526 0.979380
vn 0.169262 -0.122867 0.977882
vn -0.054243 -0.411536 0.909778
vn -0.072246 -0.421518 0.903938
vn 0.143441 -0.145813 0.978858
vn 0.111870 -0.127701 0.985483
vn -0.124305 -0.408133 0.904420
vn -0.187987 -0.317961 0.929280
vn 0.113589 -0.100937 0.988387
vn 0.044190 -0.174200 0.983718
vn -0.178165 -0.237715 0.954855
vn -0.119016 -0.211063 0.970200
vn -0.584300 -0.748020 -0.314739
vn -0.489541 -0.114677 -0.864406
vn -0.356332 -0.879262 0.316111
vn -0.288612 0.068786 -0.954972
vn -0.280721 0.071309 -0.957137
vn -0.318373 -0.084406 -0.944200
vn -0.323476 -0.018650 -0.946052
vn -0.007019 -0.957824 -0.287270
vn -0.230193 -0.182488 -0.955881
vn 0.478189 -0.856324 -0.195052
vn 0.189301 -0.754738 -0.628121
vn -0.406338 -0.469531 -0.783856
vn -0.931584 -0.080044 -0.354605
vn -0.901299 -0.432736 -0.020004
vn -0.965054 0.132901 0.225848
vn -0.371494 -0.077682 -0.925180
vn -0.265789 -0.128021 -0.955493
vn -0.259488 -0.130646 -0.956869
vn -0.250098 -0.134178 -0.958878
vn -0.238777 -0.139580 -0.960991
vn -0.230740 -0.143609 -0.962359
vn -0.227533 -0.147233 -0.962575
vn -0.226690 -0.150890 -0.962208
vn -0.225301 -0.151968 -0.962364
vn -0.220547 -0.153028 -0.963297
vn -0.214545 -0.154196 -0.964466
vn -0.208779 -0.155333 -0.965548
vn -0.203235 -0.157523 -0.966376
vn -0.199209 -0.158913 -0.966986
vn -0.194881 -0.159184 -0.967823
vn -0.186772 -0.160335 -0.969231
vn -0.177596 -0.164390 -0.970276
vn -0.173766 -0.167312 -0.970470
vn -0.171004 -0.163859 -0.971549
vn -0.161362 -0.163449 -0.973266
vn -0.152963 -0.164621 -0.974424
vn -0.148696 -0.164017 -0.975186
vn -0.147210 -0.163163 -0.975555
vn -0.149099 -0.162591 -0.975363
vn -0.150998 -0.161184 -0.975305
vn -0.148489 -0.158750 -0.976089
vn -0.138402 -0.157112 -0.977835
vn -0.119018 -0.157570 -0.980309
vn -0.097130 -0.158832 -0.982516
vn -0.083107 -0.157384 -0.984034
vn -0.080136 -0.150444 -0.985365
vn -0.071282 -0.149166 -0.986240
vn -0.081259 -0.153092 -0.984865
vn -0.141935 -0.348968 -0.926324
vn -0.546743 -0.739306 0.393064
vn -0.575256 -0.786638 -0.224234
vn 0.571710 -0.376168 0.729140
vn 0.283943 -0.066754 0.956515
vn 0.242574 -0.037601 0.969404
vn 0.568832 -0.364831 0.737108
vn 0.279965 -0.179837 0.943016
vn 0.547324 -0.361202 0.754963
vn 0.554428 -0.414111 0.721888
vn 0.302354 -0.089766 0.948959
vn 0.299138 -0.082692 0.950620
vn 0.563731 -0.395381 0.725177
vn 0.483563 -0.433733 0.760291
vn 0.283342 -0.089674 0.954817
vn 0.295158 -0.090989 0.951106
vn 0.527891 -0.425228 0.735196
vn 0.386133 -0.451324 0.804492
vn 0.256307 -0.089252 0.962466
vn 0.269473 -0.088826 0.958902
vn 0.431444 -0.442664 0.786069
vn 0.347579 -0.462379 0.815717
vn 0.242158 -0.091662 0.965897
vn 0.247929 -0.090600 0.964532
vn 0.360073 -0.458153 0.812676
vn 0.326464 -0.470254 0.819929
vn 0.234037 -0.094111 0.967662
vn 0.236752 -0.092472 0.967159
vn 0.336718 -0.465590 0.818441
vn 0.304488 -0.480415 0.822489
vn 0.231543 -0.097821 0.967894
vn 0.233365 -0.096845 0.967555
vn 0.317807 -0.476660 0.819631
vn 0.229041 -0.096246 0.968647
vn 0.286889 -0.481076 0.828409
vn 0.241355 0.188099 0.952033
vn 0.228785 0.171884 0.958182
vn 0.343020 0.265268 0.901094
vn 0.265806 0.269427 0.925611
vn 0.246591 0.235645 0.940034
vn 0.232274 0.207091 0.950348
vn 0.225052 0.169395 0.959509
vn 0.221423 0.170607 0.960138
vn 0.226548 0.200983 0.953038
vn 0.221559 0.201562 0.954088
vn 0.216481 0.169187 0.961515
vn 0.209479 0.167103 0.963429
vn 0.215284 0.200814 0.955681
vn 0.207280 0.199719 0.957678
vn 0.203138 0.166635 0.964867
vn 0.199959 0.167036 0.965461
vn 0.200382 0.199436 0.959204
vn 0.196882 0.199616 0.959891
vn 0.196212 0.167115 0.966216
vn 0.186591 0.164831 0.968512
vn 0.192362 0.199746 0.960780
vn 0.179912 0.198863 0.963372
vn 0.166157 0.159427 0.973126
vn 0.086105 0.155243 0.984117
vn 0.156449 0.197055 0.967829
vn 0.136825 0.198273 0.970550
vn -0.879883 0.218896 -0.421771
vn -0.419189 0.033230 -0.907290
vn -0.950315 0.304329 0.065461
vn -0.243344 -0.021991 -0.969691
vn -0.214551 -0.027441 -0.976327
vn -0.211554 -0.032291 -0.976833
vn -0.211030 -0.033393 -0.976909
vn -0.212335 -0.032636 -0.976652
vn -0.216130 -0.032622 -0.975820
vn -0.219524 -0.034345 -0.975002
vn -0.219283 -0.035598 -0.975012
vn -0.217437 -0.035163 -0.975441
vn -0.216638 -0.036411 -0.975573
vn -0.200901 -0.040449 -0.978776
vn -0.020950 0.072102 -0.997177
vn 0.553975 0.641996 -0.530050
vn 0.403872 0.456733 -0.792643
vn -0.125498 -0.141268 -0.981985
vn -0.187843 -0.147852 -0.971007
vn -0.188074 -0.147893 -0.970956
vn -0.126006 -0.141349 -0.981908
vn -0.185806 -0.145229 -0.971795
vn -0.186344 -0.145317 -0.971678
vn -0.194203 -0.138936 -0.971073
vn -0.195741 -0.138891 -0.970770
vn -0.353249 -0.090230 -0.931168
vn -0.361496 -0.087945 -0.928217
vn -0.888513 0.152346 -0.432823
vn -0.890965 0.152241 -0.427789
vn -0.942391 0.279714 0.183467
vn -0.942727 0.279497 0.182066
vn 0.059307 0.158563 0.985566
vn 0.165606 0.140609 0.976117
vn 0.165946 0.140613 0.976058
vn 0.055365 0.159361 0.985667
vn 0.186842 0.145536 0.971550
vn 0.187316 0.145550 0.971457
vn 0.215548 0.151831 0.964617
vn 0.215550 0.151801 0.964621
vn 0.383985 0.166609 0.908183
vn 0.382611 0.166682 0.908750
vn 0.929902 0.069573 -0.361168
vn 0.538090 -0.041035 -0.841888
vn 0.929903 0.069564 -0.361167
vn 0.538447 -0.041040 -0.841660
vn 0.233433 0.160837 0.958979
vn 0.224723 0.152393 0.962432
vn 0.317738 0.203073 0.926177
vn 0.205413 0.153446 0.966571
vn 0.101448 0.032051 0.994324
vn -0.283476 -0.222920 -0.932710
vn -0.648416 -0.620123 -0.441592
vn -0.700036 -0.540204 0.467043
vn -0.229243 -0.153324 -0.961217
vn -0.221184 -0.151929 -0.963325
vn -0.205110 -0.154228 -0.966511
vn -0.080031 -0.116025 -0.990017
vn 0.836540 0.300266 -0.458302
vn 0.506677 0.132225 -0.851936
vn 0.833048 0.298206 -0.465943
vn 0.495246 0.127353 -0.859368
vn -0.090264 -0.119717 -0.988696
vn -0.204196 -0.154153 -0.966717
vn -0.220398 -0.151926 -0.963506
vn -0.232398 -0.151561 -0.960739
vn -0.272896 -0.085925 -0.958199
vn -0.769574 0.638074 0.024845
vn -0.548911 0.440077 -0.710654
vn 0.210471 0.156146 0.965050
vn 0.099090 0.317247 0.943152
vn 0.223275 0.152386 0.962770
vn 0.229052 0.160003 0.960174
vn 0.303507 0.197351 0.932167
vn -0.189797 -0.146787 -0.970789
vn -0.159421 -0.060739 -0.985340
vn -0.185431 -0.145255 -0.971862
vn -0.193126 -0.139187 -0.971252
vn -0.348077 -0.092865 -0.932855
vn -0.887266 0.151866 -0.435540
vn -0.942199 0.279810 0.184304
vn 0.165390 0.140552 0.976162
vn 0.061896 0.157531 0.985572
vn 0.186555 0.145462 0.971616
vn 0.215560 0.151858 0.964610
vn 0.298700 0.330438 0.895315
vn 0.125474 0.383175 -0.915114
vn 0.596351 0.649305 -0.471984
vn 0.519413 0.706563 -0.480603
vn 0.442063 0.769260 -0.461324
vn 0.442069 0.769260 -0.461317
vn 0.519411 0.706563 -0.480605
vn 0.352347 0.828721 -0.434826
vn 0.352345 0.828719 -0.434831
vn 0.352355 0.828720 -0.434821
vn 0.442062 0.769255 -0.461333
vn 0.519417 0.706566 -0.480594
vn 0.636288 0.576074 -0.513105
vn 0.582617 0.645432 -0.493938
vn 0.581287 0.646839 -0.493664
vn 0.628831 0.586025 -0.511025
vn 0.580312 0.647936 -0.493373
vn 0.623949 0.592717 -0.509289
vn 0.704168 0.277819 -0.653425
vn 0.664501 0.495173 -0.559681
vn 0.651055 0.520532 -0.552425
vn 0.689854 0.337422 -0.640506
vn 0.642764 0.535730 -0.547583
vn 0.679678 0.371949 -0.632211
vn 0.035488 -0.994005 -0.103419
vn 0.529981 -0.631677 -0.565778
vn 0.546276 -0.603043 -0.581310
vn 0.024875 -0.995370 -0.092838
vn 0.553197 -0.586236 -0.591862
vn 0.016866 -0.996258 -0.084765
vn 0.038596 -0.995816 -0.082830
vn 0.037056 -0.994977 -0.092991
vn 0.026510 -0.996243 -0.082442
vn 0.028024 -0.996989 -0.072303
vn 0.018638 -0.997060 -0.074321
vn 0.020161 -0.997739 -0.064110
vn -0.624503 -0.516395 0.585946
vn -0.345263 -0.888258 0.302972
vn -0.340962 -0.891192 0.299203
vn -0.614506 -0.539298 0.575795
vn -0.338664 -0.892580 0.297671
vn -0.634021 -0.502808 0.587538
vn -0.691958 -0.379352 0.614236
vn -0.709479 -0.413646 0.570558
vn -0.714263 -0.391376 0.580218
vn -0.694785 -0.353425 0.626390
vn -0.664940 -0.540294 0.515691
vn -0.671940 -0.525445 0.521923
vn -0.685199 -0.503521 0.526279
vn -0.732274 -0.343538 0.588011
vn -0.711645 -0.297004 0.636672
vn -0.526578 -0.700153 0.482183
vn -0.530632 -0.695909 0.483881
vn -0.447533 -0.765201 0.462797
vn -0.447536 -0.765202 0.462793
vn -0.447537 -0.765198 0.462798
vn -0.533359 -0.693218 0.484743
vn -0.422500 -0.783362 0.455893
vn -0.422104 -0.783646 0.455771
vn -0.354291 -0.827571 0.435436
vn -0.352340 -0.828733 0.434808
vn -0.352338 -0.828735 0.434806
vn -0.422107 -0.783642 0.455775
vn -0.246577 -0.883290 0.398746
vn -0.279580 -0.867935 0.410516
vn -0.279586 -0.867932 0.410518
vn -0.246581 -0.883287 0.398750
vn -0.281244 -0.867119 0.411103
vn -0.247092 -0.883062 0.398932
vn -0.205454 -0.900418 0.383453
vn -0.229674 -0.890593 0.392548
vn -0.229674 -0.890596 0.392542
vn -0.205460 -0.900415 0.383456
vn -0.230452 -0.890268 0.392830
vn -0.206676 -0.899938 0.383923
vn -0.104984 -0.931410 0.348503
vn -0.165658 -0.914771 0.368444
vn -0.167276 -0.914222 0.369076
vn -0.112170 -0.929460 0.351456
vn -0.170248 -0.913087 0.370524
vn -0.118724 -0.927147 0.355392
vn -0.011089 -0.940990 0.338251
vn -0.046346 -0.940373 0.336974
vn -0.058984 -0.937743 0.342284
vn -0.023545 -0.938903 0.343375
vn -0.067498 -0.935073 0.347970
vn -0.031245 -0.936737 0.348637
vn 0.016653 -0.937069 0.348746
vn 0.007818 -0.939337 0.342907
vn -0.001878 -0.937962 0.346732
vn 0.008519 -0.936040 0.351791
vn -0.007651 -0.936479 0.350641
vn 0.004102 -0.934926 0.354818
vn 0.047404 -0.935356 0.350516
vn 0.026184 -0.935246 0.353029
vn 0.019893 -0.934527 0.355336
vn 0.045055 -0.935137 0.351409
vn 0.015898 -0.933642 0.357854
vn 0.042565 -0.934762 0.352715
vn 0.104478 -0.938201 0.329943
vn 0.075183 -0.936945 0.341293
vn 0.075947 -0.936984 0.341018
vn 0.104201 -0.938206 0.330019
vn 0.075139 -0.936991 0.341177
vn 0.102954 -0.938174 0.330499
vn 0.149115 -0.935606 0.320011
vn 0.130501 -0.937617 0.322249
vn 0.127342 -0.937634 0.323460
vn 0.143837 -0.935737 0.322037
vn 0.124812 -0.937459 0.324950
vn 0.140474 -0.935501 0.324200
vn 0.205750 -0.927739 0.311397
vn 0.169967 -0.932448 0.318828
vn 0.164062 -0.932728 0.321095
vn 0.201871 -0.928072 0.312937
vn 0.159696 -0.932573 0.323734
vn 0.197426 -0.928234 0.315284
vn 0.254827 -0.920824 0.295205
vn 0.241512 -0.922781 0.300245
vn 0.240623 -0.922891 0.300620
vn 0.255135 -0.920777 0.295086
vn 0.238592 -0.923110 0.301566
vn 0.255316 -0.920764 0.294970
vn 0.315289 -0.908822 0.273197
vn 0.275392 -0.917410 0.287260
vn 0.274380 -0.917587 0.287662
vn 0.311591 -0.909631 0.274741
vn 0.271801 -0.917987 0.288831
vn 0.307508 -0.910322 0.277041
vn 0.361230 -0.893249 0.267618
vn 0.343933 -0.900132 0.267343
vn 0.338843 -0.901405 0.269545
vn 0.356807 -0.894446 0.269545
vn 0.334974 -0.902083 0.272100
vn 0.353368 -0.895121 0.271826
vn 0.389565 -0.881878 0.265574
vn 0.376753 -0.887041 0.266863
vn 0.373734 -0.887919 0.268183
vn 0.387793 -0.882424 0.266355
vn 0.371115 -0.888510 0.269861
vn 0.386171 -0.882824 0.267383
vn 0.450280 -0.858762 0.244492
vn 0.407258 -0.875223 0.261010
vn 0.406278 -0.875545 0.261457
vn 0.449750 -0.858968 0.244743
vn 0.404355 -0.876135 0.262458
vn 0.445848 -0.860489 0.246534
vn 0.600076 -0.780905 0.173483
vn 0.522644 -0.825676 0.212373
vn 0.522478 -0.825758 0.212463
vn 0.600073 -0.780905 0.173491
vn 0.516775 -0.828632 0.215205
vn 0.594574 -0.784449 0.176415
vn 0.695679 -0.708561 0.118208
vn 0.659613 -0.738424 0.140147
vn 0.659613 -0.738424 0.140148
vn 0.695681 -0.708558 0.118207
vn 0.655576 -0.741560 0.142512
vn 0.693490 -0.710472 0.119586
vn 0.741914 -0.664729 0.087749
vn 0.719396 -0.686930 0.102940
vn 0.719395 -0.686930 0.102945
vn 0.741918 -0.664726 0.087730
vn 0.717312 -0.688899 0.104314
vn 0.739815 -0.666875 0.089167
vn 0.752774 -0.653248 0.081235
vn 0.753034 -0.653085 0.080124
vn 0.752491 -0.653663 0.080503
vn 0.751703 -0.654380 0.082031
vn 0.752337 -0.653811 0.080748
vn 0.751060 -0.655024 0.082777
vn 0.671799 -0.728675 0.133110
vn 0.020599 -0.944303 0.328433
vn -0.176882 -0.912315 0.369317
vn 0.636728 -0.755700 0.153283
vn -0.622985 -0.724270 0.295502
vn -0.869879 -0.415393 0.266006
vn -0.987173 -0.023092 0.157975
vn -0.377342 -0.843500 0.382258
vn 0.636372 -0.755964 0.153460
vn -0.648352 -0.748897 0.137089
vn -0.888261 -0.441460 0.126907
vn -0.651710 -0.758360 -0.012799
vn -0.888087 -0.459128 -0.022415
vn -0.995217 -0.055911 -0.080111
vn -0.998205 -0.040100 0.044475
vn -0.970368 -0.186035 -0.154197
vn -0.989512 -0.004292 -0.144389
vn -0.836102 0.521749 -0.169446
vn -0.840418 0.514674 -0.169730
vn -0.846370 0.504934 -0.169407
vn -0.966156 0.203386 -0.158674
vn -0.787749 0.597250 -0.150812
vn -0.794204 0.588641 -0.150802
vn -0.736336 0.660279 -0.147788
vn -0.743991 0.652059 -0.145936
vn -0.756345 0.638867 -0.140682
vn -0.804915 0.574482 -0.148599
vn -0.667941 0.726842 -0.159860
vn -0.677530 0.718515 -0.157130
vn -0.648247 0.746036 -0.152337
vn -0.654227 0.740994 -0.151379
vn -0.664220 0.733060 -0.146409
vn -0.692223 0.705929 -0.149973
vn -0.647395 0.747797 -0.147238
vn -0.648632 0.746706 -0.147334
vn -0.600075 0.780908 -0.173472
vn -0.600077 0.780907 -0.173470
vn -0.600078 0.780905 -0.173476
vn -0.651041 0.744840 -0.146147
vn -0.521790 0.826120 -0.212748
vn -0.521948 0.826037 -0.212681
vn -0.447480 0.859908 -0.245601
vn -0.447914 0.859716 -0.245482
vn -0.448453 0.859495 -0.245270
vn -0.522118 0.825948 -0.212607
vn -0.402131 0.877010 -0.262952
vn -0.402895 0.876724 -0.262737
vn -0.380436 0.884829 -0.268973
vn -0.381788 0.884356 -0.268613
vn -0.383532 0.883797 -0.267967
vn -0.403879 0.876379 -0.262377
vn -0.361304 0.891712 -0.272597
vn -0.363523 0.890974 -0.272059
vn -0.338664 0.899521 -0.275986
vn -0.341801 0.898549 -0.275285
vn -0.346002 0.897418 -0.273722
vn -0.366436 0.890113 -0.270969
vn -0.318962 0.906518 -0.276565
vn -0.322443 0.905499 -0.275867
vn -0.299651 0.912431 -0.278708
vn -0.302254 0.911674 -0.278376
vn -0.306208 0.910793 -0.276936
vn -0.327337 0.904290 -0.274062
vn -0.340582 0.903436 -0.260397
vn -0.340957 0.903270 -0.260484
vn -0.628385 0.769554 -0.113665
vn -0.626050 0.771247 -0.115064
vn -0.622994 0.773436 -0.116942
vn -0.341827 0.903033 -0.260165
vn -0.945321 0.263038 0.192819
vn -0.893177 0.436964 0.106291
vn -0.896250 0.429626 0.110260
vn -0.947012 0.253490 0.197257
vn -0.898546 0.424018 0.113246
vn -0.948259 0.246096 0.200606
vn -0.945759 0.263020 0.190682
vn -0.945529 0.263039 0.191795
vn -0.947224 0.253491 0.196239
vn -0.947462 0.253461 0.195124
vn -0.948469 0.246062 0.199648
vn -0.948700 0.246081 0.198527
vn -0.946534 0.262394 0.187676
vn -0.946141 0.262707 0.189214
vn -0.947851 0.253143 0.193643
vn -0.948249 0.252820 0.192107
vn -0.949107 0.245768 0.196963
vn -0.949514 0.245437 0.195408
vn -0.947077 0.262290 0.185063
vn -0.946803 0.262344 0.186385
vn -0.948518 0.252792 0.190815
vn -0.948794 0.252754 0.189486
vn -0.949767 0.245435 0.194178
vn -0.950051 0.245372 0.192861
vn -0.962630 0.122058 0.241753
vn -0.960063 0.169547 0.222558
vn -0.959483 0.169480 0.225100
vn -0.961558 0.124638 0.244688
vn -0.947366 0.261515 0.184681
vn -0.949085 0.251968 0.189076
vn -0.950388 0.244547 0.192246
vn -0.957953 0.181430 0.222283
vn -0.959102 0.140806 0.245554
vn -0.765389 0.642508 -0.036906
vn -0.954263 0.233456 0.186764
vn -0.944061 0.250197 0.214825
vn -0.726122 0.683199 0.077374
vn -0.911241 0.316968 0.263003
vn -0.585932 0.748682 0.310095
vn -0.260949 0.915426 0.306432
vn -0.372913 0.926815 -0.044157
vn -0.103642 0.956490 0.272737
vn -0.195235 0.975847 -0.098012
vn -0.236072 0.925663 -0.295666
vn -0.417302 0.880064 -0.226597
vn -0.027134 0.965629 0.258506
vn -0.115812 0.986136 -0.118838
vn -0.000333 0.966386 0.257097
vn -0.087292 0.988702 -0.121858
vn -0.132476 0.937474 -0.321857
vn -0.160411 0.934484 -0.317818
vn 0.011658 0.966273 0.257257
vn -0.074194 0.989816 -0.121491
vn 0.027805 0.966998 0.253261
vn -0.057249 0.990425 -0.125625
vn -0.100805 0.939712 -0.326770
vn -0.118670 0.939179 -0.322272
vn 0.053593 0.968729 0.242264
vn -0.031659 0.990180 -0.136163
vn 0.093666 0.969164 0.227922
vn 0.007964 0.988625 -0.150187
vn -0.040672 0.936521 -0.348243
vn -0.076074 0.938655 -0.336363
vn 0.134772 0.966580 0.218081
vn 0.049494 0.985936 -0.159628
vn 0.169309 0.964257 0.203821
vn 0.086479 0.982486 -0.165051
vn 0.026437 0.933184 -0.358425
vn -0.004505 0.934568 -0.355756
vn 0.247297 0.960380 0.128506
vn 0.200520 0.957973 -0.205133
vn 0.422583 0.898726 -0.117116
vn 0.445079 0.837370 -0.317357
vn 0.425272 0.789173 -0.443114
vn 0.144820 0.911642 -0.384624
vn 0.596290 0.685149 -0.418340
vn 0.650464 0.630393 -0.423677
vn 0.709647 0.517267 -0.478367
vn 0.737044 0.492312 -0.463029
vn 0.754271 0.461072 -0.467427
vn 0.662881 0.584721 -0.467644
vn 0.749911 0.461473 -0.474000
vn 0.762829 0.444592 -0.469501
vn 0.813431 0.351292 -0.463599
vn 0.812739 0.350907 -0.465102
vn 0.818421 0.340723 -0.462704
vn 0.819598 0.340113 -0.461066
vn 0.825358 0.326627 -0.460542
vn 0.826522 0.325990 -0.458903
vn 0.777307 0.421319 -0.467208
vn 0.811961 0.350438 -0.466812
vn 0.817629 0.340042 -0.464601
vn 0.811138 0.349919 -0.468627
vn 0.816890 0.339409 -0.466361
vn 0.823778 0.325355 -0.464255
vn 0.824535 0.325970 -0.462478
vn 0.810103 0.349265 -0.470901
vn 0.815830 0.338938 -0.468554
vn 0.809221 0.348739 -0.472804
vn 0.814817 0.338507 -0.470623
vn 0.821727 0.324412 -0.468532
vn 0.822739 0.324853 -0.466446
vn 0.808640 0.348364 -0.474072
vn 0.814225 0.337938 -0.472054
vn 0.807931 0.347933 -0.475595
vn 0.813635 0.337387 -0.473464
vn 0.820484 0.323366 -0.471423
vn 0.821088 0.323905 -0.470000
vn 0.653428 0.575830 -0.491376
vn 0.657695 0.571297 -0.490976
vn 0.332076 0.834363 -0.439959
vn 0.327293 0.836801 -0.438912
vn 0.321748 0.839761 -0.437355
vn 0.663279 0.564741 -0.491048
vn 0.188008 0.902103 -0.388412
vn 0.179412 0.904499 -0.386902
vn 0.170218 0.912167 -0.372797
vn 0.165664 0.913171 -0.372391
vn 0.158765 0.915354 -0.370027
vn 0.167600 0.908449 -0.382925
vn 0.181910 0.909259 -0.374376
vn 0.180995 0.909423 -0.374420
vn 0.205431 0.900412 -0.383480
vn 0.205446 0.900423 -0.383445
vn 0.205457 0.900418 -0.383451
vn 0.179453 0.909940 -0.373906
vn 0.229646 0.890598 -0.392553
vn 0.229657 0.890597 -0.392549
vn 0.246578 0.883290 -0.398745
vn 0.246569 0.883280 -0.398773
vn 0.246574 0.883282 -0.398766
vn 0.229661 0.890594 -0.392553
vn 0.279594 0.867915 -0.410550
vn 0.279592 0.867919 -0.410543
vn 0.279585 0.867922 -0.410540
vn 0.569060 0.817261 -0.090860
vn 0.649603 0.750403 -0.122110
vn 0.471939 0.879071 -0.067143
vn 0.711771 0.685549 -0.152984
vn 0.764485 0.626978 -0.149873
vn 0.810547 0.572359 -0.124169
vn 0.919865 0.321787 0.224280
vn 0.853670 -0.496186 0.158264
vn 0.128402 -0.787692 0.602540
vn 0.129060 -0.783588 0.607728
vn 0.129715 -0.779515 0.612806
vn -0.094756 -0.761026 0.641764
vn -0.410951 -0.398893 0.819758
vn -0.545050 -0.504203 0.669850
vn -0.560569 -0.388448 0.731349
vn -0.669492 -0.532964 0.517426
vn -0.700221 -0.426868 0.572254
vn -0.356735 -0.700239 0.618389
vn -0.431054 -0.648722 0.627178
vn -0.447557 -0.765203 0.462770
vn -0.532524 -0.694721 0.483508
vn -0.269459 -0.752486 0.600963
vn -0.331688 -0.711693 0.619255
vn -0.350440 -0.829854 0.434206
vn -0.421712 -0.783921 0.455661
vn -0.246058 -0.883495 0.398612
vn -0.277946 -0.868718 0.409970
vn -0.206166 -0.790728 0.576407
vn -0.177922 -0.806486 0.563847
vn -0.204265 -0.900901 0.382953
vn -0.228893 -0.890914 0.392276
vn -0.162796 -0.813684 0.558047
vn -0.141168 -0.823566 0.549372
vn -0.116392 -0.928821 0.351772
vn -0.166895 -0.914520 0.368511
vn -0.108714 -0.837260 0.535889
vn -0.064431 -0.851328 0.520662
vn -0.033243 -0.937691 0.345877
vn -0.068484 -0.936299 0.344463
vn -0.020640 -0.857231 0.514519
vn 0.012581 -0.855974 0.516866
vn 0.001385 -0.935427 0.353517
vn -0.009770 -0.937186 0.348693
vn 0.034802 -0.853709 0.519586
vn 0.045681 -0.850427 0.524107
vn 0.044476 -0.935059 0.351690
vn 0.015070 -0.934194 0.356448
vn 0.058270 -0.847315 0.527884
vn 0.084876 -0.847698 0.523645
vn 0.104839 -0.938306 0.329530
vn 0.077937 -0.937006 0.340509
vn 0.115047 -0.851099 0.512245
vn 0.138983 -0.854048 0.501284
vn 0.139461 -0.936102 0.322900
vn 0.125115 -0.937832 0.323755
vn 0.157092 -0.854030 0.495938
vn 0.170048 -0.851687 0.495694
vn 0.200875 -0.928229 0.313114
vn 0.159931 -0.933160 0.321922
vn 0.188097 -0.847685 0.496034
vn 0.224529 -0.843042 0.488739
vn 0.255404 -0.920721 0.295027
vn 0.241452 -0.922753 0.300381
vn 0.261933 -0.840069 0.475053
vn 0.275684 -0.839544 0.468150
vn 0.310023 -0.910171 0.274725
vn 0.275336 -0.917495 0.287042
vn 0.292302 -0.837354 0.461950
vn 0.323529 -0.832249 0.450212
vn 0.353874 -0.895384 0.270298
vn 0.335242 -0.902513 0.270340
vn 0.346826 -0.825093 0.446019
vn 0.363624 -0.817568 0.446499
vn 0.386874 -0.882771 0.266540
vn 0.372013 -0.888521 0.268583
vn 0.380513 -0.810843 0.444684
vn 0.395109 -0.805300 0.442019
vn 0.452849 -0.857713 0.243426
vn 0.406789 -0.875405 0.261128
vn 0.413679 -0.798782 0.436826
vn 0.455775 -0.784931 0.419706
vn 0.605441 -0.777394 0.170588
vn 0.527826 -0.823003 0.209918
vn 0.525802 -0.758469 0.385042
vn 0.600401 -0.723119 0.341492
vn 0.697848 -0.706649 0.116853
vn 0.663581 -0.735304 0.137799
vn 0.658026 -0.689318 0.303057
vn 0.692768 -0.664034 0.281302
vn 0.744001 -0.662573 0.086368
vn 0.721471 -0.684957 0.101553
vn 0.715356 -0.642446 0.274825
vn 0.737176 -0.621379 0.265444
vn 0.751791 -0.654429 0.080826
vn 0.746520 -0.614020 0.256297
vn 0.652939 -0.596815 0.466350
vn -0.292543 -0.482028 0.825874
vn 0.135701 -0.690098 0.710880
vn -0.366298 -0.574200 0.732202
vn -0.331524 -0.523612 0.784807
vn -0.735566 0.504367 0.452279
vn -0.823552 -0.163897 0.543047
vn -0.696096 0.699784 0.160476
vn -0.768944 0.626814 0.125815
vn -0.606088 0.780777 0.151805
vn -0.616678 0.770462 0.161543
vn -0.549624 0.824072 0.137185
vn -0.603511 0.783289 0.149107
vn -0.390164 0.915342 0.099602
vn -0.466431 0.876744 0.117310
vn -0.323573 0.942386 0.084903
vn -0.344938 0.934357 0.089409
vn -0.279620 0.957011 0.077095
vn -0.303795 0.949269 0.081222
vn -0.235222 0.969251 0.072277
vn -0.258429 0.963154 0.074494
vn -0.423253 0.822174 0.380640
vn -0.264576 0.959795 0.093776
vn -0.570350 0.423875 0.703585
vn -0.610804 0.265574 0.745915
vn -0.612722 0.266188 0.744121
vn -0.614472 0.266369 0.742611
vn -0.617500 0.265802 0.740299
vn -0.621277 0.265762 0.737147
vn -0.624158 0.266581 0.734413
vn -0.626813 0.266801 0.732067
vn -0.763143 0.221586 0.607052
vn -0.612292 0.181857 0.769433
vn -0.492049 0.252264 0.833217
vn -0.574175 0.304165 0.760136
vn -0.247722 0.552683 0.795723
vn 0.077523 0.590085 0.803611
vn -0.021787 0.582285 0.812693
vn 0.140279 0.584156 0.799427
vn 0.124491 0.587916 0.799285
vn 0.160046 0.584060 0.795776
vn 0.147988 0.583507 0.798511
vn 0.201597 0.591306 0.780843
vn 0.177813 0.588029 0.789053
vn 0.243744 0.595131 0.765773
vn 0.224188 0.589295 0.776191
vn 0.453506 0.734319 0.505083
vn 0.286732 0.635869 0.716558
vn 0.807702 0.536772 0.243911
vn 0.714274 0.658963 0.235754
vn 0.854464 0.423524 0.300862
vn 0.793240 0.402148 0.457217
vn 0.857867 0.513812 0.007904
vn 0.853049 0.423100 0.305441
vn 0.853654 0.423736 0.302857
vn 0.851453 0.423462 0.309365
vn 0.852226 0.422901 0.308003
vn 0.850666 0.422957 0.312208
vn 0.851028 0.423573 0.310383
vn 0.424717 0.882082 0.203830
vn 0.703341 0.619474 0.348659
vn 0.269419 0.962791 -0.021155
vn 0.290946 0.956327 -0.028100
vn 0.306792 0.951370 -0.027822
vn 0.280372 0.959634 -0.022240
vn 0.352107 0.935159 -0.038717
vn 0.333456 0.942145 -0.034191
vn 0.390447 0.919395 -0.047587
vn 0.388020 0.571774 0.722852
vn 0.936270 0.198150 0.290060
vn -0.184599 0.865997 0.464728
vn 0.835728 -0.058782 -0.545988
vn 0.319210 0.143605 -0.936740
vn -0.086451 0.358942 -0.929348
vn -0.342689 0.653646 -0.674768
vn -0.485915 0.862164 -0.143390
vn -0.865335 0.224899 0.447901
vn -0.338879 -0.019183 0.940634
vn -0.894146 0.018573 -0.447391
vn -0.358547 -0.381722 -0.851899
vn 0.220440 -0.750190 -0.623395
vn 0.562678 -0.824529 0.059537
vn 0.419201 -0.612301 0.670342
vn 0.117268 -0.287404 0.950603
vn -0.097185 0.937604 -0.333846
vn -0.172725 0.935638 -0.307812
vn -0.102593 0.938100 -0.330822
vn -0.102322 0.938147 -0.330771
vn -0.100598 0.937634 -0.332749
vn -0.178247 0.935186 -0.306032
vn -0.773036 0.633768 0.027449
vn -0.771254 0.635984 0.026301
vn -0.945711 0.051570 0.320890
vn -0.945711 0.051563 0.320893
vn -0.945711 0.051562 0.320894
vn -0.945712 0.051579 0.320888
vn -0.945711 0.051576 0.320890
vn -0.945711 0.051569 0.320891
vn -0.699416 -0.540957 0.467100
vn -0.047377 -0.922742 0.382494
vn -0.698725 -0.541790 0.467169
vn -0.044257 -0.923286 0.381555
vn 0.074602 -0.936814 0.341780
vn 0.102981 -0.938145 0.330574
vn 0.077638 -0.937001 0.340589
vn 0.102576 -0.938165 0.330641
vn 0.127362 -0.937692 0.323283
vn 0.219017 -0.931466 0.290521
vn 0.123463 -0.937673 0.324849
vn 0.213074 -0.931957 0.293352
vn 0.818001 -0.571414 -0.066036
vn 0.819563 -0.568946 -0.067943
vn 0.929903 0.069564 -0.361165
vn 0.929905 0.069559 -0.361163
vn 0.929903 0.069567 -0.361166
vn 0.929902 0.069571 -0.361168
vn 0.929907 0.069547 -0.361159
vn 0.929905 0.069557 -0.361162
vn 0.597898 0.647920 -0.471930
vn -0.058786 0.935059 -0.349584
vn 0.599375 0.646552 -0.471931
vn -0.054353 0.934777 -0.351051
vn -0.111140 0.937681 -0.329246
vn -0.107300 0.937716 -0.330417
vn 0.938776 0.156640 0.306860
vn 0.938493 0.157152 0.307463
vn 0.938115 0.157253 0.308564
vn 0.485182 0.874402 -0.004422
vn -0.034842 0.984265 -0.173230
vn -0.062514 0.988978 -0.134222
vn -0.060051 0.989473 -0.131672
vn -0.058929 0.989163 -0.134478
vn -0.101186 0.992602 -0.067094
vn -0.628342 0.123910 0.768005
vn -0.436322 0.746731 0.502012
vn -0.627628 0.123834 0.768601
vn -0.627919 0.123971 0.768342
vn -0.322658 -0.529237 0.784729
vn 0.021612 -0.859782 0.510204
vn 0.115969 -0.837652 0.533751
vn 0.142618 -0.837759 0.527086
vn 0.159831 -0.837188 0.523040
vn 0.221756 -0.843079 0.489942
vn 0.625454 -0.560094 0.543233
vn -0.111982 0.859432 -0.498836
vn -0.135172 0.860951 -0.490399
vn -0.081616 0.857232 -0.508421
vn -0.153326 0.860569 -0.485707
vn -0.167369 0.858654 -0.484459
vn -0.193872 0.855701 -0.479780
vn -0.263836 0.848866 -0.458058
vn -0.429627 0.816530 -0.385617
vn -0.764375 0.625790 -0.155299
vn -0.956758 0.254149 0.141503
vn -0.963262 0.134800 0.232281
vn -0.959228 0.185384 0.213340
vn -0.945256 0.271768 0.180648
vn -0.945550 0.271010 0.180245
vn -0.944990 0.271819 0.181958
vn -0.944725 0.271875 0.183244
vn -0.944335 0.272186 0.184788
vn -0.943961 0.272481 0.186258
vn -0.943734 0.272517 0.187354
vn -0.943526 0.272539 0.188365
vn -0.890079 0.444164 0.102357
vn -0.619939 0.775606 -0.118791
vn -0.342674 0.902817 -0.259799
vn -0.310294 0.909893 -0.275341
vn -0.332327 0.903036 -0.272186
vn -0.350243 0.896242 -0.272176
vn -0.369371 0.889220 -0.269912
vn -0.385275 0.883227 -0.267344
vn -0.404849 0.876038 -0.262021
vn -0.448983 0.859276 -0.245068
vn -0.522285 0.825859 -0.212543
vn -0.600074 0.780909 -0.173473
vn -0.653574 0.742902 -0.144700
vn -0.674914 0.724375 -0.140614
vn -0.708751 0.691086 -0.141678
vn -0.771524 0.621886 -0.134197
vn -0.818551 0.555598 -0.145891
vn -0.853632 0.492545 -0.169445
vn -0.930607 0.326795 -0.164849
vn -0.973156 0.201468 -0.111257
vn -0.976525 0.215042 -0.012460
vn -0.970515 0.228590 0.076466
vn -0.494942 -0.779335 0.384278
vn 0.635933 -0.756284 0.153703
vn 0.754495 -0.651453 0.079656
vn 0.754116 -0.651949 0.079194
vn 0.753580 -0.652504 0.079727
vn 0.753876 -0.652069 0.080482
vn 0.744005 -0.662579 0.086294
vn 0.741916 -0.664727 0.087743
vn 0.721460 -0.684965 0.101580
vn 0.719395 -0.686930 0.102942
vn 0.697847 -0.706652 0.116844
vn 0.695679 -0.708561 0.118208
vn 0.663582 -0.735302 0.137800
vn 0.659613 -0.738424 0.140144
vn 0.605442 -0.777388 0.170611
vn 0.600076 -0.780905 0.173484
vn 0.528323 -0.822757 0.209633
vn 0.522819 -0.825587 0.212289
vn 0.454627 -0.857035 0.242498
vn 0.450827 -0.858545 0.244244
vn 0.410101 -0.874304 0.259633
vn 0.408256 -0.874885 0.260583
vn 0.392831 -0.880946 0.263850
vn 0.391368 -0.881310 0.264809
vn 0.382257 -0.885554 0.263958
vn 0.379826 -0.886120 0.265563
vn 0.369081 -0.891289 0.263408
vn 0.365749 -0.891985 0.265688
vn 0.353183 -0.898026 0.262321
vn 0.349094 -0.898813 0.265083
vn 0.323737 -0.907136 0.268885
vn 0.318986 -0.908017 0.271576
vn 0.279466 -0.916746 0.285439
vn 0.276389 -0.917243 0.286837
vn 0.254333 -0.920882 0.295449
vn 0.254516 -0.920871 0.295329
vn 0.244092 -0.922468 0.299120
vn 0.242451 -0.922652 0.299884
vn 0.213856 -0.927149 0.307670
vn 0.209760 -0.927348 0.309882
vn 0.180682 -0.932189 0.313651
vn 0.176033 -0.932112 0.316512
vn 0.158377 -0.935646 0.315410
vn 0.154488 -0.935451 0.317907
vn 0.136703 -0.937761 0.319243
vn 0.133665 -0.937599 0.321000
vn 0.106452 -0.938273 0.329109
vn 0.104720 -0.938216 0.329826
vn 0.075081 -0.936881 0.341493
vn 0.074448 -0.936903 0.341571
vn 0.051932 -0.935855 0.348538
vn 0.049892 -0.935547 0.349660
vn 0.036780 -0.936756 0.348046
vn 0.032714 -0.935919 0.350691
vn 0.029989 -0.939164 0.342157
vn 0.025131 -0.938059 0.345562
vn 0.024155 -0.942053 0.334594
vn 0.017976 -0.940646 0.338912
vn 0.010347 -0.944985 0.326951
vn 0.002050 -0.942975 0.332858
vn -0.022812 -0.945673 0.324318
vn -0.033149 -0.942936 0.331320
vn -0.089144 -0.936125 0.340182
vn -0.097667 -0.933393 0.345309
vn -0.160557 -0.916664 0.365990
vn -0.164067 -0.915340 0.367744
vn -0.204252 -0.900888 0.382990
vn -0.205457 -0.900416 0.383457
vn -0.228897 -0.890919 0.392262
vn -0.229670 -0.890595 0.392546
vn -0.246065 -0.883517 0.398559
vn -0.246574 -0.883292 0.398744
vn -0.277941 -0.868726 0.409957
vn -0.279576 -0.867931 0.410527
vn -0.350431 -0.829855 0.434211
vn -0.352333 -0.828732 0.434816
vn -0.422105 -0.783639 0.455783
vn -0.447537 -0.765205 0.462787
vn -0.421713 -0.783918 0.455665
vn -0.447541 -0.765207 0.462780
vn -0.536616 -0.690130 0.485556
vn -0.702187 -0.474958 0.530423
vn -0.542435 -0.684035 0.487709
vn -0.717621 -0.438857 0.540764
vn -0.752098 -0.281164 0.596067
vn -0.727250 -0.224628 0.648575
vn -0.753394 -0.234874 0.614192
vn -0.723219 -0.172393 0.668756
vn -0.351927 -0.883459 0.309271
vn -0.636940 -0.486320 0.598164
vn 0.049271 -0.994409 -0.093393
vn 0.047681 -0.993474 -0.103619
vn 0.046078 -0.992406 -0.114045
vn 0.506366 -0.668513 -0.544687
vn 0.718415 0.198026 -0.666832
vn 0.681700 0.461180 -0.567977
vn 0.645379 0.564167 -0.514977
vn 0.584040 0.644006 -0.494120
vn 0.519409 0.706563 -0.480606
vn 0.442062 0.769261 -0.461323
vn 0.352337 0.828721 -0.434833
vn 0.279579 0.867922 -0.410546
vn 0.246573 0.883280 -0.398772
vn 0.229668 0.890589 -0.392560
vn 0.205470 0.900412 -0.383458
vn 0.177864 0.910501 -0.373300
vn 0.151504 0.917658 -0.367356
vn 0.155039 0.912450 -0.378678
vn 0.315765 0.842792 -0.435883
vn 0.668901 0.558020 -0.491107
vn 0.827252 0.309017 -0.469214
vn 0.827877 0.309516 -0.467781
vn 0.828510 0.310043 -0.466309
vn 0.829507 0.310532 -0.464207
vn 0.830580 0.310982 -0.461982
vn 0.831343 0.311588 -0.460198
vn 0.832172 0.312248 -0.458248
vn 0.772788 0.424723 -0.471603
vn 0.738740 0.471930 -0.481191
vn 0.833354 0.311593 -0.456542
vn 0.614934 0.597343 -0.514818
vn 0.342114 0.764100 -0.546908
vn 0.070128 0.846390 -0.527926
vn -0.027981 0.856830 -0.514839
vn -0.051798 0.856192 -0.514055
f 1/1/1 2/2/2 3/3/3
f 1/1/1 3/3/3 4/4/4
f 2/2/2 5/5/5 6/6/6
f 2/2/2 6/6/6 3/3/3
f 3/3/3 6/6/6 7/7/7
f 3/3/3 7/7/7 8/8/8
f 4/4/4 3/3/3 8/8/8
f 4/4/4 8/8/8 9/9/9
f 10/10/10 11/11/11 12/12/12
f 10/10/10 12/12/12 13/13/13
f 11/11/11 14/14/14 15/15/15
f 11/11/11 15/15/15 12/12/12
f 12/12/12 15/15/15 16/16/16
f 12/12/12 16/16/16 17/17/17
f 13/13/13 12/12/12 17/17/17
f 13/13/13 17/17/17 18/18/18
f 19/19/19 20/20/20 21/21/21
f 19/19/19 21/21/21 22/22/22
f 20/20/20 23/23/23 24/24/24
f 20/20/20 24/24/24 21/21/21
f 21/21/21 24/24/24 25/25/25
f 21/21/21 25/25/25 26/26/26
f 22/22/22 21/21/21 26/26/26
f 22/22/22 26/26/26 27/27/27
f 28/28/28 29/29/29 30/30/30
f 28/28/28 30/30/30 31/31/31
f 29/29/29 32/32/32 33/33/33
f 29/29/29 33/33/33 30/30/30
f 30/30/30 33/33/33 34/34/34
f 30/30/30 34/34/34 35/35/35
f 31/31/31 30/30/30 35/35/35
f 31/31/31 35/35/35 36/36/36
f 37/37/37 38/38/38 39/39/39
f 37/37/37 39/39/39 40/40/40
f 38/38/38 41/41/41 42/42/42
f 38/38/38 42/42/42 39/39/39
f 39/39/39 42/42/42 43/43/43
f 39/39/39 43/43/43 44/44/44
f 40/40/40 39/39/39 44/44/44
f 40/40/40 44/44/44 45/45/45
f 46/46/46 47/47/47 48/48/48
f 46/46/46 48/48/48 49/49/49
f 47/47/47 10/10/10 13/13/13
f 47/47/47 13/13/13 48/48/48
f 48/48/48 13/13/13 18/18/18
f 48/48/48 18/18/18 50/50/50
f 49/49/49 48/48/48 50/50/50
f 49/49/49 50/50/50 51/51/51
f 52/52/52 53/53/53 54/54/54
f 52/52/52 54/54/54 55/55/55
f 53/53/53 56/56/56 57/57/57
f 53/53/53 57/57/57 54/54/54
f 54/54/54 57/57/57 58/58/58
f 54/54/54 58/58/58 59/59/59
f 55/55/55 54/54/54 59/59/59
f 55/55/55 59/59/59 60/60/60
f 36/36/36 35/35/35 61/61/61
f 36/36/36 61/61/61 62/62/62
f 35/35/35 34/34/34 63/63/63
f 35/35/35 63/63/63 61/61/61
f 61/61/61 63/63/63 64/64/64
f 61/61/61 64/64/64 65/65/65
f 62/62/62 61/61/61 65/65/65
f 62/62/62 65/65/65 66/66/66
f 67/67/67 68/68/68 69/69/69
f 67/67/67 69/69/69 70/70/70
f 68/68/68 37/37/37 40/40/40
f 68/68/68 40/40/40 69/69/69
f 69/69/69 40/40/40 45/45/45
f 69/69/69 45/45/45 71/71/71
f 70/70/70 69/69/69 71/71/71
f 70/70/70 71/71/71 72/72/72
f 73/73/73 74/74/74 75/75/75
f 73/73/73 75/75/75 76/76/76
f 74/74/74 46/46/46 49/49/49
f 74/74/74 49/49/49 75/75/75
f 75/75/75 49/49/49 51/51/51
f 75/75/75 51/51/51 77/77/77
f 76/76/76 75/75/75 77/77/77
f 76/76/76 77/77/77 78/78/78
f 79/79/79 80/80/80 81/81/81
f 79/79/79 81/81/81 82/82/82
f 80/80/80 52/52/52 55/55/55
f 80/80/80 55/55/55 81/81/81
f 81/81/81 55/55/55 60/60/60
f 81/81/81 60/60/60 83/83/83
f 82/82/82 81/81/81 83/83/83
f 82/82/82 83/83/83 84/84/84
f 66/66/66 65/65/65 85/85/85
f 66/66/66 85/85/85 86/86/86
f 65/65/65 64/64/64 87/87/87
f 65/65/65 87/87/87 85/85/85
f 85/85/85 87/87/87 88/88/88
f 85/85/85 88/88/88 89/89/89
f 86/86/86 85/85/85 89/89/89
f 86/86/86 89/89/89 90/90/90
f 91/91/91 92/92/92 93/93/93
f 91/91/91 93/93/93 94/94/94
f 92/92/92 67/67/67 70/70/70
f 92/92/92 70/70/70 93/93/93
f 93/93/93 70/70/70 72/72/72
f 93/93/93 72/72/72 95/95/95
f 94/94/94 93/93/93 95/95/95
f 94/94/94 95/95/95 96/96/96
f 97/97/97 98/98/98 99/99/99
f 97/97/97 99/99/99 100/100/100
f 98/98/98 73/73/73 76/76/76
f 98/98/98 76/76/76 99/99/99
f 99/99/99 76/76/76 78/78/78
f 99/99/99 78/78/78 101/101/101
f 100/100/100 99/99/99 101/101/101
f 100/100/100 101/101/101 102/102/102
f 103/103/103 104/104/104 105/105/105
f 103/103/103 105/105/105 106/106/106
f 104/104/104 79/79/79 82/82/82
f 104/104/104 82/82/82 105/105/105
f 105/105/105 82/82/82 84/84/84
f 105/105/105 84/84/84 107/107/107
f 106/106/106 105/105/105 107/107/107
f 106/106/106 107/107/107 108/108/108
f 90/90/90 89/89/89 109/109/109
f 90/90/90 109/109/109 110/110/110
f 89/89/89 88/88/88 111/111/111
f 89/89/89 111/111/111 109/109/109
f 109/109/109 111/111/111 112/112/112
f 109/109/109 112/112/112 113/113/113
f 110/110/110 109/109/109 113/113/113
f 110/110/110 113/113/113 114/114/114
f 115/115/115 116/116/116 117/117/117
f 115/115/115 117/117/117 118/118/118
f 116/116/116 91/91/91 94/94/94
f 116/116/116 94/94/94 117/117/117
f 117/117/117 94/94/94 96/96/96
f 117/117/117 96/96/96 119/119/119
f 118/118/118 117/117/117 119/119/119
f 118/118/118 119/119/119 120/120/120
f 121/121/121 122/122/122 123/123/123
f 121/121/121 123/123/123 124/124/124
f 122/122/122 125/125/125 126/126/126
f 122/122/122 126/126/126 123/123/123
f 123/123/123 126/126/126 127/127/127
f 123/123/123 127/127/127 128/128/128
f 124/124/124 123/123/123 128/128/128
f 124/124/124 128/128/128 129/129/129
f 130/130/130 131/131/131 132/132/132
f 130/130/130 132/132/132 133/133/133
f 131/131/131 103/103/103 106/106/106
f 131/131/131 106/106/106 132/132/132
f 132/132/132 106/106/106 108/108/108
f 132/132/132 108/108/108 134/134/134
f 133/133/133 132/132/132 134/134/134
f 133/133/133 134/134/134 135/135/135
f 114/114/114 113/113/113 136/136/136
f 114/114/114 136/136/136 137/137/137
f 113/113/113 112/112/112 138/138/138
f 113/113/113 138/138/138 136/136/136
f 136/136/136 138/138/138 139/139/139
f 136/136/136 139/139/139 140/140/140
f 137/137/137 136/136/136 140/140/140
f 137/137/137 140/140/140 141/141/141
f 142/142/142 143/143/143 144/144/144
f 142/142/142 144/144/144 145/145/145
f 143/143/143 115/115/115 118/118/118
f 143/143/143 118/118/118 144/144/144
f 144/144/144 118/118/118 120/120/120
f 144/144/144 120/120/120 146/146/146
f 145/145/145 144/144/144 146/146/146
f 145/145/145 146/146/146 147/147/147
f 148/148/148 149/149/149 150/150/150
f 148/148/148 150/150/150 151/151/151
f 149/149/149 121/121/121 124/124/124
f 149/149/149 124/124/124 150/150/150
f 150/150/150 124/124/124 129/129/129
f 150/150/150 129/129/129 152/152/152
f 151/151/151 150/150/150 152/152/152
f 151/151/151 152/152/152 153/153/153
f 154/154/154 155/155/155 156/156/156
f 154/154/154 156/156/156 157/157/157
f 155/155/155 130/130/130 133/133/133
f 155/155/155 133/133/133 156/156/156
f 156/156/156 133/133/133 135/135/135
f 156/156/156 135/135/135 158/158/158
f 157/157/157 156/156/156 158/158/158
f 157/157/157 158/158/158 159/159/159
f 141/141/141 140/140/140 160/160/160
f 141/141/141 160/160/160 161/161/161
f 140/140/140 139/139/139 162/162/162
f 140/140/140 162/162/162 160/160/160
f 160/160/160 162/162/162 163/163/163
f 160/160/160 163/163/163 164/164/164
f 161/161/161 160/160/160 164/164/164
f 161/161/161 164/164/164 165/165/165
f 166/166/166 167/167/167 168/168/168
f 166/166/166 168/168/168 169/169/169
f 167/167/167 142/142/142 145/145/145
f 167/167/167 145/145/145 168/168/168
f 168/168/168 145/145/145 147/147/147
f 168/168/168 147/147/147 170/170/170
f 169/169/169 168/168/168 170/170/170
f 169/169/169 170/170/170 171/171/171
f 172/172/172 173/173/173 174/174/174
f 172/172/172 174/174/174 175/175/175
f 173/173/173 148/148/148 151/151/151
f 173/173/173 151/151/151 174/174/174
f 174/174/174 151/151/151 153/153/153
f 174/174/174 153/153/153 176/176/176
f 175/175/175 174/174/174 176/176/176
f 175/175/175 176/176/176 177/177/177
f 178/178/178 179/179/179 180/180/180
f 178/178/178 180/180/180 181/181/181
f 179/179/179 154/154/154 157/157/157
f 179/179/179 157/157/157 180/180/180
f 180/180/180 157/157/157 159/159/159
f 180/180/180 159/159/159 182/182/182
f 181/181/181 180/180/180 182/182/182
f 181/181/181 182/182/182 183/183/183
f 165/165/165 164/164/164 184/184/184
f 165/165/165 184/184/184 185/185/185
f 164/164/164 163/163/163 186/186/186
f 164/164/164 186/186/186 184/184/184
f 184/184/184 186/186/186 187/187/187
f 184/184/184 187/187/187 188/188/188
f 185/185/185 184/184/184 188/188/188
f 185/185/185 188/188/188 189/189/189
f 190/190/190 191/191/191 192/192/192
f 190/190/190 192/192/192 193/193/193
f 191/191/191 166/166/166 169/169/169
f 191/191/191 169/169/169 192/192/192
f 192/192/192 169/169/169 171/171/171
f 192/192/192 171/171/171 194/194/194
f 193/193/193 192/192/192 194/194/194
f 193/193/193 194/194/194 195/195/195
f 196/196/196 197/197/197 198/198/198
f 196/196/196 198/198/198 199/199/199
f 197/197/197 172/172/172 175/175/175
f 197/197/197 175/175/175 198/198/198
f 198/198/198 175/175/175 177/177/177
f 198/198/198 177/177/177 200/200/200
f 199/199/199 198/198/198 200/200/200
f 199/199/199 200/200/200 201/201/201
f 202/202/202 203/203/203 204/204/204
f 202/202/202 204/204/204 205/205/205
f 203/203/203 178/178/178 181/181/181
f 203/203/203 181/181/181 204/204/204
f 204/204/204 181/181/181 183/183/183
f 204/204/204 183/183/183 206/206/206
f 205/205/205 204/204/204 206/206/206
f 205/205/205 206/206/206 207/207/207
f 189/189/189 188/188/188 208/208/208
f 189/189/189 208/208/208 209/209/209
f 188/188/188 187/187/187 210/210/210
f 188/188/188 210/210/210 208/208/208
f 208/208/208 210/210/210 211/211/211
f 208/208/208 211/211/211 212/212/212
f 209/209/209 208/208/208 212/212/212
f 209/209/209 212/212/212 213/213/213
f 214/214/214 215/215/215 216/216/216
f 214/214/214 216/216/216 217/217/217
f 215/215/215 190/190/190 193/193/193
f 215/215/215 193/193/193 216/216/216
f 216/216/216 193/193/193 195/195/195
f 216/216/216 195/195/195 218/218/218
f 217/217/217 216/216/216 218/218/218
f 217/217/217 218/218/218 219/219/219
f 220/220/220 221/221/221 222/222/222
f 220/220/220 222/222/222 223/223/223
f 221/221/221 196/196/196 199/199/199
f 221/221/221 199/199/199 222/222/222
f 222/222/222 199/199/199 201/201/201
f 222/222/222 201/201/201 224/224/224
f 223/223/223 222/222/222 224/224/224
f 223/223/223 224/224/224 225/225/225
f 226/226/226 227/227/227 228/228/228
f 226/226/226 228/228/228 229/229/229
f 227/227/227 202/202/202 205/205/205
f 227/227/227 205/205/205 228/228/228
f 228/228/228 205/205/205 207/207/207
f 228/228/228 207/207/207 230/230/230
f 229/229/229 228/228/228 230/230/230
f 229/229/229 230/230/230 231/231/231
f 213/213/213 212/212/212 232/232/232
f 213/213/213 232/232/232 233/233/233
f 212/212/212 211/211/211 234/234/234
f 212/212/212 234/234/234 232/232/232
f 232/232/232 234/234/234 235/235/235
f 232/232/232 235/235/235 236/236/236
f 233/233/233 232/232/232 236/236/236
f 233/233/233 236/236/236 237/237/237
f 238/238/238 239/239/239 240/240/240
f 238/238/238 240/240/240 241/241/241
f 239/239/239 214/214/214 217/217/217
f 239/239/239 217/217/217 240/240/240
f 240/240/240 217/217/217 219/219/219
f 240/240/240 219/219/219 242/242/242
f 241/241/241 240/240/240 242/242/242
f 241/241/241 242/242/242 243/243/243
f 244/244/244 245/245/245 246/246/246
f 244/244/244 246/246/246 247/247/247
f 245/245/245 248/248/248 249/249/249
f 245/245/245 249/249/249 246/246/246
f 246/246/246 249/249/249 250/250/250
f 246/246/246 250/250/250 251/251/251
f 247/247/247 246/246/246 251/251/251
f 247/247/247 251/251/251 252/252/252
f 253/253/253 254/254/254 255/255/255
f 253/253/253 255/255/255 256/256/256
f 254/254/254 257/257/257 258/258/258
f 254/254/254 258/258/258 255/255/255
f 255/255/255 258/258/258 259/259/259
f 255/255/255 259/259/259 260/260/260
f 256/256/256 255/255/255 260/260/260
f 256/256/256 260/260/260 261/261/261
f 262/262/262 263/263/263 264/264/264
f 262/262/262 264/264/264 265/265/265
f 263/263/263 266/266/266 267/267/267
f 263/263/263 267/267/267 264/264/264
f 264/264/264 267/267/267 268/268/268
f 264/264/264 268/268/268 269/269/269
f 265/265/265 264/264/264 269/269/269
f 265/265/265 269/269/269 270/270/270
f 271/271/271 272/272/272 273/273/273
f 271/271/271 273/273/273 274/274/274
f 272/272/272 275/275/275 276/276/276
f 272/272/272 276/276/276 273/273/273
f 273/273/273 276/276/276 277/277/277
f 273/273/273 277/277/277 278/278/278
f 274/274/274 273/273/273 278/278/278
f 274/274/274 278/278/278 279/279/279
f 280/280/280 281/281/281 282/282/282
f 280/280/280 282/282/282 283/283/283
f 281/281/281 244/244/244 247/247/247
f 281/281/281 247/247/247 282/282/282
f 282/282/282 247/247/247 252/252/252
f 282/282/282 252/252/252 284/284/284
f 283/283/283 282/282/282 284/284/284
f 283/283/283 284/284/284 285/285/285
f 286/286/286 287/287/287 288/288/288
f 286/286/286 288/288/288 289/289/289
f 287/287/287 253/253/253 256/256/256
f 287/287/287 256/256/256 288/288/288
f 288/288/288 256/256/256 261/261/261
f 288/288/288 261/261/261 290/290/290
f 289/289/289 288/288/288 290/290/290
f 289/289/289 290/290/290 291/291/291
f 270/270/270 269/269/269 292/292/292
f 270/270/270 292/292/292 293/293/293
f 269/269/269 268/268/268 294/294/294
f 269/269/269 294/294/294 292/292/292
f 292/292/292 294/294/294 295/295/295
f 292/292/292 295/295/295 296/296/296
f 293/293/293 292/292/292 296/296/296
f 293/293/293 296/296/296 297/297/297
f 298/298/298 299/299/299 300/300/300
f 298/298/298 300/300/300 301/301/301
f 299/299/299 271/271/271 274/274/274
f 299/299/299 274/274/274 300/300/300
f 300/300/300 274/274/274 279/279/279
f 300/300/300 279/279/279 302/302/302
f 301/301/301 300/300/300 302/302/302
f 301/301/301 302/302/302 303/303/303
f 304/304/304 305/305/305 306/306/306
f 304/304/304 306/306/306 307/307/307
f 305/305/305 280/280/280 283/283/283
f 305/305/305 283/283/283 306/306/306
f 306/306/306 283/283/283 285/285/285
f 306/306/306 285/285/285 308/308/308
f 307/307/307 306/306/306 308/308/308
f 307/307/307 308/308/308 309/309/309
f 310/310/310 311/311/311 312/312/312
f 310/310/310 312/312/312 313/313/313
f 311/311/311 286/286/286 289/289/289
f 311/311/311 289/289/289 312/312/312
f 312/312/312 289/289/289 291/291/291
f 312/312/312 291/291/291 314/314/314
f 313/313/313 312/312/312 314/314/314
f 313/313/313 314/314/314 315/315/315
f 297/297/297 296/296/296 316/316/316
f 297/297/297 316/316/316 317/317/317
f 296/296/296 295/295/295 318/318/318
f 296/296/296 318/318/318 316/316/316
f 316/316/316 318/318/318 319/319/319
f 316/316/316 319/319/319 320/320/320
f 317/317/317 316/316/316 320/320/320
f 317/317/317 320/320/320 321/321/321
f 322/322/322 323/323/323 324/324/324
f 322/322/322 324/324/324 325/325/325
f 323/323/323 298/298/298 301/301/301
f 323/323/323 301/301/301 324/324/324
f 324/324/324 301/301/301 303/303/303
f 324/324/324 303/303/303 326/326/326
f 325/325/325 324/324/324 326/326/326
f 325/325/325 326/326/326 327/327/327
f 328/328/328 329/329/329 330/330/330
f 328/328/328 330/330/330 331/331/331
f 329/329/329 304/304/304 307/307/307
f 329/329/329 307/307/307 330/330/330
f 330/330/330 307/307/307 309/309/309
f 330/330/330 309/309/309 332/332/332
f 331/331/331 330/330/330 332/332/332
f 331/331/331 332/332/332 333/333/333
f 334/334/334 335/335/335 336/336/336
f 334/334/334 336/336/336 337/337/337
f 335/335/335 310/310/310 313/313/313
f 335/335/335 313/313/313 336/336/336
f 336/336/336 313/313/313 315/315/315
f 336/336/336 315/315/315 338/338/338
f 337/337/337 336/336/336 338/338/338
f 337/337/337 338/338/338 339/339/339
f 321/321/321 320/320/320 340/340/340
f 321/321/321 340/340/340 341/341/341
f 320/320/320 319/319/319 342/342/342
f 320/320/320 342/342/342 340/340/340
f 340/340/340 342/342/342 343/343/343
f 340/340/340 343/343/343 344/344/344
f 341/341/341 340/340/340 344/344/344
f 341/341/341 344/344/344 345/345/345
f 346/346/346 347/347/347 348/348/348
f 346/346/346 348/348/348 349/349/349
f 347/347/347 322/322/322 325/325/325
f 347/347/347 325/325/325 348/348/348
f 348/348/348 325/325/325 327/327/327
f 348/348/348 327/327/327 350/350/350
f 349/349/349 348/348/348 350/350/350
f 349/349/349 350/350/350 351/351/351
f 352/352/352 353/353/353 354/354/354
f 352/352/352 354/354/354 355/355/355
f 353/353/353 356/356/356 357/357/357
f 353/353/353 357/357/357 354/354/354
f 354/354/354 357/357/357 358/358/358
f 354/354/354 358/358/358 359/359/359
f 355/355/355 354/354/354 359/359/359
f 355/355/355 359/359/359 360/360/360
f 16/16/16 15/15/15 361/361/361
f 16/16/16 361/361/361 362/362/362
f 15/15/15 14/14/14 363/363/363
f 15/15/15 363/363/363 361/361/361
f 361/361/361 363/363/363 364/364/364
f 361/361/361 364/364/364 365/365/365
f 362/362/362 361/361/361 365/365/365
f 362/362/362 365/365/365 366/366/366
f 367/367/367 368/368/368 369/369/369
f 367/367/367 369/369/369 370/370/370
f 368/368/368 43/43/43 42/42/42
f 368/368/368 42/42/42 369/369/369
f 369/369/369 42/42/42 41/41/41
f 369/369/369 41/41/41 371/371/371
f 370/370/370 369/369/369 371/371/371
f 370/370/370 371/371/371 372/372/372
f 373/373/373 374/374/374 375/375/375
f 373/373/373 375/375/375 376/376/376
f 374/374/374 32/32/32 29/29/29
f 374/374/374 29/29/29 375/375/375
f 375/375/375 29/29/29 28/28/28
f 375/375/375 28/28/28 377/377/377
f 376/376/376 375/375/375 377/377/377
f 376/376/376 377/377/377 378/378/378
f 379/379/379 380/380/380 381/381/381
f 379/379/379 381/381/381 382/382/382
f 380/380/380 383/383/383 384/384/384
f 380/380/380 384/384/384 381/381/381
f 381/381/381 384/384/384 385/385/385
f 381/381/381 385/385/385 386/386/386
f 382/382/382 381/381/381 386/386/386
f 382/382/382 386/386/386 387/387/387
f 366/366/366 365/365/365 388/388/388
f 366/366/366 388/388/388 389/389/389
f 365/365/365 364/364/364 390/390/390
f 365/365/365 390/390/390 388/388/388
f 388/388/388 390/390/390 391/391/391
f 388/388/388 391/391/391 392/392/392
f 389/389/389 388/388/388 392/392/392
f 389/389/389 392/392/392 393/393/393
f 394/394/394 395/395/395 396/396/396
f 394/394/394 396/396/396 397/397/397
f 395/395/395 367/367/367 370/370/370
f 395/395/395 370/370/370 396/396/396
f 396/396/396 370/370/370 372/372/372
f 396/396/396 372/372/372 398/398/398
f 397/397/397 396/396/396 398/398/398
f 397/397/397 398/398/398 399/399/399
f 400/400/400 401/401/401 402/402/402
f 400/400/400 402/402/402 403/403/403
f 401/401/401 373/373/373 376/376/376
f 401/401/401 376/376/376 402/402/402
f 402/402/402 376/376/376 378/378/378
f 402/402/402 378/378/378 404/404/404
f 403/403/403 402/402/402 404/404/404
f 403/403/403 404/404/404 405/405/405
f 406/406/406 407/407/407 408/408/408
f 406/406/406 408/408/408 409/409/409
f 407/407/407 379/379/379 382/382/382
f 407/407/407 382/382/382 408/408/408
f 408/408/408 382/382/382 387/387/387
f 408/408/408 387/387/387 410/410/410
f 409/409/409 408/408/408 410/410/410
f 409/409/409 410/410/410 411/411/411
f 393/393/393 392/392/392 412/412/412
f 393/393/393 412/412/412 413/413/413
f 392/392/392 391/391/391 414/414/414
f 392/392/392 414/414/414 412/412/412
f 412/412/412 414/414/414 415/415/415
f 412/412/412 415/415/415 416/416/416
f 413/413/413 412/412/412 416/416/416
f 413/413/413 416/416/416 417/417/417
f 418/418/418 419/419/419 420/420/420
f 418/418/418 420/420/420 421/421/421
f 419/419/419 394/394/394 397/397/397
f 419/419/419 397/397/397 420/420/420
f 420/420/420 397/397/397 399/399/399
f 420/420/420 399/399/399 422/422/422
f 421/421/421 420/420/420 422/422/422
f 421/421/421 422/422/422 423/423/423
f 424/424/424 425/425/425 426/426/426
f 424/424/424 426/426/426 427/427/427
f 425/425/425 400/400/400 403/403/403
f 425/425/425 403/403/403 426/426/426
f 426/426/426 403/403/403 405/405/405
f 426/426/426 405/405/405 428/428/428
f 427/427/427 426/426/426 428/428/428
f 427/427/427 428/428/428 429/429/429
f 360/360/360 430/430/430 431/431/431
f 360/360/360 431/431/431 355/355/355
f 430/430/430 406/406/406 409/409/409
f 430/430/430 409/409/409 431/431/431
f 431/431/431 409/409/409 411/411/411
f 431/431/431 411/411/411 432/432/432
f 355/355/355 431/431/431 432/432/432
f 355/355/355 432/432/432 352/352/352
f 433/433/433 434/434/434 435/435/435
f 433/433/433 435/435/435 436/436/436
f 434/434/434 328/328/328 331/331/331
f 434/434/434 331/331/331 435/435/435
f 435/435/435 331/331/331 333/333/333
f 435/435/435 333/333/333 437/437/437
f 436/436/436 435/435/435 437/437/437
f 436/436/436 437/437/437 438/438/438
f 439/439/439 440/440/440 441/441/441
f 439/439/439 441/441/441 442/442/442
f 440/440/440 334/334/334 337/337/337
f 440/440/440 337/337/337 441/441/441
f 441/441/441 337/337/337 339/339/339
f 441/441/441 339/339/339 443/443/443
f 442/442/442 441/441/441 443/443/443
f 442/442/442 443/443/443 444/444/444
f 345/345/345 344/344/344 445/445/445
f 345/345/345 445/445/445 446/446/446
f 344/344/344 343/343/343 447/447/447
f 344/344/344 447/447/447 445/445/445
f 445/445/445 447/447/447 448/448/448
f 445/445/445 448/448/448 449/449/449
f 446/446/446 445/445/445 449/449/449
f 446/446/446 449/449/449 450/450/450
f 451/451/451 452/452/452 453/453/453
f 451/451/451 453/453/453 454/454/454
f 452/452/452 346/346/346 349/349/349
f 452/452/452 349/349/349 453/453/453
f 453/453/453 349/349/349 351/351/351
f 453/453/453 351/351/351 455/455/455
f 454/454/454 453/453/453 455/455/455
f 454/454/454 455/455/455 456/456/456
f 457/457/457 458/458/458 459/459/459
f 457/457/457 459/459/459 460/460/460
f 458/458/458 433/433/433 436/436/436
f 458/458/458 436/436/436 459/459/459
f 459/459/459 436/436/436 438/438/438
f 459/459/459 438/438/438 461/461/461
f 460/460/460 459/459/459 461/461/461
f 460/460/460 461/461/461 462/462/462
f 463/463/463 464/464/464 465/465/465
f 463/463/463 465/465/465 466/466/466
f 464/464/464 439/439/439 442/442/442
f 464/464/464 442/442/442 465/465/465
f 465/465/465 442/442/442 444/444/444
f 465/465/465 444/444/444 467/467/467
f 466/466/466 465/465/465 467/467/467
f 466/466/466 467/467/467 468/468/468
f 450/450/450 449/449/449 469/469/469
f 450/450/450 469/469/469 470/470/470
f 449/449/449 448/448/448 471/471/471
f 449/449/449 471/471/471 469/469/469
f 469/469/469 471/471/471 472/472/472
f 469/469/469 472/472/472 473/473/473
f 470/470/470 469/469/469 473/473/473
f 470/470/470 473/473/473 474/474/474
f 475/475/475 476/476/476 477/477/477
f 475/475/475 477/477/477 478/478/478
f 476/476/476 451/451/451 454/454/454
f 476/476/476 454/454/454 477/477/477
f 477/477/477 454/454/454 456/456/456
f 477/477/477 456/456/456 479/479/479
f 478/478/478 477/477/477 479/479/479
f 478/478/478 479/479/479 480/480/480
f 481/481/481 482/482/482 483/483/483
f 481/481/481 483/483/483 484/484/484
f 482/482/482 457/457/457 460/460/460
f 482/482/482 460/460/460 483/483/483
f 483/483/483 460/460/460 462/462/462
f 483/483/483 462/462/462 485/485/485
f 484/484/484 483/483/483 485/485/485
f 484/484/484 485/485/485 486/486/486
f 487/487/487 488/488/488 489/489/489
f 487/487/487 489/489/489 490/490/490
f 488/488/488 463/463/463 466/466/466
f 488/488/488 466/466/466 489/489/489
f 489/489/489 466/466/466 468/468/468
f 489/489/489 468/468/468 491/491/491
f 490/490/490 489/489/489 491/491/491
f 490/490/490 491/491/491 492/492/492
f 474/474/474 473/473/473 493/493/493
f 474/474/474 493/493/493 494/494/494
f 473/473/473 472/472/472 495/495/495
f 473/473/473 495/495/495 493/493/493
f 493/493/493 495/495/495 496/496/496
f 493/493/493 496/496/496 497/497/497
f 494/494/494 493/493/493 497/497/497
f 494/494/494 497/497/497 498/498/498
f 499/499/499 500/500/500 501/501/501
f 499/499/499 501/501/501 502/502/502
f 500/500/500 475/475/475 478/478/478
f 500/500/500 478/478/478 501/501/501
f 501/501/501 478/478/478 480/480/480
f 501/501/501 480/480/480 503/503/503
f 502/502/502 501/501/501 503/503/503
f 502/502/502 503/503/503 504/504/504
f 505/505/505 506/506/506 507/507/507
f 505/505/505 507/507/507 508/508/508
f 506/506/506 481/481/481 484/484/484
f 506/506/506 484/484/484 507/507/507
f 507/507/507 484/484/484 486/486/486
f 507/507/507 486/486/486 509/509/509
f 508/508/508 507/507/507 509/509/509
f 508/508/508 509/509/509 510/510/510
f 7/7/7 511/511/511 512/512/512
f 7/7/7 512/512/512 8/8/8
f 511/511/511 487/487/487 490/490/490
f 511/511/511 490/490/490 512/512/512
f 512/512/512 490/490/490 492/492/492
f 512/512/512 492/492/492 513/513/513
f 8/8/8 512/512/512 513/513/513
f 8/8/8 513/513/513 9/9/9
f 498/498/498 497/497/497 514/514/514
f 498/498/498 514/514/514 515/515/515
f 497/497/497 496/496/496 516/516/516
f 497/497/497 516/516/516 514/514/514
f 514/514/514 516/516/516 517/517/517
f 514/514/514 517/517/517 518/518/518
f 515/515/515 514/514/514 518/518/518
f 515/515/515 518/518/518 519/519/519
f 520/520/520 521/521/521 522/522/522
f 520/520/520 522/522/522 523/523/523
f 521/521/521 499/499/499 502/502/502
f 521/521/521 502/502/502 522/522/522
f 522/522/522 502/502/502 504/504/504
f 522/522/522 504/504/504 524/524/524
f 523/523/523 522/522/522 524/524/524
f 523/523/523 524/524/524 525/525/525
f 23/23/23 526/526/526 527/527/527
f 23/23/23 527/527/527 24/24/24
f 526/526/526 385/385/385 384/384/384
f 526/526/526 384/384/384 527/527/527
f 527/527/527 384/384/384 383/383/383
f 527/527/527 383/383/383 528/528/528
f 24/24/24 527/527/527 528/528/528
f 24/24/24 528/528/528 25/25/25
f 27/27/27 529/529/529 530/530/530
f 27/27/27 530/530/530 22/22/22
f 529/529/529 58/58/58 57/57/57
f 529/529/529 57/57/57 530/530/530
f 530/530/530 57/57/57 56/56/56
f 530/530/530 56/56/56 531/531/531
f 22/22/22 530/530/530 531/531/531
f 22/22/22 531/531/531 19/19/19
f 28/28/28 31/31/31 532/532/532
f 28/28/28 532/532/532 533/533/533
f 31/31/31 36/36/36 534/534/534
f 31/31/31 534/534/534 532/532/532
f 532/532/532 534/534/534 535/535/535
f 532/532/532 535/535/535 536/536/536
f 533/533/533 532/532/532 536/536/536
f 533/533/533 536/536/536 537/537/537
f 36/36/36 538/538/538 539/539/539
f 36/36/36 539/539/539 534/534/534
f 538/538/538 540/540/540 541/541/541
f 538/538/538 541/541/541 539/539/539
f 539/539/539 541/541/541 542/542/542
f 539/539/539 542/542/542 543/543/543
f 534/534/534 539/539/539 543/543/543
f 534/534/534 543/543/543 535/535/535
f 540/540/540 544/544/544 545/545/545
f 540/540/540 545/545/545 541/541/541
f 544/544/544 546/546/546 547/547/547
f 544/544/544 547/547/547 545/545/545
f 545/545/545 547/547/547 548/548/548
f 545/545/545 548/548/548 549/549/549
f 541/541/541 545/545/545 549/549/549
f 541/541/541 549/549/549 542/542/542
f 546/546/546 550/550/550 551/551/551
f 546/546/546 551/551/551 547/547/547
f 550/550/550 28/28/28 533/533/533
f 550/550/550 533/533/533 551/551/551
f 551/551/551 533/533/533 537/537/537
f 551/551/551 537/537/537 552/552/552
f 547/547/547 551/551/551 552/552/552
f 547/547/547 552/552/552 548/548/548
f 18/18/18 17/17/17 553/553/553
f 18/18/18 553/553/553 554/554/554
f 17/17/17 16/16/16 555/555/555
f 17/17/17 555/555/555 553/553/553
f 553/553/553 555/555/555 556/556/556
f 553/553/553 556/556/556 557/557/557
f 554/554/554 553/553/553 557/557/557
f 554/554/554 557/557/557 558/558/558
f 16/16/16 559/559/559 560/560/560
f 16/16/16 560/560/560 555/555/555
f 559/559/559 561/561/561 562/562/562
f 559/559/559 562/562/562 560/560/560
f 560/560/560 562/562/562 563/563/563
f 560/560/560 563/563/563 564/564/564
f 555/555/555 560/560/560 564/564/564
f 555/555/555 564/564/564 556/556/556
f 561/561/561 565/565/565 566/566/566
f 561/561/561 566/566/566 562/562/562
f 565/565/565 567/567/567 568/568/568
f 565/565/565 568/568/568 566/566/566
f 566/566/566 568/568/568 569/569/569
f 566/566/566 569/569/569 570/570/570
f 562/562/562 566/566/566 570/570/570
f 562/562/562 570/570/570 563/563/563
f 567/567/567 571/571/571 572/572/572
f 567/567/567 572/572/572 568/568/568
f 571/571/571 18/18/18 554/554/554
f 571/571/571 554/554/554 572/572/572
f 572/572/572 554/554/554 558/558/558
f 572/572/572 558/558/558 573/573/573
f 568/568/568 572/572/572 573/573/573
f 568/568/568 573/573/573 569/569/569
f 574/574/574 575/575/575 576/576/576
f 574/574/574 576/576/576 577/577/577
f 575/575/575 578/578/578 579/579/579
f 575/575/575 579/579/579 576/576/576
f 576/576/576 579/579/579 580/580/580
f 576/576/576 580/580/580 581/581/581
f 577/577/577 576/576/576 581/581/581
f 577/577/577 581/581/581 582/582/582
f 578/578/578 583/583/583 584/584/584
f 578/578/578 584/584/584 579/579/579
f 583/583/583 585/585/585 586/586/586
f 583/583/583 586/586/586 584/584/584
f 584/584/584 586/586/586 587/587/587
f 584/584/584 587/587/587 588/588/588
f 579/579/579 584/584/584 588/588/588
f 579/579/579 588/588/588 580/580/580
f 585/585/585 589/589/589 590/590/590
f 585/585/585 590/590/590 586/586/586
f 589/589/589 591/591/591 592/592/592
f 589/589/589 592/592/592 590/590/590
f 590/590/590 592/592/592 593/593/593
f 590/590/590 593/593/593 594/594/594
f 586/586/586 590/590/590 594/594/594
f 586/586/586 594/594/594 587/587/587
f 591/591/591 595/595/595 596/596/596
f 591/591/591 596/596/596 592/592/592
f 595/595/595 574/574/574 577/577/577
f 595/595/595 577/577/577 596/596/596
f 596/596/596 577/577/577 582/582/582
f 596/596/596 582/582/582 597/597/597
f 592/592/592 596/596/596 597/597/597
f 592/592/592 597/597/597 593/593/593
f 598/598/598 599/599/599 600/600/600
f 598/598/598 600/600/600 601/601/601
f 599/599/599 220/220/220 223/223/223
f 599/599/599 223/223/223 600/600/600
f 600/600/600 223/223/223 225/225/225
f 600/600/600 225/225/225 602/602/602
f 601/601/601 600/600/600 602/602/602
f 601/601/601 602/602/602 603/603/603
f 257/257/257 604/604/604 605/605/605
f 257/257/257 605/605/605 258/258/258
f 604/604/604 226/226/226 229/229/229
f 604/604/604 229/229/229 605/605/605
f 605/605/605 229/229/229 231/231/231
f 605/605/605 231/231/231 606/606/606
f 258/258/258 605/605/605 606/606/606
f 258/258/258 606/606/606 259/259/259
f 237/237/237 236/236/236 607/607/607
f 237/237/237 607/607/607 608/608/608
f 236/236/236 235/235/235 609/609/609
f 236/236/236 609/609/609 607/607/607
f 607/607/607 609/609/609 266/266/266
f 607/607/607 266/266/266 263/263/263
f 608/608/608 607/607/607 263/263/263
f 608/608/608 263/263/263 262/262/262
f 275/275/275 610/610/610 611/611/611
f 275/275/275 611/611/611 276/276/276
f 610/610/610 238/238/238 241/241/241
f 610/610/610 241/241/241 611/611/611
f 611/611/611 241/241/241 243/243/243
f 611/611/611 243/243/243 612/612/612
f 276/276/276 611/611/611 612/612/612
f 276/276/276 612/612/612 277/277/277
f 613/613/613 614/614/614 615/615/615
f 613/613/613 615/615/615 616/616/616
f 617/617/617 618/618/618 619/619/619
f 617/617/617 619/619/619 620/620/620
f 620/620/620 619/619/619 621/621/621
f 620/620/620 621/621/621 622/622/622
f 616/616/616 615/615/615 623/623/623
f 616/616/616 623/623/623 624/624/624
f 621/621/621 625/625/625 626/626/626
f 621/621/621 626/626/626 622/622/622
f 625/625/625 627/627/627 628/628/628
f 625/625/625 628/628/628 626/626/626
f 629/629/629 630/630/630 631/631/631
f 629/629/629 631/631/631 632/632/632
f 623/623/623 629/629/629 632/632/632
f 623/623/623 632/632/632 624/624/624
f 633/633/633 634/634/634 635/635/635
f 633/633/633 635/635/635 636/636/636
f 634/634/634 637/637/637 638/638/638
f 634/634/634 638/638/638 635/635/635
f 639/639/639 640/640/640 641/641/641
f 639/639/639 641/641/641 642/642/642
f 643/643/643 639/639/639 642/642/642
f 643/643/643 642/642/642 644/644/644
f 627/627/627 645/645/645 646/646/646
f 627/627/627 646/646/646 628/628/628
f 645/645/645 647/647/647 648/648/648
f 645/645/645 648/648/648 646/646/646
f 649/649/649 650/650/650 651/651/651
f 649/649/649 651/651/651 652/652/652
f 630/630/630 649/649/649 652/652/652
f 630/630/630 652/652/652 631/631/631
f 653/653/653 654/654/654 655/655/655
f 653/653/653 655/655/655 656/656/656
f 654/654/654 633/633/633 636/636/636
f 654/654/654 636/636/636 655/655/655
f 657/657/657 643/643/643 644/644/644
f 657/657/657 644/644/644 658/658/658
f 659/659/659 657/657/657 658/658/658
f 659/659/659 658/658/658 660/660/660
f 647/647/647 661/661/661 662/662/662
f 647/647/647 662/662/662 648/648/648
f 661/661/661 663/663/663 664/664/664
f 661/661/661 664/664/664 662/662/662
f 665/665/665 666/666/666 667/667/667
f 665/665/665 667/667/667 668/668/668
f 650/650/650 665/665/665 668/668/668
f 650/650/650 668/668/668 651/651/651
f 669/669/669 670/670/670 671/671/671
f 669/669/669 671/671/671 672/672/672
f 670/670/670 653/653/653 656/656/656
f 670/670/670 656/656/656 671/671/671
f 673/673/673 659/659/659 660/660/660
f 673/673/673 660/660/660 674/674/674
f 675/675/675 673/673/673 674/674/674
f 675/675/675 674/674/674 676/676/676
f 663/663/663 677/677/677 678/678/678
f 663/663/663 678/678/678 664/664/664
f 677/677/677 679/679/679 680/680/680
f 677/677/677 680/680/680 678/678/678
f 681/681/681 682/682/682 683/683/683
f 681/681/681 683/683/683 684/684/684
f 666/666/666 681/681/681 684/684/684
f 666/666/666 684/684/684 667/667/667
f 685/685/685 686/686/686 687/687/687
f 685/685/685 687/687/687 688/688/688
f 686/686/686 669/669/669 672/672/672
f 686/686/686 672/672/672 687/687/687
f 689/689/689 675/675/675 676/676/676
f 689/689/689 676/676/676 690/690/690
f 691/691/691 689/689/689 690/690/690
f 691/691/691 690/690/690 692/692/692
f 679/679/679 693/693/693 694/694/694
f 679/679/679 694/694/694 680/680/680
f 693/693/693 695/695/695 696/696/696
f 693/693/693 696/696/696 694/694/694
f 697/697/697 698/698/698 699/699/699
f 697/697/697 699/699/699 700/700/700
f 682/682/682 697/697/697 700/700/700
f 682/682/682 700/700/700 683/683/683
f 701/701/701 702/702/702 703/703/703
f 701/701/701 703/703/703 704/704/704
f 702/702/702 685/685/685 688/688/688
f 702/702/702 688/688/688 703/703/703
f 705/705/705 691/691/691 692/692/692
f 705/705/705 692/692/692 706/706/706
f 707/707/707 705/705/705 706/706/706
f 707/707/707 706/706/706 708/708/708
f 695/695/695 709/709/709 710/710/710
f 695/695/695 710/710/710 696/696/696
f 709/709/709 711/711/711 712/712/712
f 709/709/709 712/712/712 710/710/710
f 713/713/713 714/714/714 715/715/715
f 713/713/713 715/715/715 716/716/716
f 698/698/698 713/713/713 716/716/716
f 698/698/698 716/716/716 699/699/699
f 711/711/711 717/717/717 718/718/718
f 711/711/711 718/718/718 712/712/712
f 717/717/717 719/719/719 720/720/720
f 717/717/717 720/720/720 718/718/718
f 721/721/721 722/722/722 723/723/723
f 721/721/721 723/723/723 724/724/724
f 714/714/714 721/721/721 724/724/724
f 714/714/714 724/724/724 715/715/715
f 725/725/725 726/726/726 727/727/727
f 725/725/725 727/727/727 728/728/728
f 726/726/726 701/701/701 704/704/704
f 726/726/726 704/704/704 727/727/727
f 729/729/729 707/707/707 708/708/708
f 729/729/729 708/708/708 730/730/730
f 731/731/731 729/729/729 730/730/730
f 731/731/731 730/730/730 732/732/732
f 733/733/733 734/734/734 735/735/735
f 733/733/733 735/735/735 736/736/736
f 734/734/734 737/737/737 738/738/738
f 734/734/734 738/738/738 735/735/735
f 735/735/735 738/738/738 739/739/739
f 735/735/735 739/739/739 740/740/740
f 736/736/736 735/735/735 740/740/740
f 736/736/736 740/740/740 741/741/741
f 739/739/739 742/742/742 743/743/743
f 739/739/739 743/743/743 740/740/740
f 742/742/742 744/744/744 745/745/745
f 742/742/742 745/745/745 743/743/743
f 743/743/743 745/745/745 746/746/746
f 743/743/743 746/746/746 747/747/747
f 740/740/740 743/743/743 747/747/747
f 740/740/740 747/747/747 741/741/741
f 744/744/744 748/748/748 749/749/749
f 744/744/744 749/749/749 745/745/745
f 748/748/748 750/750/750 751/751/751
f 748/748/748 751/751/751 749/749/749
f 749/749/749 751/751/751 752/752/752
f 749/749/749 752/752/752 753/753/753
f 745/745/745 749/749/749 753/753/753
f 745/745/745 753/753/753 746/746/746
f 754/754/754 755/755/755 756/756/756
f 754/754/754 756/756/756 757/757/757
f 755/755/755 758/758/758 759/759/759
f 755/755/755 759/759/759 756/756/756
f 756/756/756 759/759/759 695/695/695
f 756/756/756 695/695/695 693/693/693
f 757/757/757 756/756/756 693/693/693
f 757/757/757 693/693/693 679/679/679
f 758/758/758 760/760/760 761/761/761
f 758/758/758 761/761/761 759/759/759
f 760/760/760 762/762/762 763/763/763
f 760/760/760 763/763/763 761/761/761
f 761/761/761 763/763/763 711/711/711
f 761/761/761 711/711/711 709/709/709
f 759/759/759 761/761/761 709/709/709
f 759/759/759 709/709/709 695/695/695
f 762/762/762 764/764/764 765/765/765
f 762/762/762 765/765/765 763/763/763
f 764/764/764 766/766/766 767/767/767
f 764/764/764 767/767/767 765/765/765
f 765/765/765 767/767/767 719/719/719
f 765/765/765 719/719/719 717/717/717
f 763/763/763 765/765/765 717/717/717
f 763/763/763 717/717/717 711/711/711
f 768/768/768 769/769/769 770/770/770
f 768/768/768 770/770/770 771/771/771
f 769/769/769 772/772/772 773/773/773
f 769/769/769 773/773/773 770/770/770
f 770/770/770 773/773/773 701/701/701
f 770/770/770 701/701/701 726/726/726
f 771/771/771 770/770/770 726/726/726
f 771/771/771 726/726/726 725/725/725
f 772/772/772 774/774/774 775/775/775
f 772/772/772 775/775/775 773/773/773
f 774/774/774 776/776/776 777/777/777
f 774/774/774 777/777/777 775/775/775
f 775/775/775 777/777/777 685/685/685
f 775/775/775 685/685/685 702/702/702
f 773/773/773 775/775/775 702/702/702
f 773/773/773 702/702/702 701/701/701
f 778/778/778 779/779/779 780/780/780
f 778/778/778 780/780/780 781/781/781
f 779/779/779 782/782/782 783/783/783
f 779/779/779 783/783/783 780/780/780
f 780/780/780 783/783/783 784/784/784
f 780/780/780 784/784/784 785/785/785
f 781/781/781 780/780/780 785/785/785
f 781/781/781 785/785/785 786/786/786
f 782/782/782 787/787/787 788/788/788
f 782/782/782 788/788/788 783/783/783
f 787/787/787 789/789/789 790/790/790
f 787/787/787 790/790/790 788/788/788
f 788/788/788 790/790/790 791/791/791
f 788/788/788 791/791/791 792/792/792
f 783/783/783 788/788/788 792/792/792
f 783/783/783 792/792/792 784/784/784
f 793/793/793 794/794/794 795/795/795
f 793/793/793 795/795/795 796/796/796
f 794/794/794 97/97/97 100/100/100
f 794/794/794 100/100/100 795/795/795
f 795/795/795 100/100/100 102/102/102
f 795/795/795 102/102/102 797/797/797
f 796/796/796 795/795/795 797/797/797
f 796/796/796 797/797/797 798/798/798
f 102/102/102 799/799/799 800/800/800
f 102/102/102 800/800/800 797/797/797
f 799/799/799 801/801/801 802/802/802
f 799/799/799 802/802/802 800/800/800
f 800/800/800 802/802/802 803/803/803
f 800/800/800 803/803/803 804/804/804
f 797/797/797 800/800/800 804/804/804
f 797/797/797 804/804/804 798/798/798
f 801/801/801 805/805/805 806/806/806
f 801/801/801 806/806/806 802/802/802
f 805/805/805 807/807/807 808/808/808
f 805/805/805 808/808/808 806/806/806
f 806/806/806 808/808/808 809/809/809
f 806/806/806 809/809/809 810/810/810
f 802/802/802 806/806/806 810/810/810
f 802/802/802 810/810/810 803/803/803
f 807/807/807 811/811/811 812/812/812
f 807/807/807 812/812/812 808/808/808
f 811/811/811 813/813/813 814/814/814
f 811/811/811 814/814/814 812/812/812
f 812/812/812 814/814/814 815/815/815
f 812/812/812 815/815/815 816/816/816
f 808/808/808 812/812/812 816/816/816
f 808/808/808 816/816/816 809/809/809
f 813/813/813 817/817/817 818/818/818
f 813/813/813 818/818/818 814/814/814
f 817/817/817 819/819/819 820/820/820
f 817/817/817 820/820/820 818/818/818
f 818/818/818 820/820/820 821/821/821
f 818/818/818 821/821/821 822/822/822
f 814/814/814 818/818/818 822/822/822
f 814/814/814 822/822/822 815/815/815
f 819/819/819 823/823/823 824/824/824
f 819/819/819 824/824/824 820/820/820
f 823/823/823 825/825/825 826/826/826
f 823/823/823 826/826/826 824/824/824
f 824/824/824 826/826/826 827/827/827
f 824/824/824 827/827/827 828/828/828
f 820/820/820 824/824/824 828/828/828
f 820/820/820 828/828/828 821/821/821
f 825/825/825 829/829/829 830/830/830
f 825/825/825 830/830/830 826/826/826
f 829/829/829 250/250/250 831/831/831
f 829/829/829 831/831/831 830/830/830
f 830/830/830 831/831/831 832/832/832
f 830/830/830 832/832/832 833/833/833
f 826/826/826 830/830/830 833/833/833
f 826/826/826 833/833/833 827/827/827
f 250/250/250 249/249/249 834/834/834
f 250/250/250 834/834/834 831/831/831
f 249/249/249 248/248/248 835/835/835
f 249/249/249 835/835/835 834/834/834
f 834/834/834 835/835/835 836/836/836
f 834/834/834 836/836/836 837/837/837
f 831/831/831 834/834/834 837/837/837
f 831/831/831 837/837/837 832/832/832
f 838/838/838 839/839/839 840/840/840
f 838/838/838 840/840/840 841/841/841
f 839/839/839 842/842/842 843/843/843
f 839/839/839 843/843/843 840/840/840
f 840/840/840 843/843/843 844/844/844
f 840/840/840 844/844/844 845/845/845
f 841/841/841 840/840/840 845/845/845
f 841/841/841 845/845/845 846/846/846
f 842/842/842 847/847/847 848/848/848
f 842/842/842 848/848/848 843/843/843
f 847/847/847 849/849/849 850/850/850
f 847/847/847 850/850/850 848/848/848
f 848/848/848 850/850/850 851/851/851
f 848/848/848 851/851/851 852/852/852
f 843/843/843 848/848/848 852/852/852
f 843/843/843 852/852/852 844/844/844
f 849/849/849 853/853/853 854/854/854
f 849/849/849 854/854/854 850/850/850
f 853/853/853 855/855/855 856/856/856
f 853/853/853 856/856/856 854/854/854
f 854/854/854 856/856/856 857/857/857
f 854/854/854 857/857/857 858/858/858
f 850/850/850 854/854/854 858/858/858
f 850/850/850 858/858/858 851/851/851
f 855/855/855 859/859/859 860/860/860
f 855/855/855 860/860/860 856/856/856
f 859/859/859 861/861/861 862/862/862
f 859/859/859 862/862/862 860/860/860
f 860/860/860 862/862/862 863/863/863
f 860/860/860 863/863/863 864/864/864
f 856/856/856 860/860/860 864/864/864
f 856/856/856 864/864/864 857/857/857
f 861/861/861 865/865/865 866/866/866
f 861/861/861 866/866/866 862/862/862
f 865/865/865 867/867/867 868/868/868
f 865/865/865 868/868/868 866/866/866
f 866/866/866 868/868/868 869/869/869
f 866/866/866 869/869/869 870/870/870
f 862/862/862 866/866/866 870/870/870
f 862/862/862 870/870/870 863/863/863
f 867/867/867 871/871/871 872/872/872
f 867/867/867 872/872/872 868/868/868
f 871/871/871 873/873/873 874/874/874
f 871/871/871 874/874/874 872/872/872
f 872/872/872 874/874/874 875/875/875
f 872/872/872 875/875/875 876/876/876
f 868/868/868 872/872/872 876/876/876
f 868/868/868 876/876/876 869/869/869
f 809/809/809 816/816/816 877/877/877
f 809/809/809 877/877/877 878/878/878
f 816/816/816 815/815/815 879/879/879
f 816/816/816 879/879/879 877/877/877
f 877/877/877 879/879/879 880/880/880
f 877/877/877 880/880/880 881/881/881
f 878/878/878 877/877/877 881/881/881
f 878/878/878 881/881/881 882/882/882
f 815/815/815 822/822/822 883/883/883
f 815/815/815 883/883/883 879/879/879
f 822/822/822 821/821/821 884/884/884
f 822/822/822 884/884/884 883/883/883
f 883/883/883 884/884/884 885/885/885
f 883/883/883 885/885/885 886/886/886
f 879/879/879 883/883/883 886/886/886
f 879/879/879 886/886/886 880/880/880
f 887/887/887 888/888/888 889/889/889
f 887/887/887 889/889/889 890/890/890
f 888/888/888 891/891/891 892/892/892
f 888/888/888 892/892/892 889/889/889
f 889/889/889 892/892/892 754/754/754
f 889/889/889 754/754/754 757/757/757
f 890/890/890 889/889/889 757/757/757
f 890/890/890 757/757/757 679/679/679
f 679/679/679 677/677/677 893/893/893
f 679/679/679 893/893/893 890/890/890
f 677/677/677 663/663/663 894/894/894
f 677/677/677 894/894/894 893/893/893
f 893/893/893 894/894/894 895/895/895
f 893/893/893 895/895/895 896/896/896
f 890/890/890 893/893/893 896/896/896
f 890/890/890 896/896/896 887/887/887
f 663/663/663 661/661/661 897/897/897
f 663/663/663 897/897/897 894/894/894
f 661/661/661 647/647/647 898/898/898
f 661/661/661 898/898/898 897/897/897
f 897/897/897 898/898/898 899/899/899
f 897/897/897 899/899/899 900/900/900
f 894/894/894 897/897/897 900/900/900
f 894/894/894 900/900/900 895/895/895
f 901/901/901 902/902/902 903/903/903
f 901/901/901 903/903/903 904/904/904
f 902/902/902 905/905/905 906/906/906
f 902/902/902 906/906/906 903/903/903
f 903/903/903 906/906/906 752/752/752
f 903/903/903 752/752/752 751/751/751
f 904/904/904 903/903/903 751/751/751
f 904/904/904 751/751/751 750/750/750
f 45/45/45 44/44/44 907/907/907
f 45/45/45 907/907/907 908/908/908
f 44/44/44 43/43/43 909/909/909
f 44/44/44 909/909/909 907/907/907
f 907/907/907 909/909/909 910/910/910
f 907/907/907 910/910/910 911/911/911
f 908/908/908 907/907/907 911/911/911
f 908/908/908 911/911/911 912/912/912
f 72/72/72 71/71/71 913/913/913
f 72/72/72 913/913/913 914/914/914
f 71/71/71 45/45/45 908/908/908
f 71/71/71 908/908/908 913/913/913
f 913/913/913 908/908/908 912/912/912
f 913/913/913 912/912/912 915/915/915
f 914/914/914 913/913/913 915/915/915
f 914/914/914 915/915/915 916/916/916
f 96/96/96 95/95/95 917/917/917
f 96/96/96 917/917/917 918/918/918
f 95/95/95 72/72/72 914/914/914
f 95/95/95 914/914/914 917/917/917
f 917/917/917 914/914/914 916/916/916
f 917/917/917 916/916/916 919/919/919
f 918/918/918 917/917/917 919/919/919
f 918/918/918 919/919/919 920/920/920
f 120/120/120 119/119/119 921/921/921
f 120/120/120 921/921/921 922/922/922
f 119/119/119 96/96/96 918/918/918
f 119/119/119 918/918/918 921/921/921
f 921/921/921 918/918/918 920/920/920
f 921/921/921 920/920/920 923/923/923
f 922/922/922 921/921/921 923/923/923
f 922/922/922 923/923/923 873/873/873
f 147/147/147 146/146/146 924/924/924
f 147/147/147 924/924/924 925/925/925
f 146/146/146 120/120/120 922/922/922
f 146/146/146 922/922/922 924/924/924
f 924/924/924 922/922/922 873/873/873
f 924/924/924 873/873/873 871/871/871
f 925/925/925 924/924/924 871/871/871
f 925/925/925 871/871/871 867/867/867
f 171/171/171 170/170/170 926/926/926
f 171/171/171 926/926/926 927/927/927
f 170/170/170 147/147/147 925/925/925
f 170/170/170 925/925/925 926/926/926
f 926/926/926 925/925/925 867/867/867
f 926/926/926 867/867/867 865/865/865
f 927/927/927 926/926/926 865/865/865
f 927/927/927 865/865/865 861/861/861
f 195/195/195 194/194/194 928/928/928
f 195/195/195 928/928/928 929/929/929
f 194/194/194 171/171/171 927/927/927
f 194/194/194 927/927/927 928/928/928
f 928/928/928 927/927/927 861/861/861
f 928/928/928 861/861/861 859/859/859
f 929/929/929 928/928/928 859/859/859
f 929/929/929 859/859/859 855/855/855
f 219/219/219 218/218/218 930/930/930
f 219/219/219 930/930/930 931/931/931
f 218/218/218 195/195/195 929/929/929
f 218/218/218 929/929/929 930/930/930
f 930/930/930 929/929/929 855/855/855
f 930/930/930 855/855/855 853/853/853
f 931/931/931 930/930/930 853/853/853
f 931/931/931 853/853/853 849/849/849
f 243/243/243 242/242/242 932/932/932
f 243/243/243 932/932/932 933/933/933
f 242/242/242 219/219/219 931/931/931
f 242/242/242 931/931/931 932/932/932
f 932/932/932 931/931/931 849/849/849
f 932/932/932 849/849/849 847/847/847
f 933/933/933 932/932/932 847/847/847
f 933/933/933 847/847/847 842/842/842
f 277/277/277 612/612/612 934/934/934
f 277/277/277 934/934/934 935/935/935
f 612/612/612 243/243/243 933/933/933
f 612/612/612 933/933/933 934/934/934
f 934/934/934 933/933/933 842/842/842
f 934/934/934 842/842/842 839/839/839
f 935/935/935 934/934/934 839/839/839
f 935/935/935 839/839/839 838/838/838
f 279/279/279 278/278/278 936/936/936
f 279/279/279 936/936/936 937/937/937
f 278/278/278 277/277/277 935/935/935
f 278/278/278 935/935/935 936/936/936
f 936/936/936 935/935/935 838/838/838
f 936/936/936 838/838/838 938/938/938
f 937/937/937 936/936/936 938/938/938
f 937/937/937 938/938/938 939/939/939
f 303/303/303 302/302/302 940/940/940
f 303/303/303 940/940/940 941/941/941
f 302/302/302 279/279/279 937/937/937
f 302/302/302 937/937/937 940/940/940
f 940/940/940 937/937/937 939/939/939
f 940/940/940 939/939/939 942/942/942
f 941/941/941 940/940/940 942/942/942
f 941/941/941 942/942/942 943/943/943
f 327/327/327 326/326/326 944/944/944
f 327/327/327 944/944/944 945/945/945
f 326/326/326 303/303/303 941/941/941
f 326/326/326 941/941/941 944/944/944
f 944/944/944 941/941/941 943/943/943
f 944/944/944 943/943/943 946/946/946
f 945/945/945 944/944/944 946/946/946
f 945/945/945 946/946/946 947/947/947
f 351/351/351 350/350/350 948/948/948
f 351/351/351 948/948/948 949/949/949
f 350/350/350 327/327/327 945/945/945
f 350/350/350 945/945/945 948/948/948
f 948/948/948 945/945/945 947/947/947
f 948/948/948 947/947/947 950/950/950
f 949/949/949 948/948/948 950/950/950
f 949/949/949 950/950/950 951/951/951
f 456/456/456 455/455/455 952/952/952
f 456/456/456 952/952/952 953/953/953
f 455/455/455 351/351/351 949/949/949
f 455/455/455 949/949/949 952/952/952
f 952/952/952 949/949/949 951/951/951
f 952/952/952 951/951/951 954/954/954
f 953/953/953 952/952/952 954/954/954
f 953/953/953 954/954/954 955/955/955
f 480/480/480 479/479/479 956/956/956
f 480/480/480 956/956/956 957/957/957
f 479/479/479 456/456/456 953/953/953
f 479/479/479 953/953/953 956/956/956
f 956/956/956 953/953/953 955/955/955
f 956/956/956 955/955/955 958/958/958
f 957/957/957 956/956/956 958/958/958
f 957/957/957 958/958/958 959/959/959
f 504/504/504 503/503/503 960/960/960
f 504/504/504 960/960/960 961/961/961
f 503/503/503 480/480/480 957/957/957
f 503/503/503 957/957/957 960/960/960
f 960/960/960 957/957/957 959/959/959
f 960/960/960 959/959/959 962/962/962
f 961/961/961 960/960/960 962/962/962
f 961/961/961 962/962/962 963/963/963
f 525/525/525 524/524/524 964/964/964
f 525/525/525 964/964/964 965/965/965
f 524/524/524 504/504/504 961/961/961
f 524/524/524 961/961/961 964/964/964
f 964/964/964 961/961/961 963/963/963
f 964/964/964 963/963/963 966/966/966
f 965/965/965 964/964/964 966/966/966
f 965/965/965 966/966/966 967/967/967
f 5/5/5 968/968/968 969/969/969
f 5/5/5 969/969/969 6/6/6
f 968/968/968 505/505/505 508/508/508
f 968/968/968 508/508/508 969/969/969
f 969/969/969 508/508/508 510/510/510
f 969/969/969 510/510/510 970/970/970
f 6/6/6 969/969/969 970/970/970
f 6/6/6 970/970/970 7/7/7
f 486/486/486 971/971/971 972/972/972
f 486/486/486 972/972/972 509/509/509
f 971/971/971 487/487/487 511/511/511
f 971/971/971 511/511/511 972/972/972
f 972/972/972 511/511/511 7/7/7
f 972/972/972 7/7/7 970/970/970
f 509/509/509 972/972/972 970/970/970
f 509/509/509 970/970/970 510/510/510
f 462/462/462 973/973/973 974/974/974
f 462/462/462 974/974/974 485/485/485
f 973/973/973 463/463/463 488/488/488
f 973/973/973 488/488/488 974/974/974
f 974/974/974 488/488/488 487/487/487
f 974/974/974 487/487/487 971/971/971
f 485/485/485 974/974/974 971/971/971
f 485/485/485 971/971/971 486/486/486
f 438/438/438 975/975/975 976/976/976
f 438/438/438 976/976/976 461/461/461
f 975/975/975 439/439/439 464/464/464
f 975/975/975 464/464/464 976/976/976
f 976/976/976 464/464/464 463/463/463
f 976/976/976 463/463/463 973/973/973
f 461/461/461 976/976/976 973/973/973
f 461/461/461 973/973/973 462/462/462
f 333/333/333 977/977/977 978/978/978
f 333/333/333 978/978/978 437/437/437
f 977/977/977 334/334/334 440/440/440
f 977/977/977 440/440/440 978/978/978
f 978/978/978 440/440/440 439/439/439
f 978/978/978 439/439/439 975/975/975
f 437/437/437 978/978/978 975/975/975
f 437/437/437 975/975/975 438/438/438
f 309/309/309 979/979/979 980/980/980
f 309/309/309 980/980/980 332/332/332
f 979/979/979 310/310/310 335/335/335
f 979/979/979 335/335/335 980/980/980
f 980/980/980 335/335/335 334/334/334
f 980/980/980 334/334/334 977/977/977
f 332/332/332 980/980/980 977/977/977
f 332/332/332 977/977/977 333/333/333
f 285/285/285 981/981/981 982/982/982
f 285/285/285 982/982/982 308/308/308
f 981/981/981 286/286/286 311/311/311
f 981/981/981 311/311/311 982/982/982
f 982/982/982 311/311/311 310/310/310
f 982/982/982 310/310/310 979/979/979
f 308/308/308 982/982/982 979/979/979
f 308/308/308 979/979/979 309/309/309
f 252/252/252 983/983/983 984/984/984
f 252/252/252 984/984/984 284/284/284
f 983/983/983 253/253/253 287/287/287
f 983/983/983 287/287/287 984/984/984
f 984/984/984 287/287/287 286/286/286
f 984/984/984 286/286/286 981/981/981
f 284/284/284 984/984/984 981/981/981
f 284/284/284 981/981/981 285/285/285
f 250/250/250 985/985/985 986/986/986
f 250/250/250 986/986/986 251/251/251
f 985/985/985 257/257/257 254/254/254
f 985/985/985 254/254/254 986/986/986
f 986/986/986 254/254/254 253/253/253
f 986/986/986 253/253/253 983/983/983
f 251/251/251 986/986/986 983/983/983
f 251/251/251 983/983/983 252/252/252
f 825/825/825 987/987/987 988/988/988
f 825/825/825 988/988/988 829/829/829
f 987/987/987 226/226/226 604/604/604
f 987/987/987 604/604/604 988/988/988
f 988/988/988 604/604/604 257/257/257
f 988/988/988 257/257/257 985/985/985
f 829/829/829 988/988/988 985/985/985
f 829/829/829 985/985/985 250/250/250
f 819/819/819 989/989/989 990/990/990
f 819/819/819 990/990/990 823/823/823
f 989/989/989 202/202/202 227/227/227
f 989/989/989 227/227/227 990/990/990
f 990/990/990 227/227/227 226/226/226
f 990/990/990 226/226/226 987/987/987
f 823/823/823 990/990/990 987/987/987
f 823/823/823 987/987/987 825/825/825
f 813/813/813 991/991/991 992/992/992
f 813/813/813 992/992/992 817/817/817
f 991/991/991 178/178/178 203/203/203
f 991/991/991 203/203/203 992/992/992
f 992/992/992 203/203/203 202/202/202
f 992/992/992 202/202/202 989/989/989
f 817/817/817 992/992/992 989/989/989
f 817/817/817 989/989/989 819/819/819
f 807/807/807 993/993/993 994/994/994
f 807/807/807 994/994/994 811/811/811
f 993/993/993 154/154/154 179/179/179
f 993/993/993 179/179/179 994/994/994
f 994/994/994 179/179/179 178/178/178
f 994/994/994 178/178/178 991/991/991
f 811/811/811 994/994/994 991/991/991
f 811/811/811 991/991/991 813/813/813
f 801/801/801 995/995/995 996/996/996
f 801/801/801 996/996/996 805/805/805
f 995/995/995 130/130/130 155/155/155
f 995/995/995 155/155/155 996/996/996
f 996/996/996 155/155/155 154/154/154
f 996/996/996 154/154/154 993/993/993
f 805/805/805 996/996/996 993/993/993
f 805/805/805 993/993/993 807/807/807
f 102/102/102 997/997/997 998/998/998
f 102/102/102 998/998/998 799/799/799
f 997/997/997 103/103/103 131/131/131
f 997/997/997 131/131/131 998/998/998
f 998/998/998 131/131/131 130/130/130
f 998/998/998 130/130/130 995/995/995
f 799/799/799 998/998/998 995/995/995
f 799/799/799 995/995/995 801/801/801
f 78/78/78 999/999/999 1000/1000/1000
f 78/78/78 1000/1000/1000 101/101/101
f 999/999/999 79/79/79 104/104/104
f 999/999/999 104/104/104 1000/1000/1000
f 1000/1000/1000 104/104/104 103/103/103
f 1000/1000/1000 103/103/103 997/997/997
f 101/101/101 1000/1000/1000 997/997/997
f 101/101/101 997/997/997 102/102/102
f 51/51/51 1001/1001/1001 1002/1002/1002
f 51/51/51 1002/1002/1002 77/77/77
f 1001/1001/1001 52/52/52 80/80/80
f 1001/1001/1001 80/80/80 1002/1002/1002
f 1002/1002/1002 80/80/80 79/79/79
f 1002/1002/1002 79/79/79 999/999/999
f 77/77/77 1002/1002/1002 999/999/999
f 77/77/77 999/999/999 78/78/78
f 18/18/18 1003/1003/1003 1004/1004/1004
f 18/18/18 1004/1004/1004 50/50/50
f 1003/1003/1003 56/56/56 53/53/53
f 1003/1003/1003 53/53/53 1004/1004/1004
f 1004/1004/1004 53/53/53 52/52/52
f 1004/1004/1004 52/52/52 1001/1001/1001
f 50/50/50 1004/1004/1004 1001/1001/1001
f 50/50/50 1001/1001/1001 51/51/51
f 19/19/19 531/531/531 1005/1005/1005
f 19/19/19 1005/1005/1005 1006/1006/1006
f 531/531/531 56/56/56 1003/1003/1003
f 531/531/531 1003/1003/1003 1005/1005/1005
f 1005/1005/1005 1003/1003/1003 18/18/18
f 1005/1005/1005 18/18/18 571/571/571
f 1006/1006/1006 1005/1005/1005 571/571/571
f 1006/1006/1006 571/571/571 567/567/567
f 561/561/561 1007/1007/1007 1008/1008/1008
f 561/561/561 1008/1008/1008 565/565/565
f 1007/1007/1007 23/23/23 20/20/20
f 1007/1007/1007 20/20/20 1008/1008/1008
f 1008/1008/1008 20/20/20 19/19/19
f 1008/1008/1008 19/19/19 1006/1006/1006
f 565/565/565 1008/1008/1008 1006/1006/1006
f 565/565/565 1006/1006/1006 567/567/567
f 16/16/16 1009/1009/1009 1010/1010/1010
f 16/16/16 1010/1010/1010 559/559/559
f 1009/1009/1009 385/385/385 526/526/526
f 1009/1009/1009 526/526/526 1010/1010/1010
f 1010/1010/1010 526/526/526 23/23/23
f 1010/1010/1010 23/23/23 1007/1007/1007
f 559/559/559 1010/1010/1010 1007/1007/1007
f 559/559/559 1007/1007/1007 561/561/561
f 387/387/387 386/386/386 1011/1011/1011
f 387/387/387 1011/1011/1011 1012/1012/1012
f 386/386/386 385/385/385 1009/1009/1009
f 386/386/386 1009/1009/1009 1011/1011/1011
f 1011/1011/1011 1009/1009/1009 16/16/16
f 1011/1011/1011 16/16/16 362/362/362
f 1012/1012/1012 1011/1011/1011 362/362/362
f 1012/1012/1012 362/362/362 366/366/366
f 411/411/411 410/410/410 1013/1013/1013
f 411/411/411 1013/1013/1013 1014/1014/1014
f 410/410/410 387/387/387 1012/1012/1012
f 410/410/410 1012/1012/1012 1013/1013/1013
f 1013/1013/1013 1012/1012/1012 366/366/366
f 1013/1013/1013 366/366/366 389/389/389
f 1014/1014/1014 1013/1013/1013 389/389/389
f 1014/1014/1014 389/389/389 393/393/393
f 352/352/352 432/432/432 1015/1015/1015
f 352/352/352 1015/1015/1015 1016/1016/1016
f 432/432/432 411/411/411 1014/1014/1014
f 432/432/432 1014/1014/1014 1015/1015/1015
f 1015/1015/1015 1014/1014/1014 393/393/393
f 1015/1015/1015 393/393/393 413/413/413
f 1016/1016/1016 1015/1015/1015 413/413/413
f 1016/1016/1016 413/413/413 417/417/417
f 417/417/417 416/416/416 1017/1017/1017
f 417/417/417 1017/1017/1017 1016/1016/1016
f 416/416/416 415/415/415 1018/1018/1018
f 416/416/416 1018/1018/1018 1017/1017/1017
f 1017/1017/1017 1018/1018/1018 356/356/356
f 1017/1017/1017 356/356/356 353/353/353
f 1016/1016/1016 1017/1017/1017 353/353/353
f 1016/1016/1016 353/353/353 352/352/352
f 1019/1019/1019 1020/1020/1020 1021/1021/1021
f 1019/1019/1019 1021/1021/1021 1022/1022/1022
f 1020/1020/1020 394/394/394 419/419/419
f 1020/1020/1020 419/419/419 1021/1021/1021
f 1021/1021/1021 419/419/419 418/418/418
f 1021/1021/1021 418/418/418 1023/1023/1023
f 1022/1022/1022 1021/1021/1021 1023/1023/1023
f 1022/1022/1022 1023/1023/1023 1024/1024/1024
f 1025/1025/1025 1026/1026/1026 1027/1027/1027
f 1025/1025/1025 1027/1027/1027 1028/1028/1028
f 1026/1026/1026 367/367/367 395/395/395
f 1026/1026/1026 395/395/395 1027/1027/1027
f 1027/1027/1027 395/395/395 394/394/394
f 1027/1027/1027 394/394/394 1020/1020/1020
f 1028/1028/1028 1027/1027/1027 1020/1020/1020
f 1028/1028/1028 1020/1020/1020 1019/1019/1019
f 910/910/910 909/909/909 1029/1029/1029
f 910/910/910 1029/1029/1029 1030/1030/1030
f 909/909/909 43/43/43 368/368/368
f 909/909/909 368/368/368 1029/1029/1029
f 1029/1029/1029 368/368/368 367/367/367
f 1029/1029/1029 367/367/367 1026/1026/1026
f 1030/1030/1030 1029/1029/1029 1026/1026/1026
f 1030/1030/1030 1026/1026/1026 1025/1025/1025
f 1031/1031/1031 1032/1032/1032 1033/1033/1033
f 1031/1031/1031 1033/1033/1033 1034/1034/1034
f 1032/1032/1032 238/238/238 610/610/610
f 1032/1032/1032 610/610/610 1033/1033/1033
f 1033/1033/1033 610/610/610 275/275/275
f 1033/1033/1033 275/275/275 1035/1035/1035
f 1034/1034/1034 1033/1033/1033 1035/1035/1035
f 1034/1034/1034 1035/1035/1035 1036/1036/1036
f 1037/1037/1037 1038/1038/1038 1039/1039/1039
f 1037/1037/1037 1039/1039/1039 1040/1040/1040
f 1038/1038/1038 214/214/214 239/239/239
f 1038/1038/1038 239/239/239 1039/1039/1039
f 1039/1039/1039 239/239/239 238/238/238
f 1039/1039/1039 238/238/238 1032/1032/1032
f 1040/1040/1040 1039/1039/1039 1032/1032/1032
f 1040/1040/1040 1032/1032/1032 1031/1031/1031
f 1041/1041/1041 1042/1042/1042 1043/1043/1043
f 1041/1041/1041 1043/1043/1043 1044/1044/1044
f 1042/1042/1042 190/190/190 215/215/215
f 1042/1042/1042 215/215/215 1043/1043/1043
f 1043/1043/1043 215/215/215 214/214/214
f 1043/1043/1043 214/214/214 1038/1038/1038
f 1044/1044/1044 1043/1043/1043 1038/1038/1038
f 1044/1044/1044 1038/1038/1038 1037/1037/1037
f 1045/1045/1045 1046/1046/1046 1047/1047/1047
f 1045/1045/1045 1047/1047/1047 1048/1048/1048
f 1046/1046/1046 166/166/166 191/191/191
f 1046/1046/1046 191/191/191 1047/1047/1047
f 1047/1047/1047 191/191/191 190/190/190
f 1047/1047/1047 190/190/190 1042/1042/1042
f 1048/1048/1048 1047/1047/1047 1042/1042/1042
f 1048/1048/1048 1042/1042/1042 1041/1041/1041
f 1049/1049/1049 1050/1050/1050 1051/1051/1051
f 1049/1049/1049 1051/1051/1051 1052/1052/1052
f 1050/1050/1050 142/142/142 167/167/167
f 1050/1050/1050 167/167/167 1051/1051/1051
f 1051/1051/1051 167/167/167 166/166/166
f 1051/1051/1051 166/166/166 1046/1046/1046
f 1052/1052/1052 1051/1051/1051 1046/1046/1046
f 1052/1052/1052 1046/1046/1046 1045/1045/1045
f 1053/1053/1053 1054/1054/1054 1055/1055/1055
f 1053/1053/1053 1055/1055/1055 1056/1056/1056
f 1054/1054/1054 115/115/115 143/143/143
f 1054/1054/1054 143/143/143 1055/1055/1055
f 1055/1055/1055 143/143/143 142/142/142
f 1055/1055/1055 142/142/142 1050/1050/1050
f 1056/1056/1056 1055/1055/1055 1050/1050/1050
f 1056/1056/1056 1050/1050/1050 1049/1049/1049
f 1057/1057/1057 1058/1058/1058 1059/1059/1059
f 1057/1057/1057 1059/1059/1059 1060/1060/1060
f 1058/1058/1058 91/91/91 116/116/116
f 1058/1058/1058 116/116/116 1059/1059/1059
f 1059/1059/1059 116/116/116 115/115/115
f 1059/1059/1059 115/115/115 1054/1054/1054
f 1060/1060/1060 1059/1059/1059 1054/1054/1054
f 1060/1060/1060 1054/1054/1054 1053/1053/1053
f 1061/1061/1061 1062/1062/1062 1063/1063/1063
f 1061/1061/1061 1063/1063/1063 1064/1064/1064
f 1062/1062/1062 67/67/67 92/92/92
f 1062/1062/1062 92/92/92 1063/1063/1063
f 1063/1063/1063 92/92/92 91/91/91
f 1063/1063/1063 91/91/91 1058/1058/1058
f 1064/1064/1064 1063/1063/1063 1058/1058/1058
f 1064/1064/1064 1058/1058/1058 1057/1057/1057
f 1065/1065/1065 1066/1066/1066 1067/1067/1067
f 1065/1065/1065 1067/1067/1067 1068/1068/1068
f 1066/1066/1066 37/37/37 68/68/68
f 1066/1066/1066 68/68/68 1067/1067/1067
f 1067/1067/1067 68/68/68 67/67/67
f 1067/1067/1067 67/67/67 1062/1062/1062
f 1068/1068/1068 1067/1067/1067 1062/1062/1062
f 1068/1068/1068 1062/1062/1062 1061/1061/1061
f 1069/1069/1069 1070/1070/1070 1071/1071/1071
f 1069/1069/1069 1071/1071/1071 1072/1072/1072
f 1070/1070/1070 41/41/41 38/38/38
f 1070/1070/1070 38/38/38 1071/1071/1071
f 1071/1071/1071 38/38/38 37/37/37
f 1071/1071/1071 37/37/37 1066/1066/1066
f 1072/1072/1072 1071/1071/1071 1066/1066/1066
f 1072/1072/1072 1066/1066/1066 1065/1065/1065
f 372/372/372 371/371/371 1073/1073/1073
f 372/372/372 1073/1073/1073 1074/1074/1074
f 371/371/371 41/41/41 1070/1070/1070
f 371/371/371 1070/1070/1070 1073/1073/1073
f 1073/1073/1073 1070/1070/1070 1069/1069/1069
f 1073/1073/1073 1069/1069/1069 1075/1075/1075
f 1074/1074/1074 1073/1073/1073 1075/1075/1075
f 1074/1074/1074 1075/1075/1075 1076/1076/1076
f 399/399/399 398/398/398 1077/1077/1077
f 399/399/399 1077/1077/1077 1078/1078/1078
f 398/398/398 372/372/372 1074/1074/1074
f 398/398/398 1074/1074/1074 1077/1077/1077
f 1077/1077/1077 1074/1074/1074 1076/1076/1076
f 1077/1077/1077 1076/1076/1076 1079/1079/1079
f 1078/1078/1078 1077/1077/1077 1079/1079/1079
f 1078/1078/1078 1079/1079/1079 1080/1080/1080
f 423/423/423 422/422/422 1081/1081/1081
f 423/423/423 1081/1081/1081 1082/1082/1082
f 422/422/422 399/399/399 1078/1078/1078
f 422/422/422 1078/1078/1078 1081/1081/1081
f 1081/1081/1081 1078/1078/1078 1080/1080/1080
f 1081/1081/1081 1080/1080/1080 1083/1083/1083
f 1082/1082/1082 1081/1081/1081 1083/1083/1083
f 1082/1082/1082 1083/1083/1083 1084/1084/1084
f 360/360/360 359/359/359 1085/1085/1085
f 360/360/360 1085/1085/1085 1086/1086/1086
f 359/359/359 358/358/358 1087/1087/1087
f 359/359/359 1087/1087/1087 1085/1085/1085
f 1085/1085/1085 1087/1087/1087 424/424/424
f 1085/1085/1085 424/424/424 427/427/427
f 1086/1086/1086 1085/1085/1085 427/427/427
f 1086/1086/1086 427/427/427 429/429/429
f 405/405/405 1088/1088/1088 1089/1089/1089
f 405/405/405 1089/1089/1089 428/428/428
f 1088/1088/1088 406/406/406 430/430/430
f 1088/1088/1088 430/430/430 1089/1089/1089
f 1089/1089/1089 430/430/430 360/360/360
f 1089/1089/1089 360/360/360 1086/1086/1086
f 428/428/428 1089/1089/1089 1086/1086/1086
f 428/428/428 1086/1086/1086 429/429/429
f 378/378/378 1090/1090/1090 1091/1091/1091
f 378/378/378 1091/1091/1091 404/404/404
f 1090/1090/1090 379/379/379 407/407/407
f 1090/1090/1090 407/407/407 1091/1091/1091
f 1091/1091/1091 407/407/407 406/406/406
f 1091/1091/1091 406/406/406 1088/1088/1088
f 404/404/404 1091/1091/1091 1088/1088/1088
f 404/404/404 1088/1088/1088 405/405/405
f 28/28/28 1092/1092/1092 1093/1093/1093
f 28/28/28 1093/1093/1093 377/377/377
f 1092/1092/1092 383/383/383 380/380/380
f 1092/1092/1092 380/380/380 1093/1093/1093
f 1093/1093/1093 380/380/380 379/379/379
f 1093/1093/1093 379/379/379 1090/1090/1090
f 377/377/377 1093/1093/1093 1090/1090/1090
f 377/377/377 1090/1090/1090 378/378/378
f 25/25/25 528/528/528 1094/1094/1094
f 25/25/25 1094/1094/1094 1095/1095/1095
f 528/528/528 383/383/383 1092/1092/1092
f 528/528/528 1092/1092/1092 1094/1094/1094
f 1094/1094/1094 1092/1092/1092 28/28/28
f 1094/1094/1094 28/28/28 550/550/550
f 1095/1095/1095 1094/1094/1094 550/550/550
f 1095/1095/1095 550/550/550 546/546/546
f 27/27/27 26/26/26 1096/1096/1096
f 27/27/27 1096/1096/1096 1097/1097/1097
f 26/26/26 25/25/25 1095/1095/1095
f 26/26/26 1095/1095/1095 1096/1096/1096
f 1096/1096/1096 1095/1095/1095 546/546/546
f 1096/1096/1096 546/546/546 544/544/544
f 1097/1097/1097 1096/1096/1096 544/544/544
f 1097/1097/1097 544/544/544 540/540/540
f 36/36/36 1098/1098/1098 1099/1099/1099
f 36/36/36 1099/1099/1099 538/538/538
f 1098/1098/1098 58/58/58 529/529/529
f 1098/1098/1098 529/529/529 1099/1099/1099
f 1099/1099/1099 529/529/529 27/27/27
f 1099/1099/1099 27/27/27 1097/1097/1097
f 538/538/538 1099/1099/1099 1097/1097/1097
f 538/538/538 1097/1097/1097 540/540/540
f 60/60/60 59/59/59 1100/1100/1100
f 60/60/60 1100/1100/1100 1101/1101/1101
f 59/59/59 58/58/58 1098/1098/1098
f 59/59/59 1098/1098/1098 1100/1100/1100
f 1100/1100/1100 1098/1098/1098 36/36/36
f 1100/1100/1100 36/36/36 62/62/62
f 1101/1101/1101 1100/1100/1100 62/62/62
f 1101/1101/1101 62/62/62 66/66/66
f 84/84/84 83/83/83 1102/1102/1102
f 84/84/84 1102/1102/1102 1103/1103/1103
f 83/83/83 60/60/60 1101/1101/1101
f 83/83/83 1101/1101/1101 1102/1102/1102
f 1102/1102/1102 1101/1101/1101 66/66/66
f 1102/1102/1102 66/66/66 86/86/86
f 1103/1103/1103 1102/1102/1102 86/86/86
f 1103/1103/1103 86/86/86 90/90/90
f 108/108/108 107/107/107 1104/1104/1104
f 108/108/108 1104/1104/1104 1105/1105/1105
f 107/107/107 84/84/84 1103/1103/1103
f 107/107/107 1103/1103/1103 1104/1104/1104
f 1104/1104/1104 1103/1103/1103 90/90/90
f 1104/1104/1104 90/90/90 110/110/110
f 1105/1105/1105 1104/1104/1104 110/110/110
f 1105/1105/1105 110/110/110 114/114/114
f 135/135/135 134/134/134 1106/1106/1106
f 135/135/135 1106/1106/1106 1107/1107/1107
f 134/134/134 108/108/108 1105/1105/1105
f 134/134/134 1105/1105/1105 1106/1106/1106
f 1106/1106/1106 1105/1105/1105 114/114/114
f 1106/1106/1106 114/114/114 137/137/137
f 1107/1107/1107 1106/1106/1106 137/137/137
f 1107/1107/1107 137/137/137 141/141/141
f 159/159/159 158/158/158 1108/1108/1108
f 159/159/159 1108/1108/1108 1109/1109/1109
f 158/158/158 135/135/135 1107/1107/1107
f 158/158/158 1107/1107/1107 1108/1108/1108
f 1108/1108/1108 1107/1107/1107 141/141/141
f 1108/1108/1108 141/141/141 161/161/161
f 1109/1109/1109 1108/1108/1108 161/161/161
f 1109/1109/1109 161/161/161 165/165/165
f 183/183/183 182/182/182 1110/1110/1110
f 183/183/183 1110/1110/1110 1111/1111/1111
f 182/182/182 159/159/159 1109/1109/1109
f 182/182/182 1109/1109/1109 1110/1110/1110
f 1110/1110/1110 1109/1109/1109 165/165/165
f 1110/1110/1110 165/165/165 185/185/185
f 1111/1111/1111 1110/1110/1110 185/185/185
f 1111/1111/1111 185/185/185 189/189/189
f 207/207/207 206/206/206 1112/1112/1112
f 207/207/207 1112/1112/1112 1113/1113/1113
f 206/206/206 183/183/183 1111/1111/1111
f 206/206/206 1111/1111/1111 1112/1112/1112
f 1112/1112/1112 1111/1111/1111 189/189/189
f 1112/1112/1112 189/189/189 209/209/209
f 1113/1113/1113 1112/1112/1112 209/209/209
f 1113/1113/1113 209/209/209 213/213/213
f 231/231/231 230/230/230 1114/1114/1114
f 231/231/231 1114/1114/1114 1115/1115/1115
f 230/230/230 207/207/207 1113/1113/1113
f 230/230/230 1113/1113/1113 1114/1114/1114
f 1114/1114/1114 1113/1113/1113 213/213/213
f 1114/1114/1114 213/213/213 233/233/233
f 1115/1115/1115 1114/1114/1114 233/233/233
f 1115/1115/1115 233/233/233 237/237/237
f 259/259/259 606/606/606 1116/1116/1116
f 259/259/259 1116/1116/1116 1117/1117/1117
f 606/606/606 231/231/231 1115/1115/1115
f 606/606/606 1115/1115/1115 1116/1116/1116
f 1116/1116/1116 1115/1115/1115 237/237/237
f 1116/1116/1116 237/237/237 608/608/608
f 1117/1117/1117 1116/1116/1116 608/608/608
f 1117/1117/1117 608/608/608 262/262/262
f 261/261/261 260/260/260 1118/1118/1118
f 261/261/261 1118/1118/1118 1119/1119/1119
f 260/260/260 259/259/259 1117/1117/1117
f 260/260/260 1117/1117/1117 1118/1118/1118
f 1118/1118/1118 1117/1117/1117 262/262/262
f 1118/1118/1118 262/262/262 265/265/265
f 1119/1119/1119 1118/1118/1118 265/265/265
f 1119/1119/1119 265/265/265 270/270/270
f 291/291/291 290/290/290 1120/1120/1120
f 291/291/291 1120/1120/1120 1121/1121/1121
f 290/290/290 261/261/261 1119/1119/1119
f 290/290/290 1119/1119/1119 1120/1120/1120
f 1120/1120/1120 1119/1119/1119 270/270/270
f 1120/1120/1120 270/270/270 293/293/293
f 1121/1121/1121 1120/1120/1120 293/293/293
f 1121/1121/1121 293/293/293 297/297/297
f 315/315/315 314/314/314 1122/1122/1122
f 315/315/315 1122/1122/1122 1123/1123/1123
f 314/314/314 291/291/291 1121/1121/1121
f 314/314/314 1121/1121/1121 1122/1122/1122
f 1122/1122/1122 1121/1121/1121 297/297/297
f 1122/1122/1122 297/297/297 317/317/317
f 1123/1123/1123 1122/1122/1122 317/317/317
f 1123/1123/1123 317/317/317 321/321/321
f 339/339/339 338/338/338 1124/1124/1124
f 339/339/339 1124/1124/1124 1125/1125/1125
f 338/338/338 315/315/315 1123/1123/1123
f 338/338/338 1123/1123/1123 1124/1124/1124
f 1124/1124/1124 1123/1123/1123 321/321/321
f 1124/1124/1124 321/321/321 341/341/341
f 1125/1125/1125 1124/1124/1124 341/341/341
f 1125/1125/1125 341/341/341 345/345/345
f 444/444/444 443/443/443 1126/1126/1126
f 444/444/444 1126/1126/1126 1127/1127/1127
f 443/443/443 339/339/339 1125/1125/1125
f 443/443/443 1125/1125/1125 1126/1126/1126
f 1126/1126/1126 1125/1125/1125 345/345/345
f 1126/1126/1126 345/345/345 446/446/446
f 1127/1127/1127 1126/1126/1126 446/446/446
f 1127/1127/1127 446/446/446 450/450/450
f 468/468/468 467/467/467 1128/1128/1128
f 468/468/468 1128/1128/1128 1129/1129/1129
f 467/467/467 444/444/444 1127/1127/1127
f 467/467/467 1127/1127/1127 1128/1128/1128
f 1128/1128/1128 1127/1127/1127 450/450/450
f 1128/1128/1128 450/450/450 470/470/470
f 1129/1129/1129 1128/1128/1128 470/470/470
f 1129/1129/1129 470/470/470 474/474/474
f 492/492/492 491/491/491 1130/1130/1130
f 492/492/492 1130/1130/1130 1131/1131/1131
f 491/491/491 468/468/468 1129/1129/1129
f 491/491/491 1129/1129/1129 1130/1130/1130
f 1130/1130/1130 1129/1129/1129 474/474/474
f 1130/1130/1130 474/474/474 494/494/494
f 1131/1131/1131 1130/1130/1130 494/494/494
f 1131/1131/1131 494/494/494 498/498/498
f 9/9/9 513/513/513 1132/1132/1132
f 9/9/9 1132/1132/1132 1133/1133/1133
f 513/513/513 492/492/492 1131/1131/1131
f 513/513/513 1131/1131/1131 1132/1132/1132
f 1132/1132/1132 1131/1131/1131 498/498/498
f 1132/1132/1132 498/498/498 515/515/515
f 1133/1133/1133 1132/1132/1132 515/515/515
f 1133/1133/1133 515/515/515 519/519/519
f 517/517/517 1134/1134/1134 1135/1135/1135
f 517/517/517 1135/1135/1135 518/518/518
f 1134/1134/1134 1/1/1 4/4/4
f 1134/1134/1134 4/4/4 1135/1135/1135
f 1135/1135/1135 4/4/4 9/9/9
f 1135/1135/1135 9/9/9 1133/1133/1133
f 518/518/518 1135/1135/1135 1133/1133/1133
f 518/518/518 1133/1133/1133 519/519/519
f 1136/1136/1136 1137/1137/1137 1138/1138/1138
f 1136/1136/1136 1138/1138/1138 1139/1139/1139
f 1137/1137/1137 499/499/499 521/521/521
f 1137/1137/1137 521/521/521 1138/1138/1138
f 1138/1138/1138 521/521/521 520/520/520
f 1138/1138/1138 520/520/520 1140/1140/1140
f 1139/1139/1139 1138/1138/1138 1140/1140/1140
f 1139/1139/1139 1140/1140/1140 1141/1141/1141
f 1142/1142/1142 1143/1143/1143 1144/1144/1144
f 1142/1142/1142 1144/1144/1144 1145/1145/1145
f 1143/1143/1143 475/475/475 500/500/500
f 1143/1143/1143 500/500/500 1144/1144/1144
f 1144/1144/1144 500/500/500 499/499/499
f 1144/1144/1144 499/499/499 1137/1137/1137
f 1145/1145/1145 1144/1144/1144 1137/1137/1137
f 1145/1145/1145 1137/1137/1137 1136/1136/1136
f 1146/1146/1146 1147/1147/1147 1148/1148/1148
f 1146/1146/1146 1148/1148/1148 1149/1149/1149
f 1147/1147/1147 451/451/451 476/476/476
f 1147/1147/1147 476/476/476 1148/1148/1148
f 1148/1148/1148 476/476/476 475/475/475
f 1148/1148/1148 475/475/475 1143/1143/1143
f 1149/1149/1149 1148/1148/1148 1143/1143/1143
f 1149/1149/1149 1143/1143/1143 1142/1142/1142
f 1150/1150/1150 1151/1151/1151 1152/1152/1152
f 1150/1150/1150 1152/1152/1152 1153/1153/1153
f 1151/1151/1151 346/346/346 452/452/452
f 1151/1151/1151 452/452/452 1152/1152/1152
f 1152/1152/1152 452/452/452 451/451/451
f 1152/1152/1152 451/451/451 1147/1147/1147
f 1153/1153/1153 1152/1152/1152 1147/1147/1147
f 1153/1153/1153 1147/1147/1147 1146/1146/1146
f 1154/1154/1154 1155/1155/1155 1156/1156/1156
f 1154/1154/1154 1156/1156/1156 1157/1157/1157
f 1155/1155/1155 322/322/322 347/347/347
f 1155/1155/1155 347/347/347 1156/1156/1156
f 1156/1156/1156 347/347/347 346/346/346
f 1156/1156/1156 346/346/346 1151/1151/1151
f 1157/1157/1157 1156/1156/1156 1151/1151/1151
f 1157/1157/1157 1151/1151/1151 1150/1150/1150
f 1158/1158/1158 1159/1159/1159 1160/1160/1160
f 1158/1158/1158 1160/1160/1160 1161/1161/1161
f 1159/1159/1159 298/298/298 323/323/323
f 1159/1159/1159 323/323/323 1160/1160/1160
f 1160/1160/1160 323/323/323 322/322/322
f 1160/1160/1160 322/322/322 1155/1155/1155
f 1161/1161/1161 1160/1160/1160 1155/1155/1155
f 1161/1161/1161 1155/1155/1155 1154/1154/1154
f 1162/1162/1162 1163/1163/1163 1164/1164/1164
f 1162/1162/1162 1164/1164/1164 1165/1165/1165
f 1163/1163/1163 271/271/271 299/299/299
f 1163/1163/1163 299/299/299 1164/1164/1164
f 1164/1164/1164 299/299/299 298/298/298
f 1164/1164/1164 298/298/298 1159/1159/1159
f 1165/1165/1165 1164/1164/1164 1159/1159/1159
f 1165/1165/1165 1159/1159/1159 1158/1158/1158
f 1036/1036/1036 1035/1035/1035 1166/1166/1166
f 1036/1036/1036 1166/1166/1166 1167/1167/1167
f 1035/1035/1035 275/275/275 272/272/272
f 1035/1035/1035 272/272/272 1166/1166/1166
f 1166/1166/1166 272/272/272 271/271/271
f 1166/1166/1166 271/271/271 1163/1163/1163
f 1167/1167/1167 1166/1166/1166 1163/1163/1163
f 1167/1167/1167 1163/1163/1163 1162/1162/1162
f 644/644/644 642/642/642 1168/1168/1168
f 644/644/644 1168/1168/1168 1169/1169/1169
f 642/642/642 641/641/641 1170/1170/1170
f 642/642/642 1170/1170/1170 1168/1168/1168
f 1168/1168/1168 1170/1170/1170 1171/1171/1171
f 1168/1168/1168 1171/1171/1171 1172/1172/1172
f 1169/1169/1169 1168/1168/1168 1172/1172/1172
f 1169/1169/1169 1172/1172/1172 1173/1173/1173
f 660/660/660 658/658/658 1174/1174/1174
f 660/660/660 1174/1174/1174 1175/1175/1175
f 658/658/658 644/644/644 1169/1169/1169
f 658/658/658 1169/1169/1169 1174/1174/1174
f 1174/1174/1174 1169/1169/1169 1173/1173/1173
f 1174/1174/1174 1173/1173/1173 1176/1176/1176
f 1175/1175/1175 1174/1174/1174 1176/1176/1176
f 1175/1175/1175 1176/1176/1176 1177/1177/1177
f 676/676/676 674/674/674 1178/1178/1178
f 676/676/676 1178/1178/1178 1179/1179/1179
f 674/674/674 660/660/660 1175/1175/1175
f 674/674/674 1175/1175/1175 1178/1178/1178
f 1178/1178/1178 1175/1175/1175 1177/1177/1177
f 1178/1178/1178 1177/1177/1177 1180/1180/1180
f 1179/1179/1179 1178/1178/1178 1180/1180/1180
f 1179/1179/1179 1180/1180/1180 1181/1181/1181
f 692/692/692 690/690/690 1182/1182/1182
f 692/692/692 1182/1182/1182 1183/1183/1183
f 690/690/690 676/676/676 1179/1179/1179
f 690/690/690 1179/1179/1179 1182/1182/1182
f 1182/1182/1182 1179/1179/1179 1181/1181/1181
f 1182/1182/1182 1181/1181/1181 1184/1184/1184
f 1183/1183/1183 1182/1182/1182 1184/1184/1184
f 1183/1183/1183 1184/1184/1184 1185/1185/1185
f 708/708/708 706/706/706 1186/1186/1186
f 708/708/708 1186/1186/1186 1187/1187/1187
f 706/706/706 692/692/692 1183/1183/1183
f 706/706/706 1183/1183/1183 1186/1186/1186
f 1186/1186/1186 1183/1183/1183 1185/1185/1185
f 1186/1186/1186 1185/1185/1185 1188/1188/1188
f 1187/1187/1187 1186/1186/1186 1188/1188/1188
f 1187/1187/1187 1188/1188/1188 1189/1189/1189
f 732/732/732 730/730/730 1190/1190/1190
f 732/732/732 1190/1190/1190 1191/1191/1191
f 730/730/730 708/708/708 1187/1187/1187
f 730/730/730 1187/1187/1187 1190/1190/1190
f 1190/1190/1190 1187/1187/1187 1189/1189/1189
f 1190/1190/1190 1189/1189/1189 1192/1192/1192
f 1191/1191/1191 1190/1190/1190 1192/1192/1192
f 1191/1191/1191 1192/1192/1192 1193/1193/1193
f 715/715/715 724/724/724 1194/1194/1194
f 715/715/715 1194/1194/1194 1195/1195/1195
f 724/724/724 723/723/723 1196/1196/1196
f 724/724/724 1196/1196/1196 1194/1194/1194
f 1194/1194/1194 1196/1196/1196 598/598/598
f 1194/1194/1194 598/598/598 601/601/601
f 1195/1195/1195 1194/1194/1194 601/601/601
f 1195/1195/1195 601/601/601 603/603/603
f 699/699/699 716/716/716 1197/1197/1197
f 699/699/699 1197/1197/1197 1198/1198/1198
f 716/716/716 715/715/715 1195/1195/1195
f 716/716/716 1195/1195/1195 1197/1197/1197
f 1197/1197/1197 1195/1195/1195 603/603/603
f 1197/1197/1197 603/603/603 602/602/602
f 1198/1198/1198 1197/1197/1197 602/602/602
f 1198/1198/1198 602/602/602 225/225/225
f 683/683/683 700/700/700 1199/1199/1199
f 683/683/683 1199/1199/1199 1200/1200/1200
f 700/700/700 699/699/699 1198/1198/1198
f 700/700/700 1198/1198/1198 1199/1199/1199
f 1199/1199/1199 1198/1198/1198 225/225/225
f 1199/1199/1199 225/225/225 224/224/224
f 1200/1200/1200 1199/1199/1199 224/224/224
f 1200/1200/1200 224/224/224 201/201/201
f 667/667/667 684/684/684 1201/1201/1201
f 667/667/667 1201/1201/1201 1202/1202/1202
f 684/684/684 683/683/683 1200/1200/1200
f 684/684/684 1200/1200/1200 1201/1201/1201
f 1201/1201/1201 1200/1200/1200 201/201/201
f 1201/1201/1201 201/201/201 200/200/200
f 1202/1202/1202 1201/1201/1201 200/200/200
f 1202/1202/1202 200/200/200 177/177/177
f 651/651/651 668/668/668 1203/1203/1203
f 651/651/651 1203/1203/1203 1204/1204/1204
f 668/668/668 667/667/667 1202/1202/1202
f 668/668/668 1202/1202/1202 1203/1203/1203
f 1203/1203/1203 1202/1202/1202 177/177/177
f 1203/1203/1203 177/177/177 176/176/176
f 1204/1204/1204 1203/1203/1203 176/176/176
f 1204/1204/1204 176/176/176 153/153/153
f 631/631/631 652/652/652 1205/1205/1205
f 631/631/631 1205/1205/1205 1206/1206/1206
f 652/652/652 651/651/651 1204/1204/1204
f 652/652/652 1204/1204/1204 1205/1205/1205
f 1205/1205/1205 1204/1204/1204 153/153/153
f 1205/1205/1205 153/153/153 152/152/152
f 1206/1206/1206 1205/1205/1205 152/152/152
f 1206/1206/1206 152/152/152 129/129/129
f 624/624/624 632/632/632 1207/1207/1207
f 624/624/624 1207/1207/1207 1208/1208/1208
f 632/632/632 631/631/631 1206/1206/1206
f 632/632/632 1206/1206/1206 1207/1207/1207
f 1207/1207/1207 1206/1206/1206 129/129/129
f 1207/1207/1207 129/129/129 128/128/128
f 1208/1208/1208 1207/1207/1207 128/128/128
f 1208/1208/1208 128/128/128 127/127/127
f 125/125/125 1209/1209/1209 1210/1210/1210
f 125/125/125 1210/1210/1210 126/126/126
f 1209/1209/1209 613/613/613 616/616/616
f 1209/1209/1209 616/616/616 1210/1210/1210
f 1210/1210/1210 616/616/616 624/624/624
f 1210/1210/1210 624/624/624 1208/1208/1208
f 126/126/126 1210/1210/1210 1208/1208/1208
f 126/126/126 1208/1208/1208 127/127/127
f 1211/1211/1211 1212/1212/1212 1213/1213/1213
f 1211/1211/1211 1213/1213/1213 1214/1214/1214
f 1212/1212/1212 1215/1215/1215 1216/1216/1216
f 1212/1212/1212 1216/1216/1216 1213/1213/1213
f 1213/1213/1213 1216/1216/1216 758/758/758
f 1213/1213/1213 758/758/758 755/755/755
f 1214/1214/1214 1213/1213/1213 755/755/755
f 1214/1214/1214 755/755/755 754/754/754
f 1215/1215/1215 1217/1217/1217 1218/1218/1218
f 1215/1215/1215 1218/1218/1218 1216/1216/1216
f 1217/1217/1217 1219/1219/1219 1220/1220/1220
f 1217/1217/1217 1220/1220/1220 1218/1218/1218
f 1218/1218/1218 1220/1220/1220 762/762/762
f 1218/1218/1218 762/762/762 760/760/760
f 1216/1216/1216 1218/1218/1218 760/760/760
f 1216/1216/1216 760/760/760 758/758/758
f 1219/1219/1219 1221/1221/1221 1222/1222/1222
f 1219/1219/1219 1222/1222/1222 1220/1220/1220
f 1221/1221/1221 1223/1223/1223 1224/1224/1224
f 1221/1221/1221 1224/1224/1224 1222/1222/1222
f 1222/1222/1222 1224/1224/1224 766/766/766
f 1222/1222/1222 766/766/766 764/764/764
f 1220/1220/1220 1222/1222/1222 764/764/764
f 1220/1220/1220 764/764/764 762/762/762
f 1225/1225/1225 1226/1226/1226 1227/1227/1227
f 1225/1225/1225 1227/1227/1227 1228/1228/1228
f 1226/1226/1226 1229/1229/1229 1230/1230/1230
f 1226/1226/1226 1230/1230/1230 1227/1227/1227
f 1227/1227/1227 1230/1230/1230 772/772/772
f 1227/1227/1227 772/772/772 769/769/769
f 1228/1228/1228 1227/1227/1227 769/769/769
f 1228/1228/1228 769/769/769 768/768/768
f 1229/1229/1229 1231/1231/1231 1232/1232/1232
f 1229/1229/1229 1232/1232/1232 1230/1230/1230
f 1231/1231/1231 1233/1233/1233 1234/1234/1234
f 1231/1231/1231 1234/1234/1234 1232/1232/1232
f 1232/1232/1232 1234/1234/1234 776/776/776
f 1232/1232/1232 776/776/776 774/774/774
f 1230/1230/1230 1232/1232/1232 774/774/774
f 1230/1230/1230 774/774/774 772/772/772
f 891/891/891 1235/1235/1235 1236/1236/1236
f 891/891/891 1236/1236/1236 892/892/892
f 1235/1235/1235 1237/1237/1237 1238/1238/1238
f 1235/1235/1235 1238/1238/1238 1236/1236/1236
f 1236/1236/1236 1238/1238/1238 1211/1211/1211
f 1236/1236/1236 1211/1211/1211 1214/1214/1214
f 892/892/892 1236/1236/1236 1214/1214/1214
f 892/892/892 1214/1214/1214 754/754/754
f 784/784/784 792/792/792 1239/1239/1239
f 784/784/784 1239/1239/1239 1240/1240/1240
f 792/792/792 791/791/791 1241/1241/1241
f 792/792/792 1241/1241/1241 1239/1239/1239
f 1239/1239/1239 1241/1241/1241 637/637/637
f 1239/1239/1239 637/637/637 634/634/634
f 1240/1240/1240 1239/1239/1239 634/634/634
f 1240/1240/1240 634/634/634 633/633/633
f 786/786/786 785/785/785 1242/1242/1242
f 786/786/786 1242/1242/1242 1243/1243/1243
f 785/785/785 784/784/784 1240/1240/1240
f 785/785/785 1240/1240/1240 1242/1242/1242
f 1242/1242/1242 1240/1240/1240 633/633/633
f 1242/1242/1242 633/633/633 654/654/654
f 1243/1243/1243 1242/1242/1242 654/654/654
f 1243/1243/1243 654/654/654 653/653/653
f 647/647/647 1244/1244/1244 1245/1245/1245
f 647/647/647 1245/1245/1245 898/898/898
f 1244/1244/1244 752/752/752 906/906/906
f 1244/1244/1244 906/906/906 1245/1245/1245
f 1245/1245/1245 906/906/906 905/905/905
f 1245/1245/1245 905/905/905 1246/1246/1246
f 898/898/898 1245/1245/1245 1246/1246/1246
f 898/898/898 1246/1246/1246 899/899/899
f 746/746/746 753/753/753 1247/1247/1247
f 746/746/746 1247/1247/1247 1248/1248/1248
f 753/753/753 752/752/752 1244/1244/1244
f 753/753/753 1244/1244/1244 1247/1247/1247
f 1247/1247/1247 1244/1244/1244 647/647/647
f 1247/1247/1247 647/647/647 645/645/645
f 1248/1248/1248 1247/1247/1247 645/645/645
f 1248/1248/1248 645/645/645 627/627/627
f 741/741/741 747/747/747 1249/1249/1249
f 741/741/741 1249/1249/1249 1250/1250/1250
f 747/747/747 746/746/746 1248/1248/1248
f 747/747/747 1248/1248/1248 1249/1249/1249
f 1249/1249/1249 1248/1248/1248 627/627/627
f 1249/1249/1249 627/627/627 625/625/625
f 1250/1250/1250 1249/1249/1249 625/625/625
f 1250/1250/1250 625/625/625 621/621/621
f 618/618/618 1251/1251/1251 1252/1252/1252
f 618/618/618 1252/1252/1252 619/619/619
f 1251/1251/1251 733/733/733 736/736/736
f 1251/1251/1251 736/736/736 1252/1252/1252
f 1252/1252/1252 736/736/736 741/741/741
f 1252/1252/1252 741/741/741 1250/1250/1250
f 619/619/619 1252/1252/1252 1250/1250/1250
f 619/619/619 1250/1250/1250 621/621/621
f 737/737/737 1253/1253/1253 1254/1254/1254
f 737/737/737 1254/1254/1254 738/738/738
f 1253/1253/1253 793/793/793 796/796/796
f 1253/1253/1253 796/796/796 1254/1254/1254
f 1254/1254/1254 796/796/796 798/798/798
f 1254/1254/1254 798/798/798 1255/1255/1255
f 738/738/738 1254/1254/1254 1255/1255/1255
f 738/738/738 1255/1255/1255 739/739/739
f 798/798/798 804/804/804 1256/1256/1256
f 798/798/798 1256/1256/1256 1255/1255/1255
f 804/804/804 803/803/803 1257/1257/1257
f 804/804/804 1257/1257/1257 1256/1256/1256
f 1256/1256/1256 1257/1257/1257 744/744/744
f 1256/1256/1256 744/744/744 742/742/742
f 1255/1255/1255 1256/1256/1256 742/742/742
f 1255/1255/1255 742/742/742 739/739/739
f 803/803/803 810/810/810 1258/1258/1258
f 803/803/803 1258/1258/1258 1257/1257/1257
f 810/810/810 809/809/809 1259/1259/1259
f 810/810/810 1259/1259/1259 1258/1258/1258
f 1258/1258/1258 1259/1259/1259 750/750/750
f 1258/1258/1258 750/750/750 748/748/748
f 1257/1257/1257 1258/1258/1258 748/748/748
f 1257/1257/1257 748/748/748 744/744/744
f 882/882/882 1260/1260/1260 1261/1261/1261
f 882/882/882 1261/1261/1261 878/878/878
f 1260/1260/1260 901/901/901 904/904/904
f 1260/1260/1260 904/904/904 1261/1261/1261
f 1261/1261/1261 904/904/904 750/750/750
f 1261/1261/1261 750/750/750 1259/1259/1259
f 878/878/878 1261/1261/1261 1259/1259/1259
f 878/878/878 1259/1259/1259 809/809/809
f 863/863/863 870/870/870 1262/1262/1262
f 863/863/863 1262/1262/1262 1263/1263/1263
f 870/870/870 869/869/869 1264/1264/1264
f 870/870/870 1264/1264/1264 1262/1262/1262
f 1262/1262/1262 1264/1264/1264 782/782/782
f 1262/1262/1262 782/782/782 779/779/779
f 1263/1263/1263 1262/1262/1262 779/779/779
f 1263/1263/1263 779/779/779 778/778/778
f 869/869/869 876/876/876 1265/1265/1265
f 869/869/869 1265/1265/1265 1264/1264/1264
f 876/876/876 875/875/875 1266/1266/1266
f 876/876/876 1266/1266/1266 1265/1265/1265
f 1265/1265/1265 1266/1266/1266 789/789/789
f 1265/1265/1265 789/789/789 787/787/787
f 1264/1264/1264 1265/1265/1265 787/787/787
f 1264/1264/1264 787/787/787 782/782/782
f 821/821/821 828/828/828 1267/1267/1267
f 821/821/821 1267/1267/1267 1268/1268/1268
f 828/828/828 827/827/827 1269/1269/1269
f 828/828/828 1269/1269/1269 1267/1267/1267
f 1267/1267/1267 1269/1269/1269 1215/1215/1215
f 1267/1267/1267 1215/1215/1215 1212/1212/1212
f 1268/1268/1268 1267/1267/1267 1212/1212/1212
f 1268/1268/1268 1212/1212/1212 1211/1211/1211
f 827/827/827 833/833/833 1270/1270/1270
f 827/827/827 1270/1270/1270 1269/1269/1269
f 833/833/833 832/832/832 1271/1271/1271
f 833/833/833 1271/1271/1271 1270/1270/1270
f 1270/1270/1270 1271/1271/1271 1219/1219/1219
f 1270/1270/1270 1219/1219/1219 1217/1217/1217
f 1269/1269/1269 1270/1270/1270 1217/1217/1217
f 1269/1269/1269 1217/1217/1217 1215/1215/1215
f 832/832/832 837/837/837 1272/1272/1272
f 832/832/832 1272/1272/1272 1271/1271/1271
f 837/837/837 836/836/836 1273/1273/1273
f 837/837/837 1273/1273/1273 1272/1272/1272
f 1272/1272/1272 1273/1273/1273 1223/1223/1223
f 1272/1272/1272 1223/1223/1223 1221/1221/1221
f 1271/1271/1271 1272/1272/1272 1221/1221/1221
f 1271/1271/1271 1221/1221/1221 1219/1219/1219
f 846/846/846 845/845/845 1274/1274/1274
f 846/846/846 1274/1274/1274 1275/1275/1275
f 845/845/845 844/844/844 1276/1276/1276
f 845/845/845 1276/1276/1276 1274/1274/1274
f 1274/1274/1274 1276/1276/1276 1229/1229/1229
f 1274/1274/1274 1229/1229/1229 1226/1226/1226
f 1275/1275/1275 1274/1274/1274 1226/1226/1226
f 1275/1275/1275 1226/1226/1226 1225/1225/1225
f 844/844/844 852/852/852 1277/1277/1277
f 844/844/844 1277/1277/1277 1276/1276/1276
f 852/852/852 851/851/851 1278/1278/1278
f 852/852/852 1278/1278/1278 1277/1277/1277
f 1277/1277/1277 1278/1278/1278 1233/1233/1233
f 1277/1277/1277 1233/1233/1233 1231/1231/1231
f 1276/1276/1276 1277/1277/1277 1231/1231/1231
f 1276/1276/1276 1231/1231/1231 1229/1229/1229
f 821/821/821 1268/1268/1268 1279/1279/1279
f 821/821/821 1279/1279/1279 884/884/884
f 1268/1268/1268 1211/1211/1211 1238/1238/1238
f 1268/1268/1268 1238/1238/1238 1279/1279/1279
f 1279/1279/1279 1238/1238/1238 1237/1237/1237
f 1279/1279/1279 1237/1237/1237 1280/1280/1280
f 884/884/884 1279/1279/1279 1280/1280/1280
f 884/884/884 1280/1280/1280 885/885/885
f 1281/1281/1281 1282/1282/1282 1283/1283/1283
f 1281/1281/1281 1283/1283/1283 1284/1284/1284
f 1282/1282/1282 1285/1285/1285 1286/1286/1286
f 1282/1282/1282 1286/1286/1286 1283/1283/1283
f 1283/1283/1283 1286/1286/1286 1287/1287/1287
f 1283/1283/1283 1287/1287/1287 1288/1288/1288
f 1284/1284/1284 1283/1283/1283 1288/1288/1288
f 1284/1284/1284 1288/1288/1288 1289/1289/1289
f 1290/1290/1290 1291/1291/1291 1292/1292/1292
f 1290/1290/1290 1292/1292/1292 1293/1293/1293
f 1291/1291/1291 1281/1281/1281 1284/1284/1284
f 1291/1291/1291 1284/1284/1284 1292/1292/1292
f 1292/1292/1292 1284/1284/1284 1289/1289/1289
f 1292/1292/1292 1289/1289/1289 1294/1294/1294
f 1293/1293/1293 1292/1292/1292 1294/1294/1294
f 1293/1293/1293 1294/1294/1294 1295/1295/1295
f 1296/1296/1296 1297/1297/1297 1298/1298/1298
f 1296/1296/1296 1298/1298/1298 1299/1299/1299
f 1297/1297/1297 1290/1290/1290 1293/1293/1293
f 1297/1297/1297 1293/1293/1293 1298/1298/1298
f 1298/1298/1298 1293/1293/1293 1295/1295/1295
f 1298/1298/1298 1295/1295/1295 1300/1300/1300
f 1299/1299/1299 1298/1298/1298 1300/1300/1300
f 1299/1299/1299 1300/1300/1300 1301/1301/1301
f 1302/1302/1302 1303/1303/1303 1304/1304/1304
f 1302/1302/1302 1304/1304/1304 1305/1305/1305
f 1303/1303/1303 1296/1296/1296 1299/1299/1299
f 1303/1303/1303 1299/1299/1299 1304/1304/1304
f 1304/1304/1304 1299/1299/1299 1301/1301/1301
f 1304/1304/1304 1301/1301/1301 1306/1306/1306
f 1305/1305/1305 1304/1304/1304 1306/1306/1306
f 1305/1305/1305 1306/1306/1306 1307/1307/1307
f 1308/1308/1308 1309/1309/1309 1310/1310/1310
f 1308/1308/1308 1310/1310/1310 1311/1311/1311
f 1309/1309/1309 1302/1302/1302 1305/1305/1305
f 1309/1309/1309 1305/1305/1305 1310/1310/1310
f 1310/1310/1310 1305/1305/1305 1307/1307/1307
f 1310/1310/1310 1307/1307/1307 1312/1312/1312
f 1311/1311/1311 1310/1310/1310 1312/1312/1312
f 1311/1311/1311 1312/1312/1312 1313/1313/1313
f 1314/1314/1314 1315/1315/1315 1316/1316/1316
f 1314/1314/1314 1316/1316/1316 1317/1317/1317
f 1315/1315/1315 1308/1308/1308 1311/1311/1311
f 1315/1315/1315 1311/1311/1311 1316/1316/1316
f 1316/1316/1316 1311/1311/1311 1313/1313/1313
f 1316/1316/1316 1313/1313/1313 1318/1318/1318
f 1317/1317/1317 1316/1316/1316 1318/1318/1318
f 1317/1317/1317 1318/1318/1318 1319/1319/1319
f 1320/1320/1320 1321/1321/1321 1322/1322/1322
f 1320/1320/1320 1322/1322/1322 1323/1323/1323
f 1321/1321/1321 1324/1324/1324 1325/1325/1325
f 1321/1321/1321 1325/1325/1325 1322/1322/1322
f 1322/1322/1322 1325/1325/1325 1326/1326/1326
f 1322/1322/1322 1326/1326/1326 1327/1327/1327
f 1323/1323/1323 1322/1322/1322 1327/1327/1327
f 1323/1323/1323 1327/1327/1327 1328/1328/1328
f 1324/1324/1324 1329/1329/1329 1330/1330/1330
f 1324/1324/1324 1330/1330/1330 1325/1325/1325
f 1329/1329/1329 1331/1331/1331 1332/1332/1332
f 1329/1329/1329 1332/1332/1332 1330/1330/1330
f 1330/1330/1330 1332/1332/1332 1333/1333/1333
f 1330/1330/1330 1333/1333/1333 1334/1334/1334
f 1325/1325/1325 1330/1330/1330 1334/1334/1334
f 1325/1325/1325 1334/1334/1334 1326/1326/1326
f 1331/1331/1331 1335/1335/1335 1336/1336/1336
f 1331/1331/1331 1336/1336/1336 1332/1332/1332
f 1335/1335/1335 1337/1337/1337 1338/1338/1338
f 1335/1335/1335 1338/1338/1338 1336/1336/1336
f 1336/1336/1336 1338/1338/1338 1339/1339/1339
f 1336/1336/1336 1339/1339/1339 1340/1340/1340
f 1332/1332/1332 1336/1336/1336 1340/1340/1340
f 1332/1332/1332 1340/1340/1340 1333/1333/1333
f 1341/1341/1341 1342/1342/1342 1343/1343/1343
f 1341/1341/1341 1343/1343/1343 1344/1344/1344
f 1342/1342/1342 1339/1339/1339 1338/1338/1338
f 1342/1342/1342 1338/1338/1338 1343/1343/1343
f 1343/1343/1343 1338/1338/1338 1337/1337/1337
f 1343/1343/1343 1337/1337/1337 1345/1345/1345
f 1344/1344/1344 1343/1343/1343 1345/1345/1345
f 1344/1344/1344 1345/1345/1345 1346/1346/1346
f 1347/1347/1347 1348/1348/1348 1349/1349/1349
f 1347/1347/1347 1349/1349/1349 1350/1350/1350
f 1348/1348/1348 1341/1341/1341 1344/1344/1344
f 1348/1348/1348 1344/1344/1344 1349/1349/1349
f 1349/1349/1349 1344/1344/1344 1346/1346/1346
f 1349/1349/1349 1346/1346/1346 1351/1351/1351
f 1350/1350/1350 1349/1349/1349 1351/1351/1351
f 1350/1350/1350 1351/1351/1351 1352/1352/1352
f 1353/1353/1353 1354/1354/1354 1355/1355/1355
f 1353/1353/1353 1355/1355/1355 1356/1356/1356
f 1354/1354/1354 1347/1347/1347 1350/1350/1350
f 1354/1354/1354 1350/1350/1350 1355/1355/1355
f 1355/1355/1355 1350/1350/1350 1352/1352/1352
f 1355/1355/1355 1352/1352/1352 1357/1357/1357
f 1356/1356/1356 1355/1355/1355 1357/1357/1357
f 1356/1356/1356 1357/1357/1357 1358/1358/1358
f 1359/1359/1359 1360/1360/1360 1361/1361/1361
f 1359/1359/1359 1361/1361/1361 1362/1362/1362
f 1360/1360/1360 1353/1353/1353 1356/1356/1356
f 1360/1360/1360 1356/1356/1356 1361/1361/1361
f 1361/1361/1361 1356/1356/1356 1358/1358/1358
f 1361/1361/1361 1358/1358/1358 1363/1363/1363
f 1362/1362/1362 1361/1361/1361 1363/1363/1363
f 1362/1362/1362 1363/1363/1363 1364/1364/1364
f 1365/1365/1365 1366/1366/1366 1367/1367/1367
f 1365/1365/1365 1367/1367/1367 1368/1368/1368
f 1366/1366/1366 1359/1359/1359 1362/1362/1362
f 1366/1366/1366 1362/1362/1362 1367/1367/1367
f 1367/1367/1367 1362/1362/1362 1364/1364/1364
f 1367/1367/1367 1364/1364/1364 1369/1369/1369
f 1368/1368/1368 1367/1367/1367 1369/1369/1369
f 1368/1368/1368 1369/1369/1369 1370/1370/1370
f 1371/1371/1371 1372/1372/1372 1373/1373/1373
f 1371/1371/1371 1373/1373/1373 1374/1374/1374
f 1372/1372/1372 1365/1365/1365 1368/1368/1368
f 1372/1372/1372 1368/1368/1368 1373/1373/1373
f 1373/1373/1373 1368/1368/1368 1370/1370/1370
f 1373/1373/1373 1370/1370/1370 1375/1375/1375
f 1374/1374/1374 1373/1373/1373 1375/1375/1375
f 1374/1374/1374 1375/1375/1375 1376/1376/1376
f 1377/1377/1377 1378/1378/1378 1379/1379/1379
f 1377/1377/1377 1379/1379/1379 1380/1380/1380
f 1378/1378/1378 1371/1371/1371 1374/1374/1374
f 1378/1378/1378 1374/1374/1374 1379/1379/1379
f 1379/1379/1379 1374/1374/1374 1376/1376/1376
f 1379/1379/1379 1376/1376/1376 1381/1381/1381
f 1380/1380/1380 1379/1379/1379 1381/1381/1381
f 1380/1380/1380 1381/1381/1381 1382/1382/1382
f 1383/1383/1383 1384/1384/1384 1385/1385/1385
f 1383/1383/1383 1385/1385/1385 1386/1386/1386
f 1384/1384/1384 1377/1377/1377 1380/1380/1380
f 1384/1384/1384 1380/1380/1380 1385/1385/1385
f 1385/1385/1385 1380/1380/1380 1382/1382/1382
f 1385/1385/1385 1382/1382/1382 1387/1387/1387
f 1386/1386/1386 1385/1385/1385 1387/1387/1387
f 1386/1386/1386 1387/1387/1387 1388/1388/1388
f 1389/1389/1389 1390/1390/1390 1391/1391/1391
f 1389/1389/1389 1391/1391/1391 1392/1392/1392
f 1390/1390/1390 1383/1383/1383 1386/1386/1386
f 1390/1390/1390 1386/1386/1386 1391/1391/1391
f 1391/1391/1391 1386/1386/1386 1388/1388/1388
f 1391/1391/1391 1388/1388/1388 1393/1393/1393
f 1392/1392/1392 1391/1391/1391 1393/1393/1393
f 1392/1392/1392 1393/1393/1393 1394/1394/1394
f 1395/1395/1395 1396/1396/1396 1397/1397/1397
f 1395/1395/1395 1397/1397/1397 1398/1398/1398
f 1396/1396/1396 1389/1389/1389 1392/1392/1392
f 1396/1396/1396 1392/1392/1392 1397/1397/1397
f 1397/1397/1397 1392/1392/1392 1394/1394/1394
f 1397/1397/1397 1394/1394/1394 1399/1399/1399
f 1398/1398/1398 1397/1397/1397 1399/1399/1399
f 1398/1398/1398 1399/1399/1399 1400/1400/1400
f 1401/1401/1401 1402/1402/1402 1403/1403/1403
f 1401/1401/1401 1403/1403/1403 1404/1404/1404
f 1402/1402/1402 1395/1395/1395 1398/1398/1398
f 1402/1402/1402 1398/1398/1398 1403/1403/1403
f 1403/1403/1403 1398/1398/1398 1400/1400/1400
f 1403/1403/1403 1400/1400/1400 1405/1405/1405
f 1404/1404/1404 1403/1403/1403 1405/1405/1405
f 1404/1404/1404 1405/1405/1405 1406/1406/1406
f 1407/1407/1407 1408/1408/1408 1409/1409/1409
f 1407/1407/1407 1409/1409/1409 1410/1410/1410
f 1408/1408/1408 1401/1401/1401 1404/1404/1404
f 1408/1408/1408 1404/1404/1404 1409/1409/1409
f 1409/1409/1409 1404/1404/1404 1406/1406/1406
f 1409/1409/1409 1406/1406/1406 1411/1411/1411
f 1410/1410/1410 1409/1409/1409 1411/1411/1411
f 1410/1410/1410 1411/1411/1411 1412/1412/1412
f 1413/1413/1413 1414/1414/1414 1415/1415/1415
f 1413/1413/1413 1415/1415/1415 1416/1416/1416
f 1414/1414/1414 1407/1407/1407 1410/1410/1410
f 1414/1414/1414 1410/1410/1410 1415/1415/1415
f 1415/1415/1415 1410/1410/1410 1412/1412/1412
f 1415/1415/1415 1412/1412/1412 1417/1417/1417
f 1416/1416/1416 1415/1415/1415 1417/1417/1417
f 1416/1416/1416 1417/1417/1417 1418/1418/1418
f 1419/1419/1419 1420/1420/1420 1421/1421/1421
f 1419/1419/1419 1421/1421/1421 1422/1422/1422
f 1420/1420/1420 1413/1413/1413 1416/1416/1416
f 1420/1420/1420 1416/1416/1416 1421/1421/1421
f 1421/1421/1421 1416/1416/1416 1418/1418/1418
f 1421/1421/1421 1418/1418/1418 1423/1423/1423
f 1422/1422/1422 1421/1421/1421 1423/1423/1423
f 1422/1422/1422 1423/1423/1423 1424/1424/1424
f 1425/1425/1425 1426/1426/1426 1427/1427/1427
f 1425/1425/1425 1427/1427/1427 1428/1428/1428
f 1426/1426/1426 1419/1419/1419 1422/1422/1422
f 1426/1426/1426 1422/1422/1422 1427/1427/1427
f 1427/1427/1427 1422/1422/1422 1424/1424/1424
f 1427/1427/1427 1424/1424/1424 1429/1429/1429
f 1428/1428/1428 1427/1427/1427 1429/1429/1429
f 1428/1428/1428 1429/1429/1429 1430/1430/1430
f 1431/1431/1431 1432/1432/1432 1433/1433/1433
f 1431/1431/1431 1433/1433/1433 1434/1434/1434
f 1432/1432/1432 1425/1425/1425 1428/1428/1428
f 1432/1432/1432 1428/1428/1428 1433/1433/1433
f 1433/1433/1433 1428/1428/1428 1430/1430/1430
f 1433/1433/1433 1430/1430/1430 1435/1435/1435
f 1434/1434/1434 1433/1433/1433 1435/1435/1435
f 1434/1434/1434 1435/1435/1435 1436/1436/1436
f 1437/1437/1437 1438/1438/1438 1439/1439/1439
f 1437/1437/1437 1439/1439/1439 1440/1440/1440
f 1438/1438/1438 1431/1431/1431 1434/1434/1434
f 1438/1438/1438 1434/1434/1434 1439/1439/1439
f 1439/1439/1439 1434/1434/1434 1436/1436/1436
f 1439/1439/1439 1436/1436/1436 1441/1441/1441
f 1440/1440/1440 1439/1439/1439 1441/1441/1441
f 1440/1440/1440 1441/1441/1441 1442/1442/1442
f 1443/1443/1443 1444/1444/1444 1445/1445/1445
f 1443/1443/1443 1445/1445/1445 1446/1446/1446
f 1444/1444/1444 1437/1437/1437 1440/1440/1440
f 1444/1444/1444 1440/1440/1440 1445/1445/1445
f 1445/1445/1445 1440/1440/1440 1442/1442/1442
f 1445/1445/1445 1442/1442/1442 1447/1447/1447
f 1446/1446/1446 1445/1445/1445 1447/1447/1447
f 1446/1446/1446 1447/1447/1447 1448/1448/1448
f 1449/1449/1449 1450/1450/1450 1451/1451/1451
f 1449/1449/1449 1451/1451/1451 1452/1452/1452
f 1450/1450/1450 1453/1453/1453 1454/1454/1454
f 1450/1450/1450 1454/1454/1454 1451/1451/1451
f 1451/1451/1451 1454/1454/1454 1455/1455/1455
f 1451/1451/1451 1455/1455/1455 1456/1456/1456
f 1452/1452/1452 1451/1451/1451 1456/1456/1456
f 1452/1452/1452 1456/1456/1456 1457/1457/1457
f 1453/1453/1453 1458/1458/1458 1459/1459/1459
f 1453/1453/1453 1459/1459/1459 1454/1454/1454
f 1458/1458/1458 1460/1460/1460 1461/1461/1461
f 1458/1458/1458 1461/1461/1461 1459/1459/1459
f 1459/1459/1459 1461/1461/1461 1462/1462/1462
f 1459/1459/1459 1462/1462/1462 1463/1463/1463
f 1454/1454/1454 1459/1459/1459 1463/1463/1463
f 1454/1454/1454 1463/1463/1463 1455/1455/1455
f 1460/1460/1460 1464/1464/1464 1465/1465/1465
f 1460/1460/1460 1465/1465/1465 1461/1461/1461
f 1464/1464/1464 1466/1466/1466 1467/1467/1467
f 1464/1464/1464 1467/1467/1467 1465/1465/1465
f 1465/1465/1465 1467/1467/1467 1468/1468/1468
f 1465/1465/1465 1468/1468/1468 1469/1469/1469
f 1461/1461/1461 1465/1465/1465 1469/1469/1469
f 1461/1461/1461 1469/1469/1469 1462/1462/1462
f 1466/1466/1466 1470/1470/1470 1471/1471/1471
f 1466/1466/1466 1471/1471/1471 1467/1467/1467
f 1470/1470/1470 1472/1472/1472 1473/1473/1473
f 1470/1470/1470 1473/1473/1473 1471/1471/1471
f 1471/1471/1471 1473/1473/1473 1474/1474/1474
f 1471/1471/1471 1474/1474/1474 1475/1475/1475
f 1467/1467/1467 1471/1471/1471 1475/1475/1475
f 1467/1467/1467 1475/1475/1475 1468/1468/1468
f 1472/1472/1472 1476/1476/1476 1477/1477/1477
f 1472/1472/1472 1477/1477/1477 1473/1473/1473
f 1476/1476/1476 1478/1478/1478 1479/1479/1479
f 1476/1476/1476 1479/1479/1479 1477/1477/1477
f 1477/1477/1477 1479/1479/1479 1480/1480/1480
f 1477/1477/1477 1480/1480/1480 1481/1481/1481
f 1473/1473/1473 1477/1477/1477 1481/1481/1481
f 1473/1473/1473 1481/1481/1481 1474/1474/1474
f 1478/1478/1478 1482/1482/1482 1483/1483/1483
f 1478/1478/1478 1483/1483/1483 1479/1479/1479
f 1482/1482/1482 1484/1484/1484 1485/1485/1485
f 1482/1482/1482 1485/1485/1485 1483/1483/1483
f 1483/1483/1483 1485/1485/1485 1486/1486/1486
f 1483/1483/1483 1486/1486/1486 1487/1487/1487
f 1479/1479/1479 1483/1483/1483 1487/1487/1487
f 1479/1479/1479 1487/1487/1487 1480/1480/1480
f 1484/1484/1484 1488/1488/1488 1489/1489/1489
f 1484/1484/1484 1489/1489/1489 1485/1485/1485
f 1488/1488/1488 1490/1490/1490 1491/1491/1491
f 1488/1488/1488 1491/1491/1491 1489/1489/1489
f 1489/1489/1489 1491/1491/1491 1492/1492/1492
f 1489/1489/1489 1492/1492/1492 1493/1493/1493
f 1485/1485/1485 1489/1489/1489 1493/1493/1493
f 1485/1485/1485 1493/1493/1493 1486/1486/1486
f 1490/1490/1490 1494/1494/1494 1495/1495/1495
f 1490/1490/1490 1495/1495/1495 1491/1491/1491
f 1494/1494/1494 1496/1496/1496 1497/1497/1497
f 1494/1494/1494 1497/1497/1497 1495/1495/1495
f 1495/1495/1495 1497/1497/1497 1498/1498/1498
f 1495/1495/1495 1498/1498/1498 1499/1499/1499
f 1491/1491/1491 1495/1495/1495 1499/1499/1499
f 1491/1491/1491 1499/1499/1499 1492/1492/1492
f 1496/1496/1496 1500/1500/1500 1501/1501/1501
f 1496/1496/1496 1501/1501/1501 1497/1497/1497
f 1500/1500/1500 1502/1502/1502 1503/1503/1503
f 1500/1500/1500 1503/1503/1503 1501/1501/1501
f 1501/1501/1501 1503/1503/1503 1504/1504/1504
f 1501/1501/1501 1504/1504/1504 1505/1505/1505
f 1497/1497/1497 1501/1501/1501 1505/1505/1505
f 1497/1497/1497 1505/1505/1505 1498/1498/1498
f 1502/1502/1502 1506/1506/1506 1507/1507/1507
f 1502/1502/1502 1507/1507/1507 1503/1503/1503
f 1506/1506/1506 1508/1508/1508 1509/1509/1509
f 1506/1506/1506 1509/1509/1509 1507/1507/1507
f 1507/1507/1507 1509/1509/1509 1510/1510/1510
f 1507/1507/1507 1510/1510/1510 1511/1511/1511
f 1503/1503/1503 1507/1507/1507 1511/1511/1511
f 1503/1503/1503 1511/1511/1511 1504/1504/1504
f 1508/1508/1508 1512/1512/1512 1513/1513/1513
f 1508/1508/1508 1513/1513/1513 1509/1509/1509
f 1512/1512/1512 1514/1514/1514 1515/1515/1515
f 1512/1512/1512 1515/1515/1515 1513/1513/1513
f 1513/1513/1513 1515/1515/1515 1516/1516/1516
f 1513/1513/1513 1516/1516/1516 1517/1517/1517
f 1509/1509/1509 1513/1513/1513 1517/1517/1517
f 1509/1509/1509 1517/1517/1517 1510/1510/1510
f 1518/1518/1518 1519/1519/1519 1520/1520/1520
f 1518/1518/1518 1520/1520/1520 1521/1521/1521
f 1519/1519/1519 1516/1516/1516 1515/1515/1515
f 1519/1519/1519 1515/1515/1515 1520/1520/1520
f 1520/1520/1520 1515/1515/1515 1514/1514/1514
f 1520/1520/1520 1514/1514/1514 1522/1522/1522
f 1521/1521/1521 1520/1520/1520 1522/1522/1522
f 1521/1521/1521 1522/1522/1522 1523/1523/1523
f 1524/1524/1524 1525/1525/1525 1526/1526/1526
f 1524/1524/1524 1526/1526/1526 1527/1527/1527
f 1525/1525/1525 1518/1518/1518 1521/1521/1521
f 1525/1525/1525 1521/1521/1521 1526/1526/1526
f 1526/1526/1526 1521/1521/1521 1523/1523/1523
f 1526/1526/1526 1523/1523/1523 1528/1528/1528
f 1527/1527/1527 1526/1526/1526 1528/1528/1528
f 1527/1527/1527 1528/1528/1528 1529/1529/1529
f 1530/1530/1530 1531/1531/1531 1532/1532/1532
f 1530/1530/1530 1532/1532/1532 1533/1533/1533
f 1531/1531/1531 1524/1524/1524 1527/1527/1527
f 1531/1531/1531 1527/1527/1527 1532/1532/1532
f 1532/1532/1532 1527/1527/1527 1529/1529/1529
f 1532/1532/1532 1529/1529/1529 1534/1534/1534
f 1533/1533/1533 1532/1532/1532 1534/1534/1534
f 1533/1533/1533 1534/1534/1534 1535/1535/1535
f 1536/1536/1536 1537/1537/1537 1538/1538/1538
f 1536/1536/1536 1538/1538/1538 1539/1539/1539
f 1537/1537/1537 1530/1530/1530 1533/1533/1533
f 1537/1537/1537 1533/1533/1533 1538/1538/1538
f 1538/1538/1538 1533/1533/1533 1535/1535/1535
f 1538/1538/1538 1535/1535/1535 1540/1540/1540
f 1539/1539/1539 1538/1538/1538 1540/1540/1540
f 1539/1539/1539 1540/1540/1540 1541/1541/1541
f 1542/1542/1542 1543/1543/1543 1544/1544/1544
f 1542/1542/1542 1544/1544/1544 1545/1545/1545
f 1546/1546/1546 1536/1536/1536 1539/1539/1539
f 1546/1546/1546 1539/1539/1539 1547/1547/1547
f 1547/1547/1547 1539/1539/1539 1541/1541/1541
f 1547/1547/1547 1541/1541/1541 1548/1548/1548
f 1545/1545/1545 1544/1544/1544 1549/1549/1549
f 1545/1545/1545 1549/1549/1549 1550/1550/1550
f 1551/1551/1551 1552/1552/1552 1553/1553/1553
f 1551/1551/1551 1553/1553/1553 1554/1554/1554
f 1552/1552/1552 1542/1542/1542 1545/1545/1545
f 1552/1552/1552 1545/1545/1545 1553/1553/1553
f 1553/1553/1553 1545/1545/1545 1550/1550/1550
f 1553/1553/1553 1550/1550/1550 1555/1555/1555
f 1554/1554/1554 1553/1553/1553 1555/1555/1555
f 1554/1554/1554 1555/1555/1555 1556/1556/1556
f 1556/1556/1556 1557/1557/1557 1558/1558/1558
f 1556/1556/1556 1558/1558/1558 1554/1554/1554
f 1557/1557/1557 1559/1559/1559 1560/1560/1560
f 1557/1557/1557 1560/1560/1560 1558/1558/1558
f 1558/1558/1558 1560/1560/1560 1561/1561/1561
f 1558/1558/1558 1561/1561/1561 1562/1562/1562
f 1554/1554/1554 1558/1558/1558 1562/1562/1562
f 1554/1554/1554 1562/1562/1562 1551/1551/1551
f 1559/1559/1559 1563/1563/1563 1564/1564/1564
f 1559/1559/1559 1564/1564/1564 1560/1560/1560
f 1563/1563/1563 1565/1565/1565 1566/1566/1566
f 1563/1563/1563 1566/1566/1566 1564/1564/1564
f 1564/1564/1564 1566/1566/1566 1567/1567/1567
f 1564/1564/1564 1567/1567/1567 1568/1568/1568
f 1560/1560/1560 1564/1564/1564 1568/1568/1568
f 1560/1560/1560 1568/1568/1568 1561/1561/1561
f 1565/1565/1565 1569/1569/1569 1570/1570/1570
f 1565/1565/1565 1570/1570/1570 1566/1566/1566
f 1569/1569/1569 1571/1571/1571 1572/1572/1572
f 1569/1569/1569 1572/1572/1572 1570/1570/1570
f 1570/1570/1570 1572/1572/1572 1573/1573/1573
f 1570/1570/1570 1573/1573/1573 1574/1574/1574
f 1566/1566/1566 1570/1570/1570 1574/1574/1574
f 1566/1566/1566 1574/1574/1574 1567/1567/1567
f 1571/1571/1571 1575/1575/1575 1576/1576/1576
f 1571/1571/1571 1576/1576/1576 1572/1572/1572
f 1575/1575/1575 1577/1577/1577 1578/1578/1578
f 1575/1575/1575 1578/1578/1578 1576/1576/1576
f 1576/1576/1576 1578/1578/1578 1579/1579/1579
f 1576/1576/1576 1579/1579/1579 1580/1580/1580
f 1572/1572/1572 1576/1576/1576 1580/1580/1580
f 1572/1572/1572 1580/1580/1580 1573/1573/1573
f 1577/1577/1577 1581/1581/1581 1582/1582/1582
f 1577/1577/1577 1582/1582/1582 1578/1578/1578
f 1581/1581/1581 1583/1583/1583 1584/1584/1584
f 1581/1581/1581 1584/1584/1584 1582/1582/1582
f 1582/1582/1582 1584/1584/1584 1585/1585/1585
f 1582/1582/1582 1585/1585/1585 1586/1586/1586
f 1578/1578/1578 1582/1582/1582 1586/1586/1586
f 1578/1578/1578 1586/1586/1586 1579/1579/1579
f 1583/1583/1583 1587/1587/1587 1588/1588/1588
f 1583/1583/1583 1588/1588/1588 1584/1584/1584
f 1587/1587/1587 1589/1589/1589 1590/1590/1590
f 1587/1587/1587 1590/1590/1590 1588/1588/1588
f 1588/1588/1588 1590/1590/1590 1591/1591/1591
f 1588/1588/1588 1591/1591/1591 1592/1592/1592
f 1584/1584/1584 1588/1588/1588 1592/1592/1592
f 1584/1584/1584 1592/1592/1592 1585/1585/1585
f 1589/1589/1589 1593/1593/1593 1594/1594/1594
f 1589/1589/1589 1594/1594/1594 1590/1590/1590
f 1593/1593/1593 1595/1595/1595 1596/1596/1596
f 1593/1593/1593 1596/1596/1596 1594/1594/1594
f 1594/1594/1594 1596/1596/1596 1597/1597/1597
f 1594/1594/1594 1597/1597/1597 1598/1598/1598
f 1590/1590/1590 1594/1594/1594 1598/1598/1598
f 1590/1590/1590 1598/1598/1598 1591/1591/1591
f 1595/1595/1595 1599/1599/1599 1600/1600/1600
f 1595/1595/1595 1600/1600/1600 1596/1596/1596
f 1601/1601/1601 1602/1602/1602 1603/1603/1603
f 1601/1601/1601 1603/1603/1603 1604/1604/1604
f 1604/1604/1604 1603/1603/1603 1605/1605/1605
f 1604/1604/1604 1605/1605/1605 1606/1606/1606
f 1596/1596/1596 1600/1600/1600 1607/1607/1607
f 1596/1596/1596 1607/1607/1607 1597/1597/1597
f 1602/1602/1602 1608/1608/1608 1609/1609/1609
f 1602/1602/1602 1609/1609/1609 1603/1603/1603
f 1608/1608/1608 1610/1610/1610 1611/1611/1611
f 1608/1608/1608 1611/1611/1611 1609/1609/1609
f 1609/1609/1609 1611/1611/1611 1612/1612/1612
f 1609/1609/1609 1612/1612/1612 1613/1613/1613
f 1603/1603/1603 1609/1609/1609 1613/1613/1613
f 1603/1603/1603 1613/1613/1613 1605/1605/1605
f 1610/1610/1610 1614/1614/1614 1615/1615/1615
f 1610/1610/1610 1615/1615/1615 1611/1611/1611
f 1614/1614/1614 1616/1616/1616 1617/1617/1617
f 1614/1614/1614 1617/1617/1617 1615/1615/1615
f 1615/1615/1615 1617/1617/1617 1618/1618/1618
f 1615/1615/1615 1618/1618/1618 1619/1619/1619
f 1611/1611/1611 1615/1615/1615 1619/1619/1619
f 1611/1611/1611 1619/1619/1619 1612/1612/1612
f 1616/1616/1616 1620/1620/1620 1621/1621/1621
f 1616/1616/1616 1621/1621/1621 1617/1617/1617
f 1620/1620/1620 1622/1622/1622 1623/1623/1623
f 1620/1620/1620 1623/1623/1623 1621/1621/1621
f 1621/1621/1621 1623/1623/1623 1624/1624/1624
f 1621/1621/1621 1624/1624/1624 1625/1625/1625
f 1617/1617/1617 1621/1621/1621 1625/1625/1625
f 1617/1617/1617 1625/1625/1625 1618/1618/1618
f 1622/1622/1622 1626/1626/1626 1627/1627/1627
f 1622/1622/1622 1627/1627/1627 1623/1623/1623
f 1626/1626/1626 1628/1628/1628 1629/1629/1629
f 1626/1626/1626 1629/1629/1629 1627/1627/1627
f 1627/1627/1627 1629/1629/1629 1630/1630/1630
f 1627/1627/1627 1630/1630/1630 1631/1631/1631
f 1623/1623/1623 1627/1627/1627 1631/1631/1631
f 1623/1623/1623 1631/1631/1631 1624/1624/1624
f 1628/1628/1628 1632/1632/1632 1633/1633/1633
f 1628/1628/1628 1633/1633/1633 1629/1629/1629
f 1632/1632/1632 1634/1634/1634 1635/1635/1635
f 1632/1632/1632 1635/1635/1635 1633/1633/1633
f 1633/1633/1633 1635/1635/1635 1636/1636/1636
f 1633/1633/1633 1636/1636/1636 1637/1637/1637
f 1629/1629/1629 1633/1633/1633 1637/1637/1637
f 1629/1629/1629 1637/1637/1637 1630/1630/1630
f 1634/1634/1634 1638/1638/1638 1639/1639/1639
f 1634/1634/1634 1639/1639/1639 1635/1635/1635
f 1638/1638/1638 1640/1640/1640 1641/1641/1641
f 1638/1638/1638 1641/1641/1641 1639/1639/1639
f 1639/1639/1639 1641/1641/1641 1642/1642/1642
f 1639/1639/1639 1642/1642/1642 1643/1643/1643
f 1635/1635/1635 1639/1639/1639 1643/1643/1643
f 1635/1635/1635 1643/1643/1643 1636/1636/1636
f 1640/1640/1640 1644/1644/1644 1645/1645/1645
f 1640/1640/1640 1645/1645/1645 1641/1641/1641
f 1644/1644/1644 1646/1646/1646 1647/1647/1647
f 1644/1644/1644 1647/1647/1647 1645/1645/1645
f 1645/1645/1645 1647/1647/1647 1648/1648/1648
f 1645/1645/1645 1648/1648/1648 1649/1649/1649
f 1641/1641/1641 1645/1645/1645 1649/1649/1649
f 1641/1641/1641 1649/1649/1649 1642/1642/1642
f 1646/1646/1646 1650/1650/1650 1651/1651/1651
f 1646/1646/1646 1651/1651/1651 1647/1647/1647
f 1650/1650/1650 1287/1287/1287 1286/1286/1286
f 1650/1650/1650 1286/1286/1286 1651/1651/1651
f 1651/1651/1651 1286/1286/1286 1285/1285/1285
f 1651/1651/1651 1285/1285/1285 1652/1652/1652
f 1647/1647/1647 1651/1651/1651 1652/1652/1652
f 1647/1647/1647 1652/1652/1652 1648/1648/1648
f 1289/1289/1289 1288/1288/1288 1653/1653/1653
f 1289/1289/1289 1653/1653/1653 1654/1654/1654
f 1288/1288/1288 1287/1287/1287 1655/1655/1655
f 1288/1288/1288 1655/1655/1655 1653/1653/1653
f 1653/1653/1653 1655/1655/1655 910/910/910
f 1653/1653/1653 910/910/910 1030/1030/1030
f 1654/1654/1654 1653/1653/1653 1030/1030/1030
f 1654/1654/1654 1030/1030/1030 1025/1025/1025
f 1295/1295/1295 1294/1294/1294 1656/1656/1656
f 1295/1295/1295 1656/1656/1656 1657/1657/1657
f 1294/1294/1294 1289/1289/1289 1654/1654/1654
f 1294/1294/1294 1654/1654/1654 1656/1656/1656
f 1656/1656/1656 1654/1654/1654 1025/1025/1025
f 1656/1656/1656 1025/1025/1025 1028/1028/1028
f 1657/1657/1657 1656/1656/1656 1028/1028/1028
f 1657/1657/1657 1028/1028/1028 1019/1019/1019
f 1301/1301/1301 1300/1300/1300 1658/1658/1658
f 1301/1301/1301 1658/1658/1658 1659/1659/1659
f 1300/1300/1300 1295/1295/1295 1657/1657/1657
f 1300/1300/1300 1657/1657/1657 1658/1658/1658
f 1658/1658/1658 1657/1657/1657 1019/1019/1019
f 1658/1658/1658 1019/1019/1019 1022/1022/1022
f 1659/1659/1659 1658/1658/1658 1022/1022/1022
f 1659/1659/1659 1022/1022/1022 1024/1024/1024
f 1307/1307/1307 1306/1306/1306 1660/1660/1660
f 1307/1307/1307 1660/1660/1660 1661/1661/1661
f 1306/1306/1306 1301/1301/1301 1659/1659/1659
f 1306/1306/1306 1659/1659/1659 1660/1660/1660
f 1660/1660/1660 1659/1659/1659 1024/1024/1024
f 1660/1660/1660 1024/1024/1024 1023/1023/1023
f 1661/1661/1661 1660/1660/1660 1023/1023/1023
f 1661/1661/1661 1023/1023/1023 418/418/418
f 1313/1313/1313 1312/1312/1312 1662/1662/1662
f 1313/1313/1313 1662/1662/1662 1663/1663/1663
f 1312/1312/1312 1307/1307/1307 1661/1661/1661
f 1312/1312/1312 1661/1661/1661 1662/1662/1662
f 1662/1662/1662 1661/1661/1661 418/418/418
f 1662/1662/1662 418/418/418 421/421/421
f 1663/1663/1663 1662/1662/1662 421/421/421
f 1663/1663/1663 421/421/421 423/423/423
f 1319/1319/1319 1318/1318/1318 1664/1664/1664
f 1319/1319/1319 1664/1664/1664 1665/1665/1665
f 1318/1318/1318 1313/1313/1313 1663/1663/1663
f 1318/1318/1318 1663/1663/1663 1664/1664/1664
f 1664/1664/1664 1663/1663/1663 423/423/423
f 1664/1664/1664 423/423/423 1082/1082/1082
f 1665/1665/1665 1664/1664/1664 1082/1082/1082
f 1665/1665/1665 1082/1082/1082 1084/1084/1084
f 1080/1080/1080 1666/1666/1666 1667/1667/1667
f 1080/1080/1080 1667/1667/1667 1083/1083/1083
f 1666/1666/1666 1668/1668/1668 1669/1669/1669
f 1666/1666/1666 1669/1669/1669 1667/1667/1667
f 1667/1667/1667 1669/1669/1669 1319/1319/1319
f 1667/1667/1667 1319/1319/1319 1665/1665/1665
f 1083/1083/1083 1667/1667/1667 1665/1665/1665
f 1083/1083/1083 1665/1665/1665 1084/1084/1084
f 1076/1076/1076 1670/1670/1670 1671/1671/1671
f 1076/1076/1076 1671/1671/1671 1079/1079/1079
f 1670/1670/1670 1672/1672/1672 1673/1673/1673
f 1670/1670/1670 1673/1673/1673 1671/1671/1671
f 1671/1671/1671 1673/1673/1673 1668/1668/1668
f 1671/1671/1671 1668/1668/1668 1666/1666/1666
f 1079/1079/1079 1671/1671/1671 1666/1666/1666
f 1079/1079/1079 1666/1666/1666 1080/1080/1080
f 1069/1069/1069 1674/1674/1674 1675/1675/1675
f 1069/1069/1069 1675/1675/1675 1075/1075/1075
f 1674/1674/1674 1676/1676/1676 1677/1677/1677
f 1674/1674/1674 1677/1677/1677 1675/1675/1675
f 1675/1675/1675 1677/1677/1677 1672/1672/1672
f 1675/1675/1675 1672/1672/1672 1670/1670/1670
f 1075/1075/1075 1675/1675/1675 1670/1670/1670
f 1075/1075/1075 1670/1670/1670 1076/1076/1076
f 1678/1678/1678 1679/1679/1679 1680/1680/1680
f 1678/1678/1678 1680/1680/1680 1681/1681/1681
f 1679/1679/1679 1676/1676/1676 1674/1674/1674
f 1679/1679/1679 1674/1674/1674 1680/1680/1680
f 1680/1680/1680 1674/1674/1674 1069/1069/1069
f 1680/1680/1680 1069/1069/1069 1072/1072/1072
f 1681/1681/1681 1680/1680/1680 1072/1072/1072
f 1681/1681/1681 1072/1072/1072 1065/1065/1065
f 1682/1682/1682 1683/1683/1683 1684/1684/1684
f 1682/1682/1682 1684/1684/1684 1685/1685/1685
f 1683/1683/1683 1678/1678/1678 1681/1681/1681
f 1683/1683/1683 1681/1681/1681 1684/1684/1684
f 1684/1684/1684 1681/1681/1681 1065/1065/1065
f 1684/1684/1684 1065/1065/1065 1068/1068/1068
f 1685/1685/1685 1684/1684/1684 1068/1068/1068
f 1685/1685/1685 1068/1068/1068 1061/1061/1061
f 1686/1686/1686 1687/1687/1687 1688/1688/1688
f 1686/1686/1686 1688/1688/1688 1689/1689/1689
f 1687/1687/1687 1682/1682/1682 1685/1685/1685
f 1687/1687/1687 1685/1685/1685 1688/1688/1688
f 1688/1688/1688 1685/1685/1685 1061/1061/1061
f 1688/1688/1688 1061/1061/1061 1064/1064/1064
f 1689/1689/1689 1688/1688/1688 1064/1064/1064
f 1689/1689/1689 1064/1064/1064 1057/1057/1057
f 1690/1690/1690 1691/1691/1691 1692/1692/1692
f 1690/1690/1690 1692/1692/1692 1693/1693/1693
f 1691/1691/1691 1686/1686/1686 1689/1689/1689
f 1691/1691/1691 1689/1689/1689 1692/1692/1692
f 1692/1692/1692 1689/1689/1689 1057/1057/1057
f 1692/1692/1692 1057/1057/1057 1060/1060/1060
f 1693/1693/1693 1692/1692/1692 1060/1060/1060
f 1693/1693/1693 1060/1060/1060 1053/1053/1053
f 1694/1694/1694 1695/1695/1695 1696/1696/1696
f 1694/1694/1694 1696/1696/1696 1697/1697/1697
f 1695/1695/1695 1690/1690/1690 1693/1693/1693
f 1695/1695/1695 1693/1693/1693 1696/1696/1696
f 1696/1696/1696 1693/1693/1693 1053/1053/1053
f 1696/1696/1696 1053/1053/1053 1056/1056/1056
f 1697/1697/1697 1696/1696/1696 1056/1056/1056
f 1697/1697/1697 1056/1056/1056 1049/1049/1049
f 1698/1698/1698 1699/1699/1699 1700/1700/1700
f 1698/1698/1698 1700/1700/1700 1701/1701/1701
f 1699/1699/1699 1694/1694/1694 1697/1697/1697
f 1699/1699/1699 1697/1697/1697 1700/1700/1700
f 1700/1700/1700 1697/1697/1697 1049/1049/1049
f 1700/1700/1700 1049/1049/1049 1052/1052/1052
f 1701/1701/1701 1700/1700/1700 1052/1052/1052
f 1701/1701/1701 1052/1052/1052 1045/1045/1045
f 1702/1702/1702 1703/1703/1703 1704/1704/1704
f 1702/1702/1702 1704/1704/1704 1705/1705/1705
f 1703/1703/1703 1698/1698/1698 1701/1701/1701
f 1703/1703/1703 1701/1701/1701 1704/1704/1704
f 1704/1704/1704 1701/1701/1701 1045/1045/1045
f 1704/1704/1704 1045/1045/1045 1048/1048/1048
f 1705/1705/1705 1704/1704/1704 1048/1048/1048
f 1705/1705/1705 1048/1048/1048 1041/1041/1041
f 1706/1706/1706 1707/1707/1707 1708/1708/1708
f 1706/1706/1706 1708/1708/1708 1709/1709/1709
f 1707/1707/1707 1702/1702/1702 1705/1705/1705
f 1707/1707/1707 1705/1705/1705 1708/1708/1708
f 1708/1708/1708 1705/1705/1705 1041/1041/1041
f 1708/1708/1708 1041/1041/1041 1044/1044/1044
f 1709/1709/1709 1708/1708/1708 1044/1044/1044
f 1709/1709/1709 1044/1044/1044 1037/1037/1037
f 1710/1710/1710 1711/1711/1711 1712/1712/1712
f 1710/1710/1710 1712/1712/1712 1713/1713/1713
f 1711/1711/1711 1706/1706/1706 1709/1709/1709
f 1711/1711/1711 1709/1709/1709 1712/1712/1712
f 1712/1712/1712 1709/1709/1709 1037/1037/1037
f 1712/1712/1712 1037/1037/1037 1040/1040/1040
f 1713/1713/1713 1712/1712/1712 1040/1040/1040
f 1713/1713/1713 1040/1040/1040 1031/1031/1031
f 1714/1714/1714 1715/1715/1715 1716/1716/1716
f 1714/1714/1714 1716/1716/1716 1717/1717/1717
f 1715/1715/1715 1710/1710/1710 1713/1713/1713
f 1715/1715/1715 1713/1713/1713 1716/1716/1716
f 1716/1716/1716 1713/1713/1713 1031/1031/1031
f 1716/1716/1716 1031/1031/1031 1034/1034/1034
f 1717/1717/1717 1716/1716/1716 1034/1034/1034
f 1717/1717/1717 1034/1034/1034 1036/1036/1036
f 1718/1718/1718 1719/1719/1719 1720/1720/1720
f 1718/1718/1718 1720/1720/1720 1721/1721/1721
f 1719/1719/1719 1714/1714/1714 1717/1717/1717
f 1719/1719/1719 1717/1717/1717 1720/1720/1720
f 1720/1720/1720 1717/1717/1717 1036/1036/1036
f 1720/1720/1720 1036/1036/1036 1167/1167/1167
f 1721/1721/1721 1720/1720/1720 1167/1167/1167
f 1721/1721/1721 1167/1167/1167 1162/1162/1162
f 1722/1722/1722 1723/1723/1723 1724/1724/1724
f 1722/1722/1722 1724/1724/1724 1725/1725/1725
f 1723/1723/1723 1718/1718/1718 1721/1721/1721
f 1723/1723/1723 1721/1721/1721 1724/1724/1724
f 1724/1724/1724 1721/1721/1721 1162/1162/1162
f 1724/1724/1724 1162/1162/1162 1165/1165/1165
f 1725/1725/1725 1724/1724/1724 1165/1165/1165
f 1725/1725/1725 1165/1165/1165 1158/1158/1158
f 1726/1726/1726 1727/1727/1727 1728/1728/1728
f 1726/1726/1726 1728/1728/1728 1729/1729/1729
f 1727/1727/1727 1722/1722/1722 1725/1725/1725
f 1727/1727/1727 1725/1725/1725 1728/1728/1728
f 1728/1728/1728 1725/1725/1725 1158/1158/1158
f 1728/1728/1728 1158/1158/1158 1161/1161/1161
f 1729/1729/1729 1728/1728/1728 1161/1161/1161
f 1729/1729/1729 1161/1161/1161 1154/1154/1154
f 1730/1730/1730 1731/1731/1731 1732/1732/1732
f 1730/1730/1730 1732/1732/1732 1733/1733/1733
f 1731/1731/1731 1726/1726/1726 1729/1729/1729
f 1731/1731/1731 1729/1729/1729 1732/1732/1732
f 1732/1732/1732 1729/1729/1729 1154/1154/1154
f 1732/1732/1732 1154/1154/1154 1157/1157/1157
f 1733/1733/1733 1732/1732/1732 1157/1157/1157
f 1733/1733/1733 1157/1157/1157 1150/1150/1150
f 1734/1734/1734 1735/1735/1735 1736/1736/1736
f 1734/1734/1734 1736/1736/1736 1737/1737/1737
f 1735/1735/1735 1730/1730/1730 1733/1733/1733
f 1735/1735/1735 1733/1733/1733 1736/1736/1736
f 1736/1736/1736 1733/1733/1733 1150/1150/1150
f 1736/1736/1736 1150/1150/1150 1153/1153/1153
f 1737/1737/1737 1736/1736/1736 1153/1153/1153
f 1737/1737/1737 1153/1153/1153 1146/1146/1146
f 1738/1738/1738 1739/1739/1739 1740/1740/1740
f 1738/1738/1738 1740/1740/1740 1741/1741/1741
f 1739/1739/1739 1734/1734/1734 1737/1737/1737
f 1739/1739/1739 1737/1737/1737 1740/1740/1740
f 1740/1740/1740 1737/1737/1737 1146/1146/1146
f 1740/1740/1740 1146/1146/1146 1149/1149/1149
f 1741/1741/1741 1740/1740/1740 1149/1149/1149
f 1741/1741/1741 1149/1149/1149 1142/1142/1142
f 1742/1742/1742 1743/1743/1743 1744/1744/1744
f 1742/1742/1742 1744/1744/1744 1745/1745/1745
f 1743/1743/1743 1738/1738/1738 1741/1741/1741
f 1743/1743/1743 1741/1741/1741 1744/1744/1744
f 1744/1744/1744 1741/1741/1741 1142/1142/1142
f 1744/1744/1744 1142/1142/1142 1145/1145/1145
f 1745/1745/1745 1744/1744/1744 1145/1145/1145
f 1745/1745/1745 1145/1145/1145 1136/1136/1136
f 1449/1449/1449 1746/1746/1746 1747/1747/1747
f 1449/1449/1449 1747/1747/1747 1748/1748/1748
f 1746/1746/1746 1742/1742/1742 1745/1745/1745
f 1746/1746/1746 1745/1745/1745 1747/1747/1747
f 1747/1747/1747 1745/1745/1745 1136/1136/1136
f 1747/1747/1747 1136/1136/1136 1139/1139/1139
f 1748/1748/1748 1747/1747/1747 1139/1139/1139
f 1748/1748/1748 1139/1139/1139 1141/1141/1141
f 520/520/520 1749/1749/1749 1750/1750/1750
f 520/520/520 1750/1750/1750 1140/1140/1140
f 1749/1749/1749 1453/1453/1453 1450/1450/1450
f 1749/1749/1749 1450/1450/1450 1750/1750/1750
f 1750/1750/1750 1450/1450/1450 1449/1449/1449
f 1750/1750/1750 1449/1449/1449 1748/1748/1748
f 1140/1140/1140 1750/1750/1750 1748/1748/1748
f 1140/1140/1140 1748/1748/1748 1141/1141/1141
f 525/525/525 1751/1751/1751 1752/1752/1752
f 525/525/525 1752/1752/1752 523/523/523
f 1751/1751/1751 1460/1460/1460 1458/1458/1458
f 1751/1751/1751 1458/1458/1458 1752/1752/1752
f 1752/1752/1752 1458/1458/1458 1453/1453/1453
f 1752/1752/1752 1453/1453/1453 1749/1749/1749
f 523/523/523 1752/1752/1752 1749/1749/1749
f 523/523/523 1749/1749/1749 520/520/520
f 967/967/967 1753/1753/1753 1754/1754/1754
f 967/967/967 1754/1754/1754 965/965/965
f 1753/1753/1753 1466/1466/1466 1464/1464/1464
f 1753/1753/1753 1464/1464/1464 1754/1754/1754
f 1754/1754/1754 1464/1464/1464 1460/1460/1460
f 1754/1754/1754 1460/1460/1460 1751/1751/1751
f 965/965/965 1754/1754/1754 1751/1751/1751
f 965/965/965 1751/1751/1751 525/525/525
f 963/963/963 1755/1755/1755 1756/1756/1756
f 963/963/963 1756/1756/1756 966/966/966
f 1755/1755/1755 1472/1472/1472 1470/1470/1470
f 1755/1755/1755 1470/1470/1470 1756/1756/1756
f 1756/1756/1756 1470/1470/1470 1466/1466/1466
f 1756/1756/1756 1466/1466/1466 1753/1753/1753
f 966/966/966 1756/1756/1756 1753/1753/1753
f 966/966/966 1753/1753/1753 967/967/967
f 959/959/959 1757/1757/1757 1758/1758/1758
f 959/959/959 1758/1758/1758 962/962/962
f 1757/1757/1757 1478/1478/1478 1476/1476/1476
f 1757/1757/1757 1476/1476/1476 1758/1758/1758
f 1758/1758/1758 1476/1476/1476 1472/1472/1472
f 1758/1758/1758 1472/1472/1472 1755/1755/1755
f 962/962/962 1758/1758/1758 1755/1755/1755
f 962/962/962 1755/1755/1755 963/963/963
f 955/955/955 1759/1759/1759 1760/1760/1760
f 955/955/955 1760/1760/1760 958/958/958
f 1759/1759/1759 1484/1484/1484 1482/1482/1482
f 1759/1759/1759 1482/1482/1482 1760/1760/1760
f 1760/1760/1760 1482/1482/1482 1478/1478/1478
f 1760/1760/1760 1478/1478/1478 1757/1757/1757
f 958/958/958 1760/1760/1760 1757/1757/1757
f 958/958/958 1757/1757/1757 959/959/959
f 951/951/951 1761/1761/1761 1762/1762/1762
f 951/951/951 1762/1762/1762 954/954/954
f 1761/1761/1761 1490/1490/1490 1488/1488/1488
f 1761/1761/1761 1488/1488/1488 1762/1762/1762
f 1762/1762/1762 1488/1488/1488 1484/1484/1484
f 1762/1762/1762 1484/1484/1484 1759/1759/1759
f 954/954/954 1762/1762/1762 1759/1759/1759
f 954/954/954 1759/1759/1759 955/955/955
f 947/947/947 1763/1763/1763 1764/1764/1764
f 947/947/947 1764/1764/1764 950/950/950
f 1763/1763/1763 1496/1496/1496 1494/1494/1494
f 1763/1763/1763 1494/1494/1494 1764/1764/1764
f 1764/1764/1764 1494/1494/1494 1490/1490/1490
f 1764/1764/1764 1490/1490/1490 1761/1761/1761
f 950/950/950 1764/1764/1764 1761/1761/1761
f 950/950/950 1761/1761/1761 951/951/951
f 943/943/943 1765/1765/1765 1766/1766/1766
f 943/943/943 1766/1766/1766 946/946/946
f 1765/1765/1765 1502/1502/1502 1500/1500/1500
f 1765/1765/1765 1500/1500/1500 1766/1766/1766
f 1766/1766/1766 1500/1500/1500 1496/1496/1496
f 1766/1766/1766 1496/1496/1496 1763/1763/1763
f 946/946/946 1766/1766/1766 1763/1763/1763
f 946/946/946 1763/1763/1763 947/947/947
f 939/939/939 1767/1767/1767 1768/1768/1768
f 939/939/939 1768/1768/1768 942/942/942
f 1767/1767/1767 1508/1508/1508 1506/1506/1506
f 1767/1767/1767 1506/1506/1506 1768/1768/1768
f 1768/1768/1768 1506/1506/1506 1502/1502/1502
f 1768/1768/1768 1502/1502/1502 1765/1765/1765
f 942/942/942 1768/1768/1768 1765/1765/1765
f 942/942/942 1765/1765/1765 943/943/943
f 838/838/838 1769/1769/1769 1770/1770/1770
f 838/838/838 1770/1770/1770 938/938/938
f 1769/1769/1769 1514/1514/1514 1512/1512/1512
f 1769/1769/1769 1512/1512/1512 1770/1770/1770
f 1770/1770/1770 1512/1512/1512 1508/1508/1508
f 1770/1770/1770 1508/1508/1508 1767/1767/1767
f 938/938/938 1770/1770/1770 1767/1767/1767
f 938/938/938 1767/1767/1767 939/939/939
f 1523/1523/1523 1522/1522/1522 1771/1771/1771
f 1523/1523/1523 1771/1771/1771 1772/1772/1772
f 1522/1522/1522 1514/1514/1514 1769/1769/1769
f 1522/1522/1522 1769/1769/1769 1771/1771/1771
f 1771/1771/1771 1769/1769/1769 838/838/838
f 1771/1771/1771 838/838/838 841/841/841
f 1772/1772/1772 1771/1771/1771 841/841/841
f 1772/1772/1772 841/841/841 846/846/846
f 1529/1529/1529 1528/1528/1528 1773/1773/1773
f 1529/1529/1529 1773/1773/1773 1774/1774/1774
f 1528/1528/1528 1523/1523/1523 1772/1772/1772
f 1528/1528/1528 1772/1772/1772 1773/1773/1773
f 1773/1773/1773 1772/1772/1772 846/846/846
f 1773/1773/1773 846/846/846 1275/1275/1275
f 1774/1774/1774 1773/1773/1773 1275/1275/1275
f 1774/1774/1774 1275/1275/1275 1225/1225/1225
f 1535/1535/1535 1534/1534/1534 1775/1775/1775
f 1535/1535/1535 1775/1775/1775 1776/1776/1776
f 1534/1534/1534 1529/1529/1529 1774/1774/1774
f 1534/1534/1534 1774/1774/1774 1775/1775/1775
f 1775/1775/1775 1774/1774/1774 1225/1225/1225
f 1775/1775/1775 1225/1225/1225 1228/1228/1228
f 1776/1776/1776 1775/1775/1775 1228/1228/1228
f 1776/1776/1776 1228/1228/1228 768/768/768
f 1541/1541/1541 1540/1540/1540 1777/1777/1777
f 1541/1541/1541 1777/1777/1777 1778/1778/1778
f 1540/1540/1540 1535/1535/1535 1776/1776/1776
f 1540/1540/1540 1776/1776/1776 1777/1777/1777
f 1777/1777/1777 1776/1776/1776 768/768/768
f 1777/1777/1777 768/768/768 771/771/771
f 1778/1778/1778 1777/1777/1777 771/771/771
f 1778/1778/1778 771/771/771 725/725/725
f 1550/1550/1550 1549/1549/1549 1779/1779/1779
f 1550/1550/1550 1779/1779/1779 1780/1780/1780
f 1548/1548/1548 1541/1541/1541 1778/1778/1778
f 1548/1548/1548 1778/1778/1778 1781/1781/1781
f 1781/1781/1781 1778/1778/1778 725/725/725
f 1781/1781/1781 725/725/725 728/728/728
f 1780/1780/1780 1779/1779/1779 731/731/731
f 1780/1780/1780 731/731/731 732/732/732
f 1556/1556/1556 1555/1555/1555 1782/1782/1782
f 1556/1556/1556 1782/1782/1782 1783/1783/1783
f 1555/1555/1555 1550/1550/1550 1780/1780/1780
f 1555/1555/1555 1780/1780/1780 1782/1782/1782
f 1782/1782/1782 1780/1780/1780 732/732/732
f 1782/1782/1782 732/732/732 1191/1191/1191
f 1783/1783/1783 1782/1782/1782 1191/1191/1191
f 1783/1783/1783 1191/1191/1191 1193/1193/1193
f 1189/1189/1189 1784/1784/1784 1785/1785/1785
f 1189/1189/1189 1785/1785/1785 1192/1192/1192
f 1784/1784/1784 1559/1559/1559 1557/1557/1557
f 1784/1784/1784 1557/1557/1557 1785/1785/1785
f 1785/1785/1785 1557/1557/1557 1556/1556/1556
f 1785/1785/1785 1556/1556/1556 1783/1783/1783
f 1192/1192/1192 1785/1785/1785 1783/1783/1783
f 1192/1192/1192 1783/1783/1783 1193/1193/1193
f 1185/1185/1185 1786/1786/1786 1787/1787/1787
f 1185/1185/1185 1787/1787/1787 1188/1188/1188
f 1786/1786/1786 1565/1565/1565 1563/1563/1563
f 1786/1786/1786 1563/1563/1563 1787/1787/1787
f 1787/1787/1787 1563/1563/1563 1559/1559/1559
f 1787/1787/1787 1559/1559/1559 1784/1784/1784
f 1188/1188/1188 1787/1787/1787 1784/1784/1784
f 1188/1188/1188 1784/1784/1784 1189/1189/1189
f 1181/1181/1181 1788/1788/1788 1789/1789/1789
f 1181/1181/1181 1789/1789/1789 1184/1184/1184
f 1788/1788/1788 1571/1571/1571 1569/1569/1569
f 1788/1788/1788 1569/1569/1569 1789/1789/1789
f 1789/1789/1789 1569/1569/1569 1565/1565/1565
f 1789/1789/1789 1565/1565/1565 1786/1786/1786
f 1184/1184/1184 1789/1789/1789 1786/1786/1786
f 1184/1184/1184 1786/1786/1786 1185/1185/1185
f 1177/1177/1177 1790/1790/1790 1791/1791/1791
f 1177/1177/1177 1791/1791/1791 1180/1180/1180
f 1790/1790/1790 1577/1577/1577 1575/1575/1575
f 1790/1790/1790 1575/1575/1575 1791/1791/1791
f 1791/1791/1791 1575/1575/1575 1571/1571/1571
f 1791/1791/1791 1571/1571/1571 1788/1788/1788
f 1180/1180/1180 1791/1791/1791 1788/1788/1788
f 1180/1180/1180 1788/1788/1788 1181/1181/1181
f 1173/1173/1173 1792/1792/1792 1793/1793/1793
f 1173/1173/1173 1793/1793/1793 1176/1176/1176
f 1792/1792/1792 1583/1583/1583 1581/1581/1581
f 1792/1792/1792 1581/1581/1581 1793/1793/1793
f 1793/1793/1793 1581/1581/1581 1577/1577/1577
f 1793/1793/1793 1577/1577/1577 1790/1790/1790
f 1176/1176/1176 1793/1793/1793 1790/1790/1790
f 1176/1176/1176 1790/1790/1790 1177/1177/1177
f 1171/1171/1171 1794/1794/1794 1795/1795/1795
f 1171/1171/1171 1795/1795/1795 1172/1172/1172
f 1794/1794/1794 1589/1589/1589 1587/1587/1587
f 1794/1794/1794 1587/1587/1587 1795/1795/1795
f 1795/1795/1795 1587/1587/1587 1583/1583/1583
f 1795/1795/1795 1583/1583/1583 1792/1792/1792
f 1172/1172/1172 1795/1795/1795 1792/1792/1792
f 1172/1172/1172 1792/1792/1792 1173/1173/1173
f 641/641/641 1796/1796/1796 1797/1797/1797
f 641/641/641 1797/1797/1797 1170/1170/1170
f 1796/1796/1796 1595/1595/1595 1593/1593/1593
f 1796/1796/1796 1593/1593/1593 1797/1797/1797
f 1797/1797/1797 1593/1593/1593 1589/1589/1589
f 1797/1797/1797 1589/1589/1589 1794/1794/1794
f 1170/1170/1170 1797/1797/1797 1794/1794/1794
f 1170/1170/1170 1794/1794/1794 1171/1171/1171
f 637/637/637 1798/1798/1798 1799/1799/1799
f 637/637/637 1799/1799/1799 638/638/638
f 1798/1798/1798 1602/1602/1602 1601/1601/1601
f 1798/1798/1798 1601/1601/1601 1799/1799/1799
f 1800/1800/1800 1599/1599/1599 1595/1595/1595
f 1800/1800/1800 1595/1595/1595 1796/1796/1796
f 640/640/640 1800/1800/1800 1796/1796/1796
f 640/640/640 1796/1796/1796 641/641/641
f 791/791/791 1801/1801/1801 1802/1802/1802
f 791/791/791 1802/1802/1802 1241/1241/1241
f 1801/1801/1801 1610/1610/1610 1608/1608/1608
f 1801/1801/1801 1608/1608/1608 1802/1802/1802
f 1802/1802/1802 1608/1608/1608 1602/1602/1602
f 1802/1802/1802 1602/1602/1602 1798/1798/1798
f 1241/1241/1241 1802/1802/1802 1798/1798/1798
f 1241/1241/1241 1798/1798/1798 637/637/637
f 789/789/789 1803/1803/1803 1804/1804/1804
f 789/789/789 1804/1804/1804 790/790/790
f 1803/1803/1803 1616/1616/1616 1614/1614/1614
f 1803/1803/1803 1614/1614/1614 1804/1804/1804
f 1804/1804/1804 1614/1614/1614 1610/1610/1610
f 1804/1804/1804 1610/1610/1610 1801/1801/1801
f 790/790/790 1804/1804/1804 1801/1801/1801
f 790/790/790 1801/1801/1801 791/791/791
f 875/875/875 1805/1805/1805 1806/1806/1806
f 875/875/875 1806/1806/1806 1266/1266/1266
f 1805/1805/1805 1622/1622/1622 1620/1620/1620
f 1805/1805/1805 1620/1620/1620 1806/1806/1806
f 1806/1806/1806 1620/1620/1620 1616/1616/1616
f 1806/1806/1806 1616/1616/1616 1803/1803/1803
f 1266/1266/1266 1806/1806/1806 1803/1803/1803
f 1266/1266/1266 1803/1803/1803 789/789/789
f 873/873/873 1807/1807/1807 1808/1808/1808
f 873/873/873 1808/1808/1808 874/874/874
f 1807/1807/1807 1628/1628/1628 1626/1626/1626
f 1807/1807/1807 1626/1626/1626 1808/1808/1808
f 1808/1808/1808 1626/1626/1626 1622/1622/1622
f 1808/1808/1808 1622/1622/1622 1805/1805/1805
f 874/874/874 1808/1808/1808 1805/1805/1805
f 874/874/874 1805/1805/1805 875/875/875
f 920/920/920 1809/1809/1809 1810/1810/1810
f 920/920/920 1810/1810/1810 923/923/923
f 1809/1809/1809 1634/1634/1634 1632/1632/1632
f 1809/1809/1809 1632/1632/1632 1810/1810/1810
f 1810/1810/1810 1632/1632/1632 1628/1628/1628
f 1810/1810/1810 1628/1628/1628 1807/1807/1807
f 923/923/923 1810/1810/1810 1807/1807/1807
f 923/923/923 1807/1807/1807 873/873/873
f 916/916/916 1811/1811/1811 1812/1812/1812
f 916/916/916 1812/1812/1812 919/919/919
f 1811/1811/1811 1640/1640/1640 1638/1638/1638
f 1811/1811/1811 1638/1638/1638 1812/1812/1812
f 1812/1812/1812 1638/1638/1638 1634/1634/1634
f 1812/1812/1812 1634/1634/1634 1809/1809/1809
f 919/919/919 1812/1812/1812 1809/1809/1809
f 919/919/919 1809/1809/1809 920/920/920
f 912/912/912 1813/1813/1813 1814/1814/1814
f 912/912/912 1814/1814/1814 915/915/915
f 1813/1813/1813 1646/1646/1646 1644/1644/1644
f 1813/1813/1813 1644/1644/1644 1814/1814/1814
f 1814/1814/1814 1644/1644/1644 1640/1640/1640
f 1814/1814/1814 1640/1640/1640 1811/1811/1811
f 915/915/915 1814/1814/1814 1811/1811/1811
f 915/915/915 1811/1811/1811 916/916/916
f 910/910/910 1655/1655/1655 1815/1815/1815
f 910/910/910 1815/1815/1815 911/911/911
f 1655/1655/1655 1287/1287/1287 1650/1650/1650
f 1655/1655/1655 1650/1650/1650 1815/1815/1815
f 1815/1815/1815 1650/1650/1650 1646/1646/1646
f 1815/1815/1815 1646/1646/1646 1813/1813/1813
f 911/911/911 1815/1815/1815 1813/1813/1813
f 911/911/911 1813/1813/1813 912/912/912
f 582/582/582 581/581/581 1816/1816/1816
f 582/582/582 1816/1816/1816 1817/1817/1817
f 581/581/581 580/580/580 1818/1818/1818
f 581/581/581 1818/1818/1818 1816/1816/1816
f 1816/1816/1816 1818/1818/1818 563/563/563
f 1816/1816/1816 563/563/563 570/570/570
f 1817/1817/1817 1816/1816/1816 570/570/570
f 1817/1817/1817 570/570/570 569/569/569
f 593/593/593 597/597/597 1819/1819/1819
f 593/593/593 1819/1819/1819 1820/1820/1820
f 597/597/597 582/582/582 1817/1817/1817
f 597/597/597 1817/1817/1817 1819/1819/1819
f 1819/1819/1819 1817/1817/1817 569/569/569
f 1819/1819/1819 569/569/569 573/573/573
f 1820/1820/1820 1819/1819/1819 573/573/573
f 1820/1820/1820 573/573/573 558/558/558
f 587/587/587 594/594/594 1821/1821/1821
f 587/587/587 1821/1821/1821 1822/1822/1822
f 594/594/594 593/593/593 1820/1820/1820
f 594/594/594 1820/1820/1820 1821/1821/1821
f 1821/1821/1821 1820/1820/1820 558/558/558
f 1821/1821/1821 558/558/558 557/557/557
f 1822/1822/1822 1821/1821/1821 557/557/557
f 1822/1822/1822 557/557/557 556/556/556
f 580/580/580 588/588/588 1823/1823/1823
f 580/580/580 1823/1823/1823 1818/1818/1818
f 588/588/588 587/587/587 1822/1822/1822
f 588/588/588 1822/1822/1822 1823/1823/1823
f 1823/1823/1823 1822/1822/1822 556/556/556
f 1823/1823/1823 556/556/556 564/564/564
f 1818/1818/1818 1823/1823/1823 564/564/564
f 1818/1818/1818 564/564/564 563/563/563
f 548/548/548 552/552/552 1824/1824/1824
f 548/548/548 1824/1824/1824 1825/1825/1825
f 552/552/552 537/537/537 1826/1826/1826
f 552/552/552 1826/1826/1826 1824/1824/1824
f 1824/1824/1824 1826/1826/1826 585/585/585
f 1824/1824/1824 585/585/585 583/583/583
f 1825/1825/1825 1824/1824/1824 583/583/583
f 1825/1825/1825 583/583/583 578/578/578
f 537/537/537 536/536/536 1827/1827/1827
f 537/537/537 1827/1827/1827 1826/1826/1826
f 536/536/536 535/535/535 1828/1828/1828
f 536/536/536 1828/1828/1828 1827/1827/1827
f 1827/1827/1827 1828/1828/1828 591/591/591
f 1827/1827/1827 591/591/591 589/589/589
f 1826/1826/1826 1827/1827/1827 589/589/589
f 1826/1826/1826 589/589/589 585/585/585
f 535/535/535 543/543/543 1829/1829/1829
f 535/535/535 1829/1829/1829 1828/1828/1828
f 543/543/543 542/542/542 1830/1830/1830
f 543/543/543 1830/1830/1830 1829/1829/1829
f 1829/1829/1829 1830/1830/1830 574/574/574
f 1829/1829/1829 574/574/574 595/595/595
f 1828/1828/1828 1829/1829/1829 595/595/595
f 1828/1828/1828 595/595/595 591/591/591
f 542/542/542 549/549/549 1831/1831/1831
f 542/542/542 1831/1831/1831 1830/1830/1830
f 549/549/549 548/548/548 1825/1825/1825
f 549/549/549 1825/1825/1825 1831/1831/1831
f 1831/1831/1831 1825/1825/1825 578/578/578
f 1831/1831/1831 578/578/578 575/575/575
f 1830/1830/1830 1831/1831/1831 575/575/575
f 1830/1830/1830 575/575/575 574/574/574
f 882/882/882 881/881/881 1832/1832/1832
f 882/882/882 1832/1832/1832 1833/1833/1833
f 881/881/881 880/880/880 1834/1834/1834
f 881/881/881 1834/1834/1834 1832/1832/1832
f 1832/1832/1832 1834/1834/1834 1835/1835/1835
f 1832/1832/1832 1835/1835/1835 1836/1836/1836
f 1833/1833/1833 1832/1832/1832 1836/1836/1836
f 1833/1833/1833 1836/1836/1836 1837/1837/1837
f 1837/1837/1837 1838/1838/1838 1839/1839/1839
f 1837/1837/1837 1839/1839/1839 1833/1833/1833
f 1838/1838/1838 1840/1840/1840 1841/1841/1841
f 1838/1838/1838 1841/1841/1841 1839/1839/1839
f 1839/1839/1839 1841/1841/1841 901/901/901
f 1839/1839/1839 901/901/901 1260/1260/1260
f 1833/1833/1833 1839/1839/1839 1260/1260/1260
f 1833/1833/1833 1260/1260/1260 882/882/882
f 1840/1840/1840 1842/1842/1842 1843/1843/1843
f 1840/1840/1840 1843/1843/1843 1841/1841/1841
f 1842/1842/1842 1844/1844/1844 1845/1845/1845
f 1842/1842/1842 1845/1845/1845 1843/1843/1843
f 1843/1843/1843 1845/1845/1845 905/905/905
f 1843/1843/1843 905/905/905 902/902/902
f 1841/1841/1841 1843/1843/1843 902/902/902
f 1841/1841/1841 902/902/902 901/901/901
f 899/899/899 1246/1246/1246 1846/1846/1846
f 899/899/899 1846/1846/1846 1847/1847/1847
f 1246/1246/1246 905/905/905 1845/1845/1845
f 1246/1246/1246 1845/1845/1845 1846/1846/1846
f 1846/1846/1846 1845/1845/1845 1844/1844/1844
f 1846/1846/1846 1844/1844/1844 1848/1848/1848
f 1847/1847/1847 1846/1846/1846 1848/1848/1848
f 1847/1847/1847 1848/1848/1848 1849/1849/1849
f 895/895/895 900/900/900 1850/1850/1850
f 895/895/895 1850/1850/1850 1851/1851/1851
f 900/900/900 899/899/899 1847/1847/1847
f 900/900/900 1847/1847/1847 1850/1850/1850
f 1850/1850/1850 1847/1847/1847 1849/1849/1849
f 1850/1850/1850 1849/1849/1849 1852/1852/1852
f 1851/1851/1851 1850/1850/1850 1852/1852/1852
f 1851/1851/1851 1852/1852/1852 1853/1853/1853
f 887/887/887 896/896/896 1854/1854/1854
f 887/887/887 1854/1854/1854 1855/1855/1855
f 896/896/896 895/895/895 1851/1851/1851
f 896/896/896 1851/1851/1851 1854/1854/1854
f 1854/1854/1854 1851/1851/1851 1853/1853/1853
f 1854/1854/1854 1853/1853/1853 1856/1856/1856
f 1855/1855/1855 1854/1854/1854 1856/1856/1856
f 1855/1855/1855 1856/1856/1856 1857/1857/1857
f 1857/1857/1857 1858/1858/1858 1859/1859/1859
f 1857/1857/1857 1859/1859/1859 1855/1855/1855
f 1858/1858/1858 1860/1860/1860 1861/1861/1861
f 1858/1858/1858 1861/1861/1861 1859/1859/1859
f 1859/1859/1859 1861/1861/1861 891/891/891
f 1859/1859/1859 891/891/891 888/888/888
f 1855/1855/1855 1859/1859/1859 888/888/888
f 1855/1855/1855 888/888/888 887/887/887
f 1860/1860/1860 1862/1862/1862 1863/1863/1863
f 1860/1860/1860 1863/1863/1863 1861/1861/1861
f 1862/1862/1862 1864/1864/1864 1865/1865/1865
f 1862/1862/1862 1865/1865/1865 1863/1863/1863
f 1863/1863/1863 1865/1865/1865 1237/1237/1237
f 1863/1863/1863 1237/1237/1237 1235/1235/1235
f 1861/1861/1861 1863/1863/1863 1235/1235/1235
f 1861/1861/1861 1235/1235/1235 891/891/891
f 885/885/885 1280/1280/1280 1866/1866/1866
f 885/885/885 1866/1866/1866 1867/1867/1867
f 1280/1280/1280 1237/1237/1237 1865/1865/1865
f 1280/1280/1280 1865/1865/1865 1866/1866/1866
f 1866/1866/1866 1865/1865/1865 1864/1864/1864
f 1866/1866/1866 1864/1864/1864 1868/1868/1868
f 1867/1867/1867 1866/1866/1866 1868/1868/1868
f 1867/1867/1867 1868/1868/1868 1869/1869/1869
f 880/880/880 886/886/886 1870/1870/1870
f 880/880/880 1870/1870/1870 1834/1834/1834
f 886/886/886 885/885/885 1867/1867/1867
f 886/886/886 1867/1867/1867 1870/1870/1870
f 1870/1870/1870 1867/1867/1867 1869/1869/1869
f 1870/1870/1870 1869/1869/1869 1871/1871/1871
f 1834/1834/1834 1870/1870/1870 1871/1871/1871
f 1834/1834/1834 1871/1871/1871 1835/1835/1835
f 1233/1233/1233 1872/1872/1872 1873/1873/1873
f 1233/1233/1233 1873/1873/1873 1234/1234/1234
f 1872/1872/1872 1864/1864/1864 1862/1862/1862
f 1872/1872/1872 1862/1862/1862 1873/1873/1873
f 1873/1873/1873 1862/1862/1862 1860/1860/1860
f 1873/1873/1873 1860/1860/1860 1874/1874/1874
f 1234/1234/1234 1873/1873/1873 1874/1874/1874
f 1234/1234/1234 1874/1874/1874 776/776/776
f 1869/1869/1869 1868/1868/1868 1875/1875/1875
f 1869/1869/1869 1875/1875/1875 1876/1876/1876
f 1868/1868/1868 1864/1864/1864 1872/1872/1872
f 1868/1868/1868 1872/1872/1872 1875/1875/1875
f 1875/1875/1875 1872/1872/1872 1233/1233/1233
f 1875/1875/1875 1233/1233/1233 1278/1278/1278
f 1876/1876/1876 1875/1875/1875 1278/1278/1278
f 1876/1876/1876 1278/1278/1278 851/851/851
f 1835/1835/1835 1871/1871/1871 1877/1877/1877
f 1835/1835/1835 1877/1877/1877 1878/1878/1878
f 1871/1871/1871 1869/1869/1869 1876/1876/1876
f 1871/1871/1871 1876/1876/1876 1877/1877/1877
f 1877/1877/1877 1876/1876/1876 851/851/851
f 1877/1877/1877 851/851/851 858/858/858
f 1878/1878/1878 1877/1877/1877 858/858/858
f 1878/1878/1878 858/858/858 857/857/857
f 1837/1837/1837 1836/1836/1836 1879/1879/1879
f 1837/1837/1837 1879/1879/1879 1880/1880/1880
f 1836/1836/1836 1835/1835/1835 1878/1878/1878
f 1836/1836/1836 1878/1878/1878 1879/1879/1879
f 1879/1879/1879 1878/1878/1878 857/857/857
f 1879/1879/1879 857/857/857 864/864/864
f 1880/1880/1880 1879/1879/1879 864/864/864
f 1880/1880/1880 864/864/864 863/863/863
f 778/778/778 1881/1881/1881 1882/1882/1882
f 778/778/778 1882/1882/1882 1263/1263/1263
f 1881/1881/1881 1840/1840/1840 1838/1838/1838
f 1881/1881/1881 1838/1838/1838 1882/1882/1882
f 1882/1882/1882 1838/1838/1838 1837/1837/1837
f 1882/1882/1882 1837/1837/1837 1880/1880/1880
f 1263/1263/1263 1882/1882/1882 1880/1880/1880
f 1263/1263/1263 1880/1880/1880 863/863/863
f 786/786/786 1883/1883/1883 1884/1884/1884
f 786/786/786 1884/1884/1884 781/781/781
f 1883/1883/1883 1844/1844/1844 1842/1842/1842
f 1883/1883/1883 1842/1842/1842 1884/1884/1884
f 1884/1884/1884 1842/1842/1842 1840/1840/1840
f 1884/1884/1884 1840/1840/1840 1881/1881/1881
f 781/781/781 1884/1884/1884 1881/1881/1881
f 781/781/781 1881/1881/1881 778/778/778
f 1849/1849/1849 1848/1848/1848 1885/1885/1885
f 1849/1849/1849 1885/1885/1885 1886/1886/1886
f 1848/1848/1848 1844/1844/1844 1883/1883/1883
f 1848/1848/1848 1883/1883/1883 1885/1885/1885
f 1885/1885/1885 1883/1883/1883 786/786/786
f 1885/1885/1885 786/786/786 1243/1243/1243
f 1886/1886/1886 1885/1885/1885 1243/1243/1243
f 1886/1886/1886 1243/1243/1243 653/653/653
f 1853/1853/1853 1852/1852/1852 1887/1887/1887
f 1853/1853/1853 1887/1887/1887 1888/1888/1888
f 1852/1852/1852 1849/1849/1849 1886/1886/1886
f 1852/1852/1852 1886/1886/1886 1887/1887/1887
f 1887/1887/1887 1886/1886/1886 653/653/653
f 1887/1887/1887 653/653/653 670/670/670
f 1888/1888/1888 1887/1887/1887 670/670/670
f 1888/1888/1888 670/670/670 669/669/669
f 1857/1857/1857 1856/1856/1856 1889/1889/1889
f 1857/1857/1857 1889/1889/1889 1890/1890/1890
f 1856/1856/1856 1853/1853/1853 1888/1888/1888
f 1856/1856/1856 1888/1888/1888 1889/1889/1889
f 1889/1889/1889 1888/1888/1888 669/669/669
f 1889/1889/1889 669/669/669 686/686/686
f 1890/1890/1890 1889/1889/1889 686/686/686
f 1890/1890/1890 686/686/686 685/685/685
f 776/776/776 1874/1874/1874 1891/1891/1891
f 776/776/776 1891/1891/1891 777/777/777
f 1874/1874/1874 1860/1860/1860 1858/1858/1858
f 1874/1874/1874 1858/1858/1858 1891/1891/1891
f 1891/1891/1891 1858/1858/1858 1857/1857/1857
f 1891/1891/1891 1857/1857/1857 1890/1890/1890
f 777/777/777 1891/1891/1891 1890/1890/1890
f 777/777/777 1890/1890/1890 685/685/685
f 1573/1573/1573 1580/1580/1580 1892/1892/1892
f 1573/1573/1573 1892/1892/1892 1893/1893/1893
f 1580/1580/1580 1579/1579/1579 1894/1894/1894
f 1580/1580/1580 1894/1894/1894 1892/1892/1892
f 1892/1892/1892 1894/1894/1894 148/148/148
f 1892/1892/1892 148/148/148 173/173/173
f 1893/1893/1893 1892/1892/1892 173/173/173
f 1893/1893/1893 173/173/173 172/172/172
f 1567/1567/1567 1574/1574/1574 1895/1895/1895
f 1567/1567/1567 1895/1895/1895 1896/1896/1896
f 1574/1574/1574 1573/1573/1573 1893/1893/1893
f 1574/1574/1574 1893/1893/1893 1895/1895/1895
f 1895/1895/1895 1893/1893/1893 172/172/172
f 1895/1895/1895 172/172/172 197/197/197
f 1896/1896/1896 1895/1895/1895 197/197/197
f 1896/1896/1896 197/197/197 196/196/196
f 1561/1561/1561 1568/1568/1568 1897/1897/1897
f 1561/1561/1561 1897/1897/1897 1898/1898/1898
f 1568/1568/1568 1567/1567/1567 1896/1896/1896
f 1568/1568/1568 1896/1896/1896 1897/1897/1897
f 1897/1897/1897 1896/1896/1896 196/196/196
f 1897/1897/1897 196/196/196 221/221/221
f 1898/1898/1898 1897/1897/1897 221/221/221
f 1898/1898/1898 221/221/221 220/220/220
f 1551/1551/1551 1562/1562/1562 1899/1899/1899
f 1551/1551/1551 1899/1899/1899 1900/1900/1900
f 1562/1562/1562 1561/1561/1561 1898/1898/1898
f 1562/1562/1562 1898/1898/1898 1899/1899/1899
f 1899/1899/1899 1898/1898/1898 220/220/220
f 1899/1899/1899 220/220/220 599/599/599
f 1900/1900/1900 1899/1899/1899 599/599/599
f 1900/1900/1900 599/599/599 598/598/598
f 598/598/598 1196/1196/1196 1901/1901/1901
f 598/598/598 1901/1901/1901 1900/1900/1900
f 1196/1196/1196 723/723/723 1902/1902/1902
f 1196/1196/1196 1902/1902/1902 1901/1901/1901
f 1901/1901/1901 1902/1902/1902 1542/1542/1542
f 1901/1901/1901 1542/1542/1542 1552/1552/1552
f 1900/1900/1900 1901/1901/1901 1552/1552/1552
f 1900/1900/1900 1552/1552/1552 1551/1551/1551
f 723/723/723 722/722/722 1903/1903/1903
f 723/723/723 1903/1903/1903 1902/1902/1902
f 720/720/720 719/719/719 1904/1904/1904
f 720/720/720 1904/1904/1904 1905/1905/1905
f 1905/1905/1905 1904/1904/1904 1536/1536/1536
f 1905/1905/1905 1536/1536/1536 1546/1546/1546
f 1902/1902/1902 1903/1903/1903 1543/1543/1543
f 1902/1902/1902 1543/1543/1543 1542/1542/1542
f 719/719/719 767/767/767 1906/1906/1906
f 719/719/719 1906/1906/1906 1904/1904/1904
f 767/767/767 766/766/766 1907/1907/1907
f 767/767/767 1907/1907/1907 1906/1906/1906
f 1906/1906/1906 1907/1907/1907 1530/1530/1530
f 1906/1906/1906 1530/1530/1530 1537/1537/1537
f 1904/1904/1904 1906/1906/1906 1537/1537/1537
f 1904/1904/1904 1537/1537/1537 1536/1536/1536
f 766/766/766 1224/1224/1224 1908/1908/1908
f 766/766/766 1908/1908/1908 1907/1907/1907
f 1224/1224/1224 1223/1223/1223 1909/1909/1909
f 1224/1224/1224 1909/1909/1909 1908/1908/1908
f 1908/1908/1908 1909/1909/1909 1524/1524/1524
f 1908/1908/1908 1524/1524/1524 1531/1531/1531
f 1907/1907/1907 1908/1908/1908 1531/1531/1531
f 1907/1907/1907 1531/1531/1531 1530/1530/1530
f 1223/1223/1223 1273/1273/1273 1910/1910/1910
f 1223/1223/1223 1910/1910/1910 1909/1909/1909
f 1273/1273/1273 836/836/836 1911/1911/1911
f 1273/1273/1273 1911/1911/1911 1910/1910/1910
f 1910/1910/1910 1911/1911/1911 1518/1518/1518
f 1910/1910/1910 1518/1518/1518 1525/1525/1525
f 1909/1909/1909 1910/1910/1910 1525/1525/1525
f 1909/1909/1909 1525/1525/1525 1524/1524/1524
f 836/836/836 835/835/835 1912/1912/1912
f 836/836/836 1912/1912/1912 1911/1911/1911
f 835/835/835 248/248/248 1913/1913/1913
f 835/835/835 1913/1913/1913 1912/1912/1912
f 1912/1912/1912 1913/1913/1913 1516/1516/1516
f 1912/1912/1912 1516/1516/1516 1519/1519/1519
f 1911/1911/1911 1912/1912/1912 1519/1519/1519
f 1911/1911/1911 1519/1519/1519 1518/1518/1518
f 1510/1510/1510 1517/1517/1517 1914/1914/1914
f 1510/1510/1510 1914/1914/1914 1915/1915/1915
f 1517/1517/1517 1516/1516/1516 1913/1913/1913
f 1517/1517/1517 1913/1913/1913 1914/1914/1914
f 1914/1914/1914 1913/1913/1913 248/248/248
f 1914/1914/1914 248/248/248 245/245/245
f 1915/1915/1915 1914/1914/1914 245/245/245
f 1915/1915/1915 245/245/245 244/244/244
f 1504/1504/1504 1511/1511/1511 1916/1916/1916
f 1504/1504/1504 1916/1916/1916 1917/1917/1917
f 1511/1511/1511 1510/1510/1510 1915/1915/1915
f 1511/1511/1511 1915/1915/1915 1916/1916/1916
f 1916/1916/1916 1915/1915/1915 244/244/244
f 1916/1916/1916 244/244/244 281/281/281
f 1917/1917/1917 1916/1916/1916 281/281/281
f 1917/1917/1917 281/281/281 280/280/280
f 1498/1498/1498 1505/1505/1505 1918/1918/1918
f 1498/1498/1498 1918/1918/1918 1919/1919/1919
f 1505/1505/1505 1504/1504/1504 1917/1917/1917
f 1505/1505/1505 1917/1917/1917 1918/1918/1918
f 1918/1918/1918 1917/1917/1917 280/280/280
f 1918/1918/1918 280/280/280 305/305/305
f 1919/1919/1919 1918/1918/1918 305/305/305
f 1919/1919/1919 305/305/305 304/304/304
f 1492/1492/1492 1499/1499/1499 1920/1920/1920
f 1492/1492/1492 1920/1920/1920 1921/1921/1921
f 1499/1499/1499 1498/1498/1498 1919/1919/1919
f 1499/1499/1499 1919/1919/1919 1920/1920/1920
f 1920/1920/1920 1919/1919/1919 304/304/304
f 1920/1920/1920 304/304/304 329/329/329
f 1921/1921/1921 1920/1920/1920 329/329/329
f 1921/1921/1921 329/329/329 328/328/328
f 1486/1486/1486 1493/1493/1493 1922/1922/1922
f 1486/1486/1486 1922/1922/1922 1923/1923/1923
f 1493/1493/1493 1492/1492/1492 1921/1921/1921
f 1493/1493/1493 1921/1921/1921 1922/1922/1922
f 1922/1922/1922 1921/1921/1921 328/328/328
f 1922/1922/1922 328/328/328 434/434/434
f 1923/1923/1923 1922/1922/1922 434/434/434
f 1923/1923/1923 434/434/434 433/433/433
f 1480/1480/1480 1487/1487/1487 1924/1924/1924
f 1480/1480/1480 1924/1924/1924 1925/1925/1925
f 1487/1487/1487 1486/1486/1486 1923/1923/1923
f 1487/1487/1487 1923/1923/1923 1924/1924/1924
f 1924/1924/1924 1923/1923/1923 433/433/433
f 1924/1924/1924 433/433/433 458/458/458
f 1925/1925/1925 1924/1924/1924 458/458/458
f 1925/1925/1925 458/458/458 457/457/457
f 1474/1474/1474 1481/1481/1481 1926/1926/1926
f 1474/1474/1474 1926/1926/1926 1927/1927/1927
f 1481/1481/1481 1480/1480/1480 1925/1925/1925
f 1481/1481/1481 1925/1925/1925 1926/1926/1926
f 1926/1926/1926 1925/1925/1925 457/457/457
f 1926/1926/1926 457/457/457 482/482/482
f 1927/1927/1927 1926/1926/1926 482/482/482
f 1927/1927/1927 482/482/482 481/481/481
f 1468/1468/1468 1475/1475/1475 1928/1928/1928
f 1468/1468/1468 1928/1928/1928 1929/1929/1929
f 1475/1475/1475 1474/1474/1474 1927/1927/1927
f 1475/1475/1475 1927/1927/1927 1928/1928/1928
f 1928/1928/1928 1927/1927/1927 481/481/481
f 1928/1928/1928 481/481/481 506/506/506
f 1929/1929/1929 1928/1928/1928 506/506/506
f 1929/1929/1929 506/506/506 505/505/505
f 1462/1462/1462 1469/1469/1469 1930/1930/1930
f 1462/1462/1462 1930/1930/1930 1931/1931/1931
f 1469/1469/1469 1468/1468/1468 1929/1929/1929
f 1469/1469/1469 1929/1929/1929 1930/1930/1930
f 1930/1930/1930 1929/1929/1929 505/505/505
f 1930/1930/1930 505/505/505 968/968/968
f 1931/1931/1931 1930/1930/1930 968/968/968
f 1931/1931/1931 968/968/968 5/5/5
f 1455/1455/1455 1463/1463/1463 1932/1932/1932
f 1455/1455/1455 1932/1932/1932 1933/1933/1933
f 1463/1463/1463 1462/1462/1462 1931/1931/1931
f 1463/1463/1463 1931/1931/1931 1932/1932/1932
f 1932/1932/1932 1931/1931/1931 5/5/5
f 1932/1932/1932 5/5/5 2/2/2
f 1933/1933/1933 1932/1932/1932 2/2/2
f 1933/1933/1933 2/2/2 1/1/1
f 1457/1457/1457 1456/1456/1456 1934/1934/1934
f 1457/1457/1457 1934/1934/1934 1935/1935/1935
f 1456/1456/1456 1455/1455/1455 1933/1933/1933
f 1456/1456/1456 1933/1933/1933 1934/1934/1934
f 1934/1934/1934 1933/1933/1933 1/1/1
f 1934/1934/1934 1/1/1 1134/1134/1134
f 1935/1935/1935 1934/1934/1934 1134/1134/1134
f 1935/1935/1935 1134/1134/1134 517/517/517
f 1936/1936/1936 1937/1937/1937 1938/1938/1938
f 1936/1936/1936 1938/1938/1938 1939/1939/1939
f 1937/1937/1937 1940/1940/1940 1941/1941/1941
f 1937/1937/1937 1941/1941/1941 1938/1938/1938
f 1938/1938/1938 1941/1941/1941 1437/1437/1437
f 1938/1938/1938 1437/1437/1437 1444/1444/1444
f 1939/1939/1939 1938/1938/1938 1444/1444/1444
f 1939/1939/1939 1444/1444/1444 1443/1443/1443
f 1940/1940/1940 1942/1942/1942 1943/1943/1943
f 1940/1940/1940 1943/1943/1943 1941/1941/1941
f 1942/1942/1942 1944/1944/1944 1945/1945/1945
f 1942/1942/1942 1945/1945/1945 1943/1943/1943
f 1943/1943/1943 1945/1945/1945 1431/1431/1431
f 1943/1943/1943 1431/1431/1431 1438/1438/1438
f 1941/1941/1941 1943/1943/1943 1438/1438/1438
f 1941/1941/1941 1438/1438/1438 1437/1437/1437
f 1944/1944/1944 1946/1946/1946 1947/1947/1947
f 1944/1944/1944 1947/1947/1947 1945/1945/1945
f 1946/1946/1946 1948/1948/1948 1949/1949/1949
f 1946/1946/1946 1949/1949/1949 1947/1947/1947
f 1947/1947/1947 1949/1949/1949 1425/1425/1425
f 1947/1947/1947 1425/1425/1425 1432/1432/1432
f 1945/1945/1945 1947/1947/1947 1432/1432/1432
f 1945/1945/1945 1432/1432/1432 1431/1431/1431
f 1948/1948/1948 1950/1950/1950 1951/1951/1951
f 1948/1948/1948 1951/1951/1951 1949/1949/1949
f 1950/1950/1950 1952/1952/1952 1953/1953/1953
f 1950/1950/1950 1953/1953/1953 1951/1951/1951
f 1951/1951/1951 1953/1953/1953 1419/1419/1419
f 1951/1951/1951 1419/1419/1419 1426/1426/1426
f 1949/1949/1949 1951/1951/1951 1426/1426/1426
f 1949/1949/1949 1426/1426/1426 1425/1425/1425
f 1952/1952/1952 1954/1954/1954 1955/1955/1955
f 1952/1952/1952 1955/1955/1955 1953/1953/1953
f 1954/1954/1954 1956/1956/1956 1957/1957/1957
f 1954/1954/1954 1957/1957/1957 1955/1955/1955
f 1955/1955/1955 1957/1957/1957 1413/1413/1413
f 1955/1955/1955 1413/1413/1413 1420/1420/1420
f 1953/1953/1953 1955/1955/1955 1420/1420/1420
f 1953/1953/1953 1420/1420/1420 1419/1419/1419
f 1956/1956/1956 1958/1958/1958 1959/1959/1959
f 1956/1956/1956 1959/1959/1959 1957/1957/1957
f 1958/1958/1958 1960/1960/1960 1961/1961/1961
f 1958/1958/1958 1961/1961/1961 1959/1959/1959
f 1959/1959/1959 1961/1961/1961 1407/1407/1407
f 1959/1959/1959 1407/1407/1407 1414/1414/1414
f 1957/1957/1957 1959/1959/1959 1414/1414/1414
f 1957/1957/1957 1414/1414/1414 1413/1413/1413
f 1960/1960/1960 1962/1962/1962 1963/1963/1963
f 1960/1960/1960 1963/1963/1963 1961/1961/1961
f 1962/1962/1962 1964/1964/1964 1965/1965/1965
f 1962/1962/1962 1965/1965/1965 1963/1963/1963
f 1963/1963/1963 1965/1965/1965 1401/1401/1401
f 1963/1963/1963 1401/1401/1401 1408/1408/1408
f 1961/1961/1961 1963/1963/1963 1408/1408/1408
f 1961/1961/1961 1408/1408/1408 1407/1407/1407
f 1964/1964/1964 1966/1966/1966 1967/1967/1967
f 1964/1964/1964 1967/1967/1967 1965/1965/1965
f 1966/1966/1966 1968/1968/1968 1969/1969/1969
f 1966/1966/1966 1969/1969/1969 1967/1967/1967
f 1967/1967/1967 1969/1969/1969 1395/1395/1395
f 1967/1967/1967 1395/1395/1395 1402/1402/1402
f 1965/1965/1965 1967/1967/1967 1402/1402/1402
f 1965/1965/1965 1402/1402/1402 1401/1401/1401
f 1968/1968/1968 1970/1970/1970 1971/1971/1971
f 1968/1968/1968 1971/1971/1971 1969/1969/1969
f 1970/1970/1970 1972/1972/1972 1973/1973/1973
f 1970/1970/1970 1973/1973/1973 1971/1971/1971
f 1971/1971/1971 1973/1973/1973 1389/1389/1389
f 1971/1971/1971 1389/1389/1389 1396/1396/1396
f 1969/1969/1969 1971/1971/1971 1396/1396/1396
f 1969/1969/1969 1396/1396/1396 1395/1395/1395
f 1972/1972/1972 1974/1974/1974 1975/1975/1975
f 1972/1972/1972 1975/1975/1975 1973/1973/1973
f 1974/1974/1974 1976/1976/1976 1977/1977/1977
f 1974/1974/1974 1977/1977/1977 1975/1975/1975
f 1975/1975/1975 1977/1977/1977 1383/1383/1383
f 1975/1975/1975 1383/1383/1383 1390/1390/1390
f 1973/1973/1973 1975/1975/1975 1390/1390/1390
f 1973/1973/1973 1390/1390/1390 1389/1389/1389
f 1976/1976/1976 1978/1978/1978 1979/1979/1979
f 1976/1976/1976 1979/1979/1979 1977/1977/1977
f 1978/1978/1978 1980/1980/1980 1981/1981/1981
f 1978/1978/1978 1981/1981/1981 1979/1979/1979
f 1979/1979/1979 1981/1981/1981 1377/1377/1377
f 1979/1979/1979 1377/1377/1377 1384/1384/1384
f 1977/1977/1977 1979/1979/1979 1384/1384/1384
f 1977/1977/1977 1384/1384/1384 1383/1383/1383
f 1980/1980/1980 1982/1982/1982 1983/1983/1983
f 1980/1980/1980 1983/1983/1983 1981/1981/1981
f 1982/1982/1982 1984/1984/1984 1985/1985/1985
f 1982/1982/1982 1985/1985/1985 1983/1983/1983
f 1983/1983/1983 1985/1985/1985 1371/1371/1371
f 1983/1983/1983 1371/1371/1371 1378/1378/1378
f 1981/1981/1981 1983/1983/1983 1378/1378/1378
f 1981/1981/1981 1378/1378/1378 1377/1377/1377
f 1984/1984/1984 1986/1986/1986 1987/1987/1987
f 1984/1984/1984 1987/1987/1987 1985/1985/1985
f 1986/1986/1986 1988/1988/1988 1989/1989/1989
f 1986/1986/1986 1989/1989/1989 1987/1987/1987
f 1987/1987/1987 1989/1989/1989 1365/1365/1365
f 1987/1987/1987 1365/1365/1365 1372/1372/1372
f 1985/1985/1985 1987/1987/1987 1372/1372/1372
f 1985/1985/1985 1372/1372/1372 1371/1371/1371
f 1988/1988/1988 1990/1990/1990 1991/1991/1991
f 1988/1988/1988 1991/1991/1991 1989/1989/1989
f 1990/1990/1990 1992/1992/1992 1993/1993/1993
f 1990/1990/1990 1993/1993/1993 1991/1991/1991
f 1991/1991/1991 1993/1993/1993 1359/1359/1359
f 1991/1991/1991 1359/1359/1359 1366/1366/1366
f 1989/1989/1989 1991/1991/1991 1366/1366/1366
f 1989/1989/1989 1366/1366/1366 1365/1365/1365
f 1992/1992/1992 1994/1994/1994 1995/1995/1995
f 1992/1992/1992 1995/1995/1995 1993/1993/1993
f 1994/1994/1994 1996/1996/1996 1997/1997/1997
f 1994/1994/1994 1997/1997/1997 1995/1995/1995
f 1995/1995/1995 1997/1997/1997 1353/1353/1353
f 1995/1995/1995 1353/1353/1353 1360/1360/1360
f 1993/1993/1993 1995/1995/1995 1360/1360/1360
f 1993/1993/1993 1360/1360/1360 1359/1359/1359
f 1996/1996/1996 1998/1998/1998 1999/1999/1999
f 1996/1996/1996 1999/1999/1999 1997/1997/1997
f 1998/1998/1998 2000/2000/2000 2001/2001/2001
f 1998/1998/1998 2001/2001/2001 1999/1999/1999
f 1999/1999/1999 2001/2001/2001 1347/1347/1347
f 1999/1999/1999 1347/1347/1347 1354/1354/1354
f 1997/1997/1997 1999/1999/1999 1354/1354/1354
f 1997/1997/1997 1354/1354/1354 1353/1353/1353
f 2000/2000/2000 2002/2002/2002 2003/2003/2003
f 2000/2000/2000 2003/2003/2003 2001/2001/2001
f 2002/2002/2002 2004/2004/2004 2005/2005/2005
f 2002/2002/2002 2005/2005/2005 2003/2003/2003
f 2003/2003/2003 2005/2005/2005 1341/1341/1341
f 2003/2003/2003 1341/1341/1341 1348/1348/1348
f 2001/2001/2001 2003/2003/2003 1348/1348/1348
f 2001/2001/2001 1348/1348/1348 1347/1347/1347
f 2004/2004/2004 2006/2006/2006 2007/2007/2007
f 2004/2004/2004 2007/2007/2007 2005/2005/2005
f 2006/2006/2006 2008/2008/2008 2009/2009/2009
f 2006/2006/2006 2009/2009/2009 2007/2007/2007
f 2007/2007/2007 2009/2009/2009 1339/1339/1339
f 2007/2007/2007 1339/1339/1339 1342/1342/1342
f 2005/2005/2005 2007/2007/2007 1342/1342/1342
f 2005/2005/2005 1342/1342/1342 1341/1341/1341
f 1333/1333/1333 1340/1340/1340 2010/2010/2010
f 1333/1333/1333 2010/2010/2010 2011/2011/2011
f 1340/1340/1340 1339/1339/1339 2009/2009/2009
f 1340/1340/1340 2009/2009/2009 2010/2010/2010
f 2010/2010/2010 2009/2009/2009 2008/2008/2008
f 2010/2010/2010 2008/2008/2008 2012/2012/2012
f 2011/2011/2011 2010/2010/2010 2012/2012/2012
f 2011/2011/2011 2012/2012/2012 2013/2013/2013
f 1326/1326/1326 1334/1334/1334 2014/2014/2014
f 1326/1326/1326 2014/2014/2014 2015/2015/2015
f 1334/1334/1334 1333/1333/1333 2011/2011/2011
f 1334/1334/1334 2011/2011/2011 2014/2014/2014
f 2014/2014/2014 2011/2011/2011 2013/2013/2013
f 2014/2014/2014 2013/2013/2013 2016/2016/2016
f 2015/2015/2015 2014/2014/2014 2016/2016/2016
f 2015/2015/2015 2016/2016/2016 2017/2017/2017
f 1328/1328/1328 1327/1327/1327 2018/2018/2018
f 1328/1328/1328 2018/2018/2018 2019/2019/2019
f 1327/1327/1327 1326/1326/1326 2015/2015/2015
f 1327/1327/1327 2015/2015/2015 2018/2018/2018
f 2018/2018/2018 2015/2015/2015 2017/2017/2017
f 2018/2018/2018 2017/2017/2017 2020/2020/2020
f 2019/2019/2019 2018/2018/2018 2020/2020/2020
f 2019/2019/2019 2020/2020/2020 2021/2021/2021
f 424/424/424 1087/1087/1087 2022/2022/2022
f 424/424/424 2022/2022/2022 2023/2023/2023
f 1087/1087/1087 358/358/358 2024/2024/2024
f 1087/1087/1087 2024/2024/2024 2022/2022/2022
f 2022/2022/2022 2024/2024/2024 1308/1308/1308
f 2022/2022/2022 1308/1308/1308 1315/1315/1315
f 2023/2023/2023 2022/2022/2022 1315/1315/1315
f 2023/2023/2023 1315/1315/1315 1314/1314/1314
f 358/358/358 357/357/357 2025/2025/2025
f 358/358/358 2025/2025/2025 2024/2024/2024
f 357/357/357 356/356/356 2026/2026/2026
f 357/357/357 2026/2026/2026 2025/2025/2025
f 2025/2025/2025 2026/2026/2026 1302/1302/1302
f 2025/2025/2025 1302/1302/1302 1309/1309/1309
f 2024/2024/2024 2025/2025/2025 1309/1309/1309
f 2024/2024/2024 1309/1309/1309 1308/1308/1308
f 356/356/356 1018/1018/1018 2027/2027/2027
f 356/356/356 2027/2027/2027 2026/2026/2026
f 1018/1018/1018 415/415/415 2028/2028/2028
f 1018/1018/1018 2028/2028/2028 2027/2027/2027
f 2027/2027/2027 2028/2028/2028 1296/1296/1296
f 2027/2027/2027 1296/1296/1296 1303/1303/1303
f 2026/2026/2026 2027/2027/2027 1303/1303/1303
f 2026/2026/2026 1303/1303/1303 1302/1302/1302
f 415/415/415 414/414/414 2029/2029/2029
f 415/415/415 2029/2029/2029 2028/2028/2028
f 414/414/414 391/391/391 2030/2030/2030
f 414/414/414 2030/2030/2030 2029/2029/2029
f 2029/2029/2029 2030/2030/2030 1290/1290/1290
f 2029/2029/2029 1290/1290/1290 1297/1297/1297
f 2028/2028/2028 2029/2029/2029 1297/1297/1297
f 2028/2028/2028 1297/1297/1297 1296/1296/1296
f 391/391/391 390/390/390 2031/2031/2031
f 391/391/391 2031/2031/2031 2030/2030/2030
f 390/390/390 364/364/364 2032/2032/2032
f 390/390/390 2032/2032/2032 2031/2031/2031
f 2031/2031/2031 2032/2032/2032 1281/1281/1281
f 2031/2031/2031 1281/1281/1281 1291/1291/1291
f 2030/2030/2030 2031/2031/2031 1291/1291/1291
f 2030/2030/2030 1291/1291/1291 1290/1290/1290
f 364/364/364 363/363/363 2033/2033/2033
f 364/364/364 2033/2033/2033 2032/2032/2032
f 363/363/363 14/14/14 2034/2034/2034
f 363/363/363 2034/2034/2034 2033/2033/2033
f 2033/2033/2033 2034/2034/2034 1285/1285/1285
f 2033/2033/2033 1285/1285/1285 1282/1282/1282
f 2032/2032/2032 2033/2033/2033 1282/1282/1282
f 2032/2032/2032 1282/1282/1282 1281/1281/1281
f 1648/1648/1648 1652/1652/1652 2035/2035/2035
f 1648/1648/1648 2035/2035/2035 2036/2036/2036
f 1652/1652/1652 1285/1285/1285 2034/2034/2034
f 1652/1652/1652 2034/2034/2034 2035/2035/2035
f 2035/2035/2035 2034/2034/2034 14/14/14
f 2035/2035/2035 14/14/14 11/11/11
f 2036/2036/2036 2035/2035/2035 11/11/11
f 2036/2036/2036 11/11/11 10/10/10
f 1642/1642/1642 1649/1649/1649 2037/2037/2037
f 1642/1642/1642 2037/2037/2037 2038/2038/2038
f 1649/1649/1649 1648/1648/1648 2036/2036/2036
f 1649/1649/1649 2036/2036/2036 2037/2037/2037
f 2037/2037/2037 2036/2036/2036 10/10/10
f 2037/2037/2037 10/10/10 47/47/47
f 2038/2038/2038 2037/2037/2037 47/47/47
f 2038/2038/2038 47/47/47 46/46/46
f 1636/1636/1636 1643/1643/1643 2039/2039/2039
f 1636/1636/1636 2039/2039/2039 2040/2040/2040
f 1643/1643/1643 1642/1642/1642 2038/2038/2038
f 1643/1643/1643 2038/2038/2038 2039/2039/2039
f 2039/2039/2039 2038/2038/2038 46/46/46
f 2039/2039/2039 46/46/46 74/74/74
f 2040/2040/2040 2039/2039/2039 74/74/74
f 2040/2040/2040 74/74/74 73/73/73
f 1630/1630/1630 1637/1637/1637 2041/2041/2041
f 1630/1630/1630 2041/2041/2041 2042/2042/2042
f 1637/1637/1637 1636/1636/1636 2040/2040/2040
f 1637/1637/1637 2040/2040/2040 2041/2041/2041
f 2041/2041/2041 2040/2040/2040 73/73/73
f 2041/2041/2041 73/73/73 98/98/98
f 2042/2042/2042 2041/2041/2041 98/98/98
f 2042/2042/2042 98/98/98 97/97/97
f 1624/1624/1624 1631/1631/1631 2043/2043/2043
f 1624/1624/1624 2043/2043/2043 2044/2044/2044
f 1631/1631/1631 1630/1630/1630 2042/2042/2042
f 1631/1631/1631 2042/2042/2042 2043/2043/2043
f 2043/2043/2043 2042/2042/2042 97/97/97
f 2043/2043/2043 97/97/97 794/794/794
f 2044/2044/2044 2043/2043/2043 794/794/794
f 2044/2044/2044 794/794/794 793/793/793
f 1618/1618/1618 1625/1625/1625 2045/2045/2045
f 1618/1618/1618 2045/2045/2045 2046/2046/2046
f 1625/1625/1625 1624/1624/1624 2044/2044/2044
f 1625/1625/1625 2044/2044/2044 2045/2045/2045
f 2045/2045/2045 2044/2044/2044 793/793/793
f 2045/2045/2045 793/793/793 1253/1253/1253
f 2046/2046/2046 2045/2045/2045 1253/1253/1253
f 2046/2046/2046 1253/1253/1253 737/737/737
f 1612/1612/1612 1619/1619/1619 2047/2047/2047
f 1612/1612/1612 2047/2047/2047 2048/2048/2048
f 1619/1619/1619 1618/1618/1618 2046/2046/2046
f 1619/1619/1619 2046/2046/2046 2047/2047/2047
f 2047/2047/2047 2046/2046/2046 737/737/737
f 2047/2047/2047 737/737/737 734/734/734
f 2048/2048/2048 2047/2047/2047 734/734/734
f 2048/2048/2048 734/734/734 733/733/733
f 1605/1605/1605 1613/1613/1613 2049/2049/2049
f 1605/1605/1605 2049/2049/2049 2050/2050/2050
f 1613/1613/1613 1612/1612/1612 2048/2048/2048
f 1613/1613/1613 2048/2048/2048 2049/2049/2049
f 2049/2049/2049 2048/2048/2048 733/733/733
f 2049/2049/2049 733/733/733 1251/1251/1251
f 2050/2050/2050 2049/2049/2049 1251/1251/1251
f 2050/2050/2050 1251/1251/1251 618/618/618
f 1597/1597/1597 1607/1607/1607 2051/2051/2051
f 1597/1597/1597 2051/2051/2051 2052/2052/2052
f 1606/1606/1606 1605/1605/1605 2050/2050/2050
f 1606/1606/1606 2050/2050/2050 2053/2053/2053
f 2053/2053/2053 2050/2050/2050 618/618/618
f 2053/2053/2053 618/618/618 617/617/617
f 2052/2052/2052 2051/2051/2051 614/614/614
f 2052/2052/2052 614/614/614 613/613/613
f 1591/1591/1591 1598/1598/1598 2054/2054/2054
f 1591/1591/1591 2054/2054/2054 2055/2055/2055
f 1598/1598/1598 1597/1597/1597 2052/2052/2052
f 1598/1598/1598 2052/2052/2052 2054/2054/2054
f 2054/2054/2054 2052/2052/2052 613/613/613
f 2054/2054/2054 613/613/613 1209/1209/1209
f 2055/2055/2055 2054/2054/2054 1209/1209/1209
f 2055/2055/2055 1209/1209/1209 125/125/125
f 1585/1585/1585 1592/1592/1592 2056/2056/2056
f 1585/1585/1585 2056/2056/2056 2057/2057/2057
f 1592/1592/1592 1591/1591/1591 2055/2055/2055
f 1592/1592/1592 2055/2055/2055 2056/2056/2056
f 2056/2056/2056 2055/2055/2055 125/125/125
f 2056/2056/2056 125/125/125 122/122/122
f 2057/2057/2057 2056/2056/2056 122/122/122
f 2057/2057/2057 122/122/122 121/121/121
f 1579/1579/1579 1586/1586/1586 2058/2058/2058
f 1579/1579/1579 2058/2058/2058 1894/1894/1894
f 1586/1586/1586 1585/1585/1585 2057/2057/2057
f 1586/1586/1586 2057/2057/2057 2058/2058/2058
f 2058/2058/2058 2057/2057/2057 121/121/121
f 2058/2058/2058 121/121/121 149/149/149
f 1894/1894/1894 2058/2058/2058 149/149/149
f 1894/1894/1894 149/149/149 148/148/148
