# moteur_triangle1_moteur_triangle_2_0_6
v -1.059266 -0.318621 0.190959
v -1.023446 -0.299651 0.184016
v -1.023354 -0.299651 0.184538
v -1.059161 -0.318621 0.191558
v -1.023446 -0.299574 0.184016
v -1.023354 -0.299574 0.184538
v -1.059115 -0.317993 0.191817
v -1.059127 -0.318534 0.191751
v -1.086983 -0.333331 0.197177
v -1.274185 -0.432228 0.232634
v -1.166727 -0.375505 0.211790
v -1.166581 -0.375505 0.212618
v -1.273998 -0.432228 0.233693
v -1.166536 -0.375424 0.212872
v -1.246110 -0.417393 0.228451
v -1.273858 -0.428508 0.234490
v -1.309709 -0.446927 0.241257
v -1.309797 -0.450715 0.240758
v -1.273937 -0.431832 0.234039
v -1.309930 -0.446927 0.240001
v -1.309998 -0.450715 0.239618
v -1.058978 -0.296575 0.192596
v -1.165573 -0.296683 0.218334
v -1.165282 -0.296683 0.219984
v -1.058836 -0.296575 0.193399
v -1.272174 -0.297171 0.244041
v -1.271734 -0.297171 0.246533
v -1.244059 -0.297349 0.240083
v -1.165199 -0.296873 0.220457
v -1.086388 -0.296692 0.200548
v -1.166471 -0.373250 0.213239
v -1.166517 -0.375183 0.212978
v -1.277476 -0.428508 0.213966
v -1.169305 -0.373250 0.197167
v -1.169259 -0.375183 0.197428
v -1.277397 -0.431832 0.214415
v -1.061094 -0.317993 0.180597
v -1.061082 -0.318534 0.180662
v -1.089110 -0.333331 0.185110
v -1.169236 -0.375424 0.197562
v -1.249333 -0.417393 0.210174
v -1.059593 -0.296575 0.189103
v -1.166837 -0.296683 0.211166
v -1.166215 -0.296683 0.214695
v -1.059290 -0.296575 0.190823
v -1.274083 -0.297171 0.233215
v -1.273143 -0.297171 0.238545
v -1.310427 -0.446927 0.237184
v -1.310442 -0.450715 0.237103
v -1.310909 -0.446927 0.234452
v -1.310871 -0.450715 0.234664
v -1.274996 -0.432228 0.228035
v -1.274597 -0.432228 0.230299
v -1.167361 -0.375505 0.208194
v -1.167049 -0.375505 0.209965
v -1.059725 -0.318621 0.188360
v -1.059499 -0.318621 0.189640
v -1.023846 -0.299651 0.181749
v -1.023649 -0.299651 0.182865
v -1.023846 -0.299574 0.181749
v -1.023649 -0.299574 0.182865
v -1.251369 -0.297349 0.198629
v -1.279547 -0.297171 0.202222
v -1.170455 -0.296683 0.190647
v -1.170568 -0.296873 0.190005
v -1.279063 -0.297171 0.204969
v -1.170134 -0.296683 0.192465
v -1.061200 -0.296575 0.179992
v -1.061356 -0.296575 0.179106
v -1.089702 -0.296692 0.181751
v -1.277318 -0.432228 0.214867
v -1.313372 -0.450715 0.220483
v -1.277112 -0.432228 0.216034
v -1.313150 -0.450715 0.221740
v -1.313216 -0.446926 0.221370
v -1.313458 -0.446927 0.219991
v -1.061037 -0.318621 0.180920
v -1.169176 -0.375505 0.197901
v -1.060920 -0.318621 0.181579
v -1.169015 -0.375505 0.198813
v -1.024990 -0.299574 0.175259
v -1.024990 -0.299651 0.175259
v -1.024889 -0.299574 0.175834
v -1.024889 -0.299651 0.175834
v -1.061392 -0.303554 0.178902
v -1.024990 -0.297522 0.175259
v -1.024990 -0.297662 0.175259
v -1.061389 -0.304543 0.178920
v -1.024889 -0.297522 0.175834
v -1.024889 -0.297663 0.175834
v -1.024889 -0.297674 0.175834
v -1.024990 -0.297674 0.175259
v -1.061388 -0.304624 0.178924
v -1.023446 -0.297674 0.184016
v -1.023649 -0.297674 0.182865
v -1.023649 -0.297662 0.182865
v -1.023446 -0.297663 0.184016
v -1.023846 -0.297674 0.181749
v -1.023846 -0.297663 0.181749
v -1.023846 -0.297522 0.181749
v -1.023649 -0.297522 0.182865
v -1.023446 -0.297522 0.184016
v -1.058820 -0.304624 0.193489
v -1.023354 -0.297674 0.184538
v -1.023354 -0.297662 0.184538
v -1.058819 -0.304543 0.193494
v -1.023354 -0.297522 0.184538
v -1.058816 -0.303554 0.193511
v -1.165276 -0.321651 0.220018
v -1.165289 -0.325183 0.219946
v -1.271791 -0.339747 0.246210
v -1.271813 -0.345824 0.246086
v -1.271818 -0.346322 0.246056
v -1.165292 -0.325473 0.219929
v -1.307419 -0.345780 0.254240
v -1.307444 -0.352705 0.254104
v -1.307886 -0.345779 0.251595
v -1.307907 -0.352705 0.251474
v -1.307913 -0.353272 0.251443
v -1.307449 -0.353272 0.254070
v -1.307886 -0.345779 0.251595
v -1.308915 -0.345780 0.245761
v -1.308930 -0.352705 0.245673
v -1.307907 -0.352705 0.251474
v -1.309912 -0.345779 0.240104
v -1.309922 -0.352705 0.240048
v -1.309895 -0.353248 0.239373
v -1.308935 -0.353272 0.245646
v -1.307913 -0.353272 0.251443
v -1.279507 -0.346322 0.202449
v -1.315683 -0.353272 0.207374
v -1.315689 -0.352705 0.207341
v -1.279513 -0.345824 0.202419
v -1.315173 -0.353272 0.210270
v -1.315178 -0.352705 0.210240
v -1.315199 -0.345779 0.210122
v -1.315713 -0.345780 0.207206
v -1.279534 -0.339747 0.202296
v -1.170500 -0.321651 0.190388
v -1.170488 -0.325183 0.190459
v -1.170485 -0.325473 0.190477
v -1.089702 -0.296692 0.181751
v -1.061356 -0.296575 0.179106
v -1.024990 -0.296559 0.175259
v -1.061416 -0.296780 0.178765
v -1.061200 -0.296575 0.179992
v -1.024889 -0.296559 0.175834
v -1.024889 -0.296714 0.175834
v -1.024990 -0.296715 0.175259
v -1.061411 -0.297874 0.178796
v -1.023446 -0.296714 0.184016
v -1.023649 -0.296715 0.182865
v -1.023649 -0.296559 0.182865
v -1.023446 -0.296559 0.184016
v -1.023846 -0.296714 0.181749
v -1.023846 -0.296559 0.181749
v -1.059593 -0.296575 0.189103
v -1.059290 -0.296575 0.190823
v -1.058978 -0.296575 0.192596
v -1.058798 -0.297874 0.193617
v -1.023354 -0.296715 0.184538
v -1.023354 -0.296559 0.184538
v -1.058792 -0.296780 0.193648
v -1.058836 -0.296575 0.193399
v -1.086388 -0.296692 0.200548
v -1.165199 -0.296873 0.220457
v -1.165180 -0.297442 0.220565
v -1.244059 -0.297349 0.240083
v -1.271624 -0.298105 0.247156
v -1.271662 -0.304831 0.246943
v -1.165201 -0.301352 0.220442
v -1.272174 -0.297171 0.244041
v -1.307722 -0.298325 0.252526
v -1.307235 -0.298325 0.255288
v -1.271734 -0.297171 0.246533
v -1.307759 -0.305990 0.252317
v -1.307276 -0.305990 0.255053
v -1.274083 -0.297171 0.233215
v -1.309838 -0.298325 0.240527
v -1.308796 -0.298325 0.246434
v -1.273143 -0.297171 0.238545
v -1.309854 -0.305990 0.240431
v -1.308823 -0.305990 0.246283
v -1.307759 -0.305990 0.252317
v -1.307722 -0.298325 0.252526
v -1.272174 -0.297171 0.244041
v -1.279663 -0.304831 0.201565
v -1.315854 -0.305990 0.206406
v -1.315895 -0.298325 0.206174
v -1.279700 -0.298105 0.201354
v -1.315322 -0.305990 0.209422
v -1.315358 -0.298325 0.209219
v -1.279063 -0.297171 0.204969
v -1.279547 -0.297171 0.202222
v -1.251369 -0.297349 0.198629
v -1.170568 -0.296873 0.190005
v -1.170597 -0.297442 0.189840
v -1.170575 -0.301352 0.189963
v -1.061358 -0.305990 0.179094
v -1.024990 -0.297868 0.175259
v -1.024990 -0.298377 0.175259
v -1.061279 -0.309573 0.179543
v -1.024889 -0.297868 0.175834
v -1.024889 -0.298377 0.175834
v -1.024889 -0.298886 0.175834
v -1.024990 -0.298886 0.175259
v -1.061200 -0.313151 0.179991
v -1.279302 -0.354721 0.203615
v -1.170365 -0.330356 0.191154
v -1.170049 -0.343159 0.192950
v -1.278757 -0.376746 0.206706
v -1.169732 -0.355947 0.194743
v -1.278212 -0.398743 0.209794
v -1.314264 -0.413008 0.215421
v -1.314861 -0.387942 0.212038
v -1.313855 -0.413008 0.217742
v -1.314409 -0.387941 0.214601
v -1.314964 -0.362843 0.211456
v -1.315458 -0.362843 0.208651
v -1.308128 -0.362843 0.250222
v -1.309130 -0.362843 0.244541
v -1.309647 -0.387942 0.241607
v -1.308699 -0.387941 0.246985
v -1.309867 -0.362843 0.239066
v -1.310338 -0.387941 0.236398
v -1.310808 -0.413008 0.233732
v -1.310164 -0.413008 0.238677
v -1.309269 -0.413008 0.243753
v -1.272025 -0.354721 0.244885
v -1.307678 -0.362843 0.252773
v -1.308285 -0.387942 0.249334
v -1.272572 -0.376746 0.241781
v -1.308128 -0.362843 0.250222
v -1.308699 -0.387941 0.246985
v -1.309269 -0.413008 0.243753
v -1.308890 -0.413008 0.245899
v -1.273119 -0.398743 0.238680
v -1.058850 -0.305990 0.193320
v -1.165411 -0.330356 0.219252
v -1.165728 -0.343159 0.217456
v -1.058929 -0.309573 0.192871
v -1.166044 -0.355947 0.215662
v -1.059008 -0.313151 0.192423
v -1.023354 -0.298886 0.184538
v -1.023354 -0.298377 0.184538
v -1.023446 -0.298886 0.184016
v -1.023446 -0.298377 0.184016
v -1.023446 -0.297868 0.184016
v -1.023354 -0.297868 0.184538
v -1.023649 -0.298886 0.182865
v -1.023649 -0.298377 0.182865
v -1.023846 -0.298886 0.181749
v -1.023846 -0.298377 0.181749
v -1.023846 -0.297868 0.181749
v -1.023649 -0.297868 0.182865
v -1.312231 -0.446927 0.226955
v -1.312711 -0.446927 0.224228
v -1.312700 -0.450715 0.224294
v -1.312271 -0.450715 0.226727
v -1.276694 -0.432228 0.218406
v -1.276295 -0.432228 0.220665
v -1.168688 -0.375505 0.200667
v -1.060684 -0.318621 0.182919
v -1.060459 -0.318621 0.184196
v -1.168377 -0.375505 0.202433
v -1.024683 -0.299651 0.177003
v -1.024683 -0.299574 0.177003
v -1.024486 -0.299574 0.178117
v -1.024486 -0.299651 0.178117
v -1.024683 -0.297868 0.177003
v -1.024683 -0.298377 0.177003
v -1.024486 -0.297868 0.178117
v -1.024486 -0.298377 0.178117
v -1.024486 -0.298886 0.178117
v -1.024683 -0.298886 0.177003
v -1.024683 -0.297522 0.177003
v -1.024683 -0.297662 0.177003
v -1.024486 -0.297522 0.178117
v -1.024486 -0.297663 0.178117
v -1.024486 -0.297674 0.178117
v -1.024683 -0.297674 0.177003
v -1.060580 -0.296575 0.183508
v -1.024486 -0.296559 0.178117
v -1.024683 -0.296559 0.177003
v -1.060883 -0.296575 0.181793
v -1.024486 -0.296714 0.178117
v -1.024683 -0.296715 0.177003
v -1.169483 -0.296683 0.196161
v -1.060883 -0.296575 0.181793
v -1.278079 -0.297171 0.210551
v -1.277141 -0.297171 0.215869
v -1.168862 -0.296683 0.199682
v -1.060580 -0.296575 0.183508
v -1.279063 -0.297171 0.204969
v -1.315358 -0.298325 0.209219
v -1.314267 -0.298325 0.215405
v -1.278079 -0.297171 0.210551
v -1.315322 -0.305990 0.209422
v -1.314242 -0.305990 0.215549
v -1.313212 -0.305990 0.221388
v -1.313228 -0.298325 0.221300
v -1.277141 -0.297171 0.215869
v -1.312893 -0.353248 0.222371
v -1.313150 -0.352705 0.221742
v -1.314140 -0.352705 0.216130
v -1.314135 -0.353272 0.216156
v -1.313159 -0.345780 0.221691
v -1.314154 -0.345780 0.216046
v -1.315199 -0.345779 0.210122
v -1.315178 -0.352705 0.210240
v -1.315173 -0.353272 0.210270
v -1.313855 -0.413008 0.217742
v -1.312950 -0.413008 0.222876
v -1.313448 -0.387942 0.220051
v -1.314409 -0.387941 0.214601
v -1.311864 -0.413008 0.227743
v -1.312315 -0.387941 0.225182
v -1.312768 -0.362843 0.222618
v -1.313947 -0.362843 0.217222
v -1.314964 -0.362843 0.211456
v -1.275283 -0.432228 0.226405
v -1.311181 -0.450715 0.232910
v -1.311575 -0.450715 0.230677
v -1.275649 -0.432228 0.224332
v -1.311219 -0.446927 0.232695
v -1.311573 -0.446927 0.230687
v -1.311926 -0.446927 0.228684
v -1.311967 -0.450715 0.228450
v -1.276013 -0.432228 0.222264
v -1.168156 -0.375505 0.203684
v -1.167871 -0.375505 0.205300
v -1.060300 -0.318621 0.185100
v -1.060094 -0.318621 0.186268
v -1.059887 -0.318621 0.187440
v -1.167585 -0.375505 0.206921
v -1.024347 -0.299651 0.178905
v -1.024168 -0.299651 0.179924
v -1.024347 -0.299574 0.178905
v -1.024168 -0.299574 0.179924
v -1.023987 -0.299574 0.180946
v -1.023987 -0.299651 0.180946
v -1.024347 -0.298886 0.178905
v -1.024347 -0.298377 0.178905
v -1.024168 -0.298377 0.179924
v -1.024168 -0.298886 0.179924
v -1.024347 -0.297868 0.178905
v -1.024168 -0.297868 0.179924
v -1.023987 -0.297868 0.180946
v -1.023987 -0.298377 0.180946
v -1.023987 -0.298886 0.180946
v -1.024347 -0.297674 0.178905
v -1.024347 -0.297663 0.178905
v -1.024168 -0.297662 0.179924
v -1.024168 -0.297674 0.179924
v -1.024347 -0.297522 0.178905
v -1.024168 -0.297522 0.179924
v -1.023987 -0.297522 0.180946
v -1.023987 -0.297663 0.180946
v -1.023987 -0.297674 0.180946
v -1.059812 -0.296575 0.187866
v -1.023987 -0.296559 0.180946
v -1.024168 -0.296559 0.179924
v -1.060089 -0.296575 0.186293
v -1.023987 -0.296714 0.180946
v -1.024168 -0.296715 0.179924
v -1.024347 -0.296714 0.178905
v -1.024347 -0.296559 0.178905
v -1.060366 -0.296575 0.184722
v -1.060366 -0.296575 0.184722
v -1.168422 -0.296683 0.202174
v -1.167854 -0.296683 0.205397
v -1.060089 -0.296575 0.186293
v -1.276477 -0.297171 0.219634
v -1.275619 -0.297171 0.224501
v -1.274759 -0.297171 0.229381
v -1.167284 -0.296683 0.208628
v -1.059812 -0.296575 0.187866
v -1.276477 -0.297171 0.219634
v -1.312492 -0.298325 0.225473
v -1.311541 -0.298325 0.230868
v -1.275619 -0.297171 0.224501
v -1.312483 -0.305990 0.225521
v -1.311541 -0.305990 0.230865
v -1.310597 -0.305990 0.236222
v -1.310587 -0.298325 0.236276
v -1.274759 -0.297171 0.229381
v -1.310415 -0.353081 0.235961
v -1.310635 -0.352705 0.236002
v -1.311544 -0.352705 0.230853
v -1.311322 -0.353081 0.230813
v -1.310630 -0.345780 0.236033
v -1.311543 -0.345780 0.230854
v -1.312454 -0.345779 0.225688
v -1.312449 -0.352705 0.225716
v -1.312228 -0.353081 0.225678
v -1.301686 -0.362843 0.224502
v -1.301382 -0.387941 0.226224
v -1.300906 -0.387942 0.228926
v -1.300899 -0.362843 0.228962
v -1.301079 -0.413008 0.227945
v -1.300912 -0.413008 0.228890
v -1.300745 -0.413008 0.229838
v -1.300428 -0.387941 0.231634
v -1.300111 -0.362843 0.233432
v -1.061171 -0.314492 0.180159
v -1.024990 -0.299076 0.175259
v -1.024990 -0.299088 0.175259
v -1.061169 -0.314576 0.180170
v -1.024889 -0.299077 0.175834
v -1.024889 -0.299088 0.175834
v -1.024889 -0.299164 0.175834
v -1.024990 -0.299164 0.175259
v -1.061157 -0.315111 0.180237
v -1.278008 -0.406986 0.210951
v -1.169614 -0.360739 0.195416
v -1.169607 -0.361040 0.195458
v -1.277995 -0.407504 0.211024
v -1.169559 -0.362951 0.195726
v -1.277914 -0.410791 0.211485
v -1.313938 -0.426738 0.217273
v -1.314027 -0.422992 0.216768
v -1.313571 -0.426738 0.219353
v -1.313637 -0.422992 0.218978
v -1.313648 -0.422402 0.218915
v -1.314041 -0.422402 0.216688
v -1.313571 -0.426738 0.219353
v -1.312754 -0.426738 0.223987
v -1.312762 -0.422992 0.223943
v -1.313637 -0.422992 0.218978
v -1.311971 -0.426738 0.228428
v -1.311922 -0.422992 0.228705
v -1.311675 -0.422407 0.229280
v -1.312766 -0.422402 0.223920
v -1.313648 -0.422402 0.218915
v -1.311667 -0.426738 0.230151
v -1.311563 -0.426738 0.230742
v -1.311561 -0.422992 0.230753
v -1.311619 -0.422992 0.230426
v -1.311458 -0.426738 0.231335
v -1.311503 -0.422992 0.231081
v -1.311288 -0.422560 0.231012
v -1.311340 -0.422560 0.230715
v -1.311392 -0.422560 0.230418
v -1.309482 -0.422402 0.242545
v -1.310355 -0.422402 0.237594
v -1.310360 -0.422992 0.237568
v -1.309493 -0.422992 0.242480
v -1.311163 -0.422407 0.232183
v -1.311199 -0.422992 0.232806
v -1.311153 -0.426738 0.233066
v -1.310370 -0.426738 0.237509
v -1.309562 -0.426738 0.242092
v -1.273324 -0.406986 0.237518
v -1.309117 -0.422402 0.244611
v -1.309132 -0.422992 0.244531
v -1.273337 -0.407504 0.237445
v -1.309482 -0.422402 0.242545
v -1.309493 -0.422992 0.242480
v -1.309562 -0.426738 0.242092
v -1.309222 -0.426738 0.244017
v -1.273418 -0.410791 0.236982
v -1.059038 -0.314492 0.192254
v -1.166162 -0.360739 0.214990
v -1.166170 -0.361040 0.214948
v -1.059040 -0.314576 0.192244
v -1.166217 -0.362951 0.214680
v -1.059052 -0.315111 0.192177
v -1.023354 -0.299164 0.184538
v -1.023354 -0.299088 0.184538
v -1.023446 -0.299165 0.184016
v -1.023446 -0.299088 0.184016
v -1.023446 -0.299076 0.184016
v -1.023354 -0.299076 0.184538
v -1.023649 -0.299164 0.182865
v -1.023649 -0.299088 0.182865
v -1.023846 -0.299165 0.181749
v -1.023846 -0.299088 0.181749
v -1.023846 -0.299076 0.181749
v -1.023649 -0.299076 0.182865
v -1.023987 -0.299164 0.180946
v -1.024168 -0.299164 0.179924
v -1.024168 -0.299088 0.179924
v -1.023987 -0.299088 0.180946
v -1.024347 -0.299165 0.178905
v -1.024347 -0.299088 0.178905
v -1.024347 -0.299076 0.178905
v -1.024168 -0.299076 0.179924
v -1.023987 -0.299077 0.180946
v -1.024683 -0.299076 0.177003
v -1.024683 -0.299088 0.177003
v -1.024486 -0.299077 0.178117
v -1.024486 -0.299088 0.178117
v -1.024486 -0.299164 0.178117
v -1.024683 -0.299164 0.177003
v -1.301111 -0.422258 0.228605
v -1.301543 -0.422416 0.228693
v -1.301492 -0.422416 0.228979
v -1.301059 -0.422258 0.228903
v -1.302942 -0.422416 0.228939
v -1.302892 -0.422416 0.229226
v -1.302841 -0.422416 0.229513
v -1.301442 -0.422416 0.229266
v -1.301006 -0.422258 0.229201
v -1.300818 -0.413008 0.230269
v -1.301249 -0.413008 0.230361
v -1.300794 -0.387942 0.232938
v -1.300369 -0.387941 0.232816
v -1.302648 -0.413008 0.230608
v -1.302194 -0.387941 0.233184
v -1.301739 -0.362843 0.235765
v -1.300340 -0.362843 0.235518
v -1.299919 -0.362843 0.235368
v -1.300136 -0.353397 0.234134
v -1.300568 -0.353207 0.234224
v -1.301475 -0.353207 0.229077
v -1.301041 -0.353397 0.229000
v -1.301967 -0.353206 0.234471
v -1.302874 -0.353207 0.229324
v -1.303780 -0.353206 0.224189
v -1.302381 -0.353207 0.223942
v -1.301945 -0.353397 0.223879
v -1.302156 -0.362843 0.222681
v -1.302601 -0.362843 0.222694
v -1.302164 -0.387942 0.225169
v -1.301724 -0.387941 0.225131
v -1.304000 -0.362843 0.222941
v -1.303563 -0.387941 0.225416
v -1.303128 -0.413008 0.227889
v -1.301728 -0.413008 0.227642
v -1.301292 -0.413008 0.227579
v -1.305982 -0.422416 0.229475
v -1.305931 -0.422416 0.229762
v -1.309099 -0.422416 0.230025
v -1.309048 -0.422416 0.230311
v -1.308997 -0.422416 0.230598
v -1.305881 -0.422416 0.230049
v -1.305688 -0.413008 0.231143
v -1.305233 -0.387942 0.233720
v -1.308804 -0.413008 0.231693
v -1.308350 -0.387941 0.234270
v -1.307895 -0.362843 0.236850
v -1.304779 -0.362843 0.236301
v -1.305007 -0.353207 0.235007
v -1.305914 -0.353207 0.229860
v -1.308123 -0.353206 0.235556
v -1.309031 -0.353207 0.230409
v -1.309936 -0.353206 0.225275
v -1.306820 -0.353207 0.224725
v -1.307040 -0.362843 0.223477
v -1.306603 -0.387942 0.225952
v -1.310156 -0.362843 0.224026
v -1.309720 -0.387941 0.226502
v -1.309284 -0.413008 0.228974
v -1.306167 -0.413008 0.228425
v -1.310727 -0.422416 0.230312
v -1.310677 -0.422416 0.230598
v -1.311392 -0.422560 0.230418
v -1.311340 -0.422560 0.230715
v -1.311288 -0.422560 0.231012
v -1.310626 -0.422416 0.230885
v -1.310433 -0.413008 0.231980
v -1.309979 -0.387942 0.234557
v -1.310808 -0.413008 0.233732
v -1.310338 -0.387941 0.236398
v -1.309867 -0.362843 0.239066
v -1.309523 -0.362843 0.237138
v -1.309752 -0.353207 0.235844
v -1.310659 -0.353207 0.230697
v -1.310415 -0.353081 0.235961
v -1.311322 -0.353081 0.230813
v -1.312228 -0.353081 0.225678
v -1.311564 -0.353207 0.225562
v -1.311785 -0.362843 0.224313
v -1.311348 -0.387942 0.226789
v -1.312768 -0.362843 0.222618
v -1.312315 -0.387941 0.225182
v -1.311864 -0.413008 0.227743
v -1.310912 -0.413008 0.229261
v -1.024990 -0.297688 0.175259
v -1.061386 -0.304723 0.178935
v -1.024889 -0.297688 0.175834
v -1.024486 -0.297688 0.178117
v -1.024683 -0.297688 0.177003
v -1.023987 -0.297688 0.180946
v -1.024168 -0.297688 0.179924
v -1.024347 -0.297688 0.178905
v -1.023649 -0.297688 0.182865
v -1.023446 -0.297688 0.184016
v -1.023846 -0.297688 0.181749
v -1.023354 -0.297688 0.184538
v -1.058822 -0.304723 0.193479
v -1.165299 -0.325828 0.219887
v -1.271831 -0.346934 0.245983
v -1.307464 -0.353969 0.253989
v -1.307926 -0.353969 0.251367
v -1.308947 -0.353969 0.245578
v -1.307926 -0.353969 0.251367
v -1.309701 -0.353969 0.240010
v -1.309363 -0.353969 0.238050
v -1.307734 -0.353969 0.237763
v -1.309701 -0.353969 0.240010
v -1.309895 -0.353248 0.239373
v -1.309367 -0.353397 0.238023
v -1.307739 -0.353397 0.237736
v -1.304617 -0.353969 0.237213
v -1.301578 -0.353969 0.236677
v -1.304622 -0.353397 0.237187
v -1.301582 -0.353397 0.236651
v -1.300178 -0.353969 0.236430
v -1.299760 -0.353969 0.236270
v -1.300183 -0.353397 0.236404
v -1.299876 -0.353545 0.236266
v -1.301793 -0.353969 0.223893
v -1.300897 -0.353969 0.228974
v -1.299999 -0.353969 0.234068
v -1.304151 -0.353397 0.222082
v -1.304154 -0.353969 0.222065
v -1.302755 -0.353969 0.221819
v -1.302752 -0.353397 0.221835
v -1.302309 -0.353969 0.221814
v -1.302418 -0.353545 0.221850
v -1.310308 -0.353397 0.223168
v -1.310311 -0.353969 0.223151
v -1.307194 -0.353969 0.222601
v -1.307191 -0.353397 0.222618
v -1.312893 -0.353248 0.222371
v -1.312927 -0.353969 0.221712
v -1.311939 -0.353969 0.223438
v -1.311936 -0.353397 0.223455
v -1.314123 -0.353969 0.216222
v -1.315160 -0.353969 0.210344
v -1.312927 -0.353969 0.221712
v -1.315670 -0.353969 0.207453
v -1.279495 -0.346934 0.202522
v -1.315160 -0.353969 0.210344
v -1.170478 -0.325828 0.190519
v -1.024990 -0.299064 0.175259
v -1.061173 -0.314404 0.180148
v -1.024889 -0.299064 0.175834
v -1.169622 -0.360424 0.195371
v -1.278022 -0.406444 0.210875
v -1.314056 -0.421784 0.216605
v -1.313661 -0.421784 0.218842
v -1.312776 -0.421784 0.223865
v -1.313661 -0.421784 0.218842
v -1.311706 -0.421784 0.228639
v -1.310760 -0.421784 0.230127
v -1.309131 -0.421785 0.229840
v -1.311706 -0.421784 0.228639
v -1.311675 -0.422407 0.229280
v -1.310751 -0.422258 0.230178
v -1.309122 -0.422258 0.229891
v -1.306015 -0.421784 0.229290
v -1.302975 -0.421785 0.228754
v -1.306006 -0.422258 0.229341
v -1.302966 -0.422258 0.228805
v -1.301576 -0.421784 0.228507
v -1.301141 -0.421785 0.228436
v -1.301567 -0.422258 0.228558
v -1.301247 -0.422136 0.228493
v -1.300972 -0.421784 0.228547
v -1.300914 -0.421784 0.228878
v -1.300856 -0.421785 0.229209
v -1.302817 -0.422258 0.229652
v -1.302807 -0.421785 0.229705
v -1.301408 -0.421784 0.229458
v -1.301417 -0.422258 0.229405
v -1.300975 -0.421784 0.229376
v -1.301094 -0.422136 0.229357
v -1.308973 -0.422258 0.230737
v -1.308963 -0.421785 0.230791
v -1.305847 -0.421784 0.230241
v -1.305856 -0.422258 0.230188
v -1.311163 -0.422407 0.232183
v -1.310972 -0.421785 0.232799
v -1.310592 -0.421784 0.231078
v -1.310601 -0.422258 0.231024
v -1.310345 -0.421784 0.237651
v -1.309468 -0.421785 0.242621
v -1.310972 -0.421785 0.232799
v -1.309103 -0.421784 0.244696
v -1.273310 -0.406444 0.237594
v -1.309468 -0.421785 0.242621
v -1.166155 -0.360424 0.215034
v -1.059036 -0.314404 0.192266
v -1.023354 -0.299064 0.184538
v -1.023446 -0.299064 0.184016
v -1.023649 -0.299064 0.182865
v -1.023846 -0.299064 0.181749
v -1.024347 -0.299064 0.178905
v -1.024168 -0.299064 0.179924
v -1.023987 -0.299064 0.180946
v -1.024683 -0.299064 0.177003
v -1.024486 -0.299064 0.178117
v -1.024990 -0.297121 0.175259
v -1.061401 -0.300732 0.178851
v -1.024889 -0.297121 0.175834
v -1.024486 -0.297121 0.178117
v -1.024683 -0.297121 0.177003
v -1.023987 -0.297121 0.180946
v -1.024168 -0.297121 0.179924
v -1.024347 -0.297121 0.178905
v -1.023649 -0.297121 0.182865
v -1.023446 -0.297121 0.184016
v -1.023846 -0.297121 0.181749
v -1.023354 -0.297121 0.184538
v -1.058807 -0.300732 0.193562
v -1.165240 -0.311564 0.220221
v -1.271729 -0.322397 0.246562
v -1.307351 -0.326008 0.254630
v -1.307825 -0.326008 0.251941
v -1.308871 -0.326008 0.246011
v -1.307825 -0.326008 0.251941
v -1.309884 -0.326008 0.240261
v -1.312468 -0.326008 0.225608
v -1.311542 -0.326008 0.230860
v -1.310614 -0.326008 0.236124
v -1.314196 -0.326008 0.215808
v -1.315258 -0.326008 0.209786
v -1.313184 -0.326008 0.221546
v -1.315781 -0.326008 0.206822
v -1.279596 -0.322397 0.201946
v -1.315258 -0.326008 0.209786
v -1.170537 -0.311564 0.190184
v -1.168262 -0.375505 0.203083
v -1.276149 -0.432228 0.221497
v -1.060376 -0.318621 0.184666
v -1.024414 -0.299651 0.178527
v -1.024414 -0.299574 0.178527
v -1.024414 -0.299076 0.178527
v -1.024414 -0.299088 0.178527
v -1.024414 -0.299164 0.178527
v -1.024414 -0.298886 0.178527
v -1.024414 -0.299064 0.178527
v -1.024414 -0.297868 0.178527
v -1.024414 -0.298377 0.178527
v -1.024414 -0.297688 0.178527
v -1.024414 -0.297674 0.178527
v -1.024414 -0.297522 0.178527
v -1.024414 -0.297662 0.178527
v -1.024414 -0.297121 0.178527
v -1.024414 -0.296715 0.178527
v -1.024414 -0.296559 0.178527
v -1.060469 -0.296575 0.184139
v -1.168633 -0.296683 0.200978
v -1.060469 -0.296575 0.184139
v -1.276796 -0.297171 0.217826
v -1.312845 -0.298325 0.223470
v -1.276796 -0.297171 0.217826
v -1.312833 -0.305990 0.223537
v -1.312792 -0.345780 0.223769
v -1.312812 -0.326008 0.223658
v -1.312786 -0.352705 0.223808
v -1.312564 -0.353081 0.223771
v -1.311901 -0.353207 0.223655
v -1.310272 -0.353207 0.223368
v -1.312564 -0.353081 0.223771
v -1.307156 -0.353207 0.222818
v -1.304116 -0.353207 0.222283
v -1.302717 -0.353207 0.222036
v -1.302280 -0.353397 0.221977
v -1.301978 -0.362843 0.222846
v -1.302126 -0.353969 0.222006
v -1.301141 -0.413008 0.227594
v -1.301559 -0.387942 0.225221
v -1.301131 -0.422258 0.228495
v -1.300994 -0.421784 0.228424
v -1.302961 -0.422416 0.228833
v -1.301562 -0.422416 0.228586
v -1.309117 -0.422416 0.229918
v -1.306001 -0.422416 0.229369
v -1.311412 -0.422560 0.230308
v -1.310746 -0.422416 0.230206
v -1.311706 -0.426738 0.229931
v -1.311640 -0.422992 0.230304
v -1.311412 -0.422560 0.230308
v -1.312113 -0.450715 0.227623
v -1.312057 -0.446927 0.227940
v -1.311419 -0.426738 0.231559
v -1.311482 -0.422992 0.231204
v -1.311268 -0.422560 0.231124
v -1.310607 -0.422416 0.230994
v -1.308978 -0.422416 0.230707
v -1.311268 -0.422560 0.231124
v -1.305862 -0.422416 0.230157
v -1.302822 -0.422416 0.229621
v -1.301423 -0.422416 0.229374
v -1.300986 -0.422258 0.229313
v -1.300833 -0.421784 0.229334
v -1.300682 -0.413008 0.230196
v -1.300248 -0.387942 0.232656
v -1.299814 -0.362843 0.235120
v -1.299660 -0.353969 0.235991
v -1.299795 -0.353397 0.236072
v -1.301624 -0.353207 0.236414
v -1.300225 -0.353207 0.236167
v -1.307780 -0.353207 0.237500
v -1.304664 -0.353207 0.236950
v -1.310072 -0.353081 0.237905
v -1.309409 -0.353207 0.237787
v -1.310293 -0.352705 0.237946
v -1.310072 -0.353081 0.237905
v -1.310285 -0.345780 0.237989
v -1.310264 -0.326008 0.238111
v -1.310240 -0.305990 0.238244
v -1.310227 -0.298325 0.238318
v -1.274434 -0.297171 0.231223
v -1.167069 -0.296683 0.209847
v -1.059707 -0.296575 0.188461
v -1.274434 -0.297171 0.231223
v -1.023919 -0.296559 0.181332
v -1.059707 -0.296575 0.188461
v -1.023919 -0.296715 0.181332
v -1.023919 -0.297121 0.181332
v -1.023919 -0.297522 0.181332
v -1.023919 -0.297662 0.181332
v -1.023919 -0.297674 0.181332
v -1.023919 -0.297688 0.181332
v -1.023919 -0.297868 0.181332
v -1.023919 -0.298377 0.181332
v -1.023919 -0.298886 0.181332
v -1.023919 -0.299064 0.181332
v -1.023919 -0.299076 0.181332
v -1.023919 -0.299164 0.181332
v -1.023919 -0.299088 0.181332
v -1.023919 -0.299651 0.181332
v -1.059809 -0.318621 0.187882
v -1.023919 -0.299574 0.181332
v -1.167478 -0.375505 0.207533
v -1.275145 -0.432228 0.227188
v -1.311085 -0.446927 0.233453
v -1.311032 -0.450715 0.233753
v -1.024990 -0.299369 0.175259
v -1.061125 -0.316551 0.180417
v -1.024889 -0.299369 0.175834
v -1.169432 -0.368097 0.196448
v -1.277695 -0.419643 0.212728
v -1.313698 -0.436825 0.218635
v -1.313393 -0.436826 0.220362
v -1.312231 -0.446927 0.226955
v -1.312102 -0.436826 0.227683
v -1.312734 -0.436825 0.224104
v -1.312711 -0.446927 0.224228
v -1.313393 -0.436826 0.220362
v -1.313216 -0.446926 0.221370
v -1.311926 -0.446927 0.228684
v -1.311798 -0.436826 0.229410
v -1.311883 -0.436825 0.228926
v -1.312057 -0.446927 0.227940
v -1.311219 -0.446927 0.232695
v -1.311337 -0.436826 0.232022
v -1.311568 -0.436825 0.230715
v -1.311573 -0.446927 0.230687
v -1.310909 -0.446927 0.234452
v -1.311029 -0.436826 0.233767
v -1.311251 -0.436825 0.232515
v -1.311085 -0.446927 0.233453
v -1.310398 -0.436825 0.237350
v -1.309746 -0.436826 0.241046
v -1.310427 -0.446927 0.237184
v -1.309930 -0.446927 0.240001
v -1.309466 -0.436825 0.242635
v -1.273638 -0.419643 0.235734
v -1.309746 -0.436826 0.241046
v -1.166345 -0.368097 0.213958
v -1.059084 -0.316551 0.191996
v -1.023354 -0.299369 0.184538
v -1.023446 -0.299369 0.184016
v -1.023649 -0.299369 0.182865
v -1.023846 -0.299369 0.181749
v -1.023987 -0.299369 0.180946
v -1.023919 -0.299369 0.181332
v -1.024347 -0.299369 0.178905
v -1.024168 -0.299369 0.179924
v -1.024414 -0.299369 0.178527
v -1.024486 -0.299369 0.178117
v -1.024683 -0.299369 0.177003
vt 0.463237 0.837703
vt 0.462310 0.879123
vt 0.465384 0.878501
vt 0.466458 0.837104
vt 0.466484 0.879240
vt 0.470060 0.878604
vt 0.473188 0.836872
vt 0.467470 0.836805
vt 0.468066 0.804677
vt 0.468869 0.589085
vt 0.466023 0.713482
vt 0.469690 0.712948
vt 0.472995 0.588700
vt 0.470815 0.712602
vt 0.473063 0.620673
vt 0.485350 0.588041
vt 0.485853 0.546044
vt 0.474290 0.547029
vt 0.474402 0.588333
vt 0.472824 0.546358
vt 0.469977 0.547134
vt 0.411728 0.037999
vt 0.522954 0.173081
vt 0.544034 0.173000
vt 0.414376 0.037989
vt 0.659596 0.308065
vt 0.673693 0.308011
vt 0.687789 0.307956
vt 0.552407 0.172967
vt 0.417024 0.037979
vt 0.479707 0.712501
vt 0.471302 0.712503
vt 0.386615 0.590272
vt 0.393964 0.714241
vt 0.402007 0.714133
vt 0.397409 0.590430
vt 0.402496 0.838122
vt 0.407595 0.838025
vt 0.406661 0.806023
vt 0.402615 0.714275
vt 0.399276 0.622705
vt 0.374277 0.038143
vt 0.431365 0.173434
vt 0.476455 0.173260
vt 0.393003 0.038071
vt 0.460219 0.308833
vt 0.559907 0.308449
vt 0.460635 0.546266
vt 0.460473 0.547189
vt 0.448445 0.546175
vt 0.451258 0.547207
vt 0.450908 0.589587
vt 0.459752 0.589390
vt 0.450045 0.714698
vt 0.457913 0.714147
vt 0.449205 0.839559
vt 0.456115 0.838677
vt 0.448925 0.881194
vt 0.455516 0.880201
vt 0.451002 0.881317
vt 0.458622 0.880323
vt 0.023584 0.310516
vt 0.042524 0.310443
vt 0.169171 0.174444
vt 0.157922 0.174488
vt 0.061464 0.310370
vt 0.192409 0.174355
vt 0.299375 0.038432
vt 0.295817 0.038446
vt 0.292260 0.038460
vt 0.399237 0.590947
vt 0.397427 0.549433
vt 0.403812 0.591306
vt 0.402206 0.549550
vt 0.399522 0.549012
vt 0.386034 0.548434
vt 0.408946 0.838357
vt 0.404126 0.714699
vt 0.412507 0.838800
vt 0.408187 0.715140
vt 0.406623 0.879693
vt 0.410550 0.879588
vt 0.410573 0.880152
vt 0.413946 0.880033
vt 0.347863 0.841787
vt 0.378063 0.882509
vt 0.378156 0.882320
vt 0.349083 0.841272
vt 0.386459 0.883315
vt 0.386498 0.883099
vt 0.386501 0.883082
vt 0.378164 0.882304
vt 0.349196 0.841235
vt 0.496281 0.882114
vt 0.480656 0.883329
vt 0.480658 0.883347
vt 0.496285 0.882132
vt 0.465686 0.884345
vt 0.465687 0.884363
vt 0.465701 0.884587
vt 0.480681 0.883569
vt 0.496333 0.882344
vt 0.530839 0.839388
vt 0.503863 0.881153
vt 0.503872 0.881168
vt 0.530952 0.839422
vt 0.503972 0.881353
vt 0.532197 0.839881
vt 0.609602 0.717211
vt 0.605060 0.715857
vt 0.684491 0.592148
vt 0.676627 0.590411
vt 0.675901 0.590302
vt 0.604642 0.715760
vt 0.705168 0.543498
vt 0.696087 0.543020
vt 0.690079 0.534301
vt 0.689493 0.534658
vt 0.688906 0.535015
vt 0.695242 0.543047
vt 0.946561 0.702145
vt 0.930397 0.692398
vt 0.930397 0.702907
vt 0.946561 0.702907
vt 0.918086 0.692398
vt 0.918086 0.702907
vt 0.914233 0.703669
vt 0.930274 0.703354
vt 0.946561 0.703669
vt 0.197053 0.595518
vt 0.178111 0.546467
vt 0.177274 0.546434
vt 0.196330 0.595638
vt 0.186625 0.535098
vt 0.186044 0.534717
vt 0.185463 0.534336
vt 0.168294 0.546795
vt 0.188584 0.597603
vt 0.266572 0.721376
vt 0.271037 0.719815
vt 0.271454 0.719707
vt 0.372261 0.882718
vt 0.377412 0.883845
vt 0.377431 0.883805
vt 0.339335 0.845314
vt 0.382562 0.884973
vt 0.386200 0.884792
vt 0.386241 0.884554
vt 0.377532 0.883596
vt 0.340785 0.844724
vt 0.496604 0.883561
vt 0.480814 0.884846
vt 0.480838 0.885092
vt 0.496655 0.883796
vt 0.465781 0.885871
vt 0.465797 0.886119
vt 0.461117 0.886495
vt 0.480842 0.885140
vt 0.500567 0.883784
vt 0.539415 0.842485
vt 0.504547 0.882414
vt 0.504657 0.882618
vt 0.540893 0.843007
vt 0.504678 0.882658
vt 0.508788 0.881532
vt 0.642884 0.726817
vt 0.641410 0.726411
vt 0.776981 0.572102
vt 0.739618 0.604157
vt 0.730184 0.602074
vt 0.635981 0.724855
vt 0.767043 0.524028
vt 0.763781 0.523827
vt 0.768925 0.547574
vt 0.772012 0.548065
vt 0.760520 0.523626
vt 0.757963 0.546692
vt 0.914233 0.618128
vt 0.918179 0.620386
vt 0.930768 0.620386
vt 0.931139 0.618128
vt 0.918109 0.632018
vt 0.930490 0.632018
vt 0.946561 0.622645
vt 0.947303 0.620386
vt 0.948045 0.618128
vt 0.143609 0.608915
vt 0.116107 0.549335
vt 0.105278 0.550144
vt 0.134318 0.611294
vt 0.115425 0.518635
vt 0.112218 0.518812
vt 0.109011 0.518989
vt 0.102235 0.550686
vt 0.095459 0.582383
vt 0.233860 0.732550
vt 0.235317 0.732080
vt 0.240656 0.730271
vt 0.351640 0.840900
vt 0.378298 0.882037
vt 0.378653 0.881337
vt 0.358021 0.840002
vt 0.386564 0.882782
vt 0.386732 0.881998
vt 0.386899 0.881214
vt 0.379007 0.880638
vt 0.364387 0.839104
vt 0.212909 0.594726
vt 0.280645 0.719084
vt 0.304642 0.717368
vt 0.254222 0.592530
vt 0.328578 0.715649
vt 0.295419 0.590343
vt 0.288753 0.543254
vt 0.242469 0.544583
vt 0.310127 0.535213
vt 0.250049 0.535082
vt 0.189970 0.534950
vt 0.196027 0.545965
vt 0.945223 0.702675
vt 0.927503 0.715618
vt 0.921278 0.753950
vt 0.936083 0.753950
vt 0.913605 0.702675
vt 0.906473 0.753950
vt 0.899341 0.805225
vt 0.915137 0.792844
vt 0.926943 0.805225
vt 0.660036 0.589783
vt 0.677249 0.542666
vt 0.630675 0.541647
vt 0.618729 0.588230
vt 0.685476 0.534745
vt 0.624970 0.534691
vt 0.564464 0.534636
vt 0.584264 0.540686
vt 0.577540 0.586682
vt 0.528390 0.839107
vt 0.595456 0.715334
vt 0.571483 0.714066
vt 0.521996 0.838333
vt 0.547572 0.712791
vt 0.515618 0.837559
vt 0.502936 0.879527
vt 0.503325 0.880209
vt 0.495780 0.880284
vt 0.495991 0.881052
vt 0.496201 0.881821
vt 0.503715 0.880892
vt 0.480403 0.881416
vt 0.480510 0.882218
vt 0.465560 0.882416
vt 0.465613 0.883225
vt 0.465666 0.884036
vt 0.480616 0.883022
vt 0.423951 0.547528
vt 0.411736 0.548270
vt 0.411888 0.549190
vt 0.421110 0.548737
vt 0.413105 0.591186
vt 0.421959 0.590911
vt 0.416450 0.715330
vt 0.419756 0.839250
vt 0.426666 0.839592
vt 0.424324 0.715378
vt 0.420858 0.880570
vt 0.418570 0.880693
vt 0.426185 0.881134
vt 0.427447 0.881010
vt 0.402381 0.883423
vt 0.402453 0.882609
vt 0.417271 0.883868
vt 0.417304 0.883052
vt 0.417338 0.882237
vt 0.402525 0.881795
vt 0.402339 0.883977
vt 0.402353 0.883752
vt 0.417249 0.884421
vt 0.417257 0.884197
vt 0.417258 0.884179
vt 0.402354 0.883734
vt 0.421915 0.886152
vt 0.417195 0.885959
vt 0.402241 0.885514
vt 0.402238 0.885562
vt 0.417204 0.885711
vt 0.402256 0.885266
vt 0.239627 0.174173
vt 0.318101 0.038360
vt 0.161153 0.309986
vt 0.260841 0.309602
vt 0.284618 0.174000
vt 0.336826 0.038288
vt 0.847515 0.618128
vt 0.848410 0.620386
vt 0.865016 0.620386
vt 0.864569 0.618128
vt 0.849304 0.622645
vt 0.865352 0.632018
vt 0.877717 0.632018
vt 0.877633 0.620386
vt 0.881623 0.618128
vt 0.881623 0.703669
vt 0.877745 0.702907
vt 0.865464 0.702907
vt 0.865624 0.704181
vt 0.877745 0.692398
vt 0.865464 0.692398
vt 0.849304 0.702145
vt 0.849304 0.702907
vt 0.849304 0.703669
vt 0.869423 0.808383
vt 0.881204 0.796039
vt 0.874985 0.758837
vt 0.860180 0.758837
vt 0.897025 0.808383
vt 0.889790 0.758837
vt 0.882554 0.709291
vt 0.868645 0.720975
vt 0.850936 0.709291
vt 0.444523 0.589782
vt 0.444605 0.547356
vt 0.436116 0.547865
vt 0.436371 0.590213
vt 0.447308 0.546133
vt 0.436112 0.546810
vt 0.424915 0.547487
vt 0.427648 0.548385
vt 0.428239 0.590651
vt 0.429906 0.715328
vt 0.437129 0.715147
vt 0.431559 0.839745
vt 0.437886 0.839823
vt 0.444228 0.839887
vt 0.444370 0.714963
vt 0.432110 0.881231
vt 0.438138 0.881395
vt 0.431573 0.881354
vt 0.438537 0.881517
vt 0.445517 0.881664
vt 0.444180 0.881542
vt 0.427812 0.882455
vt 0.427799 0.883269
vt 0.441326 0.883427
vt 0.441327 0.882615
vt 0.427787 0.884083
vt 0.441325 0.884239
vt 0.454904 0.884382
vt 0.454891 0.883571
vt 0.454877 0.882760
vt 0.427782 0.884394
vt 0.427782 0.884412
vt 0.441325 0.884568
vt 0.441325 0.884549
vt 0.427778 0.884637
vt 0.441324 0.884792
vt 0.454911 0.884934
vt 0.454909 0.884710
vt 0.454909 0.884692
vt 0.459128 0.886581
vt 0.454923 0.886471
vt 0.441315 0.886330
vt 0.441314 0.886378
vt 0.454921 0.886223
vt 0.441316 0.886082
vt 0.427760 0.885927
vt 0.427757 0.886175
vt 0.423501 0.886176
vt 0.338310 0.038282
vt 0.316469 0.173877
vt 0.357648 0.173718
vt 0.355428 0.038216
vt 0.268738 0.309571
vt 0.359869 0.309220
vt 0.450999 0.308869
vt 0.398925 0.173559
vt 0.372545 0.038150
vt 0.882915 0.618128
vt 0.886480 0.620386
vt 0.897820 0.620386
vt 0.897820 0.618128
vt 0.886480 0.632018
vt 0.897820 0.632018
vt 0.909188 0.632018
vt 0.909188 0.620386
vt 0.912725 0.618128
vt 0.912725 0.703669
vt 0.909188 0.702907
vt 0.897820 0.702907
vt 0.897820 0.703669
vt 0.909188 0.692398
vt 0.897820 0.692398
vt 0.886480 0.692398
vt 0.886480 0.702907
vt 0.882915 0.703669
vt 0.894673 0.382903
vt 0.869202 0.408220
vt 0.877170 0.431854
vt 0.907762 0.422094
vt 0.843806 0.433487
vt 0.846662 0.441588
vt 0.849509 0.449711
vt 0.885093 0.455557
vt 0.920745 0.461407
vt 0.366750 0.838775
vt 0.379140 0.880376
vt 0.379149 0.880359
vt 0.366886 0.838759
vt 0.386962 0.880920
vt 0.386966 0.880901
vt 0.390341 0.880784
vt 0.383079 0.880255
vt 0.372052 0.838659
vt 0.310665 0.589643
vt 0.337452 0.715034
vt 0.337959 0.715013
vt 0.311523 0.589665
vt 0.346254 0.714891
vt 0.322748 0.589762
vt 0.318596 0.544079
vt 0.306730 0.543256
vt 0.313583 0.536661
vt 0.312760 0.536317
vt 0.311937 0.535973
vt 0.305809 0.543093
vt 0.870095 0.810470
vt 0.883672 0.815282
vt 0.883556 0.809596
vt 0.869935 0.809596
vt 0.893210 0.815282
vt 0.893781 0.809596
vt 0.897301 0.808722
vt 0.883503 0.808898
vt 0.869775 0.808722
vt 0.896909 0.815282
vt 0.898180 0.815282
vt 0.898179 0.809596
vt 0.897477 0.809596
vt 0.899453 0.815282
vt 0.898884 0.809596
vt 0.898988 0.808722
vt 0.898179 0.808722
vt 0.897371 0.808722
vt 0.926595 0.808722
vt 0.912867 0.808504
vt 0.912817 0.809596
vt 0.926437 0.809596
vt 0.899070 0.808722
vt 0.902589 0.809596
vt 0.903171 0.815282
vt 0.912712 0.815282
vt 0.926279 0.810469
vt 0.562296 0.586248
vt 0.567170 0.540690
vt 0.566248 0.540876
vt 0.561439 0.586300
vt 0.562665 0.535419
vt 0.561842 0.535768
vt 0.561020 0.536118
vt 0.554228 0.541711
vt 0.550071 0.586578
vt 0.513250 0.837279
vt 0.538704 0.712358
vt 0.538197 0.712357
vt 0.513113 0.837268
vt 0.529546 0.712379
vt 0.507331 0.837206
vt 0.498100 0.879154
vt 0.502780 0.879256
vt 0.491519 0.879862
vt 0.495695 0.879978
vt 0.495700 0.879996
vt 0.502789 0.879272
vt 0.477253 0.880975
vt 0.480361 0.881095
vt 0.463461 0.881972
vt 0.465539 0.882093
vt 0.465540 0.882112
vt 0.480363 0.881114
vt 0.453535 0.882316
vt 0.440929 0.882170
vt 0.441327 0.882292
vt 0.454872 0.882437
vt 0.428353 0.882009
vt 0.427817 0.882131
vt 0.427816 0.882150
vt 0.441327 0.882311
vt 0.454872 0.882457
vt 0.402552 0.881491
vt 0.402554 0.881471
vt 0.417350 0.881932
vt 0.417351 0.881913
vt 0.418613 0.881791
vt 0.404843 0.881350
vt 0.834672 0.442697
vt 0.834347 0.442858
vt 0.835222 0.445261
vt 0.835588 0.445137
vt 0.833561 0.442906
vt 0.834496 0.445505
vt 0.835459 0.448101
vt 0.836114 0.447665
vt 0.836511 0.447579
vt 0.850607 0.453247
vt 0.850526 0.453639
vt 0.888164 0.466304
vt 0.888171 0.465653
vt 0.850079 0.454437
vt 0.887921 0.467174
vt 0.925777 0.479707
vt 0.925779 0.478856
vt 0.925708 0.477995
vt 0.934174 0.463592
vt 0.934704 0.463592
vt 0.919866 0.418208
vt 0.919356 0.418379
vt 0.935575 0.463518
vt 0.920743 0.417898
vt 0.905393 0.372555
vt 0.904678 0.373042
vt 0.904258 0.373360
vt 0.888998 0.367073
vt 0.888588 0.366409
vt 0.865379 0.398088
vt 0.865741 0.398567
vt 0.888090 0.365705
vt 0.864681 0.397521
vt 0.841429 0.429493
vt 0.842247 0.429867
vt 0.842530 0.430122
vt 0.831787 0.442991
vt 0.832902 0.446036
vt 0.829942 0.443094
vt 0.831244 0.446590
vt 0.832584 0.450082
vt 0.834051 0.449077
vt 0.849042 0.456136
vt 0.887430 0.469037
vt 0.847974 0.457879
vt 0.886934 0.470950
vt 0.926025 0.483468
vt 0.925891 0.481560
vt 0.937464 0.463416
vt 0.922627 0.417223
vt 0.939405 0.463319
vt 0.924557 0.416530
vt 0.908438 0.370288
vt 0.906897 0.371441
vt 0.887102 0.364092
vt 0.863213 0.396292
vt 0.886099 0.362421
vt 0.861711 0.395026
vt 0.837750 0.428013
vt 0.839616 0.428760
vt 0.828942 0.443196
vt 0.830328 0.446903
vt 0.827893 0.442129
vt 0.829784 0.447097
vt 0.831675 0.452064
vt 0.831758 0.450607
vt 0.847432 0.458809
vt 0.886673 0.471969
vt 0.834424 0.455393
vt 0.886530 0.472540
vt 0.938637 0.489688
vt 0.926084 0.484481
vt 0.940433 0.463261
vt 0.925572 0.416168
vt 0.946637 0.477393
vt 0.926130 0.415972
vt 0.905623 0.354550
vt 0.909265 0.369685
vt 0.885556 0.361546
vt 0.860912 0.394350
vt 0.892702 0.350089
vt 0.860465 0.393969
vt 0.828228 0.437849
vt 0.836775 0.427594
vt 0.378173 0.882285
vt 0.349373 0.841211
vt 0.386505 0.883060
vt 0.417259 0.884156
vt 0.402356 0.883711
vt 0.454909 0.884669
vt 0.441325 0.884527
vt 0.427782 0.884371
vt 0.480654 0.883306
vt 0.496276 0.882093
vt 0.465684 0.884323
vt 0.503853 0.881134
vt 0.530661 0.839370
vt 0.603975 0.715742
vt 0.674732 0.590284
vt 0.693867 0.543031
vt 0.687191 0.534880
vt 0.929905 0.703172
vt 0.945892 0.703172
vt 0.913919 0.703172
vt 0.940406 0.487793
vt 0.940081 0.486929
vt 0.940619 0.488276
vt 0.942602 0.486864
vt 0.942220 0.485694
vt 0.941646 0.485087
vt 0.939533 0.485304
vt 0.939025 0.483733
vt 0.940705 0.483943
vt 0.939816 0.482846
vt 0.938819 0.483032
vt 0.938698 0.482180
vt 0.939396 0.482377
vt 0.939134 0.481777
vt 0.903640 0.373965
vt 0.918572 0.418638
vt 0.933313 0.463475
vt 0.897592 0.355036
vt 0.896488 0.354863
vt 0.896737 0.355568
vt 0.897540 0.355678
vt 0.897097 0.356244
vt 0.897647 0.356249
vt 0.897726 0.352064
vt 0.895469 0.351561
vt 0.895979 0.353246
vt 0.897652 0.353585
vt 0.897508 0.350164
vt 0.895105 0.350127
vt 0.895222 0.350650
vt 0.897819 0.351216
vt 0.866104 0.706480
vt 0.850120 0.706480
vt 0.882089 0.706480
vt 0.179468 0.546451
vt 0.198216 0.595468
vt 0.188298 0.535024
vt 0.272119 0.719663
vt 0.379131 0.880393
vt 0.366607 0.838792
vt 0.386958 0.880939
vt 0.336919 0.715059
vt 0.309766 0.589625
vt 0.304841 0.542925
vt 0.311032 0.535593
vt 0.883381 0.808553
vt 0.869599 0.808553
vt 0.897163 0.808553
vt 0.828629 0.439810
vt 0.829660 0.440021
vt 0.828058 0.439689
vt 0.827889 0.441528
vt 0.828515 0.441154
vt 0.829544 0.441219
vt 0.831614 0.440412
vt 0.833501 0.440801
vt 0.831462 0.441392
vt 0.833303 0.441573
vt 0.834329 0.441009
vt 0.834567 0.441135
vt 0.834102 0.441660
vt 0.834333 0.441568
vt 0.835060 0.442277
vt 0.836101 0.444964
vt 0.837146 0.447657
vt 0.836173 0.449318
vt 0.836871 0.449797
vt 0.837414 0.449125
vt 0.836754 0.448762
vt 0.837537 0.448872
vt 0.837022 0.448682
vt 0.833508 0.451844
vt 0.834309 0.452758
vt 0.835614 0.451256
vt 0.834869 0.450560
vt 0.832063 0.452617
vt 0.833243 0.454005
vt 0.833622 0.453557
vt 0.832756 0.452521
vt 0.912987 0.806974
vt 0.926769 0.806974
vt 0.899205 0.806974
vt 0.568135 0.540497
vt 0.563196 0.586199
vt 0.563564 0.535028
vt 0.539237 0.712362
vt 0.513394 0.837292
vt 0.502799 0.879288
vt 0.495706 0.880015
vt 0.480366 0.881134
vt 0.465541 0.882132
vt 0.427816 0.882170
vt 0.441327 0.882331
vt 0.454873 0.882476
vt 0.402550 0.881511
vt 0.417349 0.881952
vt 0.377799 0.883049
vt 0.344362 0.843243
vt 0.386351 0.883931
vt 0.417227 0.885062
vt 0.402297 0.884617
vt 0.454916 0.885575
vt 0.441320 0.885433
vt 0.427769 0.885278
vt 0.480747 0.884203
vt 0.496468 0.882948
vt 0.465741 0.885225
vt 0.504258 0.881880
vt 0.535767 0.841172
vt 0.622644 0.720999
vt 0.707076 0.597053
vt 0.731252 0.545028
vt 0.725300 0.528963
vt 0.930397 0.662395
vt 0.946561 0.662395
vt 0.918086 0.662395
vt 0.886480 0.662395
vt 0.897820 0.662395
vt 0.909188 0.662395
vt 0.865464 0.662395
vt 0.849304 0.662395
vt 0.877745 0.662395
vt 0.142509 0.547990
vt 0.166355 0.603190
vt 0.150444 0.526486
vt 0.253760 0.725782
vt 0.427224 0.715391
vt 0.425220 0.590809
vt 0.429210 0.839713
vt 0.429872 0.881167
vt 0.428988 0.881290
vt 0.422798 0.882088
vt 0.422798 0.882069
vt 0.423683 0.881947
vt 0.422791 0.882393
vt 0.422797 0.882108
vt 0.422754 0.884023
vt 0.422772 0.883208
vt 0.422747 0.884312
vt 0.422747 0.884334
vt 0.422741 0.884577
vt 0.422746 0.884353
vt 0.422728 0.885218
vt 0.422714 0.885867
vt 0.422709 0.886115
vt 0.422708 0.886164
vt 0.301179 0.173936
vt 0.337568 0.038285
vt 0.264790 0.309587
vt 0.882269 0.620386
vt 0.882269 0.618128
vt 0.882269 0.632018
vt 0.882269 0.692398
vt 0.882269 0.662395
vt 0.882269 0.702907
vt 0.882269 0.703669
vt 0.901257 0.352798
vt 0.900772 0.353553
vt 0.901566 0.352357
vt 0.899932 0.354939
vt 0.899118 0.356267
vt 0.898712 0.356851
vt 0.898417 0.357187
vt 0.889722 0.368567
vt 0.897940 0.357771
vt 0.842739 0.430497
vt 0.866204 0.399534
vt 0.834342 0.441797
vt 0.834679 0.441279
vt 0.833243 0.441935
vt 0.834041 0.441967
vt 0.829507 0.441774
vt 0.831413 0.441848
vt 0.827891 0.441829
vt 0.828479 0.441781
vt 0.896437 0.815282
vt 0.897216 0.809596
vt 0.897336 0.808722
vt 0.424504 0.548572
vt 0.424433 0.547508
vt 0.899934 0.815282
vt 0.899149 0.809596
vt 0.899029 0.808722
vt 0.832351 0.452008
vt 0.833136 0.451392
vt 0.831869 0.452341
vt 0.834527 0.450209
vt 0.835860 0.449062
vt 0.836473 0.448554
vt 0.836864 0.448488
vt 0.837536 0.448671
vt 0.850546 0.452768
vt 0.887954 0.464447
vt 0.925379 0.476110
vt 0.938442 0.480158
vt 0.939177 0.480349
vt 0.940300 0.480638
vt 0.939619 0.480439
vt 0.943261 0.481694
vt 0.941753 0.481152
vt 0.944619 0.482128
vt 0.944106 0.481976
vt 0.913479 0.702907
vt 0.913479 0.703669
vt 0.913479 0.692398
vt 0.913479 0.662395
vt 0.913479 0.632018
vt 0.913479 0.620386
vt 0.913479 0.618128
vt 0.414510 0.173499
vt 0.373411 0.038147
vt 0.455609 0.308851
vt 0.460121 0.886490
vt 0.460123 0.886538
vt 0.460114 0.886242
vt 0.460094 0.885594
vt 0.460074 0.884954
vt 0.460067 0.884730
vt 0.460066 0.884711
vt 0.460066 0.884689
vt 0.460056 0.884402
vt 0.460030 0.883590
vt 0.460003 0.882779
vt 0.459994 0.882495
vt 0.459993 0.882475
vt 0.458301 0.882334
vt 0.459992 0.882456
vt 0.446461 0.881558
vt 0.446621 0.839881
vt 0.448153 0.881680
vt 0.447102 0.714891
vt 0.447600 0.589645
vt 0.447877 0.546154
vt 0.447810 0.547200
vt 0.394852 0.879974
vt 0.387285 0.838390
vt 0.400457 0.880468
vt 0.370151 0.714564
vt 0.354753 0.590007
vt 0.352393 0.546227
vt 0.356553 0.542836
vt 0.891311 0.850718
vt 0.891672 0.830594
vt 0.883983 0.830594
vt 0.884393 0.850718
vt 0.873785 0.830594
vt 0.877476 0.850718
vt 0.891859 0.850718
vt 0.895380 0.830594
vt 0.894341 0.830594
vt 0.891585 0.850718
vt 0.904506 0.850718
vt 0.900988 0.830594
vt 0.898181 0.830594
vt 0.898183 0.850718
vt 0.905146 0.850718
vt 0.904737 0.830594
vt 0.902048 0.830594
vt 0.904826 0.850718
vt 0.912432 0.830594
vt 0.922630 0.830594
vt 0.912064 0.850718
vt 0.918981 0.850718
vt 0.519965 0.543852
vt 0.517641 0.587307
vt 0.516922 0.541238
vt 0.504586 0.712443
vt 0.490248 0.837040
vt 0.484079 0.878879
vt 0.479001 0.879551
vt 0.467938 0.880649
vt 0.457232 0.881644
vt 0.449526 0.881991
vt 0.453227 0.882008
vt 0.429963 0.881682
vt 0.439733 0.881844
vt 0.426335 0.881619
vt 0.422399 0.881462
vt 0.411706 0.881021
vn 0.454262 -0.887264 -0.080057
vn 0.841808 -0.518967 -0.148435
vn 0.781179 -0.412244 0.468843
vn 0.481536 -0.870292 0.103512
vn 0.984808 0.000000 -0.173648
vn 0.826614 0.000000 0.562770
vn 0.256549 -0.123019 0.958671
vn 0.431473 -0.545199 0.718742
vn 0.491176 -0.797103 0.351245
vn 0.449160 -0.889934 -0.079199
vn 0.453660 -0.887575 -0.080018
vn 0.474766 -0.878563 0.052199
vn 0.486539 -0.820336 0.300549
vn 0.470544 -0.682846 0.558846
vn 0.452950 -0.621263 0.639429
vn 0.256067 -0.138159 0.956735
vn -0.542384 -0.098736 0.834308
vn -0.337615 -0.733745 0.589606
vn 0.370468 -0.400043 0.838283
vn -0.984806 0.000008 0.173658
vn -0.515453 -0.852089 0.090850
vn -0.000945 1.000000 0.000275
vn -0.002680 0.999996 0.000472
vn 0.042476 0.982246 0.182724
vn -0.000406 0.999997 0.002434
vn -0.004388 0.999990 0.000774
vn -0.002677 0.999967 0.007634
vn 0.134399 0.821602 0.553991
vn 0.085883 0.929741 0.358059
vn 0.066583 0.959908 0.272294
vn 0.260665 -0.137453 0.955594
vn 0.320496 -0.268714 0.908337
vn -0.089325 -0.137465 -0.986471
vn -0.082035 -0.137469 -0.987103
vn 0.014751 -0.311084 -0.950268
vn 0.142152 -0.534584 -0.833074
vn -0.085763 -0.123186 -0.988671
vn 0.179549 -0.574805 -0.798349
vn 0.337615 -0.793136 -0.506904
vn 0.283897 -0.727229 -0.624933
vn 0.258982 -0.695662 -0.670062
vn -0.001007 0.999999 -0.000008
vn -0.002680 0.999996 0.000472
vn -0.002680 0.999996 0.000473
vn -0.000971 1.000000 0.000183
vn -0.004388 0.999990 0.000774
vn -0.004388 0.999990 0.000774
vn -0.984812 0.000067 0.173622
vn -0.515561 -0.852020 0.090875
vn -0.984803 0.000044 0.173678
vn -0.515410 -0.852096 0.091020
vn 0.449165 -0.889934 -0.079169
vn 0.449156 -0.889934 -0.079217
vn 0.453671 -0.887575 -0.079958
vn 0.453664 -0.887575 -0.079994
vn 0.454268 -0.887264 -0.080012
vn 0.454238 -0.887265 -0.080186
vn 0.841808 -0.518968 -0.148433
vn 0.841807 -0.518968 -0.148433
vn 0.984808 0.000000 -0.173648
vn 0.984808 0.000000 -0.173648
vn -0.051691 0.891763 -0.449542
vn -0.005137 0.999967 -0.006297
vn -0.017962 0.989916 -0.140512
vn -0.032966 0.959977 -0.278130
vn -0.004389 0.999990 0.000755
vn -0.002682 0.999996 0.000473
vn -0.000988 1.000000 -0.000015
vn -0.001234 0.999997 -0.002304
vn -0.023590 0.977484 -0.209686
vn 0.337512 -0.802258 -0.492410
vn -0.519241 -0.733601 -0.438427
vn 0.449166 -0.889934 -0.079164
vn -0.515419 -0.852095 0.090983
vn -0.984814 0.000010 0.173610
vn -0.796175 -0.096981 -0.597244
vn 0.427068 -0.876946 -0.220405
vn 0.435015 -0.882171 -0.180380
vn 0.454238 -0.887264 -0.080189
vn 0.453668 -0.887575 -0.079972
vn 0.586445 -0.000897 -0.809988
vn 0.574276 -0.412233 -0.707299
vn 0.984808 0.000000 -0.173648
vn 0.841809 -0.518966 -0.148434
vn -0.099086 -0.018273 -0.994911
vn 0.604126 -0.000301 -0.796889
vn 0.603724 -0.000104 -0.797194
vn -0.095708 -0.036524 -0.994739
vn 0.984808 0.000000 -0.173648
vn 0.984808 0.000000 -0.173648
vn 0.984808 0.000000 -0.173648
vn 0.603585 -0.000025 -0.797298
vn -0.087152 -0.080726 -0.992919
vn 0.984808 0.000000 -0.173648
vn 0.984808 0.000000 -0.173648
vn 0.984808 0.000000 -0.173648
vn 0.984808 0.000000 -0.173648
vn 0.984808 0.000000 -0.173648
vn 0.984808 0.000000 -0.173648
vn 0.984808 0.000000 -0.173648
vn 0.984808 0.000000 -0.173648
vn 0.984808 0.000000 -0.173648
vn 0.256915 -0.080742 0.963055
vn 0.839425 -0.000061 0.543476
vn 0.839475 -0.000026 0.543398
vn 0.249503 -0.036601 0.967682
vn 0.839570 -0.000104 0.543252
vn 0.246364 -0.018235 0.969006
vn 0.243427 -0.020433 0.969704
vn 0.246968 -0.040779 0.968165
vn 0.232614 -0.020538 0.972352
vn 0.236248 -0.041040 0.970826
vn 0.244640 -0.090706 0.965362
vn 0.255236 -0.090193 0.962663
vn -0.552787 -0.014565 0.833195
vn -0.545945 -0.031078 0.837244
vn -0.984809 -0.000008 0.173642
vn -0.984829 0.000188 0.173530
vn -0.984810 -0.000049 0.173633
vn -0.539959 -0.067634 0.838970
vn -0.984805 0.000014 0.173662
vn -0.984808 0.000013 0.173644
vn -0.985687 -0.003623 0.168549
vn -0.984804 0.000127 0.173667
vn -0.984808 -0.000008 0.173648
vn -0.976596 -0.128844 0.172222
vn -0.957444 -0.243034 0.155675
vn -0.987280 -0.001577 0.158982
vn -0.984806 0.000073 0.173658
vn -0.104498 -0.090336 -0.990414
vn -0.796759 -0.066323 -0.600647
vn -0.801703 -0.030554 -0.596941
vn -0.114242 -0.040869 -0.992612
vn -0.984798 0.000045 0.173703
vn -0.984796 -0.000050 0.173715
vn -0.984814 0.000020 0.173611
vn -0.806599 -0.014247 -0.590927
vn -0.118252 -0.020408 -0.992774
vn -0.103260 -0.020438 -0.994444
vn -0.099390 -0.040804 -0.994212
vn -0.089741 -0.090186 -0.991874
vn -0.086311 0.545441 -0.833694
vn -0.020814 0.981038 -0.192692
vn 0.492275 0.581843 -0.647398
vn -0.092637 0.370748 -0.924102
vn -0.000441 1.000000 -0.000144
vn 0.696269 0.707212 -0.122722
vn 0.984808 0.000000 -0.173648
vn 0.605143 -0.000184 -0.796117
vn -0.098451 -0.023984 -0.994853
vn 0.984808 0.000000 -0.173648
vn 0.984808 0.000000 -0.173648
vn 0.696178 0.707296 -0.122756
vn 0.696254 0.707207 -0.122833
vn 0.984808 0.000000 -0.173648
vn 0.696299 0.707190 -0.122676
vn -0.000466 1.000000 -0.000088
vn -0.000430 1.000000 0.000077
vn -0.000396 1.000000 0.000203
vn 0.246955 -0.024022 0.968729
vn 0.840230 -0.000330 0.542230
vn 0.683583 0.581715 0.440820
vn 0.223731 0.415981 0.881421
vn 0.109359 0.893574 0.435393
vn 0.232616 0.295511 0.926587
vn 0.238495 0.189309 0.952513
vn 0.242670 0.079139 0.966876
vn 0.225669 0.333993 0.915162
vn 0.220236 0.276132 0.935547
vn 0.232564 -0.026946 0.972208
vn 0.243750 -0.026865 0.969466
vn -0.031150 0.999500 0.005495
vn -0.700672 0.702718 0.123474
vn -0.456449 0.556410 0.694307
vn 0.124368 0.795834 0.592605
vn -0.984808 0.000000 0.173648
vn -0.554188 -0.018977 0.832175
vn -0.031151 0.999500 0.005492
vn -0.707266 0.695853 0.124755
vn -0.707318 0.695808 0.124710
vn -0.031151 0.999500 0.005493
vn -0.984806 -0.000010 0.173655
vn -0.984809 -0.000011 0.173639
vn -0.984805 -0.000007 0.173666
vn -0.714198 0.688514 0.125975
vn -0.031151 0.999500 0.005492
vn -0.118339 -0.026877 -0.992609
vn -0.807629 -0.018703 -0.589394
vn -0.668082 0.556954 -0.493426
vn -0.115004 0.352176 -0.928841
vn -0.984807 0.000008 0.173654
vn -0.700846 0.702515 0.123643
vn -0.031158 0.999500 0.005432
vn -0.077878 0.857958 -0.507782
vn -0.098042 0.415846 -0.904135
vn -0.100978 0.281038 -0.954369
vn -0.103169 0.126258 -0.986618
vn -0.102893 -0.026859 -0.994330
vn -0.079120 -0.125505 -0.988933
vn 0.602786 -0.000918 -0.797903
vn 0.599982 -0.002545 -0.800010
vn -0.080529 -0.125694 -0.988795
vn 0.984808 0.000000 -0.173648
vn 0.984808 0.000000 -0.173648
vn 0.984808 0.000000 -0.173648
vn 0.595217 -0.002444 -0.803561
vn -0.081852 -0.125876 -0.988663
vn -0.093847 -0.140466 -0.985628
vn -0.079795 -0.140323 -0.986885
vn -0.080056 -0.140332 -0.986863
vn -0.092515 -0.140090 -0.985807
vn -0.080205 -0.140384 -0.986843
vn -0.090755 -0.140072 -0.985973
vn -0.796411 -0.099684 -0.596484
vn -0.797173 -0.100073 -0.595400
vn -0.984805 0.000021 0.173661
vn -0.984784 0.000007 0.173781
vn -0.984818 0.000009 0.173592
vn -0.798149 -0.099902 -0.594120
vn -0.984812 0.000019 0.173623
vn -0.988138 0.002322 0.153550
vn -0.988298 0.002451 0.152513
vn -0.984797 -0.000018 0.173710
vn -0.991020 0.004487 0.133638
vn -0.991302 0.004797 0.131522
vn -0.991583 0.005001 0.129373
vn -0.988468 0.002604 0.151407
vn -0.984806 0.000011 0.173659
vn 0.253414 -0.140878 0.957045
vn -0.544444 -0.101148 0.832676
vn -0.543643 -0.101443 0.833163
vn 0.254648 -0.140874 0.956718
vn -0.984799 -0.000024 0.173699
vn -0.984833 0.000025 0.173505
vn -0.984809 -0.000006 0.173644
vn -0.542550 -0.101548 0.833863
vn 0.255768 -0.141043 0.956394
vn 0.263267 -0.125849 0.956479
vn 0.262996 -0.140382 0.954529
vn 0.262742 -0.140345 0.954605
vn 0.261779 -0.125690 0.956908
vn 0.262440 -0.140336 0.954689
vn 0.260228 -0.125558 0.957349
vn 0.831002 -0.000824 0.556268
vn 0.833770 -0.002425 0.552107
vn 0.984808 0.000000 -0.173648
vn 0.984808 0.000000 -0.173648
vn 0.984808 0.000000 -0.173648
vn 0.837039 -0.002529 0.547137
vn 0.984808 0.000000 -0.173648
vn 0.984808 0.000000 -0.173648
vn 0.984808 0.000000 -0.173648
vn 0.984808 0.000000 -0.173648
vn 0.984808 0.000000 -0.173648
vn 0.984808 0.000000 -0.173648
vn -0.984798 0.000052 0.173704
vn -0.984815 0.000052 0.173609
vn -0.515554 -0.852025 0.090868
vn -0.515381 -0.852132 0.090849
vn 0.449160 -0.889934 -0.079198
vn 0.449151 -0.889933 -0.079259
vn 0.453664 -0.887575 -0.079993
vn 0.454253 -0.887264 -0.080101
vn 0.454282 -0.887264 -0.079938
vn 0.453658 -0.887575 -0.080029
vn 0.841808 -0.518967 -0.148432
vn 0.984808 0.000000 -0.173648
vn 0.984808 0.000000 -0.173648
vn 0.841808 -0.518967 -0.148435
vn 0.984808 0.000000 -0.173648
vn 0.984808 0.000000 -0.173648
vn 0.984808 0.000000 -0.173648
vn 0.984808 0.000000 -0.173648
vn 0.984808 0.000000 -0.173648
vn 0.984808 0.000000 -0.173648
vn 0.984808 0.000000 -0.173648
vn 0.984808 0.000000 -0.173648
vn 0.984808 0.000000 -0.173648
vn 0.984808 0.000000 -0.173648
vn 0.984808 0.000000 -0.173648
vn 0.984808 0.000000 -0.173648
vn -0.000412 1.000000 0.000163
vn 0.696263 0.707192 -0.122870
vn 0.696180 0.707295 -0.122752
vn -0.000419 1.000000 0.000122
vn 0.984808 0.000000 -0.173648
vn 0.984808 0.000000 -0.173648
vn -0.002681 0.999996 0.000473
vn -0.000968 1.000000 0.000215
vn -0.004388 0.999990 0.000773
vn -0.004383 0.999990 0.000801
vn -0.002680 0.999996 0.000472
vn -0.000958 1.000000 0.000262
vn -0.031147 0.999500 0.005521
vn -0.714009 0.688729 0.125874
vn -0.707317 0.695810 0.124707
vn -0.031153 0.999500 0.005493
vn -0.984808 0.000000 0.173648
vn -0.984812 -0.000012 0.173624
vn -0.984801 0.000003 0.173688
vn -0.707275 0.695856 0.124689
vn -0.031149 0.999500 0.005521
vn -0.959729 -0.169804 0.223800
vn -0.975281 -0.130748 0.178137
vn -0.983887 -0.003640 0.178756
vn -0.982813 0.000723 0.184600
vn -0.984810 0.000006 0.173637
vn -0.984803 0.000014 0.173673
vn -0.984808 0.000002 0.173649
vn -0.984813 -0.000033 0.173616
vn -0.984808 0.000000 0.173648
vn -0.984809 -0.000007 0.173644
vn -0.980667 0.002462 0.195667
vn -0.980887 0.002325 0.194562
vn -0.984818 -0.000001 0.173591
vn -0.975959 0.004870 0.217901
vn -0.976441 0.004652 0.215733
vn -0.976916 0.004449 0.213579
vn -0.981089 0.002237 0.193542
vn -0.984806 -0.000012 0.173661
vn 0.449141 -0.889935 -0.079293
vn -0.515453 -0.852102 0.090719
vn -0.515565 -0.852010 0.090949
vn 0.449169 -0.889935 -0.079141
vn -0.984808 0.000000 0.173648
vn -0.984795 0.000064 0.173719
vn -0.984827 0.000010 0.173537
vn -0.515371 -0.852131 0.090915
vn 0.449159 -0.889935 -0.079200
vn 0.453672 -0.887575 -0.079954
vn 0.453665 -0.887575 -0.079994
vn 0.454253 -0.887265 -0.080097
vn 0.454236 -0.887264 -0.080198
vn 0.454268 -0.887264 -0.080022
vn 0.453657 -0.887575 -0.080031
vn 0.841807 -0.518968 -0.148433
vn 0.841807 -0.518968 -0.148433
vn 0.984808 0.000000 -0.173648
vn 0.984808 0.000000 -0.173648
vn 0.984808 0.000000 -0.173648
vn 0.841808 -0.518967 -0.148435
vn 0.984808 0.000000 -0.173648
vn 0.984808 0.000000 -0.173648
vn 0.984808 0.000000 -0.173648
vn 0.984808 0.000000 -0.173648
vn 0.984808 0.000000 -0.173648
vn 0.984808 0.000000 -0.173648
vn 0.984808 0.000000 -0.173648
vn 0.984808 0.000000 -0.173648
vn 0.984808 0.000000 -0.173648
vn 0.984808 0.000000 -0.173648
vn 0.984808 0.000000 -0.173648
vn 0.984808 0.000000 -0.173648
vn 0.984808 0.000000 -0.173648
vn 0.984808 0.000000 -0.173648
vn 0.984808 0.000000 -0.173648
vn 0.984808 0.000000 -0.173648
vn 0.984808 0.000000 -0.173648
vn 0.984808 0.000000 -0.173648
vn -0.000378 1.000000 0.000321
vn 0.696266 0.707190 -0.122868
vn 0.696175 0.707299 -0.122757
vn -0.000439 1.000000 0.000018
vn 0.984808 0.000000 -0.173648
vn 0.984808 0.000000 -0.173648
vn 0.984808 0.000000 -0.173648
vn 0.696301 0.707189 -0.122670
vn -0.000428 1.000000 0.000077
vn -0.000972 1.000000 0.000171
vn -0.002680 0.999996 0.000473
vn -0.002680 0.999996 0.000472
vn -0.000983 1.000000 0.000117
vn -0.004388 0.999990 0.000774
vn -0.004392 0.999990 0.000756
vn -0.004381 0.999990 0.000804
vn -0.002680 0.999996 0.000472
vn -0.000925 0.999999 0.000405
vn -0.031151 0.999500 0.005492
vn -0.707262 0.695856 0.124760
vn -0.707317 0.695810 0.124705
vn -0.031156 0.999500 0.005478
vn -0.984806 -0.000002 0.173655
vn -0.984811 -0.000013 0.173629
vn -0.984802 0.000003 0.173681
vn -0.707274 0.695857 0.124686
vn -0.031148 0.999500 0.005520
vn -0.846206 -0.511524 0.149261
vn -0.949524 -0.265289 0.167411
vn -0.949437 -0.265602 0.167406
vn -0.845837 -0.512177 0.149111
vn -0.984809 0.000007 0.173643
vn -0.984804 0.000015 0.173668
vn -0.984815 0.000003 0.173609
vn -0.949445 -0.265544 0.167454
vn -0.845924 -0.512007 0.149201
vn -0.984802 -0.000012 0.173680
vn -0.984833 -0.000005 0.173506
vn -0.984808 0.000002 0.173647
vn -0.984806 0.000009 0.173655
vn -0.984808 -0.000020 0.173648
vn -0.984793 -0.000007 0.173735
vn -0.984834 0.000012 0.173498
vn -0.984783 -0.000012 0.173789
vn -0.984815 0.000003 0.173609
vn -0.082977 -0.125524 -0.988614
vn 0.589904 -0.000058 -0.807473
vn 0.589782 -0.000055 -0.807562
vn -0.083079 -0.125544 -0.988603
vn 0.984808 0.000000 -0.173648
vn 0.984808 0.000000 -0.173648
vn 0.984808 0.000000 -0.173648
vn 0.589502 -0.000347 -0.807767
vn -0.083351 -0.125681 -0.988563
vn -0.089112 -0.140607 -0.986047
vn -0.080260 -0.140378 -0.986840
vn -0.080266 -0.140423 -0.986833
vn -0.089082 -0.140573 -0.986055
vn -0.080363 -0.140375 -0.986832
vn -0.088963 -0.140537 -0.986070
vn -0.795826 -0.099815 -0.597242
vn -0.796250 -0.099432 -0.596741
vn -0.984806 0.000018 0.173659
vn -0.984784 -0.000163 0.173780
vn -0.984803 0.000051 0.173677
vn -0.796145 -0.099487 -0.596872
vn -0.984814 -0.000011 0.173615
vn -0.984805 -0.000027 0.173664
vn -0.983687 0.004689 0.179830
vn -0.984811 -0.000131 0.173630
vn -0.984811 -0.000007 0.173629
vn -0.975949 0.123055 0.179947
vn -0.959577 0.158175 0.232792
vn -0.981484 0.004461 0.191491
vn -0.984811 -0.000022 0.173631
vn -0.984858 0.000027 0.173365
vn -0.984778 -0.000016 0.173818
vn -0.956647 0.237575 0.168480
vn -0.956515 0.237144 0.169829
vn -0.984811 -0.000018 0.173627
vn -0.956842 0.237155 0.167958
vn -0.873637 0.461026 0.155604
vn -0.873754 0.461545 0.153397
vn -0.873831 0.461242 0.153864
vn -0.984806 0.000049 0.173658
vn -0.986068 0.004842 0.166269
vn -0.984810 0.000258 0.173638
vn -0.984798 -0.000189 0.173701
vn -0.960620 0.239889 0.140221
vn -0.980773 0.106465 0.163554
vn -0.984818 -0.000005 0.173592
vn -0.984804 -0.000031 0.173671
vn -0.984806 0.000012 0.173658
vn 0.256134 -0.141163 0.956278
vn -0.541830 -0.101352 0.834355
vn -0.542166 -0.100998 0.834179
vn 0.256205 -0.141117 0.956266
vn -0.984810 -0.000105 0.173638
vn -0.984821 -0.000057 0.173574
vn -0.984812 -0.000028 0.173622
vn -0.541851 -0.101346 0.834342
vn 0.256455 -0.141034 0.956211
vn 0.259474 -0.125802 0.957521
vn 0.262275 -0.140412 0.954723
vn 0.262254 -0.140387 0.954733
vn 0.259439 -0.125929 0.957514
vn 0.262216 -0.140392 0.954742
vn 0.259094 -0.125779 0.957627
vn 0.829081 -0.000918 0.559127
vn 0.829810 -0.000347 0.558046
vn 0.984808 0.000000 -0.173648
vn 0.984808 0.000000 -0.173648
vn 0.984808 0.000000 -0.173648
vn 0.830003 -0.000055 0.557759
vn 0.984808 0.000000 -0.173648
vn 0.984808 0.000000 -0.173648
vn 0.984808 0.000000 -0.173648
vn 0.984808 0.000000 -0.173648
vn 0.984808 0.000000 -0.173648
vn 0.984808 0.000000 -0.173648
vn 0.984808 0.000000 -0.173648
vn 0.984808 0.000000 -0.173648
vn 0.984808 0.000000 -0.173648
vn 0.984808 0.000000 -0.173648
vn 0.984808 0.000000 -0.173648
vn 0.984808 0.000000 -0.173648
vn 0.984808 0.000000 -0.173648
vn 0.984808 0.000000 -0.173648
vn 0.984808 0.000000 -0.173648
vn 0.984808 0.000000 -0.173648
vn 0.984808 0.000000 -0.173648
vn 0.984808 0.000000 -0.173648
vn 0.984808 0.000000 -0.173648
vn 0.984808 0.000000 -0.173648
vn 0.984808 0.000000 -0.173648
vn -0.711769 0.691172 0.125164
vn -0.168761 0.985179 0.030707
vn -0.168734 0.985212 0.029771
vn -0.711302 0.691561 0.125668
vn -0.000065 0.999998 -0.002134
vn 0.000004 1.000000 -0.000063
vn 0.000424 0.999998 0.002074
vn -0.168766 0.985235 0.028815
vn -0.711673 0.691191 0.125606
vn -0.342061 0.100813 -0.934254
vn -0.190436 0.103813 -0.976195
vn -0.222853 0.103410 -0.969352
vn -0.563688 0.093115 -0.820723
vn -0.172709 0.103829 -0.979485
vn -0.172703 0.103830 -0.979486
vn -0.172709 0.103832 -0.979485
vn -0.254730 0.103185 -0.961491
vn -0.684850 0.085598 -0.723640
vn -0.748650 -0.649676 0.132076
vn -0.199416 -0.979283 0.035192
vn -0.199794 -0.979205 0.035218
vn -0.748819 -0.649487 0.132046
vn -0.000185 -1.000000 -0.000041
vn 0.000065 -1.000000 -0.000019
vn -0.000107 -1.000000 0.000103
vn -0.199465 -0.979274 0.035151
vn -0.748700 -0.649648 0.131929
vn -0.351091 0.085025 0.932473
vn 0.101162 0.099398 0.989892
vn 0.129102 0.099313 0.986646
vn -0.204308 0.091262 0.974643
vn 0.172784 0.099659 0.979905
vn 0.172790 0.099657 0.979904
vn 0.172785 0.099656 0.979905
vn 0.157410 0.099397 0.982518
vn 0.022247 0.097038 0.995032
vn 0.000018 0.999999 0.001070
vn -0.000000 1.000000 0.000000
vn -0.000170 0.999998 -0.002115
vn -0.000004 1.000000 0.000054
vn 0.000320 0.999998 0.001977
vn -0.000182 0.999999 -0.001011
vn -0.172710 0.103830 -0.979485
vn -0.172710 0.103830 -0.979485
vn -0.172709 0.103829 -0.979485
vn -0.172715 0.103830 -0.979484
vn -0.172709 0.103832 -0.979485
vn -0.172710 0.103831 -0.979485
vn 0.000080 -1.000000 0.000031
vn -0.000001 -1.000000 0.000001
vn -0.000019 -1.000000 -0.000054
vn -0.000049 -1.000000 0.000015
vn 0.000050 -1.000000 0.000044
vn 0.000015 -1.000000 -0.000050
vn 0.172783 0.099658 0.979905
vn 0.172784 0.099657 0.979905
vn 0.172784 0.099658 0.979905
vn 0.172779 0.099657 0.979906
vn 0.172785 0.099656 0.979905
vn 0.172783 0.099657 0.979905
vn -0.103427 0.994448 0.019394
vn -0.103514 0.994463 0.018130
vn -0.205046 0.978141 0.034601
vn -0.205740 0.977952 0.035796
vn -0.204878 0.978043 0.038172
vn -0.103376 0.994493 0.017225
vn -0.692578 0.086908 -0.716088
vn -0.699358 0.085969 -0.709583
vn -0.977014 0.040558 -0.209283
vn -0.980696 0.038197 -0.191771
vn -0.983735 0.036612 -0.175855
vn -0.705125 0.085459 -0.703915
vn -0.090622 -0.995757 0.015999
vn -0.090550 -0.995764 0.015967
vn -0.180946 -0.982977 0.031859
vn -0.180164 -0.983126 0.031695
vn -0.181164 -0.982929 0.032098
vn -0.090805 -0.995740 0.016003
vn -0.421620 0.082420 0.903019
vn -0.414123 0.082606 0.906465
vn -0.864438 0.035671 0.501473
vn -0.856432 0.036540 0.514965
vn -0.846870 0.038235 0.530423
vn -0.405766 0.083088 0.910192
vn 0.603511 -0.000061 -0.797355
vn -0.080270 -0.116063 -0.989993
vn 0.984808 0.000000 -0.173648
vn 0.984808 0.000000 -0.173648
vn 0.984808 0.000000 -0.173648
vn 0.984808 0.000000 -0.173648
vn 0.984808 0.000000 -0.173648
vn 0.984808 0.000000 -0.173648
vn 0.984808 0.000000 -0.173648
vn 0.984808 0.000000 -0.173648
vn 0.984808 0.000000 -0.173648
vn 0.838933 -0.000916 0.544234
vn 0.262435 -0.116161 0.957932
vn 0.261467 -0.129806 0.956444
vn 0.251163 -0.130396 0.959122
vn -0.542637 -0.094188 0.834670
vn -0.984818 -0.000040 0.173591
vn -0.988068 0.002332 0.153998
vn -0.984800 -0.000154 0.173693
vn -0.987224 -0.070514 0.142885
vn -0.693554 -0.014037 -0.720268
vn -0.173572 0.028440 -0.984410
vn -0.977171 -0.128693 -0.169044
vn -0.859717 -0.472163 -0.194804
vn -0.648582 -0.423848 -0.632214
vn -0.154413 -0.456659 -0.876139
vn -0.173581 0.028402 -0.984410
vn -0.173577 0.028442 -0.984410
vn -0.154605 -0.455849 -0.876526
vn -0.154419 -0.456635 -0.876150
vn -0.266732 0.027839 -0.963369
vn -0.721179 -0.030532 -0.692075
vn -0.312730 -0.465341 -0.828045
vn -0.631670 -0.301117 -0.714368
vn -0.977075 -0.125163 0.172219
vn -0.977015 -0.125566 0.172265
vn -0.977038 -0.125271 0.172347
vn 0.158279 -0.412110 0.897281
vn 0.173541 0.035078 0.984202
vn 0.092108 0.034565 0.995149
vn 0.007486 -0.424127 0.905572
vn -0.399319 -0.021422 0.916562
vn -0.298836 -0.263718 0.917142
vn 0.158280 -0.412133 0.897270
vn 0.173546 0.035076 0.984201
vn 0.173539 0.035048 0.984203
vn 0.158238 -0.411274 0.897672
vn -0.741575 -0.469476 0.479227
vn -0.860393 -0.128831 0.493079
vn -0.403283 -0.008356 0.915037
vn -0.391499 -0.377253 0.839290
vn -0.981982 -0.000859 0.188972
vn -0.984813 0.000025 0.173618
vn -0.973677 -0.083136 0.212230
vn -0.797554 -0.092772 -0.596071
vn -0.096386 -0.129991 -0.986819
vn -0.984790 -0.000003 0.173751
vn -0.081802 -0.129752 -0.988166
vn 0.591226 -0.000826 -0.806506
vn -0.082646 -0.125787 -0.988609
vn 0.984808 0.000000 -0.173648
vn -0.080265 -0.140349 -0.986843
vn -0.089551 -0.140471 -0.986027
vn -0.796388 -0.099631 -0.596523
vn -0.984799 0.000088 0.173699
vn -0.980542 0.002022 0.196301
vn -0.984818 0.000143 0.173591
vn -0.974035 0.092259 0.206748
vn -0.360017 0.129426 0.923924
vn 0.172703 0.104003 0.979468
vn -0.829086 0.187924 0.526594
vn -0.682152 0.533960 0.499555
vn -0.301627 0.126631 0.944979
vn 0.171866 0.141999 0.974833
vn 0.172713 0.103932 0.979474
vn 0.172694 0.104006 0.979469
vn 0.171896 0.142311 0.974782
vn 0.171867 0.142001 0.974832
vn 0.167273 0.103691 0.980443
vn 0.114310 0.111929 0.987120
vn 0.160594 0.144927 0.976323
vn 0.134608 0.126064 0.982847
vn -0.973871 0.149659 0.170815
vn -0.973695 0.149675 0.171800
vn -0.973572 0.149812 0.172377
vn -0.171625 0.153082 -0.973196
vn -0.172628 0.108895 -0.978949
vn -0.179009 0.108535 -0.977842
vn -0.184559 0.156443 -0.970291
vn -0.239373 0.117929 -0.963739
vn -0.215618 0.134490 -0.967172
vn -0.171626 0.153079 -0.973197
vn -0.172620 0.108891 -0.978951
vn -0.172612 0.108815 -0.978961
vn -0.171576 0.153424 -0.973151
vn -0.811119 0.535273 -0.235729
vn -0.958983 0.189074 -0.211195
vn -0.654026 0.133656 -0.744571
vn -0.606900 0.136527 -0.782964
vn -0.987893 0.004885 0.155057
vn -0.984803 0.000098 0.173674
vn -0.985748 0.109657 0.127582
vn -0.542235 -0.101442 0.834081
vn 0.256108 -0.141158 0.956286
vn -0.984835 0.000196 0.173491
vn 0.262304 -0.140395 0.954718
vn 0.259515 -0.125542 0.957544
vn 0.830087 -0.000056 0.557634
vn 0.984808 0.000000 -0.173648
vn 0.984808 0.000000 -0.173648
vn 0.984808 0.000000 -0.173648
vn 0.984808 0.000000 -0.173648
vn 0.984808 0.000000 -0.173648
vn 0.984808 0.000000 -0.173648
vn 0.984808 0.000000 -0.173648
vn 0.984808 0.000000 -0.173648
vn 0.604689 -0.000330 -0.796462
vn -0.098855 -0.018909 -0.994922
vn 0.984808 0.000000 -0.173648
vn 0.984808 0.000000 -0.173648
vn 0.984808 0.000000 -0.173648
vn 0.984808 0.000000 -0.173648
vn 0.984808 0.000000 -0.173648
vn 0.984808 0.000000 -0.173648
vn 0.984808 0.000000 -0.173648
vn 0.984808 0.000000 -0.173648
vn 0.984808 0.000000 -0.173648
vn 0.839846 -0.000300 0.542824
vn 0.246598 -0.018901 0.968933
vn 0.243527 -0.021160 0.969663
vn 0.232561 -0.021244 0.972350
vn -0.553133 -0.015041 0.832957
vn -0.984830 0.000011 0.173523
vn -0.984808 -0.000000 0.173647
vn -0.984798 -0.000008 0.173702
vn -0.984799 0.000008 0.173699
vn -0.984798 -0.000007 0.173705
vn -0.984808 -0.000000 0.173648
vn -0.984818 -0.000003 0.173592
vn -0.984808 -0.000000 0.173650
vn -0.984817 0.000011 0.173595
vn -0.984817 -0.000002 0.173597
vn -0.806856 -0.014796 -0.590562
vn -0.118389 -0.021134 -0.992742
vn -0.984788 -0.000006 0.173758
vn -0.103167 -0.021159 -0.994439
vn 0.453666 -0.887575 -0.079989
vn 0.449144 -0.889934 -0.079292
vn 0.454296 -0.887266 -0.079845
vn 0.841808 -0.518967 -0.148432
vn 0.984808 0.000000 -0.173648
vn 0.984808 0.000000 -0.173648
vn 0.984808 0.000000 -0.173648
vn 0.984808 0.000000 -0.173648
vn 0.984808 0.000000 -0.173648
vn 0.984808 0.000000 -0.173648
vn 0.984808 0.000000 -0.173648
vn 0.984808 0.000000 -0.173648
vn 0.984808 0.000000 -0.173648
vn 0.984808 0.000000 -0.173648
vn 0.984808 0.000000 -0.173648
vn 0.984808 0.000000 -0.173648
vn 0.984808 0.000000 -0.173648
vn 0.984808 0.000000 -0.173648
vn 0.696115 0.707363 -0.122728
vn -0.000405 1.000000 0.000214
vn -0.002681 0.999996 0.000473
vn -0.000950 1.000000 0.000310
vn -0.004381 0.999990 0.000819
vn -0.707339 0.695785 0.124718
vn -0.031144 0.999500 0.005536
vn -0.984803 -0.000006 0.173674
vn -0.984813 0.000007 0.173619
vn -0.984807 -0.000000 0.173655
vn -0.949439 -0.265590 0.167415
vn -0.860832 -0.483487 0.158776
vn -0.142470 -0.946780 0.288634
vn 0.063680 -0.930282 0.361275
vn -0.169079 -0.981170 0.093373
vn 0.063821 -0.930026 0.361909
vn 0.063732 -0.930302 0.361216
vn -0.125526 -0.916925 0.378803
vn -0.640912 -0.597059 0.482445
vn -0.877655 0.031126 0.478282
vn -0.890520 -0.092278 0.445487
vn -0.679291 0.058806 0.731509
vn -0.811371 0.042324 0.582997
vn -0.467924 0.585255 0.662211
vn -0.633556 0.170549 0.754665
vn 0.111226 0.768752 0.629801
vn -0.019882 0.784812 0.619414
vn 0.111172 0.768795 0.629758
vn 0.111567 0.765828 0.633293
vn -0.192938 0.974624 0.113505
vn -0.227182 0.827749 0.513050
vn -0.984873 0.000016 0.173278
vn -0.956417 0.237444 0.169959
vn -0.889201 0.425766 0.167468
vn -0.515655 -0.851954 0.090960
vn -0.984807 0.000027 0.173654
vn -0.984813 -0.000015 0.173620
vn -0.965762 0.215827 0.143952
vn -0.885437 0.455544 0.092096
vn -0.384786 0.831633 -0.400408
vn -0.109810 0.774089 -0.623480
vn -0.219949 0.974680 -0.040268
vn -0.110630 0.771237 -0.626861
vn -0.109775 0.774046 -0.623540
vn -0.229894 0.789532 -0.569023
vn -0.667104 0.587785 -0.457691
vn -0.856608 0.172789 -0.486176
vn -0.897881 0.059384 -0.436215
vn -0.971514 0.040473 -0.233499
vn -0.993144 0.028835 -0.113283
vn -0.992131 -0.095511 -0.080955
vn -0.770059 -0.605949 -0.199588
vn -0.057024 -0.944458 -0.323648
vn -0.243726 -0.929258 -0.277627
vn -0.057093 -0.944441 -0.323686
vn -0.057182 -0.944218 -0.324319
vn -0.190513 -0.981278 -0.028246
vn -0.215402 -0.956001 -0.199159
vn -0.957014 -0.249798 0.147392
vn -0.854035 -0.511165 0.096612
vn -0.984807 0.000011 0.173653
vn -0.984809 -0.000002 0.173643
vn -0.984802 -0.000004 0.173684
vn -0.707340 0.695785 0.124710
vn -0.031142 0.999500 0.005540
vn -0.002680 0.999996 0.000473
vn -0.000967 1.000000 0.000204
vn -0.004379 0.999990 0.000820
vn 0.696110 0.707361 -0.122764
vn -0.000428 1.000000 0.000087
vn 0.984808 0.000000 -0.173648
vn 0.984808 0.000000 -0.173648
vn 0.984808 0.000000 -0.173648
vn 0.984808 0.000000 -0.173648
vn 0.984808 0.000000 -0.173648
vn 0.984808 0.000000 -0.173648
vn 0.984808 0.000000 -0.173648
vn 0.984808 0.000000 -0.173648
vn 0.984808 0.000000 -0.173648
vn 0.984808 0.000000 -0.173648
vn 0.984808 0.000000 -0.173648
vn 0.984808 0.000000 -0.173648
vn 0.984808 0.000000 -0.173648
vn 0.841809 -0.518966 -0.148433
vn 0.454300 -0.887264 -0.079836
vn 0.984808 0.000000 -0.173648
vn 0.453664 -0.887575 -0.079998
vn 0.449141 -0.889934 -0.079303
vn -0.984813 0.000050 0.173618
vn -0.515623 -0.851982 0.090889
vn 0.588444 -0.000922 -0.808537
vn -0.084042 -0.125430 -0.988536
vn 0.984808 0.000000 -0.173648
vn -0.080622 -0.140058 -0.986856
vn -0.088698 -0.140073 -0.986160
vn -0.795618 -0.099561 -0.597562
vn -0.984774 0.000006 0.173837
vn -0.984795 -0.000012 0.173718
vn -0.984824 0.000013 0.173556
vn -0.984807 0.000001 0.173650
vn -0.984811 -0.000013 0.173628
vn -0.984822 -0.000017 0.173567
vn -0.984797 0.000024 0.173710
vn -0.984820 -0.000001 0.173581
vn -0.984766 -0.000026 0.173883
vn -0.984769 -0.000014 0.173865
vn -0.984814 -0.000004 0.173614
vn -0.984806 -0.000015 0.173659
vn -0.984846 -0.000024 0.173432
vn -0.984808 0.000004 0.173645
vn -0.984803 -0.000014 0.173677
vn -0.984808 -0.000030 0.173648
vn -0.984792 0.000023 0.173740
vn -0.984846 -0.000018 0.173431
vn -0.984810 -0.000021 0.173637
vn -0.984808 -0.000002 0.173644
vn -0.984792 -0.000020 0.173735
vn -0.984806 -0.000022 0.173659
vn -0.984808 0.000000 0.173648
vn -0.541776 -0.101105 0.834420
vn 0.256819 -0.140704 0.956162
vn -0.984844 0.000040 0.173440
vn 0.261975 -0.140064 0.954857
vn 0.258348 -0.125440 0.957873
vn 0.827697 -0.000894 0.561174
vn 0.984808 0.000000 -0.173648
vn 0.984808 0.000000 -0.173648
vn 0.984808 0.000000 -0.173648
vn 0.984808 0.000000 -0.173648
vn 0.984808 0.000000 -0.173648
vn 0.984808 0.000000 -0.173648
vn 0.984808 0.000000 -0.173648
vn 0.984808 0.000000 -0.173648
vn 0.984808 0.000000 -0.173648
vn 0.984808 0.000000 -0.173648
f 1/1/1 2/2/2 3/3/3
f 1/1/1 3/3/3 4/4/4
f 2/2/2 5/5/5 6/6/6
f 2/2/2 6/6/6 3/3/3
f 3/3/3 6/6/6 7/7/7
f 3/3/3 7/7/7 8/8/8
f 4/4/4 3/3/3 8/8/8
f 4/4/4 8/8/8 9/9/9
f 10/10/10 11/11/11 12/12/12
f 10/10/10 12/12/12 13/13/13
f 11/11/11 1/1/1 4/4/4
f 11/11/11 4/4/4 12/12/12
f 12/12/12 4/4/4 9/9/9
f 12/12/12 9/9/9 14/14/14
f 13/13/13 12/12/12 14/14/14
f 13/13/13 14/14/14 15/15/15
f 16/16/16 17/17/17 18/18/18
f 16/16/16 18/18/18 19/19/19
f 17/17/17 20/20/20 21/21/21
f 17/17/17 21/21/21 18/18/18
f 18/18/18 21/21/21 10/10/10
f 18/18/18 10/10/10 13/13/13
f 19/19/19 18/18/18 13/13/13
f 19/19/19 13/13/13 15/15/15
f 22/22/22 23/23/23 24/24/24
f 22/22/22 24/24/24 25/25/25
f 23/23/23 26/26/26 27/27/27
f 23/23/23 27/27/27 24/24/24
f 24/24/24 27/27/27 28/28/28
f 24/24/24 28/28/28 29/29/29
f 25/25/25 24/24/24 29/29/29
f 25/25/25 29/29/29 30/30/30
f 7/7/7 31/31/31 32/32/32
f 7/7/7 32/32/32 8/8/8
f 31/31/31 16/16/16 19/19/19
f 31/31/31 19/19/19 32/32/32
f 32/32/32 19/19/19 15/15/15
f 32/32/32 15/15/15 14/14/14
f 8/8/8 32/32/32 14/14/14
f 8/8/8 14/14/14 9/9/9
f 33/33/33 34/34/34 35/35/35
f 33/33/33 35/35/35 36/36/36
f 34/34/34 37/37/37 38/38/38
f 34/34/34 38/38/38 35/35/35
f 35/35/35 38/38/38 39/39/39
f 35/35/35 39/39/39 40/40/40
f 36/36/36 35/35/35 40/40/40
f 36/36/36 40/40/40 41/41/41
f 42/42/42 43/43/43 44/44/44
f 42/42/42 44/44/44 45/45/45
f 43/43/43 46/46/46 47/47/47
f 43/43/43 47/47/47 44/44/44
f 44/44/44 47/47/47 26/26/26
f 44/44/44 26/26/26 23/23/23
f 45/45/45 44/44/44 23/23/23
f 45/45/45 23/23/23 22/22/22
f 20/20/20 48/48/48 49/49/49
f 20/20/20 49/49/49 21/21/21
f 48/48/48 50/50/50 51/51/51
f 48/48/48 51/51/51 49/49/49
f 49/49/49 51/51/51 52/52/52
f 49/49/49 52/52/52 53/53/53
f 21/21/21 49/49/49 53/53/53
f 21/21/21 53/53/53 10/10/10
f 52/52/52 54/54/54 55/55/55
f 52/52/52 55/55/55 53/53/53
f 54/54/54 56/56/56 57/57/57
f 54/54/54 57/57/57 55/55/55
f 55/55/55 57/57/57 1/1/1
f 55/55/55 1/1/1 11/11/11
f 53/53/53 55/55/55 11/11/11
f 53/53/53 11/11/11 10/10/10
f 56/56/56 58/58/58 59/59/59
f 56/56/56 59/59/59 57/57/57
f 58/58/58 60/60/60 61/61/61
f 58/58/58 61/61/61 59/59/59
f 59/59/59 61/61/61 5/5/5
f 59/59/59 5/5/5 2/2/2
f 57/57/57 59/59/59 2/2/2
f 57/57/57 2/2/2 1/1/1
f 62/62/62 63/63/63 64/64/64
f 62/62/62 64/64/64 65/65/65
f 63/63/63 66/66/66 67/67/67
f 63/63/63 67/67/67 64/64/64
f 64/64/64 67/67/67 68/68/68
f 64/64/64 68/68/68 69/69/69
f 65/65/65 64/64/64 69/69/69
f 65/65/65 69/69/69 70/70/70
f 41/41/41 71/71/71 72/72/72
f 41/41/41 72/72/72 36/36/36
f 71/71/71 73/73/73 74/74/74
f 71/71/71 74/74/74 72/72/72
f 72/72/72 74/74/74 75/75/75
f 72/72/72 75/75/75 76/76/76
f 36/36/36 72/72/72 76/76/76
f 36/36/36 76/76/76 33/33/33
f 39/39/39 77/77/77 78/78/78
f 39/39/39 78/78/78 40/40/40
f 77/77/77 79/79/79 80/80/80
f 77/77/77 80/80/80 78/78/78
f 78/78/78 80/80/80 73/73/73
f 78/78/78 73/73/73 71/71/71
f 40/40/40 78/78/78 71/71/71
f 40/40/40 71/71/71 41/41/41
f 37/37/37 81/81/81 82/82/82
f 37/37/37 82/82/82 38/38/38
f 81/81/81 83/83/83 84/84/84
f 81/81/81 84/84/84 82/82/82
f 82/82/82 84/84/84 79/79/79
f 82/82/82 79/79/79 77/77/77
f 38/38/38 82/82/82 77/77/77
f 38/38/38 77/77/77 39/39/39
f 85/85/85 86/86/86 87/87/87
f 85/85/85 87/87/87 88/88/88
f 86/86/86 89/89/89 90/90/90
f 86/86/86 90/90/90 87/87/87
f 87/87/87 90/90/90 91/91/91
f 87/87/87 91/91/91 92/92/92
f 88/88/88 87/87/87 92/92/92
f 88/88/88 92/92/92 93/93/93
f 94/94/94 95/95/95 96/96/96
f 94/94/94 96/96/96 97/97/97
f 95/95/95 98/98/98 99/99/99
f 95/95/95 99/99/99 96/96/96
f 96/96/96 99/99/99 100/100/100
f 96/96/96 100/100/100 101/101/101
f 97/97/97 96/96/96 101/101/101
f 97/97/97 101/101/101 102/102/102
f 103/103/103 104/104/104 105/105/105
f 103/103/103 105/105/105 106/106/106
f 104/104/104 94/94/94 97/97/97
f 104/104/104 97/97/97 105/105/105
f 105/105/105 97/97/97 102/102/102
f 105/105/105 102/102/102 107/107/107
f 106/106/106 105/105/105 107/107/107
f 106/106/106 107/107/107 108/108/108
f 108/108/108 109/109/109 110/110/110
f 108/108/108 110/110/110 106/106/106
f 109/109/109 111/111/111 112/112/112
f 109/109/109 112/112/112 110/110/110
f 110/110/110 112/112/112 113/113/113
f 110/110/110 113/113/113 114/114/114
f 106/106/106 110/110/110 114/114/114
f 106/106/106 114/114/114 103/103/103
f 111/111/111 115/115/115 116/116/116
f 111/111/111 116/116/116 112/112/112
f 115/115/115 117/117/117 118/118/118
f 115/115/115 118/118/118 116/116/116
f 116/116/116 118/118/118 119/119/119
f 116/116/116 119/119/119 120/120/120
f 112/112/112 116/116/116 120/120/120
f 112/112/112 120/120/120 113/113/113
f 121/121/121 122/122/122 123/123/123
f 121/121/121 123/123/123 124/124/124
f 122/122/122 125/125/125 126/126/126
f 122/122/122 126/126/126 123/123/123
f 123/123/123 126/126/126 127/127/127
f 123/123/123 127/127/127 128/128/128
f 124/124/124 123/123/123 128/128/128
f 124/124/124 128/128/128 129/129/129
f 130/130/130 131/131/131 132/132/132
f 130/130/130 132/132/132 133/133/133
f 131/131/131 134/134/134 135/135/135
f 131/131/131 135/135/135 132/132/132
f 132/132/132 135/135/135 136/136/136
f 132/132/132 136/136/136 137/137/137
f 133/133/133 132/132/132 137/137/137
f 133/133/133 137/137/137 138/138/138
f 138/138/138 139/139/139 140/140/140
f 138/138/138 140/140/140 133/133/133
f 139/139/139 85/85/85 88/88/88
f 139/139/139 88/88/88 140/140/140
f 140/140/140 88/88/88 93/93/93
f 140/140/140 93/93/93 141/141/141
f 133/133/133 140/140/140 141/141/141
f 133/133/133 141/141/141 130/130/130
f 142/142/142 143/143/143 144/144/144
f 142/142/142 144/144/144 145/145/145
f 143/143/143 146/146/146 147/147/147
f 143/143/143 147/147/147 144/144/144
f 144/144/144 147/147/147 148/148/148
f 144/144/144 148/148/148 149/149/149
f 145/145/145 144/144/144 149/149/149
f 145/145/145 149/149/149 150/150/150
f 151/151/151 152/152/152 153/153/153
f 151/151/151 153/153/153 154/154/154
f 152/152/152 155/155/155 156/156/156
f 152/152/152 156/156/156 153/153/153
f 153/153/153 156/156/156 157/157/157
f 153/153/153 157/157/157 158/158/158
f 154/154/154 153/153/153 158/158/158
f 154/154/154 158/158/158 159/159/159
f 160/160/160 161/161/161 162/162/162
f 160/160/160 162/162/162 163/163/163
f 161/161/161 151/151/151 154/154/154
f 161/161/161 154/154/154 162/162/162
f 162/162/162 154/154/154 159/159/159
f 162/162/162 159/159/159 164/164/164
f 163/163/163 162/162/162 164/164/164
f 163/163/163 164/164/164 165/165/165
f 165/165/165 166/166/166 167/167/167
f 165/165/165 167/167/167 163/163/163
f 166/166/166 168/168/168 169/169/169
f 166/166/166 169/169/169 167/167/167
f 167/167/167 169/169/169 170/170/170
f 167/167/167 170/170/170 171/171/171
f 163/163/163 167/167/167 171/171/171
f 163/163/163 171/171/171 160/160/160
f 172/172/172 173/173/173 174/174/174
f 172/172/172 174/174/174 175/175/175
f 173/173/173 176/176/176 177/177/177
f 173/173/173 177/177/177 174/174/174
f 174/174/174 177/177/177 170/170/170
f 174/174/174 170/170/170 169/169/169
f 175/175/175 174/174/174 169/169/169
f 175/175/175 169/169/169 168/168/168
f 178/178/178 179/179/179 180/180/180
f 178/178/178 180/180/180 181/181/181
f 179/179/179 182/182/182 183/183/183
f 179/179/179 183/183/183 180/180/180
f 180/180/180 183/183/183 184/184/184
f 180/180/180 184/184/184 185/185/185
f 181/181/181 180/180/180 185/185/185
f 181/181/181 185/185/185 186/186/186
f 187/187/187 188/188/188 189/189/189
f 187/187/187 189/189/189 190/190/190
f 188/188/188 191/191/191 192/192/192
f 188/188/188 192/192/192 189/189/189
f 189/189/189 192/192/192 193/193/193
f 189/189/189 193/193/193 194/194/194
f 190/190/190 189/189/189 194/194/194
f 190/190/190 194/194/194 195/195/195
f 195/195/195 196/196/196 197/197/197
f 195/195/195 197/197/197 190/190/190
f 196/196/196 142/142/142 145/145/145
f 196/196/196 145/145/145 197/197/197
f 197/197/197 145/145/145 150/150/150
f 197/197/197 150/150/150 198/198/198
f 190/190/190 197/197/197 198/198/198
f 190/190/190 198/198/198 187/187/187
f 199/199/199 200/200/200 201/201/201
f 199/199/199 201/201/201 202/202/202
f 200/200/200 203/203/203 204/204/204
f 200/200/200 204/204/204 201/201/201
f 201/201/201 204/204/204 205/205/205
f 201/201/201 205/205/205 206/206/206
f 202/202/202 201/201/201 206/206/206
f 202/202/202 206/206/206 207/207/207
f 208/208/208 209/209/209 210/210/210
f 208/208/208 210/210/210 211/211/211
f 209/209/209 199/199/199 202/202/202
f 209/209/209 202/202/202 210/210/210
f 210/210/210 202/202/202 207/207/207
f 210/210/210 207/207/207 212/212/212
f 211/211/211 210/210/210 212/212/212
f 211/211/211 212/212/212 213/213/213
f 213/213/213 214/214/214 215/215/215
f 213/213/213 215/215/215 211/211/211
f 214/214/214 216/216/216 217/217/217
f 214/214/214 217/217/217 215/215/215
f 215/215/215 217/217/217 218/218/218
f 215/215/215 218/218/218 219/219/219
f 211/211/211 215/215/215 219/219/219
f 211/211/211 219/219/219 208/208/208
f 220/220/220 221/221/221 222/222/222
f 220/220/220 222/222/222 223/223/223
f 221/221/221 224/224/224 225/225/225
f 221/221/221 225/225/225 222/222/222
f 222/222/222 225/225/225 226/226/226
f 222/222/222 226/226/226 227/227/227
f 223/223/223 222/222/222 227/227/227
f 223/223/223 227/227/227 228/228/228
f 229/229/229 230/230/230 231/231/231
f 229/229/229 231/231/231 232/232/232
f 230/230/230 233/233/233 234/234/234
f 230/230/230 234/234/234 231/231/231
f 231/231/231 234/234/234 235/235/235
f 231/231/231 235/235/235 236/236/236
f 232/232/232 231/231/231 236/236/236
f 232/232/232 236/236/236 237/237/237
f 238/238/238 239/239/239 240/240/240
f 238/238/238 240/240/240 241/241/241
f 239/239/239 229/229/229 232/232/232
f 239/239/239 232/232/232 240/240/240
f 240/240/240 232/232/232 237/237/237
f 240/240/240 237/237/237 242/242/242
f 241/241/241 240/240/240 242/242/242
f 241/241/241 242/242/242 243/243/243
f 243/243/243 244/244/244 245/245/245
f 243/243/243 245/245/245 241/241/241
f 244/244/244 246/246/246 247/247/247
f 244/244/244 247/247/247 245/245/245
f 245/245/245 247/247/247 248/248/248
f 245/245/245 248/248/248 249/249/249
f 241/241/241 245/245/245 249/249/249
f 241/241/241 249/249/249 238/238/238
f 246/246/246 250/250/250 251/251/251
f 246/246/246 251/251/251 247/247/247
f 250/250/250 252/252/252 253/253/253
f 250/250/250 253/253/253 251/251/251
f 251/251/251 253/253/253 254/254/254
f 251/251/251 254/254/254 255/255/255
f 247/247/247 251/251/251 255/255/255
f 247/247/247 255/255/255 248/248/248
f 256/256/256 257/257/257 258/258/258
f 256/256/256 258/258/258 259/259/259
f 257/257/257 75/75/75 74/74/74
f 257/257/257 74/74/74 258/258/258
f 258/258/258 74/74/74 73/73/73
f 258/258/258 73/73/73 260/260/260
f 259/259/259 258/258/258 260/260/260
f 259/259/259 260/260/260 261/261/261
f 73/73/73 80/80/80 262/262/262
f 73/73/73 262/262/262 260/260/260
f 80/80/80 79/79/79 263/263/263
f 80/80/80 263/263/263 262/262/262
f 262/262/262 263/263/263 264/264/264
f 262/262/262 264/264/264 265/265/265
f 260/260/260 262/262/262 265/265/265
f 260/260/260 265/265/265 261/261/261
f 79/79/79 84/84/84 266/266/266
f 79/79/79 266/266/266 263/263/263
f 84/84/84 83/83/83 267/267/267
f 84/84/84 267/267/267 266/266/266
f 266/266/266 267/267/267 268/268/268
f 266/266/266 268/268/268 269/269/269
f 263/263/263 266/266/266 269/269/269
f 263/263/263 269/269/269 264/264/264
f 203/203/203 270/270/270 271/271/271
f 203/203/203 271/271/271 204/204/204
f 270/270/270 272/272/272 273/273/273
f 270/270/270 273/273/273 271/271/271
f 271/271/271 273/273/273 274/274/274
f 271/271/271 274/274/274 275/275/275
f 204/204/204 271/271/271 275/275/275
f 204/204/204 275/275/275 205/205/205
f 89/89/89 276/276/276 277/277/277
f 89/89/89 277/277/277 90/90/90
f 276/276/276 278/278/278 279/279/279
f 276/276/276 279/279/279 277/277/277
f 277/277/277 279/279/279 280/280/280
f 277/277/277 280/280/280 281/281/281
f 90/90/90 277/277/277 281/281/281
f 90/90/90 281/281/281 91/91/91
f 282/282/282 283/283/283 284/284/284
f 282/282/282 284/284/284 285/285/285
f 283/283/283 286/286/286 287/287/287
f 283/283/283 287/287/287 284/284/284
f 284/284/284 287/287/287 148/148/148
f 284/284/284 148/148/148 147/147/147
f 285/285/285 284/284/284 147/147/147
f 285/285/285 147/147/147 146/146/146
f 68/68/68 67/67/67 288/288/288
f 68/68/68 288/288/288 289/289/289
f 67/67/67 66/66/66 290/290/290
f 67/67/67 290/290/290 288/288/288
f 288/288/288 290/290/290 291/291/291
f 288/288/288 291/291/291 292/292/292
f 289/289/289 288/288/288 292/292/292
f 289/289/289 292/292/292 293/293/293
f 294/294/294 295/295/295 296/296/296
f 294/294/294 296/296/296 297/297/297
f 295/295/295 298/298/298 299/299/299
f 295/295/295 299/299/299 296/296/296
f 296/296/296 299/299/299 300/300/300
f 296/296/296 300/300/300 301/301/301
f 297/297/297 296/296/296 301/301/301
f 297/297/297 301/301/301 302/302/302
f 303/303/303 304/304/304 305/305/305
f 303/303/303 305/305/305 306/306/306
f 304/304/304 307/307/307 308/308/308
f 304/304/304 308/308/308 305/305/305
f 305/305/305 308/308/308 309/309/309
f 305/305/305 309/309/309 310/310/310
f 306/306/306 305/305/305 310/310/310
f 306/306/306 310/310/310 311/311/311
f 312/312/312 313/313/313 314/314/314
f 312/312/312 314/314/314 315/315/315
f 313/313/313 316/316/316 317/317/317
f 313/313/313 317/317/317 314/314/314
f 314/314/314 317/317/317 318/318/318
f 314/314/314 318/318/318 319/319/319
f 315/315/315 314/314/314 319/319/319
f 315/315/315 319/319/319 320/320/320
f 321/321/321 322/322/322 323/323/323
f 321/321/321 323/323/323 324/324/324
f 322/322/322 325/325/325 326/326/326
f 322/322/322 326/326/326 323/323/323
f 323/323/323 326/326/326 327/327/327
f 323/323/323 327/327/327 328/328/328
f 324/324/324 323/323/323 328/328/328
f 324/324/324 328/328/328 329/329/329
f 329/329/329 330/330/330 331/331/331
f 329/329/329 331/331/331 324/324/324
f 330/330/330 332/332/332 333/333/333
f 330/330/330 333/333/333 331/331/331
f 331/331/331 333/333/333 334/334/334
f 331/331/331 334/334/334 335/335/335
f 324/324/324 331/331/331 335/335/335
f 324/324/324 335/335/335 321/321/321
f 332/332/332 336/336/336 337/337/337
f 332/332/332 337/337/337 333/333/333
f 336/336/336 338/338/338 339/339/339
f 336/336/336 339/339/339 337/337/337
f 337/337/337 339/339/339 340/340/340
f 337/337/337 340/340/340 341/341/341
f 333/333/333 337/337/337 341/341/341
f 333/333/333 341/341/341 334/334/334
f 342/342/342 343/343/343 344/344/344
f 342/342/342 344/344/344 345/345/345
f 343/343/343 346/346/346 347/347/347
f 343/343/343 347/347/347 344/344/344
f 344/344/344 347/347/347 348/348/348
f 344/344/344 348/348/348 349/349/349
f 345/345/345 344/344/344 349/349/349
f 345/345/345 349/349/349 350/350/350
f 351/351/351 352/352/352 353/353/353
f 351/351/351 353/353/353 354/354/354
f 352/352/352 355/355/355 356/356/356
f 352/352/352 356/356/356 353/353/353
f 353/353/353 356/356/356 357/357/357
f 353/353/353 357/357/357 358/358/358
f 354/354/354 353/353/353 358/358/358
f 354/354/354 358/358/358 359/359/359
f 360/360/360 361/361/361 362/362/362
f 360/360/360 362/362/362 363/363/363
f 361/361/361 364/364/364 365/365/365
f 361/361/361 365/365/365 362/362/362
f 362/362/362 365/365/365 366/366/366
f 362/362/362 366/366/366 367/367/367
f 363/363/363 362/362/362 367/367/367
f 363/363/363 367/367/367 368/368/368
f 369/369/369 370/370/370 371/371/371
f 369/369/369 371/371/371 372/372/372
f 370/370/370 373/373/373 374/374/374
f 370/370/370 374/374/374 371/371/371
f 371/371/371 374/374/374 375/375/375
f 371/371/371 375/375/375 376/376/376
f 372/372/372 371/371/371 376/376/376
f 372/372/372 376/376/376 377/377/377
f 378/378/378 379/379/379 380/380/380
f 378/378/378 380/380/380 381/381/381
f 379/379/379 382/382/382 383/383/383
f 379/379/379 383/383/383 380/380/380
f 380/380/380 383/383/383 384/384/384
f 380/380/380 384/384/384 385/385/385
f 381/381/381 380/380/380 385/385/385
f 381/381/381 385/385/385 386/386/386
f 387/387/387 388/388/388 389/389/389
f 387/387/387 389/389/389 390/390/390
f 388/388/388 391/391/391 392/392/392
f 388/388/388 392/392/392 389/389/389
f 389/389/389 392/392/392 393/393/393
f 389/389/389 393/393/393 394/394/394
f 390/390/390 389/389/389 394/394/394
f 390/390/390 394/394/394 395/395/395
f 396/396/396 397/397/397 398/398/398
f 396/396/396 398/398/398 399/399/399
f 397/397/397 400/400/400 401/401/401
f 397/397/397 401/401/401 398/398/398
f 398/398/398 401/401/401 402/402/402
f 398/398/398 402/402/402 403/403/403
f 399/399/399 398/398/398 403/403/403
f 399/399/399 403/403/403 404/404/404
f 405/405/405 406/406/406 407/407/407
f 405/405/405 407/407/407 408/408/408
f 406/406/406 409/409/409 410/410/410
f 406/406/406 410/410/410 407/407/407
f 407/407/407 410/410/410 411/411/411
f 407/407/407 411/411/411 412/412/412
f 408/408/408 407/407/407 412/412/412
f 408/408/408 412/412/412 413/413/413
f 414/414/414 415/415/415 416/416/416
f 414/414/414 416/416/416 417/417/417
f 415/415/415 405/405/405 408/408/408
f 415/415/415 408/408/408 416/416/416
f 416/416/416 408/408/408 413/413/413
f 416/416/416 413/413/413 418/418/418
f 417/417/417 416/416/416 418/418/418
f 417/417/417 418/418/418 419/419/419
f 419/419/419 420/420/420 421/421/421
f 419/419/419 421/421/421 417/417/417
f 420/420/420 422/422/422 423/423/423
f 420/420/420 423/423/423 421/421/421
f 421/421/421 423/423/423 424/424/424
f 421/421/421 424/424/424 425/425/425
f 417/417/417 421/421/421 425/425/425
f 417/417/417 425/425/425 414/414/414
f 426/426/426 427/427/427 428/428/428
f 426/426/426 428/428/428 429/429/429
f 427/427/427 430/430/430 431/431/431
f 427/427/427 431/431/431 428/428/428
f 428/428/428 431/431/431 432/432/432
f 428/428/428 432/432/432 433/433/433
f 429/429/429 428/428/428 433/433/433
f 429/429/429 433/433/433 434/434/434
f 435/435/435 436/436/436 437/437/437
f 435/435/435 437/437/437 438/438/438
f 436/436/436 439/439/439 440/440/440
f 436/436/436 440/440/440 437/437/437
f 437/437/437 440/440/440 441/441/441
f 437/437/437 441/441/441 442/442/442
f 438/438/438 437/437/437 442/442/442
f 438/438/438 442/442/442 443/443/443
f 444/444/444 445/445/445 446/446/446
f 444/444/444 446/446/446 447/447/447
f 445/445/445 448/448/448 449/449/449
f 445/445/445 449/449/449 446/446/446
f 446/446/446 449/449/449 450/450/450
f 446/446/446 450/450/450 451/451/451
f 447/447/447 446/446/446 451/451/451
f 447/447/447 451/451/451 452/452/452
f 453/453/453 454/454/454 455/455/455
f 453/453/453 455/455/455 456/456/456
f 454/454/454 457/457/457 458/458/458
f 454/454/454 458/458/458 455/455/455
f 455/455/455 458/458/458 459/459/459
f 455/455/455 459/459/459 460/460/460
f 456/456/456 455/455/455 460/460/460
f 456/456/456 460/460/460 461/461/461
f 462/462/462 463/463/463 464/464/464
f 462/462/462 464/464/464 465/465/465
f 463/463/463 453/453/453 456/456/456
f 463/463/463 456/456/456 464/464/464
f 464/464/464 456/456/456 461/461/461
f 464/464/464 461/461/461 466/466/466
f 465/465/465 464/464/464 466/466/466
f 465/465/465 466/466/466 467/467/467
f 467/467/467 468/468/468 469/469/469
f 467/467/467 469/469/469 465/465/465
f 468/468/468 470/470/470 471/471/471
f 468/468/468 471/471/471 469/469/469
f 469/469/469 471/471/471 472/472/472
f 469/469/469 472/472/472 473/473/473
f 465/465/465 469/469/469 473/473/473
f 465/465/465 473/473/473 462/462/462
f 470/470/470 474/474/474 475/475/475
f 470/470/470 475/475/475 471/471/471
f 474/474/474 476/476/476 477/477/477
f 474/474/474 477/477/477 475/475/475
f 475/475/475 477/477/477 478/478/478
f 475/475/475 478/478/478 479/479/479
f 471/471/471 475/475/475 479/479/479
f 471/471/471 479/479/479 472/472/472
f 480/480/480 481/481/481 482/482/482
f 480/480/480 482/482/482 483/483/483
f 481/481/481 484/484/484 485/485/485
f 481/481/481 485/485/485 482/482/482
f 482/482/482 485/485/485 486/486/486
f 482/482/482 486/486/486 487/487/487
f 483/483/483 482/482/482 487/487/487
f 483/483/483 487/487/487 488/488/488
f 409/409/409 489/489/489 490/490/490
f 409/409/409 490/490/490 410/410/410
f 489/489/489 491/491/491 492/492/492
f 489/489/489 492/492/492 490/490/490
f 490/490/490 492/492/492 493/493/493
f 490/490/490 493/493/493 494/494/494
f 410/410/410 490/490/490 494/494/494
f 410/410/410 494/494/494 411/411/411
f 495/495/495 496/496/496 497/497/497
f 495/495/495 497/497/497 498/498/498
f 496/496/496 499/499/499 500/500/500
f 496/496/496 500/500/500 497/497/497
f 497/497/497 500/500/500 501/501/501
f 497/497/497 501/501/501 502/502/502
f 498/498/498 497/497/497 502/502/502
f 498/498/498 502/502/502 503/503/503
f 504/504/504 505/505/505 506/506/506
f 504/504/504 506/506/506 507/507/507
f 505/505/505 508/508/508 509/509/509
f 505/505/505 509/509/509 506/506/506
f 506/506/506 509/509/509 510/510/510
f 506/506/506 510/510/510 511/511/511
f 507/507/507 506/506/506 511/511/511
f 507/507/507 511/511/511 512/512/512
f 513/513/513 514/514/514 515/515/515
f 513/513/513 515/515/515 516/516/516
f 514/514/514 517/517/517 518/518/518
f 514/514/514 518/518/518 515/515/515
f 515/515/515 518/518/518 519/519/519
f 515/515/515 519/519/519 520/520/520
f 516/516/516 515/515/515 520/520/520
f 516/516/516 520/520/520 521/521/521
f 522/522/522 523/523/523 524/524/524
f 522/522/522 524/524/524 525/525/525
f 523/523/523 526/526/526 527/527/527
f 523/523/523 527/527/527 524/524/524
f 524/524/524 527/527/527 528/528/528
f 524/524/524 528/528/528 529/529/529
f 525/525/525 524/524/524 529/529/529
f 525/525/525 529/529/529 530/530/530
f 499/499/499 531/531/531 532/532/532
f 499/499/499 532/532/532 500/500/500
f 531/531/531 533/533/533 534/534/534
f 531/531/531 534/534/534 532/532/532
f 532/532/532 534/534/534 535/535/535
f 532/532/532 535/535/535 536/536/536
f 500/500/500 532/532/532 536/536/536
f 500/500/500 536/536/536 501/501/501
f 508/508/508 537/537/537 538/538/538
f 508/508/508 538/538/538 509/509/509
f 537/537/537 539/539/539 540/540/540
f 537/537/537 540/540/540 538/538/538
f 538/538/538 540/540/540 541/541/541
f 538/538/538 541/541/541 542/542/542
f 509/509/509 538/538/538 542/542/542
f 509/509/509 542/542/542 510/510/510
f 517/517/517 543/543/543 544/544/544
f 517/517/517 544/544/544 518/518/518
f 543/543/543 545/545/545 546/546/546
f 543/543/543 546/546/546 544/544/544
f 544/544/544 546/546/546 547/547/547
f 544/544/544 547/547/547 548/548/548
f 518/518/518 544/544/544 548/548/548
f 518/518/518 548/548/548 519/519/519
f 526/526/526 549/549/549 550/550/550
f 526/526/526 550/550/550 527/527/527
f 549/549/549 551/551/551 552/552/552
f 549/549/549 552/552/552 550/550/550
f 550/550/550 552/552/552 553/553/553
f 550/550/550 553/553/553 554/554/554
f 527/527/527 550/550/550 554/554/554
f 527/527/527 554/554/554 528/528/528
f 533/533/533 555/555/555 556/556/556
f 533/533/533 556/556/556 534/534/534
f 555/555/555 557/557/557 558/558/558
f 555/555/555 558/558/558 556/556/556
f 556/556/556 558/558/558 559/559/559
f 556/556/556 559/559/559 560/560/560
f 534/534/534 556/556/556 560/560/560
f 534/534/534 560/560/560 535/535/535
f 539/539/539 561/561/561 562/562/562
f 539/539/539 562/562/562 540/540/540
f 561/561/561 563/563/563 564/564/564
f 561/561/561 564/564/564 562/562/562
f 562/562/562 564/564/564 565/565/565
f 562/562/562 565/565/565 566/566/566
f 540/540/540 562/562/562 566/566/566
f 540/540/540 566/566/566 541/541/541
f 545/545/545 567/567/567 568/568/568
f 545/545/545 568/568/568 546/546/546
f 567/567/567 569/569/569 570/570/570
f 567/567/567 570/570/570 568/568/568
f 568/568/568 570/570/570 571/571/571
f 568/568/568 571/571/571 572/572/572
f 546/546/546 568/568/568 572/572/572
f 546/546/546 572/572/572 547/547/547
f 551/551/551 573/573/573 574/574/574
f 551/551/551 574/574/574 552/552/552
f 573/573/573 575/575/575 576/576/576
f 573/573/573 576/576/576 574/574/574
f 574/574/574 576/576/576 577/577/577
f 574/574/574 577/577/577 578/578/578
f 552/552/552 574/574/574 578/578/578
f 552/552/552 578/578/578 553/553/553
f 93/93/93 92/92/92 579/579/579
f 93/93/93 579/579/579 580/580/580
f 92/92/92 91/91/91 581/581/581
f 92/92/92 581/581/581 579/579/579
f 579/579/579 581/581/581 203/203/203
f 579/579/579 203/203/203 200/200/200
f 580/580/580 579/579/579 200/200/200
f 580/580/580 200/200/200 199/199/199
f 280/280/280 582/582/582 583/583/583
f 280/280/280 583/583/583 281/281/281
f 582/582/582 272/272/272 270/270/270
f 582/582/582 270/270/270 583/583/583
f 583/583/583 270/270/270 203/203/203
f 583/583/583 203/203/203 581/581/581
f 281/281/281 583/583/583 581/581/581
f 281/281/281 581/581/581 91/91/91
f 359/359/359 584/584/584 585/585/585
f 359/359/359 585/585/585 354/354/354
f 584/584/584 348/348/348 347/347/347
f 584/584/584 347/347/347 585/585/585
f 585/585/585 347/347/347 346/346/346
f 585/585/585 346/346/346 586/586/586
f 354/354/354 585/585/585 586/586/586
f 354/354/354 586/586/586 351/351/351
f 248/248/248 255/255/255 587/587/587
f 248/248/248 587/587/587 588/588/588
f 255/255/255 254/254/254 589/589/589
f 255/255/255 589/589/589 587/587/587
f 587/587/587 589/589/589 98/98/98
f 587/587/587 98/98/98 95/95/95
f 588/588/588 587/587/587 95/95/95
f 588/588/588 95/95/95 94/94/94
f 238/238/238 249/249/249 590/590/590
f 238/238/238 590/590/590 591/591/591
f 249/249/249 248/248/248 588/588/588
f 249/249/249 588/588/588 590/590/590
f 590/590/590 588/588/588 94/94/94
f 590/590/590 94/94/94 104/104/104
f 591/591/591 590/590/590 104/104/104
f 591/591/591 104/104/104 103/103/103
f 103/103/103 114/114/114 592/592/592
f 103/103/103 592/592/592 591/591/591
f 114/114/114 113/113/113 593/593/593
f 114/114/114 593/593/593 592/592/592
f 592/592/592 593/593/593 229/229/229
f 592/592/592 229/229/229 239/239/239
f 591/591/591 592/592/592 239/239/239
f 591/591/591 239/239/239 238/238/238
f 113/113/113 120/120/120 594/594/594
f 113/113/113 594/594/594 593/593/593
f 120/120/120 119/119/119 595/595/595
f 120/120/120 595/595/595 594/594/594
f 594/594/594 595/595/595 233/233/233
f 594/594/594 233/233/233 230/230/230
f 593/593/593 594/594/594 230/230/230
f 593/593/593 230/230/230 229/229/229
f 129/129/129 128/128/128 596/596/596
f 129/129/129 596/596/596 597/597/597
f 128/128/128 127/127/127 598/598/598
f 128/128/128 598/598/598 596/596/596
f 596/596/596 598/598/598 224/224/224
f 596/596/596 224/224/224 221/221/221
f 597/597/597 596/596/596 221/221/221
f 597/597/597 221/221/221 220/220/220
f 541/541/541 566/566/566 599/599/599
f 541/541/541 599/599/599 600/600/600
f 566/566/566 565/565/565 601/601/601
f 566/566/566 601/601/601 599/599/599
f 599/599/599 601/601/601 602/602/602
f 599/599/599 602/602/602 603/603/603
f 600/600/600 599/599/599 603/603/603
f 600/600/600 603/603/603 604/604/604
f 510/510/510 542/542/542 605/605/605
f 510/510/510 605/605/605 606/606/606
f 542/542/542 541/541/541 600/600/600
f 542/542/542 600/600/600 605/605/605
f 605/605/605 600/600/600 604/604/604
f 605/605/605 604/604/604 607/607/607
f 606/606/606 605/605/605 607/607/607
f 606/606/606 607/607/607 608/608/608
f 512/512/512 511/511/511 609/609/609
f 512/512/512 609/609/609 610/610/610
f 511/511/511 510/510/510 606/606/606
f 511/511/511 606/606/606 609/609/609
f 609/609/609 606/606/606 608/608/608
f 609/609/609 608/608/608 611/611/611
f 610/610/610 609/609/609 611/611/611
f 610/610/610 611/611/611 612/612/612
f 521/521/521 613/613/613 614/614/614
f 521/521/521 614/614/614 516/516/516
f 613/613/613 396/396/396 399/399/399
f 613/613/613 399/399/399 614/614/614
f 614/614/614 399/399/399 404/404/404
f 614/614/614 404/404/404 615/615/615
f 516/516/516 614/614/614 615/615/615
f 516/516/516 615/615/615 513/513/513
f 616/616/616 617/617/617 618/618/618
f 616/616/616 618/618/618 619/619/619
f 617/617/617 526/526/526 523/523/523
f 617/617/617 523/523/523 618/618/618
f 618/618/618 523/523/523 522/522/522
f 618/618/618 522/522/522 620/620/620
f 619/619/619 618/618/618 620/620/620
f 619/619/619 620/620/620 621/621/621
f 622/622/622 623/623/623 624/624/624
f 622/622/622 624/624/624 625/625/625
f 623/623/623 551/551/551 549/549/549
f 623/623/623 549/549/549 624/624/624
f 624/624/624 549/549/549 526/526/526
f 624/624/624 526/526/526 617/617/617
f 625/625/625 624/624/624 617/617/617
f 625/625/625 617/617/617 616/616/616
f 626/626/626 627/627/627 628/628/628
f 626/626/626 628/628/628 629/629/629
f 627/627/627 575/575/575 573/573/573
f 627/627/627 573/573/573 628/628/628
f 628/628/628 573/573/573 551/551/551
f 628/628/628 551/551/551 623/623/623
f 629/629/629 628/628/628 623/623/623
f 629/629/629 623/623/623 622/622/622
f 320/320/320 319/319/319 630/630/630
f 320/320/320 630/630/630 631/631/631
f 319/319/319 318/318/318 632/632/632
f 319/319/319 632/632/632 630/630/630
f 630/630/630 632/632/632 303/303/303
f 630/630/630 303/303/303 306/306/306
f 631/631/631 630/630/630 306/306/306
f 631/631/631 306/306/306 311/311/311
f 208/208/208 219/219/219 633/633/633
f 208/208/208 633/633/633 634/634/634
f 219/219/219 218/218/218 635/635/635
f 219/219/219 635/635/635 633/633/633
f 633/633/633 635/635/635 134/134/134
f 633/633/633 134/134/134 131/131/131
f 634/634/634 633/633/633 131/131/131
f 634/634/634 131/131/131 130/130/130
f 130/130/130 141/141/141 636/636/636
f 130/130/130 636/636/636 634/634/634
f 141/141/141 93/93/93 580/580/580
f 141/141/141 580/580/580 636/636/636
f 636/636/636 580/580/580 199/199/199
f 636/636/636 199/199/199 209/209/209
f 634/634/634 636/636/636 209/209/209
f 634/634/634 209/209/209 208/208/208
f 207/207/207 206/206/206 637/637/637
f 207/207/207 637/637/637 638/638/638
f 206/206/206 205/205/205 639/639/639
f 206/206/206 639/639/639 637/637/637
f 637/637/637 639/639/639 409/409/409
f 637/637/637 409/409/409 406/406/406
f 638/638/638 637/637/637 406/406/406
f 638/638/638 406/406/406 405/405/405
f 213/213/213 212/212/212 640/640/640
f 213/213/213 640/640/640 641/641/641
f 212/212/212 207/207/207 638/638/638
f 212/212/212 638/638/638 640/640/640
f 640/640/640 638/638/638 405/405/405
f 640/640/640 405/405/405 415/415/415
f 641/641/641 640/640/640 415/415/415
f 641/641/641 415/415/415 414/414/414
f 414/414/414 425/425/425 642/642/642
f 414/414/414 642/642/642 641/641/641
f 425/425/425 424/424/424 643/643/643
f 425/425/425 643/643/643 642/642/642
f 642/642/642 643/643/643 216/216/216
f 642/642/642 216/216/216 214/214/214
f 641/641/641 642/642/642 214/214/214
f 641/641/641 214/214/214 213/213/213
f 434/434/434 433/433/433 644/644/644
f 434/434/434 644/644/644 645/645/645
f 433/433/433 432/432/432 646/646/646
f 433/433/433 646/646/646 644/644/644
f 644/644/644 646/646/646 316/316/316
f 644/644/644 316/316/316 313/313/313
f 645/645/645 644/644/644 313/313/313
f 645/645/645 313/313/313 312/312/312
f 553/553/553 578/578/578 647/647/647
f 553/553/553 647/647/647 648/648/648
f 578/578/578 577/577/577 649/649/649
f 578/578/578 649/649/649 647/647/647
f 647/647/647 649/649/649 650/650/650
f 647/647/647 650/650/650 651/651/651
f 648/648/648 647/647/647 651/651/651
f 648/648/648 651/651/651 652/652/652
f 528/528/528 554/554/554 653/653/653
f 528/528/528 653/653/653 654/654/654
f 554/554/554 553/553/553 648/648/648
f 554/554/554 648/648/648 653/653/653
f 653/653/653 648/648/648 652/652/652
f 653/653/653 652/652/652 655/655/655
f 654/654/654 653/653/653 655/655/655
f 654/654/654 655/655/655 656/656/656
f 530/530/530 529/529/529 657/657/657
f 530/530/530 657/657/657 658/658/658
f 529/529/529 528/528/528 654/654/654
f 529/529/529 654/654/654 657/657/657
f 657/657/657 654/654/654 656/656/656
f 657/657/657 656/656/656 659/659/659
f 658/658/658 657/657/657 659/659/659
f 658/658/658 659/659/659 660/660/660
f 400/400/400 661/661/661 662/662/662
f 400/400/400 662/662/662 401/401/401
f 661/661/661 495/495/495 498/498/498
f 661/661/661 498/498/498 662/662/662
f 662/662/662 498/498/498 503/503/503
f 662/662/662 503/503/503 663/663/663
f 401/401/401 662/662/662 663/663/663
f 401/401/401 663/663/663 402/402/402
f 664/664/664 665/665/665 666/666/666
f 664/664/664 666/666/666 667/667/667
f 665/665/665 508/508/508 505/505/505
f 665/665/665 505/505/505 666/666/666
f 666/666/666 505/505/505 504/504/504
f 666/666/666 504/504/504 668/668/668
f 667/667/667 666/666/666 668/668/668
f 667/667/667 668/668/668 669/669/669
f 670/670/670 671/671/671 672/672/672
f 670/670/670 672/672/672 673/673/673
f 671/671/671 539/539/539 537/537/537
f 671/671/671 537/537/537 672/672/672
f 672/672/672 537/537/537 508/508/508
f 672/672/672 508/508/508 665/665/665
f 673/673/673 672/672/672 665/665/665
f 673/673/673 665/665/665 664/664/664
f 674/674/674 675/675/675 676/676/676
f 674/674/674 676/676/676 677/677/677
f 675/675/675 563/563/563 561/561/561
f 675/675/675 561/561/561 676/676/676
f 676/676/676 561/561/561 539/539/539
f 676/676/676 539/539/539 671/671/671
f 677/677/677 676/676/676 671/671/671
f 677/677/677 671/671/671 670/670/670
f 228/228/228 227/227/227 678/678/678
f 228/228/228 678/678/678 679/679/679
f 227/227/227 226/226/226 680/680/680
f 227/227/227 680/680/680 678/678/678
f 678/678/678 680/680/680 448/448/448
f 678/678/678 448/448/448 445/445/445
f 679/679/679 678/678/678 445/445/445
f 679/679/679 445/445/445 444/444/444
f 237/237/237 236/236/236 681/681/681
f 237/237/237 681/681/681 682/682/682
f 236/236/236 235/235/235 683/683/683
f 236/236/236 683/683/683 681/681/681
f 681/681/681 683/683/683 457/457/457
f 681/681/681 457/457/457 454/454/454
f 682/682/682 681/681/681 454/454/454
f 682/682/682 454/454/454 453/453/453
f 243/243/243 242/242/242 684/684/684
f 243/243/243 684/684/684 685/685/685
f 242/242/242 237/237/237 682/682/682
f 242/242/242 682/682/682 684/684/684
f 684/684/684 682/682/682 453/453/453
f 684/684/684 453/453/453 463/463/463
f 685/685/685 684/684/684 463/463/463
f 685/685/685 463/463/463 462/462/462
f 462/462/462 473/473/473 686/686/686
f 462/462/462 686/686/686 685/685/685
f 473/473/473 472/472/472 687/687/687
f 473/473/473 687/687/687 686/686/686
f 686/686/686 687/687/687 246/246/246
f 686/686/686 246/246/246 244/244/244
f 685/685/685 686/686/686 244/244/244
f 685/685/685 244/244/244 243/243/243
f 472/472/472 479/479/479 688/688/688
f 472/472/472 688/688/688 687/687/687
f 479/479/479 478/478/478 689/689/689
f 479/479/479 689/689/689 688/688/688
f 688/688/688 689/689/689 252/252/252
f 688/688/688 252/252/252 250/250/250
f 687/687/687 688/688/688 250/250/250
f 687/687/687 250/250/250 246/246/246
f 486/486/486 690/690/690 691/691/691
f 486/486/486 691/691/691 487/487/487
f 690/690/690 342/342/342 345/345/345
f 690/690/690 345/345/345 691/691/691
f 691/691/691 345/345/345 350/350/350
f 691/691/691 350/350/350 692/692/692
f 487/487/487 691/691/691 692/692/692
f 487/487/487 692/692/692 488/488/488
f 205/205/205 275/275/275 693/693/693
f 205/205/205 693/693/693 639/639/639
f 275/275/275 274/274/274 694/694/694
f 275/275/275 694/694/694 693/693/693
f 693/693/693 694/694/694 491/491/491
f 693/693/693 491/491/491 489/489/489
f 639/639/639 693/693/693 489/489/489
f 639/639/639 489/489/489 409/409/409
f 150/150/150 149/149/149 695/695/695
f 150/150/150 695/695/695 696/696/696
f 149/149/149 148/148/148 697/697/697
f 149/149/149 697/697/697 695/695/695
f 695/695/695 697/697/697 89/89/89
f 695/695/695 89/89/89 86/86/86
f 696/696/696 695/695/695 86/86/86
f 696/696/696 86/86/86 85/85/85
f 286/286/286 698/698/698 699/699/699
f 286/286/286 699/699/699 287/287/287
f 698/698/698 278/278/278 276/276/276
f 698/698/698 276/276/276 699/699/699
f 699/699/699 276/276/276 89/89/89
f 699/699/699 89/89/89 697/697/697
f 287/287/287 699/699/699 697/697/697
f 287/287/287 697/697/697 148/148/148
f 364/364/364 700/700/700 701/701/701
f 364/364/364 701/701/701 365/365/365
f 700/700/700 357/357/357 356/356/356
f 700/700/700 356/356/356 701/701/701
f 701/701/701 356/356/356 355/355/355
f 701/701/701 355/355/355 702/702/702
f 365/365/365 701/701/701 702/702/702
f 365/365/365 702/702/702 366/366/366
f 102/102/102 101/101/101 703/703/703
f 102/102/102 703/703/703 704/704/704
f 101/101/101 100/100/100 705/705/705
f 101/101/101 705/705/705 703/703/703
f 703/703/703 705/705/705 155/155/155
f 703/703/703 155/155/155 152/152/152
f 704/704/704 703/703/703 152/152/152
f 704/704/704 152/152/152 151/151/151
f 108/108/108 107/107/107 706/706/706
f 108/108/108 706/706/706 707/707/707
f 107/107/107 102/102/102 704/704/704
f 107/107/107 704/704/704 706/706/706
f 706/706/706 704/704/704 151/151/151
f 706/706/706 151/151/151 161/161/161
f 707/707/707 706/706/706 161/161/161
f 707/707/707 161/161/161 160/160/160
f 160/160/160 171/171/171 708/708/708
f 160/160/160 708/708/708 707/707/707
f 171/171/171 170/170/170 709/709/709
f 171/171/171 709/709/709 708/708/708
f 708/708/708 709/709/709 111/111/111
f 708/708/708 111/111/111 109/109/109
f 707/707/707 708/708/708 109/109/109
f 707/707/707 109/109/109 108/108/108
f 170/170/170 177/177/177 710/710/710
f 170/170/170 710/710/710 709/709/709
f 177/177/177 176/176/176 711/711/711
f 177/177/177 711/711/711 710/710/710
f 710/710/710 711/711/711 117/117/117
f 710/710/710 117/117/117 115/115/115
f 709/709/709 710/710/710 115/115/115
f 709/709/709 115/115/115 111/111/111
f 184/184/184 183/183/183 712/712/712
f 184/184/184 712/712/712 713/713/713
f 183/183/183 182/182/182 714/714/714
f 183/183/183 714/714/714 712/712/712
f 712/712/712 714/714/714 125/125/125
f 712/712/712 125/125/125 122/122/122
f 713/713/713 712/712/712 122/122/122
f 713/713/713 122/122/122 121/121/121
f 382/382/382 715/715/715 716/716/716
f 382/382/382 716/716/716 383/383/383
f 715/715/715 393/393/393 392/392/392
f 715/715/715 392/392/392 716/716/716
f 716/716/716 392/392/392 391/391/391
f 716/716/716 391/391/391 717/717/717
f 383/383/383 716/716/716 717/717/717
f 383/383/383 717/717/717 384/384/384
f 309/309/309 308/308/308 718/718/718
f 309/309/309 718/718/718 719/719/719
f 308/308/308 307/307/307 720/720/720
f 308/308/308 720/720/720 718/718/718
f 718/718/718 720/720/720 300/300/300
f 718/718/718 300/300/300 299/299/299
f 719/719/719 718/718/718 299/299/299
f 719/719/719 299/299/299 298/298/298
f 138/138/138 137/137/137 721/721/721
f 138/138/138 721/721/721 722/722/722
f 137/137/137 136/136/136 723/723/723
f 137/137/137 723/723/723 721/721/721
f 721/721/721 723/723/723 191/191/191
f 721/721/721 191/191/191 188/188/188
f 722/722/722 721/721/721 188/188/188
f 722/722/722 188/188/188 187/187/187
f 187/187/187 198/198/198 724/724/724
f 187/187/187 724/724/724 722/722/722
f 198/198/198 150/150/150 696/696/696
f 198/198/198 696/696/696 724/724/724
f 724/724/724 696/696/696 85/85/85
f 724/724/724 85/85/85 139/139/139
f 722/722/722 724/724/724 139/139/139
f 722/722/722 139/139/139 138/138/138
f 261/261/261 265/265/265 725/725/725
f 261/261/261 725/725/725 726/726/726
f 265/265/265 264/264/264 727/727/727
f 265/265/265 727/727/727 725/725/725
f 725/725/725 727/727/727 332/332/332
f 725/725/725 332/332/332 330/330/330
f 726/726/726 725/725/725 330/330/330
f 726/726/726 330/330/330 329/329/329
f 264/264/264 269/269/269 728/728/728
f 264/264/264 728/728/728 727/727/727
f 269/269/269 268/268/268 729/729/729
f 269/269/269 729/729/729 728/728/728
f 728/728/728 729/729/729 338/338/338
f 728/728/728 338/338/338 336/336/336
f 727/727/727 728/728/728 336/336/336
f 727/727/727 336/336/336 332/332/332
f 491/491/491 730/730/730 731/731/731
f 491/491/491 731/731/731 492/492/492
f 730/730/730 486/486/486 485/485/485
f 730/730/730 485/485/485 731/731/731
f 731/731/731 485/485/485 484/484/484
f 731/731/731 484/484/484 732/732/732
f 492/492/492 731/731/731 732/732/732
f 492/492/492 732/732/732 493/493/493
f 274/274/274 733/733/733 734/734/734
f 274/274/274 734/734/734 694/694/694
f 733/733/733 342/342/342 690/690/690
f 733/733/733 690/690/690 734/734/734
f 734/734/734 690/690/690 486/486/486
f 734/734/734 486/486/486 730/730/730
f 694/694/694 734/734/734 730/730/730
f 694/694/694 730/730/730 491/491/491
f 272/272/272 735/735/735 736/736/736
f 272/272/272 736/736/736 273/273/273
f 735/735/735 346/346/346 343/343/343
f 735/735/735 343/343/343 736/736/736
f 736/736/736 343/343/343 342/342/342
f 736/736/736 342/342/342 733/733/733
f 273/273/273 736/736/736 733/733/733
f 273/273/273 733/733/733 274/274/274
f 351/351/351 586/586/586 737/737/737
f 351/351/351 737/737/737 738/738/738
f 586/586/586 346/346/346 735/735/735
f 586/586/586 735/735/735 737/737/737
f 737/737/737 735/735/735 272/272/272
f 737/737/737 272/272/272 582/582/582
f 738/738/738 737/737/737 582/582/582
f 738/738/738 582/582/582 280/280/280
f 278/278/278 739/739/739 740/740/740
f 278/278/278 740/740/740 279/279/279
f 739/739/739 355/355/355 352/352/352
f 739/739/739 352/352/352 740/740/740
f 740/740/740 352/352/352 351/351/351
f 740/740/740 351/351/351 738/738/738
f 279/279/279 740/740/740 738/738/738
f 279/279/279 738/738/738 280/280/280
f 366/366/366 702/702/702 741/741/741
f 366/366/366 741/741/741 742/742/742
f 702/702/702 355/355/355 739/739/739
f 702/702/702 739/739/739 741/741/741
f 741/741/741 739/739/739 278/278/278
f 741/741/741 278/278/278 698/698/698
f 742/742/742 741/741/741 698/698/698
f 742/742/742 698/698/698 286/286/286
f 368/368/368 367/367/367 743/743/743
f 368/368/368 743/743/743 744/744/744
f 367/367/367 366/366/366 742/742/742
f 367/367/367 742/742/742 743/743/743
f 743/743/743 742/742/742 286/286/286
f 743/743/743 286/286/286 283/283/283
f 744/744/744 743/743/743 283/283/283
f 744/744/744 283/283/283 282/282/282
f 293/293/293 292/292/292 745/745/745
f 293/293/293 745/745/745 746/746/746
f 292/292/292 291/291/291 747/747/747
f 292/292/292 747/747/747 745/745/745
f 745/745/745 747/747/747 373/373/373
f 745/745/745 373/373/373 370/370/370
f 746/746/746 745/745/745 370/370/370
f 746/746/746 370/370/370 369/369/369
f 302/302/302 301/301/301 748/748/748
f 302/302/302 748/748/748 749/749/749
f 301/301/301 300/300/300 750/750/750
f 301/301/301 750/750/750 748/748/748
f 748/748/748 750/750/750 382/382/382
f 748/748/748 382/382/382 379/379/379
f 749/749/749 748/748/748 379/379/379
f 749/749/749 379/379/379 378/378/378
f 307/307/307 751/751/751 752/752/752
f 307/307/307 752/752/752 720/720/720
f 751/751/751 393/393/393 715/715/715
f 751/751/751 715/715/715 752/752/752
f 752/752/752 715/715/715 382/382/382
f 752/752/752 382/382/382 750/750/750
f 720/720/720 752/752/752 750/750/750
f 720/720/720 750/750/750 300/300/300
f 395/395/395 394/394/394 753/753/753
f 395/395/395 753/753/753 754/754/754
f 394/394/394 393/393/393 751/751/751
f 394/394/394 751/751/751 753/753/753
f 753/753/753 751/751/751 307/307/307
f 753/753/753 307/307/307 304/304/304
f 754/754/754 753/753/753 304/304/304
f 754/754/754 304/304/304 303/303/303
f 547/547/547 572/572/572 755/755/755
f 547/547/547 755/755/755 756/756/756
f 572/572/572 571/571/571 757/757/757
f 572/572/572 757/757/757 755/755/755
f 755/755/755 757/757/757 626/626/626
f 755/755/755 626/626/626 629/629/629
f 756/756/756 755/755/755 629/629/629
f 756/756/756 629/629/629 622/622/622
f 519/519/519 548/548/548 758/758/758
f 519/519/519 758/758/758 759/759/759
f 548/548/548 547/547/547 756/756/756
f 548/548/548 756/756/756 758/758/758
f 758/758/758 756/756/756 622/622/622
f 758/758/758 622/622/622 625/625/625
f 759/759/759 758/758/758 625/625/625
f 759/759/759 625/625/625 616/616/616
f 521/521/521 520/520/520 760/760/760
f 521/521/521 760/760/760 761/761/761
f 520/520/520 519/519/519 759/759/759
f 520/520/520 759/759/759 760/760/760
f 760/760/760 759/759/759 616/616/616
f 760/760/760 616/616/616 619/619/619
f 761/761/761 760/760/760 619/619/619
f 761/761/761 619/619/619 621/621/621
f 522/522/522 762/762/762 763/763/763
f 522/522/522 763/763/763 620/620/620
f 762/762/762 396/396/396 613/613/613
f 762/762/762 613/613/613 763/763/763
f 763/763/763 613/613/613 521/521/521
f 763/763/763 521/521/521 761/761/761
f 620/620/620 763/763/763 761/761/761
f 620/620/620 761/761/761 621/621/621
f 530/530/530 764/764/764 765/765/765
f 530/530/530 765/765/765 525/525/525
f 764/764/764 400/400/400 397/397/397
f 764/764/764 397/397/397 765/765/765
f 765/765/765 397/397/397 396/396/396
f 765/765/765 396/396/396 762/762/762
f 525/525/525 765/765/765 762/762/762
f 525/525/525 762/762/762 522/522/522
f 660/660/660 766/766/766 767/767/767
f 660/660/660 767/767/767 658/658/658
f 766/766/766 495/495/495 661/661/661
f 766/766/766 661/661/661 767/767/767
f 767/767/767 661/661/661 400/400/400
f 767/767/767 400/400/400 764/764/764
f 658/658/658 767/767/767 764/764/764
f 658/658/658 764/764/764 530/530/530
f 656/656/656 768/768/768 769/769/769
f 656/656/656 769/769/769 659/659/659
f 768/768/768 499/499/499 496/496/496
f 768/768/768 496/496/496 769/769/769
f 769/769/769 496/496/496 495/495/495
f 769/769/769 495/495/495 766/766/766
f 659/659/659 769/769/769 766/766/766
f 659/659/659 766/766/766 660/660/660
f 652/652/652 770/770/770 771/771/771
f 652/652/652 771/771/771 655/655/655
f 770/770/770 533/533/533 531/531/531
f 770/770/770 531/531/531 771/771/771
f 771/771/771 531/531/531 499/499/499
f 771/771/771 499/499/499 768/768/768
f 655/655/655 771/771/771 768/768/768
f 655/655/655 768/768/768 656/656/656
f 650/650/650 772/772/772 773/773/773
f 650/650/650 773/773/773 651/651/651
f 772/772/772 557/557/557 555/555/555
f 772/772/772 555/555/555 773/773/773
f 773/773/773 555/555/555 533/533/533
f 773/773/773 533/533/533 770/770/770
f 651/651/651 773/773/773 770/770/770
f 651/651/651 770/770/770 652/652/652
f 430/430/430 774/774/774 775/775/775
f 430/430/430 775/775/775 431/431/431
f 774/774/774 435/435/435 438/438/438
f 774/774/774 438/438/438 775/775/775
f 775/775/775 438/438/438 443/443/443
f 775/775/775 443/443/443 776/776/776
f 431/431/431 775/775/775 776/776/776
f 431/431/431 776/776/776 432/432/432
f 329/329/329 328/328/328 777/777/777
f 329/329/329 777/777/777 726/726/726
f 328/328/328 327/327/327 778/778/778
f 328/328/328 778/778/778 777/777/777
f 777/777/777 778/778/778 256/256/256
f 777/777/777 256/256/256 259/259/259
f 726/726/726 777/777/777 259/259/259
f 726/726/726 259/259/259 261/261/261
f 439/439/439 779/779/779 780/780/780
f 439/439/439 780/780/780 440/440/440
f 779/779/779 450/450/450 449/449/449
f 779/779/779 449/449/449 780/780/780
f 780/780/780 449/449/449 448/448/448
f 780/780/780 448/448/448 781/781/781
f 440/440/440 780/780/780 781/781/781
f 440/440/440 781/781/781 441/441/441
f 535/535/535 560/560/560 782/782/782
f 535/535/535 782/782/782 783/783/783
f 560/560/560 559/559/559 784/784/784
f 560/560/560 784/784/784 782/782/782
f 782/782/782 784/784/784 674/674/674
f 782/782/782 674/674/674 677/677/677
f 783/783/783 782/782/782 677/677/677
f 783/783/783 677/677/677 670/670/670
f 501/501/501 536/536/536 785/785/785
f 501/501/501 785/785/785 786/786/786
f 536/536/536 535/535/535 783/783/783
f 536/536/536 783/783/783 785/785/785
f 785/785/785 783/783/783 670/670/670
f 785/785/785 670/670/670 673/673/673
f 786/786/786 785/785/785 673/673/673
f 786/786/786 673/673/673 664/664/664
f 503/503/503 502/502/502 787/787/787
f 503/503/503 787/787/787 788/788/788
f 502/502/502 501/501/501 786/786/786
f 502/502/502 786/786/786 787/787/787
f 787/787/787 786/786/786 664/664/664
f 787/787/787 664/664/664 667/667/667
f 788/788/788 787/787/787 667/667/667
f 788/788/788 667/667/667 669/669/669
f 402/402/402 663/663/663 789/789/789
f 402/402/402 789/789/789 790/790/790
f 663/663/663 503/503/503 788/788/788
f 663/663/663 788/788/788 789/789/789
f 789/789/789 788/788/788 669/669/669
f 789/789/789 669/669/669 668/668/668
f 790/790/790 789/789/789 668/668/668
f 790/790/790 668/668/668 504/504/504
f 404/404/404 403/403/403 791/791/791
f 404/404/404 791/791/791 792/792/792
f 403/403/403 402/402/402 790/790/790
f 403/403/403 790/790/790 791/791/791
f 791/791/791 790/790/790 504/504/504
f 791/791/791 504/504/504 507/507/507
f 792/792/792 791/791/791 507/507/507
f 792/792/792 507/507/507 512/512/512
f 513/513/513 615/615/615 793/793/793
f 513/513/513 793/793/793 794/794/794
f 615/615/615 404/404/404 792/792/792
f 615/615/615 792/792/792 793/793/793
f 793/793/793 792/792/792 512/512/512
f 793/793/793 512/512/512 610/610/610
f 794/794/794 793/793/793 610/610/610
f 794/794/794 610/610/610 612/612/612
f 608/608/608 795/795/795 796/796/796
f 608/608/608 796/796/796 611/611/611
f 795/795/795 517/517/517 514/514/514
f 795/795/795 514/514/514 796/796/796
f 796/796/796 514/514/514 513/513/513
f 796/796/796 513/513/513 794/794/794
f 611/611/611 796/796/796 794/794/794
f 611/611/611 794/794/794 612/612/612
f 604/604/604 797/797/797 798/798/798
f 604/604/604 798/798/798 607/607/607
f 797/797/797 545/545/545 543/543/543
f 797/797/797 543/543/543 798/798/798
f 798/798/798 543/543/543 517/517/517
f 798/798/798 517/517/517 795/795/795
f 607/607/607 798/798/798 795/795/795
f 607/607/607 795/795/795 608/608/608
f 602/602/602 799/799/799 800/800/800
f 602/602/602 800/800/800 603/603/603
f 799/799/799 569/569/569 567/567/567
f 799/799/799 567/567/567 800/800/800
f 800/800/800 567/567/567 545/545/545
f 800/800/800 545/545/545 797/797/797
f 603/603/603 800/800/800 797/797/797
f 603/603/603 797/797/797 604/604/604
f 127/127/127 126/126/126 801/801/801
f 127/127/127 801/801/801 802/802/802
f 126/126/126 125/125/125 803/803/803
f 126/126/126 803/803/803 801/801/801
f 801/801/801 803/803/803 391/391/391
f 801/801/801 391/391/391 388/388/388
f 802/802/802 801/801/801 388/388/388
f 802/802/802 388/388/388 387/387/387
f 384/384/384 717/717/717 804/804/804
f 384/384/384 804/804/804 805/805/805
f 717/717/717 391/391/391 803/803/803
f 717/717/717 803/803/803 804/804/804
f 804/804/804 803/803/803 125/125/125
f 804/804/804 125/125/125 714/714/714
f 805/805/805 804/804/804 714/714/714
f 805/805/805 714/714/714 182/182/182
f 386/386/386 385/385/385 806/806/806
f 386/386/386 806/806/806 807/807/807
f 385/385/385 384/384/384 805/805/805
f 385/385/385 805/805/805 806/806/806
f 806/806/806 805/805/805 182/182/182
f 806/806/806 182/182/182 179/179/179
f 807/807/807 806/806/806 179/179/179
f 807/807/807 179/179/179 178/178/178
f 377/377/377 376/376/376 808/808/808
f 377/377/377 808/808/808 809/809/809
f 376/376/376 375/375/375 810/810/810
f 376/376/376 810/810/810 808/808/808
f 808/808/808 810/810/810 46/46/46
f 808/808/808 46/46/46 43/43/43
f 809/809/809 808/808/808 43/43/43
f 809/809/809 43/43/43 42/42/42
f 157/157/157 156/156/156 811/811/811
f 157/157/157 811/811/811 812/812/812
f 156/156/156 155/155/155 813/813/813
f 156/156/156 813/813/813 811/811/811
f 811/811/811 813/813/813 364/364/364
f 811/811/811 364/364/364 361/361/361
f 812/812/812 811/811/811 361/361/361
f 812/812/812 361/361/361 360/360/360
f 155/155/155 705/705/705 814/814/814
f 155/155/155 814/814/814 813/813/813
f 705/705/705 100/100/100 815/815/815
f 705/705/705 815/815/815 814/814/814
f 814/814/814 815/815/815 357/357/357
f 814/814/814 357/357/357 700/700/700
f 813/813/813 814/814/814 700/700/700
f 813/813/813 700/700/700 364/364/364
f 359/359/359 358/358/358 816/816/816
f 359/359/359 816/816/816 817/817/817
f 358/358/358 357/357/357 815/815/815
f 358/358/358 815/815/815 816/816/816
f 816/816/816 815/815/815 100/100/100
f 816/816/816 100/100/100 99/99/99
f 817/817/817 816/816/816 99/99/99
f 817/817/817 99/99/99 98/98/98
f 98/98/98 589/589/589 818/818/818
f 98/98/98 818/818/818 817/817/817
f 589/589/589 254/254/254 819/819/819
f 589/589/589 819/819/819 818/818/818
f 818/818/818 819/819/819 348/348/348
f 818/818/818 348/348/348 584/584/584
f 817/817/817 818/818/818 584/584/584
f 817/817/817 584/584/584 359/359/359
f 350/350/350 349/349/349 820/820/820
f 350/350/350 820/820/820 821/821/821
f 349/349/349 348/348/348 819/819/819
f 349/349/349 819/819/819 820/820/820
f 820/820/820 819/819/819 254/254/254
f 820/820/820 254/254/254 253/253/253
f 821/821/821 820/820/820 253/253/253
f 821/821/821 253/253/253 252/252/252
f 488/488/488 692/692/692 822/822/822
f 488/488/488 822/822/822 823/823/823
f 692/692/692 350/350/350 821/821/821
f 692/692/692 821/821/821 822/822/822
f 822/822/822 821/821/821 252/252/252
f 822/822/822 252/252/252 689/689/689
f 823/823/823 822/822/822 689/689/689
f 823/823/823 689/689/689 478/478/478
f 476/476/476 824/824/824 825/825/825
f 476/476/476 825/825/825 477/477/477
f 824/824/824 480/480/480 483/483/483
f 824/824/824 483/483/483 825/825/825
f 825/825/825 483/483/483 488/488/488
f 825/825/825 488/488/488 823/823/823
f 477/477/477 825/825/825 823/823/823
f 477/477/477 823/823/823 478/478/478
f 334/334/334 341/341/341 826/826/826
f 334/334/334 826/826/826 827/827/827
f 341/341/341 340/340/340 828/828/828
f 341/341/341 828/828/828 826/826/826
f 826/826/826 828/828/828 60/60/60
f 826/826/826 60/60/60 58/58/58
f 827/827/827 826/826/826 58/58/58
f 827/827/827 58/58/58 56/56/56
f 321/321/321 335/335/335 829/829/829
f 321/321/321 829/829/829 830/830/830
f 335/335/335 334/334/334 827/827/827
f 335/335/335 827/827/827 829/829/829
f 829/829/829 827/827/827 56/56/56
f 829/829/829 56/56/56 54/54/54
f 830/830/830 829/829/829 54/54/54
f 830/830/830 54/54/54 52/52/52
f 50/50/50 831/831/831 832/832/832
f 50/50/50 832/832/832 51/51/51
f 831/831/831 325/325/325 322/322/322
f 831/831/831 322/322/322 832/832/832
f 832/832/832 322/322/322 321/321/321
f 832/832/832 321/321/321 830/830/830
f 51/51/51 832/832/832 830/830/830
f 51/51/51 830/830/830 52/52/52
f 413/413/413 412/412/412 833/833/833
f 413/413/413 833/833/833 834/834/834
f 412/412/412 411/411/411 835/835/835
f 412/412/412 835/835/835 833/833/833
f 833/833/833 835/835/835 83/83/83
f 833/833/833 83/83/83 81/81/81
f 834/834/834 833/833/833 81/81/81
f 834/834/834 81/81/81 37/37/37
f 419/419/419 418/418/418 836/836/836
f 419/419/419 836/836/836 837/837/837
f 418/418/418 413/413/413 834/834/834
f 418/418/418 834/834/834 836/836/836
f 836/836/836 834/834/834 37/37/37
f 836/836/836 37/37/37 34/34/34
f 837/837/837 836/836/836 34/34/34
f 837/837/837 34/34/34 33/33/33
f 33/33/33 76/76/76 838/838/838
f 33/33/33 838/838/838 837/837/837
f 76/76/76 75/75/75 839/839/839
f 76/76/76 839/839/839 838/838/838
f 838/838/838 839/839/839 422/422/422
f 838/838/838 422/422/422 420/420/420
f 837/837/837 838/838/838 420/420/420
f 837/837/837 420/420/420 419/419/419
f 840/840/840 841/841/841 842/842/842
f 840/840/840 842/842/842 843/843/843
f 841/841/841 430/430/430 427/427/427
f 841/841/841 427/427/427 842/842/842
f 842/842/842 427/427/427 426/426/426
f 842/842/842 426/426/426 844/844/844
f 843/843/843 842/842/842 844/844/844
f 843/843/843 844/844/844 845/845/845
f 846/846/846 847/847/847 848/848/848
f 846/846/846 848/848/848 849/849/849
f 847/847/847 435/435/435 774/774/774
f 847/847/847 774/774/774 848/848/848
f 848/848/848 774/774/774 430/430/430
f 848/848/848 430/430/430 841/841/841
f 849/849/849 848/848/848 841/841/841
f 849/849/849 841/841/841 840/840/840
f 850/850/850 851/851/851 852/852/852
f 850/850/850 852/852/852 853/853/853
f 851/851/851 439/439/439 436/436/436
f 851/851/851 436/436/436 852/852/852
f 852/852/852 436/436/436 435/435/435
f 852/852/852 435/435/435 847/847/847
f 853/853/853 852/852/852 847/847/847
f 853/853/853 847/847/847 846/846/846
f 854/854/854 855/855/855 856/856/856
f 854/854/854 856/856/856 857/857/857
f 855/855/855 450/450/450 779/779/779
f 855/855/855 779/779/779 856/856/856
f 856/856/856 779/779/779 439/439/439
f 856/856/856 439/439/439 851/851/851
f 857/857/857 856/856/856 851/851/851
f 857/857/857 851/851/851 850/850/850
f 452/452/452 451/451/451 858/858/858
f 452/452/452 858/858/858 859/859/859
f 451/451/451 450/450/450 855/855/855
f 451/451/451 855/855/855 858/858/858
f 858/858/858 855/855/855 854/854/854
f 858/858/858 854/854/854 860/860/860
f 859/859/859 858/858/858 860/860/860
f 859/859/859 860/860/860 861/861/861
f 461/461/461 460/460/460 862/862/862
f 461/461/461 862/862/862 863/863/863
f 460/460/460 459/459/459 864/864/864
f 460/460/460 864/864/864 862/862/862
f 862/862/862 864/864/864 20/20/20
f 862/862/862 20/20/20 17/17/17
f 863/863/863 862/862/862 17/17/17
f 863/863/863 17/17/17 16/16/16
f 467/467/467 466/466/466 865/865/865
f 467/467/467 865/865/865 866/866/866
f 466/466/466 461/461/461 863/863/863
f 466/466/466 863/863/863 865/865/865
f 865/865/865 863/863/863 16/16/16
f 865/865/865 16/16/16 31/31/31
f 866/866/866 865/865/865 31/31/31
f 866/866/866 31/31/31 7/7/7
f 7/7/7 6/6/6 867/867/867
f 7/7/7 867/867/867 866/866/866
f 6/6/6 5/5/5 868/868/868
f 6/6/6 868/868/868 867/867/867
f 867/867/867 868/868/868 470/470/470
f 867/867/867 470/470/470 468/468/468
f 866/866/866 867/867/867 468/468/468
f 866/866/866 468/468/468 467/467/467
f 5/5/5 61/61/61 869/869/869
f 5/5/5 869/869/869 868/868/868
f 61/61/61 60/60/60 870/870/870
f 61/61/61 870/870/870 869/869/869
f 869/869/869 870/870/870 476/476/476
f 869/869/869 476/476/476 474/474/474
f 868/868/868 869/869/869 474/474/474
f 868/868/868 474/474/474 470/470/470
f 340/340/340 871/871/871 872/872/872
f 340/340/340 872/872/872 828/828/828
f 871/871/871 480/480/480 824/824/824
f 871/871/871 824/824/824 872/872/872
f 872/872/872 824/824/824 476/476/476
f 872/872/872 476/476/476 870/870/870
f 828/828/828 872/872/872 870/870/870
f 828/828/828 870/870/870 60/60/60
f 338/338/338 873/873/873 874/874/874
f 338/338/338 874/874/874 339/339/339
f 873/873/873 484/484/484 481/481/481
f 873/873/873 481/481/481 874/874/874
f 874/874/874 481/481/481 480/480/480
f 874/874/874 480/480/480 871/871/871
f 339/339/339 874/874/874 871/871/871
f 339/339/339 871/871/871 340/340/340
f 493/493/493 732/732/732 875/875/875
f 493/493/493 875/875/875 876/876/876
f 732/732/732 484/484/484 873/873/873
f 732/732/732 873/873/873 875/875/875
f 875/875/875 873/873/873 338/338/338
f 875/875/875 338/338/338 729/729/729
f 876/876/876 875/875/875 729/729/729
f 876/876/876 729/729/729 268/268/268
f 411/411/411 494/494/494 877/877/877
f 411/411/411 877/877/877 835/835/835
f 494/494/494 493/493/493 876/876/876
f 494/494/494 876/876/876 877/877/877
f 877/877/877 876/876/876 268/268/268
f 877/877/877 268/268/268 267/267/267
f 835/835/835 877/877/877 267/267/267
f 835/835/835 267/267/267 83/83/83
