# moteur_engine_moteur_engine1_0_25
v -1.472822 0.101585 0.179520
v -1.476405 0.080893 0.159201
v -1.493992 0.078534 0.165306
v -1.490513 0.098625 0.185036
v -1.478967 0.059803 0.144672
v -1.496480 0.058056 0.151199
v -1.486349 0.057561 0.150384
v -1.483882 0.077867 0.164373
v -1.480432 0.097789 0.183936
v -1.464935 0.126785 0.224249
v -1.468522 0.117095 0.203908
v -1.486337 0.113686 0.208716
v -1.482855 0.123096 0.228468
v -1.476292 0.112722 0.207416
v -1.472839 0.122052 0.227001
v -1.463469 0.125162 0.280140
v -1.473405 0.126232 0.282059
v -1.476745 0.126232 0.263118
v -1.466781 0.125162 0.261358
v -1.455203 0.130016 0.279441
v -1.458644 0.130016 0.259934
v -1.462095 0.130016 0.240357
v -1.480097 0.126232 0.244108
v -1.470104 0.125162 0.242510
v -1.444562 0.101584 0.339791
v -1.448863 0.117095 0.315404
v -1.467248 0.113686 0.316978
v -1.463073 0.098625 0.340659
v -1.452437 0.126786 0.295131
v -1.470719 0.123096 0.297294
v -1.460805 0.122052 0.295246
v -1.457364 0.112722 0.314764
v -1.453224 0.097789 0.338245
v -1.438417 0.059803 0.374639
v -1.440980 0.080893 0.360110
v -1.459594 0.078534 0.360388
v -1.457106 0.058056 0.374496
v -1.449774 0.077867 0.357808
v -1.447307 0.057561 0.371796
v -1.436736 0.031891 0.384176
v -1.437180 0.043096 0.381657
v -1.455904 0.041833 0.381311
v -1.455473 0.030953 0.383756
v -1.446116 0.041476 0.378553
v -1.445689 0.030688 0.380978
v -1.436731 -0.032672 0.384203
v -1.436535 -0.027722 0.385316
v -1.455278 -0.026932 0.384863
v -1.455469 -0.031738 0.383783
v -1.436356 -0.023213 0.386330
v -1.455105 -0.022553 0.385848
v -1.445323 -0.022366 0.383052
v -1.445495 -0.026708 0.382076
v -1.445684 -0.031474 0.381005
v -1.444562 -0.102489 0.339791
v -1.440980 -0.081798 0.360110
v -1.459594 -0.079439 0.360388
v -1.463073 -0.099530 0.340659
v -1.438417 -0.060707 0.374639
v -1.457106 -0.058960 0.374496
v -1.447308 -0.058466 0.371796
v -1.449774 -0.078772 0.357808
v -1.453224 -0.098693 0.338245
v -1.452437 -0.127690 0.295132
v -1.448863 -0.118000 0.315404
v -1.467248 -0.114591 0.316978
v -1.470719 -0.124000 0.297294
v -1.457364 -0.113627 0.314764
v -1.460805 -0.122957 0.295246
v -1.470104 -0.126066 0.242510
v -1.480097 -0.127136 0.244109
v -1.476745 -0.127136 0.263118
v -1.466781 -0.126066 0.261358
v -1.462095 -0.130920 0.240357
v -1.458644 -0.130920 0.259934
v -1.455203 -0.130920 0.279441
v -1.473405 -0.127136 0.282059
v -1.463469 -0.126066 0.280140
v -1.472822 -0.102489 0.179520
v -1.468522 -0.118000 0.203908
v -1.486338 -0.114591 0.208716
v -1.490513 -0.099530 0.185036
v -1.464935 -0.127690 0.224249
v -1.482855 -0.124000 0.228468
v -1.472839 -0.122956 0.227001
v -1.476292 -0.113627 0.207416
v -1.480433 -0.098693 0.183936
v -1.478967 -0.060707 0.144672
v -1.476405 -0.081798 0.159202
v -1.493992 -0.079438 0.165306
v -1.496480 -0.058960 0.151199
v -1.483882 -0.078772 0.164373
v -1.486349 -0.058466 0.150384
v -1.488333 -0.022366 0.139129
v -1.498481 -0.022553 0.139847
v -1.498307 -0.026932 0.140831
v -1.488161 -0.026708 0.140105
v -1.481028 -0.023213 0.132982
v -1.480850 -0.027722 0.133995
v -1.480653 -0.032673 0.135108
v -1.498117 -0.031738 0.141912
v -1.487972 -0.031474 0.141176
v -1.480205 0.043096 0.137654
v -1.497681 0.041833 0.144384
v -1.480648 0.031891 0.135136
v -1.498112 0.030953 0.141939
v -1.487968 0.030688 0.141203
v -1.487540 0.041476 0.143627
v -1.480432 0.097789 0.183936
v -1.483882 0.077867 0.164373
v -1.453940 0.077645 0.159376
v -1.450500 0.097510 0.178884
v -1.486349 0.057561 0.150384
v -1.456399 0.057397 0.145428
v -1.422765 0.057397 0.139497
v -1.420306 0.077645 0.153446
v -1.416866 0.097510 0.172953
v -1.472839 0.122052 0.227001
v -1.476292 0.112722 0.207416
v -1.446372 0.112401 0.202297
v -1.442928 0.121704 0.221827
v -1.412738 0.112401 0.196367
v -1.406090 0.123283 0.218675
v -1.405549 0.124805 0.269871
v -1.433585 0.124805 0.274815
v -1.436887 0.124805 0.256086
v -1.408851 0.124805 0.251143
v -1.463469 0.125162 0.280140
v -1.466781 0.125162 0.261358
v -1.470104 0.125162 0.242510
v -1.440201 0.124805 0.237291
v -1.412165 0.124805 0.232348
v -1.453224 0.097789 0.338245
v -1.457364 0.112722 0.314764
v -1.427497 0.112401 0.309341
v -1.423368 0.097510 0.332754
v -1.460805 0.122052 0.295246
v -1.430929 0.121704 0.289878
v -1.395366 0.123283 0.280225
v -1.394145 0.112401 0.303460
v -1.390016 0.097510 0.326873
v -1.447307 0.057561 0.371796
v -1.449774 0.077867 0.357808
v -1.419929 0.077645 0.352262
v -1.417469 0.057397 0.366211
v -1.386576 0.077645 0.346381
v -1.384117 0.057397 0.360330
v -1.445689 0.030688 0.380978
v -1.446116 0.041476 0.378553
v -1.416281 0.041357 0.372949
v -1.415855 0.030600 0.375367
v -1.382929 0.041357 0.367068
v -1.379647 0.028834 0.369375
v -1.445684 -0.031474 0.381005
v -1.445495 -0.026708 0.382076
v -1.415662 -0.026634 0.376461
v -1.415850 -0.031386 0.375393
v -1.445323 -0.022366 0.383052
v -1.415490 -0.022304 0.377435
v -1.387454 -0.022304 0.372491
v -1.387626 -0.026634 0.371518
v -1.379450 -0.029685 0.369353
v -1.453224 -0.098693 0.338245
v -1.449774 -0.078772 0.357808
v -1.419929 -0.078549 0.352262
v -1.423368 -0.098414 0.332754
v -1.447308 -0.058466 0.371796
v -1.417469 -0.058301 0.366211
v -1.383680 -0.058301 0.360253
v -1.386140 -0.078549 0.346304
v -1.389579 -0.098414 0.326797
v -1.460805 -0.122957 0.295246
v -1.457364 -0.113627 0.314764
v -1.427497 -0.113306 0.309341
v -1.430929 -0.122609 0.289878
v -1.393708 -0.113306 0.303383
v -1.395172 -0.124187 0.280191
v -1.412165 -0.125710 0.232348
v -1.440201 -0.125710 0.237291
v -1.436887 -0.125710 0.256086
v -1.408851 -0.125710 0.251143
v -1.470104 -0.126066 0.242510
v -1.466781 -0.126066 0.261358
v -1.463469 -0.126066 0.280140
v -1.433585 -0.125710 0.274815
v -1.405549 -0.125710 0.269871
v -1.480433 -0.098693 0.183936
v -1.476292 -0.113627 0.207416
v -1.446372 -0.113306 0.202298
v -1.450500 -0.098414 0.178884
v -1.472839 -0.122956 0.227001
v -1.442928 -0.122609 0.221827
v -1.405899 -0.124187 0.218641
v -1.412307 -0.113306 0.196291
v -1.416436 -0.098414 0.172878
v -1.486349 -0.058466 0.150384
v -1.483882 -0.078772 0.164373
v -1.453940 -0.078549 0.159376
v -1.456399 -0.058301 0.145428
v -1.419876 -0.078549 0.153370
v -1.422335 -0.058301 0.139421
v -1.430342 -0.022304 0.129260
v -1.458378 -0.022304 0.134204
v -1.458207 -0.026634 0.135177
v -1.430171 -0.026634 0.130233
v -1.488333 -0.022366 0.139129
v -1.488161 -0.026708 0.140105
v -1.487972 -0.031474 0.141176
v -1.458018 -0.031386 0.136245
v -1.421625 -0.029685 0.129452
v -1.487540 0.041476 0.143627
v -1.457587 0.041357 0.138690
v -1.487968 0.030688 0.141203
v -1.458014 0.030600 0.136272
v -1.421815 0.028834 0.129498
v -1.423954 0.041357 0.132759
v -1.388996 -0.027902 0.370654
v -1.390804 -0.026634 0.371264
v -1.390955 -0.026634 0.370407
v -1.389147 -0.027902 0.369800
v -1.390634 -0.022304 0.372229
v -1.390787 -0.022304 0.371363
v -1.392932 -0.022304 0.359195
v -1.393079 -0.026634 0.358366
v -1.391263 -0.027902 0.357795
v -1.418805 -0.022304 0.212461
v -1.424872 -0.022304 0.178056
v -1.424789 -0.026634 0.178527
v -1.418785 -0.026634 0.212579
v -1.430903 -0.022304 0.143850
v -1.430758 -0.026634 0.144677
v -1.428857 -0.027902 0.144592
v -1.422907 -0.027902 0.178337
v -1.416914 -0.030284 0.216235
v -1.408588 -0.031386 0.270407
v -1.408588 -0.026634 0.270407
v -1.411890 -0.026634 0.251679
v -1.411890 -0.031386 0.251679
v -1.408588 -0.022304 0.270407
v -1.411890 -0.022304 0.251679
v -1.415204 -0.022304 0.232884
v -1.415204 -0.026634 0.232884
v -1.415204 -0.031386 0.232884
v -1.343685 0.096618 0.318275
v -1.347778 0.108833 0.295061
v -1.347820 0.104962 0.294826
v -1.343765 0.095650 0.317823
v -1.352633 0.115460 0.276468
v -1.352643 0.108686 0.276409
v -1.352560 0.096581 0.276885
v -1.347484 0.095650 0.296729
v -1.344249 0.090614 0.315081
v -1.408588 0.117669 0.270407
v -1.411890 0.117669 0.251679
v -1.411890 0.109927 0.251679
v -1.408588 0.109927 0.270407
v -1.415204 0.117669 0.232884
v -1.415204 0.109927 0.232884
v -1.415204 0.096891 0.232884
v -1.411890 0.096891 0.251679
v -1.408587 0.096891 0.270407
v -1.364497 0.115460 0.207539
v -1.366572 0.108833 0.188473
v -1.366527 0.104962 0.188732
v -1.364486 0.108686 0.207604
v -1.370662 0.096618 0.165280
v -1.370574 0.095650 0.165778
v -1.370087 0.090614 0.168546
v -1.366857 0.095650 0.186859
v -1.364568 0.096581 0.207135
v -1.364138 -0.097485 0.207060
v -1.366857 -0.096555 0.186859
v -1.366527 -0.105866 0.188732
v -1.364055 -0.109591 0.207528
v -1.370087 -0.091519 0.168546
v -1.370574 -0.096555 0.165778
v -1.370662 -0.097522 0.165280
v -1.366572 -0.109737 0.188473
v -1.364067 -0.116364 0.207463
v -1.415204 -0.118573 0.232884
v -1.411890 -0.118573 0.251679
v -1.411890 -0.110832 0.251679
v -1.415204 -0.110832 0.232884
v -1.408588 -0.118573 0.270407
v -1.408588 -0.110832 0.270407
v -1.408587 -0.097796 0.270407
v -1.411890 -0.097796 0.251679
v -1.415204 -0.097796 0.232884
v -1.352196 -0.116364 0.276391
v -1.347778 -0.109737 0.295061
v -1.347820 -0.105867 0.294826
v -1.352207 -0.109591 0.276332
v -1.343685 -0.097522 0.318275
v -1.343765 -0.096555 0.317823
v -1.344249 -0.091519 0.315081
v -1.347484 -0.096555 0.296729
v -1.352123 -0.097485 0.276808
v -1.340275 -0.078549 0.337616
v -1.340386 -0.078549 0.336983
v -1.337836 -0.058301 0.351445
v -1.337970 -0.058301 0.350684
v -1.339859 -0.058301 0.339976
v -1.341954 -0.078549 0.328092
v -1.408588 -0.078549 0.270407
v -1.411890 -0.078549 0.251679
v -1.408588 -0.058301 0.270407
v -1.411890 -0.058301 0.251679
v -1.415204 -0.058301 0.232884
v -1.415204 -0.078549 0.232884
v -1.364712 -0.058301 0.203802
v -1.369155 -0.058301 0.173829
v -1.367965 -0.078549 0.180575
v -1.364415 -0.078549 0.205489
v -1.374462 -0.058301 0.143731
v -1.372372 -0.078549 0.155582
v -1.372372 0.077645 0.155582
v -1.367965 0.077645 0.180575
v -1.374462 0.057397 0.143731
v -1.369155 0.057397 0.173829
v -1.365143 0.057397 0.203878
v -1.364845 0.077645 0.205564
v -1.408588 0.057397 0.270407
v -1.408588 0.077645 0.270407
v -1.411890 0.077645 0.251679
v -1.411890 0.057397 0.251679
v -1.415204 0.077645 0.232884
v -1.415204 0.057397 0.232884
v -1.337836 0.057397 0.351445
v -1.340275 0.077645 0.337615
v -1.340386 0.077645 0.336983
v -1.337970 0.057397 0.350684
v -1.341954 0.077645 0.328092
v -1.339859 0.057397 0.339976
v -1.337777 0.030904 0.360725
v -1.336658 0.041357 0.358126
v -1.336804 0.041357 0.357302
v -1.337925 0.030905 0.359879
v -1.338846 0.041357 0.345717
v -1.340022 0.030904 0.347988
v -1.408588 0.030600 0.270407
v -1.408588 0.041357 0.270407
v -1.411890 0.041357 0.251679
v -1.411890 0.030600 0.251679
v -1.415204 0.041357 0.232884
v -1.415204 0.030600 0.232884
v -1.369730 0.041357 0.170570
v -1.365286 0.041357 0.203063
v -1.375471 0.041357 0.138006
v -1.377071 0.030904 0.136230
v -1.371177 0.030905 0.169654
v -1.367821 0.033614 0.194362
v -1.498288 0.026506 0.140939
v -1.488142 0.026278 0.140211
v -1.480830 0.027311 0.134106
v -1.480999 0.023047 0.133148
v -1.498453 0.022366 0.140008
v -1.488305 0.022173 0.139289
v -1.458188 0.026202 0.135283
v -1.430152 0.026202 0.130340
v -1.488142 0.026278 0.140211
v -1.488305 0.022173 0.139289
v -1.458350 0.022109 0.134363
v -1.430314 0.022109 0.129420
v -1.416913 0.029455 0.216237
v -1.422904 0.027116 0.178350
v -1.424779 0.026202 0.178578
v -1.418782 0.026202 0.212591
v -1.428853 0.027116 0.144614
v -1.430742 0.026202 0.144767
v -1.430879 0.022109 0.143985
v -1.424858 0.022109 0.178134
v -1.418802 0.022109 0.212480
v -1.408588 0.022109 0.270407
v -1.408588 0.026202 0.270407
v -1.411890 0.026202 0.251679
v -1.411890 0.022109 0.251679
v -1.415204 0.026202 0.232884
v -1.415204 0.022109 0.232884
v -1.390662 0.022109 0.372071
v -1.390823 0.026202 0.371159
v -1.390973 0.026202 0.370303
v -1.390814 0.022109 0.371207
v -1.389001 0.027116 0.370627
v -1.389151 0.027116 0.369774
v -1.391267 0.027116 0.357772
v -1.393094 0.026202 0.358275
v -1.392956 0.022109 0.359059
v -1.387482 0.022109 0.372332
v -1.415518 0.022109 0.377275
v -1.415680 0.026202 0.376355
v -1.387644 0.026202 0.371412
v -1.445351 0.022173 0.382892
v -1.445514 0.026278 0.381969
v -1.445351 0.022173 0.382892
v -1.455133 0.022366 0.385686
v -1.455297 0.026506 0.384756
v -1.445514 0.026278 0.381969
v -1.436385 0.023047 0.386164
v -1.436555 0.027311 0.385205
v -1.497681 -0.042737 0.144384
v -1.487540 -0.042380 0.143627
v -1.480205 -0.044000 0.137654
v -1.457587 -0.042261 0.138690
v -1.423523 -0.042261 0.132683
v -1.487540 -0.042380 0.143627
v -1.367056 -0.034519 0.194227
v -1.370747 -0.031809 0.169578
v -1.369730 -0.042261 0.170570
v -1.364856 -0.042261 0.202987
v -1.376641 -0.031809 0.136154
v -1.375471 -0.042261 0.138006
v -1.408588 -0.042261 0.270407
v -1.411890 -0.042261 0.251679
v -1.415204 -0.042261 0.232884
v -1.336658 -0.042261 0.358126
v -1.336804 -0.042261 0.357302
v -1.337340 -0.031809 0.360648
v -1.337489 -0.031809 0.359802
v -1.339585 -0.031809 0.347911
v -1.338846 -0.042261 0.345717
v -1.446116 -0.042380 0.378553
v -1.416281 -0.042261 0.372949
v -1.382492 -0.042261 0.366991
v -1.437180 -0.044000 0.381657
v -1.455904 -0.042737 0.381311
v -1.446116 -0.042380 0.378553
v -1.385705 -0.028325 0.356731
v -1.383590 -0.028325 0.368724
v -1.376236 -0.028325 0.355062
v -1.374122 -0.028325 0.367054
v -1.373971 -0.028325 0.367907
v -1.383440 -0.028325 0.369577
v -1.379450 -0.029685 0.369353
v -1.387626 -0.026634 0.371518
v -1.383234 -0.026634 0.370743
v -1.383291 -0.027902 0.370423
v -1.387454 -0.022304 0.372491
v -1.383062 -0.022304 0.371717
v -1.388642 -0.022304 0.372663
v -1.388813 -0.026634 0.371690
v -1.387411 -0.027573 0.371196
v -1.431516 -0.022304 0.129509
v -1.425950 -0.022304 0.128486
v -1.425779 -0.026634 0.129459
v -1.431345 -0.026634 0.130481
v -1.430342 -0.022304 0.129260
v -1.430171 -0.026634 0.130233
v -1.421625 -0.029685 0.129452
v -1.425722 -0.027902 0.129784
v -1.429857 -0.027573 0.130468
v -1.423270 -0.028325 0.143690
v -1.417325 -0.028325 0.177401
v -1.413527 -0.028325 0.141972
v -1.407582 -0.028325 0.175683
v -1.401691 -0.031809 0.209092
v -1.411435 -0.031809 0.210810
v -1.414955 0.117669 0.223433
v -1.409471 0.117669 0.221946
v -1.409471 0.109927 0.221946
v -1.414955 0.109927 0.223433
v -1.400158 0.117669 0.220304
v -1.400158 0.109927 0.220304
v -1.400158 0.096891 0.220304
v -1.409471 0.096891 0.221946
v -1.414955 0.096891 0.223433
v -1.390510 0.096891 0.276664
v -1.390511 0.109927 0.276664
v -1.399542 0.109927 0.278256
v -1.399542 0.096891 0.278256
v -1.390510 0.117669 0.276664
v -1.399542 0.117669 0.278256
v -1.405192 0.117669 0.278801
v -1.405192 0.109927 0.278801
v -1.405192 0.096891 0.278801
v -1.406730 0.124480 0.270079
v -1.401157 0.124805 0.269097
v -1.404459 0.124805 0.250368
v -1.410032 0.124481 0.251351
v -1.405549 0.124805 0.269871
v -1.408851 0.124805 0.251143
v -1.412165 0.124805 0.232348
v -1.407773 0.124805 0.231573
v -1.413346 0.124480 0.232556
v -1.399728 -0.097796 0.220228
v -1.399728 -0.110832 0.220228
v -1.409471 -0.110832 0.221946
v -1.409471 -0.097796 0.221946
v -1.399728 -0.118573 0.220228
v -1.409471 -0.118573 0.221946
v -1.414955 -0.118573 0.223433
v -1.414955 -0.110832 0.223433
v -1.414955 -0.097796 0.223433
v -1.413346 -0.125385 0.232556
v -1.407773 -0.125710 0.231573
v -1.404459 -0.125710 0.250368
v -1.410032 -0.125385 0.251351
v -1.412165 -0.125710 0.232348
v -1.408851 -0.125710 0.251143
v -1.405549 -0.125710 0.269871
v -1.401157 -0.125710 0.269097
v -1.406730 -0.125385 0.270079
v -1.405192 -0.118573 0.278801
v -1.399542 -0.118573 0.278256
v -1.399542 -0.110832 0.278256
v -1.405192 -0.110832 0.278801
v -1.390074 -0.118573 0.276587
v -1.390074 -0.110832 0.276587
v -1.390074 -0.097796 0.276587
v -1.399542 -0.097796 0.278256
v -1.405192 -0.097796 0.278801
v -1.399728 -0.058301 0.220228
v -1.399728 -0.078549 0.220228
v -1.409471 -0.078549 0.221946
v -1.409471 -0.058301 0.221946
v -1.414955 -0.078549 0.223433
v -1.414955 -0.058301 0.223433
v -1.390074 -0.078549 0.276587
v -1.399542 -0.078549 0.278256
v -1.390074 -0.058301 0.276587
v -1.399542 -0.058301 0.278256
v -1.405192 -0.058301 0.278801
v -1.405192 -0.078549 0.278801
v -1.400158 0.077645 0.220304
v -1.409471 0.077645 0.221946
v -1.400158 0.057397 0.220304
v -1.409471 0.057397 0.221946
v -1.414955 0.057397 0.223434
v -1.414955 0.077645 0.223433
v -1.390510 0.057397 0.276664
v -1.390511 0.077645 0.276664
v -1.399542 0.077645 0.278256
v -1.399542 0.057397 0.278256
v -1.405192 0.077645 0.278801
v -1.405192 0.057397 0.278801
v -1.400158 0.041357 0.220304
v -1.409471 0.041357 0.221946
v -1.402121 0.030904 0.209168
v -1.411435 0.030905 0.210810
v -1.414955 0.041357 0.223433
v -1.388541 0.030904 0.287835
v -1.390511 0.041357 0.276664
v -1.399542 0.041357 0.278256
v -1.397572 0.030905 0.289428
v -1.405192 0.041357 0.278801
v -1.404571 0.029455 0.286232
v -1.408013 0.027421 0.175759
v -1.417325 0.027420 0.177401
v -1.413957 0.027420 0.142047
v -1.423270 0.027421 0.143690
v -1.421815 0.028834 0.129498
v -1.430152 0.026202 0.130340
v -1.425760 0.026202 0.129565
v -1.425717 0.027116 0.129810
v -1.430314 0.022109 0.129420
v -1.425922 0.022109 0.128645
v -1.431488 0.022109 0.129668
v -1.431326 0.026202 0.130588
v -1.429849 0.026879 0.130516
v -1.383440 0.027421 0.369577
v -1.383590 0.027420 0.368724
v -1.374408 0.027421 0.367984
v -1.374559 0.027421 0.367131
v -1.376673 0.027421 0.355139
v -1.385705 0.027421 0.356731
v -1.388670 0.022109 0.372504
v -1.383090 0.022109 0.371557
v -1.383253 0.026202 0.370637
v -1.388832 0.026202 0.371584
v -1.387482 0.022109 0.372332
v -1.387644 0.026202 0.371412
v -1.379647 0.028834 0.369375
v -1.383295 0.027116 0.370396
v -1.387419 0.026879 0.371149
v -1.399728 -0.042261 0.220228
v -1.409471 -0.042261 0.221946
v -1.414955 -0.042261 0.223433
v -1.390074 -0.042261 0.276587
v -1.399542 -0.042261 0.278256
v -1.388104 -0.031809 0.287758
v -1.397572 -0.031809 0.289428
v -1.404571 -0.030284 0.286234
v -1.405192 -0.042261 0.278801
v -1.358329 0.117669 0.270989
v -1.358329 0.109927 0.270989
v -1.366374 0.117669 0.272408
v -1.366373 0.109927 0.272408
v -1.366374 0.096891 0.272408
v -1.358328 0.096891 0.270989
v -1.357772 0.097510 0.321188
v -1.361901 0.112401 0.297774
v -1.353856 0.112401 0.296356
v -1.349727 0.097510 0.319769
v -1.365256 0.121379 0.278749
v -1.357211 0.121380 0.277331
v -1.352944 0.118787 0.281660
v -1.349271 0.112238 0.295537
v -1.345144 0.097469 0.318942
v -1.366373 0.077645 0.272408
v -1.358329 0.077645 0.270989
v -1.366374 0.057397 0.272408
v -1.358329 0.057397 0.270989
v -1.351983 0.057397 0.280155
v -1.352281 0.077645 0.278463
v -1.351873 0.057397 0.354644
v -1.354332 0.077645 0.340695
v -1.346288 0.077645 0.339277
v -1.343828 0.057397 0.353226
v -1.341705 0.077645 0.338442
v -1.339247 0.057397 0.352385
v -1.366373 0.041357 0.272408
v -1.358329 0.041357 0.270989
v -1.364404 0.030904 0.283579
v -1.356359 0.030905 0.282161
v -1.351459 0.033614 0.290082
v -1.351839 0.041357 0.280972
v -1.344491 0.027421 0.349464
v -1.342377 0.027420 0.361457
v -1.352536 0.027420 0.350883
v -1.350422 0.027421 0.362875
v -1.350271 0.027420 0.363728
v -1.342226 0.027421 0.362310
v -1.350277 0.030904 0.363696
v -1.350685 0.041357 0.361382
v -1.342640 0.041357 0.359964
v -1.342232 0.030905 0.362277
v -1.338059 0.041357 0.359120
v -1.338947 0.033614 0.361042
v -1.374614 0.096891 0.215800
v -1.374614 0.109927 0.215800
v -1.367132 0.109927 0.214481
v -1.367132 0.096891 0.214481
v -1.374614 0.117669 0.215800
v -1.367132 0.117669 0.214481
v -1.375732 0.121379 0.209458
v -1.379086 0.112401 0.190433
v -1.371605 0.112401 0.189114
v -1.368250 0.121380 0.208139
v -1.383215 0.097510 0.167020
v -1.375733 0.097510 0.165700
v -1.371987 0.097469 0.165062
v -1.367860 0.112238 0.188465
v -1.366347 0.118787 0.202723
v -1.386655 0.077645 0.147512
v -1.379173 0.077645 0.146193
v -1.389115 0.057397 0.133564
v -1.381632 0.057397 0.132244
v -1.377884 0.057397 0.131620
v -1.375425 0.077645 0.145562
v -1.374614 0.057397 0.215800
v -1.374614 0.077645 0.215800
v -1.367132 0.077645 0.214481
v -1.367132 0.057397 0.214481
v -1.390302 0.041357 0.126825
v -1.382820 0.041357 0.125506
v -1.390710 0.030904 0.124516
v -1.383228 0.030905 0.123196
v -1.380343 0.033614 0.123347
v -1.379071 0.041357 0.124884
v -1.380930 0.027421 0.136224
v -1.374986 0.027420 0.169935
v -1.388413 0.027420 0.137543
v -1.382468 0.027421 0.171254
v -1.376578 0.030904 0.204664
v -1.369095 0.030904 0.203344
v -1.374614 0.041357 0.215800
v -1.367132 0.041357 0.214481
v -1.380633 -0.098414 0.166565
v -1.376505 -0.113306 0.189978
v -1.369883 -0.113306 0.188811
v -1.374012 -0.098414 0.165397
v -1.373150 -0.122284 0.209003
v -1.366528 -0.122284 0.207836
v -1.365582 -0.119691 0.202588
v -1.367430 -0.113143 0.188389
v -1.371557 -0.098374 0.164986
v -1.365410 -0.118573 0.214177
v -1.365411 -0.110832 0.214177
v -1.372032 -0.118573 0.215345
v -1.372032 -0.110832 0.215345
v -1.372032 -0.097796 0.215345
v -1.365410 -0.097796 0.214177
v -1.386533 -0.058301 0.133108
v -1.384073 -0.078549 0.147057
v -1.377452 -0.078549 0.145890
v -1.379911 -0.058301 0.131941
v -1.374995 -0.078549 0.145487
v -1.377454 -0.058301 0.131544
v -1.372032 -0.078549 0.215345
v -1.365411 -0.078549 0.214177
v -1.372032 -0.058301 0.215345
v -1.365410 -0.058301 0.214177
v -1.373996 -0.031809 0.204208
v -1.379886 -0.028325 0.170799
v -1.373265 -0.028325 0.169632
v -1.367374 -0.031809 0.203041
v -1.385831 -0.028325 0.137088
v -1.379209 -0.028325 0.135921
v -1.388128 -0.031809 0.124060
v -1.387720 -0.042261 0.126370
v -1.381099 -0.042261 0.125203
v -1.381506 -0.031809 0.122893
v -1.378641 -0.042261 0.124809
v -1.379578 -0.034519 0.123212
v -1.372032 -0.042261 0.215345
v -1.365411 -0.042261 0.214177
v -1.363751 -0.097796 0.271945
v -1.363751 -0.110832 0.271945
v -1.356580 -0.110832 0.270681
v -1.356581 -0.097796 0.270681
v -1.363751 -0.118573 0.271945
v -1.356581 -0.118573 0.270681
v -1.362633 -0.122284 0.278287
v -1.359278 -0.113306 0.297312
v -1.352108 -0.113306 0.296048
v -1.355462 -0.122284 0.277023
v -1.355150 -0.098414 0.320726
v -1.347979 -0.098414 0.319461
v -1.344707 -0.098374 0.318865
v -1.348834 -0.113143 0.295460
v -1.352167 -0.119691 0.281523
v -1.363751 -0.058301 0.271945
v -1.363751 -0.078549 0.271945
v -1.356580 -0.078549 0.270681
v -1.356581 -0.058301 0.270681
v -1.351844 -0.078549 0.278386
v -1.351546 -0.058301 0.280078
v -1.351710 -0.078549 0.340233
v -1.344539 -0.078549 0.338969
v -1.349251 -0.058301 0.354182
v -1.342080 -0.058301 0.352918
v -1.338810 -0.058301 0.352308
v -1.341269 -0.078549 0.338365
v -1.340478 -0.028325 0.362002
v -1.340629 -0.028325 0.361149
v -1.347649 -0.028325 0.363266
v -1.347799 -0.028325 0.362413
v -1.349914 -0.028325 0.350421
v -1.342743 -0.028325 0.349156
v -1.361781 -0.031809 0.283117
v -1.363751 -0.042261 0.271945
v -1.356580 -0.042261 0.270681
v -1.354611 -0.031809 0.281853
v -1.351402 -0.042261 0.280895
v -1.350682 -0.034519 0.289945
v -1.348063 -0.042261 0.360920
v -1.340892 -0.042261 0.359656
v -1.347655 -0.031809 0.363234
v -1.340484 -0.031809 0.361969
v -1.338170 -0.034519 0.360905
v -1.337622 -0.042261 0.359043
v -1.366374 0.117669 0.272408
v -1.378278 0.117669 0.274507
v -1.378278 0.109927 0.274507
v -1.366373 0.109927 0.272408
v -1.378278 0.096891 0.274507
v -1.366374 0.096891 0.272408
v -1.378278 0.077645 0.274507
v -1.378278 0.057397 0.274507
v -1.366374 0.057397 0.272408
v -1.366373 0.077645 0.272408
v -1.378278 0.041357 0.274507
v -1.376308 0.030905 0.285678
v -1.364404 0.030904 0.283579
v -1.366373 0.041357 0.272408
v -1.352536 0.027420 0.350883
v -1.364440 0.027421 0.352982
v -1.362326 0.027420 0.364974
v -1.350422 0.027421 0.362875
v -1.362175 0.027421 0.365827
v -1.350271 0.027420 0.363728
v -1.362589 0.041357 0.363481
v -1.362181 0.030905 0.365795
v -1.363777 0.057397 0.356743
v -1.366237 0.077645 0.342794
v -1.369676 0.097510 0.323287
v -1.373805 0.112401 0.299873
v -1.377159 0.121380 0.280848
v -1.399122 0.077645 0.149711
v -1.395682 0.097510 0.169218
v -1.401581 0.057397 0.135762
v -1.402769 0.041357 0.129024
v -1.403177 0.030905 0.126714
v -1.388413 0.027420 0.137543
v -1.400880 0.027421 0.139742
v -1.394935 0.027420 0.173453
v -1.382468 0.027421 0.171254
v -1.389044 0.030904 0.206862
v -1.376578 0.030904 0.204664
v -1.387081 0.041357 0.217998
v -1.387081 0.057397 0.217998
v -1.374614 0.057397 0.215800
v -1.374614 0.041357 0.215800
v -1.387081 0.077645 0.217998
v -1.387081 0.096891 0.217998
v -1.374614 0.096891 0.215800
v -1.374614 0.077645 0.215800
v -1.387081 0.109927 0.217998
v -1.387081 0.117669 0.217998
v -1.374614 0.117669 0.215800
v -1.374614 0.109927 0.215800
v -1.391554 0.112401 0.192632
v -1.388199 0.121380 0.211657
v -1.385360 -0.078549 0.217695
v -1.385359 -0.097796 0.217695
v -1.385359 -0.058301 0.217695
v -1.372032 -0.058301 0.215345
v -1.372032 -0.078549 0.215345
v -1.372032 -0.097796 0.215345
v -1.385360 -0.042261 0.217695
v -1.387323 -0.031809 0.206558
v -1.373996 -0.031809 0.204208
v -1.372032 -0.042261 0.215345
v -1.393214 -0.028325 0.173149
v -1.399158 -0.028325 0.139438
v -1.385831 -0.028325 0.137088
v -1.379886 -0.028325 0.170799
v -1.401048 -0.042261 0.128720
v -1.401455 -0.031809 0.126410
v -1.399860 -0.058301 0.135458
v -1.397401 -0.078549 0.149407
v -1.393961 -0.098414 0.168915
v -1.389832 -0.113306 0.192328
v -1.386478 -0.122284 0.211353
v -1.372032 -0.118573 0.215345
v -1.385359 -0.118573 0.217695
v -1.385360 -0.110832 0.217695
v -1.372032 -0.110832 0.215345
v -1.364488 -0.078549 0.342486
v -1.367928 -0.098414 0.322979
v -1.362029 -0.058301 0.356435
v -1.360841 -0.042261 0.363173
v -1.360433 -0.031809 0.365487
v -1.347649 -0.028325 0.363266
v -1.360427 -0.028325 0.365519
v -1.360578 -0.028325 0.364666
v -1.347799 -0.028325 0.362413
v -1.362692 -0.028325 0.352674
v -1.349914 -0.028325 0.350421
v -1.376529 -0.042261 0.274198
v -1.374560 -0.031809 0.285370
v -1.376530 -0.058301 0.274198
v -1.363751 -0.058301 0.271945
v -1.363751 -0.042261 0.271945
v -1.361781 -0.031809 0.283117
v -1.376529 -0.078549 0.274198
v -1.376530 -0.097796 0.274199
v -1.363751 -0.097796 0.271945
v -1.363751 -0.078549 0.271945
v -1.376529 -0.110832 0.274198
v -1.376530 -0.118573 0.274199
v -1.363751 -0.118573 0.271945
v -1.363751 -0.110832 0.271945
v -1.372057 -0.113306 0.299565
v -1.375411 -0.122284 0.280540
v -1.498847 0.012411 0.137771
v -1.488696 0.012302 0.137070
v -1.481406 0.012795 0.130843
v -1.481673 -0.000329 0.129327
v -1.499107 -0.000333 0.136298
v -1.488954 -0.000333 0.135610
v -1.458740 0.012266 0.132151
v -1.430704 0.012266 0.127207
v -1.488696 0.012302 0.137070
v -1.488954 -0.000333 0.135610
v -1.458997 -0.000334 0.130695
v -1.430961 -0.000334 0.125751
v -1.426312 0.012266 0.126433
v -1.431878 0.012266 0.127456
v -1.430704 0.012266 0.127207
v -1.430961 -0.000334 0.125751
v -1.426569 -0.000334 0.124977
v -1.432135 -0.000334 0.126001
v -1.425047 0.012266 0.177063
v -1.418849 0.012266 0.212213
v -1.431211 0.012266 0.142106
v -1.431429 -0.000334 0.140869
v -1.425171 -0.000334 0.176359
v -1.418880 -0.000334 0.212037
v -1.408588 -0.000334 0.270407
v -1.408588 0.012266 0.270407
v -1.411890 0.012266 0.251679
v -1.411890 -0.000334 0.251679
v -1.415204 0.012266 0.232884
v -1.415204 -0.000334 0.232884
v -1.390020 -0.000334 0.375708
v -1.390275 0.012266 0.374264
v -1.390431 0.012266 0.373380
v -1.390179 -0.000334 0.374810
v -1.392624 0.012266 0.360944
v -1.392405 -0.000334 0.362184
v -1.386835 -0.000334 0.376000
v -1.387092 0.012266 0.374544
v -1.382700 0.012266 0.373770
v -1.382444 -0.000334 0.375226
v -1.388280 0.012266 0.374715
v -1.388023 -0.000334 0.376171
v -1.444703 -0.000333 0.386571
v -1.444960 0.012302 0.385111
v -1.415128 0.012266 0.379487
v -1.414871 -0.000334 0.380943
v -1.387092 0.012266 0.374544
v -1.386835 -0.000334 0.376000
v -1.435712 -0.000329 0.389985
v -1.435980 0.012795 0.388468
v -1.454738 0.012411 0.387924
v -1.454479 -0.000333 0.389396
v -1.444960 0.012302 0.385111
v -1.444703 -0.000333 0.386571
v -1.481454 0.126232 0.236412
v -1.471450 0.125162 0.234878
v -1.463493 0.130016 0.232431
v -1.441543 0.124805 0.229681
v -1.413507 0.124805 0.224738
v -1.471450 0.125162 0.234878
v -1.472839 0.122052 0.227001
v -1.442928 0.121704 0.221827
v -1.406090 0.123283 0.218675
v -1.409115 0.124805 0.223964
v -1.414688 0.124481 0.224946
v -1.413507 0.124805 0.224738
v -1.406090 0.123283 0.218675
v -1.409382 0.124481 0.222451
v -1.413441 0.124228 0.223571
v -1.416546 0.117669 0.225274
v -1.416546 0.109927 0.225274
v -1.416546 0.096891 0.225274
v -1.416546 0.077645 0.225274
v -1.416546 0.057397 0.225274
v -1.416546 0.041357 0.225274
v -1.416546 0.030600 0.225274
v -1.416546 0.026202 0.225274
v -1.416546 0.022109 0.225274
v -1.416546 0.012266 0.225274
v -1.416546 -0.000334 0.225274
v -1.416546 -0.026634 0.225274
v -1.416546 -0.031386 0.225274
v -1.416546 -0.022304 0.225274
v -1.416546 -0.042261 0.225274
v -1.416546 -0.058301 0.225274
v -1.416546 -0.078549 0.225274
v -1.416546 -0.097796 0.225274
v -1.416546 -0.118573 0.225274
v -1.416546 -0.110832 0.225274
v -1.405899 -0.124187 0.218641
v -1.413507 -0.125710 0.224738
v -1.409115 -0.125710 0.223964
v -1.409382 -0.125385 0.222451
v -1.414688 -0.125385 0.224946
v -1.413441 -0.125132 0.223571
v -1.471450 -0.126066 0.234878
v -1.441543 -0.125710 0.229682
v -1.413507 -0.125710 0.224738
v -1.463493 -0.130920 0.232431
v -1.481454 -0.127136 0.236412
v -1.471450 -0.126066 0.234878
v -1.472084 -0.127136 0.289553
v -1.462159 -0.126066 0.287570
v -1.453843 -0.130920 0.287159
v -1.432278 -0.125710 0.282224
v -1.404242 -0.125710 0.277281
v -1.462159 -0.126066 0.287570
v -1.399850 -0.125710 0.276506
v -1.405424 -0.125385 0.277489
v -1.404242 -0.125710 0.277281
v -1.395172 -0.124187 0.280191
v -1.399619 -0.125385 0.277819
v -1.403807 -0.125132 0.278206
v -1.407282 -0.097796 0.277816
v -1.407281 -0.110832 0.277816
v -1.407282 -0.118573 0.277816
v -1.407282 -0.058301 0.277816
v -1.407281 -0.078549 0.277816
v -1.407282 -0.031386 0.277816
v -1.407281 -0.042261 0.277816
v -1.405051 -0.022304 0.290465
v -1.407282 -0.022304 0.277816
v -1.407281 -0.026634 0.277816
v -1.405072 -0.026634 0.290347
v -1.405054 0.022109 0.290445
v -1.407282 0.022109 0.277816
v -1.407281 0.012266 0.277816
v -1.405007 0.012266 0.290714
v -1.407282 -0.000334 0.277816
v -1.404976 -0.000334 0.290890
v -1.407282 0.030600 0.277816
v -1.407281 0.026202 0.277816
v -1.405074 0.026202 0.290334
v -1.407282 0.057397 0.277816
v -1.407281 0.041357 0.277816
v -1.407282 0.096891 0.277816
v -1.407281 0.077645 0.277816
v -1.407282 0.117669 0.277816
v -1.407281 0.109927 0.277816
v -1.395366 0.123283 0.280225
v -1.404242 0.124805 0.277280
v -1.399851 0.124805 0.276506
v -1.399619 0.124481 0.277819
v -1.405424 0.124481 0.277489
v -1.403807 0.124228 0.278206
v -1.462159 0.125162 0.287570
v -1.432278 0.124805 0.282224
v -1.404242 0.124805 0.277280
v -1.453843 0.130016 0.287159
v -1.472084 0.126232 0.289553
v -1.462159 0.125162 0.287570
v -1.454719 -0.012837 0.388031
v -1.444941 -0.012732 0.385217
v -1.435960 -0.013206 0.388579
v -1.415109 -0.012697 0.379594
v -1.387073 -0.012697 0.374650
v -1.444941 -0.012732 0.385217
v -1.382682 -0.012697 0.373876
v -1.388261 -0.012697 0.374822
v -1.387073 -0.012697 0.374650
v -1.390257 -0.012697 0.374370
v -1.390412 -0.012697 0.373484
v -1.392608 -0.012697 0.361035
v -1.407281 -0.012697 0.277816
v -1.405005 -0.012697 0.290727
v -1.408588 -0.012697 0.270407
v -1.411890 -0.012697 0.251679
v -1.415204 -0.012697 0.232884
v -1.416546 -0.012697 0.225274
v -1.418851 -0.012697 0.212200
v -1.425056 -0.012697 0.177012
v -1.431227 -0.012697 0.142015
v -1.430723 -0.012697 0.127101
v -1.426331 -0.012697 0.126327
v -1.431897 -0.012697 0.127350
v -1.488715 -0.012732 0.136963
v -1.458759 -0.012697 0.132045
v -1.430723 -0.012697 0.127101
v -1.481425 -0.013206 0.130733
v -1.498866 -0.012837 0.137663
v -1.488715 -0.012732 0.136963
v -1.346371 0.077645 0.303041
v -1.345178 0.057397 0.309809
v -1.344602 0.041357 0.313078
v -1.345929 0.030905 0.314487
v -1.358494 0.027421 0.317094
v -1.350449 0.027420 0.315676
v -1.382631 0.027421 0.321350
v -1.370398 0.027420 0.319193
v -1.358494 0.027421 0.317094
v -1.391662 0.027420 0.322943
v -1.397230 0.027116 0.323959
v -1.399070 0.026202 0.324386
v -1.398991 0.022109 0.324832
v -1.398802 0.012266 0.325906
v -1.398678 -0.000334 0.326612
v -1.398793 -0.012697 0.325957
v -1.398978 -0.022304 0.324910
v -1.399061 -0.026634 0.324438
v -1.397227 -0.027902 0.323972
v -1.382194 -0.028325 0.321273
v -1.391662 -0.028325 0.322943
v -1.368650 -0.028325 0.318885
v -1.355872 -0.028325 0.316632
v -1.348701 -0.028325 0.315368
v -1.345492 -0.031809 0.314410
v -1.355872 -0.028325 0.316632
v -1.344602 -0.042261 0.313078
v -1.345178 -0.058301 0.309809
v -1.346371 -0.078549 0.303041
v -1.374069 0.077645 0.145956
v -1.373947 0.077645 0.146654
v -1.376506 0.057397 0.132139
v -1.376358 0.057397 0.132979
v -1.377523 0.041357 0.126373
v -1.379176 0.030905 0.124290
v -1.377683 0.041357 0.125464
v -1.379341 0.030904 0.123357
v -1.383220 0.027421 0.123241
v -1.383054 0.027420 0.124182
v -1.390702 0.027420 0.124561
v -1.390536 0.027421 0.125502
v -1.390702 0.027420 0.124561
v -1.403169 0.027421 0.126759
v -1.403003 0.027420 0.127700
v -1.390536 0.027421 0.125502
v -1.416246 0.027421 0.129065
v -1.416080 0.027421 0.130006
v -1.425393 0.027420 0.131648
v -1.430978 0.027116 0.132563
v -1.425559 0.027421 0.130707
v -1.431144 0.027116 0.131622
v -1.432871 0.026202 0.132690
v -1.433030 0.022109 0.131788
v -1.433038 0.026202 0.131746
v -1.433198 0.022109 0.130834
v -1.433412 0.012266 0.129619
v -1.433664 -0.000334 0.128191
v -1.433585 0.012266 0.128643
v -1.433839 -0.000334 0.127200
v -1.433431 -0.012697 0.129514
v -1.433058 -0.022304 0.131631
v -1.433603 -0.012697 0.128537
v -1.433226 -0.022304 0.130676
v -1.432889 -0.026634 0.132585
v -1.430982 -0.027902 0.132537
v -1.433056 -0.026634 0.131640
v -1.431148 -0.027902 0.131595
v -1.425559 -0.028325 0.130707
v -1.425393 -0.028325 0.131648
v -1.415816 -0.028325 0.128989
v -1.415650 -0.028325 0.129930
v -1.401282 -0.028325 0.127396
v -1.387954 -0.028325 0.125046
v -1.401447 -0.028325 0.126455
v -1.388120 -0.028325 0.124105
v -1.381333 -0.028325 0.123879
v -1.378746 -0.031809 0.124214
v -1.387954 -0.028325 0.125046
v -1.388120 -0.028325 0.124105
v -1.381498 -0.028325 0.122938
v -1.378910 -0.031809 0.123281
v -1.377523 -0.042261 0.126373
v -1.376358 -0.058301 0.132979
v -1.377683 -0.042261 0.125464
v -1.376506 -0.058301 0.132139
v -1.373947 -0.078549 0.146654
v -1.374069 -0.078549 0.145956
v -1.387081 0.121032 0.217998
v -1.374614 0.121032 0.215800
v -1.400158 0.121032 0.220304
v -1.400158 0.122238 0.220304
v -1.387081 0.122238 0.217998
v -1.374614 0.122238 0.215800
v -1.367132 0.121032 0.214481
v -1.364502 0.118403 0.207511
v -1.374614 0.121032 0.215800
v -1.374614 0.122238 0.215800
v -1.367132 0.122238 0.214481
v -1.364504 0.119458 0.207501
v -1.366599 0.111117 0.188320
v -1.366593 0.110514 0.188361
v -1.370714 0.097189 0.164986
v -1.370700 0.097038 0.165064
v -1.374142 0.077645 0.145545
v -1.374123 0.077645 0.145653
v -1.376593 0.057397 0.131643
v -1.376570 0.057397 0.131774
v -1.377753 0.041357 0.125070
v -1.379412 0.030905 0.122952
v -1.377777 0.041357 0.124928
v -1.379438 0.030904 0.122806
v -1.383318 0.027421 0.122686
v -1.383292 0.027420 0.122832
v -1.390800 0.027420 0.124005
v -1.390774 0.027421 0.124152
v -1.390800 0.027420 0.124005
v -1.403267 0.027421 0.126203
v -1.403241 0.027420 0.126350
v -1.390774 0.027421 0.124152
v -1.416344 0.027421 0.128509
v -1.416318 0.027421 0.128656
v -1.425631 0.027420 0.130298
v -1.431216 0.027116 0.131212
v -1.425657 0.027421 0.130151
v -1.431242 0.027116 0.131066
v -1.433110 0.026202 0.131336
v -1.433271 0.022109 0.130420
v -1.433136 0.026202 0.131189
v -1.433297 0.022109 0.130272
v -1.433659 0.012266 0.128219
v -1.433915 -0.000334 0.126770
v -1.433686 0.012266 0.128067
v -1.433942 -0.000334 0.126616
v -1.433678 -0.012697 0.128113
v -1.433299 -0.022304 0.130262
v -1.433705 -0.012697 0.127961
v -1.433325 -0.022304 0.130113
v -1.433128 -0.026634 0.131230
v -1.431221 -0.027902 0.131186
v -1.433155 -0.026634 0.131083
v -1.431246 -0.027902 0.131039
v -1.425657 -0.028325 0.130151
v -1.425631 -0.028325 0.130298
v -1.415914 -0.028325 0.128433
v -1.415888 -0.028325 0.128580
v -1.401520 -0.028325 0.126046
v -1.388192 -0.028325 0.123696
v -1.401545 -0.028325 0.125900
v -1.388218 -0.028325 0.123550
v -1.381571 -0.028325 0.122529
v -1.378982 -0.031809 0.122876
v -1.388192 -0.028325 0.123696
v -1.388218 -0.028325 0.123550
v -1.381596 -0.028325 0.122382
v -1.379008 -0.031809 0.122731
v -1.377753 -0.042261 0.125070
v -1.376570 -0.058301 0.131774
v -1.377777 -0.042261 0.124928
v -1.376593 -0.058301 0.131643
v -1.374123 -0.078549 0.145653
v -1.370700 -0.097943 0.165064
v -1.374142 -0.078549 0.145545
v -1.370714 -0.098093 0.164986
v -1.366593 -0.111419 0.188361
v -1.364072 -0.119307 0.207435
v -1.366599 -0.112022 0.188320
v -1.364074 -0.120362 0.207425
v -1.365410 -0.123142 0.214177
v -1.365411 -0.121937 0.214177
v -1.372032 -0.123143 0.215345
v -1.372032 -0.121937 0.215345
v -1.372032 -0.123143 0.215345
v -1.385359 -0.123142 0.217695
v -1.385360 -0.121937 0.217695
v -1.372032 -0.121937 0.215345
v -1.399728 -0.123142 0.220228
v -1.399728 -0.121937 0.220228
v -1.409471 -0.121937 0.221946
v -1.414955 -0.121937 0.223433
v -1.409471 -0.123142 0.221946
v -1.414955 -0.123142 0.223433
v -1.416546 -0.123142 0.225274
v -1.416546 -0.121937 0.225274
v -1.415204 -0.123142 0.232884
v -1.415204 -0.121937 0.232884
v -1.411890 -0.123142 0.251679
v -1.411890 -0.121937 0.251679
v -1.408588 -0.123142 0.270407
v -1.408588 -0.121937 0.270407
v -1.407281 -0.121937 0.277816
v -1.405192 -0.121937 0.278801
v -1.407282 -0.123142 0.277816
v -1.405192 -0.123142 0.278801
v -1.399542 -0.123142 0.278256
v -1.399542 -0.121937 0.278256
v -1.390074 -0.123142 0.276587
v -1.390074 -0.121937 0.276587
v -1.376529 -0.121937 0.274198
v -1.363751 -0.121937 0.271945
v -1.376530 -0.123142 0.274199
v -1.363751 -0.123142 0.271945
v -1.356580 -0.121937 0.270681
v -1.352192 -0.119307 0.276416
v -1.363751 -0.121937 0.271945
v -1.363751 -0.123142 0.271945
v -1.356581 -0.123142 0.270681
v -1.352190 -0.120362 0.276426
v -1.347754 -0.112022 0.295200
v -1.347760 -0.111419 0.295163
v -1.343638 -0.098093 0.318541
v -1.343650 -0.097943 0.318471
v -1.340209 -0.078549 0.337989
v -1.340226 -0.078549 0.337890
v -1.337757 -0.058301 0.351895
v -1.337778 -0.058301 0.351776
v -1.336572 -0.042261 0.358612
v -1.336595 -0.042261 0.358484
v -1.337252 -0.031809 0.361147
v -1.337275 -0.031809 0.361015
v -1.340390 -0.028325 0.362505
v -1.340413 -0.028325 0.362372
v -1.347560 -0.028325 0.363770
v -1.347584 -0.028325 0.363637
v -1.347560 -0.028325 0.363770
v -1.360339 -0.028325 0.366023
v -1.360362 -0.028325 0.365890
v -1.347584 -0.028325 0.363637
v -1.373882 -0.028325 0.368411
v -1.373906 -0.028325 0.368278
v -1.383374 -0.028325 0.369948
v -1.388931 -0.027902 0.371025
v -1.383351 -0.028325 0.370080
v -1.388907 -0.027902 0.371158
v -1.390715 -0.026634 0.371770
v -1.390738 -0.026634 0.371636
v -1.390544 -0.022304 0.372740
v -1.390568 -0.022304 0.372605
v -1.390164 -0.012697 0.374893
v -1.390188 -0.012697 0.374755
v -1.389927 -0.000334 0.376238
v -1.389952 -0.000334 0.376098
v -1.390183 0.012266 0.374787
v -1.390207 0.012266 0.374649
v -1.390572 0.022109 0.372581
v -1.390596 0.022109 0.372446
v -1.390734 0.026202 0.371664
v -1.390757 0.026202 0.371530
v -1.388912 0.027116 0.371131
v -1.388935 0.027116 0.370998
v -1.383351 0.027421 0.370080
v -1.383374 0.027420 0.369947
v -1.374320 0.027421 0.368488
v -1.374343 0.027421 0.368355
v -1.362110 0.027420 0.366198
v -1.350206 0.027421 0.364099
v -1.362086 0.027421 0.366331
v -1.350182 0.027421 0.364232
v -1.342161 0.027420 0.362680
v -1.337712 0.030904 0.361092
v -1.350206 0.027421 0.364099
v -1.350182 0.027421 0.364232
v -1.342137 0.027421 0.362813
v -1.337689 0.030904 0.361224
v -1.336572 0.041357 0.358612
v -1.336595 0.041357 0.358484
v -1.337757 0.057397 0.351895
v -1.337778 0.057397 0.351776
v -1.340209 0.077645 0.337989
v -1.340226 0.077645 0.337890
v -1.343638 0.097189 0.318541
v -1.343650 0.097038 0.318471
v -1.347754 0.111117 0.295199
v -1.347760 0.110514 0.295163
v -1.352627 0.119458 0.276503
v -1.352629 0.118403 0.276493
v -1.358329 0.122238 0.270989
v -1.358329 0.121032 0.270989
v -1.366374 0.122238 0.272408
v -1.366373 0.121032 0.272408
v -1.366374 0.122238 0.272408
v -1.378278 0.122238 0.274507
v -1.378278 0.121032 0.274507
v -1.366373 0.121032 0.272408
v -1.390510 0.122238 0.276664
v -1.390511 0.121032 0.276664
v -1.399542 0.121032 0.278256
v -1.405192 0.121032 0.278801
v -1.399542 0.122238 0.278256
v -1.405192 0.122238 0.278801
v -1.407282 0.122238 0.277816
v -1.407281 0.121032 0.277816
v -1.408588 0.122238 0.270407
v -1.408588 0.121032 0.270407
v -1.411890 0.122238 0.251679
v -1.411890 0.121032 0.251679
v -1.415204 0.122238 0.232884
v -1.415204 0.121032 0.232884
v -1.416546 0.122238 0.225274
v -1.416546 0.121032 0.225274
v -1.414955 0.122238 0.223433
v -1.414955 0.121032 0.223433
v -1.409471 0.122238 0.221946
v -1.409471 0.121032 0.221946
v -1.387081 0.123506 0.217998
v -1.374614 0.123506 0.215800
v -1.400158 0.123506 0.220304
v -1.388199 0.121380 0.211657
v -1.375732 0.121379 0.209458
v -1.367132 0.123506 0.214481
v -1.364506 0.120567 0.207490
v -1.374614 0.123506 0.215800
v -1.375732 0.121379 0.209458
v -1.368250 0.121380 0.208139
v -1.366347 0.118787 0.202723
v -1.371987 0.097469 0.165062
v -1.370728 0.097347 0.164904
v -1.366607 0.111751 0.188278
v -1.367860 0.112238 0.188465
v -1.375425 0.077645 0.145562
v -1.374162 0.077645 0.145430
v -1.377884 0.057397 0.131620
v -1.376617 0.057397 0.131505
v -1.377804 0.041357 0.124779
v -1.379465 0.030905 0.122654
v -1.379071 0.041357 0.124884
v -1.380343 0.033614 0.123347
v -1.390710 0.030904 0.124516
v -1.390827 0.027421 0.123851
v -1.383345 0.027420 0.122532
v -1.383228 0.030905 0.123196
v -1.416371 0.027421 0.128355
v -1.403294 0.027420 0.126049
v -1.403177 0.030905 0.126714
v -1.390827 0.027421 0.123851
v -1.390710 0.030904 0.124516
v -1.425684 0.027420 0.129997
v -1.431269 0.027116 0.130912
v -1.433163 0.026202 0.131034
v -1.433325 0.022109 0.130116
v -1.433714 0.012266 0.127907
v -1.433971 -0.000334 0.126454
v -1.433733 -0.012697 0.127801
v -1.433353 -0.022304 0.129956
v -1.433182 -0.026634 0.130928
v -1.431274 -0.027902 0.130885
v -1.415941 -0.028325 0.128279
v -1.425684 -0.028325 0.129997
v -1.401573 -0.028325 0.125746
v -1.388245 -0.028325 0.123396
v -1.401455 -0.031809 0.126410
v -1.388128 -0.031809 0.124060
v -1.381624 -0.028325 0.122228
v -1.379034 -0.031809 0.122578
v -1.388245 -0.028325 0.123396
v -1.388128 -0.031809 0.124060
v -1.381506 -0.031809 0.122893
v -1.379578 -0.034519 0.123212
v -1.377804 -0.042261 0.124779
v -1.376617 -0.058301 0.131505
v -1.378641 -0.042261 0.124809
v -1.377454 -0.058301 0.131544
v -1.374162 -0.078549 0.145430
v -1.370728 -0.098252 0.164904
v -1.374995 -0.078549 0.145487
v -1.371557 -0.098374 0.164986
v -1.366607 -0.112656 0.188278
v -1.364075 -0.121472 0.207414
v -1.367430 -0.113143 0.188389
v -1.365582 -0.119691 0.202588
v -1.373150 -0.122284 0.209003
v -1.372032 -0.124410 0.215345
v -1.365411 -0.124411 0.214177
v -1.366528 -0.122284 0.207836
v -1.399728 -0.124410 0.220228
v -1.385360 -0.124411 0.217695
v -1.386478 -0.122284 0.211353
v -1.372032 -0.124410 0.215345
v -1.373150 -0.122284 0.209003
v -1.409471 -0.124410 0.221946
v -1.414955 -0.124410 0.223433
v -1.415204 -0.124410 0.232884
v -1.416546 -0.124410 0.225274
v -1.408588 -0.124410 0.270407
v -1.411890 -0.124410 0.251679
v -1.407281 -0.124410 0.277816
v -1.405192 -0.124410 0.278801
v -1.390074 -0.124410 0.276587
v -1.399542 -0.124410 0.278256
v -1.376529 -0.124410 0.274198
v -1.363751 -0.124410 0.271945
v -1.375411 -0.122284 0.280540
v -1.362633 -0.122284 0.278287
v -1.356580 -0.124410 0.270681
v -1.352188 -0.121472 0.276435
v -1.363751 -0.124410 0.271945
v -1.362633 -0.122284 0.278287
v -1.355462 -0.122284 0.277023
v -1.352167 -0.119691 0.281523
v -1.344707 -0.098374 0.318865
v -1.343625 -0.098252 0.318615
v -1.347747 -0.112656 0.295238
v -1.348834 -0.113143 0.295460
v -1.338810 -0.058301 0.352308
v -1.337735 -0.058301 0.352020
v -1.340191 -0.078549 0.338092
v -1.341269 -0.078549 0.338365
v -1.338170 -0.034519 0.360905
v -1.337227 -0.031809 0.361285
v -1.336549 -0.042261 0.358747
v -1.337622 -0.042261 0.359043
v -1.347655 -0.031809 0.363234
v -1.347535 -0.028325 0.363909
v -1.340365 -0.028325 0.362645
v -1.340484 -0.031809 0.361969
v -1.373858 -0.028325 0.368551
v -1.360314 -0.028325 0.366162
v -1.360433 -0.031809 0.365487
v -1.347535 -0.028325 0.363909
v -1.347655 -0.031809 0.363234
v -1.383326 -0.028325 0.370220
v -1.388883 -0.027902 0.371298
v -1.390519 -0.022304 0.372882
v -1.390690 -0.026634 0.371910
v -1.389901 -0.000334 0.376385
v -1.390138 -0.012697 0.375038
v -1.390547 0.022109 0.372722
v -1.390157 0.012266 0.374931
v -1.388887 0.027116 0.371271
v -1.390709 0.026202 0.371804
v -1.374295 0.027421 0.368628
v -1.383326 0.027420 0.370220
v -1.362062 0.027420 0.366471
v -1.350158 0.027421 0.364372
v -1.362181 0.030905 0.365795
v -1.350277 0.030904 0.363696
v -1.342113 0.027420 0.362953
v -1.337664 0.030904 0.361362
v -1.350158 0.027421 0.364372
v -1.350277 0.030904 0.363696
v -1.342232 0.030905 0.362277
v -1.338947 0.033614 0.361042
v -1.339247 0.057397 0.352385
v -1.337735 0.057397 0.352020
v -1.336549 0.041357 0.358747
v -1.338059 0.041357 0.359120
v -1.345144 0.097469 0.318942
v -1.343625 0.097347 0.318615
v -1.340191 0.077645 0.338092
v -1.341705 0.077645 0.338442
v -1.352944 0.118787 0.281660
v -1.352625 0.120567 0.276512
v -1.347747 0.111751 0.295238
v -1.349271 0.112238 0.295537
v -1.365256 0.121379 0.278749
v -1.366373 0.123506 0.272408
v -1.358329 0.123506 0.270989
v -1.357211 0.121380 0.277331
v -1.390511 0.123506 0.276664
v -1.378278 0.123506 0.274507
v -1.377159 0.121380 0.280848
v -1.366373 0.123506 0.272408
v -1.365256 0.121379 0.278749
v -1.399542 0.123506 0.278256
v -1.405192 0.123506 0.278801
v -1.408588 0.123506 0.270407
v -1.407281 0.123506 0.277816
v -1.415204 0.123506 0.232884
v -1.411890 0.123506 0.251679
v -1.414955 0.123506 0.223433
v -1.416546 0.123506 0.225274
v -1.409471 0.123506 0.221946
v -1.259363 0.075542 0.074983
v -1.256132 0.102141 0.093307
v -1.238526 0.103821 0.088063
v -1.241810 0.076786 0.069439
v -1.251614 0.128237 0.118933
v -1.233933 0.130344 0.114109
v -1.229927 0.131317 0.112614
v -1.234554 0.104597 0.086375
v -1.237862 0.077361 0.067612
v -1.246190 0.147799 0.149690
v -1.228421 0.150227 0.145370
v -1.241667 0.160020 0.175345
v -1.223823 0.162648 0.171445
v -1.219739 0.163862 0.170393
v -1.224374 0.151348 0.144108
v -1.239847 0.164094 0.185664
v -1.221974 0.166789 0.181933
v -1.238085 0.164094 0.195661
v -1.220182 0.166789 0.192093
v -1.216061 0.168033 0.191253
v -1.217868 0.168033 0.181003
v -1.207188 0.168033 0.241575
v -1.211616 0.168033 0.216459
v -1.215758 0.166789 0.217188
v -1.211349 0.166789 0.242193
v -1.233731 0.164094 0.220351
v -1.229393 0.164094 0.244953
v -1.203604 0.163862 0.261898
v -1.205427 0.168033 0.251557
v -1.209604 0.166789 0.252086
v -1.207802 0.162648 0.262306
v -1.227677 0.164094 0.254687
v -1.225904 0.160020 0.264742
v -1.221395 0.147799 0.290309
v -1.203220 0.150227 0.288292
v -1.215972 0.128237 0.321067
v -1.197708 0.130344 0.319553
v -1.193432 0.131317 0.319587
v -1.198985 0.151348 0.288093
v -1.211453 0.102141 0.346693
v -1.193115 0.103821 0.345599
v -1.208222 0.075542 0.365017
v -1.189831 0.076786 0.364223
v -1.185497 0.077361 0.364589
v -1.188805 0.104597 0.345827
v -1.206662 0.054470 0.373869
v -1.188245 0.055370 0.373220
v -1.206102 0.040340 0.377045
v -1.187676 0.041008 0.376448
v -1.183325 0.041318 0.376905
v -1.183899 0.055785 0.373653
v -1.182873 0.029904 0.379470
v -1.183091 0.035407 0.378233
v -1.187443 0.035136 0.377768
v -1.187227 0.029671 0.378996
v -1.205873 0.034562 0.378343
v -1.205660 0.029185 0.379552
v -1.182003 -0.000294 0.384406
v -1.182348 0.016661 0.382447
v -1.186706 0.016529 0.381950
v -1.186363 -0.000294 0.383894
v -1.205147 0.016255 0.382458
v -1.204810 -0.000297 0.384371
v -1.205122 -0.016538 0.382598
v -1.186681 -0.016801 0.382092
v -1.205623 -0.029158 0.379762
v -1.187189 -0.029628 0.379209
v -1.182835 -0.029858 0.379684
v -1.182323 -0.016931 0.382589
v -1.183319 -0.042064 0.376940
v -1.183066 -0.035677 0.378376
v -1.187418 -0.035409 0.377910
v -1.187670 -0.041754 0.376483
v -1.205848 -0.034845 0.378483
v -1.206095 -0.041089 0.377080
v -1.185497 -0.078265 0.364589
v -1.183899 -0.056689 0.373653
v -1.188245 -0.056274 0.373220
v -1.189831 -0.077691 0.364223
v -1.206662 -0.055375 0.373869
v -1.208222 -0.076446 0.365017
v -1.211453 -0.103045 0.346693
v -1.193115 -0.104725 0.345599
v -1.215972 -0.129141 0.321067
v -1.197708 -0.131249 0.319553
v -1.193432 -0.132222 0.319587
v -1.188805 -0.105501 0.345827
v -1.221395 -0.148703 0.290309
v -1.203220 -0.151131 0.288292
v -1.225904 -0.160925 0.264742
v -1.207802 -0.163553 0.262306
v -1.203604 -0.164766 0.261898
v -1.198985 -0.152252 0.288093
v -1.227677 -0.164999 0.254687
v -1.209604 -0.167693 0.252086
v -1.229393 -0.164999 0.244953
v -1.211348 -0.167694 0.242193
v -1.207188 -0.168937 0.241574
v -1.205427 -0.168938 0.251557
v -1.216061 -0.168937 0.191253
v -1.211616 -0.168938 0.216459
v -1.215758 -0.167693 0.217188
v -1.220183 -0.167694 0.192093
v -1.233731 -0.164999 0.220351
v -1.238085 -0.164999 0.195661
v -1.219739 -0.164766 0.170392
v -1.217868 -0.168938 0.181003
v -1.221974 -0.167693 0.181933
v -1.223823 -0.163553 0.171445
v -1.239847 -0.164999 0.185664
v -1.241667 -0.160925 0.175345
v -1.246190 -0.148703 0.149690
v -1.228421 -0.151131 0.145370
v -1.251614 -0.129141 0.118933
v -1.233933 -0.131249 0.114109
v -1.229927 -0.132222 0.112614
v -1.224374 -0.152252 0.144108
v -1.256132 -0.103045 0.093307
v -1.238526 -0.104725 0.088063
v -1.259363 -0.076446 0.074983
v -1.241810 -0.077691 0.069439
v -1.237862 -0.078265 0.067612
v -1.234554 -0.105501 0.086375
v -1.260924 -0.055375 0.066131
v -1.243396 -0.056274 0.060442
v -1.261490 -0.041089 0.062920
v -1.243972 -0.041754 0.057178
v -1.240040 -0.042064 0.055261
v -1.239460 -0.056689 0.058548
v -1.261738 -0.034845 0.061517
v -1.244223 -0.035409 0.055752
v -1.261963 -0.029158 0.060238
v -1.244452 -0.029628 0.054453
v -1.240524 -0.029858 0.052518
v -1.240293 -0.035677 0.053826
v -1.241356 -0.000294 0.047796
v -1.241036 -0.016931 0.049612
v -1.244961 -0.016801 0.051570
v -1.245278 -0.000294 0.049768
v -1.262463 -0.016538 0.057402
v -1.262776 -0.000297 0.055629
v -1.262439 0.016255 0.057541
v -1.244936 0.016529 0.051712
v -1.261926 0.029185 0.060448
v -1.244415 0.029671 0.054666
v -1.240486 0.029904 0.052731
v -1.241011 0.016661 0.049754
v -1.240033 0.041318 0.055297
v -1.240268 0.035407 0.053968
v -1.244198 0.035136 0.055894
v -1.243965 0.041008 0.057214
v -1.261713 0.034562 0.061656
v -1.261484 0.040340 0.062955
v -1.260924 0.054470 0.066131
v -1.243396 0.055370 0.060442
v -1.239460 0.055785 0.058549
v -1.423258 0.086192 0.143083
v -1.425987 0.063728 0.127608
v -1.419442 0.108231 0.164726
v -1.352417 0.116221 0.146437
v -1.356514 0.092561 0.123204
v -1.359442 0.068446 0.106591
v -1.414862 0.124752 0.190702
v -1.411042 0.135074 0.212368
v -1.343398 0.145037 0.197583
v -1.347500 0.133957 0.174323
v -1.409505 0.138514 0.221083
v -1.408016 0.138514 0.229525
v -1.340151 0.148730 0.216001
v -1.341749 0.148730 0.206938
v -1.332270 0.148730 0.260691
v -1.336204 0.148730 0.238386
v -1.404339 0.138514 0.250377
v -1.400676 0.138514 0.271155
v -1.329107 0.145037 0.278632
v -1.330715 0.148730 0.269516
v -1.399226 0.138514 0.279376
v -1.397729 0.135074 0.287868
v -1.393921 0.124752 0.309460
v -1.389341 0.108231 0.335436
v -1.320103 0.116221 0.329698
v -1.325020 0.133956 0.301812
v -1.385525 0.086192 0.357079
v -1.382796 0.063728 0.372554
v -1.313077 0.068446 0.369544
v -1.316006 0.092561 0.352931
v -1.381478 0.045932 0.380030
v -1.381005 0.033998 0.382712
v -1.311154 0.036531 0.380449
v -1.311662 0.049342 0.377569
v -1.310753 0.026418 0.382722
v -1.310947 0.031293 0.381626
v -1.380812 0.029119 0.383809
v -1.380632 0.024578 0.384830
v -1.309983 -0.000311 0.387091
v -1.310289 0.014695 0.385357
v -1.380199 0.013658 0.387284
v -1.379914 -0.000321 0.388900
v -1.380178 -0.014037 0.387402
v -1.380601 -0.024695 0.385007
v -1.310720 -0.026477 0.382912
v -1.310267 -0.015036 0.385484
v -1.311148 -0.037294 0.380480
v -1.310924 -0.031634 0.381753
v -1.380791 -0.029499 0.383927
v -1.381000 -0.034771 0.382742
v -1.313077 -0.069350 0.369544
v -1.311662 -0.050246 0.377569
v -1.381478 -0.046837 0.380030
v -1.382796 -0.064632 0.372554
v -1.385525 -0.087096 0.357079
v -1.389341 -0.109136 0.335436
v -1.320103 -0.117125 0.329698
v -1.316006 -0.093466 0.352931
v -1.393921 -0.125657 0.309460
v -1.397729 -0.135978 0.287868
v -1.329107 -0.145941 0.278632
v -1.325020 -0.134861 0.301812
v -1.399226 -0.139419 0.279376
v -1.400676 -0.139419 0.271155
v -1.332270 -0.149635 0.260691
v -1.330715 -0.149635 0.269516
v -1.340151 -0.149635 0.216001
v -1.336204 -0.149635 0.238386
v -1.404339 -0.139419 0.250377
v -1.408016 -0.139419 0.229525
v -1.343398 -0.145941 0.197583
v -1.341749 -0.149635 0.206938
v -1.409505 -0.139419 0.221083
v -1.411042 -0.135978 0.212369
v -1.414862 -0.125657 0.190702
v -1.419442 -0.109136 0.164726
v -1.352417 -0.117125 0.146437
v -1.347500 -0.134861 0.174323
v -1.423258 -0.087096 0.143083
v -1.425987 -0.064632 0.127608
v -1.359443 -0.069350 0.106591
v -1.356514 -0.093466 0.123204
v -1.427305 -0.046837 0.120132
v -1.427783 -0.034771 0.117420
v -1.361371 -0.037294 0.095655
v -1.360858 -0.050246 0.098566
v -1.427992 -0.029499 0.116235
v -1.428183 -0.024695 0.115156
v -1.361800 -0.026478 0.093223
v -1.361596 -0.031634 0.094382
v -1.362536 -0.000311 0.089044
v -1.362253 -0.015036 0.090652
v -1.428605 -0.014037 0.112760
v -1.428869 -0.000321 0.111263
v -1.428584 0.013658 0.112878
v -1.428152 0.024578 0.115332
v -1.361766 0.026418 0.093413
v -1.362231 0.014695 0.090778
v -1.361365 0.036531 0.095686
v -1.361573 0.031293 0.094509
v -1.427971 0.029119 0.116353
v -1.427778 0.033998 0.117450
v -1.427305 0.045932 0.120132
v -1.360858 0.049342 0.098566
v -1.072811 0.029820 0.246097
v -1.072838 0.035312 0.245943
v -1.064538 0.035312 0.293013
v -1.064429 0.029820 0.293630
v -1.072868 0.041213 0.245777
v -1.064655 0.041213 0.292350
v -1.055970 0.044144 0.341606
v -1.055763 0.037917 0.342779
v -1.055641 0.032100 0.343474
v -1.074065 0.130645 0.238984
v -1.074570 0.149586 0.236121
v -1.071466 0.145425 0.253726
v -1.069446 0.129605 0.265180
v -1.073685 0.171407 0.241144
v -1.069083 0.160135 0.267238
v -1.064204 0.139802 0.294911
v -1.073138 0.077169 0.244241
v -1.073551 0.104337 0.241902
v -1.067389 0.104337 0.276849
v -1.065738 0.077169 0.286207
v -1.060404 0.111637 0.316458
v -1.057794 0.082576 0.331262
v -1.072939 0.055646 0.245371
v -1.064941 0.055646 0.290728
v -1.056481 0.059554 0.338706
v -1.072806 -0.029772 0.246124
v -1.072742 -0.016882 0.246486
v -1.064155 -0.016882 0.295186
v -1.064411 -0.029772 0.293737
v -1.072703 -0.000293 0.246712
v -1.063995 -0.000293 0.296091
v -1.055215 -0.000293 0.345890
v -1.055362 -0.018185 0.345057
v -1.055609 -0.032052 0.343654
v -1.072745 0.016613 0.246468
v -1.064168 0.016613 0.295115
v -1.055383 0.017916 0.344936
v -1.073138 -0.078073 0.244241
v -1.072939 -0.056551 0.245371
v -1.064941 -0.056550 0.290728
v -1.065738 -0.078073 0.286207
v -1.072867 -0.041959 0.245781
v -1.064652 -0.041959 0.292368
v -1.055965 -0.044890 0.341636
v -1.056481 -0.060459 0.338706
v -1.057794 -0.083480 0.331262
v -1.072835 -0.035582 0.245960
v -1.064526 -0.035582 0.293084
v -1.055742 -0.038187 0.342900
v -1.074065 -0.131550 0.238984
v -1.073551 -0.105242 0.241902
v -1.067389 -0.105242 0.276849
v -1.069446 -0.130509 0.265180
v -1.060404 -0.112541 0.316458
v -1.064204 -0.140706 0.294911
v -1.073685 -0.172311 0.241144
v -1.074570 -0.150490 0.236121
v -1.071466 -0.146329 0.253726
v -1.069083 -0.161039 0.267238
v -1.086570 -0.176068 0.168068
v -1.086511 -0.151877 0.168397
v -1.082065 -0.151877 0.193616
v -1.082065 -0.176069 0.193616
v -1.086512 -0.131896 0.168397
v -1.082065 -0.131896 0.193616
v -1.077634 -0.131896 0.218745
v -1.077634 -0.151877 0.218745
v -1.077576 -0.176068 0.219074
v -1.086511 -0.105242 0.168397
v -1.082065 -0.105242 0.193616
v -1.086512 -0.078073 0.168397
v -1.082065 -0.078073 0.193616
v -1.077634 -0.078073 0.218745
v -1.077634 -0.105242 0.218745
v -1.086511 -0.056551 0.168397
v -1.082065 -0.056550 0.193616
v -1.086512 -0.041959 0.168397
v -1.082065 -0.041959 0.193616
v -1.077634 -0.041959 0.218745
v -1.077634 -0.056551 0.218745
v -1.086511 -0.035582 0.168397
v -1.082065 -0.035582 0.193616
v -1.086512 -0.029772 0.168397
v -1.082065 -0.029772 0.193616
v -1.077634 -0.029772 0.218745
v -1.077634 -0.035582 0.218745
v -1.086511 -0.016882 0.168397
v -1.082065 -0.016882 0.193616
v -1.086512 -0.000293 0.168397
v -1.082065 -0.000293 0.193616
v -1.077634 -0.000293 0.218745
v -1.077634 -0.016882 0.218745
v -1.086511 0.016613 0.168397
v -1.082065 0.016613 0.193616
v -1.086512 0.029820 0.168397
v -1.082065 0.029820 0.193616
v -1.077634 0.029820 0.218745
v -1.077634 0.016613 0.218745
v -1.086511 0.035312 0.168397
v -1.082065 0.035312 0.193616
v -1.086512 0.041213 0.168397
v -1.082065 0.041213 0.193616
v -1.077634 0.041213 0.218745
v -1.077634 0.035312 0.218745
v -1.086511 0.055646 0.168397
v -1.082065 0.055646 0.193616
v -1.086512 0.077169 0.168397
v -1.082065 0.077169 0.193616
v -1.077634 0.077169 0.218745
v -1.077634 0.055646 0.218745
v -1.086511 0.104337 0.168397
v -1.082065 0.104337 0.193616
v -1.086512 0.130992 0.168397
v -1.082065 0.130992 0.193616
v -1.077634 0.130992 0.218745
v -1.077634 0.104337 0.218745
v -1.086511 0.150973 0.168397
v -1.082065 0.150973 0.193616
v -1.086570 0.175164 0.168068
v -1.082065 0.175164 0.193616
v -1.077576 0.175164 0.219074
v -1.077634 0.150973 0.218745
v -1.075881 0.150973 0.228687
v -1.075881 0.130992 0.228687
v -1.075649 0.175164 0.230003
v -1.075881 0.104337 0.228687
v -1.075881 0.077169 0.228687
v -1.075881 0.055646 0.228687
v -1.075881 0.041213 0.228687
v -1.075881 0.035312 0.228687
v -1.075881 0.029820 0.228687
v -1.075881 0.016613 0.228687
v -1.075881 -0.000293 0.228687
v -1.075881 -0.016882 0.228687
v -1.075881 -0.029772 0.228687
v -1.075881 -0.035582 0.228687
v -1.075881 -0.041959 0.228687
v -1.075881 -0.056550 0.228687
v -1.075881 -0.078073 0.228687
v -1.075881 -0.105242 0.228687
v -1.075881 -0.131896 0.228687
v -1.075881 -0.151877 0.228687
v -1.075649 -0.176069 0.230003
v -1.100053 -0.140706 0.091604
v -1.094810 -0.130509 0.121335
v -1.092790 -0.146329 0.132788
v -1.095173 -0.161039 0.119276
v -1.090175 -0.131550 0.147620
v -1.089670 -0.150490 0.150483
v -1.090556 -0.172311 0.145460
v -1.106462 -0.083480 0.055253
v -1.098517 -0.078073 0.100307
v -1.096868 -0.105242 0.109666
v -1.103851 -0.112541 0.070057
v -1.091102 -0.078073 0.142363
v -1.090689 -0.105242 0.144703
v -1.108291 -0.044890 0.044879
v -1.099604 -0.041959 0.094147
v -1.099315 -0.056551 0.095787
v -1.107774 -0.060459 0.047809
v -1.091374 -0.041959 0.140823
v -1.091301 -0.056551 0.141233
v -1.108647 -0.032052 0.042861
v -1.099845 -0.029772 0.092777
v -1.099730 -0.035582 0.093430
v -1.108514 -0.038187 0.043615
v -1.091434 -0.029772 0.140481
v -1.091405 -0.035582 0.140644
v -1.109042 -0.000293 0.040625
v -1.100260 -0.000293 0.090423
v -1.100101 -0.016882 0.091329
v -1.108894 -0.018185 0.041458
v -1.091538 -0.000293 0.139892
v -1.091498 -0.016882 0.140118
v -1.108615 0.032099 0.043041
v -1.099826 0.029820 0.092884
v -1.100088 0.016613 0.091400
v -1.108873 0.017915 0.041578
v -1.091429 0.029820 0.140507
v -1.091495 0.016613 0.140136
v -1.108286 0.044144 0.044909
v -1.099601 0.041213 0.094165
v -1.099718 0.035312 0.093502
v -1.108493 0.037917 0.043735
v -1.091373 0.041213 0.140827
v -1.091402 0.035312 0.140662
v -1.106462 0.082576 0.055253
v -1.098517 0.077169 0.100307
v -1.099315 0.055646 0.095787
v -1.107774 0.059554 0.047809
v -1.091102 0.077169 0.142363
v -1.091301 0.055646 0.141233
v -1.100053 0.139802 0.091604
v -1.094810 0.129605 0.121335
v -1.096868 0.104337 0.109666
v -1.103851 0.111637 0.070057
v -1.090175 0.130645 0.147620
v -1.090689 0.104337 0.144703
v -1.090556 0.171407 0.145460
v -1.089670 0.149586 0.150483
v -1.092790 0.145425 0.132788
v -1.095173 0.160135 0.119276
v -1.088544 0.175164 0.156870
v -1.088312 0.150973 0.158186
v -1.088312 0.130992 0.158186
v -1.088312 0.104337 0.158186
v -1.088312 0.077169 0.158186
v -1.088312 0.055646 0.158186
v -1.088312 0.041213 0.158186
v -1.088312 0.035312 0.158186
v -1.088312 0.029820 0.158186
v -1.088312 0.016613 0.158186
v -1.088312 -0.000293 0.158186
v -1.088312 -0.016882 0.158186
v -1.088312 -0.029772 0.158186
v -1.088312 -0.035582 0.158186
v -1.088312 -0.041959 0.158186
v -1.088312 -0.056550 0.158186
v -1.088312 -0.078073 0.158186
v -1.088312 -0.105242 0.158186
v -1.088312 -0.131896 0.158186
v -1.088312 -0.151877 0.158186
v -1.088544 -0.176069 0.156870
v -1.068533 0.065988 0.387125
v -1.068276 0.057335 0.388578
v -1.051713 0.057335 0.385657
v -1.051969 0.065988 0.384204
v -1.068660 0.049090 0.386400
v -1.052128 0.049091 0.383301
v -1.049597 0.048961 0.382727
v -1.049243 0.057188 0.384732
v -1.049499 0.065822 0.383282
v -1.089722 0.259972 0.266953
v -1.081977 0.240139 0.310880
v -1.065413 0.240139 0.307960
v -1.073159 0.259972 0.264033
v -1.074530 0.208392 0.353110
v -1.057967 0.208392 0.350190
v -1.055482 0.207874 0.349352
v -1.062910 0.239542 0.307226
v -1.070634 0.259326 0.263419
v -1.071262 0.166042 0.371643
v -1.054699 0.166042 0.368722
v -1.070159 0.122876 0.377902
v -1.053595 0.122875 0.374982
v -1.051121 0.122569 0.374082
v -1.052222 0.165629 0.367838
v -1.069204 0.088679 0.383315
v -1.052641 0.088679 0.380394
v -1.050169 0.088458 0.379481
v -1.070745 -0.000293 0.374578
v -1.069890 -0.027893 0.379425
v -1.053453 -0.027893 0.375790
v -1.054370 -0.000293 0.370585
v -1.068632 -0.049042 0.386560
v -1.052100 -0.049041 0.383461
v -1.049569 -0.048913 0.382887
v -1.050735 -0.027819 0.376272
v -1.051529 -0.000293 0.371771
v -1.069909 0.027625 0.379318
v -1.053472 0.027625 0.375683
v -1.050754 0.027551 0.376165
v -1.068528 -0.066733 0.387151
v -1.069204 -0.089584 0.383315
v -1.052641 -0.089584 0.380394
v -1.051964 -0.066733 0.384231
v -1.070159 -0.123779 0.377902
v -1.053595 -0.123779 0.374982
v -1.051121 -0.123473 0.374082
v -1.050169 -0.089362 0.379481
v -1.049495 -0.066568 0.383309
v -1.068258 -0.057604 0.388684
v -1.051694 -0.057604 0.385764
v -1.049225 -0.057456 0.384838
v -1.071262 -0.166946 0.371643
v -1.054699 -0.166946 0.368722
v -1.074530 -0.209296 0.353111
v -1.057967 -0.209297 0.350190
v -1.055482 -0.208778 0.349352
v -1.052222 -0.166533 0.367838
v -1.074530 -0.209296 0.353111
v -1.081977 -0.241043 0.310881
v -1.065413 -0.241043 0.307960
v -1.057967 -0.209297 0.350190
v -1.089722 -0.260877 0.266953
v -1.073158 -0.260877 0.264033
v -1.070634 -0.260231 0.263419
v -1.062910 -0.240446 0.307227
v -1.055482 -0.208778 0.349352
v -1.097111 -0.267488 0.225047
v -1.102033 -0.267488 0.197137
v -1.085469 -0.267488 0.194216
v -1.080548 -0.267488 0.222126
v -1.106970 -0.267488 0.169137
v -1.090406 -0.267488 0.166216
v -1.087850 -0.266825 0.165785
v -1.082916 -0.266826 0.193766
v -1.077998 -0.266825 0.221657
v -1.106970 0.266584 0.169137
v -1.102033 0.266584 0.197137
v -1.085469 0.266584 0.194216
v -1.090406 0.266584 0.166216
v -1.097111 0.266584 0.225047
v -1.080548 0.266584 0.222126
v -1.077998 0.265921 0.221657
v -1.082916 0.265921 0.193766
v -1.087850 0.265921 0.165785
v -1.093887 0.266584 0.243330
v -1.077324 0.266584 0.240410
v -1.074784 0.265921 0.239885
v -1.093887 -0.267488 0.243331
v -1.077324 -0.267488 0.240410
v -1.074784 -0.266826 0.239885
v -1.114454 -0.260877 0.126692
v -1.122215 -0.241043 0.082676
v -1.105652 -0.241043 0.079755
v -1.097890 -0.260877 0.123772
v -1.129661 -0.209296 0.040446
v -1.113098 -0.209297 0.037525
v -1.110477 -0.208778 0.037463
v -1.103048 -0.240446 0.079588
v -1.095308 -0.260231 0.123486
v -1.132929 -0.166946 0.021913
v -1.116366 -0.166946 0.018993
v -1.134033 -0.123780 0.015654
v -1.117469 -0.123780 0.012733
v -1.114837 -0.123473 0.012733
v -1.113736 -0.166533 0.018977
v -1.134987 -0.089584 0.010242
v -1.118424 -0.089584 0.007321
v -1.135664 -0.066734 0.006405
v -1.119100 -0.066734 0.003484
v -1.116464 -0.066568 0.003506
v -1.115789 -0.089363 0.007334
v -1.135934 -0.057604 0.004872
v -1.119371 -0.057604 0.001951
v -1.135560 -0.049042 0.006996
v -1.118964 -0.049041 0.004254
v -1.116390 -0.048913 0.003927
v -1.116734 -0.057456 0.001976
v -1.134301 -0.027893 0.014132
v -1.117612 -0.027893 0.011925
v -1.133447 -0.000293 0.018979
v -1.116694 -0.000293 0.017130
v -1.114430 -0.000293 0.015044
v -1.115223 -0.027819 0.010543
v -1.134283 0.027624 0.014238
v -1.117593 0.027624 0.012032
v -1.135531 0.049090 0.007156
v -1.118936 0.049089 0.004414
v -1.116362 0.048960 0.004087
v -1.115204 0.027550 0.010650
v -1.135915 0.057335 0.004978
v -1.119352 0.057335 0.002058
v -1.135659 0.065988 0.006431
v -1.119096 0.065988 0.003511
v -1.116459 0.065823 0.003533
v -1.116715 0.057187 0.002083
v -1.134987 0.088679 0.010242
v -1.118424 0.088680 0.007321
v -1.134033 0.122875 0.015654
v -1.117469 0.122875 0.012733
v -1.114837 0.122569 0.012733
v -1.115789 0.088458 0.007334
v -1.132929 0.166042 0.021913
v -1.116366 0.166042 0.018993
v -1.129661 0.208392 0.040446
v -1.113098 0.208392 0.037525
v -1.110477 0.207874 0.037463
v -1.113736 0.165628 0.018977
v -1.122215 0.240139 0.082676
v -1.105652 0.240139 0.079755
v -1.114454 0.259972 0.126693
v -1.097890 0.259972 0.123772
v -1.095308 0.259326 0.123486
v -1.103048 0.239542 0.079588
v -1.110241 0.266584 0.150584
v -1.093678 0.266584 0.147664
v -1.091111 0.265921 0.147288
v -1.110241 -0.267488 0.150584
v -1.093678 -0.267488 0.147664
v -1.091111 -0.266826 0.147288
v -1.180726 0.045246 0.383573
v -1.180485 0.038897 0.384939
v -1.178708 0.046878 0.395017
v -1.178956 0.054225 0.393612
v -1.180260 0.032956 0.386215
v -1.178474 0.039940 0.396342
v -1.175635 0.046802 0.405662
v -1.175876 0.054721 0.404292
v -1.176130 0.063048 0.402851
v -1.049734 0.045908 0.376975
v -1.049474 0.053698 0.378447
v -1.048644 0.056745 0.383156
v -1.048974 0.048575 0.381282
v -1.049724 0.061896 0.377029
v -1.048898 0.065324 0.381715
v -1.049499 0.065822 0.383282
v -1.049243 0.057188 0.384732
v -1.049597 0.048961 0.382727
v -1.201538 0.179167 0.265541
v -1.196422 0.165487 0.294555
v -1.193720 0.197802 0.309881
v -1.199974 0.214145 0.274411
v -1.190521 0.143591 0.328022
v -1.187145 0.171641 0.347170
v -1.182676 0.199204 0.365730
v -1.189904 0.229555 0.324735
v -1.197277 0.248516 0.282922
v -1.056143 0.195608 0.340624
v -1.063240 0.225411 0.300375
v -1.062208 0.237751 0.306227
v -1.054836 0.206319 0.348038
v -1.070467 0.244031 0.259390
v -1.069870 0.257388 0.262777
v -1.070634 0.259326 0.263419
v -1.062910 0.239542 0.307226
v -1.055482 0.207874 0.349352
v -1.185971 0.114381 0.353824
v -1.183135 0.136744 0.369911
v -1.182873 0.084609 0.371400
v -1.180884 0.101173 0.382677
v -1.177832 0.117450 0.393201
v -1.179223 0.158718 0.385315
v -1.051394 0.115326 0.367560
v -1.052756 0.155850 0.359836
v -1.051601 0.164389 0.366386
v -1.050508 0.121651 0.372584
v -1.052222 0.165629 0.367838
v -1.051121 0.122569 0.374082
v -1.181323 0.061024 0.380188
v -1.179586 0.072995 0.390038
v -1.176792 0.084759 0.399100
v -1.050374 0.083223 0.373345
v -1.049563 0.087795 0.377942
v -1.050169 0.088458 0.379481
v -1.179348 -0.000293 0.391388
v -1.179686 -0.018675 0.389472
v -1.177865 -0.022665 0.399800
v -1.177499 -0.000293 0.401875
v -1.180224 -0.032909 0.386423
v -1.178441 -0.039892 0.396529
v -1.175605 -0.046754 0.405829
v -1.174992 -0.026586 0.409310
v -1.174599 -0.000293 0.411536
v -1.049705 -0.045859 0.377141
v -1.050594 -0.026074 0.372096
v -1.050043 -0.027599 0.375219
v -1.048946 -0.048525 0.381442
v -1.051204 -0.000293 0.368638
v -1.050791 -0.000293 0.370979
v -1.051529 -0.000293 0.371771
v -1.050735 -0.027819 0.376272
v -1.049569 -0.048913 0.382887
v -1.179710 0.018405 0.389334
v -1.177887 0.022395 0.399675
v -1.175011 0.026317 0.409199
v -1.050613 0.025806 0.371984
v -1.050062 0.027330 0.375112
v -1.050754 0.027551 0.376165
v -1.180720 -0.045992 0.383608
v -1.181323 -0.061928 0.380188
v -1.179586 -0.073899 0.390038
v -1.178950 -0.054970 0.393643
v -1.182873 -0.085513 0.371400
v -1.180884 -0.102077 0.382677
v -1.177832 -0.118354 0.393201
v -1.176792 -0.085663 0.399100
v -1.176125 -0.063793 0.402879
v -1.051394 -0.116230 0.367560
v -1.050374 -0.084127 0.373345
v -1.049563 -0.088699 0.377942
v -1.050508 -0.122555 0.372584
v -1.049719 -0.062641 0.377056
v -1.048893 -0.066070 0.381742
v -1.049495 -0.066568 0.383309
v -1.050169 -0.089362 0.379481
v -1.051121 -0.123473 0.374082
v -1.180461 -0.039167 0.385077
v -1.178686 -0.047148 0.395142
v -1.175857 -0.054990 0.404404
v -1.049454 -0.053966 0.378558
v -1.048625 -0.057014 0.383263
v -1.049225 -0.057456 0.384838
v -1.185971 -0.115286 0.353824
v -1.183135 -0.137648 0.369912
v -1.190521 -0.144496 0.328022
v -1.187145 -0.172546 0.347170
v -1.182676 -0.200109 0.365730
v -1.179223 -0.159622 0.385315
v -1.056143 -0.196512 0.340625
v -1.052756 -0.156754 0.359836
v -1.051601 -0.165294 0.366386
v -1.054836 -0.207224 0.348038
v -1.052222 -0.166533 0.367838
v -1.055482 -0.208778 0.349352
v -1.196422 -0.166392 0.294555
v -1.193720 -0.198706 0.309881
v -1.201538 -0.180071 0.265541
v -1.199974 -0.215050 0.274411
v -1.197277 -0.249420 0.282923
v -1.189904 -0.230459 0.324735
v -1.070467 -0.244935 0.259390
v -1.063240 -0.226315 0.300375
v -1.062208 -0.238655 0.306227
v -1.069870 -0.258292 0.262777
v -1.062910 -0.240446 0.307227
v -1.070634 -0.260231 0.263419
v -1.205725 -0.184631 0.241798
v -1.210235 -0.184631 0.216216
v -1.210236 -0.220497 0.216216
v -1.205547 -0.220497 0.242805
v -1.214762 -0.184631 0.190544
v -1.214940 -0.220497 0.189536
v -1.213954 -0.255740 0.188342
v -1.209075 -0.255740 0.216011
v -1.204212 -0.255740 0.243591
v -1.086921 -0.251142 0.166076
v -1.082065 -0.251142 0.193616
v -1.082065 -0.264838 0.193616
v -1.086989 -0.264838 0.165691
v -1.077225 -0.251142 0.221067
v -1.077157 -0.264838 0.221451
v -1.077998 -0.266825 0.221657
v -1.082916 -0.266826 0.193766
v -1.087850 -0.266825 0.165785
v -1.214762 0.183727 0.190544
v -1.210235 0.183727 0.216216
v -1.210236 0.219593 0.216216
v -1.214940 0.219593 0.189536
v -1.205725 0.183727 0.241798
v -1.205547 0.219593 0.242805
v -1.204212 0.254836 0.243591
v -1.209075 0.254836 0.216011
v -1.213954 0.254836 0.188342
v -1.077225 0.250237 0.221066
v -1.082065 0.250237 0.193616
v -1.082065 0.263933 0.193616
v -1.077157 0.263933 0.221451
v -1.086921 0.250237 0.166076
v -1.086989 0.263933 0.165691
v -1.087850 0.265921 0.165785
v -1.082916 0.265921 0.193766
v -1.077998 0.265921 0.221657
v -1.203732 0.183727 0.253097
v -1.203022 0.219593 0.257128
v -1.201163 0.254836 0.260885
v -1.074243 0.250237 0.237972
v -1.073972 0.263933 0.239512
v -1.074784 0.265921 0.239885
v -1.203732 -0.184631 0.253097
v -1.203022 -0.220497 0.257128
v -1.201163 -0.255740 0.260885
v -1.074243 -0.251142 0.237972
v -1.073972 -0.264838 0.239512
v -1.074784 -0.266826 0.239885
v -1.219044 -0.180071 0.166263
v -1.224175 -0.166392 0.137159
v -1.226878 -0.198706 0.121834
v -1.220608 -0.215050 0.157393
v -1.230077 -0.144496 0.103692
v -1.233453 -0.172546 0.084545
v -1.235601 -0.200109 0.065575
v -1.228373 -0.230459 0.106570
v -1.220984 -0.249420 0.148472
v -1.108113 -0.196512 0.045890
v -1.101016 -0.226316 0.086140
v -1.102048 -0.238655 0.080287
v -1.109420 -0.207224 0.038476
v -1.093773 -0.244935 0.127214
v -1.094370 -0.258292 0.123827
v -1.095308 -0.260231 0.123486
v -1.103048 -0.240446 0.079588
v -1.110477 -0.208778 0.037463
v -1.234626 -0.115286 0.077890
v -1.237463 -0.137648 0.061803
v -1.237725 -0.085513 0.060315
v -1.239714 -0.102077 0.049037
v -1.240445 -0.118354 0.038105
v -1.239055 -0.159622 0.045991
v -1.112862 -0.116230 0.018955
v -1.111500 -0.156754 0.026678
v -1.112655 -0.165294 0.020128
v -1.113748 -0.122555 0.013931
v -1.113736 -0.166533 0.018977
v -1.114837 -0.123473 0.012733
v -1.239275 -0.061928 0.051526
v -1.241012 -0.073899 0.041677
v -1.239878 -0.045991 0.048107
v -1.241647 -0.054970 0.038072
v -1.242152 -0.063793 0.028426
v -1.241485 -0.085663 0.032205
v -1.114537 -0.062641 0.009458
v -1.113882 -0.084128 0.013170
v -1.114693 -0.088699 0.008572
v -1.115363 -0.066070 0.004772
v -1.115789 -0.089363 0.007334
v -1.116464 -0.066568 0.003506
v -1.240137 -0.039167 0.046637
v -1.241912 -0.047148 0.036573
v -1.240374 -0.032909 0.045292
v -1.242156 -0.039892 0.035185
v -1.242672 -0.046754 0.025477
v -1.242420 -0.054990 0.026902
v -1.114552 -0.045859 0.009373
v -1.114801 -0.053966 0.007956
v -1.115631 -0.057014 0.003252
v -1.115310 -0.048525 0.005072
v -1.116734 -0.057456 0.001976
v -1.116390 -0.048913 0.003927
v -1.240912 -0.018675 0.042243
v -1.242733 -0.022665 0.031914
v -1.241250 -0.000293 0.040327
v -1.243099 -0.000293 0.029839
v -1.243678 -0.000293 0.019769
v -1.243286 -0.026586 0.021996
v -1.113053 -0.000293 0.017876
v -1.113662 -0.026074 0.014419
v -1.114213 -0.027599 0.011296
v -1.113465 -0.000293 0.015535
v -1.115223 -0.027819 0.010543
v -1.114430 -0.000293 0.015044
v -1.240887 0.018405 0.042381
v -1.242711 0.022396 0.032039
v -1.240338 0.032957 0.045499
v -1.242123 0.039940 0.035372
v -1.242642 0.046802 0.025643
v -1.243266 0.026317 0.022107
v -1.114523 0.045906 0.009540
v -1.113642 0.025805 0.014530
v -1.114194 0.027329 0.011402
v -1.115282 0.048573 0.005232
v -1.115204 0.027550 0.010650
v -1.116362 0.048960 0.004087
v -1.240112 0.038897 0.046776
v -1.241890 0.046878 0.036697
v -1.239872 0.045246 0.048141
v -1.241642 0.054224 0.038103
v -1.242147 0.063047 0.028454
v -1.242401 0.054720 0.027013
v -1.114532 0.061896 0.009486
v -1.114782 0.053697 0.008067
v -1.115612 0.056745 0.003358
v -1.115358 0.065325 0.004799
v -1.116715 0.057187 0.002083
v -1.116459 0.065823 0.003533
v -1.239275 0.061023 0.051526
v -1.241012 0.072995 0.041677
v -1.237725 0.084609 0.060315
v -1.239714 0.101173 0.049037
v -1.240445 0.117450 0.038105
v -1.241485 0.084758 0.032205
v -1.112862 0.115326 0.018955
v -1.113882 0.083223 0.013170
v -1.114693 0.087795 0.008572
v -1.113748 0.121651 0.013931
v -1.115789 0.088458 0.007334
v -1.114837 0.122569 0.012733
v -1.234626 0.114382 0.077890
v -1.237463 0.136744 0.061803
v -1.230077 0.143591 0.103692
v -1.233453 0.171641 0.084545
v -1.235601 0.199204 0.065575
v -1.239055 0.158717 0.045991
v -1.108113 0.195608 0.045890
v -1.111500 0.155850 0.026678
v -1.112655 0.164389 0.020128
v -1.109420 0.206319 0.038476
v -1.113736 0.165628 0.018977
v -1.110477 0.207874 0.037463
v -1.224175 0.165487 0.137159
v -1.226878 0.197802 0.121834
v -1.219044 0.179167 0.166263
v -1.220608 0.214145 0.157393
v -1.220984 0.248516 0.148472
v -1.228373 0.229554 0.106570
v -1.093773 0.244031 0.127214
v -1.101016 0.225411 0.086140
v -1.102048 0.237751 0.080287
v -1.094370 0.257388 0.123827
v -1.103048 0.239542 0.079588
v -1.095308 0.259326 0.123486
v -1.216802 0.183727 0.178976
v -1.217513 0.219593 0.174945
v -1.217051 0.254836 0.170779
v -1.089949 0.250237 0.148901
v -1.090221 0.263933 0.147361
v -1.091111 0.265921 0.147288
v -1.216802 -0.184631 0.178976
v -1.217513 -0.220497 0.174945
v -1.217051 -0.255740 0.170779
v -1.089949 -0.251142 0.148901
v -1.090221 -0.264838 0.147361
v -1.091111 -0.266826 0.147288
v -1.051295 0.045734 0.368123
v -1.051349 0.038939 0.367813
v -1.051537 0.052937 0.366746
v -1.052153 0.071278 0.363256
v -1.053417 0.098798 0.356083
v -1.055609 0.133537 0.343657
v -1.059518 0.167619 0.321487
v -1.065937 0.193168 0.285083
v -1.072028 0.209129 0.250539
v -1.074953 0.214450 0.233950
v -1.077402 0.214450 0.220061
v -1.082065 0.214450 0.193616
v -1.086743 0.214450 0.167081
v -1.089240 0.214450 0.152923
v -1.092212 0.209129 0.136065
v -1.098319 0.193168 0.101431
v -1.104738 0.167619 0.065027
v -1.108648 0.133537 0.042858
v -1.110838 0.098798 0.030432
v -1.112103 0.071278 0.023259
v -1.112719 0.052937 0.019769
v -1.112962 0.045734 0.018392
v -1.112907 0.038939 0.018701
v -1.112630 0.021823 0.020272
v -1.112441 -0.000293 0.021341
v -1.112652 -0.022093 0.020147
v -1.112940 -0.038891 0.018514
v -1.112984 -0.046003 0.018267
v -1.112724 -0.053683 0.019738
v -1.112103 -0.072182 0.023259
v -1.110838 -0.099702 0.030432
v -1.108648 -0.134441 0.042858
v -1.104738 -0.168524 0.065027
v -1.098319 -0.194072 0.101431
v -1.092212 -0.210034 0.136065
v -1.089240 -0.215354 0.152923
v -1.086743 -0.215354 0.167081
v -1.082065 -0.215354 0.193616
v -1.077402 -0.215354 0.220061
v -1.074953 -0.215354 0.233950
v -1.072027 -0.210034 0.250539
v -1.065937 -0.194072 0.285083
v -1.059517 -0.168524 0.321487
v -1.055609 -0.134441 0.343657
v -1.053417 -0.099702 0.356083
v -1.052153 -0.072182 0.363256
v -1.051532 -0.053683 0.366777
v -1.051273 -0.046003 0.368248
v -1.051316 -0.038891 0.368000
v -1.051604 -0.022093 0.366367
v -1.051814 -0.000293 0.365173
v -1.051626 0.021824 0.366243
v -1.154196 0.049090 0.404614
v -1.153839 0.027624 0.406642
v -1.111760 0.027624 0.392721
v -1.111284 0.049090 0.395422
v -1.153604 -0.000293 0.407975
v -1.112081 -0.000293 0.390902
v -1.153820 -0.027893 0.406748
v -1.111741 -0.027893 0.392828
v -1.154168 -0.049042 0.404774
v -1.111256 -0.049041 0.395582
v -1.154329 -0.057604 0.403861
v -1.111139 -0.057604 0.396246
v -1.154599 -0.066733 0.402328
v -1.111409 -0.066733 0.394713
v -1.155276 -0.089584 0.398491
v -1.112086 -0.089584 0.390876
v -1.156230 -0.123779 0.393079
v -1.113040 -0.123779 0.385463
v -1.157334 -0.166946 0.386820
v -1.114144 -0.166946 0.379204
v -1.160602 -0.209296 0.368287
v -1.117411 -0.209297 0.360672
v -1.160602 -0.209296 0.368287
v -1.168048 -0.241043 0.326057
v -1.124858 -0.241043 0.318442
v -1.117411 -0.209297 0.360672
v -1.175794 -0.260877 0.282130
v -1.132603 -0.260877 0.274515
v -1.179959 -0.267488 0.258507
v -1.136769 -0.267488 0.250892
v -1.183183 -0.267488 0.240223
v -1.139993 -0.267488 0.232608
v -1.188104 -0.267488 0.212313
v -1.144914 -0.267488 0.204698
v -1.193041 -0.267488 0.184314
v -1.149851 -0.267488 0.176698
v -1.196312 -0.267488 0.165761
v -1.153122 -0.267488 0.158145
v -1.200525 -0.260877 0.141869
v -1.157335 -0.260877 0.134254
v -1.208287 -0.241043 0.097853
v -1.165096 -0.241043 0.090237
v -1.215733 -0.209296 0.055622
v -1.172543 -0.209297 0.048007
v -1.219001 -0.166946 0.037090
v -1.175810 -0.166946 0.029475
v -1.220104 -0.123780 0.030831
v -1.176914 -0.123780 0.023215
v -1.221059 -0.089584 0.025418
v -1.177868 -0.089584 0.017803
v -1.221735 -0.066733 0.021582
v -1.178545 -0.066734 0.013966
v -1.222005 -0.057604 0.020048
v -1.178815 -0.057604 0.012433
v -1.222167 -0.049042 0.019136
v -1.178698 -0.049042 0.013097
v -1.222515 -0.027893 0.017161
v -1.178213 -0.027894 0.015850
v -1.222731 -0.000293 0.015935
v -1.177873 -0.000293 0.017776
v -1.222496 0.027624 0.017268
v -1.178194 0.027624 0.015957
v -1.222138 0.049090 0.019296
v -1.178670 0.049090 0.013257
v -1.221987 0.057335 0.020155
v -1.178797 0.057335 0.012540
v -1.221731 0.065988 0.021608
v -1.178540 0.065988 0.013993
v -1.221059 0.088679 0.025418
v -1.177868 0.088680 0.017803
v -1.220104 0.122875 0.030831
v -1.176914 0.122875 0.023215
v -1.219001 0.166042 0.037090
v -1.175810 0.166042 0.029475
v -1.215733 0.208392 0.055622
v -1.172543 0.208392 0.048007
v -1.208287 0.240139 0.097853
v -1.165096 0.240139 0.090237
v -1.200525 0.259972 0.141869
v -1.157335 0.259972 0.134254
v -1.196312 0.266584 0.165761
v -1.153122 0.266584 0.158145
v -1.193041 0.266584 0.184314
v -1.149851 0.266584 0.176698
v -1.188104 0.266584 0.212313
v -1.144914 0.266584 0.204698
v -1.183183 0.266584 0.240223
v -1.139993 0.266584 0.232608
v -1.179959 0.266584 0.258507
v -1.136769 0.266584 0.250892
v -1.175794 0.259973 0.282130
v -1.132603 0.259972 0.274514
v -1.168048 0.240139 0.326057
v -1.124858 0.240139 0.318441
v -1.160602 0.208392 0.368287
v -1.117411 0.208392 0.360672
v -1.157334 0.166042 0.386819
v -1.114144 0.166042 0.379204
v -1.156230 0.122876 0.393079
v -1.113040 0.122876 0.385463
v -1.155276 0.088680 0.398491
v -1.112086 0.088680 0.390876
v -1.154604 0.065989 0.402301
v -1.111414 0.065988 0.394686
v -1.154348 0.057335 0.403754
v -1.111158 0.057335 0.396139
v -1.170959 0.027624 0.411827
v -1.171594 0.049090 0.408223
v -1.170539 -0.000293 0.414211
v -1.153604 -0.000293 0.407975
v -1.153839 0.027624 0.406642
v -1.154196 0.049090 0.404614
v -1.170940 -0.027893 0.411934
v -1.171566 -0.049041 0.408383
v -1.154168 -0.049042 0.404774
v -1.153820 -0.027893 0.406748
v -1.171820 -0.057604 0.406945
v -1.172090 -0.066733 0.405412
v -1.154599 -0.066733 0.402328
v -1.154329 -0.057604 0.403861
v -1.172766 -0.089584 0.401575
v -1.173721 -0.123779 0.396163
v -1.156230 -0.123779 0.393079
v -1.155276 -0.089584 0.398491
v -1.174825 -0.166946 0.389904
v -1.178092 -0.209297 0.371371
v -1.160602 -0.209296 0.368287
v -1.157334 -0.166946 0.386820
v -1.185539 -0.241043 0.329141
v -1.193284 -0.260877 0.285214
v -1.175794 -0.260877 0.282130
v -1.168048 -0.241043 0.326057
v -1.197449 -0.267488 0.261591
v -1.200674 -0.267488 0.243307
v -1.183183 -0.267488 0.240223
v -1.179959 -0.267488 0.258507
v -1.205595 -0.267488 0.215397
v -1.210532 -0.267488 0.187398
v -1.193041 -0.267488 0.184314
v -1.188104 -0.267488 0.212313
v -1.213803 -0.267488 0.168845
v -1.218016 -0.260877 0.144953
v -1.200525 -0.260877 0.141869
v -1.196312 -0.267488 0.165761
v -1.225777 -0.241043 0.100937
v -1.233224 -0.209297 0.058706
v -1.215733 -0.209296 0.055622
v -1.208287 -0.241043 0.097853
v -1.236491 -0.166946 0.040174
v -1.237595 -0.123780 0.033915
v -1.220104 -0.123780 0.030831
v -1.219001 -0.166946 0.037090
v -1.238549 -0.089584 0.028502
v -1.239226 -0.066734 0.024666
v -1.221735 -0.066733 0.021582
v -1.221059 -0.089584 0.025418
v -1.239496 -0.057604 0.023133
v -1.239750 -0.049042 0.021695
v -1.222167 -0.049042 0.019136
v -1.222005 -0.057604 0.020048
v -1.240376 -0.027894 0.018144
v -1.240778 -0.000293 0.015867
v -1.222731 -0.000293 0.015935
v -1.222515 -0.027893 0.017161
v -1.240357 0.027624 0.018250
v -1.239722 0.049090 0.021855
v -1.222138 0.049090 0.019296
v -1.222496 0.027624 0.017268
v -1.239477 0.057335 0.023239
v -1.239221 0.065988 0.024692
v -1.221731 0.065988 0.021608
v -1.221987 0.057335 0.020155
v -1.238549 0.088679 0.028502
v -1.237595 0.122875 0.033915
v -1.220104 0.122875 0.030831
v -1.221059 0.088679 0.025418
v -1.236491 0.166042 0.040174
v -1.233224 0.208392 0.058706
v -1.215733 0.208392 0.055622
v -1.219001 0.166042 0.037090
v -1.225777 0.240139 0.100937
v -1.218016 0.259972 0.144953
v -1.200525 0.259972 0.141869
v -1.208287 0.240139 0.097853
v -1.213803 0.266584 0.168845
v -1.210532 0.266584 0.187398
v -1.193041 0.266584 0.184314
v -1.196312 0.266584 0.165761
v -1.205595 0.266584 0.215397
v -1.200674 0.266584 0.243307
v -1.183183 0.266584 0.240223
v -1.188104 0.266584 0.212313
v -1.197449 0.266584 0.261591
v -1.193284 0.259972 0.285214
v -1.175794 0.259973 0.282130
v -1.179959 0.266584 0.258507
v -1.185539 0.240139 0.329141
v -1.178092 0.208392 0.371371
v -1.160602 0.208392 0.368287
v -1.168048 0.240139 0.326057
v -1.174825 0.166042 0.389903
v -1.173721 0.122876 0.396163
v -1.156230 0.122876 0.393079
v -1.157334 0.166042 0.386819
v -1.172766 0.088680 0.401575
v -1.172095 0.065989 0.405385
v -1.154604 0.065989 0.402301
v -1.155276 0.088680 0.398491
v -1.171838 0.057335 0.406839
v -1.154348 0.057335 0.403754
v -1.182873 0.029904 0.379470
v -1.182348 0.016661 0.382447
v -1.180607 0.016890 0.384249
v -1.181138 0.030305 0.381234
v -1.182003 -0.000294 0.384406
v -1.180257 -0.000293 0.386234
v -1.182323 -0.016931 0.382589
v -1.180582 -0.017160 0.384392
v -1.182835 -0.029858 0.379684
v -1.181101 -0.030258 0.381448
v -1.183066 -0.035677 0.378376
v -1.181334 -0.036136 0.380127
v -1.183319 -0.042064 0.376940
v -1.181589 -0.042583 0.378678
v -1.183899 -0.056689 0.373653
v -1.182176 -0.057382 0.375351
v -1.185497 -0.078265 0.364589
v -1.183793 -0.079224 0.366176
v -1.188805 -0.105501 0.345827
v -1.187143 -0.106796 0.347182
v -1.193432 -0.132222 0.319587
v -1.191827 -0.133846 0.320619
v -1.198985 -0.152252 0.288093
v -1.197448 -0.154123 0.288737
v -1.203604 -0.164766 0.261898
v -1.202132 -0.166791 0.262174
v -1.205427 -0.168938 0.251557
v -1.204002 -0.171014 0.251567
v -1.207188 -0.168937 0.241574
v -1.205792 -0.171014 0.241415
v -1.211616 -0.168938 0.216459
v -1.210236 -0.171014 0.216216
v -1.216061 -0.168937 0.191253
v -1.214695 -0.171014 0.190927
v -1.217868 -0.168938 0.181003
v -1.216532 -0.171014 0.180506
v -1.219739 -0.164766 0.170392
v -1.218450 -0.166791 0.169630
v -1.224374 -0.152252 0.144108
v -1.223150 -0.154123 0.142978
v -1.229927 -0.132222 0.112614
v -1.228771 -0.133846 0.111095
v -1.234554 -0.105501 0.086375
v -1.233455 -0.106796 0.084532
v -1.237862 -0.078265 0.067612
v -1.236804 -0.079224 0.065538
v -1.239460 -0.056689 0.058548
v -1.238422 -0.057382 0.056363
v -1.240040 -0.042064 0.055261
v -1.239009 -0.042583 0.053037
v -1.240293 -0.035677 0.053826
v -1.239264 -0.036136 0.051588
v -1.240524 -0.029858 0.052518
v -1.239497 -0.030258 0.050267
v -1.241036 -0.016931 0.049612
v -1.240016 -0.017160 0.047322
v -1.241356 -0.000294 0.047796
v -1.240341 -0.000293 0.045480
v -1.241011 0.016661 0.049754
v -1.239991 0.016890 0.047465
v -1.240486 0.029904 0.052731
v -1.239459 0.030305 0.050480
v -1.240268 0.035407 0.053968
v -1.239239 0.035867 0.051731
v -1.240033 0.041318 0.055297
v -1.239002 0.041837 0.053072
v -1.239460 0.055785 0.058549
v -1.238422 0.056478 0.056364
v -1.237862 0.077361 0.067612
v -1.236804 0.078320 0.065538
v -1.234554 0.104597 0.086375
v -1.233455 0.105891 0.084532
v -1.229927 0.131317 0.112614
v -1.228771 0.132941 0.111095
v -1.224374 0.151348 0.144108
v -1.223150 0.153219 0.142978
v -1.219739 0.163862 0.170393
v -1.218450 0.165887 0.169630
v -1.217868 0.168033 0.181003
v -1.216532 0.170110 0.180506
v -1.216061 0.168033 0.191253
v -1.214695 0.170110 0.190927
v -1.211616 0.168033 0.216459
v -1.210236 0.170110 0.216216
v -1.207188 0.168033 0.241575
v -1.205792 0.170110 0.241415
v -1.205427 0.168033 0.251557
v -1.204002 0.170110 0.251567
v -1.203604 0.163862 0.261898
v -1.202132 0.165887 0.262174
v -1.198985 0.151348 0.288093
v -1.197448 0.153219 0.288737
v -1.193432 0.131317 0.319587
v -1.191826 0.132941 0.320619
v -1.188805 0.104597 0.345827
v -1.187143 0.105891 0.347182
v -1.185497 0.077361 0.364589
v -1.183793 0.078320 0.366176
v -1.183899 0.055785 0.373653
v -1.182176 0.056478 0.375351
v -1.183325 0.041318 0.376905
v -1.181595 0.041837 0.378642
v -1.183091 0.035407 0.378233
v -1.181359 0.035867 0.379984
v -1.298133 0.098133 0.105816
v -1.301238 0.072573 0.088208
v -1.293791 0.123209 0.130441
v -1.288580 0.142007 0.159997
v -1.284233 0.153751 0.184650
v -1.282484 0.157666 0.194565
v -1.280791 0.157665 0.204171
v -1.276607 0.157666 0.227897
v -1.272439 0.157665 0.251538
v -1.270789 0.157666 0.260892
v -1.269086 0.153751 0.270554
v -1.264753 0.142007 0.295122
v -1.259542 0.123209 0.324678
v -1.255200 0.098133 0.349303
v -1.252095 0.072573 0.366911
v -1.250595 0.052325 0.375417
v -1.250057 0.038746 0.378469
v -1.249837 0.033195 0.379717
v -1.249632 0.028027 0.380878
v -1.249140 0.015602 0.383671
v -1.248816 -0.000303 0.385509
v -1.249116 -0.015910 0.383805
v -1.249597 -0.028036 0.381080
v -1.249813 -0.033502 0.379851
v -1.250051 -0.039501 0.378503
v -1.250595 -0.053229 0.375417
v -1.252095 -0.073477 0.366911
v -1.255200 -0.099037 0.349303
v -1.259542 -0.124114 0.324678
v -1.264753 -0.142912 0.295122
v -1.269086 -0.154656 0.270554
v -1.270789 -0.158570 0.260892
v -1.272439 -0.158570 0.251538
v -1.276607 -0.158570 0.227897
v -1.280791 -0.158570 0.204171
v -1.282484 -0.158570 0.194565
v -1.284233 -0.154656 0.184650
v -1.288580 -0.142912 0.159997
v -1.293791 -0.124114 0.130441
v -1.298133 -0.099037 0.105816
v -1.301238 -0.073477 0.088208
v -1.302738 -0.053229 0.079702
v -1.303282 -0.039501 0.076617
v -1.303520 -0.033502 0.075268
v -1.303736 -0.028036 0.074040
v -1.304217 -0.015910 0.071314
v -1.304517 -0.000303 0.069610
v -1.304193 0.015602 0.071448
v -1.303701 0.028027 0.074241
v -1.303496 0.033195 0.075402
v -1.303276 0.038746 0.076650
v -1.302738 0.052325 0.079702
vt 0.209430 0.212812
vt 0.199601 0.230858
vt 0.209207 0.235712
vt 0.217758 0.219706
vt 0.193694 0.248098
vt 0.204147 0.250982
vt 0.203174 0.253042
vt 0.209982 0.236136
vt 0.216791 0.219229
vt 0.235557 0.186459
vt 0.223286 0.197287
vt 0.229898 0.205837
vt 0.240673 0.196125
vt 0.230621 0.206549
vt 0.244451 0.193869
vt 0.278329 0.184413
vt 0.274607 0.184419
vt 0.262366 0.187756
vt 0.262647 0.188709
vt 0.274044 0.173499
vt 0.260168 0.177147
vt 0.246257 0.180903
vt 0.250093 0.191163
vt 0.246965 0.193005
vt 0.322298 0.181677
vt 0.302054 0.175862
vt 0.299475 0.186107
vt 0.317531 0.191016
vt 0.285859 0.173093
vt 0.285055 0.183842
vt 0.280584 0.183869
vt 0.299286 0.186999
vt 0.317987 0.190129
vt 0.355081 0.203284
vt 0.340740 0.191680
vt 0.334025 0.199590
vt 0.346821 0.209675
vt 0.333492 0.200451
vt 0.348997 0.210774
vt 0.366695 0.221713
vt 0.363024 0.213902
vt 0.353787 0.219116
vt 0.356925 0.226152
vt 0.353042 0.219700
vt 0.357086 0.228625
vt 0.377365 0.269709
vt 0.377396 0.265925
vt 0.366313 0.265793
vt 0.366328 0.269184
vt 0.377317 0.262420
vt 0.366303 0.262633
vt 0.365422 0.264578
vt 0.365436 0.265808
vt 0.365450 0.267038
vt 0.359402 0.326741
vt 0.369232 0.308687
vt 0.359626 0.303832
vt 0.351071 0.319849
vt 0.375140 0.291442
vt 0.364689 0.288554
vt 0.365662 0.286495
vt 0.358848 0.303413
vt 0.352035 0.320330
vt 0.333329 0.353101
vt 0.345548 0.342276
vt 0.338930 0.333733
vt 0.328198 0.343447
vt 0.338200 0.333030
vt 0.324365 0.345730
vt 0.290832 0.355106
vt 0.294523 0.355111
vt 0.306814 0.351764
vt 0.306514 0.350813
vt 0.295135 0.366028
vt 0.309070 0.362357
vt 0.322936 0.358592
vt 0.319048 0.348360
vt 0.322195 0.346520
vt 0.246503 0.357896
vt 0.266756 0.363703
vt 0.269325 0.353462
vt 0.251259 0.348558
vt 0.283008 0.366460
vt 0.283798 0.355717
vt 0.288224 0.355699
vt 0.269512 0.352574
vt 0.250799 0.349449
vt 0.213702 0.336275
vt 0.228051 0.347888
vt 0.234755 0.339977
vt 0.221951 0.329881
vt 0.235287 0.339116
vt 0.219774 0.328783
vt 0.210683 0.308683
vt 0.209064 0.307332
vt 0.210389 0.310201
vt 0.211187 0.309808
vt 0.198959 0.311091
vt 0.200399 0.314295
vt 0.202043 0.317746
vt 0.211809 0.313315
vt 0.211691 0.310933
vt 0.191601 0.261203
vt 0.202481 0.262646
vt 0.191466 0.269727
vt 0.202506 0.270260
vt 0.203382 0.272509
vt 0.203278 0.262776
vt 0.808352 0.273280
vt 0.808253 0.296029
vt 0.840458 0.296169
vt 0.840557 0.273420
vt 0.808154 0.318778
vt 0.840371 0.316074
vt 0.867547 0.316192
vt 0.867633 0.296287
vt 0.867732 0.273538
vt 0.808550 0.227782
vt 0.808451 0.250531
vt 0.840656 0.250671
vt 0.840755 0.227922
vt 0.867831 0.250790
vt 0.872960 0.228063
vt 0.870377 0.822356
vt 0.838152 0.826789
vt 0.838087 0.841921
vt 0.870292 0.842061
vt 0.805967 0.822076
vt 0.805882 0.841781
vt 0.805796 0.861486
vt 0.838021 0.857107
vt 0.870206 0.861765
vt 0.806177 0.773751
vt 0.806079 0.796499
vt 0.838283 0.796639
vt 0.838382 0.773891
vt 0.805980 0.819248
vt 0.838208 0.814054
vt 0.870389 0.819528
vt 0.865231 0.796756
vt 0.865330 0.774008
vt 0.806375 0.728253
vt 0.806276 0.751002
vt 0.838481 0.751142
vt 0.838568 0.731237
vt 0.865429 0.751259
vt 0.865516 0.731354
vt 0.806474 0.705505
vt 0.806424 0.716879
vt 0.838629 0.717019
vt 0.838668 0.708240
vt 0.865577 0.717136
vt 0.870884 0.705785
vt 0.806672 0.660008
vt 0.806666 0.661388
vt 0.838870 0.661528
vt 0.838887 0.657649
vt 0.806660 0.662768
vt 0.838855 0.665061
vt 0.871069 0.663048
vt 0.871075 0.661668
vt 0.871081 0.660287
vt 0.806968 0.591761
vt 0.806869 0.614510
vt 0.839074 0.614650
vt 0.839173 0.591901
vt 0.806770 0.637259
vt 0.838988 0.634555
vt 0.866289 0.634674
vt 0.866375 0.614769
vt 0.866474 0.592020
vt 0.807166 0.546264
vt 0.807067 0.569013
vt 0.839272 0.569153
vt 0.839347 0.551738
vt 0.866573 0.569271
vt 0.871575 0.546544
vt 0.871759 0.504307
vt 0.839534 0.508685
vt 0.839468 0.523871
vt 0.871673 0.524011
vt 0.807349 0.504027
vt 0.807263 0.523732
vt 0.807178 0.543436
vt 0.839403 0.539004
vt 0.871588 0.543716
vt 0.807561 0.455270
vt 0.807462 0.478018
vt 0.839667 0.478158
vt 0.839766 0.455410
vt 0.807363 0.500767
vt 0.839591 0.495627
vt 0.871773 0.501047
vt 0.867190 0.478278
vt 0.867289 0.455529
vt 0.807759 0.409772
vt 0.807660 0.432521
vt 0.839865 0.432661
vt 0.839951 0.412756
vt 0.867388 0.432781
vt 0.867474 0.412876
vt 0.872279 0.384543
vt 0.840084 0.382250
vt 0.840068 0.385783
vt 0.872273 0.385923
vt 0.807869 0.384263
vt 0.807863 0.385643
vt 0.807857 0.387024
vt 0.840052 0.389662
vt 0.872267 0.387304
vt 0.808105 0.330152
vt 0.840310 0.330292
vt 0.808055 0.341526
vt 0.840271 0.339071
vt 0.872465 0.341806
vt 0.867485 0.330410
vt 0.716656 0.747653
vt 0.716033 0.745459
vt 0.715382 0.745432
vt 0.716023 0.747728
vt 0.716914 0.742071
vt 0.716170 0.741999
vt 0.703870 0.742881
vt 0.703326 0.746504
vt 0.704092 0.748956
vt 0.542259 0.750187
vt 0.506925 0.745949
vt 0.506884 0.750076
vt 0.541807 0.754780
vt 0.471980 0.741701
vt 0.472436 0.745337
vt 0.471583 0.747764
vt 0.505684 0.752778
vt 0.545323 0.760311
vt 0.610909 0.759691
vt 0.611438 0.754436
vt 0.588259 0.755193
vt 0.588358 0.760375
vt 0.611195 0.749798
vt 0.588249 0.750530
vt 0.565203 0.751271
vt 0.564970 0.755973
vt 0.565695 0.761121
vt 0.893570 0.160800
vt 0.901241 0.141912
vt 0.898015 0.141895
vt 0.892750 0.160460
vt 0.903617 0.126097
vt 0.898009 0.126386
vt 0.888296 0.127127
vt 0.890473 0.143785
vt 0.888057 0.158625
vt 0.603410 0.604556
vt 0.587553 0.604415
vt 0.587622 0.611522
vt 0.603637 0.611636
vt 0.571646 0.604151
vt 0.571552 0.611249
vt 0.571359 0.623755
vt 0.587743 0.624022
vt 0.604070 0.624093
vt 0.812071 0.038911
vt 0.797186 0.044378
vt 0.797522 0.047168
vt 0.812369 0.043825
vt 0.780188 0.054152
vt 0.780599 0.054826
vt 0.782858 0.058434
vt 0.796404 0.054001
vt 0.812355 0.052586
vt 0.842755 0.053952
vt 0.858896 0.054150
vt 0.857230 0.047214
vt 0.842064 0.044947
vt 0.873124 0.057595
vt 0.875175 0.053711
vt 0.875537 0.052984
vt 0.857334 0.044317
vt 0.841944 0.039876
vt 0.576182 0.849434
vt 0.591870 0.849122
vt 0.591548 0.842015
vt 0.575632 0.842312
vt 0.607520 0.848947
vt 0.607426 0.841894
vt 0.607275 0.829448
vt 0.590962 0.829524
vt 0.574605 0.829809
vt 0.757736 0.130481
vt 0.763789 0.144429
vt 0.766467 0.143968
vt 0.762462 0.129926
vt 0.774097 0.160305
vt 0.774730 0.159905
vt 0.778086 0.157552
vt 0.773119 0.144691
vt 0.770924 0.129454
vt 0.789079 0.172816
vt 0.789011 0.172360
vt 0.804686 0.180998
vt 0.804592 0.180452
vt 0.803598 0.172897
vt 0.788266 0.165989
vt 0.607020 0.810223
vt 0.590031 0.810292
vt 0.607391 0.789336
vt 0.589123 0.789502
vt 0.570791 0.789897
vt 0.572992 0.810599
vt 0.846706 0.082824
vt 0.869880 0.082534
vt 0.864163 0.067523
vt 0.844525 0.067956
vt 0.892690 0.082418
vt 0.883362 0.067178
vt 0.773591 0.068512
vt 0.792189 0.067340
vt 0.765602 0.084027
vt 0.787644 0.082289
vt 0.810359 0.080781
vt 0.811550 0.066261
vt 0.606031 0.663938
vt 0.604738 0.643272
vt 0.587930 0.643277
vt 0.588130 0.664085
vt 0.571064 0.643046
vt 0.570172 0.663998
vt 0.862700 0.189382
vt 0.878866 0.177501
vt 0.878845 0.176961
vt 0.862682 0.188732
vt 0.878151 0.169751
vt 0.862163 0.179970
vt 0.842236 0.193558
vt 0.850638 0.193809
vt 0.850642 0.193106
vt 0.842278 0.192840
vt 0.850423 0.183781
vt 0.842418 0.183528
vt 0.610451 0.692466
vt 0.608342 0.680856
vt 0.588294 0.681245
vt 0.588405 0.693073
vt 0.568186 0.681486
vt 0.566293 0.693628
vt 0.785534 0.093953
vt 0.809186 0.092075
vt 0.762377 0.096284
vt 0.761977 0.105157
vt 0.785208 0.102275
vt 0.802924 0.098792
vt 0.202516 0.273384
vt 0.203388 0.273379
vt 0.191428 0.273220
vt 0.191498 0.276528
vt 0.202517 0.276361
vt 0.203394 0.274248
vt 0.840256 0.342661
vt 0.872461 0.342801
vt 0.808051 0.342521
vt 0.808046 0.343515
vt 0.840241 0.346002
vt 0.872456 0.343795
vt 0.546617 0.694285
vt 0.507447 0.697694
vt 0.508393 0.700076
vt 0.542988 0.699039
vt 0.473567 0.698893
vt 0.474244 0.701102
vt 0.473518 0.704487
vt 0.508169 0.703929
vt 0.543199 0.703342
vt 0.610981 0.701651
vt 0.611138 0.697209
vt 0.588444 0.697885
vt 0.588427 0.702319
vt 0.565678 0.698544
vt 0.565799 0.702975
vt 0.716020 0.706041
vt 0.715010 0.702894
vt 0.714388 0.702902
vt 0.715302 0.706109
vt 0.715624 0.700954
vt 0.715014 0.700860
vt 0.703163 0.699972
vt 0.702427 0.702165
vt 0.703091 0.705574
vt 0.870892 0.703796
vt 0.838698 0.701310
vt 0.838683 0.704650
vt 0.870888 0.704790
vt 0.806483 0.703516
vt 0.806478 0.704510
vt 0.357808 0.230222
vt 0.359491 0.231721
vt 0.358236 0.229023
vt 0.357447 0.229424
vt 0.369581 0.227919
vt 0.368219 0.224898
vt 0.214982 0.320435
vt 0.215733 0.319858
vt 0.205755 0.325650
vt 0.840013 0.398538
vt 0.867536 0.398658
vt 0.807808 0.398398
vt 0.855611 0.100567
vt 0.873951 0.102658
vt 0.872896 0.094388
vt 0.848634 0.094417
vt 0.898078 0.103385
vt 0.896917 0.094684
vt 0.609124 0.771908
vt 0.588606 0.772337
vt 0.567997 0.772917
vt 0.816866 0.183888
vt 0.816753 0.183305
vt 0.825496 0.183887
vt 0.825372 0.183296
vt 0.823998 0.175338
vt 0.815549 0.175367
vt 0.806721 0.648633
vt 0.838926 0.648773
vt 0.866227 0.648892
vt 0.377232 0.278332
vt 0.366355 0.276888
vt 0.365556 0.276766
vt 0.706402 0.753535
vt 0.718238 0.752111
vt 0.709463 0.761422
vt 0.721060 0.759987
vt 0.721943 0.759681
vt 0.718991 0.751895
vt 0.723052 0.756802
vt 0.725265 0.755051
vt 0.720945 0.750261
vt 0.719965 0.751326
vt 0.727478 0.753300
vt 0.722771 0.746098
vt 0.718856 0.743132
vt 0.717678 0.746668
vt 0.718007 0.748314
vt 0.456747 0.741305
vt 0.452722 0.744127
vt 0.454452 0.748277
vt 0.457865 0.744817
vt 0.447794 0.751129
vt 0.449942 0.752890
vt 0.452089 0.754652
vt 0.455415 0.749332
vt 0.457495 0.746414
vt 0.469089 0.752271
vt 0.502535 0.757657
vt 0.465366 0.760288
vt 0.497657 0.765733
vt 0.530703 0.774028
vt 0.536929 0.766414
vt 0.562932 0.602962
vt 0.558766 0.600492
vt 0.557891 0.607942
vt 0.562495 0.610056
vt 0.551352 0.597542
vt 0.550111 0.605342
vt 0.548951 0.618235
vt 0.557018 0.620656
vt 0.561978 0.622529
vt 0.625353 0.618284
vt 0.624073 0.605294
vt 0.616767 0.608097
vt 0.617843 0.620879
vt 0.622789 0.597391
vt 0.615807 0.600562
vt 0.611791 0.603305
vt 0.612323 0.610435
vt 0.613063 0.622904
vt 0.604041 0.596954
vt 0.605541 0.592029
vt 0.587563 0.591670
vt 0.587525 0.596664
vt 0.613404 0.585294
vt 0.587612 0.585401
vt 0.561821 0.585507
vt 0.569503 0.591875
vt 0.570953 0.596551
vt 0.552785 0.836946
vt 0.554853 0.849828
vt 0.562505 0.846403
vt 0.560687 0.833656
vt 0.556539 0.857590
vt 0.563853 0.853865
vt 0.567705 0.850984
vt 0.566806 0.843857
vt 0.565378 0.831367
vt 0.575903 0.857134
vt 0.574674 0.862163
vt 0.592421 0.861907
vt 0.592202 0.856894
vt 0.567346 0.869318
vt 0.592698 0.868200
vt 0.618051 0.867083
vt 0.610105 0.861096
vt 0.608450 0.856482
vt 0.615869 0.849956
vt 0.619982 0.852427
vt 0.620660 0.844983
vt 0.616115 0.842890
vt 0.627531 0.855370
vt 0.628579 0.847566
vt 0.629461 0.834681
vt 0.621239 0.832280
vt 0.616326 0.830452
vt 0.548212 0.799025
vt 0.550766 0.818225
vt 0.558629 0.814611
vt 0.555786 0.794502
vt 0.563440 0.812264
vt 0.560578 0.791704
vt 0.629571 0.816044
vt 0.621337 0.813311
vt 0.629946 0.796781
vt 0.622129 0.793099
vt 0.617265 0.790596
vt 0.616344 0.811347
vt 0.548501 0.636899
vt 0.556534 0.639637
vt 0.547871 0.656198
vt 0.555402 0.659885
vt 0.560188 0.662484
vt 0.561523 0.641671
vt 0.627244 0.656027
vt 0.626062 0.636982
vt 0.618689 0.639850
vt 0.620290 0.659809
vt 0.613892 0.641941
vt 0.615645 0.662403
vt 0.546174 0.670999
vt 0.552582 0.676398
vt 0.533823 0.680798
vt 0.538808 0.687835
vt 0.557031 0.679968
vt 0.643203 0.679567
vt 0.629943 0.670056
vt 0.623633 0.675554
vt 0.637839 0.686658
vt 0.619158 0.679147
vt 0.629809 0.692951
vt 0.501231 0.685094
vt 0.504810 0.692853
vt 0.468875 0.686337
vt 0.471457 0.694264
vt 0.454737 0.689942
vt 0.452999 0.691057
vt 0.456970 0.696157
vt 0.457776 0.695469
vt 0.451260 0.692172
vt 0.455056 0.699956
vt 0.458633 0.703244
vt 0.459977 0.699984
vt 0.459639 0.698526
vt 0.717939 0.696680
vt 0.717186 0.696466
vt 0.720799 0.689184
vt 0.719895 0.688899
vt 0.708359 0.687757
vt 0.705414 0.695385
vt 0.717847 0.704882
vt 0.721480 0.701650
vt 0.719647 0.697807
vt 0.716569 0.701608
vt 0.725432 0.693901
vt 0.723717 0.692740
vt 0.722001 0.691580
vt 0.718854 0.697111
vt 0.716933 0.700161
vt 0.544539 0.784709
vt 0.551617 0.778566
vt 0.556377 0.774847
vt 0.631624 0.782019
vt 0.624790 0.776666
vt 0.644117 0.771494
vt 0.638598 0.764542
vt 0.630454 0.758465
vt 0.620184 0.773220
vt 0.902438 0.118614
vt 0.896104 0.119055
vt 0.901236 0.115179
vt 0.893249 0.115812
vt 0.885261 0.116446
vt 0.885811 0.119441
vt 0.891383 0.774121
vt 0.891284 0.796870
vt 0.897784 0.796898
vt 0.897883 0.774149
vt 0.892744 0.819625
vt 0.897685 0.819647
vt 0.902626 0.819668
vt 0.902725 0.796919
vt 0.902824 0.774171
vt 0.868920 0.116256
vt 0.871174 0.119502
vt 0.852578 0.116066
vt 0.856835 0.119774
vt 0.858695 0.130185
vt 0.873538 0.128626
vt 0.891568 0.731467
vt 0.891482 0.751372
vt 0.897982 0.751401
vt 0.898068 0.731495
vt 0.902923 0.751422
vt 0.903022 0.728673
vt 0.846017 0.118570
vt 0.847437 0.120791
vt 0.839455 0.121074
vt 0.841836 0.130283
vt 0.844121 0.137879
vt 0.848726 0.131106
vt 0.837638 0.181554
vt 0.837141 0.190691
vt 0.833816 0.186696
vt 0.833618 0.187600
vt 0.833420 0.188503
vt 0.837046 0.191406
vt 0.893238 0.705882
vt 0.891630 0.717249
vt 0.898130 0.717278
vt 0.898179 0.705903
vt 0.903071 0.717299
vt 0.903121 0.705925
vt 0.823901 0.049895
vt 0.823512 0.042564
vt 0.819795 0.042652
vt 0.820155 0.052147
vt 0.823124 0.035233
vt 0.819503 0.036994
vt 0.897134 0.228168
vt 0.895021 0.250908
vt 0.901066 0.250935
vt 0.901165 0.228186
vt 0.894921 0.273657
vt 0.900967 0.273683
vt 0.904998 0.273701
vt 0.905097 0.250952
vt 0.905197 0.228204
vt 0.894822 0.296405
vt 0.900868 0.296432
vt 0.894736 0.316310
vt 0.900781 0.316337
vt 0.904801 0.319198
vt 0.904899 0.296449
vt 0.824507 0.082953
vt 0.824204 0.066424
vt 0.820484 0.066111
vt 0.820261 0.080826
vt 0.894674 0.330528
vt 0.900720 0.330554
vt 0.896639 0.341911
vt 0.900670 0.341929
vt 0.904702 0.341946
vt 0.904751 0.330572
vt 0.762462 0.110520
vt 0.786018 0.107204
vt 0.755679 0.115298
vt 0.787394 0.110435
vt 0.819110 0.105571
vt 0.809813 0.101364
vt 0.821808 0.094262
vt 0.818966 0.092574
vt 0.896217 0.455655
vt 0.896118 0.478404
vt 0.901468 0.478427
vt 0.901567 0.455678
vt 0.898728 0.501164
vt 0.901369 0.501175
vt 0.904010 0.501187
vt 0.904109 0.478438
vt 0.904208 0.455690
vt 0.835154 0.038466
vt 0.835351 0.044278
vt 0.832607 0.036918
vt 0.832866 0.044409
vt 0.833126 0.051899
vt 0.835726 0.054020
vt 0.896402 0.413001
vt 0.896316 0.432906
vt 0.901666 0.432929
vt 0.901752 0.413024
vt 0.904307 0.432941
vt 0.904405 0.410192
vt 0.833894 0.068682
vt 0.836345 0.068333
vt 0.834663 0.085464
vt 0.837455 0.083365
vt 0.840231 0.107569
vt 0.873006 0.109175
vt 0.873784 0.106919
vt 0.849037 0.103343
vt 0.905781 0.110781
vt 0.898206 0.107929
vt 0.899222 0.387421
vt 0.896464 0.398783
vt 0.901814 0.398806
vt 0.901863 0.387432
vt 0.904455 0.398818
vt 0.904504 0.387444
vt 0.837447 0.096516
vt 0.839307 0.095263
vt 0.767739 0.119252
vt 0.760698 0.120028
vt 0.760955 0.123159
vt 0.770096 0.122279
vt 0.753656 0.120804
vt 0.755515 0.123753
vt 0.896755 0.546654
vt 0.894391 0.569392
vt 0.900185 0.569417
vt 0.900284 0.546669
vt 0.894292 0.592141
vt 0.900086 0.592166
vt 0.903615 0.592181
vt 0.903714 0.569433
vt 0.903812 0.546684
vt 0.799524 0.116769
vt 0.783631 0.118011
vt 0.783556 0.121164
vt 0.797764 0.120524
vt 0.784180 0.129462
vt 0.798279 0.129795
vt 0.894193 0.614890
vt 0.899987 0.614915
vt 0.894107 0.634795
vt 0.899901 0.634820
vt 0.903417 0.637679
vt 0.903516 0.614930
vt 0.830455 0.183398
vt 0.830327 0.182802
vt 0.833613 0.182833
vt 0.833450 0.182066
vt 0.833287 0.181299
vt 0.828824 0.174749
vt 0.821372 0.120414
vt 0.810448 0.118591
vt 0.809149 0.121066
vt 0.818009 0.129397
vt 0.809270 0.130299
vt 0.815986 0.136054
vt 0.894045 0.649013
vt 0.899839 0.649038
vt 0.896261 0.660397
vt 0.899790 0.660412
vt 0.903318 0.660427
vt 0.903368 0.649053
vt 0.646859 0.590835
vt 0.633903 0.595004
vt 0.635074 0.602890
vt 0.647922 0.600685
vt 0.636117 0.615632
vt 0.648985 0.610535
vt 0.636368 0.633636
vt 0.636770 0.651282
vt 0.647296 0.649568
vt 0.648140 0.630052
vt 0.638265 0.662950
vt 0.649879 0.670135
vt 0.647888 0.660512
vt 0.647592 0.655040
vt 0.723054 0.663616
vt 0.711176 0.676436
vt 0.722136 0.677341
vt 0.724143 0.663786
vt 0.723048 0.677579
vt 0.725232 0.663957
vt 0.882012 0.717208
vt 0.882061 0.705833
vt 0.881950 0.731426
vt 0.881863 0.751331
vt 0.881764 0.774079
vt 0.881666 0.796828
vt 0.881567 0.819577
vt 0.884749 0.296362
vt 0.884848 0.273613
vt 0.884663 0.316267
vt 0.884601 0.330484
vt 0.884552 0.341859
vt 0.455775 0.659648
vt 0.466779 0.674233
vt 0.497457 0.673955
vt 0.493585 0.661126
vt 0.527660 0.671354
vt 0.531395 0.662604
vt 0.537326 0.664118
vt 0.536837 0.651761
vt 0.523124 0.650387
vt 0.527259 0.656496
vt 0.536575 0.633799
vt 0.536847 0.615713
vt 0.522281 0.610650
vt 0.522702 0.630518
vt 0.537963 0.602982
vt 0.539204 0.595141
vt 0.524981 0.590831
vt 0.523631 0.600740
vt 0.884947 0.250864
vt 0.885047 0.228116
vt 0.538872 0.823198
vt 0.540480 0.841062
vt 0.537013 0.805504
vt 0.524134 0.809730
vt 0.524963 0.828850
vt 0.525792 0.847971
vt 0.534419 0.793468
vt 0.522152 0.785004
vt 0.521422 0.797339
vt 0.522778 0.803534
vt 0.491273 0.778027
vt 0.460826 0.773244
vt 0.446848 0.787521
vt 0.484135 0.792430
vt 0.885695 0.398736
vt 0.885745 0.387362
vt 0.885634 0.412954
vt 0.885547 0.432859
vt 0.885448 0.455608
vt 0.885350 0.478357
vt 0.885251 0.501105
vt 0.528903 0.867177
vt 0.543892 0.861323
vt 0.542321 0.853611
vt 0.527348 0.857574
vt 0.883869 0.614845
vt 0.883968 0.592096
vt 0.883782 0.634750
vt 0.883721 0.648968
vt 0.883671 0.660342
vt 0.726889 0.787825
vt 0.724417 0.772510
vt 0.723523 0.772761
vt 0.725808 0.787984
vt 0.712481 0.773798
vt 0.724726 0.788142
vt 0.641181 0.789042
vt 0.651162 0.781049
vt 0.641511 0.801392
vt 0.655636 0.803139
vt 0.652101 0.796899
vt 0.648566 0.790660
vt 0.641958 0.819250
vt 0.642010 0.837219
vt 0.657205 0.842247
vt 0.656420 0.822693
vt 0.641154 0.849903
vt 0.640090 0.857735
vt 0.654911 0.861987
vt 0.656058 0.852117
vt 0.884066 0.569347
vt 0.884165 0.546599
vt 0.202513 0.283533
vt 0.203419 0.283421
vt 0.191685 0.284495
vt 0.192851 0.294501
vt 0.203425 0.292522
vt 0.203444 0.292594
vt 0.840206 0.354035
vt 0.872411 0.354175
vt 0.808001 0.353895
vt 0.807956 0.364275
vt 0.840162 0.364318
vt 0.872366 0.364555
vt 0.451371 0.709545
vt 0.455584 0.711521
vt 0.445804 0.706919
vt 0.440349 0.721665
vt 0.448744 0.722016
vt 0.453361 0.722284
vt 0.507292 0.713181
vt 0.543470 0.713692
vt 0.471416 0.712641
vt 0.469804 0.723142
vt 0.506518 0.725060
vt 0.543491 0.726960
vt 0.610301 0.726048
vt 0.610554 0.712360
vt 0.588369 0.713016
vt 0.588303 0.726707
vt 0.566110 0.713662
vt 0.566229 0.727358
vt 0.720373 0.724150
vt 0.718579 0.713937
vt 0.717751 0.713997
vt 0.719483 0.724164
vt 0.705043 0.713807
vt 0.706452 0.724374
vt 0.735683 0.723779
vt 0.730558 0.708840
vt 0.724948 0.711352
vt 0.727284 0.723935
vt 0.720706 0.713240
vt 0.722677 0.724086
vt 0.806573 0.682756
vt 0.806528 0.693136
vt 0.838732 0.693276
vt 0.838777 0.682993
vt 0.870937 0.693416
vt 0.870983 0.683036
vt 0.375901 0.244823
vt 0.372765 0.235239
vt 0.362456 0.238243
vt 0.365325 0.246804
vt 0.361573 0.238554
vt 0.365339 0.246886
vt 0.245134 0.192593
vt 0.245708 0.193437
vt 0.240634 0.182503
vt 0.837994 0.863255
vt 0.870199 0.863395
vt 0.805789 0.863115
vt 0.805782 0.864745
vt 0.837987 0.864885
vt 0.870192 0.865025
vt 0.562183 0.592730
vt 0.564482 0.596786
vt 0.559146 0.587681
vt 0.556471 0.589854
vt 0.560636 0.593906
vt 0.562925 0.596436
vt 0.565332 0.603924
vt 0.565112 0.610959
vt 0.564764 0.623409
vt 0.564314 0.642659
vt 0.562985 0.663660
vt 0.559999 0.681362
vt 0.557168 0.693731
vt 0.556305 0.698728
vt 0.556566 0.703170
vt 0.557109 0.713870
vt 0.557343 0.727584
vt 0.555328 0.756290
vt 0.556267 0.761483
vt 0.555779 0.751559
vt 0.559545 0.773359
vt 0.563427 0.790400
vt 0.566178 0.811092
vt 0.568047 0.830254
vt 0.569971 0.849781
vt 0.569283 0.842709
vt 0.562227 0.864891
vt 0.564786 0.867104
vt 0.567514 0.861496
vt 0.566009 0.860369
vt 0.569554 0.857026
vt 0.568067 0.857546
vt 0.807356 0.502397
vt 0.839561 0.502537
vt 0.871766 0.502677
vt 0.289458 0.367315
vt 0.289524 0.356347
vt 0.289528 0.355402
vt 0.323873 0.346955
vt 0.323280 0.346125
vt 0.328407 0.357023
vt 0.839377 0.544990
vt 0.871582 0.545130
vt 0.807172 0.544850
vt 0.617072 0.860092
vt 0.614649 0.856073
vt 0.620270 0.865098
vt 0.622488 0.863113
vt 0.618360 0.858978
vt 0.616077 0.856440
vt 0.613701 0.829633
vt 0.613659 0.842023
vt 0.613617 0.849011
vt 0.614563 0.789521
vt 0.613681 0.810446
vt 0.620004 0.759514
vt 0.617306 0.771918
vt 0.633567 0.748567
vt 0.620320 0.749537
vt 0.620748 0.754185
vt 0.633957 0.753089
vt 0.633188 0.702009
vt 0.619991 0.701420
vt 0.619330 0.712123
vt 0.632795 0.712350
vt 0.618955 0.725801
vt 0.632617 0.725573
vt 0.619374 0.692207
vt 0.620298 0.696975
vt 0.633454 0.697710
vt 0.613047 0.663578
vt 0.616345 0.680535
vt 0.610492 0.623848
vt 0.611317 0.642954
vt 0.609574 0.604411
vt 0.609908 0.611444
vt 0.617866 0.589441
vt 0.615635 0.587368
vt 0.612615 0.592869
vt 0.613932 0.593966
vt 0.610344 0.597254
vt 0.611767 0.596751
vt 0.805974 0.820662
vt 0.838178 0.820802
vt 0.870383 0.820942
vt 0.279565 0.172226
vt 0.279467 0.183196
vt 0.279456 0.184141
vt 0.366290 0.255618
vt 0.365381 0.255732
vt 0.377118 0.254635
vt 0.838821 0.672902
vt 0.871026 0.673042
vt 0.806616 0.672762
vt 0.725721 0.736420
vt 0.721292 0.734827
vt 0.731580 0.738539
vt 0.719089 0.734248
vt 0.718247 0.734204
vt 0.705486 0.734785
vt 0.619504 0.739174
vt 0.632997 0.738520
vt 0.610665 0.739431
vt 0.588263 0.740123
vt 0.565775 0.740813
vt 0.556675 0.741069
vt 0.542954 0.740020
vt 0.506599 0.736797
vt 0.470547 0.733566
vt 0.444071 0.736397
vt 0.450007 0.734459
vt 0.454497 0.733003
vt 0.807913 0.374269
vt 0.840118 0.374409
vt 0.872323 0.374549
vt 0.195860 0.303930
vt 0.206176 0.300947
vt 0.207064 0.300638
vt 0.876123 0.149508
vt 0.860653 0.155353
vt 0.849752 0.157609
vt 0.842728 0.157432
vt 0.836636 0.153885
vt 0.838886 0.155978
vt 0.676068 0.685057
vt 0.680637 0.674332
vt 0.685471 0.662064
vt 0.672032 0.692692
vt 0.669174 0.697549
vt 0.668139 0.699937
vt 0.668304 0.703801
vt 0.669045 0.713085
vt 0.669640 0.724971
vt 0.669364 0.736640
vt 0.668876 0.745709
vt 0.668834 0.749793
vt 0.669924 0.752453
vt 0.676939 0.764943
vt 0.672829 0.757255
vt 0.681644 0.776264
vt 0.686646 0.789401
vt 0.824642 0.152119
vt 0.820196 0.152983
vt 0.827329 0.150857
vt 0.812229 0.153049
vt 0.800859 0.151632
vt 0.786203 0.148046
vt 0.766419 0.068995
vt 0.766943 0.068945
vt 0.757091 0.084746
vt 0.757718 0.084671
vt 0.754085 0.097147
vt 0.753653 0.106221
vt 0.753415 0.097248
vt 0.752974 0.106341
vt 0.753348 0.111869
vt 0.754029 0.111737
vt 0.753939 0.115651
vt 0.754809 0.115475
vt 0.453369 0.659823
vt 0.454683 0.674709
vt 0.455691 0.674502
vt 0.454572 0.659736
vt 0.456229 0.687247
vt 0.457232 0.686979
vt 0.459615 0.694879
vt 0.461680 0.699309
vt 0.458769 0.695050
vt 0.460987 0.699331
vt 0.462265 0.701378
vt 0.461291 0.704573
vt 0.461568 0.701303
vt 0.460500 0.704455
vt 0.458679 0.712378
vt 0.456727 0.722462
vt 0.457770 0.712279
vt 0.455747 0.722414
vt 0.457731 0.732492
vt 0.459625 0.740302
vt 0.456799 0.732498
vt 0.458799 0.740323
vt 0.460339 0.743722
vt 0.459628 0.745961
vt 0.459621 0.743681
vt 0.458942 0.745809
vt 0.456436 0.749942
vt 0.457247 0.750230
vt 0.452841 0.757780
vt 0.453790 0.758154
vt 0.449853 0.771360
vt 0.445677 0.787208
vt 0.448891 0.771021
vt 0.444506 0.786895
vt 0.906959 0.108309
vt 0.906726 0.103668
vt 0.906705 0.110843
vt 0.907629 0.110906
vt 0.907676 0.108360
vt 0.907435 0.103717
vt 0.905518 0.094814
vt 0.900847 0.082397
vt 0.906213 0.094851
vt 0.901494 0.082418
vt 0.890223 0.067067
vt 0.890763 0.067073
vt 0.539854 0.591728
vt 0.525167 0.589662
vt 0.552048 0.594154
vt 0.552502 0.592944
vt 0.540232 0.590498
vt 0.525354 0.588492
vt 0.819374 0.034540
vt 0.811941 0.036779
vt 0.823073 0.034376
vt 0.823023 0.033519
vt 0.819326 0.033666
vt 0.811893 0.036018
vt 0.796987 0.042733
vt 0.797039 0.043166
vt 0.779946 0.053755
vt 0.780010 0.053860
vt 0.766110 0.069024
vt 0.766192 0.069016
vt 0.756721 0.084790
vt 0.756819 0.084779
vt 0.753124 0.097291
vt 0.752679 0.106394
vt 0.753020 0.097307
vt 0.752574 0.106412
vt 0.752947 0.111947
vt 0.753053 0.111926
vt 0.753733 0.115695
vt 0.753836 0.115673
vt 0.453084 0.659843
vt 0.454088 0.674832
vt 0.454245 0.674799
vt 0.453226 0.659833
vt 0.455638 0.687411
vt 0.455794 0.687365
vt 0.458403 0.695132
vt 0.460688 0.699350
vt 0.458273 0.695170
vt 0.460584 0.699369
vt 0.461268 0.701274
vt 0.460158 0.704402
vt 0.461163 0.701268
vt 0.460038 0.704380
vt 0.457376 0.712234
vt 0.455321 0.722394
vt 0.457236 0.712215
vt 0.455169 0.722387
vt 0.456394 0.732503
vt 0.458441 0.740336
vt 0.456250 0.732508
vt 0.458314 0.740346
vt 0.459310 0.743667
vt 0.458643 0.745744
vt 0.459199 0.743665
vt 0.458536 0.745721
vt 0.455958 0.749768
vt 0.456084 0.749816
vt 0.452282 0.757552
vt 0.452429 0.757615
vt 0.448473 0.770873
vt 0.444368 0.786860
vt 0.448324 0.770818
vt 0.444230 0.786825
vt 0.907986 0.108383
vt 0.907743 0.103738
vt 0.907737 0.110914
vt 0.907845 0.110923
vt 0.908097 0.108391
vt 0.907853 0.103746
vt 0.906515 0.094867
vt 0.901775 0.082426
vt 0.906623 0.094872
vt 0.901876 0.082430
vt 0.890997 0.067075
vt 0.875694 0.052668
vt 0.891082 0.067076
vt 0.875750 0.052555
vt 0.857379 0.043058
vt 0.841891 0.037674
vt 0.857394 0.042607
vt 0.841870 0.036886
vt 0.835036 0.035040
vt 0.835068 0.035942
vt 0.832549 0.035156
vt 0.832578 0.036037
vt 0.529403 0.869452
vt 0.545125 0.865878
vt 0.544690 0.864676
vt 0.529153 0.868315
vt 0.557907 0.862140
vt 0.557411 0.860952
vt 0.564500 0.857058
vt 0.568060 0.854003
vt 0.564829 0.858133
vt 0.568168 0.854978
vt 0.570202 0.853796
vt 0.570198 0.852794
vt 0.576355 0.853572
vt 0.576364 0.852503
vt 0.592051 0.853293
vt 0.592006 0.852201
vt 0.607695 0.853063
vt 0.607603 0.851994
vt 0.613633 0.851992
vt 0.615744 0.852948
vt 0.613691 0.852989
vt 0.615684 0.853920
vt 0.619315 0.856704
vt 0.619587 0.855617
vt 0.626503 0.859979
vt 0.626923 0.858763
vt 0.639518 0.861149
vt 0.654742 0.863156
vt 0.639168 0.862383
vt 0.654572 0.864324
vt 0.753155 0.124012
vt 0.755685 0.130723
vt 0.752833 0.120900
vt 0.752009 0.120996
vt 0.752315 0.124107
vt 0.754953 0.130810
vt 0.762212 0.144702
vt 0.762627 0.144630
vt 0.773724 0.160540
vt 0.773822 0.160478
vt 0.789119 0.173085
vt 0.789109 0.173014
vt 0.804741 0.181320
vt 0.804727 0.181235
vt 0.816933 0.184232
vt 0.816915 0.184141
vt 0.825570 0.184236
vt 0.825551 0.184144
vt 0.830531 0.183749
vt 0.830511 0.183656
vt 0.833653 0.183013
vt 0.833633 0.182923
vt 0.727144 0.787788
vt 0.724944 0.772360
vt 0.724805 0.772400
vt 0.727017 0.787806
vt 0.722464 0.759495
vt 0.722327 0.759546
vt 0.719318 0.751796
vt 0.716930 0.747615
vt 0.719434 0.751755
vt 0.717026 0.747595
vt 0.716414 0.745469
vt 0.716315 0.745469
vt 0.717349 0.742118
vt 0.717235 0.742104
vt 0.719585 0.734279
vt 0.719454 0.734269
vt 0.720898 0.724141
vt 0.720759 0.724144
vt 0.719066 0.713894
vt 0.718938 0.713908
vt 0.716441 0.705991
vt 0.716331 0.706007
vt 0.715375 0.702883
vt 0.715279 0.702888
vt 0.715983 0.701011
vt 0.715889 0.700995
vt 0.718383 0.696813
vt 0.718266 0.696775
vt 0.721332 0.689359
vt 0.721191 0.689310
vt 0.723444 0.677683
vt 0.725360 0.663975
vt 0.723585 0.677722
vt 0.725488 0.663992
vt 0.837005 0.191717
vt 0.842218 0.193870
vt 0.833396 0.188610
vt 0.833371 0.188717
vt 0.836990 0.191828
vt 0.842211 0.193981
vt 0.850636 0.194223
vt 0.850637 0.194114
vt 0.862710 0.189766
vt 0.862707 0.189664
vt 0.878879 0.177820
vt 0.878876 0.177736
vt 0.894055 0.160997
vt 0.893927 0.160946
vt 0.903152 0.141906
vt 0.902645 0.141913
vt 0.906942 0.125884
vt 0.906060 0.125955
vt 0.906198 0.118265
vt 0.905198 0.118389
vt 0.903161 0.114858
vt 0.902199 0.115019
vt 0.646528 0.588513
vt 0.632886 0.590327
vt 0.633270 0.591568
vt 0.646694 0.589674
vt 0.621598 0.592726
vt 0.622069 0.593956
vt 0.615310 0.597330
vt 0.611589 0.600286
vt 0.615010 0.596233
vt 0.611525 0.599312
vt 0.609542 0.600431
vt 0.609498 0.601419
vt 0.603420 0.600455
vt 0.603366 0.601509
vt 0.587517 0.600250
vt 0.587524 0.601338
vt 0.571582 0.600006
vt 0.571644 0.601083
vt 0.565368 0.599913
vt 0.565397 0.600922
vt 0.563239 0.598980
vt 0.563147 0.599960
vt 0.559561 0.596214
vt 0.559254 0.597301
vt 0.540655 0.589209
vt 0.525544 0.587211
vt 0.553020 0.591675
vt 0.541103 0.587892
vt 0.525735 0.585929
vt 0.819277 0.032749
vt 0.811844 0.035217
vt 0.822970 0.032578
vt 0.822917 0.031636
vt 0.819227 0.031810
vt 0.815536 0.031984
vt 0.778214 0.051640
vt 0.779879 0.053645
vt 0.796932 0.042278
vt 0.796875 0.041812
vt 0.765936 0.069040
vt 0.766024 0.069031
vt 0.753659 0.086439
vt 0.756618 0.084802
vt 0.752910 0.097323
vt 0.752462 0.106432
vt 0.752798 0.097339
vt 0.751937 0.108239
vt 0.753506 0.115744
vt 0.753620 0.115720
vt 0.752836 0.111969
vt 0.752722 0.111992
vt 0.455474 0.687460
vt 0.453923 0.674868
vt 0.453754 0.674904
vt 0.452927 0.659854
vt 0.452770 0.659865
vt 0.458137 0.695211
vt 0.460476 0.699389
vt 0.461054 0.701263
vt 0.459911 0.704356
vt 0.457089 0.712194
vt 0.455009 0.722379
vt 0.456098 0.732514
vt 0.458180 0.740357
vt 0.459082 0.743664
vt 0.458424 0.745697
vt 0.452127 0.757486
vt 0.455826 0.749718
vt 0.448168 0.770759
vt 0.444078 0.786786
vt 0.448007 0.770699
vt 0.443925 0.786747
vt 0.908214 0.108400
vt 0.907970 0.103754
vt 0.907965 0.110932
vt 0.908085 0.110942
vt 0.908334 0.108410
vt 0.908583 0.105877
vt 0.906737 0.094878
vt 0.901982 0.082433
vt 0.906854 0.094884
vt 0.905125 0.083891
vt 0.891170 0.067077
vt 0.875809 0.052436
vt 0.891261 0.067078
vt 0.877397 0.050265
vt 0.857409 0.042133
vt 0.841848 0.036057
vt 0.857425 0.041648
vt 0.837452 0.033030
vt 0.832483 0.033211
vt 0.832516 0.034184
vt 0.835003 0.034092
vt 0.834968 0.033121
vt 0.558464 0.863380
vt 0.545603 0.867139
vt 0.546103 0.868429
vt 0.529691 0.870709
vt 0.529979 0.871966
vt 0.565223 0.859242
vt 0.568326 0.855977
vt 0.576332 0.854693
vt 0.570219 0.854833
vt 0.607812 0.854182
vt 0.592097 0.854440
vt 0.613776 0.854028
vt 0.615628 0.854929
vt 0.626019 0.861252
vt 0.619007 0.857836
vt 0.638773 0.863677
vt 0.654397 0.865606
vt 0.638355 0.865000
vt 0.654221 0.866888
vt 0.751433 0.124206
vt 0.754184 0.130901
vt 0.751102 0.121100
vt 0.750195 0.121205
vt 0.750529 0.124306
vt 0.750862 0.127408
vt 0.771795 0.162301
vt 0.773621 0.160606
vt 0.761776 0.144777
vt 0.761329 0.144854
vt 0.806488 0.184172
vt 0.804757 0.181410
vt 0.789131 0.173160
vt 0.789142 0.173236
vt 0.827452 0.184680
vt 0.825591 0.184333
vt 0.816951 0.184328
vt 0.816970 0.184426
vt 0.833697 0.183212
vt 0.833675 0.183112
vt 0.830552 0.183846
vt 0.830575 0.183946
vt 0.722608 0.759441
vt 0.725090 0.772318
vt 0.725240 0.772275
vt 0.727286 0.787767
vt 0.727427 0.787747
vt 0.719556 0.751711
vt 0.717127 0.747573
vt 0.717469 0.742133
vt 0.716518 0.745470
vt 0.721043 0.724138
vt 0.719721 0.734289
vt 0.716557 0.705973
vt 0.719200 0.713879
vt 0.716082 0.701028
vt 0.715475 0.702878
vt 0.721479 0.689411
vt 0.718506 0.696852
vt 0.723734 0.677763
vt 0.725630 0.664012
vt 0.723886 0.677806
vt 0.725771 0.664032
vt 0.836974 0.191945
vt 0.842204 0.194099
vt 0.833344 0.188836
vt 0.833317 0.188954
vt 0.836958 0.192065
vt 0.840598 0.195177
vt 0.860672 0.193735
vt 0.862713 0.189872
vt 0.850635 0.194338
vt 0.850635 0.194456
vt 0.897100 0.162264
vt 0.894191 0.161050
vt 0.878882 0.177909
vt 0.878886 0.177999
vt 0.911364 0.121519
vt 0.907871 0.125808
vt 0.903686 0.141899
vt 0.904232 0.141891
vt 0.905290 0.114461
vt 0.904226 0.114659
vt 0.907250 0.118130
vt 0.908327 0.117990
vt 0.621063 0.591442
vt 0.632460 0.589025
vt 0.632013 0.587693
vt 0.646344 0.587229
vt 0.646160 0.585945
vt 0.614641 0.595099
vt 0.611406 0.598315
vt 0.603490 0.599349
vt 0.609572 0.599409
vt 0.571499 0.598879
vt 0.587514 0.599108
vt 0.563307 0.597954
vt 0.565303 0.598858
vt 0.559892 0.595075
vt 0.052922 0.210341
vt 0.070813 0.167170
vt 0.058148 0.161010
vt 0.039137 0.206664
vt 0.098772 0.122274
vt 0.087812 0.113572
vt 0.078527 0.106448
vt 0.053501 0.158752
vt 0.028474 0.211056
vt 0.136411 0.084771
vt 0.127702 0.073953
vt 0.169173 0.058991
vt 0.162454 0.046689
vt 0.170171 0.033661
vt 0.124349 0.070054
vt 0.182501 0.049265
vt 0.176707 0.036319
vt 0.196711 0.045449
vt 0.191874 0.032207
vt 0.178821 0.029459
vt 0.174496 0.031560
vt 0.277850 0.007774
vt 0.228335 0.018616
vt 0.229370 0.023718
vt 0.266828 0.015662
vt 0.232118 0.037397
vt 0.267483 0.029725
vt 0.286224 0.007424
vt 0.282037 0.007599
vt 0.281880 0.012851
vt 0.298547 0.016140
vt 0.281570 0.027046
vt 0.297205 0.030132
vt 0.337215 0.039754
vt 0.340853 0.026388
vt 0.386535 0.058038
vt 0.392915 0.045807
vt 0.398444 0.035466
vt 0.342334 0.021445
vt 0.430099 0.087113
vt 0.438849 0.076613
vt 0.464248 0.118600
vt 0.474875 0.109939
vt 0.485750 0.109762
vt 0.442097 0.072614
vt 0.485325 0.144119
vt 0.497213 0.136914
vt 0.496478 0.161553
vt 0.509103 0.155343
vt 0.517414 0.158372
vt 0.501582 0.134067
vt 0.519692 0.163253
vt 0.518553 0.160813
vt 0.513790 0.163028
vt 0.516685 0.170841
vt 0.500857 0.168789
vt 0.503581 0.176152
vt 0.536624 0.212673
vt 0.528158 0.187963
vt 0.523202 0.189651
vt 0.530472 0.214022
vt 0.509768 0.193971
vt 0.516659 0.217071
vt 0.521493 0.240278
vt 0.535627 0.238517
vt 0.524381 0.258544
vt 0.538741 0.257828
vt 0.544959 0.262650
vt 0.540792 0.237662
vt 0.545348 0.270179
vt 0.545153 0.266415
vt 0.539887 0.266645
vt 0.539402 0.276466
vt 0.525433 0.266824
vt 0.524977 0.276015
vt 0.540319 0.328674
vt 0.542833 0.299426
vt 0.537624 0.298786
vt 0.529663 0.333044
vt 0.523337 0.297017
vt 0.515881 0.329340
vt 0.497972 0.372493
vt 0.510629 0.378676
vt 0.470004 0.417361
vt 0.480950 0.426082
vt 0.490221 0.433221
vt 0.515270 0.380948
vt 0.432366 0.454830
vt 0.441056 0.465661
vt 0.399730 0.480524
vt 0.406437 0.492829
vt 0.398567 0.505922
vt 0.444394 0.469572
vt 0.386764 0.490072
vt 0.392579 0.503002
vt 0.372937 0.493773
vt 0.377832 0.506986
vt 0.391038 0.509594
vt 0.394803 0.507758
vt 0.292223 0.531769
vt 0.341631 0.520681
vt 0.340544 0.515590
vt 0.303019 0.523832
vt 0.337716 0.501929
vt 0.302285 0.509770
vt 0.282630 0.532191
vt 0.287427 0.531980
vt 0.287563 0.526730
vt 0.270473 0.523467
vt 0.287829 0.512528
vt 0.271807 0.509467
vt 0.231684 0.499852
vt 0.228047 0.513225
vt 0.182381 0.481572
vt 0.176009 0.493811
vt 0.170489 0.504143
vt 0.226560 0.518167
vt 0.138822 0.452518
vt 0.130083 0.463028
vt 0.104668 0.421055
vt 0.094053 0.429734
vt 0.083193 0.429924
vt 0.126841 0.467034
vt 0.083578 0.395553
vt 0.071699 0.402782
vt 0.072316 0.377921
vt 0.059690 0.384145
vt 0.051480 0.381373
vt 0.067337 0.405648
vt 0.067646 0.370067
vt 0.054693 0.375793
vt 0.064730 0.362286
vt 0.051592 0.367524
vt 0.048364 0.374616
vt 0.049922 0.377994
vt 0.032240 0.326941
vt 0.040302 0.350779
vt 0.045272 0.349135
vt 0.038286 0.325171
vt 0.058729 0.344874
vt 0.052107 0.322162
vt 0.047323 0.298482
vt 0.033185 0.300178
vt 0.044403 0.279767
vt 0.030040 0.280402
vt 0.023781 0.275034
vt 0.028011 0.300988
vt 0.023523 0.269580
vt 0.023652 0.272307
vt 0.028920 0.272090
vt 0.029437 0.263011
vt 0.043368 0.271950
vt 0.043852 0.263446
vt 0.045486 0.242671
vt 0.031205 0.240934
vt 0.025999 0.240318
vt 0.172334 0.217144
vt 0.163843 0.239977
vt 0.186020 0.193290
vt 0.154910 0.167572
vt 0.136080 0.199070
vt 0.124165 0.229272
vt 0.204896 0.173064
vt 0.221478 0.159072
vt 0.202832 0.122927
vt 0.180491 0.141126
vt 0.228284 0.153919
vt 0.235705 0.151878
vt 0.221752 0.113531
vt 0.211942 0.116170
vt 0.270600 0.102079
vt 0.246196 0.107685
vt 0.254132 0.147223
vt 0.272523 0.142737
vt 0.291203 0.102214
vt 0.280295 0.100161
vt 0.279836 0.141204
vt 0.288116 0.142602
vt 0.309409 0.146911
vt 0.335912 0.155483
vt 0.354009 0.120705
vt 0.319245 0.108523
vt 0.359821 0.169672
vt 0.378482 0.185610
vt 0.409399 0.162001
vt 0.385083 0.140380
vt 0.389244 0.199425
vt 0.394486 0.209278
vt 0.431235 0.192570
vt 0.423889 0.180025
vt 0.436060 0.202943
vt 0.434118 0.197757
vt 0.396587 0.213327
vt 0.398187 0.217281
vt 0.445469 0.231747
vt 0.440585 0.215484
vt 0.401927 0.226849
vt 0.405796 0.239303
vt 0.407785 0.251913
vt 0.408585 0.261866
vt 0.450074 0.260968
vt 0.448486 0.248101
vt 0.450422 0.273158
vt 0.450670 0.266772
vt 0.408891 0.266349
vt 0.408763 0.271242
vt 0.444646 0.310320
vt 0.449478 0.287771
vt 0.408265 0.282422
vt 0.404980 0.299581
vt 0.396493 0.322412
vt 0.382811 0.346267
vt 0.413912 0.372001
vt 0.432735 0.340511
vt 0.363943 0.366498
vt 0.347431 0.380475
vt 0.366093 0.416607
vt 0.388342 0.398444
vt 0.340821 0.385565
vt 0.333595 0.387556
vt 0.347679 0.425825
vt 0.357235 0.423261
vt 0.298865 0.437413
vt 0.323339 0.431720
vt 0.315236 0.392236
vt 0.296780 0.396772
vt 0.277736 0.437333
vt 0.288909 0.439370
vt 0.289265 0.398329
vt 0.280782 0.396943
vt 0.259421 0.392649
vt 0.232917 0.384089
vt 0.214855 0.418872
vt 0.249612 0.431040
vt 0.209004 0.369903
vt 0.190337 0.353964
vt 0.159464 0.377595
vt 0.183781 0.399209
vt 0.179574 0.340145
vt 0.174282 0.330176
vt 0.137562 0.346884
vt 0.144974 0.359574
vt 0.172028 0.325789
vt 0.170325 0.321608
vt 0.132403 0.335786
vt 0.134481 0.341261
vt 0.123296 0.307560
vt 0.128001 0.323542
vt 0.166684 0.312260
vt 0.162962 0.300018
vt 0.161013 0.287153
vt 0.160206 0.276957
vt 0.118696 0.277683
vt 0.120310 0.290873
vt 0.118378 0.266285
vt 0.118110 0.272195
vt 0.159909 0.272719
vt 0.160050 0.268194
vt 0.160555 0.257137
vt 0.119331 0.251827
vt 0.158921 0.743000
vt 0.159053 0.738376
vt 0.118812 0.738376
vt 0.118284 0.743000
vt 0.159195 0.733407
vt 0.119379 0.733407
vt 0.077269 0.730940
vt 0.076266 0.736182
vt 0.075672 0.741080
vt 0.165002 0.658112
vt 0.167450 0.642165
vt 0.152399 0.645669
vt 0.142607 0.658988
vt 0.163156 0.623794
vt 0.140847 0.633284
vt 0.117189 0.650403
vt 0.160508 0.703135
vt 0.162508 0.680261
vt 0.132631 0.680261
vt 0.124630 0.703135
vt 0.098768 0.674115
vt 0.086112 0.698583
vt 0.159542 0.721256
vt 0.120766 0.721256
vt 0.079748 0.717966
vt 0.158898 0.793172
vt 0.158589 0.782320
vt 0.116954 0.782320
vt 0.118193 0.793172
vt 0.158395 0.768353
vt 0.116180 0.768353
vt 0.073606 0.768353
vt 0.074319 0.783416
vt 0.075518 0.795091
vt 0.158604 0.754119
vt 0.117015 0.754119
vt 0.074422 0.753022
vt 0.160508 0.833838
vt 0.159541 0.815717
vt 0.120765 0.815717
vt 0.124630 0.833838
vt 0.159191 0.803432
vt 0.119363 0.803432
vt 0.077243 0.805900
vt 0.079748 0.819008
vt 0.086112 0.838390
vt 0.159038 0.798063
vt 0.118751 0.798063
vt 0.076163 0.800257
vt 0.165002 0.878861
vt 0.162508 0.856712
vt 0.132631 0.856712
vt 0.142607 0.877985
vt 0.098768 0.862858
vt 0.117189 0.886571
vt 0.163156 0.913180
vt 0.167450 0.894808
vt 0.152399 0.891305
vt 0.140847 0.903689
vt 0.225629 0.916343
vt 0.225348 0.895976
vt 0.203788 0.895976
vt 0.203788 0.916343
vt 0.225348 0.879153
vt 0.203788 0.879153
vt 0.182305 0.879153
vt 0.182305 0.895976
vt 0.182023 0.916343
vt 0.225348 0.856712
vt 0.203788 0.856712
vt 0.225348 0.833838
vt 0.203788 0.833838
vt 0.182305 0.833838
vt 0.182305 0.856712
vt 0.225348 0.815717
vt 0.203788 0.815717
vt 0.225348 0.803432
vt 0.203788 0.803432
vt 0.182305 0.803432
vt 0.182305 0.815717
vt 0.225348 0.798063
vt 0.203788 0.798063
vt 0.225348 0.793172
vt 0.203788 0.793172
vt 0.182305 0.793172
vt 0.182305 0.798063
vt 0.225348 0.782320
vt 0.203788 0.782320
vt 0.225348 0.768353
vt 0.203788 0.768353
vt 0.182305 0.768353
vt 0.182305 0.782320
vt 0.225348 0.754119
vt 0.203788 0.754119
vt 0.225348 0.743000
vt 0.203788 0.743000
vt 0.182305 0.743000
vt 0.182305 0.754119
vt 0.225348 0.738376
vt 0.203788 0.738376
vt 0.225348 0.733407
vt 0.203788 0.733407
vt 0.182305 0.733407
vt 0.182305 0.738376
vt 0.225348 0.721256
vt 0.203788 0.721256
vt 0.225348 0.703135
vt 0.203788 0.703135
vt 0.182305 0.703135
vt 0.182305 0.721256
vt 0.225348 0.680261
vt 0.203788 0.680261
vt 0.225348 0.657820
vt 0.203788 0.657820
vt 0.182305 0.657820
vt 0.182305 0.680261
vt 0.225348 0.640998
vt 0.203788 0.640998
vt 0.225629 0.620630
vt 0.203788 0.620630
vt 0.182023 0.620630
vt 0.182305 0.640998
vt 0.173805 0.640998
vt 0.173805 0.657820
vt 0.172680 0.620630
vt 0.173805 0.680261
vt 0.173805 0.703135
vt 0.173805 0.721256
vt 0.173805 0.733407
vt 0.173805 0.738376
vt 0.173805 0.743000
vt 0.173805 0.754119
vt 0.173805 0.768353
vt 0.173805 0.782320
vt 0.173805 0.793172
vt 0.173805 0.798063
vt 0.173805 0.803432
vt 0.173805 0.815717
vt 0.173805 0.833838
vt 0.173805 0.856712
vt 0.173805 0.879153
vt 0.173805 0.895976
vt 0.172680 0.916343
vt 0.291000 0.886571
vt 0.265582 0.877985
vt 0.255791 0.891305
vt 0.267342 0.903689
vt 0.243111 0.878861
vt 0.240663 0.894808
vt 0.244957 0.913180
vt 0.322077 0.838390
vt 0.283559 0.833838
vt 0.275559 0.856712
vt 0.309421 0.862858
vt 0.247605 0.833838
vt 0.245605 0.856712
vt 0.330946 0.805900
vt 0.288826 0.803432
vt 0.287424 0.815717
vt 0.328441 0.819008
vt 0.248922 0.803432
vt 0.248571 0.815717
vt 0.332671 0.795091
vt 0.289997 0.793172
vt 0.289438 0.798063
vt 0.332026 0.800257
vt 0.249214 0.793172
vt 0.249075 0.798063
vt 0.334583 0.768353
vt 0.292009 0.768353
vt 0.291235 0.782320
vt 0.333870 0.783416
vt 0.249717 0.768353
vt 0.249524 0.782320
vt 0.332517 0.741080
vt 0.289905 0.743000
vt 0.291174 0.754119
vt 0.333768 0.753022
vt 0.249191 0.743000
vt 0.249509 0.754119
vt 0.330920 0.730940
vt 0.288810 0.733407
vt 0.289377 0.738376
vt 0.331924 0.736182
vt 0.248918 0.733407
vt 0.249059 0.738376
vt 0.322077 0.698583
vt 0.283559 0.703135
vt 0.287424 0.721256
vt 0.328441 0.717965
vt 0.247605 0.703135
vt 0.248571 0.721256
vt 0.291000 0.650403
vt 0.265582 0.658988
vt 0.275559 0.680261
vt 0.309421 0.674115
vt 0.243111 0.658112
vt 0.245605 0.680261
vt 0.244957 0.623794
vt 0.240663 0.642165
vt 0.255791 0.645669
vt 0.267342 0.633284
vt 0.235203 0.620630
vt 0.234078 0.640998
vt 0.234078 0.657820
vt 0.234078 0.680261
vt 0.234078 0.703135
vt 0.234078 0.721256
vt 0.234078 0.733407
vt 0.234078 0.738376
vt 0.234078 0.743000
vt 0.234078 0.754119
vt 0.234078 0.768353
vt 0.234078 0.782320
vt 0.234078 0.793172
vt 0.234078 0.798063
vt 0.234078 0.803432
vt 0.234078 0.815717
vt 0.234077 0.833838
vt 0.234077 0.856712
vt 0.234077 0.879153
vt 0.234078 0.895976
vt 0.235202 0.916343
vt 0.981992 0.807739
vt 0.981992 0.812562
vt 0.991368 0.812562
vt 0.991368 0.807739
vt 0.981992 0.817158
vt 0.991368 0.817158
vt 0.993295 0.813473
vt 0.993295 0.812562
vt 0.993295 0.811652
vt 0.981993 0.669922
vt 0.981992 0.694787
vt 0.991368 0.694787
vt 0.991368 0.669922
vt 0.981992 0.724387
vt 0.991368 0.724387
vt 0.993295 0.725399
vt 0.993295 0.694787
vt 0.993296 0.664176
vt 0.981992 0.751963
vt 0.991368 0.751963
vt 0.981992 0.776026
vt 0.991368 0.776027
vt 0.993295 0.778527
vt 0.993295 0.751963
vt 0.981992 0.795089
vt 0.991368 0.795089
vt 0.993295 0.795089
vt 0.981992 0.844688
vt 0.981992 0.860074
vt 0.991368 0.860074
vt 0.991368 0.844688
vt 0.981992 0.871863
vt 0.991368 0.871863
vt 0.993295 0.875371
vt 0.993295 0.860074
vt 0.993295 0.844776
vt 0.981992 0.829125
vt 0.991368 0.829125
vt 0.993295 0.829125
vt 0.981992 0.881725
vt 0.981992 0.894463
vt 0.991368 0.894463
vt 0.991368 0.881725
vt 0.981992 0.913526
vt 0.991368 0.913526
vt 0.993295 0.911025
vt 0.993295 0.894463
vt 0.993295 0.877901
vt 0.981992 0.876636
vt 0.991368 0.876636
vt 0.993295 0.876636
vt 0.981992 0.937589
vt 0.991368 0.937589
vt 0.989441 0.964154
vt 0.991368 0.964154
vt 0.993295 0.964154
vt 0.993295 0.937589
vt 0.989443 0.105846
vt 0.981994 0.136458
vt 0.991370 0.136458
vt 0.991370 0.105846
vt 0.981994 0.161324
vt 0.991370 0.161324
vt 0.993297 0.167070
vt 0.993297 0.136458
vt 0.993298 0.105846
vt 0.981993 0.185046
vt 0.981993 0.200845
vt 0.991369 0.200845
vt 0.991369 0.185046
vt 0.981993 0.216694
vt 0.991369 0.216694
vt 0.993296 0.219368
vt 0.993296 0.200845
vt 0.993297 0.182321
vt 0.981993 0.614553
vt 0.981993 0.630402
vt 0.991369 0.630402
vt 0.991369 0.614553
vt 0.981993 0.646201
vt 0.991369 0.646201
vt 0.993296 0.648925
vt 0.993296 0.630402
vt 0.993296 0.611879
vt 0.981993 0.656550
vt 0.991369 0.656550
vt 0.993296 0.656550
vt 0.981994 0.174696
vt 0.991370 0.174696
vt 0.993297 0.174696
vt 0.981993 0.240721
vt 0.981992 0.265637
vt 0.991368 0.265637
vt 0.991369 0.240721
vt 0.981992 0.295237
vt 0.991368 0.295237
vt 0.993295 0.296250
vt 0.993295 0.265637
vt 0.993296 0.235025
vt 0.981992 0.322813
vt 0.991368 0.322813
vt 0.981992 0.346876
vt 0.991368 0.346876
vt 0.993295 0.349376
vt 0.993295 0.322813
vt 0.981992 0.365938
vt 0.991368 0.365938
vt 0.981992 0.378676
vt 0.991368 0.378676
vt 0.993295 0.382500
vt 0.993295 0.365938
vt 0.981992 0.383765
vt 0.991368 0.383765
vt 0.981992 0.388538
vt 0.991368 0.388538
vt 0.993295 0.385030
vt 0.993295 0.383765
vt 0.981993 0.400327
vt 0.991368 0.400327
vt 0.981993 0.415713
vt 0.991368 0.415713
vt 0.993295 0.415624
vt 0.993295 0.400327
vt 0.981993 0.431275
vt 0.991368 0.431275
vt 0.981993 0.443241
vt 0.991368 0.443241
vt 0.993296 0.446926
vt 0.993296 0.431275
vt 0.981993 0.447837
vt 0.991369 0.447837
vt 0.981993 0.452661
vt 0.991369 0.452661
vt 0.993296 0.448748
vt 0.993296 0.447837
vt 0.981993 0.465310
vt 0.991369 0.465310
vt 0.981993 0.484372
vt 0.991369 0.484372
vt 0.993296 0.481872
vt 0.993296 0.465310
vt 0.981993 0.508435
vt 0.991369 0.508435
vt 0.981994 0.536011
vt 0.991369 0.536011
vt 0.993297 0.534999
vt 0.993296 0.508435
vt 0.981993 0.565611
vt 0.991369 0.565611
vt 0.981993 0.590527
vt 0.991369 0.590527
vt 0.993296 0.596223
vt 0.993296 0.565611
vt 0.981993 0.604051
vt 0.991369 0.604051
vt 0.993296 0.604051
vt 0.981993 0.227196
vt 0.991369 0.227196
vt 0.993296 0.227196
vt 0.418954 0.764322
vt 0.417571 0.758144
vt 0.407552 0.766052
vt 0.408990 0.773270
vt 0.416318 0.752374
vt 0.406293 0.759299
vt 0.395727 0.766258
vt 0.396994 0.774007
vt 0.398492 0.782268
vt 0.047032 0.729455
vt 0.045773 0.722896
vt 0.041747 0.720330
vt 0.043349 0.727210
vt 0.046985 0.715994
vt 0.042979 0.713107
vt 0.040356 0.718458
vt 0.040122 0.719834
vt 0.039887 0.721209
vt 0.537681 0.891336
vt 0.509148 0.878313
vt 0.495286 0.909706
vt 0.529638 0.925230
vt 0.475931 0.857650
vt 0.458587 0.885117
vt 0.440781 0.912827
vt 0.481040 0.941450
vt 0.521312 0.959564
vt 0.078108 0.603418
vt 0.112518 0.578326
vt 0.107515 0.567937
vt 0.071770 0.594400
vt 0.147557 0.562649
vt 0.144661 0.551404
vt 0.152780 0.543661
vt 0.106547 0.565926
vt 0.060314 0.588191
vt 0.449674 0.830318
vt 0.434807 0.852483
vt 0.431469 0.802328
vt 0.420613 0.818967
vt 0.409231 0.835650
vt 0.419433 0.874774
vt 0.055081 0.671010
vt 0.061684 0.636891
vt 0.056084 0.629702
vt 0.050785 0.665684
vt 0.054600 0.628310
vt 0.048886 0.668430
vt 0.422408 0.779690
vt 0.412675 0.791736
vt 0.402410 0.803815
vt 0.050135 0.698038
vt 0.046204 0.694189
vt 0.044621 0.693444
vt 0.411154 0.720041
vt 0.412784 0.702119
vt 0.402608 0.698309
vt 0.400963 0.720134
vt 0.415518 0.688226
vt 0.405377 0.681486
vt 0.394699 0.674729
vt 0.391903 0.694494
vt 0.390246 0.720232
vt 0.046889 0.806716
vt 0.051203 0.790059
vt 0.048533 0.791342
vt 0.043212 0.808961
vt 0.054159 0.768353
vt 0.052157 0.768353
vt 0.054248 0.768486
vt 0.046976 0.791590
vt 0.039705 0.814694
vt 0.413255 0.738233
vt 0.403144 0.742228
vt 0.392500 0.746243
vt 0.051298 0.746379
vt 0.048624 0.745096
vt 0.047068 0.744848
vt 0.418085 0.675445
vt 0.421276 0.659834
vt 0.411306 0.647972
vt 0.407949 0.666677
vt 0.429873 0.636974
vt 0.418746 0.620594
vt 0.407087 0.604172
vt 0.400798 0.636083
vt 0.397277 0.657873
vt 0.055081 0.865963
vt 0.050135 0.838935
vt 0.046204 0.842784
vt 0.050785 0.871289
vt 0.046962 0.820845
vt 0.042956 0.823732
vt 0.040356 0.818515
vt 0.044621 0.843529
vt 0.048886 0.868543
vt 0.416725 0.682122
vt 0.406565 0.674395
vt 0.395867 0.666638
vt 0.045678 0.813542
vt 0.041656 0.816108
vt 0.040031 0.816604
vt 0.447450 0.608547
vt 0.432378 0.586858
vt 0.473111 0.580655
vt 0.455491 0.553774
vt 0.437413 0.526650
vt 0.416800 0.565041
vt 0.078108 0.933555
vt 0.061683 0.900082
vt 0.056084 0.907271
vt 0.071770 0.942573
vt 0.054600 0.908663
vt 0.060313 0.948782
vt 0.505962 0.559396
vt 0.491377 0.528352
vt 0.534302 0.545889
vt 0.525070 0.512015
vt 0.515539 0.477708
vt 0.476405 0.496960
vt 0.147557 0.974324
vt 0.112518 0.958647
vt 0.107515 0.969037
vt 0.144661 0.985569
vt 0.106547 0.971047
vt 0.152780 0.993312
vt 0.557450 0.540987
vt 0.582476 0.540592
vt 0.581836 0.505257
vt 0.555640 0.505668
vt 0.607596 0.540272
vt 0.608114 0.505092
vt 0.608708 0.469389
vt 0.581181 0.469390
vt 0.553729 0.469826
vt 0.227333 0.979549
vt 0.203788 0.979549
vt 0.203788 0.991080
vt 0.227662 0.991080
vt 0.180320 0.979549
vt 0.179991 0.991080
vt 0.175813 0.993312
vt 0.203788 0.993312
vt 0.231764 0.993312
vt 0.611070 0.894998
vt 0.585957 0.895393
vt 0.586594 0.930726
vt 0.612877 0.930321
vt 0.560925 0.895709
vt 0.560403 0.930884
vt 0.559803 0.966584
vt 0.587243 0.966593
vt 0.614784 0.966167
vt 0.180320 0.557424
vt 0.203788 0.557424
vt 0.203788 0.545893
vt 0.179991 0.545893
vt 0.227333 0.557424
vt 0.227662 0.545893
vt 0.231764 0.543661
vt 0.203788 0.543661
vt 0.175813 0.543661
vt 0.549886 0.895745
vt 0.546380 0.930671
vt 0.542696 0.966091
vt 0.165867 0.557424
vt 0.164551 0.545893
vt 0.164296 0.543661
vt 0.546428 0.541253
vt 0.541605 0.506187
vt 0.536582 0.470630
vt 0.165867 0.979549
vt 0.164551 0.991080
vt 0.164296 0.993312
vt 0.631367 0.544645
vt 0.659990 0.557666
vt 0.673850 0.526274
vt 0.639408 0.510752
vt 0.693209 0.578328
vt 0.710550 0.550859
vt 0.728353 0.523147
vt 0.688092 0.494530
vt 0.647731 0.476420
vt 0.330081 0.933555
vt 0.295671 0.958647
vt 0.300674 0.969037
vt 0.336419 0.942573
vt 0.260556 0.974324
vt 0.263452 0.985569
vt 0.255409 0.993312
vt 0.301643 0.971047
vt 0.347876 0.948782
vt 0.719469 0.605661
vt 0.734333 0.583493
vt 0.737676 0.633653
vt 0.748530 0.617012
vt 0.759910 0.600327
vt 0.749704 0.561200
vt 0.353109 0.865963
vt 0.346506 0.900082
vt 0.352106 0.907271
vt 0.357404 0.871289
vt 0.353589 0.908663
vt 0.359303 0.868543
vt 0.746738 0.656294
vt 0.756471 0.644247
vt 0.750227 0.671819
vt 0.760189 0.662872
vt 0.770684 0.653873
vt 0.766734 0.632166
vt 0.361228 0.820845
vt 0.358055 0.838935
vt 0.361985 0.842784
vt 0.365233 0.823732
vt 0.363568 0.843529
vt 0.367833 0.818515
vt 0.751713 0.678461
vt 0.761720 0.670556
vt 0.753033 0.684540
vt 0.763039 0.677622
vt 0.773588 0.670671
vt 0.772266 0.662605
vt 0.361300 0.806716
vt 0.362512 0.813542
vt 0.366533 0.816108
vt 0.364977 0.808961
vt 0.368159 0.816604
vt 0.368484 0.814694
vt 0.756023 0.698376
vt 0.766123 0.694388
vt 0.757986 0.716263
vt 0.768177 0.716177
vt 0.778894 0.716088
vt 0.776756 0.690383
vt 0.354031 0.768353
vt 0.356987 0.790059
vt 0.359657 0.791342
vt 0.356032 0.768353
vt 0.361213 0.791590
vt 0.353941 0.768486
vt 0.756222 0.734495
vt 0.766411 0.738313
vt 0.753422 0.748696
vt 0.763581 0.755444
vt 0.774277 0.762210
vt 0.777129 0.742138
vt 0.361158 0.729456
vt 0.356892 0.746380
vt 0.359565 0.745097
vt 0.364840 0.727211
vt 0.361122 0.744849
vt 0.368302 0.721211
vt 0.752276 0.754490
vt 0.762448 0.762221
vt 0.751010 0.760702
vt 0.761148 0.769470
vt 0.771822 0.778274
vt 0.773157 0.769983
vt 0.361204 0.715994
vt 0.362417 0.722897
vt 0.366442 0.720331
vt 0.365211 0.713107
vt 0.368067 0.719834
vt 0.367833 0.718458
vt 0.747850 0.776155
vt 0.757819 0.788016
vt 0.739254 0.799011
vt 0.750381 0.815390
vt 0.762040 0.831810
vt 0.768327 0.799903
vt 0.353109 0.671010
vt 0.358055 0.698038
vt 0.361985 0.694189
vt 0.357404 0.665684
vt 0.363568 0.693444
vt 0.359303 0.668430
vt 0.721678 0.827433
vt 0.736750 0.849122
vt 0.696017 0.855321
vt 0.713638 0.882202
vt 0.731717 0.909325
vt 0.752329 0.870938
vt 0.330081 0.603418
vt 0.346506 0.636891
vt 0.352106 0.629702
vt 0.336419 0.594400
vt 0.353589 0.628311
vt 0.347876 0.588191
vt 0.663166 0.876576
vt 0.677753 0.907619
vt 0.634740 0.890083
vt 0.643973 0.923956
vt 0.653505 0.958263
vt 0.692726 0.939010
vt 0.260556 0.562649
vt 0.295671 0.578326
vt 0.300674 0.567937
vt 0.263452 0.551404
vt 0.301643 0.565926
vt 0.255409 0.543661
vt 0.622353 0.894726
vt 0.627176 0.929794
vt 0.632198 0.965352
vt 0.242016 0.557424
vt 0.243332 0.545893
vt 0.243586 0.543661
vt 0.618898 0.540235
vt 0.622401 0.505308
vt 0.626081 0.469885
vt 0.242016 0.979549
vt 0.243332 0.991080
vt 0.243586 0.993312
vt 0.054599 0.729601
vt 0.054864 0.735322
vt 0.055777 0.723537
vt 0.058760 0.708095
vt 0.064893 0.684925
vt 0.075516 0.655677
vt 0.094469 0.626982
vt 0.125591 0.605472
vt 0.155123 0.592034
vt 0.169305 0.587554
vt 0.181180 0.587554
vt 0.203788 0.587554
vt 0.226473 0.587554
vt 0.238577 0.587554
vt 0.252990 0.592034
vt 0.282598 0.605472
vt 0.313721 0.626983
vt 0.332674 0.655677
vt 0.343297 0.684925
vt 0.349429 0.708095
vt 0.352413 0.723537
vt 0.353590 0.729602
vt 0.353326 0.735322
vt 0.351983 0.749732
vt 0.351069 0.768353
vt 0.352089 0.786707
vt 0.353485 0.800849
vt 0.353697 0.806837
vt 0.352439 0.813303
vt 0.349429 0.828878
vt 0.343297 0.852048
vt 0.332674 0.881296
vt 0.313721 0.909991
vt 0.282598 0.931501
vt 0.252990 0.944939
vt 0.238577 0.949419
vt 0.226473 0.949419
vt 0.203788 0.949419
vt 0.181180 0.949419
vt 0.169305 0.949419
vt 0.155123 0.944939
vt 0.125591 0.931501
vt 0.094469 0.909991
vt 0.075516 0.881296
vt 0.064892 0.852048
vt 0.058760 0.828878
vt 0.055750 0.813303
vt 0.054492 0.806837
vt 0.054704 0.800849
vt 0.056100 0.786707
vt 0.057121 0.768353
vt 0.056206 0.749732
vt 0.925997 0.813474
vt 0.925997 0.829125
vt 0.957719 0.829125
vt 0.957719 0.817159
vt 0.925997 0.844776
vt 0.957719 0.844688
vt 0.925997 0.860074
vt 0.957719 0.860074
vt 0.925997 0.875371
vt 0.957719 0.871863
vt 0.925997 0.876636
vt 0.957719 0.876636
vt 0.925997 0.877901
vt 0.957719 0.881725
vt 0.925997 0.894463
vt 0.957719 0.894463
vt 0.925997 0.911026
vt 0.957719 0.913526
vt 0.925997 0.937590
vt 0.957719 0.937589
vt 0.925997 0.964154
vt 0.957719 0.964154
vt 0.925998 0.105845
vt 0.925998 0.136457
vt 0.957721 0.136458
vt 0.957721 0.105845
vt 0.925998 0.167070
vt 0.957720 0.161323
vt 0.925997 0.174695
vt 0.957720 0.174695
vt 0.925997 0.182320
vt 0.957720 0.185045
vt 0.925997 0.200844
vt 0.957720 0.200844
vt 0.925997 0.219367
vt 0.957719 0.216694
vt 0.925997 0.227196
vt 0.957719 0.227196
vt 0.925997 0.235024
vt 0.957719 0.240720
vt 0.925997 0.265637
vt 0.957719 0.265637
vt 0.925997 0.296249
vt 0.957719 0.295237
vt 0.925998 0.322813
vt 0.957719 0.322813
vt 0.925998 0.349377
vt 0.957719 0.346876
vt 0.925999 0.365939
vt 0.957720 0.365939
vt 0.925999 0.382501
vt 0.957720 0.378676
vt 0.925999 0.383766
vt 0.957720 0.383765
vt 0.925999 0.385031
vt 0.957720 0.388538
vt 0.925999 0.400328
vt 0.957720 0.400327
vt 0.925999 0.415625
vt 0.957720 0.415713
vt 0.925999 0.431276
vt 0.957720 0.431275
vt 0.925999 0.446927
vt 0.957720 0.443241
vt 0.925999 0.447838
vt 0.957720 0.447837
vt 0.925999 0.448749
vt 0.957720 0.452661
vt 0.925999 0.465311
vt 0.957721 0.465310
vt 0.926000 0.481873
vt 0.957721 0.484373
vt 0.926000 0.508436
vt 0.957721 0.508436
vt 0.926000 0.534999
vt 0.957721 0.536011
vt 0.925999 0.565611
vt 0.957721 0.565611
vt 0.925998 0.596222
vt 0.957720 0.590527
vt 0.925998 0.604050
vt 0.957720 0.604051
vt 0.925998 0.611878
vt 0.957720 0.614552
vt 0.925998 0.630402
vt 0.957720 0.630402
vt 0.925998 0.648925
vt 0.957720 0.646200
vt 0.925998 0.656550
vt 0.957720 0.656550
vt 0.925998 0.664175
vt 0.957720 0.669922
vt 0.925998 0.694787
vt 0.957719 0.694787
vt 0.925997 0.725399
vt 0.957719 0.724387
vt 0.925997 0.751963
vt 0.957719 0.751963
vt 0.925997 0.778527
vt 0.957719 0.776026
vt 0.925997 0.795089
vt 0.957719 0.795089
vt 0.925997 0.811651
vt 0.957719 0.807739
vt 0.925997 0.812562
vt 0.957719 0.812562
vt 0.385933 0.747841
vt 0.389184 0.769018
vt 0.383662 0.720295
vt 0.377182 0.720194
vt 0.381406 0.748229
vt 0.385631 0.776264
vt 0.385323 0.693029
vt 0.388126 0.672110
vt 0.384429 0.665283
vt 0.380805 0.692738
vt 0.389285 0.663604
vt 0.390705 0.654428
vt 0.385091 0.660577
vt 0.384760 0.662930
vt 0.394295 0.631498
vt 0.400305 0.597829
vt 0.394500 0.600552
vt 0.389796 0.630565
vt 0.408983 0.556433
vt 0.429174 0.515731
vt 0.415595 0.508305
vt 0.405048 0.554429
vt 0.469720 0.484146
vt 0.511207 0.463561
vt 0.518760 0.452935
vt 0.467178 0.480620
vt 0.534223 0.455863
vt 0.552786 0.454865
vt 0.547633 0.450045
vt 0.533196 0.451490
vt 0.580914 0.454381
vt 0.609122 0.454453
vt 0.614050 0.449558
vt 0.580841 0.449801
vt 0.627921 0.455122
vt 0.651613 0.462217
vt 0.643634 0.451819
vt 0.628842 0.450688
vt 0.694498 0.481566
vt 0.736469 0.512014
vt 0.750341 0.504164
vt 0.696987 0.477991
vt 0.757417 0.552408
vt 0.766561 0.593855
vt 0.772259 0.596573
vt 0.761300 0.550368
vt 0.773123 0.627461
vt 0.777176 0.650298
vt 0.782890 0.656319
vt 0.777574 0.626446
vt 0.778795 0.659436
vt 0.780126 0.667919
vt 0.783740 0.660996
vt 0.783315 0.658658
vt 0.783319 0.688796
vt 0.785479 0.716037
vt 0.791957 0.715841
vt 0.787848 0.688419
vt 0.783713 0.743615
vt 0.780855 0.764839
vt 0.784503 0.771992
vt 0.788230 0.743917
vt 0.779743 0.773021
vt 0.778394 0.781717
vt 0.784031 0.775403
vt 0.784267 0.773698
vt 0.774830 0.804486
vt 0.768823 0.838153
vt 0.774629 0.835429
vt 0.779330 0.805416
vt 0.760145 0.879546
vt 0.739956 0.920244
vt 0.753534 0.927672
vt 0.764081 0.881550
vt 0.699411 0.951825
vt 0.657836 0.972409
vt 0.650369 0.983030
vt 0.701951 0.955351
vt 0.634553 0.980121
vt 0.615723 0.981129
vt 0.620782 0.985960
vt 0.635576 0.984495
vt 0.587504 0.981602
vt 0.559384 0.981518
vt 0.554361 0.986404
vt 0.587572 0.986182
vt 0.540851 0.980854
vt 0.517426 0.973767
vt 0.525491 0.984170
vt 0.539926 0.985287
vt 0.474631 0.954414
vt 0.432663 0.923959
vt 0.418790 0.931806
vt 0.472140 0.957988
vt 0.411719 0.883564
vt 0.402579 0.842120
vt 0.396882 0.839401
vt 0.407836 0.885603
vt 0.396020 0.808516
vt 0.391997 0.785840
vt 0.386254 0.779655
vt 0.391568 0.809528
vt 0.390462 0.777179
vt 0.385942 0.777959
vt 0.424479 0.752938
vt 0.420617 0.736389
vt 0.418222 0.736697
vt 0.421238 0.749719
vt 0.416755 0.719841
vt 0.416160 0.719997
vt 0.420173 0.703839
vt 0.417775 0.703569
vt 0.423590 0.687836
vt 0.420481 0.690797
vt 0.424067 0.685620
vt 0.421694 0.685067
vt 0.424544 0.683405
vt 0.423044 0.678780
vt 0.428508 0.665170
vt 0.426163 0.664341
vt 0.432473 0.646935
vt 0.435061 0.643191
vt 0.455663 0.618269
vt 0.453749 0.616774
vt 0.478853 0.589604
vt 0.479976 0.590847
vt 0.512481 0.573302
vt 0.511487 0.571167
vt 0.546109 0.557001
vt 0.537739 0.558735
vt 0.548415 0.556959
vt 0.548187 0.554549
vt 0.550720 0.556917
vt 0.558090 0.554380
vt 0.582721 0.556448
vt 0.582703 0.554001
vt 0.614722 0.555980
vt 0.607408 0.553637
vt 0.617377 0.555966
vt 0.617589 0.553513
vt 0.620031 0.555953
vt 0.628333 0.557527
vt 0.653770 0.571745
vt 0.654730 0.569576
vt 0.687509 0.587537
vt 0.686478 0.588733
vt 0.711417 0.615605
vt 0.713275 0.614072
vt 0.735326 0.643672
vt 0.732604 0.639992
vt 0.739621 0.661773
vt 0.741945 0.660895
vt 0.743916 0.679873
vt 0.745332 0.675240
vt 0.744434 0.682077
vt 0.746800 0.681488
vt 0.744952 0.684281
vt 0.748119 0.687193
vt 0.748667 0.700217
vt 0.751061 0.699910
vt 0.752381 0.716152
vt 0.752979 0.716304
vt 0.748828 0.732773
vt 0.751227 0.733043
vt 0.745274 0.749394
vt 0.748452 0.746123
vt 0.744930 0.750990
vt 0.747303 0.751544
vt 0.744586 0.752586
vt 0.746051 0.757365
vt 0.740620 0.770818
vt 0.742964 0.771648
vt 0.736654 0.789050
vt 0.734066 0.792793
vt 0.713465 0.817710
vt 0.715378 0.819206
vt 0.690276 0.846371
vt 0.689153 0.845129
vt 0.656649 0.862671
vt 0.657642 0.864806
vt 0.623022 0.878970
vt 0.631303 0.877239
vt 0.620366 0.879019
vt 0.620593 0.881430
vt 0.617709 0.879068
vt 0.610430 0.881603
vt 0.585710 0.879535
vt 0.585731 0.881983
vt 0.553711 0.880003
vt 0.561113 0.882346
vt 0.551408 0.880014
vt 0.551196 0.882468
vt 0.549105 0.880026
vt 0.540716 0.878453
vt 0.515369 0.864233
vt 0.514409 0.866403
vt 0.481633 0.848441
vt 0.482664 0.847245
vt 0.457726 0.820374
vt 0.455868 0.821908
vt 0.433819 0.792308
vt 0.436541 0.795989
vt 0.429523 0.774210
vt 0.427200 0.775089
vt 0.425226 0.756112
vt 0.423848 0.760900
vt 0.424853 0.754525
vt 0.422487 0.755115
vt 0.099515 0.181134
vt 0.084228 0.218635
vt 0.123483 0.142087
vt 0.155835 0.109428
vt 0.184014 0.086985
vt 0.195463 0.078584
vt 0.207712 0.075306
vt 0.238292 0.068231
vt 0.268830 0.061470
vt 0.280958 0.059129
vt 0.294495 0.061774
vt 0.329263 0.069968
vt 0.372225 0.085614
vt 0.410343 0.110614
vt 0.440205 0.137809
vt 0.458400 0.160039
vt 0.467877 0.175312
vt 0.471587 0.181638
vt 0.473949 0.188043
vt 0.479381 0.203553
vt 0.485373 0.223658
vt 0.489417 0.243847
vt 0.491749 0.259726
vt 0.492606 0.266898
vt 0.492238 0.274831
vt 0.490895 0.292991
vt 0.484577 0.321002
vt 0.469285 0.358488
vt 0.445317 0.397517
vt 0.412972 0.430155
vt 0.384904 0.452537
vt 0.373766 0.460794
vt 0.361839 0.463976
vt 0.331406 0.471129
vt 0.300800 0.478022
vt 0.288354 0.480422
vt 0.274487 0.477798
vt 0.239619 0.469616
vt 0.196669 0.453980
vt 0.158555 0.428996
vt 0.128690 0.401817
vt 0.110489 0.379597
vt 0.100924 0.364149
vt 0.096965 0.357288
vt 0.094436 0.350526
vt 0.089161 0.335378
vt 0.083394 0.315617
vt 0.079389 0.295015
vt 0.077025 0.278740
vt 0.076181 0.271962
vt 0.076573 0.264619
vt 0.077918 0.246654
vn -0.280660 0.769519 -0.573646
vn -0.305103 0.631937 -0.712438
vn -0.985414 0.004724 0.170106
vn -0.987005 0.017691 0.159711
vn -0.324579 0.477605 -0.816420
vn -0.986948 0.009512 0.160756
vn 0.046729 -0.482838 0.874462
vn 0.028850 -0.638616 0.768984
vn 0.004086 -0.777495 0.628875
vn -0.242381 0.904577 -0.350703
vn -0.255779 0.864218 -0.433248
vn -0.984149 -0.010339 0.177043
vn -0.982970 -0.026573 0.181834
vn -0.020734 -0.873055 0.487181
vn -0.036000 -0.913943 0.404244
vn -0.103550 -0.994457 0.018252
vn -0.983632 -0.048831 0.173444
vn -0.983634 -0.048835 0.173436
vn -0.103544 -0.994457 0.018258
vn -0.174349 0.984204 0.030727
vn -0.174356 0.984203 0.030748
vn -0.174354 0.984203 0.030749
vn -0.983633 -0.048834 0.173441
vn -0.103543 -0.994457 0.018257
vn -0.067534 0.769516 0.635046
vn -0.092070 0.863906 0.495165
vn -0.985379 -0.010692 0.170041
vn -0.982105 0.017680 0.187500
vn -0.106955 0.902614 0.416951
vn -0.986034 -0.028588 0.164073
vn -0.172860 -0.911960 -0.372086
vn -0.186222 -0.872738 -0.451276
vn -0.211237 -0.777499 -0.592347
vn -0.025770 0.477608 0.878195
vn -0.043036 0.631936 0.773825
vn -0.984166 0.004710 0.177187
vn -0.982412 0.009542 0.186485
vn -0.235888 -0.638618 -0.732478
vn -0.255171 -0.482838 -0.837708
vn -0.007732 0.219009 0.975692
vn -0.012617 0.303769 0.952662
vn -0.983533 0.000889 0.180727
vn -0.991899 -0.010874 0.126565
vn -0.268427 -0.306793 -0.913140
vn -0.271899 -0.221283 -0.936539
vn -0.007730 -0.219013 0.975691
vn -0.007736 -0.219026 0.975688
vn -0.991901 0.010846 0.126549
vn -0.991899 0.010885 0.126561
vn -0.007730 -0.219014 0.975691
vn -0.991900 0.010832 0.126559
vn -0.271902 0.221285 -0.936537
vn -0.271893 0.221282 -0.936541
vn -0.271888 0.221277 -0.936543
vn -0.067531 -0.769517 0.635046
vn -0.043033 -0.631936 0.773825
vn -0.984167 -0.004723 0.177181
vn -0.982105 -0.017686 0.187503
vn -0.025772 -0.477601 0.878199
vn -0.982411 -0.009508 0.186492
vn -0.255164 0.482837 -0.837711
vn -0.235888 0.638615 -0.732480
vn -0.211245 0.777496 -0.592347
vn -0.106954 -0.902617 0.416945
vn -0.092073 -0.863908 0.495161
vn -0.985381 0.010705 0.170026
vn -0.986033 0.028589 0.164076
vn -0.186201 0.872743 -0.451275
vn -0.172849 0.911961 -0.372089
vn -0.103552 0.994456 0.018259
vn -0.983634 0.048825 0.173436
vn -0.983633 0.048827 0.173442
vn -0.103553 0.994456 0.018259
vn -0.174350 -0.984204 0.030746
vn -0.174354 -0.984203 0.030743
vn -0.174353 -0.984203 0.030742
vn -0.983632 0.048826 0.173446
vn -0.103552 0.994456 0.018259
vn -0.280660 -0.769517 -0.573650
vn -0.255780 -0.864217 -0.433249
vn -0.984151 0.010352 0.177029
vn -0.987005 -0.017687 0.159712
vn -0.242378 -0.904583 -0.350688
vn -0.982968 0.026569 0.181844
vn -0.036016 0.913941 0.404246
vn -0.020727 0.873058 0.487176
vn 0.004098 0.777497 0.628873
vn -0.324580 -0.477605 -0.816420
vn -0.305104 -0.631934 -0.712440
vn -0.985414 -0.004708 0.170107
vn -0.986947 -0.009524 0.160764
vn 0.028870 0.638617 0.768983
vn 0.046739 0.482838 0.874461
vn 0.064813 0.221282 0.973054
vn -0.975365 0.010854 0.220329
vn -0.975366 0.010860 0.220326
vn 0.064813 0.221286 0.973053
vn -0.340971 -0.219002 -0.914209
vn -0.340975 -0.219005 -0.914206
vn -0.340971 -0.219006 -0.914207
vn -0.975368 0.010883 0.220314
vn 0.064814 0.221286 0.973053
vn -0.337686 0.303768 -0.890895
vn -0.986030 0.000907 0.166566
vn -0.340970 0.219012 -0.914206
vn -0.975366 -0.010875 0.220322
vn 0.064812 -0.221283 0.973054
vn 0.060075 -0.306791 0.949879
vn 0.096691 -0.781779 0.616013
vn 0.121558 -0.642010 0.756998
vn 0.127340 -0.642062 0.756004
vn 0.102476 -0.781820 0.615025
vn 0.140170 -0.485324 0.863026
vn 0.145992 -0.485380 0.862028
vn 0.151823 -0.485377 0.861022
vn 0.133128 -0.642066 0.755002
vn 0.108269 -0.781833 0.614015
vn 0.062181 -0.905257 0.420289
vn 0.071555 -0.877957 0.473361
vn 0.077338 -0.877986 0.472397
vn 0.068323 -0.905208 0.419440
vn 0.083314 -0.877779 0.471765
vn 0.072468 -0.905343 0.418452
vn -0.000000 -1.000000 0.000007
vn -0.005787 -0.999983 0.001019
vn -0.005786 -0.999983 0.001019
vn -0.000002 -1.000000 -0.000001
vn -0.011572 -0.999931 0.002028
vn -0.011570 -0.999931 0.002040
vn -0.011570 -0.999931 0.002040
vn -0.005787 -0.999983 0.001021
vn -0.000005 -1.000000 -0.000004
vn -0.119834 -0.781779 -0.611933
vn -0.094759 -0.877643 -0.469855
vn -0.088963 -0.877653 -0.470967
vn -0.114055 -0.781820 -0.612983
vn -0.080793 -0.917147 -0.390274
vn -0.074651 -0.917180 -0.391418
vn -0.072227 -0.911545 -0.404807
vn -0.083790 -0.877891 -0.471472
vn -0.108265 -0.781833 -0.614016
vn -0.163455 -0.485324 -0.858920
vn -0.144683 -0.642012 -0.752920
vn -0.138908 -0.642064 -0.753962
vn -0.157642 -0.485381 -0.859974
vn -0.133126 -0.642069 -0.755000
vn -0.151823 -0.485380 -0.861020
vn -0.180852 -0.222501 -0.958012
vn -0.176796 -0.308657 -0.934598
vn -0.170989 -0.308651 -0.935680
vn -0.175107 -0.222508 -0.959076
vn -0.165285 -0.308159 -0.936867
vn -0.169766 -0.221599 -0.960246
vn -0.180850 0.222497 -0.958013
vn -0.180850 0.222496 -0.958013
vn -0.175075 0.222510 -0.959082
vn -0.175193 0.222580 -0.959044
vn -0.180850 0.222500 -0.958012
vn -0.175074 0.222510 -0.959082
vn -0.169294 0.222516 -0.960118
vn -0.169563 0.224533 -0.959601
vn -0.169960 0.222080 -0.960101
vn -0.119830 0.781778 -0.611934
vn -0.144685 0.642009 -0.752921
vn -0.138909 0.642059 -0.753966
vn -0.114054 0.781819 -0.612985
vn -0.163457 0.485323 -0.858920
vn -0.157643 0.485379 -0.859974
vn -0.151822 0.485377 -0.861022
vn -0.133128 0.642064 -0.755003
vn -0.108269 0.781833 -0.614016
vn -0.080797 0.917147 -0.390272
vn -0.094759 0.877644 -0.469853
vn -0.088994 0.877673 -0.470924
vn -0.074704 0.917165 -0.391442
vn -0.083201 0.877623 -0.472077
vn -0.070920 0.911941 -0.404147
vn -0.000001 1.000000 0.000004
vn -0.005783 0.999983 0.001016
vn -0.005785 0.999983 0.001020
vn -0.000001 1.000000 -0.000002
vn -0.011570 0.999931 0.002040
vn -0.011568 0.999931 0.002041
vn -0.011569 0.999931 0.002039
vn -0.005783 0.999983 0.001024
vn 0.000000 1.000000 -0.000002
vn 0.096690 0.781779 0.616013
vn 0.071554 0.877961 0.473355
vn 0.077480 0.877936 0.472468
vn 0.102477 0.781819 0.615026
vn 0.056746 0.919154 0.389790
vn 0.063108 0.919219 0.388656
vn 0.070991 0.912740 0.402325
vn 0.082569 0.877973 0.471536
vn 0.108267 0.781833 0.614016
vn 0.140168 0.485323 0.863026
vn 0.121555 0.642009 0.757000
vn 0.127340 0.642060 0.756005
vn 0.145993 0.485379 0.862029
vn 0.133126 0.642066 0.755003
vn 0.151820 0.485377 0.861023
vn 0.169295 0.222519 0.960117
vn 0.163509 0.222512 0.961121
vn 0.163508 0.222514 0.961121
vn 0.168823 0.224735 0.959684
vn 0.157714 0.222497 0.962092
vn 0.157714 0.222504 0.962091
vn 0.157714 0.222503 0.962091
vn 0.163373 0.222586 0.961127
vn 0.169022 0.221603 0.960377
vn 0.153517 -0.308658 0.938703
vn 0.159256 -0.308583 0.937771
vn 0.157718 -0.222499 0.962091
vn 0.163275 -0.222505 0.961162
vn 0.168631 -0.222037 0.960345
vn 0.165029 -0.307902 0.936996
vn -0.322128 -0.944984 0.056911
vn -0.869190 -0.470052 0.153493
vn -0.869218 -0.470132 0.153090
vn -0.322200 -0.944971 0.056724
vn -0.984852 0.000056 0.173397
vn -0.984778 -0.000030 0.173816
vn -0.984808 0.000027 0.173644
vn -0.869202 -0.470102 0.153272
vn -0.322123 -0.944993 0.056795
vn -0.984807 0.000019 0.173654
vn -0.984808 -0.000023 0.173649
vn -0.869185 -0.470136 0.153264
vn -0.974021 -0.174559 0.144267
vn -0.984807 0.000035 0.173655
vn -0.869189 -0.470130 0.153259
vn -0.322126 -0.944991 0.056798
vn -0.341633 -0.939221 0.033930
vn -0.840296 -0.517915 -0.160206
vn -0.984809 -0.000002 0.173641
vn -0.984807 -0.000016 0.173655
vn -0.984808 -0.000002 0.173646
vn -0.984808 0.000020 0.173647
vn -0.984809 0.000034 0.173644
vn -0.984811 -0.000023 0.173629
vn -0.984801 0.000034 0.173687
vn -0.984808 -0.000004 0.173644
vn -0.984806 -0.000022 0.173658
vn -0.984776 0.000223 0.173827
vn -0.977075 -0.002306 0.212881
vn -0.976421 0.002634 0.215859
vn -0.984823 -0.000127 0.173563
vn -0.862751 -0.002346 0.505624
vn -0.861287 0.001461 0.508116
vn -0.869606 0.024035 0.493160
vn -0.976979 0.011881 0.213005
vn -0.984810 0.000006 0.173637
vn -0.984808 -0.000022 0.173644
vn -0.984808 0.000030 0.173647
vn -0.984808 -0.000010 0.173648
vn -0.984806 -0.000003 0.173658
vn -0.984806 -0.000036 0.173659
vn -0.984810 0.000008 0.173637
vn -0.984802 -0.000006 0.173682
vn -0.984810 0.000004 0.173635
vn -0.984810 0.000005 0.173637
vn -0.991927 -0.001945 -0.126794
vn -0.989882 -0.002174 0.141876
vn -0.990514 0.003648 0.137363
vn -0.991611 0.001753 -0.129246
vn -0.984837 0.000205 0.173479
vn -0.984793 -0.000114 0.173733
vn -0.984814 0.000028 0.173613
vn -0.989737 0.005951 0.142779
vn -0.994054 0.009224 -0.108497
vn -0.999607 -0.012957 -0.024851
vn -0.988066 -0.004335 0.153967
vn -0.988556 -0.001330 0.150847
vn -0.999375 -0.000574 -0.035333
vn -0.984810 -0.000043 0.173637
vn -0.984793 0.000124 0.173730
vn -0.984838 -0.000218 0.173477
vn -0.988295 0.001391 0.152548
vn -0.999448 0.001425 -0.033187
vn -0.984807 0.000022 0.173652
vn -0.984808 -0.000030 0.173649
vn -0.984808 0.000010 0.173648
vn -0.984809 0.000003 0.173639
vn -0.984810 0.000036 0.173637
vn -0.984806 -0.000008 0.173660
vn -0.984813 0.000015 0.173621
vn -0.984805 -0.000004 0.173661
vn -0.984807 0.000004 0.173652
vn -0.903219 0.001534 0.429177
vn -0.979515 0.001740 0.201362
vn -0.978716 -0.003330 0.205191
vn -0.902357 -0.001655 0.430987
vn -0.984777 -0.000210 0.173823
vn -0.984823 0.000118 0.173560
vn -0.984802 -0.000028 0.173684
vn -0.979691 -0.005241 0.200446
vn -0.910521 -0.008230 0.413380
vn -0.984882 0.000429 0.173228
vn -0.984758 -0.000264 0.173928
vn -0.984745 -0.000234 0.174002
vn -0.984849 0.000137 0.173414
vn -0.984806 0.000002 0.173661
vn -0.984810 0.000009 0.173634
vn -0.984805 -0.000017 0.173662
vn -0.984808 0.000000 0.173648
vn -0.984810 0.000011 0.173635
vn -0.984808 0.000001 0.173646
vn -0.984805 0.000001 0.173666
vn -0.984810 -0.000003 0.173635
vn -0.999282 -0.006526 0.037320
vn -0.986935 -0.003011 0.161089
vn -0.987349 -0.004350 0.158501
vn -0.999903 -0.010601 0.009069
vn -0.984810 -0.000014 0.173636
vn -0.984805 0.000037 0.173665
vn -0.984805 -0.000009 0.173663
vn -0.988585 0.006637 0.150520
vn -0.984809 -0.000008 0.173641
vn -0.988083 0.005240 0.153832
vn -0.999665 0.012134 -0.022882
vn -0.998100 0.014818 -0.059808
vn -0.984810 0.000014 0.173635
vn -0.984805 -0.000010 0.173661
vn -0.984808 0.000001 0.173647
vn -0.984808 -0.000003 0.173644
vn -0.984810 -0.000002 0.173636
vn -0.984804 0.000006 0.173669
vn -0.984746 0.000233 0.173996
vn -0.984882 -0.000441 0.173228
vn -0.984759 0.000281 0.173927
vn -0.984848 -0.000142 0.173421
vn -0.984810 -0.000028 0.173634
vn -0.984806 0.000007 0.173657
vn -0.845576 0.512537 0.149355
vn -0.982197 0.073537 0.172862
vn -0.982090 0.073740 0.173385
vn -0.845729 0.512352 0.149123
vn -0.982134 0.073656 0.173168
vn -0.845679 0.512435 0.149123
vn -0.984810 0.000040 0.173637
vn -0.984805 -0.000019 0.173661
vn -0.984808 0.000006 0.173648
vn -0.984809 -0.000025 0.173643
vn -0.984810 -0.000012 0.173635
vn -0.984804 0.000042 0.173667
vn -0.986011 0.062735 0.154422
vn -0.987575 0.154138 -0.030604
vn -0.983016 0.060271 0.173339
vn -0.875925 0.457055 0.154455
vn -0.877329 0.464059 0.122239
vn -0.922451 0.381019 0.062522
vn -0.975367 -0.010864 0.220320
vn 0.064810 -0.221279 0.973055
vn -0.340975 0.219004 -0.914206
vn -0.340972 0.219000 -0.914208
vn -0.975366 -0.010847 0.220328
vn 0.064810 -0.221281 0.973054
vn 0.163395 -0.222578 0.961125
vn 0.169135 -0.226532 0.959206
vn 0.157716 -0.222496 0.962092
vn 0.157716 -0.222499 0.962091
vn 0.163508 -0.222515 0.961120
vn 0.169296 -0.222515 0.960118
vn -0.850460 0.519669 -0.081618
vn -0.258185 0.966089 0.003488
vn -0.842212 0.522935 0.131213
vn -0.969302 0.176758 0.170909
vn -0.245977 0.968305 0.043374
vn -0.834503 0.530993 0.147143
vn -0.984807 -0.000023 0.173651
vn -0.984808 0.000026 0.173647
vn -0.984809 -0.000052 0.173640
vn -0.984809 -0.000006 0.173642
vn -0.984807 -0.000023 0.173655
vn -0.984808 0.000005 0.173646
vn -0.984808 0.000024 0.173647
vn -0.984809 -0.000014 0.173644
vn -0.984806 -0.000029 0.173657
vn -0.984857 -0.000073 0.173369
vn -0.834417 0.531053 0.147410
vn -0.834533 0.530996 0.146962
vn -0.984775 0.000072 0.173831
vn -0.246007 0.968301 0.043279
vn -0.245976 0.968302 0.043434
vn -0.245967 0.968307 0.043370
vn -0.834487 0.531020 0.147138
vn -0.984810 -0.000046 0.173638
vn -0.169293 -0.222519 -0.960117
vn -0.175076 -0.222515 -0.959081
vn -0.175076 -0.222508 -0.959082
vn -0.169574 -0.224838 -0.959527
vn -0.180851 -0.222498 -0.958012
vn -0.180852 -0.222500 -0.958012
vn -0.271901 -0.221282 -0.936539
vn -0.991901 -0.010849 0.126551
vn -0.991900 -0.010861 0.126560
vn -0.271901 -0.221285 -0.936538
vn -0.007728 0.218997 0.975695
vn -0.007734 0.219000 0.975694
vn -0.986029 -0.000915 0.166572
vn 0.060079 0.306794 0.949878
vn -0.337686 -0.303773 -0.890893
vn 0.159257 0.308582 0.937771
vn 0.165204 0.308024 0.936925
vn 0.153516 0.308658 0.938703
vn -0.961277 -0.257326 0.098640
vn -0.927135 -0.348465 0.137815
vn -0.986277 -0.043209 0.159345
vn -0.989896 -0.139750 0.024014
vn -0.925177 -0.342689 0.163128
vn -0.984034 -0.039596 0.173521
vn -0.984806 -0.000010 0.173660
vn -0.984808 -0.000004 0.173646
vn -0.984809 0.000002 0.173639
vn -0.983495 -0.052706 0.173087
vn -0.983392 -0.052889 0.173617
vn -0.893454 -0.420609 0.157571
vn -0.893553 -0.420405 0.157555
vn -0.893528 -0.420458 0.157551
vn -0.983434 -0.052830 0.173398
vn -0.176797 0.308659 -0.934598
vn -0.171075 0.308589 -0.935685
vn -0.165371 0.307972 -0.936913
vn -0.012615 -0.303763 0.952664
vn -0.983534 -0.000901 0.180722
vn -0.268421 0.306794 -0.913142
vn -0.036722 -0.999305 0.006475
vn -0.036721 -0.999305 0.006475
vn 0.000000 -1.000000 -0.000000
vn 0.000000 -1.000000 -0.000000
vn 0.000000 -1.000000 -0.000000
vn -0.036713 -0.999305 0.006468
vn -0.177717 0.125663 -0.976025
vn -0.169260 0.223421 -0.959914
vn -0.572549 -0.813200 -0.104372
vn 0.132454 -0.333319 0.933464
vn -0.169297 0.222517 -0.960117
vn -0.985352 0.000382 0.170530
vn 0.137993 -0.222301 0.965163
vn 0.132536 -0.257128 0.957246
vn 0.148351 -0.313180 0.938035
vn -0.203632 -0.222269 -0.953483
vn -0.984200 0.000563 0.177058
vn -0.497429 -0.815668 0.295380
vn -0.206247 -0.260544 -0.943175
vn 0.169290 0.222520 0.960118
vn 0.169253 0.223510 0.959894
vn 0.166791 0.115269 0.979231
vn -0.196434 -0.343955 -0.918209
vn -0.182549 -0.322015 -0.928968
vn -0.036713 -0.999305 0.006473
vn -0.045418 -0.997994 -0.044094
vn 0.000001 -1.000000 0.000002
vn -0.008882 -0.998691 -0.050373
vn -0.071474 -0.911365 -0.405347
vn -0.253298 -0.906368 -0.338139
vn -0.532329 0.000021 -0.846538
vn -0.217891 0.000008 -0.975973
vn -0.217885 0.000007 -0.975974
vn -0.532381 -0.000000 -0.846505
vn -0.173647 0.000002 -0.984808
vn -0.173644 0.000002 -0.984808
vn -0.173643 -0.000002 -0.984809
vn -0.217884 -0.000003 -0.975975
vn -0.532330 -0.000002 -0.846537
vn 0.173648 0.000000 0.984808
vn 0.173648 0.000001 0.984808
vn 0.134948 0.000001 0.990853
vn 0.134947 0.000000 0.990853
vn 0.173648 0.000000 0.984808
vn 0.134947 0.000001 0.990853
vn -0.171293 -0.000014 0.985220
vn -0.171359 0.000008 0.985209
vn -0.171294 -0.000005 0.985220
vn -0.259896 0.964549 0.045826
vn -0.984390 -0.028702 0.173643
vn -0.984378 -0.028673 0.173717
vn -0.259938 0.964537 0.045833
vn 0.000041 -1.000000 0.000000
vn 0.000004 -1.000000 0.000003
vn 0.000035 -1.000000 -0.000017
vn -0.984438 -0.028702 0.173372
vn -0.259913 0.964544 0.045834
vn -0.173648 -0.000000 -0.984808
vn -0.173648 -0.000000 -0.984808
vn -0.217893 -0.000000 -0.975973
vn -0.217894 0.000000 -0.975972
vn -0.173648 -0.000000 -0.984808
vn -0.217894 -0.000000 -0.975972
vn -0.532322 0.000015 -0.846542
vn -0.532381 -0.000008 -0.846505
vn -0.532321 0.000001 -0.846543
vn -0.259904 -0.964547 0.045826
vn -0.984392 0.028660 0.173641
vn -0.984385 0.028689 0.173676
vn -0.259960 -0.964531 0.045841
vn -0.000019 1.000000 0.000007
vn 0.000018 1.000000 0.000001
vn -0.000018 1.000000 -0.000005
vn -0.984439 0.028652 0.173377
vn -0.259914 -0.964544 0.045828
vn -0.171303 -0.000008 0.985218
vn 0.134947 0.000001 0.990853
vn 0.134947 0.000000 0.990853
vn -0.171366 0.000009 0.985207
vn 0.173648 0.000001 0.984808
vn 0.173648 0.000001 0.984808
vn 0.173648 0.000001 0.984808
vn 0.134946 0.000001 0.990853
vn -0.171310 -0.000004 0.985217
vn -0.173648 -0.000000 -0.984808
vn -0.173648 -0.000000 -0.984808
vn -0.217893 -0.000000 -0.975973
vn -0.217894 0.000000 -0.975972
vn -0.532381 0.000004 -0.846505
vn -0.532326 -0.000004 -0.846540
vn 0.173648 0.000000 0.984808
vn 0.134947 0.000001 0.990853
vn 0.173648 0.000000 0.984808
vn 0.134947 0.000000 0.990853
vn -0.171301 -0.000004 0.985219
vn -0.171370 0.000004 0.985207
vn -0.173649 -0.000002 -0.984808
vn -0.217893 -0.000007 -0.975973
vn -0.173654 -0.000000 -0.984807
vn -0.217903 -0.000001 -0.975970
vn -0.532319 -0.000007 -0.846544
vn -0.532379 -0.000004 -0.846506
vn 0.173648 0.000000 0.984808
vn 0.173648 0.000000 0.984808
vn 0.134948 0.000001 0.990853
vn 0.134947 0.000000 0.990853
vn -0.171359 0.000004 0.985209
vn -0.171297 -0.000004 0.985220
vn -0.159095 0.400770 -0.902259
vn -0.246813 0.356097 -0.901265
vn -0.071462 0.911363 -0.405352
vn -0.257569 0.916727 -0.305402
vn -0.607876 0.155906 -0.778576
vn 0.071326 0.911754 0.404495
vn 0.159035 0.401493 0.901948
vn 0.123119 0.405043 0.905970
vn -0.116239 0.908131 0.402226
vn -0.312403 0.196552 0.929393
vn -0.797070 0.470436 0.378641
vn -0.008884 0.998691 -0.050368
vn -0.035207 0.998327 -0.045856
vn 0.000006 1.000000 0.000000
vn -0.026484 0.999638 0.004667
vn 0.166551 -0.121011 0.978579
vn 0.169256 -0.223552 0.959884
vn -0.409607 0.862711 0.296566
vn -0.202172 0.383473 -0.901152
vn 0.169308 -0.222517 0.960115
vn -0.984197 -0.000514 0.177074
vn -0.203650 0.222255 -0.953483
vn -0.208590 0.294862 -0.932495
vn -0.180576 0.357464 -0.916303
vn -0.026454 0.999639 0.004794
vn -0.026494 0.999638 0.004581
vn -0.000001 1.000000 0.000001
vn -0.000000 1.000000 -0.000001
vn -0.000002 1.000000 0.000003
vn -0.026484 0.999638 0.004670
vn 0.137988 0.222292 0.965166
vn -0.985348 -0.000516 0.170556
vn -0.491243 0.860513 -0.134899
vn 0.127183 0.288500 0.948995
vn -0.169295 -0.222519 -0.960117
vn -0.169262 -0.223470 -0.959902
vn -0.177734 -0.130920 -0.975331
vn 0.121879 0.370009 0.920999
vn 0.146124 0.345814 0.926855
vn -0.159092 -0.400774 -0.902258
vn -0.199601 -0.404814 -0.892348
vn -0.558208 -0.316924 -0.766788
vn 0.159041 -0.401489 0.901949
vn 0.081403 -0.355720 0.931041
vn 0.071331 -0.911753 0.404497
vn -0.142680 -0.915530 0.376093
vn -0.702305 -0.568081 0.429013
vn -0.176467 -0.278654 0.944040
vn -0.291963 -0.000334 0.956430
vn -0.290056 -0.000719 0.957009
vn 0.173648 0.000000 0.984808
vn 0.173648 0.000001 0.984808
vn 0.173648 0.000000 0.984808
vn -0.308867 0.013402 0.951011
vn -0.108273 -0.781833 -0.614015
vn -0.082841 -0.878867 -0.469819
vn -0.099402 -0.879728 -0.464971
vn -0.113313 -0.782363 -0.612428
vn -0.073181 -0.906844 -0.415064
vn -0.091052 -0.906694 -0.411843
vn -0.137716 -0.905257 -0.401926
vn -0.112583 -0.879416 -0.462550
vn -0.117016 -0.782825 -0.611140
vn 0.173648 0.000000 0.984808
vn -0.355930 0.008145 0.934477
vn 0.173648 0.000000 0.984808
vn -0.387849 0.003816 0.921715
vn -0.913829 0.010868 0.405953
vn -0.894779 0.018078 0.446143
vn -0.151816 -0.485377 -0.861023
vn -0.133128 -0.642067 -0.755002
vn -0.135441 -0.642129 -0.754537
vn -0.154805 -0.485247 -0.860564
vn -0.137506 -0.642526 -0.753825
vn -0.157867 -0.485472 -0.859881
vn 0.159041 0.401492 0.901948
vn -0.345981 0.341729 0.873796
vn 0.071307 0.911753 0.404501
vn -0.406182 0.785005 0.467743
vn -0.852269 0.440761 0.281723
vn -0.881219 0.227592 0.414313
vn -0.310834 0.948882 0.054813
vn -0.310838 0.948884 0.054753
vn -0.000023 1.000000 -0.000001
vn 0.000032 1.000000 0.000103
vn -0.000028 1.000000 -0.000148
vn -0.310909 0.948852 0.054911
vn -0.169421 -0.219294 -0.960836
vn -0.165257 -0.307092 -0.937222
vn -0.168767 -0.306998 -0.936627
vn -0.172989 -0.218892 -0.960292
vn -0.172474 -0.311362 -0.934509
vn -0.181523 -0.217216 -0.959097
vn -0.173648 -0.000000 -0.984808
vn -0.173648 -0.000000 -0.984808
vn -0.636373 -0.000738 -0.771381
vn -0.645619 0.003725 -0.763651
vn -0.173649 0.000000 -0.984808
vn -0.637550 -0.000011 -0.770409
vn 0.073189 -0.906844 0.415063
vn 0.082841 -0.878867 0.469820
vn 0.064022 -0.879251 0.472036
vn 0.053991 -0.907431 0.416719
vn 0.108264 -0.781833 0.614016
vn 0.102523 -0.781987 0.614805
vn 0.095440 -0.782010 0.615915
vn 0.041802 -0.878243 0.476384
vn -0.038381 -0.906513 0.420430
vn 0.133130 -0.642066 0.755002
vn 0.130167 -0.641923 0.755640
vn 0.151823 -0.485379 0.861021
vn 0.147737 -0.485217 0.861823
vn 0.143700 -0.485548 0.862319
vn 0.126942 -0.642215 0.755941
vn -0.173649 0.000000 -0.984808
vn -0.173648 -0.000000 -0.984808
vn -0.675629 0.007755 -0.737201
vn -0.700031 0.006583 -0.714082
vn 0.165265 -0.306931 0.937273
vn 0.160276 -0.306559 0.938261
vn 0.169438 -0.218959 0.960910
vn 0.164746 -0.218960 0.961725
vn 0.156218 -0.218670 0.963213
vn 0.155590 -0.309955 0.937934
vn -0.357074 0.931952 0.062959
vn -0.359813 0.932882 0.016304
vn -0.000016 1.000000 -0.000002
vn -0.008861 0.998691 -0.050369
vn -0.071472 0.911365 -0.405347
vn -0.540301 0.791313 -0.286179
vn -0.159093 0.400770 -0.902260
vn -0.639353 0.334158 -0.692507
vn 0.108268 0.781832 0.614017
vn 0.082842 0.878869 0.469816
vn 0.051863 0.879620 0.472842
vn 0.098678 0.782388 0.614924
vn 0.073189 0.906848 0.415054
vn 0.051498 0.906628 0.418776
vn -0.051989 0.899760 0.433277
vn 0.024956 0.878414 0.477248
vn 0.090479 0.782651 0.615850
vn -0.699262 0.000293 -0.714865
vn -0.698081 0.000597 -0.716019
vn -0.173649 -0.000000 -0.984808
vn -0.173648 -0.000000 -0.984808
vn -0.173649 -0.000000 -0.984808
vn -0.707583 -0.009108 -0.706572
vn 0.151825 0.485377 0.861022
vn 0.133127 0.642064 0.755004
vn 0.128517 0.642041 0.755822
vn 0.145686 0.485127 0.862222
vn 0.124000 0.642674 0.756038
vn 0.139345 0.485644 0.862979
vn -0.173649 -0.000000 -0.984808
vn -0.730538 -0.005265 -0.682852
vn -0.173649 -0.000000 -0.984808
vn -0.745174 -0.002395 -0.666865
vn -0.071496 -0.911364 -0.405344
vn -0.008882 -0.998691 -0.050370
vn -0.451115 -0.891798 0.034524
vn -0.609507 -0.749040 -0.259693
vn 0.000000 -1.000000 -0.000000
vn -0.450626 -0.889169 0.079463
vn 0.169434 0.218963 0.960910
vn 0.165266 0.306932 0.937273
vn 0.158006 0.306758 0.938581
vn 0.163754 0.218584 0.961980
vn 0.150069 0.309290 0.939052
vn 0.144624 0.216617 0.965485
vn -0.159095 -0.400773 -0.902258
vn -0.678617 -0.328585 -0.656895
vn 0.173648 0.000000 0.984808
vn 0.173648 0.000001 0.984808
vn -0.361115 0.000634 0.932521
vn -0.371785 -0.003508 0.928312
vn 0.173648 0.000001 0.984808
vn -0.362283 -0.000011 0.932068
vn -0.073183 0.906849 -0.415054
vn -0.082842 0.878870 -0.469814
vn -0.103923 0.879238 -0.464909
vn -0.092692 0.907361 -0.410006
vn -0.108268 0.781833 -0.614016
vn -0.114575 0.782004 -0.612651
vn -0.122282 0.781955 -0.611224
vn -0.128945 0.878036 -0.460898
vn -0.195032 0.904832 -0.378473
vn 0.173649 0.000001 0.984808
vn 0.173648 0.000000 0.984808
vn -0.405757 -0.007109 0.913953
vn -0.433356 -0.005970 0.901203
vn -0.928003 -0.013095 0.372344
vn -0.939734 -0.010304 0.341751
vn -0.133131 0.642066 -0.755002
vn -0.136241 0.641920 -0.754571
vn -0.151821 0.485376 -0.861023
vn -0.156058 0.485209 -0.860359
vn -0.160136 0.485564 -0.859409
vn -0.139474 0.642226 -0.753719
vn -0.387399 -0.919379 0.068305
vn -0.387396 -0.919379 0.068315
vn 0.000000 -1.000000 -0.000000
vn 0.000000 -1.000000 -0.000000
vn 0.000000 -1.000000 -0.000000
vn -0.387400 -0.919378 0.068311
vn 0.071323 -0.911755 0.404495
vn 0.159038 -0.401495 0.901947
vn -0.379869 -0.332197 0.863333
vn -0.430016 -0.782306 0.450648
vn -0.928550 -0.138555 0.344381
vn -0.911561 -0.331819 0.242801
vn -0.165256 0.307090 -0.937223
vn -0.170432 0.306735 -0.936412
vn -0.169417 0.219289 -0.960838
vn -0.173988 0.219290 -0.960021
vn -0.183204 0.219057 -0.958358
vn -0.174942 0.309723 -0.934595
vn 0.173648 0.000000 0.984808
vn 0.173648 0.000001 0.984808
vn 0.173648 0.000001 0.984808
vn 0.173648 0.000001 0.984808
vn 0.173648 0.000000 0.984808
vn 0.173648 0.000001 0.984808
vn 0.173648 0.000000 0.984808
vn 0.173648 0.000000 0.984808
vn 0.173648 0.000000 0.984808
vn 0.173648 0.000000 0.984808
vn 0.159037 0.401498 0.901946
vn 0.071318 0.911754 0.404497
vn 0.071332 0.911756 0.404492
vn 0.159032 0.401488 0.901951
vn 0.000004 1.000000 -0.000002
vn 0.000011 1.000000 0.000002
vn -0.000017 1.000000 -0.000097
vn 0.000015 1.000000 0.000087
vn 0.000028 1.000000 0.000136
vn -0.000022 1.000000 -0.000125
vn -0.165472 -0.307291 -0.937119
vn -0.170188 -0.219296 -0.960700
vn -0.151826 -0.485378 -0.861021
vn -0.133126 -0.642068 -0.755001
vn -0.108269 -0.781834 -0.614014
vn -0.082842 -0.878867 -0.469819
vn -0.075336 -0.906069 -0.416369
vn 0.133123 -0.642067 0.755002
vn 0.108264 -0.781834 0.614016
vn 0.151821 -0.485379 0.861021
vn 0.165269 -0.306930 0.937273
vn 0.169193 -0.219408 0.960851
vn 0.000012 1.000000 0.000007
vn -0.000002 1.000000 -0.000003
vn -0.008880 0.998691 -0.050369
vn -0.008894 0.998691 -0.050370
vn -0.071468 0.911365 -0.405348
vn -0.071474 0.911364 -0.405348
vn -0.159091 0.400771 -0.902260
vn -0.173649 -0.000000 -0.984808
vn -0.173648 -0.000000 -0.984808
vn -0.159093 0.400770 -0.902260
vn -0.173648 -0.000000 -0.984808
vn -0.173647 -0.000000 -0.984808
vn -0.173648 -0.000000 -0.984808
vn -0.173648 -0.000000 -0.984808
vn -0.173647 -0.000000 -0.984808
vn -0.173648 0.000001 -0.984808
vn -0.173648 0.000000 -0.984808
vn -0.173648 -0.000000 -0.984808
vn 0.082302 -0.878526 0.470551
vn 0.069773 -0.906838 0.415665
vn -0.173648 -0.000000 -0.984808
vn -0.173648 -0.000000 -0.984808
vn -0.173648 -0.000000 -0.984808
vn -0.173648 -0.000000 -0.984808
vn -0.173648 -0.000000 -0.984808
vn -0.173648 -0.000000 -0.984808
vn -0.159091 -0.400772 -0.902259
vn -0.071468 -0.911365 -0.405347
vn -0.071464 -0.911365 -0.405348
vn -0.159093 -0.400769 -0.902260
vn -0.008882 -0.998691 -0.050372
vn -0.000004 -1.000000 0.000001
vn 0.000000 -1.000000 -0.000000
vn -0.008880 -0.998691 -0.050372
vn 0.165025 0.307128 0.937251
vn 0.168695 0.218964 0.961039
vn 0.151818 0.485377 0.861023
vn 0.133125 0.642065 0.755004
vn 0.108267 0.781832 0.614016
vn 0.082841 0.878869 0.469816
vn 0.072040 0.906213 0.416640
vn -0.173648 -0.000001 -0.984808
vn -0.173648 -0.000000 -0.984808
vn -0.173648 -0.000000 -0.984808
vn -0.173648 -0.000000 -0.984808
vn -0.133124 0.642064 -0.755004
vn -0.108268 0.781833 -0.614016
vn -0.151822 0.485377 -0.861022
vn -0.165259 0.307092 -0.937221
vn -0.169602 0.219688 -0.960715
vn 0.000000 -1.000000 -0.000000
vn 0.000000 -1.000000 -0.000000
vn 0.000000 -1.000000 -0.000000
vn 0.000000 -1.000000 -0.000000
vn 0.000000 -1.000000 -0.000000
vn 0.000000 -1.000000 -0.000000
vn 0.159035 -0.401493 0.901949
vn 0.071312 -0.911754 0.404499
vn 0.173648 0.000000 0.984808
vn 0.173648 0.000000 0.984808
vn 0.159038 -0.401495 0.901947
vn 0.071324 -0.911754 0.404496
vn 0.173648 0.000000 0.984808
vn 0.173648 0.000001 0.984808
vn 0.173648 0.000001 0.984808
vn 0.173648 0.000000 0.984808
vn 0.173648 0.000001 0.984808
vn 0.173648 0.000001 0.984808
vn 0.173648 0.000001 0.984808
vn 0.173648 0.000001 0.984808
vn -0.083670 0.878498 -0.470362
vn -0.076833 0.906842 -0.414409
vn -0.982014 -0.000262 0.188807
vn 0.066080 -0.169069 0.983387
vn -0.343492 0.167019 -0.924185
vn -0.347291 0.003149 -0.937752
vn -0.988379 0.000235 0.152008
vn 0.067641 -0.003203 0.997705
vn 0.165310 -0.169782 0.971518
vn 0.171131 -0.169777 0.970510
vn 0.159489 -0.169731 0.972499
vn 0.161902 -0.003201 0.986802
vn 0.167777 -0.003205 0.985820
vn 0.173650 -0.003203 0.984802
vn -0.977897 -0.016041 0.208470
vn -0.206638 0.169406 -0.963640
vn 0.171126 -0.169774 0.970512
vn 0.173652 -0.003204 0.984802
vn -0.968913 -0.000775 0.247399
vn -0.210101 0.003223 -0.977674
vn -0.984808 -0.000004 0.173648
vn -0.984807 0.000019 0.173653
vn -0.984808 -0.000009 0.173645
vn -0.984806 0.000014 0.173659
vn -0.984808 0.000000 0.173648
vn -0.984811 -0.000004 0.173631
vn -0.984811 0.000010 0.173630
vn -0.984806 -0.000012 0.173659
vn -0.984808 -0.000002 0.173646
vn -0.984806 -0.000000 0.173658
vn -0.984809 -0.000001 0.173639
vn -0.984808 0.000000 0.173648
vn -0.984861 -0.000006 0.173347
vn -0.984758 0.000057 0.173931
vn -0.984842 -0.000043 0.173456
vn -0.984774 0.000009 0.173838
vn -0.984807 0.000012 0.173654
vn -0.984810 -0.000007 0.173638
vn -0.173641 -0.003205 -0.984804
vn -0.171131 -0.169774 -0.970511
vn -0.990184 -0.015845 0.138866
vn -0.995063 -0.000859 0.099240
vn 0.138749 0.169452 0.975723
vn 0.140381 0.003223 0.990092
vn -0.185367 -0.003202 -0.982664
vn -0.182745 -0.169729 -0.968399
vn -0.176938 -0.169781 -0.969468
vn -0.179512 -0.003205 -0.983751
vn -0.171124 -0.169774 -0.970512
vn -0.173645 -0.003203 -0.984803
vn -0.005617 0.003146 0.999979
vn -0.006687 0.167022 0.985930
vn -0.987368 -0.000261 0.158445
vn -0.980762 0.000237 0.195205
vn -0.274243 -0.169065 -0.946682
vn -0.277674 -0.003204 -0.960670
vn -0.984295 0.065695 0.163854
vn -0.074011 -0.977229 0.198864
vn -0.209027 0.966748 -0.147330
vn 0.026091 -0.982847 0.182570
vn 0.042603 -0.977782 0.205250
vn 0.020192 -0.982784 0.183653
vn 0.051250 -0.931965 0.358908
vn 0.057222 -0.932879 0.355617
vn 0.067894 -0.944871 0.320327
vn -0.183711 0.181493 0.966080
vn -0.338828 0.913815 -0.223917
vn 0.013727 -0.996874 0.077802
vn -0.016463 -0.996163 0.085954
vn -0.167354 0.849353 -0.500592
vn -0.239491 0.819782 -0.520193
vn -0.963996 0.000026 -0.265917
vn -0.964005 0.000001 -0.265885
vn -0.963997 0.000000 -0.265912
vn -0.964002 -0.000009 -0.265893
vn -0.963995 0.000003 -0.265920
vn -0.964001 -0.000002 -0.265898
vn -0.996222 0.036784 0.078667
vn -0.988793 0.020471 0.147884
vn -0.984805 0.000028 0.173664
vn -0.984809 -0.000006 0.173639
vn -0.984802 -0.000000 0.173680
vn -0.984808 -0.000012 0.173647
vn -0.991215 -0.020026 0.130737
vn -0.984810 -0.000019 0.173637
vn -0.977809 -0.088204 -0.190025
vn -0.963999 0.000007 -0.265905
vn -0.964003 -0.000005 -0.265893
vn -0.964001 -0.000002 -0.265898
vn -0.963999 -0.000024 -0.265907
vn -0.964002 0.000011 -0.265896
vn -0.014607 0.996433 0.083119
vn 0.013538 0.996961 0.076719
vn -0.184411 -0.182292 0.965796
vn -0.168769 -0.847453 -0.503329
vn -0.317278 -0.931828 -0.176156
vn -0.225643 -0.820619 -0.525043
vn 0.020194 0.982783 0.183657
vn 0.026094 0.982846 0.182571
vn 0.042644 0.977680 0.205724
vn -0.209020 -0.966752 -0.147312
vn -0.984291 -0.065705 0.163872
vn -0.074021 0.977227 0.198869
vn -0.980622 -0.068270 0.183627
vn -0.138374 0.976402 -0.165807
vn -0.145364 -0.965929 0.214127
vn -0.038678 0.982025 -0.184748
vn -0.032626 0.975846 -0.216009
vn -0.044594 0.981962 -0.183742
vn -0.586151 -0.177731 -0.790467
vn -0.231173 -0.924575 0.302855
vn -0.013899 0.996787 -0.078882
vn -0.046522 0.996211 -0.073474
vn 0.007289 -0.826110 0.563462
vn -0.016196 -0.787546 0.616043
vn -0.794639 0.000006 0.607082
vn -0.794646 0.000003 0.607073
vn -0.794628 -0.000018 0.607097
vn -0.794630 0.000005 0.607094
vn -0.794646 -0.000006 0.607073
vn -0.975891 -0.020459 0.217297
vn -0.837946 -0.095494 0.537333
vn -0.984807 0.000011 0.173651
vn -0.984808 -0.000017 0.173646
vn -0.984807 -0.000009 0.173654
vn -0.964584 -0.174691 0.197640
vn -0.984807 -0.000037 0.173653
vn -0.984810 0.000028 0.173637
vn -0.984806 -0.000006 0.173658
vn -0.984809 0.000009 0.173644
vn -0.984808 0.000001 0.173644
vn -0.984806 -0.000012 0.173657
vn -0.962434 0.037834 0.268866
vn -0.979643 0.020910 0.199657
vn -0.969297 0.176777 0.170916
vn -0.794627 0.000003 0.607099
vn -0.794640 -0.000002 0.607080
vn -0.794634 0.000008 0.607089
vn -0.794639 -0.000004 0.607082
vn -0.794633 0.000024 0.607090
vn -0.794638 -0.000012 0.607084
vn -0.049673 -0.995867 -0.076036
vn -0.014108 -0.996689 -0.080069
vn -0.585855 0.176846 -0.790885
vn 0.007180 0.828285 0.560260
vn -0.231173 0.924576 0.302851
vn -0.016198 0.787525 0.616069
vn -0.044595 -0.981960 -0.183754
vn -0.038677 -0.982025 -0.184747
vn -0.032517 -0.975946 -0.215573
vn -0.145367 0.965933 0.214106
vn -0.980625 0.068269 0.183616
vn -0.138385 -0.976398 -0.165818
vn -0.987058 -0.000285 0.160365
vn -0.274383 0.165942 -0.947194
vn -0.006662 -0.163908 0.986453
vn -0.177034 0.166626 -0.969997
vn -0.171220 0.166613 -0.971043
vn -0.182842 0.166570 -0.968929
vn -0.990413 0.017368 0.137041
vn 0.138864 -0.166257 0.976256
vn -0.171212 0.166615 -0.971044
vn -0.984758 -0.000049 0.173929
vn -0.984841 0.000026 0.173458
vn -0.984807 0.000001 0.173651
vn -0.984806 0.000002 0.173657
vn -0.984809 0.000014 0.173643
vn -0.984806 -0.000008 0.173661
vn -0.984808 0.000003 0.173646
vn -0.984809 0.000000 0.173639
vn -0.984809 0.000008 0.173641
vn -0.984807 -0.000002 0.173652
vn -0.984808 0.000005 0.173649
vn -0.984809 -0.000011 0.173642
vn 0.171228 0.166615 0.971041
vn -0.977481 0.017267 0.210315
vn -0.206713 -0.166210 -0.964180
vn 0.159577 0.166567 0.973032
vn 0.165401 0.166625 0.972049
vn 0.171223 0.166613 0.971042
vn -0.343647 -0.163907 -0.924684
vn -0.982379 -0.000290 0.186902
vn 0.066124 0.165939 0.983917
vn -0.978680 0.009495 0.205171
vn -0.980014 0.005634 0.198848
vn -0.977590 0.076634 0.196074
vn -0.834814 0.518872 0.184002
vn 0.008872 0.998699 0.050207
vn -0.298247 0.949183 0.100498
vn 0.008850 0.998700 0.050208
vn 0.008853 0.998699 0.050214
vn 0.008843 0.998699 0.050221
vn -0.017427 0.998336 0.054973
vn -0.243796 0.966102 0.084919
vn -0.836294 0.522954 0.164719
vn -0.984807 0.000027 0.173650
vn -0.984808 -0.000005 0.173649
vn -0.984808 0.000000 0.173648
vn -0.984808 0.000004 0.173649
vn -0.984808 -0.000022 0.173649
vn -0.869186 -0.470136 0.153258
vn -0.332601 -0.939240 0.084878
vn 0.008853 -0.998699 0.050210
vn -0.027625 -0.998003 0.056808
vn 0.008852 -0.998699 0.050213
vn 0.008854 -0.998699 0.050215
vn -0.373588 -0.920781 0.112222
vn -0.884930 -0.426114 0.187952
vn 0.008854 -0.998699 0.050215
vn -0.979683 -0.057601 0.192104
vn -0.981713 -0.004023 0.190325
vn -0.981035 -0.005816 0.193745
vn -0.984741 -0.000388 0.174028
vn -0.984852 0.000237 0.173396
vn -0.984864 0.000212 0.173327
vn -0.984770 -0.000123 0.173860
vn -0.983046 0.060328 0.173148
vn -0.875946 0.457031 0.154407
vn -0.982975 0.060148 0.173616
vn -0.875897 0.457093 0.154503
vn -0.357166 0.931921 0.062902
vn -0.357022 0.931969 0.063004
vn 0.000018 1.000000 0.000107
vn -0.000011 1.000000 -0.000072
vn 0.000024 1.000000 0.000131
vn -0.000018 1.000000 -0.000120
vn 0.000018 1.000000 0.000085
vn -0.000023 1.000000 -0.000092
vn -0.000001 1.000000 0.000001
vn -0.000001 1.000000 0.000006
vn -0.026450 0.999639 0.004755
vn -0.246054 0.968289 0.043284
vn -0.026500 0.999639 0.004541
vn -0.245941 0.968307 0.043526
vn -0.834438 0.531064 0.147255
vn -0.984849 0.000035 0.173415
vn -0.834556 0.530955 0.146980
vn -0.984748 -0.000083 0.173989
vn -0.984778 -0.000018 0.173817
vn -0.984854 -0.000011 0.173385
vn -0.984852 0.000045 0.173396
vn -0.984735 0.000004 0.174058
vn -0.984778 0.000044 0.173817
vn -0.984853 -0.000092 0.173390
vn -0.984853 -0.000054 0.173390
vn -0.984742 0.000102 0.174023
vn -0.869176 -0.470116 0.153375
vn -0.322178 -0.944973 0.056802
vn -0.869253 -0.470063 0.153101
vn -0.322101 -0.944999 0.056808
vn -0.036717 -0.999305 0.006472
vn -0.036719 -0.999305 0.006476
vn 0.000023 -1.000000 0.000121
vn -0.000012 -1.000000 -0.000085
vn -0.000003 -1.000000 -0.000001
vn -0.000009 -1.000000 -0.000090
vn 0.000000 -1.000000 -0.000000
vn 0.000027 -1.000000 0.000116
vn -0.450530 -0.889229 0.079334
vn -0.925170 -0.342645 0.163265
vn -0.000016 -1.000000 -0.000094
vn 0.000008 -1.000000 0.000133
vn -0.450734 -0.889098 0.079649
vn -0.925165 -0.342822 0.162920
vn -0.984065 -0.039672 0.173327
vn -0.984772 0.000128 0.173853
vn -0.983989 -0.039494 0.173797
vn -0.984863 -0.000212 0.173333
vn -0.984852 -0.000253 0.173397
vn -0.984740 0.000400 0.174029
vn -0.173648 -0.000001 -0.984808
vn -0.173648 0.000001 -0.984808
vn -0.173648 0.000004 -0.984808
vn -0.173649 0.000010 -0.984808
vn -0.173649 0.000000 -0.984808
vn -0.173648 0.000000 -0.984808
vn -0.638102 -0.000239 -0.769952
vn -0.992204 -0.002882 -0.124594
vn -0.173648 0.000001 -0.984808
vn -0.173649 -0.000000 -0.984808
vn -0.638538 -0.000128 -0.769591
vn -0.992265 -0.002786 -0.124103
vn -0.989844 -0.002177 0.142141
vn -0.989871 -0.001947 0.141954
vn -0.984824 0.000081 0.173554
vn -0.984717 -0.000629 0.174158
vn -0.984790 -0.000300 0.173746
vn -0.985013 0.001170 0.172476
vn -0.984827 0.000178 0.173539
vn -0.984633 -0.000642 0.174634
vn -0.983150 0.060623 0.172454
vn -0.876020 0.456926 0.154298
vn -0.983009 0.060138 0.173425
vn -0.875833 0.457254 0.154388
vn -0.357372 0.931833 0.063028
vn -0.356799 0.932044 0.063146
vn -0.000029 1.000000 -0.000026
vn -0.000065 1.000000 -0.000371
vn -0.000019 1.000000 -0.000027
vn 0.000019 1.000000 0.000027
vn 0.000071 1.000000 0.000382
vn -0.000070 1.000000 -0.000394
vn -0.000004 1.000000 0.000004
vn -0.000002 1.000000 -0.000001
vn -0.026410 0.999638 0.005058
vn -0.246123 0.968288 0.042926
vn -0.026472 0.999639 0.004695
vn -0.245900 0.968328 0.043296
vn -0.834279 0.531199 0.147669
vn -0.985005 0.000249 0.172525
vn -0.834687 0.530635 0.147389
vn -0.984827 0.000021 0.173540
vn -0.984667 -0.000144 0.174442
vn -0.985030 -0.000001 0.172383
vn -0.984811 0.000015 0.173630
vn -0.984780 0.000004 0.173805
vn -0.984666 0.000151 0.174450
vn -0.985011 -0.000268 0.172493
vn -0.984812 -0.000024 0.173621
vn -0.984820 -0.000005 0.173577
vn -0.869025 -0.470247 0.153826
vn -0.322282 -0.944942 0.056738
vn -0.869337 -0.469782 0.153487
vn -0.321982 -0.945045 0.056715
vn -0.036722 -0.999305 0.006475
vn -0.036716 -0.999305 0.006477
vn 0.000000 -1.000000 -0.000000
vn 0.000035 -1.000000 0.000214
vn 0.000004 -1.000000 0.000002
vn -0.000061 -1.000000 -0.000382
vn 0.000003 -1.000000 -0.000003
vn 0.000001 -1.000000 -0.000035
vn -0.450226 -0.889421 0.078910
vn -0.925182 -0.342353 0.163809
vn -0.000082 -1.000000 -0.000392
vn -0.000017 -1.000000 -0.000019
vn -0.451130 -0.888895 0.079672
vn -0.925063 -0.343022 0.163075
vn -0.984179 -0.039935 0.172620
vn -0.984634 0.000642 0.174629
vn -0.984025 -0.039526 0.173586
vn -0.984826 -0.000178 0.173545
vn -0.985013 -0.001177 0.172478
vn -0.984717 0.000641 0.174162
vn -0.984790 0.000313 0.173751
vn -0.984826 -0.000079 0.173543
vn -0.988271 0.001173 0.152707
vn -0.999487 0.001858 -0.031960
vn -0.988228 0.001418 0.152985
vn -0.999507 0.001828 -0.031334
vn -0.699757 0.000035 -0.714381
vn -0.699551 0.000029 -0.714582
vn -0.173649 0.000000 -0.984808
vn -0.173649 -0.000001 -0.984808
vn -0.173648 -0.000000 -0.984808
vn -0.173648 -0.000001 -0.984808
vn -0.173648 0.000000 -0.984808
vn -0.173648 -0.000000 -0.984808
vn -0.173648 -0.000001 -0.984808
vn -0.173648 -0.000000 -0.984808
vn -0.217893 0.000000 -0.975973
vn -0.532385 -0.000034 -0.846502
vn -0.217893 -0.000002 -0.975973
vn -0.532343 -0.000003 -0.846529
vn -0.963994 0.000006 -0.265926
vn -0.963994 0.000080 -0.265926
vn -0.984802 -0.000007 0.173680
vn -0.984808 -0.000088 0.173647
vn -0.984811 0.000007 0.173630
vn -0.984808 0.000097 0.173648
vn -0.984807 0.000008 0.173655
vn -0.984807 -0.000105 0.173654
vn -0.794627 0.000086 0.607097
vn -0.171353 0.000005 0.985210
vn -0.794652 0.000002 0.607066
vn -0.171293 -0.000020 0.985220
vn 0.134947 0.000002 0.990853
vn 0.134948 0.000002 0.990853
vn 0.173648 0.000000 0.984808
vn 0.173648 0.000001 0.984808
vn 0.173648 0.000002 0.984808
vn 0.173648 0.000000 0.984808
vn 0.173648 0.000001 0.984808
vn 0.173649 -0.000000 0.984808
vn -0.362949 0.000271 0.931809
vn -0.904017 0.002328 0.427491
vn 0.173648 0.000001 0.984808
vn 0.173648 0.000000 0.984808
vn -0.363233 0.000077 0.931698
vn -0.904192 0.002254 0.427121
vn -0.979558 0.001734 0.201155
vn -0.979523 0.001508 0.201327
vn -0.984791 -0.000081 0.173744
vn -0.984901 0.000646 0.173118
vn -0.984828 0.000365 0.173535
vn -0.984579 -0.001287 0.174937
vn -0.984787 -0.000217 0.173766
vn -0.984999 0.000708 0.172560
vn -0.983454 -0.052713 0.173320
vn -0.983239 -0.053188 0.174390
vn -0.893244 -0.421034 0.157628
vn -0.893733 -0.420048 0.157482
vn -0.387093 -0.919508 0.068296
vn -0.387618 -0.919304 0.068060
vn 0.000000 -1.000000 -0.000000
vn 0.000000 -1.000000 -0.000000
vn 0.000000 -1.000000 -0.000000
vn 0.000000 -1.000000 -0.000000
vn 0.000000 -1.000000 -0.000000
vn 0.000000 -1.000000 -0.000000
vn 0.000000 -1.000000 -0.000000
vn 0.000000 -1.000000 -0.000000
vn -0.036712 -0.999305 0.006478
vn -0.322175 -0.944947 0.057257
vn -0.036721 -0.999305 0.006475
vn -0.321983 -0.945039 0.056816
vn -0.869381 -0.469831 0.153089
vn -0.869236 -0.470258 0.152595
vn -0.984797 0.000046 0.173712
vn -0.984662 -0.000188 0.174472
vn -0.984803 -0.000054 0.173675
vn -0.984962 0.000159 0.172768
vn -0.984828 0.000028 0.173533
vn -0.984643 0.000008 0.174579
vn -0.984804 -0.000013 0.173671
vn -0.984963 -0.000168 0.172768
vn -0.984796 0.000076 0.173715
vn -0.984657 0.000204 0.174503
vn -0.834836 0.530519 0.146966
vn -0.834466 0.531192 0.146635
vn -0.245975 0.968302 0.043438
vn -0.245897 0.968308 0.043745
vn -0.026503 0.999638 0.004634
vn -0.026552 0.999638 0.004254
vn 0.000003 1.000000 -0.000003
vn -0.000001 1.000000 -0.000001
vn -0.000072 1.000000 -0.000428
vn -0.000050 1.000000 -0.000241
vn -0.000006 1.000000 -0.000033
vn -0.000007 1.000000 0.000006
vn -0.310666 0.948955 0.054498
vn -0.845859 0.512256 0.148718
vn -0.000039 1.000000 -0.000224
vn 0.000010 1.000000 -0.000009
vn -0.311143 0.948779 0.054848
vn -0.845599 0.512563 0.149134
vn -0.982161 0.073522 0.173072
vn -0.981938 0.074052 0.174112
vn -0.984788 0.000175 0.173763
vn -0.984998 -0.000709 0.172564
vn -0.984827 -0.000313 0.173538
vn -0.984578 0.001303 0.174942
vn -0.984785 0.000064 0.173777
vn -0.984902 -0.000658 0.173114
vn -0.977245 -0.002360 0.212099
vn -0.977156 -0.002134 0.212512
vn -0.863970 -0.002806 0.503536
vn -0.863552 -0.002774 0.504252
vn -0.292655 0.000014 0.956218
vn -0.292614 -0.000157 0.956230
vn 0.173648 0.000001 0.984808
vn 0.173648 -0.000000 0.984808
vn 0.173648 0.000001 0.984808
vn 0.173648 0.000001 0.984808
vn 0.173648 -0.000001 0.984808
vn 0.173648 0.000000 0.984808
vn 0.173648 0.000001 0.984808
vn 0.173648 0.000000 0.984808
vn 0.134948 -0.000001 0.990853
vn -0.171363 0.000033 0.985208
vn 0.134948 0.000002 0.990853
vn -0.171317 0.000003 0.985216
vn -0.794624 -0.000006 0.607102
vn -0.794618 -0.000079 0.607109
vn -0.984813 0.000007 0.173616
vn -0.984808 0.000087 0.173650
vn -0.984805 -0.000006 0.173664
vn -0.984808 -0.000096 0.173649
vn -0.984813 0.000079 0.173619
vn -0.984809 0.000105 0.173643
vn -0.964014 0.000081 -0.265851
vn -0.963998 -0.000017 -0.265909
vn -0.532371 0.000082 -0.846511
vn -0.532377 0.000002 -0.846507
vn -0.217896 0.000041 -0.975972
vn -0.217893 0.000014 -0.975973
vn -0.114895 -0.807254 -0.578912
vn -0.101730 -0.810474 -0.576873
vn -0.117495 -0.736295 -0.666381
vn 0.039595 -0.949457 0.311391
vn 0.054438 -0.949565 0.308810
vn -0.504397 -0.717589 -0.480260
vn -0.798091 -0.592317 0.110501
vn -0.101726 -0.810366 -0.577025
vn 0.054473 -0.949565 0.308804
vn -0.066991 -0.937572 0.341279
vn -0.240497 -0.875221 0.419701
vn -0.000779 -0.783322 0.621615
vn -0.634478 -0.545734 0.547369
vn -0.756594 -0.523964 0.391186
vn -0.254088 -0.838973 0.481210
vn 0.079809 -0.639216 0.764875
vn -0.601059 -0.456097 0.656280
vn 0.078747 -0.481335 0.872992
vn -0.594552 -0.342381 0.727518
vn -0.609603 -0.163957 0.775565
vn -0.585606 0.257832 0.768498
vn 0.080417 -0.297290 0.951395
vn 0.121480 -0.208865 0.970370
vn 0.170477 -0.190179 0.966835
vn 0.133855 0.636867 0.759265
vn -0.168124 0.648296 0.742595
vn 0.152250 -0.192608 0.969393
vn 0.130311 0.660939 0.739039
vn 0.132015 0.637381 0.759156
vn 0.168162 -0.190160 0.967244
vn 0.134149 0.634882 0.760873
vn 0.170474 -0.190187 0.966834
vn -0.150282 0.886344 -0.437961
vn -0.283537 0.819761 -0.497593
vn -0.770484 0.494091 -0.402776
vn -0.834750 0.151907 -0.529261
vn -0.825769 0.118382 -0.551445
vn -0.819595 0.002340 -0.572939
vn -0.825345 -0.116311 -0.552518
vn -0.834831 -0.151806 -0.529162
vn -0.791503 -0.449198 -0.414421
vn -0.340020 -0.810118 -0.477594
vn 0.130092 -0.662372 0.737793
vn -0.152472 -0.865310 -0.477483
vn 0.132176 -0.636894 0.759537
vn 0.134065 -0.635566 0.760317
vn 0.168293 0.190168 0.967220
vn 0.170479 0.190174 0.966835
vn -0.245267 -0.627895 0.738642
vn -0.618421 -0.154782 0.770453
vn 0.133951 -0.636201 0.759807
vn 0.170477 0.190172 0.966836
vn 0.141741 0.193058 0.970895
vn 0.082341 0.210988 0.974014
vn -0.621039 0.175854 0.763797
vn -0.610153 0.336313 0.717361
vn 0.033893 0.293853 0.955249
vn 0.040461 0.478370 0.877225
vn -0.612170 0.451291 0.649295
vn -0.654848 0.529214 0.539543
vn 0.050955 0.638047 0.768310
vn -0.056071 0.777101 0.626874
vn -0.799587 0.465952 0.378879
vn -0.813354 0.551387 0.185545
vn -0.399524 0.783586 0.475787
vn -0.385676 0.820014 0.422883
vn 0.054471 0.949563 0.308810
vn -0.101716 0.810395 -0.576987
vn -0.549506 0.702976 -0.451518
vn -0.131998 0.927377 0.350070
vn -0.117486 0.736335 -0.666339
vn -0.113976 0.807507 -0.578742
vn 0.040647 0.949468 0.311221
vn -0.101732 0.810445 -0.576914
vn 0.054445 0.949565 0.308809
vn -0.356254 -0.148365 -0.922535
vn -0.508791 -0.395534 -0.764647
vn -0.841182 -0.520009 0.148335
vn -0.863210 -0.455667 -0.217338
vn -0.841190 -0.520000 0.148319
vn -0.841072 -0.520198 0.148295
vn -0.722721 -0.451102 0.523623
vn -0.183211 -0.376391 0.908165
vn 0.117557 0.736018 0.666677
vn -0.019850 -0.116003 0.993050
vn 0.090182 0.807301 0.583209
vn 0.101714 0.810454 0.576904
vn -0.069125 0.949458 -0.306188
vn -0.054466 0.949561 -0.308817
vn -0.328079 0.712500 0.620248
vn -0.801103 0.580597 0.145399
vn 0.101747 0.810394 0.576982
vn -0.054435 0.949562 -0.308817
vn -0.197325 0.935148 -0.294213
vn -0.409167 0.861777 -0.299872
vn -0.225498 0.781842 -0.581269
vn -0.786924 0.541863 -0.295186
vn -0.855192 0.508073 -0.102512
vn -0.441861 0.825659 -0.350781
vn -0.226975 0.481170 -0.846734
vn -0.808506 0.341811 -0.479045
vn -0.789399 0.456797 -0.410104
vn -0.188849 0.640204 -0.744631
vn -0.226832 0.211866 -0.950610
vn -0.824399 -0.223473 -0.520026
vn -0.836801 0.169192 -0.520710
vn -0.253987 0.296010 -0.920798
vn -0.170370 0.193240 -0.966246
vn -0.134075 -0.635487 -0.760382
vn -0.435655 -0.641649 -0.631262
vn -0.189219 0.195583 -0.962260
vn -0.130643 -0.658766 -0.740919
vn -0.135671 -0.635667 -0.759948
vn -0.172455 0.193226 -0.965879
vn -0.134185 -0.634754 -0.760974
vn -0.170382 0.193247 -0.966243
vn 0.023650 -0.859642 0.510349
vn -0.154263 -0.808220 0.568317
vn -0.600786 -0.152381 0.784752
vn -0.600226 -0.449126 0.661827
vn -0.571312 0.002339 0.820730
vn -0.584028 -0.116673 0.803305
vn -0.600672 0.152470 0.784822
vn -0.584805 0.118757 0.802434
vn -0.094088 0.817687 0.567922
vn -0.584568 0.493961 0.643648
vn -0.130845 0.657451 -0.742049
vn 0.012658 0.879657 0.475439
vn -0.135689 0.636203 -0.759496
vn -0.134194 0.634766 -0.760963
vn -0.172589 -0.193217 -0.965857
vn -0.170381 -0.193244 -0.966244
vn -0.376428 0.653782 -0.656407
vn -0.791760 0.307316 -0.527894
vn -0.134081 0.635471 -0.760394
vn -0.170376 -0.193236 -0.966246
vn -0.183457 -0.195204 -0.963452
vn -0.204582 -0.209914 -0.956077
vn -0.205909 -0.482591 -0.851298
vn -0.802058 -0.345200 -0.487380
vn -0.835190 -0.154770 -0.527735
vn -0.227977 -0.297994 -0.926945
vn -0.189486 -0.782055 -0.593704
vn -0.778160 -0.548875 -0.305292
vn -0.784967 -0.459011 -0.416097
vn -0.172750 -0.640174 -0.748555
vn -0.316133 -0.890412 -0.327454
vn -0.765079 -0.608613 0.210343
vn -0.830418 -0.545815 -0.111770
vn -0.345627 -0.857670 -0.380715
vn -0.054430 -0.949565 -0.308811
vn 0.101764 -0.810359 0.577029
vn -0.278771 -0.725880 0.628796
vn -0.156294 -0.940360 -0.302150
vn 0.117559 -0.736023 0.666671
vn 0.089277 -0.807016 0.583741
vn -0.070305 -0.949441 -0.305971
vn 0.101705 -0.810480 0.576869
vn -0.054465 -0.949565 -0.308805
vn -0.026910 0.111397 0.993412
vn -0.183209 0.376367 0.908175
vn -0.841178 0.520023 0.148309
vn -0.722719 0.451111 0.523618
vn -0.841157 0.520058 0.148303
vn -0.841060 0.520216 0.148306
vn -0.512099 0.435332 -0.740433
vn -0.858654 0.460974 -0.224090
vn -0.362678 0.144147 -0.920699
vn -0.294961 0.480110 -0.826131
vn -0.275520 0.635182 -0.721549
vn -0.342893 0.626948 -0.699543
vn -0.362618 0.473857 -0.802476
vn -0.251011 0.773440 -0.582052
vn -0.318969 0.763278 -0.561841
vn -0.383277 0.749690 -0.539503
vn -0.407053 0.615424 -0.674953
vn -0.426633 0.464719 -0.775900
vn -0.225909 0.868611 -0.440998
vn -0.293606 0.857298 -0.422890
vn -0.212196 0.909246 -0.358114
vn -0.279387 0.897541 -0.341120
vn -0.344873 0.882000 -0.321153
vn -0.358698 0.842313 -0.402299
vn -0.178592 0.971861 -0.153596
vn -0.248434 0.958566 -0.139396
vn -0.143857 0.989273 0.025367
vn -0.212158 0.976519 0.037412
vn -0.279406 0.958908 0.049270
vn -0.313595 0.941543 -0.123109
vn -0.279399 0.958910 0.049274
vn -0.279368 0.958920 0.049256
vn -0.212136 0.976524 0.037403
vn -0.212151 0.976521 0.037411
vn -0.143858 0.989273 0.025366
vn -0.143858 0.989273 0.025367
vn -0.212655 0.880080 0.424544
vn -0.251592 0.940996 0.226335
vn -0.185398 0.957739 0.219915
vn -0.145110 0.895492 0.420757
vn -0.114620 0.971036 0.209647
vn -0.076056 0.907268 0.413619
vn -0.061349 0.868301 0.492230
vn -0.131168 0.856964 0.498406
vn -0.036800 0.773439 0.632802
vn -0.107586 0.763276 0.637052
vn -0.175665 0.749689 0.638051
vn -0.199272 0.841988 0.501345
vn -0.012119 0.635185 0.772265
vn -0.082947 0.626951 0.774631
vn 0.005381 0.480109 0.877192
vn -0.066294 0.473856 0.878103
vn -0.135554 0.464720 0.875020
vn -0.151645 0.615425 0.773470
vn 0.018641 0.305311 0.952070
vn -0.053024 0.301182 0.952091
vn 0.023616 0.220133 0.975184
vn -0.046846 0.217289 0.974982
vn -0.117069 0.213370 0.969932
vn -0.122709 0.296187 0.947215
vn -0.117060 0.213369 0.969933
vn -0.117064 0.213364 0.969934
vn -0.046839 0.217284 0.974984
vn -0.046837 0.217289 0.974983
vn 0.023617 0.220130 0.975185
vn 0.023618 0.220131 0.975184
vn -0.116564 0.003006 0.993179
vn -0.116628 0.162137 0.979852
vn -0.046617 0.165864 0.985046
vn -0.046596 0.003139 0.998909
vn 0.024677 0.167938 0.985489
vn 0.025853 0.003168 0.999661
vn 0.024706 -0.164813 0.986015
vn -0.046626 -0.162783 0.985560
vn 0.023619 -0.220134 0.975184
vn -0.046834 -0.217294 0.974982
vn -0.117058 -0.213383 0.969931
vn -0.116607 -0.159090 0.980353
vn -0.117043 -0.213377 0.969934
vn -0.117036 -0.213371 0.969936
vn -0.046822 -0.217289 0.974984
vn -0.046831 -0.217296 0.974982
vn 0.023617 -0.220137 0.975183
vn 0.023618 -0.220133 0.975184
vn -0.135535 -0.464721 0.875023
vn -0.122693 -0.296186 0.947217
vn -0.053015 -0.301181 0.952092
vn -0.066282 -0.473855 0.878105
vn 0.018643 -0.305310 0.952070
vn 0.005384 -0.480108 0.877193
vn -0.012121 -0.635183 0.772267
vn -0.082931 -0.626952 0.774631
vn -0.036800 -0.773439 0.632802
vn -0.107573 -0.763278 0.637052
vn -0.175640 -0.749691 0.638054
vn -0.151609 -0.615427 0.773476
vn -0.061351 -0.868299 0.492232
vn -0.131133 -0.856996 0.498359
vn -0.076052 -0.907273 0.413609
vn -0.144907 -0.895631 0.420532
vn -0.213257 -0.880125 0.424147
vn -0.199334 -0.842023 0.501261
vn -0.114617 -0.971037 0.209643
vn -0.185134 -0.957729 0.220182
vn -0.143857 -0.989273 0.025372
vn -0.212133 -0.976524 0.037412
vn -0.279362 -0.958921 0.049264
vn -0.251961 -0.940764 0.226890
vn -0.279347 -0.958926 0.049262
vn -0.279382 -0.958916 0.049260
vn -0.212147 -0.976522 0.037406
vn -0.212132 -0.976525 0.037405
vn -0.143861 -0.989273 0.025365
vn -0.143861 -0.989273 0.025364
vn -0.344451 -0.881961 -0.321712
vn -0.313120 -0.941752 -0.122713
vn -0.248606 -0.958569 -0.139072
vn -0.279635 -0.897412 -0.341257
vn -0.178598 -0.971859 -0.153598
vn -0.212199 -0.909246 -0.358111
vn -0.225908 -0.868612 -0.440998
vn -0.293632 -0.857270 -0.422928
vn -0.251012 -0.773439 -0.582052
vn -0.318977 -0.763276 -0.561838
vn -0.383289 -0.749688 -0.539497
vn -0.358627 -0.842290 -0.402411
vn -0.275521 -0.635182 -0.721548
vn -0.342866 -0.626953 -0.699552
vn -0.294961 -0.480109 -0.826132
vn -0.362627 -0.473855 -0.802473
vn -0.426656 -0.464719 -0.775888
vn -0.407003 -0.615431 -0.674977
vn -0.308112 -0.305312 -0.901028
vn -0.375460 -0.301184 -0.876538
vn -0.311342 -0.220130 -0.924451
vn -0.377481 -0.217288 -0.900163
vn -0.441744 -0.213366 -0.871400
vn -0.439272 -0.296190 -0.848122
vn -0.311340 -0.220130 -0.924451
vn -0.377475 -0.217281 -0.900167
vn -0.311338 -0.220135 -0.924451
vn -0.377478 -0.217285 -0.900165
vn -0.441740 -0.213366 -0.871401
vn -0.441730 -0.213366 -0.871407
vn -0.449211 0.003005 -0.893421
vn -0.444882 -0.159097 -0.881344
vn -0.380899 -0.162787 -0.910174
vn -0.385436 0.003137 -0.922729
vn -0.314021 -0.164814 -0.935001
vn -0.317610 0.003167 -0.948216
vn -0.313869 0.167938 -0.934496
vn -0.380709 0.165868 -0.909697
vn -0.311339 0.220134 -0.924451
vn -0.377473 0.217296 -0.900165
vn -0.441729 0.213378 -0.871404
vn -0.444709 0.162142 -0.880877
vn -0.441720 0.213379 -0.871409
vn -0.441726 0.213378 -0.871406
vn -0.377469 0.217295 -0.900167
vn -0.377468 0.217295 -0.900167
vn -0.311340 0.220137 -0.924450
vn -0.311340 0.220135 -0.924450
vn -0.308110 0.305312 -0.901029
vn -0.375448 0.301182 -0.876543
vn -0.439252 0.296185 -0.848135
vn -0.278512 0.634882 -0.720663
vn -0.297956 0.479877 -0.825191
vn -0.254010 0.773078 -0.581230
vn -0.251011 0.773439 -0.582053
vn -0.275520 0.635183 -0.721548
vn -0.294960 0.480110 -0.826131
vn -0.228931 0.868206 -0.440237
vn -0.215250 0.908821 -0.357367
vn -0.212196 0.909251 -0.358101
vn -0.225909 0.868610 -0.441000
vn -0.181668 0.971390 -0.152967
vn -0.146940 0.988806 0.025903
vn -0.143860 0.989273 0.025361
vn -0.178594 0.971862 -0.153583
vn -0.143858 0.989273 0.025375
vn -0.143860 0.989273 0.025364
vn -0.146939 0.988806 0.025908
vn -0.146940 0.988806 0.025920
vn -0.076057 0.907274 0.413605
vn -0.114620 0.971036 0.209645
vn -0.117722 0.970565 0.210106
vn -0.079174 0.906845 0.413961
vn -0.064449 0.867896 0.492548
vn -0.039899 0.773078 0.633055
vn -0.036800 0.773441 0.632800
vn -0.061351 0.868298 0.492235
vn -0.015236 0.634884 0.772457
vn 0.002243 0.479877 0.877333
vn 0.005382 0.480110 0.877192
vn -0.012121 0.635185 0.772265
vn 0.015494 0.305172 0.952171
vn 0.020459 0.220020 0.975281
vn 0.023618 0.220131 0.975184
vn 0.018643 0.305310 0.952070
vn 0.023617 0.220132 0.975184
vn 0.023617 0.220126 0.975186
vn 0.020459 0.220027 0.975279
vn 0.020458 0.220035 0.975277
vn 0.025852 0.003165 0.999661
vn 0.024676 0.167938 0.985489
vn 0.021517 0.167852 0.985577
vn 0.022683 0.003167 0.999738
vn 0.021545 -0.164732 0.986103
vn 0.020458 -0.220040 0.975276
vn 0.023617 -0.220134 0.975184
vn 0.024705 -0.164814 0.986015
vn 0.023616 -0.220134 0.975184
vn 0.023617 -0.220134 0.975184
vn 0.020458 -0.220039 0.975276
vn 0.020457 -0.220030 0.975279
vn 0.005381 -0.480109 0.877192
vn 0.018642 -0.305311 0.952070
vn 0.015493 -0.305169 0.952172
vn 0.002245 -0.479874 0.877334
vn -0.015234 -0.634881 0.772460
vn -0.039899 -0.773078 0.633055
vn -0.036801 -0.773439 0.632802
vn -0.012120 -0.635181 0.772268
vn -0.064448 -0.867895 0.492549
vn -0.079175 -0.906845 0.413961
vn -0.076055 -0.907269 0.413617
vn -0.061352 -0.868300 0.492231
vn -0.117723 -0.970566 0.210103
vn -0.146940 -0.988806 0.025913
vn -0.143862 -0.989273 0.025361
vn -0.114623 -0.971037 0.209638
vn -0.143861 -0.989273 0.025368
vn -0.143860 -0.989273 0.025369
vn -0.146941 -0.988806 0.025909
vn -0.146942 -0.988806 0.025905
vn -0.212199 -0.909245 -0.358114
vn -0.178597 -0.971860 -0.153593
vn -0.181669 -0.971389 -0.152970
vn -0.215248 -0.908820 -0.357372
vn -0.228928 -0.868207 -0.440236
vn -0.254009 -0.773078 -0.581231
vn -0.251012 -0.773439 -0.582052
vn -0.225910 -0.868611 -0.440999
vn -0.278513 -0.634882 -0.720663
vn -0.297957 -0.479877 -0.825190
vn -0.294960 -0.480109 -0.826132
vn -0.275521 -0.635183 -0.721548
vn -0.311102 -0.305172 -0.900048
vn -0.314340 -0.220027 -0.923460
vn -0.311339 -0.220131 -0.924451
vn -0.308108 -0.305312 -0.901029
vn -0.314340 -0.220025 -0.923461
vn -0.314340 -0.220028 -0.923460
vn -0.311339 -0.220134 -0.924451
vn -0.311339 -0.220133 -0.924451
vn -0.317611 0.003168 -0.948216
vn -0.314023 -0.164812 -0.935001
vn -0.317020 -0.164732 -0.934003
vn -0.320615 0.003165 -0.947204
vn -0.316868 0.167852 -0.933499
vn -0.314340 0.220036 -0.923458
vn -0.311339 0.220132 -0.924451
vn -0.313869 0.167940 -0.934496
vn -0.311339 0.220136 -0.924450
vn -0.311339 0.220135 -0.924450
vn -0.314339 0.220026 -0.923461
vn -0.314340 0.220021 -0.923461
vn -0.311102 0.305172 -0.900048
vn -0.308109 0.305309 -0.901030
vn 0.984808 -0.000023 -0.173645
vn 0.984807 0.000002 -0.173651
vn 0.984808 0.000002 -0.173648
vn 0.984808 0.000009 -0.173649
vn 0.984808 0.000014 -0.173648
vn 0.984808 -0.000009 -0.173648
vn 0.984806 0.000021 -0.173655
vn 0.984808 -0.000009 -0.173646
vn 0.984808 -0.000013 -0.173648
vn 0.984809 -0.000002 -0.173639
vn 0.984808 0.000004 -0.173645
vn 0.984807 -0.000003 -0.173651
vn 0.984808 0.000003 -0.173646
vn 0.984809 -0.000002 -0.173643
vn 0.984808 -0.000005 -0.173648
vn 0.984807 0.000000 -0.173652
vn 0.984809 -0.000001 -0.173644
vn 0.984806 0.000003 -0.173656
vn 0.984807 0.000002 -0.173650
vn 0.984808 -0.000001 -0.173648
vn 0.984808 -0.000001 -0.173646
vn 0.984807 0.000003 -0.173653
vn 0.984807 -0.000001 -0.173653
vn 0.984808 0.000003 -0.173649
vn 0.984808 -0.000007 -0.173644
vn 0.984808 0.000013 -0.173647
vn 0.984807 0.000001 -0.173652
vn 0.984808 0.000002 -0.173648
vn 0.984808 -0.000008 -0.173648
vn 0.984808 -0.000003 -0.173645
vn 0.984808 -0.000000 -0.173648
vn 0.984807 0.000003 -0.173652
vn 0.984808 -0.000004 -0.173648
vn 0.984808 0.000015 -0.173647
vn 0.984807 0.000006 -0.173653
vn 0.984808 -0.000001 -0.173648
vn 0.984808 -0.000000 -0.173647
vn 0.984809 -0.000004 -0.173643
vn 0.984807 0.000007 -0.173655
vn 0.984808 -0.000002 -0.173648
vn 0.984808 0.000001 -0.173649
vn 0.984808 -0.000020 -0.173645
vn 0.984808 0.000008 -0.173649
vn 0.984807 -0.000016 -0.173651
vn 0.984808 0.000004 -0.173649
vn 0.984808 -0.000002 -0.173649
vn 0.984807 0.000007 -0.173651
vn 0.984808 -0.000002 -0.173648
vn 0.984808 0.000005 -0.173649
vn 0.984810 -0.000005 -0.173634
vn 0.984806 0.000003 -0.173657
vn 0.984808 -0.000003 -0.173647
vn 0.984807 -0.000000 -0.173650
vn 0.984807 0.000001 -0.173650
vn 0.984808 0.000001 -0.173648
vn 0.984810 0.000003 -0.173636
vn 0.984808 0.000004 -0.173647
vn 0.984807 0.000003 -0.173651
vn 0.984807 0.000002 -0.173652
vn 0.984810 -0.000003 -0.173635
vn 0.984807 0.000003 -0.173653
vn 0.984808 -0.000001 -0.173648
vn 0.984807 0.000001 -0.173653
vn 0.984809 0.000001 -0.173638
vn 0.984808 0.000002 -0.173649
vn 0.984806 0.000005 -0.173658
vn 0.984808 -0.000000 -0.173644
vn 0.984807 -0.000002 -0.173652
vn 0.984806 0.000002 -0.173658
vn 0.984808 0.000000 -0.173648
vn 0.984810 -0.000003 -0.173638
vn 0.984808 0.000001 -0.173649
vn 0.984806 0.000001 -0.173657
vn 0.984810 -0.000002 -0.173638
vn 0.984806 0.000006 -0.173658
vn 0.984808 -0.000004 -0.173647
vn 0.984809 -0.000019 -0.173639
vn 0.984808 0.000016 -0.173649
vn 0.984807 -0.000010 -0.173652
vn 0.984809 0.000000 -0.173640
vn 0.984807 0.000008 -0.173653
vn 0.984808 -0.000003 -0.173648
vn 0.984808 0.000011 -0.173645
vn 0.984808 -0.000017 -0.173647
vn 0.984806 0.000021 -0.173657
vn 0.984809 -0.000003 -0.173643
vn 0.984806 0.000001 -0.173655
vn 0.984808 0.000003 -0.173649
vn 0.984809 -0.000003 -0.173640
vn 0.984808 -0.000000 -0.173648
vn 0.984806 0.000003 -0.173657
vn 0.984809 -0.000006 -0.173639
vn 0.984806 0.000006 -0.173657
vn 0.984808 -0.000003 -0.173648
vn 0.984809 -0.000023 -0.173639
vn 0.984808 0.000019 -0.173649
vn 0.984807 -0.000013 -0.173652
vn 0.984809 -0.000001 -0.173640
vn 0.984807 0.000004 -0.173653
vn 0.984808 0.000002 -0.173648
vn 0.984808 0.000012 -0.173645
vn 0.984808 -0.000018 -0.173647
vn 0.984806 0.000021 -0.173658
vn 0.984809 -0.000008 -0.173643
vn 0.984806 -0.000000 -0.173655
vn 0.984808 0.000004 -0.173649
vn 0.984809 -0.000001 -0.173639
vn 0.984808 -0.000001 -0.173648
vn 0.984806 0.000003 -0.173659
vn 0.984810 -0.000006 -0.173638
vn 0.984806 0.000002 -0.173658
vn 0.984808 -0.000000 -0.173648
vn 0.984808 0.000002 -0.173644
vn 0.984808 -0.000002 -0.173648
vn 0.984806 -0.000001 -0.173658
vn 0.984810 -0.000002 -0.173638
vn 0.984806 -0.000010 -0.173660
vn 0.984808 0.000001 -0.173649
vn 0.984809 0.000006 -0.173642
vn 0.984809 -0.000001 -0.173644
vn 0.984805 0.000003 -0.173662
vn 0.984809 -0.000003 -0.173643
vn 0.984809 -0.000002 -0.173640
vn 0.984808 0.000001 -0.173647
vn 0.984809 -0.000001 -0.173644
vn 0.984808 -0.000001 -0.173644
vn 0.984807 -0.000000 -0.173653
vn 0.984809 0.000001 -0.173643
vn 0.984808 -0.000013 -0.173650
vn 0.984808 -0.000002 -0.173645
vn 0.984806 0.000021 -0.173657
vn 0.984809 -0.000005 -0.173641
vn 0.984807 0.000002 -0.173655
vn 0.984809 0.000000 -0.173643
vn 0.984807 -0.000012 -0.173650
vn 0.984809 -0.000007 -0.173644
vn 0.984806 0.000017 -0.173657
vn 0.984809 -0.000004 -0.173640
vn 0.984807 0.000002 -0.173655
vn 0.984809 -0.000000 -0.173644
vn 0.984808 0.000002 -0.173649
vn 0.984809 -0.000002 -0.173641
vn 0.984807 0.000003 -0.173654
vn 0.984808 -0.000003 -0.173645
vn 0.984808 -0.000000 -0.173646
vn 0.984808 0.000003 -0.173645
vn 0.984808 0.000005 -0.173648
vn 0.984806 0.000003 -0.173659
vn 0.984807 -0.000004 -0.173652
vn 0.984807 0.000002 -0.173653
vn 0.984809 -0.000006 -0.173644
vn 0.984808 0.000001 -0.173647
vn 0.984808 -0.000003 -0.173649
vn 0.984807 0.000005 -0.173650
vn 0.984807 0.000005 -0.173652
vn 0.984809 -0.000006 -0.173640
vn 0.984809 -0.000022 -0.173642
vn 0.984808 0.000008 -0.173648
vn 0.984808 -0.000002 -0.173649
vn 0.984807 0.000009 -0.173652
vn 0.984808 -0.000008 -0.173649
vn 0.984809 -0.000003 -0.173643
vn 0.984808 0.000008 -0.173648
vn 0.984808 -0.000008 -0.173648
vn 0.984808 -0.000002 -0.173648
vn 0.984807 0.000012 -0.173650
vn 0.984807 0.000024 -0.173651
vn 0.984808 -0.000005 -0.173646
vn 0.984808 -0.000005 -0.173644
vn 0.984808 -0.000000 -0.173648
vn 0.984808 0.000002 -0.173648
vn 0.984808 0.000003 -0.173649
vn 0.984807 0.000007 -0.173651
vn 0.984809 -0.000010 -0.173643
vn 0.984807 -0.000020 -0.173650
vn 0.984808 0.000009 -0.173648
vn 0.984808 -0.000001 -0.173648
vn 0.984808 0.000007 -0.173648
vn 0.984808 -0.000011 -0.173649
vn 0.984809 -0.000004 -0.173644
vn 0.984808 0.000015 -0.173645
vn 0.984808 -0.000009 -0.173649
vn 0.984808 0.000002 -0.173648
vn 0.984808 -0.000002 -0.173647
vn 0.984807 0.000026 -0.173651
vn 0.984808 -0.000010 -0.173645
vn 0.984808 -0.000002 -0.173647
vn 0.984808 -0.000001 -0.173649
vn 0.984808 0.000003 -0.173648
vn 0.984808 -0.000001 -0.173648
vn 0.984807 0.000008 -0.173654
vn 0.984809 -0.000011 -0.173642
vn 0.984808 -0.000003 -0.173648
vn 0.984807 0.000003 -0.173650
vn 0.984808 0.000002 -0.173647
vn 0.984808 0.000002 -0.173647
vn 0.984805 0.000005 -0.173662
vn 0.984809 -0.000006 -0.173640
vn 0.984806 -0.000006 -0.173656
vn 0.984809 0.000007 -0.173642
vn 0.984808 -0.000003 -0.173645
vn 0.984809 -0.000002 -0.173644
vn 0.984808 -0.000003 -0.173647
vn 0.984807 -0.000001 -0.173654
vn 0.984809 0.000003 -0.173640
vn 0.984807 0.000000 -0.173652
vn 0.984809 -0.000002 -0.173641
vn 0.984806 0.000005 -0.173656
vn 0.984809 -0.000019 -0.173640
vn 0.984807 0.000006 -0.173652
vn 0.984808 0.000015 -0.173647
vn 0.984807 -0.000000 -0.173653
vn 0.984809 -0.000002 -0.173641
vn 0.984806 0.000005 -0.173655
vn 0.984809 -0.000019 -0.173640
vn 0.984807 0.000001 -0.173652
vn 0.984808 0.000012 -0.173647
vn 0.984807 -0.000001 -0.173653
vn 0.984809 0.000000 -0.173643
vn 0.984807 0.000001 -0.173652
vn 0.984808 -0.000000 -0.173650
vn 0.984806 0.000002 -0.173656
vn 0.984807 0.000001 -0.173653
vn 0.171178 0.168078 0.970798
vn 0.175284 -0.048095 0.983342
vn 0.255446 -0.044823 0.965784
vn 0.264160 0.167315 0.949855
vn 0.183456 -0.286773 0.940269
vn 0.177878 -0.297649 0.937958
vn 0.209842 -0.284531 0.935419
vn 0.348233 -0.044508 0.936351
vn 0.354743 0.165033 0.920283
vn 0.058509 0.941526 0.331822
vn 0.087458 0.863897 0.496018
vn 0.208177 0.857622 0.470262
vn 0.180495 0.934378 0.307179
vn 0.135477 0.625543 0.768338
vn 0.249508 0.624628 0.739990
vn 0.365251 0.600113 0.711657
vn 0.328025 0.836487 0.438963
vn 0.301244 0.911697 0.279393
vn 0.166782 0.278440 0.945862
vn 0.265864 0.281057 0.922130
vn 0.171626 0.152182 0.973337
vn 0.264129 0.151319 0.952543
vn 0.354226 0.149811 0.923082
vn 0.363010 0.264075 0.893582
vn 0.171314 0.163380 0.971575
vn 0.264197 0.162561 0.950670
vn 0.354643 0.160584 0.921109
vn 0.290218 0.013825 0.956861
vn 0.260215 0.243241 0.934410
vn 0.026326 0.252185 0.967321
vn -0.067867 0.000309 0.997694
vn 0.203542 0.272011 0.940521
vn 0.195844 0.292845 0.935888
vn 0.183811 0.287051 0.940114
vn -0.183032 0.232345 0.955256
vn -0.379222 -0.007785 0.925273
vn 0.239342 -0.231880 0.942840
vn 0.011591 -0.247876 0.968723
vn -0.162894 -0.237822 0.957552
vn 0.171177 -0.168077 0.970798
vn 0.171315 -0.163381 0.971575
vn 0.264194 -0.162562 0.950671
vn 0.264168 -0.167311 0.949854
vn 0.171625 -0.152181 0.973337
vn 0.264123 -0.151316 0.952545
vn 0.354216 -0.149808 0.923086
vn 0.354636 -0.160585 0.921111
vn 0.354755 -0.165026 0.920280
vn 0.180828 0.033748 0.982936
vn 0.262797 0.042913 0.963896
vn 0.336201 0.053699 0.940258
vn 0.166781 -0.278437 0.945863
vn 0.265868 -0.281058 0.922128
vn 0.158686 -0.406061 0.899963
vn 0.260131 -0.403863 0.877056
vn 0.366622 -0.396571 0.841617
vn 0.363018 -0.264073 0.893579
vn 0.103322 -0.803713 0.585978
vn 0.087461 -0.863896 0.496019
vn 0.208184 -0.857611 0.470280
vn 0.223263 -0.797652 0.560272
vn 0.058507 -0.941525 0.331825
vn 0.180480 -0.934362 0.307238
vn 0.301467 -0.911607 0.279448
vn 0.328082 -0.836455 0.438982
vn 0.340069 -0.779510 0.526039
vn -0.000006 -1.000000 -0.000002
vn 0.000000 -1.000000 0.000001
vn 0.122862 -0.992187 -0.021666
vn 0.122949 -0.992176 -0.021675
vn -0.000005 -1.000000 0.000001
vn 0.122946 -0.992177 -0.021676
vn 0.243983 -0.968825 -0.043009
vn 0.243803 -0.968871 -0.042998
vn 0.243980 -0.968826 -0.043010
vn -0.000000 1.000000 -0.000000
vn -0.000002 1.000000 -0.000001
vn 0.122885 0.992184 -0.021669
vn 0.122875 0.992186 -0.021665
vn 0.000002 1.000000 -0.000000
vn 0.122850 0.992189 -0.021662
vn 0.243772 0.968880 -0.042978
vn 0.243859 0.968857 -0.043004
vn 0.243832 0.968864 -0.042992
vn 0.023277 0.990972 0.132030
vn 0.145455 0.983310 0.109293
vn 0.267939 0.959661 0.085207
vn 0.023279 -0.990973 0.132026
vn 0.145370 -0.983329 0.109234
vn 0.267956 -0.959671 0.085036
vn -0.058216 -0.942137 -0.330135
vn -0.087404 -0.864087 -0.495696
vn 0.034846 -0.857809 -0.512787
vn 0.064879 -0.934980 -0.348718
vn -0.135482 -0.625540 -0.768338
vn -0.018631 -0.624627 -0.780701
vn 0.099819 -0.600112 -0.793663
vn 0.158176 -0.836669 -0.524371
vn 0.187907 -0.912271 -0.363940
vn -0.166781 -0.278438 -0.945863
vn -0.065551 -0.281057 -0.957450
vn -0.171625 -0.152181 -0.973337
vn -0.077595 -0.151317 -0.985435
vn 0.017140 -0.149810 -0.988566
vn 0.035507 -0.264071 -0.963849
vn -0.171315 -0.163381 -0.971575
vn -0.076887 -0.162561 -0.983698
vn -0.171178 -0.168076 -0.970798
vn -0.076633 -0.167314 -0.982921
vn 0.018609 -0.165032 -0.986113
vn 0.018210 -0.160583 -0.986854
vn -0.171687 0.040482 -0.984319
vn -0.089920 0.037315 -0.995250
vn -0.149358 0.282748 -0.947494
vn -0.153773 0.293159 -0.943616
vn -0.122976 0.280721 -0.951878
vn 0.007423 0.036814 -0.999295
vn -0.097457 0.237961 -0.966373
vn -0.320081 0.253908 -0.912731
vn -0.054570 -0.008170 -0.998477
vn -0.405029 0.005153 -0.914289
vn -0.672739 0.012954 -0.739767
vn -0.479881 0.243762 -0.842790
vn -0.075225 -0.237200 -0.968544
vn -0.306574 -0.246153 -0.919468
vn -0.130309 -0.276041 -0.952271
vn -0.135837 -0.297069 -0.945144
vn -0.148716 -0.290339 -0.945297
vn -0.499191 -0.226595 -0.836339
vn -0.166192 -0.041364 -0.985226
vn -0.082915 -0.050530 -0.995275
vn -0.171178 0.168080 -0.970797
vn -0.076646 0.167315 -0.982920
vn 0.018579 0.165031 -0.986113
vn -0.006497 -0.061815 -0.998066
vn -0.171316 0.163380 -0.971575
vn -0.076885 0.162561 -0.983698
vn -0.171626 0.152181 -0.973337
vn -0.077596 0.151316 -0.985435
vn 0.017140 0.149808 -0.988566
vn 0.018214 0.160584 -0.986854
vn -0.166781 0.278438 -0.945863
vn -0.065547 0.281059 -0.957449
vn -0.135479 0.625542 -0.768338
vn -0.018690 0.624622 -0.780703
vn 0.099705 0.600151 -0.793649
vn 0.035515 0.264069 -0.963850
vn -0.087404 0.864086 -0.495698
vn 0.034825 0.857800 -0.512802
vn -0.058213 0.942137 -0.330136
vn 0.064753 0.934974 -0.348756
vn 0.187893 0.912235 -0.364038
vn 0.158188 0.836645 -0.524406
vn -0.023034 0.991165 -0.130618
vn 0.099524 0.983512 -0.150992
vn 0.223014 0.959846 -0.170178
vn -0.023030 -0.991165 -0.130616
vn 0.099535 -0.983500 -0.151068
vn 0.222841 -0.959863 -0.170308
vn -0.984809 -0.000022 0.173639
vn -0.984808 0.000010 0.173649
vn -0.974154 0.010079 0.225658
vn -0.974311 0.009957 0.224987
vn -0.984809 0.000013 0.173642
vn -0.973958 0.009996 0.226508
vn -0.815008 0.073743 0.574738
vn -0.817073 0.073465 0.571834
vn -0.819304 0.072992 0.568694
vn 0.984806 -0.000007 -0.173659
vn 0.984811 -0.000014 -0.173632
vn 0.991081 -0.021763 0.131471
vn 0.986888 -0.085003 0.137207
vn 0.984803 0.000008 -0.173675
vn 0.995611 0.043400 0.082916
vn 0.938868 0.083856 0.333908
vn 0.933790 -0.000049 0.357822
vn 0.890991 -0.152371 0.427690
vn -0.984809 -0.000003 0.173641
vn -0.984807 0.000003 0.173650
vn -0.983088 0.015408 0.182483
vn -0.983582 0.016186 0.179736
vn -0.984808 -0.000005 0.173644
vn -0.981719 0.013580 0.189853
vn -0.936156 0.119588 0.330622
vn -0.955111 0.147651 0.256832
vn -0.960882 0.157334 0.227929
vn 0.984806 -0.000005 -0.173660
vn 0.984808 0.000003 -0.173645
vn 0.980399 0.187531 -0.060413
vn 0.988871 0.145910 0.029061
vn 0.984808 -0.000007 -0.173649
vn 0.974915 0.199710 -0.098265
vn 0.926613 0.374926 -0.028611
vn 0.937441 0.346124 0.037464
vn 0.951565 0.267693 0.151213
vn -0.984807 0.000003 0.173651
vn -0.979386 0.010068 0.201748
vn -0.984809 -0.000007 0.173640
vn -0.976570 0.010279 0.214956
vn -0.854738 0.065453 0.514916
vn -0.898895 0.069508 0.432615
vn 0.984805 -0.000002 -0.173665
vn 0.984809 0.000000 -0.173640
vn 0.994013 0.063945 0.088592
vn 0.995712 0.039712 0.083550
vn 0.948284 0.144378 0.282689
vn 0.938135 0.075501 0.337939
vn -0.984807 0.000006 0.173655
vn -0.974582 0.010441 0.223789
vn -0.825932 0.073655 0.558938
vn 0.984810 -0.000001 -0.173637
vn 0.995690 0.042285 0.082548
vn 0.938771 0.081239 0.334826
vn -0.984810 0.000001 0.173634
vn -0.984806 0.000000 0.173656
vn -0.973058 -0.007557 0.230436
vn -0.972164 0.000353 0.234300
vn -0.984812 -0.000010 0.173624
vn -0.974082 -0.010167 0.225969
vn -0.815062 -0.074192 0.574604
vn -0.802644 -0.055930 0.593830
vn -0.792269 0.001355 0.610170
vn 0.984803 0.000007 -0.173678
vn 0.984811 0.000003 -0.173632
vn 0.976932 0.079836 0.198065
vn 0.985970 0.087814 0.141954
vn 0.984805 -0.000003 -0.173663
vn 0.969710 -0.000447 0.244258
vn 0.732629 -0.000988 0.680627
vn 0.808035 0.172714 0.563249
vn 0.894948 0.145146 0.421900
vn -0.984806 -0.000001 0.173658
vn -0.973007 0.007775 0.230645
vn -0.803016 0.057069 0.593218
vn 0.984809 0.000002 -0.173642
vn 0.977641 -0.077458 0.195495
vn 0.804994 -0.173373 0.567386
vn -0.984808 0.000012 0.173646
vn -0.984808 -0.000005 0.173649
vn -0.974811 -0.009899 0.222814
vn -0.974432 -0.009877 0.224464
vn -0.984809 0.000007 0.173641
vn -0.977340 -0.010015 0.211438
vn -0.855302 -0.063830 0.514182
vn -0.825045 -0.070857 0.560606
vn -0.819578 -0.072916 0.568310
vn 0.984805 0.000003 -0.173666
vn 0.984809 -0.000002 -0.173639
vn 0.995690 -0.042286 0.082537
vn 0.995712 -0.039708 0.083546
vn 0.984805 -0.000001 -0.173664
vn 0.995611 -0.043398 0.082920
vn 0.938864 -0.083878 0.333916
vn 0.938776 -0.081226 0.334816
vn 0.938142 -0.075505 0.337919
vn -0.984807 -0.000001 0.173651
vn -0.974258 -0.010087 0.225209
vn -0.817262 -0.073643 0.571541
vn 0.984809 -0.000010 -0.173643
vn 0.991102 0.021336 0.131384
vn 0.934667 -0.000558 0.355525
vn -0.984807 -0.000003 0.173651
vn -0.980211 -0.010310 0.197689
vn -0.984808 0.000002 0.173648
vn -0.982031 -0.013540 0.188236
vn -0.937716 -0.121282 0.325544
vn -0.902603 -0.072994 0.424240
vn 0.984806 0.000008 -0.173656
vn 0.984809 -0.000003 -0.173642
vn 0.994013 -0.063946 0.088594
vn 0.988869 -0.145920 0.029067
vn 0.948280 -0.144374 0.282704
vn 0.951558 -0.267707 0.151228
vn -0.984807 -0.000004 0.173651
vn -0.983130 -0.015404 0.182257
vn -0.984810 0.000006 0.173638
vn -0.983580 -0.016306 0.179732
vn -0.960877 -0.157625 0.227751
vn -0.955294 -0.147839 0.256042
vn 0.984808 0.000010 -0.173647
vn 0.984808 -0.000005 -0.173647
vn 0.980404 -0.187511 -0.060393
vn 0.974937 -0.199627 -0.098222
vn 0.937432 -0.346138 0.037542
vn 0.926570 -0.375047 -0.028412
vn -0.984807 0.000005 0.173654
vn -0.984807 -0.000003 0.173650
vn -0.984671 -0.016707 0.173623
vn -0.984670 -0.016710 0.173623
vn -0.984809 0.000009 0.173639
vn -0.984670 -0.016709 0.173628
vn -0.971783 -0.162104 0.171349
vn -0.971780 -0.162112 0.171356
vn -0.971784 -0.162101 0.171347
vn 0.984809 0.000008 -0.173643
vn 0.984808 -0.000003 -0.173650
vn 0.964182 -0.203591 -0.170011
vn 0.964163 -0.203682 -0.170009
vn 0.984807 0.000006 -0.173650
vn 0.964164 -0.203679 -0.170009
vn 0.903087 -0.398841 -0.159249
vn 0.903172 -0.398648 -0.159246
vn 0.903088 -0.398838 -0.159248
vn -0.984809 -0.000005 0.173643
vn -0.984808 0.000003 0.173647
vn -0.984670 0.016707 0.173625
vn -0.984670 0.016710 0.173625
vn -0.984806 -0.000009 0.173658
vn -0.984671 0.016709 0.173620
vn -0.971782 0.162105 0.171353
vn -0.971782 0.162110 0.171348
vn -0.971782 0.162104 0.171355
vn 0.984807 -0.000008 -0.173654
vn 0.984808 0.000003 -0.173647
vn 0.964175 0.203624 -0.170009
vn 0.964170 0.203650 -0.170011
vn 0.984808 -0.000006 -0.173647
vn 0.964167 0.203663 -0.170010
vn 0.903102 0.398812 -0.159235
vn 0.903145 0.398707 -0.159253
vn 0.903115 0.398781 -0.159240
vn -0.984807 0.000002 0.173650
vn -0.984180 0.017900 0.176265
vn -0.966087 0.170179 0.194205
vn 0.984808 0.000002 -0.173646
vn 0.966077 0.217049 -0.139946
vn 0.913265 0.392949 -0.107412
vn -0.984807 -0.000002 0.173651
vn -0.984158 -0.017988 0.176377
vn -0.965964 -0.170340 0.194675
vn 0.984807 -0.000004 -0.173653
vn 0.966077 -0.216965 -0.140076
vn 0.913210 -0.393039 -0.107555
vn -0.984807 0.000003 0.173655
vn -0.984808 -0.000003 0.173646
vn -0.986213 -0.015416 0.164764
vn -0.985731 -0.016215 0.167545
vn -0.984807 0.000005 0.173652
vn -0.987447 -0.013580 0.157364
vn -0.992778 -0.119590 0.009499
vn -0.985340 -0.147708 0.085369
vn -0.980830 -0.157503 0.114743
vn 0.984810 0.000005 -0.173637
vn 0.984807 -0.000003 -0.173651
vn 0.941934 -0.187616 -0.278497
vn 0.919289 -0.145923 -0.365532
vn 0.984808 0.000007 -0.173647
vn 0.949767 -0.199936 -0.240767
vn 0.880660 -0.375116 -0.289356
vn 0.868112 -0.346202 -0.355704
vn 0.842442 -0.267709 -0.467572
vn -0.984808 -0.000003 0.173645
vn -0.989323 -0.010068 0.145388
vn -0.984806 0.000007 0.173657
vn -0.991195 -0.010278 0.132014
vn -0.979302 -0.065454 -0.191529
vn -0.992648 -0.069507 -0.099085
vn 0.984811 0.000002 -0.173631
vn 0.984806 -0.000000 -0.173657
vn 0.903765 -0.063947 -0.423225
vn 0.907090 -0.039711 -0.419059
vn 0.794402 -0.144378 -0.589983
vn 0.765985 -0.075499 -0.638409
vn -0.984809 -0.000006 0.173642
vn -0.992347 -0.010441 0.123037
vn -0.984808 0.000014 0.173647
vn -0.992506 -0.009955 0.121791
vn -0.964373 -0.072999 -0.254276
vn -0.967290 -0.073656 -0.242743
vn 0.984812 -0.000007 -0.173622
vn 0.984806 0.000001 -0.173659
vn 0.907411 -0.042284 -0.418112
vn 0.907208 -0.043400 -0.418437
vn 0.767643 -0.081237 -0.635708
vn 0.768040 -0.083856 -0.634888
vn -0.984811 -0.000014 0.173631
vn -0.992594 -0.010096 0.121059
vn -0.984808 -0.000009 0.173647
vn -0.992704 -0.010021 0.120164
vn -0.962274 -0.073857 -0.261864
vn -0.963277 -0.073542 -0.258242
vn 0.984810 0.000005 -0.173635
vn 0.984805 0.000013 -0.173664
vn 0.887269 0.018675 -0.460875
vn 0.879542 0.085199 -0.468132
vn 0.755617 -0.002842 -0.655007
vn 0.692194 0.147945 -0.706385
vn -0.984809 0.000002 0.173639
vn -0.993234 -0.007676 0.115878
vn -0.984805 -0.000001 0.173662
vn -0.993668 -0.000101 0.112358
vn -0.953185 0.000132 -0.302389
vn -0.957265 -0.056425 -0.283655
vn 0.984810 0.000003 -0.173633
vn 0.984807 -0.000003 -0.173655
vn 0.851615 0.079670 -0.518078
vn 0.827690 0.002609 -0.561179
vn 0.561231 0.178132 -0.808263
vn 0.455642 0.005778 -0.890144
vn -0.984809 -0.000000 0.173640
vn -0.993164 0.007679 0.116472
vn -0.984803 0.000011 0.173674
vn -0.992611 0.010151 0.120917
vn -0.962590 0.074115 -0.260629
vn -0.957565 0.056638 -0.282599
vn 0.984813 -0.000008 -0.173620
vn 0.984805 -0.000003 -0.173665
vn 0.850488 -0.077605 -0.520237
vn 0.878859 -0.087554 -0.468978
vn 0.567752 -0.168056 -0.805863
vn 0.695539 -0.149344 -0.702796
vn -0.984808 0.000001 0.173645
vn -0.992523 0.010068 0.121643
vn -0.984808 -0.000014 0.173649
vn -0.992437 0.009865 0.122359
vn -0.964545 0.072868 -0.253660
vn -0.963550 0.073557 -0.257219
vn 0.984811 0.000002 -0.173632
vn 0.984807 0.000011 -0.173652
vn 0.885438 -0.024528 -0.464109
vn 0.907212 0.043396 -0.418430
vn 0.756206 -0.002359 -0.654330
vn 0.768048 0.083874 -0.634876
vn -0.984808 0.000005 0.173648
vn -0.992230 0.009897 0.124026
vn -0.984807 -0.000007 0.173655
vn -0.990715 0.010015 0.135584
vn -0.979582 0.063830 -0.190643
vn -0.967028 0.070854 -0.244616
vn 0.984811 -0.000003 -0.173630
vn 0.984806 0.000002 -0.173657
vn 0.907412 0.042287 -0.418109
vn 0.907088 0.039708 -0.419064
vn 0.767642 0.081228 -0.635711
vn 0.765987 0.075506 -0.638406
vn -0.984808 0.000003 0.173646
vn -0.988710 0.010310 0.149485
vn -0.984808 -0.000002 0.173648
vn -0.987187 0.013540 0.158991
vn -0.992507 0.121284 0.014805
vn -0.993268 0.072994 -0.089947
vn 0.984809 -0.000008 -0.173640
vn 0.984807 0.000003 -0.173655
vn 0.903762 0.063951 -0.423230
vn 0.919304 0.145892 -0.365507
vn 0.794388 0.144377 -0.590002
vn 0.842488 0.267670 -0.467512
vn -0.984809 0.000008 0.173642
vn -0.986175 0.015411 0.164990
vn -0.984806 0.000000 0.173656
vn -0.985729 0.016330 0.167547
vn -0.980766 0.157787 0.114900
vn -0.985242 0.147894 0.086173
vn 0.984807 -0.000010 -0.173650
vn 0.984808 0.000005 -0.173649
vn 0.941932 0.187596 -0.278517
vn 0.949774 0.199849 -0.240810
vn 0.868079 0.346215 -0.355772
vn 0.880561 0.375222 -0.289517
vn -0.984808 0.000004 0.173647
vn -0.985123 0.017971 0.170909
vn -0.974260 0.170252 0.147758
vn 0.984809 0.000004 -0.173643
vn 0.955822 0.216865 -0.198430
vn 0.894993 0.393157 -0.210750
vn -0.984808 -0.000002 0.173646
vn -0.985106 -0.017886 0.171017
vn -0.974216 -0.170102 0.148220
vn 0.984807 -0.000002 -0.173650
vn 0.955795 -0.216880 -0.198541
vn 0.895047 -0.392960 -0.210888
vn 0.984806 0.000008 -0.173659
vn 0.984810 0.000003 -0.173636
vn 0.984811 -0.000007 -0.173632
vn 0.984806 0.000001 -0.173656
vn 0.984809 0.000001 -0.173640
vn 0.984807 -0.000000 -0.173651
vn 0.984808 0.000001 -0.173646
vn 0.984808 -0.000000 -0.173649
vn 0.984807 0.000000 -0.173650
vn 0.984808 0.000000 -0.173648
vn 0.984808 0.000001 -0.173645
vn 0.984808 -0.000000 -0.173648
vn 0.984807 -0.000000 -0.173651
vn 0.984807 -0.000000 -0.173651
vn 0.984808 0.000002 -0.173646
vn 0.984808 -0.000001 -0.173649
vn 0.984808 0.000001 -0.173648
vn 0.984808 -0.000001 -0.173649
vn 0.984807 0.000001 -0.173651
vn 0.984808 -0.000001 -0.173649
vn 0.984807 -0.000005 -0.173651
vn 0.984807 -0.000001 -0.173654
vn 0.984806 0.000009 -0.173656
vn 0.984809 -0.000002 -0.173639
vn 0.984801 0.000003 -0.173687
vn 0.984810 -0.000001 -0.173635
vn 0.984806 -0.000002 -0.173661
vn 0.984810 -0.000007 -0.173638
vn 0.984805 0.000006 -0.173663
vn 0.984809 -0.000001 -0.173641
vn 0.984806 -0.000001 -0.173656
vn 0.984808 0.000000 -0.173645
vn 0.984807 -0.000001 -0.173651
vn 0.984808 0.000000 -0.173648
vn 0.984808 -0.000000 -0.173647
vn 0.984808 -0.000000 -0.173648
vn 0.984807 -0.000001 -0.173651
vn 0.984808 0.000000 -0.173648
vn 0.984808 0.000000 -0.173646
vn 0.984808 0.000000 -0.173646
vn 0.984807 -0.000002 -0.173651
vn 0.984808 0.000001 -0.173648
vn 0.984808 -0.000001 -0.173648
vn 0.984808 0.000001 -0.173647
vn 0.984808 -0.000001 -0.173645
vn 0.984808 0.000001 -0.173647
vn 0.984808 0.000004 -0.173646
vn 0.984809 0.000001 -0.173643
vn 0.984809 -0.000009 -0.173640
vn 0.984806 0.000002 -0.173657
vn 0.984815 -0.000002 -0.173610
vn 0.984805 0.000001 -0.173661
vn 0.246716 0.068042 0.966696
vn 0.335411 0.050727 0.940705
vn 0.300250 -0.089191 0.949681
vn 0.216210 -0.116255 0.969401
vn 0.359017 0.021553 0.933082
vn 0.353229 0.021660 0.935286
vn 0.277152 -0.037361 0.960099
vn 0.301791 0.104938 0.947581
vn 0.193038 -0.089605 0.977091
vn 0.219075 0.093996 0.971170
vn 0.171990 -0.137886 0.975401
vn 0.181339 -0.050865 0.982104
vn 0.171178 -0.168076 0.970798
vn 0.171178 -0.168077 0.970798
vn 0.171315 -0.163380 0.971575
vn 0.171315 -0.163380 0.971575
vn 0.171626 -0.152181 0.973337
vn 0.171626 -0.152181 0.973337
vn 0.166782 -0.278437 0.945863
vn 0.166782 -0.278437 0.945863
vn 0.158686 -0.406062 0.899962
vn 0.158689 -0.406060 0.899963
vn 0.103322 -0.803714 0.585977
vn 0.087461 -0.863896 0.496019
vn 0.087462 -0.863896 0.496018
vn 0.103324 -0.803714 0.585976
vn 0.058510 -0.941525 0.331824
vn 0.058508 -0.941526 0.331822
vn 0.023281 -0.990973 0.132026
vn 0.023281 -0.990973 0.132028
vn -0.000002 -1.000000 -0.000004
vn 0.000001 -1.000000 0.000002
vn 0.000002 -1.000000 0.000002
vn -0.000000 -1.000000 -0.000000
vn -0.000001 -1.000000 -0.000001
vn -0.000000 -1.000000 -0.000001
vn -0.023029 -0.991166 -0.130615
vn -0.023032 -0.991165 -0.130620
vn -0.058213 -0.942136 -0.330137
vn -0.058211 -0.942138 -0.330133
vn -0.087404 -0.864087 -0.495696
vn -0.087406 -0.864086 -0.495697
vn -0.135480 -0.625541 -0.768338
vn -0.135479 -0.625542 -0.768338
vn -0.166781 -0.278438 -0.945863
vn -0.166781 -0.278438 -0.945863
vn -0.171625 -0.152181 -0.973337
vn -0.171626 -0.152181 -0.973337
vn -0.171315 -0.163381 -0.971575
vn -0.171314 -0.163382 -0.971575
vn -0.171179 -0.168077 -0.970798
vn -0.171178 -0.168076 -0.970798
vn -0.156521 -0.126571 -0.979531
vn -0.166138 -0.039822 -0.985298
vn -0.098581 -0.068604 -0.992761
vn -0.128319 0.113724 -0.985191
vn -0.006448 -0.048485 -0.998803
vn -0.042696 0.093661 -0.994688
vn 0.018363 -0.018225 -0.999665
vn 0.012050 -0.017073 -0.999782
vn -0.067723 0.039649 -0.996916
vn -0.040496 -0.100468 -0.994116
vn -0.152881 0.088966 -0.984232
vn -0.126390 -0.096576 -0.987268
vn -0.172018 0.136713 -0.975561
vn -0.165497 0.046112 -0.985132
vn -0.171178 0.168080 -0.970797
vn -0.171178 0.168078 -0.970798
vn -0.171315 0.163379 -0.971575
vn -0.171315 0.163379 -0.971575
vn -0.171626 0.152181 -0.973337
vn -0.171626 0.152181 -0.973337
vn -0.166782 0.278439 -0.945862
vn -0.166782 0.278440 -0.945862
vn -0.135478 0.625541 -0.768338
vn -0.135478 0.625541 -0.768339
vn -0.087408 0.864087 -0.495695
vn -0.087405 0.864086 -0.495697
vn -0.058214 0.942136 -0.330136
vn -0.058212 0.942136 -0.330137
vn -0.023033 0.991165 -0.130622
vn -0.023032 0.991165 -0.130618
vn 0.000001 1.000000 -0.000004
vn 0.000001 1.000000 0.000001
vn -0.000001 1.000000 0.000003
vn 0.000000 1.000000 0.000000
vn 0.000001 1.000000 -0.000001
vn -0.000000 1.000000 -0.000002
vn 0.023279 0.990973 0.132028
vn 0.023280 0.990973 0.132023
vn 0.058511 0.941527 0.331818
vn 0.058511 0.941526 0.331822
vn 0.087458 0.863896 0.496019
vn 0.087462 0.863897 0.496016
vn 0.135477 0.625543 0.768338
vn 0.135478 0.625543 0.768337
vn 0.166782 0.278440 0.945862
vn 0.166781 0.278439 0.945863
vn 0.171626 0.152182 0.973337
vn 0.171626 0.152182 0.973337
vn 0.171315 0.163380 0.971575
vn 0.171315 0.163380 0.971575
vn 0.171178 0.168078 0.970798
vn 0.171178 0.168081 0.970797
vn 0.188048 0.125381 0.974124
vn 0.180939 0.035071 0.982869
vn -0.144288 0.116644 0.982637
vn -0.197172 0.146274 0.969395
vn -0.113402 0.008497 0.993513
vn 0.335556 0.013715 0.941920
vn 0.269889 0.092408 0.958447
vn 0.191360 0.109201 0.975426
vn -0.157521 -0.109784 0.981394
vn -0.210468 -0.151690 0.965760
vn 0.220886 -0.121455 0.967708
vn 0.299191 -0.081322 0.950722
vn -0.222822 -0.155453 0.962385
vn -0.225985 -0.155242 0.961681
vn 0.171177 -0.168077 0.970798
vn 0.182215 -0.146632 0.972264
vn -0.231933 -0.149871 0.961117
vn -0.271236 -0.137918 0.952581
vn 0.171625 -0.152180 0.973338
vn 0.171314 -0.163380 0.971575
vn -0.361798 -0.253151 0.897228
vn -0.423691 -0.531380 0.733568
vn 0.135482 -0.625540 0.768339
vn 0.166779 -0.278438 0.945863
vn -0.496977 -0.706255 0.504200
vn -0.527511 -0.764625 0.370244
vn 0.058514 -0.941524 0.331825
vn 0.087462 -0.863896 0.496018
vn -0.546419 -0.811305 0.207870
vn -0.587557 -0.802523 0.103603
vn 0.000006 -1.000000 0.000002
vn 0.023272 -0.990974 0.132022
vn -0.587553 -0.802526 0.103602
vn -0.587554 -0.802525 0.103601
vn 0.000007 -1.000000 0.000005
vn -0.000007 -1.000000 -0.000003
vn -0.584347 -0.811474 -0.006983
vn -0.621715 -0.765330 -0.166552
vn -0.058210 -0.942138 -0.330134
vn -0.023037 -0.991165 -0.130620
vn -0.639599 -0.706045 -0.303997
vn -0.650490 -0.529529 -0.544483
vn -0.135475 -0.625542 -0.768339
vn -0.087405 -0.864086 -0.495697
vn -0.651800 -0.253993 -0.714594
vn -0.591329 -0.145504 -0.793195
vn -0.171626 -0.152181 -0.973337
vn -0.166782 -0.278438 -0.945863
vn -0.551425 -0.154078 -0.819873
vn -0.542299 -0.155714 -0.825630
vn -0.171176 -0.168078 -0.970798
vn -0.171316 -0.163380 -0.971575
vn -0.535250 -0.151388 -0.831017
vn -0.516355 -0.146262 -0.843792
vn -0.153649 -0.109786 -0.982008
vn -0.171988 -0.137889 -0.975401
vn -0.471178 -0.115318 -0.874467
vn -0.446282 -0.005676 -0.894874
vn -0.006934 -0.010463 -0.999921
vn -0.074416 -0.090337 -0.993127
vn -0.484007 0.111182 -0.867972
vn -0.528547 0.151639 -0.835250
vn -0.123630 0.120686 -0.984962
vn -0.044112 0.083448 -0.995535
vn -0.538811 0.155419 -0.827966
vn -0.541336 0.155216 -0.826356
vn -0.171177 0.168079 -0.970798
vn -0.161196 0.145506 -0.976137
vn -0.546668 0.149869 -0.823828
vn -0.580680 0.137919 -0.802365
vn -0.171625 0.152182 -0.973337
vn -0.171313 0.163380 -0.971575
vn -0.646846 0.253153 -0.719377
vn -0.649034 0.531381 -0.544417
vn -0.135479 0.625543 -0.768337
vn -0.166779 0.278438 -0.945863
vn -0.639348 0.706448 -0.303588
vn -0.621930 0.765233 -0.166197
vn -0.058211 0.942137 -0.330135
vn -0.087398 0.864086 -0.495699
vn -0.584580 0.811304 -0.007246
vn -0.587562 0.802518 0.103609
vn -0.000005 1.000000 0.000004
vn -0.023025 0.991164 -0.130628
vn -0.587548 0.802531 0.103596
vn -0.587559 0.802521 0.103606
vn -0.000005 1.000000 0.000007
vn 0.000006 1.000000 -0.000005
vn -0.546274 0.811492 0.207525
vn -0.527178 0.764721 0.370521
vn 0.058504 0.941525 0.331825
vn 0.023284 0.990974 0.132020
vn -0.497064 0.705857 0.504671
vn -0.425038 0.529530 0.734125
vn 0.135484 0.625542 0.768336
vn 0.087468 0.863897 0.496016
vn -0.368085 0.253994 0.894427
vn -0.284383 0.145504 0.947605
vn 0.171626 0.152182 0.973337
vn 0.166783 0.278440 0.945862
vn -0.237757 0.154077 0.959027
vn -0.227292 0.155703 0.961298
vn 0.171177 0.168078 0.970798
vn 0.171314 0.163380 0.971575
vn -0.218957 0.151318 0.963930
vn 0.172017 0.136715 0.975561
vn -0.721437 0.124527 0.681192
vn -0.721951 0.095669 0.685299
vn -0.896413 0.047464 0.440671
vn -0.892174 0.065104 0.446975
vn -0.723219 0.001871 0.690616
vn -0.901238 0.000803 0.433323
vn -0.722017 -0.093927 0.685470
vn -0.896673 -0.046472 0.440248
vn -0.721472 -0.124503 0.681159
vn -0.892192 -0.065101 0.446940
vn -0.721509 -0.124513 0.681118
vn -0.892187 -0.065095 0.446951
vn -0.721462 -0.124508 0.681168
vn -0.892194 -0.065108 0.446934
vn -0.725731 -0.171327 0.666305
vn -0.901031 -0.085434 0.425258
vn -0.733373 -0.271257 0.623365
vn -0.905775 -0.132304 0.402576
vn -0.741696 -0.359841 0.566040
vn -0.909062 -0.178094 0.376682
vn -0.755722 -0.437373 0.487431
vn -0.917873 -0.213380 0.334632
vn -0.769078 -0.491313 0.408817
vn -0.921267 -0.248224 0.299420
vn -0.775785 -0.515373 0.364073
vn -0.923527 -0.264531 0.277707
vn -0.798577 -0.546852 0.251452
vn -0.943137 -0.254270 0.214100
vn -0.816202 -0.559554 0.143920
vn -0.941718 -0.292570 0.166044
vn -0.816234 -0.559507 0.143921
vn -0.941720 -0.292556 0.166053
vn -0.816203 -0.559552 0.143926
vn -0.941715 -0.292573 0.166051
vn -0.836212 -0.546878 0.040922
vn -0.958998 -0.255562 0.122522
vn -0.853752 -0.515303 -0.074628
vn -0.962724 -0.264642 0.055921
vn -0.862577 -0.491273 -0.120875
vn -0.968118 -0.248198 0.033858
vn -0.876851 -0.437384 -0.199569
vn -0.976970 -0.213377 -0.000524
vn -0.890582 -0.359818 -0.278198
vn -0.983074 -0.178085 -0.043026
vn -0.902335 -0.271277 -0.334962
vn -0.988837 -0.132306 -0.068524
vn -0.909846 -0.171331 -0.377923
vn -0.992138 -0.085448 -0.091436
vn -0.910925 -0.124525 -0.393331
vn -0.991245 -0.065108 -0.114870
vn -0.910949 -0.124487 -0.393287
vn -0.991247 -0.065103 -0.114855
vn -0.910906 -0.124531 -0.393372
vn -0.991244 -0.065097 -0.114881
vn -0.912899 -0.093928 -0.397232
vn -0.993167 -0.046486 -0.107048
vn -0.915814 0.001870 -0.401598
vn -0.995092 0.000817 -0.098954
vn -0.912822 0.095680 -0.396990
vn -0.993074 0.047459 -0.107480
vn -0.910935 0.124502 -0.393315
vn -0.991249 0.065101 -0.114834
vn -0.910950 0.124514 -0.393278
vn -0.991247 0.065095 -0.114854
vn -0.910929 0.124510 -0.393326
vn -0.991249 0.065110 -0.114829
vn -0.909856 0.171324 -0.377902
vn -0.992139 0.085434 -0.091437
vn -0.902346 0.271260 -0.334947
vn -0.988839 0.132305 -0.068505
vn -0.890529 0.359884 -0.278282
vn -0.983066 0.178114 -0.043079
vn -0.876859 0.437372 -0.199561
vn -0.976969 0.213380 -0.000521
vn -0.862485 0.491457 -0.120787
vn -0.968113 0.248203 0.033948
vn -0.853275 0.516148 -0.074246
vn -0.962752 0.264403 0.056557
vn -0.836023 0.547263 0.039600
vn -0.959145 0.255161 0.122201
vn -0.816194 0.559570 0.143909
vn -0.941714 0.292577 0.166053
vn -0.816243 0.559492 0.143930
vn -0.941724 0.292548 0.166050
vn -0.816196 0.559566 0.143910
vn -0.941714 0.292581 0.166048
vn -0.799273 0.546415 0.250185
vn -0.943111 0.254687 0.213721
vn -0.776132 0.514463 0.364620
vn -0.923267 0.264779 0.278335
vn -0.769131 0.491132 0.408934
vn -0.921235 0.248228 0.299515
vn -0.755707 0.437392 0.487438
vn -0.917870 0.213380 0.334639
vn -0.741687 0.359856 0.566043
vn -0.909060 0.178102 0.376682
vn -0.733356 0.271275 0.623377
vn -0.905767 0.132306 0.402593
vn -0.725726 0.171320 0.666312
vn -0.901035 0.085444 0.425247
vn -0.721459 0.124524 0.681169
vn -0.892185 0.065100 0.446954
vn -0.721460 0.124521 0.681168
vn -0.892177 0.065124 0.446966
vn -0.275520 0.635184 -0.721547
vn -0.294958 0.480109 -0.826132
vn -0.251012 0.773440 -0.582052
vn -0.225909 0.868612 -0.440997
vn -0.212198 0.909242 -0.358121
vn -0.178596 0.971861 -0.153590
vn -0.143860 0.989272 0.025380
vn -0.143862 0.989273 0.025367
vn -0.143862 0.989273 0.025362
vn -0.114622 0.971038 0.209634
vn -0.076055 0.907272 0.413610
vn -0.061351 0.868299 0.492232
vn -0.036800 0.773440 0.632801
vn -0.012120 0.635185 0.772265
vn 0.005383 0.480109 0.877192
vn 0.018643 0.305311 0.952070
vn 0.023618 0.220131 0.975184
vn 0.023618 0.220134 0.975184
vn 0.023618 0.220137 0.975183
vn 0.024676 0.167939 0.985489
vn 0.025853 0.003169 0.999661
vn 0.024705 -0.164815 0.986015
vn 0.023617 -0.220136 0.975183
vn 0.023618 -0.220131 0.975184
vn 0.023618 -0.220130 0.975185
vn 0.018643 -0.305312 0.952070
vn 0.005382 -0.480109 0.877192
vn -0.012120 -0.635182 0.772267
vn -0.036800 -0.773439 0.632801
vn -0.061351 -0.868299 0.492233
vn -0.076056 -0.907272 0.413611
vn -0.114621 -0.971037 0.209643
vn -0.143862 -0.989273 0.025368
vn -0.143861 -0.989273 0.025367
vn -0.143862 -0.989273 0.025359
vn -0.178596 -0.971860 -0.153596
vn -0.212195 -0.909249 -0.358105
vn -0.225910 -0.868611 -0.440999
vn -0.251012 -0.773439 -0.582052
vn -0.275520 -0.635183 -0.721548
vn -0.294960 -0.480108 -0.826133
vn -0.308109 -0.305312 -0.901029
vn -0.311339 -0.220132 -0.924451
vn -0.311340 -0.220131 -0.924451
vn -0.311339 -0.220134 -0.924451
vn -0.314022 -0.164816 -0.935001
vn -0.317611 0.003166 -0.948216
vn -0.313869 0.167939 -0.934496
vn -0.311340 0.220137 -0.924450
vn -0.311339 0.220131 -0.924451
vn -0.311339 0.220130 -0.924452
vn -0.308108 0.305311 -0.901030
f 1/1/1 2/2/2 3/3/3
f 1/1/1 3/3/3 4/4/4
f 2/2/2 5/5/5 6/6/6
f 2/2/2 6/6/6 3/3/3
f 3/3/3 6/6/6 7/7/7
f 3/3/3 7/7/7 8/8/8
f 4/4/4 3/3/3 8/8/8
f 4/4/4 8/8/8 9/9/9
f 10/10/10 11/11/11 12/12/12
f 10/10/10 12/12/12 13/13/13
f 11/11/11 1/1/1 4/4/4
f 11/11/11 4/4/4 12/12/12
f 12/12/12 4/4/4 9/9/9
f 12/12/12 9/9/9 14/14/14
f 13/13/13 12/12/12 14/14/14
f 13/13/13 14/14/14 15/15/15
f 16/16/16 17/17/17 18/18/18
f 16/16/16 18/18/18 19/19/19
f 17/17/17 20/20/20 21/21/21
f 17/17/17 21/21/21 18/18/18
f 18/18/18 21/21/21 22/22/22
f 18/18/18 22/22/22 23/23/23
f 19/19/19 18/18/18 23/23/23
f 19/19/19 23/23/23 24/24/24
f 25/25/25 26/26/26 27/27/27
f 25/25/25 27/27/27 28/28/28
f 26/26/26 29/29/29 30/30/30
f 26/26/26 30/30/30 27/27/27
f 27/27/27 30/30/30 31/31/31
f 27/27/27 31/31/31 32/32/32
f 28/28/28 27/27/27 32/32/32
f 28/28/28 32/32/32 33/33/33
f 34/34/34 35/35/35 36/36/36
f 34/34/34 36/36/36 37/37/37
f 35/35/35 25/25/25 28/28/28
f 35/35/35 28/28/28 36/36/36
f 36/36/36 28/28/28 33/33/33
f 36/36/36 33/33/33 38/38/38
f 37/37/37 36/36/36 38/38/38
f 37/37/37 38/38/38 39/39/39
f 40/40/40 41/41/41 42/42/42
f 40/40/40 42/42/42 43/43/43
f 41/41/41 34/34/34 37/37/37
f 41/41/41 37/37/37 42/42/42
f 42/42/42 37/37/37 39/39/39
f 42/42/42 39/39/39 44/44/44
f 43/43/43 42/42/42 44/44/44
f 43/43/43 44/44/44 45/45/45
f 46/46/46 47/47/47 48/48/48
f 46/46/46 48/48/48 49/49/49
f 47/47/47 50/50/50 51/51/51
f 47/47/47 51/51/51 48/48/48
f 48/48/48 51/51/51 52/52/52
f 48/48/48 52/52/52 53/53/53
f 49/49/49 48/48/48 53/53/53
f 49/49/49 53/53/53 54/54/54
f 55/55/55 56/56/56 57/57/57
f 55/55/55 57/57/57 58/58/58
f 56/56/56 59/59/59 60/60/60
f 56/56/56 60/60/60 57/57/57
f 57/57/57 60/60/60 61/61/61
f 57/57/57 61/61/61 62/62/62
f 58/58/58 57/57/57 62/62/62
f 58/58/58 62/62/62 63/63/63
f 64/64/64 65/65/65 66/66/66
f 64/64/64 66/66/66 67/67/67
f 65/65/65 55/55/55 58/58/58
f 65/65/65 58/58/58 66/66/66
f 66/66/66 58/58/58 63/63/63
f 66/66/66 63/63/63 68/68/68
f 67/67/67 66/66/66 68/68/68
f 67/67/67 68/68/68 69/69/69
f 70/70/70 71/71/71 72/72/72
f 70/70/70 72/72/72 73/73/73
f 71/71/71 74/74/74 75/75/75
f 71/71/71 75/75/75 72/72/72
f 72/72/72 75/75/75 76/76/76
f 72/72/72 76/76/76 77/77/77
f 73/73/73 72/72/72 77/77/77
f 73/73/73 77/77/77 78/78/78
f 79/79/79 80/80/80 81/81/81
f 79/79/79 81/81/81 82/82/82
f 80/80/80 83/83/83 84/84/84
f 80/80/80 84/84/84 81/81/81
f 81/81/81 84/84/84 85/85/85
f 81/81/81 85/85/85 86/86/86
f 82/82/82 81/81/81 86/86/86
f 82/82/82 86/86/86 87/87/87
f 88/88/88 89/89/89 90/90/90
f 88/88/88 90/90/90 91/91/91
f 89/89/89 79/79/79 82/82/82
f 89/89/89 82/82/82 90/90/90
f 90/90/90 82/82/82 87/87/87
f 90/90/90 87/87/87 92/92/92
f 91/91/91 90/90/90 92/92/92
f 91/91/91 92/92/92 93/93/93
f 94/94/94 95/95/95 96/96/96
f 94/94/94 96/96/96 97/97/97
f 95/95/95 98/98/98 99/99/99
f 95/95/95 99/99/99 96/96/96
f 96/96/96 99/99/99 100/100/100
f 96/96/96 100/100/100 101/101/101
f 97/97/97 96/96/96 101/101/101
f 97/97/97 101/101/101 102/102/102
f 5/5/5 103/103/103 104/104/104
f 5/5/5 104/104/104 6/6/6
f 103/103/103 105/105/105 106/106/106
f 103/103/103 106/106/106 104/104/104
f 104/104/104 106/106/106 107/107/107
f 104/104/104 107/107/107 108/108/108
f 6/6/6 104/104/104 108/108/108
f 6/6/6 108/108/108 7/7/7
f 109/109/109 110/110/110 111/111/111
f 109/109/109 111/111/111 112/112/112
f 110/110/110 113/113/113 114/114/114
f 110/110/110 114/114/114 111/111/111
f 111/111/111 114/114/114 115/115/115
f 111/111/111 115/115/115 116/116/116
f 112/112/112 111/111/111 116/116/116
f 112/112/112 116/116/116 117/117/117
f 118/118/118 119/119/119 120/120/120
f 118/118/118 120/120/120 121/121/121
f 119/119/119 109/109/109 112/112/112
f 119/119/119 112/112/112 120/120/120
f 120/120/120 112/112/112 117/117/117
f 120/120/120 117/117/117 122/122/122
f 121/121/121 120/120/120 122/122/122
f 121/121/121 122/122/122 123/123/123
f 124/124/124 125/125/125 126/126/126
f 124/124/124 126/126/126 127/127/127
f 125/125/125 128/128/128 129/129/129
f 125/125/125 129/129/129 126/126/126
f 126/126/126 129/129/129 130/130/130
f 126/126/126 130/130/130 131/131/131
f 127/127/127 126/126/126 131/131/131
f 127/127/127 131/131/131 132/132/132
f 133/133/133 134/134/134 135/135/135
f 133/133/133 135/135/135 136/136/136
f 134/134/134 137/137/137 138/138/138
f 134/134/134 138/138/138 135/135/135
f 135/135/135 138/138/138 139/139/139
f 135/135/135 139/139/139 140/140/140
f 136/136/136 135/135/135 140/140/140
f 136/136/136 140/140/140 141/141/141
f 142/142/142 143/143/143 144/144/144
f 142/142/142 144/144/144 145/145/145
f 143/143/143 133/133/133 136/136/136
f 143/143/143 136/136/136 144/144/144
f 144/144/144 136/136/136 141/141/141
f 144/144/144 141/141/141 146/146/146
f 145/145/145 144/144/144 146/146/146
f 145/145/145 146/146/146 147/147/147
f 148/148/148 149/149/149 150/150/150
f 148/148/148 150/150/150 151/151/151
f 149/149/149 142/142/142 145/145/145
f 149/149/149 145/145/145 150/150/150
f 150/150/150 145/145/145 147/147/147
f 150/150/150 147/147/147 152/152/152
f 151/151/151 150/150/150 152/152/152
f 151/151/151 152/152/152 153/153/153
f 154/154/154 155/155/155 156/156/156
f 154/154/154 156/156/156 157/157/157
f 155/155/155 158/158/158 159/159/159
f 155/155/155 159/159/159 156/156/156
f 156/156/156 159/159/159 160/160/160
f 156/156/156 160/160/160 161/161/161
f 157/157/157 156/156/156 161/161/161
f 157/157/157 161/161/161 162/162/162
f 163/163/163 164/164/164 165/165/165
f 163/163/163 165/165/165 166/166/166
f 164/164/164 167/167/167 168/168/168
f 164/164/164 168/168/168 165/165/165
f 165/165/165 168/168/168 169/169/169
f 165/165/165 169/169/169 170/170/170
f 166/166/166 165/165/165 170/170/170
f 166/166/166 170/170/170 171/171/171
f 172/172/172 173/173/173 174/174/174
f 172/172/172 174/174/174 175/175/175
f 173/173/173 163/163/163 166/166/166
f 173/173/173 166/166/166 174/174/174
f 174/174/174 166/166/166 171/171/171
f 174/174/174 171/171/171 176/176/176
f 175/175/175 174/174/174 176/176/176
f 175/175/175 176/176/176 177/177/177
f 178/178/178 179/179/179 180/180/180
f 178/178/178 180/180/180 181/181/181
f 179/179/179 182/182/182 183/183/183
f 179/179/179 183/183/183 180/180/180
f 180/180/180 183/183/183 184/184/184
f 180/180/180 184/184/184 185/185/185
f 181/181/181 180/180/180 185/185/185
f 181/181/181 185/185/185 186/186/186
f 187/187/187 188/188/188 189/189/189
f 187/187/187 189/189/189 190/190/190
f 188/188/188 191/191/191 192/192/192
f 188/188/188 192/192/192 189/189/189
f 189/189/189 192/192/192 193/193/193
f 189/189/189 193/193/193 194/194/194
f 190/190/190 189/189/189 194/194/194
f 190/190/190 194/194/194 195/195/195
f 196/196/196 197/197/197 198/198/198
f 196/196/196 198/198/198 199/199/199
f 197/197/197 187/187/187 190/190/190
f 197/197/197 190/190/190 198/198/198
f 198/198/198 190/190/190 195/195/195
f 198/198/198 195/195/195 200/200/200
f 199/199/199 198/198/198 200/200/200
f 199/199/199 200/200/200 201/201/201
f 202/202/202 203/203/203 204/204/204
f 202/202/202 204/204/204 205/205/205
f 203/203/203 206/206/206 207/207/207
f 203/203/203 207/207/207 204/204/204
f 204/204/204 207/207/207 208/208/208
f 204/204/204 208/208/208 209/209/209
f 205/205/205 204/204/204 209/209/209
f 205/205/205 209/209/209 210/210/210
f 113/113/113 211/211/211 212/212/212
f 113/113/113 212/212/212 114/114/114
f 211/211/211 213/213/213 214/214/214
f 211/211/211 214/214/214 212/212/212
f 212/212/212 214/214/214 215/215/215
f 212/212/212 215/215/215 216/216/216
f 114/114/114 212/212/212 216/216/216
f 114/114/114 216/216/216 115/115/115
f 217/217/217 218/218/218 219/219/219
f 217/217/217 219/219/219 220/220/220
f 218/218/218 221/221/221 222/222/222
f 218/218/218 222/222/222 219/219/219
f 219/219/219 222/222/222 223/223/223
f 219/219/219 223/223/223 224/224/224
f 220/220/220 219/219/219 224/224/224
f 220/220/220 224/224/224 225/225/225
f 226/226/226 227/227/227 228/228/228
f 226/226/226 228/228/228 229/229/229
f 227/227/227 230/230/230 231/231/231
f 227/227/227 231/231/231 228/228/228
f 228/228/228 231/231/231 232/232/232
f 228/228/228 232/232/232 233/233/233
f 229/229/229 228/228/228 233/233/233
f 229/229/229 233/233/233 234/234/234
f 235/235/235 236/236/236 237/237/237
f 235/235/235 237/237/237 238/238/238
f 236/236/236 239/239/239 240/240/240
f 236/236/236 240/240/240 237/237/237
f 237/237/237 240/240/240 241/241/241
f 237/237/237 241/241/241 242/242/242
f 238/238/238 237/237/237 242/242/242
f 238/238/238 242/242/242 243/243/243
f 244/244/244 245/245/245 246/246/246
f 244/244/244 246/246/246 247/247/247
f 245/245/245 248/248/248 249/249/249
f 245/245/245 249/249/249 246/246/246
f 246/246/246 249/249/249 250/250/250
f 246/246/246 250/250/250 251/251/251
f 247/247/247 246/246/246 251/251/251
f 247/247/247 251/251/251 252/252/252
f 253/253/253 254/254/254 255/255/255
f 253/253/253 255/255/255 256/256/256
f 254/254/254 257/257/257 258/258/258
f 254/254/254 258/258/258 255/255/255
f 255/255/255 258/258/258 259/259/259
f 255/255/255 259/259/259 260/260/260
f 256/256/256 255/255/255 260/260/260
f 256/256/256 260/260/260 261/261/261
f 262/262/262 263/263/263 264/264/264
f 262/262/262 264/264/264 265/265/265
f 263/263/263 266/266/266 267/267/267
f 263/263/263 267/267/267 264/264/264
f 264/264/264 267/267/267 268/268/268
f 264/264/264 268/268/268 269/269/269
f 265/265/265 264/264/264 269/269/269
f 265/265/265 269/269/269 270/270/270
f 271/271/271 272/272/272 273/273/273
f 271/271/271 273/273/273 274/274/274
f 272/272/272 275/275/275 276/276/276
f 272/272/272 276/276/276 273/273/273
f 273/273/273 276/276/276 277/277/277
f 273/273/273 277/277/277 278/278/278
f 274/274/274 273/273/273 278/278/278
f 274/274/274 278/278/278 279/279/279
f 280/280/280 281/281/281 282/282/282
f 280/280/280 282/282/282 283/283/283
f 281/281/281 284/284/284 285/285/285
f 281/281/281 285/285/285 282/282/282
f 282/282/282 285/285/285 286/286/286
f 282/282/282 286/286/286 287/287/287
f 283/283/283 282/282/282 287/287/287
f 283/283/283 287/287/287 288/288/288
f 289/289/289 290/290/290 291/291/291
f 289/289/289 291/291/291 292/292/292
f 290/290/290 293/293/293 294/294/294
f 290/290/290 294/294/294 291/291/291
f 291/291/291 294/294/294 295/295/295
f 291/291/291 295/295/295 296/296/296
f 292/292/292 291/291/291 296/296/296
f 292/292/292 296/296/296 297/297/297
f 293/293/293 298/298/298 299/299/299
f 293/293/293 299/299/299 294/294/294
f 298/298/298 300/300/300 301/301/301
f 298/298/298 301/301/301 299/299/299
f 299/299/299 301/301/301 302/302/302
f 299/299/299 302/302/302 303/303/303
f 294/294/294 299/299/299 303/303/303
f 294/294/294 303/303/303 295/295/295
f 286/286/286 304/304/304 305/305/305
f 286/286/286 305/305/305 287/287/287
f 304/304/304 306/306/306 307/307/307
f 304/304/304 307/307/307 305/305/305
f 305/305/305 307/307/307 308/308/308
f 305/305/305 308/308/308 309/309/309
f 287/287/287 305/305/305 309/309/309
f 287/287/287 309/309/309 288/288/288
f 310/310/310 311/311/311 312/312/312
f 310/310/310 312/312/312 313/313/313
f 311/311/311 314/314/314 315/315/315
f 311/311/311 315/315/315 312/312/312
f 312/312/312 315/315/315 275/275/275
f 312/312/312 275/275/275 272/272/272
f 313/313/313 312/312/312 272/272/272
f 313/313/313 272/272/272 271/271/271
f 268/268/268 316/316/316 317/317/317
f 268/268/268 317/317/317 269/269/269
f 316/316/316 318/318/318 319/319/319
f 316/316/316 319/319/319 317/317/317
f 317/317/317 319/319/319 320/320/320
f 317/317/317 320/320/320 321/321/321
f 269/269/269 317/317/317 321/321/321
f 269/269/269 321/321/321 270/270/270
f 322/322/322 323/323/323 324/324/324
f 322/322/322 324/324/324 325/325/325
f 323/323/323 261/261/261 260/260/260
f 323/323/323 260/260/260 324/324/324
f 324/324/324 260/260/260 259/259/259
f 324/324/324 259/259/259 326/326/326
f 325/325/325 324/324/324 326/326/326
f 325/325/325 326/326/326 327/327/327
f 328/328/328 329/329/329 330/330/330
f 328/328/328 330/330/330 331/331/331
f 329/329/329 244/244/244 247/247/247
f 329/329/329 247/247/247 330/330/330
f 330/330/330 247/247/247 252/252/252
f 330/330/330 252/252/252 332/332/332
f 331/331/331 330/330/330 332/332/332
f 331/331/331 332/332/332 333/333/333
f 334/334/334 335/335/335 336/336/336
f 334/334/334 336/336/336 337/337/337
f 335/335/335 328/328/328 331/331/331
f 335/335/335 331/331/331 336/336/336
f 336/336/336 331/331/331 333/333/333
f 336/336/336 333/333/333 338/338/338
f 337/337/337 336/336/336 338/338/338
f 337/337/337 338/338/338 339/339/339
f 340/340/340 341/341/341 342/342/342
f 340/340/340 342/342/342 343/343/343
f 341/341/341 322/322/322 325/325/325
f 341/341/341 325/325/325 342/342/342
f 342/342/342 325/325/325 327/327/327
f 342/342/342 327/327/327 344/344/344
f 343/343/343 342/342/342 344/344/344
f 343/343/343 344/344/344 345/345/345
f 320/320/320 319/319/319 346/346/346
f 320/320/320 346/346/346 347/347/347
f 319/319/319 318/318/318 348/348/348
f 319/319/319 348/348/348 346/346/346
f 346/346/346 348/348/348 349/349/349
f 346/346/346 349/349/349 350/350/350
f 347/347/347 346/346/346 350/350/350
f 347/347/347 350/350/350 351/351/351
f 107/107/107 106/106/106 352/352/352
f 107/107/107 352/352/352 353/353/353
f 106/106/106 105/105/105 354/354/354
f 106/106/106 354/354/354 352/352/352
f 352/352/352 354/354/354 355/355/355
f 352/352/352 355/355/355 356/356/356
f 353/353/353 352/352/352 356/356/356
f 353/353/353 356/356/356 357/357/357
f 215/215/215 214/214/214 358/358/358
f 215/215/215 358/358/358 359/359/359
f 214/214/214 213/213/213 360/360/360
f 214/214/214 360/360/360 358/358/358
f 358/358/358 360/360/360 361/361/361
f 358/358/358 361/361/361 362/362/362
f 359/359/359 358/358/358 362/362/362
f 359/359/359 362/362/362 363/363/363
f 364/364/364 365/365/365 366/366/366
f 364/364/364 366/366/366 367/367/367
f 365/365/365 368/368/368 369/369/369
f 365/365/365 369/369/369 366/366/366
f 366/366/366 369/369/369 370/370/370
f 366/366/366 370/370/370 371/371/371
f 367/367/367 366/366/366 371/371/371
f 367/367/367 371/371/371 372/372/372
f 373/373/373 374/374/374 375/375/375
f 373/373/373 375/375/375 376/376/376
f 374/374/374 340/340/340 343/343/343
f 374/374/374 343/343/343 375/375/375
f 375/375/375 343/343/343 345/345/345
f 375/375/375 345/345/345 377/377/377
f 376/376/376 375/375/375 377/377/377
f 376/376/376 377/377/377 378/378/378
f 379/379/379 380/380/380 381/381/381
f 379/379/379 381/381/381 382/382/382
f 380/380/380 383/383/383 384/384/384
f 380/380/380 384/384/384 381/381/381
f 381/381/381 384/384/384 385/385/385
f 381/381/381 385/385/385 386/386/386
f 382/382/382 381/381/381 386/386/386
f 382/382/382 386/386/386 387/387/387
f 388/388/388 389/389/389 390/390/390
f 388/388/388 390/390/390 391/391/391
f 389/389/389 392/392/392 393/393/393
f 389/389/389 393/393/393 390/390/390
f 390/390/390 393/393/393 148/148/148
f 390/390/390 148/148/148 151/151/151
f 391/391/391 390/390/390 151/151/151
f 391/391/391 151/151/151 153/153/153
f 394/394/394 395/395/395 396/396/396
f 394/394/394 396/396/396 397/397/397
f 395/395/395 398/398/398 399/399/399
f 395/395/395 399/399/399 396/396/396
f 396/396/396 399/399/399 40/40/40
f 396/396/396 40/40/40 43/43/43
f 397/397/397 396/396/396 43/43/43
f 397/397/397 43/43/43 45/45/45
f 102/102/102 101/101/101 400/400/400
f 102/102/102 400/400/400 401/401/401
f 101/101/101 100/100/100 402/402/402
f 101/101/101 402/402/402 400/400/400
f 400/400/400 402/402/402 88/88/88
f 400/400/400 88/88/88 91/91/91
f 401/401/401 400/400/400 91/91/91
f 401/401/401 91/91/91 93/93/93
f 210/210/210 209/209/209 403/403/403
f 210/210/210 403/403/403 404/404/404
f 209/209/209 208/208/208 405/405/405
f 209/209/209 405/405/405 403/403/403
f 403/403/403 405/405/405 196/196/196
f 403/403/403 196/196/196 199/199/199
f 404/404/404 403/403/403 199/199/199
f 404/404/404 199/199/199 201/201/201
f 406/406/406 407/407/407 408/408/408
f 406/406/406 408/408/408 409/409/409
f 407/407/407 410/410/410 411/411/411
f 407/407/407 411/411/411 408/408/408
f 408/408/408 411/411/411 314/314/314
f 408/408/408 314/314/314 311/311/311
f 409/409/409 408/408/408 311/311/311
f 409/409/409 311/311/311 310/310/310
f 306/306/306 412/412/412 413/413/413
f 306/306/306 413/413/413 307/307/307
f 412/412/412 235/235/235 238/238/238
f 412/412/412 238/238/238 413/413/413
f 413/413/413 238/238/238 243/243/243
f 413/413/413 243/243/243 414/414/414
f 307/307/307 413/413/413 414/414/414
f 307/307/307 414/414/414 308/308/308
f 300/300/300 415/415/415 416/416/416
f 300/300/300 416/416/416 301/301/301
f 415/415/415 417/417/417 418/418/418
f 415/415/415 418/418/418 416/416/416
f 416/416/416 418/418/418 419/419/419
f 416/416/416 419/419/419 420/420/420
f 301/301/301 416/416/416 420/420/420
f 301/301/301 420/420/420 302/302/302
f 167/167/167 421/421/421 422/422/422
f 167/167/167 422/422/422 168/168/168
f 421/421/421 154/154/154 157/157/157
f 421/421/421 157/157/157 422/422/422
f 422/422/422 157/157/157 162/162/162
f 422/422/422 162/162/162 423/423/423
f 168/168/168 422/422/422 423/423/423
f 168/168/168 423/423/423 169/169/169
f 59/59/59 424/424/424 425/425/425
f 59/59/59 425/425/425 60/60/60
f 424/424/424 46/46/46 49/49/49
f 424/424/424 49/49/49 425/425/425
f 425/425/425 49/49/49 54/54/54
f 425/425/425 54/54/54 426/426/426
f 60/60/60 425/425/425 426/426/426
f 60/60/60 426/426/426 61/61/61
f 225/225/225 427/427/427 428/428/428
f 225/225/225 428/428/428 220/220/220
f 427/427/427 429/429/429 430/430/430
f 427/427/427 430/430/430 428/428/428
f 428/428/428 430/430/430 431/431/431
f 428/428/428 431/431/431 432/432/432
f 220/220/220 428/428/428 432/432/432
f 220/220/220 432/432/432 217/217/217
f 433/433/433 434/434/434 435/435/435
f 433/433/433 435/435/435 436/436/436
f 434/434/434 437/437/437 438/438/438
f 434/434/434 438/438/438 435/435/435
f 435/435/435 438/438/438 439/439/439
f 435/435/435 439/439/439 440/440/440
f 436/436/436 435/435/435 440/440/440
f 436/436/436 440/440/440 441/441/441
f 442/442/442 443/443/443 444/444/444
f 442/442/442 444/444/444 445/445/445
f 443/443/443 446/446/446 447/447/447
f 443/443/443 447/447/447 444/444/444
f 444/444/444 447/447/447 448/448/448
f 444/444/444 448/448/448 449/449/449
f 445/445/445 444/444/444 449/449/449
f 445/445/445 449/449/449 450/450/450
f 232/232/232 451/451/451 452/452/452
f 232/232/232 452/452/452 233/233/233
f 451/451/451 453/453/453 454/454/454
f 451/451/451 454/454/454 452/452/452
f 452/452/452 454/454/454 455/455/455
f 452/452/452 455/455/455 456/456/456
f 233/233/233 452/452/452 456/456/456
f 233/233/233 456/456/456 234/234/234
f 457/457/457 458/458/458 459/459/459
f 457/457/457 459/459/459 460/460/460
f 458/458/458 461/461/461 462/462/462
f 458/458/458 462/462/462 459/459/459
f 459/459/459 462/462/462 463/463/463
f 459/459/459 463/463/463 464/464/464
f 460/460/460 459/459/459 464/464/464
f 460/460/460 464/464/464 465/465/465
f 466/466/466 467/467/467 468/468/468
f 466/466/466 468/468/468 469/469/469
f 467/467/467 470/470/470 471/471/471
f 467/467/467 471/471/471 468/468/468
f 468/468/468 471/471/471 472/472/472
f 468/468/468 472/472/472 473/473/473
f 469/469/469 468/468/468 473/473/473
f 469/469/469 473/473/473 474/474/474
f 475/475/475 476/476/476 477/477/477
f 475/475/475 477/477/477 478/478/478
f 476/476/476 479/479/479 480/480/480
f 476/476/476 480/480/480 477/477/477
f 477/477/477 480/480/480 481/481/481
f 477/477/477 481/481/481 482/482/482
f 478/478/478 477/477/477 482/482/482
f 478/478/478 482/482/482 483/483/483
f 484/484/484 485/485/485 486/486/486
f 484/484/484 486/486/486 487/487/487
f 485/485/485 488/488/488 489/489/489
f 485/485/485 489/489/489 486/486/486
f 486/486/486 489/489/489 490/490/490
f 486/486/486 490/490/490 491/491/491
f 487/487/487 486/486/486 491/491/491
f 487/487/487 491/491/491 492/492/492
f 493/493/493 494/494/494 495/495/495
f 493/493/493 495/495/495 496/496/496
f 494/494/494 497/497/497 498/498/498
f 494/494/494 498/498/498 495/495/495
f 495/495/495 498/498/498 499/499/499
f 495/495/495 499/499/499 500/500/500
f 496/496/496 495/495/495 500/500/500
f 496/496/496 500/500/500 501/501/501
f 502/502/502 503/503/503 504/504/504
f 502/502/502 504/504/504 505/505/505
f 503/503/503 506/506/506 507/507/507
f 503/503/503 507/507/507 504/504/504
f 504/504/504 507/507/507 508/508/508
f 504/504/504 508/508/508 509/509/509
f 505/505/505 504/504/504 509/509/509
f 505/505/505 509/509/509 510/510/510
f 511/511/511 512/512/512 513/513/513
f 511/511/511 513/513/513 514/514/514
f 512/512/512 484/484/484 487/487/487
f 512/512/512 487/487/487 513/513/513
f 513/513/513 487/487/487 492/492/492
f 513/513/513 492/492/492 515/515/515
f 514/514/514 513/513/513 515/515/515
f 514/514/514 515/515/515 516/516/516
f 508/508/508 517/517/517 518/518/518
f 508/508/508 518/518/518 509/509/509
f 517/517/517 519/519/519 520/520/520
f 517/517/517 520/520/520 518/518/518
f 518/518/518 520/520/520 521/521/521
f 518/518/518 521/521/521 522/522/522
f 509/509/509 518/518/518 522/522/522
f 509/509/509 522/522/522 510/510/510
f 463/463/463 523/523/523 524/524/524
f 463/463/463 524/524/524 464/464/464
f 523/523/523 525/525/525 526/526/526
f 523/523/523 526/526/526 524/524/524
f 524/524/524 526/526/526 527/527/527
f 524/524/524 527/527/527 528/528/528
f 464/464/464 524/524/524 528/528/528
f 464/464/464 528/528/528 465/465/465
f 529/529/529 530/530/530 531/531/531
f 529/529/529 531/531/531 532/532/532
f 530/530/530 466/466/466 469/469/469
f 530/530/530 469/469/469 531/531/531
f 531/531/531 469/469/469 474/474/474
f 531/531/531 474/474/474 533/533/533
f 532/532/532 531/531/531 533/533/533
f 532/532/532 533/533/533 534/534/534
f 525/525/525 535/535/535 536/536/536
f 525/525/525 536/536/536 526/526/526
f 535/535/535 537/537/537 538/538/538
f 535/535/535 538/538/538 536/536/536
f 536/536/536 538/538/538 364/364/364
f 536/536/536 364/364/364 539/539/539
f 526/526/526 536/536/536 539/539/539
f 526/526/526 539/539/539 527/527/527
f 540/540/540 541/541/541 542/542/542
f 540/540/540 542/542/542 543/543/543
f 541/541/541 529/529/529 532/532/532
f 541/541/541 532/532/532 542/542/542
f 542/542/542 532/532/532 534/534/534
f 542/542/542 534/534/534 544/544/544
f 543/543/543 542/542/542 544/544/544
f 543/543/543 544/544/544 545/545/545
f 537/537/537 546/546/546 547/547/547
f 537/537/537 547/547/547 538/538/538
f 546/546/546 548/548/548 549/549/549
f 546/546/546 549/549/549 547/547/547
f 547/547/547 549/549/549 368/368/368
f 547/547/547 368/368/368 365/365/365
f 538/538/538 547/547/547 365/365/365
f 538/538/538 365/365/365 364/364/364
f 550/550/550 551/551/551 552/552/552
f 550/550/550 552/552/552 553/553/553
f 551/551/551 554/554/554 555/555/555
f 551/551/551 555/555/555 552/552/552
f 552/552/552 555/555/555 556/556/556
f 552/552/552 556/556/556 557/557/557
f 553/553/553 552/552/552 557/557/557
f 553/553/553 557/557/557 558/558/558
f 383/383/383 559/559/559 560/560/560
f 383/383/383 560/560/560 384/384/384
f 559/559/559 561/561/561 562/562/562
f 559/559/559 562/562/562 560/560/560
f 560/560/560 562/562/562 563/563/563
f 560/560/560 563/563/563 564/564/564
f 384/384/384 560/560/560 564/564/564
f 384/384/384 564/564/564 385/385/385
f 565/565/565 566/566/566 567/567/567
f 565/565/565 567/567/567 568/568/568
f 566/566/566 569/569/569 570/570/570
f 566/566/566 570/570/570 567/567/567
f 567/567/567 570/570/570 571/571/571
f 567/567/567 571/571/571 572/572/572
f 568/568/568 567/567/567 572/572/572
f 568/568/568 572/572/572 573/573/573
f 455/455/455 574/574/574 575/575/575
f 455/455/455 575/575/575 456/456/456
f 574/574/574 511/511/511 514/514/514
f 574/574/574 514/514/514 575/575/575
f 575/575/575 514/514/514 516/516/516
f 575/575/575 516/516/516 576/576/576
f 456/456/456 575/575/575 576/576/576
f 456/456/456 576/576/576 234/234/234
f 519/519/519 577/577/577 578/578/578
f 519/519/519 578/578/578 520/520/520
f 577/577/577 579/579/579 580/580/580
f 577/577/577 580/580/580 578/578/578
f 578/578/578 580/580/580 581/581/581
f 578/578/578 581/581/581 582/582/582
f 520/520/520 578/578/578 582/582/582
f 520/520/520 582/582/582 521/521/521
f 248/248/248 583/583/583 584/584/584
f 248/248/248 584/584/584 249/249/249
f 583/583/583 585/585/585 586/586/586
f 583/583/583 586/586/586 584/584/584
f 584/584/584 586/586/586 587/587/587
f 584/584/584 587/587/587 588/588/588
f 249/249/249 584/584/584 588/588/588
f 249/249/249 588/588/588 250/250/250
f 589/589/589 590/590/590 591/591/591
f 589/589/589 591/591/591 592/592/592
f 590/590/590 593/593/593 594/594/594
f 590/590/590 594/594/594 591/591/591
f 591/591/591 594/594/594 595/595/595
f 591/591/591 595/595/595 596/596/596
f 592/592/592 591/591/591 596/596/596
f 592/592/592 596/596/596 597/597/597
f 587/587/587 598/598/598 599/599/599
f 587/587/587 599/599/599 588/588/588
f 598/598/598 600/600/600 601/601/601
f 598/598/598 601/601/601 599/599/599
f 599/599/599 601/601/601 602/602/602
f 599/599/599 602/602/602 603/603/603
f 588/588/588 599/599/599 603/603/603
f 588/588/588 603/603/603 250/250/250
f 604/604/604 605/605/605 606/606/606
f 604/604/604 606/606/606 607/607/607
f 605/605/605 589/589/589 592/592/592
f 605/605/605 592/592/592 606/606/606
f 606/606/606 592/592/592 597/597/597
f 606/606/606 597/597/597 608/608/608
f 607/607/607 606/606/606 608/608/608
f 607/607/607 608/608/608 609/609/609
f 600/600/600 610/610/610 611/611/611
f 600/600/600 611/611/611 601/601/601
f 610/610/610 612/612/612 613/613/613
f 610/610/610 613/613/613 611/611/611
f 611/611/611 613/613/613 614/614/614
f 611/611/611 614/614/614 615/615/615
f 601/601/601 611/611/611 615/615/615
f 601/601/601 615/615/615 602/602/602
f 339/339/339 616/616/616 617/617/617
f 339/339/339 617/617/617 337/337/337
f 616/616/616 618/618/618 619/619/619
f 616/616/616 619/619/619 617/617/617
f 617/617/617 619/619/619 620/620/620
f 617/617/617 620/620/620 621/621/621
f 337/337/337 617/617/617 621/621/621
f 337/337/337 621/621/621 334/334/334
f 622/622/622 623/623/623 624/624/624
f 622/622/622 624/624/624 625/625/625
f 623/623/623 604/604/604 607/607/607
f 623/623/623 607/607/607 624/624/624
f 624/624/624 607/607/607 609/609/609
f 624/624/624 609/609/609 626/626/626
f 625/625/625 624/624/624 626/626/626
f 625/625/625 626/626/626 627/627/627
f 628/628/628 629/629/629 630/630/630
f 628/628/628 630/630/630 631/631/631
f 629/629/629 632/632/632 633/633/633
f 629/629/629 633/633/633 630/630/630
f 630/630/630 633/633/633 262/262/262
f 630/630/630 262/262/262 265/265/265
f 631/631/631 630/630/630 265/265/265
f 631/631/631 265/265/265 270/270/270
f 634/634/634 635/635/635 636/636/636
f 634/634/634 636/636/636 637/637/637
f 635/635/635 638/638/638 639/639/639
f 635/635/635 639/639/639 636/636/636
f 636/636/636 639/639/639 640/640/640
f 636/636/636 640/640/640 641/641/641
f 637/637/637 636/636/636 641/641/641
f 637/637/637 641/641/641 642/642/642
f 638/638/638 643/643/643 644/644/644
f 638/638/638 644/644/644 639/639/639
f 643/643/643 645/645/645 646/646/646
f 643/643/643 646/646/646 644/644/644
f 644/644/644 646/646/646 647/647/647
f 644/644/644 647/647/647 648/648/648
f 639/639/639 644/644/644 648/648/648
f 639/639/639 648/648/648 640/640/640
f 649/649/649 650/650/650 651/651/651
f 649/649/649 651/651/651 652/652/652
f 650/650/650 628/628/628 631/631/631
f 650/650/650 631/631/631 651/651/651
f 651/651/651 631/631/631 270/270/270
f 651/651/651 270/270/270 321/321/321
f 652/652/652 651/651/651 321/321/321
f 652/652/652 321/321/321 320/320/320
f 645/645/645 653/653/653 654/654/654
f 645/645/645 654/654/654 646/646/646
f 653/653/653 655/655/655 656/656/656
f 653/653/653 656/656/656 654/654/654
f 654/654/654 656/656/656 657/657/657
f 654/654/654 657/657/657 658/658/658
f 646/646/646 654/654/654 658/658/658
f 646/646/646 658/658/658 647/647/647
f 349/349/349 659/659/659 660/660/660
f 349/349/349 660/660/660 350/350/350
f 659/659/659 661/661/661 662/662/662
f 659/659/659 662/662/662 660/660/660
f 660/660/660 662/662/662 663/663/663
f 660/660/660 663/663/663 664/664/664
f 350/350/350 660/660/660 664/664/664
f 350/350/350 664/664/664 351/351/351
f 663/663/663 665/665/665 666/666/666
f 663/663/663 666/666/666 664/664/664
f 665/665/665 649/649/649 652/652/652
f 665/665/665 652/652/652 666/666/666
f 666/666/666 652/652/652 320/320/320
f 666/666/666 320/320/320 347/347/347
f 664/664/664 666/666/666 347/347/347
f 664/664/664 347/347/347 351/351/351
f 667/667/667 668/668/668 669/669/669
f 667/667/667 669/669/669 670/670/670
f 668/668/668 671/671/671 672/672/672
f 668/668/668 672/672/672 669/669/669
f 669/669/669 672/672/672 673/673/673
f 669/669/669 673/673/673 674/674/674
f 670/670/670 669/669/669 674/674/674
f 670/670/670 674/674/674 675/675/675
f 279/279/279 676/676/676 677/677/677
f 279/279/279 677/677/677 274/274/274
f 676/676/676 678/678/678 679/679/679
f 676/676/676 679/679/679 677/677/677
f 677/677/677 679/679/679 680/680/680
f 677/677/677 680/680/680 681/681/681
f 274/274/274 677/677/677 681/681/681
f 274/274/274 681/681/681 271/271/271
f 682/682/682 683/683/683 684/684/684
f 682/682/682 684/684/684 685/685/685
f 683/683/683 667/667/667 670/670/670
f 683/683/683 670/670/670 684/684/684
f 684/684/684 670/670/670 675/675/675
f 684/684/684 675/675/675 686/686/686
f 685/685/685 684/684/684 686/686/686
f 685/685/685 686/686/686 687/687/687
f 680/680/680 688/688/688 689/689/689
f 680/680/680 689/689/689 681/681/681
f 688/688/688 690/690/690 691/691/691
f 688/688/688 691/691/691 689/689/689
f 689/689/689 691/691/691 310/310/310
f 689/689/689 310/310/310 313/313/313
f 681/681/681 689/689/689 313/313/313
f 681/681/681 313/313/313 271/271/271
f 692/692/692 693/693/693 694/694/694
f 692/692/692 694/694/694 695/695/695
f 693/693/693 696/696/696 697/697/697
f 693/693/693 697/697/697 694/694/694
f 694/694/694 697/697/697 410/410/410
f 694/694/694 410/410/410 407/407/407
f 695/695/695 694/694/694 407/407/407
f 695/695/695 407/407/407 406/406/406
f 698/698/698 699/699/699 700/700/700
f 698/698/698 700/700/700 701/701/701
f 699/699/699 682/682/682 685/685/685
f 699/699/699 685/685/685 700/700/700
f 700/700/700 685/685/685 687/687/687
f 700/700/700 687/687/687 702/702/702
f 701/701/701 700/700/700 702/702/702
f 701/701/701 702/702/702 703/703/703
f 690/690/690 704/704/704 705/705/705
f 690/690/690 705/705/705 691/691/691
f 704/704/704 692/692/692 695/695/695
f 704/704/704 695/695/695 705/705/705
f 705/705/705 695/695/695 406/406/406
f 705/705/705 406/406/406 409/409/409
f 691/691/691 705/705/705 409/409/409
f 691/691/691 409/409/409 310/310/310
f 706/706/706 707/707/707 708/708/708
f 706/706/706 708/708/708 709/709/709
f 707/707/707 710/710/710 711/711/711
f 707/707/707 711/711/711 708/708/708
f 708/708/708 711/711/711 289/289/289
f 708/708/708 289/289/289 292/292/292
f 709/709/709 708/708/708 292/292/292
f 709/709/709 292/292/292 297/297/297
f 712/712/712 713/713/713 714/714/714
f 712/712/712 714/714/714 715/715/715
f 713/713/713 716/716/716 717/717/717
f 713/713/713 717/717/717 714/714/714
f 714/714/714 717/717/717 718/718/718
f 714/714/714 718/718/718 719/719/719
f 715/715/715 714/714/714 719/719/719
f 715/715/715 719/719/719 720/720/720
f 721/721/721 722/722/722 723/723/723
f 721/721/721 723/723/723 724/724/724
f 722/722/722 706/706/706 709/709/709
f 722/722/722 709/709/709 723/723/723
f 723/723/723 709/709/709 297/297/297
f 723/723/723 297/297/297 725/725/725
f 724/724/724 723/723/723 725/725/725
f 724/724/724 725/725/725 726/726/726
f 716/716/716 727/727/727 728/728/728
f 716/716/716 728/728/728 717/717/717
f 727/727/727 729/729/729 730/730/730
f 727/727/727 730/730/730 728/728/728
f 728/728/728 730/730/730 731/731/731
f 728/728/728 731/731/731 732/732/732
f 717/717/717 728/728/728 732/732/732
f 717/717/717 732/732/732 718/718/718
f 417/417/417 733/733/733 734/734/734
f 417/417/417 734/734/734 418/418/418
f 733/733/733 735/735/735 736/736/736
f 733/733/733 736/736/736 734/734/734
f 734/734/734 736/736/736 737/737/737
f 734/734/734 737/737/737 738/738/738
f 418/418/418 734/734/734 738/738/738
f 418/418/418 738/738/738 419/419/419
f 739/739/739 740/740/740 741/741/741
f 739/739/739 741/741/741 742/742/742
f 740/740/740 721/721/721 724/724/724
f 740/740/740 724/724/724 741/741/741
f 741/741/741 724/724/724 726/726/726
f 741/741/741 726/726/726 743/743/743
f 742/742/742 741/741/741 743/743/743
f 742/742/742 743/743/743 744/744/744
f 729/729/729 745/745/745 746/746/746
f 729/729/729 746/746/746 730/730/730
f 745/745/745 747/747/747 748/748/748
f 745/745/745 748/748/748 746/746/746
f 746/746/746 748/748/748 749/749/749
f 746/746/746 749/749/749 750/750/750
f 730/730/730 746/746/746 750/750/750
f 730/730/730 750/750/750 731/731/731
f 751/751/751 752/752/752 753/753/753
f 751/751/751 753/753/753 754/754/754
f 752/752/752 470/470/470 467/467/467
f 752/752/752 467/467/467 753/753/753
f 753/753/753 467/467/467 466/466/466
f 753/753/753 466/466/466 755/755/755
f 754/754/754 753/753/753 755/755/755
f 754/754/754 755/755/755 756/756/756
f 466/466/466 530/530/530 757/757/757
f 466/466/466 757/757/757 755/755/755
f 530/530/530 529/529/529 758/758/758
f 530/530/530 758/758/758 757/757/757
f 757/757/757 758/758/758 759/759/759
f 757/757/757 759/759/759 760/760/760
f 755/755/755 757/757/757 760/760/760
f 755/755/755 760/760/760 756/756/756
f 529/529/529 541/541/541 761/761/761
f 529/529/529 761/761/761 758/758/758
f 541/541/541 540/540/540 762/762/762
f 541/541/541 762/762/762 761/761/761
f 761/761/761 762/762/762 763/763/763
f 761/761/761 763/763/763 764/764/764
f 758/758/758 761/761/761 764/764/764
f 758/758/758 764/764/764 759/759/759
f 765/765/765 766/766/766 767/767/767
f 765/765/765 767/767/767 768/768/768
f 766/766/766 563/563/563 562/562/562
f 766/766/766 562/562/562 767/767/767
f 767/767/767 562/562/562 561/561/561
f 767/767/767 561/561/561 769/769/769
f 768/768/768 767/767/767 769/769/769
f 768/768/768 769/769/769 770/770/770
f 153/153/153 152/152/152 771/771/771
f 153/153/153 771/771/771 772/772/772
f 152/152/152 147/147/147 773/773/773
f 152/152/152 773/773/773 771/771/771
f 771/771/771 773/773/773 604/604/604
f 771/771/771 604/604/604 623/623/623
f 772/772/772 771/771/771 623/623/623
f 772/772/772 623/623/623 622/622/622
f 147/147/147 146/146/146 774/774/774
f 147/147/147 774/774/774 773/773/773
f 146/146/146 141/141/141 775/775/775
f 146/146/146 775/775/775 774/774/774
f 774/774/774 775/775/775 589/589/589
f 774/774/774 589/589/589 605/605/605
f 773/773/773 774/774/774 605/605/605
f 773/773/773 605/605/605 604/604/604
f 141/141/141 140/140/140 776/776/776
f 141/141/141 776/776/776 775/775/775
f 140/140/140 139/139/139 777/777/777
f 140/140/140 777/777/777 776/776/776
f 776/776/776 777/777/777 593/593/593
f 776/776/776 593/593/593 590/590/590
f 775/775/775 776/776/776 590/590/590
f 775/775/775 590/590/590 589/589/589
f 117/117/117 116/116/116 778/778/778
f 117/117/117 778/778/778 779/779/779
f 116/116/116 115/115/115 780/780/780
f 116/116/116 780/780/780 778/778/778
f 778/778/778 780/780/780 645/645/645
f 778/778/778 645/645/645 643/643/643
f 779/779/779 778/778/778 643/643/643
f 779/779/779 643/643/643 638/638/638
f 115/115/115 216/216/216 781/781/781
f 115/115/115 781/781/781 780/780/780
f 216/216/216 215/215/215 782/782/782
f 216/216/216 782/782/782 781/781/781
f 781/781/781 782/782/782 655/655/655
f 781/781/781 655/655/655 653/653/653
f 780/780/780 781/781/781 653/653/653
f 780/780/780 653/653/653 645/645/645
f 783/783/783 784/784/784 785/785/785
f 783/783/783 785/785/785 786/786/786
f 784/784/784 548/548/548 546/546/546
f 784/784/784 546/546/546 785/785/785
f 785/785/785 546/546/546 537/537/537
f 785/785/785 537/537/537 787/787/787
f 786/786/786 785/785/785 787/787/787
f 786/786/786 787/787/787 788/788/788
f 537/537/537 535/535/535 789/789/789
f 537/537/537 789/789/789 787/787/787
f 535/535/535 525/525/525 790/790/790
f 535/535/535 790/790/790 789/789/789
f 789/789/789 790/790/790 791/791/791
f 789/789/789 791/791/791 792/792/792
f 787/787/787 789/789/789 792/792/792
f 787/787/787 792/792/792 788/788/788
f 525/525/525 523/523/523 793/793/793
f 525/525/525 793/793/793 790/790/790
f 523/523/523 463/463/463 794/794/794
f 523/523/523 794/794/794 793/793/793
f 793/793/793 794/794/794 795/795/795
f 793/793/793 795/795/795 796/796/796
f 790/790/790 793/793/793 796/796/796
f 790/790/790 796/796/796 791/791/791
f 463/463/463 462/462/462 797/797/797
f 463/463/463 797/797/797 794/794/794
f 462/462/462 461/461/461 798/798/798
f 462/462/462 798/798/798 797/797/797
f 797/797/797 798/798/798 799/799/799
f 797/797/797 799/799/799 800/800/800
f 794/794/794 797/797/797 800/800/800
f 794/794/794 800/800/800 795/795/795
f 123/123/123 122/122/122 801/801/801
f 123/123/123 801/801/801 802/802/802
f 122/122/122 117/117/117 779/779/779
f 122/122/122 779/779/779 801/801/801
f 801/801/801 779/779/779 638/638/638
f 801/801/801 638/638/638 635/635/635
f 802/802/802 801/801/801 635/635/635
f 802/802/802 635/635/635 634/634/634
f 484/484/484 512/512/512 803/803/803
f 484/484/484 803/803/803 804/804/804
f 512/512/512 511/511/511 805/805/805
f 512/512/512 805/805/805 803/803/803
f 803/803/803 805/805/805 806/806/806
f 803/803/803 806/806/806 807/807/807
f 804/804/804 803/803/803 807/807/807
f 804/804/804 807/807/807 808/808/808
f 511/511/511 574/574/574 809/809/809
f 511/511/511 809/809/809 805/805/805
f 574/574/574 455/455/455 810/810/810
f 574/574/574 810/810/810 809/809/809
f 809/809/809 810/810/810 811/811/811
f 809/809/809 811/811/811 812/812/812
f 805/805/805 809/809/809 812/812/812
f 805/805/805 812/812/812 806/806/806
f 455/455/455 454/454/454 813/813/813
f 455/455/455 813/813/813 810/810/810
f 454/454/454 453/453/453 814/814/814
f 454/454/454 814/814/814 813/813/813
f 813/813/813 814/814/814 815/815/815
f 813/813/813 815/815/815 816/816/816
f 810/810/810 813/813/813 816/816/816
f 810/810/810 816/816/816 811/811/811
f 210/210/210 404/404/404 817/817/817
f 210/210/210 817/817/817 818/818/818
f 404/404/404 201/201/201 819/819/819
f 404/404/404 819/819/819 817/817/817
f 817/817/817 819/819/819 682/682/682
f 817/817/817 682/682/682 699/699/699
f 818/818/818 817/817/817 699/699/699
f 818/818/818 699/699/699 698/698/698
f 201/201/201 200/200/200 820/820/820
f 201/201/201 820/820/820 819/819/819
f 200/200/200 195/195/195 821/821/821
f 200/200/200 821/821/821 820/820/820
f 820/820/820 821/821/821 667/667/667
f 820/820/820 667/667/667 683/683/683
f 819/819/819 820/820/820 683/683/683
f 819/819/819 683/683/683 682/682/682
f 195/195/195 194/194/194 822/822/822
f 195/195/195 822/822/822 821/821/821
f 194/194/194 193/193/193 823/823/823
f 194/194/194 823/823/823 822/822/822
f 822/822/822 823/823/823 671/671/671
f 822/822/822 671/671/671 668/668/668
f 821/821/821 822/822/822 668/668/668
f 821/821/821 668/668/668 667/667/667
f 824/824/824 825/825/825 826/826/826
f 824/824/824 826/826/826 827/827/827
f 825/825/825 488/488/488 485/485/485
f 825/825/825 485/485/485 826/826/826
f 826/826/826 485/485/485 484/484/484
f 826/826/826 484/484/484 804/804/804
f 827/827/827 826/826/826 804/804/804
f 827/827/827 804/804/804 808/808/808
f 171/171/171 170/170/170 828/828/828
f 171/171/171 828/828/828 829/829/829
f 170/170/170 169/169/169 830/830/830
f 170/170/170 830/830/830 828/828/828
f 828/828/828 830/830/830 729/729/729
f 828/828/828 729/729/729 727/727/727
f 829/829/829 828/828/828 727/727/727
f 829/829/829 727/727/727 716/716/716
f 169/169/169 423/423/423 831/831/831
f 169/169/169 831/831/831 830/830/830
f 423/423/423 162/162/162 832/832/832
f 423/423/423 832/832/832 831/831/831
f 831/831/831 832/832/832 747/747/747
f 831/831/831 747/747/747 745/745/745
f 830/830/830 831/831/831 745/745/745
f 830/830/830 745/745/745 729/729/729
f 833/833/833 834/834/834 835/835/835
f 833/833/833 835/835/835 836/836/836
f 834/834/834 431/431/431 430/430/430
f 834/834/834 430/430/430 835/835/835
f 835/835/835 430/430/430 429/429/429
f 835/835/835 429/429/429 837/837/837
f 836/836/836 835/835/835 837/837/837
f 836/836/836 837/837/837 838/838/838
f 579/579/579 577/577/577 839/839/839
f 579/579/579 839/839/839 840/840/840
f 577/577/577 519/519/519 841/841/841
f 577/577/577 841/841/841 839/839/839
f 839/839/839 841/841/841 842/842/842
f 839/839/839 842/842/842 843/843/843
f 840/840/840 839/839/839 843/843/843
f 840/840/840 843/843/843 844/844/844
f 519/519/519 517/517/517 845/845/845
f 519/519/519 845/845/845 841/841/841
f 517/517/517 508/508/508 846/846/846
f 517/517/517 846/846/846 845/845/845
f 845/845/845 846/846/846 847/847/847
f 845/845/845 847/847/847 848/848/848
f 841/841/841 845/845/845 848/848/848
f 841/841/841 848/848/848 842/842/842
f 508/508/508 507/507/507 849/849/849
f 508/508/508 849/849/849 846/846/846
f 507/507/507 506/506/506 850/850/850
f 507/507/507 850/850/850 849/849/849
f 849/849/849 850/850/850 851/851/851
f 849/849/849 851/851/851 852/852/852
f 846/846/846 849/849/849 852/852/852
f 846/846/846 852/852/852 847/847/847
f 177/177/177 176/176/176 853/853/853
f 177/177/177 853/853/853 854/854/854
f 176/176/176 171/171/171 829/829/829
f 176/176/176 829/829/829 853/853/853
f 853/853/853 829/829/829 716/716/716
f 853/853/853 716/716/716 713/713/713
f 854/854/854 853/853/853 713/713/713
f 854/854/854 713/713/713 712/712/712
f 357/357/357 356/356/356 855/855/855
f 357/357/357 855/855/855 856/856/856
f 356/356/356 355/355/355 857/857/857
f 356/356/356 857/857/857 855/855/855
f 855/855/855 857/857/857 858/858/858
f 855/855/855 858/858/858 859/859/859
f 856/856/856 855/855/855 859/859/859
f 856/856/856 859/859/859 860/860/860
f 363/363/363 362/362/362 861/861/861
f 363/363/363 861/861/861 862/862/862
f 362/362/362 361/361/361 863/863/863
f 362/362/362 863/863/863 861/861/861
f 861/861/861 863/863/863 864/864/864
f 861/861/861 864/864/864 865/865/865
f 862/862/862 861/861/861 865/865/865
f 862/862/862 865/865/865 866/866/866
f 556/556/556 555/555/555 867/867/867
f 556/556/556 867/867/867 868/868/868
f 555/555/555 554/554/554 869/869/869
f 555/555/555 869/869/869 867/867/867
f 867/867/867 869/869/869 870/870/870
f 867/867/867 870/870/870 871/871/871
f 868/868/868 867/867/867 871/871/871
f 868/868/868 871/871/871 872/872/872
f 372/372/372 371/371/371 873/873/873
f 372/372/372 873/873/873 874/874/874
f 371/371/371 370/370/370 875/875/875
f 371/371/371 875/875/875 873/873/873
f 873/873/873 875/875/875 876/876/876
f 873/873/873 876/876/876 877/877/877
f 874/874/874 873/873/873 877/877/877
f 874/874/874 877/877/877 878/878/878
f 879/879/879 880/880/880 881/881/881
f 879/879/879 881/881/881 882/882/882
f 880/880/880 373/373/373 376/376/376
f 880/880/880 376/376/376 881/881/881
f 881/881/881 376/376/376 378/378/378
f 881/881/881 378/378/378 883/883/883
f 882/882/882 881/881/881 883/883/883
f 882/882/882 883/883/883 884/884/884
f 885/885/885 886/886/886 887/887/887
f 885/885/885 887/887/887 888/888/888
f 886/886/886 379/379/379 382/382/382
f 886/886/886 382/382/382 887/887/887
f 887/887/887 382/382/382 387/387/387
f 887/887/887 387/387/387 889/889/889
f 888/888/888 887/887/887 889/889/889
f 888/888/888 889/889/889 890/890/890
f 891/891/891 892/892/892 893/893/893
f 891/891/891 893/893/893 894/894/894
f 892/892/892 569/569/569 566/566/566
f 892/892/892 566/566/566 893/893/893
f 893/893/893 566/566/566 565/565/565
f 893/893/893 565/565/565 895/895/895
f 894/894/894 893/893/893 895/895/895
f 894/894/894 895/895/895 896/896/896
f 897/897/897 898/898/898 899/899/899
f 897/897/897 899/899/899 900/900/900
f 898/898/898 392/392/392 389/389/389
f 898/898/898 389/389/389 899/899/899
f 899/899/899 389/389/389 388/388/388
f 899/899/899 388/388/388 901/901/901
f 900/900/900 899/899/899 901/901/901
f 900/900/900 901/901/901 902/902/902
f 903/903/903 904/904/904 905/905/905
f 903/903/903 905/905/905 906/906/906
f 904/904/904 398/398/398 395/395/395
f 904/904/904 395/395/395 905/905/905
f 905/905/905 395/395/395 394/394/394
f 905/905/905 394/394/394 907/907/907
f 906/906/906 905/905/905 907/907/907
f 906/906/906 907/907/907 908/908/908
f 24/24/24 23/23/23 909/909/909
f 24/24/24 909/909/909 910/910/910
f 23/23/23 22/22/22 911/911/911
f 23/23/23 911/911/911 909/909/909
f 909/909/909 911/911/911 10/10/10
f 909/909/909 10/10/10 13/13/13
f 910/910/910 909/909/909 13/13/13
f 910/910/910 13/13/13 15/15/15
f 132/132/132 131/131/131 912/912/912
f 132/132/132 912/912/912 913/913/913
f 131/131/131 130/130/130 914/914/914
f 131/131/131 914/914/914 912/912/912
f 912/912/912 914/914/914 915/915/915
f 912/912/912 915/915/915 916/916/916
f 913/913/913 912/912/912 916/916/916
f 913/913/913 916/916/916 917/917/917
f 483/483/483 482/482/482 918/918/918
f 483/483/483 918/918/918 919/919/919
f 482/482/482 481/481/481 920/920/920
f 482/482/482 920/920/920 918/918/918
f 918/918/918 920/920/920 921/921/921
f 918/918/918 921/921/921 922/922/922
f 919/919/919 918/918/918 922/922/922
f 919/919/919 922/922/922 923/923/923
f 257/257/257 924/924/924 925/925/925
f 257/257/257 925/925/925 258/258/258
f 924/924/924 457/457/457 460/460/460
f 924/924/924 460/460/460 925/925/925
f 925/925/925 460/460/460 465/465/465
f 925/925/925 465/465/465 926/926/926
f 258/258/258 925/925/925 926/926/926
f 258/258/258 926/926/926 259/259/259
f 327/327/327 326/326/326 927/927/927
f 327/327/327 927/927/927 928/928/928
f 326/326/326 259/259/259 926/926/926
f 326/326/326 926/926/926 927/927/927
f 927/927/927 926/926/926 465/465/465
f 927/927/927 465/465/465 528/528/528
f 928/928/928 927/927/927 528/528/528
f 928/928/928 528/528/528 527/527/527
f 345/345/345 344/344/344 929/929/929
f 345/345/345 929/929/929 930/930/930
f 344/344/344 327/327/327 928/928/928
f 344/344/344 928/928/928 929/929/929
f 929/929/929 928/928/928 527/527/527
f 929/929/929 527/527/527 539/539/539
f 930/930/930 929/929/929 539/539/539
f 930/930/930 539/539/539 364/364/364
f 378/378/378 377/377/377 931/931/931
f 378/378/378 931/931/931 932/932/932
f 377/377/377 345/345/345 930/930/930
f 377/377/377 930/930/930 931/931/931
f 931/931/931 930/930/930 364/364/364
f 931/931/931 364/364/364 367/367/367
f 932/932/932 931/931/931 367/367/367
f 932/932/932 367/367/367 372/372/372
f 884/884/884 883/883/883 933/933/933
f 884/884/884 933/933/933 934/934/934
f 883/883/883 378/378/378 932/932/932
f 883/883/883 932/932/932 933/933/933
f 933/933/933 932/932/932 372/372/372
f 933/933/933 372/372/372 874/874/874
f 934/934/934 933/933/933 874/874/874
f 934/934/934 874/874/874 878/878/878
f 243/243/243 242/242/242 935/935/935
f 243/243/243 935/935/935 936/936/936
f 242/242/242 241/241/241 937/937/937
f 242/242/242 937/937/937 935/935/935
f 935/935/935 937/937/937 226/226/226
f 935/935/935 226/226/226 229/229/229
f 936/936/936 935/935/935 229/229/229
f 936/936/936 229/229/229 234/234/234
f 308/308/308 414/414/414 938/938/938
f 308/308/308 938/938/938 939/939/939
f 414/414/414 243/243/243 936/936/936
f 414/414/414 936/936/936 938/938/938
f 938/938/938 936/936/936 234/234/234
f 938/938/938 234/234/234 576/576/576
f 939/939/939 938/938/938 576/576/576
f 939/939/939 576/576/576 516/516/516
f 288/288/288 309/309/309 940/940/940
f 288/288/288 940/940/940 941/941/941
f 309/309/309 308/308/308 939/939/939
f 309/309/309 939/939/939 940/940/940
f 940/940/940 939/939/939 516/516/516
f 940/940/940 516/516/516 515/515/515
f 941/941/941 940/940/940 515/515/515
f 941/941/941 515/515/515 492/492/492
f 490/490/490 942/942/942 943/943/943
f 490/490/490 943/943/943 491/491/491
f 942/942/942 280/280/280 283/283/283
f 942/942/942 283/283/283 943/943/943
f 943/943/943 283/283/283 288/288/288
f 943/943/943 288/288/288 941/941/941
f 491/491/491 943/943/943 941/941/941
f 491/491/491 941/941/941 492/492/492
f 944/944/944 945/945/945 946/946/946
f 944/944/944 946/946/946 947/947/947
f 945/945/945 497/497/497 494/494/494
f 945/945/945 494/494/494 946/946/946
f 946/946/946 494/494/494 493/493/493
f 946/946/946 493/493/493 948/948/948
f 947/947/947 946/946/946 948/948/948
f 947/947/947 948/948/948 949/949/949
f 191/191/191 950/950/950 951/951/951
f 191/191/191 951/951/951 192/192/192
f 950/950/950 182/182/182 179/179/179
f 950/950/950 179/179/179 951/951/951
f 951/951/951 179/179/179 178/178/178
f 951/951/951 178/178/178 952/952/952
f 192/192/192 951/951/951 952/952/952
f 192/192/192 952/952/952 193/193/193
f 83/83/83 953/953/953 954/954/954
f 83/83/83 954/954/954 84/84/84
f 953/953/953 74/74/74 71/71/71
f 953/953/953 71/71/71 954/954/954
f 954/954/954 71/71/71 70/70/70
f 954/954/954 70/70/70 955/955/955
f 84/84/84 954/954/954 955/955/955
f 84/84/84 955/955/955 85/85/85
f 78/78/78 77/77/77 956/956/956
f 78/78/78 956/956/956 957/957/957
f 77/77/77 76/76/76 958/958/958
f 77/77/77 958/958/958 956/956/956
f 956/956/956 958/958/958 64/64/64
f 956/956/956 64/64/64 67/67/67
f 957/957/957 956/956/956 67/67/67
f 957/957/957 67/67/67 69/69/69
f 186/186/186 185/185/185 959/959/959
f 186/186/186 959/959/959 960/960/960
f 185/185/185 184/184/184 961/961/961
f 185/185/185 961/961/961 959/959/959
f 959/959/959 961/961/961 172/172/172
f 959/959/959 172/172/172 175/175/175
f 960/960/960 959/959/959 175/175/175
f 960/960/960 175/175/175 177/177/177
f 501/501/501 500/500/500 962/962/962
f 501/501/501 962/962/962 963/963/963
f 500/500/500 499/499/499 964/964/964
f 500/500/500 964/964/964 962/962/962
f 962/962/962 964/964/964 965/965/965
f 962/962/962 965/965/965 966/966/966
f 963/963/963 962/962/962 966/966/966
f 963/963/963 966/966/966 967/967/967
f 510/510/510 968/968/968 969/969/969
f 510/510/510 969/969/969 505/505/505
f 968/968/968 286/286/286 285/285/285
f 968/968/968 285/285/285 969/969/969
f 969/969/969 285/285/285 284/284/284
f 969/969/969 284/284/284 970/970/970
f 505/505/505 969/969/969 970/970/970
f 505/505/505 970/970/970 502/502/502
f 521/521/521 971/971/971 972/972/972
f 521/521/521 972/972/972 522/522/522
f 971/971/971 306/306/306 304/304/304
f 971/971/971 304/304/304 972/972/972
f 972/972/972 304/304/304 286/286/286
f 972/972/972 286/286/286 968/968/968
f 522/522/522 972/972/972 968/968/968
f 522/522/522 968/968/968 510/510/510
f 581/581/581 973/973/973 974/974/974
f 581/581/581 974/974/974 582/582/582
f 973/973/973 235/235/235 412/412/412
f 973/973/973 412/412/412 974/974/974
f 974/974/974 412/412/412 306/306/306
f 974/974/974 306/306/306 971/971/971
f 582/582/582 974/974/974 971/971/971
f 582/582/582 971/971/971 521/521/521
f 975/975/975 976/976/976 977/977/977
f 975/975/975 977/977/977 978/978/978
f 976/976/976 239/239/239 236/236/236
f 976/976/976 236/236/236 977/977/977
f 977/977/977 236/236/236 235/235/235
f 977/977/977 235/235/235 973/973/973
f 978/978/978 977/977/977 973/973/973
f 978/978/978 973/973/973 581/581/581
f 979/979/979 980/980/980 981/981/981
f 979/979/979 981/981/981 982/982/982
f 980/980/980 373/373/373 880/880/880
f 980/980/980 880/880/880 981/981/981
f 981/981/981 880/880/880 879/879/879
f 981/981/981 879/879/879 983/983/983
f 982/982/982 981/981/981 983/983/983
f 982/982/982 983/983/983 984/984/984
f 545/545/545 985/985/985 986/986/986
f 545/545/545 986/986/986 987/987/987
f 985/985/985 340/340/340 374/374/374
f 985/985/985 374/374/374 986/986/986
f 986/986/986 374/374/374 373/373/373
f 986/986/986 373/373/373 980/980/980
f 987/987/987 986/986/986 980/980/980
f 987/987/987 980/980/980 979/979/979
f 534/534/534 988/988/988 989/989/989
f 534/534/534 989/989/989 544/544/544
f 988/988/988 322/322/322 341/341/341
f 988/988/988 341/341/341 989/989/989
f 989/989/989 341/341/341 340/340/340
f 989/989/989 340/340/340 985/985/985
f 544/544/544 989/989/989 985/985/985
f 544/544/544 985/985/985 545/545/545
f 474/474/474 990/990/990 991/991/991
f 474/474/474 991/991/991 533/533/533
f 990/990/990 261/261/261 323/323/323
f 990/990/990 323/323/323 991/991/991
f 991/991/991 323/323/323 322/322/322
f 991/991/991 322/322/322 988/988/988
f 533/533/533 991/991/991 988/988/988
f 533/533/533 988/988/988 534/534/534
f 472/472/472 992/992/992 993/993/993
f 472/472/472 993/993/993 473/473/473
f 992/992/992 253/253/253 256/256/256
f 992/992/992 256/256/256 993/993/993
f 993/993/993 256/256/256 261/261/261
f 993/993/993 261/261/261 990/990/990
f 473/473/473 993/993/993 990/990/990
f 473/473/473 990/990/990 474/474/474
f 994/994/994 995/995/995 996/996/996
f 994/994/994 996/996/996 997/997/997
f 995/995/995 479/479/479 476/476/476
f 995/995/995 476/476/476 996/996/996
f 996/996/996 476/476/476 475/475/475
f 996/996/996 475/475/475 998/998/998
f 997/997/997 996/996/996 998/998/998
f 997/997/997 998/998/998 999/999/999
f 137/137/137 1000/1000/1000 1001/1001/1001
f 137/137/137 1001/1001/1001 138/138/138
f 1000/1000/1000 128/128/128 125/125/125
f 1000/1000/1000 125/125/125 1001/1001/1001
f 1001/1001/1001 125/125/125 124/124/124
f 1001/1001/1001 124/124/124 1002/1002/1002
f 138/138/138 1001/1001/1001 1002/1002/1002
f 138/138/138 1002/1002/1002 139/139/139
f 29/29/29 1003/1003/1003 1004/1004/1004
f 29/29/29 1004/1004/1004 30/30/30
f 1003/1003/1003 20/20/20 17/17/17
f 1003/1003/1003 17/17/17 1004/1004/1004
f 1004/1004/1004 17/17/17 16/16/16
f 1004/1004/1004 16/16/16 1005/1005/1005
f 30/30/30 1004/1004/1004 1005/1005/1005
f 30/30/30 1005/1005/1005 31/31/31
f 52/52/52 51/51/51 1006/1006/1006
f 52/52/52 1006/1006/1006 1007/1007/1007
f 51/51/51 50/50/50 1008/1008/1008
f 51/51/51 1008/1008/1008 1006/1006/1006
f 1006/1006/1006 1008/1008/1008 903/903/903
f 1006/1006/1006 903/903/903 906/906/906
f 1007/1007/1007 1006/1006/1006 906/906/906
f 1007/1007/1007 906/906/906 908/908/908
f 160/160/160 159/159/159 1009/1009/1009
f 160/160/160 1009/1009/1009 1010/1010/1010
f 159/159/159 158/158/158 1011/1011/1011
f 159/159/159 1011/1011/1011 1009/1009/1009
f 1009/1009/1009 1011/1011/1011 897/897/897
f 1009/1009/1009 897/897/897 900/900/900
f 1010/1010/1010 1009/1009/1009 900/900/900
f 1010/1010/1010 900/900/900 902/902/902
f 439/439/439 438/438/438 1012/1012/1012
f 439/439/439 1012/1012/1012 1013/1013/1013
f 438/438/438 437/437/437 1014/1014/1014
f 438/438/438 1014/1014/1014 1012/1012/1012
f 1012/1012/1012 1014/1014/1014 891/891/891
f 1012/1012/1012 891/891/891 894/894/894
f 1013/1013/1013 1012/1012/1012 894/894/894
f 1013/1013/1013 894/894/894 896/896/896
f 221/221/221 1015/1015/1015 1016/1016/1016
f 221/221/221 1016/1016/1016 222/222/222
f 1015/1015/1015 885/885/885 888/888/888
f 1015/1015/1015 888/888/888 1016/1016/1016
f 1016/1016/1016 888/888/888 890/890/890
f 1016/1016/1016 890/890/890 1017/1017/1017
f 222/222/222 1016/1016/1016 1017/1017/1017
f 222/222/222 1017/1017/1017 223/223/223
f 984/984/984 983/983/983 1018/1018/1018
f 984/984/984 1018/1018/1018 1019/1019/1019
f 983/983/983 879/879/879 1020/1020/1020
f 983/983/983 1020/1020/1020 1018/1018/1018
f 1018/1018/1018 1020/1020/1020 239/239/239
f 1018/1018/1018 239/239/239 976/976/976
f 1019/1019/1019 1018/1018/1018 976/976/976
f 1019/1019/1019 976/976/976 975/975/975
f 241/241/241 240/240/240 1021/1021/1021
f 241/241/241 1021/1021/1021 1022/1022/1022
f 240/240/240 239/239/239 1020/1020/1020
f 240/240/240 1020/1020/1020 1021/1021/1021
f 1021/1021/1021 1020/1020/1020 879/879/879
f 1021/1021/1021 879/879/879 882/882/882
f 1022/1022/1022 1021/1021/1021 882/882/882
f 1022/1022/1022 882/882/882 884/884/884
f 226/226/226 937/937/937 1023/1023/1023
f 226/226/226 1023/1023/1023 1024/1024/1024
f 937/937/937 241/241/241 1022/1022/1022
f 937/937/937 1022/1022/1022 1023/1023/1023
f 1023/1023/1023 1022/1022/1022 884/884/884
f 1023/1023/1023 884/884/884 934/934/934
f 1024/1024/1024 1023/1023/1023 934/934/934
f 1024/1024/1024 934/934/934 878/878/878
f 878/878/878 877/877/877 1025/1025/1025
f 878/878/878 1025/1025/1025 1024/1024/1024
f 877/877/877 876/876/876 1026/1026/1026
f 877/877/877 1026/1026/1026 1025/1025/1025
f 1025/1025/1025 1026/1026/1026 230/230/230
f 1025/1025/1025 230/230/230 227/227/227
f 1024/1024/1024 1025/1025/1025 227/227/227
f 1024/1024/1024 227/227/227 226/226/226
f 870/870/870 1027/1027/1027 1028/1028/1028
f 870/870/870 1028/1028/1028 871/871/871
f 1027/1027/1027 446/446/446 443/443/443
f 1027/1027/1027 443/443/443 1028/1028/1028
f 1028/1028/1028 443/443/443 442/442/442
f 1028/1028/1028 442/442/442 1029/1029/1029
f 871/871/871 1028/1028/1028 1029/1029/1029
f 871/871/871 1029/1029/1029 872/872/872
f 864/864/864 1030/1030/1030 1031/1031/1031
f 864/864/864 1031/1031/1031 865/865/865
f 1030/1030/1030 206/206/206 203/203/203
f 1030/1030/1030 203/203/203 1031/1031/1031
f 1031/1031/1031 203/203/203 202/202/202
f 1031/1031/1031 202/202/202 1032/1032/1032
f 865/865/865 1031/1031/1031 1032/1032/1032
f 865/865/865 1032/1032/1032 866/866/866
f 858/858/858 1033/1033/1033 1034/1034/1034
f 858/858/858 1034/1034/1034 859/859/859
f 1033/1033/1033 98/98/98 95/95/95
f 1033/1033/1033 95/95/95 1034/1034/1034
f 1034/1034/1034 95/95/95 94/94/94
f 1034/1034/1034 94/94/94 1035/1035/1035
f 859/859/859 1034/1034/1034 1035/1035/1035
f 859/859/859 1035/1035/1035 860/860/860
f 333/333/333 332/332/332 1036/1036/1036
f 333/333/333 1036/1036/1036 1037/1037/1037
f 332/332/332 252/252/252 251/251/251
f 332/332/332 251/251/251 1036/1036/1036
f 1036/1036/1036 251/251/251 250/250/250
f 1036/1036/1036 250/250/250 603/603/603
f 1037/1037/1037 1036/1036/1036 603/603/603
f 1037/1037/1037 603/603/603 602/602/602
f 339/339/339 338/338/338 1038/1038/1038
f 339/339/339 1038/1038/1038 1039/1039/1039
f 338/338/338 333/333/333 1037/1037/1037
f 338/338/338 1037/1037/1037 1038/1038/1038
f 1038/1038/1038 1037/1037/1037 602/602/602
f 1038/1038/1038 602/602/602 615/615/615
f 1039/1039/1039 1038/1038/1038 615/615/615
f 1039/1039/1039 615/615/615 614/614/614
f 612/612/612 1040/1040/1040 1041/1041/1041
f 612/612/612 1041/1041/1041 613/613/613
f 1040/1040/1040 618/618/618 616/616/616
f 1040/1040/1040 616/616/616 1041/1041/1041
f 1041/1041/1041 616/616/616 339/339/339
f 1041/1041/1041 339/339/339 1039/1039/1039
f 613/613/613 1041/1041/1041 1039/1039/1039
f 613/613/613 1039/1039/1039 614/614/614
f 540/540/540 1042/1042/1042 1043/1043/1043
f 540/540/540 1043/1043/1043 762/762/762
f 1042/1042/1042 563/563/563 766/766/766
f 1042/1042/1042 766/766/766 1043/1043/1043
f 1043/1043/1043 766/766/766 765/765/765
f 1043/1043/1043 765/765/765 1044/1044/1044
f 762/762/762 1043/1043/1043 1044/1044/1044
f 762/762/762 1044/1044/1044 763/763/763
f 385/385/385 564/564/564 1045/1045/1045
f 385/385/385 1045/1045/1045 1046/1046/1046
f 564/564/564 563/563/563 1042/1042/1042
f 564/564/564 1042/1042/1042 1045/1045/1045
f 1045/1045/1045 1042/1042/1042 540/540/540
f 1045/1045/1045 540/540/540 543/543/543
f 1046/1046/1046 1045/1045/1045 543/543/543
f 1046/1046/1046 543/543/543 545/545/545
f 387/387/387 386/386/386 1047/1047/1047
f 387/387/387 1047/1047/1047 1048/1048/1048
f 386/386/386 385/385/385 1046/1046/1046
f 386/386/386 1046/1046/1046 1047/1047/1047
f 1047/1047/1047 1046/1046/1046 545/545/545
f 1047/1047/1047 545/545/545 987/987/987
f 1048/1048/1048 1047/1047/1047 987/987/987
f 1048/1048/1048 987/987/987 979/979/979
f 890/890/890 889/889/889 1049/1049/1049
f 890/890/890 1049/1049/1049 1050/1050/1050
f 889/889/889 387/387/387 1048/1048/1048
f 889/889/889 1048/1048/1048 1049/1049/1049
f 1049/1049/1049 1048/1048/1048 979/979/979
f 1049/1049/1049 979/979/979 982/982/982
f 1050/1050/1050 1049/1049/1049 982/982/982
f 1050/1050/1050 982/982/982 984/984/984
f 223/223/223 1017/1017/1017 1051/1051/1051
f 223/223/223 1051/1051/1051 1052/1052/1052
f 1017/1017/1017 890/890/890 1050/1050/1050
f 1017/1017/1017 1050/1050/1050 1051/1051/1051
f 1051/1051/1051 1050/1050/1050 984/984/984
f 1051/1051/1051 984/984/984 1019/1019/1019
f 1052/1052/1052 1051/1051/1051 1019/1019/1019
f 1052/1052/1052 1019/1019/1019 975/975/975
f 225/225/225 224/224/224 1053/1053/1053
f 225/225/225 1053/1053/1053 1054/1054/1054
f 224/224/224 223/223/223 1052/1052/1052
f 224/224/224 1052/1052/1052 1053/1053/1053
f 1053/1053/1053 1052/1052/1052 975/975/975
f 1053/1053/1053 975/975/975 978/978/978
f 1054/1054/1054 1053/1053/1053 978/978/978
f 1054/1054/1054 978/978/978 581/581/581
f 579/579/579 1055/1055/1055 1056/1056/1056
f 579/579/579 1056/1056/1056 580/580/580
f 1055/1055/1055 429/429/429 427/427/427
f 1055/1055/1055 427/427/427 1056/1056/1056
f 1056/1056/1056 427/427/427 225/225/225
f 1056/1056/1056 225/225/225 1054/1054/1054
f 580/580/580 1056/1056/1056 1054/1054/1054
f 580/580/580 1054/1054/1054 581/581/581
f 838/838/838 837/837/837 1057/1057/1057
f 838/838/838 1057/1057/1057 1058/1058/1058
f 837/837/837 429/429/429 1055/1055/1055
f 837/837/837 1055/1055/1055 1057/1057/1057
f 1057/1057/1057 1055/1055/1055 579/579/579
f 1057/1057/1057 579/579/579 840/840/840
f 1058/1058/1058 1057/1057/1057 840/840/840
f 1058/1058/1058 840/840/840 844/844/844
f 419/419/419 738/738/738 1059/1059/1059
f 419/419/419 1059/1059/1059 1060/1060/1060
f 738/738/738 737/737/737 1061/1061/1061
f 738/738/738 1061/1061/1061 1059/1059/1059
f 1059/1059/1059 1061/1061/1061 739/739/739
f 1059/1059/1059 739/739/739 742/742/742
f 1060/1060/1060 1059/1059/1059 742/742/742
f 1060/1060/1060 742/742/742 744/744/744
f 302/302/302 420/420/420 1062/1062/1062
f 302/302/302 1062/1062/1062 1063/1063/1063
f 420/420/420 419/419/419 1060/1060/1060
f 420/420/420 1060/1060/1060 1062/1062/1062
f 1062/1062/1062 1060/1060/1060 744/744/744
f 1062/1062/1062 744/744/744 743/743/743
f 1063/1063/1063 1062/1062/1062 743/743/743
f 1063/1063/1063 743/743/743 726/726/726
f 295/295/295 303/303/303 1064/1064/1064
f 295/295/295 1064/1064/1064 296/296/296
f 303/303/303 302/302/302 1063/1063/1063
f 303/303/303 1063/1063/1063 1064/1064/1064
f 1064/1064/1064 1063/1063/1063 726/726/726
f 1064/1064/1064 726/726/726 725/725/725
f 296/296/296 1064/1064/1064 725/725/725
f 296/296/296 725/725/725 297/297/297
f 266/266/266 1065/1065/1065 1066/1066/1066
f 266/266/266 1066/1066/1066 267/267/267
f 1065/1065/1065 1067/1067/1067 1068/1068/1068
f 1065/1065/1065 1068/1068/1068 1066/1066/1066
f 1066/1066/1066 1068/1068/1068 318/318/318
f 1066/1066/1066 318/318/318 316/316/316
f 267/267/267 1066/1066/1066 316/316/316
f 267/267/267 316/316/316 268/268/268
f 349/349/349 348/348/348 1069/1069/1069
f 349/349/349 1069/1069/1069 1070/1070/1070
f 348/348/348 318/318/318 1068/1068/1068
f 348/348/348 1068/1068/1068 1069/1069/1069
f 1069/1069/1069 1068/1068/1068 1067/1067/1067
f 1069/1069/1069 1067/1067/1067 1071/1071/1071
f 1070/1070/1070 1069/1069/1069 1071/1071/1071
f 1070/1070/1070 1071/1071/1071 1072/1072/1072
f 1072/1072/1072 1073/1073/1073 1074/1074/1074
f 1072/1072/1072 1074/1074/1074 1070/1070/1070
f 1073/1073/1073 1075/1075/1075 1076/1076/1076
f 1073/1073/1073 1076/1076/1076 1074/1074/1074
f 1074/1074/1074 1076/1076/1076 661/661/661
f 1074/1074/1074 661/661/661 659/659/659
f 1070/1070/1070 1074/1074/1074 659/659/659
f 1070/1070/1070 659/659/659 349/349/349
f 1077/1077/1077 1078/1078/1078 1079/1079/1079
f 1077/1077/1077 1079/1079/1079 1080/1080/1080
f 1078/1078/1078 1081/1081/1081 1082/1082/1082
f 1078/1078/1078 1082/1082/1082 1079/1079/1079
f 1079/1079/1079 1082/1082/1082 548/548/548
f 1079/1079/1079 548/548/548 784/784/784
f 1080/1080/1080 1079/1079/1079 784/784/784
f 1080/1080/1080 784/784/784 783/783/783
f 368/368/368 549/549/549 1083/1083/1083
f 368/368/368 1083/1083/1083 1084/1084/1084
f 549/549/549 548/548/548 1082/1082/1082
f 549/549/549 1082/1082/1082 1083/1083/1083
f 1083/1083/1083 1082/1082/1082 1081/1081/1081
f 1083/1083/1083 1081/1081/1081 1085/1085/1085
f 1084/1084/1084 1083/1083/1083 1085/1085/1085
f 1084/1084/1084 1085/1085/1085 1086/1086/1086
f 370/370/370 369/369/369 1087/1087/1087
f 370/370/370 1087/1087/1087 1088/1088/1088
f 369/369/369 368/368/368 1084/1084/1084
f 369/369/369 1084/1084/1084 1087/1087/1087
f 1087/1087/1087 1084/1084/1084 1086/1086/1086
f 1087/1087/1087 1086/1086/1086 1089/1089/1089
f 1088/1088/1088 1087/1087/1087 1089/1089/1089
f 1088/1088/1088 1089/1089/1089 1090/1090/1090
f 876/876/876 875/875/875 1091/1091/1091
f 876/876/876 1091/1091/1091 1092/1092/1092
f 875/875/875 370/370/370 1088/1088/1088
f 875/875/875 1088/1088/1088 1091/1091/1091
f 1091/1091/1091 1088/1088/1088 1090/1090/1090
f 1091/1091/1091 1090/1090/1090 1093/1093/1093
f 1092/1092/1092 1091/1091/1091 1093/1093/1093
f 1092/1092/1092 1093/1093/1093 1094/1094/1094
f 230/230/230 1026/1026/1026 1095/1095/1095
f 230/230/230 1095/1095/1095 1096/1096/1096
f 1026/1026/1026 876/876/876 1092/1092/1092
f 1026/1026/1026 1092/1092/1092 1095/1095/1095
f 1095/1095/1095 1092/1092/1092 1094/1094/1094
f 1095/1095/1095 1094/1094/1094 1097/1097/1097
f 1096/1096/1096 1095/1095/1095 1097/1097/1097
f 1096/1096/1096 1097/1097/1097 1098/1098/1098
f 232/232/232 231/231/231 1099/1099/1099
f 232/232/232 1099/1099/1099 1100/1100/1100
f 231/231/231 230/230/230 1096/1096/1096
f 231/231/231 1096/1096/1096 1099/1099/1099
f 1099/1099/1099 1096/1096/1096 1098/1098/1098
f 1099/1099/1099 1098/1098/1098 1101/1101/1101
f 1100/1100/1100 1099/1099/1099 1101/1101/1101
f 1100/1100/1100 1101/1101/1101 1102/1102/1102
f 1102/1102/1102 1103/1103/1103 1104/1104/1104
f 1102/1102/1102 1104/1104/1104 1100/1100/1100
f 1103/1103/1103 1105/1105/1105 1106/1106/1106
f 1103/1103/1103 1106/1106/1106 1104/1104/1104
f 1104/1104/1104 1106/1106/1106 453/453/453
f 1104/1104/1104 453/453/453 451/451/451
f 1100/1100/1100 1104/1104/1104 451/451/451
f 1100/1100/1100 451/451/451 232/232/232
f 815/815/815 814/814/814 1107/1107/1107
f 815/815/815 1107/1107/1107 1108/1108/1108
f 814/814/814 453/453/453 1106/1106/1106
f 814/814/814 1106/1106/1106 1107/1107/1107
f 1107/1107/1107 1106/1106/1106 1105/1105/1105
f 1107/1107/1107 1105/1105/1105 1109/1109/1109
f 1108/1108/1108 1107/1107/1107 1109/1109/1109
f 1108/1108/1108 1109/1109/1109 1110/1110/1110
f 410/410/410 697/697/697 1111/1111/1111
f 410/410/410 1111/1111/1111 1112/1112/1112
f 697/697/697 696/696/696 1113/1113/1113
f 697/697/697 1113/1113/1113 1111/1111/1111
f 1111/1111/1111 1113/1113/1113 1114/1114/1114
f 1111/1111/1111 1114/1114/1114 1115/1115/1115
f 1112/1112/1112 1111/1111/1111 1115/1115/1115
f 1112/1112/1112 1115/1115/1115 1116/1116/1116
f 314/314/314 411/411/411 1117/1117/1117
f 314/314/314 1117/1117/1117 1118/1118/1118
f 411/411/411 410/410/410 1112/1112/1112
f 411/411/411 1112/1112/1112 1117/1117/1117
f 1117/1117/1117 1112/1112/1112 1116/1116/1116
f 1117/1117/1117 1116/1116/1116 1119/1119/1119
f 1118/1118/1118 1117/1117/1117 1119/1119/1119
f 1118/1118/1118 1119/1119/1119 1120/1120/1120
f 275/275/275 315/315/315 1121/1121/1121
f 275/275/275 1121/1121/1121 276/276/276
f 315/315/315 314/314/314 1118/1118/1118
f 315/315/315 1118/1118/1118 1121/1121/1121
f 1121/1121/1121 1118/1118/1118 1120/1120/1120
f 1121/1121/1121 1120/1120/1120 1122/1122/1122
f 276/276/276 1121/1121/1121 1122/1122/1122
f 276/276/276 1122/1122/1122 277/277/277
f 799/799/799 798/798/798 1123/1123/1123
f 799/799/799 1123/1123/1123 1124/1124/1124
f 798/798/798 461/461/461 1125/1125/1125
f 798/798/798 1125/1125/1125 1123/1123/1123
f 1123/1123/1123 1125/1125/1125 1126/1126/1126
f 1123/1123/1123 1126/1126/1126 1127/1127/1127
f 1124/1124/1124 1123/1123/1123 1127/1127/1127
f 1124/1124/1124 1127/1127/1127 1128/1128/1128
f 262/262/262 633/633/633 1129/1129/1129
f 262/262/262 1129/1129/1129 1130/1130/1130
f 633/633/633 632/632/632 1131/1131/1131
f 633/633/633 1131/1131/1131 1129/1129/1129
f 1129/1129/1129 1131/1131/1131 1132/1132/1132
f 1129/1129/1129 1132/1132/1132 1133/1133/1133
f 1130/1130/1130 1129/1129/1129 1133/1133/1133
f 1130/1130/1130 1133/1133/1133 1134/1134/1134
f 1134/1134/1134 1135/1135/1135 1136/1136/1136
f 1134/1134/1134 1136/1136/1136 1130/1130/1130
f 1135/1135/1135 1137/1137/1137 1138/1138/1138
f 1135/1135/1135 1138/1138/1138 1136/1136/1136
f 1136/1136/1136 1138/1138/1138 266/266/266
f 1136/1136/1136 266/266/266 263/263/263
f 1130/1130/1130 1136/1136/1136 263/263/263
f 1130/1130/1130 263/263/263 262/262/262
f 1137/1137/1137 1139/1139/1139 1140/1140/1140
f 1137/1137/1137 1140/1140/1140 1138/1138/1138
f 1139/1139/1139 1141/1141/1141 1142/1142/1142
f 1139/1139/1139 1142/1142/1142 1140/1140/1140
f 1140/1140/1140 1142/1142/1142 1067/1067/1067
f 1140/1140/1140 1067/1067/1067 1065/1065/1065
f 1138/1138/1138 1140/1140/1140 1065/1065/1065
f 1138/1138/1138 1065/1065/1065 266/266/266
f 1072/1072/1072 1071/1071/1071 1143/1143/1143
f 1072/1072/1072 1143/1143/1143 1144/1144/1144
f 1071/1071/1071 1067/1067/1067 1142/1142/1142
f 1071/1071/1071 1142/1142/1142 1143/1143/1143
f 1143/1143/1143 1142/1142/1142 1141/1141/1141
f 1143/1143/1143 1141/1141/1141 1145/1145/1145
f 1144/1144/1144 1143/1143/1143 1145/1145/1145
f 1144/1144/1144 1145/1145/1145 1146/1146/1146
f 1146/1146/1146 1147/1147/1147 1148/1148/1148
f 1146/1146/1146 1148/1148/1148 1144/1144/1144
f 1147/1147/1147 1149/1149/1149 1150/1150/1150
f 1147/1147/1147 1150/1150/1150 1148/1148/1148
f 1148/1148/1148 1150/1150/1150 1075/1075/1075
f 1148/1148/1148 1075/1075/1075 1073/1073/1073
f 1144/1144/1144 1148/1148/1148 1073/1073/1073
f 1144/1144/1144 1073/1073/1073 1072/1072/1072
f 1151/1151/1151 1152/1152/1152 1153/1153/1153
f 1151/1151/1151 1153/1153/1153 1154/1154/1154
f 1152/1152/1152 1155/1155/1155 1156/1156/1156
f 1152/1152/1152 1156/1156/1156 1153/1153/1153
f 1153/1153/1153 1156/1156/1156 1081/1081/1081
f 1153/1153/1153 1081/1081/1081 1078/1078/1078
f 1154/1154/1154 1153/1153/1153 1078/1078/1078
f 1154/1154/1154 1078/1078/1078 1077/1077/1077
f 1086/1086/1086 1085/1085/1085 1157/1157/1157
f 1086/1086/1086 1157/1157/1157 1158/1158/1158
f 1085/1085/1085 1081/1081/1081 1156/1156/1156
f 1085/1085/1085 1156/1156/1156 1157/1157/1157
f 1157/1157/1157 1156/1156/1156 1155/1155/1155
f 1157/1157/1157 1155/1155/1155 1159/1159/1159
f 1158/1158/1158 1157/1157/1157 1159/1159/1159
f 1158/1158/1158 1159/1159/1159 1160/1160/1160
f 1090/1090/1090 1089/1089/1089 1161/1161/1161
f 1090/1090/1090 1161/1161/1161 1162/1162/1162
f 1089/1089/1089 1086/1086/1086 1158/1158/1158
f 1089/1089/1089 1158/1158/1158 1161/1161/1161
f 1161/1161/1161 1158/1158/1158 1160/1160/1160
f 1161/1161/1161 1160/1160/1160 1163/1163/1163
f 1162/1162/1162 1161/1161/1161 1163/1163/1163
f 1162/1162/1162 1163/1163/1163 1164/1164/1164
f 1094/1094/1094 1093/1093/1093 1165/1165/1165
f 1094/1094/1094 1165/1165/1165 1166/1166/1166
f 1093/1093/1093 1090/1090/1090 1162/1162/1162
f 1093/1093/1093 1162/1162/1162 1165/1165/1165
f 1165/1165/1165 1162/1162/1162 1164/1164/1164
f 1165/1165/1165 1164/1164/1164 1167/1167/1167
f 1166/1166/1166 1165/1165/1165 1167/1167/1167
f 1166/1166/1166 1167/1167/1167 1168/1168/1168
f 1098/1098/1098 1097/1097/1097 1169/1169/1169
f 1098/1098/1098 1169/1169/1169 1170/1170/1170
f 1097/1097/1097 1094/1094/1094 1166/1166/1166
f 1097/1097/1097 1166/1166/1166 1169/1169/1169
f 1169/1169/1169 1166/1166/1166 1168/1168/1168
f 1169/1169/1169 1168/1168/1168 1171/1171/1171
f 1170/1170/1170 1169/1169/1169 1171/1171/1171
f 1170/1170/1170 1171/1171/1171 1172/1172/1172
f 1102/1102/1102 1101/1101/1101 1173/1173/1173
f 1102/1102/1102 1173/1173/1173 1174/1174/1174
f 1101/1101/1101 1098/1098/1098 1170/1170/1170
f 1101/1101/1101 1170/1170/1170 1173/1173/1173
f 1173/1173/1173 1170/1170/1170 1172/1172/1172
f 1173/1173/1173 1172/1172/1172 1175/1175/1175
f 1174/1174/1174 1173/1173/1173 1175/1175/1175
f 1174/1174/1174 1175/1175/1175 1176/1176/1176
f 1176/1176/1176 1177/1177/1177 1178/1178/1178
f 1176/1176/1176 1178/1178/1178 1174/1174/1174
f 1177/1177/1177 1179/1179/1179 1180/1180/1180
f 1177/1177/1177 1180/1180/1180 1178/1178/1178
f 1178/1178/1178 1180/1180/1180 1105/1105/1105
f 1178/1178/1178 1105/1105/1105 1103/1103/1103
f 1174/1174/1174 1178/1178/1178 1103/1103/1103
f 1174/1174/1174 1103/1103/1103 1102/1102/1102
f 1110/1110/1110 1109/1109/1109 1181/1181/1181
f 1110/1110/1110 1181/1181/1181 1182/1182/1182
f 1109/1109/1109 1105/1105/1105 1180/1180/1180
f 1109/1109/1109 1180/1180/1180 1181/1181/1181
f 1181/1181/1181 1180/1180/1180 1179/1179/1179
f 1181/1181/1181 1179/1179/1179 1183/1183/1183
f 1182/1182/1182 1181/1181/1181 1183/1183/1183
f 1182/1182/1182 1183/1183/1183 1184/1184/1184
f 1116/1116/1116 1115/1115/1115 1185/1185/1185
f 1116/1116/1116 1185/1185/1185 1186/1186/1186
f 1115/1115/1115 1114/1114/1114 1187/1187/1187
f 1115/1115/1115 1187/1187/1187 1185/1185/1185
f 1185/1185/1185 1187/1187/1187 1188/1188/1188
f 1185/1185/1185 1188/1188/1188 1189/1189/1189
f 1186/1186/1186 1185/1185/1185 1189/1189/1189
f 1186/1186/1186 1189/1189/1189 1190/1190/1190
f 1120/1120/1120 1119/1119/1119 1191/1191/1191
f 1120/1120/1120 1191/1191/1191 1192/1192/1192
f 1119/1119/1119 1116/1116/1116 1186/1186/1186
f 1119/1119/1119 1186/1186/1186 1191/1191/1191
f 1191/1191/1191 1186/1186/1186 1190/1190/1190
f 1191/1191/1191 1190/1190/1190 1193/1193/1193
f 1192/1192/1192 1191/1191/1191 1193/1193/1193
f 1192/1192/1192 1193/1193/1193 1194/1194/1194
f 277/277/277 1122/1122/1122 1195/1195/1195
f 277/277/277 1195/1195/1195 1196/1196/1196
f 1122/1122/1122 1120/1120/1120 1192/1192/1192
f 1122/1122/1122 1192/1192/1192 1195/1195/1195
f 1195/1195/1195 1192/1192/1192 1194/1194/1194
f 1195/1195/1195 1194/1194/1194 1197/1197/1197
f 1196/1196/1196 1195/1195/1195 1197/1197/1197
f 1196/1196/1196 1197/1197/1197 1198/1198/1198
f 279/279/279 278/278/278 1199/1199/1199
f 279/279/279 1199/1199/1199 1200/1200/1200
f 278/278/278 277/277/277 1196/1196/1196
f 278/278/278 1196/1196/1196 1199/1199/1199
f 1199/1199/1199 1196/1196/1196 1198/1198/1198
f 1199/1199/1199 1198/1198/1198 1201/1201/1201
f 1200/1200/1200 1199/1199/1199 1201/1201/1201
f 1200/1200/1200 1201/1201/1201 1202/1202/1202
f 1202/1202/1202 1203/1203/1203 1204/1204/1204
f 1202/1202/1202 1204/1204/1204 1200/1200/1200
f 1203/1203/1203 1205/1205/1205 1206/1206/1206
f 1203/1203/1203 1206/1206/1206 1204/1204/1204
f 1204/1204/1204 1206/1206/1206 678/678/678
f 1204/1204/1204 678/678/678 676/676/676
f 1200/1200/1200 1204/1204/1204 676/676/676
f 1200/1200/1200 676/676/676 279/279/279
f 1207/1207/1207 1208/1208/1208 1209/1209/1209
f 1207/1207/1207 1209/1209/1209 1210/1210/1210
f 1208/1208/1208 1211/1211/1211 1212/1212/1212
f 1208/1208/1208 1212/1212/1212 1209/1209/1209
f 1209/1209/1209 1212/1212/1212 488/488/488
f 1209/1209/1209 488/488/488 825/825/825
f 1210/1210/1210 1209/1209/1209 825/825/825
f 1210/1210/1210 825/825/825 824/824/824
f 490/490/490 489/489/489 1213/1213/1213
f 490/490/490 1213/1213/1213 1214/1214/1214
f 489/489/489 488/488/488 1212/1212/1212
f 489/489/489 1212/1212/1212 1213/1213/1213
f 1213/1213/1213 1212/1212/1212 1211/1211/1211
f 1213/1213/1213 1211/1211/1211 1215/1215/1215
f 1214/1214/1214 1213/1213/1213 1215/1215/1215
f 1214/1214/1214 1215/1215/1215 1216/1216/1216
f 1216/1216/1216 1217/1217/1217 1218/1218/1218
f 1216/1216/1216 1218/1218/1218 1214/1214/1214
f 1217/1217/1217 1219/1219/1219 1220/1220/1220
f 1217/1217/1217 1220/1220/1220 1218/1218/1218
f 1218/1218/1218 1220/1220/1220 280/280/280
f 1218/1218/1218 280/280/280 942/942/942
f 1214/1214/1214 1218/1218/1218 942/942/942
f 1214/1214/1214 942/942/942 490/490/490
f 1219/1219/1219 1221/1221/1221 1222/1222/1222
f 1219/1219/1219 1222/1222/1222 1220/1220/1220
f 1221/1221/1221 1223/1223/1223 1224/1224/1224
f 1221/1221/1221 1224/1224/1224 1222/1222/1222
f 1222/1222/1222 1224/1224/1224 284/284/284
f 1222/1222/1222 284/284/284 281/281/281
f 1220/1220/1220 1222/1222/1222 281/281/281
f 1220/1220/1220 281/281/281 280/280/280
f 502/502/502 970/970/970 1225/1225/1225
f 502/502/502 1225/1225/1225 1226/1226/1226
f 970/970/970 284/284/284 1224/1224/1224
f 970/970/970 1224/1224/1224 1225/1225/1225
f 1225/1225/1225 1224/1224/1224 1223/1223/1223
f 1225/1225/1225 1223/1223/1223 1227/1227/1227
f 1226/1226/1226 1225/1225/1225 1227/1227/1227
f 1226/1226/1226 1227/1227/1227 1228/1228/1228
f 1228/1228/1228 1229/1229/1229 1230/1230/1230
f 1228/1228/1228 1230/1230/1230 1226/1226/1226
f 1229/1229/1229 1231/1231/1231 1232/1232/1232
f 1229/1229/1229 1232/1232/1232 1230/1230/1230
f 1230/1230/1230 1232/1232/1232 506/506/506
f 1230/1230/1230 506/506/506 503/503/503
f 1226/1226/1226 1230/1230/1230 503/503/503
f 1226/1226/1226 503/503/503 502/502/502
f 851/851/851 850/850/850 1233/1233/1233
f 851/851/851 1233/1233/1233 1234/1234/1234
f 850/850/850 506/506/506 1232/1232/1232
f 850/850/850 1232/1232/1232 1233/1233/1233
f 1233/1233/1233 1232/1232/1232 1231/1231/1231
f 1233/1233/1233 1231/1231/1231 1235/1235/1235
f 1234/1234/1234 1233/1233/1233 1235/1235/1235
f 1234/1234/1234 1235/1235/1235 1236/1236/1236
f 289/289/289 711/711/711 1237/1237/1237
f 289/289/289 1237/1237/1237 1238/1238/1238
f 711/711/711 710/710/710 1239/1239/1239
f 711/711/711 1239/1239/1239 1237/1237/1237
f 1237/1237/1237 1239/1239/1239 1240/1240/1240
f 1237/1237/1237 1240/1240/1240 1241/1241/1241
f 1238/1238/1238 1237/1237/1237 1241/1241/1241
f 1238/1238/1238 1241/1241/1241 1242/1242/1242
f 1242/1242/1242 1243/1243/1243 1244/1244/1244
f 1242/1242/1242 1244/1244/1244 1238/1238/1238
f 1243/1243/1243 1245/1245/1245 1246/1246/1246
f 1243/1243/1243 1246/1246/1246 1244/1244/1244
f 1244/1244/1244 1246/1246/1246 293/293/293
f 1244/1244/1244 293/293/293 290/290/290
f 1238/1238/1238 1244/1244/1244 290/290/290
f 1238/1238/1238 290/290/290 289/289/289
f 1245/1245/1245 1247/1247/1247 1248/1248/1248
f 1245/1245/1245 1248/1248/1248 1246/1246/1246
f 1247/1247/1247 1249/1249/1249 1250/1250/1250
f 1247/1247/1247 1250/1250/1250 1248/1248/1248
f 1248/1248/1248 1250/1250/1250 300/300/300
f 1248/1248/1248 300/300/300 298/298/298
f 1246/1246/1246 1248/1248/1248 298/298/298
f 1246/1246/1246 298/298/298 293/293/293
f 1249/1249/1249 1251/1251/1251 1252/1252/1252
f 1249/1249/1249 1252/1252/1252 1250/1250/1250
f 1251/1251/1251 1253/1253/1253 1254/1254/1254
f 1251/1251/1251 1254/1254/1254 1252/1252/1252
f 1252/1252/1252 1254/1254/1254 417/417/417
f 1252/1252/1252 417/417/417 415/415/415
f 1250/1250/1250 1252/1252/1252 415/415/415
f 1250/1250/1250 415/415/415 300/300/300
f 1253/1253/1253 1255/1255/1255 1256/1256/1256
f 1253/1253/1253 1256/1256/1256 1254/1254/1254
f 1255/1255/1255 1257/1257/1257 1258/1258/1258
f 1255/1255/1255 1258/1258/1258 1256/1256/1256
f 1256/1256/1256 1258/1258/1258 735/735/735
f 1256/1256/1256 735/735/735 733/733/733
f 1254/1254/1254 1256/1256/1256 733/733/733
f 1254/1254/1254 733/733/733 417/417/417
f 1259/1259/1259 1260/1260/1260 1261/1261/1261
f 1259/1259/1259 1261/1261/1261 1262/1262/1262
f 1260/1260/1260 1263/1263/1263 1264/1264/1264
f 1260/1260/1260 1264/1264/1264 1261/1261/1261
f 1261/1261/1261 1264/1264/1264 431/431/431
f 1261/1261/1261 431/431/431 834/834/834
f 1262/1262/1262 1261/1261/1261 834/834/834
f 1262/1262/1262 834/834/834 833/833/833
f 217/217/217 432/432/432 1265/1265/1265
f 217/217/217 1265/1265/1265 1266/1266/1266
f 432/432/432 431/431/431 1264/1264/1264
f 432/432/432 1264/1264/1264 1265/1265/1265
f 1265/1265/1265 1264/1264/1264 1263/1263/1263
f 1265/1265/1265 1263/1263/1263 1267/1267/1267
f 1266/1266/1266 1265/1265/1265 1267/1267/1267
f 1266/1266/1266 1267/1267/1267 1268/1268/1268
f 1268/1268/1268 1269/1269/1269 1270/1270/1270
f 1268/1268/1268 1270/1270/1270 1266/1266/1266
f 1269/1269/1269 1271/1271/1271 1272/1272/1272
f 1269/1269/1269 1272/1272/1272 1270/1270/1270
f 1270/1270/1270 1272/1272/1272 221/221/221
f 1270/1270/1270 221/221/221 218/218/218
f 1266/1266/1266 1270/1270/1270 218/218/218
f 1266/1266/1266 218/218/218 217/217/217
f 1271/1271/1271 1273/1273/1273 1274/1274/1274
f 1271/1271/1271 1274/1274/1274 1272/1272/1272
f 1273/1273/1273 1275/1275/1275 1276/1276/1276
f 1273/1273/1273 1276/1276/1276 1274/1274/1274
f 1274/1274/1274 1276/1276/1276 885/885/885
f 1274/1274/1274 885/885/885 1015/1015/1015
f 1272/1272/1272 1274/1274/1274 1015/1015/1015
f 1272/1272/1272 1015/1015/1015 221/221/221
f 1275/1275/1275 1277/1277/1277 1278/1278/1278
f 1275/1275/1275 1278/1278/1278 1276/1276/1276
f 1277/1277/1277 1279/1279/1279 1280/1280/1280
f 1277/1277/1277 1280/1280/1280 1278/1278/1278
f 1278/1278/1278 1280/1280/1280 379/379/379
f 1278/1278/1278 379/379/379 886/886/886
f 1276/1276/1276 1278/1278/1278 886/886/886
f 1276/1276/1276 886/886/886 885/885/885
f 1279/1279/1279 1281/1281/1281 1282/1282/1282
f 1279/1279/1279 1282/1282/1282 1280/1280/1280
f 1281/1281/1281 1283/1283/1283 1284/1284/1284
f 1281/1281/1281 1284/1284/1284 1282/1282/1282
f 1282/1282/1282 1284/1284/1284 383/383/383
f 1282/1282/1282 383/383/383 380/380/380
f 1280/1280/1280 1282/1282/1282 380/380/380
f 1280/1280/1280 380/380/380 379/379/379
f 1283/1283/1283 1285/1285/1285 1286/1286/1286
f 1283/1283/1283 1286/1286/1286 1284/1284/1284
f 1285/1285/1285 1287/1287/1287 1288/1288/1288
f 1285/1285/1285 1288/1288/1288 1286/1286/1286
f 1286/1286/1286 1288/1288/1288 561/561/561
f 1286/1286/1286 561/561/561 559/559/559
f 1284/1284/1284 1286/1286/1286 559/559/559
f 1284/1284/1284 559/559/559 383/383/383
f 770/770/770 769/769/769 1289/1289/1289
f 770/770/770 1289/1289/1289 1290/1290/1290
f 769/769/769 561/561/561 1288/1288/1288
f 769/769/769 1288/1288/1288 1289/1289/1289
f 1289/1289/1289 1288/1288/1288 1287/1287/1287
f 1289/1289/1289 1287/1287/1287 1291/1291/1291
f 1290/1290/1290 1289/1289/1289 1291/1291/1291
f 1290/1290/1290 1291/1291/1291 1292/1292/1292
f 334/334/334 621/621/621 1293/1293/1293
f 334/334/334 1293/1293/1293 1294/1294/1294
f 621/621/621 620/620/620 1295/1295/1295
f 621/621/621 1295/1295/1295 1293/1293/1293
f 1293/1293/1293 1295/1295/1295 1296/1296/1296
f 1293/1293/1293 1296/1296/1296 1297/1297/1297
f 1294/1294/1294 1293/1293/1293 1297/1297/1297
f 1294/1294/1294 1297/1297/1297 1298/1298/1298
f 1298/1298/1298 1299/1299/1299 1300/1300/1300
f 1298/1298/1298 1300/1300/1300 1294/1294/1294
f 1299/1299/1299 1301/1301/1301 1302/1302/1302
f 1299/1299/1299 1302/1302/1302 1300/1300/1300
f 1300/1300/1300 1302/1302/1302 328/328/328
f 1300/1300/1300 328/328/328 335/335/335
f 1294/1294/1294 1300/1300/1300 335/335/335
f 1294/1294/1294 335/335/335 334/334/334
f 1301/1301/1301 1303/1303/1303 1304/1304/1304
f 1301/1301/1301 1304/1304/1304 1302/1302/1302
f 1303/1303/1303 1305/1305/1305 1306/1306/1306
f 1303/1303/1303 1306/1306/1306 1304/1304/1304
f 1304/1304/1304 1306/1306/1306 244/244/244
f 1304/1304/1304 244/244/244 329/329/329
f 1302/1302/1302 1304/1304/1304 329/329/329
f 1302/1302/1302 329/329/329 328/328/328
f 1305/1305/1305 1307/1307/1307 1308/1308/1308
f 1305/1305/1305 1308/1308/1308 1306/1306/1306
f 1307/1307/1307 1309/1309/1309 1310/1310/1310
f 1307/1307/1307 1310/1310/1310 1308/1308/1308
f 1308/1308/1308 1310/1310/1310 248/248/248
f 1308/1308/1308 248/248/248 245/245/245
f 1306/1306/1306 1308/1308/1308 245/245/245
f 1306/1306/1306 245/245/245 244/244/244
f 1309/1309/1309 1311/1311/1311 1312/1312/1312
f 1309/1309/1309 1312/1312/1312 1310/1310/1310
f 1311/1311/1311 1313/1313/1313 1314/1314/1314
f 1311/1311/1311 1314/1314/1314 1312/1312/1312
f 1312/1312/1312 1314/1314/1314 585/585/585
f 1312/1312/1312 585/585/585 583/583/583
f 1310/1310/1310 1312/1312/1312 583/583/583
f 1310/1310/1310 583/583/583 248/248/248
f 1315/1315/1315 1316/1316/1316 1317/1317/1317
f 1315/1315/1315 1317/1317/1317 1318/1318/1318
f 1316/1316/1316 1319/1319/1319 1320/1320/1320
f 1316/1316/1316 1320/1320/1320 1317/1317/1317
f 1317/1317/1317 1320/1320/1320 470/470/470
f 1317/1317/1317 470/470/470 752/752/752
f 1318/1318/1318 1317/1317/1317 752/752/752
f 1318/1318/1318 752/752/752 751/751/751
f 472/472/472 471/471/471 1321/1321/1321
f 472/472/472 1321/1321/1321 1322/1322/1322
f 471/471/471 470/470/470 1320/1320/1320
f 471/471/471 1320/1320/1320 1321/1321/1321
f 1321/1321/1321 1320/1320/1320 1319/1319/1319
f 1321/1321/1321 1319/1319/1319 1323/1323/1323
f 1322/1322/1322 1321/1321/1321 1323/1323/1323
f 1322/1322/1322 1323/1323/1323 1324/1324/1324
f 1324/1324/1324 1325/1325/1325 1326/1326/1326
f 1324/1324/1324 1326/1326/1326 1322/1322/1322
f 1325/1325/1325 1327/1327/1327 1328/1328/1328
f 1325/1325/1325 1328/1328/1328 1326/1326/1326
f 1326/1326/1326 1328/1328/1328 253/253/253
f 1326/1326/1326 253/253/253 992/992/992
f 1322/1322/1322 1326/1326/1326 992/992/992
f 1322/1322/1322 992/992/992 472/472/472
f 1327/1327/1327 1329/1329/1329 1330/1330/1330
f 1327/1327/1327 1330/1330/1330 1328/1328/1328
f 1329/1329/1329 1331/1331/1331 1332/1332/1332
f 1329/1329/1329 1332/1332/1332 1330/1330/1330
f 1330/1330/1330 1332/1332/1332 257/257/257
f 1330/1330/1330 257/257/257 254/254/254
f 1328/1328/1328 1330/1330/1330 254/254/254
f 1328/1328/1328 254/254/254 253/253/253
f 1331/1331/1331 1333/1333/1333 1334/1334/1334
f 1331/1331/1331 1334/1334/1334 1332/1332/1332
f 1333/1333/1333 1335/1335/1335 1336/1336/1336
f 1333/1333/1333 1336/1336/1336 1334/1334/1334
f 1334/1334/1334 1336/1336/1336 457/457/457
f 1334/1334/1334 457/457/457 924/924/924
f 1332/1332/1332 1334/1334/1334 924/924/924
f 1332/1332/1332 924/924/924 257/257/257
f 1335/1335/1335 1337/1337/1337 1338/1338/1338
f 1335/1335/1335 1338/1338/1338 1336/1336/1336
f 1337/1337/1337 1126/1126/1126 1125/1125/1125
f 1337/1337/1337 1125/1125/1125 1338/1338/1338
f 1338/1338/1338 1125/1125/1125 461/461/461
f 1338/1338/1338 461/461/461 458/458/458
f 1336/1336/1336 1338/1338/1338 458/458/458
f 1336/1336/1336 458/458/458 457/457/457
f 1128/1128/1128 1127/1127/1127 1339/1339/1339
f 1128/1128/1128 1339/1339/1339 1340/1340/1340
f 1127/1127/1127 1126/1126/1126 1341/1341/1341
f 1127/1127/1127 1341/1341/1341 1339/1339/1339
f 1339/1339/1339 1341/1341/1341 921/921/921
f 1339/1339/1339 921/921/921 1342/1342/1342
f 1340/1340/1340 1339/1339/1339 1342/1342/1342
f 1340/1340/1340 1342/1342/1342 1343/1343/1343
f 1134/1134/1134 1133/1133/1133 1344/1344/1344
f 1134/1134/1134 1344/1344/1344 1345/1345/1345
f 1133/1133/1133 1132/1132/1132 1346/1346/1346
f 1133/1133/1133 1346/1346/1346 1344/1344/1344
f 1344/1344/1344 1346/1346/1346 1347/1347/1347
f 1344/1344/1344 1347/1347/1347 1348/1348/1348
f 1345/1345/1345 1344/1344/1344 1348/1348/1348
f 1345/1345/1345 1348/1348/1348 1349/1349/1349
f 1350/1350/1350 1351/1351/1351 1352/1352/1352
f 1350/1350/1350 1352/1352/1352 1353/1353/1353
f 1351/1351/1351 1137/1137/1137 1135/1135/1135
f 1351/1351/1351 1135/1135/1135 1352/1352/1352
f 1352/1352/1352 1135/1135/1135 1134/1134/1134
f 1352/1352/1352 1134/1134/1134 1345/1345/1345
f 1353/1353/1353 1352/1352/1352 1345/1345/1345
f 1353/1353/1353 1345/1345/1345 1349/1349/1349
f 1350/1350/1350 1354/1354/1354 1355/1355/1355
f 1350/1350/1350 1355/1355/1355 1351/1351/1351
f 1354/1354/1354 1356/1356/1356 1357/1357/1357
f 1354/1354/1354 1357/1357/1357 1355/1355/1355
f 1355/1355/1355 1357/1357/1357 1141/1141/1141
f 1355/1355/1355 1141/1141/1141 1139/1139/1139
f 1351/1351/1351 1355/1355/1355 1139/1139/1139
f 1351/1351/1351 1139/1139/1139 1137/1137/1137
f 1146/1146/1146 1145/1145/1145 1358/1358/1358
f 1146/1146/1146 1358/1358/1358 1359/1359/1359
f 1145/1145/1145 1141/1141/1141 1357/1357/1357
f 1145/1145/1145 1357/1357/1357 1358/1358/1358
f 1358/1358/1358 1357/1357/1357 1356/1356/1356
f 1358/1358/1358 1356/1356/1356 1360/1360/1360
f 1359/1359/1359 1358/1358/1358 1360/1360/1360
f 1359/1359/1359 1360/1360/1360 1361/1361/1361
f 1362/1362/1362 1363/1363/1363 1364/1364/1364
f 1362/1362/1362 1364/1364/1364 1365/1365/1365
f 1363/1363/1363 1149/1149/1149 1147/1147/1147
f 1363/1363/1363 1147/1147/1147 1364/1364/1364
f 1364/1364/1364 1147/1147/1147 1146/1146/1146
f 1364/1364/1364 1146/1146/1146 1359/1359/1359
f 1365/1365/1365 1364/1364/1364 1359/1359/1359
f 1365/1365/1365 1359/1359/1359 1361/1361/1361
f 550/550/550 1366/1366/1366 1367/1367/1367
f 550/550/550 1367/1367/1367 1368/1368/1368
f 1366/1366/1366 1155/1155/1155 1152/1152/1152
f 1366/1366/1366 1152/1152/1152 1367/1367/1367
f 1367/1367/1367 1152/1152/1152 1151/1151/1151
f 1367/1367/1367 1151/1151/1151 1369/1369/1369
f 1368/1368/1368 1367/1367/1367 1369/1369/1369
f 1368/1368/1368 1369/1369/1369 1370/1370/1370
f 1160/1160/1160 1159/1159/1159 1371/1371/1371
f 1160/1160/1160 1371/1371/1371 1372/1372/1372
f 1159/1159/1159 1155/1155/1155 1366/1366/1366
f 1159/1159/1159 1366/1366/1366 1371/1371/1371
f 1371/1371/1371 1366/1366/1366 550/550/550
f 1371/1371/1371 550/550/550 553/553/553
f 1372/1372/1372 1371/1371/1371 553/553/553
f 1372/1372/1372 553/553/553 558/558/558
f 1164/1164/1164 1163/1163/1163 1373/1373/1373
f 1164/1164/1164 1373/1373/1373 1374/1374/1374
f 1163/1163/1163 1160/1160/1160 1372/1372/1372
f 1163/1163/1163 1372/1372/1372 1373/1373/1373
f 1373/1373/1373 1372/1372/1372 558/558/558
f 1373/1373/1373 558/558/558 557/557/557
f 1374/1374/1374 1373/1373/1373 557/557/557
f 1374/1374/1374 557/557/557 556/556/556
f 1168/1168/1168 1167/1167/1167 1375/1375/1375
f 1168/1168/1168 1375/1375/1375 1376/1376/1376
f 1167/1167/1167 1164/1164/1164 1374/1374/1374
f 1167/1167/1167 1374/1374/1374 1375/1375/1375
f 1375/1375/1375 1374/1374/1374 556/556/556
f 1375/1375/1375 556/556/556 868/868/868
f 1376/1376/1376 1375/1375/1375 868/868/868
f 1376/1376/1376 868/868/868 872/872/872
f 1172/1172/1172 1171/1171/1171 1377/1377/1377
f 1172/1172/1172 1377/1377/1377 1378/1378/1378
f 1171/1171/1171 1168/1168/1168 1376/1376/1376
f 1171/1171/1171 1376/1376/1376 1377/1377/1377
f 1377/1377/1377 1376/1376/1376 872/872/872
f 1377/1377/1377 872/872/872 1029/1029/1029
f 1378/1378/1378 1377/1377/1377 1029/1029/1029
f 1378/1378/1378 1029/1029/1029 442/442/442
f 1176/1176/1176 1175/1175/1175 1379/1379/1379
f 1176/1176/1176 1379/1379/1379 1380/1380/1380
f 1175/1175/1175 1172/1172/1172 1378/1378/1378
f 1175/1175/1175 1378/1378/1378 1379/1379/1379
f 1379/1379/1379 1378/1378/1378 442/442/442
f 1379/1379/1379 442/442/442 445/445/445
f 1380/1380/1380 1379/1379/1379 445/445/445
f 1380/1380/1380 445/445/445 450/450/450
f 448/448/448 1381/1381/1381 1382/1382/1382
f 448/448/448 1382/1382/1382 449/449/449
f 1381/1381/1381 1179/1179/1179 1177/1177/1177
f 1381/1381/1381 1177/1177/1177 1382/1382/1382
f 1382/1382/1382 1177/1177/1177 1176/1176/1176
f 1382/1382/1382 1176/1176/1176 1380/1380/1380
f 449/449/449 1382/1382/1382 1380/1380/1380
f 449/449/449 1380/1380/1380 450/450/450
f 1184/1184/1184 1183/1183/1183 1383/1383/1383
f 1184/1184/1184 1383/1383/1383 1384/1384/1384
f 1183/1183/1183 1179/1179/1179 1381/1381/1381
f 1183/1183/1183 1381/1381/1381 1383/1383/1383
f 1383/1383/1383 1381/1381/1381 448/448/448
f 1383/1383/1383 448/448/448 1385/1385/1385
f 1384/1384/1384 1383/1383/1383 1385/1385/1385
f 1384/1384/1384 1385/1385/1385 1386/1386/1386
f 1190/1190/1190 1189/1189/1189 1387/1387/1387
f 1190/1190/1190 1387/1387/1387 1388/1388/1388
f 1189/1189/1189 1188/1188/1188 1389/1389/1389
f 1189/1189/1189 1389/1389/1389 1387/1387/1387
f 1387/1387/1387 1389/1389/1389 1390/1390/1390
f 1387/1387/1387 1390/1390/1390 1391/1391/1391
f 1388/1388/1388 1387/1387/1387 1391/1391/1391
f 1388/1388/1388 1391/1391/1391 1392/1392/1392
f 1194/1194/1194 1193/1193/1193 1393/1393/1393
f 1194/1194/1194 1393/1393/1393 1394/1394/1394
f 1193/1193/1193 1190/1190/1190 1388/1388/1388
f 1193/1193/1193 1388/1388/1388 1393/1393/1393
f 1393/1393/1393 1388/1388/1388 1392/1392/1392
f 1393/1393/1393 1392/1392/1392 1395/1395/1395
f 1394/1394/1394 1393/1393/1393 1395/1395/1395
f 1394/1394/1394 1395/1395/1395 1396/1396/1396
f 1198/1198/1198 1197/1197/1197 1397/1397/1397
f 1198/1198/1198 1397/1397/1397 1398/1398/1398
f 1197/1197/1197 1194/1194/1194 1394/1394/1394
f 1197/1197/1197 1394/1394/1394 1397/1397/1397
f 1397/1397/1397 1394/1394/1394 1396/1396/1396
f 1397/1397/1397 1396/1396/1396 1399/1399/1399
f 1398/1398/1398 1397/1397/1397 1399/1399/1399
f 1398/1398/1398 1399/1399/1399 1400/1400/1400
f 1202/1202/1202 1201/1201/1201 1401/1401/1401
f 1202/1202/1202 1401/1401/1401 1402/1402/1402
f 1201/1201/1201 1198/1198/1198 1398/1398/1398
f 1201/1201/1201 1398/1398/1398 1401/1401/1401
f 1401/1401/1401 1398/1398/1398 1400/1400/1400
f 1401/1401/1401 1400/1400/1400 1403/1403/1403
f 1402/1402/1402 1401/1401/1401 1403/1403/1403
f 1402/1402/1402 1403/1403/1403 1404/1404/1404
f 1405/1405/1405 1406/1406/1406 1407/1407/1407
f 1405/1405/1405 1407/1407/1407 1408/1408/1408
f 1406/1406/1406 1205/1205/1205 1203/1203/1203
f 1406/1406/1406 1203/1203/1203 1407/1407/1407
f 1407/1407/1407 1203/1203/1203 1202/1202/1202
f 1407/1407/1407 1202/1202/1202 1402/1402/1402
f 1408/1408/1408 1407/1407/1407 1402/1402/1402
f 1408/1408/1408 1402/1402/1402 1404/1404/1404
f 944/944/944 1409/1409/1409 1410/1410/1410
f 944/944/944 1410/1410/1410 1411/1411/1411
f 1409/1409/1409 1211/1211/1211 1208/1208/1208
f 1409/1409/1409 1208/1208/1208 1410/1410/1410
f 1410/1410/1410 1208/1208/1208 1207/1207/1207
f 1410/1410/1410 1207/1207/1207 1412/1412/1412
f 1411/1411/1411 1410/1410/1410 1412/1412/1412
f 1411/1411/1411 1412/1412/1412 1413/1413/1413
f 1216/1216/1216 1215/1215/1215 1414/1414/1414
f 1216/1216/1216 1414/1414/1414 1415/1415/1415
f 1215/1215/1215 1211/1211/1211 1409/1409/1409
f 1215/1215/1215 1409/1409/1409 1414/1414/1414
f 1414/1414/1414 1409/1409/1409 944/944/944
f 1414/1414/1414 944/944/944 947/947/947
f 1415/1415/1415 1414/1414/1414 947/947/947
f 1415/1415/1415 947/947/947 949/949/949
f 493/493/493 1416/1416/1416 1417/1417/1417
f 493/493/493 1417/1417/1417 948/948/948
f 1416/1416/1416 1219/1219/1219 1217/1217/1217
f 1416/1416/1416 1217/1217/1217 1417/1417/1417
f 1417/1417/1417 1217/1217/1217 1216/1216/1216
f 1417/1417/1417 1216/1216/1216 1415/1415/1415
f 948/948/948 1417/1417/1417 1415/1415/1415
f 948/948/948 1415/1415/1415 949/949/949
f 501/501/501 1418/1418/1418 1419/1419/1419
f 501/501/501 1419/1419/1419 496/496/496
f 1418/1418/1418 1223/1223/1223 1221/1221/1221
f 1418/1418/1418 1221/1221/1221 1419/1419/1419
f 1419/1419/1419 1221/1221/1221 1219/1219/1219
f 1419/1419/1419 1219/1219/1219 1416/1416/1416
f 496/496/496 1419/1419/1419 1416/1416/1416
f 496/496/496 1416/1416/1416 493/493/493
f 1228/1228/1228 1227/1227/1227 1420/1420/1420
f 1228/1228/1228 1420/1420/1420 1421/1421/1421
f 1227/1227/1227 1223/1223/1223 1418/1418/1418
f 1227/1227/1227 1418/1418/1418 1420/1420/1420
f 1420/1420/1420 1418/1418/1418 501/501/501
f 1420/1420/1420 501/501/501 963/963/963
f 1421/1421/1421 1420/1420/1420 963/963/963
f 1421/1421/1421 963/963/963 967/967/967
f 965/965/965 1422/1422/1422 1423/1423/1423
f 965/965/965 1423/1423/1423 966/966/966
f 1422/1422/1422 1231/1231/1231 1229/1229/1229
f 1422/1422/1422 1229/1229/1229 1423/1423/1423
f 1423/1423/1423 1229/1229/1229 1228/1228/1228
f 1423/1423/1423 1228/1228/1228 1421/1421/1421
f 966/966/966 1423/1423/1423 1421/1421/1421
f 966/966/966 1421/1421/1421 967/967/967
f 1236/1236/1236 1235/1235/1235 1424/1424/1424
f 1236/1236/1236 1424/1424/1424 1425/1425/1425
f 1235/1235/1235 1231/1231/1231 1422/1422/1422
f 1235/1235/1235 1422/1422/1422 1424/1424/1424
f 1424/1424/1424 1422/1422/1422 965/965/965
f 1424/1424/1424 965/965/965 1426/1426/1426
f 1425/1425/1425 1424/1424/1424 1426/1426/1426
f 1425/1425/1425 1426/1426/1426 1427/1427/1427
f 1242/1242/1242 1241/1241/1241 1428/1428/1428
f 1242/1242/1242 1428/1428/1428 1429/1429/1429
f 1241/1241/1241 1240/1240/1240 1430/1430/1430
f 1241/1241/1241 1430/1430/1430 1428/1428/1428
f 1428/1428/1428 1430/1430/1430 1431/1431/1431
f 1428/1428/1428 1431/1431/1431 1432/1432/1432
f 1429/1429/1429 1428/1428/1428 1432/1432/1432
f 1429/1429/1429 1432/1432/1432 1433/1433/1433
f 1434/1434/1434 1435/1435/1435 1436/1436/1436
f 1434/1434/1434 1436/1436/1436 1437/1437/1437
f 1435/1435/1435 1245/1245/1245 1243/1243/1243
f 1435/1435/1435 1243/1243/1243 1436/1436/1436
f 1436/1436/1436 1243/1243/1243 1242/1242/1242
f 1436/1436/1436 1242/1242/1242 1429/1429/1429
f 1437/1437/1437 1436/1436/1436 1429/1429/1429
f 1437/1437/1437 1429/1429/1429 1433/1433/1433
f 1438/1438/1438 1439/1439/1439 1440/1440/1440
f 1438/1438/1438 1440/1440/1440 1441/1441/1441
f 1439/1439/1439 1249/1249/1249 1247/1247/1247
f 1439/1439/1439 1247/1247/1247 1440/1440/1440
f 1440/1440/1440 1247/1247/1247 1245/1245/1245
f 1440/1440/1440 1245/1245/1245 1435/1435/1435
f 1441/1441/1441 1440/1440/1440 1435/1435/1435
f 1441/1441/1441 1435/1435/1435 1434/1434/1434
f 1442/1442/1442 1443/1443/1443 1444/1444/1444
f 1442/1442/1442 1444/1444/1444 1445/1445/1445
f 1443/1443/1443 1253/1253/1253 1251/1251/1251
f 1443/1443/1443 1251/1251/1251 1444/1444/1444
f 1444/1444/1444 1251/1251/1251 1249/1249/1249
f 1444/1444/1444 1249/1249/1249 1439/1439/1439
f 1445/1445/1445 1444/1444/1444 1439/1439/1439
f 1445/1445/1445 1439/1439/1439 1438/1438/1438
f 1446/1446/1446 1447/1447/1447 1448/1448/1448
f 1446/1446/1446 1448/1448/1448 1449/1449/1449
f 1447/1447/1447 1257/1257/1257 1255/1255/1255
f 1447/1447/1447 1255/1255/1255 1448/1448/1448
f 1448/1448/1448 1255/1255/1255 1253/1253/1253
f 1448/1448/1448 1253/1253/1253 1443/1443/1443
f 1449/1449/1449 1448/1448/1448 1443/1443/1443
f 1449/1449/1449 1443/1443/1443 1442/1442/1442
f 433/433/433 1450/1450/1450 1451/1451/1451
f 433/433/433 1451/1451/1451 1452/1452/1452
f 1450/1450/1450 1263/1263/1263 1260/1260/1260
f 1450/1450/1450 1260/1260/1260 1451/1451/1451
f 1451/1451/1451 1260/1260/1260 1259/1259/1259
f 1451/1451/1451 1259/1259/1259 1453/1453/1453
f 1452/1452/1452 1451/1451/1451 1453/1453/1453
f 1452/1452/1452 1453/1453/1453 1454/1454/1454
f 1268/1268/1268 1267/1267/1267 1455/1455/1455
f 1268/1268/1268 1455/1455/1455 1456/1456/1456
f 1267/1267/1267 1263/1263/1263 1450/1450/1450
f 1267/1267/1267 1450/1450/1450 1455/1455/1455
f 1455/1455/1455 1450/1450/1450 433/433/433
f 1455/1455/1455 433/433/433 436/436/436
f 1456/1456/1456 1455/1455/1455 436/436/436
f 1456/1456/1456 436/436/436 441/441/441
f 439/439/439 1457/1457/1457 1458/1458/1458
f 439/439/439 1458/1458/1458 440/440/440
f 1457/1457/1457 1271/1271/1271 1269/1269/1269
f 1457/1457/1457 1269/1269/1269 1458/1458/1458
f 1458/1458/1458 1269/1269/1269 1268/1268/1268
f 1458/1458/1458 1268/1268/1268 1456/1456/1456
f 440/440/440 1458/1458/1458 1456/1456/1456
f 440/440/440 1456/1456/1456 441/441/441
f 896/896/896 1459/1459/1459 1460/1460/1460
f 896/896/896 1460/1460/1460 1013/1013/1013
f 1459/1459/1459 1275/1275/1275 1273/1273/1273
f 1459/1459/1459 1273/1273/1273 1460/1460/1460
f 1460/1460/1460 1273/1273/1273 1271/1271/1271
f 1460/1460/1460 1271/1271/1271 1457/1457/1457
f 1013/1013/1013 1460/1460/1460 1457/1457/1457
f 1013/1013/1013 1457/1457/1457 439/439/439
f 565/565/565 1461/1461/1461 1462/1462/1462
f 565/565/565 1462/1462/1462 895/895/895
f 1461/1461/1461 1279/1279/1279 1277/1277/1277
f 1461/1461/1461 1277/1277/1277 1462/1462/1462
f 1462/1462/1462 1277/1277/1277 1275/1275/1275
f 1462/1462/1462 1275/1275/1275 1459/1459/1459
f 895/895/895 1462/1462/1462 1459/1459/1459
f 895/895/895 1459/1459/1459 896/896/896
f 573/573/573 1463/1463/1463 1464/1464/1464
f 573/573/573 1464/1464/1464 568/568/568
f 1463/1463/1463 1283/1283/1283 1281/1281/1281
f 1463/1463/1463 1281/1281/1281 1464/1464/1464
f 1464/1464/1464 1281/1281/1281 1279/1279/1279
f 1464/1464/1464 1279/1279/1279 1461/1461/1461
f 568/568/568 1464/1464/1464 1461/1461/1461
f 568/568/568 1461/1461/1461 565/565/565
f 571/571/571 1465/1465/1465 1466/1466/1466
f 571/571/571 1466/1466/1466 572/572/572
f 1465/1465/1465 1287/1287/1287 1285/1285/1285
f 1465/1465/1465 1285/1285/1285 1466/1466/1466
f 1466/1466/1466 1285/1285/1285 1283/1283/1283
f 1466/1466/1466 1283/1283/1283 1463/1463/1463
f 572/572/572 1466/1466/1466 1463/1463/1463
f 572/572/572 1463/1463/1463 573/573/573
f 1292/1292/1292 1291/1291/1291 1467/1467/1467
f 1292/1292/1292 1467/1467/1467 1468/1468/1468
f 1291/1291/1291 1287/1287/1287 1465/1465/1465
f 1291/1291/1291 1465/1465/1465 1467/1467/1467
f 1467/1467/1467 1465/1465/1465 571/571/571
f 1467/1467/1467 571/571/571 1469/1469/1469
f 1468/1468/1468 1467/1467/1467 1469/1469/1469
f 1468/1468/1468 1469/1469/1469 1470/1470/1470
f 1298/1298/1298 1297/1297/1297 1471/1471/1471
f 1298/1298/1298 1471/1471/1471 1472/1472/1472
f 1297/1297/1297 1296/1296/1296 1473/1473/1473
f 1297/1297/1297 1473/1473/1473 1471/1471/1471
f 1471/1471/1471 1473/1473/1473 1474/1474/1474
f 1471/1471/1471 1474/1474/1474 1475/1475/1475
f 1472/1472/1472 1471/1471/1471 1475/1475/1475
f 1472/1472/1472 1475/1475/1475 1476/1476/1476
f 1477/1477/1477 1478/1478/1478 1479/1479/1479
f 1477/1477/1477 1479/1479/1479 1480/1480/1480
f 1478/1478/1478 1301/1301/1301 1299/1299/1299
f 1478/1478/1478 1299/1299/1299 1479/1479/1479
f 1479/1479/1479 1299/1299/1299 1298/1298/1298
f 1479/1479/1479 1298/1298/1298 1472/1472/1472
f 1480/1480/1480 1479/1479/1479 1472/1472/1472
f 1480/1480/1480 1472/1472/1472 1476/1476/1476
f 1481/1481/1481 1482/1482/1482 1483/1483/1483
f 1481/1481/1481 1483/1483/1483 1484/1484/1484
f 1482/1482/1482 1305/1305/1305 1303/1303/1303
f 1482/1482/1482 1303/1303/1303 1483/1483/1483
f 1483/1483/1483 1303/1303/1303 1301/1301/1301
f 1483/1483/1483 1301/1301/1301 1478/1478/1478
f 1484/1484/1484 1483/1483/1483 1478/1478/1478
f 1484/1484/1484 1478/1478/1478 1477/1477/1477
f 1485/1485/1485 1486/1486/1486 1487/1487/1487
f 1485/1485/1485 1487/1487/1487 1488/1488/1488
f 1486/1486/1486 1309/1309/1309 1307/1307/1307
f 1486/1486/1486 1307/1307/1307 1487/1487/1487
f 1487/1487/1487 1307/1307/1307 1305/1305/1305
f 1487/1487/1487 1305/1305/1305 1482/1482/1482
f 1488/1488/1488 1487/1487/1487 1482/1482/1482
f 1488/1488/1488 1482/1482/1482 1481/1481/1481
f 1489/1489/1489 1490/1490/1490 1491/1491/1491
f 1489/1489/1489 1491/1491/1491 1492/1492/1492
f 1490/1490/1490 1313/1313/1313 1311/1311/1311
f 1490/1490/1490 1311/1311/1311 1491/1491/1491
f 1491/1491/1491 1311/1311/1311 1309/1309/1309
f 1491/1491/1491 1309/1309/1309 1486/1486/1486
f 1492/1492/1492 1491/1491/1491 1486/1486/1486
f 1492/1492/1492 1486/1486/1486 1485/1485/1485
f 994/994/994 1493/1493/1493 1494/1494/1494
f 994/994/994 1494/1494/1494 1495/1495/1495
f 1493/1493/1493 1319/1319/1319 1316/1316/1316
f 1493/1493/1493 1316/1316/1316 1494/1494/1494
f 1494/1494/1494 1316/1316/1316 1315/1315/1315
f 1494/1494/1494 1315/1315/1315 1496/1496/1496
f 1495/1495/1495 1494/1494/1494 1496/1496/1496
f 1495/1495/1495 1496/1496/1496 1497/1497/1497
f 1324/1324/1324 1323/1323/1323 1498/1498/1498
f 1324/1324/1324 1498/1498/1498 1499/1499/1499
f 1323/1323/1323 1319/1319/1319 1493/1493/1493
f 1323/1323/1323 1493/1493/1493 1498/1498/1498
f 1498/1498/1498 1493/1493/1493 994/994/994
f 1498/1498/1498 994/994/994 997/997/997
f 1499/1499/1499 1498/1498/1498 997/997/997
f 1499/1499/1499 997/997/997 999/999/999
f 475/475/475 1500/1500/1500 1501/1501/1501
f 475/475/475 1501/1501/1501 998/998/998
f 1500/1500/1500 1327/1327/1327 1325/1325/1325
f 1500/1500/1500 1325/1325/1325 1501/1501/1501
f 1501/1501/1501 1325/1325/1325 1324/1324/1324
f 1501/1501/1501 1324/1324/1324 1499/1499/1499
f 998/998/998 1501/1501/1501 1499/1499/1499
f 998/998/998 1499/1499/1499 999/999/999
f 483/483/483 1502/1502/1502 1503/1503/1503
f 483/483/483 1503/1503/1503 478/478/478
f 1502/1502/1502 1331/1331/1331 1329/1329/1329
f 1502/1502/1502 1329/1329/1329 1503/1503/1503
f 1503/1503/1503 1329/1329/1329 1327/1327/1327
f 1503/1503/1503 1327/1327/1327 1500/1500/1500
f 478/478/478 1503/1503/1503 1500/1500/1500
f 478/478/478 1500/1500/1500 475/475/475
f 923/923/923 1504/1504/1504 1505/1505/1505
f 923/923/923 1505/1505/1505 919/919/919
f 1504/1504/1504 1335/1335/1335 1333/1333/1333
f 1504/1504/1504 1333/1333/1333 1505/1505/1505
f 1505/1505/1505 1333/1333/1333 1331/1331/1331
f 1505/1505/1505 1331/1331/1331 1502/1502/1502
f 919/919/919 1505/1505/1505 1502/1502/1502
f 919/919/919 1502/1502/1502 483/483/483
f 921/921/921 1341/1341/1341 1506/1506/1506
f 921/921/921 1506/1506/1506 922/922/922
f 1341/1341/1341 1126/1126/1126 1337/1337/1337
f 1341/1341/1341 1337/1337/1337 1506/1506/1506
f 1506/1506/1506 1337/1337/1337 1335/1335/1335
f 1506/1506/1506 1335/1335/1335 1504/1504/1504
f 922/922/922 1506/1506/1506 1504/1504/1504
f 922/922/922 1504/1504/1504 923/923/923
f 1507/1507/1507 1508/1508/1508 1509/1509/1509
f 1507/1507/1507 1509/1509/1509 1510/1510/1510
f 1508/1508/1508 1511/1511/1511 1512/1512/1512
f 1508/1508/1508 1512/1512/1512 1509/1509/1509
f 1509/1509/1509 1512/1512/1512 1513/1513/1513
f 1509/1509/1509 1513/1513/1513 1514/1514/1514
f 1510/1510/1510 1509/1509/1509 1514/1514/1514
f 1510/1510/1510 1514/1514/1514 1515/1515/1515
f 1511/1511/1511 1516/1516/1516 1517/1517/1517
f 1511/1511/1511 1517/1517/1517 1512/1512/1512
f 1516/1516/1516 1518/1518/1518 1519/1519/1519
f 1516/1516/1516 1519/1519/1519 1517/1517/1517
f 1517/1517/1517 1519/1519/1519 1520/1520/1520
f 1517/1517/1517 1520/1520/1520 1521/1521/1521
f 1512/1512/1512 1517/1517/1517 1521/1521/1521
f 1512/1512/1512 1521/1521/1521 1513/1513/1513
f 1518/1518/1518 1522/1522/1522 1523/1523/1523
f 1518/1518/1518 1523/1523/1523 1519/1519/1519
f 1522/1522/1522 1524/1524/1524 1525/1525/1525
f 1522/1522/1522 1525/1525/1525 1523/1523/1523
f 1523/1523/1523 1525/1525/1525 1526/1526/1526
f 1523/1523/1523 1526/1526/1526 1527/1527/1527
f 1519/1519/1519 1523/1523/1523 1527/1527/1527
f 1519/1519/1519 1527/1527/1527 1520/1520/1520
f 1528/1528/1528 1529/1529/1529 1530/1530/1530
f 1528/1528/1528 1530/1530/1530 1531/1531/1531
f 1529/1529/1529 1526/1526/1526 1525/1525/1525
f 1529/1529/1529 1525/1525/1525 1530/1530/1530
f 1530/1530/1530 1525/1525/1525 1524/1524/1524
f 1530/1530/1530 1524/1524/1524 1532/1532/1532
f 1531/1531/1531 1530/1530/1530 1532/1532/1532
f 1531/1531/1531 1532/1532/1532 1533/1533/1533
f 1534/1534/1534 1535/1535/1535 1536/1536/1536
f 1534/1534/1534 1536/1536/1536 1537/1537/1537
f 1535/1535/1535 1528/1528/1528 1531/1531/1531
f 1535/1535/1535 1531/1531/1531 1536/1536/1536
f 1536/1536/1536 1531/1531/1531 1533/1533/1533
f 1536/1536/1536 1533/1533/1533 1538/1538/1538
f 1537/1537/1537 1536/1536/1536 1538/1538/1538
f 1537/1537/1537 1538/1538/1538 1539/1539/1539
f 1539/1539/1539 1540/1540/1540 1541/1541/1541
f 1539/1539/1539 1541/1541/1541 1537/1537/1537
f 1540/1540/1540 1542/1542/1542 1543/1543/1543
f 1540/1540/1540 1543/1543/1543 1541/1541/1541
f 1541/1541/1541 1543/1543/1543 1544/1544/1544
f 1541/1541/1541 1544/1544/1544 1545/1545/1545
f 1537/1537/1537 1541/1541/1541 1545/1545/1545
f 1537/1537/1537 1545/1545/1545 1534/1534/1534
f 1542/1542/1542 1546/1546/1546 1547/1547/1547
f 1542/1542/1542 1547/1547/1547 1543/1543/1543
f 1546/1546/1546 1548/1548/1548 1549/1549/1549
f 1546/1546/1546 1549/1549/1549 1547/1547/1547
f 1547/1547/1547 1549/1549/1549 1550/1550/1550
f 1547/1547/1547 1550/1550/1550 1551/1551/1551
f 1543/1543/1543 1547/1547/1547 1551/1551/1551
f 1543/1543/1543 1551/1551/1551 1544/1544/1544
f 1548/1548/1548 1552/1552/1552 1553/1553/1553
f 1548/1548/1548 1553/1553/1553 1549/1549/1549
f 1552/1552/1552 1554/1554/1554 1555/1555/1555
f 1552/1552/1552 1555/1555/1555 1553/1553/1553
f 1553/1553/1553 1555/1555/1555 1556/1556/1556
f 1553/1553/1553 1556/1556/1556 1557/1557/1557
f 1549/1549/1549 1553/1553/1553 1557/1557/1557
f 1549/1549/1549 1557/1557/1557 1550/1550/1550
f 1558/1558/1558 1559/1559/1559 1560/1560/1560
f 1558/1558/1558 1560/1560/1560 1561/1561/1561
f 1559/1559/1559 1556/1556/1556 1555/1555/1555
f 1559/1559/1559 1555/1555/1555 1560/1560/1560
f 1560/1560/1560 1555/1555/1555 1554/1554/1554
f 1560/1560/1560 1554/1554/1554 1562/1562/1562
f 1561/1561/1561 1560/1560/1560 1562/1562/1562
f 1561/1561/1561 1562/1562/1562 1563/1563/1563
f 1564/1564/1564 1565/1565/1565 1566/1566/1566
f 1564/1564/1564 1566/1566/1566 1567/1567/1567
f 1565/1565/1565 1558/1558/1558 1561/1561/1561
f 1565/1565/1565 1561/1561/1561 1566/1566/1566
f 1566/1566/1566 1561/1561/1561 1563/1563/1563
f 1566/1566/1566 1563/1563/1563 1568/1568/1568
f 1567/1567/1567 1566/1566/1566 1568/1568/1568
f 1567/1567/1567 1568/1568/1568 1569/1569/1569
f 1569/1569/1569 1570/1570/1570 1571/1571/1571
f 1569/1569/1569 1571/1571/1571 1567/1567/1567
f 1570/1570/1570 1572/1572/1572 1573/1573/1573
f 1570/1570/1570 1573/1573/1573 1571/1571/1571
f 1571/1571/1571 1573/1573/1573 1574/1574/1574
f 1571/1571/1571 1574/1574/1574 1575/1575/1575
f 1567/1567/1567 1571/1571/1571 1575/1575/1575
f 1567/1567/1567 1575/1575/1575 1564/1564/1564
f 1576/1576/1576 1577/1577/1577 1578/1578/1578
f 1576/1576/1576 1578/1578/1578 1579/1579/1579
f 1577/1577/1577 1574/1574/1574 1573/1573/1573
f 1577/1577/1577 1573/1573/1573 1578/1578/1578
f 1578/1578/1578 1573/1573/1573 1572/1572/1572
f 1578/1578/1578 1572/1572/1572 1580/1580/1580
f 1579/1579/1579 1578/1578/1578 1580/1580/1580
f 1579/1579/1579 1580/1580/1580 1581/1581/1581
f 1582/1582/1582 1583/1583/1583 1584/1584/1584
f 1582/1582/1582 1584/1584/1584 1585/1585/1585
f 1583/1583/1583 1576/1576/1576 1579/1579/1579
f 1583/1583/1583 1579/1579/1579 1584/1584/1584
f 1584/1584/1584 1579/1579/1579 1581/1581/1581
f 1584/1584/1584 1581/1581/1581 1586/1586/1586
f 1585/1585/1585 1584/1584/1584 1586/1586/1586
f 1585/1585/1585 1586/1586/1586 1587/1587/1587
f 1587/1587/1587 1588/1588/1588 1589/1589/1589
f 1587/1587/1587 1589/1589/1589 1585/1585/1585
f 1588/1588/1588 1590/1590/1590 1591/1591/1591
f 1588/1588/1588 1591/1591/1591 1589/1589/1589
f 1589/1589/1589 1591/1591/1591 1592/1592/1592
f 1589/1589/1589 1592/1592/1592 1593/1593/1593
f 1585/1585/1585 1589/1589/1589 1593/1593/1593
f 1585/1585/1585 1593/1593/1593 1582/1582/1582
f 1590/1590/1590 1594/1594/1594 1595/1595/1595
f 1590/1590/1590 1595/1595/1595 1591/1591/1591
f 1594/1594/1594 1596/1596/1596 1597/1597/1597
f 1594/1594/1594 1597/1597/1597 1595/1595/1595
f 1595/1595/1595 1597/1597/1597 1598/1598/1598
f 1595/1595/1595 1598/1598/1598 1599/1599/1599
f 1591/1591/1591 1595/1595/1595 1599/1599/1599
f 1591/1591/1591 1599/1599/1599 1592/1592/1592
f 1596/1596/1596 1600/1600/1600 1601/1601/1601
f 1596/1596/1596 1601/1601/1601 1597/1597/1597
f 1600/1600/1600 1602/1602/1602 1603/1603/1603
f 1600/1600/1600 1603/1603/1603 1601/1601/1601
f 1601/1601/1601 1603/1603/1603 1604/1604/1604
f 1601/1601/1601 1604/1604/1604 1605/1605/1605
f 1597/1597/1597 1601/1601/1601 1605/1605/1605
f 1597/1597/1597 1605/1605/1605 1598/1598/1598
f 1606/1606/1606 1607/1607/1607 1608/1608/1608
f 1606/1606/1606 1608/1608/1608 1609/1609/1609
f 1607/1607/1607 1604/1604/1604 1603/1603/1603
f 1607/1607/1607 1603/1603/1603 1608/1608/1608
f 1608/1608/1608 1603/1603/1603 1602/1602/1602
f 1608/1608/1608 1602/1602/1602 1610/1610/1610
f 1609/1609/1609 1608/1608/1608 1610/1610/1610
f 1609/1609/1609 1610/1610/1610 1611/1611/1611
f 1612/1612/1612 1613/1613/1613 1614/1614/1614
f 1612/1612/1612 1614/1614/1614 1615/1615/1615
f 1613/1613/1613 1606/1606/1606 1609/1609/1609
f 1613/1613/1613 1609/1609/1609 1614/1614/1614
f 1614/1614/1614 1609/1609/1609 1611/1611/1611
f 1614/1614/1614 1611/1611/1611 1616/1616/1616
f 1615/1615/1615 1614/1614/1614 1616/1616/1616
f 1615/1615/1615 1616/1616/1616 1617/1617/1617
f 1617/1617/1617 1618/1618/1618 1619/1619/1619
f 1617/1617/1617 1619/1619/1619 1615/1615/1615
f 1618/1618/1618 1620/1620/1620 1621/1621/1621
f 1618/1618/1618 1621/1621/1621 1619/1619/1619
f 1619/1619/1619 1621/1621/1621 1622/1622/1622
f 1619/1619/1619 1622/1622/1622 1623/1623/1623
f 1615/1615/1615 1619/1619/1619 1623/1623/1623
f 1615/1615/1615 1623/1623/1623 1612/1612/1612
f 1620/1620/1620 1624/1624/1624 1625/1625/1625
f 1620/1620/1620 1625/1625/1625 1621/1621/1621
f 1624/1624/1624 1626/1626/1626 1627/1627/1627
f 1624/1624/1624 1627/1627/1627 1625/1625/1625
f 1625/1625/1625 1627/1627/1627 1628/1628/1628
f 1625/1625/1625 1628/1628/1628 1629/1629/1629
f 1621/1621/1621 1625/1625/1625 1629/1629/1629
f 1621/1621/1621 1629/1629/1629 1622/1622/1622
f 1626/1626/1626 1630/1630/1630 1631/1631/1631
f 1626/1626/1626 1631/1631/1631 1627/1627/1627
f 1630/1630/1630 1632/1632/1632 1633/1633/1633
f 1630/1630/1630 1633/1633/1633 1631/1631/1631
f 1631/1631/1631 1633/1633/1633 1634/1634/1634
f 1631/1631/1631 1634/1634/1634 1635/1635/1635
f 1627/1627/1627 1631/1631/1631 1635/1635/1635
f 1627/1627/1627 1635/1635/1635 1628/1628/1628
f 1632/1632/1632 1636/1636/1636 1637/1637/1637
f 1632/1632/1632 1637/1637/1637 1633/1633/1633
f 1636/1636/1636 1638/1638/1638 1639/1639/1639
f 1636/1636/1636 1639/1639/1639 1637/1637/1637
f 1637/1637/1637 1639/1639/1639 1640/1640/1640
f 1637/1637/1637 1640/1640/1640 1641/1641/1641
f 1633/1633/1633 1637/1637/1637 1641/1641/1641
f 1633/1633/1633 1641/1641/1641 1634/1634/1634
f 1642/1642/1642 1643/1643/1643 1644/1644/1644
f 1642/1642/1642 1644/1644/1644 1645/1645/1645
f 1643/1643/1643 1640/1640/1640 1639/1639/1639
f 1643/1643/1643 1639/1639/1639 1644/1644/1644
f 1644/1644/1644 1639/1639/1639 1638/1638/1638
f 1644/1644/1644 1638/1638/1638 1646/1646/1646
f 1645/1645/1645 1644/1644/1644 1646/1646/1646
f 1645/1645/1645 1646/1646/1646 1647/1647/1647
f 1647/1647/1647 1648/1648/1648 1649/1649/1649
f 1647/1647/1647 1649/1649/1649 1645/1645/1645
f 1648/1648/1648 1650/1650/1650 1651/1651/1651
f 1648/1648/1648 1651/1651/1651 1649/1649/1649
f 1649/1649/1649 1651/1651/1651 1652/1652/1652
f 1649/1649/1649 1652/1652/1652 1653/1653/1653
f 1645/1645/1645 1649/1649/1649 1653/1653/1653
f 1645/1645/1645 1653/1653/1653 1642/1642/1642
f 1654/1654/1654 1655/1655/1655 1656/1656/1656
f 1654/1654/1654 1656/1656/1656 1657/1657/1657
f 1655/1655/1655 1652/1652/1652 1651/1651/1651
f 1655/1655/1655 1651/1651/1651 1656/1656/1656
f 1656/1656/1656 1651/1651/1651 1650/1650/1650
f 1656/1656/1656 1650/1650/1650 1658/1658/1658
f 1657/1657/1657 1656/1656/1656 1658/1658/1658
f 1657/1657/1657 1658/1658/1658 1659/1659/1659
f 1659/1659/1659 1660/1660/1660 1661/1661/1661
f 1659/1659/1659 1661/1661/1661 1657/1657/1657
f 1660/1660/1660 1507/1507/1507 1510/1510/1510
f 1660/1660/1660 1510/1510/1510 1661/1661/1661
f 1661/1661/1661 1510/1510/1510 1515/1515/1515
f 1661/1661/1661 1515/1515/1515 1662/1662/1662
f 1657/1657/1657 1661/1661/1661 1662/1662/1662
f 1657/1657/1657 1662/1662/1662 1654/1654/1654
f 5/5/5 2/2/2 1663/1663/1663
f 5/5/5 1663/1663/1663 1664/1664/1664
f 2/2/2 1/1/1 1665/1665/1665
f 2/2/2 1665/1665/1665 1663/1663/1663
f 1663/1663/1663 1665/1665/1665 1666/1666/1666
f 1663/1663/1663 1666/1666/1666 1667/1667/1667
f 1664/1664/1664 1663/1663/1663 1667/1667/1667
f 1664/1664/1664 1667/1667/1667 1668/1668/1668
f 1/1/1 11/11/11 1669/1669/1669
f 1/1/1 1669/1669/1669 1665/1665/1665
f 11/11/11 10/10/10 1670/1670/1670
f 11/11/11 1670/1670/1670 1669/1669/1669
f 1669/1669/1669 1670/1670/1670 1671/1671/1671
f 1669/1669/1669 1671/1671/1671 1672/1672/1672
f 1665/1665/1665 1669/1669/1669 1672/1672/1672
f 1665/1665/1665 1672/1672/1672 1666/1666/1666
f 10/10/10 911/911/911 1673/1673/1673
f 10/10/10 1673/1673/1673 1670/1670/1670
f 911/911/911 22/22/22 1674/1674/1674
f 911/911/911 1674/1674/1674 1673/1673/1673
f 1673/1673/1673 1674/1674/1674 1675/1675/1675
f 1673/1673/1673 1675/1675/1675 1676/1676/1676
f 1670/1670/1670 1673/1673/1673 1676/1676/1676
f 1670/1670/1670 1676/1676/1676 1671/1671/1671
f 1677/1677/1677 1678/1678/1678 1679/1679/1679
f 1677/1677/1677 1679/1679/1679 1680/1680/1680
f 1678/1678/1678 1675/1675/1675 1674/1674/1674
f 1678/1678/1678 1674/1674/1674 1679/1679/1679
f 1679/1679/1679 1674/1674/1674 22/22/22
f 1679/1679/1679 22/22/22 21/21/21
f 1680/1680/1680 1679/1679/1679 21/21/21
f 1680/1680/1680 21/21/21 20/20/20
f 1681/1681/1681 1682/1682/1682 1683/1683/1683
f 1681/1681/1681 1683/1683/1683 1684/1684/1684
f 1682/1682/1682 1677/1677/1677 1680/1680/1680
f 1682/1682/1682 1680/1680/1680 1683/1683/1683
f 1683/1683/1683 1680/1680/1680 20/20/20
f 1683/1683/1683 20/20/20 1003/1003/1003
f 1684/1684/1684 1683/1683/1683 1003/1003/1003
f 1684/1684/1684 1003/1003/1003 29/29/29
f 29/29/29 26/26/26 1685/1685/1685
f 29/29/29 1685/1685/1685 1684/1684/1684
f 26/26/26 25/25/25 1686/1686/1686
f 26/26/26 1686/1686/1686 1685/1685/1685
f 1685/1685/1685 1686/1686/1686 1687/1687/1687
f 1685/1685/1685 1687/1687/1687 1688/1688/1688
f 1684/1684/1684 1685/1685/1685 1688/1688/1688
f 1684/1684/1684 1688/1688/1688 1681/1681/1681
f 25/25/25 35/35/35 1689/1689/1689
f 25/25/25 1689/1689/1689 1686/1686/1686
f 35/35/35 34/34/34 1690/1690/1690
f 35/35/35 1690/1690/1690 1689/1689/1689
f 1689/1689/1689 1690/1690/1690 1691/1691/1691
f 1689/1689/1689 1691/1691/1691 1692/1692/1692
f 1686/1686/1686 1689/1689/1689 1692/1692/1692
f 1686/1686/1686 1692/1692/1692 1687/1687/1687
f 34/34/34 41/41/41 1693/1693/1693
f 34/34/34 1693/1693/1693 1690/1690/1690
f 41/41/41 40/40/40 1694/1694/1694
f 41/41/41 1694/1694/1694 1693/1693/1693
f 1693/1693/1693 1694/1694/1694 1695/1695/1695
f 1693/1693/1693 1695/1695/1695 1696/1696/1696
f 1690/1690/1690 1693/1693/1693 1696/1696/1696
f 1690/1690/1690 1696/1696/1696 1691/1691/1691
f 1697/1697/1697 1698/1698/1698 1699/1699/1699
f 1697/1697/1697 1699/1699/1699 1700/1700/1700
f 1698/1698/1698 1695/1695/1695 1694/1694/1694
f 1698/1698/1698 1694/1694/1694 1699/1699/1699
f 1699/1699/1699 1694/1694/1694 40/40/40
f 1699/1699/1699 40/40/40 399/399/399
f 1700/1700/1700 1699/1699/1699 399/399/399
f 1700/1700/1700 399/399/399 398/398/398
f 1701/1701/1701 1702/1702/1702 1703/1703/1703
f 1701/1701/1701 1703/1703/1703 1704/1704/1704
f 1702/1702/1702 1697/1697/1697 1700/1700/1700
f 1702/1702/1702 1700/1700/1700 1703/1703/1703
f 1703/1703/1703 1700/1700/1700 398/398/398
f 1703/1703/1703 398/398/398 904/904/904
f 1704/1704/1704 1703/1703/1703 904/904/904
f 1704/1704/1704 904/904/904 903/903/903
f 903/903/903 1008/1008/1008 1705/1705/1705
f 903/903/903 1705/1705/1705 1704/1704/1704
f 1008/1008/1008 50/50/50 1706/1706/1706
f 1008/1008/1008 1706/1706/1706 1705/1705/1705
f 1705/1705/1705 1706/1706/1706 1707/1707/1707
f 1705/1705/1705 1707/1707/1707 1708/1708/1708
f 1704/1704/1704 1705/1705/1705 1708/1708/1708
f 1704/1704/1704 1708/1708/1708 1701/1701/1701
f 1709/1709/1709 1710/1710/1710 1711/1711/1711
f 1709/1709/1709 1711/1711/1711 1712/1712/1712
f 1710/1710/1710 1707/1707/1707 1706/1706/1706
f 1710/1710/1710 1706/1706/1706 1711/1711/1711
f 1711/1711/1711 1706/1706/1706 50/50/50
f 1711/1711/1711 50/50/50 47/47/47
f 1712/1712/1712 1711/1711/1711 47/47/47
f 1712/1712/1712 47/47/47 46/46/46
f 1713/1713/1713 1714/1714/1714 1715/1715/1715
f 1713/1713/1713 1715/1715/1715 1716/1716/1716
f 1714/1714/1714 1709/1709/1709 1712/1712/1712
f 1714/1714/1714 1712/1712/1712 1715/1715/1715
f 1715/1715/1715 1712/1712/1712 46/46/46
f 1715/1715/1715 46/46/46 424/424/424
f 1716/1716/1716 1715/1715/1715 424/424/424
f 1716/1716/1716 424/424/424 59/59/59
f 59/59/59 56/56/56 1717/1717/1717
f 59/59/59 1717/1717/1717 1716/1716/1716
f 56/56/56 55/55/55 1718/1718/1718
f 56/56/56 1718/1718/1718 1717/1717/1717
f 1717/1717/1717 1718/1718/1718 1719/1719/1719
f 1717/1717/1717 1719/1719/1719 1720/1720/1720
f 1716/1716/1716 1717/1717/1717 1720/1720/1720
f 1716/1716/1716 1720/1720/1720 1713/1713/1713
f 55/55/55 65/65/65 1721/1721/1721
f 55/55/55 1721/1721/1721 1718/1718/1718
f 65/65/65 64/64/64 1722/1722/1722
f 65/65/65 1722/1722/1722 1721/1721/1721
f 1721/1721/1721 1722/1722/1722 1723/1723/1723
f 1721/1721/1721 1723/1723/1723 1724/1724/1724
f 1718/1718/1718 1721/1721/1721 1724/1724/1724
f 1718/1718/1718 1724/1724/1724 1719/1719/1719
f 64/64/64 958/958/958 1725/1725/1725
f 64/64/64 1725/1725/1725 1722/1722/1722
f 958/958/958 76/76/76 1726/1726/1726
f 958/958/958 1726/1726/1726 1725/1725/1725
f 1725/1725/1725 1726/1726/1726 1727/1727/1727
f 1725/1725/1725 1727/1727/1727 1728/1728/1728
f 1722/1722/1722 1725/1725/1725 1728/1728/1728
f 1722/1722/1722 1728/1728/1728 1723/1723/1723
f 1729/1729/1729 1730/1730/1730 1731/1731/1731
f 1729/1729/1729 1731/1731/1731 1732/1732/1732
f 1730/1730/1730 1727/1727/1727 1726/1726/1726
f 1730/1730/1730 1726/1726/1726 1731/1731/1731
f 1731/1731/1731 1726/1726/1726 76/76/76
f 1731/1731/1731 76/76/76 75/75/75
f 1732/1732/1732 1731/1731/1731 75/75/75
f 1732/1732/1732 75/75/75 74/74/74
f 1733/1733/1733 1734/1734/1734 1735/1735/1735
f 1733/1733/1733 1735/1735/1735 1736/1736/1736
f 1734/1734/1734 1729/1729/1729 1732/1732/1732
f 1734/1734/1734 1732/1732/1732 1735/1735/1735
f 1735/1735/1735 1732/1732/1732 74/74/74
f 1735/1735/1735 74/74/74 953/953/953
f 1736/1736/1736 1735/1735/1735 953/953/953
f 1736/1736/1736 953/953/953 83/83/83
f 83/83/83 80/80/80 1737/1737/1737
f 83/83/83 1737/1737/1737 1736/1736/1736
f 80/80/80 79/79/79 1738/1738/1738
f 80/80/80 1738/1738/1738 1737/1737/1737
f 1737/1737/1737 1738/1738/1738 1739/1739/1739
f 1737/1737/1737 1739/1739/1739 1740/1740/1740
f 1736/1736/1736 1737/1737/1737 1740/1740/1740
f 1736/1736/1736 1740/1740/1740 1733/1733/1733
f 79/79/79 89/89/89 1741/1741/1741
f 79/79/79 1741/1741/1741 1738/1738/1738
f 89/89/89 88/88/88 1742/1742/1742
f 89/89/89 1742/1742/1742 1741/1741/1741
f 1741/1741/1741 1742/1742/1742 1743/1743/1743
f 1741/1741/1741 1743/1743/1743 1744/1744/1744
f 1738/1738/1738 1741/1741/1741 1744/1744/1744
f 1738/1738/1738 1744/1744/1744 1739/1739/1739
f 88/88/88 402/402/402 1745/1745/1745
f 88/88/88 1745/1745/1745 1742/1742/1742
f 402/402/402 100/100/100 1746/1746/1746
f 402/402/402 1746/1746/1746 1745/1745/1745
f 1745/1745/1745 1746/1746/1746 1747/1747/1747
f 1745/1745/1745 1747/1747/1747 1748/1748/1748
f 1742/1742/1742 1745/1745/1745 1748/1748/1748
f 1742/1742/1742 1748/1748/1748 1743/1743/1743
f 100/100/100 99/99/99 1749/1749/1749
f 100/100/100 1749/1749/1749 1746/1746/1746
f 99/99/99 98/98/98 1750/1750/1750
f 99/99/99 1750/1750/1750 1749/1749/1749
f 1749/1749/1749 1750/1750/1750 1751/1751/1751
f 1749/1749/1749 1751/1751/1751 1752/1752/1752
f 1746/1746/1746 1749/1749/1749 1752/1752/1752
f 1746/1746/1746 1752/1752/1752 1747/1747/1747
f 1753/1753/1753 1754/1754/1754 1755/1755/1755
f 1753/1753/1753 1755/1755/1755 1756/1756/1756
f 1754/1754/1754 1751/1751/1751 1750/1750/1750
f 1754/1754/1754 1750/1750/1750 1755/1755/1755
f 1755/1755/1755 1750/1750/1750 98/98/98
f 1755/1755/1755 98/98/98 1033/1033/1033
f 1756/1756/1756 1755/1755/1755 1033/1033/1033
f 1756/1756/1756 1033/1033/1033 858/858/858
f 858/858/858 857/857/857 1757/1757/1757
f 858/858/858 1757/1757/1757 1756/1756/1756
f 857/857/857 355/355/355 1758/1758/1758
f 857/857/857 1758/1758/1758 1757/1757/1757
f 1757/1757/1757 1758/1758/1758 1759/1759/1759
f 1757/1757/1757 1759/1759/1759 1760/1760/1760
f 1756/1756/1756 1757/1757/1757 1760/1760/1760
f 1756/1756/1756 1760/1760/1760 1753/1753/1753
f 1761/1761/1761 1762/1762/1762 1763/1763/1763
f 1761/1761/1761 1763/1763/1763 1764/1764/1764
f 1762/1762/1762 1759/1759/1759 1758/1758/1758
f 1762/1762/1762 1758/1758/1758 1763/1763/1763
f 1763/1763/1763 1758/1758/1758 355/355/355
f 1763/1763/1763 355/355/355 354/354/354
f 1764/1764/1764 1763/1763/1763 354/354/354
f 1764/1764/1764 354/354/354 105/105/105
f 105/105/105 103/103/103 1765/1765/1765
f 105/105/105 1765/1765/1765 1764/1764/1764
f 103/103/103 5/5/5 1664/1664/1664
f 103/103/103 1664/1664/1664 1765/1765/1765
f 1765/1765/1765 1664/1664/1664 1668/1668/1668
f 1765/1765/1765 1668/1668/1668 1766/1766/1766
f 1764/1764/1764 1765/1765/1765 1766/1766/1766
f 1764/1764/1764 1766/1766/1766 1761/1761/1761
f 1767/1767/1767 1768/1768/1768 1769/1769/1769
f 1767/1767/1767 1769/1769/1769 1770/1770/1770
f 1768/1768/1768 1771/1771/1771 1772/1772/1772
f 1768/1768/1768 1772/1772/1772 1769/1769/1769
f 1769/1769/1769 1772/1772/1772 1773/1773/1773
f 1769/1769/1769 1773/1773/1773 1774/1774/1774
f 1770/1770/1770 1769/1769/1769 1774/1774/1774
f 1770/1770/1770 1774/1774/1774 1775/1775/1775
f 1776/1776/1776 1777/1777/1777 1778/1778/1778
f 1776/1776/1776 1778/1778/1778 1779/1779/1779
f 1780/1780/1780 1781/1781/1781 1778/1778/1778
f 1780/1780/1780 1778/1778/1778 1777/1777/1777
f 1782/1782/1782 1779/1779/1779 1778/1778/1778
f 1782/1782/1782 1778/1778/1778 1781/1781/1781
f 1783/1783/1783 1784/1784/1784 1785/1785/1785
f 1783/1783/1783 1785/1785/1785 1786/1786/1786
f 1784/1784/1784 1776/1776/1776 1779/1779/1779
f 1784/1784/1784 1779/1779/1779 1785/1785/1785
f 1785/1785/1785 1779/1779/1779 1782/1782/1782
f 1785/1785/1785 1782/1782/1782 1787/1787/1787
f 1786/1786/1786 1785/1785/1785 1787/1787/1787
f 1786/1786/1786 1787/1787/1787 1788/1788/1788
f 1771/1771/1771 1789/1789/1789 1790/1790/1790
f 1771/1771/1771 1790/1790/1790 1772/1772/1772
f 1789/1789/1789 1783/1783/1783 1786/1786/1786
f 1789/1789/1789 1786/1786/1786 1790/1790/1790
f 1790/1790/1790 1786/1786/1786 1788/1788/1788
f 1790/1790/1790 1788/1788/1788 1791/1791/1791
f 1772/1772/1772 1790/1790/1790 1791/1791/1791
f 1772/1772/1772 1791/1791/1791 1773/1773/1773
f 1792/1792/1792 1793/1793/1793 1794/1794/1794
f 1792/1792/1792 1794/1794/1794 1795/1795/1795
f 1793/1793/1793 1796/1796/1796 1797/1797/1797
f 1793/1793/1793 1797/1797/1797 1794/1794/1794
f 1794/1794/1794 1797/1797/1797 1798/1798/1798
f 1794/1794/1794 1798/1798/1798 1799/1799/1799
f 1795/1795/1795 1794/1794/1794 1799/1799/1799
f 1795/1795/1795 1799/1799/1799 1800/1800/1800
f 1796/1796/1796 1801/1801/1801 1802/1802/1802
f 1796/1796/1796 1802/1802/1802 1797/1797/1797
f 1801/1801/1801 1767/1767/1767 1770/1770/1770
f 1801/1801/1801 1770/1770/1770 1802/1802/1802
f 1802/1802/1802 1770/1770/1770 1775/1775/1775
f 1802/1802/1802 1775/1775/1775 1803/1803/1803
f 1797/1797/1797 1802/1802/1802 1803/1803/1803
f 1797/1797/1797 1803/1803/1803 1798/1798/1798
f 1804/1804/1804 1805/1805/1805 1806/1806/1806
f 1804/1804/1804 1806/1806/1806 1807/1807/1807
f 1805/1805/1805 1808/1808/1808 1809/1809/1809
f 1805/1805/1805 1809/1809/1809 1806/1806/1806
f 1806/1806/1806 1809/1809/1809 1810/1810/1810
f 1806/1806/1806 1810/1810/1810 1811/1811/1811
f 1807/1807/1807 1806/1806/1806 1811/1811/1811
f 1807/1807/1807 1811/1811/1811 1812/1812/1812
f 1808/1808/1808 1813/1813/1813 1814/1814/1814
f 1808/1808/1808 1814/1814/1814 1809/1809/1809
f 1813/1813/1813 1792/1792/1792 1795/1795/1795
f 1813/1813/1813 1795/1795/1795 1814/1814/1814
f 1814/1814/1814 1795/1795/1795 1800/1800/1800
f 1814/1814/1814 1800/1800/1800 1815/1815/1815
f 1809/1809/1809 1814/1814/1814 1815/1815/1815
f 1809/1809/1809 1815/1815/1815 1810/1810/1810
f 1816/1816/1816 1817/1817/1817 1818/1818/1818
f 1816/1816/1816 1818/1818/1818 1819/1819/1819
f 1817/1817/1817 1804/1804/1804 1807/1807/1807
f 1817/1817/1817 1807/1807/1807 1818/1818/1818
f 1818/1818/1818 1807/1807/1807 1812/1812/1812
f 1818/1818/1818 1812/1812/1812 1820/1820/1820
f 1819/1819/1819 1818/1818/1818 1820/1820/1820
f 1819/1819/1819 1820/1820/1820 1821/1821/1821
f 1822/1822/1822 1823/1823/1823 1824/1824/1824
f 1822/1822/1822 1824/1824/1824 1825/1825/1825
f 1816/1816/1816 1819/1819/1819 1824/1824/1824
f 1816/1816/1816 1824/1824/1824 1823/1823/1823
f 1821/1821/1821 1825/1825/1825 1824/1824/1824
f 1821/1821/1821 1824/1824/1824 1819/1819/1819
f 1826/1826/1826 1827/1827/1827 1828/1828/1828
f 1826/1826/1826 1828/1828/1828 1829/1829/1829
f 1827/1827/1827 1830/1830/1830 1831/1831/1831
f 1827/1827/1827 1831/1831/1831 1828/1828/1828
f 1828/1828/1828 1831/1831/1831 1832/1832/1832
f 1828/1828/1828 1832/1832/1832 1833/1833/1833
f 1829/1829/1829 1828/1828/1828 1833/1833/1833
f 1829/1829/1829 1833/1833/1833 1834/1834/1834
f 1830/1830/1830 1835/1835/1835 1836/1836/1836
f 1830/1830/1830 1836/1836/1836 1831/1831/1831
f 1835/1835/1835 1837/1837/1837 1838/1838/1838
f 1835/1835/1835 1838/1838/1838 1836/1836/1836
f 1836/1836/1836 1838/1838/1838 1839/1839/1839
f 1836/1836/1836 1839/1839/1839 1840/1840/1840
f 1831/1831/1831 1836/1836/1836 1840/1840/1840
f 1831/1831/1831 1840/1840/1840 1832/1832/1832
f 1837/1837/1837 1841/1841/1841 1842/1842/1842
f 1837/1837/1837 1842/1842/1842 1838/1838/1838
f 1841/1841/1841 1843/1843/1843 1844/1844/1844
f 1841/1841/1841 1844/1844/1844 1842/1842/1842
f 1842/1842/1842 1844/1844/1844 1845/1845/1845
f 1842/1842/1842 1845/1845/1845 1846/1846/1846
f 1838/1838/1838 1842/1842/1842 1846/1846/1846
f 1838/1838/1838 1846/1846/1846 1839/1839/1839
f 1843/1843/1843 1847/1847/1847 1848/1848/1848
f 1843/1843/1843 1848/1848/1848 1844/1844/1844
f 1847/1847/1847 1849/1849/1849 1850/1850/1850
f 1847/1847/1847 1850/1850/1850 1848/1848/1848
f 1848/1848/1848 1850/1850/1850 1851/1851/1851
f 1848/1848/1848 1851/1851/1851 1852/1852/1852
f 1844/1844/1844 1848/1848/1848 1852/1852/1852
f 1844/1844/1844 1852/1852/1852 1845/1845/1845
f 1849/1849/1849 1853/1853/1853 1854/1854/1854
f 1849/1849/1849 1854/1854/1854 1850/1850/1850
f 1853/1853/1853 1855/1855/1855 1856/1856/1856
f 1853/1853/1853 1856/1856/1856 1854/1854/1854
f 1854/1854/1854 1856/1856/1856 1857/1857/1857
f 1854/1854/1854 1857/1857/1857 1858/1858/1858
f 1850/1850/1850 1854/1854/1854 1858/1858/1858
f 1850/1850/1850 1858/1858/1858 1851/1851/1851
f 1855/1855/1855 1859/1859/1859 1860/1860/1860
f 1855/1855/1855 1860/1860/1860 1856/1856/1856
f 1859/1859/1859 1861/1861/1861 1862/1862/1862
f 1859/1859/1859 1862/1862/1862 1860/1860/1860
f 1860/1860/1860 1862/1862/1862 1863/1863/1863
f 1860/1860/1860 1863/1863/1863 1864/1864/1864
f 1856/1856/1856 1860/1860/1860 1864/1864/1864
f 1856/1856/1856 1864/1864/1864 1857/1857/1857
f 1861/1861/1861 1865/1865/1865 1866/1866/1866
f 1861/1861/1861 1866/1866/1866 1862/1862/1862
f 1865/1865/1865 1867/1867/1867 1868/1868/1868
f 1865/1865/1865 1868/1868/1868 1866/1866/1866
f 1866/1866/1866 1868/1868/1868 1869/1869/1869
f 1866/1866/1866 1869/1869/1869 1870/1870/1870
f 1862/1862/1862 1866/1866/1866 1870/1870/1870
f 1862/1862/1862 1870/1870/1870 1863/1863/1863
f 1867/1867/1867 1871/1871/1871 1872/1872/1872
f 1867/1867/1867 1872/1872/1872 1868/1868/1868
f 1871/1871/1871 1873/1873/1873 1874/1874/1874
f 1871/1871/1871 1874/1874/1874 1872/1872/1872
f 1872/1872/1872 1874/1874/1874 1875/1875/1875
f 1872/1872/1872 1875/1875/1875 1876/1876/1876
f 1868/1868/1868 1872/1872/1872 1876/1876/1876
f 1868/1868/1868 1876/1876/1876 1869/1869/1869
f 1873/1873/1873 1877/1877/1877 1878/1878/1878
f 1873/1873/1873 1878/1878/1878 1874/1874/1874
f 1877/1877/1877 1879/1879/1879 1880/1880/1880
f 1877/1877/1877 1880/1880/1880 1878/1878/1878
f 1878/1878/1878 1880/1880/1880 1881/1881/1881
f 1878/1878/1878 1881/1881/1881 1882/1882/1882
f 1874/1874/1874 1878/1878/1878 1882/1882/1882
f 1874/1874/1874 1882/1882/1882 1875/1875/1875
f 1879/1879/1879 1883/1883/1883 1884/1884/1884
f 1879/1879/1879 1884/1884/1884 1880/1880/1880
f 1883/1883/1883 1885/1885/1885 1886/1886/1886
f 1883/1883/1883 1886/1886/1886 1884/1884/1884
f 1884/1884/1884 1886/1886/1886 1887/1887/1887
f 1884/1884/1884 1887/1887/1887 1888/1888/1888
f 1880/1880/1880 1884/1884/1884 1888/1888/1888
f 1880/1880/1880 1888/1888/1888 1881/1881/1881
f 1881/1881/1881 1888/1888/1888 1889/1889/1889
f 1881/1881/1881 1889/1889/1889 1890/1890/1890
f 1888/1888/1888 1887/1887/1887 1891/1891/1891
f 1888/1888/1888 1891/1891/1891 1889/1889/1889
f 1889/1889/1889 1891/1891/1891 1780/1780/1780
f 1889/1889/1889 1780/1780/1780 1777/1777/1777
f 1890/1890/1890 1889/1889/1889 1777/1777/1777
f 1890/1890/1890 1777/1777/1777 1776/1776/1776
f 1875/1875/1875 1882/1882/1882 1892/1892/1892
f 1875/1875/1875 1892/1892/1892 1893/1893/1893
f 1882/1882/1882 1881/1881/1881 1890/1890/1890
f 1882/1882/1882 1890/1890/1890 1892/1892/1892
f 1892/1892/1892 1890/1890/1890 1776/1776/1776
f 1892/1892/1892 1776/1776/1776 1784/1784/1784
f 1893/1893/1893 1892/1892/1892 1784/1784/1784
f 1893/1893/1893 1784/1784/1784 1783/1783/1783
f 1869/1869/1869 1876/1876/1876 1894/1894/1894
f 1869/1869/1869 1894/1894/1894 1895/1895/1895
f 1876/1876/1876 1875/1875/1875 1893/1893/1893
f 1876/1876/1876 1893/1893/1893 1894/1894/1894
f 1894/1894/1894 1893/1893/1893 1783/1783/1783
f 1894/1894/1894 1783/1783/1783 1789/1789/1789
f 1895/1895/1895 1894/1894/1894 1789/1789/1789
f 1895/1895/1895 1789/1789/1789 1771/1771/1771
f 1863/1863/1863 1870/1870/1870 1896/1896/1896
f 1863/1863/1863 1896/1896/1896 1897/1897/1897
f 1870/1870/1870 1869/1869/1869 1895/1895/1895
f 1870/1870/1870 1895/1895/1895 1896/1896/1896
f 1896/1896/1896 1895/1895/1895 1771/1771/1771
f 1896/1896/1896 1771/1771/1771 1768/1768/1768
f 1897/1897/1897 1896/1896/1896 1768/1768/1768
f 1897/1897/1897 1768/1768/1768 1767/1767/1767
f 1857/1857/1857 1864/1864/1864 1898/1898/1898
f 1857/1857/1857 1898/1898/1898 1899/1899/1899
f 1864/1864/1864 1863/1863/1863 1897/1897/1897
f 1864/1864/1864 1897/1897/1897 1898/1898/1898
f 1898/1898/1898 1897/1897/1897 1767/1767/1767
f 1898/1898/1898 1767/1767/1767 1801/1801/1801
f 1899/1899/1899 1898/1898/1898 1801/1801/1801
f 1899/1899/1899 1801/1801/1801 1796/1796/1796
f 1851/1851/1851 1858/1858/1858 1900/1900/1900
f 1851/1851/1851 1900/1900/1900 1901/1901/1901
f 1858/1858/1858 1857/1857/1857 1899/1899/1899
f 1858/1858/1858 1899/1899/1899 1900/1900/1900
f 1900/1900/1900 1899/1899/1899 1796/1796/1796
f 1900/1900/1900 1796/1796/1796 1793/1793/1793
f 1901/1901/1901 1900/1900/1900 1793/1793/1793
f 1901/1901/1901 1793/1793/1793 1792/1792/1792
f 1845/1845/1845 1852/1852/1852 1902/1902/1902
f 1845/1845/1845 1902/1902/1902 1903/1903/1903
f 1852/1852/1852 1851/1851/1851 1901/1901/1901
f 1852/1852/1852 1901/1901/1901 1902/1902/1902
f 1902/1902/1902 1901/1901/1901 1792/1792/1792
f 1902/1902/1902 1792/1792/1792 1813/1813/1813
f 1903/1903/1903 1902/1902/1902 1813/1813/1813
f 1903/1903/1903 1813/1813/1813 1808/1808/1808
f 1839/1839/1839 1846/1846/1846 1904/1904/1904
f 1839/1839/1839 1904/1904/1904 1905/1905/1905
f 1846/1846/1846 1845/1845/1845 1903/1903/1903
f 1846/1846/1846 1903/1903/1903 1904/1904/1904
f 1904/1904/1904 1903/1903/1903 1808/1808/1808
f 1904/1904/1904 1808/1808/1808 1805/1805/1805
f 1905/1905/1905 1904/1904/1904 1805/1805/1805
f 1905/1905/1905 1805/1805/1805 1804/1804/1804
f 1832/1832/1832 1840/1840/1840 1906/1906/1906
f 1832/1832/1832 1906/1906/1906 1907/1907/1907
f 1840/1840/1840 1839/1839/1839 1905/1905/1905
f 1840/1840/1840 1905/1905/1905 1906/1906/1906
f 1906/1906/1906 1905/1905/1905 1804/1804/1804
f 1906/1906/1906 1804/1804/1804 1817/1817/1817
f 1907/1907/1907 1906/1906/1906 1817/1817/1817
f 1907/1907/1907 1817/1817/1817 1816/1816/1816
f 1834/1834/1834 1833/1833/1833 1908/1908/1908
f 1834/1834/1834 1908/1908/1908 1909/1909/1909
f 1833/1833/1833 1832/1832/1832 1907/1907/1907
f 1833/1833/1833 1907/1907/1907 1908/1908/1908
f 1908/1908/1908 1907/1907/1907 1816/1816/1816
f 1908/1908/1908 1816/1816/1816 1823/1823/1823
f 1909/1909/1909 1908/1908/1908 1823/1823/1823
f 1909/1909/1909 1823/1823/1823 1822/1822/1822
f 1910/1910/1910 1911/1911/1911 1912/1912/1912
f 1910/1910/1910 1912/1912/1912 1913/1913/1913
f 1914/1914/1914 1915/1915/1915 1912/1912/1912
f 1914/1914/1914 1912/1912/1912 1911/1911/1911
f 1916/1916/1916 1913/1913/1913 1912/1912/1912
f 1916/1916/1916 1912/1912/1912 1915/1915/1915
f 1917/1917/1917 1918/1918/1918 1919/1919/1919
f 1917/1917/1917 1919/1919/1919 1920/1920/1920
f 1918/1918/1918 1921/1921/1921 1922/1922/1922
f 1918/1918/1918 1922/1922/1922 1919/1919/1919
f 1919/1919/1919 1922/1922/1922 1914/1914/1914
f 1919/1919/1919 1914/1914/1914 1911/1911/1911
f 1920/1920/1920 1919/1919/1919 1911/1911/1911
f 1920/1920/1920 1911/1911/1911 1910/1910/1910
f 1923/1923/1923 1924/1924/1924 1925/1925/1925
f 1923/1923/1923 1925/1925/1925 1926/1926/1926
f 1924/1924/1924 1927/1927/1927 1928/1928/1928
f 1924/1924/1924 1928/1928/1928 1925/1925/1925
f 1925/1925/1925 1928/1928/1928 1921/1921/1921
f 1925/1925/1925 1921/1921/1921 1918/1918/1918
f 1926/1926/1926 1925/1925/1925 1918/1918/1918
f 1926/1926/1926 1918/1918/1918 1917/1917/1917
f 1929/1929/1929 1930/1930/1930 1931/1931/1931
f 1929/1929/1929 1931/1931/1931 1932/1932/1932
f 1930/1930/1930 1933/1933/1933 1934/1934/1934
f 1930/1930/1930 1934/1934/1934 1931/1931/1931
f 1931/1931/1931 1934/1934/1934 1927/1927/1927
f 1931/1931/1931 1927/1927/1927 1924/1924/1924
f 1932/1932/1932 1931/1931/1931 1924/1924/1924
f 1932/1932/1932 1924/1924/1924 1923/1923/1923
f 1935/1935/1935 1936/1936/1936 1937/1937/1937
f 1935/1935/1935 1937/1937/1937 1938/1938/1938
f 1936/1936/1936 1939/1939/1939 1940/1940/1940
f 1936/1936/1936 1940/1940/1940 1937/1937/1937
f 1937/1937/1937 1940/1940/1940 1933/1933/1933
f 1937/1937/1937 1933/1933/1933 1930/1930/1930
f 1938/1938/1938 1937/1937/1937 1930/1930/1930
f 1938/1938/1938 1930/1930/1930 1929/1929/1929
f 1941/1941/1941 1942/1942/1942 1943/1943/1943
f 1941/1941/1941 1943/1943/1943 1944/1944/1944
f 1942/1942/1942 1945/1945/1945 1946/1946/1946
f 1942/1942/1942 1946/1946/1946 1943/1943/1943
f 1943/1943/1943 1946/1946/1946 1939/1939/1939
f 1943/1943/1943 1939/1939/1939 1936/1936/1936
f 1944/1944/1944 1943/1943/1943 1936/1936/1936
f 1944/1944/1944 1936/1936/1936 1935/1935/1935
f 1947/1947/1947 1948/1948/1948 1949/1949/1949
f 1947/1947/1947 1949/1949/1949 1950/1950/1950
f 1948/1948/1948 1951/1951/1951 1952/1952/1952
f 1948/1948/1948 1952/1952/1952 1949/1949/1949
f 1949/1949/1949 1952/1952/1952 1945/1945/1945
f 1949/1949/1949 1945/1945/1945 1942/1942/1942
f 1950/1950/1950 1949/1949/1949 1942/1942/1942
f 1950/1950/1950 1942/1942/1942 1941/1941/1941
f 1953/1953/1953 1954/1954/1954 1955/1955/1955
f 1953/1953/1953 1955/1955/1955 1956/1956/1956
f 1954/1954/1954 1957/1957/1957 1958/1958/1958
f 1954/1954/1954 1958/1958/1958 1955/1955/1955
f 1955/1955/1955 1958/1958/1958 1951/1951/1951
f 1955/1955/1955 1951/1951/1951 1948/1948/1948
f 1956/1956/1956 1955/1955/1955 1948/1948/1948
f 1956/1956/1956 1948/1948/1948 1947/1947/1947
f 1959/1959/1959 1960/1960/1960 1961/1961/1961
f 1959/1959/1959 1961/1961/1961 1962/1962/1962
f 1960/1960/1960 1963/1963/1963 1964/1964/1964
f 1960/1960/1960 1964/1964/1964 1961/1961/1961
f 1961/1961/1961 1964/1964/1964 1957/1957/1957
f 1961/1961/1961 1957/1957/1957 1954/1954/1954
f 1962/1962/1962 1961/1961/1961 1954/1954/1954
f 1962/1962/1962 1954/1954/1954 1953/1953/1953
f 1965/1965/1965 1966/1966/1966 1967/1967/1967
f 1965/1965/1965 1967/1967/1967 1968/1968/1968
f 1963/1963/1963 1960/1960/1960 1967/1967/1967
f 1963/1963/1963 1967/1967/1967 1966/1966/1966
f 1959/1959/1959 1968/1968/1968 1967/1967/1967
f 1959/1959/1959 1967/1967/1967 1960/1960/1960
f 1965/1965/1965 1969/1969/1969 1970/1970/1970
f 1965/1965/1965 1970/1970/1970 1966/1966/1966
f 1969/1969/1969 1885/1885/1885 1883/1883/1883
f 1969/1969/1969 1883/1883/1883 1970/1970/1970
f 1970/1970/1970 1883/1883/1883 1879/1879/1879
f 1970/1970/1970 1879/1879/1879 1971/1971/1971
f 1966/1966/1966 1970/1970/1970 1971/1971/1971
f 1966/1966/1966 1971/1971/1971 1963/1963/1963
f 1957/1957/1957 1964/1964/1964 1972/1972/1972
f 1957/1957/1957 1972/1972/1972 1973/1973/1973
f 1964/1964/1964 1963/1963/1963 1971/1971/1971
f 1964/1964/1964 1971/1971/1971 1972/1972/1972
f 1972/1972/1972 1971/1971/1971 1879/1879/1879
f 1972/1972/1972 1879/1879/1879 1877/1877/1877
f 1973/1973/1973 1972/1972/1972 1877/1877/1877
f 1973/1973/1973 1877/1877/1877 1873/1873/1873
f 1951/1951/1951 1958/1958/1958 1974/1974/1974
f 1951/1951/1951 1974/1974/1974 1975/1975/1975
f 1958/1958/1958 1957/1957/1957 1973/1973/1973
f 1958/1958/1958 1973/1973/1973 1974/1974/1974
f 1974/1974/1974 1973/1973/1973 1873/1873/1873
f 1974/1974/1974 1873/1873/1873 1871/1871/1871
f 1975/1975/1975 1974/1974/1974 1871/1871/1871
f 1975/1975/1975 1871/1871/1871 1867/1867/1867
f 1945/1945/1945 1952/1952/1952 1976/1976/1976
f 1945/1945/1945 1976/1976/1976 1977/1977/1977
f 1952/1952/1952 1951/1951/1951 1975/1975/1975
f 1952/1952/1952 1975/1975/1975 1976/1976/1976
f 1976/1976/1976 1975/1975/1975 1867/1867/1867
f 1976/1976/1976 1867/1867/1867 1865/1865/1865
f 1977/1977/1977 1976/1976/1976 1865/1865/1865
f 1977/1977/1977 1865/1865/1865 1861/1861/1861
f 1939/1939/1939 1946/1946/1946 1978/1978/1978
f 1939/1939/1939 1978/1978/1978 1979/1979/1979
f 1946/1946/1946 1945/1945/1945 1977/1977/1977
f 1946/1946/1946 1977/1977/1977 1978/1978/1978
f 1978/1978/1978 1977/1977/1977 1861/1861/1861
f 1978/1978/1978 1861/1861/1861 1859/1859/1859
f 1979/1979/1979 1978/1978/1978 1859/1859/1859
f 1979/1979/1979 1859/1859/1859 1855/1855/1855
f 1933/1933/1933 1940/1940/1940 1980/1980/1980
f 1933/1933/1933 1980/1980/1980 1981/1981/1981
f 1940/1940/1940 1939/1939/1939 1979/1979/1979
f 1940/1940/1940 1979/1979/1979 1980/1980/1980
f 1980/1980/1980 1979/1979/1979 1855/1855/1855
f 1980/1980/1980 1855/1855/1855 1853/1853/1853
f 1981/1981/1981 1980/1980/1980 1853/1853/1853
f 1981/1981/1981 1853/1853/1853 1849/1849/1849
f 1927/1927/1927 1934/1934/1934 1982/1982/1982
f 1927/1927/1927 1982/1982/1982 1983/1983/1983
f 1934/1934/1934 1933/1933/1933 1981/1981/1981
f 1934/1934/1934 1981/1981/1981 1982/1982/1982
f 1982/1982/1982 1981/1981/1981 1849/1849/1849
f 1982/1982/1982 1849/1849/1849 1847/1847/1847
f 1983/1983/1983 1982/1982/1982 1847/1847/1847
f 1983/1983/1983 1847/1847/1847 1843/1843/1843
f 1921/1921/1921 1928/1928/1928 1984/1984/1984
f 1921/1921/1921 1984/1984/1984 1985/1985/1985
f 1928/1928/1928 1927/1927/1927 1983/1983/1983
f 1928/1928/1928 1983/1983/1983 1984/1984/1984
f 1984/1984/1984 1983/1983/1983 1843/1843/1843
f 1984/1984/1984 1843/1843/1843 1841/1841/1841
f 1985/1985/1985 1984/1984/1984 1841/1841/1841
f 1985/1985/1985 1841/1841/1841 1837/1837/1837
f 1914/1914/1914 1922/1922/1922 1986/1986/1986
f 1914/1914/1914 1986/1986/1986 1987/1987/1987
f 1922/1922/1922 1921/1921/1921 1985/1985/1985
f 1922/1922/1922 1985/1985/1985 1986/1986/1986
f 1986/1986/1986 1985/1985/1985 1837/1837/1837
f 1986/1986/1986 1837/1837/1837 1835/1835/1835
f 1987/1987/1987 1986/1986/1986 1835/1835/1835
f 1987/1987/1987 1835/1835/1835 1830/1830/1830
f 1916/1916/1916 1915/1915/1915 1988/1988/1988
f 1916/1916/1916 1988/1988/1988 1989/1989/1989
f 1915/1915/1915 1914/1914/1914 1987/1987/1987
f 1915/1915/1915 1987/1987/1987 1988/1988/1988
f 1988/1988/1988 1987/1987/1987 1830/1830/1830
f 1988/1988/1988 1830/1830/1830 1827/1827/1827
f 1989/1989/1989 1988/1988/1988 1827/1827/1827
f 1989/1989/1989 1827/1827/1827 1826/1826/1826
f 1990/1990/1990 1991/1991/1991 1992/1992/1992
f 1990/1990/1990 1992/1992/1992 1993/1993/1993
f 1991/1991/1991 1994/1994/1994 1995/1995/1995
f 1991/1991/1991 1995/1995/1995 1992/1992/1992
f 1992/1992/1992 1995/1995/1995 1996/1996/1996
f 1992/1992/1992 1996/1996/1996 1997/1997/1997
f 1993/1993/1993 1992/1992/1992 1997/1997/1997
f 1993/1993/1993 1997/1997/1997 1998/1998/1998
f 1999/1999/1999 2000/2000/2000 2001/2001/2001
f 1999/1999/1999 2001/2001/2001 2002/2002/2002
f 2000/2000/2000 2003/2003/2003 2004/2004/2004
f 2000/2000/2000 2004/2004/2004 2001/2001/2001
f 2001/2001/2001 2004/2004/2004 2005/2005/2005
f 2001/2001/2001 2005/2005/2005 2006/2006/2006
f 2002/2002/2002 2001/2001/2001 2006/2006/2006
f 2002/2002/2002 2006/2006/2006 2007/2007/2007
f 2003/2003/2003 2008/2008/2008 2009/2009/2009
f 2003/2003/2003 2009/2009/2009 2004/2004/2004
f 2008/2008/2008 2010/2010/2010 2011/2011/2011
f 2008/2008/2008 2011/2011/2011 2009/2009/2009
f 2009/2009/2009 2011/2011/2011 2012/2012/2012
f 2009/2009/2009 2012/2012/2012 2013/2013/2013
f 2004/2004/2004 2009/2009/2009 2013/2013/2013
f 2004/2004/2004 2013/2013/2013 2005/2005/2005
f 2010/2010/2010 2014/2014/2014 2015/2015/2015
f 2010/2010/2010 2015/2015/2015 2011/2011/2011
f 2014/2014/2014 1990/1990/1990 1993/1993/1993
f 2014/2014/2014 1993/1993/1993 2015/2015/2015
f 2015/2015/2015 1993/1993/1993 1998/1998/1998
f 2015/2015/2015 1998/1998/1998 2016/2016/2016
f 2011/2011/2011 2015/2015/2015 2016/2016/2016
f 2011/2011/2011 2016/2016/2016 2012/2012/2012
f 2017/2017/2017 2018/2018/2018 2019/2019/2019
f 2017/2017/2017 2019/2019/2019 2020/2020/2020
f 2018/2018/2018 2021/2021/2021 2022/2022/2022
f 2018/2018/2018 2022/2022/2022 2019/2019/2019
f 2019/2019/2019 2022/2022/2022 2023/2023/2023
f 2019/2019/2019 2023/2023/2023 2024/2024/2024
f 2020/2020/2020 2019/2019/2019 2024/2024/2024
f 2020/2020/2020 2024/2024/2024 2025/2025/2025
f 1994/1994/1994 2026/2026/2026 2027/2027/2027
f 1994/1994/1994 2027/2027/2027 1995/1995/1995
f 2026/2026/2026 2017/2017/2017 2020/2020/2020
f 2026/2026/2026 2020/2020/2020 2027/2027/2027
f 2027/2027/2027 2020/2020/2020 2025/2025/2025
f 2027/2027/2027 2025/2025/2025 2028/2028/2028
f 1995/1995/1995 2027/2027/2027 2028/2028/2028
f 1995/1995/1995 2028/2028/2028 1996/1996/1996
f 2029/2029/2029 2030/2030/2030 2031/2031/2031
f 2029/2029/2029 2031/2031/2031 2032/2032/2032
f 2030/2030/2030 2033/2033/2033 2034/2034/2034
f 2030/2030/2030 2034/2034/2034 2031/2031/2031
f 2031/2031/2031 2034/2034/2034 2035/2035/2035
f 2031/2031/2031 2035/2035/2035 2036/2036/2036
f 2032/2032/2032 2031/2031/2031 2036/2036/2036
f 2032/2032/2032 2036/2036/2036 2037/2037/2037
f 2021/2021/2021 2038/2038/2038 2039/2039/2039
f 2021/2021/2021 2039/2039/2039 2022/2022/2022
f 2038/2038/2038 2029/2029/2029 2032/2032/2032
f 2038/2038/2038 2032/2032/2032 2039/2039/2039
f 2039/2039/2039 2032/2032/2032 2037/2037/2037
f 2039/2039/2039 2037/2037/2037 2040/2040/2040
f 2022/2022/2022 2039/2039/2039 2040/2040/2040
f 2022/2022/2022 2040/2040/2040 2023/2023/2023
f 2033/2033/2033 2041/2041/2041 2042/2042/2042
f 2033/2033/2033 2042/2042/2042 2034/2034/2034
f 2041/2041/2041 2043/2043/2043 2044/2044/2044
f 2041/2041/2041 2044/2044/2044 2042/2042/2042
f 2042/2042/2042 2044/2044/2044 2045/2045/2045
f 2042/2042/2042 2045/2045/2045 2046/2046/2046
f 2034/2034/2034 2042/2042/2042 2046/2046/2046
f 2034/2034/2034 2046/2046/2046 2035/2035/2035
f 2047/2047/2047 2048/2048/2048 2049/2049/2049
f 2047/2047/2047 2049/2049/2049 2050/2050/2050
f 2048/2048/2048 2051/2051/2051 2052/2052/2052
f 2048/2048/2048 2052/2052/2052 2049/2049/2049
f 2049/2049/2049 2052/2052/2052 2053/2053/2053
f 2049/2049/2049 2053/2053/2053 2054/2054/2054
f 2050/2050/2050 2049/2049/2049 2054/2054/2054
f 2050/2050/2050 2054/2054/2054 2055/2055/2055
f 2056/2056/2056 2057/2057/2057 2058/2058/2058
f 2056/2056/2056 2058/2058/2058 2059/2059/2059
f 2057/2057/2057 2060/2060/2060 2061/2061/2061
f 2057/2057/2057 2061/2061/2061 2058/2058/2058
f 2058/2058/2058 2061/2061/2061 2062/2062/2062
f 2058/2058/2058 2062/2062/2062 2063/2063/2063
f 2059/2059/2059 2058/2058/2058 2063/2063/2063
f 2059/2059/2059 2063/2063/2063 2064/2064/2064
f 2065/2065/2065 2066/2066/2066 2067/2067/2067
f 2065/2065/2065 2067/2067/2067 2068/2068/2068
f 2066/2066/2066 2069/2069/2069 2070/2070/2070
f 2066/2066/2066 2070/2070/2070 2067/2067/2067
f 2067/2067/2067 2070/2070/2070 2071/2071/2071
f 2067/2067/2067 2071/2071/2071 2072/2072/2072
f 2068/2068/2068 2067/2067/2067 2072/2072/2072
f 2068/2068/2068 2072/2072/2072 2073/2073/2073
f 2069/2069/2069 2074/2074/2074 2075/2075/2075
f 2069/2069/2069 2075/2075/2075 2070/2070/2070
f 2074/2074/2074 1999/1999/1999 2002/2002/2002
f 2074/2074/2074 2002/2002/2002 2075/2075/2075
f 2075/2075/2075 2002/2002/2002 2007/2007/2007
f 2075/2075/2075 2007/2007/2007 2076/2076/2076
f 2070/2070/2070 2075/2075/2075 2076/2076/2076
f 2070/2070/2070 2076/2076/2076 2071/2071/2071
f 2051/2051/2051 2077/2077/2077 2078/2078/2078
f 2051/2051/2051 2078/2078/2078 2052/2052/2052
f 2077/2077/2077 2056/2056/2056 2059/2059/2059
f 2077/2077/2077 2059/2059/2059 2078/2078/2078
f 2078/2078/2078 2059/2059/2059 2064/2064/2064
f 2078/2078/2078 2064/2064/2064 2079/2079/2079
f 2052/2052/2052 2078/2078/2078 2079/2079/2079
f 2052/2052/2052 2079/2079/2079 2053/2053/2053
f 2080/2080/2080 2081/2081/2081 2082/2082/2082
f 2080/2080/2080 2082/2082/2082 2083/2083/2083
f 2081/2081/2081 2084/2084/2084 2085/2085/2085
f 2081/2081/2081 2085/2085/2085 2082/2082/2082
f 2082/2082/2082 2085/2085/2085 2086/2086/2086
f 2082/2082/2082 2086/2086/2086 2087/2087/2087
f 2083/2083/2083 2082/2082/2082 2087/2087/2087
f 2083/2083/2083 2087/2087/2087 2088/2088/2088
f 2084/2084/2084 2089/2089/2089 2090/2090/2090
f 2084/2084/2084 2090/2090/2090 2085/2085/2085
f 2089/2089/2089 2091/2091/2091 2092/2092/2092
f 2089/2089/2089 2092/2092/2092 2090/2090/2090
f 2090/2090/2090 2092/2092/2092 2093/2093/2093
f 2090/2090/2090 2093/2093/2093 2094/2094/2094
f 2085/2085/2085 2090/2090/2090 2094/2094/2094
f 2085/2085/2085 2094/2094/2094 2086/2086/2086
f 2091/2091/2091 2095/2095/2095 2096/2096/2096
f 2091/2091/2091 2096/2096/2096 2092/2092/2092
f 2095/2095/2095 2097/2097/2097 2098/2098/2098
f 2095/2095/2095 2098/2098/2098 2096/2096/2096
f 2096/2096/2096 2098/2098/2098 2099/2099/2099
f 2096/2096/2096 2099/2099/2099 2100/2100/2100
f 2092/2092/2092 2096/2096/2096 2100/2100/2100
f 2092/2092/2092 2100/2100/2100 2093/2093/2093
f 2097/2097/2097 2101/2101/2101 2102/2102/2102
f 2097/2097/2097 2102/2102/2102 2098/2098/2098
f 2101/2101/2101 2103/2103/2103 2104/2104/2104
f 2101/2101/2101 2104/2104/2104 2102/2102/2102
f 2102/2102/2102 2104/2104/2104 2105/2105/2105
f 2102/2102/2102 2105/2105/2105 2106/2106/2106
f 2098/2098/2098 2102/2102/2102 2106/2106/2106
f 2098/2098/2098 2106/2106/2106 2099/2099/2099
f 2103/2103/2103 2107/2107/2107 2108/2108/2108
f 2103/2103/2103 2108/2108/2108 2104/2104/2104
f 2107/2107/2107 2109/2109/2109 2110/2110/2110
f 2107/2107/2107 2110/2110/2110 2108/2108/2108
f 2108/2108/2108 2110/2110/2110 2111/2111/2111
f 2108/2108/2108 2111/2111/2111 2112/2112/2112
f 2104/2104/2104 2108/2108/2108 2112/2112/2112
f 2104/2104/2104 2112/2112/2112 2105/2105/2105
f 2109/2109/2109 2113/2113/2113 2114/2114/2114
f 2109/2109/2109 2114/2114/2114 2110/2110/2110
f 2113/2113/2113 2115/2115/2115 2116/2116/2116
f 2113/2113/2113 2116/2116/2116 2114/2114/2114
f 2114/2114/2114 2116/2116/2116 2117/2117/2117
f 2114/2114/2114 2117/2117/2117 2118/2118/2118
f 2110/2110/2110 2114/2114/2114 2118/2118/2118
f 2110/2110/2110 2118/2118/2118 2111/2111/2111
f 2115/2115/2115 2119/2119/2119 2120/2120/2120
f 2115/2115/2115 2120/2120/2120 2116/2116/2116
f 2119/2119/2119 2121/2121/2121 2122/2122/2122
f 2119/2119/2119 2122/2122/2122 2120/2120/2120
f 2120/2120/2120 2122/2122/2122 2123/2123/2123
f 2120/2120/2120 2123/2123/2123 2124/2124/2124
f 2116/2116/2116 2120/2120/2120 2124/2124/2124
f 2116/2116/2116 2124/2124/2124 2117/2117/2117
f 2121/2121/2121 2125/2125/2125 2126/2126/2126
f 2121/2121/2121 2126/2126/2126 2122/2122/2122
f 2125/2125/2125 2127/2127/2127 2128/2128/2128
f 2125/2125/2125 2128/2128/2128 2126/2126/2126
f 2126/2126/2126 2128/2128/2128 2129/2129/2129
f 2126/2126/2126 2129/2129/2129 2130/2130/2130
f 2122/2122/2122 2126/2126/2126 2130/2130/2130
f 2122/2122/2122 2130/2130/2130 2123/2123/2123
f 2127/2127/2127 2131/2131/2131 2132/2132/2132
f 2127/2127/2127 2132/2132/2132 2128/2128/2128
f 2131/2131/2131 2133/2133/2133 2134/2134/2134
f 2131/2131/2131 2134/2134/2134 2132/2132/2132
f 2132/2132/2132 2134/2134/2134 2135/2135/2135
f 2132/2132/2132 2135/2135/2135 2136/2136/2136
f 2128/2128/2128 2132/2132/2132 2136/2136/2136
f 2128/2128/2128 2136/2136/2136 2129/2129/2129
f 2133/2133/2133 2137/2137/2137 2138/2138/2138
f 2133/2133/2133 2138/2138/2138 2134/2134/2134
f 2137/2137/2137 2139/2139/2139 2140/2140/2140
f 2137/2137/2137 2140/2140/2140 2138/2138/2138
f 2138/2138/2138 2140/2140/2140 2141/2141/2141
f 2138/2138/2138 2141/2141/2141 2142/2142/2142
f 2134/2134/2134 2138/2138/2138 2142/2142/2142
f 2134/2134/2134 2142/2142/2142 2135/2135/2135
f 2139/2139/2139 2143/2143/2143 2144/2144/2144
f 2139/2139/2139 2144/2144/2144 2140/2140/2140
f 2143/2143/2143 2065/2065/2065 2068/2068/2068
f 2143/2143/2143 2068/2068/2068 2144/2144/2144
f 2144/2144/2144 2068/2068/2068 2073/2073/2073
f 2144/2144/2144 2073/2073/2073 2145/2145/2145
f 2140/2140/2140 2144/2144/2144 2145/2145/2145
f 2140/2140/2140 2145/2145/2145 2141/2141/2141
f 2060/2060/2060 2146/2146/2146 2147/2147/2147
f 2060/2060/2060 2147/2147/2147 2061/2061/2061
f 2146/2146/2146 2080/2080/2080 2083/2083/2083
f 2146/2146/2146 2083/2083/2083 2147/2147/2147
f 2147/2147/2147 2083/2083/2083 2088/2088/2088
f 2147/2147/2147 2088/2088/2088 2148/2148/2148
f 2061/2061/2061 2147/2147/2147 2148/2148/2148
f 2061/2061/2061 2148/2148/2148 2062/2062/2062
f 2149/2149/2149 2150/2150/2150 2151/2151/2151
f 2149/2149/2149 2151/2151/2151 2152/2152/2152
f 2150/2150/2150 2153/2153/2153 2154/2154/2154
f 2150/2150/2150 2154/2154/2154 2151/2151/2151
f 2151/2151/2151 2154/2154/2154 2155/2155/2155
f 2151/2151/2151 2155/2155/2155 2156/2156/2156
f 2152/2152/2152 2151/2151/2151 2156/2156/2156
f 2152/2152/2152 2156/2156/2156 2157/2157/2157
f 2158/2158/2158 2159/2159/2159 2160/2160/2160
f 2158/2158/2158 2160/2160/2160 2161/2161/2161
f 2159/2159/2159 2162/2162/2162 2163/2163/2163
f 2159/2159/2159 2163/2163/2163 2160/2160/2160
f 2160/2160/2160 2163/2163/2163 2164/2164/2164
f 2160/2160/2160 2164/2164/2164 2165/2165/2165
f 2161/2161/2161 2160/2160/2160 2165/2165/2165
f 2161/2161/2161 2165/2165/2165 2166/2166/2166
f 2167/2167/2167 2168/2168/2168 2169/2169/2169
f 2167/2167/2167 2169/2169/2169 2170/2170/2170
f 2168/2168/2168 2171/2171/2171 2172/2172/2172
f 2168/2168/2168 2172/2172/2172 2169/2169/2169
f 2169/2169/2169 2172/2172/2172 2173/2173/2173
f 2169/2169/2169 2173/2173/2173 2174/2174/2174
f 2170/2170/2170 2169/2169/2169 2174/2174/2174
f 2170/2170/2170 2174/2174/2174 2175/2175/2175
f 2176/2176/2176 2177/2177/2177 2178/2178/2178
f 2176/2176/2176 2178/2178/2178 2179/2179/2179
f 2177/2177/2177 2180/2180/2180 2181/2181/2181
f 2177/2177/2177 2181/2181/2181 2178/2178/2178
f 2178/2178/2178 2181/2181/2181 2182/2182/2182
f 2178/2178/2178 2182/2182/2182 2183/2183/2183
f 2179/2179/2179 2178/2178/2178 2183/2183/2183
f 2179/2179/2179 2183/2183/2183 2184/2184/2184
f 2171/2171/2171 2185/2185/2185 2186/2186/2186
f 2171/2171/2171 2186/2186/2186 2172/2172/2172
f 2185/2185/2185 2187/2187/2187 2188/2188/2188
f 2185/2185/2185 2188/2188/2188 2186/2186/2186
f 2186/2186/2186 2188/2188/2188 2189/2189/2189
f 2186/2186/2186 2189/2189/2189 2190/2190/2190
f 2172/2172/2172 2186/2186/2186 2190/2190/2190
f 2172/2172/2172 2190/2190/2190 2173/2173/2173
f 2191/2191/2191 2192/2192/2192 2193/2193/2193
f 2191/2191/2191 2193/2193/2193 2194/2194/2194
f 2192/2192/2192 2176/2176/2176 2179/2179/2179
f 2192/2192/2192 2179/2179/2179 2193/2193/2193
f 2193/2193/2193 2179/2179/2179 2184/2184/2184
f 2193/2193/2193 2184/2184/2184 2195/2195/2195
f 2194/2194/2194 2193/2193/2193 2195/2195/2195
f 2194/2194/2194 2195/2195/2195 2196/2196/2196
f 2187/2187/2187 2197/2197/2197 2198/2198/2198
f 2187/2187/2187 2198/2198/2198 2188/2188/2188
f 2197/2197/2197 2149/2149/2149 2152/2152/2152
f 2197/2197/2197 2152/2152/2152 2198/2198/2198
f 2198/2198/2198 2152/2152/2152 2157/2157/2157
f 2198/2198/2198 2157/2157/2157 2199/2199/2199
f 2188/2188/2188 2198/2198/2198 2199/2199/2199
f 2188/2188/2188 2199/2199/2199 2189/2189/2189
f 2162/2162/2162 2200/2200/2200 2201/2201/2201
f 2162/2162/2162 2201/2201/2201 2163/2163/2163
f 2200/2200/2200 2191/2191/2191 2194/2194/2194
f 2200/2200/2200 2194/2194/2194 2201/2201/2201
f 2201/2201/2201 2194/2194/2194 2196/2196/2196
f 2201/2201/2201 2196/2196/2196 2202/2202/2202
f 2163/2163/2163 2201/2201/2201 2202/2202/2202
f 2163/2163/2163 2202/2202/2202 2164/2164/2164
f 2203/2203/2203 2204/2204/2204 2205/2205/2205
f 2203/2203/2203 2205/2205/2205 2206/2206/2206
f 2204/2204/2204 2207/2207/2207 2208/2208/2208
f 2204/2204/2204 2208/2208/2208 2205/2205/2205
f 2205/2205/2205 2208/2208/2208 2209/2209/2209
f 2205/2205/2205 2209/2209/2209 2210/2210/2210
f 2206/2206/2206 2205/2205/2205 2210/2210/2210
f 2206/2206/2206 2210/2210/2210 2211/2211/2211
f 2212/2212/2212 2213/2213/2213 2214/2214/2214
f 2212/2212/2212 2214/2214/2214 2215/2215/2215
f 2213/2213/2213 2216/2216/2216 2217/2217/2217
f 2213/2213/2213 2217/2217/2217 2214/2214/2214
f 2214/2214/2214 2217/2217/2217 2218/2218/2218
f 2214/2214/2214 2218/2218/2218 2219/2219/2219
f 2215/2215/2215 2214/2214/2214 2219/2219/2219
f 2215/2215/2215 2219/2219/2219 2220/2220/2220
f 2153/2153/2153 2221/2221/2221 2222/2222/2222
f 2153/2153/2153 2222/2222/2222 2154/2154/2154
f 2221/2221/2221 2203/2203/2203 2206/2206/2206
f 2221/2221/2221 2206/2206/2206 2222/2222/2222
f 2222/2222/2222 2206/2206/2206 2211/2211/2211
f 2222/2222/2222 2211/2211/2211 2223/2223/2223
f 2154/2154/2154 2222/2222/2222 2223/2223/2223
f 2154/2154/2154 2223/2223/2223 2155/2155/2155
f 2216/2216/2216 2224/2224/2224 2225/2225/2225
f 2216/2216/2216 2225/2225/2225 2217/2217/2217
f 2224/2224/2224 2158/2158/2158 2161/2161/2161
f 2224/2224/2224 2161/2161/2161 2225/2225/2225
f 2225/2225/2225 2161/2161/2161 2166/2166/2166
f 2225/2225/2225 2166/2166/2166 2226/2226/2226
f 2217/2217/2217 2225/2225/2225 2226/2226/2226
f 2217/2217/2217 2226/2226/2226 2218/2218/2218
f 2227/2227/2227 2228/2228/2228 2229/2229/2229
f 2227/2227/2227 2229/2229/2229 2230/2230/2230
f 2228/2228/2228 2231/2231/2231 2232/2232/2232
f 2228/2228/2228 2232/2232/2232 2229/2229/2229
f 2229/2229/2229 2232/2232/2232 2233/2233/2233
f 2229/2229/2229 2233/2233/2233 2234/2234/2234
f 2230/2230/2230 2229/2229/2229 2234/2234/2234
f 2230/2230/2230 2234/2234/2234 2235/2235/2235
f 2236/2236/2236 2237/2237/2237 2238/2238/2238
f 2236/2236/2236 2238/2238/2238 2239/2239/2239
f 2237/2237/2237 2240/2240/2240 2241/2241/2241
f 2237/2237/2237 2241/2241/2241 2238/2238/2238
f 2238/2238/2238 2241/2241/2241 2242/2242/2242
f 2238/2238/2238 2242/2242/2242 2243/2243/2243
f 2239/2239/2239 2238/2238/2238 2243/2243/2243
f 2239/2239/2239 2243/2243/2243 2244/2244/2244
f 2207/2207/2207 2245/2245/2245 2246/2246/2246
f 2207/2207/2207 2246/2246/2246 2208/2208/2208
f 2245/2245/2245 2227/2227/2227 2230/2230/2230
f 2245/2245/2245 2230/2230/2230 2246/2246/2246
f 2246/2246/2246 2230/2230/2230 2235/2235/2235
f 2246/2246/2246 2235/2235/2235 2247/2247/2247
f 2208/2208/2208 2246/2246/2246 2247/2247/2247
f 2208/2208/2208 2247/2247/2247 2209/2209/2209
f 2240/2240/2240 2248/2248/2248 2249/2249/2249
f 2240/2240/2240 2249/2249/2249 2241/2241/2241
f 2248/2248/2248 2212/2212/2212 2215/2215/2215
f 2248/2248/2248 2215/2215/2215 2249/2249/2249
f 2249/2249/2249 2215/2215/2215 2220/2220/2220
f 2249/2249/2249 2220/2220/2220 2250/2250/2250
f 2241/2241/2241 2249/2249/2249 2250/2250/2250
f 2241/2241/2241 2250/2250/2250 2242/2242/2242
f 2231/2231/2231 2251/2251/2251 2252/2252/2252
f 2231/2231/2231 2252/2252/2252 2232/2232/2232
f 2251/2251/2251 2253/2253/2253 2254/2254/2254
f 2251/2251/2251 2254/2254/2254 2252/2252/2252
f 2252/2252/2252 2254/2254/2254 2255/2255/2255
f 2252/2252/2252 2255/2255/2255 2256/2256/2256
f 2232/2232/2232 2252/2252/2252 2256/2256/2256
f 2232/2232/2232 2256/2256/2256 2233/2233/2233
f 2257/2257/2257 2258/2258/2258 2259/2259/2259
f 2257/2257/2257 2259/2259/2259 2260/2260/2260
f 2258/2258/2258 2236/2236/2236 2239/2239/2239
f 2258/2258/2258 2239/2239/2239 2259/2259/2259
f 2259/2259/2259 2239/2239/2239 2244/2244/2244
f 2259/2259/2259 2244/2244/2244 2261/2261/2261
f 2260/2260/2260 2259/2259/2259 2261/2261/2261
f 2260/2260/2260 2261/2261/2261 2262/2262/2262
f 2253/2253/2253 2263/2263/2263 2264/2264/2264
f 2253/2253/2253 2264/2264/2264 2254/2254/2254
f 2263/2263/2263 2265/2265/2265 2266/2266/2266
f 2263/2263/2263 2266/2266/2266 2264/2264/2264
f 2264/2264/2264 2266/2266/2266 2267/2267/2267
f 2264/2264/2264 2267/2267/2267 2268/2268/2268
f 2254/2254/2254 2264/2264/2264 2268/2268/2268
f 2254/2254/2254 2268/2268/2268 2255/2255/2255
f 2269/2269/2269 2270/2270/2270 2271/2271/2271
f 2269/2269/2269 2271/2271/2271 2272/2272/2272
f 2270/2270/2270 2257/2257/2257 2260/2260/2260
f 2270/2270/2270 2260/2260/2260 2271/2271/2271
f 2271/2271/2271 2260/2260/2260 2262/2262/2262
f 2271/2271/2271 2262/2262/2262 2273/2273/2273
f 2272/2272/2272 2271/2271/2271 2273/2273/2273
f 2272/2272/2272 2273/2273/2273 2274/2274/2274
f 2275/2275/2275 2276/2276/2276 2277/2277/2277
f 2275/2275/2275 2277/2277/2277 2278/2278/2278
f 2276/2276/2276 2279/2279/2279 2280/2280/2280
f 2276/2276/2276 2280/2280/2280 2277/2277/2277
f 2277/2277/2277 2280/2280/2280 2281/2281/2281
f 2277/2277/2277 2281/2281/2281 2282/2282/2282
f 2278/2278/2278 2277/2277/2277 2282/2282/2282
f 2278/2278/2278 2282/2282/2282 2283/2283/2283
f 2284/2284/2284 2285/2285/2285 2286/2286/2286
f 2284/2284/2284 2286/2286/2286 2287/2287/2287
f 2285/2285/2285 2288/2288/2288 2289/2289/2289
f 2285/2285/2285 2289/2289/2289 2286/2286/2286
f 2286/2286/2286 2289/2289/2289 2290/2290/2290
f 2286/2286/2286 2290/2290/2290 2291/2291/2291
f 2287/2287/2287 2286/2286/2286 2291/2291/2291
f 2287/2287/2287 2291/2291/2291 2292/2292/2292
f 2293/2293/2293 2294/2294/2294 2295/2295/2295
f 2293/2293/2293 2295/2295/2295 2296/2296/2296
f 2294/2294/2294 2297/2297/2297 2298/2298/2298
f 2294/2294/2294 2298/2298/2298 2295/2295/2295
f 2295/2295/2295 2298/2298/2298 2299/2299/2299
f 2295/2295/2295 2299/2299/2299 2300/2300/2300
f 2296/2296/2296 2295/2295/2295 2300/2300/2300
f 2296/2296/2296 2300/2300/2300 2301/2301/2301
f 2302/2302/2302 2303/2303/2303 2304/2304/2304
f 2302/2302/2302 2304/2304/2304 2305/2305/2305
f 2303/2303/2303 2306/2306/2306 2307/2307/2307
f 2303/2303/2303 2307/2307/2307 2304/2304/2304
f 2304/2304/2304 2307/2307/2307 2308/2308/2308
f 2304/2304/2304 2308/2308/2308 2309/2309/2309
f 2305/2305/2305 2304/2304/2304 2309/2309/2309
f 2305/2305/2305 2309/2309/2309 2310/2310/2310
f 2297/2297/2297 2311/2311/2311 2312/2312/2312
f 2297/2297/2297 2312/2312/2312 2298/2298/2298
f 2311/2311/2311 2167/2167/2167 2170/2170/2170
f 2311/2311/2311 2170/2170/2170 2312/2312/2312
f 2312/2312/2312 2170/2170/2170 2175/2175/2175
f 2312/2312/2312 2175/2175/2175 2313/2313/2313
f 2298/2298/2298 2312/2312/2312 2313/2313/2313
f 2298/2298/2298 2313/2313/2313 2299/2299/2299
f 2180/2180/2180 2314/2314/2314 2315/2315/2315
f 2180/2180/2180 2315/2315/2315 2181/2181/2181
f 2314/2314/2314 2302/2302/2302 2305/2305/2305
f 2314/2314/2314 2305/2305/2305 2315/2315/2315
f 2315/2315/2315 2305/2305/2305 2310/2310/2310
f 2315/2315/2315 2310/2310/2310 2316/2316/2316
f 2181/2181/2181 2315/2315/2315 2316/2316/2316
f 2181/2181/2181 2316/2316/2316 2182/2182/2182
f 2265/2265/2265 2317/2317/2317 2318/2318/2318
f 2265/2265/2265 2318/2318/2318 2266/2266/2266
f 2317/2317/2317 2275/2275/2275 2278/2278/2278
f 2317/2317/2317 2278/2278/2278 2318/2318/2318
f 2318/2318/2318 2278/2278/2278 2283/2283/2283
f 2318/2318/2318 2283/2283/2283 2319/2319/2319
f 2266/2266/2266 2318/2318/2318 2319/2319/2319
f 2266/2266/2266 2319/2319/2319 2267/2267/2267
f 2288/2288/2288 2320/2320/2320 2321/2321/2321
f 2288/2288/2288 2321/2321/2321 2289/2289/2289
f 2320/2320/2320 2269/2269/2269 2272/2272/2272
f 2320/2320/2320 2272/2272/2272 2321/2321/2321
f 2321/2321/2321 2272/2272/2272 2274/2274/2274
f 2321/2321/2321 2274/2274/2274 2322/2322/2322
f 2289/2289/2289 2321/2321/2321 2322/2322/2322
f 2289/2289/2289 2322/2322/2322 2290/2290/2290
f 2323/2323/2323 2324/2324/2324 2325/2325/2325
f 2323/2323/2323 2325/2325/2325 2326/2326/2326
f 2324/2324/2324 2327/2327/2327 2328/2328/2328
f 2324/2324/2324 2328/2328/2328 2325/2325/2325
f 2325/2325/2325 2328/2328/2328 2329/2329/2329
f 2325/2325/2325 2329/2329/2329 2330/2330/2330
f 2326/2326/2326 2325/2325/2325 2330/2330/2330
f 2326/2326/2326 2330/2330/2330 2331/2331/2331
f 2332/2332/2332 2333/2333/2333 2334/2334/2334
f 2332/2332/2332 2334/2334/2334 2335/2335/2335
f 2333/2333/2333 2336/2336/2336 2337/2337/2337
f 2333/2333/2333 2337/2337/2337 2334/2334/2334
f 2334/2334/2334 2337/2337/2337 2338/2338/2338
f 2334/2334/2334 2338/2338/2338 2339/2339/2339
f 2335/2335/2335 2334/2334/2334 2339/2339/2339
f 2335/2335/2335 2339/2339/2339 2340/2340/2340
f 2327/2327/2327 2341/2341/2341 2342/2342/2342
f 2327/2327/2327 2342/2342/2342 2328/2328/2328
f 2341/2341/2341 2343/2343/2343 2344/2344/2344
f 2341/2341/2341 2344/2344/2344 2342/2342/2342
f 2342/2342/2342 2344/2344/2344 2345/2345/2345
f 2342/2342/2342 2345/2345/2345 2346/2346/2346
f 2328/2328/2328 2342/2342/2342 2346/2346/2346
f 2328/2328/2328 2346/2346/2346 2329/2329/2329
f 2347/2347/2347 2348/2348/2348 2349/2349/2349
f 2347/2347/2347 2349/2349/2349 2350/2350/2350
f 2348/2348/2348 2332/2332/2332 2335/2335/2335
f 2348/2348/2348 2335/2335/2335 2349/2349/2349
f 2349/2349/2349 2335/2335/2335 2340/2340/2340
f 2349/2349/2349 2340/2340/2340 2351/2351/2351
f 2350/2350/2350 2349/2349/2349 2351/2351/2351
f 2350/2350/2350 2351/2351/2351 2352/2352/2352
f 2343/2343/2343 2353/2353/2353 2354/2354/2354
f 2343/2343/2343 2354/2354/2354 2344/2344/2344
f 2353/2353/2353 2355/2355/2355 2356/2356/2356
f 2353/2353/2353 2356/2356/2356 2354/2354/2354
f 2354/2354/2354 2356/2356/2356 2357/2357/2357
f 2354/2354/2354 2357/2357/2357 2358/2358/2358
f 2344/2344/2344 2354/2354/2354 2358/2358/2358
f 2344/2344/2344 2358/2358/2358 2345/2345/2345
f 2359/2359/2359 2360/2360/2360 2361/2361/2361
f 2359/2359/2359 2361/2361/2361 2362/2362/2362
f 2360/2360/2360 2347/2347/2347 2350/2350/2350
f 2360/2360/2360 2350/2350/2350 2361/2361/2361
f 2361/2361/2361 2350/2350/2350 2352/2352/2352
f 2361/2361/2361 2352/2352/2352 2363/2363/2363
f 2362/2362/2362 2361/2361/2361 2363/2363/2363
f 2362/2362/2362 2363/2363/2363 2364/2364/2364
f 2355/2355/2355 2365/2365/2365 2366/2366/2366
f 2355/2355/2355 2366/2366/2366 2356/2356/2356
f 2365/2365/2365 2367/2367/2367 2368/2368/2368
f 2365/2365/2365 2368/2368/2368 2366/2366/2366
f 2366/2366/2366 2368/2368/2368 2369/2369/2369
f 2366/2366/2366 2369/2369/2369 2370/2370/2370
f 2356/2356/2356 2366/2366/2366 2370/2370/2370
f 2356/2356/2356 2370/2370/2370 2357/2357/2357
f 2371/2371/2371 2372/2372/2372 2373/2373/2373
f 2371/2371/2371 2373/2373/2373 2374/2374/2374
f 2372/2372/2372 2359/2359/2359 2362/2362/2362
f 2372/2372/2372 2362/2362/2362 2373/2373/2373
f 2373/2373/2373 2362/2362/2362 2364/2364/2364
f 2373/2373/2373 2364/2364/2364 2375/2375/2375
f 2374/2374/2374 2373/2373/2373 2375/2375/2375
f 2374/2374/2374 2375/2375/2375 2376/2376/2376
f 2367/2367/2367 2377/2377/2377 2378/2378/2378
f 2367/2367/2367 2378/2378/2378 2368/2368/2368
f 2377/2377/2377 2379/2379/2379 2380/2380/2380
f 2377/2377/2377 2380/2380/2380 2378/2378/2378
f 2378/2378/2378 2380/2380/2380 2381/2381/2381
f 2378/2378/2378 2381/2381/2381 2382/2382/2382
f 2368/2368/2368 2378/2378/2378 2382/2382/2382
f 2368/2368/2368 2382/2382/2382 2369/2369/2369
f 2383/2383/2383 2384/2384/2384 2385/2385/2385
f 2383/2383/2383 2385/2385/2385 2386/2386/2386
f 2384/2384/2384 2371/2371/2371 2374/2374/2374
f 2384/2384/2384 2374/2374/2374 2385/2385/2385
f 2385/2385/2385 2374/2374/2374 2376/2376/2376
f 2385/2385/2385 2376/2376/2376 2387/2387/2387
f 2386/2386/2386 2385/2385/2385 2387/2387/2387
f 2386/2386/2386 2387/2387/2387 2388/2388/2388
f 2379/2379/2379 2389/2389/2389 2390/2390/2390
f 2379/2379/2379 2390/2390/2390 2380/2380/2380
f 2389/2389/2389 2391/2391/2391 2392/2392/2392
f 2389/2389/2389 2392/2392/2392 2390/2390/2390
f 2390/2390/2390 2392/2392/2392 2393/2393/2393
f 2390/2390/2390 2393/2393/2393 2394/2394/2394
f 2380/2380/2380 2390/2390/2390 2394/2394/2394
f 2380/2380/2380 2394/2394/2394 2381/2381/2381
f 2395/2395/2395 2396/2396/2396 2397/2397/2397
f 2395/2395/2395 2397/2397/2397 2398/2398/2398
f 2396/2396/2396 2383/2383/2383 2386/2386/2386
f 2396/2396/2396 2386/2386/2386 2397/2397/2397
f 2397/2397/2397 2386/2386/2386 2388/2388/2388
f 2397/2397/2397 2388/2388/2388 2399/2399/2399
f 2398/2398/2398 2397/2397/2397 2399/2399/2399
f 2398/2398/2398 2399/2399/2399 2400/2400/2400
f 2391/2391/2391 2401/2401/2401 2402/2402/2402
f 2391/2391/2391 2402/2402/2402 2392/2392/2392
f 2401/2401/2401 2403/2403/2403 2404/2404/2404
f 2401/2401/2401 2404/2404/2404 2402/2402/2402
f 2402/2402/2402 2404/2404/2404 2405/2405/2405
f 2402/2402/2402 2405/2405/2405 2406/2406/2406
f 2392/2392/2392 2402/2402/2402 2406/2406/2406
f 2392/2392/2392 2406/2406/2406 2393/2393/2393
f 2407/2407/2407 2408/2408/2408 2409/2409/2409
f 2407/2407/2407 2409/2409/2409 2410/2410/2410
f 2408/2408/2408 2395/2395/2395 2398/2398/2398
f 2408/2408/2408 2398/2398/2398 2409/2409/2409
f 2409/2409/2409 2398/2398/2398 2400/2400/2400
f 2409/2409/2409 2400/2400/2400 2411/2411/2411
f 2410/2410/2410 2409/2409/2409 2411/2411/2411
f 2410/2410/2410 2411/2411/2411 2412/2412/2412
f 2403/2403/2403 2413/2413/2413 2414/2414/2414
f 2403/2403/2403 2414/2414/2414 2404/2404/2404
f 2413/2413/2413 2415/2415/2415 2416/2416/2416
f 2413/2413/2413 2416/2416/2416 2414/2414/2414
f 2414/2414/2414 2416/2416/2416 2417/2417/2417
f 2414/2414/2414 2417/2417/2417 2418/2418/2418
f 2404/2404/2404 2414/2414/2414 2418/2418/2418
f 2404/2404/2404 2418/2418/2418 2405/2405/2405
f 2419/2419/2419 2420/2420/2420 2421/2421/2421
f 2419/2419/2419 2421/2421/2421 2422/2422/2422
f 2420/2420/2420 2407/2407/2407 2410/2410/2410
f 2420/2420/2420 2410/2410/2410 2421/2421/2421
f 2421/2421/2421 2410/2410/2410 2412/2412/2412
f 2421/2421/2421 2412/2412/2412 2423/2423/2423
f 2422/2422/2422 2421/2421/2421 2423/2423/2423
f 2422/2422/2422 2423/2423/2423 2424/2424/2424
f 2415/2415/2415 2425/2425/2425 2426/2426/2426
f 2415/2415/2415 2426/2426/2426 2416/2416/2416
f 2425/2425/2425 2427/2427/2427 2428/2428/2428
f 2425/2425/2425 2428/2428/2428 2426/2426/2426
f 2426/2426/2426 2428/2428/2428 2429/2429/2429
f 2426/2426/2426 2429/2429/2429 2430/2430/2430
f 2416/2416/2416 2426/2426/2426 2430/2430/2430
f 2416/2416/2416 2430/2430/2430 2417/2417/2417
f 2431/2431/2431 2432/2432/2432 2433/2433/2433
f 2431/2431/2431 2433/2433/2433 2434/2434/2434
f 2432/2432/2432 2419/2419/2419 2422/2422/2422
f 2432/2432/2432 2422/2422/2422 2433/2433/2433
f 2433/2433/2433 2422/2422/2422 2424/2424/2424
f 2433/2433/2433 2424/2424/2424 2435/2435/2435
f 2434/2434/2434 2433/2433/2433 2435/2435/2435
f 2434/2434/2434 2435/2435/2435 2436/2436/2436
f 2427/2427/2427 2437/2437/2437 2438/2438/2438
f 2427/2427/2427 2438/2438/2438 2428/2428/2428
f 2437/2437/2437 2439/2439/2439 2440/2440/2440
f 2437/2437/2437 2440/2440/2440 2438/2438/2438
f 2438/2438/2438 2440/2440/2440 2441/2441/2441
f 2438/2438/2438 2441/2441/2441 2442/2442/2442
f 2428/2428/2428 2438/2438/2438 2442/2442/2442
f 2428/2428/2428 2442/2442/2442 2429/2429/2429
f 2443/2443/2443 2444/2444/2444 2445/2445/2445
f 2443/2443/2443 2445/2445/2445 2446/2446/2446
f 2444/2444/2444 2431/2431/2431 2434/2434/2434
f 2444/2444/2444 2434/2434/2434 2445/2445/2445
f 2445/2445/2445 2434/2434/2434 2436/2436/2436
f 2445/2445/2445 2436/2436/2436 2447/2447/2447
f 2446/2446/2446 2445/2445/2445 2447/2447/2447
f 2446/2446/2446 2447/2447/2447 2448/2448/2448
f 2439/2439/2439 2449/2449/2449 2450/2450/2450
f 2439/2439/2439 2450/2450/2450 2440/2440/2440
f 2449/2449/2449 2293/2293/2293 2296/2296/2296
f 2449/2449/2449 2296/2296/2296 2450/2450/2450
f 2450/2450/2450 2296/2296/2296 2301/2301/2301
f 2450/2450/2450 2301/2301/2301 2451/2451/2451
f 2440/2440/2440 2450/2450/2450 2451/2451/2451
f 2440/2440/2440 2451/2451/2451 2441/2441/2441
f 2306/2306/2306 2452/2452/2452 2453/2453/2453
f 2306/2306/2306 2453/2453/2453 2307/2307/2307
f 2452/2452/2452 2443/2443/2443 2446/2446/2446
f 2452/2452/2452 2446/2446/2446 2453/2453/2453
f 2453/2453/2453 2446/2446/2446 2448/2448/2448
f 2453/2453/2453 2448/2448/2448 2454/2454/2454
f 2307/2307/2307 2453/2453/2453 2454/2454/2454
f 2307/2307/2307 2454/2454/2454 2308/2308/2308
f 2279/2279/2279 2455/2455/2455 2456/2456/2456
f 2279/2279/2279 2456/2456/2456 2280/2280/2280
f 2455/2455/2455 2323/2323/2323 2326/2326/2326
f 2455/2455/2455 2326/2326/2326 2456/2456/2456
f 2456/2456/2456 2326/2326/2326 2331/2331/2331
f 2456/2456/2456 2331/2331/2331 2457/2457/2457
f 2280/2280/2280 2456/2456/2456 2457/2457/2457
f 2280/2280/2280 2457/2457/2457 2281/2281/2281
f 2336/2336/2336 2458/2458/2458 2459/2459/2459
f 2336/2336/2336 2459/2459/2459 2337/2337/2337
f 2458/2458/2458 2284/2284/2284 2287/2287/2287
f 2458/2458/2458 2287/2287/2287 2459/2459/2459
f 2459/2459/2459 2287/2287/2287 2292/2292/2292
f 2459/2459/2459 2292/2292/2292 2460/2460/2460
f 2337/2337/2337 2459/2459/2459 2460/2460/2460
f 2337/2337/2337 2460/2460/2460 2338/2338/2338
f 1775/1775/1775 1774/1774/1774 2461/2461/2461
f 1775/1775/1775 2461/2461/2461 2462/2462/2462
f 1774/1774/1774 1773/1773/1773 2463/2463/2463
f 1774/1774/1774 2463/2463/2463 2461/2461/2461
f 2461/2461/2461 2463/2463/2463 2162/2162/2162
f 2461/2461/2461 2162/2162/2162 2159/2159/2159
f 2462/2462/2462 2461/2461/2461 2159/2159/2159
f 2462/2462/2462 2159/2159/2159 2158/2158/2158
f 1773/1773/1773 1791/1791/1791 2464/2464/2464
f 1773/1773/1773 2464/2464/2464 2463/2463/2463
f 1791/1791/1791 1788/1788/1788 2465/2465/2465
f 1791/1791/1791 2465/2465/2465 2464/2464/2464
f 2464/2464/2464 2465/2465/2465 2191/2191/2191
f 2464/2464/2464 2191/2191/2191 2200/2200/2200
f 2463/2463/2463 2464/2464/2464 2200/2200/2200
f 2463/2463/2463 2200/2200/2200 2162/2162/2162
f 1788/1788/1788 1787/1787/1787 2466/2466/2466
f 1788/1788/1788 2466/2466/2466 2465/2465/2465
f 1787/1787/1787 1782/1782/1782 2467/2467/2467
f 1787/1787/1787 2467/2467/2467 2466/2466/2466
f 2466/2466/2466 2467/2467/2467 2176/2176/2176
f 2466/2466/2466 2176/2176/2176 2192/2192/2192
f 2465/2465/2465 2466/2466/2466 2192/2192/2192
f 2465/2465/2465 2192/2192/2192 2191/2191/2191
f 1782/1782/1782 1781/1781/1781 2468/2468/2468
f 1782/1782/1782 2468/2468/2468 2467/2467/2467
f 1781/1781/1781 1780/1780/1780 2469/2469/2469
f 1781/1781/1781 2469/2469/2469 2468/2468/2468
f 2468/2468/2468 2469/2469/2469 2180/2180/2180
f 2468/2468/2468 2180/2180/2180 2177/2177/2177
f 2467/2467/2467 2468/2468/2468 2177/2177/2177
f 2467/2467/2467 2177/2177/2177 2176/2176/2176
f 1780/1780/1780 1891/1891/1891 2470/2470/2470
f 1780/1780/1780 2470/2470/2470 2469/2469/2469
f 1891/1891/1891 1887/1887/1887 2471/2471/2471
f 1891/1891/1891 2471/2471/2471 2470/2470/2470
f 2470/2470/2470 2471/2471/2471 2302/2302/2302
f 2470/2470/2470 2302/2302/2302 2314/2314/2314
f 2469/2469/2469 2470/2470/2470 2314/2314/2314
f 2469/2469/2469 2314/2314/2314 2180/2180/2180
f 1887/1887/1887 1886/1886/1886 2472/2472/2472
f 1887/1887/1887 2472/2472/2472 2471/2471/2471
f 1886/1886/1886 1885/1885/1885 2473/2473/2473
f 1886/1886/1886 2473/2473/2473 2472/2472/2472
f 2472/2472/2472 2473/2473/2473 2306/2306/2306
f 2472/2472/2472 2306/2306/2306 2303/2303/2303
f 2471/2471/2471 2472/2472/2472 2303/2303/2303
f 2471/2471/2471 2303/2303/2303 2302/2302/2302
f 1885/1885/1885 1969/1969/1969 2474/2474/2474
f 1885/1885/1885 2474/2474/2474 2473/2473/2473
f 1969/1969/1969 1965/1965/1965 2475/2475/2475
f 1969/1969/1969 2475/2475/2475 2474/2474/2474
f 2474/2474/2474 2475/2475/2475 2443/2443/2443
f 2474/2474/2474 2443/2443/2443 2452/2452/2452
f 2473/2473/2473 2474/2474/2474 2452/2452/2452
f 2473/2473/2473 2452/2452/2452 2306/2306/2306
f 1965/1965/1965 1968/1968/1968 2476/2476/2476
f 1965/1965/1965 2476/2476/2476 2475/2475/2475
f 1968/1968/1968 1959/1959/1959 2477/2477/2477
f 1968/1968/1968 2477/2477/2477 2476/2476/2476
f 2476/2476/2476 2477/2477/2477 2431/2431/2431
f 2476/2476/2476 2431/2431/2431 2444/2444/2444
f 2475/2475/2475 2476/2476/2476 2444/2444/2444
f 2475/2475/2475 2444/2444/2444 2443/2443/2443
f 1959/1959/1959 1962/1962/1962 2478/2478/2478
f 1959/1959/1959 2478/2478/2478 2477/2477/2477
f 1962/1962/1962 1953/1953/1953 2479/2479/2479
f 1962/1962/1962 2479/2479/2479 2478/2478/2478
f 2478/2478/2478 2479/2479/2479 2419/2419/2419
f 2478/2478/2478 2419/2419/2419 2432/2432/2432
f 2477/2477/2477 2478/2478/2478 2432/2432/2432
f 2477/2477/2477 2432/2432/2432 2431/2431/2431
f 1953/1953/1953 1956/1956/1956 2480/2480/2480
f 1953/1953/1953 2480/2480/2480 2479/2479/2479
f 1956/1956/1956 1947/1947/1947 2481/2481/2481
f 1956/1956/1956 2481/2481/2481 2480/2480/2480
f 2480/2480/2480 2481/2481/2481 2407/2407/2407
f 2480/2480/2480 2407/2407/2407 2420/2420/2420
f 2479/2479/2479 2480/2480/2480 2420/2420/2420
f 2479/2479/2479 2420/2420/2420 2419/2419/2419
f 1947/1947/1947 1950/1950/1950 2482/2482/2482
f 1947/1947/1947 2482/2482/2482 2481/2481/2481
f 1950/1950/1950 1941/1941/1941 2483/2483/2483
f 1950/1950/1950 2483/2483/2483 2482/2482/2482
f 2482/2482/2482 2483/2483/2483 2395/2395/2395
f 2482/2482/2482 2395/2395/2395 2408/2408/2408
f 2481/2481/2481 2482/2482/2482 2408/2408/2408
f 2481/2481/2481 2408/2408/2408 2407/2407/2407
f 1941/1941/1941 1944/1944/1944 2484/2484/2484
f 1941/1941/1941 2484/2484/2484 2483/2483/2483
f 1944/1944/1944 1935/1935/1935 2485/2485/2485
f 1944/1944/1944 2485/2485/2485 2484/2484/2484
f 2484/2484/2484 2485/2485/2485 2383/2383/2383
f 2484/2484/2484 2383/2383/2383 2396/2396/2396
f 2483/2483/2483 2484/2484/2484 2396/2396/2396
f 2483/2483/2483 2396/2396/2396 2395/2395/2395
f 1935/1935/1935 1938/1938/1938 2486/2486/2486
f 1935/1935/1935 2486/2486/2486 2485/2485/2485
f 1938/1938/1938 1929/1929/1929 2487/2487/2487
f 1938/1938/1938 2487/2487/2487 2486/2486/2486
f 2486/2486/2486 2487/2487/2487 2371/2371/2371
f 2486/2486/2486 2371/2371/2371 2384/2384/2384
f 2485/2485/2485 2486/2486/2486 2384/2384/2384
f 2485/2485/2485 2384/2384/2384 2383/2383/2383
f 1929/1929/1929 1932/1932/1932 2488/2488/2488
f 1929/1929/1929 2488/2488/2488 2487/2487/2487
f 1932/1932/1932 1923/1923/1923 2489/2489/2489
f 1932/1932/1932 2489/2489/2489 2488/2488/2488
f 2488/2488/2488 2489/2489/2489 2359/2359/2359
f 2488/2488/2488 2359/2359/2359 2372/2372/2372
f 2487/2487/2487 2488/2488/2488 2372/2372/2372
f 2487/2487/2487 2372/2372/2372 2371/2371/2371
f 1923/1923/1923 1926/1926/1926 2490/2490/2490
f 1923/1923/1923 2490/2490/2490 2489/2489/2489
f 1926/1926/1926 1917/1917/1917 2491/2491/2491
f 1926/1926/1926 2491/2491/2491 2490/2490/2490
f 2490/2490/2490 2491/2491/2491 2347/2347/2347
f 2490/2490/2490 2347/2347/2347 2360/2360/2360
f 2489/2489/2489 2490/2490/2490 2360/2360/2360
f 2489/2489/2489 2360/2360/2360 2359/2359/2359
f 1917/1917/1917 1920/1920/1920 2492/2492/2492
f 1917/1917/1917 2492/2492/2492 2491/2491/2491
f 1920/1920/1920 1910/1910/1910 2493/2493/2493
f 1920/1920/1920 2493/2493/2493 2492/2492/2492
f 2492/2492/2492 2493/2493/2493 2332/2332/2332
f 2492/2492/2492 2332/2332/2332 2348/2348/2348
f 2491/2491/2491 2492/2492/2492 2348/2348/2348
f 2491/2491/2491 2348/2348/2348 2347/2347/2347
f 1910/1910/1910 1913/1913/1913 2494/2494/2494
f 1910/1910/1910 2494/2494/2494 2493/2493/2493
f 1913/1913/1913 1916/1916/1916 2495/2495/2495
f 1913/1913/1913 2495/2495/2495 2494/2494/2494
f 2494/2494/2494 2495/2495/2495 2336/2336/2336
f 2494/2494/2494 2336/2336/2336 2333/2333/2333
f 2493/2493/2493 2494/2494/2494 2333/2333/2333
f 2493/2493/2493 2333/2333/2333 2332/2332/2332
f 1916/1916/1916 1989/1989/1989 2496/2496/2496
f 1916/1916/1916 2496/2496/2496 2495/2495/2495
f 1989/1989/1989 1826/1826/1826 2497/2497/2497
f 1989/1989/1989 2497/2497/2497 2496/2496/2496
f 2496/2496/2496 2497/2497/2497 2284/2284/2284
f 2496/2496/2496 2284/2284/2284 2458/2458/2458
f 2495/2495/2495 2496/2496/2496 2458/2458/2458
f 2495/2495/2495 2458/2458/2458 2336/2336/2336
f 1826/1826/1826 1829/1829/1829 2498/2498/2498
f 1826/1826/1826 2498/2498/2498 2497/2497/2497
f 1829/1829/1829 1834/1834/1834 2499/2499/2499
f 1829/1829/1829 2499/2499/2499 2498/2498/2498
f 2498/2498/2498 2499/2499/2499 2288/2288/2288
f 2498/2498/2498 2288/2288/2288 2285/2285/2285
f 2497/2497/2497 2498/2498/2498 2285/2285/2285
f 2497/2497/2497 2285/2285/2285 2284/2284/2284
f 1834/1834/1834 1909/1909/1909 2500/2500/2500
f 1834/1834/1834 2500/2500/2500 2499/2499/2499
f 1909/1909/1909 1822/1822/1822 2501/2501/2501
f 1909/1909/1909 2501/2501/2501 2500/2500/2500
f 2500/2500/2500 2501/2501/2501 2269/2269/2269
f 2500/2500/2500 2269/2269/2269 2320/2320/2320
f 2499/2499/2499 2500/2500/2500 2320/2320/2320
f 2499/2499/2499 2320/2320/2320 2288/2288/2288
f 1822/1822/1822 1825/1825/1825 2502/2502/2502
f 1822/1822/1822 2502/2502/2502 2501/2501/2501
f 1825/1825/1825 1821/1821/1821 2503/2503/2503
f 1825/1825/1825 2503/2503/2503 2502/2502/2502
f 2502/2502/2502 2503/2503/2503 2257/2257/2257
f 2502/2502/2502 2257/2257/2257 2270/2270/2270
f 2501/2501/2501 2502/2502/2502 2270/2270/2270
f 2501/2501/2501 2270/2270/2270 2269/2269/2269
f 1821/1821/1821 1820/1820/1820 2504/2504/2504
f 1821/1821/1821 2504/2504/2504 2503/2503/2503
f 1820/1820/1820 1812/1812/1812 2505/2505/2505
f 1820/1820/1820 2505/2505/2505 2504/2504/2504
f 2504/2504/2504 2505/2505/2505 2236/2236/2236
f 2504/2504/2504 2236/2236/2236 2258/2258/2258
f 2503/2503/2503 2504/2504/2504 2258/2258/2258
f 2503/2503/2503 2258/2258/2258 2257/2257/2257
f 1812/1812/1812 1811/1811/1811 2506/2506/2506
f 1812/1812/1812 2506/2506/2506 2505/2505/2505
f 1811/1811/1811 1810/1810/1810 2507/2507/2507
f 1811/1811/1811 2507/2507/2507 2506/2506/2506
f 2506/2506/2506 2507/2507/2507 2240/2240/2240
f 2506/2506/2506 2240/2240/2240 2237/2237/2237
f 2505/2505/2505 2506/2506/2506 2237/2237/2237
f 2505/2505/2505 2237/2237/2237 2236/2236/2236
f 1810/1810/1810 1815/1815/1815 2508/2508/2508
f 1810/1810/1810 2508/2508/2508 2507/2507/2507
f 1815/1815/1815 1800/1800/1800 2509/2509/2509
f 1815/1815/1815 2509/2509/2509 2508/2508/2508
f 2508/2508/2508 2509/2509/2509 2212/2212/2212
f 2508/2508/2508 2212/2212/2212 2248/2248/2248
f 2507/2507/2507 2508/2508/2508 2248/2248/2248
f 2507/2507/2507 2248/2248/2248 2240/2240/2240
f 1800/1800/1800 1799/1799/1799 2510/2510/2510
f 1800/1800/1800 2510/2510/2510 2509/2509/2509
f 1799/1799/1799 1798/1798/1798 2511/2511/2511
f 1799/1799/1799 2511/2511/2511 2510/2510/2510
f 2510/2510/2510 2511/2511/2511 2216/2216/2216
f 2510/2510/2510 2216/2216/2216 2213/2213/2213
f 2509/2509/2509 2510/2510/2510 2213/2213/2213
f 2509/2509/2509 2213/2213/2213 2212/2212/2212
f 1798/1798/1798 1803/1803/1803 2512/2512/2512
f 1798/1798/1798 2512/2512/2512 2511/2511/2511
f 1803/1803/1803 1775/1775/1775 2462/2462/2462
f 1803/1803/1803 2462/2462/2462 2512/2512/2512
f 2512/2512/2512 2462/2462/2462 2158/2158/2158
f 2512/2512/2512 2158/2158/2158 2224/2224/2224
f 2511/2511/2511 2512/2512/2512 2224/2224/2224
f 2511/2511/2511 2224/2224/2224 2216/2216/2216
f 2513/2513/2513 2514/2514/2514 2515/2515/2515
f 2513/2513/2513 2515/2515/2515 2516/2516/2516
f 2514/2514/2514 2517/2517/2517 2518/2518/2518
f 2514/2514/2514 2518/2518/2518 2515/2515/2515
f 2515/2515/2515 2518/2518/2518 2017/2017/2017
f 2515/2515/2515 2017/2017/2017 2026/2026/2026
f 2516/2516/2516 2515/2515/2515 2026/2026/2026
f 2516/2516/2516 2026/2026/2026 1994/1994/1994
f 2517/2517/2517 2519/2519/2519 2520/2520/2520
f 2517/2517/2517 2520/2520/2520 2518/2518/2518
f 2519/2519/2519 2521/2521/2521 2522/2522/2522
f 2519/2519/2519 2522/2522/2522 2520/2520/2520
f 2520/2520/2520 2522/2522/2522 2021/2021/2021
f 2520/2520/2520 2021/2021/2021 2018/2018/2018
f 2518/2518/2518 2520/2520/2520 2018/2018/2018
f 2518/2518/2518 2018/2018/2018 2017/2017/2017
f 2521/2521/2521 2523/2523/2523 2524/2524/2524
f 2521/2521/2521 2524/2524/2524 2522/2522/2522
f 2523/2523/2523 2525/2525/2525 2526/2526/2526
f 2523/2523/2523 2526/2526/2526 2524/2524/2524
f 2524/2524/2524 2526/2526/2526 2029/2029/2029
f 2524/2524/2524 2029/2029/2029 2038/2038/2038
f 2522/2522/2522 2524/2524/2524 2038/2038/2038
f 2522/2522/2522 2038/2038/2038 2021/2021/2021
f 2525/2525/2525 2527/2527/2527 2528/2528/2528
f 2525/2525/2525 2528/2528/2528 2526/2526/2526
f 2527/2527/2527 2529/2529/2529 2530/2530/2530
f 2527/2527/2527 2530/2530/2530 2528/2528/2528
f 2528/2528/2528 2530/2530/2530 2033/2033/2033
f 2528/2528/2528 2033/2033/2033 2030/2030/2030
f 2526/2526/2526 2528/2528/2528 2030/2030/2030
f 2526/2526/2526 2030/2030/2030 2029/2029/2029
f 2529/2529/2529 2531/2531/2531 2532/2532/2532
f 2529/2529/2529 2532/2532/2532 2530/2530/2530
f 2531/2531/2531 2533/2533/2533 2534/2534/2534
f 2531/2531/2531 2534/2534/2534 2532/2532/2532
f 2532/2532/2532 2534/2534/2534 2043/2043/2043
f 2532/2532/2532 2043/2043/2043 2041/2041/2041
f 2530/2530/2530 2532/2532/2532 2041/2041/2041
f 2530/2530/2530 2041/2041/2041 2033/2033/2033
f 2535/2535/2535 2536/2536/2536 2537/2537/2537
f 2535/2535/2535 2537/2537/2537 2538/2538/2538
f 2536/2536/2536 2539/2539/2539 2540/2540/2540
f 2536/2536/2536 2540/2540/2540 2537/2537/2537
f 2537/2537/2537 2540/2540/2540 2051/2051/2051
f 2537/2537/2537 2051/2051/2051 2048/2048/2048
f 2538/2538/2538 2537/2537/2537 2048/2048/2048
f 2538/2538/2538 2048/2048/2048 2047/2047/2047
f 2539/2539/2539 2541/2541/2541 2542/2542/2542
f 2539/2539/2539 2542/2542/2542 2540/2540/2540
f 2541/2541/2541 2543/2543/2543 2544/2544/2544
f 2541/2541/2541 2544/2544/2544 2542/2542/2542
f 2542/2542/2542 2544/2544/2544 2056/2056/2056
f 2542/2542/2542 2056/2056/2056 2077/2077/2077
f 2540/2540/2540 2542/2542/2542 2077/2077/2077
f 2540/2540/2540 2077/2077/2077 2051/2051/2051
f 2543/2543/2543 2545/2545/2545 2546/2546/2546
f 2543/2543/2543 2546/2546/2546 2544/2544/2544
f 2545/2545/2545 2547/2547/2547 2548/2548/2548
f 2545/2545/2545 2548/2548/2548 2546/2546/2546
f 2546/2546/2546 2548/2548/2548 2060/2060/2060
f 2546/2546/2546 2060/2060/2060 2057/2057/2057
f 2544/2544/2544 2546/2546/2546 2057/2057/2057
f 2544/2544/2544 2057/2057/2057 2056/2056/2056
f 2547/2547/2547 2549/2549/2549 2550/2550/2550
f 2547/2547/2547 2550/2550/2550 2548/2548/2548
f 2549/2549/2549 2551/2551/2551 2552/2552/2552
f 2549/2549/2549 2552/2552/2552 2550/2550/2550
f 2550/2550/2550 2552/2552/2552 2080/2080/2080
f 2550/2550/2550 2080/2080/2080 2146/2146/2146
f 2548/2548/2548 2550/2550/2550 2146/2146/2146
f 2548/2548/2548 2146/2146/2146 2060/2060/2060
f 2551/2551/2551 2553/2553/2553 2554/2554/2554
f 2551/2551/2551 2554/2554/2554 2552/2552/2552
f 2553/2553/2553 2555/2555/2555 2556/2556/2556
f 2553/2553/2553 2556/2556/2556 2554/2554/2554
f 2554/2554/2554 2556/2556/2556 2084/2084/2084
f 2554/2554/2554 2084/2084/2084 2081/2081/2081
f 2552/2552/2552 2554/2554/2554 2081/2081/2081
f 2552/2552/2552 2081/2081/2081 2080/2080/2080
f 2555/2555/2555 2557/2557/2557 2558/2558/2558
f 2555/2555/2555 2558/2558/2558 2556/2556/2556
f 2557/2557/2557 2559/2559/2559 2560/2560/2560
f 2557/2557/2557 2560/2560/2560 2558/2558/2558
f 2558/2558/2558 2560/2560/2560 2091/2091/2091
f 2558/2558/2558 2091/2091/2091 2089/2089/2089
f 2556/2556/2556 2558/2558/2558 2089/2089/2089
f 2556/2556/2556 2089/2089/2089 2084/2084/2084
f 2559/2559/2559 2561/2561/2561 2562/2562/2562
f 2559/2559/2559 2562/2562/2562 2560/2560/2560
f 2561/2561/2561 2563/2563/2563 2564/2564/2564
f 2561/2561/2561 2564/2564/2564 2562/2562/2562
f 2562/2562/2562 2564/2564/2564 2097/2097/2097
f 2562/2562/2562 2097/2097/2097 2095/2095/2095
f 2560/2560/2560 2562/2562/2562 2095/2095/2095
f 2560/2560/2560 2095/2095/2095 2091/2091/2091
f 2563/2563/2563 2565/2565/2565 2566/2566/2566
f 2563/2563/2563 2566/2566/2566 2564/2564/2564
f 2565/2565/2565 2567/2567/2567 2568/2568/2568
f 2565/2565/2565 2568/2568/2568 2566/2566/2566
f 2566/2566/2566 2568/2568/2568 2103/2103/2103
f 2566/2566/2566 2103/2103/2103 2101/2101/2101
f 2564/2564/2564 2566/2566/2566 2101/2101/2101
f 2564/2564/2564 2101/2101/2101 2097/2097/2097
f 2567/2567/2567 2569/2569/2569 2570/2570/2570
f 2567/2567/2567 2570/2570/2570 2568/2568/2568
f 2569/2569/2569 2571/2571/2571 2572/2572/2572
f 2569/2569/2569 2572/2572/2572 2570/2570/2570
f 2570/2570/2570 2572/2572/2572 2109/2109/2109
f 2570/2570/2570 2109/2109/2109 2107/2107/2107
f 2568/2568/2568 2570/2570/2570 2107/2107/2107
f 2568/2568/2568 2107/2107/2107 2103/2103/2103
f 2571/2571/2571 2573/2573/2573 2574/2574/2574
f 2571/2571/2571 2574/2574/2574 2572/2572/2572
f 2573/2573/2573 2575/2575/2575 2576/2576/2576
f 2573/2573/2573 2576/2576/2576 2574/2574/2574
f 2574/2574/2574 2576/2576/2576 2115/2115/2115
f 2574/2574/2574 2115/2115/2115 2113/2113/2113
f 2572/2572/2572 2574/2574/2574 2113/2113/2113
f 2572/2572/2572 2113/2113/2113 2109/2109/2109
f 2575/2575/2575 2577/2577/2577 2578/2578/2578
f 2575/2575/2575 2578/2578/2578 2576/2576/2576
f 2577/2577/2577 2579/2579/2579 2580/2580/2580
f 2577/2577/2577 2580/2580/2580 2578/2578/2578
f 2578/2578/2578 2580/2580/2580 2121/2121/2121
f 2578/2578/2578 2121/2121/2121 2119/2119/2119
f 2576/2576/2576 2578/2578/2578 2119/2119/2119
f 2576/2576/2576 2119/2119/2119 2115/2115/2115
f 2579/2579/2579 2581/2581/2581 2582/2582/2582
f 2579/2579/2579 2582/2582/2582 2580/2580/2580
f 2581/2581/2581 2583/2583/2583 2584/2584/2584
f 2581/2581/2581 2584/2584/2584 2582/2582/2582
f 2582/2582/2582 2584/2584/2584 2127/2127/2127
f 2582/2582/2582 2127/2127/2127 2125/2125/2125
f 2580/2580/2580 2582/2582/2582 2125/2125/2125
f 2580/2580/2580 2125/2125/2125 2121/2121/2121
f 2583/2583/2583 2585/2585/2585 2586/2586/2586
f 2583/2583/2583 2586/2586/2586 2584/2584/2584
f 2585/2585/2585 2587/2587/2587 2588/2588/2588
f 2585/2585/2585 2588/2588/2588 2586/2586/2586
f 2586/2586/2586 2588/2588/2588 2133/2133/2133
f 2586/2586/2586 2133/2133/2133 2131/2131/2131
f 2584/2584/2584 2586/2586/2586 2131/2131/2131
f 2584/2584/2584 2131/2131/2131 2127/2127/2127
f 2587/2587/2587 2589/2589/2589 2590/2590/2590
f 2587/2587/2587 2590/2590/2590 2588/2588/2588
f 2589/2589/2589 2591/2591/2591 2592/2592/2592
f 2589/2589/2589 2592/2592/2592 2590/2590/2590
f 2590/2590/2590 2592/2592/2592 2139/2139/2139
f 2590/2590/2590 2139/2139/2139 2137/2137/2137
f 2588/2588/2588 2590/2590/2590 2137/2137/2137
f 2588/2588/2588 2137/2137/2137 2133/2133/2133
f 2591/2591/2591 2593/2593/2593 2594/2594/2594
f 2591/2591/2591 2594/2594/2594 2592/2592/2592
f 2593/2593/2593 2595/2595/2595 2596/2596/2596
f 2593/2593/2593 2596/2596/2596 2594/2594/2594
f 2594/2594/2594 2596/2596/2596 2065/2065/2065
f 2594/2594/2594 2065/2065/2065 2143/2143/2143
f 2592/2592/2592 2594/2594/2594 2143/2143/2143
f 2592/2592/2592 2143/2143/2143 2139/2139/2139
f 2595/2595/2595 2597/2597/2597 2598/2598/2598
f 2595/2595/2595 2598/2598/2598 2596/2596/2596
f 2597/2597/2597 2599/2599/2599 2600/2600/2600
f 2597/2597/2597 2600/2600/2600 2598/2598/2598
f 2598/2598/2598 2600/2600/2600 2069/2069/2069
f 2598/2598/2598 2069/2069/2069 2066/2066/2066
f 2596/2596/2596 2598/2598/2598 2066/2066/2066
f 2596/2596/2596 2066/2066/2066 2065/2065/2065
f 2599/2599/2599 2601/2601/2601 2602/2602/2602
f 2599/2599/2599 2602/2602/2602 2600/2600/2600
f 2601/2601/2601 2603/2603/2603 2604/2604/2604
f 2601/2601/2601 2604/2604/2604 2602/2602/2602
f 2602/2602/2602 2604/2604/2604 1999/1999/1999
f 2602/2602/2602 1999/1999/1999 2074/2074/2074
f 2600/2600/2600 2602/2602/2602 2074/2074/2074
f 2600/2600/2600 2074/2074/2074 2069/2069/2069
f 2603/2603/2603 2605/2605/2605 2606/2606/2606
f 2603/2603/2603 2606/2606/2606 2604/2604/2604
f 2605/2605/2605 2607/2607/2607 2608/2608/2608
f 2605/2605/2605 2608/2608/2608 2606/2606/2606
f 2606/2606/2606 2608/2608/2608 2003/2003/2003
f 2606/2606/2606 2003/2003/2003 2000/2000/2000
f 2604/2604/2604 2606/2606/2606 2000/2000/2000
f 2604/2604/2604 2000/2000/2000 1999/1999/1999
f 2607/2607/2607 2609/2609/2609 2610/2610/2610
f 2607/2607/2607 2610/2610/2610 2608/2608/2608
f 2609/2609/2609 2611/2611/2611 2612/2612/2612
f 2609/2609/2609 2612/2612/2612 2610/2610/2610
f 2610/2610/2610 2612/2612/2612 2010/2010/2010
f 2610/2610/2610 2010/2010/2010 2008/2008/2008
f 2608/2608/2608 2610/2610/2610 2008/2008/2008
f 2608/2608/2608 2008/2008/2008 2003/2003/2003
f 2611/2611/2611 2613/2613/2613 2614/2614/2614
f 2611/2611/2611 2614/2614/2614 2612/2612/2612
f 2613/2613/2613 2615/2615/2615 2616/2616/2616
f 2613/2613/2613 2616/2616/2616 2614/2614/2614
f 2614/2614/2614 2616/2616/2616 1990/1990/1990
f 2614/2614/2614 1990/1990/1990 2014/2014/2014
f 2612/2612/2612 2614/2614/2614 2014/2014/2014
f 2612/2612/2612 2014/2014/2014 2010/2010/2010
f 2615/2615/2615 2617/2617/2617 2618/2618/2618
f 2615/2615/2615 2618/2618/2618 2616/2616/2616
f 2617/2617/2617 2513/2513/2513 2516/2516/2516
f 2617/2617/2617 2516/2516/2516 2618/2618/2618
f 2618/2618/2618 2516/2516/2516 1994/1994/1994
f 2618/2618/2618 1994/1994/1994 1991/1991/1991
f 2616/2616/2616 2618/2618/2618 1991/1991/1991
f 2616/2616/2616 1991/1991/1991 1990/1990/1990
f 2155/2155/2155 2223/2223/2223 2619/2619/2619
f 2155/2155/2155 2619/2619/2619 2620/2620/2620
f 2223/2223/2223 2211/2211/2211 2621/2621/2621
f 2223/2223/2223 2621/2621/2621 2619/2619/2619
f 2619/2619/2619 2621/2621/2621 2622/2622/2622
f 2619/2619/2619 2622/2622/2622 2623/2623/2623
f 2620/2620/2620 2619/2619/2619 2623/2623/2623
f 2620/2620/2620 2623/2623/2623 2624/2624/2624
f 2211/2211/2211 2210/2210/2210 2625/2625/2625
f 2211/2211/2211 2625/2625/2625 2621/2621/2621
f 2210/2210/2210 2209/2209/2209 2626/2626/2626
f 2210/2210/2210 2626/2626/2626 2625/2625/2625
f 2625/2625/2625 2626/2626/2626 2627/2627/2627
f 2625/2625/2625 2627/2627/2627 2628/2628/2628
f 2621/2621/2621 2625/2625/2625 2628/2628/2628
f 2621/2621/2621 2628/2628/2628 2622/2622/2622
f 2209/2209/2209 2247/2247/2247 2629/2629/2629
f 2209/2209/2209 2629/2629/2629 2626/2626/2626
f 2247/2247/2247 2235/2235/2235 2630/2630/2630
f 2247/2247/2247 2630/2630/2630 2629/2629/2629
f 2629/2629/2629 2630/2630/2630 2631/2631/2631
f 2629/2629/2629 2631/2631/2631 2632/2632/2632
f 2626/2626/2626 2629/2629/2629 2632/2632/2632
f 2626/2626/2626 2632/2632/2632 2627/2627/2627
f 2235/2235/2235 2234/2234/2234 2633/2633/2633
f 2235/2235/2235 2633/2633/2633 2630/2630/2630
f 2234/2234/2234 2233/2233/2233 2634/2634/2634
f 2234/2234/2234 2634/2634/2634 2633/2633/2633
f 2633/2633/2633 2634/2634/2634 2635/2635/2635
f 2633/2633/2633 2635/2635/2635 2636/2636/2636
f 2630/2630/2630 2633/2633/2633 2636/2636/2636
f 2630/2630/2630 2636/2636/2636 2631/2631/2631
f 2233/2233/2233 2256/2256/2256 2637/2637/2637
f 2233/2233/2233 2637/2637/2637 2634/2634/2634
f 2256/2256/2256 2255/2255/2255 2638/2638/2638
f 2256/2256/2256 2638/2638/2638 2637/2637/2637
f 2637/2637/2637 2638/2638/2638 2639/2639/2639
f 2637/2637/2637 2639/2639/2639 2640/2640/2640
f 2634/2634/2634 2637/2637/2637 2640/2640/2640
f 2634/2634/2634 2640/2640/2640 2635/2635/2635
f 2255/2255/2255 2268/2268/2268 2641/2641/2641
f 2255/2255/2255 2641/2641/2641 2638/2638/2638
f 2268/2268/2268 2267/2267/2267 2642/2642/2642
f 2268/2268/2268 2642/2642/2642 2641/2641/2641
f 2641/2641/2641 2642/2642/2642 2643/2643/2643
f 2641/2641/2641 2643/2643/2643 2644/2644/2644
f 2638/2638/2638 2641/2641/2641 2644/2644/2644
f 2638/2638/2638 2644/2644/2644 2639/2639/2639
f 2267/2267/2267 2319/2319/2319 2645/2645/2645
f 2267/2267/2267 2645/2645/2645 2642/2642/2642
f 2319/2319/2319 2283/2283/2283 2646/2646/2646
f 2319/2319/2319 2646/2646/2646 2645/2645/2645
f 2645/2645/2645 2646/2646/2646 2647/2647/2647
f 2645/2645/2645 2647/2647/2647 2648/2648/2648
f 2642/2642/2642 2645/2645/2645 2648/2648/2648
f 2642/2642/2642 2648/2648/2648 2643/2643/2643
f 2283/2283/2283 2282/2282/2282 2649/2649/2649
f 2283/2283/2283 2649/2649/2649 2646/2646/2646
f 2282/2282/2282 2281/2281/2281 2650/2650/2650
f 2282/2282/2282 2650/2650/2650 2649/2649/2649
f 2649/2649/2649 2650/2650/2650 2651/2651/2651
f 2649/2649/2649 2651/2651/2651 2652/2652/2652
f 2646/2646/2646 2649/2649/2649 2652/2652/2652
f 2646/2646/2646 2652/2652/2652 2647/2647/2647
f 2281/2281/2281 2457/2457/2457 2653/2653/2653
f 2281/2281/2281 2653/2653/2653 2650/2650/2650
f 2457/2457/2457 2331/2331/2331 2654/2654/2654
f 2457/2457/2457 2654/2654/2654 2653/2653/2653
f 2653/2653/2653 2654/2654/2654 2655/2655/2655
f 2653/2653/2653 2655/2655/2655 2656/2656/2656
f 2650/2650/2650 2653/2653/2653 2656/2656/2656
f 2650/2650/2650 2656/2656/2656 2651/2651/2651
f 2331/2331/2331 2330/2330/2330 2657/2657/2657
f 2331/2331/2331 2657/2657/2657 2654/2654/2654
f 2330/2330/2330 2329/2329/2329 2658/2658/2658
f 2330/2330/2330 2658/2658/2658 2657/2657/2657
f 2657/2657/2657 2658/2658/2658 2659/2659/2659
f 2657/2657/2657 2659/2659/2659 2660/2660/2660
f 2654/2654/2654 2657/2657/2657 2660/2660/2660
f 2654/2654/2654 2660/2660/2660 2655/2655/2655
f 2329/2329/2329 2346/2346/2346 2661/2661/2661
f 2329/2329/2329 2661/2661/2661 2658/2658/2658
f 2346/2346/2346 2345/2345/2345 2662/2662/2662
f 2346/2346/2346 2662/2662/2662 2661/2661/2661
f 2661/2661/2661 2662/2662/2662 2663/2663/2663
f 2661/2661/2661 2663/2663/2663 2664/2664/2664
f 2658/2658/2658 2661/2661/2661 2664/2664/2664
f 2658/2658/2658 2664/2664/2664 2659/2659/2659
f 2345/2345/2345 2358/2358/2358 2665/2665/2665
f 2345/2345/2345 2665/2665/2665 2662/2662/2662
f 2358/2358/2358 2357/2357/2357 2666/2666/2666
f 2358/2358/2358 2666/2666/2666 2665/2665/2665
f 2665/2665/2665 2666/2666/2666 2667/2667/2667
f 2665/2665/2665 2667/2667/2667 2668/2668/2668
f 2662/2662/2662 2665/2665/2665 2668/2668/2668
f 2662/2662/2662 2668/2668/2668 2663/2663/2663
f 2357/2357/2357 2370/2370/2370 2669/2669/2669
f 2357/2357/2357 2669/2669/2669 2666/2666/2666
f 2370/2370/2370 2369/2369/2369 2670/2670/2670
f 2370/2370/2370 2670/2670/2670 2669/2669/2669
f 2669/2669/2669 2670/2670/2670 2671/2671/2671
f 2669/2669/2669 2671/2671/2671 2672/2672/2672
f 2666/2666/2666 2669/2669/2669 2672/2672/2672
f 2666/2666/2666 2672/2672/2672 2667/2667/2667
f 2369/2369/2369 2382/2382/2382 2673/2673/2673
f 2369/2369/2369 2673/2673/2673 2670/2670/2670
f 2382/2382/2382 2381/2381/2381 2674/2674/2674
f 2382/2382/2382 2674/2674/2674 2673/2673/2673
f 2673/2673/2673 2674/2674/2674 2675/2675/2675
f 2673/2673/2673 2675/2675/2675 2676/2676/2676
f 2670/2670/2670 2673/2673/2673 2676/2676/2676
f 2670/2670/2670 2676/2676/2676 2671/2671/2671
f 2381/2381/2381 2394/2394/2394 2677/2677/2677
f 2381/2381/2381 2677/2677/2677 2674/2674/2674
f 2394/2394/2394 2393/2393/2393 2678/2678/2678
f 2394/2394/2394 2678/2678/2678 2677/2677/2677
f 2677/2677/2677 2678/2678/2678 2679/2679/2679
f 2677/2677/2677 2679/2679/2679 2680/2680/2680
f 2674/2674/2674 2677/2677/2677 2680/2680/2680
f 2674/2674/2674 2680/2680/2680 2675/2675/2675
f 2393/2393/2393 2406/2406/2406 2681/2681/2681
f 2393/2393/2393 2681/2681/2681 2678/2678/2678
f 2406/2406/2406 2405/2405/2405 2682/2682/2682
f 2406/2406/2406 2682/2682/2682 2681/2681/2681
f 2681/2681/2681 2682/2682/2682 2683/2683/2683
f 2681/2681/2681 2683/2683/2683 2684/2684/2684
f 2678/2678/2678 2681/2681/2681 2684/2684/2684
f 2678/2678/2678 2684/2684/2684 2679/2679/2679
f 2405/2405/2405 2418/2418/2418 2685/2685/2685
f 2405/2405/2405 2685/2685/2685 2682/2682/2682
f 2418/2418/2418 2417/2417/2417 2686/2686/2686
f 2418/2418/2418 2686/2686/2686 2685/2685/2685
f 2685/2685/2685 2686/2686/2686 2687/2687/2687
f 2685/2685/2685 2687/2687/2687 2688/2688/2688
f 2682/2682/2682 2685/2685/2685 2688/2688/2688
f 2682/2682/2682 2688/2688/2688 2683/2683/2683
f 2417/2417/2417 2430/2430/2430 2689/2689/2689
f 2417/2417/2417 2689/2689/2689 2686/2686/2686
f 2430/2430/2430 2429/2429/2429 2690/2690/2690
f 2430/2430/2430 2690/2690/2690 2689/2689/2689
f 2689/2689/2689 2690/2690/2690 2691/2691/2691
f 2689/2689/2689 2691/2691/2691 2692/2692/2692
f 2686/2686/2686 2689/2689/2689 2692/2692/2692
f 2686/2686/2686 2692/2692/2692 2687/2687/2687
f 2429/2429/2429 2442/2442/2442 2693/2693/2693
f 2429/2429/2429 2693/2693/2693 2690/2690/2690
f 2442/2442/2442 2441/2441/2441 2694/2694/2694
f 2442/2442/2442 2694/2694/2694 2693/2693/2693
f 2693/2693/2693 2694/2694/2694 2695/2695/2695
f 2693/2693/2693 2695/2695/2695 2696/2696/2696
f 2690/2690/2690 2693/2693/2693 2696/2696/2696
f 2690/2690/2690 2696/2696/2696 2691/2691/2691
f 2441/2441/2441 2451/2451/2451 2697/2697/2697
f 2441/2441/2441 2697/2697/2697 2694/2694/2694
f 2451/2451/2451 2301/2301/2301 2698/2698/2698
f 2451/2451/2451 2698/2698/2698 2697/2697/2697
f 2697/2697/2697 2698/2698/2698 2699/2699/2699
f 2697/2697/2697 2699/2699/2699 2700/2700/2700
f 2694/2694/2694 2697/2697/2697 2700/2700/2700
f 2694/2694/2694 2700/2700/2700 2695/2695/2695
f 2301/2301/2301 2300/2300/2300 2701/2701/2701
f 2301/2301/2301 2701/2701/2701 2698/2698/2698
f 2300/2300/2300 2299/2299/2299 2702/2702/2702
f 2300/2300/2300 2702/2702/2702 2701/2701/2701
f 2701/2701/2701 2702/2702/2702 2703/2703/2703
f 2701/2701/2701 2703/2703/2703 2704/2704/2704
f 2698/2698/2698 2701/2701/2701 2704/2704/2704
f 2698/2698/2698 2704/2704/2704 2699/2699/2699
f 2299/2299/2299 2313/2313/2313 2705/2705/2705
f 2299/2299/2299 2705/2705/2705 2702/2702/2702
f 2313/2313/2313 2175/2175/2175 2706/2706/2706
f 2313/2313/2313 2706/2706/2706 2705/2705/2705
f 2705/2705/2705 2706/2706/2706 2707/2707/2707
f 2705/2705/2705 2707/2707/2707 2708/2708/2708
f 2702/2702/2702 2705/2705/2705 2708/2708/2708
f 2702/2702/2702 2708/2708/2708 2703/2703/2703
f 2175/2175/2175 2174/2174/2174 2709/2709/2709
f 2175/2175/2175 2709/2709/2709 2706/2706/2706
f 2174/2174/2174 2173/2173/2173 2710/2710/2710
f 2174/2174/2174 2710/2710/2710 2709/2709/2709
f 2709/2709/2709 2710/2710/2710 2711/2711/2711
f 2709/2709/2709 2711/2711/2711 2712/2712/2712
f 2706/2706/2706 2709/2709/2709 2712/2712/2712
f 2706/2706/2706 2712/2712/2712 2707/2707/2707
f 2173/2173/2173 2190/2190/2190 2713/2713/2713
f 2173/2173/2173 2713/2713/2713 2710/2710/2710
f 2190/2190/2190 2189/2189/2189 2714/2714/2714
f 2190/2190/2190 2714/2714/2714 2713/2713/2713
f 2713/2713/2713 2714/2714/2714 2715/2715/2715
f 2713/2713/2713 2715/2715/2715 2716/2716/2716
f 2710/2710/2710 2713/2713/2713 2716/2716/2716
f 2710/2710/2710 2716/2716/2716 2711/2711/2711
f 2189/2189/2189 2199/2199/2199 2717/2717/2717
f 2189/2189/2189 2717/2717/2717 2714/2714/2714
f 2199/2199/2199 2157/2157/2157 2718/2718/2718
f 2199/2199/2199 2718/2718/2718 2717/2717/2717
f 2717/2717/2717 2718/2718/2718 2719/2719/2719
f 2717/2717/2717 2719/2719/2719 2720/2720/2720
f 2714/2714/2714 2717/2717/2717 2720/2720/2720
f 2714/2714/2714 2720/2720/2720 2715/2715/2715
f 2157/2157/2157 2156/2156/2156 2721/2721/2721
f 2157/2157/2157 2721/2721/2721 2718/2718/2718
f 2156/2156/2156 2155/2155/2155 2620/2620/2620
f 2156/2156/2156 2620/2620/2620 2721/2721/2721
f 2721/2721/2721 2620/2620/2620 2624/2624/2624
f 2721/2721/2721 2624/2624/2624 2722/2722/2722
f 2718/2718/2718 2721/2721/2721 2722/2722/2722
f 2718/2718/2718 2722/2722/2722 2719/2719/2719
f 2723/2723/2723 2724/2724/2724 2725/2725/2725
f 2723/2723/2723 2725/2725/2725 2726/2726/2726
f 2724/2724/2724 2727/2727/2727 2728/2728/2728
f 2724/2724/2724 2728/2728/2728 2725/2725/2725
f 2725/2725/2725 2728/2728/2728 2203/2203/2203
f 2725/2725/2725 2203/2203/2203 2221/2221/2221
f 2726/2726/2726 2725/2725/2725 2221/2221/2221
f 2726/2726/2726 2221/2221/2221 2153/2153/2153
f 2727/2727/2727 2729/2729/2729 2730/2730/2730
f 2727/2727/2727 2730/2730/2730 2728/2728/2728
f 2729/2729/2729 2731/2731/2731 2732/2732/2732
f 2729/2729/2729 2732/2732/2732 2730/2730/2730
f 2730/2730/2730 2732/2732/2732 2207/2207/2207
f 2730/2730/2730 2207/2207/2207 2204/2204/2204
f 2728/2728/2728 2730/2730/2730 2204/2204/2204
f 2728/2728/2728 2204/2204/2204 2203/2203/2203
f 2731/2731/2731 2733/2733/2733 2734/2734/2734
f 2731/2731/2731 2734/2734/2734 2732/2732/2732
f 2733/2733/2733 2735/2735/2735 2736/2736/2736
f 2733/2733/2733 2736/2736/2736 2734/2734/2734
f 2734/2734/2734 2736/2736/2736 2227/2227/2227
f 2734/2734/2734 2227/2227/2227 2245/2245/2245
f 2732/2732/2732 2734/2734/2734 2245/2245/2245
f 2732/2732/2732 2245/2245/2245 2207/2207/2207
f 2735/2735/2735 2737/2737/2737 2738/2738/2738
f 2735/2735/2735 2738/2738/2738 2736/2736/2736
f 2737/2737/2737 2739/2739/2739 2740/2740/2740
f 2737/2737/2737 2740/2740/2740 2738/2738/2738
f 2738/2738/2738 2740/2740/2740 2231/2231/2231
f 2738/2738/2738 2231/2231/2231 2228/2228/2228
f 2736/2736/2736 2738/2738/2738 2228/2228/2228
f 2736/2736/2736 2228/2228/2228 2227/2227/2227
f 2739/2739/2739 2741/2741/2741 2742/2742/2742
f 2739/2739/2739 2742/2742/2742 2740/2740/2740
f 2741/2741/2741 2743/2743/2743 2744/2744/2744
f 2741/2741/2741 2744/2744/2744 2742/2742/2742
f 2742/2742/2742 2744/2744/2744 2253/2253/2253
f 2742/2742/2742 2253/2253/2253 2251/2251/2251
f 2740/2740/2740 2742/2742/2742 2251/2251/2251
f 2740/2740/2740 2251/2251/2251 2231/2231/2231
f 2743/2743/2743 2745/2745/2745 2746/2746/2746
f 2743/2743/2743 2746/2746/2746 2744/2744/2744
f 2745/2745/2745 2747/2747/2747 2748/2748/2748
f 2745/2745/2745 2748/2748/2748 2746/2746/2746
f 2746/2746/2746 2748/2748/2748 2265/2265/2265
f 2746/2746/2746 2265/2265/2265 2263/2263/2263
f 2744/2744/2744 2746/2746/2746 2263/2263/2263
f 2744/2744/2744 2263/2263/2263 2253/2253/2253
f 2747/2747/2747 2749/2749/2749 2750/2750/2750
f 2747/2747/2747 2750/2750/2750 2748/2748/2748
f 2749/2749/2749 2751/2751/2751 2752/2752/2752
f 2749/2749/2749 2752/2752/2752 2750/2750/2750
f 2750/2750/2750 2752/2752/2752 2275/2275/2275
f 2750/2750/2750 2275/2275/2275 2317/2317/2317
f 2748/2748/2748 2750/2750/2750 2317/2317/2317
f 2748/2748/2748 2317/2317/2317 2265/2265/2265
f 2751/2751/2751 2753/2753/2753 2754/2754/2754
f 2751/2751/2751 2754/2754/2754 2752/2752/2752
f 2753/2753/2753 2755/2755/2755 2756/2756/2756
f 2753/2753/2753 2756/2756/2756 2754/2754/2754
f 2754/2754/2754 2756/2756/2756 2279/2279/2279
f 2754/2754/2754 2279/2279/2279 2276/2276/2276
f 2752/2752/2752 2754/2754/2754 2276/2276/2276
f 2752/2752/2752 2276/2276/2276 2275/2275/2275
f 2755/2755/2755 2757/2757/2757 2758/2758/2758
f 2755/2755/2755 2758/2758/2758 2756/2756/2756
f 2757/2757/2757 2759/2759/2759 2760/2760/2760
f 2757/2757/2757 2760/2760/2760 2758/2758/2758
f 2758/2758/2758 2760/2760/2760 2323/2323/2323
f 2758/2758/2758 2323/2323/2323 2455/2455/2455
f 2756/2756/2756 2758/2758/2758 2455/2455/2455
f 2756/2756/2756 2455/2455/2455 2279/2279/2279
f 2759/2759/2759 2761/2761/2761 2762/2762/2762
f 2759/2759/2759 2762/2762/2762 2760/2760/2760
f 2761/2761/2761 2763/2763/2763 2764/2764/2764
f 2761/2761/2761 2764/2764/2764 2762/2762/2762
f 2762/2762/2762 2764/2764/2764 2327/2327/2327
f 2762/2762/2762 2327/2327/2327 2324/2324/2324
f 2760/2760/2760 2762/2762/2762 2324/2324/2324
f 2760/2760/2760 2324/2324/2324 2323/2323/2323
f 2763/2763/2763 2765/2765/2765 2766/2766/2766
f 2763/2763/2763 2766/2766/2766 2764/2764/2764
f 2765/2765/2765 2767/2767/2767 2768/2768/2768
f 2765/2765/2765 2768/2768/2768 2766/2766/2766
f 2766/2766/2766 2768/2768/2768 2343/2343/2343
f 2766/2766/2766 2343/2343/2343 2341/2341/2341
f 2764/2764/2764 2766/2766/2766 2341/2341/2341
f 2764/2764/2764 2341/2341/2341 2327/2327/2327
f 2767/2767/2767 2769/2769/2769 2770/2770/2770
f 2767/2767/2767 2770/2770/2770 2768/2768/2768
f 2769/2769/2769 2771/2771/2771 2772/2772/2772
f 2769/2769/2769 2772/2772/2772 2770/2770/2770
f 2770/2770/2770 2772/2772/2772 2355/2355/2355
f 2770/2770/2770 2355/2355/2355 2353/2353/2353
f 2768/2768/2768 2770/2770/2770 2353/2353/2353
f 2768/2768/2768 2353/2353/2353 2343/2343/2343
f 2771/2771/2771 2773/2773/2773 2774/2774/2774
f 2771/2771/2771 2774/2774/2774 2772/2772/2772
f 2773/2773/2773 2775/2775/2775 2776/2776/2776
f 2773/2773/2773 2776/2776/2776 2774/2774/2774
f 2774/2774/2774 2776/2776/2776 2367/2367/2367
f 2774/2774/2774 2367/2367/2367 2365/2365/2365
f 2772/2772/2772 2774/2774/2774 2365/2365/2365
f 2772/2772/2772 2365/2365/2365 2355/2355/2355
f 2775/2775/2775 2777/2777/2777 2778/2778/2778
f 2775/2775/2775 2778/2778/2778 2776/2776/2776
f 2777/2777/2777 2779/2779/2779 2780/2780/2780
f 2777/2777/2777 2780/2780/2780 2778/2778/2778
f 2778/2778/2778 2780/2780/2780 2379/2379/2379
f 2778/2778/2778 2379/2379/2379 2377/2377/2377
f 2776/2776/2776 2778/2778/2778 2377/2377/2377
f 2776/2776/2776 2377/2377/2377 2367/2367/2367
f 2779/2779/2779 2781/2781/2781 2782/2782/2782
f 2779/2779/2779 2782/2782/2782 2780/2780/2780
f 2781/2781/2781 2783/2783/2783 2784/2784/2784
f 2781/2781/2781 2784/2784/2784 2782/2782/2782
f 2782/2782/2782 2784/2784/2784 2391/2391/2391
f 2782/2782/2782 2391/2391/2391 2389/2389/2389
f 2780/2780/2780 2782/2782/2782 2389/2389/2389
f 2780/2780/2780 2389/2389/2389 2379/2379/2379
f 2783/2783/2783 2785/2785/2785 2786/2786/2786
f 2783/2783/2783 2786/2786/2786 2784/2784/2784
f 2785/2785/2785 2787/2787/2787 2788/2788/2788
f 2785/2785/2785 2788/2788/2788 2786/2786/2786
f 2786/2786/2786 2788/2788/2788 2403/2403/2403
f 2786/2786/2786 2403/2403/2403 2401/2401/2401
f 2784/2784/2784 2786/2786/2786 2401/2401/2401
f 2784/2784/2784 2401/2401/2401 2391/2391/2391
f 2787/2787/2787 2789/2789/2789 2790/2790/2790
f 2787/2787/2787 2790/2790/2790 2788/2788/2788
f 2789/2789/2789 2791/2791/2791 2792/2792/2792
f 2789/2789/2789 2792/2792/2792 2790/2790/2790
f 2790/2790/2790 2792/2792/2792 2415/2415/2415
f 2790/2790/2790 2415/2415/2415 2413/2413/2413
f 2788/2788/2788 2790/2790/2790 2413/2413/2413
f 2788/2788/2788 2413/2413/2413 2403/2403/2403
f 2791/2791/2791 2793/2793/2793 2794/2794/2794
f 2791/2791/2791 2794/2794/2794 2792/2792/2792
f 2793/2793/2793 2795/2795/2795 2796/2796/2796
f 2793/2793/2793 2796/2796/2796 2794/2794/2794
f 2794/2794/2794 2796/2796/2796 2427/2427/2427
f 2794/2794/2794 2427/2427/2427 2425/2425/2425
f 2792/2792/2792 2794/2794/2794 2425/2425/2425
f 2792/2792/2792 2425/2425/2425 2415/2415/2415
f 2795/2795/2795 2797/2797/2797 2798/2798/2798
f 2795/2795/2795 2798/2798/2798 2796/2796/2796
f 2797/2797/2797 2799/2799/2799 2800/2800/2800
f 2797/2797/2797 2800/2800/2800 2798/2798/2798
f 2798/2798/2798 2800/2800/2800 2439/2439/2439
f 2798/2798/2798 2439/2439/2439 2437/2437/2437
f 2796/2796/2796 2798/2798/2798 2437/2437/2437
f 2796/2796/2796 2437/2437/2437 2427/2427/2427
f 2799/2799/2799 2801/2801/2801 2802/2802/2802
f 2799/2799/2799 2802/2802/2802 2800/2800/2800
f 2801/2801/2801 2803/2803/2803 2804/2804/2804
f 2801/2801/2801 2804/2804/2804 2802/2802/2802
f 2802/2802/2802 2804/2804/2804 2293/2293/2293
f 2802/2802/2802 2293/2293/2293 2449/2449/2449
f 2800/2800/2800 2802/2802/2802 2449/2449/2449
f 2800/2800/2800 2449/2449/2449 2439/2439/2439
f 2803/2803/2803 2805/2805/2805 2806/2806/2806
f 2803/2803/2803 2806/2806/2806 2804/2804/2804
f 2805/2805/2805 2807/2807/2807 2808/2808/2808
f 2805/2805/2805 2808/2808/2808 2806/2806/2806
f 2806/2806/2806 2808/2808/2808 2297/2297/2297
f 2806/2806/2806 2297/2297/2297 2294/2294/2294
f 2804/2804/2804 2806/2806/2806 2294/2294/2294
f 2804/2804/2804 2294/2294/2294 2293/2293/2293
f 2807/2807/2807 2809/2809/2809 2810/2810/2810
f 2807/2807/2807 2810/2810/2810 2808/2808/2808
f 2809/2809/2809 2811/2811/2811 2812/2812/2812
f 2809/2809/2809 2812/2812/2812 2810/2810/2810
f 2810/2810/2810 2812/2812/2812 2167/2167/2167
f 2810/2810/2810 2167/2167/2167 2311/2311/2311
f 2808/2808/2808 2810/2810/2810 2311/2311/2311
f 2808/2808/2808 2311/2311/2311 2297/2297/2297
f 2811/2811/2811 2813/2813/2813 2814/2814/2814
f 2811/2811/2811 2814/2814/2814 2812/2812/2812
f 2813/2813/2813 2815/2815/2815 2816/2816/2816
f 2813/2813/2813 2816/2816/2816 2814/2814/2814
f 2814/2814/2814 2816/2816/2816 2171/2171/2171
f 2814/2814/2814 2171/2171/2171 2168/2168/2168
f 2812/2812/2812 2814/2814/2814 2168/2168/2168
f 2812/2812/2812 2168/2168/2168 2167/2167/2167
f 2815/2815/2815 2817/2817/2817 2818/2818/2818
f 2815/2815/2815 2818/2818/2818 2816/2816/2816
f 2817/2817/2817 2819/2819/2819 2820/2820/2820
f 2817/2817/2817 2820/2820/2820 2818/2818/2818
f 2818/2818/2818 2820/2820/2820 2187/2187/2187
f 2818/2818/2818 2187/2187/2187 2185/2185/2185
f 2816/2816/2816 2818/2818/2818 2185/2185/2185
f 2816/2816/2816 2185/2185/2185 2171/2171/2171
f 2819/2819/2819 2821/2821/2821 2822/2822/2822
f 2819/2819/2819 2822/2822/2822 2820/2820/2820
f 2821/2821/2821 2823/2823/2823 2824/2824/2824
f 2821/2821/2821 2824/2824/2824 2822/2822/2822
f 2822/2822/2822 2824/2824/2824 2149/2149/2149
f 2822/2822/2822 2149/2149/2149 2197/2197/2197
f 2820/2820/2820 2822/2822/2822 2197/2197/2197
f 2820/2820/2820 2197/2197/2197 2187/2187/2187
f 2823/2823/2823 2825/2825/2825 2826/2826/2826
f 2823/2823/2823 2826/2826/2826 2824/2824/2824
f 2825/2825/2825 2723/2723/2723 2726/2726/2726
f 2825/2825/2825 2726/2726/2726 2826/2826/2826
f 2826/2826/2826 2726/2726/2726 2153/2153/2153
f 2826/2826/2826 2153/2153/2153 2150/2150/2150
f 2824/2824/2824 2826/2826/2826 2150/2150/2150
f 2824/2824/2824 2150/2150/2150 2149/2149/2149
f 1668/1668/1668 1667/1667/1667 2827/2827/2827
f 1668/1668/1668 2827/2827/2827 2828/2828/2828
f 1667/1667/1667 1666/1666/1666 2829/2829/2829
f 1667/1667/1667 2829/2829/2829 2827/2827/2827
f 2827/2827/2827 2829/2829/2829 1511/1511/1511
f 2827/2827/2827 1511/1511/1511 1508/1508/1508
f 2828/2828/2828 2827/2827/2827 1508/1508/1508
f 2828/2828/2828 1508/1508/1508 1507/1507/1507
f 1666/1666/1666 1672/1672/1672 2830/2830/2830
f 1666/1666/1666 2830/2830/2830 2829/2829/2829
f 1672/1672/1672 1671/1671/1671 2831/2831/2831
f 1672/1672/1672 2831/2831/2831 2830/2830/2830
f 2830/2830/2830 2831/2831/2831 1518/1518/1518
f 2830/2830/2830 1518/1518/1518 1516/1516/1516
f 2829/2829/2829 2830/2830/2830 1516/1516/1516
f 2829/2829/2829 1516/1516/1516 1511/1511/1511
f 1671/1671/1671 1676/1676/1676 2832/2832/2832
f 1671/1671/1671 2832/2832/2832 2831/2831/2831
f 1676/1676/1676 1675/1675/1675 2833/2833/2833
f 1676/1676/1676 2833/2833/2833 2832/2832/2832
f 2832/2832/2832 2833/2833/2833 1524/1524/1524
f 2832/2832/2832 1524/1524/1524 1522/1522/1522
f 2831/2831/2831 2832/2832/2832 1522/1522/1522
f 2831/2831/2831 1522/1522/1522 1518/1518/1518
f 1533/1533/1533 1532/1532/1532 2834/2834/2834
f 1533/1533/1533 2834/2834/2834 2835/2835/2835
f 1532/1532/1532 1524/1524/1524 2833/2833/2833
f 1532/1532/1532 2833/2833/2833 2834/2834/2834
f 2834/2834/2834 2833/2833/2833 1675/1675/1675
f 2834/2834/2834 1675/1675/1675 1678/1678/1678
f 2835/2835/2835 2834/2834/2834 1678/1678/1678
f 2835/2835/2835 1678/1678/1678 1677/1677/1677
f 1539/1539/1539 1538/1538/1538 2836/2836/2836
f 1539/1539/1539 2836/2836/2836 2837/2837/2837
f 1538/1538/1538 1533/1533/1533 2835/2835/2835
f 1538/1538/1538 2835/2835/2835 2836/2836/2836
f 2836/2836/2836 2835/2835/2835 1677/1677/1677
f 2836/2836/2836 1677/1677/1677 1682/1682/1682
f 2837/2837/2837 2836/2836/2836 1682/1682/1682
f 2837/2837/2837 1682/1682/1682 1681/1681/1681
f 1681/1681/1681 1688/1688/1688 2838/2838/2838
f 1681/1681/1681 2838/2838/2838 2837/2837/2837
f 1688/1688/1688 1687/1687/1687 2839/2839/2839
f 1688/1688/1688 2839/2839/2839 2838/2838/2838
f 2838/2838/2838 2839/2839/2839 1542/1542/1542
f 2838/2838/2838 1542/1542/1542 1540/1540/1540
f 2837/2837/2837 2838/2838/2838 1540/1540/1540
f 2837/2837/2837 1540/1540/1540 1539/1539/1539
f 1687/1687/1687 1692/1692/1692 2840/2840/2840
f 1687/1687/1687 2840/2840/2840 2839/2839/2839
f 1692/1692/1692 1691/1691/1691 2841/2841/2841
f 1692/1692/1692 2841/2841/2841 2840/2840/2840
f 2840/2840/2840 2841/2841/2841 1548/1548/1548
f 2840/2840/2840 1548/1548/1548 1546/1546/1546
f 2839/2839/2839 2840/2840/2840 1546/1546/1546
f 2839/2839/2839 1546/1546/1546 1542/1542/1542
f 1691/1691/1691 1696/1696/1696 2842/2842/2842
f 1691/1691/1691 2842/2842/2842 2841/2841/2841
f 1696/1696/1696 1695/1695/1695 2843/2843/2843
f 1696/1696/1696 2843/2843/2843 2842/2842/2842
f 2842/2842/2842 2843/2843/2843 1554/1554/1554
f 2842/2842/2842 1554/1554/1554 1552/1552/1552
f 2841/2841/2841 2842/2842/2842 1552/1552/1552
f 2841/2841/2841 1552/1552/1552 1548/1548/1548
f 1563/1563/1563 1562/1562/1562 2844/2844/2844
f 1563/1563/1563 2844/2844/2844 2845/2845/2845
f 1562/1562/1562 1554/1554/1554 2843/2843/2843
f 1562/1562/1562 2843/2843/2843 2844/2844/2844
f 2844/2844/2844 2843/2843/2843 1695/1695/1695
f 2844/2844/2844 1695/1695/1695 1698/1698/1698
f 2845/2845/2845 2844/2844/2844 1698/1698/1698
f 2845/2845/2845 1698/1698/1698 1697/1697/1697
f 1569/1569/1569 1568/1568/1568 2846/2846/2846
f 1569/1569/1569 2846/2846/2846 2847/2847/2847
f 1568/1568/1568 1563/1563/1563 2845/2845/2845
f 1568/1568/1568 2845/2845/2845 2846/2846/2846
f 2846/2846/2846 2845/2845/2845 1697/1697/1697
f 2846/2846/2846 1697/1697/1697 1702/1702/1702
f 2847/2847/2847 2846/2846/2846 1702/1702/1702
f 2847/2847/2847 1702/1702/1702 1701/1701/1701
f 1701/1701/1701 1708/1708/1708 2848/2848/2848
f 1701/1701/1701 2848/2848/2848 2847/2847/2847
f 1708/1708/1708 1707/1707/1707 2849/2849/2849
f 1708/1708/1708 2849/2849/2849 2848/2848/2848
f 2848/2848/2848 2849/2849/2849 1572/1572/1572
f 2848/2848/2848 1572/1572/1572 1570/1570/1570
f 2847/2847/2847 2848/2848/2848 1570/1570/1570
f 2847/2847/2847 1570/1570/1570 1569/1569/1569
f 1581/1581/1581 1580/1580/1580 2850/2850/2850
f 1581/1581/1581 2850/2850/2850 2851/2851/2851
f 1580/1580/1580 1572/1572/1572 2849/2849/2849
f 1580/1580/1580 2849/2849/2849 2850/2850/2850
f 2850/2850/2850 2849/2849/2849 1707/1707/1707
f 2850/2850/2850 1707/1707/1707 1710/1710/1710
f 2851/2851/2851 2850/2850/2850 1710/1710/1710
f 2851/2851/2851 1710/1710/1710 1709/1709/1709
f 1587/1587/1587 1586/1586/1586 2852/2852/2852
f 1587/1587/1587 2852/2852/2852 2853/2853/2853
f 1586/1586/1586 1581/1581/1581 2851/2851/2851
f 1586/1586/1586 2851/2851/2851 2852/2852/2852
f 2852/2852/2852 2851/2851/2851 1709/1709/1709
f 2852/2852/2852 1709/1709/1709 1714/1714/1714
f 2853/2853/2853 2852/2852/2852 1714/1714/1714
f 2853/2853/2853 1714/1714/1714 1713/1713/1713
f 1713/1713/1713 1720/1720/1720 2854/2854/2854
f 1713/1713/1713 2854/2854/2854 2853/2853/2853
f 1720/1720/1720 1719/1719/1719 2855/2855/2855
f 1720/1720/1720 2855/2855/2855 2854/2854/2854
f 2854/2854/2854 2855/2855/2855 1590/1590/1590
f 2854/2854/2854 1590/1590/1590 1588/1588/1588
f 2853/2853/2853 2854/2854/2854 1588/1588/1588
f 2853/2853/2853 1588/1588/1588 1587/1587/1587
f 1719/1719/1719 1724/1724/1724 2856/2856/2856
f 1719/1719/1719 2856/2856/2856 2855/2855/2855
f 1724/1724/1724 1723/1723/1723 2857/2857/2857
f 1724/1724/1724 2857/2857/2857 2856/2856/2856
f 2856/2856/2856 2857/2857/2857 1596/1596/1596
f 2856/2856/2856 1596/1596/1596 1594/1594/1594
f 2855/2855/2855 2856/2856/2856 1594/1594/1594
f 2855/2855/2855 1594/1594/1594 1590/1590/1590
f 1723/1723/1723 1728/1728/1728 2858/2858/2858
f 1723/1723/1723 2858/2858/2858 2857/2857/2857
f 1728/1728/1728 1727/1727/1727 2859/2859/2859
f 1728/1728/1728 2859/2859/2859 2858/2858/2858
f 2858/2858/2858 2859/2859/2859 1602/1602/1602
f 2858/2858/2858 1602/1602/1602 1600/1600/1600
f 2857/2857/2857 2858/2858/2858 1600/1600/1600
f 2857/2857/2857 1600/1600/1600 1596/1596/1596
f 1611/1611/1611 1610/1610/1610 2860/2860/2860
f 1611/1611/1611 2860/2860/2860 2861/2861/2861
f 1610/1610/1610 1602/1602/1602 2859/2859/2859
f 1610/1610/1610 2859/2859/2859 2860/2860/2860
f 2860/2860/2860 2859/2859/2859 1727/1727/1727
f 2860/2860/2860 1727/1727/1727 1730/1730/1730
f 2861/2861/2861 2860/2860/2860 1730/1730/1730
f 2861/2861/2861 1730/1730/1730 1729/1729/1729
f 1617/1617/1617 1616/1616/1616 2862/2862/2862
f 1617/1617/1617 2862/2862/2862 2863/2863/2863
f 1616/1616/1616 1611/1611/1611 2861/2861/2861
f 1616/1616/1616 2861/2861/2861 2862/2862/2862
f 2862/2862/2862 2861/2861/2861 1729/1729/1729
f 2862/2862/2862 1729/1729/1729 1734/1734/1734
f 2863/2863/2863 2862/2862/2862 1734/1734/1734
f 2863/2863/2863 1734/1734/1734 1733/1733/1733
f 1733/1733/1733 1740/1740/1740 2864/2864/2864
f 1733/1733/1733 2864/2864/2864 2863/2863/2863
f 1740/1740/1740 1739/1739/1739 2865/2865/2865
f 1740/1740/1740 2865/2865/2865 2864/2864/2864
f 2864/2864/2864 2865/2865/2865 1620/1620/1620
f 2864/2864/2864 1620/1620/1620 1618/1618/1618
f 2863/2863/2863 2864/2864/2864 1618/1618/1618
f 2863/2863/2863 1618/1618/1618 1617/1617/1617
f 1739/1739/1739 1744/1744/1744 2866/2866/2866
f 1739/1739/1739 2866/2866/2866 2865/2865/2865
f 1744/1744/1744 1743/1743/1743 2867/2867/2867
f 1744/1744/1744 2867/2867/2867 2866/2866/2866
f 2866/2866/2866 2867/2867/2867 1626/1626/1626
f 2866/2866/2866 1626/1626/1626 1624/1624/1624
f 2865/2865/2865 2866/2866/2866 1624/1624/1624
f 2865/2865/2865 1624/1624/1624 1620/1620/1620
f 1743/1743/1743 1748/1748/1748 2868/2868/2868
f 1743/1743/1743 2868/2868/2868 2867/2867/2867
f 1748/1748/1748 1747/1747/1747 2869/2869/2869
f 1748/1748/1748 2869/2869/2869 2868/2868/2868
f 2868/2868/2868 2869/2869/2869 1632/1632/1632
f 2868/2868/2868 1632/1632/1632 1630/1630/1630
f 2867/2867/2867 2868/2868/2868 1630/1630/1630
f 2867/2867/2867 1630/1630/1630 1626/1626/1626
f 1747/1747/1747 1752/1752/1752 2870/2870/2870
f 1747/1747/1747 2870/2870/2870 2869/2869/2869
f 1752/1752/1752 1751/1751/1751 2871/2871/2871
f 1752/1752/1752 2871/2871/2871 2870/2870/2870
f 2870/2870/2870 2871/2871/2871 1638/1638/1638
f 2870/2870/2870 1638/1638/1638 1636/1636/1636
f 2869/2869/2869 2870/2870/2870 1636/1636/1636
f 2869/2869/2869 1636/1636/1636 1632/1632/1632
f 1647/1647/1647 1646/1646/1646 2872/2872/2872
f 1647/1647/1647 2872/2872/2872 2873/2873/2873
f 1646/1646/1646 1638/1638/1638 2871/2871/2871
f 1646/1646/1646 2871/2871/2871 2872/2872/2872
f 2872/2872/2872 2871/2871/2871 1751/1751/1751
f 2872/2872/2872 1751/1751/1751 1754/1754/1754
f 2873/2873/2873 2872/2872/2872 1754/1754/1754
f 2873/2873/2873 1754/1754/1754 1753/1753/1753
f 1753/1753/1753 1760/1760/1760 2874/2874/2874
f 1753/1753/1753 2874/2874/2874 2873/2873/2873
f 1760/1760/1760 1759/1759/1759 2875/2875/2875
f 1760/1760/1760 2875/2875/2875 2874/2874/2874
f 2874/2874/2874 2875/2875/2875 1650/1650/1650
f 2874/2874/2874 1650/1650/1650 1648/1648/1648
f 2873/2873/2873 2874/2874/2874 1648/1648/1648
f 2873/2873/2873 1648/1648/1648 1647/1647/1647
f 1659/1659/1659 1658/1658/1658 2876/2876/2876
f 1659/1659/1659 2876/2876/2876 2877/2877/2877
f 1658/1658/1658 1650/1650/1650 2875/2875/2875
f 1658/1658/1658 2875/2875/2875 2876/2876/2876
f 2876/2876/2876 2875/2875/2875 1759/1759/1759
f 2876/2876/2876 1759/1759/1759 1762/1762/1762
f 2877/2877/2877 2876/2876/2876 1762/1762/1762
f 2877/2877/2877 1762/1762/1762 1761/1761/1761
f 1761/1761/1761 1766/1766/1766 2878/2878/2878
f 1761/1761/1761 2878/2878/2878 2877/2877/2877
f 1766/1766/1766 1668/1668/1668 2828/2828/2828
f 1766/1766/1766 2828/2828/2828 2878/2878/2878
f 2878/2878/2878 2828/2828/2828 1507/1507/1507
f 2878/2878/2878 1507/1507/1507 1660/1660/1660
f 2877/2877/2877 2878/2878/2878 1660/1660/1660
f 2877/2877/2877 1660/1660/1660 1659/1659/1659
