# moteur_renforcement_moteur_renforcement1_0_10
v -0.757174 0.033218 0.084892
v -0.756811 0.033823 0.084827
v -0.759855 0.033823 0.067560
v -0.760219 0.033218 0.067624
v -0.754351 0.030686 0.084394
v -0.757396 0.030686 0.067127
v -0.757535 0.029327 0.064870
v -0.759991 0.032437 0.065303
v -0.760149 0.031932 0.065922
v -0.752143 -0.022744 0.084004
v -0.752330 0.001413 0.084037
v -0.755374 0.001413 0.066770
v -0.755188 -0.022744 0.066737
v -0.755030 0.019534 0.084513
v -0.758075 0.019534 0.067246
v -0.758269 0.019288 0.064999
v -0.755595 0.001174 0.064528
v -0.755429 -0.022985 0.064499
v -1.094505 -0.236157 0.144372
v -1.094505 -0.232148 0.144372
v -1.097550 -0.232148 0.127105
v -1.097550 -0.236157 0.127105
v -1.093886 -0.231101 0.144263
v -1.096930 -0.231101 0.126996
v -1.096737 -0.231334 0.125272
v -1.097320 -0.232111 0.124783
v -1.097320 -0.236120 0.124783
v -0.736649 -0.003551 0.081272
v -0.736438 -0.021020 0.081235
v -0.739483 -0.021020 0.063968
v -0.739694 -0.003551 0.064005
v -0.738190 -0.045336 0.081544
v -0.741235 -0.045336 0.064277
v -0.741897 -0.044896 0.062113
v -0.740183 -0.020582 0.061810
v -0.740442 -0.003101 0.061856
v -0.758269 0.019288 0.064999
v -0.757812 0.018550 0.064158
v -0.755218 0.000457 0.063701
v -0.755595 0.001174 0.064528
v -0.755481 0.015623 0.063747
v -0.753202 -0.002388 0.063346
v -0.753344 -0.026572 0.063371
v -0.755113 -0.023707 0.063683
v -0.755429 -0.022985 0.064499
v -0.729835 -0.026572 0.196699
v -0.729693 -0.002388 0.196674
v -0.731708 0.000457 0.197029
v -0.731604 -0.023707 0.197011
v -0.731972 0.015623 0.197076
v -0.734302 0.018550 0.197487
v -0.735044 0.019288 0.196717
v -0.732370 0.001174 0.196245
v -0.732204 -0.022985 0.196216
v -1.084647 -0.230213 0.142634
v -1.067465 -0.229188 0.139604
v -1.070510 -0.229188 0.122337
v -1.087691 -0.230213 0.125367
v -1.044763 -0.227084 0.135601
v -1.047808 -0.227084 0.118334
v -1.048198 -0.227421 0.116122
v -1.070900 -0.229525 0.120125
v -1.088081 -0.230550 0.123154
v -1.064856 -0.230550 0.254871
v -1.064702 -0.231560 0.255745
v -1.047521 -0.230535 0.252716
v -1.047675 -0.229525 0.251842
v -1.064702 -0.235569 0.255745
v -1.047521 -0.234544 0.252716
v -1.024818 -0.232440 0.248713
v -1.024818 -0.228431 0.248713
v -1.024973 -0.227421 0.247839
v -1.044763 -0.258701 0.135601
v -1.067465 -0.260805 0.139604
v -1.070510 -0.260805 0.122337
v -1.047808 -0.258701 0.118334
v -1.084647 -0.261830 0.142634
v -1.087691 -0.261830 0.125367
v -1.088081 -0.261213 0.123154
v -1.070900 -0.260189 0.120125
v -1.048198 -0.258085 0.116122
v -1.048198 -0.227421 0.116122
v -1.048328 -0.228431 0.115384
v -1.071030 -0.230535 0.119387
v -1.070900 -0.229525 0.120125
v -1.048328 -0.232440 0.115384
v -1.071030 -0.234544 0.119387
v -1.088211 -0.235569 0.122417
v -1.088211 -0.231560 0.122417
v -1.088081 -0.230550 0.123154
v -1.020822 -0.223407 0.131380
v -1.023866 -0.223407 0.114112
v -0.996260 -0.218456 0.127049
v -0.999305 -0.218456 0.109782
v -0.999695 -0.218793 0.107569
v -1.024256 -0.223744 0.111900
v -1.000877 -0.228763 0.244491
v -1.000877 -0.224754 0.244491
v -0.976316 -0.223812 0.240160
v -0.976316 -0.219803 0.240160
v -0.976470 -0.218793 0.239287
v -1.001031 -0.223744 0.243617
v -0.996260 -0.250073 0.127049
v -1.020822 -0.255024 0.131380
v -1.023866 -0.255024 0.114112
v -0.999305 -0.250073 0.109782
v -1.024256 -0.254408 0.111900
v -0.999695 -0.249457 0.107569
v -0.999695 -0.218793 0.107569
v -0.999825 -0.219803 0.106832
v -1.024386 -0.224754 0.111163
v -1.024256 -0.223744 0.111900
v -0.999825 -0.223812 0.106832
v -1.024386 -0.228763 0.111163
v -0.971699 -0.212532 0.122718
v -0.974744 -0.212532 0.105451
v -0.947138 -0.205983 0.118387
v -0.950182 -0.205983 0.101120
v -0.950573 -0.206320 0.098908
v -0.975134 -0.212869 0.103239
v -0.951754 -0.217888 0.235829
v -0.951754 -0.213879 0.235829
v -0.927193 -0.211339 0.231499
v -0.927193 -0.207330 0.231499
v -0.927347 -0.206320 0.230625
v -0.951908 -0.212869 0.234956
v -0.947138 -0.237600 0.118387
v -0.971699 -0.244149 0.122718
v -0.974744 -0.244149 0.105451
v -0.950182 -0.237600 0.101120
v -0.975134 -0.243532 0.103239
v -0.950573 -0.236984 0.098908
v -0.950573 -0.206320 0.098908
v -0.950703 -0.207330 0.098170
v -0.975264 -0.213879 0.102501
v -0.975134 -0.212869 0.103239
v -0.950703 -0.211339 0.098170
v -0.975264 -0.217888 0.102501
v -0.922576 -0.199160 0.114056
v -0.925621 -0.199160 0.096789
v -0.898015 -0.190247 0.109726
v -0.901060 -0.190247 0.092458
v -0.901450 -0.190583 0.090246
v -0.926011 -0.199497 0.094577
v -0.902632 -0.204516 0.227168
v -0.902632 -0.200507 0.227168
v -0.878071 -0.195603 0.222837
v -0.878071 -0.191593 0.222837
v -0.878225 -0.190583 0.221963
v -0.902786 -0.199497 0.226294
v -0.898015 -0.221863 0.109726
v -0.922576 -0.230777 0.114056
v -0.925621 -0.230777 0.096789
v -0.901060 -0.221863 0.092458
v -0.926011 -0.230161 0.094577
v -0.901450 -0.221247 0.090246
v -0.901450 -0.190583 0.090246
v -0.901580 -0.191593 0.089509
v -0.926141 -0.200507 0.093839
v -0.926011 -0.199497 0.094577
v -0.901580 -0.195603 0.089509
v -0.926141 -0.204516 0.093839
v -0.873454 -0.177425 0.105395
v -0.876499 -0.177425 0.088128
v -0.849715 -0.161958 0.101209
v -0.852759 -0.161958 0.083942
v -0.853132 -0.162291 0.081726
v -0.876889 -0.177762 0.085915
v -0.853509 -0.182781 0.218506
v -0.853509 -0.178772 0.218506
v -0.829492 -0.167252 0.214271
v -0.829700 -0.163290 0.214308
v -0.829907 -0.162291 0.213444
v -0.853663 -0.177762 0.217632
v -0.848070 -0.193205 0.100919
v -0.873454 -0.209042 0.105395
v -0.876499 -0.209042 0.088128
v -0.851115 -0.193205 0.083652
v -0.876889 -0.208426 0.085915
v -0.851537 -0.192596 0.081445
v -0.853132 -0.162291 0.081726
v -0.853209 -0.163290 0.080980
v -0.877019 -0.178772 0.085178
v -0.876889 -0.177762 0.085915
v -0.853001 -0.167252 0.080943
v -0.877019 -0.182781 0.085178
v -0.827620 -0.145109 0.097313
v -0.830664 -0.145109 0.080046
v -0.806763 -0.126049 0.093635
v -0.809808 -0.126049 0.076368
v -0.810070 -0.126355 0.074133
v -0.830984 -0.145430 0.077821
v -0.806561 -0.150214 0.210228
v -0.807395 -0.146392 0.210375
v -0.784792 -0.130923 0.206389
v -0.786309 -0.127274 0.206657
v -0.786845 -0.126355 0.205851
v -0.807759 -0.145430 0.209538
v -0.794799 -0.154822 0.091526
v -0.821043 -0.175245 0.096153
v -0.824088 -0.175245 0.078886
v -0.797844 -0.154822 0.074259
v -0.824606 -0.174658 0.076696
v -0.798467 -0.154261 0.072087
v -0.810070 -0.126355 0.074133
v -0.809818 -0.127274 0.073329
v -0.830904 -0.146392 0.077047
v -0.830984 -0.145430 0.077821
v -0.808301 -0.130923 0.073061
v -0.830070 -0.150214 0.076900
v -0.786738 -0.103952 0.090104
v -0.789783 -0.103952 0.072837
v -0.769774 -0.078810 0.087113
v -0.772819 -0.078810 0.069846
v -0.773041 -0.079089 0.067604
v -0.790014 -0.104246 0.070597
v -0.764257 -0.108635 0.202769
v -0.766156 -0.105129 0.203103
v -0.747151 -0.083262 0.199752
v -0.749156 -0.079929 0.200106
v -0.749815 -0.079089 0.199321
v -0.766788 -0.104246 0.202314
v -0.753961 -0.105092 0.084325
v -0.771766 -0.131593 0.087465
v -0.774811 -0.131593 0.070197
v -0.757006 -0.105092 0.067058
v -0.775493 -0.131055 0.068036
v -0.757704 -0.104580 0.064900
v -0.773041 -0.079089 0.067604
v -0.772666 -0.079929 0.066778
v -0.789665 -0.105129 0.069775
v -0.790014 -0.104246 0.070597
v -0.770660 -0.083262 0.066424
v -0.787767 -0.108635 0.069440
v -0.758100 -0.050613 0.085055
v -0.761145 -0.050613 0.067788
v -0.761378 -0.050871 0.065548
v -0.735665 -0.054719 0.197727
v -0.737529 -0.051645 0.198056
v -0.738153 -0.050871 0.197265
v -0.743400 -0.074850 0.082463
v -0.746445 -0.074850 0.065196
v -0.747122 -0.074377 0.063034
v -0.761039 -0.051645 0.064727
v -0.761378 -0.050871 0.065548
v -0.759175 -0.054719 0.064399
v -0.748626 0.023384 0.083384
v -0.751671 0.023384 0.066117
v -0.742729 0.015863 0.082344
v -0.745774 0.015863 0.065077
v -0.745929 0.014633 0.062824
v -0.751818 0.022089 0.063862
v -0.750055 0.008808 0.062791
v -0.748511 -0.009010 0.062518
v -0.744466 0.001789 0.061805
v -0.743679 -0.015831 0.061666
v -0.744983 -0.040110 0.061896
v -0.749225 -0.033241 0.062644
v -0.754835 -0.061874 0.063634
v -0.765992 -0.091021 0.065601
v -0.750366 -0.069243 0.062845
v -0.761184 -0.099013 0.064753
v -0.783347 -0.116795 0.068661
v -0.804769 -0.139417 0.072438
v -0.778794 -0.125199 0.067858
v -0.801131 -0.148166 0.071797
v -0.828129 -0.159111 0.076557
v -0.852516 -0.176476 0.080857
v -0.826129 -0.168274 0.076205
v -0.852016 -0.185977 0.080769
v -0.877019 -0.192115 0.085178
v -0.901580 -0.204936 0.089509
v -0.877019 -0.201728 0.085178
v -0.901580 -0.214550 0.089509
v -0.926141 -0.213850 0.093839
v -0.950703 -0.220673 0.098170
v -0.926141 -0.223464 0.093839
v -0.950703 -0.230287 0.098170
v -0.975264 -0.227222 0.102501
v -0.999825 -0.233146 0.106832
v -0.975264 -0.236835 0.102501
v -0.999825 -0.242760 0.106832
v -1.024386 -0.238097 0.111163
v -1.048328 -0.241774 0.115384
v -1.024386 -0.247710 0.111163
v -1.048328 -0.251388 0.115384
v -1.088211 -0.254516 0.122417
v -1.088211 -0.244903 0.122417
v -1.071030 -0.243878 0.119387
v -1.071030 -0.253491 0.119387
v -1.094505 -0.255104 0.144372
v -1.094505 -0.245491 0.144372
v -1.097550 -0.245491 0.127105
v -1.097550 -0.255104 0.127105
v -1.097320 -0.245454 0.124783
v -1.097320 -0.255067 0.124783
v -1.064702 -0.244903 0.255745
v -1.047521 -0.243878 0.252716
v -1.064702 -0.254516 0.255745
v -1.047521 -0.253491 0.252716
v -1.024818 -0.251388 0.248713
v -1.024818 -0.241774 0.248713
v -1.000877 -0.247710 0.244491
v -1.000877 -0.238097 0.244491
v -0.976316 -0.242760 0.240160
v -0.976316 -0.233146 0.240160
v -0.951754 -0.236835 0.235829
v -0.951754 -0.227222 0.235829
v -0.927193 -0.230287 0.231499
v -0.927193 -0.220673 0.231499
v -0.902632 -0.223464 0.227168
v -0.902632 -0.213850 0.227168
v -0.878071 -0.214550 0.222837
v -0.878071 -0.204936 0.222837
v -0.853509 -0.201728 0.218506
v -0.853509 -0.192115 0.218506
v -0.828506 -0.185977 0.214097
v -0.829006 -0.176476 0.214186
v -0.802620 -0.168274 0.209533
v -0.804619 -0.159111 0.209886
v -0.777622 -0.148166 0.205125
v -0.781260 -0.139417 0.205767
v -0.755285 -0.125199 0.201187
v -0.759837 -0.116795 0.201989
v -0.737675 -0.099013 0.198081
v -0.742483 -0.091021 0.198929
v -0.726856 -0.069243 0.196174
v -0.731326 -0.061874 0.196962
v -0.721473 -0.040110 0.195225
v -0.725716 -0.033241 0.195973
v -0.720170 -0.015831 0.194995
v -0.725002 -0.009010 0.195847
v -0.720956 0.001789 0.195134
v -0.726545 0.008808 0.196119
v -0.739755 0.012071 0.081820
v -0.742800 0.012071 0.064553
v -0.738392 0.009443 0.081580
v -0.741437 0.009443 0.064313
v -0.741841 0.008893 0.062694
v -0.742959 0.010873 0.062300
v -0.741647 -0.001751 0.061308
v -0.741242 -0.019270 0.061237
v -0.740442 -0.003101 0.061856
v -0.740183 -0.020582 0.061810
v -0.741897 -0.044896 0.062113
v -0.742843 -0.043574 0.061519
v -0.748112 -0.072960 0.062448
v -0.758759 -0.103043 0.064325
v -0.747122 -0.074377 0.063034
v -0.757704 -0.104580 0.064900
v -0.776499 -0.129438 0.067453
v -0.799297 -0.152578 0.071473
v -0.775493 -0.131055 0.068036
v -0.798467 -0.154261 0.072087
v -0.825121 -0.172895 0.076027
v -0.851763 -0.190769 0.080725
v -0.824606 -0.174658 0.076696
v -0.851537 -0.192596 0.081445
v -0.877019 -0.206577 0.085178
v -0.901580 -0.219398 0.089509
v -0.876889 -0.208426 0.085915
v -0.901450 -0.221247 0.090246
v -0.926141 -0.228312 0.093839
v -0.950703 -0.235135 0.098170
v -0.926011 -0.230161 0.094577
v -0.950573 -0.236984 0.098908
v -0.975264 -0.241683 0.102501
v -0.999825 -0.247608 0.106832
v -0.975134 -0.243532 0.103239
v -0.999695 -0.249457 0.107569
v -1.024386 -0.252559 0.111163
v -1.048328 -0.256236 0.115384
v -1.024256 -0.254408 0.111900
v -1.048198 -0.258085 0.116122
v -1.088081 -0.261213 0.123154
v -1.088211 -0.259364 0.122417
v -1.071030 -0.258340 0.119387
v -1.070900 -0.260189 0.120125
v -1.093886 -0.261764 0.144263
v -1.094505 -0.259952 0.144372
v -1.097550 -0.259952 0.127105
v -1.096930 -0.261764 0.126996
v -1.097320 -0.259915 0.124783
v -1.096737 -0.261256 0.125272
v -1.064702 -0.259364 0.255745
v -1.047521 -0.258340 0.252716
v -1.064856 -0.261213 0.254871
v -1.047675 -0.260189 0.251842
v -1.024973 -0.258085 0.247839
v -1.024818 -0.256236 0.248713
v -1.001031 -0.254408 0.243617
v -1.000877 -0.252559 0.244491
v -0.976470 -0.249457 0.239287
v -0.976316 -0.247608 0.240160
v -0.951908 -0.243532 0.234956
v -0.951754 -0.241683 0.235829
v -0.927347 -0.236984 0.230625
v -0.927193 -0.235135 0.231499
v -0.902786 -0.230161 0.226294
v -0.902632 -0.228312 0.227168
v -0.878225 -0.221247 0.221963
v -0.878071 -0.219398 0.222837
v -0.853663 -0.208426 0.217632
v -0.853509 -0.206577 0.218506
v -0.828312 -0.192596 0.213162
v -0.828254 -0.190769 0.214053
v -0.801381 -0.174658 0.208414
v -0.801611 -0.172895 0.209355
v -0.775242 -0.154261 0.203805
v -0.775787 -0.152578 0.204802
v -0.752268 -0.131055 0.199754
v -0.752989 -0.129438 0.200782
v -0.734479 -0.104580 0.196617
v -0.735250 -0.103043 0.197654
v -0.723896 -0.074377 0.194751
v -0.724602 -0.072960 0.195776
v -0.718672 -0.044896 0.193830
v -0.719334 -0.043574 0.194847
v -0.716957 -0.020582 0.193528
v -0.717733 -0.019270 0.194565
v -0.717217 -0.003101 0.193573
v -0.718138 -0.001751 0.194637
v -1.092026 -0.262270 0.143935
v -1.095071 -0.262270 0.126668
v -1.093886 -0.261764 0.144263
v -1.096930 -0.261764 0.126996
v -1.096737 -0.261256 0.125272
v -1.095461 -0.261654 0.124455
v -1.097320 -0.255067 0.124783
v -1.095591 -0.254956 0.123718
v -1.095591 -0.259804 0.123718
v -1.097320 -0.259915 0.124783
v -1.095461 -0.261654 0.124455
v -1.096737 -0.261256 0.125272
v -1.097320 -0.236120 0.124783
v -1.095591 -0.236009 0.123718
v -1.095591 -0.245343 0.123718
v -1.097320 -0.245454 0.124783
v -1.095591 -0.232000 0.123718
v -1.095461 -0.230990 0.124455
v -1.097320 -0.232111 0.124783
v -1.096737 -0.231334 0.125272
v -1.093886 -0.231101 0.144263
v -1.092026 -0.230653 0.143935
v -1.095071 -0.230653 0.126668
v -1.096930 -0.231101 0.126996
v -1.095461 -0.230990 0.124455
v -1.096737 -0.231334 0.125272
v -1.074095 -0.236120 0.256501
v -1.072082 -0.236009 0.257046
v -1.072082 -0.232000 0.257046
v -1.074095 -0.232111 0.256501
v -1.072236 -0.230990 0.256173
v -1.073733 -0.231334 0.255736
v -1.074095 -0.255067 0.256501
v -1.072082 -0.254956 0.257046
v -1.072082 -0.245343 0.257046
v -1.074095 -0.245454 0.256501
v -1.073733 -0.261256 0.255736
v -1.072236 -0.261654 0.256173
v -1.072082 -0.259804 0.257046
v -1.074095 -0.259915 0.256501
v -0.756613 0.029295 0.084793
v -0.759657 0.029295 0.067525
v -0.757174 0.033218 0.084892
v -0.760219 0.033218 0.067624
v -0.760149 0.031932 0.065922
v -0.759842 0.029041 0.065277
v -0.757535 0.029327 0.064870
v -0.756911 0.025250 0.064000
v -0.759356 0.028278 0.064431
v -0.759991 0.032437 0.065303
v -0.759842 0.029041 0.065277
v -0.760149 0.031932 0.065922
v -0.745929 0.014633 0.062824
v -0.745354 0.010943 0.061962
v -0.751218 0.018202 0.062996
v -0.751818 0.022089 0.063862
v -0.741841 0.008893 0.062694
v -0.741139 0.005885 0.061979
v -0.742397 0.007282 0.061440
v -0.742959 0.010873 0.062300
v -0.738392 0.009443 0.081580
v -0.737329 0.005420 0.081392
v -0.740373 0.005420 0.064125
v -0.741437 0.009443 0.064313
v -0.741139 0.005885 0.061979
v -0.741841 0.008893 0.062694
v -0.718888 0.007282 0.194769
v -0.721845 0.010943 0.195290
v -0.717914 0.005885 0.193696
v -0.718837 0.008893 0.193158
v -0.719734 0.010873 0.194017
v -0.722704 0.014633 0.194541
v -0.727708 0.018202 0.196324
v -0.733401 0.025251 0.197328
v -0.728592 0.022089 0.195579
v -0.734309 0.029328 0.196587
v -0.735847 0.028278 0.197759
v -0.736617 0.029041 0.196994
v -0.736765 0.032437 0.197020
v -0.737144 0.031932 0.196386
v -0.722181 0.009443 0.173520
v -0.721117 0.005420 0.173333
v -0.729235 0.005420 0.127294
v -0.730299 0.009443 0.127482
v -0.720437 -0.003551 0.173213
v -0.728555 -0.003551 0.127175
v -0.720226 -0.021020 0.173176
v -0.728344 -0.021020 0.127137
v -0.721979 -0.045336 0.173485
v -0.730097 -0.045336 0.127446
v -0.727189 -0.074850 0.174403
v -0.735307 -0.074850 0.128365
v -0.737750 -0.105092 0.176266
v -0.745868 -0.105092 0.130227
v -0.755555 -0.131593 0.179405
v -0.763672 -0.131593 0.133367
v -0.778587 -0.154822 0.183466
v -0.786705 -0.154822 0.137428
v -0.804831 -0.175245 0.188094
v -0.812949 -0.175245 0.142055
v -0.831859 -0.193205 0.192860
v -0.839977 -0.193205 0.146821
v -0.857242 -0.209042 0.197335
v -0.865360 -0.209042 0.151297
v -0.881804 -0.221863 0.201666
v -0.889921 -0.221863 0.155628
v -0.906365 -0.230777 0.205997
v -0.914483 -0.230777 0.159959
v -0.930926 -0.237600 0.210328
v -0.939044 -0.237600 0.164289
v -0.955487 -0.244149 0.214659
v -0.963605 -0.244149 0.168620
v -0.980049 -0.250073 0.218989
v -0.988166 -0.250073 0.172951
v -1.004610 -0.255024 0.223320
v -1.012728 -0.255024 0.177282
v -1.028551 -0.258701 0.227542
v -1.036669 -0.258701 0.181503
v -1.051253 -0.260805 0.231545
v -1.059371 -0.260805 0.185506
v -1.068435 -0.261830 0.234574
v -1.076553 -0.261830 0.188536
v -1.075815 -0.262270 0.235876
v -1.083933 -0.262270 0.189837
v -1.077674 -0.261764 0.236203
v -1.085792 -0.261764 0.190165
v -1.077674 -0.261764 0.236203
v -1.078294 -0.259952 0.236313
v -1.086412 -0.259952 0.190274
v -1.085792 -0.261764 0.190165
v -1.078294 -0.255104 0.236313
v -1.086412 -0.255104 0.190274
v -1.078294 -0.245491 0.236313
v -1.086412 -0.245491 0.190274
v -1.078294 -0.236157 0.236313
v -1.086412 -0.236157 0.190274
v -1.078294 -0.232148 0.236313
v -1.086412 -0.232148 0.190274
v -1.077674 -0.231101 0.236203
v -1.085792 -0.231101 0.190165
v -1.077674 -0.231101 0.236203
v -1.075815 -0.230653 0.235876
v -1.083933 -0.230653 0.189837
v -1.085792 -0.231101 0.190165
v -1.068435 -0.230213 0.234574
v -1.076553 -0.230213 0.188536
v -1.051254 -0.229188 0.231545
v -1.059371 -0.229188 0.185506
v -1.028551 -0.227084 0.227542
v -1.036669 -0.227084 0.181503
v -1.004610 -0.223407 0.223320
v -1.012728 -0.223407 0.177282
v -0.980049 -0.218456 0.218989
v -0.988166 -0.218456 0.172951
v -0.955487 -0.212532 0.214659
v -0.963605 -0.212532 0.168620
v -0.930926 -0.205983 0.210328
v -0.939044 -0.205983 0.164289
v -0.906365 -0.199160 0.205997
v -0.914483 -0.199160 0.159959
v -0.881804 -0.190246 0.201666
v -0.889921 -0.190247 0.155628
v -0.857242 -0.177425 0.197335
v -0.865360 -0.177425 0.151297
v -0.833503 -0.161958 0.193150
v -0.841621 -0.161958 0.147111
v -0.811408 -0.145109 0.189254
v -0.819526 -0.145109 0.143215
v -0.790551 -0.126049 0.185576
v -0.798669 -0.126049 0.139538
v -0.770527 -0.103952 0.182045
v -0.778644 -0.103952 0.136007
v -0.753563 -0.078810 0.179054
v -0.761681 -0.078810 0.133015
v -0.741889 -0.050613 0.176995
v -0.750006 -0.050613 0.130957
v -0.735931 -0.022744 0.175945
v -0.744049 -0.022744 0.129907
v -0.736118 0.001413 0.175978
v -0.744236 0.001413 0.129940
v -0.738818 0.019534 0.176454
v -0.746936 0.019534 0.130416
v -0.740401 0.029295 0.176733
v -0.748519 0.029295 0.130695
v -0.740963 0.033218 0.176832
v -0.749080 0.033218 0.130794
v -0.740963 0.033218 0.176832
v -0.740599 0.033823 0.176768
v -0.748717 0.033823 0.130730
v -0.749080 0.033218 0.130794
v -0.738140 0.030687 0.176334
v -0.746258 0.030686 0.130296
v -0.732414 0.023384 0.175325
v -0.740532 0.023384 0.129286
v -0.726518 0.015863 0.174285
v -0.734635 0.015863 0.128247
v -0.723544 0.012071 0.173761
v -0.731661 0.012071 0.127722
v -0.722181 0.009443 0.173520
v -0.730299 0.009443 0.127482
v -0.717217 -0.003101 0.193573
v -0.717321 -0.003551 0.190889
v -0.718000 0.005420 0.191009
v -0.717914 0.005885 0.193696
v -0.719064 0.009443 0.191196
v -0.718837 0.008893 0.193158
v -0.718672 -0.044896 0.193830
v -0.718862 -0.045336 0.191161
v -0.717110 -0.021020 0.190852
v -0.716957 -0.020582 0.193528
v -0.734479 -0.104580 0.196617
v -0.734633 -0.105092 0.193942
v -0.724072 -0.074850 0.192079
v -0.723896 -0.074377 0.194751
v -0.775242 -0.154261 0.203805
v -0.775471 -0.154822 0.201142
v -0.752438 -0.131593 0.197081
v -0.752268 -0.131055 0.199754
v -0.828312 -0.192596 0.213162
v -0.828742 -0.193205 0.210536
v -0.801715 -0.175245 0.205770
v -0.801381 -0.174658 0.208414
v -0.878225 -0.221247 0.221963
v -0.878687 -0.221863 0.219342
v -0.854126 -0.209042 0.215011
v -0.853663 -0.208426 0.217632
v -0.927347 -0.236984 0.230625
v -0.927809 -0.237600 0.228004
v -0.903248 -0.230777 0.223673
v -0.902786 -0.230161 0.226294
v -0.976470 -0.249457 0.239287
v -0.976932 -0.250073 0.236665
v -0.952371 -0.244149 0.232335
v -0.951908 -0.243532 0.234956
v -1.024973 -0.258085 0.247839
v -1.025435 -0.258701 0.245218
v -1.001493 -0.255024 0.240996
v -1.001031 -0.254408 0.243617
v -1.064856 -0.261213 0.254871
v -1.065318 -0.261830 0.252250
v -1.048137 -0.260805 0.249221
v -1.047675 -0.260189 0.251842
v -1.073733 -0.261256 0.255736
v -1.074557 -0.261764 0.253879
v -1.072698 -0.262270 0.253552
v -1.072236 -0.261654 0.256173
v -1.074095 -0.255067 0.256501
v -1.075177 -0.255104 0.253989
v -1.075177 -0.259952 0.253989
v -1.074095 -0.259915 0.256501
v -1.074557 -0.261764 0.253879
v -1.073733 -0.261256 0.255736
v -1.074095 -0.236120 0.256501
v -1.075177 -0.236157 0.253989
v -1.075177 -0.245491 0.253989
v -1.074095 -0.245454 0.256501
v -1.073733 -0.231334 0.255736
v -1.074557 -0.231101 0.253879
v -1.075177 -0.232148 0.253989
v -1.074095 -0.232111 0.256501
v -1.064856 -0.230550 0.254871
v -1.065318 -0.230213 0.252250
v -1.072698 -0.230653 0.253552
v -1.072236 -0.230990 0.256173
v -1.074557 -0.231101 0.253879
v -1.073733 -0.231334 0.255736
v -1.024973 -0.227421 0.247839
v -1.025435 -0.227084 0.245218
v -1.048137 -0.229188 0.249221
v -1.047675 -0.229525 0.251842
v -0.976470 -0.218793 0.239287
v -0.976932 -0.218456 0.236665
v -1.001493 -0.223407 0.240996
v -1.001031 -0.223744 0.243617
v -0.927347 -0.206320 0.230625
v -0.927809 -0.205983 0.228004
v -0.952371 -0.212532 0.232335
v -0.951908 -0.212869 0.234956
v -0.878225 -0.190583 0.221963
v -0.878687 -0.190246 0.219342
v -0.903248 -0.199160 0.223673
v -0.902786 -0.199497 0.226294
v -0.829907 -0.162291 0.213444
v -0.830386 -0.161958 0.210826
v -0.854126 -0.177425 0.215011
v -0.853663 -0.177762 0.217632
v -0.786845 -0.126355 0.205851
v -0.787435 -0.126049 0.203252
v -0.808291 -0.145109 0.206930
v -0.807759 -0.145430 0.209538
v -0.749815 -0.079089 0.199321
v -0.750446 -0.078810 0.196730
v -0.767410 -0.103952 0.199721
v -0.766788 -0.104246 0.202314
v -0.732204 -0.022985 0.196216
v -0.732815 -0.022744 0.193621
v -0.738772 -0.050613 0.194671
v -0.738153 -0.050871 0.197265
v -0.735044 0.019288 0.196717
v -0.735702 0.019534 0.194130
v -0.733001 0.001413 0.193654
v -0.732370 0.001174 0.196245
v -0.737144 0.031932 0.196386
v -0.737846 0.033218 0.194508
v -0.737284 0.029295 0.194409
v -0.736617 0.029041 0.196994
v -0.734309 0.029328 0.196587
v -0.735023 0.030687 0.194010
v -0.737482 0.033823 0.194444
v -0.736765 0.032437 0.197020
v -0.737846 0.033218 0.194508
v -0.737144 0.031932 0.196386
v -0.722704 0.014633 0.194541
v -0.723401 0.015863 0.191961
v -0.729298 0.023384 0.193001
v -0.728592 0.022089 0.195579
v -0.718837 0.008893 0.193158
v -0.719064 0.009443 0.191196
v -0.720427 0.012071 0.191437
v -0.719734 0.010873 0.194017
vt 0.197252 0.754813
vt 0.186417 0.759111
vt 0.199484 0.759111
vt 0.199484 0.754813
vt 0.186417 0.771906
vt 0.199484 0.771906
vt 0.201717 0.763409
vt 0.201717 0.759111
vt 0.201717 0.754813
vt 0.137302 0.770825
vt 0.137302 0.775486
vt 0.154455 0.777121
vt 0.154455 0.772459
vt 0.137302 0.779061
vt 0.154455 0.780696
vt 0.162136 0.783647
vt 0.162136 0.779300
vt 0.162136 0.774953
vt 0.174502 0.919992
vt 0.174411 0.927485
vt 0.183666 0.928466
vt 0.184462 0.921537
vt 0.180494 0.929567
vt 0.181834 0.929542
vt 0.183174 0.929517
vt 0.186887 0.929945
vt 0.190599 0.930374
vt 0.157733 0.079569
vt 0.212504 0.128849
vt 0.228192 0.112119
vt 0.173422 0.062838
vt 0.288747 0.197449
vt 0.304435 0.180719
vt 0.298965 0.170527
vt 0.230872 0.109261
vt 0.162780 0.047994
vt 0.188335 0.415007
vt 0.186445 0.423770
vt 0.182790 0.454477
vt 0.183743 0.452855
vt 0.183160 0.428738
vt 0.179950 0.459305
vt 0.180150 0.500348
vt 0.182643 0.495486
vt 0.179152 0.490703
vt 0.228079 0.480084
vt 0.227900 0.443294
vt 0.230445 0.438967
vt 0.230314 0.475726
vt 0.230778 0.415896
vt 0.233722 0.411443
vt 0.235416 0.403588
vt 0.231300 0.437513
vt 0.227184 0.471439
vt 0.137302 0.683701
vt 0.137302 0.687622
vt 0.154455 0.689256
vt 0.154455 0.685335
vt 0.137302 0.692803
vt 0.154455 0.694438
vt 0.162136 0.696475
vt 0.162136 0.691436
vt 0.162136 0.686396
vt 0.657196 0.790317
vt 0.651006 0.791921
vt 0.629307 0.790362
vt 0.629307 0.788313
vt 0.651006 0.798020
vt 0.629307 0.796461
vt 0.600635 0.793261
vt 0.600635 0.787162
vt 0.601417 0.786310
vt 0.963354 0.804429
vt 0.971627 0.811873
vt 0.987315 0.795142
vt 0.979042 0.787698
vt 0.976358 0.816130
vt 0.992047 0.799399
vt 0.996076 0.797756
vt 0.989995 0.792284
vt 0.983914 0.786813
vt 0.596655 0.841982
vt 0.595782 0.842932
vt 0.627770 0.846503
vt 0.627770 0.844217
vt 0.595782 0.849736
vt 0.627770 0.853307
vt 0.651978 0.855046
vt 0.651978 0.848242
vt 0.658884 0.846452
vt 0.137302 0.698267
vt 0.154455 0.699902
vt 0.137302 0.703873
vt 0.154455 0.705507
vt 0.162136 0.707686
vt 0.162136 0.702081
vt 0.570397 0.787667
vt 0.570397 0.781568
vt 0.539377 0.780136
vt 0.539377 0.774037
vt 0.539377 0.772728
vt 0.570397 0.779519
vt 0.934381 0.778360
vt 0.950696 0.793039
vt 0.966384 0.776309
vt 0.950069 0.761630
vt 0.969064 0.773451
vt 0.954213 0.760089
vt 0.527442 0.826830
vt 0.527442 0.828289
vt 0.562049 0.836691
vt 0.562049 0.834406
vt 0.527442 0.835093
vt 0.562049 0.843496
vt 0.137302 0.709478
vt 0.154455 0.711113
vt 0.137302 0.715084
vt 0.154455 0.716718
vt 0.162136 0.718898
vt 0.162136 0.713292
vt 0.508357 0.771123
vt 0.508357 0.765024
vt 0.477337 0.761161
vt 0.477337 0.755062
vt 0.477337 0.753222
vt 0.508357 0.762975
vt 0.894015 0.742040
vt 0.915139 0.761047
vt 0.930827 0.744317
vt 0.909703 0.725310
vt 0.933507 0.741459
vt 0.912801 0.722829
vt 0.458228 0.805068
vt 0.458228 0.807121
vt 0.492835 0.818235
vt 0.492835 0.815949
vt 0.458228 0.813925
vt 0.492835 0.825039
vt 0.137302 0.720689
vt 0.154455 0.722324
vt 0.137302 0.726295
vt 0.154455 0.727929
vt 0.162136 0.730109
vt 0.162136 0.724503
vt 0.446317 0.750782
vt 0.446317 0.744683
vt 0.415296 0.737222
vt 0.415296 0.731123
vt 0.415296 0.732046
vt 0.446317 0.742634
vt 0.843620 0.696697
vt 0.872053 0.722280
vt 0.887741 0.705550
vt 0.859308 0.679967
vt 0.890421 0.702692
vt 0.868040 0.682555
vt 0.389014 0.781443
vt 0.389014 0.780413
vt 0.423621 0.795541
vt 0.423621 0.793255
vt 0.389014 0.787217
vt 0.423621 0.802346
vt 0.137302 0.731901
vt 0.154455 0.733535
vt 0.137302 0.737506
vt 0.154455 0.739141
vt 0.162136 0.741320
vt 0.162136 0.735714
vt 0.384276 0.717717
vt 0.384276 0.711618
vt 0.353943 0.694093
vt 0.354206 0.688066
vt 0.353256 0.687093
vt 0.384276 0.709569
vt 0.753163 0.615308
vt 0.803082 0.660223
vt 0.818770 0.643493
vt 0.768851 0.598578
vt 0.821450 0.640635
vt 0.774859 0.598715
vt 0.319801 0.731292
vt 0.320860 0.732378
vt 0.354407 0.758654
vt 0.354407 0.756368
vt 0.320566 0.739102
vt 0.354407 0.765458
vt 0.137302 0.743112
vt 0.154455 0.744746
vt 0.137302 0.748717
vt 0.154455 0.750352
vt 0.162136 0.752531
vt 0.162136 0.746925
vt 0.324982 0.668174
vt 0.326035 0.662361
vt 0.297488 0.638828
vt 0.299404 0.633278
vt 0.299522 0.633723
vt 0.326389 0.660408
vt 0.632321 0.506581
vt 0.696587 0.564404
vt 0.712275 0.547674
vt 0.648010 0.489851
vt 0.714955 0.544816
vt 0.655051 0.490916
vt 0.259854 0.671752
vt 0.259722 0.671255
vt 0.289432 0.703701
vt 0.289827 0.701522
vt 0.257584 0.677447
vt 0.288257 0.710186
vt 0.137302 0.754323
vt 0.154455 0.755957
vt 0.137302 0.759928
vt 0.154455 0.761563
vt 0.162136 0.763742
vt 0.162136 0.758136
vt 0.271554 0.604922
vt 0.273952 0.599590
vt 0.249949 0.566324
vt 0.252481 0.561254
vt 0.249992 0.561874
vt 0.274757 0.597798
vt 0.476150 0.366066
vt 0.559335 0.440911
vt 0.575023 0.424181
vt 0.491839 0.349335
vt 0.577703 0.421323
vt 0.500356 0.351729
vt 0.204596 0.591595
vt 0.207374 0.590903
vt 0.231326 0.633672
vt 0.232225 0.631673
vt 0.204548 0.596560
vt 0.228651 0.639620
vt 0.137302 0.765534
vt 0.154455 0.767168
vt 0.162136 0.769347
vt 0.235443 0.522903
vt 0.237797 0.518227
vt 0.238588 0.516656
vt 0.381292 0.280716
vt 0.396980 0.263986
vt 0.399660 0.261128
vt 0.190992 0.542902
vt 0.191874 0.541149
vt 0.188365 0.548118
vt 0.186417 0.801693
vt 0.199484 0.801693
vt 0.186417 0.832372
vt 0.199484 0.832372
vt 0.201717 0.839976
vt 0.201717 0.801693
vt 0.175515 0.440304
vt 0.173340 0.470544
vt 0.167640 0.452216
vt 0.166531 0.482119
vt 0.168368 0.523325
vt 0.174346 0.511667
vt 0.182251 0.560261
vt 0.197971 0.609728
vt 0.175953 0.572768
vt 0.191196 0.623291
vt 0.222423 0.653470
vt 0.252608 0.691863
vt 0.216009 0.667733
vt 0.247482 0.706711
vt 0.285522 0.725286
vt 0.319883 0.754758
vt 0.282704 0.740837
vt 0.319178 0.770882
vt 0.354407 0.781299
vt 0.389014 0.803058
vt 0.354407 0.797614
vt 0.389014 0.819373
vt 0.423621 0.818186
vt 0.458228 0.829766
vt 0.423621 0.834502
vt 0.458228 0.846081
vt 0.492835 0.840880
vt 0.527442 0.850934
vt 0.492835 0.857195
vt 0.527442 0.867250
vt 0.562049 0.859336
vt 0.595782 0.865577
vt 0.562049 0.875652
vt 0.595782 0.881893
vt 0.651978 0.887202
vt 0.651978 0.870887
vt 0.627770 0.869148
vt 0.627770 0.885463
vt 0.173232 0.883224
vt 0.173930 0.901923
vt 0.183185 0.902904
vt 0.181429 0.883358
vt 0.186406 0.904383
vt 0.182213 0.878392
vt 0.651006 0.812219
vt 0.629307 0.810660
vt 0.651006 0.826844
vt 0.629307 0.825285
vt 0.600635 0.822084
vt 0.600635 0.807460
vt 0.570397 0.816490
vt 0.570397 0.801866
vt 0.539377 0.808959
vt 0.539377 0.794335
vt 0.508357 0.799946
vt 0.508357 0.785322
vt 0.477337 0.789985
vt 0.477337 0.775360
vt 0.446317 0.779605
vt 0.446317 0.764981
vt 0.415296 0.766045
vt 0.415296 0.751421
vt 0.384276 0.746541
vt 0.384276 0.731916
vt 0.352698 0.722579
vt 0.353330 0.708126
vt 0.320004 0.695648
vt 0.322530 0.681709
vt 0.288433 0.665059
vt 0.293027 0.651750
vt 0.260222 0.630121
vt 0.265971 0.617336
vt 0.237981 0.590285
vt 0.244053 0.578128
vt 0.224317 0.544998
vt 0.229962 0.533787
vt 0.217519 0.500679
vt 0.222877 0.490230
vt 0.215872 0.463744
vt 0.221975 0.453368
vt 0.216866 0.436941
vt 0.223925 0.426263
vt 0.186417 0.847844
vt 0.199484 0.847844
vt 0.197252 0.855712
vt 0.199484 0.855712
vt 0.201717 0.855712
vt 0.201717 0.847844
vt 0.163669 0.458224
vt 0.163098 0.487957
vt 0.161319 0.454068
vt 0.161352 0.490926
vt 0.161385 0.527783
vt 0.165354 0.529204
vt 0.172777 0.579076
vt 0.187780 0.630131
vt 0.171162 0.582283
vt 0.180939 0.636783
vt 0.212774 0.674927
vt 0.244897 0.714199
vt 0.211129 0.678585
vt 0.241320 0.720387
vt 0.281283 0.748680
vt 0.318823 0.779014
vt 0.280560 0.752669
vt 0.319801 0.784951
vt 0.354407 0.805842
vt 0.389014 0.827601
vt 0.354407 0.810026
vt 0.389014 0.835101
vt 0.423621 0.842730
vt 0.458228 0.854309
vt 0.423621 0.846914
vt 0.458228 0.858726
vt 0.492835 0.865423
vt 0.527442 0.875477
vt 0.492835 0.869607
vt 0.527442 0.880488
vt 0.562049 0.883880
vt 0.595782 0.890120
vt 0.562049 0.888064
vt 0.596655 0.895640
vt 0.658884 0.900110
vt 0.651978 0.895430
vt 0.627770 0.893691
vt 0.627770 0.897875
vt 0.179355 0.868996
vt 0.172939 0.873842
vt 0.180784 0.873694
vt 0.180695 0.868971
vt 0.182124 0.873669
vt 0.182035 0.868946
vt 0.651006 0.834219
vt 0.629307 0.832660
vt 0.657196 0.838414
vt 0.629307 0.836410
vt 0.601417 0.834407
vt 0.600635 0.829460
vt 0.570397 0.827616
vt 0.570397 0.823866
vt 0.539377 0.820825
vt 0.539377 0.816334
vt 0.508357 0.811072
vt 0.508357 0.807322
vt 0.477337 0.801319
vt 0.477337 0.797360
vt 0.446317 0.790731
vt 0.446317 0.786980
vt 0.415296 0.780143
vt 0.415296 0.773420
vt 0.384276 0.757666
vt 0.384276 0.753916
vt 0.353256 0.735190
vt 0.352380 0.729868
vt 0.318083 0.706253
vt 0.318731 0.702678
vt 0.282909 0.677317
vt 0.286116 0.671771
vt 0.255848 0.639848
vt 0.257322 0.636569
vt 0.228786 0.602379
vt 0.234918 0.596415
vt 0.220023 0.553527
vt 0.221470 0.550652
vt 0.211259 0.504676
vt 0.214817 0.505949
vt 0.211230 0.471638
vt 0.212795 0.468977
vt 0.211200 0.438600
vt 0.213306 0.442326
vt 0.978391 0.817958
vt 0.994079 0.801228
vt 0.992081 0.804700
vt 0.994761 0.801842
vt 0.997441 0.798984
vt 0.996759 0.798370
vt 0.665869 0.892244
vt 0.662377 0.887949
vt 0.662377 0.896177
vt 0.665869 0.896428
vt 0.662377 0.900361
vt 0.665869 0.900612
vt 0.665869 0.851525
vt 0.662377 0.855793
vt 0.662377 0.871634
vt 0.665869 0.871885
vt 0.662377 0.848989
vt 0.662377 0.846703
vt 0.665869 0.849240
vt 0.665869 0.846954
vt 0.146775 0.680906
vt 0.137302 0.682016
vt 0.154455 0.683651
vt 0.154455 0.683085
vt 0.162136 0.685830
vt 0.162136 0.685264
vt 0.663458 0.794865
vt 0.660327 0.798690
vt 0.660327 0.792591
vt 0.663458 0.792816
vt 0.660327 0.790542
vt 0.663458 0.790767
vt 0.663458 0.831363
vt 0.660327 0.827513
vt 0.660327 0.812889
vt 0.663458 0.813114
vt 0.663458 0.838864
vt 0.660327 0.838639
vt 0.660327 0.834888
vt 0.663458 0.835113
vt 0.137302 0.781092
vt 0.154455 0.782726
vt 0.146775 0.781806
vt 0.154455 0.783985
vt 0.162136 0.786164
vt 0.162136 0.784906
vt 0.188893 0.399638
vt 0.185175 0.412399
vt 0.188621 0.407261
vt 0.190057 0.397850
vt 0.189778 0.405534
vt 0.191221 0.396062
vt 0.168157 0.431494
vt 0.168892 0.436681
vt 0.177154 0.424361
vt 0.178525 0.415566
vt 0.163895 0.438040
vt 0.162607 0.446054
vt 0.164726 0.442895
vt 0.166026 0.434767
vt 0.127808 0.027067
vt 0.129606 0.054261
vt 0.145294 0.037530
vt 0.130488 0.024209
vt 0.147974 0.034672
vt 0.133168 0.021350
vt 0.214254 0.428585
vt 0.217988 0.423016
vt 0.212354 0.431417
vt 0.213509 0.424234
vt 0.215419 0.421300
vt 0.217329 0.418366
vt 0.225394 0.411972
vt 0.232584 0.401250
vt 0.226622 0.404089
vt 0.235916 0.389812
vt 0.235672 0.396644
vt 0.236710 0.395097
vt 0.236959 0.388209
vt 0.238003 0.386606
vt 0.018382 0.143761
vt 0.046073 0.143342
vt 0.087901 0.098736
vt 0.073095 0.085414
vt 0.074200 0.168650
vt 0.116029 0.124044
vt 0.128971 0.217931
vt 0.170799 0.173324
vt 0.205214 0.286531
vt 0.247043 0.241924
vt 0.297759 0.369798
vt 0.339587 0.325191
vt 0.392617 0.455147
vt 0.434446 0.410541
vt 0.475802 0.529993
vt 0.517630 0.485386
vt 0.548788 0.595663
vt 0.590617 0.551056
vt 0.613054 0.653486
vt 0.654882 0.608879
vt 0.669630 0.704390
vt 0.711458 0.659783
vt 0.719549 0.749305
vt 0.761377 0.704698
vt 0.760087 0.785779
vt 0.801915 0.741172
vt 0.788520 0.811362
vt 0.830348 0.766755
vt 0.810481 0.831122
vt 0.852310 0.786515
vt 0.831606 0.850129
vt 0.873434 0.805522
vt 0.850848 0.867442
vt 0.892677 0.822835
vt 0.867163 0.882121
vt 0.908991 0.837514
vt 0.879821 0.893511
vt 0.921649 0.848904
vt 0.888094 0.900955
vt 0.929923 0.856348
vt 0.892825 0.905212
vt 0.934654 0.860605
vt 0.894858 0.907040
vt 0.936686 0.862433
vt 0.882656 0.921395
vt 0.937369 0.863047
vt 0.124639 0.870025
vt 0.131171 0.874627
vt 0.152086 0.874234
vt 0.151997 0.869511
vt 0.131272 0.884038
vt 0.152261 0.883522
vt 0.131400 0.902825
vt 0.152607 0.901939
vt 0.131590 0.920954
vt 0.152943 0.919820
vt 0.131880 0.928388
vt 0.153088 0.927501
vt 0.125779 0.930596
vt 0.153136 0.930082
vt 0.055629 0.680906
vt 0.064818 0.681665
vt 0.101202 0.681472
vt 0.101202 0.680906
vt 0.064818 0.683349
vt 0.101202 0.683156
vt 0.064818 0.687270
vt 0.101202 0.687077
vt 0.064818 0.692451
vt 0.101202 0.692258
vt 0.064818 0.697915
vt 0.101202 0.697722
vt 0.064818 0.703521
vt 0.101202 0.703328
vt 0.064818 0.709126
vt 0.101202 0.708934
vt 0.064818 0.714732
vt 0.101202 0.714539
vt 0.064818 0.720338
vt 0.101202 0.720145
vt 0.064818 0.725943
vt 0.101202 0.725750
vt 0.064818 0.731549
vt 0.101202 0.731356
vt 0.064818 0.737154
vt 0.101202 0.736961
vt 0.064818 0.742760
vt 0.101202 0.742567
vt 0.064818 0.748365
vt 0.101202 0.748172
vt 0.064818 0.753971
vt 0.101202 0.753778
vt 0.064818 0.759576
vt 0.101202 0.759383
vt 0.064818 0.765182
vt 0.101202 0.764989
vt 0.064818 0.770473
vt 0.101202 0.770280
vt 0.064818 0.775135
vt 0.101202 0.774942
vt 0.064818 0.778709
vt 0.101202 0.778517
vt 0.064818 0.780740
vt 0.101202 0.780547
vt 0.055629 0.781806
vt 0.101202 0.781806
vt 0.106106 0.754813
vt 0.116838 0.759111
vt 0.151679 0.759111
vt 0.151679 0.754813
vt 0.116838 0.771906
vt 0.151679 0.771906
vt 0.116838 0.801693
vt 0.151679 0.801693
vt 0.116838 0.832372
vt 0.151679 0.832372
vt 0.116838 0.847844
vt 0.151679 0.847844
vt 0.106106 0.855712
vt 0.151679 0.855712
vt 0.041644 0.177177
vt 0.058141 0.185777
vt 0.030013 0.160469
vt 0.026838 0.163855
vt 0.015207 0.147147
vt 0.012032 0.150533
vt 0.177828 0.299709
vt 0.189155 0.303657
vt 0.112912 0.235057
vt 0.109736 0.238443
vt 0.379220 0.480912
vt 0.376558 0.472274
vt 0.281699 0.386924
vt 0.278524 0.390311
vt 0.533915 0.620099
vt 0.532729 0.612789
vt 0.459742 0.547119
vt 0.456567 0.550505
vt 0.653723 0.727897
vt 0.653570 0.721516
vt 0.596994 0.670612
vt 0.593819 0.673998
vt 0.746904 0.811738
vt 0.744027 0.802906
vt 0.703489 0.766431
vt 0.700314 0.769817
vt 0.791665 0.852011
vt 0.794422 0.848249
vt 0.772460 0.828488
vt 0.769285 0.831874
vt 0.833077 0.889272
vt 0.834788 0.884568
vt 0.815546 0.867255
vt 0.812371 0.870641
vt 0.862778 0.915996
vt 0.863761 0.910637
vt 0.851103 0.899248
vt 0.847928 0.902634
vt 0.874940 0.926938
vt 0.876766 0.922338
vt 0.872035 0.918081
vt 0.868859 0.921467
vt 0.876306 0.928167
vt 0.879481 0.924781
vt 0.878798 0.924166
vt 0.875623 0.927553
vt 0.121642 0.879531
vt 0.123023 0.884559
vt 0.123141 0.874778
vt 0.121553 0.874808
vt 0.123052 0.870055
vt 0.121464 0.870085
vt 0.117830 0.933385
vt 0.122244 0.923324
vt 0.122493 0.904456
vt 0.119736 0.906458
vt 0.122603 0.930656
vt 0.124191 0.930626
vt 0.122973 0.930018
vt 0.120217 0.932020
vt 0.037991 0.683581
vt 0.046810 0.683928
vt 0.046810 0.682243
vt 0.037991 0.683015
vt 0.046810 0.681678
vt 0.037991 0.682449
vt 0.037991 0.693660
vt 0.046810 0.693030
vt 0.046810 0.687849
vt 0.037991 0.688621
vt 0.037991 0.704872
vt 0.046810 0.704100
vt 0.046810 0.698494
vt 0.037991 0.699266
vt 0.037991 0.716083
vt 0.046810 0.715311
vt 0.046810 0.709705
vt 0.037991 0.710477
vt 0.037991 0.727294
vt 0.046810 0.726522
vt 0.046810 0.720916
vt 0.037991 0.721688
vt 0.037991 0.738505
vt 0.046810 0.737733
vt 0.046810 0.732128
vt 0.037991 0.732899
vt 0.037991 0.749716
vt 0.046810 0.748944
vt 0.046810 0.743339
vt 0.037991 0.744110
vt 0.037991 0.760927
vt 0.046810 0.760155
vt 0.046810 0.754550
vt 0.037991 0.755322
vt 0.037991 0.772138
vt 0.046810 0.771052
vt 0.046810 0.765761
vt 0.037991 0.766533
vt 0.037991 0.780832
vt 0.046810 0.779288
vt 0.046810 0.775713
vt 0.037991 0.776485
vt 0.037991 0.783349
vt 0.046810 0.782577
vt 0.046810 0.781319
vt 0.037991 0.782091
vt 0.100817 0.763409
vt 0.103462 0.771906
vt 0.103462 0.759111
vt 0.100817 0.759111
vt 0.103462 0.754813
vt 0.100817 0.754813
vt 0.100817 0.839976
vt 0.103462 0.832372
vt 0.103462 0.801693
vt 0.100817 0.801693
vt 0.100817 0.855712
vt 0.103462 0.855712
vt 0.103462 0.847844
vt 0.100817 0.847844
vn -0.840644 0.520909 0.148227
vn -0.061255 0.998064 0.010800
vn -0.111211 0.967471 -0.227226
vn -0.875727 0.478307 -0.065762
vn 0.770447 0.622862 -0.135850
vn 0.738399 0.617148 -0.271835
vn 0.689837 0.600273 -0.404719
vn 0.112158 0.813506 -0.570639
vn -0.980887 0.133601 -0.141460
vn -0.979594 0.102765 0.172729
vn -0.981736 -0.078927 0.173106
vn -0.986887 -0.081057 0.139583
vn -0.985914 0.099409 0.134507
vn -0.972746 -0.156033 0.171521
vn -0.978251 -0.155992 0.136717
vn -0.982640 -0.154724 0.102367
vn -0.991704 -0.073084 0.105747
vn -0.989432 0.109694 0.094821
vn -0.984808 0.000000 0.173648
vn -0.948978 0.267283 0.167331
vn -0.962802 0.268726 0.028266
vn -0.999279 -0.000001 0.037957
vn -0.844097 0.515118 0.148838
vn -0.860927 0.508661 -0.008249
vn -0.802946 0.588479 -0.094714
vn -0.954186 0.285409 -0.089839
vn -0.995143 -0.000003 -0.098443
vn 0.983832 0.044511 -0.173476
vn 0.984353 -0.030387 -0.173568
vn 0.969141 -0.032387 -0.244368
vn 0.967973 0.043064 -0.247335
vn 0.977099 -0.124879 -0.172289
vn 0.961409 -0.127558 -0.243767
vn 0.942440 -0.118060 -0.312838
vn 0.949196 -0.024243 -0.313750
vn 0.946198 0.049485 -0.319782
vn -0.914826 -0.131239 -0.381930
vn -0.617836 -0.070725 -0.783120
vn -0.607945 -0.020752 -0.793708
vn -0.934320 -0.095268 -0.343469
vn -0.173648 0.000000 -0.984808
vn -0.173648 0.000000 -0.984808
vn -0.173648 0.000000 -0.984808
vn -0.571661 0.061178 -0.818206
vn -0.916880 0.046701 -0.396423
vn 0.173648 0.000000 0.984808
vn 0.173648 0.000000 0.984808
vn -0.334864 -0.023538 0.941972
vn -0.294202 0.064567 0.953560
vn 0.173648 0.000000 0.984808
vn -0.347297 -0.075651 0.934699
vn -0.776088 -0.136738 0.615622
vn -0.802620 -0.096040 0.588709
vn -0.773433 0.052619 0.631690
vn -0.057744 0.998279 0.010182
vn -0.073633 0.997201 0.012983
vn -0.086366 0.994450 -0.060091
vn -0.070469 0.995528 -0.062917
vn -0.118445 0.992741 0.020885
vn -0.131116 0.990007 -0.051913
vn -0.142392 0.981968 -0.124353
vn -0.098384 0.986253 -0.132765
vn -0.082806 0.987288 -0.135669
vn 0.092235 0.659385 0.746126
vn 0.142088 0.352375 0.925010
vn 0.137085 0.349070 0.927016
vn 0.081265 0.659065 0.747683
vn 0.173648 0.000000 0.984808
vn 0.173648 0.000000 0.984808
vn 0.173648 0.000000 0.984808
vn 0.122075 0.345914 0.930291
vn 0.050430 0.657724 0.751569
vn 0.118446 -0.992741 -0.020885
vn 0.073632 -0.997201 -0.012983
vn 0.049793 -0.988355 -0.143791
vn 0.094157 -0.984055 -0.150898
vn 0.057743 -0.998280 -0.010182
vn 0.034085 -0.989374 -0.141340
vn 0.009819 -0.962817 -0.269978
vn 0.025389 -0.961835 -0.272450
vn 0.069219 -0.957779 -0.279047
vn -0.211094 0.593913 -0.776342
vn -0.201261 0.307631 -0.929977
vn -0.187755 0.310415 -0.931875
vn -0.183656 0.594902 -0.782536
vn -0.173648 0.000000 -0.984808
vn -0.173648 0.000000 -0.984808
vn -0.173648 0.000000 -0.984808
vn -0.182997 0.313416 -0.931817
vn -0.173840 0.595139 -0.784595
vn -0.169562 0.985066 0.029898
vn -0.182015 0.982384 -0.042342
vn -0.209713 0.977063 0.036978
vn -0.221962 0.974438 -0.034687
vn -0.232309 0.966827 -0.106195
vn -0.192753 0.974562 -0.114346
vn 0.173648 0.000000 0.984808
vn 0.103614 0.346312 0.932380
vn 0.173648 0.000000 0.984808
vn 0.088762 0.346180 0.933960
vn -0.012347 0.653039 0.757224
vn 0.015493 0.655439 0.755089
vn 0.209714 -0.977063 -0.036978
vn 0.169562 -0.985066 -0.029898
vn 0.144970 -0.976584 -0.158955
vn 0.184967 -0.968789 -0.165030
vn 0.119014 -0.950841 -0.285895
vn 0.158230 -0.943611 -0.290793
vn -0.266310 0.590455 -0.761867
vn -0.230310 0.308248 -0.923006
vn -0.217362 0.308176 -0.926165
vn -0.241913 0.592227 -0.768599
vn -0.173648 0.000000 -0.984808
vn -0.173648 0.000000 -0.984808
vn -0.238870 0.970138 0.042119
vn -0.250908 0.967575 -0.029045
vn -0.254988 0.965898 0.044961
vn -0.266864 0.963386 -0.025896
vn -0.277121 0.955963 -0.096637
vn -0.261119 0.960103 -0.100090
vn 0.173648 0.000000 0.984808
vn 0.077336 0.346641 0.934804
vn 0.173648 0.000000 0.984808
vn 0.070566 0.347367 0.935070
vn -0.043497 0.649743 0.758909
vn -0.032516 0.650979 0.758399
vn 0.254989 -0.965898 -0.044961
vn 0.238870 -0.970138 -0.042119
vn 0.214128 -0.962013 -0.169353
vn 0.230328 -0.957840 -0.171728
vn 0.186619 -0.937389 -0.294067
vn 0.202205 -0.933614 -0.295766
vn -0.293405 0.588018 -0.753756
vn -0.246002 0.309618 -0.918488
vn -0.240194 0.308842 -0.920285
vn -0.283883 0.588931 -0.756684
vn -0.173648 0.000000 -0.984808
vn -0.173648 0.000000 -0.984808
vn -0.295872 0.953802 0.052170
vn -0.307967 0.951230 -0.017831
vn -0.391701 0.917497 0.069067
vn -0.403781 0.914854 0.001742
vn -0.409530 0.909886 -0.066272
vn -0.316476 0.944515 -0.087950
vn 0.173648 0.000000 0.984808
vn 0.058930 0.339623 0.938714
vn 0.173648 0.000000 0.984808
vn 0.025944 0.329992 0.943627
vn -0.154894 0.632651 0.758789
vn -0.076580 0.645538 0.759879
vn 0.391701 -0.917497 -0.069068
vn 0.295873 -0.953802 -0.052170
vn 0.270484 -0.946319 -0.176969
vn 0.365549 -0.911415 -0.188935
vn 0.244077 -0.922197 -0.299965
vn 0.341504 -0.888104 -0.307645
vn -0.389958 0.575162 -0.719112
vn -0.285940 0.294790 -0.911777
vn -0.256742 0.302783 -0.917827
vn -0.322296 0.584870 -0.744347
vn -0.173648 0.000000 -0.984808
vn -0.173648 0.000000 -0.984808
vn -0.491602 0.866495 0.086683
vn -0.502711 0.864148 0.023030
vn -0.561993 0.821184 0.099094
vn -0.572370 0.819157 0.037079
vn -0.577560 0.815954 -0.025363
vn -0.507906 0.860417 -0.041399
vn 0.173648 0.000000 0.984808
vn -0.019295 0.326413 0.945030
vn 0.173648 0.000000 0.984808
vn -0.051823 0.316894 0.947044
vn -0.292260 0.590826 0.752003
vn -0.236866 0.614635 0.752408
vn 0.527457 -0.844476 -0.093005
vn 0.483254 -0.871324 -0.085211
vn 0.458323 -0.866095 -0.199549
vn 0.503388 -0.839045 -0.206405
vn 0.432375 -0.845977 -0.312049
vn 0.474317 -0.821017 -0.317733
vn -0.507843 0.540987 -0.670394
vn -0.353567 0.284945 -0.890953
vn -0.325043 0.292826 -0.899222
vn -0.459618 0.561489 -0.688100
vn -0.173648 0.000000 -0.984808
vn -0.173648 0.000000 -0.984808
vn -0.625709 0.772215 0.110329
vn -0.636198 0.770146 0.046133
vn -0.692498 0.711011 0.122106
vn -0.703240 0.708861 0.054495
vn -0.708362 0.705726 -0.013194
vn -0.641143 0.767206 -0.018192
vn 0.173648 0.000000 0.984808
vn -0.069546 0.291502 0.954039
vn 0.173648 0.000000 0.984808
vn -0.085818 0.259813 0.961838
vn -0.358000 0.489422 0.795174
vn -0.328091 0.546241 0.770699
vn 0.647844 -0.753159 -0.114232
vn 0.569553 -0.815797 -0.100428
vn 0.543814 -0.810384 -0.218046
vn 0.620128 -0.748103 -0.236183
vn 0.513589 -0.790342 -0.334046
vn 0.587020 -0.726820 -0.356567
vn -0.574484 0.444726 -0.687159
vn -0.385520 0.232259 -0.892989
vn -0.370169 0.261495 -0.891401
vn -0.543314 0.498633 -0.675408
vn -0.173648 0.000000 -0.984808
vn -0.173648 0.000000 -0.984808
vn -0.770524 0.622763 0.135864
vn -0.781430 0.620267 0.068078
vn -0.864569 0.478832 0.152447
vn -0.874954 0.475680 0.090465
vn -0.877529 0.478763 0.026984
vn -0.785459 0.618913 -0.000296
vn 0.173648 0.000000 0.984808
vn -0.108532 0.225233 0.968241
vn 0.173648 0.000000 0.984808
vn -0.151938 0.183091 0.971284
vn -0.517687 0.330778 0.789041
vn -0.413877 0.424071 0.805524
vn 0.878145 -0.452644 -0.154840
vn 0.757168 -0.639431 -0.133509
vn 0.728265 -0.636504 -0.253955
vn 0.850990 -0.454532 -0.263090
vn 0.694922 -0.614981 -0.372669
vn 0.823322 -0.431614 -0.368578
vn -0.714349 0.302094 -0.631225
vn -0.444824 0.164671 -0.880349
vn -0.406265 0.201271 -0.891313
vn -0.625547 0.385064 -0.678540
vn -0.173648 0.000000 -0.984808
vn -0.173648 0.000000 -0.984808
vn -0.939101 0.301115 0.165589
vn -0.947490 0.298164 0.115591
vn -0.950479 0.304163 0.063832
vn 0.173648 0.000000 0.984808
vn -0.227950 0.134797 0.964297
vn -0.651920 0.216468 0.726734
vn 0.951945 -0.256177 -0.167854
vn 0.931581 -0.259465 -0.254628
vn 0.908972 -0.244384 -0.337709
vn -0.511791 0.123441 -0.850195
vn -0.823506 0.200432 -0.530721
vn -0.173648 0.000000 -0.984808
vn 0.770446 0.622862 -0.135851
vn 0.740284 0.617738 -0.265293
vn 0.770445 0.622863 -0.135850
vn 0.742251 0.618248 -0.258519
vn 0.700345 0.604689 -0.379300
vn 0.695122 0.602408 -0.392314
vn -0.173648 0.000000 -0.984808
vn -0.173648 0.000000 -0.984808
vn -0.173648 0.000000 -0.984808
vn -0.173648 0.000000 -0.984808
vn -0.173648 0.000000 -0.984808
vn -0.173648 0.000000 -0.984808
vn -0.173648 0.000000 -0.984808
vn -0.173648 0.000000 -0.984808
vn -0.173648 0.000000 -0.984808
vn -0.173648 0.000000 -0.984808
vn -0.173648 0.000000 -0.984808
vn -0.173648 0.000000 -0.984808
vn -0.173648 0.000000 -0.984808
vn -0.173648 0.000000 -0.984808
vn -0.173648 0.000000 -0.984808
vn -0.173648 0.000000 -0.984808
vn -0.173648 0.000000 -0.984808
vn -0.173648 0.000000 -0.984808
vn -0.173648 0.000000 -0.984808
vn -0.173648 0.000000 -0.984808
vn -0.173648 0.000000 -0.984808
vn -0.173648 0.000000 -0.984808
vn -0.173648 0.000000 -0.984808
vn -0.173648 0.000000 -0.984808
vn -0.173648 0.000000 -0.984808
vn -0.173648 0.000000 -0.984808
vn -0.173648 0.000000 -0.984808
vn -0.173648 0.000000 -0.984808
vn -0.173648 0.000000 -0.984808
vn -0.173648 0.000000 -0.984808
vn -0.173648 0.000000 -0.984808
vn -0.173648 0.000000 -0.984808
vn -0.173648 0.000000 -0.984808
vn -0.173648 0.000000 -0.984808
vn -0.173648 0.000000 -0.984808
vn -0.173648 0.000000 -0.984808
vn -0.173648 0.000000 -0.984808
vn -0.173648 0.000000 -0.984808
vn -0.984808 0.000000 0.173648
vn -0.984808 0.000000 0.173648
vn -0.999279 0.000001 0.037961
vn -0.999279 -0.000001 0.037956
vn -0.995144 0.000001 -0.098433
vn -0.995143 -0.000001 -0.098441
vn 0.173648 0.000000 0.984808
vn 0.173648 0.000000 0.984808
vn 0.173648 0.000000 0.984808
vn 0.173648 0.000000 0.984808
vn 0.173648 0.000000 0.984808
vn 0.173648 0.000000 0.984808
vn 0.173648 0.000000 0.984808
vn 0.173648 0.000000 0.984808
vn 0.173648 0.000000 0.984808
vn 0.173648 0.000000 0.984808
vn 0.173648 0.000000 0.984808
vn 0.173648 0.000000 0.984808
vn 0.173648 0.000000 0.984808
vn 0.173648 0.000000 0.984808
vn 0.173648 0.000000 0.984808
vn 0.173648 0.000000 0.984808
vn 0.173648 0.000000 0.984808
vn 0.173648 0.000000 0.984808
vn 0.173648 0.000000 0.984808
vn 0.173648 0.000000 0.984808
vn 0.173648 0.000000 0.984808
vn 0.173648 0.000000 0.984808
vn 0.173648 0.000000 0.984808
vn 0.173648 0.000000 0.984808
vn 0.173648 0.000000 0.984808
vn 0.173648 0.000000 0.984808
vn 0.173648 0.000000 0.984808
vn 0.173648 0.000000 0.984808
vn 0.173648 0.000000 0.984808
vn 0.173648 0.000000 0.984808
vn 0.173648 0.000000 0.984808
vn 0.173648 0.000000 0.984808
vn 0.173648 0.000000 0.984808
vn 0.173648 0.000000 0.984808
vn 0.173648 0.000000 0.984808
vn 0.173648 0.000000 0.984808
vn 0.173648 0.000000 0.984808
vn 0.173648 0.000000 0.984808
vn 0.824505 0.546860 -0.145383
vn 0.795808 0.551262 -0.250599
vn 0.871317 0.466049 -0.153637
vn 0.845793 0.462998 -0.265081
vn 0.835009 0.442873 -0.326531
vn 0.803800 0.499431 -0.323225
vn 0.150953 0.020703 -0.988324
vn 0.169799 0.000445 -0.985479
vn 0.430131 0.017622 -0.902595
vn 0.446941 -0.028518 -0.894109
vn 0.436311 -0.088630 -0.895420
vn 0.168168 -0.031887 -0.985242
vn 0.117833 -0.065408 -0.990877
vn 0.054979 -0.102387 -0.993224
vn 0.335437 -0.149620 -0.930105
vn 0.214182 -0.209506 -0.954062
vn -0.001514 -0.135075 -0.990834
vn -0.030717 -0.156692 -0.987170
vn 0.137395 -0.259665 -0.955875
vn 0.094635 -0.300288 -0.949143
vn -0.044927 -0.174236 -0.983679
vn -0.052277 -0.185203 -0.981309
vn 0.073402 -0.335798 -0.939070
vn 0.065597 -0.359081 -0.930998
vn -0.059670 -0.192222 -0.979536
vn -0.081698 -0.196695 -0.977055
vn 0.041062 -0.367637 -0.929063
vn -0.007150 -0.370867 -0.928659
vn -0.108130 -0.194571 -0.974910
vn -0.119614 -0.191069 -0.974261
vn -0.046891 -0.372877 -0.926695
vn -0.061863 -0.373482 -0.925572
vn -0.122610 -0.191932 -0.973719
vn -0.128351 -0.192883 -0.972791
vn -0.068893 -0.373735 -0.924973
vn -0.081020 -0.374131 -0.923830
vn -0.136473 -0.193562 -0.971550
vn -0.146655 -0.194506 -0.969876
vn -0.097011 -0.374571 -0.922109
vn -0.116819 -0.374980 -0.919643
vn -0.139206 -0.375263 -0.916406
vn -0.159377 -0.191170 -0.968531
vn -0.155971 -0.193040 -0.968715
vn -0.133445 -0.375209 -0.917284
vn -0.930306 -0.328058 0.164038
vn -0.971087 -0.166347 0.171229
vn -0.985821 -0.163439 0.038011
vn -0.936458 -0.350243 0.019411
vn -0.976636 -0.173120 -0.127323
vn -0.858614 -0.457591 -0.231066
vn 0.182137 -0.221758 0.957940
vn 0.185902 -0.223890 0.956720
vn 0.181523 -0.432435 0.883204
vn 0.188111 -0.432352 0.881865
vn 0.207035 -0.432002 0.877787
vn 0.196486 -0.225527 0.954217
vn 0.229404 -0.431376 0.872518
vn 0.208231 -0.224380 0.951995
vn 0.247328 -0.430706 0.867941
vn 0.217553 -0.223533 0.950107
vn 0.260830 -0.430101 0.864280
vn 0.224165 -0.222385 0.948839
vn 0.268618 -0.429714 0.862085
vn 0.227643 -0.221362 0.948250
vn 0.285214 -0.428790 0.857200
vn 0.240261 -0.225231 0.944217
vn 0.328624 -0.425730 0.843066
vn 0.269514 -0.227236 0.935802
vn 0.380085 -0.420716 0.823731
vn 0.294404 -0.221701 0.929610
vn 0.406728 -0.410216 0.816269
vn 0.303584 -0.213759 0.928517
vn 0.418443 -0.384236 0.822963
vn 0.312646 -0.201554 0.928239
vn 0.445743 -0.344582 0.826182
vn 0.329339 -0.181589 0.926586
vn 0.494756 -0.298282 0.816238
vn 0.361893 -0.156403 0.919006
vn 0.575324 -0.239607 0.782042
vn 0.421458 -0.118190 0.899113
vn 0.688950 -0.167502 0.705189
vn 0.484100 -0.074615 0.871825
vn 0.771459 -0.096843 0.628866
vn 0.531209 -0.035947 0.846478
vn 0.780400 -0.030978 0.624513
vn 0.532989 0.000070 0.846122
vn 0.768163 0.020002 0.639942
vn 0.516077 0.023001 0.856233
vn -0.099762 -0.994856 0.017591
vn -0.134095 -0.983424 -0.122049
vn -0.254713 -0.965973 0.044913
vn -0.279914 -0.952680 -0.118526
vn -0.354697 -0.905236 -0.233962
vn -0.174888 -0.956006 -0.235511
vn -0.524511 -0.000000 -0.851403
vn -0.355395 -0.000000 -0.934716
vn -0.336496 -0.185443 -0.923245
vn -0.533298 -0.207281 -0.820139
vn -0.332583 -0.401479 -0.853348
vn -0.573020 -0.488854 -0.657776
vn -0.524512 -0.000000 -0.851403
vn -0.355396 0.000000 -0.934716
vn -0.355394 0.000000 -0.934717
vn -0.524509 0.000001 -0.851405
vn -0.349152 0.297307 -0.888652
vn -0.330340 0.608971 -0.721131
vn -0.542467 0.304498 -0.782950
vn -0.509711 0.698424 -0.502393
vn -0.227194 0.973025 0.040060
vn -0.143011 0.989400 0.025217
vn -0.154779 0.986826 -0.047103
vn -0.254675 0.966395 -0.034936
vn -0.176328 0.975285 -0.133143
vn -0.353314 0.920992 -0.164144
vn -0.261688 0.000000 0.965152
vn -0.045104 0.000000 0.998982
vn -0.052345 0.329888 0.942568
vn -0.299254 0.342879 0.890439
vn -0.095531 0.668726 0.737346
vn -0.340001 0.735322 0.586260
vn -0.261689 0.000001 0.965152
vn -0.045104 0.000000 0.998982
vn -0.045102 -0.000000 0.998982
vn -0.261685 -0.000000 0.965153
vn -0.273467 -0.454262 0.847857
vn -0.088893 -0.419455 0.903413
vn -0.040822 -0.226265 0.973210
vn -0.237676 -0.273270 0.932113
vn -0.973189 -0.153153 0.171600
vn -0.979918 -0.149534 0.131914
vn -0.974568 -0.143834 0.171843
vn -0.980515 -0.143733 0.133907
vn -0.987545 -0.137728 0.076071
vn -0.984342 -0.146694 0.097736
vn 0.107422 0.221657 -0.969190
vn -0.031234 0.114328 -0.992952
vn -0.503576 0.048563 -0.862585
vn -0.763244 0.051838 -0.644028
vn -0.894141 -0.059924 -0.443758
vn -0.959901 -0.039812 -0.277499
vn 0.134754 0.244149 -0.960329
vn -0.016644 0.126264 -0.991857
vn -0.024196 0.119826 -0.992500
vn 0.119445 0.232489 -0.965237
vn 0.691746 0.279465 -0.665873
vn 0.494015 0.111291 -0.862301
vn 0.273454 0.160390 -0.948419
vn 0.245523 0.260199 -0.933817
vn 0.951134 0.259262 -0.167711
vn 0.970691 0.168713 -0.171159
vn 0.957947 0.162323 -0.236618
vn 0.936242 0.266768 -0.228659
vn 0.935786 0.180382 -0.302931
vn 0.901756 0.287263 -0.322982
vn 0.610010 0.170752 0.773778
vn 0.346570 0.146195 0.926562
vn 0.811035 0.125358 0.571409
vn 0.900522 0.292839 0.321412
vn 0.598645 0.294949 0.744734
vn 0.494892 0.280887 0.822304
vn 0.339020 0.139033 0.930449
vn 0.331862 0.132893 0.933920
vn 0.481311 0.268186 0.834515
vn 0.470663 0.256261 0.844279
vn -0.194537 0.068059 0.978531
vn -0.744492 -0.064664 0.664492
vn -0.551882 0.061466 0.831654
vn -0.842813 -0.040972 0.536645
vn 0.951134 0.259262 -0.167711
vn 0.970691 0.168714 -0.171159
vn 0.970691 0.168714 -0.171159
vn 0.951134 0.259262 -0.167711
vn 0.983832 0.044511 -0.173476
vn 0.983832 0.044512 -0.173476
vn 0.984353 -0.030387 -0.173568
vn 0.984353 -0.030387 -0.173568
vn 0.977099 -0.124879 -0.172289
vn 0.977099 -0.124879 -0.172289
vn 0.951945 -0.256177 -0.167854
vn 0.951945 -0.256177 -0.167854
vn 0.878145 -0.452644 -0.154841
vn 0.878145 -0.452644 -0.154841
vn 0.757168 -0.639431 -0.133509
vn 0.757168 -0.639431 -0.133509
vn 0.647844 -0.753159 -0.114233
vn 0.647844 -0.753159 -0.114232
vn 0.569553 -0.815797 -0.100428
vn 0.569553 -0.815797 -0.100427
vn 0.527457 -0.844476 -0.093005
vn 0.527457 -0.844476 -0.093005
vn 0.483254 -0.871324 -0.085211
vn 0.483254 -0.871324 -0.085211
vn 0.391701 -0.917497 -0.069067
vn 0.391701 -0.917497 -0.069067
vn 0.295873 -0.953802 -0.052170
vn 0.295873 -0.953802 -0.052170
vn 0.254989 -0.965898 -0.044961
vn 0.254989 -0.965898 -0.044961
vn 0.238870 -0.970138 -0.042119
vn 0.238870 -0.970138 -0.042119
vn 0.209714 -0.977063 -0.036978
vn 0.209714 -0.977063 -0.036978
vn 0.169562 -0.985066 -0.029898
vn 0.169562 -0.985066 -0.029898
vn 0.118446 -0.992741 -0.020885
vn 0.118445 -0.992741 -0.020885
vn 0.073632 -0.997201 -0.012983
vn 0.073632 -0.997201 -0.012983
vn 0.057743 -0.998280 -0.010182
vn 0.057743 -0.998280 -0.010182
vn -0.099762 -0.994856 0.017591
vn -0.099760 -0.994856 0.017590
vn -0.254714 -0.965973 0.044913
vn -0.254710 -0.965974 0.044912
vn -0.930306 -0.328058 0.164038
vn -0.971087 -0.166347 0.171229
vn -0.971088 -0.166340 0.171229
vn -0.930311 -0.328045 0.164039
vn -0.984808 0.000000 0.173648
vn -0.984808 0.000000 0.173648
vn -0.984808 0.000000 0.173648
vn -0.984808 0.000000 0.173648
vn -0.984808 0.000000 0.173648
vn -0.984808 0.000000 0.173648
vn -0.948979 0.267283 0.167330
vn -0.948981 0.267273 0.167331
vn -0.844097 0.515119 0.148837
vn -0.844109 0.515100 0.148839
vn -0.227194 0.973025 0.040060
vn -0.143010 0.989400 0.025217
vn -0.143008 0.989400 0.025216
vn -0.227189 0.973026 0.040060
vn -0.057744 0.998280 0.010182
vn -0.057744 0.998280 0.010182
vn -0.073633 0.997201 0.012984
vn -0.073633 0.997201 0.012984
vn -0.118445 0.992741 0.020885
vn -0.118445 0.992741 0.020885
vn -0.169562 0.985066 0.029898
vn -0.169562 0.985066 0.029898
vn -0.209713 0.977063 0.036978
vn -0.209713 0.977063 0.036978
vn -0.238870 0.970138 0.042119
vn -0.238870 0.970138 0.042119
vn -0.254989 0.965898 0.044961
vn -0.254988 0.965898 0.044961
vn -0.295873 0.953802 0.052170
vn -0.295872 0.953802 0.052170
vn -0.391701 0.917497 0.069067
vn -0.391701 0.917497 0.069067
vn -0.491602 0.866495 0.086683
vn -0.491602 0.866495 0.086683
vn -0.561993 0.821185 0.099095
vn -0.561993 0.821184 0.099095
vn -0.625709 0.772215 0.110329
vn -0.625709 0.772215 0.110329
vn -0.692498 0.711011 0.122106
vn -0.692498 0.711011 0.122106
vn -0.770524 0.622763 0.135864
vn -0.770524 0.622763 0.135864
vn -0.864569 0.478832 0.152447
vn -0.864569 0.478832 0.152447
vn -0.939101 0.301115 0.165588
vn -0.939101 0.301115 0.165589
vn -0.979594 0.102765 0.172729
vn -0.979594 0.102765 0.172729
vn -0.981736 -0.078927 0.173106
vn -0.981736 -0.078927 0.173106
vn -0.972746 -0.156034 0.171521
vn -0.972746 -0.156034 0.171521
vn -0.973189 -0.153156 0.171599
vn -0.973189 -0.153157 0.171599
vn -0.974567 -0.143839 0.171842
vn -0.974567 -0.143840 0.171842
vn -0.840662 0.520879 0.148230
vn -0.061275 0.998062 0.010803
vn -0.061254 0.998064 0.010800
vn -0.840642 0.520913 0.148227
vn 0.770445 0.622864 -0.135850
vn 0.770446 0.622863 -0.135851
vn 0.770446 0.622862 -0.135850
vn 0.770446 0.622863 -0.135851
vn 0.770447 0.622862 -0.135850
vn 0.770446 0.622862 -0.135851
vn 0.824506 0.546858 -0.145383
vn 0.824507 0.546856 -0.145383
vn 0.871318 0.466047 -0.153637
vn 0.871319 0.466045 -0.153637
vn 0.997725 0.049077 -0.046225
vn 0.992948 0.043379 -0.110326
vn 0.979760 0.163352 -0.115698
vn 0.982425 0.178333 -0.055127
vn 0.956980 0.266429 -0.114916
vn 0.957060 0.288353 -0.029818
vn 0.991576 -0.119287 -0.050470
vn 0.985642 -0.127230 -0.111010
vn 0.993075 -0.032052 -0.113021
vn 0.998341 -0.025044 -0.051856
vn 0.899314 -0.436171 0.031468
vn 0.888591 -0.454665 -0.060712
vn 0.961346 -0.259165 -0.092988
vn 0.968870 -0.246738 -0.020260
vn 0.672500 -0.733711 0.097018
vn 0.661833 -0.749599 -0.008880
vn 0.769842 -0.637574 -0.029007
vn 0.780096 -0.621087 0.075508
vn 0.552246 -0.827442 0.101810
vn 0.541647 -0.840595 0.004365
vn 0.583732 -0.811946 0.000831
vn 0.595046 -0.797141 0.102403
vn 0.422573 -0.896037 0.136196
vn 0.406019 -0.913224 0.034215
vn 0.496983 -0.867660 0.013198
vn 0.510322 -0.852831 0.110681
vn 0.286921 -0.942558 0.171057
vn 0.272421 -0.960085 0.063435
vn 0.312180 -0.948437 0.054877
vn 0.327871 -0.930887 0.161090
vn 0.243400 -0.952859 0.181152
vn 0.227410 -0.971096 0.072513
vn 0.256359 -0.964278 0.066691
vn 0.271506 -0.946450 0.174689
vn 0.154829 -0.967444 0.200201
vn 0.136989 -0.986467 0.090099
vn 0.187636 -0.978945 0.080377
vn 0.204472 -0.960302 0.189767
vn 0.095372 -0.972626 0.211903
vn 0.077054 -0.991845 0.101515
vn 0.092717 -0.990808 0.098502
vn 0.110983 -0.971616 0.208912
vn -0.271198 -0.915734 0.296450
vn -0.227291 -0.956067 0.185135
vn -0.087126 -0.986198 0.140789
vn -0.085501 -0.966418 0.242335
vn -0.918426 -0.000000 0.395594
vn -0.958065 -0.000000 0.286550
vn -0.945158 -0.164036 0.282433
vn -0.893386 -0.172398 0.414898
vn -0.894133 -0.348670 0.280989
vn -0.753544 -0.467214 0.462475
vn -0.918425 -0.000003 0.395595
vn -0.958065 -0.000001 0.286550
vn -0.958066 0.000001 0.286546
vn -0.918429 0.000001 0.395587
vn -0.731837 0.598406 0.326076
vn -0.813151 0.510435 0.279715
vn -0.920243 0.269221 0.284029
vn -0.885322 0.271711 0.377331
vn -0.035530 0.990412 0.133499
vn -0.046729 0.996311 0.071982
vn -0.131481 0.987567 0.086159
vn -0.123540 0.979066 0.161762
vn -0.228186 0.967664 0.107503
vn -0.283942 0.927650 0.242575
vn -0.095607 0.985035 0.143404
vn -0.107499 0.990783 0.082422
vn -0.062639 0.995232 0.074761
vn -0.051224 0.989365 0.136133
vn -0.186522 0.969749 0.157471
vn -0.198790 0.975180 0.097498
vn -0.158621 0.983143 0.090932
vn -0.146481 0.977557 0.151412
vn -0.231941 0.958793 0.164071
vn -0.244015 0.964099 0.104736
vn -0.227932 0.968301 0.102182
vn -0.215719 0.962966 0.161746
vn -0.367180 0.912184 0.181929
vn -0.381951 0.915543 0.126075
vn -0.285335 0.951941 0.111318
vn -0.272082 0.947200 0.169659
vn -0.538890 0.817651 0.202597
vn -0.552426 0.819697 0.151402
vn -0.482150 0.864750 0.140495
vn -0.468023 0.862315 0.193304
vn -0.666774 0.707448 0.234372
vn -0.681679 0.709423 0.178977
vn -0.615623 0.770699 0.164414
vn -0.601422 0.768887 0.217033
vn -0.839498 0.479248 0.256055
vn -0.855137 0.476271 0.204709
vn -0.759827 0.620844 0.192916
vn -0.743941 0.620283 0.248597
vn -0.965301 0.108742 0.237421
vn -0.973652 0.099969 0.204958
vn -0.931476 0.298658 0.207738
vn -0.919381 0.303879 0.249791
vn -0.960965 -0.154895 0.229248
vn -0.967140 -0.155990 0.200766
vn -0.976207 -0.080689 0.201271
vn -0.970527 -0.073889 0.229387
vn -0.958349 -0.137002 0.250594
vn -0.968055 -0.143756 0.205436
vn -0.967143 -0.149894 0.205343
vn -0.961210 -0.146814 0.233495
vn 0.787961 0.607081 0.102810
vn 0.785302 0.618851 -0.017980
vn -0.031721 0.974167 0.223589
vn 0.352174 0.841787 0.409106
vn -0.810380 0.484088 0.330066
vn -0.894152 0.135475 0.426776
vn 0.788260 0.610244 0.079051
vn 0.784325 0.619630 -0.029884
vn 0.784804 0.619286 -0.023835
vn 0.788241 0.608577 0.091161
vn 0.896236 0.443486 -0.009054
vn 0.883961 0.463895 -0.058434
vn 0.832925 0.550805 -0.053388
vn 0.861874 0.507100 0.004855
f 1/1/1 2/2/2 3/3/3
f 1/1/1 3/3/3 4/4/4
f 2/2/2 5/5/5 6/6/6
f 2/2/2 6/6/6 3/3/3
f 3/3/3 6/6/6 7/7/7
f 3/3/3 7/7/7 8/8/8
f 4/4/4 3/3/3 8/8/8
f 4/4/4 8/8/8 9/9/9
f 10/10/10 11/11/11 12/12/12
f 10/10/10 12/12/12 13/13/13
f 11/11/11 14/14/14 15/15/15
f 11/11/11 15/15/15 12/12/12
f 12/12/12 15/15/15 16/16/16
f 12/12/12 16/16/16 17/17/17
f 13/13/13 12/12/12 17/17/17
f 13/13/13 17/17/17 18/18/18
f 19/19/19 20/20/20 21/21/21
f 19/19/19 21/21/21 22/22/22
f 20/20/20 23/23/23 24/24/24
f 20/20/20 24/24/24 21/21/21
f 21/21/21 24/24/24 25/25/25
f 21/21/21 25/25/25 26/26/26
f 22/22/22 21/21/21 26/26/26
f 22/22/22 26/26/26 27/27/27
f 28/28/28 29/29/29 30/30/30
f 28/28/28 30/30/30 31/31/31
f 29/29/29 32/32/32 33/33/33
f 29/29/29 33/33/33 30/30/30
f 30/30/30 33/33/33 34/34/34
f 30/30/30 34/34/34 35/35/35
f 31/31/31 30/30/30 35/35/35
f 31/31/31 35/35/35 36/36/36
f 37/37/37 38/38/38 39/39/39
f 37/37/37 39/39/39 40/40/40
f 38/38/38 41/41/41 42/42/42
f 38/38/38 42/42/42 39/39/39
f 39/39/39 42/42/42 43/43/43
f 39/39/39 43/43/43 44/44/44
f 40/40/40 39/39/39 44/44/44
f 40/40/40 44/44/44 45/45/45
f 46/46/46 47/47/47 48/48/48
f 46/46/46 48/48/48 49/49/49
f 47/47/47 50/50/50 51/51/51
f 47/47/47 51/51/51 48/48/48
f 48/48/48 51/51/51 52/52/52
f 48/48/48 52/52/52 53/53/53
f 49/49/49 48/48/48 53/53/53
f 49/49/49 53/53/53 54/54/54
f 55/55/55 56/56/56 57/57/57
f 55/55/55 57/57/57 58/58/58
f 56/56/56 59/59/59 60/60/60
f 56/56/56 60/60/60 57/57/57
f 57/57/57 60/60/60 61/61/61
f 57/57/57 61/61/61 62/62/62
f 58/58/58 57/57/57 62/62/62
f 58/58/58 62/62/62 63/63/63
f 64/64/64 65/65/65 66/66/66
f 64/64/64 66/66/66 67/67/67
f 65/65/65 68/68/68 69/69/69
f 65/65/65 69/69/69 66/66/66
f 66/66/66 69/69/69 70/70/70
f 66/66/66 70/70/70 71/71/71
f 67/67/67 66/66/66 71/71/71
f 67/67/67 71/71/71 72/72/72
f 73/73/73 74/74/74 75/75/75
f 73/73/73 75/75/75 76/76/76
f 74/74/74 77/77/77 78/78/78
f 74/74/74 78/78/78 75/75/75
f 75/75/75 78/78/78 79/79/79
f 75/75/75 79/79/79 80/80/80
f 76/76/76 75/75/75 80/80/80
f 76/76/76 80/80/80 81/81/81
f 82/82/82 83/83/83 84/84/84
f 82/82/82 84/84/84 85/85/85
f 83/83/83 86/86/86 87/87/87
f 83/83/83 87/87/87 84/84/84
f 84/84/84 87/87/87 88/88/88
f 84/84/84 88/88/88 89/89/89
f 85/85/85 84/84/84 89/89/89
f 85/85/85 89/89/89 90/90/90
f 59/59/59 91/91/91 92/92/92
f 59/59/59 92/92/92 60/60/60
f 91/91/91 93/93/93 94/94/94
f 91/91/91 94/94/94 92/92/92
f 92/92/92 94/94/94 95/95/95
f 92/92/92 95/95/95 96/96/96
f 60/60/60 92/92/92 96/96/96
f 60/60/60 96/96/96 61/61/61
f 70/70/70 97/97/97 98/98/98
f 70/70/70 98/98/98 71/71/71
f 97/97/97 99/99/99 100/100/100
f 97/97/97 100/100/100 98/98/98
f 98/98/98 100/100/100 101/101/101
f 98/98/98 101/101/101 102/102/102
f 71/71/71 98/98/98 102/102/102
f 71/71/71 102/102/102 72/72/72
f 103/103/103 104/104/104 105/105/105
f 103/103/103 105/105/105 106/106/106
f 104/104/104 73/73/73 76/76/76
f 104/104/104 76/76/76 105/105/105
f 105/105/105 76/76/76 81/81/81
f 105/105/105 81/81/81 107/107/107
f 106/106/106 105/105/105 107/107/107
f 106/106/106 107/107/107 108/108/108
f 109/109/109 110/110/110 111/111/111
f 109/109/109 111/111/111 112/112/112
f 110/110/110 113/113/113 114/114/114
f 110/110/110 114/114/114 111/111/111
f 111/111/111 114/114/114 86/86/86
f 111/111/111 86/86/86 83/83/83
f 112/112/112 111/111/111 83/83/83
f 112/112/112 83/83/83 82/82/82
f 93/93/93 115/115/115 116/116/116
f 93/93/93 116/116/116 94/94/94
f 115/115/115 117/117/117 118/118/118
f 115/115/115 118/118/118 116/116/116
f 116/116/116 118/118/118 119/119/119
f 116/116/116 119/119/119 120/120/120
f 94/94/94 116/116/116 120/120/120
f 94/94/94 120/120/120 95/95/95
f 99/99/99 121/121/121 122/122/122
f 99/99/99 122/122/122 100/100/100
f 121/121/121 123/123/123 124/124/124
f 121/121/121 124/124/124 122/122/122
f 122/122/122 124/124/124 125/125/125
f 122/122/122 125/125/125 126/126/126
f 100/100/100 122/122/122 126/126/126
f 100/100/100 126/126/126 101/101/101
f 127/127/127 128/128/128 129/129/129
f 127/127/127 129/129/129 130/130/130
f 128/128/128 103/103/103 106/106/106
f 128/128/128 106/106/106 129/129/129
f 129/129/129 106/106/106 108/108/108
f 129/129/129 108/108/108 131/131/131
f 130/130/130 129/129/129 131/131/131
f 130/130/130 131/131/131 132/132/132
f 133/133/133 134/134/134 135/135/135
f 133/133/133 135/135/135 136/136/136
f 134/134/134 137/137/137 138/138/138
f 134/134/134 138/138/138 135/135/135
f 135/135/135 138/138/138 113/113/113
f 135/135/135 113/113/113 110/110/110
f 136/136/136 135/135/135 110/110/110
f 136/136/136 110/110/110 109/109/109
f 117/117/117 139/139/139 140/140/140
f 117/117/117 140/140/140 118/118/118
f 139/139/139 141/141/141 142/142/142
f 139/139/139 142/142/142 140/140/140
f 140/140/140 142/142/142 143/143/143
f 140/140/140 143/143/143 144/144/144
f 118/118/118 140/140/140 144/144/144
f 118/118/118 144/144/144 119/119/119
f 123/123/123 145/145/145 146/146/146
f 123/123/123 146/146/146 124/124/124
f 145/145/145 147/147/147 148/148/148
f 145/145/145 148/148/148 146/146/146
f 146/146/146 148/148/148 149/149/149
f 146/146/146 149/149/149 150/150/150
f 124/124/124 146/146/146 150/150/150
f 124/124/124 150/150/150 125/125/125
f 151/151/151 152/152/152 153/153/153
f 151/151/151 153/153/153 154/154/154
f 152/152/152 127/127/127 130/130/130
f 152/152/152 130/130/130 153/153/153
f 153/153/153 130/130/130 132/132/132
f 153/153/153 132/132/132 155/155/155
f 154/154/154 153/153/153 155/155/155
f 154/154/154 155/155/155 156/156/156
f 157/157/157 158/158/158 159/159/159
f 157/157/157 159/159/159 160/160/160
f 158/158/158 161/161/161 162/162/162
f 158/158/158 162/162/162 159/159/159
f 159/159/159 162/162/162 137/137/137
f 159/159/159 137/137/137 134/134/134
f 160/160/160 159/159/159 134/134/134
f 160/160/160 134/134/134 133/133/133
f 141/141/141 163/163/163 164/164/164
f 141/141/141 164/164/164 142/142/142
f 163/163/163 165/165/165 166/166/166
f 163/163/163 166/166/166 164/164/164
f 164/164/164 166/166/166 167/167/167
f 164/164/164 167/167/167 168/168/168
f 142/142/142 164/164/164 168/168/168
f 142/142/142 168/168/168 143/143/143
f 147/147/147 169/169/169 170/170/170
f 147/147/147 170/170/170 148/148/148
f 169/169/169 171/171/171 172/172/172
f 169/169/169 172/172/172 170/170/170
f 170/170/170 172/172/172 173/173/173
f 170/170/170 173/173/173 174/174/174
f 148/148/148 170/170/170 174/174/174
f 148/148/148 174/174/174 149/149/149
f 175/175/175 176/176/176 177/177/177
f 175/175/175 177/177/177 178/178/178
f 176/176/176 151/151/151 154/154/154
f 176/176/176 154/154/154 177/177/177
f 177/177/177 154/154/154 156/156/156
f 177/177/177 156/156/156 179/179/179
f 178/178/178 177/177/177 179/179/179
f 178/178/178 179/179/179 180/180/180
f 181/181/181 182/182/182 183/183/183
f 181/181/181 183/183/183 184/184/184
f 182/182/182 185/185/185 186/186/186
f 182/182/182 186/186/186 183/183/183
f 183/183/183 186/186/186 161/161/161
f 183/183/183 161/161/161 158/158/158
f 184/184/184 183/183/183 158/158/158
f 184/184/184 158/158/158 157/157/157
f 165/165/165 187/187/187 188/188/188
f 165/165/165 188/188/188 166/166/166
f 187/187/187 189/189/189 190/190/190
f 187/187/187 190/190/190 188/188/188
f 188/188/188 190/190/190 191/191/191
f 188/188/188 191/191/191 192/192/192
f 166/166/166 188/188/188 192/192/192
f 166/166/166 192/192/192 167/167/167
f 171/171/171 193/193/193 194/194/194
f 171/171/171 194/194/194 172/172/172
f 193/193/193 195/195/195 196/196/196
f 193/193/193 196/196/196 194/194/194
f 194/194/194 196/196/196 197/197/197
f 194/194/194 197/197/197 198/198/198
f 172/172/172 194/194/194 198/198/198
f 172/172/172 198/198/198 173/173/173
f 199/199/199 200/200/200 201/201/201
f 199/199/199 201/201/201 202/202/202
f 200/200/200 175/175/175 178/178/178
f 200/200/200 178/178/178 201/201/201
f 201/201/201 178/178/178 180/180/180
f 201/201/201 180/180/180 203/203/203
f 202/202/202 201/201/201 203/203/203
f 202/202/202 203/203/203 204/204/204
f 205/205/205 206/206/206 207/207/207
f 205/205/205 207/207/207 208/208/208
f 206/206/206 209/209/209 210/210/210
f 206/206/206 210/210/210 207/207/207
f 207/207/207 210/210/210 185/185/185
f 207/207/207 185/185/185 182/182/182
f 208/208/208 207/207/207 182/182/182
f 208/208/208 182/182/182 181/181/181
f 189/189/189 211/211/211 212/212/212
f 189/189/189 212/212/212 190/190/190
f 211/211/211 213/213/213 214/214/214
f 211/211/211 214/214/214 212/212/212
f 212/212/212 214/214/214 215/215/215
f 212/212/212 215/215/215 216/216/216
f 190/190/190 212/212/212 216/216/216
f 190/190/190 216/216/216 191/191/191
f 195/195/195 217/217/217 218/218/218
f 195/195/195 218/218/218 196/196/196
f 217/217/217 219/219/219 220/220/220
f 217/217/217 220/220/220 218/218/218
f 218/218/218 220/220/220 221/221/221
f 218/218/218 221/221/221 222/222/222
f 196/196/196 218/218/218 222/222/222
f 196/196/196 222/222/222 197/197/197
f 223/223/223 224/224/224 225/225/225
f 223/223/223 225/225/225 226/226/226
f 224/224/224 199/199/199 202/202/202
f 224/224/224 202/202/202 225/225/225
f 225/225/225 202/202/202 204/204/204
f 225/225/225 204/204/204 227/227/227
f 226/226/226 225/225/225 227/227/227
f 226/226/226 227/227/227 228/228/228
f 229/229/229 230/230/230 231/231/231
f 229/229/229 231/231/231 232/232/232
f 230/230/230 233/233/233 234/234/234
f 230/230/230 234/234/234 231/231/231
f 231/231/231 234/234/234 209/209/209
f 231/231/231 209/209/209 206/206/206
f 232/232/232 231/231/231 206/206/206
f 232/232/232 206/206/206 205/205/205
f 213/213/213 235/235/235 236/236/236
f 213/213/213 236/236/236 214/214/214
f 235/235/235 10/10/10 13/13/13
f 235/235/235 13/13/13 236/236/236
f 236/236/236 13/13/13 18/18/18
f 236/236/236 18/18/18 237/237/237
f 214/214/214 236/236/236 237/237/237
f 214/214/214 237/237/237 215/215/215
f 219/219/219 238/238/238 239/239/239
f 219/219/219 239/239/239 220/220/220
f 238/238/238 46/46/46 49/49/49
f 238/238/238 49/49/49 239/239/239
f 239/239/239 49/49/49 54/54/54
f 239/239/239 54/54/54 240/240/240
f 220/220/220 239/239/239 240/240/240
f 220/220/220 240/240/240 221/221/221
f 32/32/32 241/241/241 242/242/242
f 32/32/32 242/242/242 33/33/33
f 241/241/241 223/223/223 226/226/226
f 241/241/241 226/226/226 242/242/242
f 242/242/242 226/226/226 228/228/228
f 242/242/242 228/228/228 243/243/243
f 33/33/33 242/242/242 243/243/243
f 33/33/33 243/243/243 34/34/34
f 45/45/45 44/44/44 244/244/244
f 45/45/45 244/244/244 245/245/245
f 44/44/44 43/43/43 246/246/246
f 44/44/44 246/246/246 244/244/244
f 244/244/244 246/246/246 233/233/233
f 244/244/244 233/233/233 230/230/230
f 245/245/245 244/244/244 230/230/230
f 245/245/245 230/230/230 229/229/229
f 5/5/5 247/247/247 248/248/248
f 5/5/5 248/248/248 6/6/6
f 247/247/247 249/249/249 250/250/250
f 247/247/247 250/250/250 248/248/248
f 248/248/248 250/250/250 251/251/251
f 248/248/248 251/251/251 252/252/252
f 6/6/6 248/248/248 252/252/252
f 6/6/6 252/252/252 7/7/7
f 41/41/41 253/253/253 254/254/254
f 41/41/41 254/254/254 42/42/42
f 253/253/253 255/255/255 256/256/256
f 253/253/253 256/256/256 254/254/254
f 254/254/254 256/256/256 257/257/257
f 254/254/254 257/257/257 258/258/258
f 42/42/42 254/254/254 258/258/258
f 42/42/42 258/258/258 43/43/43
f 233/233/233 246/246/246 259/259/259
f 233/233/233 259/259/259 260/260/260
f 246/246/246 43/43/43 258/258/258
f 246/246/246 258/258/258 259/259/259
f 259/259/259 258/258/258 257/257/257
f 259/259/259 257/257/257 261/261/261
f 260/260/260 259/259/259 261/261/261
f 260/260/260 261/261/261 262/262/262
f 209/209/209 234/234/234 263/263/263
f 209/209/209 263/263/263 264/264/264
f 234/234/234 233/233/233 260/260/260
f 234/234/234 260/260/260 263/263/263
f 263/263/263 260/260/260 262/262/262
f 263/263/263 262/262/262 265/265/265
f 264/264/264 263/263/263 265/265/265
f 264/264/264 265/265/265 266/266/266
f 185/185/185 210/210/210 267/267/267
f 185/185/185 267/267/267 268/268/268
f 210/210/210 209/209/209 264/264/264
f 210/210/210 264/264/264 267/267/267
f 267/267/267 264/264/264 266/266/266
f 267/267/267 266/266/266 269/269/269
f 268/268/268 267/267/267 269/269/269
f 268/268/268 269/269/269 270/270/270
f 161/161/161 186/186/186 271/271/271
f 161/161/161 271/271/271 272/272/272
f 186/186/186 185/185/185 268/268/268
f 186/186/186 268/268/268 271/271/271
f 271/271/271 268/268/268 270/270/270
f 271/271/271 270/270/270 273/273/273
f 272/272/272 271/271/271 273/273/273
f 272/272/272 273/273/273 274/274/274
f 137/137/137 162/162/162 275/275/275
f 137/137/137 275/275/275 276/276/276
f 162/162/162 161/161/161 272/272/272
f 162/162/162 272/272/272 275/275/275
f 275/275/275 272/272/272 274/274/274
f 275/275/275 274/274/274 277/277/277
f 276/276/276 275/275/275 277/277/277
f 276/276/276 277/277/277 278/278/278
f 113/113/113 138/138/138 279/279/279
f 113/113/113 279/279/279 280/280/280
f 138/138/138 137/137/137 276/276/276
f 138/138/138 276/276/276 279/279/279
f 279/279/279 276/276/276 278/278/278
f 279/279/279 278/278/278 281/281/281
f 280/280/280 279/279/279 281/281/281
f 280/280/280 281/281/281 282/282/282
f 86/86/86 114/114/114 283/283/283
f 86/86/86 283/283/283 284/284/284
f 114/114/114 113/113/113 280/280/280
f 114/114/114 280/280/280 283/283/283
f 283/283/283 280/280/280 282/282/282
f 283/283/283 282/282/282 285/285/285
f 284/284/284 283/283/283 285/285/285
f 284/284/284 285/285/285 286/286/286
f 287/287/287 288/288/288 289/289/289
f 287/287/287 289/289/289 290/290/290
f 288/288/288 88/88/88 87/87/87
f 288/288/288 87/87/87 289/289/289
f 289/289/289 87/87/87 86/86/86
f 289/289/289 86/86/86 284/284/284
f 290/290/290 289/289/289 284/284/284
f 290/290/290 284/284/284 286/286/286
f 291/291/291 292/292/292 293/293/293
f 291/291/291 293/293/293 294/294/294
f 292/292/292 19/19/19 22/22/22
f 292/292/292 22/22/22 293/293/293
f 293/293/293 22/22/22 27/27/27
f 293/293/293 27/27/27 295/295/295
f 294/294/294 293/293/293 295/295/295
f 294/294/294 295/295/295 296/296/296
f 68/68/68 297/297/297 298/298/298
f 68/68/68 298/298/298 69/69/69
f 297/297/297 299/299/299 300/300/300
f 297/297/297 300/300/300 298/298/298
f 298/298/298 300/300/300 301/301/301
f 298/298/298 301/301/301 302/302/302
f 69/69/69 298/298/298 302/302/302
f 69/69/69 302/302/302 70/70/70
f 301/301/301 303/303/303 304/304/304
f 301/301/301 304/304/304 302/302/302
f 303/303/303 305/305/305 306/306/306
f 303/303/303 306/306/306 304/304/304
f 304/304/304 306/306/306 99/99/99
f 304/304/304 99/99/99 97/97/97
f 302/302/302 304/304/304 97/97/97
f 302/302/302 97/97/97 70/70/70
f 305/305/305 307/307/307 308/308/308
f 305/305/305 308/308/308 306/306/306
f 307/307/307 309/309/309 310/310/310
f 307/307/307 310/310/310 308/308/308
f 308/308/308 310/310/310 123/123/123
f 308/308/308 123/123/123 121/121/121
f 306/306/306 308/308/308 121/121/121
f 306/306/306 121/121/121 99/99/99
f 309/309/309 311/311/311 312/312/312
f 309/309/309 312/312/312 310/310/310
f 311/311/311 313/313/313 314/314/314
f 311/311/311 314/314/314 312/312/312
f 312/312/312 314/314/314 147/147/147
f 312/312/312 147/147/147 145/145/145
f 310/310/310 312/312/312 145/145/145
f 310/310/310 145/145/145 123/123/123
f 313/313/313 315/315/315 316/316/316
f 313/313/313 316/316/316 314/314/314
f 315/315/315 317/317/317 318/318/318
f 315/315/315 318/318/318 316/316/316
f 316/316/316 318/318/318 171/171/171
f 316/316/316 171/171/171 169/169/169
f 314/314/314 316/316/316 169/169/169
f 314/314/314 169/169/169 147/147/147
f 317/317/317 319/319/319 320/320/320
f 317/317/317 320/320/320 318/318/318
f 319/319/319 321/321/321 322/322/322
f 319/319/319 322/322/322 320/320/320
f 320/320/320 322/322/322 195/195/195
f 320/320/320 195/195/195 193/193/193
f 318/318/318 320/320/320 193/193/193
f 318/318/318 193/193/193 171/171/171
f 321/321/321 323/323/323 324/324/324
f 321/321/321 324/324/324 322/322/322
f 323/323/323 325/325/325 326/326/326
f 323/323/323 326/326/326 324/324/324
f 324/324/324 326/326/326 219/219/219
f 324/324/324 219/219/219 217/217/217
f 322/322/322 324/324/324 217/217/217
f 322/322/322 217/217/217 195/195/195
f 325/325/325 327/327/327 328/328/328
f 325/325/325 328/328/328 326/326/326
f 327/327/327 329/329/329 330/330/330
f 327/327/327 330/330/330 328/328/328
f 328/328/328 330/330/330 46/46/46
f 328/328/328 46/46/46 238/238/238
f 326/326/326 328/328/328 238/238/238
f 326/326/326 238/238/238 219/219/219
f 329/329/329 331/331/331 332/332/332
f 329/329/329 332/332/332 330/330/330
f 331/331/331 333/333/333 334/334/334
f 331/331/331 334/334/334 332/332/332
f 332/332/332 334/334/334 50/50/50
f 332/332/332 50/50/50 47/47/47
f 330/330/330 332/332/332 47/47/47
f 330/330/330 47/47/47 46/46/46
f 249/249/249 335/335/335 336/336/336
f 249/249/249 336/336/336 250/250/250
f 335/335/335 337/337/337 338/338/338
f 335/335/335 338/338/338 336/336/336
f 336/336/336 338/338/338 339/339/339
f 336/336/336 339/339/339 340/340/340
f 250/250/250 336/336/336 340/340/340
f 250/250/250 340/340/340 251/251/251
f 255/255/255 341/341/341 342/342/342
f 255/255/255 342/342/342 256/256/256
f 341/341/341 343/343/343 344/344/344
f 341/341/341 344/344/344 342/342/342
f 342/342/342 344/344/344 345/345/345
f 342/342/342 345/345/345 346/346/346
f 256/256/256 342/342/342 346/346/346
f 256/256/256 346/346/346 257/257/257
f 262/262/262 261/261/261 347/347/347
f 262/262/262 347/347/347 348/348/348
f 261/261/261 257/257/257 346/346/346
f 261/261/261 346/346/346 347/347/347
f 347/347/347 346/346/346 345/345/345
f 347/347/347 345/345/345 349/349/349
f 348/348/348 347/347/347 349/349/349
f 348/348/348 349/349/349 350/350/350
f 266/266/266 265/265/265 351/351/351
f 266/266/266 351/351/351 352/352/352
f 265/265/265 262/262/262 348/348/348
f 265/265/265 348/348/348 351/351/351
f 351/351/351 348/348/348 350/350/350
f 351/351/351 350/350/350 353/353/353
f 352/352/352 351/351/351 353/353/353
f 352/352/352 353/353/353 354/354/354
f 270/270/270 269/269/269 355/355/355
f 270/270/270 355/355/355 356/356/356
f 269/269/269 266/266/266 352/352/352
f 269/269/269 352/352/352 355/355/355
f 355/355/355 352/352/352 354/354/354
f 355/355/355 354/354/354 357/357/357
f 356/356/356 355/355/355 357/357/357
f 356/356/356 357/357/357 358/358/358
f 274/274/274 273/273/273 359/359/359
f 274/274/274 359/359/359 360/360/360
f 273/273/273 270/270/270 356/356/356
f 273/273/273 356/356/356 359/359/359
f 359/359/359 356/356/356 358/358/358
f 359/359/359 358/358/358 361/361/361
f 360/360/360 359/359/359 361/361/361
f 360/360/360 361/361/361 362/362/362
f 278/278/278 277/277/277 363/363/363
f 278/278/278 363/363/363 364/364/364
f 277/277/277 274/274/274 360/360/360
f 277/277/277 360/360/360 363/363/363
f 363/363/363 360/360/360 362/362/362
f 363/363/363 362/362/362 365/365/365
f 364/364/364 363/363/363 365/365/365
f 364/364/364 365/365/365 366/366/366
f 282/282/282 281/281/281 367/367/367
f 282/282/282 367/367/367 368/368/368
f 281/281/281 278/278/278 364/364/364
f 281/281/281 364/364/364 367/367/367
f 367/367/367 364/364/364 366/366/366
f 367/367/367 366/366/366 369/369/369
f 368/368/368 367/367/367 369/369/369
f 368/368/368 369/369/369 370/370/370
f 286/286/286 285/285/285 371/371/371
f 286/286/286 371/371/371 372/372/372
f 285/285/285 282/282/282 368/368/368
f 285/285/285 368/368/368 371/371/371
f 371/371/371 368/368/368 370/370/370
f 371/371/371 370/370/370 373/373/373
f 372/372/372 371/371/371 373/373/373
f 372/372/372 373/373/373 374/374/374
f 375/375/375 376/376/376 377/377/377
f 375/375/375 377/377/377 378/378/378
f 376/376/376 287/287/287 290/290/290
f 376/376/376 290/290/290 377/377/377
f 377/377/377 290/290/290 286/286/286
f 377/377/377 286/286/286 372/372/372
f 378/378/378 377/377/377 372/372/372
f 378/378/378 372/372/372 374/374/374
f 379/379/379 380/380/380 381/381/381
f 379/379/379 381/381/381 382/382/382
f 380/380/380 291/291/291 294/294/294
f 380/380/380 294/294/294 381/381/381
f 381/381/381 294/294/294 296/296/296
f 381/381/381 296/296/296 383/383/383
f 382/382/382 381/381/381 383/383/383
f 382/382/382 383/383/383 384/384/384
f 299/299/299 385/385/385 386/386/386
f 299/299/299 386/386/386 300/300/300
f 385/385/385 387/387/387 388/388/388
f 385/385/385 388/388/388 386/386/386
f 386/386/386 388/388/388 389/389/389
f 386/386/386 389/389/389 390/390/390
f 300/300/300 386/386/386 390/390/390
f 300/300/300 390/390/390 301/301/301
f 389/389/389 391/391/391 392/392/392
f 389/389/389 392/392/392 390/390/390
f 391/391/391 393/393/393 394/394/394
f 391/391/391 394/394/394 392/392/392
f 392/392/392 394/394/394 305/305/305
f 392/392/392 305/305/305 303/303/303
f 390/390/390 392/392/392 303/303/303
f 390/390/390 303/303/303 301/301/301
f 393/393/393 395/395/395 396/396/396
f 393/393/393 396/396/396 394/394/394
f 395/395/395 397/397/397 398/398/398
f 395/395/395 398/398/398 396/396/396
f 396/396/396 398/398/398 309/309/309
f 396/396/396 309/309/309 307/307/307
f 394/394/394 396/396/396 307/307/307
f 394/394/394 307/307/307 305/305/305
f 397/397/397 399/399/399 400/400/400
f 397/397/397 400/400/400 398/398/398
f 399/399/399 401/401/401 402/402/402
f 399/399/399 402/402/402 400/400/400
f 400/400/400 402/402/402 313/313/313
f 400/400/400 313/313/313 311/311/311
f 398/398/398 400/400/400 311/311/311
f 398/398/398 311/311/311 309/309/309
f 401/401/401 403/403/403 404/404/404
f 401/401/401 404/404/404 402/402/402
f 403/403/403 405/405/405 406/406/406
f 403/403/403 406/406/406 404/404/404
f 404/404/404 406/406/406 317/317/317
f 404/404/404 317/317/317 315/315/315
f 402/402/402 404/404/404 315/315/315
f 402/402/402 315/315/315 313/313/313
f 405/405/405 407/407/407 408/408/408
f 405/405/405 408/408/408 406/406/406
f 407/407/407 409/409/409 410/410/410
f 407/407/407 410/410/410 408/408/408
f 408/408/408 410/410/410 321/321/321
f 408/408/408 321/321/321 319/319/319
f 406/406/406 408/408/408 319/319/319
f 406/406/406 319/319/319 317/317/317
f 409/409/409 411/411/411 412/412/412
f 409/409/409 412/412/412 410/410/410
f 411/411/411 413/413/413 414/414/414
f 411/411/411 414/414/414 412/412/412
f 412/412/412 414/414/414 325/325/325
f 412/412/412 325/325/325 323/323/323
f 410/410/410 412/412/412 323/323/323
f 410/410/410 323/323/323 321/321/321
f 413/413/413 415/415/415 416/416/416
f 413/413/413 416/416/416 414/414/414
f 415/415/415 417/417/417 418/418/418
f 415/415/415 418/418/418 416/416/416
f 416/416/416 418/418/418 329/329/329
f 416/416/416 329/329/329 327/327/327
f 414/414/414 416/416/416 327/327/327
f 414/414/414 327/327/327 325/325/325
f 417/417/417 419/419/419 420/420/420
f 417/417/417 420/420/420 418/418/418
f 419/419/419 421/421/421 422/422/422
f 419/419/419 422/422/422 420/420/420
f 420/420/420 422/422/422 333/333/333
f 420/420/420 333/333/333 331/331/331
f 418/418/418 420/420/420 331/331/331
f 418/418/418 331/331/331 329/329/329
f 77/77/77 423/423/423 424/424/424
f 77/77/77 424/424/424 78/78/78
f 423/423/423 425/425/425 426/426/426
f 423/423/423 426/426/426 424/424/424
f 424/424/424 426/426/426 427/427/427
f 424/424/424 427/427/427 428/428/428
f 78/78/78 424/424/424 428/428/428
f 78/78/78 428/428/428 79/79/79
f 429/429/429 430/430/430 431/431/431
f 429/429/429 431/431/431 432/432/432
f 430/430/430 287/287/287 376/376/376
f 430/430/430 376/376/376 431/431/431
f 431/431/431 376/376/376 375/375/375
f 431/431/431 375/375/375 433/433/433
f 432/432/432 431/431/431 433/433/433
f 432/432/432 433/433/433 434/434/434
f 435/435/435 436/436/436 437/437/437
f 435/435/435 437/437/437 438/438/438
f 436/436/436 88/88/88 288/288/288
f 436/436/436 288/288/288 437/437/437
f 437/437/437 288/288/288 287/287/287
f 437/437/437 287/287/287 430/430/430
f 438/438/438 437/437/437 430/430/430
f 438/438/438 430/430/430 429/429/429
f 90/90/90 89/89/89 439/439/439
f 90/90/90 439/439/439 440/440/440
f 89/89/89 88/88/88 436/436/436
f 89/89/89 436/436/436 439/439/439
f 439/439/439 436/436/436 435/435/435
f 439/439/439 435/435/435 441/441/441
f 440/440/440 439/439/439 441/441/441
f 440/440/440 441/441/441 442/442/442
f 443/443/443 444/444/444 445/445/445
f 443/443/443 445/445/445 446/446/446
f 444/444/444 55/55/55 58/58/58
f 444/444/444 58/58/58 445/445/445
f 445/445/445 58/58/58 63/63/63
f 445/445/445 63/63/63 447/447/447
f 446/446/446 445/445/445 447/447/447
f 446/446/446 447/447/447 448/448/448
f 449/449/449 450/450/450 451/451/451
f 449/449/449 451/451/451 452/452/452
f 450/450/450 68/68/68 65/65/65
f 450/450/450 65/65/65 451/451/451
f 451/451/451 65/65/65 64/64/64
f 451/451/451 64/64/64 453/453/453
f 452/452/452 451/451/451 453/453/453
f 452/452/452 453/453/453 454/454/454
f 455/455/455 456/456/456 457/457/457
f 455/455/455 457/457/457 458/458/458
f 456/456/456 299/299/299 297/297/297
f 456/456/456 297/297/297 457/457/457
f 457/457/457 297/297/297 68/68/68
f 457/457/457 68/68/68 450/450/450
f 458/458/458 457/457/457 450/450/450
f 458/458/458 450/450/450 449/449/449
f 459/459/459 460/460/460 461/461/461
f 459/459/459 461/461/461 462/462/462
f 460/460/460 387/387/387 385/385/385
f 460/460/460 385/385/385 461/461/461
f 461/461/461 385/385/385 299/299/299
f 461/461/461 299/299/299 456/456/456
f 462/462/462 461/461/461 456/456/456
f 462/462/462 456/456/456 455/455/455
f 14/14/14 463/463/463 464/464/464
f 14/14/14 464/464/464 15/15/15
f 463/463/463 465/465/465 466/466/466
f 463/463/463 466/466/466 464/464/464
f 464/464/464 466/466/466 467/467/467
f 464/464/464 467/467/467 468/468/468
f 15/15/15 464/464/464 468/468/468
f 15/15/15 468/468/468 16/16/16
f 469/469/469 470/470/470 471/471/471
f 469/469/469 471/471/471 472/472/472
f 470/470/470 41/41/41 38/38/38
f 470/470/470 38/38/38 471/471/471
f 471/471/471 38/38/38 37/37/37
f 471/471/471 37/37/37 473/473/473
f 472/472/472 471/471/471 473/473/473
f 472/472/472 473/473/473 474/474/474
f 475/475/475 476/476/476 477/477/477
f 475/475/475 477/477/477 478/478/478
f 476/476/476 255/255/255 253/253/253
f 476/476/476 253/253/253 477/477/477
f 477/477/477 253/253/253 41/41/41
f 477/477/477 41/41/41 470/470/470
f 478/478/478 477/477/477 470/470/470
f 478/478/478 470/470/470 469/469/469
f 479/479/479 480/480/480 481/481/481
f 479/479/479 481/481/481 482/482/482
f 480/480/480 343/343/343 341/341/341
f 480/480/480 341/341/341 481/481/481
f 481/481/481 341/341/341 255/255/255
f 481/481/481 255/255/255 476/476/476
f 482/482/482 481/481/481 476/476/476
f 482/482/482 476/476/476 475/475/475
f 483/483/483 484/484/484 485/485/485
f 483/483/483 485/485/485 486/486/486
f 484/484/484 28/28/28 31/31/31
f 484/484/484 31/31/31 485/485/485
f 485/485/485 31/31/31 36/36/36
f 485/485/485 36/36/36 487/487/487
f 486/486/486 485/485/485 487/487/487
f 486/486/486 487/487/487 488/488/488
f 333/333/333 422/422/422 489/489/489
f 333/333/333 489/489/489 490/490/490
f 422/422/422 421/421/421 491/491/491
f 422/422/422 491/491/491 489/489/489
f 489/489/489 491/491/491 492/492/492
f 489/489/489 492/492/492 493/493/493
f 490/490/490 489/489/489 493/493/493
f 490/490/490 493/493/493 494/494/494
f 50/50/50 334/334/334 495/495/495
f 50/50/50 495/495/495 496/496/496
f 334/334/334 333/333/333 490/490/490
f 334/334/334 490/490/490 495/495/495
f 495/495/495 490/490/490 494/494/494
f 495/495/495 494/494/494 497/497/497
f 496/496/496 495/495/495 497/497/497
f 496/496/496 497/497/497 498/498/498
f 52/52/52 51/51/51 499/499/499
f 52/52/52 499/499/499 500/500/500
f 51/51/51 50/50/50 496/496/496
f 51/51/51 496/496/496 499/499/499
f 499/499/499 496/496/496 498/498/498
f 499/499/499 498/498/498 501/501/501
f 500/500/500 499/499/499 501/501/501
f 500/500/500 501/501/501 502/502/502
f 503/503/503 504/504/504 505/505/505
f 503/503/503 505/505/505 506/506/506
f 504/504/504 507/507/507 508/508/508
f 504/504/504 508/508/508 505/505/505
f 505/505/505 508/508/508 28/28/28
f 505/505/505 28/28/28 484/484/484
f 506/506/506 505/505/505 484/484/484
f 506/506/506 484/484/484 483/483/483
f 507/507/507 509/509/509 510/510/510
f 507/507/507 510/510/510 508/508/508
f 509/509/509 511/511/511 512/512/512
f 509/509/509 512/512/512 510/510/510
f 510/510/510 512/512/512 32/32/32
f 510/510/510 32/32/32 29/29/29
f 508/508/508 510/510/510 29/29/29
f 508/508/508 29/29/29 28/28/28
f 511/511/511 513/513/513 514/514/514
f 511/511/511 514/514/514 512/512/512
f 513/513/513 515/515/515 516/516/516
f 513/513/513 516/516/516 514/514/514
f 514/514/514 516/516/516 223/223/223
f 514/514/514 223/223/223 241/241/241
f 512/512/512 514/514/514 241/241/241
f 512/512/512 241/241/241 32/32/32
f 515/515/515 517/517/517 518/518/518
f 515/515/515 518/518/518 516/516/516
f 517/517/517 519/519/519 520/520/520
f 517/517/517 520/520/520 518/518/518
f 518/518/518 520/520/520 199/199/199
f 518/518/518 199/199/199 224/224/224
f 516/516/516 518/518/518 224/224/224
f 516/516/516 224/224/224 223/223/223
f 519/519/519 521/521/521 522/522/522
f 519/519/519 522/522/522 520/520/520
f 521/521/521 523/523/523 524/524/524
f 521/521/521 524/524/524 522/522/522
f 522/522/522 524/524/524 175/175/175
f 522/522/522 175/175/175 200/200/200
f 520/520/520 522/522/522 200/200/200
f 520/520/520 200/200/200 199/199/199
f 523/523/523 525/525/525 526/526/526
f 523/523/523 526/526/526 524/524/524
f 525/525/525 527/527/527 528/528/528
f 525/525/525 528/528/528 526/526/526
f 526/526/526 528/528/528 151/151/151
f 526/526/526 151/151/151 176/176/176
f 524/524/524 526/526/526 176/176/176
f 524/524/524 176/176/176 175/175/175
f 527/527/527 529/529/529 530/530/530
f 527/527/527 530/530/530 528/528/528
f 529/529/529 531/531/531 532/532/532
f 529/529/529 532/532/532 530/530/530
f 530/530/530 532/532/532 127/127/127
f 530/530/530 127/127/127 152/152/152
f 528/528/528 530/530/530 152/152/152
f 528/528/528 152/152/152 151/151/151
f 531/531/531 533/533/533 534/534/534
f 531/531/531 534/534/534 532/532/532
f 533/533/533 535/535/535 536/536/536
f 533/533/533 536/536/536 534/534/534
f 534/534/534 536/536/536 103/103/103
f 534/534/534 103/103/103 128/128/128
f 532/532/532 534/534/534 128/128/128
f 532/532/532 128/128/128 127/127/127
f 535/535/535 537/537/537 538/538/538
f 535/535/535 538/538/538 536/536/536
f 537/537/537 539/539/539 540/540/540
f 537/537/537 540/540/540 538/538/538
f 538/538/538 540/540/540 73/73/73
f 538/538/538 73/73/73 104/104/104
f 536/536/536 538/538/538 104/104/104
f 536/536/536 104/104/104 103/103/103
f 539/539/539 541/541/541 542/542/542
f 539/539/539 542/542/542 540/540/540
f 541/541/541 543/543/543 544/544/544
f 541/541/541 544/544/544 542/542/542
f 542/542/542 544/544/544 77/77/77
f 542/542/542 77/77/77 74/74/74
f 540/540/540 542/542/542 74/74/74
f 540/540/540 74/74/74 73/73/73
f 543/543/543 545/545/545 546/546/546
f 543/543/543 546/546/546 544/544/544
f 545/545/545 547/547/547 548/548/548
f 545/545/545 548/548/548 546/546/546
f 546/546/546 548/548/548 425/425/425
f 546/546/546 425/425/425 423/423/423
f 544/544/544 546/546/546 423/423/423
f 544/544/544 423/423/423 77/77/77
f 549/549/549 550/550/550 551/551/551
f 549/549/549 551/551/551 552/552/552
f 550/550/550 553/553/553 554/554/554
f 550/550/550 554/554/554 551/551/551
f 551/551/551 554/554/554 291/291/291
f 551/551/551 291/291/291 380/380/380
f 552/552/552 551/551/551 380/380/380
f 552/552/552 380/380/380 379/379/379
f 553/553/553 555/555/555 556/556/556
f 553/553/553 556/556/556 554/554/554
f 555/555/555 557/557/557 558/558/558
f 555/555/555 558/558/558 556/556/556
f 556/556/556 558/558/558 19/19/19
f 556/556/556 19/19/19 292/292/292
f 554/554/554 556/556/556 292/292/292
f 554/554/554 292/292/292 291/291/291
f 557/557/557 559/559/559 560/560/560
f 557/557/557 560/560/560 558/558/558
f 559/559/559 561/561/561 562/562/562
f 559/559/559 562/562/562 560/560/560
f 560/560/560 562/562/562 23/23/23
f 560/560/560 23/23/23 20/20/20
f 558/558/558 560/560/560 20/20/20
f 558/558/558 20/20/20 19/19/19
f 563/563/563 564/564/564 565/565/565
f 563/563/563 565/565/565 566/566/566
f 564/564/564 567/567/567 568/568/568
f 564/564/564 568/568/568 565/565/565
f 565/565/565 568/568/568 55/55/55
f 565/565/565 55/55/55 444/444/444
f 566/566/566 565/565/565 444/444/444
f 566/566/566 444/444/444 443/443/443
f 567/567/567 569/569/569 570/570/570
f 567/567/567 570/570/570 568/568/568
f 569/569/569 571/571/571 572/572/572
f 569/569/569 572/572/572 570/570/570
f 570/570/570 572/572/572 59/59/59
f 570/570/570 59/59/59 56/56/56
f 568/568/568 570/570/570 56/56/56
f 568/568/568 56/56/56 55/55/55
f 571/571/571 573/573/573 574/574/574
f 571/571/571 574/574/574 572/572/572
f 573/573/573 575/575/575 576/576/576
f 573/573/573 576/576/576 574/574/574
f 574/574/574 576/576/576 93/93/93
f 574/574/574 93/93/93 91/91/91
f 572/572/572 574/574/574 91/91/91
f 572/572/572 91/91/91 59/59/59
f 575/575/575 577/577/577 578/578/578
f 575/575/575 578/578/578 576/576/576
f 577/577/577 579/579/579 580/580/580
f 577/577/577 580/580/580 578/578/578
f 578/578/578 580/580/580 117/117/117
f 578/578/578 117/117/117 115/115/115
f 576/576/576 578/578/578 115/115/115
f 576/576/576 115/115/115 93/93/93
f 579/579/579 581/581/581 582/582/582
f 579/579/579 582/582/582 580/580/580
f 581/581/581 583/583/583 584/584/584
f 581/581/581 584/584/584 582/582/582
f 582/582/582 584/584/584 141/141/141
f 582/582/582 141/141/141 139/139/139
f 580/580/580 582/582/582 139/139/139
f 580/580/580 139/139/139 117/117/117
f 583/583/583 585/585/585 586/586/586
f 583/583/583 586/586/586 584/584/584
f 585/585/585 587/587/587 588/588/588
f 585/585/585 588/588/588 586/586/586
f 586/586/586 588/588/588 165/165/165
f 586/586/586 165/165/165 163/163/163
f 584/584/584 586/586/586 163/163/163
f 584/584/584 163/163/163 141/141/141
f 587/587/587 589/589/589 590/590/590
f 587/587/587 590/590/590 588/588/588
f 589/589/589 591/591/591 592/592/592
f 589/589/589 592/592/592 590/590/590
f 590/590/590 592/592/592 189/189/189
f 590/590/590 189/189/189 187/187/187
f 588/588/588 590/590/590 187/187/187
f 588/588/588 187/187/187 165/165/165
f 591/591/591 593/593/593 594/594/594
f 591/591/591 594/594/594 592/592/592
f 593/593/593 595/595/595 596/596/596
f 593/593/593 596/596/596 594/594/594
f 594/594/594 596/596/596 213/213/213
f 594/594/594 213/213/213 211/211/211
f 592/592/592 594/594/594 211/211/211
f 592/592/592 211/211/211 189/189/189
f 595/595/595 597/597/597 598/598/598
f 595/595/595 598/598/598 596/596/596
f 597/597/597 599/599/599 600/600/600
f 597/597/597 600/600/600 598/598/598
f 598/598/598 600/600/600 10/10/10
f 598/598/598 10/10/10 235/235/235
f 596/596/596 598/598/598 235/235/235
f 596/596/596 235/235/235 213/213/213
f 599/599/599 601/601/601 602/602/602
f 599/599/599 602/602/602 600/600/600
f 601/601/601 603/603/603 604/604/604
f 601/601/601 604/604/604 602/602/602
f 602/602/602 604/604/604 14/14/14
f 602/602/602 14/14/14 11/11/11
f 600/600/600 602/602/602 11/11/11
f 600/600/600 11/11/11 10/10/10
f 603/603/603 605/605/605 606/606/606
f 603/603/603 606/606/606 604/604/604
f 605/605/605 607/607/607 608/608/608
f 605/605/605 608/608/608 606/606/606
f 606/606/606 608/608/608 465/465/465
f 606/606/606 465/465/465 463/463/463
f 604/604/604 606/606/606 463/463/463
f 604/604/604 463/463/463 14/14/14
f 609/609/609 610/610/610 611/611/611
f 609/609/609 611/611/611 612/612/612
f 610/610/610 613/613/613 614/614/614
f 610/610/610 614/614/614 611/611/611
f 611/611/611 614/614/614 5/5/5
f 611/611/611 5/5/5 2/2/2
f 612/612/612 611/611/611 2/2/2
f 612/612/612 2/2/2 1/1/1
f 613/613/613 615/615/615 616/616/616
f 613/613/613 616/616/616 614/614/614
f 615/615/615 617/617/617 618/618/618
f 615/615/615 618/618/618 616/616/616
f 616/616/616 618/618/618 249/249/249
f 616/616/616 249/249/249 247/247/247
f 614/614/614 616/616/616 247/247/247
f 614/614/614 247/247/247 5/5/5
f 617/617/617 619/619/619 620/620/620
f 617/617/617 620/620/620 618/618/618
f 619/619/619 621/621/621 622/622/622
f 619/619/619 622/622/622 620/620/620
f 620/620/620 622/622/622 337/337/337
f 620/620/620 337/337/337 335/335/335
f 618/618/618 620/620/620 335/335/335
f 618/618/618 335/335/335 249/249/249
f 623/623/623 624/624/624 625/625/625
f 623/623/623 625/625/625 626/626/626
f 624/624/624 507/507/507 504/504/504
f 624/624/624 504/504/504 625/625/625
f 625/625/625 504/504/504 503/503/503
f 625/625/625 503/503/503 627/627/627
f 626/626/626 625/625/625 627/627/627
f 626/626/626 627/627/627 628/628/628
f 629/629/629 630/630/630 631/631/631
f 629/629/629 631/631/631 632/632/632
f 630/630/630 511/511/511 509/509/509
f 630/630/630 509/509/509 631/631/631
f 631/631/631 509/509/509 507/507/507
f 631/631/631 507/507/507 624/624/624
f 632/632/632 631/631/631 624/624/624
f 632/632/632 624/624/624 623/623/623
f 633/633/633 634/634/634 635/635/635
f 633/633/633 635/635/635 636/636/636
f 634/634/634 515/515/515 513/513/513
f 634/634/634 513/513/513 635/635/635
f 635/635/635 513/513/513 511/511/511
f 635/635/635 511/511/511 630/630/630
f 636/636/636 635/635/635 630/630/630
f 636/636/636 630/630/630 629/629/629
f 637/637/637 638/638/638 639/639/639
f 637/637/637 639/639/639 640/640/640
f 638/638/638 519/519/519 517/517/517
f 638/638/638 517/517/517 639/639/639
f 639/639/639 517/517/517 515/515/515
f 639/639/639 515/515/515 634/634/634
f 640/640/640 639/639/639 634/634/634
f 640/640/640 634/634/634 633/633/633
f 641/641/641 642/642/642 643/643/643
f 641/641/641 643/643/643 644/644/644
f 642/642/642 523/523/523 521/521/521
f 642/642/642 521/521/521 643/643/643
f 643/643/643 521/521/521 519/519/519
f 643/643/643 519/519/519 638/638/638
f 644/644/644 643/643/643 638/638/638
f 644/644/644 638/638/638 637/637/637
f 645/645/645 646/646/646 647/647/647
f 645/645/645 647/647/647 648/648/648
f 646/646/646 527/527/527 525/525/525
f 646/646/646 525/525/525 647/647/647
f 647/647/647 525/525/525 523/523/523
f 647/647/647 523/523/523 642/642/642
f 648/648/648 647/647/647 642/642/642
f 648/648/648 642/642/642 641/641/641
f 649/649/649 650/650/650 651/651/651
f 649/649/649 651/651/651 652/652/652
f 650/650/650 531/531/531 529/529/529
f 650/650/650 529/529/529 651/651/651
f 651/651/651 529/529/529 527/527/527
f 651/651/651 527/527/527 646/646/646
f 652/652/652 651/651/651 646/646/646
f 652/652/652 646/646/646 645/645/645
f 653/653/653 654/654/654 655/655/655
f 653/653/653 655/655/655 656/656/656
f 654/654/654 535/535/535 533/533/533
f 654/654/654 533/533/533 655/655/655
f 655/655/655 533/533/533 531/531/531
f 655/655/655 531/531/531 650/650/650
f 656/656/656 655/655/655 650/650/650
f 656/656/656 650/650/650 649/649/649
f 657/657/657 658/658/658 659/659/659
f 657/657/657 659/659/659 660/660/660
f 658/658/658 539/539/539 537/537/537
f 658/658/658 537/537/537 659/659/659
f 659/659/659 537/537/537 535/535/535
f 659/659/659 535/535/535 654/654/654
f 660/660/660 659/659/659 654/654/654
f 660/660/660 654/654/654 653/653/653
f 661/661/661 662/662/662 663/663/663
f 661/661/661 663/663/663 664/664/664
f 662/662/662 543/543/543 541/541/541
f 662/662/662 541/541/541 663/663/663
f 663/663/663 541/541/541 539/539/539
f 663/663/663 539/539/539 658/658/658
f 664/664/664 663/663/663 658/658/658
f 664/664/664 658/658/658 657/657/657
f 665/665/665 666/666/666 667/667/667
f 665/665/665 667/667/667 668/668/668
f 666/666/666 547/547/547 545/545/545
f 666/666/666 545/545/545 667/667/667
f 667/667/667 545/545/545 543/543/543
f 667/667/667 543/543/543 662/662/662
f 668/668/668 667/667/667 662/662/662
f 668/668/668 662/662/662 661/661/661
f 669/669/669 670/670/670 671/671/671
f 669/669/669 671/671/671 672/672/672
f 670/670/670 553/553/553 550/550/550
f 670/670/670 550/550/550 671/671/671
f 671/671/671 550/550/550 549/549/549
f 671/671/671 549/549/549 673/673/673
f 672/672/672 671/671/671 673/673/673
f 672/672/672 673/673/673 674/674/674
f 675/675/675 676/676/676 677/677/677
f 675/675/675 677/677/677 678/678/678
f 676/676/676 557/557/557 555/555/555
f 676/676/676 555/555/555 677/677/677
f 677/677/677 555/555/555 553/553/553
f 677/677/677 553/553/553 670/670/670
f 678/678/678 677/677/677 670/670/670
f 678/678/678 670/670/670 669/669/669
f 679/679/679 680/680/680 681/681/681
f 679/679/679 681/681/681 682/682/682
f 680/680/680 561/561/561 559/559/559
f 680/680/680 559/559/559 681/681/681
f 681/681/681 559/559/559 557/557/557
f 681/681/681 557/557/557 676/676/676
f 682/682/682 681/681/681 676/676/676
f 682/682/682 676/676/676 675/675/675
f 683/683/683 684/684/684 685/685/685
f 683/683/683 685/685/685 686/686/686
f 684/684/684 567/567/567 564/564/564
f 684/684/684 564/564/564 685/685/685
f 685/685/685 564/564/564 563/563/563
f 685/685/685 563/563/563 687/687/687
f 686/686/686 685/685/685 687/687/687
f 686/686/686 687/687/687 688/688/688
f 689/689/689 690/690/690 691/691/691
f 689/689/689 691/691/691 692/692/692
f 690/690/690 571/571/571 569/569/569
f 690/690/690 569/569/569 691/691/691
f 691/691/691 569/569/569 567/567/567
f 691/691/691 567/567/567 684/684/684
f 692/692/692 691/691/691 684/684/684
f 692/692/692 684/684/684 683/683/683
f 693/693/693 694/694/694 695/695/695
f 693/693/693 695/695/695 696/696/696
f 694/694/694 575/575/575 573/573/573
f 694/694/694 573/573/573 695/695/695
f 695/695/695 573/573/573 571/571/571
f 695/695/695 571/571/571 690/690/690
f 696/696/696 695/695/695 690/690/690
f 696/696/696 690/690/690 689/689/689
f 697/697/697 698/698/698 699/699/699
f 697/697/697 699/699/699 700/700/700
f 698/698/698 579/579/579 577/577/577
f 698/698/698 577/577/577 699/699/699
f 699/699/699 577/577/577 575/575/575
f 699/699/699 575/575/575 694/694/694
f 700/700/700 699/699/699 694/694/694
f 700/700/700 694/694/694 693/693/693
f 701/701/701 702/702/702 703/703/703
f 701/701/701 703/703/703 704/704/704
f 702/702/702 583/583/583 581/581/581
f 702/702/702 581/581/581 703/703/703
f 703/703/703 581/581/581 579/579/579
f 703/703/703 579/579/579 698/698/698
f 704/704/704 703/703/703 698/698/698
f 704/704/704 698/698/698 697/697/697
f 705/705/705 706/706/706 707/707/707
f 705/705/705 707/707/707 708/708/708
f 706/706/706 587/587/587 585/585/585
f 706/706/706 585/585/585 707/707/707
f 707/707/707 585/585/585 583/583/583
f 707/707/707 583/583/583 702/702/702
f 708/708/708 707/707/707 702/702/702
f 708/708/708 702/702/702 701/701/701
f 709/709/709 710/710/710 711/711/711
f 709/709/709 711/711/711 712/712/712
f 710/710/710 591/591/591 589/589/589
f 710/710/710 589/589/589 711/711/711
f 711/711/711 589/589/589 587/587/587
f 711/711/711 587/587/587 706/706/706
f 712/712/712 711/711/711 706/706/706
f 712/712/712 706/706/706 705/705/705
f 713/713/713 714/714/714 715/715/715
f 713/713/713 715/715/715 716/716/716
f 714/714/714 595/595/595 593/593/593
f 714/714/714 593/593/593 715/715/715
f 715/715/715 593/593/593 591/591/591
f 715/715/715 591/591/591 710/710/710
f 716/716/716 715/715/715 710/710/710
f 716/716/716 710/710/710 709/709/709
f 717/717/717 718/718/718 719/719/719
f 717/717/717 719/719/719 720/720/720
f 718/718/718 599/599/599 597/597/597
f 718/718/718 597/597/597 719/719/719
f 719/719/719 597/597/597 595/595/595
f 719/719/719 595/595/595 714/714/714
f 720/720/720 719/719/719 714/714/714
f 720/720/720 714/714/714 713/713/713
f 721/721/721 722/722/722 723/723/723
f 721/721/721 723/723/723 724/724/724
f 722/722/722 603/603/603 601/601/601
f 722/722/722 601/601/601 723/723/723
f 723/723/723 601/601/601 599/599/599
f 723/723/723 599/599/599 718/718/718
f 724/724/724 723/723/723 718/718/718
f 724/724/724 718/718/718 717/717/717
f 725/725/725 726/726/726 727/727/727
f 725/725/725 727/727/727 728/728/728
f 726/726/726 607/607/607 605/605/605
f 726/726/726 605/605/605 727/727/727
f 727/727/727 605/605/605 603/603/603
f 727/727/727 603/603/603 722/722/722
f 728/728/728 727/727/727 722/722/722
f 728/728/728 722/722/722 721/721/721
f 729/729/729 730/730/730 731/731/731
f 729/729/729 731/731/731 732/732/732
f 730/730/730 613/613/613 610/610/610
f 730/730/730 610/610/610 731/731/731
f 731/731/731 610/610/610 609/609/609
f 731/731/731 609/609/609 733/733/733
f 732/732/732 731/731/731 733/733/733
f 732/732/732 733/733/733 734/734/734
f 735/735/735 736/736/736 737/737/737
f 735/735/735 737/737/737 738/738/738
f 736/736/736 617/617/617 615/615/615
f 736/736/736 615/615/615 737/737/737
f 737/737/737 615/615/615 613/613/613
f 737/737/737 613/613/613 730/730/730
f 738/738/738 737/737/737 730/730/730
f 738/738/738 730/730/730 729/729/729
f 739/739/739 740/740/740 741/741/741
f 739/739/739 741/741/741 742/742/742
f 740/740/740 621/621/621 619/619/619
f 740/740/740 619/619/619 741/741/741
f 741/741/741 619/619/619 617/617/617
f 741/741/741 617/617/617 736/736/736
f 742/742/742 741/741/741 736/736/736
f 742/742/742 736/736/736 735/735/735
