# moteur_couvercle_bas_moteur_couvercle_bas1_0_7
v -1.314398 -0.216825 0.372520
v -1.310218 -0.208088 0.388189
v -1.322899 -0.206049 0.389734
v -1.326991 -0.214787 0.374568
v -1.309135 -0.205354 0.391813
v -1.321876 -0.203316 0.393023
v -1.324238 -0.202122 0.393205
v -1.326257 -0.205524 0.389634
v -1.330260 -0.214261 0.374971
v -1.339858 -0.233569 0.338303
v -1.336618 -0.234095 0.337731
v -1.351646 -0.252013 0.288417
v -1.348407 -0.252539 0.287846
v -1.335844 -0.254577 0.285631
v -1.324055 -0.236133 0.335516
v -1.362221 -0.258161 0.234105
v -1.358981 -0.258687 0.233533
v -1.370860 -0.252013 0.179451
v -1.367620 -0.252539 0.178879
v -1.355057 -0.254577 0.176664
v -1.346418 -0.260725 0.231318
v -1.376844 -0.233569 0.128542
v -1.373605 -0.234095 0.127971
v -1.380362 -0.214027 0.090608
v -1.377152 -0.214552 0.089870
v -1.364619 -0.216590 0.087487
v -1.361042 -0.236133 0.125755
v -1.363724 -0.187147 0.065472
v -1.363714 -0.190710 0.068808
v -1.376276 -0.188672 0.071023
v -1.376287 -0.185109 0.067687
v -1.363853 -0.194668 0.071662
v -1.376415 -0.192630 0.073878
v -1.377034 -0.191715 0.072989
v -1.377131 -0.188743 0.070920
v -1.376939 -0.186143 0.068404
v -1.380972 -0.120209 0.003384
v -1.380773 -0.094412 -0.011581
v -1.377472 -0.094552 -0.012163
v -1.377717 -0.120639 0.002810
v -1.380624 -0.074959 -0.020991
v -1.377278 -0.074810 -0.021581
v -1.364303 -0.074230 -0.023868
v -1.364674 -0.095094 -0.014420
v -1.365095 -0.122303 0.000584
v -1.292266 -0.074959 0.480110
v -1.295624 -0.094412 0.471319
v -1.292324 -0.094552 0.470737
v -1.288920 -0.074810 0.479520
v -1.301344 -0.121601 0.456256
v -1.298089 -0.122030 0.455682
v -1.285467 -0.123694 0.453457
v -1.279526 -0.095094 0.468480
v -1.275945 -0.074230 0.477232
v -1.349905 -0.200932 0.371152
v -1.346128 -0.192626 0.384931
v -1.346100 -0.190910 0.383510
v -1.349843 -0.199141 0.369857
v -1.344983 -0.189364 0.388420
v -1.344966 -0.187679 0.386967
v -1.344647 -0.187080 0.386351
v -1.345776 -0.190300 0.382907
v -1.349505 -0.198501 0.369303
v -1.370227 -0.236821 0.288922
v -1.359020 -0.219287 0.336345
v -1.358874 -0.217326 0.335372
v -1.369977 -0.234698 0.288385
v -1.358504 -0.216621 0.334941
v -1.369567 -0.233931 0.288123
v -1.388492 -0.236821 0.185332
v -1.380279 -0.242666 0.237289
v -1.379937 -0.240489 0.237228
v -1.388074 -0.234699 0.185750
v -1.379492 -0.239701 0.237150
v -1.387600 -0.233931 0.185856
v -1.397517 -0.200709 0.100926
v -1.394181 -0.219287 0.136935
v -1.393711 -0.217326 0.137800
v -1.397015 -0.198919 0.102123
v -1.393216 -0.216621 0.138078
v -1.396509 -0.198280 0.102529
v -1.398064 -0.175937 0.073154
v -1.398576 -0.176496 0.072642
v -1.398433 -0.181165 0.077748
v -1.397922 -0.180589 0.078242
v -1.399092 -0.178077 0.071171
v -1.398947 -0.182789 0.076324
v -1.398768 -0.187408 0.081588
v -1.398256 -0.185741 0.082963
v -1.397745 -0.185150 0.083438
v -1.398709 -0.075175 -0.005382
v -1.398604 -0.090822 0.003847
v -1.398155 -0.090338 0.005950
v -1.398303 -0.075054 -0.003186
v -1.398277 -0.112477 0.017983
v -1.397784 -0.111574 0.019947
v -1.397279 -0.111267 0.020649
v -1.397663 -0.090165 0.006704
v -1.397808 -0.078926 -0.000262
v -1.322578 -0.113800 0.448509
v -1.317657 -0.090822 0.462920
v -1.317954 -0.090338 0.460790
v -1.322783 -0.112884 0.446504
v -1.314600 -0.075175 0.471628
v -1.314969 -0.075054 0.469426
v -1.315504 -0.078925 0.466509
v -1.317750 -0.090165 0.459913
v -1.322548 -0.112573 0.445676
v -1.222083 -0.206964 0.364740
v -1.221807 -0.207659 0.365250
v -1.222941 -0.210891 0.361793
v -1.223213 -0.210184 0.361295
v -1.221824 -0.209345 0.366704
v -1.222968 -0.212606 0.363215
v -1.226746 -0.220913 0.349435
v -1.226683 -0.219121 0.348141
v -1.226942 -0.218384 0.347692
v -1.235861 -0.239267 0.314629
v -1.235714 -0.237307 0.313655
v -1.247068 -0.256802 0.267205
v -1.246818 -0.254679 0.266669
v -1.247004 -0.253815 0.266512
v -1.235941 -0.236505 0.313330
v -1.257120 -0.262646 0.215572
v -1.256777 -0.260470 0.215512
v -1.265333 -0.256802 0.163615
v -1.264915 -0.254679 0.164034
v -1.265037 -0.253815 0.164245
v -1.256929 -0.259585 0.215539
v -1.271022 -0.239267 0.115219
v -1.270551 -0.237307 0.116083
v -1.274358 -0.220689 0.079210
v -1.273856 -0.218899 0.080407
v -1.273946 -0.218164 0.080918
v -1.270653 -0.236505 0.116467
v -1.275182 -0.205033 0.061827
v -1.275096 -0.205721 0.061247
v -1.275274 -0.201145 0.056032
v -1.275358 -0.200473 0.056630
v -1.275609 -0.207389 0.059872
v -1.275788 -0.202769 0.054608
v -1.275932 -0.198057 0.049455
v -1.275416 -0.196476 0.050926
v -1.275501 -0.195821 0.051543
v -1.274541 -0.128792 -0.003835
v -1.273138 -0.096140 -0.018276
v -1.272688 -0.095656 -0.016173
v -1.274048 -0.127888 -0.001871
v -1.272131 -0.069541 -0.027701
v -1.271725 -0.069420 -0.025505
v -1.272155 -0.076146 -0.022418
v -1.272803 -0.095457 -0.015312
v -1.274143 -0.127503 -0.001064
v -1.188022 -0.069541 0.449309
v -1.192191 -0.096140 0.440797
v -1.192488 -0.095656 0.438667
v -1.188390 -0.069420 0.447106
v -1.198842 -0.130115 0.426691
v -1.199047 -0.129199 0.424686
v -1.199410 -0.128809 0.423964
v -1.192890 -0.095457 0.437897
v -1.189851 -0.076146 0.444353
v -1.377827 -0.074094 -0.005926
v -1.377563 -0.090952 0.003440
v -1.374262 -0.091092 0.002858
v -1.374481 -0.073944 -0.006516
v -1.377450 -0.113757 0.017416
v -1.374196 -0.114186 0.016842
v -1.361574 -0.115850 0.014616
v -1.361464 -0.091634 0.000601
v -1.361506 -0.073365 -0.008804
v -1.362203 -0.190690 0.077359
v -1.362379 -0.186136 0.072169
v -1.374942 -0.184097 0.074384
v -1.374766 -0.188652 0.079575
v -1.362521 -0.181489 0.067088
v -1.375084 -0.179451 0.069303
v -1.378324 -0.178926 0.069874
v -1.378182 -0.183572 0.074956
v -1.378006 -0.188127 0.080146
v -1.376771 -0.201242 0.099214
v -1.373482 -0.219560 0.134720
v -1.370243 -0.220086 0.134149
v -1.373532 -0.201767 0.098643
v -1.367873 -0.236850 0.182441
v -1.364633 -0.237376 0.181870
v -1.352070 -0.239413 0.179655
v -1.357680 -0.222124 0.131934
v -1.360969 -0.203805 0.096428
v -1.359774 -0.242613 0.233673
v -1.356534 -0.243139 0.233102
v -1.349862 -0.236850 0.284585
v -1.346622 -0.237375 0.284014
v -1.334059 -0.239414 0.281799
v -1.343971 -0.245177 0.230887
v -1.338812 -0.219561 0.331347
v -1.335572 -0.220086 0.330776
v -1.329824 -0.201462 0.365668
v -1.326584 -0.201987 0.365096
v -1.314021 -0.204026 0.362881
v -1.323009 -0.222124 0.328561
v -1.326099 -0.193271 0.379255
v -1.322860 -0.193797 0.378684
v -1.324971 -0.190056 0.382695
v -1.321731 -0.190581 0.382124
v -1.309168 -0.192619 0.379909
v -1.310297 -0.195835 0.376469
v -1.302808 -0.115062 0.441933
v -1.297746 -0.090952 0.456105
v -1.294445 -0.091092 0.455524
v -1.299553 -0.115491 0.441359
v -1.294791 -0.074094 0.464998
v -1.291445 -0.073944 0.464407
v -1.278470 -0.073365 0.462120
v -1.281647 -0.091634 0.453267
v -1.286932 -0.117155 0.439134
v -1.293671 -0.068475 0.468724
v -1.290310 -0.068229 0.468131
v -1.293279 -0.068474 0.470951
v -1.289917 -0.068229 0.470358
v -1.276884 -0.067276 0.468060
v -1.277276 -0.067275 0.465833
v -1.361655 -0.067275 -0.012702
v -1.374689 -0.068229 -0.010404
v -1.362047 -0.067276 -0.014928
v -1.375081 -0.068229 -0.012630
v -1.378442 -0.068474 -0.012038
v -1.378050 -0.068475 -0.009811
v -1.321765 -0.117430 0.456461
v -1.316479 -0.092743 0.471365
v -1.317071 -0.091777 0.467120
v -1.322174 -0.115605 0.452463
v -1.313138 -0.075655 0.480361
v -1.313873 -0.075414 0.475971
v -1.292504 -0.068475 0.475342
v -1.289143 -0.068229 0.474749
v -1.291722 -0.068474 0.479780
v -1.288360 -0.068229 0.479188
v -1.275327 -0.067276 0.476889
v -1.276109 -0.067275 0.472451
v -1.186560 -0.070022 0.458042
v -1.191013 -0.098061 0.449242
v -1.191605 -0.097095 0.444997
v -1.187295 -0.069780 0.453652
v -1.198028 -0.133745 0.434642
v -1.198438 -0.131920 0.430645
v -1.221858 -0.212668 0.369571
v -1.223023 -0.215989 0.366019
v -1.221891 -0.216027 0.372470
v -1.223078 -0.219408 0.368853
v -1.226993 -0.228018 0.354569
v -1.226869 -0.224446 0.351988
v -1.236442 -0.247044 0.318490
v -1.236149 -0.243135 0.316549
v -1.248058 -0.265220 0.269333
v -1.247560 -0.260988 0.268263
v -1.258478 -0.271278 0.215812
v -1.257795 -0.266939 0.215691
v -1.266991 -0.265219 0.161955
v -1.266158 -0.260988 0.162790
v -1.272889 -0.247044 0.111789
v -1.271950 -0.243135 0.113513
v -1.276346 -0.227787 0.074464
v -1.275346 -0.224219 0.076850
v -1.276621 -0.210676 0.057160
v -1.276803 -0.205973 0.051801
v -1.277643 -0.214000 0.054419
v -1.277829 -0.209212 0.048963
v -1.277978 -0.204328 0.043621
v -1.276950 -0.201176 0.046554
v -1.276495 -0.132374 -0.011625
v -1.274920 -0.098061 -0.026615
v -1.274024 -0.097095 -0.022423
v -1.275513 -0.130573 -0.007709
v -1.273745 -0.070022 -0.036408
v -1.272934 -0.069780 -0.032031
v -1.362822 -0.067275 -0.019319
v -1.375855 -0.068229 -0.017021
v -1.363605 -0.067276 -0.023758
v -1.376638 -0.068229 -0.021460
v -1.379999 -0.068474 -0.020867
v -1.379217 -0.068475 -0.016428
v -1.400322 -0.075655 -0.014089
v -1.400386 -0.092743 -0.004492
v -1.399490 -0.091777 -0.000300
v -1.399512 -0.075414 -0.009711
v -1.400232 -0.116059 0.010193
v -1.399249 -0.114258 0.014109
v -1.400109 -0.181195 0.068270
v -1.399962 -0.185993 0.073517
v -1.401138 -0.184347 0.065337
v -1.400988 -0.189231 0.070679
v -1.400803 -0.194019 0.076136
v -1.399780 -0.190696 0.078877
v -1.399505 -0.207806 0.096180
v -1.396048 -0.227064 0.133505
v -1.395110 -0.223154 0.135229
v -1.398505 -0.204238 0.098566
v -1.390151 -0.245239 0.183671
v -1.389317 -0.241007 0.184506
v -1.381637 -0.251297 0.237528
v -1.380955 -0.246958 0.237408
v -1.371217 -0.245239 0.291049
v -1.370719 -0.241007 0.289980
v -1.359601 -0.227064 0.340207
v -1.359309 -0.223154 0.338266
v -1.350152 -0.208038 0.376285
v -1.350028 -0.204466 0.373705
v -1.346237 -0.199428 0.390569
v -1.346182 -0.196008 0.387735
v -1.345051 -0.196047 0.394186
v -1.345017 -0.192688 0.391288
v -1.321140 -0.118857 0.459441
v -1.315711 -0.093490 0.474534
v -1.316163 -0.093258 0.473632
v -1.321547 -0.118404 0.458595
v -1.313186 -0.080403 0.481017
v -1.312745 -0.075785 0.482705
v -1.274909 -0.067275 0.479259
v -1.287943 -0.068229 0.481557
v -1.275327 -0.067276 0.476889
v -1.288360 -0.068229 0.479188
v -1.291722 -0.068474 0.479780
v -1.291304 -0.068475 0.482150
v -1.187532 -0.077624 0.458860
v -1.190852 -0.098782 0.452518
v -1.190697 -0.098576 0.451509
v -1.186167 -0.070150 0.460386
v -1.198003 -0.135093 0.437728
v -1.197811 -0.134719 0.436777
v -1.198028 -0.133745 0.434642
v -1.191013 -0.098061 0.449242
v -1.186560 -0.070022 0.458042
v -1.221891 -0.216027 0.372470
v -1.221910 -0.217821 0.374017
v -1.223107 -0.221234 0.370366
v -1.223078 -0.219408 0.368853
v -1.222200 -0.218533 0.374721
v -1.223402 -0.221959 0.371055
v -1.227371 -0.230685 0.356579
v -1.227060 -0.229925 0.355947
v -1.226993 -0.228018 0.354569
v -1.236946 -0.249967 0.320014
v -1.236597 -0.249131 0.319527
v -1.248719 -0.268387 0.270195
v -1.248324 -0.267479 0.269904
v -1.248058 -0.265220 0.269333
v -1.236442 -0.247044 0.318490
v -1.259280 -0.274527 0.215953
v -1.258842 -0.273594 0.215876
v -1.267908 -0.268387 0.161371
v -1.267436 -0.267479 0.161509
v -1.266991 -0.265219 0.161955
v -1.258478 -0.271278 0.215812
v -1.273884 -0.249967 0.110529
v -1.273389 -0.249131 0.110868
v -1.277388 -0.230451 0.072702
v -1.276879 -0.229691 0.073190
v -1.276346 -0.227787 0.074464
v -1.272889 -0.247044 0.111789
v -1.277643 -0.214000 0.054419
v -1.278189 -0.215774 0.052956
v -1.278376 -0.210941 0.047448
v -1.277829 -0.209212 0.048963
v -1.278703 -0.216478 0.052387
v -1.278891 -0.211625 0.046857
v -1.279043 -0.206676 0.041443
v -1.278528 -0.206010 0.042055
v -1.277978 -0.204328 0.043621
v -1.277526 -0.133704 -0.014549
v -1.275889 -0.098782 -0.029748
v -1.275398 -0.098576 -0.028853
v -1.277020 -0.133335 -0.013716
v -1.274938 -0.077624 -0.036844
v -1.274178 -0.070150 -0.038744
v -1.273745 -0.070022 -0.036408
v -1.274920 -0.098061 -0.026615
v -1.276495 -0.132374 -0.011625
v -1.363605 -0.067276 -0.023758
v -1.364022 -0.067275 -0.026128
v -1.377056 -0.068229 -0.023830
v -1.376638 -0.068229 -0.021460
v -1.380417 -0.068475 -0.023237
v -1.379999 -0.068474 -0.020867
v -1.400592 -0.080403 -0.014688
v -1.400747 -0.093490 -0.007732
v -1.400864 -0.093258 -0.006730
v -1.400756 -0.075785 -0.016425
v -1.400663 -0.117468 0.007163
v -1.400756 -0.117020 0.008102
v -1.401687 -0.186030 0.063772
v -1.401536 -0.190960 0.069164
v -1.401606 -0.186791 0.063055
v -1.401454 -0.191741 0.068468
v -1.401266 -0.196594 0.073999
v -1.401349 -0.195794 0.074672
v -1.399951 -0.210567 0.094313
v -1.396447 -0.230084 0.132141
v -1.396549 -0.229151 0.132585
v -1.400039 -0.209711 0.094906
v -1.390471 -0.248504 0.182982
v -1.390596 -0.247498 0.183226
v -1.381843 -0.254644 0.237565
v -1.382002 -0.253614 0.237593
v -1.371282 -0.248504 0.291806
v -1.371483 -0.247498 0.291620
v -1.359510 -0.230083 0.341626
v -1.359757 -0.229151 0.341243
v -1.349934 -0.210801 0.378190
v -1.350219 -0.209945 0.377663
v -1.345966 -0.202075 0.392667
v -1.346266 -0.201253 0.392082
v -1.344764 -0.198649 0.396332
v -1.345069 -0.197840 0.395734
v -1.340427 -0.199606 0.395785
v -1.343827 -0.199054 0.396385
v -1.345031 -0.202485 0.392714
v -1.341631 -0.203036 0.392115
v -1.349004 -0.211222 0.378219
v -1.345604 -0.211774 0.377619
v -1.358592 -0.230530 0.341606
v -1.370381 -0.248974 0.291721
v -1.366981 -0.249525 0.291121
v -1.355193 -0.231081 0.341007
v -1.380955 -0.255122 0.237408
v -1.389594 -0.248974 0.182754
v -1.386195 -0.249526 0.182154
v -1.377555 -0.255674 0.236808
v -1.395578 -0.230530 0.131845
v -1.399087 -0.210987 0.093968
v -1.395688 -0.211539 0.093368
v -1.392179 -0.231081 0.131246
v -1.397005 -0.197548 0.073027
v -1.400404 -0.196996 0.073627
v -1.400592 -0.192137 0.068089
v -1.397192 -0.192689 0.067490
v -1.400744 -0.187181 0.062668
v -1.397344 -0.187733 0.062069
v -1.399858 -0.093603 -0.008216
v -1.399793 -0.117728 0.006703
v -1.399972 -0.075823 -0.017579
v -1.396461 -0.075666 -0.018198
v -1.396395 -0.093750 -0.008827
v -1.396378 -0.118178 0.006100
v -1.395908 -0.069638 -0.018062
v -1.396326 -0.069638 -0.020432
v -1.399853 -0.069896 -0.019810
v -1.399435 -0.069896 -0.017440
v -1.400756 -0.075785 -0.016425
v -1.400322 -0.075655 -0.014089
v -1.394351 -0.069638 -0.009232
v -1.395125 -0.069638 -0.013623
v -1.398652 -0.069896 -0.013001
v -1.397878 -0.069896 -0.008610
v -1.395908 -0.069638 -0.018062
v -1.399435 -0.069896 -0.017440
v -1.393664 -0.074801 -0.003134
v -1.393959 -0.069638 -0.007006
v -1.397486 -0.069896 -0.006384
v -1.397175 -0.074958 -0.002515
v -1.396648 -0.090143 0.006805
v -1.396273 -0.111275 0.020734
v -1.392857 -0.111726 0.020132
v -1.393185 -0.090290 0.006195
v -1.393659 -0.176438 0.072578
v -1.397058 -0.175886 0.073178
v -1.396916 -0.180533 0.078259
v -1.393516 -0.181084 0.077659
v -1.396740 -0.185088 0.083449
v -1.393340 -0.185639 0.082850
v -1.392217 -0.216521 0.138023
v -1.395505 -0.198203 0.102517
v -1.386607 -0.233811 0.185744
v -1.383207 -0.234362 0.185145
v -1.388817 -0.217073 0.137424
v -1.392106 -0.198754 0.101918
v -1.378509 -0.239574 0.236977
v -1.368596 -0.233811 0.287889
v -1.365197 -0.234362 0.287289
v -1.375109 -0.240126 0.236377
v -1.357546 -0.216521 0.334651
v -1.348558 -0.198423 0.368971
v -1.345158 -0.198974 0.368371
v -1.354146 -0.217073 0.334051
v -1.344834 -0.190232 0.382558
v -1.343705 -0.187016 0.385999
v -1.340306 -0.187568 0.385399
v -1.341434 -0.190783 0.381959
v -1.316831 -0.090143 0.459471
v -1.321630 -0.112580 0.445252
v -1.314139 -0.074958 0.468409
v -1.310628 -0.074801 0.467790
v -1.313368 -0.090289 0.458860
v -1.318215 -0.113030 0.444650
v -1.312714 -0.069896 0.474378
v -1.313107 -0.069896 0.472151
v -1.309187 -0.069638 0.473756
v -1.309580 -0.069638 0.471529
v -1.311157 -0.069896 0.483207
v -1.311940 -0.069896 0.478769
v -1.307630 -0.069638 0.482585
v -1.308413 -0.069638 0.478147
v -1.308103 -0.075666 0.482902
v -1.307213 -0.069638 0.484955
v -1.310740 -0.069896 0.485577
v -1.311614 -0.075823 0.483521
v -1.307630 -0.069638 0.482585
v -1.311157 -0.069896 0.483207
v -1.314709 -0.093603 0.474684
v -1.320166 -0.119119 0.459575
v -1.316750 -0.119570 0.458973
v -1.311246 -0.093750 0.474074
v -1.274136 -0.060732 -0.039534
v -1.273353 -0.060733 -0.035095
v -1.275323 -0.060820 -0.039325
v -1.274540 -0.060819 -0.034886
v -1.273766 -0.060820 -0.030495
v -1.272579 -0.060732 -0.030704
v -1.275238 -0.070254 -0.039573
v -1.274554 -0.060733 -0.041903
v -1.276420 -0.070307 -0.039365
v -1.275741 -0.060819 -0.041694
v -1.275323 -0.060820 -0.039325
v -1.274136 -0.060732 -0.039534
v -1.279603 -0.133575 -0.014490
v -1.277987 -0.098769 -0.029705
v -1.276821 -0.098818 -0.029911
v -1.278453 -0.133727 -0.014693
v -1.279629 -0.216590 0.052331
v -1.279817 -0.211731 0.046794
v -1.280814 -0.216404 0.052273
v -1.280672 -0.211504 0.046829
v -1.281122 -0.206512 0.041430
v -1.279969 -0.206775 0.041373
v -1.269964 -0.268383 0.161660
v -1.275948 -0.249938 0.110751
v -1.274804 -0.250124 0.110549
v -1.268820 -0.268568 0.161458
v -1.279466 -0.230396 0.072818
v -1.278312 -0.230581 0.072672
v -1.250750 -0.268382 0.270627
v -1.261324 -0.274530 0.216314
v -1.260180 -0.274716 0.216112
v -1.249606 -0.268568 0.270425
v -1.229363 -0.230631 0.357181
v -1.238961 -0.249938 0.320512
v -1.237817 -0.250124 0.320310
v -1.228229 -0.230816 0.356923
v -1.223052 -0.218648 0.375089
v -1.224256 -0.222079 0.371418
v -1.224129 -0.218363 0.375553
v -1.225360 -0.221893 0.371844
v -1.188062 -0.070307 0.461736
v -1.192838 -0.098769 0.453195
v -1.191673 -0.098818 0.452990
v -1.186881 -0.070254 0.461527
v -1.199975 -0.134967 0.438382
v -1.198825 -0.135119 0.438179
v -1.185441 -0.060733 0.463483
v -1.185858 -0.060732 0.461114
v -1.187045 -0.060819 0.461323
v -1.186627 -0.060819 0.463693
v -1.188602 -0.060820 0.452493
v -1.187828 -0.060819 0.456884
v -1.186641 -0.060733 0.456675
v -1.187415 -0.060732 0.452284
v -1.187045 -0.060819 0.461323
v -1.185858 -0.060732 0.461114
v -1.190587 -0.069442 0.446623
v -1.188995 -0.060819 0.450267
v -1.187808 -0.060733 0.450058
v -1.189405 -0.069389 0.446415
v -1.201440 -0.128428 0.424059
v -1.194959 -0.095308 0.437981
v -1.193794 -0.095358 0.437776
v -1.200290 -0.128579 0.423856
v -1.228928 -0.217831 0.347877
v -1.225203 -0.209640 0.361464
v -1.224059 -0.209826 0.361262
v -1.227783 -0.218016 0.347675
v -1.224075 -0.206424 0.364904
v -1.222930 -0.206610 0.364703
v -1.248966 -0.253219 0.266795
v -1.237916 -0.235929 0.313557
v -1.236771 -0.236115 0.313355
v -1.247821 -0.253405 0.266593
v -1.266977 -0.253219 0.164650
v -1.258878 -0.258982 0.215882
v -1.257734 -0.259168 0.215681
v -1.265832 -0.253405 0.164449
v -1.275875 -0.217610 0.081423
v -1.272586 -0.235930 0.116929
v -1.271442 -0.236115 0.116727
v -1.274731 -0.217796 0.081221
v -1.276283 -0.195480 0.051882
v -1.276141 -0.200126 0.056963
v -1.277428 -0.195294 0.052084
v -1.277286 -0.199941 0.057165
v -1.277109 -0.204495 0.062355
v -1.275965 -0.204681 0.062153
v -1.273623 -0.069442 -0.024300
v -1.274776 -0.095308 -0.014684
v -1.273611 -0.095358 -0.014889
v -1.272442 -0.069389 -0.024509
v -1.276082 -0.127123 -0.000458
v -1.274932 -0.127274 -0.000661
v -1.272186 -0.060733 -0.028478
v -1.273373 -0.060819 -0.028268
v -1.343797 -0.194472 0.399849
v -1.343791 -0.192710 0.398263
v -1.343487 -0.195267 0.400464
v -1.342250 -0.191908 0.404383
v -1.342566 -0.191126 0.403752
v -1.342571 -0.189395 0.402130
v -1.343779 -0.189410 0.395292
v -1.343768 -0.186145 0.392354
v -1.342581 -0.186154 0.399091
v -1.342591 -0.182947 0.396084
v -1.343762 -0.184490 0.390864
v -1.343447 -0.183902 0.390234
v -1.342596 -0.181321 0.394560
v -1.342285 -0.180745 0.393917
v -1.342507 -0.183842 0.389877
v -1.339107 -0.184394 0.389278
v -1.341346 -0.180688 0.393556
v -1.337947 -0.181240 0.392956
v -1.306809 -0.186291 0.387466
v -1.307969 -0.189445 0.383787
v -1.320532 -0.187406 0.386003
v -1.319372 -0.184253 0.389681
v -1.323772 -0.186881 0.386574
v -1.322612 -0.183728 0.390252
v -1.221732 -0.203436 0.368581
v -1.220883 -0.203786 0.368623
v -1.222876 -0.203250 0.368783
v -1.221716 -0.200097 0.372461
v -1.220571 -0.200282 0.372260
v -1.219721 -0.200629 0.372306
v -1.219436 -0.201301 0.372843
v -1.220602 -0.204470 0.369147
v -1.219431 -0.202927 0.374368
v -1.220608 -0.206126 0.370637
v -1.219421 -0.206134 0.377374
v -1.220619 -0.209390 0.373576
v -1.219412 -0.209376 0.380413
v -1.220631 -0.212690 0.376547
v -1.219412 -0.209376 0.380413
v -1.219406 -0.211106 0.382036
v -1.220637 -0.214453 0.378133
v -1.220631 -0.212690 0.376547
v -1.219687 -0.211792 0.382771
v -1.220923 -0.215151 0.378853
v -1.220535 -0.211898 0.383150
v -1.221773 -0.215262 0.379226
v -1.221646 -0.211621 0.383430
v -1.222592 -0.214981 0.379416
v -1.308877 -0.196976 0.385570
v -1.308140 -0.194240 0.387233
v -1.320702 -0.192202 0.389448
v -1.321440 -0.194938 0.387785
v -1.307375 -0.191930 0.389443
v -1.319938 -0.189892 0.391658
v -1.320700 -0.190619 0.391470
v -1.321469 -0.192289 0.389859
v -1.321812 -0.194357 0.388601
v -1.337911 -0.192855 0.403846
v -1.341310 -0.192304 0.404445
v -1.342548 -0.195668 0.400522
v -1.339148 -0.196219 0.399922
v -1.341491 -0.187779 0.406766
v -1.341506 -0.186080 0.405115
v -1.341172 -0.188548 0.407408
v -1.340185 -0.185232 0.409953
v -1.340508 -0.184476 0.409301
v -1.340533 -0.182808 0.407626
v -1.341536 -0.182897 0.402023
v -1.341564 -0.179748 0.398964
v -1.340579 -0.179683 0.404490
v -1.340625 -0.176592 0.401387
v -1.341579 -0.178152 0.397413
v -1.341271 -0.177587 0.396760
v -1.340648 -0.175025 0.399814
v -1.340344 -0.174471 0.399152
v -1.340334 -0.177535 0.396395
v -1.336934 -0.178086 0.395796
v -1.339408 -0.174423 0.398784
v -1.336008 -0.174974 0.398185
v -1.304871 -0.180026 0.392695
v -1.305797 -0.183138 0.390306
v -1.318360 -0.181100 0.392521
v -1.317434 -0.177988 0.394910
v -1.321600 -0.180574 0.393092
v -1.320673 -0.177462 0.395481
v -1.219559 -0.197128 0.375100
v -1.218708 -0.197471 0.375149
v -1.220703 -0.196943 0.375301
v -1.219777 -0.193831 0.377690
v -1.218633 -0.194016 0.377489
v -1.217781 -0.194355 0.377541
v -1.217489 -0.195005 0.378097
v -1.218419 -0.198132 0.375697
v -1.217466 -0.196573 0.379671
v -1.218405 -0.199729 0.377248
v -1.217420 -0.199664 0.382773
v -1.218376 -0.202878 0.380307
v -1.217374 -0.202789 0.385910
v -1.218348 -0.206060 0.383399
v -1.217374 -0.202789 0.385910
v -1.217349 -0.204457 0.387584
v -1.218332 -0.207759 0.385049
v -1.218348 -0.206060 0.383399
v -1.217621 -0.205116 0.388342
v -1.218608 -0.208432 0.385797
v -1.218467 -0.205213 0.388728
v -1.219455 -0.208533 0.386179
v -1.219610 -0.204892 0.388786
v -1.220600 -0.208348 0.386381
v -1.306453 -0.196922 0.399265
v -1.305693 -0.194543 0.401385
v -1.318256 -0.192504 0.403600
v -1.319016 -0.194884 0.401480
v -1.304954 -0.191830 0.403080
v -1.317517 -0.189792 0.405295
v -1.319719 -0.188650 0.406438
v -1.321496 -0.191979 0.404172
v -1.321755 -0.195380 0.401082
v -1.335843 -0.186171 0.409424
v -1.339242 -0.185619 0.410023
v -1.340230 -0.188939 0.407475
v -1.336831 -0.189491 0.406875
v -1.339552 -0.181262 0.411768
v -1.339585 -0.179624 0.410071
v -1.339225 -0.182005 0.412430
v -1.336215 -0.171891 0.420193
v -1.336554 -0.171188 0.419500
v -1.336616 -0.169644 0.417730
v -1.339649 -0.176555 0.406891
v -1.339711 -0.173520 0.403745
v -1.336732 -0.166753 0.414415
v -1.336846 -0.163893 0.411135
v -1.339742 -0.171981 0.402150
v -1.339441 -0.171439 0.401480
v -1.336904 -0.162443 0.409471
v -1.336613 -0.161934 0.408775
v -1.338506 -0.171393 0.401110
v -1.335107 -0.171945 0.400510
v -1.335682 -0.161900 0.408396
v -1.332282 -0.162452 0.407797
v -1.301144 -0.167503 0.402306
v -1.303969 -0.176997 0.395020
v -1.316532 -0.174958 0.397235
v -1.313708 -0.165466 0.404521
v -1.319772 -0.174433 0.397806
v -1.316947 -0.164940 0.405093
v -1.217732 -0.190987 0.379814
v -1.216878 -0.191322 0.379869
v -1.218876 -0.190802 0.380016
v -1.216051 -0.181309 0.387302
v -1.214907 -0.181494 0.387100
v -1.214050 -0.181819 0.387164
v -1.213744 -0.182423 0.387755
v -1.216583 -0.191961 0.380434
v -1.213686 -0.183874 0.389418
v -1.216551 -0.193501 0.382029
v -1.213572 -0.186734 0.392698
v -1.216489 -0.196536 0.385174
v -1.213457 -0.189625 0.396014
v -1.216426 -0.199604 0.388354
v -1.213457 -0.189625 0.396014
v -1.213395 -0.191168 0.397784
v -1.216392 -0.201242 0.390052
v -1.216426 -0.199604 0.388354
v -1.213651 -0.191775 0.398582
v -1.216661 -0.201889 0.390819
v -1.214492 -0.191855 0.398981
v -1.217506 -0.201982 0.391208
v -1.216383 -0.194047 0.397110
v -1.218367 -0.201655 0.391116
v -1.304886 -0.183562 0.395862
v -1.304188 -0.180960 0.397427
v -1.316751 -0.178922 0.399642
v -1.317449 -0.181524 0.398077
v -1.303463 -0.178781 0.399531
v -1.316026 -0.176743 0.401747
v -1.316777 -0.177433 0.401583
v -1.317517 -0.179007 0.400049
v -1.317831 -0.180975 0.398864
v -1.331868 -0.172812 0.419678
v -1.335267 -0.172261 0.420277
v -1.338281 -0.182388 0.412504
v -1.334881 -0.182939 0.411904
v -1.329448 -0.147308 0.437830
v -1.329576 -0.145988 0.435888
v -1.329081 -0.147917 0.438595
v -1.329817 -0.143517 0.432250
v -1.330055 -0.141071 0.428652
v -1.330175 -0.139832 0.426827
v -1.329909 -0.139404 0.426069
v -1.328985 -0.139397 0.425669
v -1.325585 -0.139949 0.425069
v -1.294448 -0.145001 0.419579
v -1.307011 -0.142963 0.421794
v -1.310251 -0.142437 0.422365
v -1.208210 -0.158991 0.404373
v -1.207345 -0.159288 0.404457
v -1.209355 -0.158806 0.404575
v -1.206895 -0.161052 0.406935
v -1.207016 -0.159812 0.405111
v -1.206417 -0.165969 0.414172
v -1.206657 -0.163497 0.410534
v -1.206517 -0.167801 0.416984
v -1.206289 -0.167289 0.416114
v -1.206417 -0.165969 0.414172
v -1.208493 -0.167663 0.417609
v -1.207348 -0.167849 0.417407
v -1.309389 -0.151294 0.435400
v -1.306149 -0.151820 0.434829
v -1.316491 -0.177806 0.414762
v -1.313068 -0.174840 0.416772
v -1.300505 -0.176878 0.414557
v -1.293586 -0.153858 0.432613
v -1.328123 -0.148255 0.438703
v -1.324724 -0.148806 0.438104
v -1.401244 -0.200318 0.079428
v -1.400699 -0.198501 0.080846
v -1.401161 -0.201136 0.078773
v -1.399679 -0.195098 0.083504
v -1.398669 -0.191732 0.086133
v -1.398157 -0.190025 0.087466
v -1.397646 -0.189418 0.087925
v -1.396641 -0.189351 0.087931
v -1.393242 -0.189902 0.087331
v -1.362104 -0.194954 0.081841
v -1.374667 -0.192916 0.084056
v -1.377907 -0.192390 0.084627
v -1.275866 -0.208945 0.066635
v -1.275083 -0.209302 0.066314
v -1.277011 -0.208759 0.066836
v -1.275509 -0.211712 0.064417
v -1.274997 -0.210006 0.065750
v -1.277540 -0.218482 0.059130
v -1.276519 -0.215079 0.061788
v -1.278598 -0.221020 0.057161
v -1.278085 -0.220298 0.057711
v -1.277540 -0.218482 0.059130
v -1.280708 -0.220953 0.057090
v -1.279524 -0.221139 0.057111
v -1.381604 -0.204584 0.074880
v -1.378482 -0.205110 0.073638
v -1.380923 -0.200163 0.069925
v -1.378654 -0.201725 0.069552
v -1.366268 -0.203764 0.066331
v -1.366038 -0.207148 0.070752
v -1.400299 -0.201545 0.078407
v -1.396899 -0.202096 0.077808
v -1.399010 -0.168938 0.063224
v -1.400026 -0.171889 0.060178
v -1.400105 -0.176510 0.063981
v -1.399088 -0.173475 0.066959
v -1.401053 -0.174873 0.057099
v -1.401134 -0.179577 0.060971
v -1.401602 -0.176466 0.055455
v -1.401683 -0.181214 0.059364
v -1.401520 -0.177190 0.054706
v -1.401602 -0.181957 0.058629
v -1.400740 -0.182340 0.058237
v -1.397340 -0.182892 0.057638
v -1.400658 -0.177567 0.054308
v -1.397258 -0.178119 0.053709
v -1.366097 -0.184240 0.049338
v -1.366203 -0.187944 0.052147
v -1.378766 -0.185905 0.054363
v -1.378660 -0.182201 0.051553
v -1.366231 -0.191441 0.055209
v -1.378793 -0.189403 0.057425
v -1.381230 -0.190271 0.059082
v -1.382006 -0.185380 0.054934
v -1.381103 -0.180657 0.050954
v -1.279965 -0.201934 0.036941
v -1.279038 -0.201841 0.037018
v -1.281109 -0.201749 0.037143
v -1.280995 -0.196898 0.033302
v -1.279883 -0.197161 0.033012
v -1.278957 -0.197074 0.033094
v -1.278524 -0.201195 0.037647
v -1.277974 -0.199558 0.039254
v -1.278442 -0.196447 0.033739
v -1.277894 -0.194854 0.035383
v -1.276946 -0.196490 0.042265
v -1.275929 -0.193456 0.045243
v -1.277974 -0.199558 0.039254
v -1.277894 -0.194854 0.035383
v -1.276867 -0.191870 0.038462
v -1.275851 -0.188918 0.041508
v -1.275413 -0.191917 0.046752
v -1.275497 -0.191278 0.047384
v -1.275336 -0.187421 0.043052
v -1.275420 -0.186798 0.043697
v -1.276203 -0.186468 0.044045
v -1.276280 -0.190942 0.047728
v -1.277347 -0.186282 0.044247
v -1.277424 -0.190757 0.047930
v -1.362518 -0.176952 0.062934
v -1.375081 -0.174914 0.065149
v -1.362441 -0.172477 0.059251
v -1.375004 -0.170439 0.061467
v -1.378244 -0.169914 0.062038
v -1.378320 -0.174388 0.065721
v -1.393578 -0.167426 0.064742
v -1.396978 -0.166875 0.065341
v -1.397055 -0.171349 0.069024
v -1.393655 -0.171900 0.068424
v -1.397984 -0.166915 0.065308
v -1.398060 -0.171394 0.068996
v -1.398495 -0.167441 0.064768
v -1.398572 -0.171937 0.068469
v -1.398772 -0.155002 0.051755
v -1.399784 -0.157701 0.048500
v -1.399948 -0.167287 0.056390
v -1.398933 -0.164417 0.059504
v -1.400806 -0.160429 0.045211
v -1.400973 -0.170188 0.053243
v -1.401352 -0.161885 0.043454
v -1.401521 -0.171737 0.051563
v -1.401270 -0.162552 0.042657
v -1.401439 -0.172442 0.050797
v -1.400577 -0.172813 0.050395
v -1.397177 -0.173364 0.049796
v -1.400407 -0.162909 0.042244
v -1.397007 -0.163461 0.041644
v -1.363424 -0.168095 0.049644
v -1.363383 -0.171385 0.052903
v -1.375946 -0.169347 0.055118
v -1.375987 -0.166057 0.051860
v -1.363546 -0.175213 0.055503
v -1.376108 -0.173175 0.057718
v -1.376749 -0.172368 0.056804
v -1.376827 -0.169490 0.054926
v -1.376659 -0.167095 0.052465
v -1.279802 -0.192406 0.029099
v -1.278875 -0.192326 0.029186
v -1.280607 -0.192152 0.029392
v -1.280776 -0.184100 0.022769
v -1.279632 -0.182503 0.020948
v -1.278706 -0.182435 0.021046
v -1.278361 -0.191717 0.029846
v -1.277814 -0.190169 0.031527
v -1.278192 -0.181866 0.021738
v -1.277647 -0.180410 0.023494
v -1.276788 -0.187268 0.034674
v -1.275774 -0.184398 0.037788
v -1.277814 -0.190169 0.031527
v -1.277647 -0.180410 0.023494
v -1.276624 -0.177682 0.026784
v -1.275613 -0.174983 0.030038
v -1.275259 -0.182943 0.039366
v -1.275344 -0.182336 0.040025
v -1.275100 -0.173615 0.031689
v -1.275185 -0.173041 0.032374
v -1.275968 -0.172728 0.032736
v -1.276127 -0.182011 0.040377
v -1.277112 -0.172542 0.032938
v -1.277271 -0.181826 0.040579
v -1.362365 -0.168020 0.055583
v -1.374928 -0.165982 0.057798
v -1.362206 -0.158737 0.047942
v -1.374769 -0.156699 0.050157
v -1.378009 -0.156173 0.050729
v -1.378168 -0.165457 0.058370
v -1.393343 -0.153686 0.053433
v -1.396743 -0.153134 0.054032
v -1.396902 -0.162418 0.061673
v -1.393502 -0.162969 0.061073
v -1.397748 -0.153158 0.053986
v -1.397908 -0.162452 0.061636
v -1.398259 -0.153634 0.053405
v -1.398418 -0.162962 0.061082
v -1.400465 -0.140503 0.028811
v -1.399449 -0.138129 0.032391
v -1.398443 -0.135780 0.035933
v -1.400924 -0.142357 0.026036
v -1.401008 -0.141771 0.026899
v -1.400061 -0.142688 0.025601
v -1.396662 -0.143240 0.025002
v -1.365525 -0.148292 0.019511
v -1.378088 -0.146253 0.021727
v -1.365806 -0.167209 0.035320
v -1.378369 -0.165171 0.037536
v -1.380884 -0.167859 0.040421
v -1.381327 -0.145728 0.022298
v -1.279287 -0.162282 0.004305
v -1.278361 -0.162242 0.004425
v -1.280431 -0.162097 0.004507
v -1.277848 -0.161752 0.005183
v -1.277306 -0.160484 0.007094
v -1.276289 -0.158109 0.010675
v -1.275283 -0.155760 0.014217
v -1.277306 -0.160484 0.007094
v -1.274774 -0.154569 0.016013
v -1.274860 -0.154064 0.016755
v -1.276788 -0.153588 0.017337
v -1.275644 -0.153773 0.017135
v -1.377685 -0.137219 0.035128
v -1.374445 -0.137744 0.034557
v -1.361882 -0.139783 0.032341
v -1.397424 -0.134180 0.038366
v -1.396419 -0.134180 0.038431
v -1.393019 -0.134731 0.037832
v -1.397933 -0.134589 0.037729
v -1.317030 -0.150055 0.436747
v -1.309020 -0.120589 0.457610
v -1.324173 -0.174061 0.418321
v -1.319818 -0.185196 0.409005
v -1.327187 -0.184188 0.410548
v -1.328149 -0.187419 0.408067
v -1.329136 -0.190739 0.405519
v -1.330217 -0.194103 0.402489
v -1.324043 -0.198521 0.397305
v -1.331454 -0.197467 0.398566
v -1.332733 -0.200854 0.394428
v -1.333937 -0.204284 0.390758
v -1.337911 -0.213022 0.376263
v -1.347499 -0.232330 0.339650
v -1.359287 -0.250774 0.289765
v -1.369861 -0.256922 0.235452
v -1.378501 -0.250774 0.180798
v -1.384485 -0.232330 0.129889
v -1.387994 -0.212787 0.092012
v -1.389205 -0.203344 0.076451
v -1.389311 -0.198796 0.071671
v -1.382123 -0.195045 0.064718
v -1.389498 -0.193937 0.066133
v -1.389650 -0.188981 0.060712
v -1.389646 -0.184140 0.056281
v -1.389564 -0.179367 0.052352
v -1.382058 -0.175693 0.047280
v -1.389483 -0.174612 0.048439
v -1.389314 -0.164709 0.040288
v -1.388968 -0.144488 0.023645
v -1.388648 -0.119197 0.004737
v -1.388557 -0.094082 -0.010209
v -1.388515 -0.075311 -0.019599
v -1.388344 -0.069054 -0.021839
v -1.387926 -0.069054 -0.019469
v -1.387143 -0.069054 -0.015031
v -1.386369 -0.069054 -0.010640
v -1.387926 -0.069054 -0.019469
v -1.385976 -0.069054 -0.008413
v -1.385718 -0.074446 -0.004535
v -1.385347 -0.090622 0.004813
v -1.385127 -0.112745 0.018769
v -1.385325 -0.135979 0.036475
v -1.385649 -0.154934 0.052076
v -1.385808 -0.164217 0.059717
v -1.385885 -0.168674 0.063385
v -1.385961 -0.173148 0.067068
v -1.385965 -0.177686 0.071222
v -1.385823 -0.182332 0.076303
v -1.385646 -0.186887 0.081493
v -1.385548 -0.191151 0.085975
v -1.384412 -0.200002 0.100561
v -1.381123 -0.218321 0.136067
v -1.375513 -0.235610 0.183788
v -1.367415 -0.241374 0.235020
v -1.357503 -0.235610 0.285933
v -1.346452 -0.218321 0.332695
v -1.337465 -0.200222 0.367015
v -1.333740 -0.192032 0.380602
v -1.332612 -0.188816 0.384043
v -1.331413 -0.185642 0.387921
v -1.330253 -0.182488 0.391599
v -1.329240 -0.179334 0.394439
v -1.328314 -0.176222 0.396828
v -1.327413 -0.173193 0.399153
v -1.324588 -0.163700 0.406440
v -1.317891 -0.141197 0.423713
v -1.310485 -0.114049 0.443287
v -1.305529 -0.090622 0.457478
v -1.302682 -0.074446 0.466389
v -1.301598 -0.069054 0.470122
v -1.301205 -0.069054 0.472348
v -1.300431 -0.069054 0.476739
v -1.299649 -0.069054 0.481178
v -1.299230 -0.069054 0.483548
v -1.300157 -0.075311 0.481501
v -1.299649 -0.069054 0.481178
v -1.303408 -0.094082 0.472692
v -1.364097 -0.196513 0.071971
v -1.376660 -0.194475 0.074186
v -1.364545 -0.197697 0.070523
v -1.377108 -0.195659 0.072738
v -1.377866 -0.194279 0.071844
v -1.377419 -0.193095 0.073291
v -1.378061 -0.190476 0.068795
v -1.377614 -0.189292 0.070242
v -1.377737 -0.186757 0.065653
v -1.377290 -0.185574 0.067101
v -1.376936 -0.185630 0.064484
v -1.376489 -0.184447 0.065932
v -1.364373 -0.187668 0.062269
v -1.363926 -0.186485 0.063716
v -1.279585 -0.202681 0.048347
v -1.279354 -0.206490 0.051390
v -1.278906 -0.205306 0.052837
v -1.279137 -0.201498 0.049794
v -1.279713 -0.210203 0.054537
v -1.279266 -0.209019 0.055985
v -1.279313 -0.207569 0.055758
v -1.278978 -0.204667 0.053613
v -1.279218 -0.201997 0.051173
v -1.307084 -0.191730 0.390907
v -1.319647 -0.189692 0.393122
v -1.307011 -0.192892 0.392393
v -1.319574 -0.190854 0.394608
v -1.320604 -0.191569 0.394100
v -1.320677 -0.190407 0.392614
v -1.321614 -0.194050 0.392209
v -1.321688 -0.192887 0.390723
v -1.322105 -0.196615 0.390227
v -1.322179 -0.195452 0.388741
v -1.321576 -0.197582 0.389444
v -1.321650 -0.196420 0.387958
v -1.309014 -0.199620 0.387229
v -1.309087 -0.198458 0.385743
v -1.223953 -0.212539 0.372920
v -1.222907 -0.210063 0.374804
v -1.222980 -0.208901 0.373318
v -1.224026 -0.211376 0.371434
v -1.222451 -0.207493 0.376793
v -1.222524 -0.206330 0.375307
v -1.222979 -0.206473 0.374239
v -1.223316 -0.208213 0.372552
v -1.224091 -0.210210 0.371370
v -1.303186 -0.178617 0.400953
v -1.315749 -0.176579 0.403168
v -1.303116 -0.179729 0.402374
v -1.315679 -0.177691 0.404589
v -1.316695 -0.178361 0.404115
v -1.316765 -0.177250 0.402694
v -1.317666 -0.180710 0.402326
v -1.317737 -0.179598 0.400904
v -1.318118 -0.183143 0.400445
v -1.318188 -0.182031 0.399024
v -1.317576 -0.184066 0.399696
v -1.317646 -0.182954 0.398275
v -1.305013 -0.186104 0.397481
v -1.305083 -0.184992 0.396060
v -1.219965 -0.199066 0.383138
v -1.218958 -0.196724 0.384921
v -1.219029 -0.195612 0.383500
v -1.220035 -0.197954 0.381717
v -1.218542 -0.194285 0.386808
v -1.218612 -0.193174 0.385386
v -1.219056 -0.193287 0.384352
v -1.219364 -0.194931 0.382742
v -1.220110 -0.196828 0.381633
v -1.363871 -0.177206 0.055492
v -1.376434 -0.175168 0.057707
v -1.364362 -0.178507 0.053902
v -1.376925 -0.176468 0.056117
v -1.377685 -0.175156 0.055278
v -1.377193 -0.173856 0.056868
v -1.377884 -0.171555 0.052395
v -1.377392 -0.170255 0.053985
v -1.377563 -0.168038 0.049420
v -1.377071 -0.166738 0.051010
v -1.376763 -0.166978 0.048306
v -1.376272 -0.165678 0.049896
v -1.364200 -0.169017 0.046091
v -1.363709 -0.167716 0.047681
v -1.279410 -0.183962 0.032113
v -1.279176 -0.187569 0.034990
v -1.278684 -0.186268 0.036580
v -1.278918 -0.182662 0.033703
v -1.279531 -0.191080 0.037971
v -1.279040 -0.189779 0.039561
v -1.279028 -0.188222 0.039573
v -1.278674 -0.185413 0.037619
v -1.278938 -0.182949 0.035234
v -1.288122 -0.061869 -0.027964
v -1.288896 -0.061869 -0.032354
v -1.325877 -0.064574 -0.025834
v -1.325103 -0.064574 -0.021443
v -1.289679 -0.061869 -0.036793
v -1.326660 -0.064574 -0.030272
v -1.289679 -0.061869 -0.036793
v -1.290097 -0.061869 -0.039163
v -1.327078 -0.064574 -0.032642
v -1.326660 -0.064574 -0.030272
v -1.290711 -0.070945 -0.036845
v -1.327525 -0.072588 -0.030353
v -1.328397 -0.096632 -0.020817
v -1.329318 -0.127020 -0.005724
v -1.292083 -0.098171 -0.027220
v -1.293505 -0.131742 -0.012039
v -1.294268 -0.159852 0.006947
v -1.329914 -0.154069 0.013232
v -1.294550 -0.178769 0.022756
v -1.330196 -0.172987 0.029041
v -1.328098 -0.173493 0.041402
v -1.327813 -0.173872 0.043365
v -1.328589 -0.174794 0.039812
v -1.292944 -0.180577 0.033526
v -1.292452 -0.179277 0.035117
v -1.292167 -0.179656 0.037080
v -1.292127 -0.182945 0.040338
v -1.327772 -0.177162 0.046623
v -1.292289 -0.186773 0.042938
v -1.327935 -0.180990 0.049224
v -1.292614 -0.188767 0.042927
v -1.328260 -0.182984 0.049213
v -1.293106 -0.190067 0.041338
v -1.328751 -0.184284 0.047623
v -1.294841 -0.195800 0.036773
v -1.294946 -0.199504 0.039583
v -1.330592 -0.193721 0.045868
v -1.330487 -0.190017 0.043059
v -1.294974 -0.203001 0.042645
v -1.330620 -0.197218 0.048930
v -1.328316 -0.192262 0.057437
v -1.328113 -0.192924 0.059193
v -1.328763 -0.193445 0.055990
v -1.293117 -0.199229 0.049705
v -1.292670 -0.198045 0.051152
v -1.292468 -0.198707 0.052907
v -1.292458 -0.202270 0.056244
v -1.328103 -0.196487 0.062529
v -1.292596 -0.206228 0.059098
v -1.328242 -0.200445 0.065383
v -1.292842 -0.208074 0.059406
v -1.328487 -0.202291 0.065692
v -1.293289 -0.209257 0.057959
v -1.328934 -0.203474 0.064244
v -1.330467 -0.212925 0.064250
v -1.329018 -0.222368 0.081152
v -1.330717 -0.209541 0.059716
v -1.295012 -0.215324 0.053766
v -1.294782 -0.218708 0.058188
v -1.293363 -0.228151 0.074922
v -1.325431 -0.241910 0.119476
v -1.319447 -0.260354 0.170385
v -1.289785 -0.247693 0.113191
v -1.283801 -0.266137 0.164100
v -1.310807 -0.266503 0.225039
v -1.300233 -0.260354 0.279352
v -1.275162 -0.272286 0.218754
v -1.264587 -0.266137 0.273067
v -1.288445 -0.241910 0.329237
v -1.278778 -0.222603 0.366297
v -1.252799 -0.247693 0.322952
v -1.243141 -0.228386 0.359956
v -1.238961 -0.219648 0.375625
v -1.274568 -0.213865 0.382134
v -1.237879 -0.216915 0.379249
v -1.273466 -0.211132 0.385870
v -1.273476 -0.204235 0.379464
v -1.273267 -0.202754 0.379291
v -1.273403 -0.205398 0.380950
v -1.237757 -0.211181 0.374664
v -1.237830 -0.210018 0.373178
v -1.237621 -0.208537 0.373005
v -1.236883 -0.205800 0.374669
v -1.272529 -0.200018 0.380954
v -1.236119 -0.203491 0.376878
v -1.271765 -0.197708 0.383164
v -1.235828 -0.203291 0.378343
v -1.271474 -0.197508 0.384628
v -1.235755 -0.204453 0.379829
v -1.271400 -0.198670 0.386114
v -1.235197 -0.208483 0.386701
v -1.234437 -0.206103 0.388821
v -1.270083 -0.200320 0.395106
v -1.270843 -0.202700 0.392986
v -1.233698 -0.203391 0.390516
v -1.269344 -0.197608 0.396801
v -1.269472 -0.190769 0.389780
v -1.269275 -0.189339 0.389583
v -1.269402 -0.191881 0.391202
v -1.233756 -0.197664 0.384916
v -1.233827 -0.196552 0.383495
v -1.233629 -0.195122 0.383297
v -1.232931 -0.192521 0.384862
v -1.268577 -0.186738 0.391148
v -1.232207 -0.190341 0.386967
v -1.267852 -0.184558 0.393252
v -1.231930 -0.190178 0.388388
v -1.267576 -0.184395 0.394673
v -1.231859 -0.191290 0.389809
v -1.267505 -0.185506 0.396095
v -1.257976 -0.159635 0.426334
v -1.249690 -0.128412 0.447148
v -1.264894 -0.182655 0.408278
v -1.229248 -0.188438 0.401993
v -1.222330 -0.165419 0.420049
v -1.213877 -0.133134 0.440834
v -1.243248 -0.096632 0.462084
v -1.239167 -0.072588 0.470747
v -1.206935 -0.098171 0.455681
v -1.202353 -0.070945 0.464256
v -1.200983 -0.061869 0.466224
v -1.237964 -0.064574 0.472745
v -1.201401 -0.061869 0.463854
v -1.238382 -0.064574 0.470375
v -1.239165 -0.064574 0.465936
v -1.239939 -0.064574 0.461545
v -1.238382 -0.064574 0.470375
v -1.201401 -0.061869 0.463854
v -1.202184 -0.061869 0.459416
v -1.202958 -0.061869 0.455025
v -1.240332 -0.064574 0.459319
v -1.241692 -0.071723 0.455635
v -1.203351 -0.061869 0.452798
v -1.204878 -0.070080 0.449143
v -1.245369 -0.093172 0.446870
v -1.251154 -0.121872 0.432825
v -1.209056 -0.094711 0.440467
v -1.215342 -0.126594 0.426511
v -1.223192 -0.156561 0.407014
v -1.258838 -0.150778 0.413300
v -1.229889 -0.179064 0.389742
v -1.265534 -0.173281 0.396027
v -1.232713 -0.188557 0.382455
v -1.268359 -0.182774 0.388741
v -1.233615 -0.191586 0.380130
v -1.269260 -0.185803 0.386415
v -1.234541 -0.194698 0.377741
v -1.270186 -0.188915 0.384027
v -1.235553 -0.197852 0.374901
v -1.271199 -0.192069 0.381187
v -1.236713 -0.201005 0.371223
v -1.272359 -0.195222 0.377508
v -1.237912 -0.204179 0.367344
v -1.273557 -0.198396 0.373630
v -1.274686 -0.201612 0.370189
v -1.278411 -0.209803 0.356602
v -1.239040 -0.207395 0.363904
v -1.242765 -0.215586 0.350317
v -1.287399 -0.227901 0.322282
v -1.298449 -0.245191 0.275520
v -1.251753 -0.233684 0.315996
v -1.262803 -0.250974 0.269235
v -1.308361 -0.250954 0.224608
v -1.316459 -0.245191 0.173376
v -1.272715 -0.256737 0.218322
v -1.280814 -0.250974 0.167090
v -1.322069 -0.227901 0.125654
v -1.325358 -0.209582 0.090148
v -1.286423 -0.233685 0.119369
v -1.289712 -0.215366 0.083863
v -1.290848 -0.206514 0.069276
v -1.326494 -0.200731 0.075562
v -1.290947 -0.202251 0.064795
v -1.326592 -0.196468 0.071080
v -1.291123 -0.197696 0.059605
v -1.326769 -0.191913 0.065890
v -1.291265 -0.193049 0.054523
v -1.326911 -0.187267 0.060809
v -1.291261 -0.188512 0.050370
v -1.326907 -0.182729 0.056655
v -1.291185 -0.184037 0.046687
v -1.326831 -0.178255 0.052972
v -1.291108 -0.179581 0.043019
v -1.326754 -0.173798 0.049304
v -1.290950 -0.170297 0.035378
v -1.326596 -0.164514 0.041663
v -1.326271 -0.145560 0.026062
v -1.325796 -0.120568 0.008308
v -1.290625 -0.151343 0.019777
v -1.289984 -0.125290 0.001993
v -1.325187 -0.093172 -0.005795
v -1.324728 -0.071723 -0.015289
v -1.288873 -0.094711 -0.012198
v -1.287914 -0.070080 -0.021780
v -1.287729 -0.061869 -0.025737
v -1.324710 -0.064574 -0.019216
v -1.294034 -0.211230 0.055546
v -1.329680 -0.205448 0.061831
v -1.294729 -0.213096 0.053321
v -1.330385 -0.207313 0.059550
v -1.365985 -0.201536 0.065885
v -1.365290 -0.199670 0.068111
v -1.377853 -0.197632 0.070326
v -1.378611 -0.196252 0.069431
v -1.378519 -0.199498 0.068268
v -1.379257 -0.198117 0.067486
v -1.379472 -0.194314 0.064324
v -1.378807 -0.192449 0.066382
v -1.379178 -0.190596 0.061015
v -1.378483 -0.188730 0.063241
v -1.378387 -0.189469 0.059790
v -1.377682 -0.187603 0.062071
v -1.365824 -0.191507 0.057575
v -1.365119 -0.189641 0.059856
v -1.294568 -0.203067 0.045011
v -1.293863 -0.201202 0.047292
v -1.329508 -0.195419 0.053577
v -1.330213 -0.197284 0.051296
v -1.281025 -0.206520 0.043708
v -1.280765 -0.210329 0.046919
v -1.280099 -0.208463 0.048977
v -1.280330 -0.204654 0.045934
v -1.281105 -0.214041 0.050179
v -1.280459 -0.212176 0.052124
v -1.295025 -0.213957 0.052436
v -1.330710 -0.208174 0.058498
v -1.366281 -0.202397 0.065000
v -1.378726 -0.200358 0.067886
v -1.379405 -0.198978 0.067439
v -1.379679 -0.195175 0.063942
v -1.379474 -0.191457 0.060130
v -1.378712 -0.190330 0.058738
v -1.366149 -0.192368 0.056522
v -1.294893 -0.203928 0.043958
v -1.330539 -0.198145 0.050243
v -1.280972 -0.211189 0.046537
v -1.281321 -0.207381 0.042823
v -1.281252 -0.214902 0.050132
v -1.378948 -0.178500 0.051189
v -1.379147 -0.174899 0.048306
v -1.378544 -0.173303 0.050257
v -1.378345 -0.176904 0.053140
v -1.378826 -0.171382 0.045331
v -1.378223 -0.169786 0.047282
v -1.378027 -0.170322 0.044217
v -1.377424 -0.168726 0.046168
v -1.365463 -0.172360 0.042002
v -1.364861 -0.170765 0.043953
v -1.294207 -0.183921 0.029437
v -1.293604 -0.182325 0.031389
v -1.329250 -0.176542 0.037674
v -1.329853 -0.178138 0.035723
v -1.280673 -0.187306 0.028024
v -1.280439 -0.190913 0.030901
v -1.279836 -0.189317 0.032852
v -1.280070 -0.185710 0.029975
v -1.280795 -0.194424 0.033882
v -1.280192 -0.192828 0.035833
v -1.293766 -0.191815 0.039200
v -1.329412 -0.186032 0.045485
v -1.294370 -0.193411 0.037248
v -1.330015 -0.187628 0.043534
v -1.365626 -0.181851 0.049813
v -1.365023 -0.180255 0.051764
v -1.377586 -0.178217 0.053979
v -1.378189 -0.179813 0.052028
v -1.379466 -0.175742 0.047275
v -1.379266 -0.179343 0.050158
v -1.379145 -0.172225 0.044300
v -1.378345 -0.171165 0.043186
v -1.365783 -0.173204 0.040971
v -1.294526 -0.184764 0.028406
v -1.330172 -0.178981 0.034692
v -1.280758 -0.191756 0.029870
v -1.280992 -0.188149 0.026993
v -1.281113 -0.195267 0.032851
v -1.294688 -0.194254 0.036217
v -1.330334 -0.188471 0.042503
v -1.365944 -0.182694 0.048782
v -1.378508 -0.180656 0.050997
v -1.235643 -0.206233 0.382103
v -1.271288 -0.200449 0.388389
v -1.235534 -0.207942 0.384288
v -1.271180 -0.202159 0.390574
v -1.306791 -0.196381 0.396853
v -1.306898 -0.194672 0.394668
v -1.319461 -0.192634 0.396883
v -1.320491 -0.193348 0.396375
v -1.319354 -0.194343 0.399068
v -1.320393 -0.195058 0.398504
v -1.321434 -0.197538 0.396445
v -1.321502 -0.195829 0.394484
v -1.321945 -0.200104 0.394351
v -1.321993 -0.198394 0.392502
v -1.321395 -0.201071 0.393680
v -1.321464 -0.199362 0.391719
v -1.308802 -0.203109 0.391633
v -1.308901 -0.201400 0.389503
v -1.237547 -0.214670 0.379068
v -1.237645 -0.212960 0.376939
v -1.273291 -0.207177 0.383224
v -1.273182 -0.208887 0.385409
v -1.223791 -0.216027 0.377044
v -1.222726 -0.213552 0.379041
v -1.222794 -0.211843 0.377079
v -1.223840 -0.214318 0.375195
v -1.222240 -0.210982 0.381197
v -1.222338 -0.209272 0.379068
v -1.235474 -0.208894 0.385505
v -1.271120 -0.203111 0.391791
v -1.306730 -0.197333 0.398070
v -1.319293 -0.195295 0.400285
v -1.320363 -0.196010 0.399553
v -1.321492 -0.198491 0.396992
v -1.322062 -0.201056 0.394562
v -1.321454 -0.202023 0.394226
v -1.308772 -0.204061 0.392682
v -1.237516 -0.215621 0.380118
v -1.273122 -0.209839 0.386626
v -1.222784 -0.214505 0.379587
v -1.223908 -0.216980 0.377255
v -1.222210 -0.211934 0.382246
v -1.231755 -0.192937 0.391915
v -1.267401 -0.187153 0.398200
v -1.231653 -0.194562 0.393992
v -1.267298 -0.188778 0.400277
v -1.302909 -0.183001 0.406557
v -1.303012 -0.181376 0.404479
v -1.315575 -0.179338 0.406694
v -1.316591 -0.180008 0.406220
v -1.315472 -0.180963 0.408772
v -1.316488 -0.181633 0.408297
v -1.317460 -0.183982 0.406508
v -1.317562 -0.182357 0.404431
v -1.317911 -0.186415 0.404628
v -1.318014 -0.184789 0.402551
v -1.317369 -0.187338 0.403879
v -1.317472 -0.185713 0.401802
v -1.304806 -0.189376 0.401664
v -1.304909 -0.187751 0.399586
v -1.233550 -0.200936 0.389099
v -1.233652 -0.199311 0.387022
v -1.269298 -0.193528 0.393307
v -1.269195 -0.195153 0.395385
v -1.219758 -0.202338 0.387321
v -1.218752 -0.199996 0.389104
v -1.218854 -0.198371 0.387026
v -1.219861 -0.200713 0.385244
v -1.218335 -0.197557 0.390990
v -1.218438 -0.195932 0.388913
v -1.231587 -0.195608 0.395329
v -1.267232 -0.189824 0.401614
v -1.302843 -0.184047 0.407894
v -1.315405 -0.182009 0.410109
v -1.316422 -0.182679 0.409635
v -1.317393 -0.185028 0.407846
v -1.317845 -0.187460 0.405965
v -1.317303 -0.188384 0.405216
v -1.304740 -0.190422 0.403001
v -1.233483 -0.201982 0.390436
v -1.269129 -0.196199 0.396722
v -1.218686 -0.201042 0.390441
v -1.219692 -0.203384 0.388658
v -1.218269 -0.198603 0.392328
v -1.275753 -0.060908 -0.034672
v -1.274978 -0.060908 -0.030281
v -1.276535 -0.060908 -0.039111
v -1.276953 -0.060908 -0.041480
v -1.276535 -0.060908 -0.039111
v -1.277627 -0.070360 -0.039152
v -1.279177 -0.098718 -0.029496
v -1.280777 -0.133420 -0.014283
v -1.281881 -0.180825 0.020522
v -1.281599 -0.161907 0.004713
v -1.281538 -0.185976 0.027203
v -1.281857 -0.186819 0.026172
v -1.280275 -0.182632 0.031293
v -1.280935 -0.184380 0.029155
v -1.279783 -0.181332 0.032883
v -1.279499 -0.181711 0.034846
v -1.279620 -0.188829 0.040704
v -1.279458 -0.185001 0.038104
v -1.280437 -0.192122 0.039104
v -1.279945 -0.190822 0.040694
v -1.281700 -0.195466 0.035014
v -1.281097 -0.193870 0.036966
v -1.282172 -0.197855 0.034539
v -1.282019 -0.196309 0.033983
v -1.282305 -0.205057 0.040411
v -1.282278 -0.201559 0.037349
v -1.281899 -0.205123 0.042777
v -1.282224 -0.205984 0.041724
v -1.280448 -0.201284 0.047471
v -1.281194 -0.203257 0.045058
v -1.280001 -0.200100 0.048918
v -1.279799 -0.200762 0.050673
v -1.279928 -0.208284 0.056864
v -1.279789 -0.204326 0.054010
v -1.280620 -0.211313 0.055725
v -1.280173 -0.210129 0.057172
v -1.282031 -0.215151 0.051255
v -1.281365 -0.213286 0.053312
v -1.282166 -0.217379 0.052539
v -1.282238 -0.216012 0.050873
v -1.281994 -0.220763 0.056625
v -1.280664 -0.230206 0.072856
v -1.277116 -0.249749 0.110957
v -1.271132 -0.268193 0.161866
v -1.262493 -0.274341 0.216520
v -1.251918 -0.268193 0.270833
v -1.240130 -0.249749 0.320718
v -1.230502 -0.230441 0.357554
v -1.225387 -0.218970 0.376009
v -1.226411 -0.221703 0.372720
v -1.224907 -0.216725 0.376667
v -1.224965 -0.217677 0.377213
v -1.225088 -0.213236 0.372430
v -1.224976 -0.215016 0.374705
v -1.225162 -0.212074 0.370944
v -1.224952 -0.210592 0.370771
v -1.223450 -0.205546 0.374645
v -1.224214 -0.207856 0.372435
v -1.223086 -0.206508 0.377595
v -1.223159 -0.205346 0.376109
v -1.222866 -0.209997 0.382055
v -1.222973 -0.208288 0.379869
v -1.222528 -0.210538 0.384467
v -1.222805 -0.210949 0.383271
v -1.221029 -0.205446 0.388282
v -1.221768 -0.208158 0.386587
v -1.220881 -0.202991 0.386865
v -1.220815 -0.204037 0.388202
v -1.221087 -0.199720 0.382683
v -1.220983 -0.201366 0.384788
v -1.221158 -0.198608 0.381261
v -1.220960 -0.197178 0.381063
v -1.219538 -0.192397 0.384733
v -1.220262 -0.194576 0.382628
v -1.219191 -0.193345 0.387576
v -1.219261 -0.192233 0.386154
v -1.218984 -0.196617 0.391758
v -1.219086 -0.194992 0.389681
v -1.216580 -0.190494 0.399759
v -1.218917 -0.197663 0.393095
v -1.209661 -0.167474 0.417815
v -1.201149 -0.134812 0.438589
v -1.194028 -0.098718 0.453405
v -1.189269 -0.070360 0.461949
v -1.187840 -0.060908 0.463906
v -1.188257 -0.060908 0.461537
v -1.189040 -0.060908 0.457098
v -1.189814 -0.060908 0.452707
v -1.188257 -0.060908 0.461537
v -1.190207 -0.060908 0.450481
v -1.191793 -0.069495 0.446836
v -1.196150 -0.095258 0.438191
v -1.202614 -0.128273 0.424266
v -1.217220 -0.181119 0.387508
v -1.210523 -0.158616 0.404781
v -1.220946 -0.193641 0.377896
v -1.220044 -0.190612 0.380222
v -1.222884 -0.199907 0.372667
v -1.221872 -0.196753 0.375507
v -1.225243 -0.206235 0.365111
v -1.224044 -0.203061 0.368989
v -1.226371 -0.209451 0.361670
v -1.230096 -0.217641 0.348083
v -1.239084 -0.235740 0.313763
v -1.250134 -0.253030 0.267001
v -1.260046 -0.258793 0.216088
v -1.268145 -0.253030 0.164856
v -1.273755 -0.235740 0.117135
v -1.277043 -0.217421 0.081629
v -1.278278 -0.204306 0.062561
v -1.278179 -0.208569 0.067043
v -1.278596 -0.195105 0.052290
v -1.278454 -0.199751 0.057371
v -1.278516 -0.186093 0.044453
v -1.278592 -0.190567 0.048136
v -1.278281 -0.172353 0.033144
v -1.278439 -0.181636 0.040785
v -1.277957 -0.153398 0.017543
v -1.277256 -0.126968 -0.000251
v -1.275967 -0.095258 -0.014474
v -1.274830 -0.069495 -0.024087
v -1.274586 -0.060908 -0.028055
vt 0.313917 0.600826
vt 0.296238 0.615906
vt 0.307567 0.629170
vt 0.325561 0.614034
vt 0.291435 0.619001
vt 0.302457 0.632300
vt 0.302562 0.637457
vt 0.310022 0.633424
vt 0.328000 0.617931
vt 0.369433 0.580111
vt 0.366753 0.576447
vt 0.422838 0.530581
vt 0.419862 0.527061
vt 0.407385 0.514032
vt 0.354661 0.563340
vt 0.476733 0.479959
vt 0.473607 0.476527
vt 0.530273 0.429340
vt 0.527033 0.426027
vt 0.514459 0.412959
vt 0.461002 0.463487
vt 0.582609 0.379816
vt 0.579181 0.376738
vt 0.622842 0.341481
vt 0.619150 0.338573
vt 0.606791 0.325594
vt 0.566706 0.363705
vt 0.641448 0.283749
vt 0.637615 0.287339
vt 0.647448 0.298514
vt 0.651054 0.295119
vt 0.633965 0.291094
vt 0.644121 0.302171
vt 0.645517 0.301690
vt 0.648040 0.299055
vt 0.650582 0.296444
vt 0.768303 0.209934
vt 0.800246 0.183513
vt 0.797944 0.179408
vt 0.765915 0.206076
vt 0.823956 0.164268
vt 0.821819 0.159802
vt 0.811153 0.144088
vt 0.786703 0.164829
vt 0.754332 0.192543
vt 0.138091 0.804858
vt 0.158353 0.781477
vt 0.154340 0.779070
vt 0.133595 0.802797
vt 0.187949 0.749210
vt 0.184232 0.746552
vt 0.171300 0.734282
vt 0.140206 0.767093
vt 0.118274 0.791244
vt 0.354592 0.653340
vt 0.336607 0.669541
vt 0.338644 0.671698
vt 0.356629 0.655486
vt 0.330705 0.674695
vt 0.332751 0.676885
vt 0.333840 0.678031
vt 0.339730 0.672839
vt 0.357720 0.656636
vt 0.452494 0.564863
vt 0.397360 0.614932
vt 0.399375 0.617125
vt 0.454504 0.567104
vt 0.400456 0.618299
vt 0.455578 0.568297
vt 0.562045 0.462180
vt 0.507577 0.513679
vt 0.509634 0.515913
vt 0.564144 0.464385
vt 0.510727 0.517100
vt 0.565257 0.465557
vt 0.656538 0.371516
vt 0.615330 0.411168
vt 0.617412 0.413352
vt 0.658599 0.373681
vt 0.618523 0.414518
vt 0.659702 0.374840
vt 0.700469 0.335155
vt 0.699356 0.333947
vt 0.691666 0.341665
vt 0.692785 0.342834
vt 0.697236 0.331706
vt 0.689527 0.339483
vt 0.681837 0.347297
vt 0.683969 0.349429
vt 0.685086 0.350565
vt 0.835945 0.210252
vt 0.817077 0.225955
vt 0.817588 0.228932
vt 0.835705 0.213362
vt 0.790137 0.249295
vt 0.791399 0.252087
vt 0.792177 0.253494
vt 0.818120 0.230329
vt 0.831392 0.218484
vt 0.225775 0.774129
vt 0.199352 0.800468
vt 0.202255 0.801233
vt 0.228449 0.775630
vt 0.182749 0.817865
vt 0.185830 0.817892
vt 0.191125 0.814052
vt 0.203585 0.801891
vt 0.229769 0.776543
vt 0.450719 0.805262
vt 0.451678 0.806437
vt 0.456891 0.802051
vt 0.455963 0.800832
vt 0.453522 0.808742
vt 0.458642 0.804449
vt 0.476529 0.789190
vt 0.474796 0.786726
vt 0.473868 0.785472
vt 0.519970 0.751372
vt 0.518130 0.748974
vt 0.576430 0.701256
vt 0.574451 0.698972
vt 0.573423 0.697792
vt 0.517158 0.747746
vt 0.633373 0.649103
vt 0.631317 0.646896
vt 0.689448 0.596215
vt 0.687322 0.594087
vt 0.686223 0.592975
vt 0.630253 0.645750
vt 0.743302 0.543894
vt 0.741057 0.541886
vt 0.784228 0.503367
vt 0.781915 0.501443
vt 0.780739 0.500417
vt 0.739907 0.540824
vt 0.804316 0.476573
vt 0.805402 0.477633
vt 0.812481 0.470975
vt 0.811401 0.469874
vt 0.807516 0.479684
vt 0.814569 0.473122
vt 0.821695 0.466638
vt 0.819609 0.464417
vt 0.818526 0.463278
vt 0.911308 0.384901
vt 0.943900 0.348857
vt 0.941161 0.348035
vt 0.908808 0.383159
vt 0.968032 0.319521
vt 0.965136 0.319675
vt 0.957920 0.326595
vt 0.939888 0.347361
vt 0.907554 0.382190
vt 0.280201 0.958971
vt 0.311268 0.937308
vt 0.310671 0.934521
vt 0.280574 0.956115
vt 0.351292 0.906034
vt 0.349759 0.903417
vt 0.348896 0.902098
vt 0.310103 0.933204
vt 0.288025 0.949490
vt 0.856396 0.229824
vt 0.837115 0.249005
vt 0.840226 0.252054
vt 0.859775 0.232443
vt 0.809699 0.275154
vt 0.812576 0.278639
vt 0.824435 0.291710
vt 0.852752 0.264091
vt 0.873023 0.243428
vt 0.719651 0.387202
vt 0.727016 0.380114
vt 0.714903 0.367154
vt 0.707487 0.374298
vt 0.734398 0.373058
vt 0.722332 0.360037
vt 0.719274 0.356569
vt 0.711808 0.363760
vt 0.704350 0.370980
vt 0.679712 0.394805
vt 0.638420 0.434787
vt 0.641647 0.438084
vt 0.682956 0.398055
vt 0.584825 0.486254
vt 0.588002 0.489616
vt 0.600347 0.502624
vt 0.653993 0.451013
vt 0.695241 0.410939
vt 0.529956 0.538079
vt 0.533083 0.541484
vt 0.474502 0.589420
vt 0.477582 0.592847
vt 0.489642 0.606037
vt 0.545302 0.554598
vt 0.419150 0.639437
vt 0.422193 0.642867
vt 0.376347 0.677625
vt 0.379381 0.681035
vt 0.391281 0.694151
vt 0.434146 0.656042
vt 0.358543 0.693484
vt 0.361610 0.696845
vt 0.353062 0.698323
vt 0.356193 0.701631
vt 0.368138 0.714646
vt 0.373515 0.709906
vt 0.250027 0.795761
vt 0.220453 0.822484
vt 0.223202 0.825859
vt 0.253272 0.798916
vt 0.200081 0.840091
vt 0.202350 0.843707
vt 0.212202 0.857848
vt 0.234174 0.839367
vt 0.265343 0.811823
vt 0.192311 0.846478
vt 0.194454 0.850239
vt 0.189510 0.847939
vt 0.191731 0.851883
vt 0.201386 0.866425
vt 0.203981 0.864635
vt 0.880478 0.235692
vt 0.866941 0.225016
vt 0.882452 0.233245
vt 0.868776 0.222424
vt 0.865071 0.219815
vt 0.863406 0.222506
vt 0.215036 0.768353
vt 0.187647 0.797616
vt 0.193509 0.799090
vt 0.220428 0.771261
vt 0.162696 0.824179
vt 0.176531 0.817944
vt 0.184041 0.850769
vt 0.186397 0.855072
vt 0.178859 0.857461
vt 0.179757 0.859032
vt 0.180655 0.860604
vt 0.196295 0.869914
vt 0.266267 0.979981
vt 0.313214 0.949880
vt 0.312166 0.942894
vt 0.279012 0.964767
vt 0.360161 0.919779
vt 0.354259 0.911196
vt 0.457151 0.813314
vt 0.462086 0.809195
vt 0.461646 0.818560
vt 0.466376 0.815114
vt 0.471107 0.811668
vt 0.479933 0.794052
vt 0.528103 0.762000
vt 0.523591 0.756103
vt 0.585100 0.712332
vt 0.580333 0.705764
vt 0.642489 0.658878
vt 0.637431 0.653455
vt 0.699877 0.605425
vt 0.693644 0.600402
vt 0.753254 0.552746
vt 0.747732 0.547836
vt 0.806632 0.500068
vt 0.788795 0.507143
vt 0.811710 0.483717
vt 0.818707 0.477350
vt 0.816238 0.488926
vt 0.823869 0.482619
vt 0.831501 0.476313
vt 0.825821 0.471016
vt 0.922435 0.396410
vt 0.956313 0.351816
vt 0.949413 0.350205
vt 0.916238 0.388280
vt 0.990190 0.307222
vt 0.973944 0.318779
vt 0.886281 0.228448
vt 0.872331 0.217317
vt 0.878128 0.212148
vt 0.876747 0.210951
vt 0.875365 0.209755
vt 0.868314 0.214516
vt 0.844078 0.190349
vt 0.815282 0.213949
vt 0.816193 0.219998
vt 0.836569 0.204003
vt 0.785262 0.238163
vt 0.787708 0.243761
vt 0.693061 0.327297
vt 0.685307 0.335175
vt 0.688839 0.322848
vt 0.681031 0.330825
vt 0.673343 0.338817
vt 0.677622 0.343080
vt 0.648305 0.363029
vt 0.607028 0.402563
vt 0.611203 0.406885
vt 0.652448 0.367291
vt 0.553696 0.453433
vt 0.557893 0.457829
vt 0.499415 0.504804
vt 0.503518 0.509265
vt 0.444547 0.555963
vt 0.448540 0.560438
vt 0.389456 0.606198
vt 0.393425 0.610590
vt 0.346639 0.644759
vt 0.350631 0.649077
vt 0.328593 0.660896
vt 0.332618 0.665253
vt 0.322599 0.665918
vt 0.326672 0.670343
vt 0.210739 0.765738
vt 0.183181 0.795737
vt 0.184692 0.796566
vt 0.212225 0.766734
vt 0.170010 0.810914
vt 0.166498 0.816787
vt 0.110277 0.800318
vt 0.126101 0.811812
vt 0.123449 0.812537
vt 0.125231 0.813469
vt 0.127013 0.814401
vt 0.130902 0.813815
vt 0.022334 0.702062
vt 0.043861 0.682224
vt 0.042804 0.680960
vt 0.013990 0.708201
vt 0.083224 0.647056
vt 0.082209 0.645651
vt 0.080407 0.643778
vt 0.041675 0.679711
vt 0.002943 0.715644
vt 0.206600 0.531989
vt 0.207324 0.533713
vt 0.213275 0.526836
vt 0.211848 0.525729
vt 0.208812 0.534707
vt 0.214696 0.527880
vt 0.230820 0.511214
vt 0.229500 0.510090
vt 0.217096 0.519470
vt 0.269246 0.473339
vt 0.267959 0.472173
vt 0.320024 0.424016
vt 0.318754 0.422817
vt 0.316208 0.422448
vt 0.266652 0.470959
vt 0.373205 0.373007
vt 0.371985 0.371756
vt 0.427325 0.321872
vt 0.426161 0.320573
vt 0.425251 0.318492
vt 0.370729 0.370470
vt 0.480918 0.272169
vt 0.479786 0.270850
vt 0.522785 0.233945
vt 0.521715 0.232581
vt 0.531966 0.220525
vt 0.478608 0.269509
vt 0.547678 0.207973
vt 0.549727 0.208754
vt 0.561199 0.199933
vt 0.560337 0.198321
vt 0.550547 0.210337
vt 0.562045 0.201487
vt 0.573683 0.192426
vt 0.572778 0.190929
vt 0.572996 0.188669
vt 0.671918 0.099979
vt 0.706964 0.065122
vt 0.705810 0.063948
vt 0.670639 0.098810
vt 0.727749 0.044628
vt 0.734284 0.036589
vt 0.742264 0.025915
vt 0.704680 0.062701
vt 0.667096 0.099487
vt 0.831685 0.150018
vt 0.820317 0.136466
vt 0.830835 0.152617
vt 0.832422 0.151642
vt 0.832941 0.157241
vt 0.833158 0.153266
vt 0.843954 0.186241
vt 0.814154 0.208917
vt 0.814691 0.210700
vt 0.844016 0.188295
vt 0.783154 0.233559
vt 0.783952 0.235179
vt 0.686582 0.320491
vt 0.678724 0.328516
vt 0.685329 0.319177
vt 0.677423 0.327227
vt 0.669685 0.335279
vt 0.671019 0.336548
vt 0.644815 0.359495
vt 0.603539 0.398982
vt 0.604800 0.400259
vt 0.646086 0.360754
vt 0.550204 0.449788
vt 0.551458 0.451093
vt 0.496004 0.501095
vt 0.497228 0.502426
vt 0.441228 0.552229
vt 0.442418 0.553573
vt 0.386168 0.602516
vt 0.387339 0.603850
vt 0.343340 0.641109
vt 0.344509 0.642442
vt 0.325262 0.657161
vt 0.326446 0.658535
vt 0.319232 0.662107
vt 0.320432 0.663508
vt 0.315262 0.656765
vt 0.318058 0.660708
vt 0.324129 0.655765
vt 0.321470 0.651783
vt 0.342231 0.639742
vt 0.339572 0.635835
vt 0.385036 0.601165
vt 0.440053 0.550891
vt 0.436918 0.547219
vt 0.382163 0.597375
vt 0.494791 0.499776
vt 0.548960 0.448498
vt 0.545574 0.445020
vt 0.491515 0.496186
vt 0.602265 0.397739
vt 0.643517 0.358284
vt 0.639813 0.355197
vt 0.598720 0.394469
vt 0.664591 0.330881
vt 0.668377 0.334014
vt 0.676161 0.325935
vt 0.672592 0.322634
vt 0.684123 0.317859
vt 0.680806 0.314385
vt 0.813407 0.207266
vt 0.782243 0.232053
vt 0.836217 0.189945
vt 0.834038 0.185278
vt 0.811037 0.202958
vt 0.779692 0.228058
vt 0.845884 0.180984
vt 0.842816 0.178814
vt 0.844948 0.183599
vt 0.846640 0.182741
vt 0.845675 0.185369
vt 0.847396 0.184498
vt 0.847390 0.207997
vt 0.849119 0.201976
vt 0.844628 0.199282
vt 0.843329 0.205526
vt 0.848445 0.192625
vt 0.846261 0.191487
vt 0.840205 0.217774
vt 0.846492 0.211069
vt 0.842701 0.208670
vt 0.836646 0.215186
vt 0.819065 0.231547
vt 0.793153 0.254874
vt 0.796137 0.258562
vt 0.822308 0.234690
vt 0.704822 0.340128
vt 0.701623 0.336467
vt 0.693948 0.344104
vt 0.697183 0.347675
vt 0.686256 0.351792
vt 0.689532 0.355268
vt 0.619737 0.415744
vt 0.660920 0.376045
vt 0.566453 0.466810
vt 0.569791 0.470334
vt 0.623137 0.419189
vt 0.664341 0.379434
vt 0.511899 0.518372
vt 0.456726 0.569581
vt 0.459949 0.573183
vt 0.515177 0.521947
vt 0.401587 0.619584
vt 0.358844 0.657908
vt 0.362002 0.661495
vt 0.404762 0.623194
vt 0.340862 0.674080
vt 0.335000 0.679250
vt 0.338270 0.682698
vt 0.344055 0.677597
vt 0.204709 0.802950
vt 0.231053 0.777647
vt 0.187554 0.818990
vt 0.189780 0.822786
vt 0.207545 0.806467
vt 0.234496 0.780926
vt 0.177629 0.824805
vt 0.180787 0.824443
vt 0.179672 0.829105
vt 0.182797 0.828459
vt 0.163396 0.826537
vt 0.171304 0.825570
vt 0.164096 0.828896
vt 0.173485 0.830343
vt 0.159324 0.814032
vt 0.153399 0.822311
vt 0.158808 0.823607
vt 0.164131 0.815808
vt 0.156473 0.825551
vt 0.159585 0.824865
vt 0.181655 0.794924
vt 0.209322 0.764699
vt 0.205473 0.761873
vt 0.177440 0.792545
vt 0.988764 0.304716
vt 0.981380 0.306971
vt 0.987337 0.302211
vt 0.980212 0.304984
vt 0.974547 0.307187
vt 0.975490 0.308712
vt 0.735937 0.038219
vt 0.745029 0.027971
vt 0.737310 0.039151
vt 0.746846 0.028844
vt 0.747298 0.027212
vt 0.744781 0.026563
vt 0.674388 0.102080
vt 0.709383 0.067146
vt 0.708163 0.066150
vt 0.673151 0.101052
vt 0.551310 0.211838
vt 0.562860 0.202925
vt 0.551937 0.213661
vt 0.563743 0.203941
vt 0.576106 0.194779
vt 0.574571 0.193787
vt 0.429486 0.324314
vt 0.482958 0.274707
vt 0.481956 0.273442
vt 0.428418 0.323103
vt 0.524693 0.236627
vt 0.523748 0.235278
vt 0.322407 0.426240
vt 0.375480 0.375345
vt 0.374354 0.374187
vt 0.321226 0.425141
vt 0.233461 0.513182
vt 0.271730 0.475438
vt 0.270491 0.474408
vt 0.232125 0.512217
vt 0.210265 0.535587
vt 0.216104 0.528797
vt 0.212071 0.536426
vt 0.217609 0.529718
vt 0.016301 0.711431
vt 0.045648 0.684826
vt 0.044772 0.683516
vt 0.015487 0.709982
vt 0.085035 0.649750
vt 0.084152 0.648405
vt 0.004771 0.718590
vt 0.003340 0.718269
vt 0.003737 0.720895
vt 0.005493 0.720490
vt 0.267441 0.964453
vt 0.264840 0.969836
vt 0.266707 0.971189
vt 0.268875 0.965520
vt 0.261564 0.976596
vt 0.263915 0.978288
vt 0.278892 0.953370
vt 0.268688 0.961758
vt 0.269795 0.962710
vt 0.279819 0.954349
vt 0.346925 0.899576
vt 0.308362 0.930908
vt 0.309296 0.932030
vt 0.347939 0.900830
vt 0.471839 0.783010
vt 0.453983 0.798410
vt 0.454991 0.799625
vt 0.472876 0.784242
vt 0.448750 0.802873
vt 0.449745 0.804076
vt 0.571298 0.695382
vt 0.515083 0.745294
vt 0.516138 0.746525
vt 0.572372 0.696598
vt 0.683977 0.590677
vt 0.628068 0.643395
vt 0.629171 0.644584
vt 0.685110 0.591839
vt 0.778423 0.498215
vt 0.737612 0.538574
vt 0.738764 0.539716
vt 0.779582 0.499336
vt 0.817410 0.462148
vt 0.810289 0.468781
vt 0.816265 0.461010
vt 0.809148 0.467679
vt 0.802066 0.474442
vt 0.803203 0.475515
vt 0.962520 0.317779
vt 0.937725 0.345436
vt 0.938774 0.346460
vt 0.963425 0.318783
vt 0.905185 0.380014
vt 0.906360 0.381131
vt 0.972584 0.309425
vt 0.971722 0.308241
vt 0.313749 0.668737
vt 0.315939 0.671131
vt 0.312543 0.667379
vt 0.306054 0.672622
vt 0.307275 0.673923
vt 0.309492 0.676279
vt 0.320080 0.675574
vt 0.324188 0.679958
vt 0.313702 0.680704
vt 0.317886 0.685087
vt 0.326280 0.682175
vt 0.327407 0.683341
vt 0.320023 0.687315
vt 0.321186 0.688495
vt 0.328616 0.684569
vt 0.331997 0.687993
vt 0.322444 0.689729
vt 0.325934 0.693130
vt 0.356932 0.724640
vt 0.362440 0.719712
vt 0.350443 0.706730
vt 0.344883 0.711688
vt 0.347227 0.703454
vt 0.341587 0.708441
vt 0.444401 0.808997
vt 0.445411 0.810195
vt 0.443377 0.807777
vt 0.438215 0.812563
vt 0.439270 0.813803
vt 0.440319 0.815017
vt 0.441378 0.816202
vt 0.446421 0.811374
vt 0.443434 0.818486
vt 0.448378 0.813664
vt 0.447473 0.822998
vt 0.452228 0.818195
vt 0.452406 0.829136
vt 0.457026 0.823848
vt 0.189863 0.549891
vt 0.191846 0.550292
vt 0.199690 0.542022
vt 0.198232 0.540940
vt 0.193186 0.551386
vt 0.201108 0.543064
vt 0.194400 0.552435
vt 0.202444 0.544028
vt 0.195327 0.553949
vt 0.203440 0.544963
vt 0.279233 0.623155
vt 0.276676 0.625563
vt 0.286424 0.636423
vt 0.288825 0.634216
vt 0.274266 0.628150
vt 0.284256 0.638913
vt 0.285264 0.638800
vt 0.286938 0.637040
vt 0.288616 0.635296
vt 0.301616 0.667917
vt 0.304832 0.671364
vt 0.311350 0.666044
vt 0.308352 0.662329
vt 0.301885 0.678765
vt 0.304138 0.681106
vt 0.300623 0.677480
vt 0.295771 0.682129
vt 0.297086 0.683402
vt 0.299384 0.685720
vt 0.308401 0.685493
vt 0.312627 0.689838
vt 0.303700 0.690042
vt 0.307964 0.694320
vt 0.314771 0.692053
vt 0.315935 0.693221
vt 0.310109 0.696504
vt 0.311265 0.697648
vt 0.317219 0.694422
vt 0.320778 0.697756
vt 0.312562 0.698804
vt 0.316163 0.702061
vt 0.347726 0.732944
vt 0.352120 0.728966
vt 0.340033 0.716051
vt 0.335608 0.720067
vt 0.336687 0.712847
vt 0.332230 0.716910
vt 0.434666 0.817910
vt 0.435723 0.819111
vt 0.433611 0.816675
vt 0.429375 0.820416
vt 0.430422 0.821636
vt 0.431476 0.822813
vt 0.432569 0.823924
vt 0.436806 0.820263
vt 0.434700 0.826063
vt 0.438913 0.822482
vt 0.438866 0.830323
vt 0.443039 0.826881
vt 0.443946 0.835604
vt 0.448176 0.832370
vt 0.177753 0.562075
vt 0.179008 0.563275
vt 0.185263 0.557052
vt 0.183808 0.555983
vt 0.180420 0.564316
vt 0.186648 0.558104
vt 0.181690 0.565329
vt 0.187893 0.559125
vt 0.183285 0.566246
vt 0.189136 0.560153
vt 0.269450 0.639374
vt 0.266479 0.642233
vt 0.277754 0.654564
vt 0.281334 0.651079
vt 0.263332 0.644946
vt 0.273919 0.657768
vt 0.274043 0.662453
vt 0.280839 0.657929
vt 0.286126 0.651538
vt 0.290795 0.677792
vt 0.294406 0.680940
vt 0.299333 0.676262
vt 0.295931 0.672969
vt 0.292384 0.687972
vt 0.294736 0.690229
vt 0.291022 0.686743
vt 0.277538 0.699850
vt 0.278945 0.701016
vt 0.281393 0.703158
vt 0.299122 0.694456
vt 0.303449 0.698644
vt 0.285955 0.707193
vt 0.290454 0.711196
vt 0.305621 0.700782
vt 0.306787 0.701902
vt 0.292715 0.713244
vt 0.293915 0.714331
vt 0.308095 0.703034
vt 0.311725 0.706237
vt 0.295233 0.715452
vt 0.298878 0.718630
vt 0.330804 0.748999
vt 0.343474 0.736826
vt 0.331324 0.723984
vt 0.318591 0.736198
vt 0.327918 0.720872
vt 0.315169 0.733115
vt 0.426371 0.825299
vt 0.427432 0.826459
vt 0.425316 0.824094
vt 0.413104 0.836037
vt 0.414166 0.837248
vt 0.415226 0.838422
vt 0.416310 0.839542
vt 0.428533 0.827551
vt 0.418425 0.841685
vt 0.430684 0.829642
vt 0.422577 0.845925
vt 0.434892 0.833802
vt 0.436312 0.842388
vt 0.440129 0.838996
vt 0.163823 0.575428
vt 0.156329 0.583656
vt 0.172147 0.569936
vt 0.170788 0.568751
vt 0.157445 0.585002
vt 0.173430 0.571114
vt 0.158410 0.586336
vt 0.174559 0.572279
vt 0.162513 0.585337
vt 0.175572 0.573314
vt 0.251799 0.648173
vt 0.249442 0.650437
vt 0.259237 0.660861
vt 0.261451 0.658753
vt 0.247230 0.652852
vt 0.257257 0.663211
vt 0.258227 0.663104
vt 0.259773 0.661433
vt 0.261318 0.659751
vt 0.272034 0.695996
vt 0.276103 0.698744
vt 0.289605 0.685600
vt 0.285706 0.682691
vt 0.247934 0.731077
vt 0.250556 0.733034
vt 0.246484 0.729979
vt 0.255483 0.736712
vt 0.260352 0.740365
vt 0.262796 0.742247
vt 0.264061 0.743284
vt 0.265390 0.744402
vt 0.269037 0.747586
vt 0.301157 0.777849
vt 0.288821 0.765102
vt 0.285403 0.762025
vt 0.385459 0.865831
vt 0.386492 0.867069
vt 0.384406 0.864575
vt 0.389486 0.870654
vt 0.387512 0.868294
vt 0.398237 0.881084
vt 0.393381 0.875298
vt 0.124231 0.612482
vt 0.123200 0.611055
vt 0.122115 0.609603
vt 0.125962 0.615278
vt 0.125153 0.613861
vt 0.223137 0.713593
vt 0.219169 0.711168
vt 0.255172 0.680379
vt 0.247306 0.683217
vt 0.235134 0.671818
vt 0.206781 0.699225
vt 0.245073 0.728875
vt 0.241147 0.726040
vt 0.664149 0.343405
vt 0.666422 0.345666
vt 0.662839 0.342148
vt 0.670628 0.349904
vt 0.674774 0.354101
vt 0.676866 0.356237
vt 0.677974 0.357378
vt 0.679170 0.358584
vt 0.682528 0.361991
vt 0.713094 0.393573
vt 0.700870 0.380695
vt 0.697670 0.377432
vt 0.797014 0.481818
vt 0.798152 0.482877
vt 0.795866 0.480729
vt 0.801517 0.485865
vt 0.799289 0.483907
vt 0.811435 0.494497
vt 0.805930 0.489709
vt 0.541728 0.217246
vt 0.540797 0.215760
vt 0.539822 0.214249
vt 0.543486 0.220172
vt 0.542569 0.218682
vt 0.640067 0.324428
vt 0.636036 0.321441
vt 0.645753 0.316546
vt 0.640239 0.316195
vt 0.627972 0.303427
vt 0.623761 0.308499
vt 0.661525 0.340920
vt 0.657718 0.337868
vt 0.711153 0.318884
vt 0.707180 0.314362
vt 0.700262 0.320550
vt 0.704356 0.325015
vt 0.703164 0.309790
vt 0.696123 0.316043
vt 0.701007 0.307357
vt 0.693907 0.313653
vt 0.699811 0.305983
vt 0.692681 0.312314
vt 0.691512 0.310960
vt 0.688320 0.307391
vt 0.698679 0.304585
vt 0.695613 0.300903
vt 0.663587 0.271423
vt 0.659298 0.275210
vt 0.670496 0.288095
vt 0.675297 0.283731
vt 0.654950 0.278884
vt 0.665567 0.292276
vt 0.665191 0.297587
vt 0.673720 0.291486
vt 0.680556 0.283859
vt 0.583795 0.186264
vt 0.582925 0.184886
vt 0.584712 0.187631
vt 0.593114 0.180713
vt 0.592513 0.178974
vt 0.591635 0.177591
vt 0.582033 0.183375
vt 0.581130 0.181799
vt 0.590727 0.176085
vt 0.589263 0.174929
vt 0.831952 0.465122
vt 0.827909 0.460691
vt 0.836995 0.470643
vt 0.842489 0.464974
vt 0.837659 0.459515
vt 0.833709 0.455082
vt 0.825869 0.458440
vt 0.824808 0.457287
vt 0.831719 0.452827
vt 0.830684 0.451671
vt 0.829598 0.450535
vt 0.823704 0.456149
vt 0.828476 0.449394
vt 0.822568 0.455005
vt 0.741004 0.366784
vt 0.728987 0.353720
vt 0.747217 0.360936
vt 0.735246 0.347834
vt 0.732291 0.344297
vt 0.725978 0.350209
vt 0.718391 0.327482
vt 0.715333 0.323731
vt 0.708657 0.329828
vt 0.711790 0.333544
vt 0.714243 0.322388
vt 0.707532 0.328495
vt 0.713178 0.321166
vt 0.706439 0.327277
vt 0.731411 0.300791
vt 0.727846 0.295960
vt 0.714087 0.308159
vt 0.717894 0.312792
vt 0.724253 0.291066
vt 0.710242 0.303466
vt 0.722346 0.288442
vt 0.708186 0.300957
vt 0.721298 0.286956
vt 0.707053 0.299529
vt 0.705978 0.298082
vt 0.703167 0.294173
vt 0.720279 0.285476
vt 0.717689 0.281400
vt 0.676630 0.252960
vt 0.672898 0.256239
vt 0.682252 0.267582
vt 0.685792 0.264505
vt 0.669391 0.259764
vt 0.679045 0.271027
vt 0.680367 0.270730
vt 0.682848 0.268227
vt 0.685397 0.265809
vt 0.602706 0.170532
vt 0.601680 0.169264
vt 0.603551 0.171586
vt 0.617751 0.159402
vt 0.618081 0.156445
vt 0.616890 0.155309
vt 0.600627 0.167871
vt 0.599562 0.166415
vt 0.615672 0.154049
vt 0.609860 0.157900
vt 0.843500 0.454039
vt 0.839590 0.449610
vt 0.848380 0.459556
vt 0.854271 0.454138
vt 0.856298 0.442833
vt 0.852270 0.438465
vt 0.837617 0.447358
vt 0.836590 0.446201
vt 0.850231 0.436247
vt 0.849171 0.435104
vt 0.848083 0.433957
vt 0.835518 0.445057
vt 0.846972 0.432795
vt 0.834413 0.443906
vt 0.753420 0.355153
vt 0.741492 0.342010
vt 0.766374 0.343567
vt 0.754515 0.330357
vt 0.751654 0.326771
vt 0.738586 0.338448
vt 0.738210 0.309687
vt 0.735254 0.305881
vt 0.721931 0.317721
vt 0.724932 0.321499
vt 0.734217 0.304507
vt 0.720868 0.316366
vt 0.733235 0.303225
vt 0.719838 0.315126
vt 0.752089 0.266583
vt 0.755322 0.271788
vt 0.758537 0.276933
vt 0.749433 0.262269
vt 0.750386 0.263804
vt 0.748451 0.260794
vt 0.745887 0.256784
vt 0.721406 0.221079
vt 0.732436 0.234448
vt 0.696324 0.242844
vt 0.706577 0.256386
vt 0.703354 0.263752
vt 0.734620 0.238489
vt 0.642343 0.132218
vt 0.641098 0.131128
vt 0.643643 0.133205
vt 0.639801 0.129936
vt 0.638478 0.128694
vt 0.882872 0.420035
vt 0.878470 0.415833
vt 0.888353 0.425274
vt 0.876230 0.413705
vt 0.875071 0.412602
vt 0.872748 0.410316
vt 0.873914 0.411472
vt 0.778285 0.303374
vt 0.781108 0.306987
vt 0.792844 0.320311
vt 0.761098 0.280885
vt 0.762106 0.282292
vt 0.765024 0.286134
vt 0.760185 0.279532
vt 0.232149 0.719748
vt 0.196688 0.755513
vt 0.262725 0.689904
vt 0.268285 0.669689
vt 0.276899 0.676164
vt 0.282743 0.670644
vt 0.288332 0.665461
vt 0.294412 0.660046
vt 0.295183 0.645598
vt 0.301729 0.653833
vt 0.309193 0.647730
vt 0.315713 0.642648
vt 0.333749 0.626881
vt 0.375765 0.588722
vt 0.429851 0.538875
vt 0.484099 0.488046
vt 0.537899 0.437153
vt 0.590645 0.387110
vt 0.631325 0.348309
vt 0.648930 0.331137
vt 0.655823 0.324003
vt 0.656495 0.308062
vt 0.664370 0.315315
vt 0.673221 0.306606
vt 0.681025 0.299409
vt 0.688617 0.292677
vt 0.690631 0.276802
vt 0.696828 0.285363
vt 0.711929 0.272130
vt 0.740190 0.247641
vt 0.773971 0.218974
vt 0.805630 0.193201
vt 0.828990 0.174739
vt 0.837875 0.168001
vt 0.839521 0.167125
vt 0.858796 0.208228
vt 0.856290 0.213883
vt 0.861905 0.201190
vt 0.854992 0.216769
vt 0.848330 0.223794
vt 0.829733 0.241863
vt 0.802936 0.266892
vt 0.771671 0.294793
vt 0.744948 0.318265
vt 0.731775 0.330010
vt 0.725358 0.335925
vt 0.718905 0.341911
vt 0.712072 0.348381
vt 0.704519 0.355747
vt 0.696964 0.363151
vt 0.690125 0.369736
vt 0.672056 0.387143
vt 0.630808 0.427013
vt 0.577335 0.478321
vt 0.522592 0.530041
vt 0.467250 0.581331
vt 0.411978 0.631345
vt 0.369195 0.669589
vt 0.351320 0.685566
vt 0.345689 0.690534
vt 0.339640 0.695749
vt 0.333793 0.700812
vt 0.328768 0.705323
vt 0.324234 0.709502
vt 0.319859 0.713569
vt 0.307061 0.725889
vt 0.277258 0.754824
vt 0.242295 0.788364
vt 0.214013 0.814500
vt 0.194923 0.831469
vt 0.187532 0.837511
vt 0.184561 0.838581
vt 0.178734 0.840634
vt 0.171477 0.843178
vt 0.142049 0.818181
vt 0.148656 0.809493
vt 0.141743 0.819976
vt 0.167863 0.787016
vt 0.632454 0.293092
vt 0.642982 0.304158
vt 0.631918 0.294763
vt 0.642948 0.305926
vt 0.645473 0.304652
vt 0.645033 0.303160
vt 0.649794 0.300592
vt 0.648691 0.299660
vt 0.653700 0.296175
vt 0.652007 0.295848
vt 0.654981 0.293831
vt 0.653028 0.293915
vt 0.645372 0.281735
vt 0.643508 0.282246
vt 0.574011 0.204299
vt 0.569172 0.208293
vt 0.570037 0.209447
vt 0.574092 0.205969
vt 0.564681 0.212816
vt 0.566284 0.213368
vt 0.567752 0.212893
vt 0.570583 0.210214
vt 0.573412 0.207546
vt 0.273063 0.629791
vt 0.283377 0.640520
vt 0.272456 0.631421
vt 0.283189 0.642194
vt 0.285201 0.641454
vt 0.284973 0.640013
vt 0.288348 0.638749
vt 0.287487 0.637720
vt 0.291159 0.635614
vt 0.289702 0.635060
vt 0.292166 0.633587
vt 0.290404 0.633458
vt 0.282578 0.621678
vt 0.280878 0.622054
vt 0.210984 0.546706
vt 0.207828 0.549936
vt 0.208895 0.550777
vt 0.211445 0.548138
vt 0.205149 0.553546
vt 0.206748 0.553751
vt 0.207932 0.553332
vt 0.209596 0.551344
vt 0.211270 0.549375
vt 0.246115 0.654398
vt 0.256456 0.664731
vt 0.245651 0.655901
vt 0.256389 0.666285
vt 0.258291 0.665558
vt 0.257988 0.664245
vt 0.261199 0.662904
vt 0.260341 0.662026
vt 0.263756 0.659863
vt 0.262375 0.659464
vt 0.264605 0.657972
vt 0.262953 0.657955
vt 0.254947 0.646669
vt 0.253354 0.647082
vt 0.183682 0.574883
vt 0.180653 0.577714
vt 0.181575 0.578540
vt 0.184020 0.576203
vt 0.178067 0.580930
vt 0.179517 0.581225
vt 0.180638 0.580894
vt 0.182213 0.579111
vt 0.183816 0.577359
vt 0.667766 0.261935
vt 0.677803 0.273211
vt 0.667064 0.263758
vt 0.677556 0.275148
vt 0.680058 0.273998
vt 0.679836 0.272341
vt 0.684569 0.270078
vt 0.683561 0.269018
vt 0.688708 0.265762
vt 0.686964 0.265345
vt 0.690096 0.263427
vt 0.688032 0.263426
vt 0.680906 0.251078
vt 0.678933 0.251529
vt 0.612238 0.172192
vt 0.607261 0.176326
vt 0.608204 0.177442
vt 0.612302 0.173937
vt 0.602673 0.180949
vt 0.604453 0.181367
vt 0.606132 0.180882
vt 0.608909 0.178278
vt 0.611645 0.175631
vt 0.959832 0.294503
vt 0.964926 0.291225
vt 0.925594 0.259725
vt 0.921147 0.263810
vt 0.984157 0.297163
vt 0.931142 0.254655
vt 0.751437 0.029861
vt 0.759748 0.045868
vt 0.790149 0.091127
vt 0.791561 0.089940
vt 0.749756 0.055725
vt 0.780530 0.099869
vt 0.754500 0.123721
vt 0.721082 0.154479
vt 0.722184 0.082660
vt 0.687689 0.116473
vt 0.656926 0.146965
vt 0.689297 0.183940
vt 0.635152 0.168760
vt 0.665934 0.205660
vt 0.651834 0.217920
vt 0.649708 0.219809
vt 0.653315 0.216722
vt 0.625326 0.182620
vt 0.624450 0.184469
vt 0.622641 0.186711
vt 0.618912 0.190443
vt 0.645909 0.223355
vt 0.614977 0.193940
vt 0.642122 0.226910
vt 0.612555 0.195480
vt 0.640030 0.228821
vt 0.610485 0.196017
vt 0.638585 0.230062
vt 0.601506 0.198588
vt 0.596871 0.202296
vt 0.628072 0.238804
vt 0.632334 0.235240
vt 0.592340 0.206079
vt 0.623836 0.242345
vt 0.615198 0.249229
vt 0.613222 0.251052
vt 0.616612 0.248063
vt 0.587461 0.214622
vt 0.586612 0.216351
vt 0.584861 0.218401
vt 0.580881 0.222273
vt 0.609240 0.254831
vt 0.576761 0.225956
vt 0.605278 0.258602
vt 0.574593 0.227443
vt 0.603364 0.260403
vt 0.572708 0.227858
vt 0.602085 0.261513
vt 0.590171 0.271928
vt 0.572309 0.288554
vt 0.595100 0.267371
vt 0.562401 0.231082
vt 0.556664 0.235207
vt 0.537887 0.251390
vt 0.531533 0.326541
vt 0.478833 0.375883
vt 0.496383 0.289292
vt 0.443192 0.338760
vt 0.425197 0.426574
vt 0.371870 0.477213
vt 0.389354 0.389639
vt 0.336288 0.440393
vt 0.320092 0.526399
vt 0.280550 0.563942
vt 0.285415 0.489492
vt 0.247018 0.527143
vt 0.231379 0.543555
vt 0.263931 0.579650
vt 0.227964 0.548097
vt 0.259880 0.583410
vt 0.252411 0.589991
vt 0.250953 0.591483
vt 0.253603 0.588898
vt 0.224166 0.556479
vt 0.223631 0.558145
vt 0.222503 0.559906
vt 0.220137 0.562746
vt 0.248427 0.594151
vt 0.217593 0.565445
vt 0.245887 0.596836
vt 0.215928 0.566781
vt 0.244392 0.598379
vt 0.214154 0.567447
vt 0.243146 0.599590
vt 0.205286 0.570543
vt 0.202211 0.573420
vt 0.234415 0.607803
vt 0.237228 0.605147
vt 0.199256 0.576466
vt 0.231567 0.610479
vt 0.224856 0.616430
vt 0.223453 0.617838
vt 0.225984 0.615389
vt 0.196620 0.584411
vt 0.196085 0.585954
vt 0.194962 0.587572
vt 0.192723 0.590128
vt 0.221096 0.620285
vt 0.190333 0.592544
vt 0.218738 0.622737
vt 0.188758 0.593746
vt 0.217334 0.624164
vt 0.187131 0.594239
vt 0.216237 0.625219
vt 0.172511 0.664515
vt 0.134915 0.699140
vt 0.202036 0.638027
vt 0.169278 0.603846
vt 0.138442 0.629544
vt 0.098610 0.663853
vt 0.100336 0.732847
vt 0.075233 0.758129
vt 0.060534 0.698480
vt 0.032293 0.724859
vt 0.021967 0.734425
vt 0.066062 0.767482
vt 0.006268 0.725206
vt 0.064859 0.768871
vt 0.224226 0.911668
vt 0.228634 0.907575
vt 0.218752 0.916775
vt 0.256850 0.972946
vt 0.252393 0.953451
vt 0.256009 0.948726
vt 0.230910 0.905511
vt 0.240109 0.898046
vt 0.257901 0.946369
vt 0.268041 0.938231
vt 0.265283 0.877752
vt 0.299557 0.848476
vt 0.296405 0.916164
vt 0.333782 0.885193
vt 0.370964 0.850342
vt 0.336056 0.814061
vt 0.399782 0.821827
vt 0.365290 0.785383
vt 0.412068 0.809862
vt 0.377769 0.773317
vt 0.416164 0.806136
vt 0.381943 0.769513
vt 0.420415 0.802338
vt 0.386263 0.765625
vt 0.425052 0.798188
vt 0.390986 0.761387
vt 0.430310 0.793406
vt 0.396371 0.756535
vt 0.435767 0.788502
vt 0.401949 0.751552
vt 0.407251 0.746923
vt 0.425031 0.731308
vt 0.441002 0.783983
vt 0.458806 0.768508
vt 0.468044 0.693368
vt 0.523834 0.643415
vt 0.501969 0.730736
vt 0.558054 0.680832
vt 0.579946 0.591762
vt 0.635338 0.539492
vt 0.614623 0.628962
vt 0.670366 0.576391
vt 0.688964 0.487684
vt 0.730022 0.447503
vt 0.723975 0.524385
vt 0.764841 0.484096
vt 0.782358 0.466674
vt 0.747707 0.430113
vt 0.788626 0.460398
vt 0.754119 0.423793
vt 0.795744 0.453549
vt 0.761358 0.416824
vt 0.802892 0.446774
vt 0.768621 0.409908
vt 0.809251 0.440722
vt 0.775104 0.403745
vt 0.815226 0.435078
vt 0.781199 0.397999
vt 0.821222 0.429531
vt 0.787298 0.392333
vt 0.833826 0.418338
vt 0.800074 0.380943
vt 0.826199 0.358025
vt 0.858142 0.328727
vt 0.859622 0.395757
vt 0.891919 0.365759
vt 0.888375 0.298197
vt 0.910695 0.274556
vt 0.924029 0.332316
vt 0.948354 0.305709
vt 0.957298 0.296217
vt 0.918900 0.265923
vt 0.569441 0.228327
vt 0.600026 0.263211
vt 0.566297 0.228832
vt 0.598064 0.264802
vt 0.630432 0.300160
vt 0.631195 0.297536
vt 0.642937 0.308928
vt 0.646153 0.307188
vt 0.642743 0.311927
vt 0.646570 0.309865
vt 0.653485 0.303735
vt 0.651743 0.302114
vt 0.659826 0.297161
vt 0.656826 0.296664
vt 0.661931 0.293769
vt 0.658521 0.293795
vt 0.651710 0.280568
vt 0.648617 0.281120
vt 0.589948 0.208960
vt 0.588739 0.211714
vt 0.618906 0.246256
vt 0.621075 0.244571
vt 0.574223 0.198744
vt 0.566090 0.204734
vt 0.567702 0.206406
vt 0.574113 0.201459
vt 0.558421 0.211394
vt 0.561671 0.211966
vt 0.564781 0.229354
vt 0.597077 0.265592
vt 0.629776 0.301386
vt 0.642159 0.313686
vt 0.646223 0.311782
vt 0.653968 0.304960
vt 0.661142 0.297508
vt 0.663496 0.293715
vt 0.653121 0.280246
vt 0.590590 0.207691
vt 0.622110 0.243767
vt 0.564795 0.204228
vt 0.574165 0.197451
vt 0.556102 0.211678
vt 0.680663 0.278502
vt 0.687457 0.272884
vt 0.686049 0.271531
vt 0.680368 0.276320
vt 0.693788 0.266854
vt 0.691315 0.266337
vt 0.695922 0.263752
vt 0.693105 0.263589
vt 0.686171 0.250477
vt 0.683648 0.250741
vt 0.627078 0.177722
vt 0.626258 0.180069
vt 0.655173 0.215246
vt 0.656848 0.213926
vt 0.612293 0.167301
vt 0.604695 0.173240
vt 0.605927 0.174747
vt 0.612236 0.169690
vt 0.597501 0.179788
vt 0.600018 0.180353
vt 0.607612 0.196507
vt 0.636742 0.231605
vt 0.604962 0.196913
vt 0.635069 0.232988
vt 0.665681 0.268518
vt 0.666329 0.266242
vt 0.677333 0.277852
vt 0.677141 0.280368
vt 0.688245 0.273641
vt 0.680836 0.279742
vt 0.695132 0.267094
vt 0.697410 0.263753
vt 0.687488 0.250244
vt 0.627623 0.176482
vt 0.657776 0.213192
vt 0.604059 0.172338
vt 0.612405 0.165895
vt 0.596137 0.179468
vt 0.603565 0.197200
vt 0.634133 0.233750
vt 0.665240 0.269718
vt 0.676988 0.281741
vt 0.211278 0.568133
vt 0.241358 0.601279
vt 0.208478 0.568768
vt 0.239643 0.602883
vt 0.271251 0.636455
vt 0.271836 0.633977
vt 0.283091 0.644887
vt 0.285589 0.643776
vt 0.282974 0.647563
vt 0.285952 0.646102
vt 0.291324 0.641969
vt 0.289797 0.640413
vt 0.296301 0.637317
vt 0.293660 0.636575
vt 0.298095 0.634303
vt 0.295120 0.634039
vt 0.287924 0.621134
vt 0.285302 0.621443
vt 0.225425 0.551479
vt 0.224749 0.553925
vt 0.255329 0.587428
vt 0.257006 0.586018
vt 0.209837 0.541848
vt 0.204443 0.547061
vt 0.206059 0.548548
vt 0.210265 0.544366
vt 0.199665 0.552760
vt 0.202406 0.553142
vt 0.206928 0.569282
vt 0.238619 0.603840
vt 0.270748 0.637851
vt 0.282732 0.649186
vt 0.286108 0.647556
vt 0.292417 0.642670
vt 0.298180 0.637212
vt 0.299920 0.633867
vt 0.289316 0.620532
vt 0.226238 0.550137
vt 0.258048 0.585106
vt 0.203838 0.545920
vt 0.210252 0.539884
vt 0.198073 0.552616
vt 0.184584 0.594525
vt 0.214798 0.626560
vt 0.182025 0.594749
vt 0.213394 0.627845
vt 0.245177 0.660467
vt 0.245392 0.658186
vt 0.256610 0.668738
vt 0.258875 0.667644
vt 0.256840 0.671255
vt 0.259443 0.669834
vt 0.264041 0.665834
vt 0.262609 0.664332
vt 0.268323 0.661401
vt 0.266008 0.660616
vt 0.269974 0.658682
vt 0.267267 0.658307
vt 0.259903 0.646267
vt 0.257423 0.646439
vt 0.197536 0.579760
vt 0.197093 0.582082
vt 0.227515 0.614044
vt 0.229021 0.612745
vt 0.182609 0.570612
vt 0.177620 0.575007
vt 0.179169 0.576373
vt 0.183141 0.572791
vt 0.173137 0.579771
vt 0.175666 0.580334
vt 0.180365 0.595052
vt 0.212401 0.628736
vt 0.244845 0.661955
vt 0.256801 0.672997
vt 0.259699 0.671457
vt 0.264966 0.666933
vt 0.269890 0.661896
vt 0.271758 0.658822
vt 0.261506 0.646030
vt 0.197977 0.578233
vt 0.230070 0.611841
vt 0.176507 0.574106
vt 0.182302 0.569031
vt 0.171305 0.579577
vt 0.978929 0.303024
vt 0.973480 0.305706
vt 0.985747 0.299687
vt 0.748533 0.029958
vt 0.749368 0.028536
vt 0.738632 0.040236
vt 0.710601 0.068225
vt 0.675679 0.103113
vt 0.623725 0.156072
vt 0.645106 0.134087
vt 0.615991 0.165487
vt 0.616379 0.163996
vt 0.614947 0.171033
vt 0.615479 0.168174
vt 0.614495 0.173044
vt 0.613047 0.175329
vt 0.605694 0.182333
vt 0.609528 0.179015
vt 0.601131 0.183580
vt 0.603299 0.183521
vt 0.595015 0.183430
vt 0.597975 0.183514
vt 0.591069 0.184872
vt 0.593436 0.183431
vt 0.580578 0.193503
vt 0.585744 0.189107
vt 0.578253 0.196918
vt 0.578685 0.195429
vt 0.576684 0.203221
vt 0.577467 0.200005
vt 0.576263 0.205101
vt 0.574852 0.207167
vt 0.567114 0.214417
vt 0.571097 0.210945
vt 0.563050 0.215482
vt 0.565017 0.215565
vt 0.555787 0.215228
vt 0.559453 0.215259
vt 0.550652 0.217618
vt 0.553610 0.215717
vt 0.544644 0.221818
vt 0.525711 0.238039
vt 0.483979 0.276003
vt 0.430577 0.325552
vt 0.376631 0.376529
vt 0.323614 0.427364
vt 0.273000 0.476485
vt 0.234873 0.514190
vt 0.215859 0.535637
vt 0.219320 0.530774
vt 0.213267 0.540038
vt 0.214012 0.538177
vt 0.213195 0.545651
vt 0.213111 0.542864
vt 0.213167 0.547394
vt 0.212400 0.549132
vt 0.207854 0.554448
vt 0.210268 0.551905
vt 0.204373 0.555741
vt 0.206236 0.555495
vt 0.198081 0.556028
vt 0.201220 0.555879
vt 0.194239 0.557707
vt 0.196258 0.556305
vt 0.187034 0.565006
vt 0.190513 0.561227
vt 0.185657 0.568956
vt 0.185757 0.567185
vt 0.185762 0.574012
vt 0.185709 0.571513
vt 0.185665 0.575609
vt 0.184874 0.577203
vt 0.180568 0.581948
vt 0.182845 0.579688
vt 0.177317 0.582957
vt 0.179032 0.582863
vt 0.171606 0.582538
vt 0.174505 0.582751
vt 0.158128 0.591272
vt 0.169628 0.582612
vt 0.126659 0.616819
vt 0.085919 0.651145
vt 0.046603 0.686144
vt 0.017276 0.712841
vt 0.006501 0.722265
vt 0.005003 0.723050
vt 0.263000 0.968382
vt 0.266049 0.963270
vt 0.259207 0.974771
vt 0.267608 0.960715
vt 0.277967 0.952335
vt 0.307415 0.929751
vt 0.345889 0.898295
vt 0.412015 0.834804
vt 0.383328 0.863296
vt 0.428299 0.819177
vt 0.424233 0.822868
vt 0.437135 0.811302
vt 0.432529 0.815419
vt 0.447729 0.801645
vt 0.442330 0.806533
vt 0.452949 0.797171
vt 0.470779 0.781754
vt 0.514004 0.744038
vt 0.570201 0.694141
vt 0.626941 0.642180
vt 0.682821 0.589490
vt 0.736436 0.537406
vt 0.777242 0.497067
vt 0.800907 0.473342
vt 0.794696 0.479614
vt 0.815100 0.459847
vt 0.807987 0.466551
vt 0.827335 0.448226
vt 0.821411 0.453836
vt 0.845839 0.431605
vt 0.833287 0.442726
vt 0.871561 0.409132
vt 0.903986 0.378872
vt 0.936644 0.344392
vt 0.961563 0.316769
vt 0.970766 0.307081
vn -0.060614 -0.870657 0.488142
vn -0.055151 -0.827764 0.558359
vn -0.111060 -0.789447 0.603687
vn -0.070431 -0.864508 0.497660
vn -0.014211 -0.683234 0.730061
vn -0.156128 -0.694075 0.702768
vn -0.112733 -0.705017 0.700173
vn -0.082786 -0.784732 0.614282
vn -0.066418 -0.862572 0.501556
vn -0.072515 -0.904068 0.421191
vn -0.072857 -0.904281 0.420675
vn -0.111479 -0.961244 0.252156
vn -0.111462 -0.961246 0.252155
vn -0.111483 -0.961243 0.252158
vn -0.073037 -0.904673 0.419800
vn -0.155374 -0.987476 0.027396
vn -0.155374 -0.987476 0.027396
vn -0.191028 -0.961238 -0.198819
vn -0.191032 -0.961238 -0.198816
vn -0.191005 -0.961243 -0.198820
vn -0.155373 -0.987476 0.027396
vn -0.212449 -0.903694 -0.371756
vn -0.212378 -0.904030 -0.370980
vn -0.236199 -0.858939 -0.454349
vn -0.236585 -0.861690 -0.448908
vn -0.223003 -0.866868 -0.445881
vn -0.212119 -0.904309 -0.370447
vn -0.226146 -0.816374 -0.531406
vn -0.232639 -0.615681 -0.752872
vn -0.042336 -0.630386 -0.775126
vn 0.140381 -0.832272 -0.536299
vn -0.218342 -0.359996 -0.907045
vn 0.148837 -0.371007 -0.916625
vn 0.558654 -0.454482 -0.693795
vn 0.566351 -0.528722 -0.632218
vn 0.603343 -0.584299 -0.542745
vn -0.214543 -0.534866 -0.817245
vn -0.173841 -0.461695 -0.869837
vn -0.171182 -0.454303 -0.874246
vn -0.212182 -0.530096 -0.820961
vn -0.145872 -0.377049 -0.914634
vn -0.144712 -0.370842 -0.917352
vn -0.148037 -0.355252 -0.922974
vn -0.171593 -0.437710 -0.882590
vn -0.209949 -0.518964 -0.828612
vn 0.177629 -0.375477 0.909651
vn 0.135805 -0.466431 0.874070
vn 0.133736 -0.458275 0.878692
vn 0.174939 -0.367928 0.913250
vn 0.077236 -0.543569 0.835804
vn 0.076640 -0.539082 0.838759
vn 0.079371 -0.530491 0.843967
vn 0.135162 -0.441309 0.887118
vn 0.173687 -0.349698 0.920622
vn -0.972471 0.157803 0.171457
vn -0.972476 0.157762 0.171468
vn -0.955214 0.288163 0.067295
vn -0.947953 0.308305 0.079582
vn -0.972478 0.157740 0.171481
vn -0.955230 0.291842 0.048629
vn -0.654321 0.659978 -0.369179
vn -0.661348 0.680236 -0.316065
vn -0.626316 0.738706 -0.249083
vn -0.972472 0.157787 0.171467
vn -0.972476 0.157750 0.171481
vn -0.945126 0.312440 0.095488
vn -0.940182 0.316094 0.127049
vn -0.615929 0.765026 -0.188060
vn -0.597318 0.799638 -0.061565
vn -0.972476 0.157757 0.171471
vn -0.972477 0.157749 0.171473
vn -0.932648 0.321128 0.164451
vn -0.927009 0.315903 0.202139
vn -0.564716 0.819256 0.099575
vn -0.540321 0.799582 0.262149
vn -0.972468 0.157792 0.171486
vn -0.972484 0.157725 0.171458
vn -0.920827 0.312196 0.233690
vn -0.918287 0.306508 0.250603
vn -0.514618 0.764457 0.388296
vn -0.504358 0.734205 0.454495
vn -0.499497 0.609158 0.615979
vn -0.917167 0.275382 0.288045
vn -0.915806 0.284621 0.283356
vn -0.494374 0.639780 0.588452
vn -0.972470 0.157779 0.171486
vn -0.972464 0.157781 0.171520
vn -0.972484 0.157751 0.171436
vn -0.914271 0.285877 0.287025
vn -0.488628 0.637217 0.595984
vn -0.969740 0.174736 0.170503
vn -0.977262 0.104287 0.184618
vn -0.921557 0.197106 0.334488
vn -0.804057 0.351862 0.479255
vn -0.974309 0.127928 0.185357
vn -0.918685 0.225869 0.324039
vn -0.500282 0.502533 0.705108
vn -0.513523 0.455804 0.727006
vn -0.475323 0.457199 0.751690
vn -0.978578 0.130049 0.159598
vn -0.981282 0.105862 0.160868
vn -0.979475 0.201565 0.000865
vn -0.973323 0.229187 0.010772
vn -0.969407 0.175842 0.171258
vn -0.919267 0.352281 -0.175629
vn -0.742902 0.441048 -0.503561
vn -0.731621 0.458320 -0.504653
vn -0.709932 0.506953 -0.488872
vn 0.683615 0.427471 -0.591557
vn 0.959912 -0.030788 -0.278606
vn 0.964344 -0.034904 -0.262341
vn 0.713564 0.439711 -0.545419
vn 0.972472 -0.157751 -0.171501
vn 0.972471 -0.157769 -0.171489
vn 0.972477 -0.157722 -0.171501
vn 0.967976 -0.016153 -0.250524
vn 0.722133 0.501483 -0.476486
vn 0.972472 -0.157784 -0.171469
vn 0.971610 -0.012434 -0.236260
vn 0.972478 -0.157738 -0.171481
vn 0.978138 -0.009818 -0.207723
vn 0.776339 0.555092 -0.298615
vn 0.740849 0.525298 -0.418574
vn 0.972480 -0.157732 -0.171473
vn 0.984796 -0.004925 -0.173645
vn 0.972484 -0.157721 -0.171464
vn 0.990200 -0.009686 -0.139319
vn 0.831618 0.555143 0.015094
vn 0.805938 0.574690 -0.142107
vn 0.972475 -0.157763 -0.171474
vn 0.993834 -0.012674 -0.110156
vn 0.972482 -0.157741 -0.171453
vn 0.995360 -0.017733 -0.094577
vn 0.842968 0.496782 0.206430
vn 0.839596 0.524656 0.140763
vn 0.846247 0.404951 0.346238
vn 0.997464 -0.036403 -0.061165
vn 0.997193 -0.037692 -0.064691
vn 0.849627 0.405637 0.337035
vn 0.972483 -0.157746 -0.171442
vn 0.972488 -0.157705 -0.171453
vn 0.972473 -0.157771 -0.171480
vn 0.997092 -0.046245 -0.060568
vn 0.853836 0.374180 0.361874
vn 0.973942 -0.134950 -0.182278
vn 0.976712 -0.112237 -0.182858
vn 0.998234 -0.051035 -0.030400
vn 0.997033 -0.061190 -0.046702
vn 0.982303 -0.055581 -0.178862
vn 0.975523 0.084556 0.202991
vn 0.824601 0.168632 0.539997
vn 0.828130 0.181836 0.530224
vn 0.850954 0.231122 0.471657
vn 0.984255 -0.054977 -0.167989
vn 0.980193 -0.113112 -0.162568
vn 0.948650 -0.052479 -0.311943
vn 0.847221 0.084894 -0.524413
vn 0.977171 -0.136831 -0.162526
vn 0.952899 -0.061240 -0.297040
vn 0.639636 0.237543 -0.731053
vn 0.597417 0.185481 -0.780186
vn 0.542967 0.186762 -0.818722
vn 0.123518 0.526625 0.841077
vn 0.169130 0.499989 0.849356
vn 0.173417 0.490440 0.854047
vn 0.128833 0.517010 0.846229
vn 0.213116 0.551739 0.806329
vn 0.215037 0.546403 0.809446
vn 0.214002 0.535983 0.816655
vn 0.174956 0.470371 0.864952
vn 0.133587 0.492742 0.859860
vn 0.232089 0.721295 0.652585
vn 0.231869 0.728120 0.645041
vn 0.231867 0.728115 0.645048
vn 0.232073 0.721290 0.652597
vn 0.232796 0.689511 0.685843
vn 0.232802 0.689515 0.685837
vn 0.232793 0.689514 0.685841
vn 0.231858 0.728111 0.645055
vn 0.232070 0.721290 0.652597
vn 0.220822 0.858698 0.462467
vn 0.212244 0.903443 0.372484
vn 0.212256 0.903441 0.372481
vn 0.220832 0.858696 0.462465
vn 0.191031 0.961239 0.198815
vn 0.191024 0.961240 0.198817
vn 0.190995 0.961244 0.198823
vn 0.212248 0.903442 0.372483
vn 0.220853 0.858694 0.462460
vn 0.155370 0.987476 -0.027397
vn 0.155375 0.987476 -0.027399
vn 0.111469 0.961246 -0.252153
vn 0.111469 0.961245 -0.252155
vn 0.111492 0.961241 -0.252160
vn 0.155371 0.987476 -0.027396
vn 0.072351 0.904023 -0.421318
vn 0.072356 0.904021 -0.421321
vn 0.051664 0.863697 -0.501357
vn 0.051659 0.863700 -0.501353
vn 0.051719 0.863688 -0.501366
vn 0.072371 0.904018 -0.421323
vn 0.021896 0.794525 -0.606836
vn 0.021893 0.794525 -0.606837
vn 0.005654 0.751695 -0.659487
vn 0.005653 0.751692 -0.659490
vn 0.005663 0.751696 -0.659485
vn 0.021895 0.794518 -0.606846
vn -0.073161 0.554999 -0.828627
vn -0.128615 0.502316 -0.855065
vn -0.133414 0.493837 -0.859259
vn -0.076924 0.549995 -0.831618
vn -0.168923 0.527502 -0.832590
vn -0.172200 0.519141 -0.837162
vn -0.171755 0.497227 -0.850450
vn -0.136444 0.474628 -0.869546
vn -0.082045 0.538319 -0.838738
vn -0.140749 0.884628 -0.444548
vn -0.142344 0.882467 -0.448319
vn -0.070753 0.997416 0.012453
vn -0.070744 0.997417 0.012464
vn -0.070739 0.997417 0.012490
vn -0.142561 0.876056 -0.460654
vn 0.025814 0.873916 0.485392
vn 0.022361 0.880774 0.473008
vn -0.070745 0.997417 0.012453
vn -0.070743 0.997417 0.012466
vn -0.070751 0.997416 0.012490
vn 0.019498 0.882987 0.468992
vn -0.978280 0.131466 0.160265
vn -0.980779 0.109113 0.161761
vn -0.981028 0.107478 0.161348
vn -0.978442 0.130660 0.159935
vn -0.969742 0.174285 0.170953
vn -0.969513 0.175495 0.171015
vn -0.070760 0.997415 0.012480
vn -0.070754 0.997416 0.012484
vn -0.070747 0.997417 0.012440
vn -0.070744 0.997417 0.012460
vn -0.070739 0.997416 0.012507
vn -0.070743 0.997417 0.012475
vn 0.984381 -0.051484 -0.168354
vn 0.980130 -0.114043 -0.162297
vn 0.980047 -0.114196 -0.162686
vn 0.984081 -0.057175 -0.168270
vn 0.977126 -0.137095 -0.162573
vn 0.977077 -0.137281 -0.162709
vn 0.972472 -0.157782 -0.171474
vn 0.972476 -0.157780 -0.171454
vn 0.972466 -0.157770 -0.171520
vn 0.972473 -0.157787 -0.171460
vn 0.972473 -0.157786 -0.171465
vn 0.972474 -0.157770 -0.171473
vn 0.972472 -0.157793 -0.171463
vn 0.972472 -0.157797 -0.171462
vn 0.972485 -0.157685 -0.171487
vn 0.972483 -0.157705 -0.171484
vn 0.972464 -0.157829 -0.171477
vn 0.972476 -0.157753 -0.171475
vn 0.972479 -0.157744 -0.171467
vn 0.972477 -0.157756 -0.171472
vn 0.972459 -0.157830 -0.171504
vn 0.972469 -0.157790 -0.171485
vn 0.972463 -0.157809 -0.171499
vn 0.972472 -0.157778 -0.171479
vn 0.972468 -0.157803 -0.171477
vn 0.972473 -0.157765 -0.171485
vn 0.972488 -0.157740 -0.171422
vn 0.972467 -0.157790 -0.171494
vn 0.972470 -0.157777 -0.171491
vn 0.972473 -0.157766 -0.171482
vn 0.973976 -0.135146 -0.181952
vn 0.976739 -0.112846 -0.182334
vn 0.976657 -0.113202 -0.182554
vn 0.973933 -0.135345 -0.182035
vn 0.982655 -0.051894 -0.178032
vn 0.982253 -0.057849 -0.178414
vn -0.070741 0.997417 0.012476
vn -0.070756 0.997416 0.012484
vn -0.070742 0.997417 0.012439
vn -0.070740 0.997417 0.012469
vn -0.070755 0.997415 0.012503
vn -0.070762 0.997415 0.012480
vn -0.972201 0.158370 0.172463
vn -0.976962 0.108099 0.184012
vn -0.977115 0.106244 0.184279
vn -0.969724 0.174398 0.170939
vn -0.974202 0.129628 0.184736
vn -0.974259 0.128833 0.184989
vn -0.972465 0.157797 0.171501
vn -0.972464 0.157786 0.171514
vn -0.972477 0.157760 0.171464
vn -0.972469 0.157777 0.171494
vn -0.972453 0.157808 0.171555
vn -0.972465 0.157784 0.171509
vn -0.972465 0.157805 0.171495
vn -0.972473 0.157775 0.171476
vn -0.972473 0.157776 0.171475
vn -0.972484 0.157729 0.171452
vn -0.972462 0.157831 0.171485
vn -0.972474 0.157767 0.171473
vn -0.972474 0.157771 0.171474
vn -0.972472 0.157785 0.171471
vn -0.972471 0.157799 0.171465
vn -0.972476 0.157753 0.171478
vn -0.972475 0.157755 0.171482
vn -0.972474 0.157772 0.171470
vn -0.972473 0.157822 0.171433
vn -0.972476 0.157726 0.171503
vn -0.972469 0.157763 0.171505
vn -0.972470 0.157791 0.171475
vn -0.972477 0.157811 0.171420
vn -0.972469 0.157777 0.171492
vn -0.639460 -0.307053 0.704847
vn -0.602325 -0.285950 0.745276
vn -0.951968 0.023393 0.305302
vn -0.955412 0.038742 0.292723
vn -0.555564 -0.281578 0.782344
vn -0.855461 -0.008727 0.517794
vn 0.094642 0.590701 0.801321
vn 0.096478 0.584166 0.805880
vn -0.070750 0.997417 0.012406
vn -0.070738 0.997417 0.012469
vn -0.070754 0.997415 0.012537
vn 0.098565 0.581917 0.807253
vn 0.834645 -0.275272 0.477068
vn 0.799162 -0.320436 0.508587
vn 0.985836 -0.165931 -0.024393
vn 0.955376 -0.172494 0.239795
vn 0.765486 -0.423465 0.484468
vn 0.977857 -0.207095 -0.030138
vn 0.976902 -0.138299 -0.162896
vn 0.979701 -0.116227 -0.163330
vn 0.983360 -0.068157 -0.168397
vn 0.972476 -0.157812 -0.171423
vn 0.962365 -0.260093 -0.078773
vn 0.958097 -0.275371 -0.078868
vn 0.972470 -0.157726 -0.171533
vn 0.715898 -0.622303 0.316589
vn 0.686430 -0.664092 0.296302
vn 0.673766 -0.706073 0.217945
vn 0.954633 -0.281484 -0.097169
vn 0.972476 -0.157743 -0.171487
vn 0.653720 -0.738153 0.166675
vn 0.950874 -0.290473 -0.107070
vn 0.619548 -0.783176 0.052878
vn 0.943986 -0.302972 -0.130761
vn 0.972460 -0.157889 -0.171442
vn 0.972477 -0.157743 -0.171481
vn 0.590074 -0.800616 -0.104046
vn 0.937420 -0.306466 -0.165294
vn 0.564100 -0.783175 -0.261588
vn 0.931797 -0.302925 -0.199978
vn 0.972471 -0.157783 -0.171478
vn 0.972466 -0.157822 -0.171473
vn 0.556931 -0.737928 -0.381169
vn 0.930076 -0.290513 -0.224858
vn 0.556927 -0.703370 -0.441704
vn 0.930047 -0.281102 -0.236632
vn 0.972482 -0.157736 -0.171458
vn 0.972490 -0.157698 -0.171446
vn 0.972461 -0.157810 -0.171507
vn 0.930582 -0.256911 -0.260794
vn 0.929586 -0.259766 -0.261518
vn 0.972474 -0.157756 -0.171488
vn 0.560986 -0.603218 -0.566942
vn 0.555807 -0.610583 -0.564151
vn 0.549083 -0.587208 -0.594722
vn 0.928300 -0.256232 -0.269451
vn 0.972476 -0.157757 -0.171471
vn 0.554570 -0.414294 -0.721673
vn 0.576950 -0.316198 -0.753092
vn 0.935239 -0.164638 -0.313406
vn 0.929545 -0.203568 -0.307418
vn 0.576178 -0.284557 -0.766189
vn 0.815778 -0.172581 -0.552016
vn 0.981582 -0.068660 -0.178278
vn 0.976483 -0.115454 -0.182076
vn 0.973806 -0.136555 -0.181807
vn -0.070734 0.997416 0.012539
vn -0.184068 0.588675 -0.787134
vn -0.183293 0.582477 -0.791912
vn -0.070751 0.997416 0.012462
vn -0.184273 0.580322 -0.793265
vn -0.070753 0.997417 0.012411
vn -0.823207 -0.260613 -0.504392
vn -0.822739 -0.282586 -0.493199
vn -0.998995 0.023781 0.038000
vn -0.988420 0.077515 0.130448
vn -0.841857 -0.303921 -0.445992
vn -0.997936 0.037788 0.051930
vn -0.997172 0.045727 0.059648
vn -0.996769 0.041977 0.068487
vn -0.852696 -0.375503 -0.363191
vn -0.855703 -0.398345 -0.330295
vn -0.859051 -0.389674 -0.331941
vn -0.996562 0.045196 0.069430
vn -0.843901 -0.495519 -0.205648
vn -0.834109 -0.532288 -0.144682
vn -0.994071 0.007931 0.108441
vn -0.995261 0.018138 0.095532
vn -0.813964 -0.580441 -0.023458
vn -0.990756 -0.005851 0.135533
vn -0.789229 -0.598123 0.139163
vn -0.984763 -0.009495 0.173640
vn -0.756885 -0.580399 0.300437
vn -0.977359 -0.005893 0.211508
vn -0.734791 -0.532419 0.420253
vn -0.971276 0.007951 0.237825
vn -0.725218 -0.498066 0.475383
vn -0.968351 0.017961 0.248944
vn -0.696906 -0.456563 0.553057
vn -0.962912 0.024488 0.268701
vn -0.703358 -0.408808 0.581518
vn -0.962069 0.041796 0.269586
vn -0.005650 -0.751710 0.659470
vn -0.167135 -0.715032 0.678818
vn -0.180851 -0.757726 0.627013
vn -0.021890 -0.794547 0.606808
vn -0.209745 -0.826207 0.522866
vn -0.051699 -0.863696 0.501355
vn -0.229235 -0.866358 0.443706
vn -0.267626 -0.922993 0.276515
vn -0.111440 -0.961250 0.252152
vn -0.072358 -0.904021 0.421320
vn -0.310997 -0.948828 0.054837
vn -0.346018 -0.923007 -0.168316
vn -0.190978 -0.961247 -0.198826
vn -0.155369 -0.987477 0.027396
vn -0.367167 -0.865835 -0.339880
vn -0.376631 -0.821270 -0.428560
vn -0.220850 -0.858691 -0.462467
vn -0.212225 -0.903445 -0.372489
vn -0.232070 -0.721298 -0.652589
vn -0.389839 -0.685174 -0.615275
vn -0.389198 -0.692112 -0.607870
vn -0.231864 -0.728148 -0.645011
vn -0.389460 -0.654337 -0.648200
vn -0.232809 -0.689543 -0.685806
vn -0.324024 -0.469012 -0.821606
vn -0.368842 -0.522570 -0.768684
vn -0.576091 -0.316004 -0.753831
vn -0.141675 -0.399509 -0.905716
vn -0.170524 -0.482794 -0.858971
vn -0.212927 -0.546642 -0.809842
vn -0.070742 0.997416 0.012536
vn -0.184105 0.571352 -0.799789
vn -0.628750 0.485271 -0.607607
vn -0.703392 0.699998 0.123458
vn -0.924007 -0.073325 -0.375280
vn -0.956152 0.242686 0.163941
vn -0.070741 0.997417 0.012451
vn -0.070748 0.997416 0.012477
vn -0.632108 0.766927 0.110740
vn -0.630611 0.768203 0.110430
vn -0.070735 0.997418 0.012439
vn -0.527888 0.844200 0.093064
vn 0.121596 0.556441 0.821942
vn 0.017415 0.891767 0.452160
vn -0.478997 0.761002 0.437536
vn -0.173173 0.556920 0.812312
vn 0.037832 0.537401 0.842478
vn 0.077350 0.580171 0.810814
vn 0.214666 0.565410 0.796386
vn 0.170165 0.524789 0.834050
vn 0.232799 0.689509 0.685844
vn 0.090645 0.704930 0.703461
vn 0.090087 0.743193 0.662985
vn 0.231841 0.728114 0.645058
vn 0.090840 0.736484 0.670328
vn 0.232060 0.721295 0.652597
vn 0.071597 0.916756 0.392978
vn 0.080088 0.872550 0.481916
vn 0.049447 0.973913 0.221467
vn 0.190982 0.961247 0.198824
vn 0.212227 0.903446 0.372485
vn 0.220860 0.858690 0.462464
vn 0.014137 0.999897 -0.002492
vn -0.029382 0.973915 -0.225004
vn 0.111454 0.961248 -0.252152
vn 0.155359 0.987478 -0.027395
vn -0.066808 0.917330 -0.392482
vn -0.087065 0.877464 -0.471675
vn 0.051708 0.863686 -0.501370
vn 0.072337 0.904024 -0.421316
vn -0.119080 0.809218 -0.575314
vn -0.133445 0.766547 -0.628170
vn 0.005677 0.751709 -0.659471
vn 0.021874 0.794544 -0.606813
vn -0.253383 0.538978 -0.803306
vn -0.204513 0.583262 -0.786117
vn -0.441563 0.558627 -0.702110
vn -0.170380 0.559419 -0.811185
vn -0.127737 0.526895 -0.840277
vn -0.072010 0.567390 -0.820295
vn -0.630355 0.768196 0.111922
vn -0.599755 0.761003 -0.247322
vn -0.070757 0.997415 0.012508
vn -0.140777 0.892766 -0.427961
vn -0.527872 0.844208 0.093077
vn -0.631878 0.766917 0.112113
vn -0.070730 0.997417 0.012512
vn -0.070771 0.997415 0.012462
vn 0.175049 -0.397264 0.900855
vn 0.098913 0.573155 0.813455
vn -0.382901 0.487247 0.784842
vn -0.206452 -0.337607 0.918368
vn -0.070739 0.997418 0.012404
vn -0.702483 0.700841 0.123851
vn -0.025783 -0.470598 0.881971
vn -0.085742 -0.529177 0.844168
vn 0.073277 -0.554619 0.828871
vn 0.130929 -0.486640 0.863736
vn 0.581503 0.807050 -0.102587
vn 0.676297 0.726775 -0.120088
vn -0.070785 0.997415 0.012397
vn -0.070752 0.997415 0.012526
vn -0.070790 0.997414 0.012391
vn 0.674711 0.728270 -0.119949
vn 0.310091 -0.270516 -0.911408
vn 0.436932 0.531164 -0.725917
vn -0.155865 -0.267870 -0.950764
vn -0.180350 0.620695 -0.763028
vn -0.070769 0.997415 0.012474
vn 0.747207 0.651228 -0.132604
vn -0.212641 -0.461747 -0.861147
vn -0.177060 -0.347756 -0.920714
vn -0.001652 -0.358883 -0.933381
vn -0.034227 -0.476661 -0.878421
vn 0.020977 -0.735313 -0.677403
vn -0.046185 -0.745639 -0.664747
vn 0.156680 -0.739836 -0.654289
vn -0.121702 -0.721752 -0.681368
vn -0.314103 -0.704798 -0.636080
vn -0.034786 -0.707399 -0.705957
vn -0.190946 -0.961253 -0.198826
vn -0.212062 -0.903533 -0.372368
vn -0.035782 -0.917032 -0.397204
vn -0.015182 -0.974006 -0.226015
vn -0.174600 -0.866568 -0.467521
vn -0.031520 -0.873158 -0.486416
vn -0.111429 -0.961252 0.252146
vn -0.155363 -0.987478 0.027395
vn 0.020085 -0.999792 -0.003541
vn 0.062953 -0.974008 0.217592
vn -0.006945 -0.871083 0.491086
vn -0.072181 -0.904378 0.420582
vn 0.101997 -0.917657 0.384059
vn 0.134557 -0.877967 0.459422
vn 0.214748 -0.765046 0.607114
vn 0.204704 -0.812914 0.545222
vn 0.286131 -0.757456 0.586847
vn 0.178401 -0.817851 0.547076
vn 0.178865 -0.267585 0.946787
vn 0.147913 -0.353577 0.923637
vn 0.316302 -0.365378 0.875473
vn 0.603156 -0.270193 0.750466
vn 0.092044 -0.473622 0.875905
vn 0.265321 -0.488445 0.831280
vn 0.658862 0.531150 0.532711
vn 0.747529 0.651192 -0.130958
vn -0.070734 0.997417 0.012450
vn 0.091741 0.620761 0.778613
vn -0.070776 0.997414 0.012504
vn -0.070757 0.997416 0.012463
vn 0.676589 0.726776 -0.118426
vn 0.675083 0.728231 -0.118077
vn -0.070796 0.997413 0.012491
vn 0.581571 0.807013 -0.102498
vn -0.177198 0.374917 -0.909966
vn -0.153303 0.838433 -0.523000
vn 0.499733 0.685646 -0.529298
vn 0.195753 0.323317 -0.925822
vn -0.090951 0.478924 -0.873132
vn -0.145912 0.371779 -0.916783
vn 0.008884 0.351231 -0.936247
vn 0.065735 0.451862 -0.889663
vn 0.051709 0.863689 -0.501366
vn 0.021885 0.794528 -0.606833
vn 0.176606 0.759481 -0.626098
vn 0.203131 0.828549 -0.521771
vn 0.005597 0.751714 -0.659466
vn 0.158180 0.717656 -0.678196
vn 0.111489 0.961242 -0.252159
vn 0.072366 0.904017 -0.421328
vn 0.223762 0.868232 -0.442836
vn 0.263579 0.924261 -0.276165
vn 0.191012 0.961241 0.198824
vn 0.155438 0.987465 -0.027408
vn 0.307026 0.950160 -0.054138
vn 0.342258 0.924221 0.169335
vn 0.220848 0.858693 0.462463
vn 0.212308 0.903432 0.372473
vn 0.361824 0.867674 0.340918
vn 0.370257 0.823590 0.429662
vn 0.383561 0.655804 0.650232
vn 0.382050 0.694194 0.610027
vn 0.232841 0.689493 0.685846
vn 0.231861 0.728097 0.645070
vn 0.232021 0.721309 0.652594
vn 0.381571 0.687735 0.617595
vn 0.144468 0.374727 0.915810
vn 0.176596 0.366115 0.913659
vn 0.328078 0.344756 0.879493
vn 0.500404 0.323142 0.803228
vn 0.212859 0.468333 0.857529
vn 0.365981 0.441487 0.819236
vn 0.650660 0.685639 0.326406
vn 0.034687 0.838251 0.544180
vn -0.962221 0.036510 0.269811
vn -0.972477 0.157750 0.171473
vn -0.700938 -0.423634 0.573777
vn -0.681912 -0.396137 0.614875
vn -0.958710 0.040555 0.281480
vn -0.972462 0.157812 0.171500
vn -0.972480 0.157758 0.171451
vn -0.972476 0.157768 0.171466
vn -0.972474 0.157757 0.171487
vn -0.972477 0.157743 0.171483
vn -0.955242 0.290733 0.054651
vn -0.656776 0.666317 -0.353082
vn -0.959177 0.278458 0.049407
vn -0.676495 0.627293 -0.385820
vn -0.129222 0.779671 -0.612711
vn 0.010529 0.764911 -0.644050
vn -0.147113 0.731963 -0.665273
vn -0.006666 0.716764 -0.697284
vn -0.006661 0.716776 -0.697271
vn 0.010537 0.764924 -0.644035
vn 0.010521 0.764919 -0.644040
vn -0.006661 0.716781 -0.697267
vn 0.010519 0.764917 -0.644042
vn -0.006666 0.716782 -0.697266
vn 0.163773 0.730501 -0.662983
vn 0.692916 0.431394 -0.577725
vn 0.010479 0.764932 -0.644026
vn -0.006717 0.716784 -0.697263
vn 0.147611 0.682597 -0.715732
vn 0.688268 0.390465 -0.611412
vn 0.959504 -0.043684 -0.278286
vn 0.961352 -0.031969 -0.273458
vn 0.972478 -0.157749 -0.171470
vn 0.972471 -0.157766 -0.171494
vn 0.972477 -0.157771 -0.171453
vn 0.972470 -0.157779 -0.171487
vn 0.972478 -0.157777 -0.171444
vn 0.972476 -0.157787 -0.171447
vn 0.972483 -0.157779 -0.171412
vn 0.963017 -0.260834 -0.067555
vn 0.961127 -0.264759 -0.078339
vn 0.972471 -0.157783 -0.171476
vn 0.711637 -0.606787 0.354092
vn 0.706633 -0.635290 0.311571
vn 0.174110 -0.736994 0.653090
vn 0.128977 -0.774028 0.619876
vn -0.231647 -0.740077 0.631368
vn -0.362602 -0.634798 0.682314
vn 0.131895 -0.233946 0.963262
vn 0.038886 -0.615687 0.787031
vn 0.236326 -0.640916 0.730326
vn 0.460463 -0.250483 0.851606
vn -0.061358 -0.883302 0.464773
vn 0.271616 -0.892496 0.360104
vn 0.715745 -0.639446 0.280744
vn 0.760152 -0.524150 0.383972
vn 0.825385 -0.364066 0.431504
vn 0.006696 -0.716753 0.697295
vn -0.153560 -0.681065 0.715940
vn -0.171227 -0.728241 0.663586
vn -0.010503 -0.764903 0.644060
vn -0.955159 0.053391 0.291239
vn -0.972469 0.157767 0.171502
vn -0.667506 -0.343307 0.660739
vn -0.665712 -0.319511 0.674344
vn -0.954424 0.059480 0.292466
vn -0.972474 0.157760 0.171479
vn -0.972468 0.157759 0.171520
vn -0.972469 0.157777 0.171494
vn -0.972471 0.157760 0.171502
vn -0.972473 0.157747 0.171498
vn -0.962623 0.268531 0.035316
vn -0.688891 0.577294 -0.438362
vn -0.963572 0.266092 0.026910
vn -0.689146 0.559013 -0.461066
vn -0.169138 0.660397 -0.731620
vn -0.030094 0.644702 -0.763841
vn -0.176683 0.631854 -0.754681
vn -0.038892 0.615682 -0.787034
vn -0.038886 0.615701 -0.787020
vn -0.030088 0.644718 -0.763828
vn -0.030099 0.644722 -0.763824
vn -0.038899 0.615704 -0.787017
vn -0.030096 0.644727 -0.763820
vn -0.038891 0.615696 -0.787023
vn 0.123220 0.611576 -0.781531
vn 0.666909 0.343883 -0.661043
vn -0.030155 0.644718 -0.763825
vn -0.038946 0.615694 -0.787022
vn 0.113405 0.583511 -0.804148
vn 0.654165 0.328338 -0.681368
vn 0.952841 -0.054386 -0.298558
vn 0.955259 -0.052406 -0.291092
vn 0.972472 -0.157751 -0.171502
vn 0.972480 -0.157730 -0.171477
vn 0.972472 -0.157768 -0.171488
vn 0.972481 -0.157764 -0.171436
vn 0.972463 -0.157772 -0.171535
vn 0.972479 -0.157780 -0.171435
vn 0.972478 -0.157767 -0.171450
vn 0.968131 -0.243661 -0.057890
vn 0.966643 -0.249296 -0.058754
vn 0.972458 -0.157737 -0.171593
vn 0.739963 -0.534092 0.408901
vn 0.729705 -0.556153 0.397774
vn 0.143028 -0.621248 0.770450
vn 0.204358 -0.662949 0.720233
vn -0.297452 -0.342735 0.891098
vn 0.027396 -0.633075 0.773606
vn -0.035516 -0.827660 0.560105
vn 0.041472 -0.606945 0.793661
vn 0.046432 -0.614253 0.787742
vn 0.028121 -0.803435 0.594728
vn 0.124865 -0.268467 0.955162
vn 0.203755 -0.314530 0.927122
vn 0.232419 -0.524145 0.819301
vn 0.038124 -0.631304 0.774598
vn 0.062925 -0.756461 0.651005
vn 0.038885 -0.615665 0.787048
vn -0.121289 -0.581409 0.804520
vn -0.129993 -0.610350 0.781392
vn 0.030094 -0.644711 0.763834
vn -0.954441 0.059587 0.292390
vn -0.972474 0.157783 0.171461
vn -0.665726 -0.319508 0.674331
vn -0.665734 -0.319491 0.674332
vn -0.954431 0.059553 0.292429
vn -0.972476 0.157771 0.171463
vn -0.972479 0.157713 0.171494
vn -0.972479 0.157767 0.171448
vn -0.972473 0.157732 0.171514
vn -0.972475 0.157795 0.171441
vn -0.963558 0.266151 0.026831
vn -0.689197 0.558971 -0.461042
vn -0.963572 0.266094 0.026889
vn -0.689234 0.558952 -0.461009
vn -0.176737 0.631850 -0.754672
vn -0.038862 0.615691 -0.787029
vn -0.176708 0.631852 -0.754677
vn -0.038883 0.615676 -0.787040
vn -0.038901 0.615680 -0.787036
vn -0.038891 0.615683 -0.787034
vn -0.038894 0.615688 -0.787030
vn -0.038887 0.615682 -0.787035
vn -0.038884 0.615679 -0.787037
vn -0.038877 0.615677 -0.787039
vn 0.113376 0.583509 -0.804153
vn 0.654149 0.328332 -0.681387
vn -0.038951 0.615692 -0.787024
vn -0.038911 0.615685 -0.787031
vn 0.113442 0.583494 -0.804155
vn 0.654148 0.328349 -0.681378
vn 0.952830 -0.054351 -0.298599
vn 0.952844 -0.054418 -0.298541
vn 0.972471 -0.157747 -0.171513
vn 0.972468 -0.157762 -0.171515
vn 0.972473 -0.157789 -0.171459
vn 0.972471 -0.157778 -0.171480
vn 0.972477 -0.157816 -0.171414
vn 0.972479 -0.157765 -0.171447
vn 0.972469 -0.157702 -0.171563
vn 0.968126 -0.243690 -0.057849
vn 0.968130 -0.243672 -0.057864
vn 0.972474 -0.157738 -0.171502
vn 0.739853 -0.534134 0.409044
vn 0.739838 -0.534133 0.409074
vn 0.140434 -0.631399 0.762636
vn 0.060284 -0.610339 0.789843
vn -0.223581 -0.590327 0.775581
vn -0.654954 -0.315767 0.686532
vn 0.134371 -0.221500 0.965858
vn 0.038894 -0.615671 0.787043
vn 0.234625 -0.641035 0.730770
vn 0.457092 -0.238588 0.856821
vn -0.064236 -0.888903 0.453569
vn 0.263286 -0.898206 0.352004
vn 0.709580 -0.647567 0.277764
vn 0.758146 -0.525307 0.386352
vn 0.824042 -0.357487 0.439498
vn 0.038893 -0.615681 0.787035
vn -0.121281 -0.581426 0.804509
vn -0.121187 -0.581452 0.804505
vn 0.038898 -0.615666 0.787046
vn -0.954849 0.055670 0.291830
vn -0.973823 0.152863 0.168234
vn -0.661029 -0.316440 0.680372
vn -0.973842 0.152759 0.168213
vn -0.973871 0.152633 0.168160
vn -0.965732 0.258487 0.023385
vn -0.693073 0.548526 -0.467728
vn -0.179321 0.622068 -0.762152
vn -0.042847 0.605485 -0.794702
vn -0.046364 0.597952 -0.800190
vn -0.044210 0.601040 -0.797995
vn -0.043116 0.602272 -0.797126
vn 0.105675 0.551728 -0.827302
vn 0.655644 0.302968 -0.691622
vn -0.048446 0.583263 -0.810838
vn 0.973758 -0.153027 -0.168457
vn 0.953485 -0.058095 -0.295789
vn 0.973747 -0.153181 -0.168384
vn 0.973737 -0.153166 -0.168454
vn 0.742985 -0.509906 0.433554
vn 0.970435 -0.236480 -0.048309
vn 0.973690 -0.153299 -0.168601
vn 0.047704 -0.582619 0.811344
vn 0.223545 -0.599416 0.768589
vn 0.043878 -0.603268 0.796331
vn 0.042861 -0.603119 0.796499
vn 0.138101 -0.662301 0.736400
vn 0.066917 -0.648315 0.758426
vn 0.027132 -0.654210 0.755826
vn 0.043992 -0.601515 0.797649
vn -0.116931 -0.569923 0.813335
vn 0.042997 -0.602648 0.796848
vn -0.997007 0.026482 0.072633
vn -0.972467 0.157791 0.171495
vn -0.843896 -0.446500 -0.297451
vn -0.972477 0.157770 0.171458
vn -0.972480 0.157767 0.171442
vn -0.920766 0.285031 0.266359
vn -0.513914 0.668228 0.537925
vn 0.085975 0.793572 0.602372
vn 0.229276 0.778818 0.583846
vn 0.229297 0.778800 0.583861
vn 0.229295 0.778802 0.583859
vn 0.229286 0.778803 0.583861
vn 0.381309 0.743840 0.548913
vn 0.858744 0.427632 0.282293
vn 0.229275 0.778810 0.583856
vn 0.972468 -0.157794 -0.171484
vn 0.996018 -0.037841 -0.080720
vn 0.972472 -0.157783 -0.171471
vn 0.972467 -0.157793 -0.171491
vn 0.541367 -0.653943 -0.528470
vn 0.926838 -0.273432 -0.257306
vn 0.972497 -0.157712 -0.171395
vn -0.012127 -0.804461 -0.593882
vn 0.006521 -0.797982 -0.602647
vn -0.302663 -0.773196 -0.557281
vn -0.300497 -0.789015 -0.535870
vn -0.385975 -0.666028 -0.638302
vn -0.402499 -0.690100 -0.601461
vn -0.252915 -0.726877 -0.638501
vn -0.240593 -0.816165 -0.525347
vn -0.385347 -0.742359 -0.548097
vn -0.229306 -0.778789 -0.583872
vn -0.972478 0.157756 0.171461
vn -0.972473 0.157774 0.171475
vn -0.972465 0.157786 0.171511
vn -0.972472 0.157757 0.171496
vn -0.972475 0.157771 0.171466
vn -0.972476 0.157767 0.171464
vn -0.996888 0.059564 0.051629
vn -0.997104 0.055001 0.052513
vn -0.856192 -0.319516 -0.406011
vn -0.853950 -0.336640 -0.396790
vn -0.389209 -0.602022 -0.697198
vn -0.232922 -0.636341 -0.735403
vn -0.389026 -0.581458 -0.714538
vn -0.232639 -0.615682 -0.752871
vn -0.225590 -0.453258 -0.862361
vn -0.232570 -0.612027 -0.755866
vn -0.234707 -0.613786 -0.753776
vn -0.173765 -0.503862 -0.846126
vn -0.231932 -0.726212 -0.647166
vn -0.224650 -0.711419 -0.665894
vn -0.192941 -0.709630 -0.677643
vn -0.231018 -0.624596 -0.745996
vn -0.141422 -0.581250 -0.801341
vn -0.057348 -0.651051 -0.756865
vn 0.551018 -0.549922 -0.627666
vn -0.234617 -0.623391 -0.745881
vn -0.492627 -0.455534 -0.741490
vn -0.107651 -0.627802 -0.770893
vn 0.555238 -0.534186 -0.637461
vn 0.928676 -0.247835 -0.275933
vn 0.972464 -0.157822 -0.171480
vn 0.929467 -0.243809 -0.276854
vn 0.972464 -0.157817 -0.171489
vn 0.972480 -0.157770 -0.171442
vn 0.972476 -0.157758 -0.171471
vn 0.972476 -0.157788 -0.171445
vn 0.972479 -0.157767 -0.171445
vn 0.972488 -0.157730 -0.171428
vn 0.972473 -0.157772 -0.171479
vn 0.997294 -0.053052 -0.050901
vn 0.851355 0.339419 0.399988
vn 0.997471 -0.054554 -0.045547
vn 0.847816 0.328291 0.416454
vn 0.381608 0.583513 0.716860
vn 0.382723 0.603516 0.699494
vn 0.232642 0.615685 0.752868
vn 0.232900 0.636354 0.735398
vn 0.232906 0.636328 0.735419
vn 0.232913 0.636341 0.735406
vn 0.232634 0.615683 0.752872
vn 0.232624 0.615683 0.752875
vn 0.232628 0.615685 0.752872
vn 0.232912 0.636345 0.735403
vn 0.232616 0.615679 0.752881
vn 0.092000 0.631860 0.769603
vn 0.091619 0.652212 0.752480
vn 0.232890 0.636342 0.735413
vn -0.489809 0.558998 0.669035
vn -0.495039 0.572160 0.653888
vn -0.914598 0.266167 0.304410
vn -0.916036 0.267855 0.298550
vn -0.972466 0.157790 0.171502
vn -0.972473 0.157771 0.171480
vn -0.972472 0.157769 0.171484
vn -0.972463 0.157796 0.171513
vn -0.972475 0.157764 0.171472
vn -0.972482 0.157745 0.171449
vn -0.996894 0.059506 0.051581
vn -0.996883 0.059600 0.051701
vn -0.856139 -0.319575 -0.406075
vn -0.856238 -0.319480 -0.405942
vn -0.389001 -0.581463 -0.714548
vn -0.232646 -0.615684 -0.752867
vn -0.389023 -0.581456 -0.714542
vn -0.232632 -0.615679 -0.752875
vn -0.219381 -0.867940 -0.445592
vn -0.232639 -0.615677 -0.752876
vn 0.016371 -0.630149 -0.776301
vn 0.189256 -0.869364 -0.456495
vn -0.209082 -0.265989 -0.941029
vn 0.200119 -0.287602 -0.936609
vn 0.655552 -0.387936 -0.647887
vn 0.636627 -0.493889 -0.592267
vn 0.693829 -0.551985 -0.462507
vn -0.158202 -0.628211 -0.761789
vn 0.555248 -0.534172 -0.637463
vn -0.769704 -0.393961 -0.502345
vn -0.441634 -0.595985 -0.670643
vn -0.100899 -0.632631 -0.767853
vn 0.555219 -0.534181 -0.637482
vn 0.929493 -0.243744 -0.276825
vn 0.972477 -0.157758 -0.171464
vn 0.929463 -0.243789 -0.276884
vn 0.972485 -0.157736 -0.171441
vn 0.972487 -0.157730 -0.171436
vn 0.972478 -0.157759 -0.171458
vn 0.972486 -0.157727 -0.171443
vn 0.972477 -0.157767 -0.171459
vn 0.972482 -0.157753 -0.171443
vn 0.972478 -0.157766 -0.171457
vn 0.997475 -0.054516 -0.045520
vn 0.847890 0.328198 0.416376
vn 0.997483 -0.054447 -0.045411
vn 0.847786 0.328306 0.416503
vn 0.381687 0.583479 0.716846
vn 0.381735 0.583461 0.716835
vn 0.232634 0.615683 0.752872
vn 0.232674 0.615671 0.752870
vn 0.232636 0.615687 0.752868
vn 0.232638 0.615685 0.752869
vn 0.232636 0.615682 0.752872
vn 0.232619 0.615682 0.752877
vn 0.232622 0.615684 0.752875
vn 0.232636 0.615681 0.752873
vn 0.232622 0.615684 0.752875
vn 0.092038 0.631856 0.769601
vn 0.092093 0.631846 0.769604
vn 0.232609 0.615685 0.752878
vn -0.489997 0.558954 0.668934
vn -0.490073 0.558933 0.668896
vn -0.914665 0.266085 0.304281
vn -0.914734 0.266004 0.304146
vn -0.972709 0.151885 0.175407
vn -0.972717 0.151771 0.175464
vn -0.972716 0.151649 0.175572
vn -0.853499 -0.315889 -0.414431
vn -0.997115 0.054909 0.052415
vn -0.387931 -0.567869 -0.725971
vn -0.231358 -0.599752 -0.766010
vn -0.229979 -0.594817 -0.770261
vn -0.230712 -0.597493 -0.767967
vn -0.232978 -0.644852 -0.727933
vn -0.205318 -0.641715 -0.738950
vn -0.159104 -0.648150 -0.744706
vn -0.231343 -0.597392 -0.767856
vn -0.052557 -0.593765 -0.802920
vn 0.549356 -0.505877 -0.665054
vn -0.232230 -0.576891 -0.783113
vn 0.928380 -0.235211 -0.287727
vn 0.972666 -0.152646 -0.174987
vn 0.972703 -0.152315 -0.175072
vn 0.972702 -0.152219 -0.175156
vn 0.972703 -0.152213 -0.175155
vn 0.997089 -0.058763 -0.048588
vn 0.853562 0.298776 0.426808
vn 0.231640 0.578021 0.782454
vn 0.382533 0.546630 0.744892
vn 0.231644 0.601125 0.764846
vn 0.232026 0.599897 0.765694
vn 0.231182 0.597790 0.767595
vn -0.491852 0.546622 0.677707
vn 0.092127 0.620376 0.778875
vn 0.232064 0.604388 0.762143
vn -0.915795 0.256895 0.308747
vn 0.044237 -0.602642 0.796784
vn 0.075548 -0.549382 0.832149
vn 0.050508 -0.618684 0.784015
vn 0.220565 -0.623331 0.750206
vn 0.056074 -0.616231 0.785566
vn 0.046911 -0.614285 0.787688
vn 0.030128 -0.644751 0.763799
vn 0.008242 -0.718099 0.695892
vn 0.028073 -0.755065 0.655048
vn -0.007916 -0.763300 0.645996
vn -0.012016 -0.749755 0.661607
vn -0.029858 -0.794268 0.606834
vn -0.053361 -0.863524 0.501477
vn -0.072355 -0.904020 0.421321
vn -0.111500 -0.961241 0.252158
vn -0.155354 -0.987479 0.027394
vn -0.190986 -0.961246 -0.198824
vn -0.212321 -0.903483 -0.372342
vn -0.223226 -0.858762 -0.461193
vn -0.237994 -0.777904 -0.581571
vn -0.239872 -0.718311 -0.653062
vn -0.236307 -0.718975 -0.653631
vn -0.232883 -0.728294 -0.644479
vn -0.234616 -0.688846 -0.685891
vn -0.230826 -0.635218 -0.737033
vn -0.224286 -0.615875 -0.755244
vn -0.119494 -0.624678 -0.771686
vn -0.221664 -0.618405 -0.753949
vn -0.226722 -0.617366 -0.753297
vn -0.231612 -0.597664 -0.767564
vn -0.213578 -0.540517 -0.813773
vn -0.172212 -0.471968 -0.864633
vn -0.144132 -0.388334 -0.910177
vn -0.184648 0.575862 -0.796422
vn -0.070766 0.997415 0.012480
vn -0.070763 0.997415 0.012471
vn -0.070766 0.997415 0.012486
vn -0.070768 0.997415 0.012487
vn 0.019208 0.887132 0.461117
vn 0.122839 0.540684 0.832209
vn 0.169410 0.512182 0.842004
vn 0.213470 0.558877 0.801304
vn 0.231665 0.602968 0.763388
vn 0.232634 0.615683 0.752872
vn 0.232635 0.615683 0.752871
vn 0.232632 0.615685 0.752870
vn 0.232897 0.636342 0.735410
vn 0.232777 0.689515 0.685845
vn 0.231850 0.728112 0.645057
vn 0.232067 0.721286 0.652604
vn 0.229287 0.778803 0.583861
vn 0.220841 0.858695 0.462464
vn 0.212232 0.903445 0.372484
vn 0.190997 0.961244 0.198820
vn 0.155358 0.987478 -0.027394
vn 0.111477 0.961244 -0.252156
vn 0.072377 0.904018 -0.421322
vn 0.051710 0.863688 -0.501368
vn 0.021898 0.794523 -0.606839
vn 0.005656 0.751701 -0.659480
vn 0.010514 0.764921 -0.644039
vn -0.006675 0.716770 -0.697277
vn -0.030090 0.644714 -0.763831
vn -0.038882 0.615696 -0.787024
vn -0.038888 0.615682 -0.787034
vn -0.038888 0.615680 -0.787036
vn -0.043119 0.603528 -0.796175
vn -0.072880 0.560886 -0.824679
vn -0.128306 0.514214 -0.848011
vn -0.168735 0.542680 -0.822816
vn -0.139460 0.889106 -0.435936
vn -0.070768 0.997415 0.012484
vn -0.070763 0.997415 0.012471
vn -0.070768 0.997415 0.012482
vn 0.098120 0.577883 0.810200
vn 0.176152 -0.385519 0.905729
vn -0.070766 0.997415 0.012490
vn 0.133599 -0.476374 0.869033
vn -0.103758 0.365702 -0.924930
vn 0.352840 0.277900 -0.893463
vn 0.013203 0.772015 -0.635467
vn 0.524604 0.572385 -0.630211
vn 0.943978 0.043381 -0.327146
vn 0.829992 -0.115997 -0.545580
vn 0.972465 -0.157787 -0.171508
vn 0.931074 -0.244609 -0.270679
vn 0.937248 -0.348633 -0.004620
vn 0.823057 -0.529045 -0.206614
vn 0.502149 -0.739022 0.449103
vn 0.332036 -0.937224 0.106598
vn -0.013216 -0.772065 0.635406
vn -0.126703 -0.975640 0.179090
vn -0.936549 -0.066916 0.344089
vn -0.972470 0.157772 0.171494
vn -0.996703 0.064310 0.049467
vn -0.955242 -0.275368 0.108099
vn -0.929070 0.369594 -0.015135
vn -0.948060 0.176431 -0.264676
vn -0.857920 -0.238603 -0.455018
vn -0.859816 -0.306210 -0.408597
vn -0.859422 -0.400235 -0.318128
vn -0.195940 -0.951960 -0.235329
vn 0.207414 -0.930133 -0.303038
vn -0.229740 -0.772071 -0.592559
vn 0.233834 -0.760156 -0.606205
vn 0.830324 -0.418302 -0.368220
vn 0.798965 -0.575651 -0.174011
vn 0.972473 -0.157736 -0.171508
vn 0.970726 -0.231305 -0.064725
vn 0.991333 0.122700 0.046953
vn 0.966397 -0.017407 0.256462
vn 0.643965 0.617698 0.451396
vn 0.597990 0.382376 0.704412
vn 0.229746 0.772034 0.592604
vn 0.226523 0.467665 0.854387
vn -0.809541 0.442301 0.386023
vn -0.972463 0.157813 0.171494
vn -0.957969 0.061160 0.280278
vn -0.754503 0.278965 0.594057
vn -0.986092 -0.151019 -0.069390
vn -0.935667 -0.327630 0.131092
vn -0.724688 -0.415307 0.549861
vn -0.689540 -0.316629 0.651369
vn -0.642325 -0.137474 0.754002
vn -0.197266 -0.949122 -0.245468
vn 0.196996 -0.929744 -0.311075
vn -0.229741 -0.772068 -0.592562
vn 0.221207 -0.762782 -0.607644
vn 0.821799 -0.428360 -0.375705
vn 0.790792 -0.584400 -0.182000
vn 0.972474 -0.157776 -0.171466
vn 0.970649 -0.232040 -0.063232
vn 0.989302 0.134546 0.056383
vn 0.964397 -0.005822 0.264393
vn 0.633944 0.624028 0.456842
vn 0.590697 0.393400 0.704496
vn 0.229745 0.772035 0.592603
vn 0.227092 0.476867 0.849133
vn -0.800159 0.452607 0.393564
vn -0.972470 0.157766 0.171501
vn -0.957768 0.059917 0.281231
vn -0.745782 0.289627 0.599938
vn -0.983398 -0.163301 -0.079123
vn -0.933312 -0.338060 0.121013
vn -0.722910 -0.424739 0.544975
vn -0.687482 -0.318975 0.652398
vn -0.635170 -0.131274 0.761135
vn -0.085449 0.443162 -0.892360
vn 0.371195 0.339500 -0.864265
vn 0.013216 0.772055 -0.635419
vn 0.515361 0.578432 -0.632313
vn 0.940902 0.053388 -0.334445
vn 0.859658 -0.063656 -0.506889
vn 0.972469 -0.157782 -0.171491
vn 0.943103 -0.224165 -0.245574
vn 0.933899 -0.357516 0.003767
vn 0.852489 -0.501416 -0.147801
vn 0.492882 -0.741976 0.454466
vn 0.349705 -0.920742 0.173036
vn -0.013206 -0.772034 0.635444
vn -0.109434 -0.958933 0.261671
vn -0.932830 -0.077719 0.351836
vn -0.972470 0.157754 0.171507
vn -0.992903 0.088781 0.079129
vn -0.953794 -0.243923 0.175438
vn -0.925019 0.379152 -0.024162
vn -0.946446 0.235714 -0.220631
vn -0.909278 -0.149023 -0.388595
vn -0.900855 -0.255308 -0.351111
vn -0.913920 -0.347506 -0.209737
vn -0.070752 0.997416 0.012456
vn -0.070745 0.997416 0.012472
vn -0.070743 0.997417 0.012474
vn -0.070745 0.997417 0.012456
vn -0.070745 0.997417 0.012442
vn -0.070741 0.997416 0.012508
vn -0.070739 0.997416 0.012548
vn -0.182233 0.615936 -0.766430
vn -0.183328 0.603982 -0.775627
vn -0.070740 0.997417 0.012480
vn -0.157321 -0.281119 -0.946690
vn -0.154234 -0.314608 -0.936608
vn -0.176386 -0.396496 -0.900932
vn -0.211190 -0.492828 -0.844109
vn -0.179282 -0.361773 -0.914865
vn -0.214161 -0.469215 -0.856722
vn -0.231846 -0.581733 -0.779637
vn -0.229880 -0.587439 -0.775932
vn -0.232976 -0.644855 -0.727932
vn -0.232973 -0.644859 -0.727929
vn -0.109435 -0.958933 0.261670
vn -0.219385 -0.867930 -0.445610
vn -0.013204 -0.772031 0.635448
vn -0.013209 -0.772051 0.635424
vn -0.109433 -0.958933 0.261673
vn -0.219381 -0.867946 -0.445580
vn -0.232636 -0.615671 -0.752881
vn -0.232639 -0.615667 -0.752883
vn -0.209081 -0.265995 -0.941027
vn -0.209083 -0.265995 -0.941026
vn -0.085440 0.443205 -0.892339
vn -0.085445 0.443185 -0.892349
vn 0.013219 0.772075 -0.635394
vn 0.013211 0.772044 -0.635432
vn -0.225592 -0.453240 -0.862370
vn -0.232574 -0.612013 -0.755876
vn -0.232573 -0.612002 -0.755885
vn -0.225592 -0.453261 -0.862359
vn -0.231935 -0.726223 -0.647152
vn -0.231930 -0.726250 -0.647124
vn -0.126700 -0.975636 0.179111
vn -0.226145 -0.816382 -0.531394
vn -0.013216 -0.772060 0.635412
vn -0.013214 -0.772042 0.635435
vn -0.126717 -0.975645 0.179054
vn -0.226151 -0.816342 -0.531452
vn -0.232638 -0.615691 -0.752864
vn -0.232637 -0.615682 -0.752872
vn -0.218341 -0.359991 -0.907047
vn -0.218339 -0.359980 -0.907052
vn -0.103758 0.365723 -0.924922
vn -0.103758 0.365712 -0.924926
vn 0.013199 0.772027 -0.635453
vn 0.013198 0.772017 -0.635465
vn -0.224532 -0.824289 -0.519743
vn -0.218835 -0.868528 -0.444714
vn -0.232280 -0.719901 -0.654056
vn -0.203421 -0.734769 -0.647096
vn -0.207278 -0.821296 -0.531516
vn -0.214437 -0.867340 -0.449153
vn -0.211947 -0.904389 -0.370350
vn -0.191006 -0.961243 -0.198819
vn -0.211805 -0.904188 -0.370921
vn -0.191010 -0.961242 -0.198820
vn -0.155375 -0.987476 0.027397
vn -0.111486 -0.961242 0.252158
vn -0.155367 -0.987477 0.027397
vn -0.111492 -0.961242 0.252157
vn -0.072974 -0.904938 0.419240
vn -0.056868 -0.873334 0.483791
vn -0.072788 -0.904910 0.419334
vn -0.050144 -0.872296 0.486400
vn -0.017968 -0.833784 0.551798
vn -0.040295 -0.836764 0.546079
vn 0.040353 -0.694153 0.718696
vn 0.021415 -0.673026 0.739309
vn 0.226521 0.467632 0.854406
vn 0.131891 -0.233958 0.963259
vn 0.229745 0.772006 0.592642
vn 0.229741 0.772019 0.592626
vn 0.226518 0.467613 0.854417
vn 0.131895 -0.233951 0.963260
vn 0.038890 -0.615685 0.787032
vn 0.038881 -0.615703 0.787018
vn -0.061352 -0.883305 0.464766
vn -0.061330 -0.883263 0.464850
vn -0.195942 -0.951943 -0.235394
vn -0.195934 -0.951967 -0.235307
vn -0.229742 -0.772035 -0.592605
vn -0.229745 -0.772045 -0.592591
vn -0.035500 -0.827617 0.560170
vn 0.041474 -0.606949 0.793658
vn 0.041477 -0.606937 0.793667
vn -0.035513 -0.827652 0.560116
vn 0.124868 -0.268454 0.955165
vn 0.124867 -0.268458 0.955164
vn 0.227087 0.476849 0.849145
vn 0.134374 -0.221491 0.965860
vn 0.229743 0.772011 0.592636
vn 0.229743 0.772046 0.592590
vn 0.227093 0.476910 0.849108
vn 0.134369 -0.221513 0.965855
vn 0.038888 -0.615689 0.787029
vn 0.038893 -0.615669 0.787044
vn -0.064236 -0.888898 0.453578
vn -0.064240 -0.888907 0.453561
vn -0.197269 -0.949118 -0.245479
vn -0.197273 -0.949109 -0.245509
vn -0.229745 -0.772059 -0.592573
vn -0.229745 -0.772056 -0.592576
vn 0.046763 -0.595981 0.801636
vn 0.087550 -0.507141 0.857405
vn 0.027138 -0.654206 0.755830
vn 0.027129 -0.654200 0.755835
vn 0.048489 -0.589757 0.806124
vn 0.093185 -0.485066 0.869499
vn 0.142916 -0.400686 0.905000
vn 0.175488 -0.308645 0.934849
vn 0.148925 -0.367397 0.918064
vn 0.178501 -0.277412 0.944023
vn 0.090798 0.617464 0.781341
vn 0.092110 0.605828 0.790246
vn -0.070746 0.997416 0.012474
vn -0.070746 0.997416 0.012469
vn -0.070744 0.997416 0.012473
vn -0.070744 0.997416 0.012478
vn -0.070742 0.997417 0.012481
vn -0.070745 0.997416 0.012474
vn -0.070742 0.997417 0.012472
vn -0.070743 0.997417 0.012476
vn -0.146269 0.858799 -0.490989
vn -0.172372 0.440116 -0.881241
vn -0.149731 0.844192 -0.514705
vn -0.174016 0.392846 -0.902990
vn -0.139007 0.427025 -0.893492
vn -0.086509 0.511043 -0.855190
vn -0.141549 0.387383 -0.910987
vn -0.088123 0.486600 -0.869169
vn -0.047658 0.585669 -0.809148
vn -0.048292 0.591001 -0.805224
vn -0.038892 0.615679 -0.787037
vn -0.038889 0.615680 -0.787036
vn -0.038897 0.615668 -0.787045
vn -0.038893 0.615672 -0.787042
vn -0.038893 0.615687 -0.787030
vn -0.038886 0.615690 -0.787029
vn -0.030081 0.644731 -0.763818
vn -0.030083 0.644729 -0.763819
vn -0.006661 0.716768 -0.697279
vn -0.006663 0.716766 -0.697282
vn 0.010541 0.764928 -0.644030
vn 0.010538 0.764919 -0.644041
vn 0.005676 0.751702 -0.659478
vn 0.005670 0.751705 -0.659475
vn 0.021897 0.794523 -0.606839
vn 0.051717 0.863688 -0.501366
vn 0.021897 0.794514 -0.606851
vn 0.051717 0.863689 -0.501365
vn 0.072374 0.904017 -0.421325
vn 0.111487 0.961242 -0.252159
vn 0.072378 0.904016 -0.421326
vn 0.111490 0.961242 -0.252160
vn 0.155376 0.987475 -0.027397
vn 0.191010 0.961242 0.198820
vn 0.155374 0.987476 -0.027398
vn 0.191005 0.961243 0.198821
vn 0.212251 0.903441 0.372484
vn 0.220856 0.858693 0.462460
vn 0.212246 0.903441 0.372485
vn 0.220854 0.858693 0.462460
vn 0.229302 0.778805 0.583852
vn 0.229300 0.778805 0.583853
vn 0.232093 0.721287 0.652593
vn 0.232089 0.721291 0.652590
vn 0.231866 0.728102 0.645063
vn 0.231864 0.728108 0.645057
vn 0.232794 0.689514 0.685841
vn 0.232794 0.689515 0.685839
vn 0.232908 0.636342 0.735407
vn 0.232909 0.636341 0.735407
vn 0.232638 0.615681 0.752873
vn 0.232637 0.615682 0.752871
vn 0.232634 0.615687 0.752869
vn 0.232637 0.615683 0.752871
vn 0.232639 0.615678 0.752874
vn 0.232637 0.615684 0.752870
vn 0.229815 0.590554 0.773583
vn 0.210762 0.507420 0.835526
vn 0.229699 0.582797 0.779478
vn 0.209499 0.481167 0.851227
vn 0.174137 0.421542 0.889932
vn 0.139851 0.435183 0.889414
vn 0.173231 0.382067 0.907753
vn 0.142399 0.390015 0.909731
vn 0.035683 0.842277 0.537862
vn 0.031859 0.856659 0.514898
vn 0.013513 0.767328 -0.641112
vn 0.012945 0.771975 -0.635522
vn 0.012971 0.737286 -0.675456
vn 0.012153 0.771814 -0.635732
vn -0.000983 0.741385 -0.671079
vn 0.011834 0.768372 -0.639894
vn 0.522132 0.558830 -0.644273
vn 0.942885 0.036239 -0.331142
vn 0.474902 0.413321 -0.776938
vn 0.925807 -0.031744 -0.376662
vn 0.973058 -0.161568 -0.164481
vn 0.972447 -0.158566 -0.170892
vn 0.940158 -0.340717 0.003808
vn 0.937507 -0.347955 -0.002927
vn 0.509870 -0.734238 0.448249
vn 0.502941 -0.738191 0.449583
vn -0.013212 -0.772048 0.635427
vn -0.013205 -0.772030 0.635449
vn -0.013215 -0.772062 0.635410
vn -0.013203 -0.772017 0.635464
vn -0.013208 -0.772036 0.635442
vn -0.013210 -0.772043 0.635434
vn -0.935602 -0.057296 0.348376
vn -0.972041 0.154569 0.176764
vn -0.972517 0.157121 0.171823
vn -0.936379 -0.066534 0.344626
vn -0.959742 0.274699 -0.058620
vn -0.932973 0.359425 -0.019345
vn -0.135068 0.018964 -0.990655
vn -0.160631 0.089822 -0.982919
vn -0.188502 0.026299 -0.981721
vn -0.394460 -0.359766 -0.845559
vn -0.010427 -0.472464 -0.881289
vn 0.492552 -0.614439 -0.616325
vn 0.494699 -0.732143 -0.468231
vn 0.118582 -0.962139 -0.245411
vn -0.150950 -0.987162 0.052199
vn -0.150953 -0.987162 0.052190
vn -0.150931 -0.987160 0.052292
vn -0.808494 -0.429978 -0.401817
vn -0.940239 -0.333298 -0.069741
vn -0.246324 -0.457003 -0.854677
vn 0.940936 0.053331 -0.334358
vn 0.972468 -0.157760 -0.171515
vn 0.972486 -0.157726 -0.171446
vn 0.940935 0.053390 -0.334352
vn 0.933907 -0.357495 0.003789
vn 0.933908 -0.357493 0.003762
vn 0.492880 -0.741994 0.454438
vn 0.492873 -0.741976 0.454474
vn -0.013200 -0.772022 0.635459
vn -0.013214 -0.772065 0.635406
vn -0.013193 -0.772013 0.635470
vn -0.013208 -0.772044 0.635432
vn -0.013202 -0.772028 0.635452
vn -0.013206 -0.772031 0.635447
vn -0.932841 -0.077630 0.351827
vn -0.972467 0.157784 0.171500
vn -0.972481 0.157743 0.171457
vn -0.932858 -0.077706 0.351764
vn -0.925061 0.379050 -0.024172
vn -0.925043 0.379094 -0.024162
vn 0.013202 0.772032 -0.635447
vn 0.013204 0.772030 -0.635449
vn 0.013207 0.772044 -0.635432
vn 0.013212 0.772056 -0.635417
vn 0.013188 0.772008 -0.635475
vn 0.013205 0.772038 -0.635440
vn 0.515423 0.578393 -0.632298
vn 0.515425 0.578401 -0.632290
vn 0.606943 -0.503435 -0.614958
vn 0.588234 -0.332741 -0.737065
vn 0.544290 -0.666284 -0.509720
vn 0.131613 -0.928771 -0.346501
vn -0.168376 -0.984502 -0.049036
vn -0.168365 -0.984503 -0.049065
vn -0.168382 -0.984498 -0.049108
vn -0.999746 0.010421 -0.019968
vn -0.951125 -0.295793 -0.088702
vn -0.969247 0.095308 -0.226884
vn -0.122334 0.280634 -0.951987
vn -0.122340 0.280596 -0.951997
vn -0.122351 0.280571 -0.952003
vn 0.343372 0.030985 -0.938688
vn -0.229745 -0.772034 -0.592606
vn -0.229745 -0.772046 -0.592590
vn -0.229746 -0.772051 -0.592582
vn -0.229746 -0.772044 -0.592591
vn -0.229743 -0.772048 -0.592587
vn -0.229741 -0.772030 -0.592612
vn 0.233785 -0.760185 -0.606188
vn 0.830335 -0.417694 -0.368884
vn 0.240294 -0.757804 -0.606623
vn 0.835202 -0.406141 -0.370791
vn 0.971164 -0.161606 -0.175281
vn 0.972252 -0.158778 -0.171800
vn 0.993973 0.021187 0.107555
vn 0.992666 0.108357 0.053607
vn 0.600017 0.464609 0.651243
vn 0.645460 0.599759 0.472938
vn 0.219584 0.743561 0.631585
vn 0.228035 0.767641 0.598938
vn 0.233973 0.743009 0.627052
vn 0.229991 0.768025 0.597697
vn 0.229973 0.771907 0.592682
vn 0.230680 0.771500 0.592938
vn -0.811599 0.350645 0.467284
vn -0.975008 0.151292 0.162696
vn -0.972888 0.156232 0.170528
vn -0.811692 0.431471 0.393686
vn -0.987398 -0.136979 -0.079254
vn -0.986093 -0.149726 -0.072133
vn -0.182925 -0.972762 -0.142380
vn -0.182934 -0.972752 -0.142438
vn -0.182933 -0.972753 -0.142435
vn 0.268184 -0.957410 -0.106977
vn 0.637877 -0.759121 0.129799
vn 0.719175 -0.604251 0.343027
vn 0.439081 -0.430949 0.788347
vn 0.090482 -0.244934 0.965308
vn 0.153183 0.105930 0.982504
vn 0.207506 0.096551 0.973457
vn 0.199410 0.168655 0.965293
vn -0.874083 -0.186065 0.448730
vn 0.122080 -0.420269 0.899150
vn -0.912908 -0.331727 0.237814
vn -0.229743 -0.772060 -0.592572
vn -0.229745 -0.772048 -0.592587
vn -0.229742 -0.772037 -0.592602
vn -0.229744 -0.772051 -0.592583
vn -0.229746 -0.772055 -0.592577
vn -0.229743 -0.772034 -0.592606
vn 0.221267 -0.762784 -0.607619
vn 0.821792 -0.428336 -0.375746
vn 0.221368 -0.762722 -0.607661
vn 0.821808 -0.428314 -0.375737
vn 0.972470 -0.157723 -0.171541
vn 0.972465 -0.157768 -0.171523
vn 0.989300 0.134593 0.056307
vn 0.989305 0.134557 0.056297
vn 0.633961 0.624051 0.456785
vn 0.633968 0.624048 0.456781
vn 0.229744 0.772034 0.592605
vn 0.229739 0.772086 0.592539
vn 0.229741 0.772031 0.592611
vn 0.229738 0.772066 0.592567
vn 0.229741 0.772063 0.592569
vn 0.229743 0.772065 0.592565
vn -0.800150 0.452569 0.393625
vn -0.972479 0.157776 0.171441
vn -0.972464 0.157763 0.171534
vn -0.800136 0.452592 0.393629
vn -0.983399 -0.163283 -0.079153
vn -0.983399 -0.163305 -0.079100
vn -0.143520 -0.985304 0.092622
vn -0.143513 -0.985301 0.092665
vn -0.143519 -0.985299 0.092668
vn 0.188500 -0.955553 0.226685
vn 0.693848 -0.683411 0.226989
vn 0.809412 -0.492738 0.319470
vn 0.823945 -0.234706 0.515778
vn 0.527942 0.238215 0.815187
vn 0.224772 0.441188 0.868810
vn 0.224771 0.441196 0.868806
vn 0.224779 0.441270 0.868766
vn -0.955264 0.056658 0.290277
vn -0.796561 0.235972 0.556603
vn -0.924748 -0.248998 0.287822
vn -0.070833 0.997410 0.012511
vn -0.070676 0.997422 0.012417
vn -0.070686 0.997421 0.012451
vn -0.181363 0.619580 -0.763694
vn -0.070646 0.997424 0.012394
vn -0.157048 -0.270158 -0.949921
vn -0.178589 -0.350436 -0.919402
vn -0.212670 -0.462451 -0.860762
vn -0.281288 -0.627374 -0.726140
vn -0.231402 -0.579603 -0.781354
vn -0.492954 -0.592593 0.637048
vn -0.501813 -0.836258 -0.221034
vn -0.492869 -0.592715 0.637000
vn -0.492920 -0.592708 0.636967
vn -0.517494 -0.789674 0.329569
vn -0.564326 -0.757560 -0.328084
vn -0.555656 -0.167558 -0.814353
vn -0.444554 -0.559192 -0.699769
vn -0.469890 0.748978 -0.467157
vn -0.495714 0.485634 -0.720019
vn -0.470042 0.748874 -0.467171
vn -0.470044 0.748855 -0.467199
vn -0.308072 -0.483488 -0.819348
vn -0.561367 0.173008 -0.809281
vn -0.229349 -0.700075 -0.676235
vn -0.230419 -0.614795 -0.754277
vn -0.505839 -0.583709 0.635147
vn -0.545100 -0.834996 -0.075148
vn -0.503045 -0.586340 0.634942
vn -0.502889 -0.586478 0.634938
vn -0.529994 -0.806566 0.261836
vn -0.534210 -0.732124 -0.422628
vn -0.526948 -0.264931 -0.807551
vn -0.395388 -0.575526 -0.715848
vn -0.480149 0.745914 -0.461594
vn -0.508950 0.422677 -0.749876
vn -0.514155 0.566564 -0.643933
vn -0.487471 0.730331 -0.478527
vn 0.101932 -0.765193 -0.635680
vn -0.064311 -0.397172 -0.915488
vn -0.038063 -0.806659 -0.589790
vn -0.181322 -0.867449 -0.463309
vn -0.211927 -0.903790 -0.371821
vn -0.191075 -0.961231 -0.198809
vn -0.155409 -0.987470 0.027404
vn -0.111474 -0.961245 0.252153
vn -0.072490 -0.904689 0.419862
vn -0.014805 -0.872110 0.489086
vn 0.282358 -0.751460 0.596307
vn 0.156759 -0.818320 0.552972
vn -0.178383 0.619739 0.764267
vn 0.213641 -0.295314 0.931207
vn -0.203730 0.766201 0.609451
vn -0.203992 0.751406 0.627515
vn -0.154801 0.510128 0.846054
vn -0.175111 -0.148956 0.973215
vn -0.369775 -0.797063 0.477448
vn -0.143187 -0.581860 0.800585
vn -0.619937 -0.632586 -0.464234
vn -0.549737 -0.817270 -0.172799
vn -0.630993 -0.622109 -0.463496
vn -0.620965 -0.631012 -0.465002
vn -0.076063 -0.782475 0.618019
vn -0.518655 -0.853801 0.044963
vn -0.047985 -0.304643 0.951257
vn 0.031896 -0.613482 0.789064
vn -0.190715 0.768567 0.610682
vn -0.203168 0.421129 0.883953
vn -0.190684 0.768578 0.610678
vn -0.190744 0.768595 0.610638
vn -0.144365 0.518221 0.842974
vn -0.166651 -0.138907 0.976183
vn -0.366812 -0.804517 0.467120
vn -0.141488 -0.582535 0.800396
vn -0.609447 -0.638808 -0.469574
vn -0.542480 -0.819670 -0.184003
vn -0.609463 -0.638799 -0.469565
vn -0.609459 -0.638816 -0.469547
vn -0.043160 -0.627880 0.777113
vn -0.406088 -0.865776 0.292444
vn 0.047738 -0.585724 0.809103
vn 0.093151 -0.476312 0.874328
vn 0.149252 -0.356664 0.922233
vn 0.179743 -0.269302 0.946134
vn 0.091741 0.620375 0.778921
vn -0.070742 0.997417 0.012444
vn -0.070838 0.997409 0.012505
vn -0.070668 0.997423 0.012419
vn -0.070718 0.997419 0.012436
vn -0.151568 0.839431 -0.521902
vn -0.175360 0.377926 -0.909077
vn -0.143871 0.374721 -0.915907
vn -0.090747 0.479646 -0.872757
vn -0.038863 0.615676 -0.787041
vn -0.048943 0.584389 -0.809997
vn -0.038861 0.615684 -0.787034
vn -0.038904 0.615686 -0.787031
vn -0.006669 0.716774 -0.697273
vn -0.030077 0.644703 -0.763841
vn 0.005700 0.751699 -0.659481
vn 0.010512 0.764924 -0.644035
vn 0.021879 0.794534 -0.606826
vn 0.051692 0.863692 -0.501362
vn 0.072295 0.904031 -0.421310
vn 0.111493 0.961241 -0.252161
vn 0.155355 0.987479 -0.027393
vn 0.190926 0.961255 0.198835
vn 0.212292 0.903434 0.372477
vn 0.220833 0.858697 0.462463
vn 0.232016 0.721306 0.652600
vn 0.229262 0.778817 0.583851
vn 0.232730 0.689527 0.685850
vn 0.231905 0.728081 0.645072
vn 0.232626 0.615686 0.752872
vn 0.232934 0.636340 0.735400
vn 0.232623 0.615685 0.752873
vn 0.232668 0.615671 0.752871
vn 0.230787 0.579263 0.781787
vn 0.211151 0.471311 0.856319
vn 0.174512 0.369656 0.912633
vn 0.142665 0.377685 0.914877
vn 0.034832 0.838431 0.543893
f 1/1/1 2/2/2 3/3/3
f 1/1/1 3/3/3 4/4/4
f 2/2/2 5/5/5 6/6/6
f 2/2/2 6/6/6 3/3/3
f 3/3/3 6/6/6 7/7/7
f 3/3/3 7/7/7 8/8/8
f 4/4/4 3/3/3 8/8/8
f 4/4/4 8/8/8 9/9/9
f 9/9/9 10/10/10 11/11/11
f 9/9/9 11/11/11 4/4/4
f 10/10/10 12/12/12 13/13/13
f 10/10/10 13/13/13 11/11/11
f 11/11/11 13/13/13 14/14/14
f 11/11/11 14/14/14 15/15/15
f 4/4/4 11/11/11 15/15/15
f 4/4/4 15/15/15 1/1/1
f 12/12/12 16/16/16 17/17/17
f 12/12/12 17/17/17 13/13/13
f 16/16/16 18/18/18 19/19/19
f 16/16/16 19/19/19 17/17/17
f 17/17/17 19/19/19 20/20/20
f 17/17/17 20/20/20 21/21/21
f 13/13/13 17/17/17 21/21/21
f 13/13/13 21/21/21 14/14/14
f 18/18/18 22/22/22 23/23/23
f 18/18/18 23/23/23 19/19/19
f 22/22/22 24/24/24 25/25/25
f 22/22/22 25/25/25 23/23/23
f 23/23/23 25/25/25 26/26/26
f 23/23/23 26/26/26 27/27/27
f 19/19/19 23/23/23 27/27/27
f 19/19/19 27/27/27 20/20/20
f 28/28/28 29/29/29 30/30/30
f 28/28/28 30/30/30 31/31/31
f 29/29/29 32/32/32 33/33/33
f 29/29/29 33/33/33 30/30/30
f 30/30/30 33/33/33 34/34/34
f 30/30/30 34/34/34 35/35/35
f 31/31/31 30/30/30 35/35/35
f 31/31/31 35/35/35 36/36/36
f 37/37/37 38/38/38 39/39/39
f 37/37/37 39/39/39 40/40/40
f 38/38/38 41/41/41 42/42/42
f 38/38/38 42/42/42 39/39/39
f 39/39/39 42/42/42 43/43/43
f 39/39/39 43/43/43 44/44/44
f 40/40/40 39/39/39 44/44/44
f 40/40/40 44/44/44 45/45/45
f 46/46/46 47/47/47 48/48/48
f 46/46/46 48/48/48 49/49/49
f 47/47/47 50/50/50 51/51/51
f 47/47/47 51/51/51 48/48/48
f 48/48/48 51/51/51 52/52/52
f 48/48/48 52/52/52 53/53/53
f 49/49/49 48/48/48 53/53/53
f 49/49/49 53/53/53 54/54/54
f 55/55/55 56/56/56 57/57/57
f 55/55/55 57/57/57 58/58/58
f 56/56/56 59/59/59 60/60/60
f 56/56/56 60/60/60 57/57/57
f 57/57/57 60/60/60 61/61/61
f 57/57/57 61/61/61 62/62/62
f 58/58/58 57/57/57 62/62/62
f 58/58/58 62/62/62 63/63/63
f 64/64/64 65/65/65 66/66/66
f 64/64/64 66/66/66 67/67/67
f 65/65/65 55/55/55 58/58/58
f 65/65/65 58/58/58 66/66/66
f 66/66/66 58/58/58 63/63/63
f 66/66/66 63/63/63 68/68/68
f 67/67/67 66/66/66 68/68/68
f 67/67/67 68/68/68 69/69/69
f 70/70/70 71/71/71 72/72/72
f 70/70/70 72/72/72 73/73/73
f 71/71/71 64/64/64 67/67/67
f 71/71/71 67/67/67 72/72/72
f 72/72/72 67/67/67 69/69/69
f 72/72/72 69/69/69 74/74/74
f 73/73/73 72/72/72 74/74/74
f 73/73/73 74/74/74 75/75/75
f 76/76/76 77/77/77 78/78/78
f 76/76/76 78/78/78 79/79/79
f 77/77/77 70/70/70 73/73/73
f 77/77/77 73/73/73 78/78/78
f 78/78/78 73/73/73 75/75/75
f 78/78/78 75/75/75 80/80/80
f 79/79/79 78/78/78 80/80/80
f 79/79/79 80/80/80 81/81/81
f 82/82/82 83/83/83 84/84/84
f 82/82/82 84/84/84 85/85/85
f 83/83/83 86/86/86 87/87/87
f 83/83/83 87/87/87 84/84/84
f 84/84/84 87/87/87 88/88/88
f 84/84/84 88/88/88 89/89/89
f 85/85/85 84/84/84 89/89/89
f 85/85/85 89/89/89 90/90/90
f 91/91/91 92/92/92 93/93/93
f 91/91/91 93/93/93 94/94/94
f 92/92/92 95/95/95 96/96/96
f 92/92/92 96/96/96 93/93/93
f 93/93/93 96/96/96 97/97/97
f 93/93/93 97/97/97 98/98/98
f 94/94/94 93/93/93 98/98/98
f 94/94/94 98/98/98 99/99/99
f 100/100/100 101/101/101 102/102/102
f 100/100/100 102/102/102 103/103/103
f 101/101/101 104/104/104 105/105/105
f 101/101/101 105/105/105 102/102/102
f 102/102/102 105/105/105 106/106/106
f 102/102/102 106/106/106 107/107/107
f 103/103/103 102/102/102 107/107/107
f 103/103/103 107/107/107 108/108/108
f 109/109/109 110/110/110 111/111/111
f 109/109/109 111/111/111 112/112/112
f 110/110/110 113/113/113 114/114/114
f 110/110/110 114/114/114 111/111/111
f 111/111/111 114/114/114 115/115/115
f 111/111/111 115/115/115 116/116/116
f 112/112/112 111/111/111 116/116/116
f 112/112/112 116/116/116 117/117/117
f 115/115/115 118/118/118 119/119/119
f 115/115/115 119/119/119 116/116/116
f 118/118/118 120/120/120 121/121/121
f 118/118/118 121/121/121 119/119/119
f 119/119/119 121/121/121 122/122/122
f 119/119/119 122/122/122 123/123/123
f 116/116/116 119/119/119 123/123/123
f 116/116/116 123/123/123 117/117/117
f 120/120/120 124/124/124 125/125/125
f 120/120/120 125/125/125 121/121/121
f 124/124/124 126/126/126 127/127/127
f 124/124/124 127/127/127 125/125/125
f 125/125/125 127/127/127 128/128/128
f 125/125/125 128/128/128 129/129/129
f 121/121/121 125/125/125 129/129/129
f 121/121/121 129/129/129 122/122/122
f 126/126/126 130/130/130 131/131/131
f 126/126/126 131/131/131 127/127/127
f 130/130/130 132/132/132 133/133/133
f 130/130/130 133/133/133 131/131/131
f 131/131/131 133/133/133 134/134/134
f 131/131/131 134/134/134 135/135/135
f 127/127/127 131/131/131 135/135/135
f 127/127/127 135/135/135 128/128/128
f 136/136/136 137/137/137 138/138/138
f 136/136/136 138/138/138 139/139/139
f 137/137/137 140/140/140 141/141/141
f 137/137/137 141/141/141 138/138/138
f 138/138/138 141/141/141 142/142/142
f 138/138/138 142/142/142 143/143/143
f 139/139/139 138/138/138 143/143/143
f 139/139/139 143/143/143 144/144/144
f 145/145/145 146/146/146 147/147/147
f 145/145/145 147/147/147 148/148/148
f 146/146/146 149/149/149 150/150/150
f 146/146/146 150/150/150 147/147/147
f 147/147/147 150/150/150 151/151/151
f 147/147/147 151/151/151 152/152/152
f 148/148/148 147/147/147 152/152/152
f 148/148/148 152/152/152 153/153/153
f 154/154/154 155/155/155 156/156/156
f 154/154/154 156/156/156 157/157/157
f 155/155/155 158/158/158 159/159/159
f 155/155/155 159/159/159 156/156/156
f 156/156/156 159/159/159 160/160/160
f 156/156/156 160/160/160 161/161/161
f 157/157/157 156/156/156 161/161/161
f 157/157/157 161/161/161 162/162/162
f 163/163/163 164/164/164 165/165/165
f 163/163/163 165/165/165 166/166/166
f 164/164/164 167/167/167 168/168/168
f 164/164/164 168/168/168 165/165/165
f 165/165/165 168/168/168 169/169/169
f 165/165/165 169/169/169 170/170/170
f 166/166/166 165/165/165 170/170/170
f 166/166/166 170/170/170 171/171/171
f 172/172/172 173/173/173 174/174/174
f 172/172/172 174/174/174 175/175/175
f 173/173/173 176/176/176 177/177/177
f 173/173/173 177/177/177 174/174/174
f 174/174/174 177/177/177 178/178/178
f 174/174/174 178/178/178 179/179/179
f 175/175/175 174/174/174 179/179/179
f 175/175/175 179/179/179 180/180/180
f 181/181/181 182/182/182 183/183/183
f 181/181/181 183/183/183 184/184/184
f 182/182/182 185/185/185 186/186/186
f 182/182/182 186/186/186 183/183/183
f 183/183/183 186/186/186 187/187/187
f 183/183/183 187/187/187 188/188/188
f 184/184/184 183/183/183 188/188/188
f 184/184/184 188/188/188 189/189/189
f 185/185/185 190/190/190 191/191/191
f 185/185/185 191/191/191 186/186/186
f 190/190/190 192/192/192 193/193/193
f 190/190/190 193/193/193 191/191/191
f 191/191/191 193/193/193 194/194/194
f 191/191/191 194/194/194 195/195/195
f 186/186/186 191/191/191 195/195/195
f 186/186/186 195/195/195 187/187/187
f 192/192/192 196/196/196 197/197/197
f 192/192/192 197/197/197 193/193/193
f 196/196/196 198/198/198 199/199/199
f 196/196/196 199/199/199 197/197/197
f 197/197/197 199/199/199 200/200/200
f 197/197/197 200/200/200 201/201/201
f 193/193/193 197/197/197 201/201/201
f 193/193/193 201/201/201 194/194/194
f 198/198/198 202/202/202 203/203/203
f 198/198/198 203/203/203 199/199/199
f 202/202/202 204/204/204 205/205/205
f 202/202/202 205/205/205 203/203/203
f 203/203/203 205/205/205 206/206/206
f 203/203/203 206/206/206 207/207/207
f 199/199/199 203/203/203 207/207/207
f 199/199/199 207/207/207 200/200/200
f 208/208/208 209/209/209 210/210/210
f 208/208/208 210/210/210 211/211/211
f 209/209/209 212/212/212 213/213/213
f 209/209/209 213/213/213 210/210/210
f 210/210/210 213/213/213 214/214/214
f 210/210/210 214/214/214 215/215/215
f 211/211/211 210/210/210 215/215/215
f 211/211/211 215/215/215 216/216/216
f 212/212/212 217/217/217 218/218/218
f 212/212/212 218/218/218 213/213/213
f 217/217/217 219/219/219 220/220/220
f 217/217/217 220/220/220 218/218/218
f 218/218/218 220/220/220 221/221/221
f 218/218/218 221/221/221 222/222/222
f 213/213/213 218/218/218 222/222/222
f 213/213/213 222/222/222 214/214/214
f 171/171/171 223/223/223 224/224/224
f 171/171/171 224/224/224 166/166/166
f 223/223/223 225/225/225 226/226/226
f 223/223/223 226/226/226 224/224/224
f 224/224/224 226/226/226 227/227/227
f 224/224/224 227/227/227 228/228/228
f 166/166/166 224/224/224 228/228/228
f 166/166/166 228/228/228 163/163/163
f 229/229/229 230/230/230 231/231/231
f 229/229/229 231/231/231 232/232/232
f 230/230/230 233/233/233 234/234/234
f 230/230/230 234/234/234 231/231/231
f 231/231/231 234/234/234 104/104/104
f 231/231/231 104/104/104 101/101/101
f 232/232/232 231/231/231 101/101/101
f 232/232/232 101/101/101 100/100/100
f 219/219/219 235/235/235 236/236/236
f 219/219/219 236/236/236 220/220/220
f 235/235/235 237/237/237 238/238/238
f 235/235/235 238/238/238 236/236/236
f 236/236/236 238/238/238 239/239/239
f 236/236/236 239/239/239 240/240/240
f 220/220/220 236/236/236 240/240/240
f 220/220/220 240/240/240 221/221/221
f 241/241/241 242/242/242 243/243/243
f 241/241/241 243/243/243 244/244/244
f 242/242/242 245/245/245 246/246/246
f 242/242/242 246/246/246 243/243/243
f 243/243/243 246/246/246 158/158/158
f 243/243/243 158/158/158 155/155/155
f 244/244/244 243/243/243 155/155/155
f 244/244/244 155/155/155 154/154/154
f 113/113/113 247/247/247 248/248/248
f 113/113/113 248/248/248 114/114/114
f 247/247/247 249/249/249 250/250/250
f 247/247/247 250/250/250 248/248/248
f 248/248/248 250/250/250 251/251/251
f 248/248/248 251/251/251 252/252/252
f 114/114/114 248/248/248 252/252/252
f 114/114/114 252/252/252 115/115/115
f 251/251/251 253/253/253 254/254/254
f 251/251/251 254/254/254 252/252/252
f 253/253/253 255/255/255 256/256/256
f 253/253/253 256/256/256 254/254/254
f 254/254/254 256/256/256 120/120/120
f 254/254/254 120/120/120 118/118/118
f 252/252/252 254/254/254 118/118/118
f 252/252/252 118/118/118 115/115/115
f 255/255/255 257/257/257 258/258/258
f 255/255/255 258/258/258 256/256/256
f 257/257/257 259/259/259 260/260/260
f 257/257/257 260/260/260 258/258/258
f 258/258/258 260/260/260 126/126/126
f 258/258/258 126/126/126 124/124/124
f 256/256/256 258/258/258 124/124/124
f 256/256/256 124/124/124 120/120/120
f 259/259/259 261/261/261 262/262/262
f 259/259/259 262/262/262 260/260/260
f 261/261/261 263/263/263 264/264/264
f 261/261/261 264/264/264 262/262/262
f 262/262/262 264/264/264 132/132/132
f 262/262/262 132/132/132 130/130/130
f 260/260/260 262/262/262 130/130/130
f 260/260/260 130/130/130 126/126/126
f 140/140/140 265/265/265 266/266/266
f 140/140/140 266/266/266 141/141/141
f 265/265/265 267/267/267 268/268/268
f 265/265/265 268/268/268 266/266/266
f 266/266/266 268/268/268 269/269/269
f 266/266/266 269/269/269 270/270/270
f 141/141/141 266/266/266 270/270/270
f 141/141/141 270/270/270 142/142/142
f 271/271/271 272/272/272 273/273/273
f 271/271/271 273/273/273 274/274/274
f 272/272/272 275/275/275 276/276/276
f 272/272/272 276/276/276 273/273/273
f 273/273/273 276/276/276 149/149/149
f 273/273/273 149/149/149 146/146/146
f 274/274/274 273/273/273 146/146/146
f 274/274/274 146/146/146 145/145/145
f 225/225/225 277/277/277 278/278/278
f 225/225/225 278/278/278 226/226/226
f 277/277/277 279/279/279 280/280/280
f 277/277/277 280/280/280 278/278/278
f 278/278/278 280/280/280 281/281/281
f 278/278/278 281/281/281 282/282/282
f 226/226/226 278/278/278 282/282/282
f 226/226/226 282/282/282 227/227/227
f 283/283/283 284/284/284 285/285/285
f 283/283/283 285/285/285 286/286/286
f 284/284/284 287/287/287 288/288/288
f 284/284/284 288/288/288 285/285/285
f 285/285/285 288/288/288 95/95/95
f 285/285/285 95/95/95 92/92/92
f 286/286/286 285/285/285 92/92/92
f 286/286/286 92/92/92 91/91/91
f 86/86/86 289/289/289 290/290/290
f 86/86/86 290/290/290 87/87/87
f 289/289/289 291/291/291 292/292/292
f 289/289/289 292/292/292 290/290/290
f 290/290/290 292/292/292 293/293/293
f 290/290/290 293/293/293 294/294/294
f 87/87/87 290/290/290 294/294/294
f 87/87/87 294/294/294 88/88/88
f 295/295/295 296/296/296 297/297/297
f 295/295/295 297/297/297 298/298/298
f 296/296/296 299/299/299 300/300/300
f 296/296/296 300/300/300 297/297/297
f 297/297/297 300/300/300 70/70/70
f 297/297/297 70/70/70 77/77/77
f 298/298/298 297/297/297 77/77/77
f 298/298/298 77/77/77 76/76/76
f 299/299/299 301/301/301 302/302/302
f 299/299/299 302/302/302 300/300/300
f 301/301/301 303/303/303 304/304/304
f 301/301/301 304/304/304 302/302/302
f 302/302/302 304/304/304 64/64/64
f 302/302/302 64/64/64 71/71/71
f 300/300/300 302/302/302 71/71/71
f 300/300/300 71/71/71 70/70/70
f 303/303/303 305/305/305 306/306/306
f 303/303/303 306/306/306 304/304/304
f 305/305/305 307/307/307 308/308/308
f 305/305/305 308/308/308 306/306/306
f 306/306/306 308/308/308 55/55/55
f 306/306/306 55/55/55 65/65/65
f 304/304/304 306/306/306 65/65/65
f 304/304/304 65/65/65 64/64/64
f 307/307/307 309/309/309 310/310/310
f 307/307/307 310/310/310 308/308/308
f 309/309/309 311/311/311 312/312/312
f 309/309/309 312/312/312 310/310/310
f 310/310/310 312/312/312 59/59/59
f 310/310/310 59/59/59 56/56/56
f 308/308/308 310/310/310 56/56/56
f 308/308/308 56/56/56 55/55/55
f 313/313/313 314/314/314 315/315/315
f 313/313/313 315/315/315 316/316/316
f 314/314/314 317/317/317 318/318/318
f 314/314/314 318/318/318 315/315/315
f 315/315/315 318/318/318 233/233/233
f 315/315/315 233/233/233 230/230/230
f 316/316/316 315/315/315 230/230/230
f 316/316/316 230/230/230 229/229/229
f 54/54/54 319/319/319 320/320/320
f 54/54/54 320/320/320 49/49/49
f 319/319/319 321/321/321 322/322/322
f 319/319/319 322/322/322 320/320/320
f 320/320/320 322/322/322 323/323/323
f 320/320/320 323/323/323 324/324/324
f 49/49/49 320/320/320 324/324/324
f 49/49/49 324/324/324 46/46/46
f 325/325/325 326/326/326 327/327/327
f 325/325/325 327/327/327 328/328/328
f 326/326/326 329/329/329 330/330/330
f 326/326/326 330/330/330 327/327/327
f 327/327/327 330/330/330 331/331/331
f 327/327/327 331/331/331 332/332/332
f 328/328/328 327/327/327 332/332/332
f 328/328/328 332/332/332 333/333/333
f 334/334/334 335/335/335 336/336/336
f 334/334/334 336/336/336 337/337/337
f 335/335/335 338/338/338 339/339/339
f 335/335/335 339/339/339 336/336/336
f 336/336/336 339/339/339 340/340/340
f 336/336/336 340/340/340 341/341/341
f 337/337/337 336/336/336 341/341/341
f 337/337/337 341/341/341 342/342/342
f 340/340/340 343/343/343 344/344/344
f 340/340/340 344/344/344 341/341/341
f 343/343/343 345/345/345 346/346/346
f 343/343/343 346/346/346 344/344/344
f 344/344/344 346/346/346 347/347/347
f 344/344/344 347/347/347 348/348/348
f 341/341/341 344/344/344 348/348/348
f 341/341/341 348/348/348 342/342/342
f 345/345/345 349/349/349 350/350/350
f 345/345/345 350/350/350 346/346/346
f 349/349/349 351/351/351 352/352/352
f 349/349/349 352/352/352 350/350/350
f 350/350/350 352/352/352 353/353/353
f 350/350/350 353/353/353 354/354/354
f 346/346/346 350/350/350 354/354/354
f 346/346/346 354/354/354 347/347/347
f 351/351/351 355/355/355 356/356/356
f 351/351/351 356/356/356 352/352/352
f 355/355/355 357/357/357 358/358/358
f 355/355/355 358/358/358 356/356/356
f 356/356/356 358/358/358 359/359/359
f 356/356/356 359/359/359 360/360/360
f 352/352/352 356/356/356 360/360/360
f 352/352/352 360/360/360 353/353/353
f 361/361/361 362/362/362 363/363/363
f 361/361/361 363/363/363 364/364/364
f 362/362/362 365/365/365 366/366/366
f 362/362/362 366/366/366 363/363/363
f 363/363/363 366/366/366 367/367/367
f 363/363/363 367/367/367 368/368/368
f 364/364/364 363/363/363 368/368/368
f 364/364/364 368/368/368 369/369/369
f 370/370/370 371/371/371 372/372/372
f 370/370/370 372/372/372 373/373/373
f 371/371/371 374/374/374 375/375/375
f 371/371/371 375/375/375 372/372/372
f 372/372/372 375/375/375 376/376/376
f 372/372/372 376/376/376 377/377/377
f 373/373/373 372/372/372 377/377/377
f 373/373/373 377/377/377 378/378/378
f 379/379/379 380/380/380 381/381/381
f 379/379/379 381/381/381 382/382/382
f 380/380/380 43/43/43 42/42/42
f 380/380/380 42/42/42 381/381/381
f 381/381/381 42/42/42 41/41/41
f 381/381/381 41/41/41 383/383/383
f 382/382/382 381/381/381 383/383/383
f 382/382/382 383/383/383 384/384/384
f 385/385/385 386/386/386 387/387/387
f 385/385/385 387/387/387 388/388/388
f 386/386/386 389/389/389 390/390/390
f 386/386/386 390/390/390 387/387/387
f 387/387/387 390/390/390 287/287/287
f 387/387/387 287/287/287 284/284/284
f 388/388/388 387/387/387 284/284/284
f 388/388/388 284/284/284 283/283/283
f 291/291/291 391/391/391 392/392/392
f 291/291/291 392/392/392 292/292/292
f 391/391/391 393/393/393 394/394/394
f 391/391/391 394/394/394 392/392/392
f 392/392/392 394/394/394 395/395/395
f 392/392/392 395/395/395 396/396/396
f 292/292/292 392/392/392 396/396/396
f 292/292/292 396/396/396 293/293/293
f 397/397/397 398/398/398 399/399/399
f 397/397/397 399/399/399 400/400/400
f 398/398/398 401/401/401 402/402/402
f 398/398/398 402/402/402 399/399/399
f 399/399/399 402/402/402 299/299/299
f 399/399/399 299/299/299 296/296/296
f 400/400/400 399/399/399 296/296/296
f 400/400/400 296/296/296 295/295/295
f 401/401/401 403/403/403 404/404/404
f 401/401/401 404/404/404 402/402/402
f 403/403/403 405/405/405 406/406/406
f 403/403/403 406/406/406 404/404/404
f 404/404/404 406/406/406 303/303/303
f 404/404/404 303/303/303 301/301/301
f 402/402/402 404/404/404 301/301/301
f 402/402/402 301/301/301 299/299/299
f 405/405/405 407/407/407 408/408/408
f 405/405/405 408/408/408 406/406/406
f 407/407/407 409/409/409 410/410/410
f 407/407/407 410/410/410 408/408/408
f 408/408/408 410/410/410 307/307/307
f 408/408/408 307/307/307 305/305/305
f 406/406/406 408/408/408 305/305/305
f 406/406/406 305/305/305 303/303/303
f 409/409/409 411/411/411 412/412/412
f 409/409/409 412/412/412 410/410/410
f 411/411/411 413/413/413 414/414/414
f 411/411/411 414/414/414 412/412/412
f 412/412/412 414/414/414 311/311/311
f 412/412/412 311/311/311 309/309/309
f 410/410/410 412/412/412 309/309/309
f 410/410/410 309/309/309 307/307/307
f 415/415/415 416/416/416 417/417/417
f 415/415/415 417/417/417 418/418/418
f 416/416/416 413/413/413 411/411/411
f 416/416/416 411/411/411 417/417/417
f 417/417/417 411/411/411 409/409/409
f 417/417/417 409/409/409 419/419/419
f 418/418/418 417/417/417 419/419/419
f 418/418/418 419/419/419 420/420/420
f 409/409/409 407/407/407 421/421/421
f 409/409/409 421/421/421 419/419/419
f 407/407/407 405/405/405 422/422/422
f 407/407/407 422/422/422 421/421/421
f 421/421/421 422/422/422 423/423/423
f 421/421/421 423/423/423 424/424/424
f 419/419/419 421/421/421 424/424/424
f 419/419/419 424/424/424 420/420/420
f 405/405/405 403/403/403 425/425/425
f 405/405/405 425/425/425 422/422/422
f 403/403/403 401/401/401 426/426/426
f 403/403/403 426/426/426 425/425/425
f 425/425/425 426/426/426 427/427/427
f 425/425/425 427/427/427 428/428/428
f 422/422/422 425/425/425 428/428/428
f 422/422/422 428/428/428 423/423/423
f 401/401/401 398/398/398 429/429/429
f 401/401/401 429/429/429 426/426/426
f 398/398/398 397/397/397 430/430/430
f 398/398/398 430/430/430 429/429/429
f 429/429/429 430/430/430 431/431/431
f 429/429/429 431/431/431 432/432/432
f 426/426/426 429/429/429 432/432/432
f 426/426/426 432/432/432 427/427/427
f 433/433/433 434/434/434 435/435/435
f 433/433/433 435/435/435 436/436/436
f 434/434/434 395/395/395 394/394/394
f 434/434/434 394/394/394 435/435/435
f 435/435/435 394/394/394 393/393/393
f 435/435/435 393/393/393 437/437/437
f 436/436/436 435/435/435 437/437/437
f 436/436/436 437/437/437 438/438/438
f 389/389/389 386/386/386 439/439/439
f 389/389/389 439/439/439 440/440/440
f 386/386/386 385/385/385 441/441/441
f 386/386/386 441/441/441 439/439/439
f 439/439/439 441/441/441 442/442/442
f 439/439/439 442/442/442 443/443/443
f 440/440/440 439/439/439 443/443/443
f 440/440/440 443/443/443 444/444/444
f 445/445/445 446/446/446 447/447/447
f 445/445/445 447/447/447 448/448/448
f 446/446/446 442/442/442 441/441/441
f 446/446/446 441/441/441 447/447/447
f 447/447/447 441/441/441 385/385/385
f 447/447/447 385/385/385 449/449/449
f 448/448/448 447/447/447 449/449/449
f 448/448/448 449/449/449 450/450/450
f 451/451/451 452/452/452 453/453/453
f 451/451/451 453/453/453 454/454/454
f 452/452/452 455/455/455 456/456/456
f 452/452/452 456/456/456 453/453/453
f 453/453/453 456/456/456 283/283/283
f 453/453/453 283/283/283 286/286/286
f 454/454/454 453/453/453 286/286/286
f 454/454/454 286/286/286 91/91/91
f 457/457/457 458/458/458 459/459/459
f 457/457/457 459/459/459 460/460/460
f 458/458/458 451/451/451 454/454/454
f 458/458/458 454/454/454 459/459/459
f 459/459/459 454/454/454 91/91/91
f 459/459/459 91/91/91 94/94/94
f 460/460/460 459/459/459 94/94/94
f 460/460/460 94/94/94 99/99/99
f 99/99/99 98/98/98 461/461/461
f 99/99/99 461/461/461 460/460/460
f 98/98/98 97/97/97 462/462/462
f 98/98/98 462/462/462 461/461/461
f 461/461/461 462/462/462 463/463/463
f 461/461/461 463/463/463 464/464/464
f 460/460/460 461/461/461 464/464/464
f 460/460/460 464/464/464 457/457/457
f 465/465/465 466/466/466 467/467/467
f 465/465/465 467/467/467 468/468/468
f 466/466/466 82/82/82 85/85/85
f 466/466/466 85/85/85 467/467/467
f 467/467/467 85/85/85 90/90/90
f 467/467/467 90/90/90 469/469/469
f 468/468/468 467/467/467 469/469/469
f 468/468/468 469/469/469 470/470/470
f 81/81/81 80/80/80 471/471/471
f 81/81/81 471/471/471 472/472/472
f 80/80/80 75/75/75 473/473/473
f 80/80/80 473/473/473 471/471/471
f 471/471/471 473/473/473 474/474/474
f 471/471/471 474/474/474 475/475/475
f 472/472/472 471/471/471 475/475/475
f 472/472/472 475/475/475 476/476/476
f 75/75/75 74/74/74 477/477/477
f 75/75/75 477/477/477 473/473/473
f 74/74/74 69/69/69 478/478/478
f 74/74/74 478/478/478 477/477/477
f 477/477/477 478/478/478 479/479/479
f 477/477/477 479/479/479 480/480/480
f 473/473/473 477/477/477 480/480/480
f 473/473/473 480/480/480 474/474/474
f 69/69/69 68/68/68 481/481/481
f 69/69/69 481/481/481 478/478/478
f 68/68/68 63/63/63 482/482/482
f 68/68/68 482/482/482 481/481/481
f 481/481/481 482/482/482 483/483/483
f 481/481/481 483/483/483 484/484/484
f 478/478/478 481/481/481 484/484/484
f 478/478/478 484/484/484 479/479/479
f 63/63/63 62/62/62 485/485/485
f 63/63/63 485/485/485 482/482/482
f 62/62/62 61/61/61 486/486/486
f 62/62/62 486/486/486 485/485/485
f 485/485/485 486/486/486 487/487/487
f 485/485/485 487/487/487 488/488/488
f 482/482/482 485/485/485 488/488/488
f 482/482/482 488/488/488 483/483/483
f 108/108/108 107/107/107 489/489/489
f 108/108/108 489/489/489 490/490/490
f 107/107/107 106/106/106 491/491/491
f 107/107/107 491/491/491 489/489/489
f 489/489/489 491/491/491 492/492/492
f 489/489/489 492/492/492 493/493/493
f 490/490/490 489/489/489 493/493/493
f 490/490/490 493/493/493 494/494/494
f 104/104/104 495/495/495 496/496/496
f 104/104/104 496/496/496 105/105/105
f 495/495/495 497/497/497 498/498/498
f 495/495/495 498/498/498 496/496/496
f 496/496/496 498/498/498 492/492/492
f 496/496/496 492/492/492 491/491/491
f 105/105/105 496/496/496 491/491/491
f 105/105/105 491/491/491 106/106/106
f 233/233/233 499/499/499 500/500/500
f 233/233/233 500/500/500 234/234/234
f 499/499/499 501/501/501 502/502/502
f 499/499/499 502/502/502 500/500/500
f 500/500/500 502/502/502 497/497/497
f 500/500/500 497/497/497 495/495/495
f 234/234/234 500/500/500 495/495/495
f 234/234/234 495/495/495 104/104/104
f 503/503/503 504/504/504 505/505/505
f 503/503/503 505/505/505 506/506/506
f 504/504/504 507/507/507 508/508/508
f 504/504/504 508/508/508 505/505/505
f 505/505/505 508/508/508 233/233/233
f 505/505/505 233/233/233 318/318/318
f 506/506/506 505/505/505 318/318/318
f 506/506/506 318/318/318 317/317/317
f 317/317/317 314/314/314 509/509/509
f 317/317/317 509/509/509 506/506/506
f 314/314/314 313/313/313 510/510/510
f 314/314/314 510/510/510 509/509/509
f 509/509/509 510/510/510 511/511/511
f 509/509/509 511/511/511 512/512/512
f 506/506/506 509/509/509 512/512/512
f 506/506/506 512/512/512 503/503/503
f 275/275/275 513/513/513 514/514/514
f 275/275/275 514/514/514 276/276/276
f 513/513/513 515/515/515 516/516/516
f 513/513/513 516/516/516 514/514/514
f 514/514/514 516/516/516 517/517/517
f 514/514/514 517/517/517 518/518/518
f 276/276/276 514/514/514 518/518/518
f 276/276/276 518/518/518 149/149/149
f 374/374/374 519/519/519 520/520/520
f 374/374/374 520/520/520 375/375/375
f 519/519/519 521/521/521 522/522/522
f 519/519/519 522/522/522 520/520/520
f 520/520/520 522/522/522 523/523/523
f 520/520/520 523/523/523 524/524/524
f 375/375/375 520/520/520 524/524/524
f 375/375/375 524/524/524 376/376/376
f 525/525/525 526/526/526 527/527/527
f 525/525/525 527/527/527 528/528/528
f 526/526/526 521/521/521 519/519/519
f 526/526/526 519/519/519 527/527/527
f 527/527/527 519/519/519 374/374/374
f 527/527/527 374/374/374 371/371/371
f 528/528/528 527/527/527 371/371/371
f 528/528/528 371/371/371 370/370/370
f 365/365/365 529/529/529 530/530/530
f 365/365/365 530/530/530 366/366/366
f 529/529/529 531/531/531 532/532/532
f 529/529/529 532/532/532 530/530/530
f 530/530/530 532/532/532 533/533/533
f 530/530/530 533/533/533 534/534/534
f 366/366/366 530/530/530 534/534/534
f 366/366/366 534/534/534 367/367/367
f 535/535/535 536/536/536 537/537/537
f 535/535/535 537/537/537 538/538/538
f 536/536/536 539/539/539 540/540/540
f 536/536/536 540/540/540 537/537/537
f 537/537/537 540/540/540 357/357/357
f 537/537/537 357/357/357 355/355/355
f 538/538/538 537/537/537 355/355/355
f 538/538/538 355/355/355 351/351/351
f 541/541/541 542/542/542 543/543/543
f 541/541/541 543/543/543 544/544/544
f 542/542/542 535/535/535 538/538/538
f 542/542/542 538/538/538 543/543/543
f 543/543/543 538/538/538 351/351/351
f 543/543/543 351/351/351 349/349/349
f 544/544/544 543/543/543 349/349/349
f 544/544/544 349/349/349 345/345/345
f 545/545/545 546/546/546 547/547/547
f 545/545/545 547/547/547 548/548/548
f 546/546/546 541/541/541 544/544/544
f 546/546/546 544/544/544 547/547/547
f 547/547/547 544/544/544 345/345/345
f 547/547/547 345/345/345 343/343/343
f 548/548/548 547/547/547 343/343/343
f 548/548/548 343/343/343 340/340/340
f 338/338/338 549/549/549 550/550/550
f 338/338/338 550/550/550 339/339/339
f 549/549/549 551/551/551 552/552/552
f 549/549/549 552/552/552 550/550/550
f 550/550/550 552/552/552 545/545/545
f 550/550/550 545/545/545 548/548/548
f 339/339/339 550/550/550 548/548/548
f 339/339/339 548/548/548 340/340/340
f 553/553/553 554/554/554 555/555/555
f 553/553/553 555/555/555 556/556/556
f 554/554/554 557/557/557 558/558/558
f 554/554/554 558/558/558 555/555/555
f 555/555/555 558/558/558 329/329/329
f 555/555/555 329/329/329 326/326/326
f 556/556/556 555/555/555 326/326/326
f 556/556/556 326/326/326 325/325/325
f 325/325/325 328/328/328 559/559/559
f 325/325/325 559/559/559 556/556/556
f 328/328/328 333/333/333 560/560/560
f 328/328/328 560/560/560 559/559/559
f 559/559/559 560/560/560 561/561/561
f 559/559/559 561/561/561 562/562/562
f 556/556/556 559/559/559 562/562/562
f 556/556/556 562/562/562 553/553/553
f 563/563/563 564/564/564 565/565/565
f 563/563/563 565/565/565 566/566/566
f 564/564/564 567/567/567 568/568/568
f 564/564/564 568/568/568 565/565/565
f 565/565/565 568/568/568 241/241/241
f 565/565/565 241/241/241 244/244/244
f 566/566/566 565/565/565 244/244/244
f 566/566/566 244/244/244 154/154/154
f 569/569/569 570/570/570 571/571/571
f 569/569/569 571/571/571 572/572/572
f 570/570/570 563/563/563 566/566/566
f 570/570/570 566/566/566 571/571/571
f 571/571/571 566/566/566 154/154/154
f 571/571/571 154/154/154 157/157/157
f 572/572/572 571/571/571 157/157/157
f 572/572/572 157/157/157 162/162/162
f 573/573/573 574/574/574 575/575/575
f 573/573/573 575/575/575 576/576/576
f 574/574/574 569/569/569 572/572/572
f 574/574/574 572/572/572 575/575/575
f 575/575/575 572/572/572 162/162/162
f 575/575/575 162/162/162 161/161/161
f 576/576/576 575/575/575 161/161/161
f 576/576/576 161/161/161 160/160/160
f 577/577/577 578/578/578 579/579/579
f 577/577/577 579/579/579 580/580/580
f 578/578/578 581/581/581 582/582/582
f 578/578/578 582/582/582 579/579/579
f 579/579/579 582/582/582 109/109/109
f 579/579/579 109/109/109 112/112/112
f 580/580/580 579/579/579 112/112/112
f 580/580/580 112/112/112 117/117/117
f 583/583/583 584/584/584 585/585/585
f 583/583/583 585/585/585 586/586/586
f 584/584/584 577/577/577 580/580/580
f 584/584/584 580/580/580 585/585/585
f 585/585/585 580/580/580 117/117/117
f 585/585/585 117/117/117 123/123/123
f 586/586/586 585/585/585 123/123/123
f 586/586/586 123/123/123 122/122/122
f 587/587/587 588/588/588 589/589/589
f 587/587/587 589/589/589 590/590/590
f 588/588/588 583/583/583 586/586/586
f 588/588/588 586/586/586 589/589/589
f 589/589/589 586/586/586 122/122/122
f 589/589/589 122/122/122 129/129/129
f 590/590/590 589/589/589 129/129/129
f 590/590/590 129/129/129 128/128/128
f 591/591/591 592/592/592 593/593/593
f 591/591/591 593/593/593 594/594/594
f 592/592/592 587/587/587 590/590/590
f 592/592/592 590/590/590 593/593/593
f 593/593/593 590/590/590 128/128/128
f 593/593/593 128/128/128 135/135/135
f 594/594/594 593/593/593 135/135/135
f 594/594/594 135/135/135 134/134/134
f 144/144/144 595/595/595 596/596/596
f 144/144/144 596/596/596 139/139/139
f 595/595/595 597/597/597 598/598/598
f 595/595/595 598/598/598 596/596/596
f 596/596/596 598/598/598 599/599/599
f 596/596/596 599/599/599 600/600/600
f 139/139/139 596/596/596 600/600/600
f 139/139/139 600/600/600 136/136/136
f 601/601/601 602/602/602 603/603/603
f 601/601/601 603/603/603 604/604/604
f 602/602/602 605/605/605 606/606/606
f 602/602/602 606/606/606 603/603/603
f 603/603/603 606/606/606 153/153/153
f 603/603/603 153/153/153 152/152/152
f 604/604/604 603/603/603 152/152/152
f 604/604/604 152/152/152 151/151/151
f 149/149/149 518/518/518 607/607/607
f 149/149/149 607/607/607 150/150/150
f 518/518/518 517/517/517 608/608/608
f 518/518/518 608/608/608 607/607/607
f 607/607/607 608/608/608 601/601/601
f 607/607/607 601/601/601 604/604/604
f 150/150/150 607/607/607 604/604/604
f 150/150/150 604/604/604 151/151/151
f 311/311/311 414/414/414 609/609/609
f 311/311/311 609/609/609 610/610/610
f 414/414/414 413/413/413 611/611/611
f 414/414/414 611/611/611 609/609/609
f 609/609/609 611/611/611 612/612/612
f 609/609/609 612/612/612 613/613/613
f 610/610/610 609/609/609 613/613/613
f 610/610/610 613/613/613 614/614/614
f 59/59/59 312/312/312 615/615/615
f 59/59/59 615/615/615 616/616/616
f 312/312/312 311/311/311 610/610/610
f 312/312/312 610/610/610 615/615/615
f 615/615/615 610/610/610 614/614/614
f 615/615/615 614/614/614 617/617/617
f 616/616/616 615/615/615 617/617/617
f 616/616/616 617/617/617 618/618/618
f 61/61/61 60/60/60 619/619/619
f 61/61/61 619/619/619 620/620/620
f 60/60/60 59/59/59 616/616/616
f 60/60/60 616/616/616 619/619/619
f 619/619/619 616/616/616 618/618/618
f 619/619/619 618/618/618 621/621/621
f 620/620/620 619/619/619 621/621/621
f 620/620/620 621/621/621 622/622/622
f 487/487/487 486/486/486 623/623/623
f 487/487/487 623/623/623 624/624/624
f 486/486/486 61/61/61 620/620/620
f 486/486/486 620/620/620 623/623/623
f 623/623/623 620/620/620 622/622/622
f 623/623/623 622/622/622 625/625/625
f 624/624/624 623/623/623 625/625/625
f 624/624/624 625/625/625 626/626/626
f 627/627/627 628/628/628 629/629/629
f 627/627/627 629/629/629 630/630/630
f 628/628/628 206/206/206 205/205/205
f 628/628/628 205/205/205 629/629/629
f 629/629/629 205/205/205 204/204/204
f 629/629/629 204/204/204 631/631/631
f 630/630/630 629/629/629 631/631/631
f 630/630/630 631/631/631 632/632/632
f 109/109/109 582/582/582 633/633/633
f 109/109/109 633/633/633 634/634/634
f 582/582/582 581/581/581 635/635/635
f 582/582/582 635/635/635 633/633/633
f 633/633/633 635/635/635 636/636/636
f 633/633/633 636/636/636 637/637/637
f 634/634/634 633/633/633 637/637/637
f 634/634/634 637/637/637 638/638/638
f 638/638/638 639/639/639 640/640/640
f 638/638/638 640/640/640 634/634/634
f 639/639/639 641/641/641 642/642/642
f 639/639/639 642/642/642 640/640/640
f 640/640/640 642/642/642 113/113/113
f 640/640/640 113/113/113 110/110/110
f 634/634/634 640/640/640 110/110/110
f 634/634/634 110/110/110 109/109/109
f 641/641/641 643/643/643 644/644/644
f 641/641/641 644/644/644 642/642/642
f 643/643/643 645/645/645 646/646/646
f 643/643/643 646/646/646 644/644/644
f 644/644/644 646/646/646 249/249/249
f 644/644/644 249/249/249 247/247/247
f 642/642/642 644/644/644 247/247/247
f 642/642/642 247/247/247 113/113/113
f 647/647/647 648/648/648 649/649/649
f 647/647/647 649/649/649 650/650/650
f 648/648/648 651/651/651 652/652/652
f 648/648/648 652/652/652 649/649/649
f 649/649/649 652/652/652 338/338/338
f 649/649/649 338/338/338 335/335/335
f 650/650/650 649/649/649 335/335/335
f 650/650/650 335/335/335 334/334/334
f 651/651/651 653/653/653 654/654/654
f 651/651/651 654/654/654 652/652/652
f 653/653/653 655/655/655 656/656/656
f 653/653/653 656/656/656 654/654/654
f 654/654/654 656/656/656 551/551/551
f 654/654/654 551/551/551 549/549/549
f 652/652/652 654/654/654 549/549/549
f 652/652/652 549/549/549 338/338/338
f 657/657/657 658/658/658 659/659/659
f 657/657/657 659/659/659 660/660/660
f 658/658/658 661/661/661 662/662/662
f 658/658/658 662/662/662 659/659/659
f 659/659/659 662/662/662 663/663/663
f 659/659/659 663/663/663 664/664/664
f 660/660/660 659/659/659 664/664/664
f 660/660/660 664/664/664 665/665/665
f 666/666/666 667/667/667 668/668/668
f 666/666/666 668/668/668 669/669/669
f 667/667/667 612/612/612 611/611/611
f 667/667/667 611/611/611 668/668/668
f 668/668/668 611/611/611 413/413/413
f 668/668/668 413/413/413 416/416/416
f 669/669/669 668/668/668 416/416/416
f 669/669/669 416/416/416 415/415/415
f 614/614/614 613/613/613 670/670/670
f 614/614/614 670/670/670 671/671/671
f 613/613/613 612/612/612 672/672/672
f 613/613/613 672/672/672 670/670/670
f 670/670/670 672/672/672 673/673/673
f 670/670/670 673/673/673 674/674/674
f 671/671/671 670/670/670 674/674/674
f 671/671/671 674/674/674 675/675/675
f 618/618/618 617/617/617 676/676/676
f 618/618/618 676/676/676 677/677/677
f 617/617/617 614/614/614 671/671/671
f 617/617/617 671/671/671 676/676/676
f 676/676/676 671/671/671 675/675/675
f 676/676/676 675/675/675 678/678/678
f 677/677/677 676/676/676 678/678/678
f 677/677/677 678/678/678 679/679/679
f 622/622/622 621/621/621 680/680/680
f 622/622/622 680/680/680 681/681/681
f 621/621/621 618/618/618 677/677/677
f 621/621/621 677/677/677 680/680/680
f 680/680/680 677/677/677 679/679/679
f 680/680/680 679/679/679 682/682/682
f 681/681/681 680/680/680 682/682/682
f 681/681/681 682/682/682 683/683/683
f 626/626/626 625/625/625 684/684/684
f 626/626/626 684/684/684 685/685/685
f 625/625/625 622/622/622 681/681/681
f 625/625/625 681/681/681 684/684/684
f 684/684/684 681/681/681 683/683/683
f 684/684/684 683/683/683 686/686/686
f 685/685/685 684/684/684 686/686/686
f 685/685/685 686/686/686 687/687/687
f 688/688/688 689/689/689 690/690/690
f 688/688/688 690/690/690 691/691/691
f 689/689/689 627/627/627 630/630/630
f 689/689/689 630/630/630 690/690/690
f 690/690/690 630/630/630 632/632/632
f 690/690/690 632/632/632 692/692/692
f 691/691/691 690/690/690 692/692/692
f 691/691/691 692/692/692 693/693/693
f 638/638/638 637/637/637 694/694/694
f 638/638/638 694/694/694 695/695/695
f 637/637/637 636/636/636 696/696/696
f 637/637/637 696/696/696 694/694/694
f 694/694/694 696/696/696 697/697/697
f 694/694/694 697/697/697 698/698/698
f 695/695/695 694/694/694 698/698/698
f 695/695/695 698/698/698 699/699/699
f 699/699/699 700/700/700 701/701/701
f 699/699/699 701/701/701 695/695/695
f 700/700/700 702/702/702 703/703/703
f 700/700/700 703/703/703 701/701/701
f 701/701/701 703/703/703 641/641/641
f 701/701/701 641/641/641 639/639/639
f 695/695/695 701/701/701 639/639/639
f 695/695/695 639/639/639 638/638/638
f 702/702/702 704/704/704 705/705/705
f 702/702/702 705/705/705 703/703/703
f 704/704/704 706/706/706 707/707/707
f 704/704/704 707/707/707 705/705/705
f 705/705/705 707/707/707 645/645/645
f 705/705/705 645/645/645 643/643/643
f 703/703/703 705/705/705 643/643/643
f 703/703/703 643/643/643 641/641/641
f 708/708/708 709/709/709 710/710/710
f 708/708/708 710/710/710 711/711/711
f 709/709/709 712/712/712 713/713/713
f 709/709/709 713/713/713 710/710/710
f 710/710/710 713/713/713 651/651/651
f 710/710/710 651/651/651 648/648/648
f 711/711/711 710/710/710 648/648/648
f 711/711/711 648/648/648 647/647/647
f 712/712/712 714/714/714 715/715/715
f 712/712/712 715/715/715 713/713/713
f 714/714/714 716/716/716 717/717/717
f 714/714/714 717/717/717 715/715/715
f 715/715/715 717/717/717 655/655/655
f 715/715/715 655/655/655 653/653/653
f 713/713/713 715/715/715 653/653/653
f 713/713/713 653/653/653 651/651/651
f 718/718/718 719/719/719 720/720/720
f 718/718/718 720/720/720 721/721/721
f 719/719/719 722/722/722 723/723/723
f 719/719/719 723/723/723 720/720/720
f 720/720/720 723/723/723 724/724/724
f 720/720/720 724/724/724 725/725/725
f 721/721/721 720/720/720 725/725/725
f 721/721/721 725/725/725 726/726/726
f 727/727/727 728/728/728 729/729/729
f 727/727/727 729/729/729 730/730/730
f 728/728/728 673/673/673 672/672/672
f 728/728/728 672/672/672 729/729/729
f 729/729/729 672/672/672 612/612/612
f 729/729/729 612/612/612 667/667/667
f 730/730/730 729/729/729 667/667/667
f 730/730/730 667/667/667 666/666/666
f 675/675/675 674/674/674 731/731/731
f 675/675/675 731/731/731 732/732/732
f 674/674/674 673/673/673 733/733/733
f 674/674/674 733/733/733 731/731/731
f 731/731/731 733/733/733 734/734/734
f 731/731/731 734/734/734 735/735/735
f 732/732/732 731/731/731 735/735/735
f 732/732/732 735/735/735 736/736/736
f 679/679/679 678/678/678 737/737/737
f 679/679/679 737/737/737 738/738/738
f 678/678/678 675/675/675 732/732/732
f 678/678/678 732/732/732 737/737/737
f 737/737/737 732/732/732 736/736/736
f 737/737/737 736/736/736 739/739/739
f 738/738/738 737/737/737 739/739/739
f 738/738/738 739/739/739 740/740/740
f 683/683/683 682/682/682 741/741/741
f 683/683/683 741/741/741 742/742/742
f 682/682/682 679/679/679 738/738/738
f 682/682/682 738/738/738 741/741/741
f 741/741/741 738/738/738 740/740/740
f 741/741/741 740/740/740 743/743/743
f 742/742/742 741/741/741 743/743/743
f 742/742/742 743/743/743 744/744/744
f 687/687/687 686/686/686 745/745/745
f 687/687/687 745/745/745 746/746/746
f 686/686/686 683/683/683 742/742/742
f 686/686/686 742/742/742 745/745/745
f 745/745/745 742/742/742 744/744/744
f 745/745/745 744/744/744 747/747/747
f 746/746/746 745/745/745 747/747/747
f 746/746/746 747/747/747 748/748/748
f 749/749/749 750/750/750 751/751/751
f 749/749/749 751/751/751 752/752/752
f 750/750/750 688/688/688 691/691/691
f 750/750/750 691/691/691 751/751/751
f 751/751/751 691/691/691 693/693/693
f 751/751/751 693/693/693 753/753/753
f 752/752/752 751/751/751 753/753/753
f 752/752/752 753/753/753 754/754/754
f 699/699/699 698/698/698 755/755/755
f 699/699/699 755/755/755 756/756/756
f 698/698/698 697/697/697 757/757/757
f 698/698/698 757/757/757 755/755/755
f 755/755/755 757/757/757 758/758/758
f 755/755/755 758/758/758 759/759/759
f 756/756/756 755/755/755 759/759/759
f 756/756/756 759/759/759 760/760/760
f 760/760/760 761/761/761 762/762/762
f 760/760/760 762/762/762 756/756/756
f 761/761/761 763/763/763 764/764/764
f 761/761/761 764/764/764 762/762/762
f 762/762/762 764/764/764 702/702/702
f 762/762/762 702/702/702 700/700/700
f 756/756/756 762/762/762 700/700/700
f 756/756/756 700/700/700 699/699/699
f 763/763/763 765/765/765 766/766/766
f 763/763/763 766/766/766 764/764/764
f 765/765/765 767/767/767 768/768/768
f 765/765/765 768/768/768 766/766/766
f 766/766/766 768/768/768 706/706/706
f 766/766/766 706/706/706 704/704/704
f 764/764/764 766/766/766 704/704/704
f 764/764/764 704/704/704 702/702/702
f 769/769/769 770/770/770 771/771/771
f 769/769/769 771/771/771 772/772/772
f 770/770/770 773/773/773 774/774/774
f 770/770/770 774/774/774 771/771/771
f 771/771/771 774/774/774 712/712/712
f 771/771/771 712/712/712 709/709/709
f 772/772/772 771/771/771 709/709/709
f 772/772/772 709/709/709 708/708/708
f 773/773/773 775/775/775 776/776/776
f 773/773/773 776/776/776 774/774/774
f 775/775/775 777/777/777 778/778/778
f 775/775/775 778/778/778 776/776/776
f 776/776/776 778/778/778 716/716/716
f 776/776/776 716/716/716 714/714/714
f 774/774/774 776/776/776 714/714/714
f 774/774/774 714/714/714 712/712/712
f 779/779/779 780/780/780 781/781/781
f 779/779/779 781/781/781 782/782/782
f 780/780/780 783/783/783 784/784/784
f 780/780/780 784/784/784 781/781/781
f 781/781/781 784/784/784 785/785/785
f 781/781/781 785/785/785 786/786/786
f 782/782/782 781/781/781 786/786/786
f 782/782/782 786/786/786 787/787/787
f 788/788/788 789/789/789 790/790/790
f 788/788/788 790/790/790 791/791/791
f 789/789/789 734/734/734 733/733/733
f 789/789/789 733/733/733 790/790/790
f 790/790/790 733/733/733 673/673/673
f 790/790/790 673/673/673 728/728/728
f 791/791/791 790/790/790 728/728/728
f 791/791/791 728/728/728 727/727/727
f 736/736/736 735/735/735 792/792/792
f 736/736/736 792/792/792 793/793/793
f 735/735/735 734/734/734 794/794/794
f 735/735/735 794/794/794 792/792/792
f 792/792/792 794/794/794 313/313/313
f 792/792/792 313/313/313 316/316/316
f 793/793/793 792/792/792 316/316/316
f 793/793/793 316/316/316 229/229/229
f 740/740/740 739/739/739 795/795/795
f 740/740/740 795/795/795 796/796/796
f 739/739/739 736/736/736 793/793/793
f 739/739/739 793/793/793 795/795/795
f 795/795/795 793/793/793 229/229/229
f 795/795/795 229/229/229 232/232/232
f 796/796/796 795/795/795 232/232/232
f 796/796/796 232/232/232 100/100/100
f 744/744/744 743/743/743 797/797/797
f 744/744/744 797/797/797 798/798/798
f 743/743/743 740/740/740 796/796/796
f 743/743/743 796/796/796 797/797/797
f 797/797/797 796/796/796 100/100/100
f 797/797/797 100/100/100 103/103/103
f 798/798/798 797/797/797 103/103/103
f 798/798/798 103/103/103 108/108/108
f 748/748/748 747/747/747 799/799/799
f 748/748/748 799/799/799 800/800/800
f 747/747/747 744/744/744 798/798/798
f 747/747/747 798/798/798 799/799/799
f 799/799/799 798/798/798 108/108/108
f 799/799/799 108/108/108 490/490/490
f 800/800/800 799/799/799 490/490/490
f 800/800/800 490/490/490 494/494/494
f 216/216/216 801/801/801 802/802/802
f 216/216/216 802/802/802 211/211/211
f 801/801/801 749/749/749 752/752/752
f 801/801/801 752/752/752 802/802/802
f 802/802/802 752/752/752 754/754/754
f 802/802/802 754/754/754 803/803/803
f 211/211/211 802/802/802 803/803/803
f 211/211/211 803/803/803 208/208/208
f 760/760/760 759/759/759 804/804/804
f 760/760/760 804/804/804 805/805/805
f 759/759/759 758/758/758 806/806/806
f 759/759/759 806/806/806 804/804/804
f 804/804/804 806/806/806 573/573/573
f 804/804/804 573/573/573 576/576/576
f 805/805/805 804/804/804 576/576/576
f 805/805/805 576/576/576 160/160/160
f 158/158/158 807/807/807 808/808/808
f 158/158/158 808/808/808 159/159/159
f 807/807/807 763/763/763 761/761/761
f 807/807/807 761/761/761 808/808/808
f 808/808/808 761/761/761 760/760/760
f 808/808/808 760/760/760 805/805/805
f 159/159/159 808/808/808 805/805/805
f 159/159/159 805/805/805 160/160/160
f 245/245/245 809/809/809 810/810/810
f 245/245/245 810/810/810 246/246/246
f 809/809/809 767/767/767 765/765/765
f 809/809/809 765/765/765 810/810/810
f 810/810/810 765/765/765 763/763/763
f 810/810/810 763/763/763 807/807/807
f 246/246/246 810/810/810 807/807/807
f 246/246/246 807/807/807 158/158/158
f 329/329/329 811/811/811 812/812/812
f 329/329/329 812/812/812 330/330/330
f 811/811/811 773/773/773 770/770/770
f 811/811/811 770/770/770 812/812/812
f 812/812/812 770/770/770 769/769/769
f 812/812/812 769/769/769 813/813/813
f 330/330/330 812/812/812 813/813/813
f 330/330/330 813/813/813 331/331/331
f 557/557/557 814/814/814 815/815/815
f 557/557/557 815/815/815 558/558/558
f 814/814/814 777/777/777 775/775/775
f 814/814/814 775/775/775 815/815/815
f 815/815/815 775/775/775 773/773/773
f 815/815/815 773/773/773 811/811/811
f 558/558/558 815/815/815 811/811/811
f 558/558/558 811/811/811 329/329/329
f 50/50/50 816/816/816 817/817/817
f 50/50/50 817/817/817 51/51/51
f 816/816/816 818/818/818 819/819/819
f 816/816/816 819/819/819 817/817/817
f 817/817/817 819/819/819 820/820/820
f 817/817/817 820/820/820 821/821/821
f 51/51/51 817/817/817 821/821/821
f 51/51/51 821/821/821 52/52/52
f 313/313/313 794/794/794 822/822/822
f 313/313/313 822/822/822 510/510/510
f 794/794/794 734/734/734 789/789/789
f 794/794/794 789/789/789 822/822/822
f 822/822/822 789/789/789 788/788/788
f 822/822/822 788/788/788 823/823/823
f 510/510/510 822/822/822 823/823/823
f 510/510/510 823/823/823 511/511/511
f 293/293/293 396/396/396 824/824/824
f 293/293/293 824/824/824 825/825/825
f 396/396/396 395/395/395 826/826/826
f 396/396/396 826/826/826 824/824/824
f 824/824/824 826/826/826 397/397/397
f 824/824/824 397/397/397 400/400/400
f 825/825/825 824/824/824 400/400/400
f 825/825/825 400/400/400 295/295/295
f 88/88/88 294/294/294 827/827/827
f 88/88/88 827/827/827 828/828/828
f 294/294/294 293/293/293 825/825/825
f 294/294/294 825/825/825 827/827/827
f 827/827/827 825/825/825 295/295/295
f 827/827/827 295/295/295 298/298/298
f 828/828/828 827/827/827 298/298/298
f 828/828/828 298/298/298 76/76/76
f 90/90/90 89/89/89 829/829/829
f 90/90/90 829/829/829 830/830/830
f 89/89/89 88/88/88 828/828/828
f 89/89/89 828/828/828 829/829/829
f 829/829/829 828/828/828 76/76/76
f 829/829/829 76/76/76 79/79/79
f 830/830/830 829/829/829 79/79/79
f 830/830/830 79/79/79 81/81/81
f 470/470/470 469/469/469 831/831/831
f 470/470/470 831/831/831 832/832/832
f 469/469/469 90/90/90 830/830/830
f 469/469/469 830/830/830 831/831/831
f 831/831/831 830/830/830 81/81/81
f 831/831/831 81/81/81 472/472/472
f 832/832/832 831/831/831 472/472/472
f 832/832/832 472/472/472 476/476/476
f 189/189/189 833/833/833 834/834/834
f 189/189/189 834/834/834 184/184/184
f 833/833/833 172/172/172 175/175/175
f 833/833/833 175/175/175 834/834/834
f 834/834/834 175/175/175 180/180/180
f 834/834/834 180/180/180 835/835/835
f 184/184/184 834/834/834 835/835/835
f 184/184/184 835/835/835 181/181/181
f 136/136/136 600/600/600 836/836/836
f 136/136/136 836/836/836 837/837/837
f 600/600/600 599/599/599 838/838/838
f 600/600/600 838/838/838 836/836/836
f 836/836/836 838/838/838 591/591/591
f 836/836/836 591/591/591 594/594/594
f 837/837/837 836/836/836 594/594/594
f 837/837/837 594/594/594 134/134/134
f 132/132/132 839/839/839 840/840/840
f 132/132/132 840/840/840 133/133/133
f 839/839/839 140/140/140 137/137/137
f 839/839/839 137/137/137 840/840/840
f 840/840/840 137/137/137 136/136/136
f 840/840/840 136/136/136 837/837/837
f 133/133/133 840/840/840 837/837/837
f 133/133/133 837/837/837 134/134/134
f 263/263/263 841/841/841 842/842/842
f 263/263/263 842/842/842 264/264/264
f 841/841/841 267/267/267 265/265/265
f 841/841/841 265/265/265 842/842/842
f 842/842/842 265/265/265 140/140/140
f 842/842/842 140/140/140 839/839/839
f 264/264/264 842/842/842 839/839/839
f 264/264/264 839/839/839 132/132/132
f 357/357/357 843/843/843 844/844/844
f 357/357/357 844/844/844 358/358/358
f 843/843/843 365/365/365 362/362/362
f 843/843/843 362/362/362 844/844/844
f 844/844/844 362/362/362 361/361/361
f 844/844/844 361/361/361 845/845/845
f 358/358/358 844/844/844 845/845/845
f 358/358/358 845/845/845 359/359/359
f 539/539/539 846/846/846 847/847/847
f 539/539/539 847/847/847 540/540/540
f 846/846/846 531/531/531 529/529/529
f 846/846/846 529/529/529 847/847/847
f 847/847/847 529/529/529 365/365/365
f 847/847/847 365/365/365 843/843/843
f 540/540/540 847/847/847 843/843/843
f 540/540/540 843/843/843 357/357/357
f 24/24/24 848/848/848 849/849/849
f 24/24/24 849/849/849 25/25/25
f 848/848/848 850/850/850 851/851/851
f 848/848/848 851/851/851 849/849/849
f 849/849/849 851/851/851 852/852/852
f 849/849/849 852/852/852 853/853/853
f 25/25/25 849/849/849 853/853/853
f 25/25/25 853/853/853 26/26/26
f 397/397/397 826/826/826 854/854/854
f 397/397/397 854/854/854 430/430/430
f 826/826/826 395/395/395 434/434/434
f 826/826/826 434/434/434 854/854/854
f 854/854/854 434/434/434 433/433/433
f 854/854/854 433/433/433 855/855/855
f 430/430/430 854/854/854 855/855/855
f 430/430/430 855/855/855 431/431/431
f 856/856/856 857/857/857 858/858/858
f 856/856/856 858/858/858 859/859/859
f 857/857/857 860/860/860 861/861/861
f 857/857/857 861/861/861 858/858/858
f 858/858/858 861/861/861 291/291/291
f 858/858/858 291/291/291 289/289/289
f 859/859/859 858/858/858 289/289/289
f 859/859/859 289/289/289 86/86/86
f 860/860/860 862/862/862 863/863/863
f 860/860/860 863/863/863 861/861/861
f 862/862/862 864/864/864 865/865/865
f 862/862/862 865/865/865 863/863/863
f 863/863/863 865/865/865 393/393/393
f 863/863/863 393/393/393 391/391/391
f 861/861/861 863/863/863 391/391/391
f 861/861/861 391/391/391 291/291/291
f 438/438/438 437/437/437 866/866/866
f 438/438/438 866/866/866 867/867/867
f 437/437/437 393/393/393 865/865/865
f 437/437/437 865/865/865 866/866/866
f 866/866/866 865/865/865 864/864/864
f 866/866/866 864/864/864 868/868/868
f 867/867/867 866/866/866 868/868/868
f 867/867/867 868/868/868 869/869/869
f 870/870/870 871/871/871 872/872/872
f 870/870/870 872/872/872 873/873/873
f 871/871/871 874/874/874 875/875/875
f 871/871/871 875/875/875 872/872/872
f 872/872/872 875/875/875 876/876/876
f 872/872/872 876/876/876 877/877/877
f 873/873/873 872/872/872 877/877/877
f 873/873/873 877/877/877 878/878/878
f 367/367/367 534/534/534 879/879/879
f 367/367/367 879/879/879 880/880/880
f 534/534/534 533/533/533 881/881/881
f 534/534/534 881/881/881 879/879/879
f 879/879/879 881/881/881 882/882/882
f 879/879/879 882/882/882 883/883/883
f 880/880/880 879/879/879 883/883/883
f 880/880/880 883/883/883 884/884/884
f 369/369/369 368/368/368 885/885/885
f 369/369/369 885/885/885 886/886/886
f 368/368/368 367/367/367 880/880/880
f 368/368/368 880/880/880 885/885/885
f 885/885/885 880/880/880 884/884/884
f 885/885/885 884/884/884 887/887/887
f 886/886/886 885/885/885 887/887/887
f 886/886/886 887/887/887 888/888/888
f 142/142/142 270/270/270 889/889/889
f 142/142/142 889/889/889 890/890/890
f 270/270/270 269/269/269 891/891/891
f 270/270/270 891/891/891 889/889/889
f 889/889/889 891/891/891 892/892/892
f 889/889/889 892/892/892 893/893/893
f 890/890/890 889/889/889 893/893/893
f 890/890/890 893/893/893 894/894/894
f 144/144/144 143/143/143 895/895/895
f 144/144/144 895/895/895 896/896/896
f 143/143/143 142/142/142 890/890/890
f 143/143/143 890/890/890 895/895/895
f 895/895/895 890/890/890 894/894/894
f 895/895/895 894/894/894 897/897/897
f 896/896/896 895/895/895 897/897/897
f 896/896/896 897/897/897 898/898/898
f 898/898/898 899/899/899 900/900/900
f 898/898/898 900/900/900 896/896/896
f 899/899/899 901/901/901 902/902/902
f 899/899/899 902/902/902 900/900/900
f 900/900/900 902/902/902 597/597/597
f 900/900/900 597/597/597 595/595/595
f 896/896/896 900/900/900 595/595/595
f 896/896/896 595/595/595 144/144/144
f 176/176/176 903/903/903 904/904/904
f 176/176/176 904/904/904 177/177/177
f 903/903/903 905/905/905 906/906/906
f 903/903/903 906/906/906 904/904/904
f 904/904/904 906/906/906 907/907/907
f 904/904/904 907/907/907 908/908/908
f 177/177/177 904/904/904 908/908/908
f 177/177/177 908/908/908 178/178/178
f 909/909/909 910/910/910 911/911/911
f 909/909/909 911/911/911 912/912/912
f 910/910/910 913/913/913 914/914/914
f 910/910/910 914/914/914 911/911/911
f 911/911/911 914/914/914 82/82/82
f 911/911/911 82/82/82 466/466/466
f 912/912/912 911/911/911 466/466/466
f 912/912/912 466/466/466 465/465/465
f 913/913/913 915/915/915 916/916/916
f 913/913/913 916/916/916 914/914/914
f 915/915/915 856/856/856 859/859/859
f 915/915/915 859/859/859 916/916/916
f 916/916/916 859/859/859 86/86/86
f 916/916/916 86/86/86 83/83/83
f 914/914/914 916/916/916 83/83/83
f 914/914/914 83/83/83 82/82/82
f 917/917/917 918/918/918 919/919/919
f 917/917/917 919/919/919 920/920/920
f 918/918/918 921/921/921 922/922/922
f 918/918/918 922/922/922 919/919/919
f 919/919/919 922/922/922 860/860/860
f 919/919/919 860/860/860 857/857/857
f 920/920/920 919/919/919 857/857/857
f 920/920/920 857/857/857 856/856/856
f 921/921/921 923/923/923 924/924/924
f 921/921/921 924/924/924 922/922/922
f 923/923/923 925/925/925 926/926/926
f 923/923/923 926/926/926 924/924/924
f 924/924/924 926/926/926 864/864/864
f 924/924/924 864/864/864 862/862/862
f 922/922/922 924/924/924 862/862/862
f 922/922/922 862/862/862 860/860/860
f 869/869/869 868/868/868 927/927/927
f 869/869/869 927/927/927 928/928/928
f 868/868/868 864/864/864 926/926/926
f 868/868/868 926/926/926 927/927/927
f 927/927/927 926/926/926 925/925/925
f 927/927/927 925/925/925 929/929/929
f 928/928/928 927/927/927 929/929/929
f 928/928/928 929/929/929 930/930/930
f 931/931/931 932/932/932 933/933/933
f 931/931/931 933/933/933 934/934/934
f 932/932/932 935/935/935 936/936/936
f 932/932/932 936/936/936 933/933/933
f 933/933/933 936/936/936 937/937/937
f 933/933/933 937/937/937 938/938/938
f 934/934/934 933/933/933 938/938/938
f 934/934/934 938/938/938 939/939/939
f 884/884/884 883/883/883 940/940/940
f 884/884/884 940/940/940 941/941/941
f 883/883/883 882/882/882 942/942/942
f 883/883/883 942/942/942 940/940/940
f 940/940/940 942/942/942 943/943/943
f 940/940/940 943/943/943 944/944/944
f 941/941/941 940/940/940 944/944/944
f 941/941/941 944/944/944 945/945/945
f 888/888/888 887/887/887 946/946/946
f 888/888/888 946/946/946 947/947/947
f 887/887/887 884/884/884 941/941/941
f 887/887/887 941/941/941 946/946/946
f 946/946/946 941/941/941 945/945/945
f 946/946/946 945/945/945 948/948/948
f 947/947/947 946/946/946 948/948/948
f 947/947/947 948/948/948 949/949/949
f 894/894/894 893/893/893 950/950/950
f 894/894/894 950/950/950 951/951/951
f 893/893/893 892/892/892 952/952/952
f 893/893/893 952/952/952 950/950/950
f 950/950/950 952/952/952 953/953/953
f 950/950/950 953/953/953 954/954/954
f 951/951/951 950/950/950 954/954/954
f 951/951/951 954/954/954 955/955/955
f 898/898/898 897/897/897 956/956/956
f 898/898/898 956/956/956 957/957/957
f 897/897/897 894/894/894 951/951/951
f 897/897/897 951/951/951 956/956/956
f 956/956/956 951/951/951 955/955/955
f 956/956/956 955/955/955 958/958/958
f 957/957/957 956/956/956 958/958/958
f 957/957/957 958/958/958 959/959/959
f 959/959/959 960/960/960 961/961/961
f 959/959/959 961/961/961 957/957/957
f 960/960/960 962/962/962 963/963/963
f 960/960/960 963/963/963 961/961/961
f 961/961/961 963/963/963 901/901/901
f 961/961/961 901/901/901 899/899/899
f 957/957/957 961/961/961 899/899/899
f 957/957/957 899/899/899 898/898/898
f 905/905/905 964/964/964 965/965/965
f 905/905/905 965/965/965 906/906/906
f 964/964/964 966/966/966 967/967/967
f 964/964/964 967/967/967 965/965/965
f 965/965/965 967/967/967 968/968/968
f 965/965/965 968/968/968 969/969/969
f 906/906/906 965/965/965 969/969/969
f 906/906/906 969/969/969 907/907/907
f 970/970/970 971/971/971 972/972/972
f 970/970/970 972/972/972 973/973/973
f 971/971/971 974/974/974 975/975/975
f 971/971/971 975/975/975 972/972/972
f 972/972/972 975/975/975 913/913/913
f 972/972/972 913/913/913 910/910/910
f 973/973/973 972/972/972 910/910/910
f 973/973/973 910/910/910 909/909/909
f 974/974/974 976/976/976 977/977/977
f 974/974/974 977/977/977 975/975/975
f 976/976/976 917/917/917 920/920/920
f 976/976/976 920/920/920 977/977/977
f 977/977/977 920/920/920 856/856/856
f 977/977/977 856/856/856 915/915/915
f 975/975/975 977/977/977 915/915/915
f 975/975/975 915/915/915 913/913/913
f 287/287/287 978/978/978 979/979/979
f 287/287/287 979/979/979 288/288/288
f 978/978/978 921/921/921 918/918/918
f 978/978/978 918/918/918 979/979/979
f 979/979/979 918/918/918 917/917/917
f 979/979/979 917/917/917 980/980/980
f 288/288/288 979/979/979 980/980/980
f 288/288/288 980/980/980 95/95/95
f 389/389/389 981/981/981 982/982/982
f 389/389/389 982/982/982 390/390/390
f 981/981/981 925/925/925 923/923/923
f 981/981/981 923/923/923 982/982/982
f 982/982/982 923/923/923 921/921/921
f 982/982/982 921/921/921 978/978/978
f 390/390/390 982/982/982 978/978/978
f 390/390/390 978/978/978 287/287/287
f 930/930/930 929/929/929 983/983/983
f 930/930/930 983/983/983 984/984/984
f 929/929/929 925/925/925 981/981/981
f 929/929/929 981/981/981 983/983/983
f 983/983/983 981/981/981 389/389/389
f 983/983/983 389/389/389 440/440/440
f 984/984/984 983/983/983 440/440/440
f 984/984/984 440/440/440 444/444/444
f 45/45/45 985/985/985 986/986/986
f 45/45/45 986/986/986 40/40/40
f 985/985/985 987/987/987 988/988/988
f 985/985/985 988/988/988 986/986/986
f 986/986/986 988/988/988 989/989/989
f 986/986/986 989/989/989 990/990/990
f 40/40/40 986/986/986 990/990/990
f 40/40/40 990/990/990 37/37/37
f 945/945/945 944/944/944 991/991/991
f 945/945/945 991/991/991 992/992/992
f 944/944/944 943/943/943 993/993/993
f 944/944/944 993/993/993 991/991/991
f 991/991/991 993/993/993 525/525/525
f 991/991/991 525/525/525 528/528/528
f 992/992/992 991/991/991 528/528/528
f 992/992/992 528/528/528 370/370/370
f 949/949/949 948/948/948 994/994/994
f 949/949/949 994/994/994 995/995/995
f 948/948/948 945/945/945 992/992/992
f 948/948/948 992/992/992 994/994/994
f 994/994/994 992/992/992 370/370/370
f 994/994/994 370/370/370 373/373/373
f 995/995/995 994/994/994 373/373/373
f 995/995/995 373/373/373 378/378/378
f 955/955/955 954/954/954 996/996/996
f 955/955/955 996/996/996 997/997/997
f 954/954/954 953/953/953 998/998/998
f 954/954/954 998/998/998 996/996/996
f 996/996/996 998/998/998 271/271/271
f 996/996/996 271/271/271 274/274/274
f 997/997/997 996/996/996 274/274/274
f 997/997/997 274/274/274 145/145/145
f 959/959/959 958/958/958 999/999/999
f 959/959/959 999/999/999 1000/1000/1000
f 958/958/958 955/955/955 997/997/997
f 958/958/958 997/997/997 999/999/999
f 999/999/999 997/997/997 145/145/145
f 999/999/999 145/145/145 148/148/148
f 1000/1000/1000 999/999/999 148/148/148
f 1000/1000/1000 148/148/148 153/153/153
f 605/605/605 1001/1001/1001 1002/1002/1002
f 605/605/605 1002/1002/1002 606/606/606
f 1001/1001/1001 962/962/962 960/960/960
f 1001/1001/1001 960/960/960 1002/1002/1002
f 1002/1002/1002 960/960/960 959/959/959
f 1002/1002/1002 959/959/959 1000/1000/1000
f 606/606/606 1002/1002/1002 1000/1000/1000
f 606/606/606 1000/1000/1000 153/153/153
f 167/167/167 1003/1003/1003 1004/1004/1004
f 167/167/167 1004/1004/1004 168/168/168
f 1003/1003/1003 968/968/968 967/967/967
f 1003/1003/1003 967/967/967 1004/1004/1004
f 1004/1004/1004 967/967/967 966/966/966
f 1004/1004/1004 966/966/966 1005/1005/1005
f 168/168/168 1004/1004/1004 1005/1005/1005
f 168/168/168 1005/1005/1005 169/169/169
f 97/97/97 1006/1006/1006 1007/1007/1007
f 97/97/97 1007/1007/1007 462/462/462
f 1006/1006/1006 974/974/974 971/971/971
f 1006/1006/1006 971/971/971 1007/1007/1007
f 1007/1007/1007 971/971/971 970/970/970
f 1007/1007/1007 970/970/970 1008/1008/1008
f 462/462/462 1007/1007/1007 1008/1008/1008
f 462/462/462 1008/1008/1008 463/463/463
f 95/95/95 980/980/980 1009/1009/1009
f 95/95/95 1009/1009/1009 96/96/96
f 980/980/980 917/917/917 976/976/976
f 980/980/980 976/976/976 1009/1009/1009
f 1009/1009/1009 976/976/976 974/974/974
f 1009/1009/1009 974/974/974 1006/1006/1006
f 96/96/96 1009/1009/1009 1006/1006/1006
f 96/96/96 1006/1006/1006 97/97/97
f 511/511/511 823/823/823 1010/1010/1010
f 511/511/511 1010/1010/1010 1011/1011/1011
f 823/823/823 788/788/788 1012/1012/1012
f 823/823/823 1012/1012/1012 1010/1010/1010
f 1010/1010/1010 1012/1012/1012 818/818/818
f 1010/1010/1010 818/818/818 816/816/816
f 1011/1011/1011 1010/1010/1010 816/816/816
f 1011/1011/1011 816/816/816 50/50/50
f 724/724/724 1013/1013/1013 1014/1014/1014
f 724/724/724 1014/1014/1014 1015/1015/1015
f 1013/1013/1013 818/818/818 1012/1012/1012
f 1013/1013/1013 1012/1012/1012 1014/1014/1014
f 1014/1014/1014 1012/1012/1012 788/788/788
f 1014/1014/1014 788/788/788 791/791/791
f 1015/1015/1015 1014/1014/1014 791/791/791
f 1015/1015/1015 791/791/791 727/727/727
f 726/726/726 725/725/725 1016/1016/1016
f 726/726/726 1016/1016/1016 1017/1017/1017
f 725/725/725 724/724/724 1015/1015/1015
f 725/725/725 1015/1015/1015 1016/1016/1016
f 1016/1016/1016 1015/1015/1015 727/727/727
f 1016/1016/1016 727/727/727 730/730/730
f 1017/1017/1017 1016/1016/1016 730/730/730
f 1017/1017/1017 730/730/730 666/666/666
f 7/7/7 1018/1018/1018 1019/1019/1019
f 7/7/7 1019/1019/1019 1020/1020/1020
f 1018/1018/1018 726/726/726 1017/1017/1017
f 1018/1018/1018 1017/1017/1017 1019/1019/1019
f 1019/1019/1019 1017/1017/1017 666/666/666
f 1019/1019/1019 666/666/666 669/669/669
f 1020/1020/1020 1019/1019/1019 669/669/669
f 1020/1020/1020 669/669/669 415/415/415
f 9/9/9 8/8/8 1021/1021/1021
f 9/9/9 1021/1021/1021 1022/1022/1022
f 8/8/8 7/7/7 1020/1020/1020
f 8/8/8 1020/1020/1020 1021/1021/1021
f 1021/1021/1021 1020/1020/1020 415/415/415
f 1021/1021/1021 415/415/415 418/418/418
f 1022/1022/1022 1021/1021/1021 418/418/418
f 1022/1022/1022 418/418/418 420/420/420
f 420/420/420 424/424/424 1023/1023/1023
f 420/420/420 1023/1023/1023 1022/1022/1022
f 424/424/424 423/423/423 1024/1024/1024
f 424/424/424 1024/1024/1024 1023/1023/1023
f 1023/1023/1023 1024/1024/1024 12/12/12
f 1023/1023/1023 12/12/12 10/10/10
f 1022/1022/1022 1023/1023/1023 10/10/10
f 1022/1022/1022 10/10/10 9/9/9
f 423/423/423 428/428/428 1025/1025/1025
f 423/423/423 1025/1025/1025 1024/1024/1024
f 428/428/428 427/427/427 1026/1026/1026
f 428/428/428 1026/1026/1026 1025/1025/1025
f 1025/1025/1025 1026/1026/1026 18/18/18
f 1025/1025/1025 18/18/18 16/16/16
f 1024/1024/1024 1025/1025/1025 16/16/16
f 1024/1024/1024 16/16/16 12/12/12
f 427/427/427 432/432/432 1027/1027/1027
f 427/427/427 1027/1027/1027 1026/1026/1026
f 432/432/432 431/431/431 1028/1028/1028
f 432/432/432 1028/1028/1028 1027/1027/1027
f 1027/1027/1027 1028/1028/1028 24/24/24
f 1027/1027/1027 24/24/24 22/22/22
f 1026/1026/1026 1027/1027/1027 22/22/22
f 1026/1026/1026 22/22/22 18/18/18
f 431/431/431 855/855/855 1029/1029/1029
f 431/431/431 1029/1029/1029 1028/1028/1028
f 855/855/855 433/433/433 1030/1030/1030
f 855/855/855 1030/1030/1030 1029/1029/1029
f 1029/1029/1029 1030/1030/1030 850/850/850
f 1029/1029/1029 850/850/850 848/848/848
f 1028/1028/1028 1029/1029/1029 848/848/848
f 1028/1028/1028 848/848/848 24/24/24
f 876/876/876 1031/1031/1031 1032/1032/1032
f 876/876/876 1032/1032/1032 1033/1033/1033
f 1031/1031/1031 850/850/850 1030/1030/1030
f 1031/1031/1031 1030/1030/1030 1032/1032/1032
f 1032/1032/1032 1030/1030/1030 433/433/433
f 1032/1032/1032 433/433/433 436/436/436
f 1033/1033/1033 1032/1032/1032 436/436/436
f 1033/1033/1033 436/436/436 438/438/438
f 878/878/878 877/877/877 1034/1034/1034
f 878/878/878 1034/1034/1034 1035/1035/1035
f 877/877/877 876/876/876 1033/1033/1033
f 877/877/877 1033/1033/1033 1034/1034/1034
f 1034/1034/1034 1033/1033/1033 438/438/438
f 1034/1034/1034 438/438/438 867/867/867
f 1035/1035/1035 1034/1034/1034 867/867/867
f 1035/1035/1035 867/867/867 869/869/869
f 989/989/989 1036/1036/1036 1037/1037/1037
f 989/989/989 1037/1037/1037 1038/1038/1038
f 1036/1036/1036 878/878/878 1035/1035/1035
f 1036/1036/1036 1035/1035/1035 1037/1037/1037
f 1037/1037/1037 1035/1035/1035 869/869/869
f 1037/1037/1037 869/869/869 928/928/928
f 1038/1038/1038 1037/1037/1037 928/928/928
f 1038/1038/1038 928/928/928 930/930/930
f 37/37/37 990/990/990 1039/1039/1039
f 37/37/37 1039/1039/1039 1040/1040/1040
f 990/990/990 989/989/989 1038/1038/1038
f 990/990/990 1038/1038/1038 1039/1039/1039
f 1039/1039/1039 1038/1038/1038 930/930/930
f 1039/1039/1039 930/930/930 984/984/984
f 1040/1040/1040 1039/1039/1039 984/984/984
f 1040/1040/1040 984/984/984 444/444/444
f 444/444/444 443/443/443 1041/1041/1041
f 444/444/444 1041/1041/1041 1040/1040/1040
f 443/443/443 442/442/442 1042/1042/1042
f 443/443/443 1042/1042/1042 1041/1041/1041
f 1041/1041/1041 1042/1042/1042 41/41/41
f 1041/1041/1041 41/41/41 38/38/38
f 1040/1040/1040 1041/1041/1041 38/38/38
f 1040/1040/1040 38/38/38 37/37/37
f 384/384/384 383/383/383 1043/1043/1043
f 384/384/384 1043/1043/1043 1044/1044/1044
f 383/383/383 41/41/41 1042/1042/1042
f 383/383/383 1042/1042/1042 1043/1043/1043
f 1043/1043/1043 1042/1042/1042 442/442/442
f 1043/1043/1043 442/442/442 446/446/446
f 1044/1044/1044 1043/1043/1043 446/446/446
f 1044/1044/1044 446/446/446 445/445/445
f 227/227/227 282/282/282 1045/1045/1045
f 227/227/227 1045/1045/1045 1046/1046/1046
f 282/282/282 281/281/281 1047/1047/1047
f 282/282/282 1047/1047/1047 1045/1045/1045
f 1045/1045/1045 1047/1047/1047 455/455/455
f 1045/1045/1045 455/455/455 452/452/452
f 1046/1046/1046 1045/1045/1045 452/452/452
f 1046/1046/1046 452/452/452 451/451/451
f 163/163/163 228/228/228 1048/1048/1048
f 163/163/163 1048/1048/1048 1049/1049/1049
f 228/228/228 227/227/227 1046/1046/1046
f 228/228/228 1046/1046/1046 1048/1048/1048
f 1048/1048/1048 1046/1046/1046 451/451/451
f 1048/1048/1048 451/451/451 458/458/458
f 1049/1049/1049 1048/1048/1048 458/458/458
f 1049/1049/1049 458/458/458 457/457/457
f 457/457/457 464/464/464 1050/1050/1050
f 457/457/457 1050/1050/1050 1049/1049/1049
f 464/464/464 463/463/463 1051/1051/1051
f 464/464/464 1051/1051/1051 1050/1050/1050
f 1050/1050/1050 1051/1051/1051 167/167/167
f 1050/1050/1050 167/167/167 164/164/164
f 1049/1049/1049 1050/1050/1050 164/164/164
f 1049/1049/1049 164/164/164 163/163/163
f 463/463/463 1008/1008/1008 1052/1052/1052
f 463/463/463 1052/1052/1052 1051/1051/1051
f 1008/1008/1008 970/970/970 1053/1053/1053
f 1008/1008/1008 1053/1053/1053 1052/1052/1052
f 1052/1052/1052 1053/1053/1053 968/968/968
f 1052/1052/1052 968/968/968 1003/1003/1003
f 1051/1051/1051 1052/1052/1052 1003/1003/1003
f 1051/1051/1051 1003/1003/1003 167/167/167
f 907/907/907 969/969/969 1054/1054/1054
f 907/907/907 1054/1054/1054 1055/1055/1055
f 969/969/969 968/968/968 1053/1053/1053
f 969/969/969 1053/1053/1053 1054/1054/1054
f 1054/1054/1054 1053/1053/1053 970/970/970
f 1054/1054/1054 970/970/970 973/973/973
f 1055/1055/1055 1054/1054/1054 973/973/973
f 1055/1055/1055 973/973/973 909/909/909
f 178/178/178 908/908/908 1056/1056/1056
f 178/178/178 1056/1056/1056 1057/1057/1057
f 908/908/908 907/907/907 1055/1055/1055
f 908/908/908 1055/1055/1055 1056/1056/1056
f 1056/1056/1056 1055/1055/1055 909/909/909
f 1056/1056/1056 909/909/909 912/912/912
f 1057/1057/1057 1056/1056/1056 912/912/912
f 1057/1057/1057 912/912/912 465/465/465
f 180/180/180 179/179/179 1058/1058/1058
f 180/180/180 1058/1058/1058 1059/1059/1059
f 179/179/179 178/178/178 1057/1057/1057
f 179/179/179 1057/1057/1057 1058/1058/1058
f 1058/1058/1058 1057/1057/1057 465/465/465
f 1058/1058/1058 465/465/465 468/468/468
f 1059/1059/1059 1058/1058/1058 468/468/468
f 1059/1059/1059 468/468/468 470/470/470
f 181/181/181 835/835/835 1060/1060/1060
f 181/181/181 1060/1060/1060 1061/1061/1061
f 835/835/835 180/180/180 1059/1059/1059
f 835/835/835 1059/1059/1059 1060/1060/1060
f 1060/1060/1060 1059/1059/1059 470/470/470
f 1060/1060/1060 470/470/470 832/832/832
f 1061/1061/1061 1060/1060/1060 832/832/832
f 1061/1061/1061 832/832/832 476/476/476
f 476/476/476 475/475/475 1062/1062/1062
f 476/476/476 1062/1062/1062 1061/1061/1061
f 475/475/475 474/474/474 1063/1063/1063
f 475/475/475 1063/1063/1063 1062/1062/1062
f 1062/1062/1062 1063/1063/1063 185/185/185
f 1062/1062/1062 185/185/185 182/182/182
f 1061/1061/1061 1062/1062/1062 182/182/182
f 1061/1061/1061 182/182/182 181/181/181
f 474/474/474 480/480/480 1064/1064/1064
f 474/474/474 1064/1064/1064 1063/1063/1063
f 480/480/480 479/479/479 1065/1065/1065
f 480/480/480 1065/1065/1065 1064/1064/1064
f 1064/1064/1064 1065/1065/1065 192/192/192
f 1064/1064/1064 192/192/192 190/190/190
f 1063/1063/1063 1064/1064/1064 190/190/190
f 1063/1063/1063 190/190/190 185/185/185
f 479/479/479 484/484/484 1066/1066/1066
f 479/479/479 1066/1066/1066 1065/1065/1065
f 484/484/484 483/483/483 1067/1067/1067
f 484/484/484 1067/1067/1067 1066/1066/1066
f 1066/1066/1066 1067/1067/1067 198/198/198
f 1066/1066/1066 198/198/198 196/196/196
f 1065/1065/1065 1066/1066/1066 196/196/196
f 1065/1065/1065 196/196/196 192/192/192
f 483/483/483 488/488/488 1068/1068/1068
f 483/483/483 1068/1068/1068 1067/1067/1067
f 488/488/488 487/487/487 1069/1069/1069
f 488/488/488 1069/1069/1069 1068/1068/1068
f 1068/1068/1068 1069/1069/1069 204/204/204
f 1068/1068/1068 204/204/204 202/202/202
f 1067/1067/1067 1068/1068/1068 202/202/202
f 1067/1067/1067 202/202/202 198/198/198
f 632/632/632 631/631/631 1070/1070/1070
f 632/632/632 1070/1070/1070 1071/1071/1071
f 631/631/631 204/204/204 1069/1069/1069
f 631/631/631 1069/1069/1069 1070/1070/1070
f 1070/1070/1070 1069/1069/1069 487/487/487
f 1070/1070/1070 487/487/487 624/624/624
f 1071/1071/1071 1070/1070/1070 624/624/624
f 1071/1071/1071 624/624/624 626/626/626
f 693/693/693 692/692/692 1072/1072/1072
f 693/693/693 1072/1072/1072 1073/1073/1073
f 692/692/692 632/632/632 1071/1071/1071
f 692/692/692 1071/1071/1071 1072/1072/1072
f 1072/1072/1072 1071/1071/1071 626/626/626
f 1072/1072/1072 626/626/626 685/685/685
f 1073/1073/1073 1072/1072/1072 685/685/685
f 1073/1073/1073 685/685/685 687/687/687
f 754/754/754 753/753/753 1074/1074/1074
f 754/754/754 1074/1074/1074 1075/1075/1075
f 753/753/753 693/693/693 1073/1073/1073
f 753/753/753 1073/1073/1073 1074/1074/1074
f 1074/1074/1074 1073/1073/1073 687/687/687
f 1074/1074/1074 687/687/687 746/746/746
f 1075/1075/1075 1074/1074/1074 746/746/746
f 1075/1075/1075 746/746/746 748/748/748
f 208/208/208 803/803/803 1076/1076/1076
f 208/208/208 1076/1076/1076 1077/1077/1077
f 803/803/803 754/754/754 1075/1075/1075
f 803/803/803 1075/1075/1075 1076/1076/1076
f 1076/1076/1076 1075/1075/1075 748/748/748
f 1076/1076/1076 748/748/748 800/800/800
f 1077/1077/1077 1076/1076/1076 800/800/800
f 1077/1077/1077 800/800/800 494/494/494
f 494/494/494 493/493/493 1078/1078/1078
f 494/494/494 1078/1078/1078 1077/1077/1077
f 493/493/493 492/492/492 1079/1079/1079
f 493/493/493 1079/1079/1079 1078/1078/1078
f 1078/1078/1078 1079/1079/1079 212/212/212
f 1078/1078/1078 212/212/212 209/209/209
f 1077/1077/1077 1078/1078/1078 209/209/209
f 1077/1077/1077 209/209/209 208/208/208
f 492/492/492 498/498/498 1080/1080/1080
f 492/492/492 1080/1080/1080 1079/1079/1079
f 498/498/498 497/497/497 1081/1081/1081
f 498/498/498 1081/1081/1081 1080/1080/1080
f 1080/1080/1080 1081/1081/1081 219/219/219
f 1080/1080/1080 219/219/219 217/217/217
f 1079/1079/1079 1080/1080/1080 217/217/217
f 1079/1079/1079 217/217/217 212/212/212
f 497/497/497 502/502/502 1082/1082/1082
f 497/497/497 1082/1082/1082 1081/1081/1081
f 502/502/502 501/501/501 1083/1083/1083
f 502/502/502 1083/1083/1083 1082/1082/1082
f 1082/1082/1082 1083/1083/1083 237/237/237
f 1082/1082/1082 237/237/237 235/235/235
f 1081/1081/1081 1082/1082/1082 235/235/235
f 1081/1081/1081 235/235/235 219/219/219
f 46/46/46 324/324/324 1084/1084/1084
f 46/46/46 1084/1084/1084 1085/1085/1085
f 324/324/324 323/323/323 1086/1086/1086
f 324/324/324 1086/1086/1086 1084/1084/1084
f 1084/1084/1084 1086/1086/1086 507/507/507
f 1084/1084/1084 507/507/507 504/504/504
f 1085/1085/1085 1084/1084/1084 504/504/504
f 1085/1085/1085 504/504/504 503/503/503
f 503/503/503 512/512/512 1087/1087/1087
f 503/503/503 1087/1087/1087 1085/1085/1085
f 512/512/512 511/511/511 1011/1011/1011
f 512/512/512 1011/1011/1011 1087/1087/1087
f 1087/1087/1087 1011/1011/1011 50/50/50
f 1087/1087/1087 50/50/50 47/47/47
f 1085/1085/1085 1087/1087/1087 47/47/47
f 1085/1085/1085 47/47/47 46/46/46
f 32/32/32 1088/1088/1088 1089/1089/1089
f 32/32/32 1089/1089/1089 33/33/33
f 1088/1088/1088 1090/1090/1090 1091/1091/1091
f 1088/1088/1088 1091/1091/1091 1089/1089/1089
f 1089/1089/1089 1091/1091/1091 1092/1092/1092
f 1089/1089/1089 1092/1092/1092 1093/1093/1093
f 33/33/33 1089/1089/1089 1093/1093/1093
f 33/33/33 1093/1093/1093 34/34/34
f 1092/1092/1092 1094/1094/1094 1095/1095/1095
f 1092/1092/1092 1095/1095/1095 1093/1093/1093
f 1094/1094/1094 1096/1096/1096 1097/1097/1097
f 1094/1094/1094 1097/1097/1097 1095/1095/1095
f 1095/1095/1095 1097/1097/1097 36/36/36
f 1095/1095/1095 36/36/36 35/35/35
f 1093/1093/1093 1095/1095/1095 35/35/35
f 1093/1093/1093 35/35/35 34/34/34
f 1096/1096/1096 1098/1098/1098 1099/1099/1099
f 1096/1096/1096 1099/1099/1099 1097/1097/1097
f 1098/1098/1098 1100/1100/1100 1101/1101/1101
f 1098/1098/1098 1101/1101/1101 1099/1099/1099
f 1099/1099/1099 1101/1101/1101 28/28/28
f 1099/1099/1099 28/28/28 31/31/31
f 1097/1097/1097 1099/1099/1099 31/31/31
f 1097/1097/1097 31/31/31 36/36/36
f 1102/1102/1102 1103/1103/1103 1104/1104/1104
f 1102/1102/1102 1104/1104/1104 1105/1105/1105
f 1103/1103/1103 1106/1106/1106 1107/1107/1107
f 1103/1103/1103 1107/1107/1107 1104/1104/1104
f 1104/1104/1104 1107/1107/1107 1108/1108/1108
f 1104/1104/1104 1108/1108/1108 1109/1109/1109
f 1105/1105/1105 1104/1104/1104 1109/1109/1109
f 1105/1105/1105 1109/1109/1109 1110/1110/1110
f 661/661/661 1111/1111/1111 1112/1112/1112
f 661/661/661 1112/1112/1112 662/662/662
f 1111/1111/1111 1113/1113/1113 1114/1114/1114
f 1111/1111/1111 1114/1114/1114 1112/1112/1112
f 1112/1112/1112 1114/1114/1114 1115/1115/1115
f 1112/1112/1112 1115/1115/1115 1116/1116/1116
f 662/662/662 1112/1112/1112 1116/1116/1116
f 662/662/662 1116/1116/1116 663/663/663
f 1115/1115/1115 1117/1117/1117 1118/1118/1118
f 1115/1115/1115 1118/1118/1118 1116/1116/1116
f 1117/1117/1117 1119/1119/1119 1120/1120/1120
f 1117/1117/1117 1120/1120/1120 1118/1118/1118
f 1118/1118/1118 1120/1120/1120 665/665/665
f 1118/1118/1118 665/665/665 664/664/664
f 1116/1116/1116 1118/1118/1118 664/664/664
f 1116/1116/1116 664/664/664 663/663/663
f 1119/1119/1119 1121/1121/1121 1122/1122/1122
f 1119/1119/1119 1122/1122/1122 1120/1120/1120
f 1121/1121/1121 1123/1123/1123 1124/1124/1124
f 1121/1121/1121 1124/1124/1124 1122/1122/1122
f 1122/1122/1122 1124/1124/1124 657/657/657
f 1122/1122/1122 657/657/657 660/660/660
f 1120/1120/1120 1122/1122/1122 660/660/660
f 1120/1120/1120 660/660/660 665/665/665
f 1125/1125/1125 1126/1126/1126 1127/1127/1127
f 1125/1125/1125 1127/1127/1127 1128/1128/1128
f 1126/1126/1126 1129/1129/1129 1130/1130/1130
f 1126/1126/1126 1130/1130/1130 1127/1127/1127
f 1127/1127/1127 1130/1130/1130 1131/1131/1131
f 1127/1127/1127 1131/1131/1131 1132/1132/1132
f 1128/1128/1128 1127/1127/1127 1132/1132/1132
f 1128/1128/1128 1132/1132/1132 1133/1133/1133
f 783/783/783 1134/1134/1134 1135/1135/1135
f 783/783/783 1135/1135/1135 784/784/784
f 1134/1134/1134 1136/1136/1136 1137/1137/1137
f 1134/1134/1134 1137/1137/1137 1135/1135/1135
f 1135/1135/1135 1137/1137/1137 1138/1138/1138
f 1135/1135/1135 1138/1138/1138 1139/1139/1139
f 784/784/784 1135/1135/1135 1139/1139/1139
f 784/784/784 1139/1139/1139 785/785/785
f 1138/1138/1138 1140/1140/1140 1141/1141/1141
f 1138/1138/1138 1141/1141/1141 1139/1139/1139
f 1140/1140/1140 1142/1142/1142 1143/1143/1143
f 1140/1140/1140 1143/1143/1143 1141/1141/1141
f 1141/1141/1141 1143/1143/1143 787/787/787
f 1141/1141/1141 787/787/787 786/786/786
f 1139/1139/1139 1141/1141/1141 786/786/786
f 1139/1139/1139 786/786/786 785/785/785
f 1142/1142/1142 1144/1144/1144 1145/1145/1145
f 1142/1142/1142 1145/1145/1145 1143/1143/1143
f 1144/1144/1144 1146/1146/1146 1147/1147/1147
f 1144/1144/1144 1147/1147/1147 1145/1145/1145
f 1145/1145/1145 1147/1147/1147 779/779/779
f 1145/1145/1145 779/779/779 782/782/782
f 1143/1143/1143 1145/1145/1145 782/782/782
f 1143/1143/1143 782/782/782 787/787/787
f 1148/1148/1148 1149/1149/1149 1150/1150/1150
f 1148/1148/1148 1150/1150/1150 1151/1151/1151
f 1149/1149/1149 1152/1152/1152 1153/1153/1153
f 1149/1149/1149 1153/1153/1153 1150/1150/1150
f 1150/1150/1150 1153/1153/1153 1154/1154/1154
f 1150/1150/1150 1154/1154/1154 1155/1155/1155
f 1151/1151/1151 1150/1150/1150 1155/1155/1155
f 1151/1151/1151 1155/1155/1155 1156/1156/1156
f 935/935/935 1157/1157/1157 1158/1158/1158
f 935/935/935 1158/1158/1158 936/936/936
f 1157/1157/1157 1159/1159/1159 1160/1160/1160
f 1157/1157/1157 1160/1160/1160 1158/1158/1158
f 1158/1158/1158 1160/1160/1160 1161/1161/1161
f 1158/1158/1158 1161/1161/1161 1162/1162/1162
f 936/936/936 1158/1158/1158 1162/1162/1162
f 936/936/936 1162/1162/1162 937/937/937
f 1161/1161/1161 1163/1163/1163 1164/1164/1164
f 1161/1161/1161 1164/1164/1164 1162/1162/1162
f 1163/1163/1163 1165/1165/1165 1166/1166/1166
f 1163/1163/1163 1166/1166/1166 1164/1164/1164
f 1164/1164/1164 1166/1166/1166 939/939/939
f 1164/1164/1164 939/939/939 938/938/938
f 1162/1162/1162 1164/1164/1164 938/938/938
f 1162/1162/1162 938/938/938 937/937/937
f 1165/1165/1165 1167/1167/1167 1168/1168/1168
f 1165/1165/1165 1168/1168/1168 1166/1166/1166
f 1167/1167/1167 1169/1169/1169 1170/1170/1170
f 1167/1167/1167 1170/1170/1170 1168/1168/1168
f 1168/1168/1168 1170/1170/1170 931/931/931
f 1168/1168/1168 931/931/931 934/934/934
f 1166/1166/1166 1168/1168/1168 934/934/934
f 1166/1166/1166 934/934/934 939/939/939
f 1171/1171/1171 1172/1172/1172 1173/1173/1173
f 1171/1171/1171 1173/1173/1173 1174/1174/1174
f 1172/1172/1172 1175/1175/1175 1176/1176/1176
f 1172/1172/1172 1176/1176/1176 1173/1173/1173
f 1173/1173/1173 1176/1176/1176 1177/1177/1177
f 1173/1173/1173 1177/1177/1177 1178/1178/1178
f 1174/1174/1174 1173/1173/1173 1178/1178/1178
f 1174/1174/1174 1178/1178/1178 1179/1179/1179
f 1180/1180/1180 1181/1181/1181 1182/1182/1182
f 1180/1180/1180 1182/1182/1182 1183/1183/1183
f 1181/1181/1181 1184/1184/1184 1185/1185/1185
f 1181/1181/1181 1185/1185/1185 1182/1182/1182
f 1182/1182/1182 1185/1185/1185 279/279/279
f 1182/1182/1182 279/279/279 277/277/277
f 1183/1183/1183 1182/1182/1182 277/277/277
f 1183/1183/1183 277/277/277 225/225/225
f 1186/1186/1186 1187/1187/1187 1188/1188/1188
f 1186/1186/1186 1188/1188/1188 1189/1189/1189
f 1187/1187/1187 1190/1190/1190 1191/1191/1191
f 1187/1187/1187 1191/1191/1191 1188/1188/1188
f 1188/1188/1188 1191/1191/1191 43/43/43
f 1188/1188/1188 43/43/43 380/380/380
f 1189/1189/1189 1188/1188/1188 380/380/380
f 1189/1189/1189 380/380/380 379/379/379
f 45/45/45 44/44/44 1192/1192/1192
f 45/45/45 1192/1192/1192 1193/1193/1193
f 44/44/44 43/43/43 1191/1191/1191
f 44/44/44 1191/1191/1191 1192/1192/1192
f 1192/1192/1192 1191/1191/1191 1190/1190/1190
f 1192/1192/1192 1190/1190/1190 1194/1194/1194
f 1193/1193/1193 1192/1192/1192 1194/1194/1194
f 1193/1193/1193 1194/1194/1194 1195/1195/1195
f 1195/1195/1195 1196/1196/1196 1197/1197/1197
f 1195/1195/1195 1197/1197/1197 1193/1193/1193
f 1196/1196/1196 1198/1198/1198 1199/1199/1199
f 1196/1196/1196 1199/1199/1199 1197/1197/1197
f 1197/1197/1197 1199/1199/1199 987/987/987
f 1197/1197/1197 987/987/987 985/985/985
f 1193/1193/1193 1197/1197/1197 985/985/985
f 1193/1193/1193 985/985/985 45/45/45
f 931/931/931 1170/1170/1170 1200/1200/1200
f 931/931/931 1200/1200/1200 1201/1201/1201
f 1170/1170/1170 1169/1169/1169 1202/1202/1202
f 1170/1170/1170 1202/1202/1202 1200/1200/1200
f 1200/1200/1200 1202/1202/1202 1203/1203/1203
f 1200/1200/1200 1203/1203/1203 1204/1204/1204
f 1201/1201/1201 1200/1200/1200 1204/1204/1204
f 1201/1201/1201 1204/1204/1204 1205/1205/1205
f 1205/1205/1205 1206/1206/1206 1207/1207/1207
f 1205/1205/1205 1207/1207/1207 1201/1201/1201
f 1206/1206/1206 1208/1208/1208 1209/1209/1209
f 1206/1206/1206 1209/1209/1209 1207/1207/1207
f 1207/1207/1207 1209/1209/1209 935/935/935
f 1207/1207/1207 935/935/935 932/932/932
f 1201/1201/1201 1207/1207/1207 932/932/932
f 1201/1201/1201 932/932/932 931/931/931
f 1208/1208/1208 1210/1210/1210 1211/1211/1211
f 1208/1208/1208 1211/1211/1211 1209/1209/1209
f 1210/1210/1210 1212/1212/1212 1213/1213/1213
f 1210/1210/1210 1213/1213/1213 1211/1211/1211
f 1211/1211/1211 1213/1213/1213 1159/1159/1159
f 1211/1211/1211 1159/1159/1159 1157/1157/1157
f 1209/1209/1209 1211/1211/1211 1157/1157/1157
f 1209/1209/1209 1157/1157/1157 935/935/935
f 1214/1214/1214 1215/1215/1215 1216/1216/1216
f 1214/1214/1214 1216/1216/1216 1217/1217/1217
f 1215/1215/1215 1218/1218/1218 1219/1219/1219
f 1215/1215/1215 1219/1219/1219 1216/1216/1216
f 1216/1216/1216 1219/1219/1219 874/874/874
f 1216/1216/1216 874/874/874 871/871/871
f 1217/1217/1217 1216/1216/1216 871/871/871
f 1217/1217/1217 871/871/871 870/870/870
f 28/28/28 1101/1101/1101 1220/1220/1220
f 28/28/28 1220/1220/1220 1221/1221/1221
f 1101/1101/1101 1100/1100/1100 1222/1222/1222
f 1101/1101/1101 1222/1222/1222 1220/1220/1220
f 1220/1220/1220 1222/1222/1222 1223/1223/1223
f 1220/1220/1220 1223/1223/1223 1224/1224/1224
f 1221/1221/1221 1220/1220/1220 1224/1224/1224
f 1221/1221/1221 1224/1224/1224 1225/1225/1225
f 1225/1225/1225 1226/1226/1226 1227/1227/1227
f 1225/1225/1225 1227/1227/1227 1221/1221/1221
f 1226/1226/1226 1228/1228/1228 1229/1229/1229
f 1226/1226/1226 1229/1229/1229 1227/1227/1227
f 1227/1227/1227 1229/1229/1229 32/32/32
f 1227/1227/1227 32/32/32 29/29/29
f 1221/1221/1221 1227/1227/1227 29/29/29
f 1221/1221/1221 29/29/29 28/28/28
f 1228/1228/1228 1230/1230/1230 1231/1231/1231
f 1228/1228/1228 1231/1231/1231 1229/1229/1229
f 1230/1230/1230 1232/1232/1232 1233/1233/1233
f 1230/1230/1230 1233/1233/1233 1231/1231/1231
f 1231/1231/1231 1233/1233/1233 1090/1090/1090
f 1231/1231/1231 1090/1090/1090 1088/1088/1088
f 1229/1229/1229 1231/1231/1231 1088/1088/1088
f 1229/1229/1229 1088/1088/1088 32/32/32
f 26/26/26 853/853/853 1234/1234/1234
f 26/26/26 1234/1234/1234 1235/1235/1235
f 853/853/853 852/852/852 1236/1236/1236
f 853/853/853 1236/1236/1236 1234/1234/1234
f 1234/1234/1234 1236/1236/1236 1237/1237/1237
f 1234/1234/1234 1237/1237/1237 1238/1238/1238
f 1235/1235/1235 1234/1234/1234 1238/1238/1238
f 1235/1235/1235 1238/1238/1238 1239/1239/1239
f 20/20/20 27/27/27 1240/1240/1240
f 20/20/20 1240/1240/1240 1241/1241/1241
f 27/27/27 26/26/26 1235/1235/1235
f 27/27/27 1235/1235/1235 1240/1240/1240
f 1240/1240/1240 1235/1235/1235 1239/1239/1239
f 1240/1240/1240 1239/1239/1239 1242/1242/1242
f 1241/1241/1241 1240/1240/1240 1242/1242/1242
f 1241/1241/1241 1242/1242/1242 1243/1243/1243
f 14/14/14 21/21/21 1244/1244/1244
f 14/14/14 1244/1244/1244 1245/1245/1245
f 21/21/21 20/20/20 1241/1241/1241
f 21/21/21 1241/1241/1241 1244/1244/1244
f 1244/1244/1244 1241/1241/1241 1243/1243/1243
f 1244/1244/1244 1243/1243/1243 1246/1246/1246
f 1245/1245/1245 1244/1244/1244 1246/1246/1246
f 1245/1245/1245 1246/1246/1246 1247/1247/1247
f 1/1/1 15/15/15 1248/1248/1248
f 1/1/1 1248/1248/1248 1249/1249/1249
f 15/15/15 14/14/14 1245/1245/1245
f 15/15/15 1245/1245/1245 1248/1248/1248
f 1248/1248/1248 1245/1245/1245 1247/1247/1247
f 1248/1248/1248 1247/1247/1247 1250/1250/1250
f 1249/1249/1249 1248/1248/1248 1250/1250/1250
f 1249/1249/1249 1250/1250/1250 1251/1251/1251
f 1251/1251/1251 1252/1252/1252 1253/1253/1253
f 1251/1251/1251 1253/1253/1253 1249/1249/1249
f 1252/1252/1252 1254/1254/1254 1255/1255/1255
f 1252/1252/1252 1255/1255/1255 1253/1253/1253
f 1253/1253/1253 1255/1255/1255 5/5/5
f 1253/1253/1253 5/5/5 2/2/2
f 1249/1249/1249 1253/1253/1253 2/2/2
f 1249/1249/1249 2/2/2 1/1/1
f 657/657/657 1124/1124/1124 1256/1256/1256
f 657/657/657 1256/1256/1256 1257/1257/1257
f 1124/1124/1124 1123/1123/1123 1258/1258/1258
f 1124/1124/1124 1258/1258/1258 1256/1256/1256
f 1256/1256/1256 1258/1258/1258 1259/1259/1259
f 1256/1256/1256 1259/1259/1259 1260/1260/1260
f 1257/1257/1257 1256/1256/1256 1260/1260/1260
f 1257/1257/1257 1260/1260/1260 1261/1261/1261
f 1261/1261/1261 1262/1262/1262 1263/1263/1263
f 1261/1261/1261 1263/1263/1263 1257/1257/1257
f 1262/1262/1262 1264/1264/1264 1265/1265/1265
f 1262/1262/1262 1265/1265/1265 1263/1263/1263
f 1263/1263/1263 1265/1265/1265 661/661/661
f 1263/1263/1263 661/661/661 658/658/658
f 1257/1257/1257 1263/1263/1263 658/658/658
f 1257/1257/1257 658/658/658 657/657/657
f 1264/1264/1264 1266/1266/1266 1267/1267/1267
f 1264/1264/1264 1267/1267/1267 1265/1265/1265
f 1266/1266/1266 1268/1268/1268 1269/1269/1269
f 1266/1266/1266 1269/1269/1269 1267/1267/1267
f 1267/1267/1267 1269/1269/1269 1113/1113/1113
f 1267/1267/1267 1113/1113/1113 1111/1111/1111
f 1265/1265/1265 1267/1267/1267 1111/1111/1111
f 1265/1265/1265 1111/1111/1111 661/661/661
f 1270/1270/1270 1271/1271/1271 1272/1272/1272
f 1270/1270/1270 1272/1272/1272 1273/1273/1273
f 1271/1271/1271 1274/1274/1274 1275/1275/1275
f 1271/1271/1271 1275/1275/1275 1272/1272/1272
f 1272/1272/1272 1275/1275/1275 722/722/722
f 1272/1272/1272 722/722/722 719/719/719
f 1273/1273/1273 1272/1272/1272 719/719/719
f 1273/1273/1273 719/719/719 718/718/718
f 779/779/779 1147/1147/1147 1276/1276/1276
f 779/779/779 1276/1276/1276 1277/1277/1277
f 1147/1147/1147 1146/1146/1146 1278/1278/1278
f 1147/1147/1147 1278/1278/1278 1276/1276/1276
f 1276/1276/1276 1278/1278/1278 1279/1279/1279
f 1276/1276/1276 1279/1279/1279 1280/1280/1280
f 1277/1277/1277 1276/1276/1276 1280/1280/1280
f 1277/1277/1277 1280/1280/1280 1281/1281/1281
f 1281/1281/1281 1282/1282/1282 1283/1283/1283
f 1281/1281/1281 1283/1283/1283 1277/1277/1277
f 1282/1282/1282 1284/1284/1284 1285/1285/1285
f 1282/1282/1282 1285/1285/1285 1283/1283/1283
f 1283/1283/1283 1285/1285/1285 783/783/783
f 1283/1283/1283 783/783/783 780/780/780
f 1277/1277/1277 1283/1283/1283 780/780/780
f 1277/1277/1277 780/780/780 779/779/779
f 1284/1284/1284 1286/1286/1286 1287/1287/1287
f 1284/1284/1284 1287/1287/1287 1285/1285/1285
f 1286/1286/1286 1288/1288/1288 1289/1289/1289
f 1286/1286/1286 1289/1289/1289 1287/1287/1287
f 1287/1287/1287 1289/1289/1289 1136/1136/1136
f 1287/1287/1287 1136/1136/1136 1134/1134/1134
f 1285/1285/1285 1287/1287/1287 1134/1134/1134
f 1285/1285/1285 1134/1134/1134 783/783/783
f 52/52/52 821/821/821 1290/1290/1290
f 52/52/52 1290/1290/1290 1291/1291/1291
f 821/821/821 820/820/820 1292/1292/1292
f 821/821/821 1292/1292/1292 1290/1290/1290
f 1290/1290/1290 1292/1292/1292 1293/1293/1293
f 1290/1290/1290 1293/1293/1293 1294/1294/1294
f 1291/1291/1291 1290/1290/1290 1294/1294/1294
f 1291/1291/1291 1294/1294/1294 1295/1295/1295
f 54/54/54 53/53/53 1296/1296/1296
f 54/54/54 1296/1296/1296 1297/1297/1297
f 53/53/53 52/52/52 1291/1291/1291
f 53/53/53 1291/1291/1291 1296/1296/1296
f 1296/1296/1296 1291/1291/1291 1295/1295/1295
f 1296/1296/1296 1295/1295/1295 1298/1298/1298
f 1297/1297/1297 1296/1296/1296 1298/1298/1298
f 1297/1297/1297 1298/1298/1298 1299/1299/1299
f 1299/1299/1299 1300/1300/1300 1301/1301/1301
f 1299/1299/1299 1301/1301/1301 1297/1297/1297
f 1300/1300/1300 1302/1302/1302 1303/1303/1303
f 1300/1300/1300 1303/1303/1303 1301/1301/1301
f 1301/1301/1301 1303/1303/1303 321/321/321
f 1301/1301/1301 321/321/321 319/319/319
f 1297/1297/1297 1301/1301/1301 319/319/319
f 1297/1297/1297 319/319/319 54/54/54
f 221/221/221 240/240/240 1304/1304/1304
f 221/221/221 1304/1304/1304 1305/1305/1305
f 240/240/240 239/239/239 1306/1306/1306
f 240/240/240 1306/1306/1306 1304/1304/1304
f 1304/1304/1304 1306/1306/1306 1307/1307/1307
f 1304/1304/1304 1307/1307/1307 1308/1308/1308
f 1305/1305/1305 1304/1304/1304 1308/1308/1308
f 1305/1305/1305 1308/1308/1308 1309/1309/1309
f 214/214/214 222/222/222 1310/1310/1310
f 214/214/214 1310/1310/1310 1311/1311/1311
f 222/222/222 221/221/221 1305/1305/1305
f 222/222/222 1305/1305/1305 1310/1310/1310
f 1310/1310/1310 1305/1305/1305 1309/1309/1309
f 1310/1310/1310 1309/1309/1309 1312/1312/1312
f 1311/1311/1311 1310/1310/1310 1312/1312/1312
f 1311/1311/1311 1312/1312/1312 1313/1313/1313
f 216/216/216 215/215/215 1314/1314/1314
f 216/216/216 1314/1314/1314 1315/1315/1315
f 215/215/215 214/214/214 1311/1311/1311
f 215/215/215 1311/1311/1311 1314/1314/1314
f 1314/1314/1314 1311/1311/1311 1313/1313/1313
f 1314/1314/1314 1313/1313/1313 1316/1316/1316
f 1315/1315/1315 1314/1314/1314 1316/1316/1316
f 1315/1315/1315 1316/1316/1316 1317/1317/1317
f 1317/1317/1317 1318/1318/1318 1319/1319/1319
f 1317/1317/1317 1319/1319/1319 1315/1315/1315
f 1318/1318/1318 1320/1320/1320 1321/1321/1321
f 1318/1318/1318 1321/1321/1321 1319/1319/1319
f 1319/1319/1319 1321/1321/1321 749/749/749
f 1319/1319/1319 749/749/749 801/801/801
f 1315/1315/1315 1319/1319/1319 801/801/801
f 1315/1315/1315 801/801/801 216/216/216
f 1320/1320/1320 1322/1322/1322 1323/1323/1323
f 1320/1320/1320 1323/1323/1323 1321/1321/1321
f 1322/1322/1322 1324/1324/1324 1325/1325/1325
f 1322/1322/1322 1325/1325/1325 1323/1323/1323
f 1323/1323/1323 1325/1325/1325 688/688/688
f 1323/1323/1323 688/688/688 750/750/750
f 1321/1321/1321 1323/1323/1323 750/750/750
f 1321/1321/1321 750/750/750 749/749/749
f 1324/1324/1324 1326/1326/1326 1327/1327/1327
f 1324/1324/1324 1327/1327/1327 1325/1325/1325
f 1326/1326/1326 1328/1328/1328 1329/1329/1329
f 1326/1326/1326 1329/1329/1329 1327/1327/1327
f 1327/1327/1327 1329/1329/1329 627/627/627
f 1327/1327/1327 627/627/627 689/689/689
f 1325/1325/1325 1327/1327/1327 689/689/689
f 1325/1325/1325 689/689/689 688/688/688
f 1328/1328/1328 1330/1330/1330 1331/1331/1331
f 1328/1328/1328 1331/1331/1331 1329/1329/1329
f 1330/1330/1330 1332/1332/1332 1333/1333/1333
f 1330/1330/1330 1333/1333/1333 1331/1331/1331
f 1331/1331/1331 1333/1333/1333 206/206/206
f 1331/1331/1331 206/206/206 628/628/628
f 1329/1329/1329 1331/1331/1331 628/628/628
f 1329/1329/1329 628/628/628 627/627/627
f 200/200/200 207/207/207 1334/1334/1334
f 200/200/200 1334/1334/1334 1335/1335/1335
f 207/207/207 206/206/206 1333/1333/1333
f 207/207/207 1333/1333/1333 1334/1334/1334
f 1334/1334/1334 1333/1333/1333 1332/1332/1332
f 1334/1334/1334 1332/1332/1332 1336/1336/1336
f 1335/1335/1335 1334/1334/1334 1336/1336/1336
f 1335/1335/1335 1336/1336/1336 1337/1337/1337
f 194/194/194 201/201/201 1338/1338/1338
f 194/194/194 1338/1338/1338 1339/1339/1339
f 201/201/201 200/200/200 1335/1335/1335
f 201/201/201 1335/1335/1335 1338/1338/1338
f 1338/1338/1338 1335/1335/1335 1337/1337/1337
f 1338/1338/1338 1337/1337/1337 1340/1340/1340
f 1339/1339/1339 1338/1338/1338 1340/1340/1340
f 1339/1339/1339 1340/1340/1340 1341/1341/1341
f 187/187/187 195/195/195 1342/1342/1342
f 187/187/187 1342/1342/1342 1343/1343/1343
f 195/195/195 194/194/194 1339/1339/1339
f 195/195/195 1339/1339/1339 1342/1342/1342
f 1342/1342/1342 1339/1339/1339 1341/1341/1341
f 1342/1342/1342 1341/1341/1341 1344/1344/1344
f 1343/1343/1343 1342/1342/1342 1344/1344/1344
f 1343/1343/1343 1344/1344/1344 1345/1345/1345
f 189/189/189 188/188/188 1346/1346/1346
f 189/189/189 1346/1346/1346 1347/1347/1347
f 188/188/188 187/187/187 1343/1343/1343
f 188/188/188 1343/1343/1343 1346/1346/1346
f 1346/1346/1346 1343/1343/1343 1345/1345/1345
f 1346/1346/1346 1345/1345/1345 1348/1348/1348
f 1347/1347/1347 1346/1346/1346 1348/1348/1348
f 1347/1347/1347 1348/1348/1348 1349/1349/1349
f 1349/1349/1349 1350/1350/1350 1351/1351/1351
f 1349/1349/1349 1351/1351/1351 1347/1347/1347
f 1350/1350/1350 1352/1352/1352 1353/1353/1353
f 1350/1350/1350 1353/1353/1353 1351/1351/1351
f 1351/1351/1351 1353/1353/1353 172/172/172
f 1351/1351/1351 172/172/172 833/833/833
f 1347/1347/1347 1351/1351/1351 833/833/833
f 1347/1347/1347 833/833/833 189/189/189
f 1352/1352/1352 1354/1354/1354 1355/1355/1355
f 1352/1352/1352 1355/1355/1355 1353/1353/1353
f 1354/1354/1354 1356/1356/1356 1357/1357/1357
f 1354/1354/1354 1357/1357/1357 1355/1355/1355
f 1355/1355/1355 1357/1357/1357 176/176/176
f 1355/1355/1355 176/176/176 173/173/173
f 1353/1353/1353 1355/1355/1355 173/173/173
f 1353/1353/1353 173/173/173 172/172/172
f 1356/1356/1356 1358/1358/1358 1359/1359/1359
f 1356/1356/1356 1359/1359/1359 1357/1357/1357
f 1358/1358/1358 1360/1360/1360 1361/1361/1361
f 1358/1358/1358 1361/1361/1361 1359/1359/1359
f 1359/1359/1359 1361/1361/1361 905/905/905
f 1359/1359/1359 905/905/905 903/903/903
f 1357/1357/1357 1359/1359/1359 903/903/903
f 1357/1357/1357 903/903/903 176/176/176
f 1360/1360/1360 1362/1362/1362 1363/1363/1363
f 1360/1360/1360 1363/1363/1363 1361/1361/1361
f 1362/1362/1362 1364/1364/1364 1365/1365/1365
f 1362/1362/1362 1365/1365/1365 1363/1363/1363
f 1363/1363/1363 1365/1365/1365 966/966/966
f 1363/1363/1363 966/966/966 964/964/964
f 1361/1361/1361 1363/1363/1363 964/964/964
f 1361/1361/1361 964/964/964 905/905/905
f 169/169/169 1005/1005/1005 1366/1366/1366
f 169/169/169 1366/1366/1366 1367/1367/1367
f 1005/1005/1005 966/966/966 1365/1365/1365
f 1005/1005/1005 1365/1365/1365 1366/1366/1366
f 1366/1366/1366 1365/1365/1365 1364/1364/1364
f 1366/1366/1366 1364/1364/1364 1368/1368/1368
f 1367/1367/1367 1366/1366/1366 1368/1368/1368
f 1367/1367/1367 1368/1368/1368 1369/1369/1369
f 171/171/171 170/170/170 1370/1370/1370
f 171/171/171 1370/1370/1370 1371/1371/1371
f 170/170/170 169/169/169 1367/1367/1367
f 170/170/170 1367/1367/1367 1370/1370/1370
f 1370/1370/1370 1367/1367/1367 1369/1369/1369
f 1370/1370/1370 1369/1369/1369 1372/1372/1372
f 1371/1371/1371 1370/1370/1370 1372/1372/1372
f 1371/1371/1371 1372/1372/1372 1373/1373/1373
f 1373/1373/1373 1374/1374/1374 1375/1375/1375
f 1373/1373/1373 1375/1375/1375 1371/1371/1371
f 1374/1374/1374 1180/1180/1180 1183/1183/1183
f 1374/1374/1374 1183/1183/1183 1375/1375/1375
f 1375/1375/1375 1183/1183/1183 225/225/225
f 1375/1375/1375 225/225/225 223/223/223
f 1371/1371/1371 1375/1375/1375 223/223/223
f 1371/1371/1371 223/223/223 171/171/171
f 1232/1232/1232 1376/1376/1376 1377/1377/1377
f 1232/1232/1232 1377/1377/1377 1233/1233/1233
f 1376/1376/1376 1378/1378/1378 1379/1379/1379
f 1376/1376/1376 1379/1379/1379 1377/1377/1377
f 1377/1377/1377 1379/1379/1379 1380/1380/1380
f 1377/1377/1377 1380/1380/1380 1381/1381/1381
f 1233/1233/1233 1377/1377/1377 1381/1381/1381
f 1233/1233/1233 1381/1381/1381 1090/1090/1090
f 1092/1092/1092 1091/1091/1091 1382/1382/1382
f 1092/1092/1092 1382/1382/1382 1383/1383/1383
f 1091/1091/1091 1090/1090/1090 1381/1381/1381
f 1091/1091/1091 1381/1381/1381 1382/1382/1382
f 1382/1382/1382 1381/1381/1381 1380/1380/1380
f 1382/1382/1382 1380/1380/1380 1384/1384/1384
f 1383/1383/1383 1382/1382/1382 1384/1384/1384
f 1383/1383/1383 1384/1384/1384 1385/1385/1385
f 1385/1385/1385 1386/1386/1386 1387/1387/1387
f 1385/1385/1385 1387/1387/1387 1383/1383/1383
f 1386/1386/1386 1388/1388/1388 1389/1389/1389
f 1386/1386/1386 1389/1389/1389 1387/1387/1387
f 1387/1387/1387 1389/1389/1389 1096/1096/1096
f 1387/1387/1387 1096/1096/1096 1094/1094/1094
f 1383/1383/1383 1387/1387/1387 1094/1094/1094
f 1383/1383/1383 1094/1094/1094 1092/1092/1092
f 1388/1388/1388 1390/1390/1390 1391/1391/1391
f 1388/1388/1388 1391/1391/1391 1389/1389/1389
f 1390/1390/1390 1392/1392/1392 1393/1393/1393
f 1390/1390/1390 1393/1393/1393 1391/1391/1391
f 1391/1391/1391 1393/1393/1393 1100/1100/1100
f 1391/1391/1391 1100/1100/1100 1098/1098/1098
f 1389/1389/1389 1391/1391/1391 1098/1098/1098
f 1389/1389/1389 1098/1098/1098 1096/1096/1096
f 1394/1394/1394 1395/1395/1395 1396/1396/1396
f 1394/1394/1394 1396/1396/1396 1397/1397/1397
f 1395/1395/1395 1223/1223/1223 1222/1222/1222
f 1395/1395/1395 1222/1222/1222 1396/1396/1396
f 1396/1396/1396 1222/1222/1222 1100/1100/1100
f 1396/1396/1396 1100/1100/1100 1393/1393/1393
f 1397/1397/1397 1396/1396/1396 1393/1393/1393
f 1397/1397/1397 1393/1393/1393 1392/1392/1392
f 1398/1398/1398 1399/1399/1399 1400/1400/1400
f 1398/1398/1398 1400/1400/1400 1401/1401/1401
f 1399/1399/1399 1402/1402/1402 1403/1403/1403
f 1399/1399/1399 1403/1403/1403 1400/1400/1400
f 1400/1400/1400 1403/1403/1403 1106/1106/1106
f 1400/1400/1400 1106/1106/1106 1103/1103/1103
f 1401/1401/1401 1400/1400/1400 1103/1103/1103
f 1401/1401/1401 1103/1103/1103 1102/1102/1102
f 1378/1378/1378 1404/1404/1404 1405/1405/1405
f 1378/1378/1378 1405/1405/1405 1379/1379/1379
f 1404/1404/1404 1237/1237/1237 1236/1236/1236
f 1404/1404/1404 1236/1236/1236 1405/1405/1405
f 1405/1405/1405 1236/1236/1236 852/852/852
f 1405/1405/1405 852/852/852 1406/1406/1406
f 1379/1379/1379 1405/1405/1405 1406/1406/1406
f 1379/1379/1379 1406/1406/1406 1380/1380/1380
f 1385/1385/1385 1384/1384/1384 1407/1407/1407
f 1385/1385/1385 1407/1407/1407 1408/1408/1408
f 1384/1384/1384 1380/1380/1380 1406/1406/1406
f 1384/1384/1384 1406/1406/1406 1407/1407/1407
f 1407/1407/1407 1406/1406/1406 852/852/852
f 1407/1407/1407 852/852/852 851/851/851
f 1408/1408/1408 1407/1407/1407 851/851/851
f 1408/1408/1408 851/851/851 850/850/850
f 850/850/850 1031/1031/1031 1409/1409/1409
f 850/850/850 1409/1409/1409 1408/1408/1408
f 1031/1031/1031 876/876/876 1410/1410/1410
f 1031/1031/1031 1410/1410/1410 1409/1409/1409
f 1409/1409/1409 1410/1410/1410 1388/1388/1388
f 1409/1409/1409 1388/1388/1388 1386/1386/1386
f 1408/1408/1408 1409/1409/1409 1386/1386/1386
f 1408/1408/1408 1386/1386/1386 1385/1385/1385
f 876/876/876 875/875/875 1411/1411/1411
f 876/876/876 1411/1411/1411 1410/1410/1410
f 875/875/875 874/874/874 1412/1412/1412
f 875/875/875 1412/1412/1412 1411/1411/1411
f 1411/1411/1411 1412/1412/1412 1392/1392/1392
f 1411/1411/1411 1392/1392/1392 1390/1390/1390
f 1410/1410/1410 1411/1411/1411 1390/1390/1390
f 1410/1410/1410 1390/1390/1390 1388/1388/1388
f 1218/1218/1218 1413/1413/1413 1414/1414/1414
f 1218/1218/1218 1414/1414/1414 1219/1219/1219
f 1413/1413/1413 1394/1394/1394 1397/1397/1397
f 1413/1413/1413 1397/1397/1397 1414/1414/1414
f 1414/1414/1414 1397/1397/1397 1392/1392/1392
f 1414/1414/1414 1392/1392/1392 1412/1412/1412
f 1219/1219/1219 1414/1414/1414 1412/1412/1412
f 1219/1219/1219 1412/1412/1412 874/874/874
f 533/533/533 532/532/532 1415/1415/1415
f 533/533/533 1415/1415/1415 1416/1416/1416
f 532/532/532 531/531/531 1417/1417/1417
f 532/532/532 1417/1417/1417 1415/1415/1415
f 1415/1415/1415 1417/1417/1417 1402/1402/1402
f 1415/1415/1415 1402/1402/1402 1399/1399/1399
f 1416/1416/1416 1415/1415/1415 1399/1399/1399
f 1416/1416/1416 1399/1399/1399 1398/1398/1398
f 1418/1418/1418 1419/1419/1419 1420/1420/1420
f 1418/1418/1418 1420/1420/1420 1421/1421/1421
f 1419/1419/1419 1422/1422/1422 1423/1423/1423
f 1419/1419/1419 1423/1423/1423 1420/1420/1420
f 1420/1420/1420 1423/1423/1423 1165/1165/1165
f 1420/1420/1420 1165/1165/1165 1163/1163/1163
f 1421/1421/1421 1420/1420/1420 1163/1163/1163
f 1421/1421/1421 1163/1163/1163 1161/1161/1161
f 1422/1422/1422 1424/1424/1424 1425/1425/1425
f 1422/1422/1422 1425/1425/1425 1423/1423/1423
f 1424/1424/1424 1426/1426/1426 1427/1427/1427
f 1424/1424/1424 1427/1427/1427 1425/1425/1425
f 1425/1425/1425 1427/1427/1427 1169/1169/1169
f 1425/1425/1425 1169/1169/1169 1167/1167/1167
f 1423/1423/1423 1425/1425/1425 1167/1167/1167
f 1423/1423/1423 1167/1167/1167 1165/1165/1165
f 1428/1428/1428 1429/1429/1429 1430/1430/1430
f 1428/1428/1428 1430/1430/1430 1431/1431/1431
f 1429/1429/1429 1203/1203/1203 1202/1202/1202
f 1429/1429/1429 1202/1202/1202 1430/1430/1430
f 1430/1430/1430 1202/1202/1202 1169/1169/1169
f 1430/1430/1430 1169/1169/1169 1427/1427/1427
f 1431/1431/1431 1430/1430/1430 1427/1427/1427
f 1431/1431/1431 1427/1427/1427 1426/1426/1426
f 1432/1432/1432 1433/1433/1433 1434/1434/1434
f 1432/1432/1432 1434/1434/1434 1435/1435/1435
f 1433/1433/1433 1436/1436/1436 1437/1437/1437
f 1433/1433/1433 1437/1437/1437 1434/1434/1434
f 1434/1434/1434 1437/1437/1437 1175/1175/1175
f 1434/1434/1434 1175/1175/1175 1172/1172/1172
f 1435/1435/1435 1434/1434/1434 1172/1172/1172
f 1435/1435/1435 1172/1172/1172 1171/1171/1171
f 1212/1212/1212 1438/1438/1438 1439/1439/1439
f 1212/1212/1212 1439/1439/1439 1213/1213/1213
f 1438/1438/1438 1440/1440/1440 1441/1441/1441
f 1438/1438/1438 1441/1441/1441 1439/1439/1439
f 1439/1439/1439 1441/1441/1441 1442/1442/1442
f 1439/1439/1439 1442/1442/1442 1443/1443/1443
f 1213/1213/1213 1439/1439/1439 1443/1443/1443
f 1213/1213/1213 1443/1443/1443 1159/1159/1159
f 1161/1161/1161 1160/1160/1160 1444/1444/1444
f 1161/1161/1161 1444/1444/1444 1421/1421/1421
f 1160/1160/1160 1159/1159/1159 1443/1443/1443
f 1160/1160/1160 1443/1443/1443 1444/1444/1444
f 1444/1444/1444 1443/1443/1443 1442/1442/1442
f 1444/1444/1444 1442/1442/1442 1445/1445/1445
f 1421/1421/1421 1444/1444/1444 1445/1445/1445
f 1421/1421/1421 1445/1445/1445 1418/1418/1418
f 878/878/878 1036/1036/1036 1446/1446/1446
f 878/878/878 1446/1446/1446 1447/1447/1447
f 1036/1036/1036 989/989/989 1448/1448/1448
f 1036/1036/1036 1448/1448/1448 1446/1446/1446
f 1446/1446/1446 1448/1448/1448 1422/1422/1422
f 1446/1446/1446 1422/1422/1422 1419/1419/1419
f 1447/1447/1447 1446/1446/1446 1419/1419/1419
f 1447/1447/1447 1419/1419/1419 1418/1418/1418
f 989/989/989 988/988/988 1449/1449/1449
f 989/989/989 1449/1449/1449 1448/1448/1448
f 988/988/988 987/987/987 1450/1450/1450
f 988/988/988 1450/1450/1450 1449/1449/1449
f 1449/1449/1449 1450/1450/1450 1426/1426/1426
f 1449/1449/1449 1426/1426/1426 1424/1424/1424
f 1448/1448/1448 1449/1449/1449 1424/1424/1424
f 1448/1448/1448 1424/1424/1424 1422/1422/1422
f 1198/1198/1198 1451/1451/1451 1452/1452/1452
f 1198/1198/1198 1452/1452/1452 1199/1199/1199
f 1451/1451/1451 1428/1428/1428 1431/1431/1431
f 1451/1451/1451 1431/1431/1431 1452/1452/1452
f 1452/1452/1452 1431/1431/1431 1426/1426/1426
f 1452/1452/1452 1426/1426/1426 1450/1450/1450
f 1199/1199/1199 1452/1452/1452 1450/1450/1450
f 1199/1199/1199 1450/1450/1450 987/987/987
f 943/943/943 942/942/942 1453/1453/1453
f 943/943/943 1453/1453/1453 1454/1454/1454
f 942/942/942 882/882/882 1455/1455/1455
f 942/942/942 1455/1455/1455 1453/1453/1453
f 1453/1453/1453 1455/1455/1455 1436/1436/1436
f 1453/1453/1453 1436/1436/1436 1433/1433/1433
f 1454/1454/1454 1453/1453/1453 1433/1433/1433
f 1454/1454/1454 1433/1433/1433 1432/1432/1432
f 1440/1440/1440 1456/1456/1456 1457/1457/1457
f 1440/1440/1440 1457/1457/1457 1441/1441/1441
f 1456/1456/1456 1214/1214/1214 1217/1217/1217
f 1456/1456/1456 1217/1217/1217 1457/1457/1457
f 1457/1457/1457 1217/1217/1217 870/870/870
f 1457/1457/1457 870/870/870 1458/1458/1458
f 1441/1441/1441 1457/1457/1457 1458/1458/1458
f 1441/1441/1441 1458/1458/1458 1442/1442/1442
f 1418/1418/1418 1445/1445/1445 1459/1459/1459
f 1418/1418/1418 1459/1459/1459 1447/1447/1447
f 1445/1445/1445 1442/1442/1442 1458/1458/1458
f 1445/1445/1445 1458/1458/1458 1459/1459/1459
f 1459/1459/1459 1458/1458/1458 870/870/870
f 1459/1459/1459 870/870/870 873/873/873
f 1447/1447/1447 1459/1459/1459 873/873/873
f 1447/1447/1447 873/873/873 878/878/878
f 1268/1268/1268 1460/1460/1460 1461/1461/1461
f 1268/1268/1268 1461/1461/1461 1269/1269/1269
f 1460/1460/1460 1462/1462/1462 1463/1463/1463
f 1460/1460/1460 1463/1463/1463 1461/1461/1461
f 1461/1461/1461 1463/1463/1463 1464/1464/1464
f 1461/1461/1461 1464/1464/1464 1465/1465/1465
f 1269/1269/1269 1461/1461/1461 1465/1465/1465
f 1269/1269/1269 1465/1465/1465 1113/1113/1113
f 1115/1115/1115 1114/1114/1114 1466/1466/1466
f 1115/1115/1115 1466/1466/1466 1467/1467/1467
f 1114/1114/1114 1113/1113/1113 1465/1465/1465
f 1114/1114/1114 1465/1465/1465 1466/1466/1466
f 1466/1466/1466 1465/1465/1465 1464/1464/1464
f 1466/1466/1466 1464/1464/1464 1468/1468/1468
f 1467/1467/1467 1466/1466/1466 1468/1468/1468
f 1467/1467/1467 1468/1468/1468 1469/1469/1469
f 1469/1469/1469 1470/1470/1470 1471/1471/1471
f 1469/1469/1469 1471/1471/1471 1467/1467/1467
f 1470/1470/1470 1472/1472/1472 1473/1473/1473
f 1470/1470/1470 1473/1473/1473 1471/1471/1471
f 1471/1471/1471 1473/1473/1473 1119/1119/1119
f 1471/1471/1471 1119/1119/1119 1117/1117/1117
f 1467/1467/1467 1471/1471/1471 1117/1117/1117
f 1467/1467/1467 1117/1117/1117 1115/1115/1115
f 1472/1472/1472 1474/1474/1474 1475/1475/1475
f 1472/1472/1472 1475/1475/1475 1473/1473/1473
f 1474/1474/1474 1476/1476/1476 1477/1477/1477
f 1474/1474/1474 1477/1477/1477 1475/1475/1475
f 1475/1475/1475 1477/1477/1477 1123/1123/1123
f 1475/1475/1475 1123/1123/1123 1121/1121/1121
f 1473/1473/1473 1475/1475/1475 1121/1121/1121
f 1473/1473/1473 1121/1121/1121 1119/1119/1119
f 1478/1478/1478 1479/1479/1479 1480/1480/1480
f 1478/1478/1478 1480/1480/1480 1481/1481/1481
f 1479/1479/1479 1259/1259/1259 1258/1258/1258
f 1479/1479/1479 1258/1258/1258 1480/1480/1480
f 1480/1480/1480 1258/1258/1258 1123/1123/1123
f 1480/1480/1480 1123/1123/1123 1477/1477/1477
f 1481/1481/1481 1480/1480/1480 1477/1477/1477
f 1481/1481/1481 1477/1477/1477 1476/1476/1476
f 1482/1482/1482 1483/1483/1483 1484/1484/1484
f 1482/1482/1482 1484/1484/1484 1485/1485/1485
f 1483/1483/1483 1486/1486/1486 1487/1487/1487
f 1483/1483/1483 1487/1487/1487 1484/1484/1484
f 1484/1484/1484 1487/1487/1487 1129/1129/1129
f 1484/1484/1484 1129/1129/1129 1126/1126/1126
f 1485/1485/1485 1484/1484/1484 1126/1126/1126
f 1485/1485/1485 1126/1126/1126 1125/1125/1125
f 1462/1462/1462 1488/1488/1488 1489/1489/1489
f 1462/1462/1462 1489/1489/1489 1463/1463/1463
f 1488/1488/1488 1270/1270/1270 1273/1273/1273
f 1488/1488/1488 1273/1273/1273 1489/1489/1489
f 1489/1489/1489 1273/1273/1273 718/718/718
f 1489/1489/1489 718/718/718 1490/1490/1490
f 1463/1463/1463 1489/1489/1489 1490/1490/1490
f 1463/1463/1463 1490/1490/1490 1464/1464/1464
f 1469/1469/1469 1468/1468/1468 1491/1491/1491
f 1469/1469/1469 1491/1491/1491 1492/1492/1492
f 1468/1468/1468 1464/1464/1464 1490/1490/1490
f 1468/1468/1468 1490/1490/1490 1491/1491/1491
f 1491/1491/1491 1490/1490/1490 718/718/718
f 1491/1491/1491 718/718/718 721/721/721
f 1492/1492/1492 1491/1491/1491 721/721/721
f 1492/1492/1492 721/721/721 726/726/726
f 726/726/726 1018/1018/1018 1493/1493/1493
f 726/726/726 1493/1493/1493 1492/1492/1492
f 1018/1018/1018 7/7/7 1494/1494/1494
f 1018/1018/1018 1494/1494/1494 1493/1493/1493
f 1493/1493/1493 1494/1494/1494 1472/1472/1472
f 1493/1493/1493 1472/1472/1472 1470/1470/1470
f 1492/1492/1492 1493/1493/1493 1470/1470/1470
f 1492/1492/1492 1470/1470/1470 1469/1469/1469
f 7/7/7 6/6/6 1495/1495/1495
f 7/7/7 1495/1495/1495 1494/1494/1494
f 6/6/6 5/5/5 1496/1496/1496
f 6/6/6 1496/1496/1496 1495/1495/1495
f 1495/1495/1495 1496/1496/1496 1476/1476/1476
f 1495/1495/1495 1476/1476/1476 1474/1474/1474
f 1494/1494/1494 1495/1495/1495 1474/1474/1474
f 1494/1494/1494 1474/1474/1474 1472/1472/1472
f 1254/1254/1254 1497/1497/1497 1498/1498/1498
f 1254/1254/1254 1498/1498/1498 1255/1255/1255
f 1497/1497/1497 1478/1478/1478 1481/1481/1481
f 1497/1497/1497 1481/1481/1481 1498/1498/1498
f 1498/1498/1498 1481/1481/1481 1476/1476/1476
f 1498/1498/1498 1476/1476/1476 1496/1496/1496
f 1255/1255/1255 1498/1498/1498 1496/1496/1496
f 1255/1255/1255 1496/1496/1496 5/5/5
f 551/551/551 656/656/656 1499/1499/1499
f 551/551/551 1499/1499/1499 1500/1500/1500
f 656/656/656 655/655/655 1501/1501/1501
f 656/656/656 1501/1501/1501 1499/1499/1499
f 1499/1499/1499 1501/1501/1501 1486/1486/1486
f 1499/1499/1499 1486/1486/1486 1483/1483/1483
f 1500/1500/1500 1499/1499/1499 1483/1483/1483
f 1500/1500/1500 1483/1483/1483 1482/1482/1482
f 1288/1288/1288 1502/1502/1502 1503/1503/1503
f 1288/1288/1288 1503/1503/1503 1289/1289/1289
f 1502/1502/1502 1504/1504/1504 1505/1505/1505
f 1502/1502/1502 1505/1505/1505 1503/1503/1503
f 1503/1503/1503 1505/1505/1505 1506/1506/1506
f 1503/1503/1503 1506/1506/1506 1507/1507/1507
f 1289/1289/1289 1503/1503/1503 1507/1507/1507
f 1289/1289/1289 1507/1507/1507 1136/1136/1136
f 1138/1138/1138 1137/1137/1137 1508/1508/1508
f 1138/1138/1138 1508/1508/1508 1509/1509/1509
f 1137/1137/1137 1136/1136/1136 1507/1507/1507
f 1137/1137/1137 1507/1507/1507 1508/1508/1508
f 1508/1508/1508 1507/1507/1507 1506/1506/1506
f 1508/1508/1508 1506/1506/1506 1510/1510/1510
f 1509/1509/1509 1508/1508/1508 1510/1510/1510
f 1509/1509/1509 1510/1510/1510 1511/1511/1511
f 1511/1511/1511 1512/1512/1512 1513/1513/1513
f 1511/1511/1511 1513/1513/1513 1509/1509/1509
f 1512/1512/1512 1514/1514/1514 1515/1515/1515
f 1512/1512/1512 1515/1515/1515 1513/1513/1513
f 1513/1513/1513 1515/1515/1515 1142/1142/1142
f 1513/1513/1513 1142/1142/1142 1140/1140/1140
f 1509/1509/1509 1513/1513/1513 1140/1140/1140
f 1509/1509/1509 1140/1140/1140 1138/1138/1138
f 1514/1514/1514 1516/1516/1516 1517/1517/1517
f 1514/1514/1514 1517/1517/1517 1515/1515/1515
f 1516/1516/1516 1518/1518/1518 1519/1519/1519
f 1516/1516/1516 1519/1519/1519 1517/1517/1517
f 1517/1517/1517 1519/1519/1519 1146/1146/1146
f 1517/1517/1517 1146/1146/1146 1144/1144/1144
f 1515/1515/1515 1517/1517/1517 1144/1144/1144
f 1515/1515/1515 1144/1144/1144 1142/1142/1142
f 1520/1520/1520 1521/1521/1521 1522/1522/1522
f 1520/1520/1520 1522/1522/1522 1523/1523/1523
f 1521/1521/1521 1279/1279/1279 1278/1278/1278
f 1521/1521/1521 1278/1278/1278 1522/1522/1522
f 1522/1522/1522 1278/1278/1278 1146/1146/1146
f 1522/1522/1522 1146/1146/1146 1519/1519/1519
f 1523/1523/1523 1522/1522/1522 1519/1519/1519
f 1523/1523/1523 1519/1519/1519 1518/1518/1518
f 1524/1524/1524 1525/1525/1525 1526/1526/1526
f 1524/1524/1524 1526/1526/1526 1527/1527/1527
f 1525/1525/1525 1528/1528/1528 1529/1529/1529
f 1525/1525/1525 1529/1529/1529 1526/1526/1526
f 1526/1526/1526 1529/1529/1529 1152/1152/1152
f 1526/1526/1526 1152/1152/1152 1149/1149/1149
f 1527/1527/1527 1526/1526/1526 1149/1149/1149
f 1527/1527/1527 1149/1149/1149 1148/1148/1148
f 1504/1504/1504 1530/1530/1530 1531/1531/1531
f 1504/1504/1504 1531/1531/1531 1505/1505/1505
f 1530/1530/1530 1293/1293/1293 1292/1292/1292
f 1530/1530/1530 1292/1292/1292 1531/1531/1531
f 1531/1531/1531 1292/1292/1292 820/820/820
f 1531/1531/1531 820/820/820 1532/1532/1532
f 1505/1505/1505 1531/1531/1531 1532/1532/1532
f 1505/1505/1505 1532/1532/1532 1506/1506/1506
f 1511/1511/1511 1510/1510/1510 1533/1533/1533
f 1511/1511/1511 1533/1533/1533 1534/1534/1534
f 1510/1510/1510 1506/1506/1506 1532/1532/1532
f 1510/1510/1510 1532/1532/1532 1533/1533/1533
f 1533/1533/1533 1532/1532/1532 820/820/820
f 1533/1533/1533 820/820/820 819/819/819
f 1534/1534/1534 1533/1533/1533 819/819/819
f 1534/1534/1534 819/819/819 818/818/818
f 818/818/818 1013/1013/1013 1535/1535/1535
f 818/818/818 1535/1535/1535 1534/1534/1534
f 1013/1013/1013 724/724/724 1536/1536/1536
f 1013/1013/1013 1536/1536/1536 1535/1535/1535
f 1535/1535/1535 1536/1536/1536 1514/1514/1514
f 1535/1535/1535 1514/1514/1514 1512/1512/1512
f 1534/1534/1534 1535/1535/1535 1512/1512/1512
f 1534/1534/1534 1512/1512/1512 1511/1511/1511
f 724/724/724 723/723/723 1537/1537/1537
f 724/724/724 1537/1537/1537 1536/1536/1536
f 723/723/723 722/722/722 1538/1538/1538
f 723/723/723 1538/1538/1538 1537/1537/1537
f 1537/1537/1537 1538/1538/1538 1518/1518/1518
f 1537/1537/1537 1518/1518/1518 1516/1516/1516
f 1536/1536/1536 1537/1537/1537 1516/1516/1516
f 1536/1536/1536 1516/1516/1516 1514/1514/1514
f 1274/1274/1274 1539/1539/1539 1540/1540/1540
f 1274/1274/1274 1540/1540/1540 1275/1275/1275
f 1539/1539/1539 1520/1520/1520 1523/1523/1523
f 1539/1539/1539 1523/1523/1523 1540/1540/1540
f 1540/1540/1540 1523/1523/1523 1518/1518/1518
f 1540/1540/1540 1518/1518/1518 1538/1538/1538
f 1275/1275/1275 1540/1540/1540 1538/1538/1538
f 1275/1275/1275 1538/1538/1538 722/722/722
f 716/716/716 778/778/778 1541/1541/1541
f 716/716/716 1541/1541/1541 1542/1542/1542
f 778/778/778 777/777/777 1543/1543/1543
f 778/778/778 1543/1543/1543 1541/1541/1541
f 1541/1541/1541 1543/1543/1543 1528/1528/1528
f 1541/1541/1541 1528/1528/1528 1525/1525/1525
f 1542/1542/1542 1541/1541/1541 1525/1525/1525
f 1542/1542/1542 1525/1525/1525 1524/1524/1524
f 517/517/517 516/516/516 1544/1544/1544
f 517/517/517 1544/1544/1544 1545/1545/1545
f 516/516/516 515/515/515 1546/1546/1546
f 516/516/516 1546/1546/1546 1544/1544/1544
f 1544/1544/1544 1546/1546/1546 1184/1184/1184
f 1544/1544/1544 1184/1184/1184 1181/1181/1181
f 1545/1545/1545 1544/1544/1544 1181/1181/1181
f 1545/1545/1545 1181/1181/1181 1180/1180/1180
f 523/523/523 522/522/522 1547/1547/1547
f 523/523/523 1547/1547/1547 1548/1548/1548
f 522/522/522 521/521/521 1549/1549/1549
f 522/522/522 1549/1549/1549 1547/1547/1547
f 1547/1547/1547 1549/1549/1549 1190/1190/1190
f 1547/1547/1547 1190/1190/1190 1187/1187/1187
f 1548/1548/1548 1547/1547/1547 1187/1187/1187
f 1548/1548/1548 1187/1187/1187 1186/1186/1186
f 1195/1195/1195 1194/1194/1194 1550/1550/1550
f 1195/1195/1195 1550/1550/1550 1551/1551/1551
f 1194/1194/1194 1190/1190/1190 1549/1549/1549
f 1194/1194/1194 1549/1549/1549 1550/1550/1550
f 1550/1550/1550 1549/1549/1549 521/521/521
f 1550/1550/1550 521/521/521 526/526/526
f 1551/1551/1551 1550/1550/1550 526/526/526
f 1551/1551/1551 526/526/526 525/525/525
f 943/943/943 1552/1552/1552 1553/1553/1553
f 943/943/943 1553/1553/1553 993/993/993
f 1552/1552/1552 1198/1198/1198 1196/1196/1196
f 1552/1552/1552 1196/1196/1196 1553/1553/1553
f 1553/1553/1553 1196/1196/1196 1195/1195/1195
f 1553/1553/1553 1195/1195/1195 1551/1551/1551
f 993/993/993 1553/1553/1553 1551/1551/1551
f 993/993/993 1551/1551/1551 525/525/525
f 1432/1432/1432 1554/1554/1554 1555/1555/1555
f 1432/1432/1432 1555/1555/1555 1454/1454/1454
f 1554/1554/1554 1428/1428/1428 1451/1451/1451
f 1554/1554/1554 1451/1451/1451 1555/1555/1555
f 1555/1555/1555 1451/1451/1451 1198/1198/1198
f 1555/1555/1555 1198/1198/1198 1552/1552/1552
f 1454/1454/1454 1555/1555/1555 1552/1552/1552
f 1454/1454/1454 1552/1552/1552 943/943/943
f 1171/1171/1171 1556/1556/1556 1557/1557/1557
f 1171/1171/1171 1557/1557/1557 1435/1435/1435
f 1556/1556/1556 1203/1203/1203 1429/1429/1429
f 1556/1556/1556 1429/1429/1429 1557/1557/1557
f 1557/1557/1557 1429/1429/1429 1428/1428/1428
f 1557/1557/1557 1428/1428/1428 1554/1554/1554
f 1435/1435/1435 1557/1557/1557 1554/1554/1554
f 1435/1435/1435 1554/1554/1554 1432/1432/1432
f 1205/1205/1205 1204/1204/1204 1558/1558/1558
f 1205/1205/1205 1558/1558/1558 1559/1559/1559
f 1204/1204/1204 1203/1203/1203 1556/1556/1556
f 1204/1204/1204 1556/1556/1556 1558/1558/1558
f 1558/1558/1558 1556/1556/1556 1171/1171/1171
f 1558/1558/1558 1171/1171/1171 1174/1174/1174
f 1559/1559/1559 1558/1558/1558 1174/1174/1174
f 1559/1559/1559 1174/1174/1174 1179/1179/1179
f 1177/1177/1177 1560/1560/1560 1561/1561/1561
f 1177/1177/1177 1561/1561/1561 1178/1178/1178
f 1560/1560/1560 1208/1208/1208 1206/1206/1206
f 1560/1560/1560 1206/1206/1206 1561/1561/1561
f 1561/1561/1561 1206/1206/1206 1205/1205/1205
f 1561/1561/1561 1205/1205/1205 1559/1559/1559
f 1178/1178/1178 1561/1561/1561 1559/1559/1559
f 1178/1178/1178 1559/1559/1559 1179/1179/1179
f 1175/1175/1175 1562/1562/1562 1563/1563/1563
f 1175/1175/1175 1563/1563/1563 1176/1176/1176
f 1562/1562/1562 1212/1212/1212 1210/1210/1210
f 1562/1562/1562 1210/1210/1210 1563/1563/1563
f 1563/1563/1563 1210/1210/1210 1208/1208/1208
f 1563/1563/1563 1208/1208/1208 1560/1560/1560
f 1176/1176/1176 1563/1563/1563 1560/1560/1560
f 1176/1176/1176 1560/1560/1560 1177/1177/1177
f 1436/1436/1436 1564/1564/1564 1565/1565/1565
f 1436/1436/1436 1565/1565/1565 1437/1437/1437
f 1564/1564/1564 1440/1440/1440 1438/1438/1438
f 1564/1564/1564 1438/1438/1438 1565/1565/1565
f 1565/1565/1565 1438/1438/1438 1212/1212/1212
f 1565/1565/1565 1212/1212/1212 1562/1562/1562
f 1437/1437/1437 1565/1565/1565 1562/1562/1562
f 1437/1437/1437 1562/1562/1562 1175/1175/1175
f 882/882/882 1566/1566/1566 1567/1567/1567
f 882/882/882 1567/1567/1567 1455/1455/1455
f 1566/1566/1566 1214/1214/1214 1456/1456/1456
f 1566/1566/1566 1456/1456/1456 1567/1567/1567
f 1567/1567/1567 1456/1456/1456 1440/1440/1440
f 1567/1567/1567 1440/1440/1440 1564/1564/1564
f 1455/1455/1455 1567/1567/1567 1564/1564/1564
f 1455/1455/1455 1564/1564/1564 1436/1436/1436
f 533/533/533 1568/1568/1568 1569/1569/1569
f 533/533/533 1569/1569/1569 881/881/881
f 1568/1568/1568 1218/1218/1218 1215/1215/1215
f 1568/1568/1568 1215/1215/1215 1569/1569/1569
f 1569/1569/1569 1215/1215/1215 1214/1214/1214
f 1569/1569/1569 1214/1214/1214 1566/1566/1566
f 881/881/881 1569/1569/1569 1566/1566/1566
f 881/881/881 1566/1566/1566 882/882/882
f 1398/1398/1398 1570/1570/1570 1571/1571/1571
f 1398/1398/1398 1571/1571/1571 1416/1416/1416
f 1570/1570/1570 1394/1394/1394 1413/1413/1413
f 1570/1570/1570 1413/1413/1413 1571/1571/1571
f 1571/1571/1571 1413/1413/1413 1218/1218/1218
f 1571/1571/1571 1218/1218/1218 1568/1568/1568
f 1416/1416/1416 1571/1571/1571 1568/1568/1568
f 1416/1416/1416 1568/1568/1568 533/533/533
f 1102/1102/1102 1572/1572/1572 1573/1573/1573
f 1102/1102/1102 1573/1573/1573 1401/1401/1401
f 1572/1572/1572 1223/1223/1223 1395/1395/1395
f 1572/1572/1572 1395/1395/1395 1573/1573/1573
f 1573/1573/1573 1395/1395/1395 1394/1394/1394
f 1573/1573/1573 1394/1394/1394 1570/1570/1570
f 1401/1401/1401 1573/1573/1573 1570/1570/1570
f 1401/1401/1401 1570/1570/1570 1398/1398/1398
f 1225/1225/1225 1224/1224/1224 1574/1574/1574
f 1225/1225/1225 1574/1574/1574 1575/1575/1575
f 1224/1224/1224 1223/1223/1223 1572/1572/1572
f 1224/1224/1224 1572/1572/1572 1574/1574/1574
f 1574/1574/1574 1572/1572/1572 1102/1102/1102
f 1574/1574/1574 1102/1102/1102 1105/1105/1105
f 1575/1575/1575 1574/1574/1574 1105/1105/1105
f 1575/1575/1575 1105/1105/1105 1110/1110/1110
f 1108/1108/1108 1576/1576/1576 1577/1577/1577
f 1108/1108/1108 1577/1577/1577 1109/1109/1109
f 1576/1576/1576 1228/1228/1228 1226/1226/1226
f 1576/1576/1576 1226/1226/1226 1577/1577/1577
f 1577/1577/1577 1226/1226/1226 1225/1225/1225
f 1577/1577/1577 1225/1225/1225 1575/1575/1575
f 1109/1109/1109 1577/1577/1577 1575/1575/1575
f 1109/1109/1109 1575/1575/1575 1110/1110/1110
f 1106/1106/1106 1578/1578/1578 1579/1579/1579
f 1106/1106/1106 1579/1579/1579 1107/1107/1107
f 1578/1578/1578 1232/1232/1232 1230/1230/1230
f 1578/1578/1578 1230/1230/1230 1579/1579/1579
f 1579/1579/1579 1230/1230/1230 1228/1228/1228
f 1579/1579/1579 1228/1228/1228 1576/1576/1576
f 1107/1107/1107 1579/1579/1579 1576/1576/1576
f 1107/1107/1107 1576/1576/1576 1108/1108/1108
f 1402/1402/1402 1580/1580/1580 1581/1581/1581
f 1402/1402/1402 1581/1581/1581 1403/1403/1403
f 1580/1580/1580 1378/1378/1378 1376/1376/1376
f 1580/1580/1580 1376/1376/1376 1581/1581/1581
f 1581/1581/1581 1376/1376/1376 1232/1232/1232
f 1581/1581/1581 1232/1232/1232 1578/1578/1578
f 1403/1403/1403 1581/1581/1581 1578/1578/1578
f 1403/1403/1403 1578/1578/1578 1106/1106/1106
f 531/531/531 1582/1582/1582 1583/1583/1583
f 531/531/531 1583/1583/1583 1417/1417/1417
f 1582/1582/1582 1237/1237/1237 1404/1404/1404
f 1582/1582/1582 1404/1404/1404 1583/1583/1583
f 1583/1583/1583 1404/1404/1404 1378/1378/1378
f 1583/1583/1583 1378/1378/1378 1580/1580/1580
f 1417/1417/1417 1583/1583/1583 1580/1580/1580
f 1417/1417/1417 1580/1580/1580 1402/1402/1402
f 1239/1239/1239 1238/1238/1238 1584/1584/1584
f 1239/1239/1239 1584/1584/1584 1585/1585/1585
f 1238/1238/1238 1237/1237/1237 1582/1582/1582
f 1238/1238/1238 1582/1582/1582 1584/1584/1584
f 1584/1584/1584 1582/1582/1582 531/531/531
f 1584/1584/1584 531/531/531 846/846/846
f 1585/1585/1585 1584/1584/1584 846/846/846
f 1585/1585/1585 846/846/846 539/539/539
f 1243/1243/1243 1242/1242/1242 1586/1586/1586
f 1243/1243/1243 1586/1586/1586 1587/1587/1587
f 1242/1242/1242 1239/1239/1239 1585/1585/1585
f 1242/1242/1242 1585/1585/1585 1586/1586/1586
f 1586/1586/1586 1585/1585/1585 539/539/539
f 1586/1586/1586 539/539/539 536/536/536
f 1587/1587/1587 1586/1586/1586 536/536/536
f 1587/1587/1587 536/536/536 535/535/535
f 1247/1247/1247 1246/1246/1246 1588/1588/1588
f 1247/1247/1247 1588/1588/1588 1589/1589/1589
f 1246/1246/1246 1243/1243/1243 1587/1587/1587
f 1246/1246/1246 1587/1587/1587 1588/1588/1588
f 1588/1588/1588 1587/1587/1587 535/535/535
f 1588/1588/1588 535/535/535 542/542/542
f 1589/1589/1589 1588/1588/1588 542/542/542
f 1589/1589/1589 542/542/542 541/541/541
f 1251/1251/1251 1250/1250/1250 1590/1590/1590
f 1251/1251/1251 1590/1590/1590 1591/1591/1591
f 1250/1250/1250 1247/1247/1247 1589/1589/1589
f 1250/1250/1250 1589/1589/1589 1590/1590/1590
f 1590/1590/1590 1589/1589/1589 541/541/541
f 1590/1590/1590 541/541/541 546/546/546
f 1591/1591/1591 1590/1590/1590 546/546/546
f 1591/1591/1591 546/546/546 545/545/545
f 551/551/551 1592/1592/1592 1593/1593/1593
f 551/551/551 1593/1593/1593 552/552/552
f 1592/1592/1592 1254/1254/1254 1252/1252/1252
f 1592/1592/1592 1252/1252/1252 1593/1593/1593
f 1593/1593/1593 1252/1252/1252 1251/1251/1251
f 1593/1593/1593 1251/1251/1251 1591/1591/1591
f 552/552/552 1593/1593/1593 1591/1591/1591
f 552/552/552 1591/1591/1591 545/545/545
f 1482/1482/1482 1594/1594/1594 1595/1595/1595
f 1482/1482/1482 1595/1595/1595 1500/1500/1500
f 1594/1594/1594 1478/1478/1478 1497/1497/1497
f 1594/1594/1594 1497/1497/1497 1595/1595/1595
f 1595/1595/1595 1497/1497/1497 1254/1254/1254
f 1595/1595/1595 1254/1254/1254 1592/1592/1592
f 1500/1500/1500 1595/1595/1595 1592/1592/1592
f 1500/1500/1500 1592/1592/1592 551/551/551
f 1125/1125/1125 1596/1596/1596 1597/1597/1597
f 1125/1125/1125 1597/1597/1597 1485/1485/1485
f 1596/1596/1596 1259/1259/1259 1479/1479/1479
f 1596/1596/1596 1479/1479/1479 1597/1597/1597
f 1597/1597/1597 1479/1479/1479 1478/1478/1478
f 1597/1597/1597 1478/1478/1478 1594/1594/1594
f 1485/1485/1485 1597/1597/1597 1594/1594/1594
f 1485/1485/1485 1594/1594/1594 1482/1482/1482
f 1261/1261/1261 1260/1260/1260 1598/1598/1598
f 1261/1261/1261 1598/1598/1598 1599/1599/1599
f 1260/1260/1260 1259/1259/1259 1596/1596/1596
f 1260/1260/1260 1596/1596/1596 1598/1598/1598
f 1598/1598/1598 1596/1596/1596 1125/1125/1125
f 1598/1598/1598 1125/1125/1125 1128/1128/1128
f 1599/1599/1599 1598/1598/1598 1128/1128/1128
f 1599/1599/1599 1128/1128/1128 1133/1133/1133
f 1131/1131/1131 1600/1600/1600 1601/1601/1601
f 1131/1131/1131 1601/1601/1601 1132/1132/1132
f 1600/1600/1600 1264/1264/1264 1262/1262/1262
f 1600/1600/1600 1262/1262/1262 1601/1601/1601
f 1601/1601/1601 1262/1262/1262 1261/1261/1261
f 1601/1601/1601 1261/1261/1261 1599/1599/1599
f 1132/1132/1132 1601/1601/1601 1599/1599/1599
f 1132/1132/1132 1599/1599/1599 1133/1133/1133
f 1129/1129/1129 1602/1602/1602 1603/1603/1603
f 1129/1129/1129 1603/1603/1603 1130/1130/1130
f 1602/1602/1602 1268/1268/1268 1266/1266/1266
f 1602/1602/1602 1266/1266/1266 1603/1603/1603
f 1603/1603/1603 1266/1266/1266 1264/1264/1264
f 1603/1603/1603 1264/1264/1264 1600/1600/1600
f 1130/1130/1130 1603/1603/1603 1600/1600/1600
f 1130/1130/1130 1600/1600/1600 1131/1131/1131
f 1486/1486/1486 1604/1604/1604 1605/1605/1605
f 1486/1486/1486 1605/1605/1605 1487/1487/1487
f 1604/1604/1604 1462/1462/1462 1460/1460/1460
f 1604/1604/1604 1460/1460/1460 1605/1605/1605
f 1605/1605/1605 1460/1460/1460 1268/1268/1268
f 1605/1605/1605 1268/1268/1268 1602/1602/1602
f 1487/1487/1487 1605/1605/1605 1602/1602/1602
f 1487/1487/1487 1602/1602/1602 1129/1129/1129
f 655/655/655 1606/1606/1606 1607/1607/1607
f 655/655/655 1607/1607/1607 1501/1501/1501
f 1606/1606/1606 1270/1270/1270 1488/1488/1488
f 1606/1606/1606 1488/1488/1488 1607/1607/1607
f 1607/1607/1607 1488/1488/1488 1462/1462/1462
f 1607/1607/1607 1462/1462/1462 1604/1604/1604
f 1501/1501/1501 1607/1607/1607 1604/1604/1604
f 1501/1501/1501 1604/1604/1604 1486/1486/1486
f 716/716/716 1608/1608/1608 1609/1609/1609
f 716/716/716 1609/1609/1609 717/717/717
f 1608/1608/1608 1274/1274/1274 1271/1271/1271
f 1608/1608/1608 1271/1271/1271 1609/1609/1609
f 1609/1609/1609 1271/1271/1271 1270/1270/1270
f 1609/1609/1609 1270/1270/1270 1606/1606/1606
f 717/717/717 1609/1609/1609 1606/1606/1606
f 717/717/717 1606/1606/1606 655/655/655
f 1524/1524/1524 1610/1610/1610 1611/1611/1611
f 1524/1524/1524 1611/1611/1611 1542/1542/1542
f 1610/1610/1610 1520/1520/1520 1539/1539/1539
f 1610/1610/1610 1539/1539/1539 1611/1611/1611
f 1611/1611/1611 1539/1539/1539 1274/1274/1274
f 1611/1611/1611 1274/1274/1274 1608/1608/1608
f 1542/1542/1542 1611/1611/1611 1608/1608/1608
f 1542/1542/1542 1608/1608/1608 716/716/716
f 1148/1148/1148 1612/1612/1612 1613/1613/1613
f 1148/1148/1148 1613/1613/1613 1527/1527/1527
f 1612/1612/1612 1279/1279/1279 1521/1521/1521
f 1612/1612/1612 1521/1521/1521 1613/1613/1613
f 1613/1613/1613 1521/1521/1521 1520/1520/1520
f 1613/1613/1613 1520/1520/1520 1610/1610/1610
f 1527/1527/1527 1613/1613/1613 1610/1610/1610
f 1527/1527/1527 1610/1610/1610 1524/1524/1524
f 1281/1281/1281 1280/1280/1280 1614/1614/1614
f 1281/1281/1281 1614/1614/1614 1615/1615/1615
f 1280/1280/1280 1279/1279/1279 1612/1612/1612
f 1280/1280/1280 1612/1612/1612 1614/1614/1614
f 1614/1614/1614 1612/1612/1612 1148/1148/1148
f 1614/1614/1614 1148/1148/1148 1151/1151/1151
f 1615/1615/1615 1614/1614/1614 1151/1151/1151
f 1615/1615/1615 1151/1151/1151 1156/1156/1156
f 1154/1154/1154 1616/1616/1616 1617/1617/1617
f 1154/1154/1154 1617/1617/1617 1155/1155/1155
f 1616/1616/1616 1284/1284/1284 1282/1282/1282
f 1616/1616/1616 1282/1282/1282 1617/1617/1617
f 1617/1617/1617 1282/1282/1282 1281/1281/1281
f 1617/1617/1617 1281/1281/1281 1615/1615/1615
f 1155/1155/1155 1617/1617/1617 1615/1615/1615
f 1155/1155/1155 1615/1615/1615 1156/1156/1156
f 1152/1152/1152 1618/1618/1618 1619/1619/1619
f 1152/1152/1152 1619/1619/1619 1153/1153/1153
f 1618/1618/1618 1288/1288/1288 1286/1286/1286
f 1618/1618/1618 1286/1286/1286 1619/1619/1619
f 1619/1619/1619 1286/1286/1286 1284/1284/1284
f 1619/1619/1619 1284/1284/1284 1616/1616/1616
f 1153/1153/1153 1619/1619/1619 1616/1616/1616
f 1153/1153/1153 1616/1616/1616 1154/1154/1154
f 1528/1528/1528 1620/1620/1620 1621/1621/1621
f 1528/1528/1528 1621/1621/1621 1529/1529/1529
f 1620/1620/1620 1504/1504/1504 1502/1502/1502
f 1620/1620/1620 1502/1502/1502 1621/1621/1621
f 1621/1621/1621 1502/1502/1502 1288/1288/1288
f 1621/1621/1621 1288/1288/1288 1618/1618/1618
f 1529/1529/1529 1621/1621/1621 1618/1618/1618
f 1529/1529/1529 1618/1618/1618 1152/1152/1152
f 777/777/777 1622/1622/1622 1623/1623/1623
f 777/777/777 1623/1623/1623 1543/1543/1543
f 1622/1622/1622 1293/1293/1293 1530/1530/1530
f 1622/1622/1622 1530/1530/1530 1623/1623/1623
f 1623/1623/1623 1530/1530/1530 1504/1504/1504
f 1623/1623/1623 1504/1504/1504 1620/1620/1620
f 1543/1543/1543 1623/1623/1623 1620/1620/1620
f 1543/1543/1543 1620/1620/1620 1528/1528/1528
f 1295/1295/1295 1294/1294/1294 1624/1624/1624
f 1295/1295/1295 1624/1624/1624 1625/1625/1625
f 1294/1294/1294 1293/1293/1293 1622/1622/1622
f 1294/1294/1294 1622/1622/1622 1624/1624/1624
f 1624/1624/1624 1622/1622/1622 777/777/777
f 1624/1624/1624 777/777/777 814/814/814
f 1625/1625/1625 1624/1624/1624 814/814/814
f 1625/1625/1625 814/814/814 557/557/557
f 1299/1299/1299 1298/1298/1298 1626/1626/1626
f 1299/1299/1299 1626/1626/1626 1627/1627/1627
f 1298/1298/1298 1295/1295/1295 1625/1625/1625
f 1298/1298/1298 1625/1625/1625 1626/1626/1626
f 1626/1626/1626 1625/1625/1625 557/557/557
f 1626/1626/1626 557/557/557 554/554/554
f 1627/1627/1627 1626/1626/1626 554/554/554
f 1627/1627/1627 554/554/554 553/553/553
f 553/553/553 562/562/562 1628/1628/1628
f 553/553/553 1628/1628/1628 1627/1627/1627
f 562/562/562 561/561/561 1629/1629/1629
f 562/562/562 1629/1629/1629 1628/1628/1628
f 1628/1628/1628 1629/1629/1629 1302/1302/1302
f 1628/1628/1628 1302/1302/1302 1300/1300/1300
f 1627/1627/1627 1628/1628/1628 1300/1300/1300
f 1627/1627/1627 1300/1300/1300 1299/1299/1299
f 1309/1309/1309 1308/1308/1308 1630/1630/1630
f 1309/1309/1309 1630/1630/1630 1631/1631/1631
f 1308/1308/1308 1307/1307/1307 1632/1632/1632
f 1308/1308/1308 1632/1632/1632 1630/1630/1630
f 1630/1630/1630 1632/1632/1632 567/567/567
f 1630/1630/1630 567/567/567 564/564/564
f 1631/1631/1631 1630/1630/1630 564/564/564
f 1631/1631/1631 564/564/564 563/563/563
f 1313/1313/1313 1312/1312/1312 1633/1633/1633
f 1313/1313/1313 1633/1633/1633 1634/1634/1634
f 1312/1312/1312 1309/1309/1309 1631/1631/1631
f 1312/1312/1312 1631/1631/1631 1633/1633/1633
f 1633/1633/1633 1631/1631/1631 563/563/563
f 1633/1633/1633 563/563/563 570/570/570
f 1634/1634/1634 1633/1633/1633 570/570/570
f 1634/1634/1634 570/570/570 569/569/569
f 1317/1317/1317 1316/1316/1316 1635/1635/1635
f 1317/1317/1317 1635/1635/1635 1636/1636/1636
f 1316/1316/1316 1313/1313/1313 1634/1634/1634
f 1316/1316/1316 1634/1634/1634 1635/1635/1635
f 1635/1635/1635 1634/1634/1634 569/569/569
f 1635/1635/1635 569/569/569 574/574/574
f 1636/1636/1636 1635/1635/1635 574/574/574
f 1636/1636/1636 574/574/574 573/573/573
f 758/758/758 1637/1637/1637 1638/1638/1638
f 758/758/758 1638/1638/1638 806/806/806
f 1637/1637/1637 1320/1320/1320 1318/1318/1318
f 1637/1637/1637 1318/1318/1318 1638/1638/1638
f 1638/1638/1638 1318/1318/1318 1317/1317/1317
f 1638/1638/1638 1317/1317/1317 1636/1636/1636
f 806/806/806 1638/1638/1638 1636/1636/1636
f 806/806/806 1636/1636/1636 573/573/573
f 697/697/697 1639/1639/1639 1640/1640/1640
f 697/697/697 1640/1640/1640 757/757/757
f 1639/1639/1639 1324/1324/1324 1322/1322/1322
f 1639/1639/1639 1322/1322/1322 1640/1640/1640
f 1640/1640/1640 1322/1322/1322 1320/1320/1320
f 1640/1640/1640 1320/1320/1320 1637/1637/1637
f 757/757/757 1640/1640/1640 1637/1637/1637
f 757/757/757 1637/1637/1637 758/758/758
f 636/636/636 1641/1641/1641 1642/1642/1642
f 636/636/636 1642/1642/1642 696/696/696
f 1641/1641/1641 1328/1328/1328 1326/1326/1326
f 1641/1641/1641 1326/1326/1326 1642/1642/1642
f 1642/1642/1642 1326/1326/1326 1324/1324/1324
f 1642/1642/1642 1324/1324/1324 1639/1639/1639
f 696/696/696 1642/1642/1642 1639/1639/1639
f 696/696/696 1639/1639/1639 697/697/697
f 581/581/581 1643/1643/1643 1644/1644/1644
f 581/581/581 1644/1644/1644 635/635/635
f 1643/1643/1643 1332/1332/1332 1330/1330/1330
f 1643/1643/1643 1330/1330/1330 1644/1644/1644
f 1644/1644/1644 1330/1330/1330 1328/1328/1328
f 1644/1644/1644 1328/1328/1328 1641/1641/1641
f 635/635/635 1644/1644/1644 1641/1641/1641
f 635/635/635 1641/1641/1641 636/636/636
f 1337/1337/1337 1336/1336/1336 1645/1645/1645
f 1337/1337/1337 1645/1645/1645 1646/1646/1646
f 1336/1336/1336 1332/1332/1332 1643/1643/1643
f 1336/1336/1336 1643/1643/1643 1645/1645/1645
f 1645/1645/1645 1643/1643/1643 581/581/581
f 1645/1645/1645 581/581/581 578/578/578
f 1646/1646/1646 1645/1645/1645 578/578/578
f 1646/1646/1646 578/578/578 577/577/577
f 1341/1341/1341 1340/1340/1340 1647/1647/1647
f 1341/1341/1341 1647/1647/1647 1648/1648/1648
f 1340/1340/1340 1337/1337/1337 1646/1646/1646
f 1340/1340/1340 1646/1646/1646 1647/1647/1647
f 1647/1647/1647 1646/1646/1646 577/577/577
f 1647/1647/1647 577/577/577 584/584/584
f 1648/1648/1648 1647/1647/1647 584/584/584
f 1648/1648/1648 584/584/584 583/583/583
f 1345/1345/1345 1344/1344/1344 1649/1649/1649
f 1345/1345/1345 1649/1649/1649 1650/1650/1650
f 1344/1344/1344 1341/1341/1341 1648/1648/1648
f 1344/1344/1344 1648/1648/1648 1649/1649/1649
f 1649/1649/1649 1648/1648/1648 583/583/583
f 1649/1649/1649 583/583/583 588/588/588
f 1650/1650/1650 1649/1649/1649 588/588/588
f 1650/1650/1650 588/588/588 587/587/587
f 1349/1349/1349 1348/1348/1348 1651/1651/1651
f 1349/1349/1349 1651/1651/1651 1652/1652/1652
f 1348/1348/1348 1345/1345/1345 1650/1650/1650
f 1348/1348/1348 1650/1650/1650 1651/1651/1651
f 1651/1651/1651 1650/1650/1650 587/587/587
f 1651/1651/1651 587/587/587 592/592/592
f 1652/1652/1652 1651/1651/1651 592/592/592
f 1652/1652/1652 592/592/592 591/591/591
f 599/599/599 1653/1653/1653 1654/1654/1654
f 599/599/599 1654/1654/1654 838/838/838
f 1653/1653/1653 1352/1352/1352 1350/1350/1350
f 1653/1653/1653 1350/1350/1350 1654/1654/1654
f 1654/1654/1654 1350/1350/1350 1349/1349/1349
f 1654/1654/1654 1349/1349/1349 1652/1652/1652
f 838/838/838 1654/1654/1654 1652/1652/1652
f 838/838/838 1652/1652/1652 591/591/591
f 597/597/597 1655/1655/1655 1656/1656/1656
f 597/597/597 1656/1656/1656 598/598/598
f 1655/1655/1655 1356/1356/1356 1354/1354/1354
f 1655/1655/1655 1354/1354/1354 1656/1656/1656
f 1656/1656/1656 1354/1354/1354 1352/1352/1352
f 1656/1656/1656 1352/1352/1352 1653/1653/1653
f 598/598/598 1656/1656/1656 1653/1653/1653
f 598/598/598 1653/1653/1653 599/599/599
f 901/901/901 1657/1657/1657 1658/1658/1658
f 901/901/901 1658/1658/1658 902/902/902
f 1657/1657/1657 1360/1360/1360 1358/1358/1358
f 1657/1657/1657 1358/1358/1358 1658/1658/1658
f 1658/1658/1658 1358/1358/1358 1356/1356/1356
f 1658/1658/1658 1356/1356/1356 1655/1655/1655
f 902/902/902 1658/1658/1658 1655/1655/1655
f 902/902/902 1655/1655/1655 597/597/597
f 962/962/962 1659/1659/1659 1660/1660/1660
f 962/962/962 1660/1660/1660 963/963/963
f 1659/1659/1659 1364/1364/1364 1362/1362/1362
f 1659/1659/1659 1362/1362/1362 1660/1660/1660
f 1660/1660/1660 1362/1362/1362 1360/1360/1360
f 1660/1660/1660 1360/1360/1360 1657/1657/1657
f 963/963/963 1660/1660/1660 1657/1657/1657
f 963/963/963 1657/1657/1657 901/901/901
f 1369/1369/1369 1368/1368/1368 1661/1661/1661
f 1369/1369/1369 1661/1661/1661 1662/1662/1662
f 1368/1368/1368 1364/1364/1364 1659/1659/1659
f 1368/1368/1368 1659/1659/1659 1661/1661/1661
f 1661/1661/1661 1659/1659/1659 962/962/962
f 1661/1661/1661 962/962/962 1001/1001/1001
f 1662/1662/1662 1661/1661/1661 1001/1001/1001
f 1662/1662/1662 1001/1001/1001 605/605/605
f 1373/1373/1373 1372/1372/1372 1663/1663/1663
f 1373/1373/1373 1663/1663/1663 1664/1664/1664
f 1372/1372/1372 1369/1369/1369 1662/1662/1662
f 1372/1372/1372 1662/1662/1662 1663/1663/1663
f 1663/1663/1663 1662/1662/1662 605/605/605
f 1663/1663/1663 605/605/605 602/602/602
f 1664/1664/1664 1663/1663/1663 602/602/602
f 1664/1664/1664 602/602/602 601/601/601
f 601/601/601 608/608/608 1665/1665/1665
f 601/601/601 1665/1665/1665 1664/1664/1664
f 608/608/608 517/517/517 1545/1545/1545
f 608/608/608 1545/1545/1545 1665/1665/1665
f 1665/1665/1665 1545/1545/1545 1180/1180/1180
f 1665/1665/1665 1180/1180/1180 1374/1374/1374
f 1664/1664/1664 1665/1665/1665 1374/1374/1374
f 1664/1664/1664 1374/1374/1374 1373/1373/1373
