# phare_cylindre_phare_cylindre1_0_4
v -0.091877 0.004607 -0.264259
v -0.092165 0.012395 -0.265889
v -0.081132 0.012291 -0.268905
v -0.080836 0.004271 -0.267226
v -0.092148 0.020357 -0.265793
v -0.081115 0.020490 -0.268806
v -0.068973 0.020490 -0.270947
v -0.068990 0.012291 -0.271046
v -0.068694 0.004271 -0.269367
v -0.091820 0.028092 -0.263934
v -0.080777 0.028456 -0.266891
v -0.091205 0.035223 -0.260446
v -0.080144 0.035799 -0.263299
v -0.068002 0.035799 -0.265440
v -0.068635 0.028456 -0.269032
v -0.090327 0.041373 -0.255465
v -0.079240 0.042132 -0.258170
v -0.089235 0.046261 -0.249276
v -0.078116 0.047166 -0.251796
v -0.065974 0.047166 -0.253937
v -0.067098 0.042132 -0.260311
v -0.087981 0.049607 -0.242160
v -0.076824 0.050612 -0.244469
v -0.086629 0.051284 -0.234495
v -0.075432 0.052339 -0.236575
v -0.063290 0.052339 -0.238716
v -0.064682 0.050612 -0.246610
v -0.085247 0.051165 -0.226655
v -0.074008 0.052216 -0.228501
v -0.083903 0.049299 -0.219032
v -0.072624 0.050294 -0.220651
v -0.060482 0.050294 -0.222792
v -0.061866 0.052216 -0.230642
v -0.082666 0.045737 -0.212019
v -0.071351 0.046626 -0.213430
v -0.081596 0.040697 -0.205949
v -0.070248 0.041436 -0.207178
v -0.058106 0.041436 -0.209319
v -0.059209 0.046626 -0.215571
v -0.080750 0.034398 -0.201152
v -0.069377 0.034949 -0.202239
v -0.080165 0.027182 -0.197836
v -0.068775 0.027519 -0.198824
v -0.056633 0.027519 -0.200965
v -0.057235 0.034949 -0.204380
v -0.079878 0.019394 -0.196207
v -0.068479 0.019498 -0.197146
v -0.079895 0.011432 -0.196302
v -0.068497 0.011299 -0.197244
v -0.056355 0.011299 -0.199385
v -0.056337 0.019498 -0.199287
v -0.080223 0.003697 -0.198162
v -0.068834 0.003334 -0.199159
v -0.080838 -0.003434 -0.201650
v -0.069468 -0.004010 -0.202751
v -0.057326 -0.004010 -0.204892
v -0.056692 0.003334 -0.201300
v -0.081716 -0.009584 -0.206630
v -0.070372 -0.010343 -0.207880
v -0.082807 -0.014472 -0.212820
v -0.071496 -0.015377 -0.214254
v -0.059354 -0.015377 -0.216395
v -0.058230 -0.010343 -0.210021
v -0.084062 -0.017818 -0.219935
v -0.072788 -0.018823 -0.221581
v -0.085413 -0.019495 -0.227600
v -0.074180 -0.020550 -0.229475
v -0.062038 -0.020550 -0.231616
v -0.060646 -0.018823 -0.223722
v -0.086796 -0.019375 -0.235441
v -0.075604 -0.020427 -0.237549
v -0.088140 -0.017509 -0.243064
v -0.076988 -0.018505 -0.245399
v -0.064846 -0.018505 -0.247540
v -0.063461 -0.020427 -0.239690
v -0.089377 -0.013947 -0.250076
v -0.078261 -0.014836 -0.252621
v -0.090447 -0.008907 -0.256147
v -0.079363 -0.009646 -0.258872
v -0.067221 -0.009646 -0.261013
v -0.066119 -0.014836 -0.254762
v -0.091293 -0.002608 -0.260943
v -0.080234 -0.003160 -0.263812
v -0.068092 -0.003160 -0.265953
v -0.129774 0.017850 -0.239035
v -0.129729 0.014326 -0.239439
v -0.130923 0.014819 -0.234168
v -0.131129 0.017090 -0.232691
v -0.129656 0.010947 -0.238362
v -0.131056 0.012871 -0.232280
v -0.132007 0.015895 -0.222939
v -0.129361 0.024366 -0.236691
v -0.129575 0.021361 -0.238563
v -0.130817 0.019642 -0.233568
v -0.130876 0.021072 -0.231259
v -0.128498 0.029204 -0.231795
v -0.128905 0.027312 -0.234768
v -0.130358 0.023723 -0.230966
v -0.130349 0.024029 -0.228266
v -0.127356 0.031405 -0.225317
v -0.127854 0.031002 -0.228806
v -0.129637 0.026253 -0.226878
v -0.129651 0.025375 -0.224307
v -0.126161 0.030535 -0.218540
v -0.126629 0.031700 -0.221858
v -0.128797 0.026732 -0.222113
v -0.128920 0.024843 -0.220165
v -0.125149 0.026765 -0.212806
v -0.125473 0.029267 -0.215299
v -0.128004 0.025064 -0.217617
v -0.128302 0.022539 -0.216660
v -0.124523 0.020842 -0.209251
v -0.124614 0.024186 -0.210430
v -0.127416 0.021580 -0.214278
v -0.127919 0.018918 -0.214487
v -0.124404 0.013939 -0.208578
v -0.124223 0.017463 -0.208213
v -0.127148 0.016970 -0.212758
v -0.127847 0.014699 -0.214076
v -0.124817 0.007423 -0.210922
v -0.124378 0.010429 -0.209089
v -0.127254 0.012147 -0.213359
v -0.128099 0.010717 -0.215509
v -0.125681 0.002586 -0.215818
v -0.125047 0.004477 -0.212884
v -0.127713 0.008066 -0.215961
v -0.128627 0.007760 -0.218501
v -0.126823 0.000384 -0.222296
v -0.126098 0.000787 -0.218847
v -0.128433 0.005536 -0.220049
v -0.129325 0.006415 -0.222460
v -0.128018 0.001254 -0.229073
v -0.127323 0.000089 -0.225795
v -0.129273 0.005058 -0.224813
v -0.130055 0.006947 -0.226602
v -0.129029 0.005025 -0.234807
v -0.128480 0.002522 -0.232354
v -0.130066 0.006726 -0.229310
v -0.130673 0.009251 -0.230107
v -0.129338 0.007603 -0.237223
v -0.130655 0.010209 -0.232649
v -0.063826 0.007897 -0.259225
v -0.064134 0.013356 -0.260968
v -0.063093 0.014048 -0.254044
v -0.062546 0.010703 -0.250938
v -0.064018 0.019056 -0.260312
v -0.062670 0.017947 -0.251644
v -0.059852 0.015895 -0.235662
v -0.063884 0.024743 -0.259550
v -0.062911 0.022330 -0.253013
v -0.063350 0.029590 -0.256523
v -0.062236 0.024785 -0.249184
v -0.062800 0.034378 -0.253406
v -0.062124 0.029337 -0.248545
v -0.061954 0.037410 -0.248608
v -0.061330 0.029862 -0.244046
v -0.061099 0.040351 -0.243755
v -0.060886 0.033681 -0.241525
v -0.060108 0.040970 -0.238135
v -0.060132 0.032173 -0.237248
v -0.059115 0.041481 -0.232506
v -0.059443 0.034503 -0.233344
v -0.058176 0.039563 -0.227179
v -0.058877 0.031260 -0.230135
v -0.057243 0.037543 -0.221889
v -0.058082 0.031639 -0.225623
v -0.056541 0.033468 -0.217909
v -0.057816 0.027303 -0.224117
v -0.055853 0.029318 -0.214006
v -0.057071 0.025657 -0.219889
v -0.055528 0.023892 -0.212161
v -0.057158 0.021087 -0.220386
v -0.055220 0.018433 -0.210418
v -0.056611 0.017741 -0.217280
v -0.055336 0.012733 -0.211074
v -0.057034 0.013842 -0.219680
v -0.055470 0.007046 -0.211836
v -0.056793 0.009459 -0.218312
v -0.056004 0.002200 -0.214863
v -0.057468 0.007004 -0.222140
v -0.056554 -0.002588 -0.217979
v -0.057580 0.002452 -0.222780
v -0.057400 -0.005621 -0.222778
v -0.058374 0.001927 -0.227278
v -0.058256 -0.008562 -0.227631
v -0.058818 -0.001892 -0.229799
v -0.059246 -0.009180 -0.233250
v -0.059572 -0.000384 -0.234077
v -0.060239 -0.009692 -0.238880
v -0.060261 -0.002714 -0.237980
v -0.061178 -0.007773 -0.244207
v -0.060827 0.000530 -0.241189
v -0.062111 -0.005754 -0.249497
v -0.061622 0.000150 -0.245702
v -0.062813 -0.001679 -0.253477
v -0.061888 0.004486 -0.247207
v -0.063501 0.002472 -0.257381
v -0.062633 0.006133 -0.251435
v -0.122170 0.008489 -0.247139
v -0.122358 0.013599 -0.248209
v -0.110160 0.013345 -0.252970
v -0.109950 0.007669 -0.251782
v -0.122347 0.018822 -0.248146
v -0.110148 0.019146 -0.252900
v -0.098676 0.019489 -0.257675
v -0.098689 0.013076 -0.257752
v -0.098458 0.006802 -0.256439
v -0.122132 0.023897 -0.246926
v -0.109909 0.024783 -0.251545
v -0.121729 0.028575 -0.244638
v -0.109460 0.029980 -0.249003
v -0.097916 0.031464 -0.253367
v -0.098412 0.025720 -0.256177
v -0.121153 0.032610 -0.241370
v -0.108820 0.034461 -0.245374
v -0.120437 0.035817 -0.237310
v -0.108025 0.038023 -0.240864
v -0.096330 0.040356 -0.244370
v -0.097209 0.036418 -0.249355
v -0.119614 0.038012 -0.232642
v -0.107111 0.040461 -0.235679
v -0.118727 0.039112 -0.227613
v -0.106126 0.041684 -0.230093
v -0.094230 0.044402 -0.232464
v -0.095319 0.043051 -0.238638
v -0.117820 0.039034 -0.222469
v -0.105119 0.041596 -0.224380
v -0.116938 0.037809 -0.217468
v -0.104139 0.040236 -0.218825
v -0.092034 0.042802 -0.220008
v -0.093117 0.044306 -0.226148
v -0.116127 0.035473 -0.212868
v -0.103238 0.037641 -0.213715
v -0.115425 0.032166 -0.208885
v -0.102458 0.033968 -0.209291
v -0.090176 0.035873 -0.209469
v -0.091038 0.039933 -0.214359
v -0.114870 0.028034 -0.205738
v -0.101842 0.029378 -0.205796
v -0.114486 0.023300 -0.203563
v -0.101416 0.024120 -0.203380
v -0.089023 0.024987 -0.202934
v -0.089494 0.030799 -0.205605
v -0.114298 0.018190 -0.202494
v -0.101206 0.018445 -0.202192
v -0.114309 0.012967 -0.202556
v -0.101219 0.012643 -0.202262
v -0.088806 0.012300 -0.201698
v -0.088792 0.018714 -0.201621
v -0.114524 0.007893 -0.203776
v -0.101458 0.007006 -0.203617
v -0.114927 0.003214 -0.206065
v -0.101906 0.001810 -0.206158
v -0.089565 0.000325 -0.206006
v -0.089070 0.006069 -0.203196
v -0.115503 -0.000820 -0.209332
v -0.102546 -0.002672 -0.209788
v -0.116219 -0.004027 -0.213393
v -0.103341 -0.006234 -0.214298
v -0.091152 -0.008566 -0.215004
v -0.090272 -0.004629 -0.210018
v -0.117043 -0.006223 -0.218061
v -0.104255 -0.008672 -0.219483
v -0.117929 -0.007323 -0.223090
v -0.105240 -0.009894 -0.225069
v -0.093251 -0.012613 -0.226910
v -0.092162 -0.011262 -0.220735
v -0.118836 -0.007244 -0.228233
v -0.106248 -0.009807 -0.230782
v -0.119718 -0.006020 -0.233234
v -0.107227 -0.008447 -0.236337
v -0.095447 -0.011013 -0.239366
v -0.094365 -0.012516 -0.233225
v -0.120529 -0.003683 -0.237835
v -0.108128 -0.005851 -0.241447
v -0.121231 -0.000377 -0.241817
v -0.108908 -0.002179 -0.245871
v -0.097306 -0.004084 -0.249905
v -0.096443 -0.008143 -0.245015
v -0.121786 0.003756 -0.244964
v -0.109524 0.002411 -0.249366
v -0.097987 0.000990 -0.253768
v -0.095354 0.012708 -0.262115
v -0.095092 0.005616 -0.260631
v -0.095339 0.019958 -0.262028
v -0.092148 0.020357 -0.265793
v -0.092165 0.012395 -0.265889
v -0.091877 0.004607 -0.264259
v -0.055077 0.020015 -0.269587
v -0.055092 0.012663 -0.269675
v -0.056726 0.012470 -0.271375
v -0.056710 0.020262 -0.271281
v -0.054827 0.005471 -0.268170
v -0.056445 0.004847 -0.269780
v -0.058890 0.004415 -0.270659
v -0.059182 0.012336 -0.272317
v -0.059165 0.020433 -0.272220
v -0.095040 0.027002 -0.260334
v -0.094480 0.033495 -0.257158
v -0.091205 0.035223 -0.260446
v -0.091820 0.028092 -0.263934
v -0.054206 0.033743 -0.264649
v -0.054774 0.027158 -0.267870
v -0.056389 0.027833 -0.269461
v -0.055787 0.034813 -0.266047
v -0.058831 0.028300 -0.270328
v -0.058206 0.035553 -0.266781
v -0.093680 0.039095 -0.252623
v -0.092686 0.043546 -0.246987
v -0.089235 0.046261 -0.249276
v -0.090327 0.041373 -0.255465
v -0.052387 0.043936 -0.254334
v -0.053395 0.039422 -0.260050
v -0.054927 0.040832 -0.261172
v -0.053859 0.045616 -0.255114
v -0.057313 0.041807 -0.261715
v -0.056203 0.046778 -0.255420
v -0.091544 0.046593 -0.240508
v -0.090313 0.048121 -0.233528
v -0.086629 0.051284 -0.234495
v -0.087981 0.049607 -0.242160
v -0.049980 0.048575 -0.240685
v -0.051229 0.047026 -0.247764
v -0.052631 0.048891 -0.248150
v -0.051308 0.050533 -0.240648
v -0.054927 0.050182 -0.248184
v -0.053552 0.051888 -0.240388
v -0.089054 0.048012 -0.226388
v -0.087830 0.046312 -0.219447
v -0.083903 0.049299 -0.219032
v -0.085247 0.051165 -0.226655
v -0.047463 0.046741 -0.226406
v -0.048704 0.048465 -0.233445
v -0.049955 0.050416 -0.232974
v -0.048639 0.048589 -0.225513
v -0.052146 0.051766 -0.232414
v -0.050779 0.049868 -0.224661
v -0.086705 0.043069 -0.213061
v -0.085730 0.038479 -0.207533
v -0.081596 0.040697 -0.205949
v -0.082666 0.045737 -0.212019
v -0.045332 0.038798 -0.214324
v -0.046321 0.043452 -0.219930
v -0.047429 0.045103 -0.218649
v -0.046381 0.040170 -0.212708
v -0.049521 0.046245 -0.217529
v -0.048433 0.041119 -0.211355
v -0.084960 0.032743 -0.203166
v -0.084427 0.026173 -0.200146
v -0.080165 0.027182 -0.197836
v -0.080750 0.034398 -0.201152
v -0.044011 0.026318 -0.206833
v -0.044551 0.032981 -0.209895
v -0.045554 0.034005 -0.208013
v -0.044981 0.026943 -0.204768
v -0.047573 0.034713 -0.206477
v -0.046978 0.027375 -0.203105
v -0.084166 0.019081 -0.198662
v -0.084181 0.011831 -0.198749
v -0.079895 0.011432 -0.196302
v -0.079878 0.019394 -0.196207
v -0.043762 0.011774 -0.205416
v -0.043746 0.019126 -0.205328
v -0.044700 0.019320 -0.203173
v -0.044717 0.011527 -0.203266
v -0.046686 0.019454 -0.201447
v -0.046703 0.011356 -0.201544
v -0.084480 0.004788 -0.200443
v -0.085040 -0.001706 -0.203619
v -0.080838 -0.003434 -0.201650
v -0.080223 0.003697 -0.198162
v -0.044632 -0.001954 -0.210354
v -0.044064 0.004631 -0.207134
v -0.045038 0.003956 -0.205086
v -0.045640 -0.003023 -0.208500
v -0.047036 0.003490 -0.203436
v -0.047662 -0.003763 -0.206983
v -0.085839 -0.007306 -0.208154
v -0.086833 -0.011757 -0.213790
v -0.082807 -0.014472 -0.212820
v -0.081716 -0.009584 -0.206630
v -0.046451 -0.012147 -0.220669
v -0.045443 -0.007633 -0.214954
v -0.046499 -0.009042 -0.213375
v -0.047567 -0.013827 -0.219433
v -0.048555 -0.010018 -0.212049
v -0.049665 -0.014989 -0.218344
v -0.087976 -0.014804 -0.220269
v -0.089206 -0.016331 -0.227249
v -0.085413 -0.019495 -0.227600
v -0.084062 -0.017818 -0.219935
v -0.048858 -0.016786 -0.234318
v -0.047610 -0.015237 -0.227240
v -0.048795 -0.017102 -0.226397
v -0.050118 -0.018744 -0.233899
v -0.050941 -0.018393 -0.225580
v -0.052316 -0.020098 -0.233376
v -0.090465 -0.016222 -0.234389
v -0.091689 -0.014523 -0.241330
v -0.088140 -0.017509 -0.243064
v -0.086796 -0.019375 -0.235441
v -0.051376 -0.014952 -0.248598
v -0.050134 -0.016675 -0.241558
v -0.051471 -0.018626 -0.241573
v -0.052787 -0.016800 -0.249034
v -0.053722 -0.019976 -0.241350
v -0.055089 -0.018078 -0.249103
v -0.092815 -0.011279 -0.247716
v -0.093790 -0.006690 -0.253244
v -0.090447 -0.008907 -0.256147
v -0.089377 -0.013947 -0.250076
v -0.053506 -0.007008 -0.260679
v -0.052517 -0.011662 -0.255074
v -0.053997 -0.013313 -0.255898
v -0.055045 -0.008380 -0.261840
v -0.056346 -0.014456 -0.256235
v -0.057435 -0.009330 -0.262409
v -0.094560 -0.000954 -0.257611
v -0.091293 -0.002608 -0.260943
v -0.054287 -0.001192 -0.265108
v -0.055872 -0.002215 -0.266534
v -0.058295 -0.002923 -0.267287
v -0.062379 0.019426 -0.263569
v -0.062392 0.013125 -0.263644
v -0.058927 0.013125 -0.264255
v -0.058914 0.019426 -0.264180
v -0.062165 0.006962 -0.262355
v -0.058700 0.006962 -0.262966
v -0.055323 0.006962 -0.263561
v -0.055550 0.013125 -0.264851
v -0.055537 0.019426 -0.264775
v -0.062472 0.012291 -0.272195
v -0.062176 0.004271 -0.270517
v -0.062454 0.020490 -0.272097
v -0.061633 0.031191 -0.259337
v -0.062119 0.025547 -0.262097
v -0.058654 0.025548 -0.262708
v -0.058167 0.031191 -0.259948
v -0.055278 0.025548 -0.263304
v -0.054791 0.031191 -0.260543
v -0.062117 0.028456 -0.270182
v -0.061483 0.035799 -0.266590
v -0.060074 0.039927 -0.250497
v -0.060938 0.036058 -0.255395
v -0.057472 0.036058 -0.256006
v -0.056609 0.039926 -0.251108
v -0.054096 0.036058 -0.256602
v -0.053232 0.039927 -0.251703
v -0.060579 0.042132 -0.261461
v -0.059455 0.047166 -0.255087
v -0.058011 0.043902 -0.238800
v -0.059081 0.042575 -0.244866
v -0.055616 0.042575 -0.245477
v -0.054546 0.043902 -0.239411
v -0.052239 0.042575 -0.246072
v -0.051170 0.043902 -0.240006
v -0.058163 0.050612 -0.247760
v -0.056771 0.052339 -0.239866
v -0.055854 0.042330 -0.226562
v -0.056917 0.043807 -0.232595
v -0.053452 0.043807 -0.233206
v -0.052388 0.042330 -0.227173
v -0.050076 0.043807 -0.233801
v -0.049012 0.042330 -0.227769
v -0.055348 0.052216 -0.231792
v -0.053963 0.050294 -0.223942
v -0.054028 0.035523 -0.216208
v -0.054875 0.039511 -0.221012
v -0.051410 0.039511 -0.221623
v -0.050563 0.035523 -0.216819
v -0.048033 0.039511 -0.222219
v -0.047186 0.035523 -0.217415
v -0.052690 0.046626 -0.216720
v -0.051588 0.041436 -0.210469
v -0.052896 0.024828 -0.209788
v -0.053359 0.030538 -0.212412
v -0.049893 0.030538 -0.213023
v -0.049431 0.024828 -0.210399
v -0.046517 0.030538 -0.213619
v -0.046054 0.024828 -0.210995
v -0.050717 0.034949 -0.205530
v -0.050115 0.027519 -0.202115
v -0.052682 0.012363 -0.208574
v -0.052669 0.018664 -0.208499
v -0.049203 0.018664 -0.209110
v -0.049217 0.012363 -0.209185
v -0.045827 0.018664 -0.209705
v -0.045840 0.012363 -0.209781
v -0.049819 0.019498 -0.200436
v -0.049836 0.011299 -0.200535
v -0.053428 0.000598 -0.212806
v -0.052941 0.006242 -0.210046
v -0.049476 0.006242 -0.210657
v -0.049963 0.000598 -0.213417
v -0.046099 0.006242 -0.211252
v -0.046586 0.000598 -0.214012
v -0.050174 0.003334 -0.202450
v -0.050807 -0.004010 -0.206042
v -0.054987 -0.008137 -0.221646
v -0.054123 -0.004269 -0.216748
v -0.050658 -0.004269 -0.217359
v -0.051522 -0.008137 -0.222257
v -0.047281 -0.004269 -0.217954
v -0.048145 -0.008137 -0.222852
v -0.051711 -0.010343 -0.211171
v -0.052835 -0.015377 -0.217545
v -0.057049 -0.012113 -0.233343
v -0.055980 -0.010785 -0.227277
v -0.052514 -0.010785 -0.227888
v -0.053584 -0.012113 -0.233954
v -0.049138 -0.010785 -0.228483
v -0.050207 -0.012113 -0.234550
v -0.054127 -0.018823 -0.224872
v -0.055519 -0.020550 -0.232766
v -0.059207 -0.010541 -0.245581
v -0.058143 -0.012018 -0.239548
v -0.054678 -0.012018 -0.240159
v -0.055742 -0.010541 -0.246192
v -0.051302 -0.012018 -0.240755
v -0.052365 -0.010541 -0.246787
v -0.056943 -0.020427 -0.240840
v -0.058327 -0.018505 -0.248690
v -0.061033 -0.003733 -0.255935
v -0.060186 -0.007722 -0.251131
v -0.056720 -0.007722 -0.251742
v -0.057568 -0.003733 -0.256546
v -0.053344 -0.007722 -0.252337
v -0.054191 -0.003733 -0.257141
v -0.059600 -0.014836 -0.255911
v -0.060703 -0.009646 -0.262163
v -0.061702 0.001252 -0.259731
v -0.058237 0.001252 -0.260342
v -0.054860 0.001252 -0.260937
v -0.061574 -0.003160 -0.267102
v -0.053808 0.006769 -0.264412
v -0.053336 0.000936 -0.261731
v -0.053519 -0.000010 -0.263275
v -0.054021 0.006192 -0.266125
v -0.052652 -0.004156 -0.257854
v -0.052792 -0.005424 -0.259152
v -0.051787 -0.008230 -0.252946
v -0.051872 -0.009756 -0.253934
v -0.050787 -0.011110 -0.247277
v -0.050809 -0.012818 -0.247906
v -0.049700 -0.012619 -0.241114
v -0.049654 -0.014422 -0.241354
v -0.048583 -0.012716 -0.234776
v -0.048465 -0.014525 -0.234615
v -0.047490 -0.011360 -0.228579
v -0.047303 -0.013083 -0.228026
v -0.046476 -0.008655 -0.222827
v -0.046225 -0.010207 -0.221910
v -0.045593 -0.004703 -0.217823
v -0.045287 -0.006005 -0.216590
v -0.044883 0.000269 -0.213796
v -0.044532 -0.000719 -0.212308
v -0.044386 0.006034 -0.210976
v -0.044003 0.005410 -0.209310
v -0.044121 0.012287 -0.209473
v -0.043722 0.012059 -0.207712
v -0.044108 0.018724 -0.209396
v -0.043707 0.018903 -0.207630
v -0.044340 0.025020 -0.210713
v -0.043954 0.025597 -0.209031
v -0.044812 0.030853 -0.213394
v -0.044457 0.031799 -0.211881
v -0.045496 0.035946 -0.217272
v -0.045184 0.037213 -0.216004
v -0.046362 0.040020 -0.222179
v -0.046104 0.041545 -0.221222
v -0.047361 0.042900 -0.227849
v -0.047167 0.044607 -0.227249
v -0.048448 0.044408 -0.234011
v -0.048322 0.046211 -0.233802
v -0.049565 0.044505 -0.240349
v -0.049510 0.046314 -0.240541
v -0.050658 0.043149 -0.246546
v -0.050672 0.044873 -0.247130
v -0.051672 0.040444 -0.252299
v -0.051750 0.041996 -0.253246
v -0.052555 0.036492 -0.257302
v -0.052689 0.037795 -0.258566
v -0.053265 0.031520 -0.261329
v -0.053443 0.032509 -0.262847
v -0.053762 0.025755 -0.264149
v -0.053972 0.026379 -0.265845
v -0.054027 0.019502 -0.265652
v -0.054254 0.019730 -0.267444
v -0.054041 0.013066 -0.265729
v -0.054268 0.012887 -0.267526
v -0.063826 0.007897 -0.259225
v -0.063501 0.002472 -0.257381
v -0.063324 0.001252 -0.259445
v -0.063787 0.006962 -0.262069
v -0.062813 -0.001679 -0.253477
v -0.062655 -0.003733 -0.255649
v -0.062111 -0.005754 -0.249497
v -0.061807 -0.007722 -0.250845
v -0.061178 -0.007773 -0.244207
v -0.060829 -0.010541 -0.245295
v -0.060239 -0.009692 -0.238880
v -0.059765 -0.012018 -0.239262
v -0.059246 -0.009180 -0.233250
v -0.058671 -0.012113 -0.233057
v -0.058256 -0.008562 -0.227631
v -0.057601 -0.010785 -0.226991
v -0.057400 -0.005621 -0.222778
v -0.056609 -0.008137 -0.221360
v -0.056554 -0.002588 -0.217979
v -0.055745 -0.004269 -0.216462
v -0.056004 0.002200 -0.214863
v -0.055050 0.000598 -0.212520
v -0.055470 0.007046 -0.211836
v -0.054563 0.006242 -0.209760
v -0.055336 0.012733 -0.211074
v -0.054304 0.012363 -0.208288
v -0.055220 0.018433 -0.210418
v -0.054290 0.018664 -0.208213
v -0.055528 0.023892 -0.212161
v -0.054518 0.024828 -0.209502
v -0.055853 0.029318 -0.214006
v -0.054980 0.030538 -0.212127
v -0.056541 0.033468 -0.217909
v -0.055650 0.035523 -0.215922
v -0.057243 0.037543 -0.221889
v -0.056497 0.039511 -0.220726
v -0.058176 0.039563 -0.227179
v -0.057475 0.042330 -0.226276
v -0.059115 0.041481 -0.232506
v -0.058539 0.043807 -0.232309
v -0.060108 0.040970 -0.238135
v -0.059633 0.043902 -0.238514
v -0.061099 0.040351 -0.243755
v -0.060703 0.042575 -0.244580
v -0.061954 0.037410 -0.248608
v -0.061696 0.039926 -0.250211
v -0.062800 0.034378 -0.253406
v -0.062559 0.036058 -0.255109
v -0.063350 0.029590 -0.256523
v -0.063254 0.031191 -0.259051
v -0.063884 0.024743 -0.259550
v -0.063741 0.025548 -0.261811
v -0.064018 0.019056 -0.260312
v -0.064001 0.019426 -0.263283
v -0.064134 0.013356 -0.260968
v -0.064014 0.013125 -0.263359
v -0.054195 0.013125 -0.265090
v -0.054181 0.019426 -0.265014
v -0.053967 0.006962 -0.263800
v -0.053922 0.025548 -0.263543
v -0.053435 0.031191 -0.260782
v -0.052740 0.036058 -0.256841
v -0.051876 0.039926 -0.251942
v -0.050884 0.042575 -0.246311
v -0.049814 0.043902 -0.240245
v -0.048720 0.043807 -0.234040
v -0.047656 0.042330 -0.228008
v -0.046678 0.039511 -0.222458
v -0.045830 0.035523 -0.217654
v -0.045161 0.030538 -0.213858
v -0.044698 0.024828 -0.211234
v -0.044471 0.018664 -0.209944
v -0.044484 0.012363 -0.210020
v -0.044744 0.006242 -0.211491
v -0.045231 0.000598 -0.214252
v -0.045926 -0.004269 -0.218193
v -0.046789 -0.008137 -0.223092
v -0.047782 -0.010785 -0.228722
v -0.048852 -0.012113 -0.234789
v -0.049946 -0.012018 -0.240994
v -0.051010 -0.010541 -0.247026
v -0.051988 -0.007722 -0.252576
v -0.052835 -0.003733 -0.257380
v -0.053505 0.001252 -0.261176
v -0.127878 0.013923 -0.243909
v -0.127716 0.009535 -0.242991
v -0.127868 0.018409 -0.243855
v -0.127684 0.022767 -0.242807
v -0.127337 0.026786 -0.240842
v -0.126842 0.030251 -0.238036
v -0.126227 0.033005 -0.234548
v -0.125520 0.034890 -0.230539
v -0.124759 0.035835 -0.226220
v -0.123980 0.035768 -0.221802
v -0.123223 0.034716 -0.217507
v -0.122526 0.032709 -0.213556
v -0.121923 0.029869 -0.210135
v -0.121446 0.026320 -0.207433
v -0.121117 0.022255 -0.205565
v -0.120955 0.017866 -0.204646
v -0.120964 0.013380 -0.204700
v -0.121149 0.009022 -0.205748
v -0.121496 0.005004 -0.207713
v -0.121990 0.001539 -0.210520
v -0.122605 -0.001215 -0.214007
v -0.123312 -0.003101 -0.218016
v -0.124074 -0.004046 -0.222335
v -0.124853 -0.003978 -0.226753
v -0.125610 -0.002927 -0.231048
v -0.126307 -0.000920 -0.234999
v -0.126910 0.001920 -0.238420
v -0.127386 0.005469 -0.241122
v 0.003873 0.004607 0.278766
v 0.015263 0.004271 0.277778
v 0.015558 0.012291 0.279456
v 0.004160 0.012395 0.280396
v 0.027405 0.004271 0.275637
v 0.027701 0.012291 0.277315
v 0.027683 0.020490 0.277217
v 0.015541 0.020490 0.279358
v 0.004143 0.020357 0.280300
v 0.015203 0.028456 0.277443
v 0.003815 0.028092 0.278441
v 0.027346 0.028456 0.275302
v 0.026712 0.035799 0.271710
v 0.014570 0.035799 0.273851
v 0.003200 0.035223 0.274953
v 0.013666 0.042132 0.268722
v 0.002322 0.041373 0.269972
v 0.025808 0.042132 0.266581
v 0.024684 0.047166 0.260207
v 0.012542 0.047166 0.262348
v 0.001231 0.046261 0.263783
v 0.011250 0.050612 0.255021
v -0.000024 0.049607 0.256667
v 0.023392 0.050612 0.252880
v 0.022000 0.052339 0.244986
v 0.009858 0.052339 0.247127
v -0.001376 0.051285 0.249002
v 0.008434 0.052216 0.239053
v -0.002758 0.051165 0.241162
v 0.020576 0.052216 0.236912
v 0.019192 0.050294 0.229062
v 0.007050 0.050294 0.231203
v -0.004102 0.049299 0.233539
v 0.005777 0.046626 0.223982
v -0.005339 0.045736 0.226526
v 0.017919 0.046626 0.221841
v 0.016817 0.041436 0.215589
v 0.004674 0.041436 0.217730
v -0.006409 0.040697 0.220456
v 0.003804 0.034949 0.212791
v -0.007255 0.034398 0.215659
v 0.015946 0.034949 0.210650
v 0.015344 0.027519 0.207235
v 0.003201 0.027519 0.209376
v -0.007839 0.027182 0.212344
v 0.002905 0.019498 0.207698
v -0.008127 0.019394 0.210714
v 0.015048 0.019498 0.205557
v 0.015065 0.011299 0.205655
v 0.002923 0.011299 0.207796
v -0.008110 0.011432 0.210809
v 0.003261 0.003334 0.209711
v -0.007782 0.003697 0.212669
v 0.015403 0.003334 0.207570
v 0.016036 -0.004010 0.211162
v 0.003894 -0.004010 0.213303
v -0.007167 -0.003434 0.216157
v 0.004798 -0.010343 0.218432
v -0.006289 -0.009584 0.221137
v 0.016940 -0.010343 0.216291
v 0.018064 -0.015377 0.222665
v 0.005922 -0.015377 0.224806
v -0.005197 -0.014472 0.227327
v 0.007214 -0.018823 0.232133
v -0.003943 -0.017818 0.234442
v 0.019356 -0.018823 0.229992
v 0.020748 -0.020550 0.237886
v 0.008606 -0.020550 0.240027
v -0.002591 -0.019495 0.242107
v 0.010030 -0.020427 0.248101
v -0.001209 -0.019375 0.249948
v 0.022172 -0.020427 0.245960
v 0.023556 -0.018505 0.253810
v 0.011414 -0.018505 0.255951
v 0.000135 -0.017509 0.257571
v 0.012687 -0.014836 0.263173
v 0.001372 -0.013947 0.264583
v 0.024829 -0.014836 0.261032
v 0.025932 -0.009646 0.267283
v 0.013790 -0.009646 0.269424
v 0.002442 -0.008907 0.270654
v 0.014660 -0.003160 0.274363
v 0.003288 -0.002608 0.275450
v 0.026803 -0.003160 0.272222
v -0.040366 0.017850 0.268024
v -0.043809 0.017090 0.262527
v -0.043110 0.014819 0.263845
v -0.040185 0.014326 0.268389
v -0.047969 0.015895 0.253663
v -0.043881 0.012871 0.262116
v -0.040485 0.010947 0.267352
v -0.040779 0.024366 0.265681
v -0.044061 0.021072 0.261094
v -0.043216 0.019642 0.263244
v -0.040340 0.021361 0.267513
v -0.041643 0.029204 0.260785
v -0.044589 0.024029 0.258102
v -0.043675 0.023723 0.260642
v -0.041009 0.027312 0.263718
v -0.042785 0.031405 0.254307
v -0.045287 0.025375 0.254143
v -0.044395 0.026253 0.256554
v -0.042060 0.031002 0.257756
v -0.043980 0.030535 0.247530
v -0.046017 0.024843 0.250000
v -0.045236 0.026732 0.251790
v -0.043285 0.031700 0.250808
v -0.044991 0.026765 0.241796
v -0.046635 0.022539 0.246496
v -0.046028 0.025064 0.247293
v -0.044442 0.029267 0.244249
v -0.045618 0.020842 0.238240
v -0.047018 0.018918 0.244323
v -0.046617 0.021580 0.243954
v -0.045300 0.024186 0.239379
v -0.045736 0.013939 0.237568
v -0.047091 0.014699 0.243912
v -0.046885 0.016970 0.242434
v -0.045691 0.017463 0.237163
v -0.045323 0.007423 0.239912
v -0.046838 0.010717 0.245344
v -0.046779 0.012147 0.243035
v -0.045537 0.010429 0.238039
v -0.044460 0.002586 0.244807
v -0.046311 0.007760 0.248336
v -0.046320 0.008066 0.245637
v -0.044868 0.004477 0.241834
v -0.043318 0.000384 0.251285
v -0.045613 0.006415 0.252296
v -0.045600 0.005536 0.249725
v -0.043816 0.000787 0.247796
v -0.042123 0.001254 0.258063
v -0.044882 0.006947 0.256438
v -0.044759 0.005058 0.254489
v -0.042591 0.000089 0.254745
v -0.041112 0.005025 0.263797
v -0.044264 0.009251 0.259943
v -0.043967 0.006726 0.258986
v -0.041435 0.002522 0.261303
v -0.043378 0.010209 0.262325
v -0.040576 0.007603 0.266173
v 0.028510 0.007897 0.264441
v 0.026879 0.010703 0.256217
v 0.027427 0.014048 0.259322
v 0.028818 0.013356 0.266185
v 0.024186 0.015895 0.240940
v 0.027004 0.017947 0.256922
v 0.028702 0.019056 0.265528
v 0.027245 0.022330 0.258291
v 0.028567 0.024743 0.264767
v 0.026570 0.024785 0.254463
v 0.028034 0.029590 0.261739
v 0.026457 0.029337 0.253823
v 0.027484 0.034378 0.258623
v 0.025664 0.029862 0.249325
v 0.026638 0.037410 0.253825
v 0.025220 0.033681 0.246803
v 0.025782 0.040351 0.248971
v 0.024465 0.032173 0.242526
v 0.024792 0.040970 0.243352
v 0.023777 0.034503 0.238623
v 0.023799 0.041481 0.237723
v 0.023211 0.031260 0.235413
v 0.022860 0.039563 0.232396
v 0.022416 0.031639 0.230901
v 0.021927 0.037543 0.227105
v 0.022150 0.027303 0.229396
v 0.021225 0.033468 0.223126
v 0.021405 0.025657 0.225168
v 0.020537 0.029318 0.219222
v 0.021492 0.021087 0.225664
v 0.020212 0.023892 0.217378
v 0.020945 0.017741 0.222558
v 0.019904 0.018433 0.215634
v 0.021368 0.013842 0.224958
v 0.020020 0.012733 0.216291
v 0.021127 0.009459 0.223590
v 0.020154 0.007046 0.217053
v 0.021802 0.007004 0.227418
v 0.020688 0.002200 0.220080
v 0.021914 0.002452 0.228058
v 0.021237 -0.002588 0.223196
v 0.022707 0.001927 0.232556
v 0.022084 -0.005621 0.227994
v 0.023152 -0.001892 0.235077
v 0.022939 -0.008562 0.232848
v 0.023906 -0.000384 0.239355
v 0.023930 -0.009180 0.238467
v 0.024595 -0.002714 0.243258
v 0.024923 -0.009692 0.244097
v 0.025160 0.000530 0.246467
v 0.025862 -0.007773 0.249423
v 0.025956 0.000150 0.250980
v 0.026795 -0.005754 0.254714
v 0.026222 0.004486 0.252485
v 0.027497 -0.001678 0.258693
v 0.026967 0.006133 0.256713
v 0.028185 0.002472 0.262597
v -0.030448 0.008489 0.273040
v -0.017378 0.007669 0.273223
v -0.017168 0.013345 0.274411
v -0.030260 0.013599 0.274109
v -0.004986 0.006802 0.273668
v -0.004754 0.013076 0.274981
v -0.004768 0.019489 0.274904
v -0.017181 0.019146 0.274341
v -0.030271 0.018822 0.274046
v -0.017420 0.024783 0.272986
v -0.030486 0.023897 0.272826
v -0.005032 0.025720 0.273406
v -0.005527 0.031464 0.270597
v -0.017868 0.029979 0.270444
v -0.030889 0.028575 0.270538
v -0.018508 0.034461 0.266815
v -0.031466 0.032610 0.267270
v -0.006235 0.036418 0.266585
v -0.007114 0.040355 0.261599
v -0.019303 0.038023 0.262304
v -0.032182 0.035817 0.263210
v -0.020217 0.040461 0.257120
v -0.033005 0.038012 0.258542
v -0.008124 0.043051 0.255867
v -0.009213 0.044402 0.249693
v -0.021202 0.041683 0.251534
v -0.033891 0.039112 0.253513
v -0.022210 0.041596 0.245820
v -0.034798 0.039034 0.248369
v -0.010327 0.044306 0.243377
v -0.011409 0.042802 0.237237
v -0.023189 0.040236 0.240266
v -0.035680 0.037809 0.243368
v -0.024090 0.037641 0.235155
v -0.036491 0.035472 0.238768
v -0.012405 0.039933 0.231588
v -0.013268 0.035873 0.226698
v -0.024870 0.033968 0.230732
v -0.037194 0.032166 0.234785
v -0.025486 0.029378 0.227237
v -0.037748 0.028034 0.231638
v -0.013949 0.030799 0.222835
v -0.014420 0.024987 0.220163
v -0.025912 0.024120 0.224820
v -0.038132 0.023300 0.229463
v -0.026122 0.018445 0.223633
v -0.038320 0.018190 0.228394
v -0.014651 0.018713 0.218851
v -0.014638 0.012300 0.218928
v -0.026110 0.012643 0.223702
v -0.038309 0.012967 0.228457
v -0.025871 0.007006 0.225057
v -0.038094 0.007893 0.229677
v -0.014374 0.006069 0.220426
v -0.013878 0.000325 0.223235
v -0.025423 0.001810 0.227599
v -0.037691 0.003214 0.231965
v -0.024783 -0.002672 0.231229
v -0.037115 -0.000820 0.235232
v -0.013171 -0.004629 0.227247
v -0.012292 -0.008566 0.232233
v -0.023987 -0.006234 0.235739
v -0.036399 -0.004027 0.239293
v -0.023073 -0.008672 0.240924
v -0.035576 -0.006223 0.243961
v -0.011281 -0.011262 0.237964
v -0.010192 -0.012613 0.244139
v -0.022088 -0.009894 0.246510
v -0.034689 -0.007323 0.248990
v -0.021081 -0.009807 0.252223
v -0.033782 -0.007244 0.254133
v -0.009079 -0.012516 0.250455
v -0.007996 -0.011013 0.256595
v -0.020101 -0.008447 0.257778
v -0.032900 -0.006020 0.259134
v -0.019200 -0.005851 0.262888
v -0.032089 -0.003683 0.263735
v -0.007000 -0.008144 0.262244
v -0.006138 -0.004084 0.267134
v -0.018420 -0.002179 0.267312
v -0.031387 -0.000377 0.267718
v -0.017804 0.002411 0.270807
v -0.030832 0.003756 0.270864
v -0.005457 0.000990 0.270997
v -0.000389 0.005616 0.276456
v -0.000128 0.012708 0.277940
v 0.003873 0.004607 0.278766
v 0.004160 0.012395 0.280396
v 0.004143 0.020357 0.280300
v -0.000143 0.019958 0.277853
v 0.040276 0.020015 0.271186
v 0.039321 0.020262 0.273337
v 0.039338 0.012470 0.273430
v 0.040292 0.012663 0.271274
v 0.037335 0.020433 0.275058
v 0.037352 0.012336 0.275155
v 0.037060 0.004415 0.273498
v 0.039056 0.004847 0.271835
v 0.040027 0.005471 0.269770
v -0.000442 0.027002 0.276160
v 0.003815 0.028092 0.278441
v 0.003200 0.035223 0.274953
v -0.001002 0.033495 0.272984
v 0.039406 0.033743 0.266248
v 0.038398 0.034813 0.268103
v 0.039000 0.027833 0.271516
v 0.039974 0.027158 0.269469
v 0.036376 0.035552 0.269619
v 0.037002 0.028300 0.273167
v -0.001801 0.039095 0.268448
v 0.002322 0.041373 0.269972
v 0.001231 0.046261 0.263783
v -0.002795 0.043546 0.262812
v 0.037587 0.043936 0.255933
v 0.036471 0.045616 0.257170
v 0.037539 0.040832 0.263228
v 0.038595 0.039422 0.261649
v 0.034373 0.046779 0.258259
v 0.035483 0.041807 0.264554
v -0.003938 0.046593 0.256333
v -0.000024 0.049607 0.256667
v -0.001376 0.051285 0.249002
v -0.005168 0.048121 0.249353
v 0.035180 0.048575 0.242284
v 0.033920 0.050533 0.242703
v 0.035243 0.048891 0.250206
v 0.036428 0.047026 0.249363
v 0.031722 0.051888 0.243227
v 0.033097 0.050182 0.251023
v -0.006427 0.048012 0.242214
v -0.002758 0.051165 0.241162
v -0.004102 0.049299 0.233539
v -0.007651 0.046312 0.235272
v 0.032662 0.046741 0.228005
v 0.031251 0.048589 0.227568
v 0.032567 0.050416 0.235029
v 0.033903 0.048465 0.235044
v 0.028949 0.049868 0.227500
v 0.030316 0.051766 0.235253
v -0.008777 0.043069 0.228887
v -0.005339 0.045736 0.226526
v -0.006409 0.040697 0.220456
v -0.009752 0.038479 0.223359
v 0.030532 0.038798 0.215923
v 0.028993 0.040170 0.214763
v 0.030041 0.045103 0.220705
v 0.031520 0.043452 0.221529
v 0.026603 0.041119 0.214194
v 0.027692 0.046245 0.220368
v -0.010522 0.032743 0.218991
v -0.007255 0.034398 0.215659
v -0.007839 0.027182 0.212344
v -0.011054 0.026173 0.215972
v 0.029211 0.026318 0.208432
v 0.027593 0.026943 0.206823
v 0.028165 0.034005 0.210069
v 0.029751 0.032981 0.211494
v 0.025148 0.027375 0.205943
v 0.025743 0.034713 0.209316
v -0.011316 0.019081 0.214488
v -0.008127 0.019394 0.210714
v -0.008110 0.011432 0.210809
v -0.011301 0.011831 0.214575
v 0.028961 0.011774 0.207015
v 0.027328 0.011527 0.205321
v 0.027312 0.019320 0.205228
v 0.028946 0.019126 0.206927
v 0.024873 0.011356 0.204383
v 0.024856 0.019454 0.204286
v -0.011002 0.004788 0.216268
v -0.007782 0.003697 0.212669
v -0.007167 -0.003434 0.216157
v -0.010442 -0.001706 0.219444
v 0.029832 -0.001954 0.211954
v 0.028251 -0.003023 0.210555
v 0.027649 0.003956 0.207142
v 0.029264 0.004631 0.208733
v 0.025832 -0.003763 0.209822
v 0.025207 0.003489 0.206274
v -0.009642 -0.007306 0.223980
v -0.006289 -0.009584 0.221137
v -0.005197 -0.014472 0.227327
v -0.008649 -0.011757 0.229616
v 0.031651 -0.012147 0.222269
v 0.030179 -0.013827 0.221488
v 0.029111 -0.009042 0.215430
v 0.030643 -0.007633 0.216553
v 0.027835 -0.014989 0.221182
v 0.026725 -0.010018 0.214887
v -0.007506 -0.014804 0.236095
v -0.003943 -0.017818 0.234442
v -0.002591 -0.019495 0.242107
v -0.006275 -0.016331 0.243075
v 0.034057 -0.016786 0.235917
v 0.032730 -0.018744 0.235955
v 0.031407 -0.017102 0.228452
v 0.032809 -0.015237 0.228839
v 0.030486 -0.020098 0.236214
v 0.029111 -0.018393 0.228419
v -0.005017 -0.016222 0.250214
v -0.001209 -0.019375 0.249948
v 0.000135 -0.017509 0.257571
v -0.003793 -0.014523 0.257156
v 0.036575 -0.014952 0.250197
v 0.035399 -0.016800 0.251090
v 0.034083 -0.018626 0.243629
v 0.035334 -0.016675 0.243158
v 0.033259 -0.018078 0.251941
v 0.031892 -0.019976 0.244188
v -0.002667 -0.011279 0.263541
v 0.001372 -0.013947 0.264583
v 0.002442 -0.008907 0.270654
v -0.001692 -0.006690 0.269069
v 0.038706 -0.007008 0.262279
v 0.037656 -0.008381 0.263895
v 0.036609 -0.013313 0.257954
v 0.037717 -0.011662 0.256673
v 0.035605 -0.009330 0.265247
v 0.034517 -0.014456 0.259073
v -0.000922 -0.000954 0.273437
v 0.003288 -0.002608 0.275450
v 0.038484 -0.002215 0.268589
v 0.039487 -0.001192 0.266708
v 0.036465 -0.002924 0.270125
v 0.031356 0.019426 0.268029
v 0.034821 0.019426 0.267417
v 0.034835 0.013125 0.267493
v 0.031369 0.013125 0.268104
v 0.038198 0.019426 0.266822
v 0.038211 0.013125 0.266898
v 0.037984 0.006962 0.265608
v 0.034607 0.006962 0.266203
v 0.031142 0.006962 0.266814
v 0.033923 0.004271 0.274488
v 0.034219 0.012291 0.276166
v 0.034202 0.020490 0.276068
v 0.030610 0.031191 0.263796
v 0.034075 0.031191 0.263185
v 0.034562 0.025548 0.265946
v 0.031096 0.025548 0.266557
v 0.037452 0.031191 0.262590
v 0.037938 0.025548 0.265350
v 0.033864 0.028456 0.274153
v 0.033231 0.035799 0.270561
v 0.029051 0.039926 0.254956
v 0.032516 0.039926 0.254345
v 0.033380 0.036058 0.259244
v 0.029915 0.036058 0.259855
v 0.035893 0.039926 0.253750
v 0.036757 0.036058 0.258648
v 0.032326 0.042132 0.265432
v 0.031202 0.047166 0.259058
v 0.026988 0.043902 0.243259
v 0.030454 0.043902 0.242648
v 0.031523 0.042575 0.248715
v 0.028058 0.042575 0.249326
v 0.033830 0.043902 0.242053
v 0.034900 0.042575 0.248119
v 0.029911 0.050612 0.251731
v 0.028519 0.052339 0.243837
v 0.024831 0.042330 0.231022
v 0.028296 0.042330 0.230411
v 0.029360 0.043807 0.236443
v 0.025894 0.043807 0.237054
v 0.031673 0.042330 0.229815
v 0.032736 0.043807 0.235848
v 0.027095 0.052216 0.235763
v 0.025711 0.050294 0.227913
v 0.023005 0.035523 0.220668
v 0.026470 0.035523 0.220057
v 0.027317 0.039511 0.224861
v 0.023852 0.039511 0.225472
v 0.029847 0.035523 0.219461
v 0.030694 0.039511 0.224266
v 0.024437 0.046626 0.220691
v 0.023335 0.041436 0.214440
v 0.021873 0.024828 0.214248
v 0.025338 0.024828 0.213637
v 0.025801 0.030538 0.216261
v 0.022336 0.030538 0.216872
v 0.028715 0.024828 0.213041
v 0.029178 0.030538 0.215666
v 0.022464 0.034949 0.209501
v 0.021862 0.027519 0.206086
v 0.021659 0.012363 0.213034
v 0.025124 0.012363 0.212423
v 0.025111 0.018664 0.212347
v 0.021646 0.018664 0.212958
v 0.028501 0.012363 0.211827
v 0.028487 0.018664 0.211752
v 0.021566 0.019498 0.204408
v 0.021584 0.011299 0.204506
v 0.022405 0.000598 0.217266
v 0.025870 0.000598 0.216655
v 0.025384 0.006242 0.213894
v 0.021918 0.006242 0.214505
v 0.029247 0.000598 0.216059
v 0.028760 0.006242 0.213299
v 0.021921 0.003334 0.206421
v 0.022555 -0.004010 0.210013
v 0.023964 -0.008137 0.226106
v 0.027429 -0.008137 0.225495
v 0.026565 -0.004269 0.220596
v 0.023100 -0.004269 0.221207
v 0.030806 -0.008137 0.224899
v 0.029942 -0.004269 0.220001
v 0.023459 -0.010343 0.215142
v 0.024583 -0.015377 0.221516
v 0.026026 -0.012113 0.237803
v 0.029492 -0.012113 0.237192
v 0.028422 -0.010785 0.231126
v 0.024957 -0.010785 0.231737
v 0.032868 -0.012113 0.236597
v 0.031799 -0.010785 0.230530
v 0.025875 -0.018823 0.228843
v 0.027267 -0.020550 0.236737
v 0.028184 -0.010541 0.250040
v 0.031649 -0.010541 0.249429
v 0.030586 -0.012018 0.243397
v 0.027120 -0.012018 0.244008
v 0.035026 -0.010541 0.248834
v 0.033962 -0.012018 0.242801
v 0.028690 -0.020427 0.244811
v 0.030075 -0.018505 0.252661
v 0.030010 -0.003733 0.260395
v 0.033475 -0.003733 0.259784
v 0.032628 -0.007722 0.254979
v 0.029163 -0.007722 0.255590
v 0.036852 -0.003733 0.259188
v 0.036005 -0.007722 0.254384
v 0.031348 -0.014836 0.259882
v 0.032450 -0.009646 0.266134
v 0.034145 0.001252 0.263579
v 0.030679 0.001252 0.264190
v 0.037521 0.001252 0.262984
v 0.033321 -0.003160 0.271073
v 0.039698 0.006769 0.265889
v 0.040084 0.006192 0.267572
v 0.039581 -0.000010 0.264722
v 0.039225 0.000936 0.263209
v 0.038854 -0.005424 0.260599
v 0.038542 -0.004156 0.259331
v 0.037934 -0.009756 0.255381
v 0.037676 -0.008230 0.254424
v 0.036871 -0.012818 0.249353
v 0.036677 -0.011110 0.248754
v 0.035716 -0.014422 0.242801
v 0.035590 -0.012619 0.242591
v 0.034528 -0.014525 0.236062
v 0.034472 -0.012716 0.236253
v 0.033366 -0.013083 0.229473
v 0.033380 -0.011360 0.230056
v 0.032287 -0.010207 0.223357
v 0.032366 -0.008655 0.224304
v 0.031349 -0.006005 0.218037
v 0.031483 -0.004703 0.219300
v 0.030594 -0.000719 0.213756
v 0.030773 0.000269 0.215274
v 0.030066 0.005410 0.210757
v 0.030276 0.006034 0.212454
v 0.029784 0.012059 0.209159
v 0.030011 0.012287 0.210951
v 0.029770 0.018903 0.209077
v 0.029997 0.018724 0.210873
v 0.030016 0.025597 0.210478
v 0.030230 0.025020 0.212191
v 0.030519 0.031799 0.213328
v 0.030702 0.030853 0.214871
v 0.031246 0.037213 0.217451
v 0.031386 0.035946 0.218749
v 0.032166 0.041545 0.222669
v 0.032251 0.040020 0.223657
v 0.033229 0.044607 0.228696
v 0.033251 0.042900 0.229326
v 0.034384 0.046211 0.235249
v 0.034338 0.044408 0.235489
v 0.035573 0.046314 0.241988
v 0.035455 0.044505 0.241827
v 0.036734 0.044873 0.248577
v 0.036548 0.043149 0.248024
v 0.037813 0.041996 0.254693
v 0.037562 0.040444 0.253776
v 0.038751 0.037795 0.260013
v 0.038445 0.036492 0.258780
v 0.039506 0.032509 0.264294
v 0.039155 0.031521 0.262806
v 0.040034 0.026379 0.267292
v 0.039652 0.025755 0.265626
v 0.040316 0.019730 0.268891
v 0.039917 0.019502 0.267130
v 0.040331 0.012887 0.268973
v 0.039930 0.013066 0.267207
v 0.028510 0.007897 0.264441
v 0.029520 0.006962 0.267100
v 0.029058 0.001252 0.264476
v 0.028185 0.002472 0.262597
v 0.028388 -0.003733 0.260680
v 0.027497 -0.001678 0.258693
v 0.027541 -0.007722 0.255876
v 0.026795 -0.005754 0.254714
v 0.026562 -0.010541 0.250326
v 0.025862 -0.007773 0.249423
v 0.025499 -0.012018 0.244294
v 0.024923 -0.009692 0.244097
v 0.024405 -0.012113 0.238089
v 0.023930 -0.009180 0.238467
v 0.023335 -0.010785 0.232023
v 0.022939 -0.008562 0.232848
v 0.022342 -0.008137 0.226392
v 0.022084 -0.005621 0.227994
v 0.021478 -0.004269 0.221493
v 0.021237 -0.002588 0.223196
v 0.020783 0.000598 0.217552
v 0.020688 0.002200 0.220080
v 0.020297 0.006242 0.214791
v 0.020154 0.007046 0.217053
v 0.020037 0.012363 0.213320
v 0.020020 0.012733 0.216291
v 0.020024 0.018664 0.213244
v 0.019904 0.018433 0.215634
v 0.020251 0.024828 0.214534
v 0.020212 0.023892 0.217378
v 0.020714 0.030538 0.217158
v 0.020537 0.029318 0.219222
v 0.021383 0.035523 0.220954
v 0.021225 0.033468 0.223126
v 0.022230 0.039511 0.225758
v 0.021927 0.037543 0.227105
v 0.023209 0.042330 0.231308
v 0.022860 0.039563 0.232396
v 0.024273 0.043807 0.237340
v 0.023799 0.041481 0.237723
v 0.025367 0.043902 0.243545
v 0.024792 0.040970 0.243352
v 0.026436 0.042575 0.249611
v 0.025782 0.040351 0.248971
v 0.027429 0.039926 0.255242
v 0.026638 0.037410 0.253825
v 0.028293 0.036058 0.260141
v 0.027484 0.034378 0.258623
v 0.028988 0.031191 0.264082
v 0.028034 0.029590 0.261739
v 0.029475 0.025548 0.266843
v 0.028567 0.024743 0.264767
v 0.029734 0.019426 0.268314
v 0.028702 0.019056 0.265528
v 0.029748 0.013125 0.268390
v 0.028818 0.013356 0.266185
v 0.039554 0.019426 0.266583
v 0.039567 0.013125 0.266659
v 0.039339 0.006962 0.265369
v 0.038807 0.031191 0.262351
v 0.039294 0.025548 0.265111
v 0.037249 0.039926 0.253511
v 0.038112 0.036058 0.258409
v 0.035186 0.043902 0.241814
v 0.036256 0.042575 0.247880
v 0.033028 0.042330 0.229576
v 0.034092 0.043807 0.235609
v 0.031203 0.035523 0.219222
v 0.032050 0.039511 0.224027
v 0.030071 0.024828 0.212802
v 0.030533 0.030538 0.215427
v 0.029856 0.012363 0.211588
v 0.029843 0.018664 0.211513
v 0.030603 0.000598 0.215820
v 0.030116 0.006242 0.213060
v 0.032161 -0.008137 0.224660
v 0.031298 -0.004269 0.219762
v 0.034224 -0.012113 0.236357
v 0.033154 -0.010785 0.230291
v 0.036382 -0.010541 0.248595
v 0.035318 -0.012018 0.242562
v 0.038207 -0.003733 0.258949
v 0.037360 -0.007722 0.254145
v 0.038877 0.001252 0.262745
v -0.037079 0.009534 0.271038
v -0.036917 0.013923 0.271956
v -0.036926 0.018409 0.271902
v -0.037111 0.022767 0.270855
v -0.037458 0.026785 0.268889
v -0.037952 0.030250 0.266083
v -0.038567 0.033005 0.262595
v -0.039274 0.034890 0.258586
v -0.040036 0.035835 0.254267
v -0.040815 0.035768 0.249850
v -0.041572 0.034716 0.245554
v -0.042269 0.032709 0.241603
v -0.042872 0.029869 0.238183
v -0.043349 0.026320 0.235480
v -0.043678 0.022255 0.233612
v -0.043840 0.017866 0.232694
v -0.043830 0.013380 0.232747
v -0.043646 0.009022 0.233795
v -0.043299 0.005004 0.235761
v -0.042804 0.001539 0.238567
v -0.042189 -0.001215 0.242054
v -0.041482 -0.003101 0.246063
v -0.040721 -0.004046 0.250383
v -0.039942 -0.003978 0.254800
v -0.039185 -0.002927 0.259095
v -0.038488 -0.000920 0.263047
v -0.037885 0.001920 0.266467
v -0.037408 0.005469 0.269170
vt 0.512728 0.896284
vt 0.545687 0.839678
vt 0.501773 0.812854
vt 0.470542 0.855375
vt 0.578647 0.783073
vt 0.522903 0.764509
vt 0.483403 0.751331
vt 0.466199 0.791223
vt 0.440656 0.826360
vt 0.583791 0.717761
vt 0.532601 0.712640
vt 0.588935 0.652450
vt 0.530664 0.659903
vt 0.489366 0.665164
vt 0.491178 0.708581
vt 0.565225 0.591363
vt 0.516888 0.608955
vt 0.541515 0.530276
vt 0.492250 0.562280
vt 0.457326 0.584939
vt 0.477811 0.623269
vt 0.493636 0.485530
vt 0.457722 0.522360
vt 0.445757 0.440784
vt 0.415265 0.491008
vt 0.393635 0.526585
vt 0.428727 0.552216
vt 0.383206 0.421258
vt 0.366836 0.470037
vt 0.320655 0.401733
vt 0.314986 0.460225
vt 0.310940 0.501676
vt 0.353671 0.509529
vt 0.255843 0.411283
vt 0.262266 0.462347
vt 0.191031 0.420834
vt 0.211303 0.475997
vt 0.225647 0.515107
vt 0.267546 0.503651
vt 0.136784 0.457546
vt 0.164725 0.500770
vt 0.082537 0.494257
vt 0.124724 0.535166
vt 0.154610 0.564181
vt 0.187402 0.535697
vt 0.049579 0.550863
vt 0.093493 0.577687
vt 0.016620 0.607468
vt 0.072363 0.626032
vt 0.111864 0.639210
vt 0.129067 0.599318
vt 0.011476 0.672779
vt 0.062665 0.677901
vt 0.006332 0.738091
vt 0.064603 0.730638
vt 0.105901 0.725378
vt 0.104089 0.681960
vt 0.030042 0.799178
vt 0.078378 0.781586
vt 0.053752 0.860265
vt 0.103017 0.828261
vt 0.137941 0.805603
vt 0.117456 0.767273
vt 0.101630 0.905011
vt 0.137544 0.868181
vt 0.149509 0.949757
vt 0.180001 0.899533
vt 0.201631 0.863956
vt 0.166540 0.838325
vt 0.212060 0.969283
vt 0.228430 0.920504
vt 0.274611 0.988809
vt 0.280280 0.930317
vt 0.284326 0.888865
vt 0.241595 0.881012
vt 0.339424 0.979258
vt 0.333001 0.928195
vt 0.404237 0.969707
vt 0.383964 0.914544
vt 0.369620 0.875434
vt 0.327721 0.886890
vt 0.458483 0.932995
vt 0.430542 0.889771
vt 0.407864 0.854844
vt 0.140294 0.148493
vt 0.131335 0.151750
vt 0.138555 0.163466
vt 0.145645 0.164165
vt 0.124462 0.158347
vt 0.136083 0.170146
vt 0.153971 0.188104
vt 0.158835 0.146483
vt 0.149350 0.145532
vt 0.150772 0.159219
vt 0.156856 0.162925
vt 0.176413 0.152717
vt 0.168280 0.147744
vt 0.163622 0.160693
vt 0.167496 0.166671
vt 0.189545 0.165958
vt 0.184375 0.157950
vt 0.174560 0.167595
vt 0.175457 0.174662
vt 0.195631 0.183587
vt 0.194448 0.174128
vt 0.181420 0.178559
vt 0.179162 0.185316
vt 0.193467 0.202110
vt 0.196504 0.193075
vt 0.182844 0.191414
vt 0.177878 0.196522
vt 0.183480 0.217859
vt 0.190137 0.211037
vt 0.178549 0.203614
vt 0.171859 0.206061
vt 0.167648 0.227716
vt 0.176606 0.224457
vt 0.169386 0.212741
vt 0.162297 0.212043
vt 0.149108 0.229727
vt 0.158593 0.230678
vt 0.157171 0.216990
vt 0.151086 0.213285
vt 0.131531 0.223495
vt 0.139664 0.228467
vt 0.144322 0.215518
vt 0.140447 0.209540
vt 0.118399 0.210253
vt 0.123569 0.218262
vt 0.133383 0.208616
vt 0.132486 0.201549
vt 0.112314 0.192624
vt 0.113497 0.202083
vt 0.126524 0.197651
vt 0.128782 0.190894
vt 0.114479 0.174099
vt 0.111442 0.183135
vt 0.125101 0.184795
vt 0.130066 0.179687
vt 0.117807 0.165170
vt 0.129394 0.172594
vt 0.977263 0.018978
vt 0.973713 0.014526
vt 0.967211 0.020052
vt 0.967276 0.024214
vt 0.970162 0.010074
vt 0.963251 0.019167
vt 0.954207 0.030983
vt 0.965032 0.007603
vt 0.961423 0.015437
vt 0.959901 0.005132
vt 0.957434 0.016366
vt 0.954207 0.005132
vt 0.954207 0.013790
vt 0.948512 0.005132
vt 0.950979 0.016366
vt 0.943382 0.007603
vt 0.946990 0.015437
vt 0.938251 0.010074
vt 0.945163 0.019167
vt 0.934701 0.014526
vt 0.941203 0.020052
vt 0.931150 0.018978
vt 0.941138 0.024214
vt 0.929883 0.024530
vt 0.937991 0.026722
vt 0.928616 0.030082
vt 0.939701 0.030508
vt 0.929883 0.035633
vt 0.937991 0.034124
vt 0.931150 0.041185
vt 0.941138 0.036802
vt 0.934701 0.045637
vt 0.941203 0.040793
vt 0.938251 0.050089
vt 0.945163 0.041849
vt 0.943382 0.052560
vt 0.946990 0.045408
vt 0.948512 0.055030
vt 0.950979 0.044650
vt 0.954207 0.055030
vt 0.954207 0.047055
vt 0.959901 0.055030
vt 0.957434 0.044650
vt 0.965032 0.052560
vt 0.961423 0.045408
vt 0.970162 0.050089
vt 0.963251 0.041849
vt 0.973713 0.045637
vt 0.967211 0.040793
vt 0.977263 0.041185
vt 0.967276 0.036802
vt 0.978530 0.035633
vt 0.970422 0.034124
vt 0.979797 0.030082
vt 0.968712 0.030508
vt 0.978530 0.024530
vt 0.970422 0.026722
vt 0.106459 0.136634
vt 0.119115 0.127373
vt 0.112700 0.105584
vt 0.095353 0.116813
vt 0.133497 0.121121
vt 0.132092 0.098442
vt 0.130928 0.076437
vt 0.106672 0.084397
vt 0.084758 0.097493
vt 0.148919 0.118268
vt 0.152593 0.095852
vt 0.164589 0.118873
vt 0.173163 0.097830
vt 0.181662 0.077498
vt 0.156354 0.074146
vt 0.179721 0.122993
vt 0.192758 0.104390
vt 0.193577 0.130336
vt 0.210432 0.115096
vt 0.226911 0.100465
vt 0.205564 0.086465
vt 0.205422 0.140613
vt 0.225239 0.129509
vt 0.214720 0.153241
vt 0.236518 0.146824
vt 0.257714 0.140792
vt 0.244555 0.118916
vt 0.220933 0.167640
vt 0.243606 0.166234
vt 0.223831 0.183052
vt 0.246255 0.186727
vt 0.267969 0.190488
vt 0.265605 0.165070
vt 0.223182 0.198720
vt 0.244220 0.207290
vt 0.219106 0.213863
vt 0.237715 0.226903
vt 0.255647 0.239713
vt 0.264546 0.215786
vt 0.211723 0.227698
vt 0.226959 0.244547
vt 0.201481 0.239573
vt 0.212589 0.259396
vt 0.223186 0.278718
vt 0.241586 0.261021
vt 0.188826 0.248835
vt 0.195242 0.270626
vt 0.174446 0.255089
vt 0.175853 0.277769
vt 0.177018 0.299775
vt 0.201273 0.291814
vt 0.159026 0.257943
vt 0.155352 0.280360
vt 0.143355 0.257339
vt 0.134782 0.278383
vt 0.126284 0.298715
vt 0.151592 0.302067
vt 0.128224 0.253220
vt 0.115188 0.271823
vt 0.114368 0.245876
vt 0.097513 0.261117
vt 0.081035 0.275748
vt 0.102382 0.289748
vt 0.102522 0.235599
vt 0.082706 0.246704
vt 0.093225 0.222971
vt 0.071427 0.229389
vt 0.050232 0.235422
vt 0.063391 0.257298
vt 0.087012 0.208572
vt 0.064340 0.209979
vt 0.084115 0.193160
vt 0.061691 0.189485
vt 0.039976 0.185724
vt 0.042340 0.211143
vt 0.084765 0.177491
vt 0.063726 0.168922
vt 0.088840 0.162347
vt 0.070230 0.149308
vt 0.052298 0.136499
vt 0.043400 0.160427
vt 0.096219 0.148510
vt 0.080985 0.131663
vt 0.066359 0.115191
vt 0.101854 0.072337
vt 0.077375 0.086805
vt 0.128914 0.063603
vt 0.125775 0.051984
vt 0.097641 0.064841
vt 0.069506 0.077699
vt 0.434946 0.736227
vt 0.422318 0.765715
vt 0.429477 0.769777
vt 0.442829 0.738594
vt 0.403526 0.791708
vt 0.409607 0.797265
vt 0.416474 0.803580
vt 0.437571 0.774404
vt 0.451749 0.741303
vt 0.157246 0.061189
vt 0.185416 0.065060
vt 0.187629 0.053230
vt 0.156702 0.052607
vt 0.439173 0.672579
vt 0.440603 0.704641
vt 0.448810 0.705193
vt 0.447299 0.671290
vt 0.458103 0.705848
vt 0.456507 0.669859
vt 0.211989 0.075178
vt 0.235689 0.090888
vt 0.242817 0.081190
vt 0.215223 0.067210
vt 0.415323 0.613398
vt 0.430543 0.641661
vt 0.438175 0.638596
vt 0.422083 0.608709
vt 0.446831 0.635154
vt 0.429758 0.603425
vt 0.255241 0.111534
vt 0.269778 0.135971
vt 0.280408 0.130326
vt 0.261612 0.105758
vt 0.368142 0.570461
vt 0.394121 0.589300
vt 0.399667 0.583225
vt 0.372197 0.563301
vt 0.405971 0.576368
vt 0.376818 0.555208
vt 0.278436 0.163055
vt 0.280931 0.191380
vt 0.292957 0.190906
vt 0.286682 0.160616
vt 0.307012 0.552296
vt 0.338585 0.557976
vt 0.340945 0.550093
vt 0.307558 0.544080
vt 0.343649 0.541174
vt 0.308211 0.534777
vt 0.276980 0.219538
vt 0.266938 0.246140
vt 0.277978 0.250931
vt 0.285468 0.220918
vt 0.244075 0.562443
vt 0.274979 0.553874
vt 0.273685 0.545742
vt 0.241004 0.554797
vt 0.272251 0.536526
vt 0.237555 0.546127
vt 0.251160 0.269796
vt 0.230571 0.289407
vt 0.238439 0.298514
vt 0.258209 0.274722
vt 0.191739 0.598834
vt 0.215889 0.577734
vt 0.211196 0.570965
vt 0.185659 0.593277
vt 0.205907 0.563281
vt 0.178792 0.586961
vt 0.206092 0.303874
vt 0.179033 0.312610
vt 0.182171 0.324229
vt 0.210305 0.311371
vt 0.160321 0.654315
vt 0.172948 0.624826
vt 0.165789 0.620764
vt 0.152438 0.651947
vt 0.157695 0.616138
vt 0.143518 0.649239
vt 0.150701 0.315023
vt 0.122531 0.311153
vt 0.120317 0.322983
vt 0.151244 0.323606
vt 0.156094 0.717962
vt 0.154664 0.685900
vt 0.146457 0.685348
vt 0.147968 0.719252
vt 0.137164 0.684693
vt 0.138760 0.720682
vt 0.095957 0.301035
vt 0.072257 0.285325
vt 0.065129 0.295023
vt 0.092723 0.309003
vt 0.179944 0.777143
vt 0.164724 0.748880
vt 0.157092 0.751945
vt 0.173184 0.781832
vt 0.148436 0.755387
vt 0.165509 0.787116
vt 0.052705 0.264679
vt 0.038168 0.240242
vt 0.027539 0.245888
vt 0.046334 0.270455
vt 0.227125 0.820080
vt 0.201146 0.801241
vt 0.195600 0.807315
vt 0.223070 0.827240
vt 0.189296 0.814173
vt 0.218448 0.835333
vt 0.029510 0.213158
vt 0.027015 0.184833
vt 0.014989 0.185308
vt 0.021264 0.215598
vt 0.288255 0.838245
vt 0.256681 0.832566
vt 0.254321 0.840448
vt 0.287708 0.846462
vt 0.251617 0.849367
vt 0.287055 0.855764
vt 0.030965 0.156675
vt 0.041007 0.130072
vt 0.029967 0.125282
vt 0.022478 0.155295
vt 0.351191 0.828099
vt 0.320288 0.836667
vt 0.321582 0.844800
vt 0.354263 0.835745
vt 0.323016 0.854015
vt 0.357712 0.844415
vt 0.056785 0.106416
vt 0.049736 0.101490
vt 0.379377 0.812807
vt 0.384070 0.819577
vt 0.389359 0.827260
vt 0.394854 0.724044
vt 0.385930 0.744909
vt 0.395138 0.750262
vt 0.405018 0.727213
vt 0.372635 0.763315
vt 0.380436 0.770584
vt 0.388007 0.777640
vt 0.404075 0.755459
vt 0.414882 0.730292
vt 0.447305 0.779979
vt 0.424728 0.811187
vt 0.462479 0.744572
vt 0.397788 0.679042
vt 0.398831 0.701707
vt 0.409439 0.702527
vt 0.408315 0.677470
vt 0.419735 0.703326
vt 0.418533 0.675947
vt 0.469285 0.706647
vt 0.467588 0.668150
vt 0.380856 0.637221
vt 0.391650 0.657192
vt 0.401559 0.653307
vt 0.389651 0.631219
vt 0.411176 0.649539
vt 0.398188 0.625394
vt 0.457250 0.631023
vt 0.439001 0.597078
vt 0.347462 0.606897
vt 0.365845 0.620195
vt 0.373075 0.612385
vt 0.352766 0.597667
vt 0.380091 0.604804
vt 0.357913 0.588707
vt 0.413567 0.568125
vt 0.382392 0.545477
vt 0.304217 0.594144
vt 0.326553 0.598110
vt 0.329662 0.587927
vt 0.304979 0.583513
vt 0.332678 0.578043
vt 0.305719 0.573193
vt 0.346917 0.530447
vt 0.309010 0.523584
vt 0.259677 0.601415
vt 0.281550 0.595310
vt 0.279934 0.584770
vt 0.255768 0.591488
vt 0.278366 0.574540
vt 0.251974 0.581852
vt 0.270539 0.525437
vt 0.233416 0.535690
vt 0.222631 0.627226
vt 0.239725 0.612271
vt 0.233722 0.603455
vt 0.214830 0.619957
vt 0.227895 0.594898
vt 0.207259 0.612902
vt 0.199553 0.554030
vt 0.170538 0.579354
vt 0.200413 0.666497
vt 0.209336 0.645631
vt 0.200128 0.640278
vt 0.190249 0.663328
vt 0.191191 0.635082
vt 0.180385 0.660250
vt 0.147961 0.610562
vt 0.132787 0.645969
vt 0.197480 0.711498
vt 0.196436 0.688834
vt 0.185828 0.688014
vt 0.186952 0.713071
vt 0.175532 0.687215
vt 0.176735 0.714594
vt 0.125981 0.683894
vt 0.127679 0.722392
vt 0.214412 0.753320
vt 0.203618 0.733349
vt 0.193709 0.737234
vt 0.205616 0.759323
vt 0.184091 0.741002
vt 0.197080 0.765147
vt 0.138017 0.759518
vt 0.156266 0.793463
vt 0.247806 0.783644
vt 0.229423 0.770346
vt 0.222192 0.778156
vt 0.242501 0.792874
vt 0.215176 0.785737
vt 0.237354 0.801834
vt 0.181699 0.822416
vt 0.212874 0.845064
vt 0.291051 0.796397
vt 0.268715 0.792431
vt 0.265606 0.802614
vt 0.290289 0.807029
vt 0.262589 0.812498
vt 0.289548 0.817348
vt 0.248349 0.860094
vt 0.286256 0.866957
vt 0.335590 0.789126
vt 0.313718 0.795232
vt 0.315334 0.805772
vt 0.339500 0.799054
vt 0.316901 0.816002
vt 0.343294 0.808690
vt 0.324727 0.865104
vt 0.361850 0.854851
vt 0.355542 0.778270
vt 0.361545 0.787086
vt 0.367371 0.795643
vt 0.395714 0.836511
vt 0.393080 0.782285
vt 0.371286 0.801300
vt 0.374812 0.806298
vt 0.397628 0.786375
vt 0.345857 0.815077
vt 0.348185 0.820735
vt 0.317982 0.822794
vt 0.318994 0.828825
vt 0.289092 0.824208
vt 0.288737 0.830312
vt 0.260618 0.819078
vt 0.258915 0.824944
vt 0.233966 0.807808
vt 0.231000 0.813148
vt 0.210543 0.790805
vt 0.206464 0.795349
vt 0.191433 0.769059
vt 0.186444 0.772581
vt 0.177719 0.743559
vt 0.172073 0.745881
vt 0.169952 0.715668
vt 0.163928 0.716676
vt 0.168683 0.686751
vt 0.162587 0.686391
vt 0.173807 0.658268
vt 0.167941 0.656559
vt 0.185218 0.631684
vt 0.179878 0.628711
vt 0.202186 0.608256
vt 0.197637 0.604167
vt 0.223979 0.589242
vt 0.220454 0.584244
vt 0.249409 0.575465
vt 0.247081 0.569807
vt 0.277285 0.567748
vt 0.276273 0.561717
vt 0.306175 0.566333
vt 0.306530 0.560229
vt 0.334650 0.571464
vt 0.336352 0.565597
vt 0.361301 0.582733
vt 0.364267 0.577393
vt 0.384724 0.599736
vt 0.388803 0.595193
vt 0.403834 0.621482
vt 0.408823 0.617960
vt 0.417548 0.646982
vt 0.423194 0.644660
vt 0.425315 0.674873
vt 0.431339 0.673866
vt 0.426584 0.703791
vt 0.432680 0.704150
vt 0.421460 0.732273
vt 0.427326 0.733983
vt 0.410048 0.758857
vt 0.415388 0.761830
vt 0.368978 0.759903
vt 0.351364 0.772186
vt 0.352670 0.774073
vt 0.368906 0.759858
vt 0.333751 0.784469
vt 0.333717 0.784397
vt 0.312578 0.787941
vt 0.312939 0.790208
vt 0.291405 0.791414
vt 0.291409 0.791327
vt 0.270864 0.785384
vt 0.270196 0.787576
vt 0.250323 0.779355
vt 0.250338 0.779242
vt 0.234429 0.764928
vt 0.232871 0.766617
vt 0.218534 0.750501
vt 0.218603 0.750446
vt 0.210469 0.730610
vt 0.208340 0.731477
vt 0.202405 0.710720
vt 0.202500 0.710724
vt 0.203790 0.689342
vt 0.201499 0.689201
vt 0.205174 0.667964
vt 0.205268 0.667989
vt 0.215732 0.649300
vt 0.213736 0.648169
vt 0.226289 0.630635
vt 0.226360 0.630682
vt 0.243904 0.618354
vt 0.242597 0.616467
vt 0.261518 0.606072
vt 0.261551 0.606145
vt 0.282691 0.602600
vt 0.282329 0.600334
vt 0.303864 0.599127
vt 0.303860 0.599214
vt 0.324404 0.605157
vt 0.325072 0.602966
vt 0.344945 0.611186
vt 0.344929 0.611299
vt 0.360839 0.625613
vt 0.362396 0.623924
vt 0.376733 0.640040
vt 0.376665 0.640096
vt 0.384798 0.659931
vt 0.386927 0.659064
vt 0.392863 0.679821
vt 0.392767 0.679817
vt 0.391478 0.701199
vt 0.393768 0.701340
vt 0.390093 0.722577
vt 0.389999 0.722551
vt 0.379535 0.741240
vt 0.381531 0.742371
vt 0.407661 0.757529
vt 0.418837 0.731510
vt 0.391047 0.780457
vt 0.423859 0.703632
vt 0.422623 0.675324
vt 0.415024 0.648020
vt 0.401602 0.623055
vt 0.382897 0.601764
vt 0.359970 0.585117
vt 0.333883 0.574084
vt 0.306011 0.569060
vt 0.277733 0.570444
vt 0.250447 0.577995
vt 0.225554 0.591477
vt 0.204218 0.610085
vt 0.187605 0.633012
vt 0.176429 0.659031
vt 0.171408 0.686910
vt 0.172644 0.715217
vt 0.180244 0.742521
vt 0.193665 0.767486
vt 0.212370 0.788777
vt 0.235297 0.805424
vt 0.261384 0.816458
vt 0.289256 0.821481
vt 0.317534 0.820098
vt 0.344820 0.812547
vt 0.369712 0.799065
vt 0.125090 0.141240
vt 0.115374 0.148827
vt 0.136238 0.135975
vt 0.148285 0.133355
vt 0.160613 0.133445
vt 0.172604 0.136311
vt 0.183672 0.141741
vt 0.193232 0.149525
vt 0.200848 0.159219
vt 0.206083 0.170380
vt 0.208739 0.182419
vt 0.208614 0.194746
vt 0.205783 0.206744
vt 0.200322 0.217796
vt 0.192566 0.227379
vt 0.182850 0.234967
vt 0.171704 0.240235
vt 0.159658 0.242856
vt 0.147331 0.242766
vt 0.135340 0.239901
vt 0.124272 0.234472
vt 0.114713 0.226688
vt 0.107097 0.216993
vt 0.101862 0.205832
vt 0.099207 0.193793
vt 0.099333 0.181465
vt 0.102163 0.169465
vt 0.107621 0.158411
vt 0.539056 0.512884
vt 0.572595 0.467606
vt 0.536360 0.432256
vt 0.498986 0.464470
vt 0.596344 0.435509
vt 0.566650 0.406254
vt 0.544119 0.371189
vt 0.508788 0.389810
vt 0.458916 0.416055
vt 0.491499 0.342251
vt 0.443834 0.355075
vt 0.530082 0.331954
vt 0.525017 0.290601
vt 0.485087 0.292066
vt 0.428751 0.294095
vt 0.490145 0.241742
vt 0.441604 0.232643
vt 0.529402 0.249185
vt 0.542773 0.209752
vt 0.506127 0.193769
vt 0.454457 0.171191
vt 0.532486 0.150633
vt 0.492655 0.121403
vt 0.564665 0.174350
vt 0.593785 0.144613
vt 0.567662 0.114334
vt 0.530852 0.071614
vt 0.610095 0.086868
vt 0.586842 0.043280
vt 0.628838 0.122174
vt 0.667962 0.107965
vt 0.657525 0.069377
vt 0.642833 0.014947
vt 0.707691 0.063001
vt 0.705606 0.013670
vt 0.709296 0.102918
vt 0.750742 0.107072
vt 0.758046 0.067798
vt 0.768379 0.012393
vt 0.806045 0.083823
vt 0.825538 0.038490
vt 0.790200 0.120467
vt 0.825756 0.142216
vt 0.849360 0.110014
vt 0.882698 0.064588
vt 0.885662 0.145309
vt 0.922885 0.112942
vt 0.855494 0.171434
vt 0.878079 0.206483
vt 0.913318 0.187732
vt 0.963072 0.161297
vt 0.930693 0.235305
vt 0.978276 0.222326
vt 0.892175 0.245727
vt 0.897295 0.287112
vt 0.937181 0.285538
vt 0.993479 0.283356
vt 0.932175 0.335941
vt 0.980670 0.344936
vt 0.892953 0.328583
vt 0.879601 0.368086
vt 0.916209 0.384009
vt 0.967860 0.406516
vt 0.889821 0.427239
vt 0.929588 0.456423
vt 0.857694 0.403561
vt 0.828527 0.433356
vt 0.854577 0.463610
vt 0.891315 0.506330
vt 0.812046 0.491102
vt 0.835179 0.534671
vt 0.793400 0.455814
vt 0.754198 0.470005
vt 0.764515 0.508574
vt 0.779043 0.563013
vt 0.714271 0.514885
vt 0.716179 0.564179
vt 0.712807 0.475000
vt 0.671331 0.470777
vt 0.663871 0.510000
vt 0.653314 0.565346
vt 0.615873 0.493881
vt 0.596185 0.539115
vt 0.631874 0.457315
vt 0.828918 0.787534
vt 0.821272 0.801328
vt 0.828036 0.801852
vt 0.836774 0.792083
vt 0.809494 0.822390
vt 0.829245 0.808526
vt 0.842120 0.799416
vt 0.811870 0.782556
vt 0.810967 0.798302
vt 0.817287 0.795839
vt 0.820920 0.783246
vt 0.794351 0.785468
vt 0.800370 0.800047
vt 0.804995 0.795086
vt 0.802804 0.782163
vt 0.779832 0.795693
vt 0.791580 0.806218
vt 0.793594 0.799741
vt 0.786014 0.789047
vt 0.771187 0.811205
vt 0.786338 0.815591
vt 0.785342 0.808881
vt 0.773873 0.802535
vt 0.770129 0.828932
vt 0.785682 0.826311
vt 0.781874 0.820697
vt 0.768788 0.819955
vt 0.776868 0.845364
vt 0.789743 0.836254
vt 0.783876 0.832849
vt 0.771764 0.837858
vt 0.790070 0.857245
vt 0.797715 0.843451
vt 0.790952 0.842929
vt 0.782214 0.852697
vt 0.807118 0.862223
vt 0.808021 0.846477
vt 0.801701 0.848940
vt 0.798068 0.861533
vt 0.824638 0.859311
vt 0.818619 0.844732
vt 0.813994 0.849694
vt 0.816185 0.862616
vt 0.839159 0.849087
vt 0.827410 0.838562
vt 0.825396 0.845039
vt 0.832977 0.855732
vt 0.847803 0.833574
vt 0.832651 0.829189
vt 0.833648 0.835899
vt 0.845118 0.842244
vt 0.848860 0.815847
vt 0.833306 0.818469
vt 0.837116 0.824083
vt 0.850203 0.824824
vt 0.835112 0.811932
vt 0.847224 0.806922
vt 0.977263 0.018978
vt 0.967276 0.024214
vt 0.967211 0.020052
vt 0.973713 0.014526
vt 0.954207 0.030983
vt 0.963251 0.019167
vt 0.970162 0.010074
vt 0.961423 0.015437
vt 0.965032 0.007603
vt 0.957434 0.016366
vt 0.959901 0.005132
vt 0.954207 0.013790
vt 0.954207 0.005132
vt 0.950979 0.016366
vt 0.948512 0.005132
vt 0.946990 0.015437
vt 0.943382 0.007603
vt 0.945163 0.019167
vt 0.938251 0.010074
vt 0.941203 0.020052
vt 0.934701 0.014526
vt 0.941138 0.024214
vt 0.931150 0.018978
vt 0.937991 0.026722
vt 0.929883 0.024530
vt 0.939701 0.030508
vt 0.928616 0.030082
vt 0.937991 0.034124
vt 0.929883 0.035633
vt 0.941138 0.036802
vt 0.931150 0.041185
vt 0.941203 0.040793
vt 0.934701 0.045637
vt 0.945163 0.041849
vt 0.938251 0.050089
vt 0.946990 0.045408
vt 0.943382 0.052560
vt 0.950979 0.044650
vt 0.948512 0.055030
vt 0.954207 0.047055
vt 0.954207 0.055030
vt 0.957434 0.044650
vt 0.959901 0.055030
vt 0.961423 0.045408
vt 0.965032 0.052560
vt 0.963251 0.041849
vt 0.970162 0.050089
vt 0.967211 0.040793
vt 0.973713 0.045637
vt 0.967276 0.036802
vt 0.977263 0.041185
vt 0.970422 0.034124
vt 0.978530 0.035633
vt 0.968712 0.030508
vt 0.979797 0.030082
vt 0.970422 0.026722
vt 0.978530 0.024530
vt 0.863337 0.782820
vt 0.878900 0.768025
vt 0.865042 0.753964
vt 0.853165 0.771846
vt 0.893896 0.753500
vt 0.876427 0.736470
vt 0.855646 0.723692
vt 0.848435 0.743290
vt 0.840832 0.763375
vt 0.829850 0.736632
vt 0.826907 0.757900
vt 0.832520 0.715926
vt 0.808255 0.713432
vt 0.810258 0.734220
vt 0.812121 0.755619
vt 0.790627 0.736285
vt 0.797201 0.756727
vt 0.784051 0.716469
vt 0.761107 0.724751
vt 0.771930 0.742614
vt 0.782890 0.761088
vt 0.755139 0.752992
vt 0.769930 0.768560
vt 0.740619 0.737988
vt 0.723541 0.755404
vt 0.741040 0.766806
vt 0.758928 0.778698
vt 0.730415 0.783441
vt 0.750494 0.791053
vt 0.710825 0.776219
vt 0.702994 0.799319
vt 0.723705 0.802004
vt 0.744981 0.804961
vt 0.721350 0.821601
vt 0.742743 0.819752
vt 0.700568 0.823590
vt 0.703535 0.847801
vt 0.723359 0.841238
vt 0.743810 0.834675
vt 0.729741 0.859917
vt 0.748212 0.848973
vt 0.711881 0.870722
vt 0.725059 0.891250
vt 0.740071 0.876739
vt 0.755648 0.861956
vt 0.753926 0.890801
vt 0.765818 0.872929
vt 0.742523 0.908282
vt 0.763304 0.921061
vt 0.770532 0.901476
vt 0.778151 0.881400
vt 0.789117 0.908135
vt 0.792076 0.886875
vt 0.786431 0.928830
vt 0.810700 0.931329
vt 0.808712 0.910548
vt 0.806863 0.889157
vt 0.828346 0.908485
vt 0.821784 0.888048
vt 0.834908 0.928295
vt 0.857859 0.920015
vt 0.847048 0.902158
vt 0.836097 0.883689
vt 0.863842 0.891779
vt 0.849060 0.876216
vt 0.878354 0.906778
vt 0.895438 0.889360
vt 0.877946 0.877964
vt 0.860063 0.866078
vt 0.888572 0.861327
vt 0.868498 0.853721
vt 0.908157 0.868540
vt 0.915989 0.845435
vt 0.895282 0.842761
vt 0.874011 0.839813
vt 0.897635 0.823160
vt 0.876248 0.825021
vt 0.918411 0.821159
vt 0.915437 0.796945
vt 0.895622 0.803523
vt 0.875179 0.810099
vt 0.889235 0.784845
vt 0.870775 0.795801
vt 0.907082 0.774025
vt 0.903250 0.745061
vt 0.883669 0.726163
vt 0.912325 0.737566
vt 0.888841 0.719449
vt 0.865357 0.701332
vt 0.860418 0.712028
vt 0.587612 0.349358
vt 0.580522 0.352823
vt 0.598038 0.380257
vt 0.604175 0.375301
vt 0.572506 0.356773
vt 0.591105 0.385891
vt 0.615659 0.410205
vt 0.621164 0.403165
vt 0.626044 0.396964
vt 0.834579 0.703496
vt 0.836331 0.695203
vt 0.807306 0.689074
vt 0.807496 0.700851
vt 0.573703 0.289794
vt 0.565808 0.289839
vt 0.569655 0.322147
vt 0.577337 0.320348
vt 0.556866 0.289920
vt 0.560962 0.324214
vt 0.780514 0.704377
vt 0.778497 0.696145
vt 0.749687 0.703216
vt 0.754967 0.713744
vt 0.587048 0.230132
vt 0.579905 0.226748
vt 0.569349 0.257506
vt 0.577058 0.259218
vt 0.571801 0.222944
vt 0.560610 0.255597
vt 0.732187 0.728626
vt 0.726798 0.722085
vt 0.703910 0.740954
vt 0.713234 0.748150
vt 0.624903 0.182167
vt 0.619921 0.176022
vt 0.597102 0.199166
vt 0.603318 0.204051
vt 0.614256 0.169081
vt 0.590043 0.193657
vt 0.699167 0.771440
vt 0.691474 0.767884
vt 0.679039 0.794814
vt 0.690561 0.797253
vt 0.679749 0.155258
vt 0.677919 0.147568
vt 0.647342 0.158581
vt 0.650834 0.165674
vt 0.675819 0.138866
vt 0.643361 0.150561
vt 0.687992 0.824340
vt 0.679518 0.824472
vt 0.679998 0.854130
vt 0.691437 0.851331
vt 0.740886 0.154755
vt 0.742567 0.147041
vt 0.710209 0.143711
vt 0.710285 0.151608
vt 0.744442 0.138297
vt 0.710093 0.134767
vt 0.700875 0.876853
vt 0.693298 0.880645
vt 0.706598 0.907161
vt 0.715691 0.899677
vt 0.796206 0.180876
vt 0.801067 0.174659
vt 0.773353 0.157590
vt 0.769999 0.164731
vt 0.806547 0.167601
vt 0.777123 0.149488
vt 0.735268 0.918578
vt 0.730086 0.925282
vt 0.753575 0.943403
vt 0.758521 0.932717
vt 0.834675 0.228467
vt 0.841754 0.224981
vt 0.824213 0.197552
vt 0.818092 0.202526
vt 0.849756 0.221004
vt 0.831126 0.191894
vt 0.784362 0.941253
vt 0.782603 0.949540
vt 0.811630 0.955677
vt 0.811449 0.943904
vt 0.848642 0.288051
vt 0.856534 0.287987
vt 0.852651 0.255661
vt 0.844975 0.257481
vt 0.865472 0.287882
vt 0.861337 0.253568
vt 0.838437 0.940384
vt 0.840448 0.948612
vt 0.869266 0.941547
vt 0.863992 0.931019
vt 0.835363 0.347787
vt 0.842502 0.351158
vt 0.853031 0.320353
vt 0.845324 0.318658
vt 0.850600 0.354947
vt 0.861766 0.322242
vt 0.886780 0.916137
vt 0.892164 0.922677
vt 0.915063 0.903807
vt 0.905741 0.896611
vt 0.797495 0.395851
vt 0.802463 0.401988
vt 0.825307 0.378798
vt 0.819100 0.373924
vt 0.808113 0.408918
vt 0.832356 0.384295
vt 0.919813 0.873315
vt 0.927503 0.876869
vt 0.939942 0.849931
vt 0.928419 0.847495
vt 0.742535 0.422747
vt 0.744347 0.430431
vt 0.774986 0.419439
vt 0.771509 0.412353
vt 0.746428 0.439127
vt 0.778949 0.427451
vt 0.930984 0.820400
vt 0.939456 0.820264
vt 0.938969 0.790596
vt 0.927530 0.793405
vt 0.681347 0.423152
vt 0.679644 0.430859
vt 0.712020 0.434242
vt 0.711963 0.426351
vt 0.677742 0.439593
vt 0.712111 0.443179
vt 0.918078 0.767884
vt 0.925647 0.764081
vt 0.648862 0.420266
vt 0.652238 0.413135
vt 0.645064 0.428353
vt 0.623677 0.331631
vt 0.614541 0.336196
vt 0.627479 0.356469
vt 0.635361 0.349979
vt 0.605675 0.340629
vt 0.619830 0.362768
vt 0.638515 0.381249
vt 0.644567 0.373399
vt 0.650804 0.365311
vt 0.609042 0.418681
vt 0.582770 0.392678
vt 0.562865 0.361536
vt 0.613909 0.289526
vt 0.603691 0.289653
vt 0.606519 0.313529
vt 0.616443 0.311123
vt 0.593775 0.289781
vt 0.596889 0.315867
vt 0.550504 0.326712
vt 0.546106 0.290030
vt 0.623436 0.247349
vt 0.614166 0.243022
vt 0.606332 0.265755
vt 0.616323 0.267911
vt 0.605166 0.238826
vt 0.596635 0.263669
vt 0.550093 0.253313
vt 0.562044 0.218378
vt 0.650318 0.213440
vt 0.643815 0.205529
vt 0.626914 0.222638
vt 0.634998 0.228914
vt 0.637501 0.197851
vt 0.619066 0.216549
vt 0.581541 0.187038
vt 0.607430 0.160737
vt 0.689188 0.194383
vt 0.686720 0.184459
vt 0.664104 0.192620
vt 0.668705 0.201761
vt 0.684325 0.174827
vt 0.659639 0.183746
vt 0.638560 0.140915
vt 0.673280 0.128396
vt 0.732440 0.194056
vt 0.734519 0.184056
vt 0.710597 0.181597
vt 0.710801 0.191810
vt 0.736540 0.174350
vt 0.710403 0.171685
vt 0.709943 0.124005
vt 0.746687 0.127773
vt 0.771501 0.212570
vt 0.777734 0.204479
vt 0.757265 0.191856
vt 0.753004 0.201134
vt 0.783783 0.196626
vt 0.761403 0.182853
vt 0.781649 0.139735
vt 0.813131 0.159099
vt 0.798630 0.246246
vt 0.807768 0.241680
vt 0.794823 0.221403
vt 0.786940 0.227894
vt 0.816635 0.237246
vt 0.802472 0.215104
vt 0.839434 0.185075
vt 0.859378 0.216206
vt 0.808446 0.288395
vt 0.818661 0.288254
vt 0.815805 0.264358
vt 0.805882 0.266771
vt 0.828575 0.288116
vt 0.825436 0.262016
vt 0.871784 0.251036
vt 0.876225 0.287742
vt 0.798996 0.330656
vt 0.808261 0.334958
vt 0.816058 0.312183
vt 0.806071 0.310048
vt 0.817254 0.339132
vt 0.825751 0.314253
vt 0.872278 0.324501
vt 0.860349 0.359494
vt 0.772145 0.364652
vt 0.778634 0.372541
vt 0.795536 0.355395
vt 0.787460 0.349145
vt 0.784932 0.380197
vt 0.803375 0.361460
vt 0.840845 0.390898
vt 0.814920 0.417250
vt 0.733209 0.383647
vt 0.735643 0.393567
vt 0.758306 0.385442
vt 0.753732 0.376313
vt 0.738007 0.403194
vt 0.762747 0.394303
vt 0.783728 0.437086
vt 0.748940 0.449587
vt 0.689899 0.383880
vt 0.687795 0.393874
vt 0.711734 0.396380
vt 0.711564 0.386171
vt 0.685752 0.403575
vt 0.711900 0.406289
vt 0.712230 0.453931
vt 0.675463 0.450104
vt 0.665039 0.386041
vt 0.669314 0.376769
vt 0.660890 0.395040
vt 0.640503 0.438088
vt 0.634446 0.386431
vt 0.630786 0.391005
vt 0.655531 0.406271
vt 0.658079 0.400997
vt 0.683029 0.415722
vt 0.684339 0.410011
vt 0.711950 0.418735
vt 0.711955 0.412876
vt 0.740826 0.415322
vt 0.739526 0.409607
vt 0.768191 0.405496
vt 0.765653 0.400215
vt 0.792733 0.389903
vt 0.789082 0.385317
vt 0.813135 0.369186
vt 0.808557 0.365529
vt 0.828492 0.344495
vt 0.823213 0.341947
vt 0.837895 0.316979
vt 0.832184 0.315671
vt 0.841024 0.288069
vt 0.835164 0.288066
vt 0.837556 0.259195
vt 0.831846 0.260498
vt 0.827823 0.231793
vt 0.822546 0.234336
vt 0.812157 0.207294
vt 0.807582 0.210949
vt 0.791482 0.186848
vt 0.787836 0.191433
vt 0.766725 0.171606
vt 0.764192 0.176887
vt 0.739223 0.162191
vt 0.737929 0.167908
vt 0.710316 0.159230
vt 0.710324 0.165093
vt 0.681473 0.162690
vt 0.682785 0.168410
vt 0.654166 0.172538
vt 0.656716 0.177826
vt 0.629678 0.188125
vt 0.633340 0.192718
vt 0.609292 0.208799
vt 0.613877 0.212465
vt 0.593924 0.233437
vt 0.599205 0.235994
vt 0.584488 0.260912
vt 0.590200 0.262232
vt 0.581322 0.289794
vt 0.587184 0.289811
vt 0.584761 0.318653
vt 0.590475 0.317366
vt 0.594472 0.346051
vt 0.599756 0.343523
vt 0.610123 0.370550
vt 0.614709 0.366908
vt 0.653726 0.361521
vt 0.653790 0.361461
vt 0.671365 0.372351
vt 0.672303 0.370360
vt 0.690914 0.379115
vt 0.690881 0.379199
vt 0.711494 0.381302
vt 0.711474 0.379102
vt 0.732058 0.378914
vt 0.732067 0.379005
vt 0.751560 0.371955
vt 0.750589 0.369982
vt 0.769059 0.360883
vt 0.769112 0.360959
vt 0.783616 0.346156
vt 0.781888 0.344797
vt 0.794583 0.328594
vt 0.794664 0.328635
vt 0.801311 0.309019
vt 0.799163 0.308542
vt 0.803574 0.288451
vt 0.803663 0.288450
vt 0.801146 0.267911
vt 0.799004 0.268415
vt 0.794266 0.248416
vt 0.794345 0.248380
vt 0.783174 0.230984
vt 0.781466 0.232374
vt 0.768524 0.216427
vt 0.768588 0.216368
vt 0.750970 0.205559
vt 0.750049 0.207558
vt 0.731449 0.198828
vt 0.731510 0.198748
vt 0.710897 0.196684
vt 0.710940 0.198888
vt 0.690362 0.199118
vt 0.690370 0.199027
vt 0.670892 0.206123
vt 0.671872 0.208095
vt 0.653411 0.217217
vt 0.653374 0.217162
vt 0.638844 0.231917
vt 0.640570 0.233284
vt 0.627849 0.249431
vt 0.627767 0.249406
vt 0.621084 0.268963
vt 0.623231 0.269463
vt 0.618784 0.289492
vt 0.618695 0.289520
vt 0.621183 0.309999
vt 0.623331 0.309514
vt 0.628045 0.329470
vt 0.627967 0.329508
vt 0.639132 0.346895
vt 0.640847 0.345515
vt 0.602118 0.342393
vt 0.616759 0.365281
vt 0.636082 0.384386
vt 0.589803 0.289820
vt 0.593029 0.316792
vt 0.601566 0.237137
vt 0.592754 0.262822
vt 0.634978 0.194770
vt 0.615928 0.214103
vt 0.683374 0.170967
vt 0.657858 0.180188
vt 0.737356 0.170464
vt 0.710333 0.167714
vt 0.786210 0.193485
vt 0.763065 0.179250
vt 0.820189 0.235476
vt 0.805539 0.212585
vt 0.832545 0.288068
vt 0.829295 0.261083
vt 0.820853 0.340811
vt 0.829632 0.315089
vt 0.787449 0.383269
vt 0.806509 0.363896
vt 0.738944 0.407053
vt 0.764517 0.397855
vt 0.684924 0.407458
vt 0.711956 0.410258
vt 0.659218 0.398639
vt 0.852280 0.792066
vt 0.844446 0.783317
vt 0.834882 0.776503
vt 0.824029 0.772019
vt 0.812456 0.770029
vt 0.800733 0.770698
vt 0.789444 0.773927
vt 0.779173 0.779616
vt 0.770404 0.787423
vt 0.763618 0.797005
vt 0.759105 0.807845
vt 0.757149 0.819422
vt 0.757786 0.831147
vt 0.761048 0.842426
vt 0.766708 0.852714
vt 0.774542 0.861462
vt 0.784106 0.868276
vt 0.794959 0.872759
vt 0.806532 0.874749
vt 0.818256 0.874080
vt 0.829546 0.870851
vt 0.839818 0.865162
vt 0.848588 0.857355
vt 0.855374 0.847773
vt 0.859887 0.836934
vt 0.861842 0.825356
vt 0.861204 0.813632
vt 0.857942 0.802353
vn -0.255213 -0.316043 -0.913774
vn -0.263283 -0.098014 -0.959727
vn -0.218132 -0.098329 -0.970953
vn -0.210015 -0.317068 -0.924858
vn -0.262788 0.124941 -0.956730
vn -0.217615 0.125345 -0.967953
vn -0.172277 0.125478 -0.977024
vn -0.172804 -0.098436 -0.980025
vn -0.164670 -0.317408 -0.933882
vn -0.253627 0.341618 -0.904970
vn -0.208448 0.342731 -0.916016
vn -0.236384 0.541167 -0.807008
vn -0.191127 0.542923 -0.817744
vn -0.145762 0.543507 -0.826652
vn -0.163105 0.343095 -0.925031
vn -0.211805 0.713585 -0.667783
vn -0.166489 0.715901 -0.678061
vn -0.181235 0.850212 -0.494261
vn -0.135802 0.852973 -0.503978
vn -0.090375 0.853886 -0.512553
vn -0.121104 0.716665 -0.686823
vn -0.146104 0.944216 -0.295145
vn -0.100572 0.947277 -0.304223
vn -0.108272 0.990862 -0.080433
vn -0.062600 0.994080 -0.088806
vn -0.017090 0.995144 -0.096939
vn -0.055116 0.948290 -0.312585
vn -0.069532 0.987831 0.139123
vn -0.023747 0.991037 0.131457
vn -0.031933 0.935260 0.352518
vn 0.013991 0.938297 0.345546
vn 0.059576 0.939301 0.337882
vn 0.021785 0.992096 0.123574
vn 0.002753 0.835796 0.549033
vn 0.048766 0.838506 0.542706
vn 0.032662 0.694417 0.718831
vn 0.078792 0.696671 0.713051
vn 0.124448 0.697417 0.705778
vn 0.094380 0.839404 0.535251
vn 0.056417 0.518226 0.853381
vn 0.102605 0.519908 0.848038
vn 0.072708 0.316044 0.945955
vn 0.118970 0.317071 0.940910
vn 0.164668 0.317409 0.933882
vn 0.148276 0.520464 0.840911
vn 0.080836 0.098008 0.991897
vn 0.127108 0.098328 0.987003
vn 0.080278 -0.124937 0.988912
vn 0.126567 -0.125344 0.984007
vn 0.172276 -0.125476 0.977024
vn 0.172803 0.098433 0.980025
vn 0.071180 -0.341615 0.937141
vn 0.117420 -0.342726 0.932068
vn 0.053882 -0.541166 0.839188
vn 0.100083 -0.542927 0.833795
vn 0.145758 -0.543509 0.826651
vn 0.163106 -0.343095 0.925031
vn 0.029367 -0.713579 0.699959
vn 0.075466 -0.715898 0.694114
vn -0.001260 -0.850211 0.526440
vn 0.044761 -0.852971 0.520036
vn 0.090376 -0.853883 0.512558
vn 0.121105 -0.716663 0.686824
vn -0.036341 -0.944214 0.327320
vn 0.009544 -0.947278 0.320271
vn -0.074230 -0.990863 0.112610
vn -0.028448 -0.994080 0.104861
vn 0.017092 -0.995144 0.096935
vn 0.055120 -0.948289 0.312584
vn -0.112916 -0.987831 -0.106957
vn -0.067278 -0.991036 -0.115416
vn -0.150570 -0.935259 -0.320341
vn -0.105037 -0.938296 -0.329498
vn -0.059577 -0.939300 -0.337884
vn -0.021787 -0.992097 -0.123571
vn -0.185195 -0.835794 -0.516866
vn -0.139788 -0.838508 -0.526652
vn -0.215164 -0.694417 -0.686651
vn -0.169837 -0.696673 -0.696995
vn -0.124447 -0.697419 -0.705775
vn -0.094381 -0.839403 -0.535252
vn -0.238859 -0.518227 -0.821211
vn -0.193628 -0.519908 -0.831988
vn -0.148276 -0.520463 -0.840912
vn -0.955065 0.059984 -0.290264
vn -0.950917 -0.050045 -0.305372
vn -0.984608 -0.033616 -0.171514
vn -0.991128 0.037641 -0.127469
vn -0.951817 -0.141934 -0.271845
vn -0.988846 -0.095223 -0.114526
vn -0.984807 -0.000003 0.173650
vn -0.942778 0.250033 -0.220574
vn -0.946677 0.157034 -0.281323
vn -0.981296 0.117177 -0.152731
vn -0.983173 0.163059 -0.082353
vn -0.917389 0.390554 -0.076582
vn -0.927254 0.333020 -0.171166
vn -0.966950 0.244772 -0.071372
vn -0.966557 0.256176 0.011880
vn -0.883926 0.453722 0.113187
vn -0.896496 0.443039 0.003268
vn -0.944412 0.323881 0.056446
vn -0.944572 0.298552 0.136565
vn -0.849020 0.427020 0.311158
vn -0.860493 0.465312 0.207451
vn -0.918145 0.338843 0.205414
vn -0.921569 0.281801 0.267018
vn -0.819581 0.315746 0.478113
vn -0.826381 0.395424 0.400916
vn -0.893353 0.286694 0.346015
vn -0.902108 0.209234 0.377389
vn -0.801439 0.141934 0.580991
vn -0.800910 0.247216 0.545369
vn -0.874945 0.177759 0.450414
vn -0.890040 0.095223 0.445826
vn -0.798195 -0.059989 0.599405
vn -0.789130 0.050043 0.612185
vn -0.866567 0.033616 0.497928
vn -0.887757 -0.037642 0.458770
vn -0.810482 -0.250033 0.529719
vn -0.793368 -0.157034 0.588139
vn -0.869879 -0.117179 0.479144
vn -0.895712 -0.163060 0.413655
vn -0.835868 -0.390554 0.385737
vn -0.812794 -0.333017 0.477981
vn -0.884224 -0.244772 0.397786
vn -0.912328 -0.256176 0.319424
vn -0.869330 -0.453724 0.195961
vn -0.843548 -0.443041 0.303548
vn -0.906762 -0.323881 0.269970
vn -0.934315 -0.298556 0.194733
vn -0.904237 -0.427025 -0.002011
vn -0.879552 -0.465311 0.099363
vn -0.933029 -0.338844 0.120999
vn -0.957317 -0.281802 0.064279
vn -0.933676 -0.315752 -0.168967
vn -0.913665 -0.395424 -0.094105
vn -0.957821 -0.286695 -0.019603
vn -0.976779 -0.209234 -0.046092
vn -0.939135 -0.247219 -0.238554
vn -0.976230 -0.177760 -0.124001
vn 0.988454 0.007568 -0.151332
vn 0.988857 0.002485 -0.148849
vn 0.987180 0.001409 -0.159602
vn 0.985980 0.002309 -0.166849
vn 0.988635 -0.002992 -0.150303
vn 0.986035 -0.000913 -0.166535
vn 0.984808 -0.000000 -0.173648
vn 0.988612 -0.008662 -0.150237
vn 0.987042 -0.004911 -0.160389
vn 0.988003 -0.012959 -0.153888
vn 0.985842 -0.003954 -0.167629
vn 0.987552 -0.018095 -0.156252
vn 0.986440 -0.010259 -0.163799
vn 0.986683 -0.020360 -0.161378
vn 0.985439 -0.006212 -0.169915
vn 0.985885 -0.023943 -0.165701
vn 0.985496 -0.013575 -0.169156
vn 0.984935 -0.023728 -0.171288
vn 0.984906 -0.007240 -0.172938
vn 0.983944 -0.025049 -0.176713
vn 0.984395 -0.014202 -0.175399
vn 0.983107 -0.022396 -0.181655
vn 0.984348 -0.006834 -0.176102
vn 0.982111 -0.021194 -0.187107
vn 0.983356 -0.012016 -0.181292
vn 0.981561 -0.016629 -0.190427
vn 0.983876 -0.005074 -0.178778
vn 0.980750 -0.013141 -0.194825
vn 0.982584 -0.007450 -0.185668
vn 0.980601 -0.007568 -0.195866
vn 0.983584 -0.002309 -0.180438
vn 0.980131 -0.002485 -0.198337
vn 0.982233 -0.001409 -0.187659
vn 0.980420 0.002992 -0.196895
vn 0.983528 0.000913 -0.180752
vn 0.980376 0.008662 -0.196949
vn 0.982372 0.004911 -0.186872
vn 0.981052 0.012959 -0.193309
vn 0.983721 0.003954 -0.179658
vn 0.981436 0.018095 -0.190934
vn 0.982973 0.010259 -0.183462
vn 0.982373 0.020360 -0.185820
vn 0.984124 0.006212 -0.177373
vn 0.983102 0.023943 -0.181485
vn 0.983918 0.013575 -0.178105
vn 0.984120 0.023728 -0.175910
vn 0.984657 0.007240 -0.174349
vn 0.985044 0.025049 -0.170473
vn 0.985019 0.014202 -0.171862
vn 0.985948 0.022396 -0.165542
vn 0.985215 0.006834 -0.171185
vn 0.986877 0.021194 -0.160078
vn 0.986058 0.012016 -0.165968
vn 0.987495 0.016629 -0.156771
vn 0.985687 0.005074 -0.168509
vn 0.988238 0.013141 -0.152361
vn 0.986829 0.007450 -0.161593
vn -0.484122 -0.299176 -0.822265
vn -0.491781 -0.092782 -0.865761
vn -0.374471 -0.096262 -0.922228
vn -0.366579 -0.310409 -0.877078
vn -0.491290 0.118271 -0.862929
vn -0.374017 0.122712 -0.919268
vn -0.617672 0.110548 -0.778628
vn -0.617865 -0.086735 -0.781486
vn -0.610971 -0.279637 -0.740620
vn -0.482639 0.323387 -0.813929
vn -0.364986 0.335536 -0.868447
vn -0.466297 0.512286 -0.721201
vn -0.348087 0.531529 -0.772213
vn -0.594313 0.478831 -0.646153
vn -0.609321 0.302325 -0.733026
vn -0.443051 0.675521 -0.589387
vn -0.323906 0.700896 -0.635476
vn -0.414094 0.804860 -0.425120
vn -0.293920 0.835084 -0.465022
vn -0.545514 0.752292 -0.369419
vn -0.572308 0.631514 -0.523120
vn -0.380849 0.893843 -0.236639
vn -0.259372 0.927422 -0.269472
vn -0.345016 0.938003 -0.033375
vn -0.222251 0.973230 -0.058552
vn -0.480950 0.876742 -0.003251
vn -0.514158 0.835619 -0.193346
vn -0.308361 0.935134 0.174466
vn -0.184156 0.970265 0.157077
vn -0.272752 0.885368 0.376470
vn -0.147267 0.918621 0.366671
vn -0.413407 0.827542 0.379827
vn -0.446395 0.874216 0.190990
vn -0.239940 0.791209 0.562509
vn -0.113163 0.820935 0.559696
vn -0.211606 0.657370 0.723248
vn -0.083826 0.682062 0.726474
vn -0.356252 0.614441 0.703951
vn -0.382427 0.739673 0.553745
vn -0.189135 0.490578 0.850624
vn -0.060454 0.509006 0.858638
vn -0.173695 0.299178 0.938255
vn -0.044491 0.310417 0.949559
vn -0.320819 0.279641 0.904918
vn -0.334933 0.458624 0.823094
vn -0.166019 0.092780 0.981748
vn -0.036463 0.096272 0.994687
vn -0.166523 -0.118267 0.978919
vn -0.037053 -0.122708 0.991751
vn -0.314114 -0.110539 0.942928
vn -0.313323 0.086739 0.945677
vn -0.175158 -0.323388 0.929914
vn -0.045950 -0.335540 0.940905
vn -0.191519 -0.512294 0.837183
vn -0.062982 -0.531534 0.844692
vn -0.337474 -0.478839 0.810447
vn -0.321864 -0.302325 0.897220
vn -0.214749 -0.675515 0.705381
vn -0.087028 -0.700892 0.707938
vn -0.243728 -0.804858 0.541110
vn -0.117148 -0.835080 0.537510
vn -0.386271 -0.752289 0.533719
vn -0.358875 -0.631509 0.687317
vn -0.276955 -0.893844 0.352617
vn -0.151567 -0.927423 0.341927
vn -0.312795 -0.938002 0.149370
vn -0.188824 -0.973229 0.131035
vn -0.450836 -0.876741 0.167548
vn -0.417023 -0.835620 0.357535
vn -0.349434 -0.935134 -0.058476
vn -0.226778 -0.970263 -0.084622
vn -0.385065 -0.885366 -0.260485
vn -0.263798 -0.918618 -0.294197
vn -0.518382 -0.827542 -0.215533
vn -0.484792 -0.874219 -0.026795
vn -0.417860 -0.791208 -0.446524
vn -0.297768 -0.820933 -0.487241
vn -0.446207 -0.657379 -0.607250
vn -0.327243 -0.682060 -0.653992
vn -0.575532 -0.614441 -0.539653
vn -0.548757 -0.739668 -0.389560
vn -0.468661 -0.490578 -0.734636
vn -0.350480 -0.509010 -0.786176
vn -0.596250 -0.458622 -0.658902
vn -0.779521 -0.073974 -0.621993
vn -0.773484 -0.238521 -0.587223
vn -0.779203 0.094292 -0.619638
vn -0.764401 0.096199 -0.637524
vn -0.764699 -0.075471 -0.639952
vn -0.758556 -0.243342 -0.604465
vn 0.838470 0.049183 -0.542723
vn 0.838379 -0.038563 -0.543723
vn 0.546500 -0.071893 -0.834367
vn 0.546782 0.091654 -0.832243
vn 0.841455 -0.124417 -0.525808
vn 0.552330 -0.231840 -0.800739
vn 0.169187 -0.299668 -0.938922
vn 0.161534 -0.092932 -0.982482
vn 0.162006 0.118463 -0.979653
vn -0.772231 0.257851 -0.580665
vn -0.759277 0.408426 -0.506642
vn -0.744069 0.416674 -0.522250
vn -0.757264 0.263061 -0.597787
vn 0.848862 0.213043 -0.483783
vn 0.842182 0.134416 -0.522170
vn 0.553583 0.250576 -0.794203
vn 0.566148 0.396992 -0.722408
vn 0.170683 0.323914 -0.930563
vn 0.187035 0.513124 -0.837688
vn -0.740659 0.538617 -0.401641
vn -0.717658 0.641674 -0.270596
vn -0.701613 0.654624 -0.281438
vn -0.725050 0.549501 -0.415153
vn 0.870571 0.334706 -0.360662
vn 0.858637 0.280773 -0.428846
vn 0.584259 0.523410 -0.620229
vn 0.606602 0.623701 -0.492982
vn 0.210339 0.676600 -0.705670
vn 0.239324 0.806154 -0.541146
vn -0.691065 0.712699 -0.120375
vn -0.662584 0.747824 0.041723
vn -0.645427 0.762916 0.037182
vn -0.674458 0.727098 -0.128198
vn 0.899297 0.390076 -0.197749
vn 0.884489 0.371517 -0.282230
vn 0.632451 0.692574 -0.346910
vn 0.660129 0.726881 -0.189404
vn 0.272634 0.895274 -0.352356
vn 0.308508 0.939518 -0.148759
vn -0.633271 0.745617 0.207418
vn -0.604976 0.705855 0.368472
vn -0.586649 0.720105 0.370528
vn -0.615497 0.760682 0.206219
vn 0.929354 0.368177 -0.027315
vn 0.914619 0.388682 -0.111353
vn 0.688619 0.724569 -0.028368
vn 0.716140 0.686084 0.128190
vn 0.345248 0.936629 0.059408
vn 0.380903 0.886792 0.261748
vn -0.578718 0.630858 0.516820
vn -0.556224 0.524089 0.644938
vn -0.536916 0.534670 0.652572
vn -0.559842 0.643604 0.521872
vn 0.954778 0.273373 0.116898
vn 0.943058 0.328858 0.049932
vn 0.741635 0.613050 0.272301
vn 0.763519 0.509412 0.396912
vn 0.413778 0.792474 0.448077
vn 0.442143 0.658431 0.609079
vn -0.538209 0.391157 0.746543
vn -0.526000 0.238523 0.816352
vn -0.506083 0.243336 0.827446
vn -0.518512 0.399062 0.756237
vn 0.970544 0.124416 0.206313
vn 0.964173 0.203907 0.169684
vn 0.780993 0.380118 0.495541
vn 0.792891 0.231842 0.563537
vn 0.464653 0.491365 0.736653
vn 0.480112 0.299668 0.824434
vn -0.519776 0.073978 0.851094
vn -0.520281 -0.094291 0.848774
vn -0.500244 -0.096196 0.860524
vn -0.499705 0.075473 0.862901
vn 0.973528 -0.049182 0.223215
vn 0.973784 0.038560 0.224183
vn 0.798912 0.071886 0.597137
vn 0.798465 -0.091646 0.595025
vn 0.487823 0.092931 0.867982
vn 0.487309 -0.118463 0.865157
vn -0.527056 -0.257852 0.809768
vn -0.540206 -0.408430 0.735774
vn -0.520574 -0.416674 0.745242
vn -0.507131 -0.263062 0.820741
vn 0.963133 -0.213041 0.164279
vn 0.969983 -0.134415 0.202645
vn 0.791828 -0.250573 0.556976
vn 0.779087 -0.396986 0.485206
vn 0.478668 -0.323908 0.816064
vn 0.462263 -0.513122 0.723200
vn -0.558626 -0.538612 0.630741
vn -0.581826 -0.641671 0.499736
vn -0.563035 -0.654624 0.504440
vn -0.539341 -0.549495 0.638096
vn 0.941426 -0.334699 0.041156
vn 0.953528 -0.280774 0.109313
vn 0.761155 -0.523410 0.382995
vn 0.738643 -0.623688 0.255774
vn 0.439000 -0.676601 0.591177
vn 0.409983 -0.806150 0.426657
vn -0.608222 -0.712697 0.349471
vn -0.636898 -0.747822 0.187411
vn -0.619219 -0.762917 0.185811
vn -0.589942 -0.727095 0.351142
vn 0.912700 -0.390070 -0.121756
vn 0.927676 -0.371517 -0.037306
vn 0.712959 -0.692576 0.109674
vn 0.685116 -0.726864 -0.047798
vn 0.376706 -0.895274 0.237860
vn 0.340786 -0.939516 0.034273
vn -0.666023 -0.745616 0.021677
vn -0.694513 -0.705858 -0.139345
vn -0.677999 -0.720104 -0.147540
vn -0.648909 -0.760682 0.016727
vn 0.882640 -0.368195 -0.292196
vn 0.897545 -0.388684 -0.208179
vn 0.656782 -0.724576 -0.208870
vn 0.629097 -0.686090 -0.365400
vn 0.304102 -0.936630 -0.173914
vn 0.268404 -0.886794 -0.376237
vn -0.720575 -0.630862 -0.287723
vn -0.743257 -0.524094 -0.415806
vn -0.727723 -0.534673 -0.429586
vn -0.704563 -0.643610 -0.298928
vn 0.857214 -0.273378 -0.436405
vn 0.869103 -0.328865 -0.369469
vn 0.603772 -0.613054 -0.509533
vn 0.581708 -0.509416 -0.634123
vn 0.235567 -0.792475 -0.562575
vn 0.207156 -0.658435 -0.723568
vn -0.761079 -0.391162 -0.517447
vn -0.745885 -0.399065 -0.533294
vn 0.847987 -0.203908 -0.489224
vn 0.564405 -0.380120 -0.732773
vn 0.184681 -0.491364 -0.851149
vn 0.172269 -0.125485 0.977025
vn 0.172797 0.098431 0.980027
vn 0.172801 0.098421 0.980027
vn 0.172274 -0.125477 0.977025
vn 0.164665 0.317400 0.933886
vn 0.164674 0.317400 0.933884
vn 0.164664 0.317398 0.933887
vn 0.172812 0.098426 0.980025
vn 0.172248 -0.125485 0.977028
vn -0.104722 -0.098201 -0.989641
vn -0.096583 -0.316656 -0.943610
vn -0.104176 0.125183 -0.986649
vn 0.145785 -0.543499 0.826653
vn 0.163088 -0.343086 0.925038
vn 0.163112 -0.343087 0.925033
vn 0.145764 -0.543500 0.826656
vn 0.163123 -0.343084 0.925032
vn 0.145726 -0.543505 0.826660
vn -0.095046 0.342285 -0.934777
vn -0.077727 0.542221 -0.836633
vn 0.090415 -0.853883 0.512551
vn 0.121081 -0.716665 0.686827
vn 0.121107 -0.716661 0.686826
vn 0.090373 -0.853887 0.512552
vn 0.121137 -0.716660 0.686821
vn 0.090363 -0.853887 0.512553
vn -0.053141 0.714972 -0.697130
vn -0.022470 0.851866 -0.523277
vn 0.017089 -0.995144 0.096932
vn 0.055113 -0.948293 0.312574
vn 0.055109 -0.948293 0.312575
vn 0.017083 -0.995144 0.096934
vn 0.055126 -0.948295 0.312568
vn 0.017108 -0.995144 0.096930
vn 0.012689 0.946049 -0.323775
vn 0.050642 0.992790 -0.108646
vn -0.059569 -0.939303 -0.337878
vn -0.021797 -0.992096 -0.123571
vn -0.021789 -0.992097 -0.123565
vn -0.059580 -0.939303 -0.337876
vn -0.021778 -0.992097 -0.123571
vn -0.059569 -0.939302 -0.337880
vn 0.089418 0.989751 0.111339
vn 0.127128 0.937080 0.325145
vn -0.124450 -0.697421 -0.705773
vn -0.094375 -0.839409 -0.535244
vn -0.094379 -0.839407 -0.535246
vn -0.124447 -0.697421 -0.705774
vn -0.094381 -0.839409 -0.535242
vn -0.124443 -0.697421 -0.705775
vn 0.161833 0.837418 0.522055
vn 0.191843 0.695767 0.692173
vn -0.164655 -0.317402 -0.933887
vn -0.148272 -0.520463 -0.840912
vn -0.148278 -0.520463 -0.840912
vn -0.164668 -0.317406 -0.933883
vn -0.148274 -0.520464 -0.840912
vn -0.164677 -0.317402 -0.933883
vn 0.215600 0.519233 0.826991
vn 0.231973 0.316660 0.919736
vn -0.172278 0.125470 -0.977025
vn -0.172806 -0.098431 -0.980025
vn -0.172804 -0.098433 -0.980025
vn -0.172283 0.125471 -0.977024
vn -0.172807 -0.098429 -0.980025
vn -0.172261 0.125467 -0.977028
vn 0.240075 0.098200 0.965775
vn 0.239557 -0.125181 0.962778
vn -0.145771 0.543502 -0.826654
vn -0.163109 0.343081 -0.925036
vn -0.163112 0.343083 -0.925034
vn -0.145770 0.543501 -0.826655
vn -0.163107 0.343084 -0.925035
vn -0.145763 0.543499 -0.826657
vn 0.230406 -0.342279 0.910911
vn 0.213099 -0.542224 0.812762
vn -0.090367 0.853888 -0.512552
vn -0.121107 0.716666 -0.686820
vn -0.121104 0.716661 -0.686827
vn -0.090359 0.853887 -0.512555
vn -0.121105 0.716657 -0.686830
vn -0.090391 0.853888 -0.512547
vn 0.188485 -0.714970 0.673269
vn 0.157848 -0.851866 0.499409
vn -0.017087 0.995144 -0.096934
vn -0.055112 0.948293 -0.312575
vn -0.055112 0.948293 -0.312574
vn -0.017085 0.995144 -0.096935
vn -0.055119 0.948294 -0.312572
vn -0.017089 0.995144 -0.096934
vn 0.122662 -0.946048 0.299912
vn 0.084732 -0.992791 0.084770
vn 0.059580 0.939301 0.337881
vn 0.021794 0.992096 0.123571
vn 0.021788 0.992096 0.123576
vn 0.059577 0.939300 0.337884
vn 0.021788 0.992096 0.123576
vn 0.059570 0.939301 0.337882
vn 0.045946 -0.989751 -0.135213
vn 0.008251 -0.937078 -0.349022
vn 0.124445 0.697420 0.705776
vn 0.094375 0.839403 0.535253
vn 0.094380 0.839407 0.535246
vn 0.124447 0.697419 0.705776
vn 0.094381 0.839404 0.535251
vn 0.124452 0.697420 0.705774
vn -0.026482 -0.837420 -0.545918
vn -0.056461 -0.695770 -0.716042
vn 0.148278 0.520458 0.840915
vn 0.148276 0.520461 0.840913
vn 0.148273 0.520458 0.840915
vn -0.080249 -0.519233 -0.850857
vn 0.997216 0.068025 0.030532
vn 0.993678 0.111733 0.010933
vn 0.969913 -0.041354 -0.239915
vn 0.968564 -0.025280 -0.247476
vn 0.988596 0.149467 -0.018357
vn 0.971767 -0.055549 -0.229310
vn 0.982106 0.180219 -0.054680
vn 0.974195 -0.066697 -0.215629
vn 0.974696 0.201292 -0.097210
vn 0.976934 -0.074812 -0.200008
vn 0.966522 0.212993 -0.143068
vn 0.979963 -0.078826 -0.182917
vn 0.958259 0.213288 -0.190389
vn 0.983040 -0.079265 -0.165376
vn 0.950009 0.203599 -0.236707
vn 0.986074 -0.075345 -0.148263
vn 0.942556 0.183002 -0.279461
vn 0.988877 -0.068008 -0.132274
vn 0.935841 0.153868 -0.317059
vn 0.991317 -0.056949 -0.118524
vn 0.930694 0.116468 -0.346763
vn 0.993289 -0.043290 -0.107253
vn 0.926822 0.073662 -0.368205
vn 0.994654 -0.027259 -0.099601
vn 0.925007 0.026889 -0.378998
vn 0.995400 -0.009994 -0.095280
vn 0.924743 -0.021133 -0.380005
vn 0.995425 0.007820 -0.095230
vn 0.926638 -0.068022 -0.369750
vn 0.994794 0.025280 -0.098718
vn 0.930011 -0.111739 -0.350135
vn 0.993476 0.041354 -0.106284
vn 0.935256 -0.149465 -0.320869
vn 0.991591 0.055547 -0.116884
vn 0.941584 -0.180207 -0.284507
vn 0.989193 0.066695 -0.130571
vn 0.949157 -0.201306 -0.242026
vn 0.986424 0.074810 -0.146186
vn 0.957166 -0.212996 -0.196130
vn 0.983426 0.078827 -0.163280
vn 0.965591 -0.213264 -0.148839
vn 0.980318 0.079260 -0.180817
vn 0.973675 -0.203600 -0.102490
vn 0.977315 0.075349 -0.197936
vn 0.981297 -0.182982 -0.059776
vn 0.974482 0.068004 -0.213918
vn 0.987841 -0.153882 -0.022125
vn 0.972070 0.056950 -0.227675
vn 0.993166 -0.116468 0.007535
vn 0.970071 0.043283 -0.238932
vn 0.996861 -0.073662 0.029005
vn 0.968734 0.027263 -0.246600
vn 0.998847 -0.026887 0.039760
vn 0.967958 0.009994 -0.250914
vn 0.998944 0.021131 0.040802
vn 0.967964 -0.007821 -0.250968
vn 0.997875 0.065144 -0.001526
vn 0.994494 0.103461 0.016653
vn 0.714979 0.410186 0.566174
vn 0.737070 0.253495 0.626473
vn 0.990013 0.133222 -0.046118
vn 0.705160 0.551613 0.445503
vn 0.983448 0.175256 -0.045997
vn 0.672346 0.665357 0.324423
vn 0.977800 0.174915 -0.115378
vn 0.653961 0.740465 0.155070
vn 0.968085 0.212344 -0.133120
vn 0.614719 0.788742 -0.002425
vn 0.963655 0.181963 -0.195595
vn 0.593583 0.782676 -0.187290
vn 0.951451 0.207372 -0.227461
vn 0.553497 0.755913 -0.349623
vn 0.950380 0.152973 -0.270880
vn 0.536016 0.669860 -0.513785
vn 0.936839 0.161322 -0.310334
vn 0.500812 0.573366 -0.648412
vn 0.940607 0.093676 -0.326318
vn 0.492646 0.424363 -0.759748
vn 0.927143 0.083324 -0.365325
vn 0.467101 0.277242 -0.839615
vn 0.936265 0.015836 -0.350937
vn 0.472068 0.094821 -0.876448
vn 0.924281 -0.011171 -0.381550
vn 0.459035 -0.073772 -0.885350
vn 0.938218 -0.065144 -0.339858
vn 0.478375 -0.253500 -0.840770
vn 0.928825 -0.103460 -0.355782
vn 0.478216 -0.410185 -0.776568
vn 0.946081 -0.133222 -0.295267
vn 0.510263 -0.551614 -0.659814
vn 0.939871 -0.175259 -0.293134
vn 0.520846 -0.665354 -0.534812
vn 0.958293 -0.174917 -0.226007
vn 0.561481 -0.740471 -0.369381
vn 0.955233 -0.212341 -0.206010
vn 0.578463 -0.788753 -0.207967
vn 0.972438 -0.181960 -0.145790
vn 0.621846 -0.782673 -0.027020
vn 0.971867 -0.207376 -0.111670
vn 0.639694 -0.755915 0.139228
vn 0.985712 -0.152976 -0.070502
vn 0.679446 -0.669831 0.299464
vn 0.986481 -0.161323 -0.028796
vn 0.692347 -0.573391 0.438039
vn 0.995488 -0.093687 -0.015056
vn 0.722812 -0.424339 0.545416
vn 0.996178 -0.083323 0.026194
vn 0.726068 -0.277269 0.629244
vn 0.999829 -0.015839 0.009557
vn 0.743369 -0.094820 0.662127
vn 0.999037 0.011171 0.042418
vn 0.734147 0.073767 0.674971
vn 0.700811 0.081065 0.708726
vn 0.700826 -0.103307 0.705812
vn 0.694570 0.261307 0.670292
vn 0.692826 -0.282579 0.663431
vn 0.678991 -0.447469 0.582016
vn 0.658238 -0.590269 0.467231
vn 0.633412 -0.702994 0.323402
vn 0.603880 -0.781060 0.158978
vn 0.573108 -0.819265 -0.018770
vn 0.540539 -0.817140 -0.200250
vn 0.509969 -0.773307 -0.376732
vn 0.480738 -0.691381 -0.539335
vn 0.456563 -0.574171 -0.679616
vn 0.436343 -0.428683 -0.791098
vn 0.423439 -0.261316 -0.867418
vn 0.416137 -0.081072 -0.905681
vn 0.417203 0.103292 -0.902924
vn 0.424117 0.282590 -0.860388
vn 0.439022 0.447446 -0.779136
vn 0.458713 0.590285 -0.664189
vn 0.484583 0.703005 -0.520541
vn 0.513064 0.781075 -0.355931
vn 0.544926 0.819293 -0.178369
vn 0.576413 0.817152 0.003310
vn 0.608063 0.773305 0.179607
vn 0.636206 0.691386 0.342386
vn 0.661468 0.574171 0.482480
vn 0.680602 0.428683 0.594148
vn -0.790434 -0.074991 -0.607939
vn -0.786454 -0.232129 -0.572369
vn -0.791902 0.094674 -0.603265
vn -0.783426 0.251751 -0.568212
vn -0.772190 0.402735 -0.491454
vn -0.752500 0.528645 -0.392783
vn -0.731217 0.631027 -0.259089
vn -0.703768 0.700823 -0.116436
vn -0.677101 0.734335 0.047813
vn -0.646893 0.734196 0.206120
vn -0.620566 0.692197 0.368458
vn -0.593139 0.622151 0.510994
vn -0.572798 0.512962 0.639353
vn -0.553145 0.386879 0.737805
vn -0.543270 0.232127 0.806830
vn -0.534839 0.074997 0.841619
vn -0.537820 -0.094678 0.837726
vn -0.541850 -0.251756 0.801884
vn -0.557536 -0.402731 0.725921
vn -0.572781 -0.528641 0.626466
vn -0.598512 -0.631026 0.493548
vn -0.621501 -0.700823 0.350119
vn -0.652617 -0.734336 0.186659
vn -0.678379 -0.734195 0.027560
vn -0.709160 -0.692197 -0.133997
vn -0.732135 -0.622154 -0.277314
vn -0.756923 -0.512966 -0.404887
vn -0.772127 -0.386887 -0.504122
vn 0.072707 -0.316041 0.945956
vn 0.118972 -0.317070 0.940910
vn 0.127108 -0.098328 0.987003
vn 0.080838 -0.098010 0.991897
vn 0.164666 -0.317405 0.933884
vn 0.172805 -0.098436 0.980025
vn 0.172276 0.125476 0.977024
vn 0.126569 0.125342 0.984007
vn 0.080285 0.124934 0.988912
vn 0.117422 0.342729 0.932067
vn 0.071184 0.341621 0.937138
vn 0.163107 0.343096 0.925030
vn 0.145761 0.543505 0.826654
vn 0.100084 0.542924 0.833796
vn 0.053886 0.541165 0.839188
vn 0.075465 0.715898 0.694114
vn 0.029365 0.713583 0.699955
vn 0.121107 0.716662 0.686825
vn 0.090378 0.853885 0.512554
vn 0.044757 0.852973 0.520032
vn -0.001262 0.850212 0.526438
vn 0.009546 0.947277 0.320273
vn -0.036342 0.944213 0.327324
vn 0.055116 0.948291 0.312581
vn 0.017092 0.995144 0.096937
vn -0.028447 0.994080 0.104861
vn -0.074232 0.990863 0.112610
vn -0.067278 0.991037 -0.115414
vn -0.112916 0.987831 -0.106953
vn -0.021788 0.992097 -0.123569
vn -0.059579 0.939300 -0.337883
vn -0.105034 0.938297 -0.329493
vn -0.150569 0.935261 -0.320337
vn -0.139791 0.838506 -0.526655
vn -0.185197 0.835792 -0.516869
vn -0.094379 0.839405 -0.535249
vn -0.124445 0.697418 -0.705777
vn -0.169838 0.696672 -0.696996
vn -0.215160 0.694420 -0.686649
vn -0.193627 0.519910 -0.831987
vn -0.238859 0.518227 -0.821211
vn -0.148278 0.520462 -0.840912
vn -0.164669 0.317411 -0.933881
vn -0.210014 0.317072 -0.924856
vn -0.255211 0.316045 -0.913774
vn -0.218132 0.098331 -0.970953
vn -0.263285 0.098011 -0.959727
vn -0.172806 0.098436 -0.980025
vn -0.172274 -0.125477 -0.977025
vn -0.217615 -0.125345 -0.967953
vn -0.262786 -0.124938 -0.956731
vn -0.208445 -0.342731 -0.916017
vn -0.253628 -0.341622 -0.904968
vn -0.163108 -0.343100 -0.925029
vn -0.145761 -0.543508 -0.826652
vn -0.191127 -0.542927 -0.817741
vn -0.236383 -0.541169 -0.807006
vn -0.166487 -0.715897 -0.678066
vn -0.211805 -0.713582 -0.667787
vn -0.121106 -0.716664 -0.686823
vn -0.090378 -0.853885 -0.512555
vn -0.135802 -0.852972 -0.503980
vn -0.181239 -0.850212 -0.494259
vn -0.100570 -0.947277 -0.304223
vn -0.146102 -0.944213 -0.295154
vn -0.055117 -0.948290 -0.312584
vn -0.017093 -0.995144 -0.096936
vn -0.062596 -0.994080 -0.088807
vn -0.108270 -0.990863 -0.080429
vn -0.023745 -0.991037 0.131464
vn -0.069529 -0.987831 0.139126
vn 0.021788 -0.992096 0.123572
vn 0.059577 -0.939300 0.337884
vn 0.013992 -0.938296 0.345551
vn -0.031931 -0.935259 0.352521
vn 0.048766 -0.838506 0.542706
vn 0.002755 -0.835797 0.549032
vn 0.094381 -0.839404 0.535250
vn 0.124447 -0.697420 0.705774
vn 0.078794 -0.696676 0.713046
vn 0.032665 -0.694420 0.718828
vn 0.102606 -0.519909 0.848037
vn 0.056416 -0.518225 0.853381
vn 0.148275 -0.520465 0.840911
vn -0.798192 0.059989 0.599409
vn -0.887759 0.037643 0.458767
vn -0.866568 -0.033621 0.497925
vn -0.789127 -0.050050 0.612188
vn -0.984808 -0.000001 0.173648
vn -0.890041 -0.095222 0.445825
vn -0.801440 -0.141934 0.580989
vn -0.810480 0.250031 0.529723
vn -0.895714 0.163056 0.413653
vn -0.869880 0.117177 0.479143
vn -0.793367 0.157035 0.588141
vn -0.835869 0.390556 0.385732
vn -0.912330 0.256174 0.319419
vn -0.884227 0.244771 0.397782
vn -0.812791 0.333021 0.477982
vn -0.869329 0.453726 0.195960
vn -0.934316 0.298552 0.194730
vn -0.906764 0.323879 0.269967
vn -0.843548 0.443043 0.303546
vn -0.904237 0.427026 -0.002007
vn -0.957317 0.281800 0.064283
vn -0.933030 0.338841 0.121000
vn -0.879551 0.465314 0.099365
vn -0.933677 0.315751 -0.168965
vn -0.976779 0.209232 -0.046091
vn -0.957822 0.286692 -0.019602
vn -0.913666 0.395423 -0.094105
vn -0.951817 0.141933 -0.271845
vn -0.988846 0.095223 -0.114526
vn -0.976231 0.177756 -0.124001
vn -0.939135 0.247216 -0.238556
vn -0.955065 -0.059989 -0.290262
vn -0.991128 -0.037645 -0.127468
vn -0.984608 0.033617 -0.171513
vn -0.950917 0.050041 -0.305372
vn -0.942778 -0.250032 -0.220575
vn -0.983173 -0.163058 -0.082355
vn -0.981296 -0.117181 -0.152730
vn -0.946677 -0.157041 -0.281320
vn -0.917389 -0.390553 -0.076588
vn -0.966558 -0.256174 0.011876
vn -0.966951 -0.244770 -0.071372
vn -0.927254 -0.333019 -0.171167
vn -0.883927 -0.453720 0.113187
vn -0.944572 -0.298553 0.136568
vn -0.944413 -0.323879 0.056447
vn -0.896495 -0.443041 0.003272
vn -0.849020 -0.427023 0.311155
vn -0.921570 -0.281799 0.267017
vn -0.918147 -0.338839 0.205413
vn -0.860493 -0.465312 0.207450
vn -0.819580 -0.315748 0.478112
vn -0.902108 -0.209235 0.377387
vn -0.893355 -0.286691 0.346013
vn -0.826379 -0.395422 0.400923
vn -0.874946 -0.177757 0.450413
vn -0.800909 -0.247216 0.545371
vn 0.980602 0.007568 -0.195865
vn 0.983584 0.002309 -0.180436
vn 0.982233 0.001408 -0.187658
vn 0.980131 0.002483 -0.198337
vn 0.984808 0.000000 -0.173648
vn 0.983528 -0.000913 -0.180751
vn 0.980420 -0.002992 -0.196894
vn 0.982372 -0.004911 -0.186872
vn 0.980376 -0.008663 -0.196948
vn 0.983721 -0.003954 -0.179657
vn 0.981052 -0.012959 -0.193309
vn 0.982973 -0.010259 -0.183462
vn 0.981436 -0.018095 -0.190934
vn 0.984124 -0.006212 -0.177372
vn 0.982373 -0.020360 -0.185820
vn 0.983918 -0.013574 -0.178105
vn 0.983102 -0.023943 -0.181485
vn 0.984657 -0.007239 -0.174349
vn 0.984120 -0.023728 -0.175910
vn 0.985019 -0.014201 -0.171862
vn 0.985044 -0.025049 -0.170473
vn 0.985215 -0.006833 -0.171186
vn 0.985948 -0.022396 -0.165543
vn 0.986058 -0.012016 -0.165969
vn 0.986877 -0.021194 -0.160079
vn 0.985687 -0.005074 -0.168509
vn 0.987495 -0.016629 -0.156771
vn 0.986829 -0.007450 -0.161593
vn 0.988238 -0.013141 -0.152361
vn 0.985980 -0.002309 -0.166850
vn 0.988454 -0.007568 -0.151332
vn 0.987180 -0.001409 -0.159602
vn 0.988857 -0.002485 -0.148849
vn 0.986035 0.000913 -0.166536
vn 0.988635 0.002992 -0.150303
vn 0.987042 0.004911 -0.160389
vn 0.988612 0.008662 -0.150237
vn 0.985842 0.003954 -0.167630
vn 0.988003 0.012959 -0.153888
vn 0.986440 0.010259 -0.163799
vn 0.987552 0.018095 -0.156252
vn 0.985439 0.006212 -0.169915
vn 0.986683 0.020360 -0.161378
vn 0.985496 0.013574 -0.169156
vn 0.985885 0.023943 -0.165701
vn 0.984906 0.007239 -0.172938
vn 0.984935 0.023728 -0.171288
vn 0.984395 0.014201 -0.175399
vn 0.983944 0.025049 -0.176713
vn 0.984348 0.006833 -0.176102
vn 0.983107 0.022396 -0.181655
vn 0.983356 0.012016 -0.181292
vn 0.982111 0.021193 -0.187107
vn 0.983876 0.005074 -0.178778
vn 0.981561 0.016629 -0.190427
vn 0.982585 0.007451 -0.185667
vn 0.980750 0.013142 -0.194824
vn -0.173692 -0.299181 0.938255
vn -0.044495 -0.310414 0.949560
vn -0.036467 -0.096265 0.994688
vn -0.166015 -0.092782 0.981749
vn -0.320818 -0.279638 0.904919
vn -0.313321 -0.086735 0.945678
vn -0.314118 0.110547 0.942926
vn -0.037054 0.122713 0.991750
vn -0.166524 0.118269 0.978919
vn -0.045948 0.335538 0.940905
vn -0.175155 0.323386 0.929915
vn -0.321866 0.302328 0.897218
vn -0.337475 0.478837 0.810448
vn -0.062981 0.531531 0.844694
vn -0.191515 0.512292 0.837185
vn -0.087025 0.700891 0.707939
vn -0.214747 0.675515 0.705382
vn -0.358875 0.631511 0.687315
vn -0.386269 0.752290 0.533719
vn -0.117148 0.835085 0.537503
vn -0.243723 0.804859 0.541111
vn -0.151566 0.927424 0.341924
vn -0.276949 0.893846 0.352618
vn -0.417025 0.835619 0.357535
vn -0.450836 0.876740 0.167552
vn -0.188822 0.973229 0.131041
vn -0.312797 0.938003 0.149362
vn -0.226779 0.970264 -0.084617
vn -0.349435 0.935134 -0.058475
vn -0.484794 0.874218 -0.026789
vn -0.518385 0.827541 -0.215530
vn -0.263801 0.918618 -0.294195
vn -0.385062 0.885370 -0.260476
vn -0.297768 0.820934 -0.487238
vn -0.417859 0.791208 -0.446524
vn -0.548756 0.739671 -0.389556
vn -0.575532 0.614441 -0.539653
vn -0.327242 0.682061 -0.653992
vn -0.446208 0.657375 -0.607254
vn -0.350478 0.509009 -0.786177
vn -0.468660 0.490579 -0.734636
vn -0.596249 0.458621 -0.658903
vn -0.610972 0.279640 -0.740618
vn -0.366576 0.310416 -0.877077
vn -0.484123 0.299176 -0.822264
vn -0.374468 0.096268 -0.922229
vn -0.491784 0.092779 -0.865760
vn -0.617868 0.086736 -0.781483
vn -0.617673 -0.110543 -0.778627
vn -0.374017 -0.122711 -0.919268
vn -0.491293 -0.118272 -0.862927
vn -0.364987 -0.335538 -0.868446
vn -0.482643 -0.323389 -0.813926
vn -0.609322 -0.302324 -0.733026
vn -0.594312 -0.478836 -0.646150
vn -0.348087 -0.531534 -0.772209
vn -0.466303 -0.512292 -0.721192
vn -0.323908 -0.700893 -0.635478
vn -0.443054 -0.675517 -0.589389
vn -0.572308 -0.631513 -0.523121
vn -0.545518 -0.752291 -0.369417
vn -0.293922 -0.835084 -0.465021
vn -0.414098 -0.804856 -0.425123
vn -0.259370 -0.927423 -0.269469
vn -0.380852 -0.893843 -0.236636
vn -0.514160 -0.835619 -0.193341
vn -0.480952 -0.876741 -0.003253
vn -0.222250 -0.973230 -0.058558
vn -0.345018 -0.938002 -0.033375
vn -0.184157 -0.970264 0.157078
vn -0.308361 -0.935134 0.174466
vn -0.446393 -0.874218 0.190985
vn -0.413403 -0.827543 0.379829
vn -0.147268 -0.918617 0.366681
vn -0.272753 -0.885365 0.376477
vn -0.113165 -0.820929 0.559704
vn -0.239938 -0.791206 0.562515
vn -0.382424 -0.739671 0.553750
vn -0.356252 -0.614439 0.703952
vn -0.083829 -0.682061 0.726475
vn -0.211606 -0.657372 0.723246
vn -0.060457 -0.509011 0.858634
vn -0.189136 -0.490578 0.850624
vn -0.334934 -0.458624 0.823093
vn -0.525995 -0.238522 0.816356
vn -0.519770 -0.073979 0.851097
vn -0.506075 -0.243335 0.827451
vn -0.499696 -0.075476 0.862906
vn -0.500250 0.096197 0.860521
vn -0.520285 0.094293 0.848771
vn 0.973526 0.049185 0.223222
vn 0.798449 0.091653 0.595045
vn 0.798912 -0.071891 0.597136
vn 0.973784 -0.038563 0.224183
vn 0.487296 0.118463 0.865164
vn 0.487817 -0.092930 0.867985
vn 0.480116 -0.299664 0.824433
vn 0.792892 -0.231842 0.563535
vn 0.970544 -0.124417 0.206312
vn -0.527061 0.257854 0.809764
vn -0.507138 0.263065 0.820736
vn -0.520577 0.416672 0.745241
vn -0.540208 0.408427 0.735773
vn 0.963133 0.213042 0.164278
vn 0.779085 0.396991 0.485206
vn 0.791828 0.250578 0.556973
vn 0.969984 0.134419 0.202638
vn 0.462268 0.513123 0.723197
vn 0.478662 0.323915 0.816065
vn -0.558630 0.538613 0.630737
vn -0.539347 0.549495 0.638091
vn -0.563035 0.654624 0.504439
vn -0.581828 0.641671 0.499735
vn 0.941425 0.334702 0.041157
vn 0.738635 0.623695 0.255779
vn 0.761155 0.523408 0.382998
vn 0.953529 0.280772 0.109315
vn 0.409979 0.806152 0.426657
vn 0.439013 0.676594 0.591175
vn -0.608225 0.712693 0.349471
vn -0.589944 0.727093 0.351144
vn -0.619225 0.762912 0.185810
vn -0.636901 0.747820 0.187412
vn 0.912697 0.390075 -0.121756
vn 0.685103 0.726876 -0.047796
vn 0.712959 0.692576 0.109675
vn 0.927677 0.371515 -0.037305
vn 0.340794 0.939513 0.034271
vn 0.376711 0.895273 0.237857
vn -0.666022 0.745617 0.021684
vn -0.648908 0.760683 0.016733
vn -0.678003 0.720100 -0.147538
vn -0.694517 0.705855 -0.139341
vn 0.882645 0.368185 -0.292194
vn 0.629105 0.686085 -0.365396
vn 0.656791 0.724570 -0.208864
vn 0.897547 0.388679 -0.208179
vn 0.268408 0.886793 -0.376239
vn 0.304110 0.936628 -0.173909
vn -0.720577 0.630860 -0.287722
vn -0.704566 0.643607 -0.298926
vn -0.727729 0.534669 -0.429581
vn -0.743259 0.524092 -0.415805
vn 0.857216 0.273374 -0.436403
vn 0.581720 0.509411 -0.634115
vn 0.603773 0.613052 -0.509534
vn 0.869108 0.328858 -0.369465
vn 0.207158 0.658433 -0.723568
vn 0.235574 0.792474 -0.562574
vn -0.761083 0.391159 -0.517444
vn -0.745892 0.399062 -0.533287
vn -0.758565 0.243338 -0.604455
vn -0.773488 0.238524 -0.587217
vn 0.841450 0.124417 -0.525816
vn 0.552343 0.231842 -0.800729
vn 0.564409 0.380117 -0.732771
vn 0.847991 0.203906 -0.489217
vn 0.169190 0.299667 -0.938922
vn 0.184684 0.491367 -0.851146
vn -0.779523 0.073978 -0.621990
vn -0.764700 0.075474 -0.639951
vn -0.764400 -0.096197 -0.637526
vn -0.779207 -0.094292 -0.619634
vn 0.838474 -0.049182 -0.542717
vn 0.546803 -0.091648 -0.832231
vn 0.546508 0.071888 -0.834363
vn 0.838384 0.038562 -0.543714
vn 0.162019 -0.118463 -0.979651
vn 0.161539 0.092931 -0.982481
vn -0.772232 -0.257853 -0.580663
vn -0.757264 -0.263065 -0.597786
vn -0.744067 -0.416675 -0.522251
vn -0.759277 -0.408430 -0.506640
vn 0.848861 -0.213044 -0.483785
vn 0.566146 -0.396991 -0.722410
vn 0.553585 -0.250574 -0.794202
vn 0.842181 -0.134414 -0.522173
vn 0.187035 -0.513126 -0.837687
vn 0.170691 -0.323914 -0.930561
vn -0.740662 -0.538614 -0.401640
vn -0.725056 -0.549498 -0.415145
vn -0.701606 -0.654625 -0.281451
vn -0.717657 -0.641672 -0.270602
vn 0.870572 -0.334705 -0.360662
vn 0.606605 -0.623699 -0.492981
vn 0.584250 -0.523414 -0.620234
vn 0.858633 -0.280778 -0.428850
vn 0.239330 -0.806151 -0.541149
vn 0.210335 -0.676599 -0.705672
vn -0.691070 -0.712695 -0.120371
vn -0.674461 -0.727096 -0.128197
vn -0.645428 -0.762915 0.037183
vn -0.662588 -0.747821 0.041723
vn 0.899298 -0.390075 -0.197749
vn 0.660133 -0.726877 -0.189405
vn 0.632452 -0.692574 -0.346909
vn 0.884488 -0.371520 -0.282229
vn 0.308515 -0.939515 -0.148762
vn 0.272641 -0.895272 -0.352356
vn -0.633269 -0.745619 0.207420
vn -0.615493 -0.760685 0.206220
vn -0.586643 -0.720109 0.370531
vn -0.604969 -0.705858 0.368478
vn 0.929351 -0.368185 -0.027311
vn 0.716128 -0.686094 0.128202
vn 0.688616 -0.724571 -0.028367
vn 0.914617 -0.388685 -0.111353
vn 0.380897 -0.886794 0.261751
vn 0.345245 -0.936630 0.059414
vn -0.578712 -0.630863 0.516821
vn -0.559835 -0.643610 0.521872
vn -0.536916 -0.534669 0.652572
vn -0.556221 -0.524092 0.644938
vn 0.954777 -0.273378 0.116903
vn 0.763508 -0.509418 0.396925
vn 0.741625 -0.613059 0.272306
vn 0.943056 -0.328863 0.049936
vn 0.442134 -0.658436 0.609080
vn 0.413768 -0.792477 0.448081
vn -0.538203 -0.391162 0.746545
vn -0.518505 -0.399066 0.756240
vn 0.780993 -0.380118 0.495539
vn 0.964172 -0.203908 0.169688
vn 0.464655 -0.491368 0.736650
vn -0.172270 -0.125478 -0.977025
vn -0.172281 -0.125479 -0.977023
vn -0.172809 0.098429 -0.980025
vn -0.172816 0.098427 -0.980024
vn -0.172295 -0.125477 -0.977021
vn -0.172804 0.098428 -0.980026
vn -0.164687 0.317402 -0.933881
vn -0.164670 0.317402 -0.933884
vn -0.164664 0.317404 -0.933885
vn 0.231968 -0.316658 0.919738
vn 0.240070 -0.098201 0.965776
vn 0.239557 0.125180 0.962779
vn -0.145762 -0.543502 -0.826656
vn -0.145762 -0.543501 -0.826656
vn -0.163109 -0.343089 -0.925033
vn -0.163115 -0.343092 -0.925031
vn -0.145762 -0.543501 -0.826656
vn -0.163113 -0.343091 -0.925031
vn 0.230400 0.342284 0.910910
vn 0.213108 0.542221 0.812762
vn -0.090376 -0.853887 -0.512551
vn -0.090378 -0.853888 -0.512550
vn -0.121106 -0.716665 -0.686823
vn -0.121106 -0.716663 -0.686824
vn -0.090374 -0.853886 -0.512553
vn -0.121105 -0.716663 -0.686824
vn 0.188498 0.714969 0.673266
vn 0.157854 0.851867 0.499405
vn -0.017091 -0.995144 -0.096934
vn -0.017089 -0.995144 -0.096938
vn -0.055116 -0.948292 -0.312577
vn -0.055116 -0.948291 -0.312579
vn -0.017100 -0.995144 -0.096930
vn -0.055115 -0.948291 -0.312581
vn 0.122668 0.946048 0.299909
vn 0.084744 0.992790 0.084771
vn 0.059582 -0.939302 0.337878
vn 0.059576 -0.939302 0.337879
vn 0.021788 -0.992097 0.123567
vn 0.021783 -0.992097 0.123566
vn 0.059574 -0.939301 0.337881
vn 0.021794 -0.992097 0.123565
vn 0.045947 0.989751 -0.135211
vn 0.008252 0.937079 -0.349020
vn 0.124448 -0.697421 0.705774
vn 0.124446 -0.697420 0.705775
vn 0.094379 -0.839405 0.535249
vn 0.094378 -0.839405 0.535250
vn 0.124448 -0.697421 0.705774
vn 0.094378 -0.839405 0.535250
vn -0.026475 0.837420 -0.545919
vn -0.056466 0.695769 -0.716042
vn 0.164665 -0.317402 0.933885
vn 0.164670 -0.317406 0.933883
vn 0.148276 -0.520463 0.840912
vn 0.148281 -0.520463 0.840911
vn 0.164672 -0.317402 0.933884
vn 0.148267 -0.520463 0.840913
vn -0.080248 0.519234 -0.850856
vn -0.096593 0.316661 -0.943608
vn 0.172270 0.125475 0.977026
vn 0.172277 0.125473 0.977025
vn 0.172806 -0.098430 0.980025
vn 0.172805 -0.098429 0.980025
vn 0.172280 0.125475 0.977024
vn 0.172803 -0.098429 0.980026
vn -0.104719 0.098202 -0.989641
vn -0.104179 -0.125182 -0.986649
vn 0.145763 0.543501 0.826656
vn 0.145762 0.543501 0.826656
vn 0.163108 0.343085 0.925034
vn 0.163107 0.343086 0.925034
vn 0.145760 0.543501 0.826656
vn 0.163112 0.343087 0.925033
vn -0.095042 -0.342286 -0.934777
vn -0.077728 -0.542223 -0.836632
vn 0.090372 0.853888 0.512551
vn 0.090379 0.853888 0.512549
vn 0.121107 0.716663 0.686824
vn 0.121104 0.716665 0.686822
vn 0.090378 0.853889 0.512548
vn 0.121104 0.716665 0.686823
vn -0.053143 -0.714968 -0.697135
vn -0.022474 -0.851866 -0.523277
vn 0.017095 0.995144 0.096933
vn 0.017093 0.995144 0.096935
vn 0.055115 0.948292 0.312576
vn 0.055117 0.948292 0.312578
vn 0.017086 0.995144 0.096934
vn 0.055116 0.948292 0.312577
vn 0.012689 -0.946048 -0.323777
vn 0.050636 -0.992790 -0.108643
vn -0.059577 0.939302 -0.337880
vn -0.059578 0.939301 -0.337880
vn -0.021789 0.992096 -0.123571
vn -0.021794 0.992097 -0.123570
vn -0.059577 0.939302 -0.337880
vn -0.021783 0.992097 -0.123571
vn 0.089416 -0.989751 0.111345
vn 0.127129 -0.937078 0.325151
vn -0.124436 0.697418 -0.705779
vn -0.124446 0.697418 -0.705777
vn -0.094381 0.839405 -0.535249
vn -0.094377 0.839406 -0.535248
vn -0.124465 0.697417 -0.705775
vn -0.094377 0.839406 -0.535248
vn 0.161831 -0.837419 0.522053
vn 0.191841 -0.695771 0.692170
vn -0.148275 0.520461 -0.840913
vn -0.148283 0.520459 -0.840913
vn -0.148269 0.520460 -0.840915
vn 0.215600 -0.519236 0.826989
vn 0.926642 0.068019 -0.369740
vn 0.994794 -0.025279 -0.098726
vn 0.993476 -0.041353 -0.106281
vn 0.930015 0.111730 -0.350126
vn 0.991591 -0.055548 -0.116883
vn 0.935264 0.149449 -0.320851
vn 0.989193 -0.066696 -0.130570
vn 0.941586 0.180201 -0.284506
vn 0.986424 -0.074814 -0.146185
vn 0.949160 0.201297 -0.242023
vn 0.983425 -0.078829 -0.163280
vn 0.957169 0.212983 -0.196128
vn 0.980318 -0.079260 -0.180818
vn 0.965588 0.213275 -0.148838
vn 0.977315 -0.075347 -0.197936
vn 0.973679 0.203578 -0.102496
vn 0.974481 -0.068011 -0.213920
vn 0.981294 0.183005 -0.059764
vn 0.972071 -0.056944 -0.227672
vn 0.987845 0.153853 -0.022153
vn 0.970069 -0.043289 -0.238939
vn 0.993165 0.116478 0.007549
vn 0.968734 -0.027260 -0.246599
vn 0.996862 0.073655 0.028986
vn 0.967958 -0.009993 -0.250914
vn 0.998847 0.026891 0.039780
vn 0.967964 0.007820 -0.250967
vn 0.998944 -0.021130 0.040785
vn 0.968563 0.025281 -0.247479
vn 0.997216 -0.068024 0.030531
vn 0.969913 0.041354 -0.239914
vn 0.993679 -0.111726 0.010916
vn 0.971767 0.055548 -0.229310
vn 0.988597 -0.149463 -0.018362
vn 0.974195 0.066697 -0.215630
vn 0.982108 -0.180202 -0.054692
vn 0.976934 0.074811 -0.200006
vn 0.974695 -0.201301 -0.097203
vn 0.979963 0.078828 -0.182918
vn 0.966522 -0.212992 -0.143070
vn 0.983041 0.079258 -0.165375
vn 0.958263 -0.213269 -0.190389
vn 0.986073 0.075348 -0.148263
vn 0.950014 -0.203579 -0.236704
vn 0.988878 0.068009 -0.132273
vn 0.942556 -0.183002 -0.279463
vn 0.991317 0.056944 -0.118527
vn 0.935847 -0.153853 -0.317047
vn 0.993289 0.043289 -0.107256
vn 0.930687 -0.116480 -0.346778
vn 0.994654 0.027262 -0.099600
vn 0.926830 -0.073655 -0.368185
vn 0.995400 0.009992 -0.095284
vn 0.925011 -0.026887 -0.378988
vn 0.995425 -0.007820 -0.095228
vn 0.924746 0.021128 -0.379998
vn 0.938216 0.065144 -0.339863
vn 0.478363 0.253496 -0.840779
vn 0.478209 0.410185 -0.776573
vn 0.928828 0.103459 -0.355775
vn 0.510287 0.551602 -0.659805
vn 0.946080 0.133221 -0.295270
vn 0.520844 0.665353 -0.534815
vn 0.939873 0.175252 -0.293131
vn 0.561477 0.740472 -0.369384
vn 0.958293 0.174913 -0.226008
vn 0.578470 0.788747 -0.207969
vn 0.955235 0.212336 -0.206009
vn 0.621852 0.782668 -0.027019
vn 0.972438 0.181962 -0.145791
vn 0.639697 0.755912 0.139230
vn 0.971869 0.207364 -0.111672
vn 0.679409 0.669865 0.299474
vn 0.985712 0.152969 -0.070508
vn 0.692382 0.573361 0.438023
vn 0.986481 0.161322 -0.028800
vn 0.722786 0.424363 0.545432
vn 0.995488 0.093681 -0.015064
vn 0.726093 0.277245 0.629225
vn 0.996178 0.083324 0.026190
vn 0.743358 0.094825 0.662139
vn 0.999829 0.015837 0.009551
vn 0.734162 -0.073772 0.674955
vn 0.999038 -0.011171 0.042410
vn 0.737069 -0.253496 0.626473
vn 0.997875 -0.065143 -0.001529
vn 0.714985 -0.410184 0.566167
vn 0.994494 -0.103460 0.016648
vn 0.705163 -0.551611 0.445500
vn 0.990013 -0.133222 -0.046117
vn 0.672352 -0.665352 0.324421
vn 0.983448 -0.175253 -0.046003
vn 0.653957 -0.740470 0.155066
vn 0.977800 -0.174915 -0.115377
vn 0.614713 -0.788747 -0.002425
vn 0.968086 -0.212334 -0.133127
vn 0.593587 -0.782671 -0.187297
vn 0.963656 -0.181964 -0.195594
vn 0.553499 -0.755912 -0.349622
vn 0.951452 -0.207364 -0.227463
vn 0.536015 -0.669859 -0.513787
vn 0.950381 -0.152971 -0.270879
vn 0.500814 -0.573363 -0.648414
vn 0.936839 -0.161321 -0.310334
vn 0.492645 -0.424366 -0.759746
vn 0.940605 -0.093681 -0.326321
vn 0.467098 -0.277253 -0.839613
vn 0.927143 -0.083325 -0.365326
vn 0.472081 -0.094824 -0.876441
vn 0.936264 -0.015839 -0.350941
vn 0.459020 0.073769 -0.885358
vn 0.924283 0.011172 -0.381545
vn 0.417162 -0.103311 -0.902941
vn 0.416154 0.081075 -0.905673
vn 0.423440 0.261304 -0.867421
vn 0.438999 -0.447458 -0.779141
vn 0.424139 -0.282580 -0.860381
vn 0.484597 -0.702996 -0.520541
vn 0.458735 -0.590281 -0.664176
vn 0.544925 -0.819293 -0.178371
vn 0.513086 -0.781061 -0.355930
vn 0.608051 -0.773316 0.179604
vn 0.576429 -0.817141 0.003299
vn 0.661463 -0.574174 0.482484
vn 0.636219 -0.691376 0.342380
vn 0.694576 -0.261315 0.670282
vn 0.680612 -0.428679 0.594139
vn 0.700838 0.103301 0.705801
vn 0.700819 -0.081072 0.708717
vn 0.679005 0.447459 0.582007
vn 0.692832 0.282578 0.663426
vn 0.633406 0.702997 0.323407
vn 0.658233 0.590277 0.467228
vn 0.573066 0.819295 -0.018762
vn 0.603880 0.781060 0.158979
vn 0.509961 0.773309 -0.376741
vn 0.540546 0.817135 -0.200253
vn 0.456551 0.574170 -0.679625
vn 0.480750 0.691376 -0.539331
vn 0.436370 0.428674 -0.791087
vn -0.543264 -0.232131 0.806833
vn -0.534836 -0.074991 0.841622
vn -0.537817 0.094677 0.837729
vn -0.541841 0.251751 0.801891
vn -0.557531 0.402732 0.725925
vn -0.572775 0.528644 0.626470
vn -0.598506 0.631029 0.493551
vn -0.621501 0.700825 0.350114
vn -0.652615 0.734339 0.186654
vn -0.678376 0.734198 0.027563
vn -0.709158 0.692201 -0.133991
vn -0.732136 0.622152 -0.277314
vn -0.756923 0.512966 -0.404886
vn -0.772130 0.386880 -0.504123
vn -0.786456 0.232128 -0.572367
vn -0.790435 0.074989 -0.607939
vn -0.791902 -0.094676 -0.603263
vn -0.783429 -0.251756 -0.568206
vn -0.772192 -0.402735 -0.491452
vn -0.752500 -0.528641 -0.392788
vn -0.731218 -0.631026 -0.259088
vn -0.703770 -0.700821 -0.116436
vn -0.677101 -0.734336 0.047810
vn -0.646894 -0.734194 0.206123
vn -0.620563 -0.692198 0.368461
vn -0.593133 -0.622153 0.510998
vn -0.572795 -0.512966 0.639353
vn -0.553139 -0.386890 0.737803
f 1/1/1 2/2/2 3/3/3
f 1/1/1 3/3/3 4/4/4
f 2/2/2 5/5/5 6/6/6
f 2/2/2 6/6/6 3/3/3
f 3/3/3 6/6/6 7/7/7
f 3/3/3 7/7/7 8/8/8
f 4/4/4 3/3/3 8/8/8
f 4/4/4 8/8/8 9/9/9
f 5/5/5 10/10/10 11/11/11
f 5/5/5 11/11/11 6/6/6
f 10/10/10 12/12/12 13/13/13
f 10/10/10 13/13/13 11/11/11
f 11/11/11 13/13/13 14/14/14
f 11/11/11 14/14/14 15/15/15
f 6/6/6 11/11/11 15/15/15
f 6/6/6 15/15/15 7/7/7
f 12/12/12 16/16/16 17/17/17
f 12/12/12 17/17/17 13/13/13
f 16/16/16 18/18/18 19/19/19
f 16/16/16 19/19/19 17/17/17
f 17/17/17 19/19/19 20/20/20
f 17/17/17 20/20/20 21/21/21
f 13/13/13 17/17/17 21/21/21
f 13/13/13 21/21/21 14/14/14
f 18/18/18 22/22/22 23/23/23
f 18/18/18 23/23/23 19/19/19
f 22/22/22 24/24/24 25/25/25
f 22/22/22 25/25/25 23/23/23
f 23/23/23 25/25/25 26/26/26
f 23/23/23 26/26/26 27/27/27
f 19/19/19 23/23/23 27/27/27
f 19/19/19 27/27/27 20/20/20
f 24/24/24 28/28/28 29/29/29
f 24/24/24 29/29/29 25/25/25
f 28/28/28 30/30/30 31/31/31
f 28/28/28 31/31/31 29/29/29
f 29/29/29 31/31/31 32/32/32
f 29/29/29 32/32/32 33/33/33
f 25/25/25 29/29/29 33/33/33
f 25/25/25 33/33/33 26/26/26
f 30/30/30 34/34/34 35/35/35
f 30/30/30 35/35/35 31/31/31
f 34/34/34 36/36/36 37/37/37
f 34/34/34 37/37/37 35/35/35
f 35/35/35 37/37/37 38/38/38
f 35/35/35 38/38/38 39/39/39
f 31/31/31 35/35/35 39/39/39
f 31/31/31 39/39/39 32/32/32
f 36/36/36 40/40/40 41/41/41
f 36/36/36 41/41/41 37/37/37
f 40/40/40 42/42/42 43/43/43
f 40/40/40 43/43/43 41/41/41
f 41/41/41 43/43/43 44/44/44
f 41/41/41 44/44/44 45/45/45
f 37/37/37 41/41/41 45/45/45
f 37/37/37 45/45/45 38/38/38
f 42/42/42 46/46/46 47/47/47
f 42/42/42 47/47/47 43/43/43
f 46/46/46 48/48/48 49/49/49
f 46/46/46 49/49/49 47/47/47
f 47/47/47 49/49/49 50/50/50
f 47/47/47 50/50/50 51/51/51
f 43/43/43 47/47/47 51/51/51
f 43/43/43 51/51/51 44/44/44
f 48/48/48 52/52/52 53/53/53
f 48/48/48 53/53/53 49/49/49
f 52/52/52 54/54/54 55/55/55
f 52/52/52 55/55/55 53/53/53
f 53/53/53 55/55/55 56/56/56
f 53/53/53 56/56/56 57/57/57
f 49/49/49 53/53/53 57/57/57
f 49/49/49 57/57/57 50/50/50
f 54/54/54 58/58/58 59/59/59
f 54/54/54 59/59/59 55/55/55
f 58/58/58 60/60/60 61/61/61
f 58/58/58 61/61/61 59/59/59
f 59/59/59 61/61/61 62/62/62
f 59/59/59 62/62/62 63/63/63
f 55/55/55 59/59/59 63/63/63
f 55/55/55 63/63/63 56/56/56
f 60/60/60 64/64/64 65/65/65
f 60/60/60 65/65/65 61/61/61
f 64/64/64 66/66/66 67/67/67
f 64/64/64 67/67/67 65/65/65
f 65/65/65 67/67/67 68/68/68
f 65/65/65 68/68/68 69/69/69
f 61/61/61 65/65/65 69/69/69
f 61/61/61 69/69/69 62/62/62
f 66/66/66 70/70/70 71/71/71
f 66/66/66 71/71/71 67/67/67
f 70/70/70 72/72/72 73/73/73
f 70/70/70 73/73/73 71/71/71
f 71/71/71 73/73/73 74/74/74
f 71/71/71 74/74/74 75/75/75
f 67/67/67 71/71/71 75/75/75
f 67/67/67 75/75/75 68/68/68
f 72/72/72 76/76/76 77/77/77
f 72/72/72 77/77/77 73/73/73
f 76/76/76 78/78/78 79/79/79
f 76/76/76 79/79/79 77/77/77
f 77/77/77 79/79/79 80/80/80
f 77/77/77 80/80/80 81/81/81
f 73/73/73 77/77/77 81/81/81
f 73/73/73 81/81/81 74/74/74
f 78/78/78 82/82/82 83/83/83
f 78/78/78 83/83/83 79/79/79
f 82/82/82 1/1/1 4/4/4
f 82/82/82 4/4/4 83/83/83
f 83/83/83 4/4/4 9/9/9
f 83/83/83 9/9/9 84/84/84
f 79/79/79 83/83/83 84/84/84
f 79/79/79 84/84/84 80/80/80
f 85/85/85 86/86/86 87/87/87
f 85/85/85 87/87/87 88/88/88
f 89/89/89 90/90/90 87/87/87
f 89/89/89 87/87/87 86/86/86
f 91/91/91 88/88/88 87/87/87
f 91/91/91 87/87/87 90/90/90
f 92/92/92 93/93/93 94/94/94
f 92/92/92 94/94/94 95/95/95
f 85/85/85 88/88/88 94/94/94
f 85/85/85 94/94/94 93/93/93
f 91/91/91 95/95/95 94/94/94
f 91/91/91 94/94/94 88/88/88
f 96/96/96 97/97/97 98/98/98
f 96/96/96 98/98/98 99/99/99
f 92/92/92 95/95/95 98/98/98
f 92/92/92 98/98/98 97/97/97
f 91/91/91 99/99/99 98/98/98
f 91/91/91 98/98/98 95/95/95
f 100/100/100 101/101/101 102/102/102
f 100/100/100 102/102/102 103/103/103
f 96/96/96 99/99/99 102/102/102
f 96/96/96 102/102/102 101/101/101
f 91/91/91 103/103/103 102/102/102
f 91/91/91 102/102/102 99/99/99
f 104/104/104 105/105/105 106/106/106
f 104/104/104 106/106/106 107/107/107
f 100/100/100 103/103/103 106/106/106
f 100/100/100 106/106/106 105/105/105
f 91/91/91 107/107/107 106/106/106
f 91/91/91 106/106/106 103/103/103
f 108/108/108 109/109/109 110/110/110
f 108/108/108 110/110/110 111/111/111
f 104/104/104 107/107/107 110/110/110
f 104/104/104 110/110/110 109/109/109
f 91/91/91 111/111/111 110/110/110
f 91/91/91 110/110/110 107/107/107
f 112/112/112 113/113/113 114/114/114
f 112/112/112 114/114/114 115/115/115
f 108/108/108 111/111/111 114/114/114
f 108/108/108 114/114/114 113/113/113
f 91/91/91 115/115/115 114/114/114
f 91/91/91 114/114/114 111/111/111
f 116/116/116 117/117/117 118/118/118
f 116/116/116 118/118/118 119/119/119
f 112/112/112 115/115/115 118/118/118
f 112/112/112 118/118/118 117/117/117
f 91/91/91 119/119/119 118/118/118
f 91/91/91 118/118/118 115/115/115
f 120/120/120 121/121/121 122/122/122
f 120/120/120 122/122/122 123/123/123
f 116/116/116 119/119/119 122/122/122
f 116/116/116 122/122/122 121/121/121
f 91/91/91 123/123/123 122/122/122
f 91/91/91 122/122/122 119/119/119
f 124/124/124 125/125/125 126/126/126
f 124/124/124 126/126/126 127/127/127
f 120/120/120 123/123/123 126/126/126
f 120/120/120 126/126/126 125/125/125
f 91/91/91 127/127/127 126/126/126
f 91/91/91 126/126/126 123/123/123
f 128/128/128 129/129/129 130/130/130
f 128/128/128 130/130/130 131/131/131
f 124/124/124 127/127/127 130/130/130
f 124/124/124 130/130/130 129/129/129
f 91/91/91 131/131/131 130/130/130
f 91/91/91 130/130/130 127/127/127
f 132/132/132 133/133/133 134/134/134
f 132/132/132 134/134/134 135/135/135
f 128/128/128 131/131/131 134/134/134
f 128/128/128 134/134/134 133/133/133
f 91/91/91 135/135/135 134/134/134
f 91/91/91 134/134/134 131/131/131
f 136/136/136 137/137/137 138/138/138
f 136/136/136 138/138/138 139/139/139
f 132/132/132 135/135/135 138/138/138
f 132/132/132 138/138/138 137/137/137
f 91/91/91 139/139/139 138/138/138
f 91/91/91 138/138/138 135/135/135
f 89/89/89 140/140/140 141/141/141
f 89/89/89 141/141/141 90/90/90
f 136/136/136 139/139/139 141/141/141
f 136/136/136 141/141/141 140/140/140
f 91/91/91 90/90/90 141/141/141
f 91/91/91 141/141/141 139/139/139
f 142/142/142 143/143/143 144/144/144
f 142/142/142 144/144/144 145/145/145
f 146/146/146 147/147/147 144/144/144
f 146/146/146 144/144/144 143/143/143
f 148/148/148 145/145/145 144/144/144
f 148/148/148 144/144/144 147/147/147
f 146/146/146 149/149/149 150/150/150
f 146/146/146 150/150/150 147/147/147
f 151/151/151 152/152/152 150/150/150
f 151/151/151 150/150/150 149/149/149
f 148/148/148 147/147/147 150/150/150
f 148/148/148 150/150/150 152/152/152
f 151/151/151 153/153/153 154/154/154
f 151/151/151 154/154/154 152/152/152
f 155/155/155 156/156/156 154/154/154
f 155/155/155 154/154/154 153/153/153
f 148/148/148 152/152/152 154/154/154
f 148/148/148 154/154/154 156/156/156
f 155/155/155 157/157/157 158/158/158
f 155/155/155 158/158/158 156/156/156
f 159/159/159 160/160/160 158/158/158
f 159/159/159 158/158/158 157/157/157
f 148/148/148 156/156/156 158/158/158
f 148/148/148 158/158/158 160/160/160
f 159/159/159 161/161/161 162/162/162
f 159/159/159 162/162/162 160/160/160
f 163/163/163 164/164/164 162/162/162
f 163/163/163 162/162/162 161/161/161
f 148/148/148 160/160/160 162/162/162
f 148/148/148 162/162/162 164/164/164
f 163/163/163 165/165/165 166/166/166
f 163/163/163 166/166/166 164/164/164
f 167/167/167 168/168/168 166/166/166
f 167/167/167 166/166/166 165/165/165
f 148/148/148 164/164/164 166/166/166
f 148/148/148 166/166/166 168/168/168
f 167/167/167 169/169/169 170/170/170
f 167/167/167 170/170/170 168/168/168
f 171/171/171 172/172/172 170/170/170
f 171/171/171 170/170/170 169/169/169
f 148/148/148 168/168/168 170/170/170
f 148/148/148 170/170/170 172/172/172
f 171/171/171 173/173/173 174/174/174
f 171/171/171 174/174/174 172/172/172
f 175/175/175 176/176/176 174/174/174
f 175/175/175 174/174/174 173/173/173
f 148/148/148 172/172/172 174/174/174
f 148/148/148 174/174/174 176/176/176
f 175/175/175 177/177/177 178/178/178
f 175/175/175 178/178/178 176/176/176
f 179/179/179 180/180/180 178/178/178
f 179/179/179 178/178/178 177/177/177
f 148/148/148 176/176/176 178/178/178
f 148/148/148 178/178/178 180/180/180
f 179/179/179 181/181/181 182/182/182
f 179/179/179 182/182/182 180/180/180
f 183/183/183 184/184/184 182/182/182
f 183/183/183 182/182/182 181/181/181
f 148/148/148 180/180/180 182/182/182
f 148/148/148 182/182/182 184/184/184
f 183/183/183 185/185/185 186/186/186
f 183/183/183 186/186/186 184/184/184
f 187/187/187 188/188/188 186/186/186
f 187/187/187 186/186/186 185/185/185
f 148/148/148 184/184/184 186/186/186
f 148/148/148 186/186/186 188/188/188
f 187/187/187 189/189/189 190/190/190
f 187/187/187 190/190/190 188/188/188
f 191/191/191 192/192/192 190/190/190
f 191/191/191 190/190/190 189/189/189
f 148/148/148 188/188/188 190/190/190
f 148/148/148 190/190/190 192/192/192
f 191/191/191 193/193/193 194/194/194
f 191/191/191 194/194/194 192/192/192
f 195/195/195 196/196/196 194/194/194
f 195/195/195 194/194/194 193/193/193
f 148/148/148 192/192/192 194/194/194
f 148/148/148 194/194/194 196/196/196
f 195/195/195 197/197/197 198/198/198
f 195/195/195 198/198/198 196/196/196
f 142/142/142 145/145/145 198/198/198
f 142/142/142 198/198/198 197/197/197
f 148/148/148 196/196/196 198/198/198
f 148/148/148 198/198/198 145/145/145
f 199/199/199 200/200/200 201/201/201
f 199/199/199 201/201/201 202/202/202
f 200/200/200 203/203/203 204/204/204
f 200/200/200 204/204/204 201/201/201
f 201/201/201 204/204/204 205/205/205
f 201/201/201 205/205/205 206/206/206
f 202/202/202 201/201/201 206/206/206
f 202/202/202 206/206/206 207/207/207
f 203/203/203 208/208/208 209/209/209
f 203/203/203 209/209/209 204/204/204
f 208/208/208 210/210/210 211/211/211
f 208/208/208 211/211/211 209/209/209
f 209/209/209 211/211/211 212/212/212
f 209/209/209 212/212/212 213/213/213
f 204/204/204 209/209/209 213/213/213
f 204/204/204 213/213/213 205/205/205
f 210/210/210 214/214/214 215/215/215
f 210/210/210 215/215/215 211/211/211
f 214/214/214 216/216/216 217/217/217
f 214/214/214 217/217/217 215/215/215
f 215/215/215 217/217/217 218/218/218
f 215/215/215 218/218/218 219/219/219
f 211/211/211 215/215/215 219/219/219
f 211/211/211 219/219/219 212/212/212
f 216/216/216 220/220/220 221/221/221
f 216/216/216 221/221/221 217/217/217
f 220/220/220 222/222/222 223/223/223
f 220/220/220 223/223/223 221/221/221
f 221/221/221 223/223/223 224/224/224
f 221/221/221 224/224/224 225/225/225
f 217/217/217 221/221/221 225/225/225
f 217/217/217 225/225/225 218/218/218
f 222/222/222 226/226/226 227/227/227
f 222/222/222 227/227/227 223/223/223
f 226/226/226 228/228/228 229/229/229
f 226/226/226 229/229/229 227/227/227
f 227/227/227 229/229/229 230/230/230
f 227/227/227 230/230/230 231/231/231
f 223/223/223 227/227/227 231/231/231
f 223/223/223 231/231/231 224/224/224
f 228/228/228 232/232/232 233/233/233
f 228/228/228 233/233/233 229/229/229
f 232/232/232 234/234/234 235/235/235
f 232/232/232 235/235/235 233/233/233
f 233/233/233 235/235/235 236/236/236
f 233/233/233 236/236/236 237/237/237
f 229/229/229 233/233/233 237/237/237
f 229/229/229 237/237/237 230/230/230
f 234/234/234 238/238/238 239/239/239
f 234/234/234 239/239/239 235/235/235
f 238/238/238 240/240/240 241/241/241
f 238/238/238 241/241/241 239/239/239
f 239/239/239 241/241/241 242/242/242
f 239/239/239 242/242/242 243/243/243
f 235/235/235 239/239/239 243/243/243
f 235/235/235 243/243/243 236/236/236
f 240/240/240 244/244/244 245/245/245
f 240/240/240 245/245/245 241/241/241
f 244/244/244 246/246/246 247/247/247
f 244/244/244 247/247/247 245/245/245
f 245/245/245 247/247/247 248/248/248
f 245/245/245 248/248/248 249/249/249
f 241/241/241 245/245/245 249/249/249
f 241/241/241 249/249/249 242/242/242
f 246/246/246 250/250/250 251/251/251
f 246/246/246 251/251/251 247/247/247
f 250/250/250 252/252/252 253/253/253
f 250/250/250 253/253/253 251/251/251
f 251/251/251 253/253/253 254/254/254
f 251/251/251 254/254/254 255/255/255
f 247/247/247 251/251/251 255/255/255
f 247/247/247 255/255/255 248/248/248
f 252/252/252 256/256/256 257/257/257
f 252/252/252 257/257/257 253/253/253
f 256/256/256 258/258/258 259/259/259
f 256/256/256 259/259/259 257/257/257
f 257/257/257 259/259/259 260/260/260
f 257/257/257 260/260/260 261/261/261
f 253/253/253 257/257/257 261/261/261
f 253/253/253 261/261/261 254/254/254
f 258/258/258 262/262/262 263/263/263
f 258/258/258 263/263/263 259/259/259
f 262/262/262 264/264/264 265/265/265
f 262/262/262 265/265/265 263/263/263
f 263/263/263 265/265/265 266/266/266
f 263/263/263 266/266/266 267/267/267
f 259/259/259 263/263/263 267/267/267
f 259/259/259 267/267/267 260/260/260
f 264/264/264 268/268/268 269/269/269
f 264/264/264 269/269/269 265/265/265
f 268/268/268 270/270/270 271/271/271
f 268/268/268 271/271/271 269/269/269
f 269/269/269 271/271/271 272/272/272
f 269/269/269 272/272/272 273/273/273
f 265/265/265 269/269/269 273/273/273
f 265/265/265 273/273/273 266/266/266
f 270/270/270 274/274/274 275/275/275
f 270/270/270 275/275/275 271/271/271
f 274/274/274 276/276/276 277/277/277
f 274/274/274 277/277/277 275/275/275
f 275/275/275 277/277/277 278/278/278
f 275/275/275 278/278/278 279/279/279
f 271/271/271 275/275/275 279/279/279
f 271/271/271 279/279/279 272/272/272
f 276/276/276 280/280/280 281/281/281
f 276/276/276 281/281/281 277/277/277
f 280/280/280 199/199/199 202/202/202
f 280/280/280 202/202/202 281/281/281
f 281/281/281 202/202/202 207/207/207
f 281/281/281 207/207/207 282/282/282
f 277/277/277 281/281/281 282/282/282
f 277/277/277 282/282/282 278/278/278
f 207/207/207 206/206/206 283/283/283
f 207/207/207 283/283/283 284/284/284
f 206/206/206 205/205/205 285/285/285
f 206/206/206 285/285/285 283/283/283
f 283/283/283 285/285/285 286/286/286
f 283/283/283 286/286/286 287/287/287
f 284/284/284 283/283/283 287/287/287
f 284/284/284 287/287/287 288/288/288
f 289/289/289 290/290/290 291/291/291
f 289/289/289 291/291/291 292/292/292
f 290/290/290 293/293/293 294/294/294
f 290/290/290 294/294/294 291/291/291
f 291/291/291 294/294/294 295/295/295
f 291/291/291 295/295/295 296/296/296
f 292/292/292 291/291/291 296/296/296
f 292/292/292 296/296/296 297/297/297
f 205/205/205 213/213/213 298/298/298
f 205/205/205 298/298/298 285/285/285
f 213/213/213 212/212/212 299/299/299
f 213/213/213 299/299/299 298/298/298
f 298/298/298 299/299/299 300/300/300
f 298/298/298 300/300/300 301/301/301
f 285/285/285 298/298/298 301/301/301
f 285/285/285 301/301/301 286/286/286
f 302/302/302 303/303/303 304/304/304
f 302/302/302 304/304/304 305/305/305
f 303/303/303 289/289/289 292/292/292
f 303/303/303 292/292/292 304/304/304
f 304/304/304 292/292/292 297/297/297
f 304/304/304 297/297/297 306/306/306
f 305/305/305 304/304/304 306/306/306
f 305/305/305 306/306/306 307/307/307
f 212/212/212 219/219/219 308/308/308
f 212/212/212 308/308/308 299/299/299
f 219/219/219 218/218/218 309/309/309
f 219/219/219 309/309/309 308/308/308
f 308/308/308 309/309/309 310/310/310
f 308/308/308 310/310/310 311/311/311
f 299/299/299 308/308/308 311/311/311
f 299/299/299 311/311/311 300/300/300
f 312/312/312 313/313/313 314/314/314
f 312/312/312 314/314/314 315/315/315
f 313/313/313 302/302/302 305/305/305
f 313/313/313 305/305/305 314/314/314
f 314/314/314 305/305/305 307/307/307
f 314/314/314 307/307/307 316/316/316
f 315/315/315 314/314/314 316/316/316
f 315/315/315 316/316/316 317/317/317
f 218/218/218 225/225/225 318/318/318
f 218/218/218 318/318/318 309/309/309
f 225/225/225 224/224/224 319/319/319
f 225/225/225 319/319/319 318/318/318
f 318/318/318 319/319/319 320/320/320
f 318/318/318 320/320/320 321/321/321
f 309/309/309 318/318/318 321/321/321
f 309/309/309 321/321/321 310/310/310
f 322/322/322 323/323/323 324/324/324
f 322/322/322 324/324/324 325/325/325
f 323/323/323 312/312/312 315/315/315
f 323/323/323 315/315/315 324/324/324
f 324/324/324 315/315/315 317/317/317
f 324/324/324 317/317/317 326/326/326
f 325/325/325 324/324/324 326/326/326
f 325/325/325 326/326/326 327/327/327
f 224/224/224 231/231/231 328/328/328
f 224/224/224 328/328/328 319/319/319
f 231/231/231 230/230/230 329/329/329
f 231/231/231 329/329/329 328/328/328
f 328/328/328 329/329/329 330/330/330
f 328/328/328 330/330/330 331/331/331
f 319/319/319 328/328/328 331/331/331
f 319/319/319 331/331/331 320/320/320
f 332/332/332 333/333/333 334/334/334
f 332/332/332 334/334/334 335/335/335
f 333/333/333 322/322/322 325/325/325
f 333/333/333 325/325/325 334/334/334
f 334/334/334 325/325/325 327/327/327
f 334/334/334 327/327/327 336/336/336
f 335/335/335 334/334/334 336/336/336
f 335/335/335 336/336/336 337/337/337
f 230/230/230 237/237/237 338/338/338
f 230/230/230 338/338/338 329/329/329
f 237/237/237 236/236/236 339/339/339
f 237/237/237 339/339/339 338/338/338
f 338/338/338 339/339/339 340/340/340
f 338/338/338 340/340/340 341/341/341
f 329/329/329 338/338/338 341/341/341
f 329/329/329 341/341/341 330/330/330
f 342/342/342 343/343/343 344/344/344
f 342/342/342 344/344/344 345/345/345
f 343/343/343 332/332/332 335/335/335
f 343/343/343 335/335/335 344/344/344
f 344/344/344 335/335/335 337/337/337
f 344/344/344 337/337/337 346/346/346
f 345/345/345 344/344/344 346/346/346
f 345/345/345 346/346/346 347/347/347
f 236/236/236 243/243/243 348/348/348
f 236/236/236 348/348/348 339/339/339
f 243/243/243 242/242/242 349/349/349
f 243/243/243 349/349/349 348/348/348
f 348/348/348 349/349/349 350/350/350
f 348/348/348 350/350/350 351/351/351
f 339/339/339 348/348/348 351/351/351
f 339/339/339 351/351/351 340/340/340
f 352/352/352 353/353/353 354/354/354
f 352/352/352 354/354/354 355/355/355
f 353/353/353 342/342/342 345/345/345
f 353/353/353 345/345/345 354/354/354
f 354/354/354 345/345/345 347/347/347
f 354/354/354 347/347/347 356/356/356
f 355/355/355 354/354/354 356/356/356
f 355/355/355 356/356/356 357/357/357
f 242/242/242 249/249/249 358/358/358
f 242/242/242 358/358/358 349/349/349
f 249/249/249 248/248/248 359/359/359
f 249/249/249 359/359/359 358/358/358
f 358/358/358 359/359/359 360/360/360
f 358/358/358 360/360/360 361/361/361
f 349/349/349 358/358/358 361/361/361
f 349/349/349 361/361/361 350/350/350
f 362/362/362 363/363/363 364/364/364
f 362/362/362 364/364/364 365/365/365
f 363/363/363 352/352/352 355/355/355
f 363/363/363 355/355/355 364/364/364
f 364/364/364 355/355/355 357/357/357
f 364/364/364 357/357/357 366/366/366
f 365/365/365 364/364/364 366/366/366
f 365/365/365 366/366/366 367/367/367
f 248/248/248 255/255/255 368/368/368
f 248/248/248 368/368/368 359/359/359
f 255/255/255 254/254/254 369/369/369
f 255/255/255 369/369/369 368/368/368
f 368/368/368 369/369/369 370/370/370
f 368/368/368 370/370/370 371/371/371
f 359/359/359 368/368/368 371/371/371
f 359/359/359 371/371/371 360/360/360
f 372/372/372 373/373/373 374/374/374
f 372/372/372 374/374/374 375/375/375
f 373/373/373 362/362/362 365/365/365
f 373/373/373 365/365/365 374/374/374
f 374/374/374 365/365/365 367/367/367
f 374/374/374 367/367/367 376/376/376
f 375/375/375 374/374/374 376/376/376
f 375/375/375 376/376/376 377/377/377
f 254/254/254 261/261/261 378/378/378
f 254/254/254 378/378/378 369/369/369
f 261/261/261 260/260/260 379/379/379
f 261/261/261 379/379/379 378/378/378
f 378/378/378 379/379/379 380/380/380
f 378/378/378 380/380/380 381/381/381
f 369/369/369 378/378/378 381/381/381
f 369/369/369 381/381/381 370/370/370
f 382/382/382 383/383/383 384/384/384
f 382/382/382 384/384/384 385/385/385
f 383/383/383 372/372/372 375/375/375
f 383/383/383 375/375/375 384/384/384
f 384/384/384 375/375/375 377/377/377
f 384/384/384 377/377/377 386/386/386
f 385/385/385 384/384/384 386/386/386
f 385/385/385 386/386/386 387/387/387
f 260/260/260 267/267/267 388/388/388
f 260/260/260 388/388/388 379/379/379
f 267/267/267 266/266/266 389/389/389
f 267/267/267 389/389/389 388/388/388
f 388/388/388 389/389/389 390/390/390
f 388/388/388 390/390/390 391/391/391
f 379/379/379 388/388/388 391/391/391
f 379/379/379 391/391/391 380/380/380
f 392/392/392 393/393/393 394/394/394
f 392/392/392 394/394/394 395/395/395
f 393/393/393 382/382/382 385/385/385
f 393/393/393 385/385/385 394/394/394
f 394/394/394 385/385/385 387/387/387
f 394/394/394 387/387/387 396/396/396
f 395/395/395 394/394/394 396/396/396
f 395/395/395 396/396/396 397/397/397
f 266/266/266 273/273/273 398/398/398
f 266/266/266 398/398/398 389/389/389
f 273/273/273 272/272/272 399/399/399
f 273/273/273 399/399/399 398/398/398
f 398/398/398 399/399/399 400/400/400
f 398/398/398 400/400/400 401/401/401
f 389/389/389 398/398/398 401/401/401
f 389/389/389 401/401/401 390/390/390
f 402/402/402 403/403/403 404/404/404
f 402/402/402 404/404/404 405/405/405
f 403/403/403 392/392/392 395/395/395
f 403/403/403 395/395/395 404/404/404
f 404/404/404 395/395/395 397/397/397
f 404/404/404 397/397/397 406/406/406
f 405/405/405 404/404/404 406/406/406
f 405/405/405 406/406/406 407/407/407
f 272/272/272 279/279/279 408/408/408
f 272/272/272 408/408/408 399/399/399
f 279/279/279 278/278/278 409/409/409
f 279/279/279 409/409/409 408/408/408
f 408/408/408 409/409/409 410/410/410
f 408/408/408 410/410/410 411/411/411
f 399/399/399 408/408/408 411/411/411
f 399/399/399 411/411/411 400/400/400
f 412/412/412 413/413/413 414/414/414
f 412/412/412 414/414/414 415/415/415
f 413/413/413 402/402/402 405/405/405
f 413/413/413 405/405/405 414/414/414
f 414/414/414 405/405/405 407/407/407
f 414/414/414 407/407/407 416/416/416
f 415/415/415 414/414/414 416/416/416
f 415/415/415 416/416/416 417/417/417
f 278/278/278 282/282/282 418/418/418
f 278/278/278 418/418/418 409/409/409
f 282/282/282 207/207/207 284/284/284
f 282/282/282 284/284/284 418/418/418
f 418/418/418 284/284/284 288/288/288
f 418/418/418 288/288/288 419/419/419
f 409/409/409 418/418/418 419/419/419
f 409/409/409 419/419/419 410/410/410
f 293/293/293 420/420/420 421/421/421
f 293/293/293 421/421/421 294/294/294
f 420/420/420 412/412/412 415/415/415
f 420/420/420 415/415/415 421/421/421
f 421/421/421 415/415/415 417/417/417
f 421/421/421 417/417/417 422/422/422
f 294/294/294 421/421/421 422/422/422
f 294/294/294 422/422/422 295/295/295
f 423/423/423 424/424/424 425/425/425
f 423/423/423 425/425/425 426/426/426
f 424/424/424 427/427/427 428/428/428
f 424/424/424 428/428/428 425/425/425
f 425/425/425 428/428/428 429/429/429
f 425/425/425 429/429/429 430/430/430
f 426/426/426 425/425/425 430/430/430
f 426/426/426 430/430/430 431/431/431
f 9/9/9 8/8/8 432/432/432
f 9/9/9 432/432/432 433/433/433
f 8/8/8 7/7/7 434/434/434
f 8/8/8 434/434/434 432/432/432
f 432/432/432 434/434/434 297/297/297
f 432/432/432 297/297/297 296/296/296
f 433/433/433 432/432/432 296/296/296
f 433/433/433 296/296/296 295/295/295
f 435/435/435 436/436/436 437/437/437
f 435/435/435 437/437/437 438/438/438
f 436/436/436 423/423/423 426/426/426
f 436/436/436 426/426/426 437/437/437
f 437/437/437 426/426/426 431/431/431
f 437/437/437 431/431/431 439/439/439
f 438/438/438 437/437/437 439/439/439
f 438/438/438 439/439/439 440/440/440
f 7/7/7 15/15/15 441/441/441
f 7/7/7 441/441/441 434/434/434
f 15/15/15 14/14/14 442/442/442
f 15/15/15 442/442/442 441/441/441
f 441/441/441 442/442/442 307/307/307
f 441/441/441 307/307/307 306/306/306
f 434/434/434 441/441/441 306/306/306
f 434/434/434 306/306/306 297/297/297
f 443/443/443 444/444/444 445/445/445
f 443/443/443 445/445/445 446/446/446
f 444/444/444 435/435/435 438/438/438
f 444/444/444 438/438/438 445/445/445
f 445/445/445 438/438/438 440/440/440
f 445/445/445 440/440/440 447/447/447
f 446/446/446 445/445/445 447/447/447
f 446/446/446 447/447/447 448/448/448
f 14/14/14 21/21/21 449/449/449
f 14/14/14 449/449/449 442/442/442
f 21/21/21 20/20/20 450/450/450
f 21/21/21 450/450/450 449/449/449
f 449/449/449 450/450/450 317/317/317
f 449/449/449 317/317/317 316/316/316
f 442/442/442 449/449/449 316/316/316
f 442/442/442 316/316/316 307/307/307
f 451/451/451 452/452/452 453/453/453
f 451/451/451 453/453/453 454/454/454
f 452/452/452 443/443/443 446/446/446
f 452/452/452 446/446/446 453/453/453
f 453/453/453 446/446/446 448/448/448
f 453/453/453 448/448/448 455/455/455
f 454/454/454 453/453/453 455/455/455
f 454/454/454 455/455/455 456/456/456
f 20/20/20 27/27/27 457/457/457
f 20/20/20 457/457/457 450/450/450
f 27/27/27 26/26/26 458/458/458
f 27/27/27 458/458/458 457/457/457
f 457/457/457 458/458/458 327/327/327
f 457/457/457 327/327/327 326/326/326
f 450/450/450 457/457/457 326/326/326
f 450/450/450 326/326/326 317/317/317
f 459/459/459 460/460/460 461/461/461
f 459/459/459 461/461/461 462/462/462
f 460/460/460 451/451/451 454/454/454
f 460/460/460 454/454/454 461/461/461
f 461/461/461 454/454/454 456/456/456
f 461/461/461 456/456/456 463/463/463
f 462/462/462 461/461/461 463/463/463
f 462/462/462 463/463/463 464/464/464
f 26/26/26 33/33/33 465/465/465
f 26/26/26 465/465/465 458/458/458
f 33/33/33 32/32/32 466/466/466
f 33/33/33 466/466/466 465/465/465
f 465/465/465 466/466/466 337/337/337
f 465/465/465 337/337/337 336/336/336
f 458/458/458 465/465/465 336/336/336
f 458/458/458 336/336/336 327/327/327
f 467/467/467 468/468/468 469/469/469
f 467/467/467 469/469/469 470/470/470
f 468/468/468 459/459/459 462/462/462
f 468/468/468 462/462/462 469/469/469
f 469/469/469 462/462/462 464/464/464
f 469/469/469 464/464/464 471/471/471
f 470/470/470 469/469/469 471/471/471
f 470/470/470 471/471/471 472/472/472
f 32/32/32 39/39/39 473/473/473
f 32/32/32 473/473/473 466/466/466
f 39/39/39 38/38/38 474/474/474
f 39/39/39 474/474/474 473/473/473
f 473/473/473 474/474/474 347/347/347
f 473/473/473 347/347/347 346/346/346
f 466/466/466 473/473/473 346/346/346
f 466/466/466 346/346/346 337/337/337
f 475/475/475 476/476/476 477/477/477
f 475/475/475 477/477/477 478/478/478
f 476/476/476 467/467/467 470/470/470
f 476/476/476 470/470/470 477/477/477
f 477/477/477 470/470/470 472/472/472
f 477/477/477 472/472/472 479/479/479
f 478/478/478 477/477/477 479/479/479
f 478/478/478 479/479/479 480/480/480
f 38/38/38 45/45/45 481/481/481
f 38/38/38 481/481/481 474/474/474
f 45/45/45 44/44/44 482/482/482
f 45/45/45 482/482/482 481/481/481
f 481/481/481 482/482/482 357/357/357
f 481/481/481 357/357/357 356/356/356
f 474/474/474 481/481/481 356/356/356
f 474/474/474 356/356/356 347/347/347
f 483/483/483 484/484/484 485/485/485
f 483/483/483 485/485/485 486/486/486
f 484/484/484 475/475/475 478/478/478
f 484/484/484 478/478/478 485/485/485
f 485/485/485 478/478/478 480/480/480
f 485/485/485 480/480/480 487/487/487
f 486/486/486 485/485/485 487/487/487
f 486/486/486 487/487/487 488/488/488
f 44/44/44 51/51/51 489/489/489
f 44/44/44 489/489/489 482/482/482
f 51/51/51 50/50/50 490/490/490
f 51/51/51 490/490/490 489/489/489
f 489/489/489 490/490/490 367/367/367
f 489/489/489 367/367/367 366/366/366
f 482/482/482 489/489/489 366/366/366
f 482/482/482 366/366/366 357/357/357
f 491/491/491 492/492/492 493/493/493
f 491/491/491 493/493/493 494/494/494
f 492/492/492 483/483/483 486/486/486
f 492/492/492 486/486/486 493/493/493
f 493/493/493 486/486/486 488/488/488
f 493/493/493 488/488/488 495/495/495
f 494/494/494 493/493/493 495/495/495
f 494/494/494 495/495/495 496/496/496
f 50/50/50 57/57/57 497/497/497
f 50/50/50 497/497/497 490/490/490
f 57/57/57 56/56/56 498/498/498
f 57/57/57 498/498/498 497/497/497
f 497/497/497 498/498/498 377/377/377
f 497/497/497 377/377/377 376/376/376
f 490/490/490 497/497/497 376/376/376
f 490/490/490 376/376/376 367/367/367
f 499/499/499 500/500/500 501/501/501
f 499/499/499 501/501/501 502/502/502
f 500/500/500 491/491/491 494/494/494
f 500/500/500 494/494/494 501/501/501
f 501/501/501 494/494/494 496/496/496
f 501/501/501 496/496/496 503/503/503
f 502/502/502 501/501/501 503/503/503
f 502/502/502 503/503/503 504/504/504
f 56/56/56 63/63/63 505/505/505
f 56/56/56 505/505/505 498/498/498
f 63/63/63 62/62/62 506/506/506
f 63/63/63 506/506/506 505/505/505
f 505/505/505 506/506/506 387/387/387
f 505/505/505 387/387/387 386/386/386
f 498/498/498 505/505/505 386/386/386
f 498/498/498 386/386/386 377/377/377
f 507/507/507 508/508/508 509/509/509
f 507/507/507 509/509/509 510/510/510
f 508/508/508 499/499/499 502/502/502
f 508/508/508 502/502/502 509/509/509
f 509/509/509 502/502/502 504/504/504
f 509/509/509 504/504/504 511/511/511
f 510/510/510 509/509/509 511/511/511
f 510/510/510 511/511/511 512/512/512
f 62/62/62 69/69/69 513/513/513
f 62/62/62 513/513/513 506/506/506
f 69/69/69 68/68/68 514/514/514
f 69/69/69 514/514/514 513/513/513
f 513/513/513 514/514/514 397/397/397
f 513/513/513 397/397/397 396/396/396
f 506/506/506 513/513/513 396/396/396
f 506/506/506 396/396/396 387/387/387
f 515/515/515 516/516/516 517/517/517
f 515/515/515 517/517/517 518/518/518
f 516/516/516 507/507/507 510/510/510
f 516/516/516 510/510/510 517/517/517
f 517/517/517 510/510/510 512/512/512
f 517/517/517 512/512/512 519/519/519
f 518/518/518 517/517/517 519/519/519
f 518/518/518 519/519/519 520/520/520
f 68/68/68 75/75/75 521/521/521
f 68/68/68 521/521/521 514/514/514
f 75/75/75 74/74/74 522/522/522
f 75/75/75 522/522/522 521/521/521
f 521/521/521 522/522/522 407/407/407
f 521/521/521 407/407/407 406/406/406
f 514/514/514 521/521/521 406/406/406
f 514/514/514 406/406/406 397/397/397
f 523/523/523 524/524/524 525/525/525
f 523/523/523 525/525/525 526/526/526
f 524/524/524 515/515/515 518/518/518
f 524/524/524 518/518/518 525/525/525
f 525/525/525 518/518/518 520/520/520
f 525/525/525 520/520/520 527/527/527
f 526/526/526 525/525/525 527/527/527
f 526/526/526 527/527/527 528/528/528
f 74/74/74 81/81/81 529/529/529
f 74/74/74 529/529/529 522/522/522
f 81/81/81 80/80/80 530/530/530
f 81/81/81 530/530/530 529/529/529
f 529/529/529 530/530/530 417/417/417
f 529/529/529 417/417/417 416/416/416
f 522/522/522 529/529/529 416/416/416
f 522/522/522 416/416/416 407/407/407
f 427/427/427 531/531/531 532/532/532
f 427/427/427 532/532/532 428/428/428
f 531/531/531 523/523/523 526/526/526
f 531/531/531 526/526/526 532/532/532
f 532/532/532 526/526/526 528/528/528
f 532/532/532 528/528/528 533/533/533
f 428/428/428 532/532/532 533/533/533
f 428/428/428 533/533/533 429/429/429
f 80/80/80 84/84/84 534/534/534
f 80/80/80 534/534/534 530/530/530
f 84/84/84 9/9/9 433/433/433
f 84/84/84 433/433/433 534/534/534
f 534/534/534 433/433/433 295/295/295
f 534/534/534 295/295/295 422/422/422
f 530/530/530 534/534/534 422/422/422
f 530/530/530 422/422/422 417/417/417
f 535/535/535 536/536/536 537/537/537
f 535/535/535 537/537/537 538/538/538
f 536/536/536 539/539/539 540/540/540
f 536/536/536 540/540/540 537/537/537
f 537/537/537 540/540/540 412/412/412
f 537/537/537 412/412/412 420/420/420
f 538/538/538 537/537/537 420/420/420
f 538/538/538 420/420/420 293/293/293
f 539/539/539 541/541/541 542/542/542
f 539/539/539 542/542/542 540/540/540
f 541/541/541 543/543/543 544/544/544
f 541/541/541 544/544/544 542/542/542
f 542/542/542 544/544/544 402/402/402
f 542/542/542 402/402/402 413/413/413
f 540/540/540 542/542/542 413/413/413
f 540/540/540 413/413/413 412/412/412
f 543/543/543 545/545/545 546/546/546
f 543/543/543 546/546/546 544/544/544
f 545/545/545 547/547/547 548/548/548
f 545/545/545 548/548/548 546/546/546
f 546/546/546 548/548/548 392/392/392
f 546/546/546 392/392/392 403/403/403
f 544/544/544 546/546/546 403/403/403
f 544/544/544 403/403/403 402/402/402
f 547/547/547 549/549/549 550/550/550
f 547/547/547 550/550/550 548/548/548
f 549/549/549 551/551/551 552/552/552
f 549/549/549 552/552/552 550/550/550
f 550/550/550 552/552/552 382/382/382
f 550/550/550 382/382/382 393/393/393
f 548/548/548 550/550/550 393/393/393
f 548/548/548 393/393/393 392/392/392
f 551/551/551 553/553/553 554/554/554
f 551/551/551 554/554/554 552/552/552
f 553/553/553 555/555/555 556/556/556
f 553/553/553 556/556/556 554/554/554
f 554/554/554 556/556/556 372/372/372
f 554/554/554 372/372/372 383/383/383
f 552/552/552 554/554/554 383/383/383
f 552/552/552 383/383/383 382/382/382
f 555/555/555 557/557/557 558/558/558
f 555/555/555 558/558/558 556/556/556
f 557/557/557 559/559/559 560/560/560
f 557/557/557 560/560/560 558/558/558
f 558/558/558 560/560/560 362/362/362
f 558/558/558 362/362/362 373/373/373
f 556/556/556 558/558/558 373/373/373
f 556/556/556 373/373/373 372/372/372
f 559/559/559 561/561/561 562/562/562
f 559/559/559 562/562/562 560/560/560
f 561/561/561 563/563/563 564/564/564
f 561/561/561 564/564/564 562/562/562
f 562/562/562 564/564/564 352/352/352
f 562/562/562 352/352/352 363/363/363
f 560/560/560 562/562/562 363/363/363
f 560/560/560 363/363/363 362/362/362
f 563/563/563 565/565/565 566/566/566
f 563/563/563 566/566/566 564/564/564
f 565/565/565 567/567/567 568/568/568
f 565/565/565 568/568/568 566/566/566
f 566/566/566 568/568/568 342/342/342
f 566/566/566 342/342/342 353/353/353
f 564/564/564 566/566/566 353/353/353
f 564/564/564 353/353/353 352/352/352
f 567/567/567 569/569/569 570/570/570
f 567/567/567 570/570/570 568/568/568
f 569/569/569 571/571/571 572/572/572
f 569/569/569 572/572/572 570/570/570
f 570/570/570 572/572/572 332/332/332
f 570/570/570 332/332/332 343/343/343
f 568/568/568 570/570/570 343/343/343
f 568/568/568 343/343/343 342/342/342
f 571/571/571 573/573/573 574/574/574
f 571/571/571 574/574/574 572/572/572
f 573/573/573 575/575/575 576/576/576
f 573/573/573 576/576/576 574/574/574
f 574/574/574 576/576/576 322/322/322
f 574/574/574 322/322/322 333/333/333
f 572/572/572 574/574/574 333/333/333
f 572/572/572 333/333/333 332/332/332
f 575/575/575 577/577/577 578/578/578
f 575/575/575 578/578/578 576/576/576
f 577/577/577 579/579/579 580/580/580
f 577/577/577 580/580/580 578/578/578
f 578/578/578 580/580/580 312/312/312
f 578/578/578 312/312/312 323/323/323
f 576/576/576 578/578/578 323/323/323
f 576/576/576 323/323/323 322/322/322
f 579/579/579 581/581/581 582/582/582
f 579/579/579 582/582/582 580/580/580
f 581/581/581 583/583/583 584/584/584
f 581/581/581 584/584/584 582/582/582
f 582/582/582 584/584/584 302/302/302
f 582/582/582 302/302/302 313/313/313
f 580/580/580 582/582/582 313/313/313
f 580/580/580 313/313/313 312/312/312
f 583/583/583 585/585/585 586/586/586
f 583/583/583 586/586/586 584/584/584
f 585/585/585 587/587/587 588/588/588
f 585/585/585 588/588/588 586/586/586
f 586/586/586 588/588/588 289/289/289
f 586/586/586 289/289/289 303/303/303
f 584/584/584 586/586/586 303/303/303
f 584/584/584 303/303/303 302/302/302
f 587/587/587 589/589/589 590/590/590
f 587/587/587 590/590/590 588/588/588
f 589/589/589 535/535/535 538/538/538
f 589/589/589 538/538/538 590/590/590
f 590/590/590 538/538/538 293/293/293
f 590/590/590 293/293/293 290/290/290
f 588/588/588 590/590/590 290/290/290
f 588/588/588 290/290/290 289/289/289
f 591/591/591 592/592/592 593/593/593
f 591/591/591 593/593/593 594/594/594
f 592/592/592 595/595/595 596/596/596
f 592/592/592 596/596/596 593/593/593
f 593/593/593 596/596/596 523/523/523
f 593/593/593 523/523/523 531/531/531
f 594/594/594 593/593/593 531/531/531
f 594/594/594 531/531/531 427/427/427
f 595/595/595 597/597/597 598/598/598
f 595/595/595 598/598/598 596/596/596
f 597/597/597 599/599/599 600/600/600
f 597/597/597 600/600/600 598/598/598
f 598/598/598 600/600/600 515/515/515
f 598/598/598 515/515/515 524/524/524
f 596/596/596 598/598/598 524/524/524
f 596/596/596 524/524/524 523/523/523
f 599/599/599 601/601/601 602/602/602
f 599/599/599 602/602/602 600/600/600
f 601/601/601 603/603/603 604/604/604
f 601/601/601 604/604/604 602/602/602
f 602/602/602 604/604/604 507/507/507
f 602/602/602 507/507/507 516/516/516
f 600/600/600 602/602/602 516/516/516
f 600/600/600 516/516/516 515/515/515
f 603/603/603 605/605/605 606/606/606
f 603/603/603 606/606/606 604/604/604
f 605/605/605 607/607/607 608/608/608
f 605/605/605 608/608/608 606/606/606
f 606/606/606 608/608/608 499/499/499
f 606/606/606 499/499/499 508/508/508
f 604/604/604 606/606/606 508/508/508
f 604/604/604 508/508/508 507/507/507
f 607/607/607 609/609/609 610/610/610
f 607/607/607 610/610/610 608/608/608
f 609/609/609 611/611/611 612/612/612
f 609/609/609 612/612/612 610/610/610
f 610/610/610 612/612/612 491/491/491
f 610/610/610 491/491/491 500/500/500
f 608/608/608 610/610/610 500/500/500
f 608/608/608 500/500/500 499/499/499
f 611/611/611 613/613/613 614/614/614
f 611/611/611 614/614/614 612/612/612
f 613/613/613 615/615/615 616/616/616
f 613/613/613 616/616/616 614/614/614
f 614/614/614 616/616/616 483/483/483
f 614/614/614 483/483/483 492/492/492
f 612/612/612 614/614/614 492/492/492
f 612/612/612 492/492/492 491/491/491
f 615/615/615 617/617/617 618/618/618
f 615/615/615 618/618/618 616/616/616
f 617/617/617 619/619/619 620/620/620
f 617/617/617 620/620/620 618/618/618
f 618/618/618 620/620/620 475/475/475
f 618/618/618 475/475/475 484/484/484
f 616/616/616 618/618/618 484/484/484
f 616/616/616 484/484/484 483/483/483
f 619/619/619 621/621/621 622/622/622
f 619/619/619 622/622/622 620/620/620
f 621/621/621 623/623/623 624/624/624
f 621/621/621 624/624/624 622/622/622
f 622/622/622 624/624/624 467/467/467
f 622/622/622 467/467/467 476/476/476
f 620/620/620 622/622/622 476/476/476
f 620/620/620 476/476/476 475/475/475
f 623/623/623 625/625/625 626/626/626
f 623/623/623 626/626/626 624/624/624
f 625/625/625 627/627/627 628/628/628
f 625/625/625 628/628/628 626/626/626
f 626/626/626 628/628/628 459/459/459
f 626/626/626 459/459/459 468/468/468
f 624/624/624 626/626/626 468/468/468
f 624/624/624 468/468/468 467/467/467
f 627/627/627 629/629/629 630/630/630
f 627/627/627 630/630/630 628/628/628
f 629/629/629 631/631/631 632/632/632
f 629/629/629 632/632/632 630/630/630
f 630/630/630 632/632/632 451/451/451
f 630/630/630 451/451/451 460/460/460
f 628/628/628 630/630/630 460/460/460
f 628/628/628 460/460/460 459/459/459
f 631/631/631 633/633/633 634/634/634
f 631/631/631 634/634/634 632/632/632
f 633/633/633 635/635/635 636/636/636
f 633/633/633 636/636/636 634/634/634
f 634/634/634 636/636/636 443/443/443
f 634/634/634 443/443/443 452/452/452
f 632/632/632 634/634/634 452/452/452
f 632/632/632 452/452/452 451/451/451
f 635/635/635 637/637/637 638/638/638
f 635/635/635 638/638/638 636/636/636
f 637/637/637 639/639/639 640/640/640
f 637/637/637 640/640/640 638/638/638
f 638/638/638 640/640/640 435/435/435
f 638/638/638 435/435/435 444/444/444
f 636/636/636 638/638/638 444/444/444
f 636/636/636 444/444/444 443/443/443
f 639/639/639 641/641/641 642/642/642
f 639/639/639 642/642/642 640/640/640
f 641/641/641 643/643/643 644/644/644
f 641/641/641 644/644/644 642/642/642
f 642/642/642 644/644/644 423/423/423
f 642/642/642 423/423/423 436/436/436
f 640/640/640 642/642/642 436/436/436
f 640/640/640 436/436/436 435/435/435
f 643/643/643 645/645/645 646/646/646
f 643/643/643 646/646/646 644/644/644
f 645/645/645 591/591/591 594/594/594
f 645/645/645 594/594/594 646/646/646
f 646/646/646 594/594/594 427/427/427
f 646/646/646 427/427/427 424/424/424
f 644/644/644 646/646/646 424/424/424
f 644/644/644 424/424/424 423/423/423
f 431/431/431 430/430/430 647/647/647
f 431/431/431 647/647/647 648/648/648
f 430/430/430 429/429/429 649/649/649
f 430/430/430 649/649/649 647/647/647
f 647/647/647 649/649/649 535/535/535
f 647/647/647 535/535/535 589/589/589
f 648/648/648 647/647/647 589/589/589
f 648/648/648 589/589/589 587/587/587
f 440/440/440 439/439/439 650/650/650
f 440/440/440 650/650/650 651/651/651
f 439/439/439 431/431/431 648/648/648
f 439/439/439 648/648/648 650/650/650
f 650/650/650 648/648/648 587/587/587
f 650/650/650 587/587/587 585/585/585
f 651/651/651 650/650/650 585/585/585
f 651/651/651 585/585/585 583/583/583
f 448/448/448 447/447/447 652/652/652
f 448/448/448 652/652/652 653/653/653
f 447/447/447 440/440/440 651/651/651
f 447/447/447 651/651/651 652/652/652
f 652/652/652 651/651/651 583/583/583
f 652/652/652 583/583/583 581/581/581
f 653/653/653 652/652/652 581/581/581
f 653/653/653 581/581/581 579/579/579
f 456/456/456 455/455/455 654/654/654
f 456/456/456 654/654/654 655/655/655
f 455/455/455 448/448/448 653/653/653
f 455/455/455 653/653/653 654/654/654
f 654/654/654 653/653/653 579/579/579
f 654/654/654 579/579/579 577/577/577
f 655/655/655 654/654/654 577/577/577
f 655/655/655 577/577/577 575/575/575
f 464/464/464 463/463/463 656/656/656
f 464/464/464 656/656/656 657/657/657
f 463/463/463 456/456/456 655/655/655
f 463/463/463 655/655/655 656/656/656
f 656/656/656 655/655/655 575/575/575
f 656/656/656 575/575/575 573/573/573
f 657/657/657 656/656/656 573/573/573
f 657/657/657 573/573/573 571/571/571
f 472/472/472 471/471/471 658/658/658
f 472/472/472 658/658/658 659/659/659
f 471/471/471 464/464/464 657/657/657
f 471/471/471 657/657/657 658/658/658
f 658/658/658 657/657/657 571/571/571
f 658/658/658 571/571/571 569/569/569
f 659/659/659 658/658/658 569/569/569
f 659/659/659 569/569/569 567/567/567
f 480/480/480 479/479/479 660/660/660
f 480/480/480 660/660/660 661/661/661
f 479/479/479 472/472/472 659/659/659
f 479/479/479 659/659/659 660/660/660
f 660/660/660 659/659/659 567/567/567
f 660/660/660 567/567/567 565/565/565
f 661/661/661 660/660/660 565/565/565
f 661/661/661 565/565/565 563/563/563
f 488/488/488 487/487/487 662/662/662
f 488/488/488 662/662/662 663/663/663
f 487/487/487 480/480/480 661/661/661
f 487/487/487 661/661/661 662/662/662
f 662/662/662 661/661/661 563/563/563
f 662/662/662 563/563/563 561/561/561
f 663/663/663 662/662/662 561/561/561
f 663/663/663 561/561/561 559/559/559
f 496/496/496 495/495/495 664/664/664
f 496/496/496 664/664/664 665/665/665
f 495/495/495 488/488/488 663/663/663
f 495/495/495 663/663/663 664/664/664
f 664/664/664 663/663/663 559/559/559
f 664/664/664 559/559/559 557/557/557
f 665/665/665 664/664/664 557/557/557
f 665/665/665 557/557/557 555/555/555
f 504/504/504 503/503/503 666/666/666
f 504/504/504 666/666/666 667/667/667
f 503/503/503 496/496/496 665/665/665
f 503/503/503 665/665/665 666/666/666
f 666/666/666 665/665/665 555/555/555
f 666/666/666 555/555/555 553/553/553
f 667/667/667 666/666/666 553/553/553
f 667/667/667 553/553/553 551/551/551
f 512/512/512 511/511/511 668/668/668
f 512/512/512 668/668/668 669/669/669
f 511/511/511 504/504/504 667/667/667
f 511/511/511 667/667/667 668/668/668
f 668/668/668 667/667/667 551/551/551
f 668/668/668 551/551/551 549/549/549
f 669/669/669 668/668/668 549/549/549
f 669/669/669 549/549/549 547/547/547
f 520/520/520 519/519/519 670/670/670
f 520/520/520 670/670/670 671/671/671
f 519/519/519 512/512/512 669/669/669
f 519/519/519 669/669/669 670/670/670
f 670/670/670 669/669/669 547/547/547
f 670/670/670 547/547/547 545/545/545
f 671/671/671 670/670/670 545/545/545
f 671/671/671 545/545/545 543/543/543
f 528/528/528 527/527/527 672/672/672
f 528/528/528 672/672/672 673/673/673
f 527/527/527 520/520/520 671/671/671
f 527/527/527 671/671/671 672/672/672
f 672/672/672 671/671/671 543/543/543
f 672/672/672 543/543/543 541/541/541
f 673/673/673 672/672/672 541/541/541
f 673/673/673 541/541/541 539/539/539
f 429/429/429 533/533/533 674/674/674
f 429/429/429 674/674/674 649/649/649
f 533/533/533 528/528/528 673/673/673
f 533/533/533 673/673/673 674/674/674
f 674/674/674 673/673/673 539/539/539
f 674/674/674 539/539/539 536/536/536
f 649/649/649 674/674/674 536/536/536
f 649/649/649 536/536/536 535/535/535
f 89/89/89 86/86/86 675/675/675
f 89/89/89 675/675/675 676/676/676
f 86/86/86 85/85/85 677/677/677
f 86/86/86 677/677/677 675/675/675
f 675/675/675 677/677/677 203/203/203
f 675/675/675 203/203/203 200/200/200
f 676/676/676 675/675/675 200/200/200
f 676/676/676 200/200/200 199/199/199
f 85/85/85 93/93/93 678/678/678
f 85/85/85 678/678/678 677/677/677
f 93/93/93 92/92/92 679/679/679
f 93/93/93 679/679/679 678/678/678
f 678/678/678 679/679/679 210/210/210
f 678/678/678 210/210/210 208/208/208
f 677/677/677 678/678/678 208/208/208
f 677/677/677 208/208/208 203/203/203
f 92/92/92 97/97/97 680/680/680
f 92/92/92 680/680/680 679/679/679
f 97/97/97 96/96/96 681/681/681
f 97/97/97 681/681/681 680/680/680
f 680/680/680 681/681/681 216/216/216
f 680/680/680 216/216/216 214/214/214
f 679/679/679 680/680/680 214/214/214
f 679/679/679 214/214/214 210/210/210
f 96/96/96 101/101/101 682/682/682
f 96/96/96 682/682/682 681/681/681
f 101/101/101 100/100/100 683/683/683
f 101/101/101 683/683/683 682/682/682
f 682/682/682 683/683/683 222/222/222
f 682/682/682 222/222/222 220/220/220
f 681/681/681 682/682/682 220/220/220
f 681/681/681 220/220/220 216/216/216
f 100/100/100 105/105/105 684/684/684
f 100/100/100 684/684/684 683/683/683
f 105/105/105 104/104/104 685/685/685
f 105/105/105 685/685/685 684/684/684
f 684/684/684 685/685/685 228/228/228
f 684/684/684 228/228/228 226/226/226
f 683/683/683 684/684/684 226/226/226
f 683/683/683 226/226/226 222/222/222
f 104/104/104 109/109/109 686/686/686
f 104/104/104 686/686/686 685/685/685
f 109/109/109 108/108/108 687/687/687
f 109/109/109 687/687/687 686/686/686
f 686/686/686 687/687/687 234/234/234
f 686/686/686 234/234/234 232/232/232
f 685/685/685 686/686/686 232/232/232
f 685/685/685 232/232/232 228/228/228
f 108/108/108 113/113/113 688/688/688
f 108/108/108 688/688/688 687/687/687
f 113/113/113 112/112/112 689/689/689
f 113/113/113 689/689/689 688/688/688
f 688/688/688 689/689/689 240/240/240
f 688/688/688 240/240/240 238/238/238
f 687/687/687 688/688/688 238/238/238
f 687/687/687 238/238/238 234/234/234
f 112/112/112 117/117/117 690/690/690
f 112/112/112 690/690/690 689/689/689
f 117/117/117 116/116/116 691/691/691
f 117/117/117 691/691/691 690/690/690
f 690/690/690 691/691/691 246/246/246
f 690/690/690 246/246/246 244/244/244
f 689/689/689 690/690/690 244/244/244
f 689/689/689 244/244/244 240/240/240
f 116/116/116 121/121/121 692/692/692
f 116/116/116 692/692/692 691/691/691
f 121/121/121 120/120/120 693/693/693
f 121/121/121 693/693/693 692/692/692
f 692/692/692 693/693/693 252/252/252
f 692/692/692 252/252/252 250/250/250
f 691/691/691 692/692/692 250/250/250
f 691/691/691 250/250/250 246/246/246
f 120/120/120 125/125/125 694/694/694
f 120/120/120 694/694/694 693/693/693
f 125/125/125 124/124/124 695/695/695
f 125/125/125 695/695/695 694/694/694
f 694/694/694 695/695/695 258/258/258
f 694/694/694 258/258/258 256/256/256
f 693/693/693 694/694/694 256/256/256
f 693/693/693 256/256/256 252/252/252
f 124/124/124 129/129/129 696/696/696
f 124/124/124 696/696/696 695/695/695
f 129/129/129 128/128/128 697/697/697
f 129/129/129 697/697/697 696/696/696
f 696/696/696 697/697/697 264/264/264
f 696/696/696 264/264/264 262/262/262
f 695/695/695 696/696/696 262/262/262
f 695/695/695 262/262/262 258/258/258
f 128/128/128 133/133/133 698/698/698
f 128/128/128 698/698/698 697/697/697
f 133/133/133 132/132/132 699/699/699
f 133/133/133 699/699/699 698/698/698
f 698/698/698 699/699/699 270/270/270
f 698/698/698 270/270/270 268/268/268
f 697/697/697 698/698/698 268/268/268
f 697/697/697 268/268/268 264/264/264
f 132/132/132 137/137/137 700/700/700
f 132/132/132 700/700/700 699/699/699
f 137/137/137 136/136/136 701/701/701
f 137/137/137 701/701/701 700/700/700
f 700/700/700 701/701/701 276/276/276
f 700/700/700 276/276/276 274/274/274
f 699/699/699 700/700/700 274/274/274
f 699/699/699 274/274/274 270/270/270
f 136/136/136 140/140/140 702/702/702
f 136/136/136 702/702/702 701/701/701
f 140/140/140 89/89/89 676/676/676
f 140/140/140 676/676/676 702/702/702
f 702/702/702 676/676/676 199/199/199
f 702/702/702 199/199/199 280/280/280
f 701/701/701 702/702/702 280/280/280
f 701/701/701 280/280/280 276/276/276
f 703/703/703 704/704/704 705/705/705
f 703/703/703 705/705/705 706/706/706
f 704/704/704 707/707/707 708/708/708
f 704/704/704 708/708/708 705/705/705
f 705/705/705 708/708/708 709/709/709
f 705/705/705 709/709/709 710/710/710
f 706/706/706 705/705/705 710/710/710
f 706/706/706 710/710/710 711/711/711
f 711/711/711 710/710/710 712/712/712
f 711/711/711 712/712/712 713/713/713
f 710/710/710 709/709/709 714/714/714
f 710/710/710 714/714/714 712/712/712
f 712/712/712 714/714/714 715/715/715
f 712/712/712 715/715/715 716/716/716
f 713/713/713 712/712/712 716/716/716
f 713/713/713 716/716/716 717/717/717
f 717/717/717 716/716/716 718/718/718
f 717/717/717 718/718/718 719/719/719
f 716/716/716 715/715/715 720/720/720
f 716/716/716 720/720/720 718/718/718
f 718/718/718 720/720/720 721/721/721
f 718/718/718 721/721/721 722/722/722
f 719/719/719 718/718/718 722/722/722
f 719/719/719 722/722/722 723/723/723
f 723/723/723 722/722/722 724/724/724
f 723/723/723 724/724/724 725/725/725
f 722/722/722 721/721/721 726/726/726
f 722/722/722 726/726/726 724/724/724
f 724/724/724 726/726/726 727/727/727
f 724/724/724 727/727/727 728/728/728
f 725/725/725 724/724/724 728/728/728
f 725/725/725 728/728/728 729/729/729
f 729/729/729 728/728/728 730/730/730
f 729/729/729 730/730/730 731/731/731
f 728/728/728 727/727/727 732/732/732
f 728/728/728 732/732/732 730/730/730
f 730/730/730 732/732/732 733/733/733
f 730/730/730 733/733/733 734/734/734
f 731/731/731 730/730/730 734/734/734
f 731/731/731 734/734/734 735/735/735
f 735/735/735 734/734/734 736/736/736
f 735/735/735 736/736/736 737/737/737
f 734/734/734 733/733/733 738/738/738
f 734/734/734 738/738/738 736/736/736
f 736/736/736 738/738/738 739/739/739
f 736/736/736 739/739/739 740/740/740
f 737/737/737 736/736/736 740/740/740
f 737/737/737 740/740/740 741/741/741
f 741/741/741 740/740/740 742/742/742
f 741/741/741 742/742/742 743/743/743
f 740/740/740 739/739/739 744/744/744
f 740/740/740 744/744/744 742/742/742
f 742/742/742 744/744/744 745/745/745
f 742/742/742 745/745/745 746/746/746
f 743/743/743 742/742/742 746/746/746
f 743/743/743 746/746/746 747/747/747
f 747/747/747 746/746/746 748/748/748
f 747/747/747 748/748/748 749/749/749
f 746/746/746 745/745/745 750/750/750
f 746/746/746 750/750/750 748/748/748
f 748/748/748 750/750/750 751/751/751
f 748/748/748 751/751/751 752/752/752
f 749/749/749 748/748/748 752/752/752
f 749/749/749 752/752/752 753/753/753
f 753/753/753 752/752/752 754/754/754
f 753/753/753 754/754/754 755/755/755
f 752/752/752 751/751/751 756/756/756
f 752/752/752 756/756/756 754/754/754
f 754/754/754 756/756/756 757/757/757
f 754/754/754 757/757/757 758/758/758
f 755/755/755 754/754/754 758/758/758
f 755/755/755 758/758/758 759/759/759
f 759/759/759 758/758/758 760/760/760
f 759/759/759 760/760/760 761/761/761
f 758/758/758 757/757/757 762/762/762
f 758/758/758 762/762/762 760/760/760
f 760/760/760 762/762/762 763/763/763
f 760/760/760 763/763/763 764/764/764
f 761/761/761 760/760/760 764/764/764
f 761/761/761 764/764/764 765/765/765
f 765/765/765 764/764/764 766/766/766
f 765/765/765 766/766/766 767/767/767
f 764/764/764 763/763/763 768/768/768
f 764/764/764 768/768/768 766/766/766
f 766/766/766 768/768/768 769/769/769
f 766/766/766 769/769/769 770/770/770
f 767/767/767 766/766/766 770/770/770
f 767/767/767 770/770/770 771/771/771
f 771/771/771 770/770/770 772/772/772
f 771/771/771 772/772/772 773/773/773
f 770/770/770 769/769/769 774/774/774
f 770/770/770 774/774/774 772/772/772
f 772/772/772 774/774/774 775/775/775
f 772/772/772 775/775/775 776/776/776
f 773/773/773 772/772/772 776/776/776
f 773/773/773 776/776/776 777/777/777
f 777/777/777 776/776/776 778/778/778
f 777/777/777 778/778/778 779/779/779
f 776/776/776 775/775/775 780/780/780
f 776/776/776 780/780/780 778/778/778
f 778/778/778 780/780/780 781/781/781
f 778/778/778 781/781/781 782/782/782
f 779/779/779 778/778/778 782/782/782
f 779/779/779 782/782/782 783/783/783
f 783/783/783 782/782/782 784/784/784
f 783/783/783 784/784/784 785/785/785
f 782/782/782 781/781/781 786/786/786
f 782/782/782 786/786/786 784/784/784
f 784/784/784 786/786/786 707/707/707
f 784/784/784 707/707/707 704/704/704
f 785/785/785 784/784/784 704/704/704
f 785/785/785 704/704/704 703/703/703
f 787/787/787 788/788/788 789/789/789
f 787/787/787 789/789/789 790/790/790
f 791/791/791 792/792/792 789/789/789
f 791/791/791 789/789/789 788/788/788
f 793/793/793 790/790/790 789/789/789
f 793/793/793 789/789/789 792/792/792
f 794/794/794 795/795/795 796/796/796
f 794/794/794 796/796/796 797/797/797
f 791/791/791 788/788/788 796/796/796
f 791/791/791 796/796/796 795/795/795
f 787/787/787 797/797/797 796/796/796
f 787/787/787 796/796/796 788/788/788
f 798/798/798 799/799/799 800/800/800
f 798/798/798 800/800/800 801/801/801
f 791/791/791 795/795/795 800/800/800
f 791/791/791 800/800/800 799/799/799
f 794/794/794 801/801/801 800/800/800
f 794/794/794 800/800/800 795/795/795
f 802/802/802 803/803/803 804/804/804
f 802/802/802 804/804/804 805/805/805
f 791/791/791 799/799/799 804/804/804
f 791/791/791 804/804/804 803/803/803
f 798/798/798 805/805/805 804/804/804
f 798/798/798 804/804/804 799/799/799
f 806/806/806 807/807/807 808/808/808
f 806/806/806 808/808/808 809/809/809
f 791/791/791 803/803/803 808/808/808
f 791/791/791 808/808/808 807/807/807
f 802/802/802 809/809/809 808/808/808
f 802/802/802 808/808/808 803/803/803
f 810/810/810 811/811/811 812/812/812
f 810/810/810 812/812/812 813/813/813
f 791/791/791 807/807/807 812/812/812
f 791/791/791 812/812/812 811/811/811
f 806/806/806 813/813/813 812/812/812
f 806/806/806 812/812/812 807/807/807
f 814/814/814 815/815/815 816/816/816
f 814/814/814 816/816/816 817/817/817
f 791/791/791 811/811/811 816/816/816
f 791/791/791 816/816/816 815/815/815
f 810/810/810 817/817/817 816/816/816
f 810/810/810 816/816/816 811/811/811
f 818/818/818 819/819/819 820/820/820
f 818/818/818 820/820/820 821/821/821
f 791/791/791 815/815/815 820/820/820
f 791/791/791 820/820/820 819/819/819
f 814/814/814 821/821/821 820/820/820
f 814/814/814 820/820/820 815/815/815
f 822/822/822 823/823/823 824/824/824
f 822/822/822 824/824/824 825/825/825
f 791/791/791 819/819/819 824/824/824
f 791/791/791 824/824/824 823/823/823
f 818/818/818 825/825/825 824/824/824
f 818/818/818 824/824/824 819/819/819
f 826/826/826 827/827/827 828/828/828
f 826/826/826 828/828/828 829/829/829
f 791/791/791 823/823/823 828/828/828
f 791/791/791 828/828/828 827/827/827
f 822/822/822 829/829/829 828/828/828
f 822/822/822 828/828/828 823/823/823
f 830/830/830 831/831/831 832/832/832
f 830/830/830 832/832/832 833/833/833
f 791/791/791 827/827/827 832/832/832
f 791/791/791 832/832/832 831/831/831
f 826/826/826 833/833/833 832/832/832
f 826/826/826 832/832/832 827/827/827
f 834/834/834 835/835/835 836/836/836
f 834/834/834 836/836/836 837/837/837
f 791/791/791 831/831/831 836/836/836
f 791/791/791 836/836/836 835/835/835
f 830/830/830 837/837/837 836/836/836
f 830/830/830 836/836/836 831/831/831
f 838/838/838 839/839/839 840/840/840
f 838/838/838 840/840/840 841/841/841
f 791/791/791 835/835/835 840/840/840
f 791/791/791 840/840/840 839/839/839
f 834/834/834 841/841/841 840/840/840
f 834/834/834 840/840/840 835/835/835
f 793/793/793 792/792/792 842/842/842
f 793/793/793 842/842/842 843/843/843
f 791/791/791 839/839/839 842/842/842
f 791/791/791 842/842/842 792/792/792
f 838/838/838 843/843/843 842/842/842
f 838/838/838 842/842/842 839/839/839
f 844/844/844 845/845/845 846/846/846
f 844/844/844 846/846/846 847/847/847
f 848/848/848 849/849/849 846/846/846
f 848/848/848 846/846/846 845/845/845
f 850/850/850 847/847/847 846/846/846
f 850/850/850 846/846/846 849/849/849
f 850/850/850 849/849/849 851/851/851
f 850/850/850 851/851/851 852/852/852
f 848/848/848 853/853/853 851/851/851
f 848/848/848 851/851/851 849/849/849
f 854/854/854 852/852/852 851/851/851
f 854/854/854 851/851/851 853/853/853
f 854/854/854 853/853/853 855/855/855
f 854/854/854 855/855/855 856/856/856
f 848/848/848 857/857/857 855/855/855
f 848/848/848 855/855/855 853/853/853
f 858/858/858 856/856/856 855/855/855
f 858/858/858 855/855/855 857/857/857
f 858/858/858 857/857/857 859/859/859
f 858/858/858 859/859/859 860/860/860
f 848/848/848 861/861/861 859/859/859
f 848/848/848 859/859/859 857/857/857
f 862/862/862 860/860/860 859/859/859
f 862/862/862 859/859/859 861/861/861
f 862/862/862 861/861/861 863/863/863
f 862/862/862 863/863/863 864/864/864
f 848/848/848 865/865/865 863/863/863
f 848/848/848 863/863/863 861/861/861
f 866/866/866 864/864/864 863/863/863
f 866/866/866 863/863/863 865/865/865
f 866/866/866 865/865/865 867/867/867
f 866/866/866 867/867/867 868/868/868
f 848/848/848 869/869/869 867/867/867
f 848/848/848 867/867/867 865/865/865
f 870/870/870 868/868/868 867/867/867
f 870/870/870 867/867/867 869/869/869
f 870/870/870 869/869/869 871/871/871
f 870/870/870 871/871/871 872/872/872
f 848/848/848 873/873/873 871/871/871
f 848/848/848 871/871/871 869/869/869
f 874/874/874 872/872/872 871/871/871
f 874/874/874 871/871/871 873/873/873
f 874/874/874 873/873/873 875/875/875
f 874/874/874 875/875/875 876/876/876
f 848/848/848 877/877/877 875/875/875
f 848/848/848 875/875/875 873/873/873
f 878/878/878 876/876/876 875/875/875
f 878/878/878 875/875/875 877/877/877
f 878/878/878 877/877/877 879/879/879
f 878/878/878 879/879/879 880/880/880
f 848/848/848 881/881/881 879/879/879
f 848/848/848 879/879/879 877/877/877
f 882/882/882 880/880/880 879/879/879
f 882/882/882 879/879/879 881/881/881
f 882/882/882 881/881/881 883/883/883
f 882/882/882 883/883/883 884/884/884
f 848/848/848 885/885/885 883/883/883
f 848/848/848 883/883/883 881/881/881
f 886/886/886 884/884/884 883/883/883
f 886/886/886 883/883/883 885/885/885
f 886/886/886 885/885/885 887/887/887
f 886/886/886 887/887/887 888/888/888
f 848/848/848 889/889/889 887/887/887
f 848/848/848 887/887/887 885/885/885
f 890/890/890 888/888/888 887/887/887
f 890/890/890 887/887/887 889/889/889
f 890/890/890 889/889/889 891/891/891
f 890/890/890 891/891/891 892/892/892
f 848/848/848 893/893/893 891/891/891
f 848/848/848 891/891/891 889/889/889
f 894/894/894 892/892/892 891/891/891
f 894/894/894 891/891/891 893/893/893
f 894/894/894 893/893/893 895/895/895
f 894/894/894 895/895/895 896/896/896
f 848/848/848 897/897/897 895/895/895
f 848/848/848 895/895/895 893/893/893
f 898/898/898 896/896/896 895/895/895
f 898/898/898 895/895/895 897/897/897
f 898/898/898 897/897/897 899/899/899
f 898/898/898 899/899/899 900/900/900
f 848/848/848 845/845/845 899/899/899
f 848/848/848 899/899/899 897/897/897
f 844/844/844 900/900/900 899/899/899
f 844/844/844 899/899/899 845/845/845
f 901/901/901 902/902/902 903/903/903
f 901/901/901 903/903/903 904/904/904
f 902/902/902 905/905/905 906/906/906
f 902/902/902 906/906/906 903/903/903
f 903/903/903 906/906/906 907/907/907
f 903/903/903 907/907/907 908/908/908
f 904/904/904 903/903/903 908/908/908
f 904/904/904 908/908/908 909/909/909
f 909/909/909 908/908/908 910/910/910
f 909/909/909 910/910/910 911/911/911
f 908/908/908 907/907/907 912/912/912
f 908/908/908 912/912/912 910/910/910
f 910/910/910 912/912/912 913/913/913
f 910/910/910 913/913/913 914/914/914
f 911/911/911 910/910/910 914/914/914
f 911/911/911 914/914/914 915/915/915
f 915/915/915 914/914/914 916/916/916
f 915/915/915 916/916/916 917/917/917
f 914/914/914 913/913/913 918/918/918
f 914/914/914 918/918/918 916/916/916
f 916/916/916 918/918/918 919/919/919
f 916/916/916 919/919/919 920/920/920
f 917/917/917 916/916/916 920/920/920
f 917/917/917 920/920/920 921/921/921
f 921/921/921 920/920/920 922/922/922
f 921/921/921 922/922/922 923/923/923
f 920/920/920 919/919/919 924/924/924
f 920/920/920 924/924/924 922/922/922
f 922/922/922 924/924/924 925/925/925
f 922/922/922 925/925/925 926/926/926
f 923/923/923 922/922/922 926/926/926
f 923/923/923 926/926/926 927/927/927
f 927/927/927 926/926/926 928/928/928
f 927/927/927 928/928/928 929/929/929
f 926/926/926 925/925/925 930/930/930
f 926/926/926 930/930/930 928/928/928
f 928/928/928 930/930/930 931/931/931
f 928/928/928 931/931/931 932/932/932
f 929/929/929 928/928/928 932/932/932
f 929/929/929 932/932/932 933/933/933
f 933/933/933 932/932/932 934/934/934
f 933/933/933 934/934/934 935/935/935
f 932/932/932 931/931/931 936/936/936
f 932/932/932 936/936/936 934/934/934
f 934/934/934 936/936/936 937/937/937
f 934/934/934 937/937/937 938/938/938
f 935/935/935 934/934/934 938/938/938
f 935/935/935 938/938/938 939/939/939
f 939/939/939 938/938/938 940/940/940
f 939/939/939 940/940/940 941/941/941
f 938/938/938 937/937/937 942/942/942
f 938/938/938 942/942/942 940/940/940
f 940/940/940 942/942/942 943/943/943
f 940/940/940 943/943/943 944/944/944
f 941/941/941 940/940/940 944/944/944
f 941/941/941 944/944/944 945/945/945
f 945/945/945 944/944/944 946/946/946
f 945/945/945 946/946/946 947/947/947
f 944/944/944 943/943/943 948/948/948
f 944/944/944 948/948/948 946/946/946
f 946/946/946 948/948/948 949/949/949
f 946/946/946 949/949/949 950/950/950
f 947/947/947 946/946/946 950/950/950
f 947/947/947 950/950/950 951/951/951
f 951/951/951 950/950/950 952/952/952
f 951/951/951 952/952/952 953/953/953
f 950/950/950 949/949/949 954/954/954
f 950/950/950 954/954/954 952/952/952
f 952/952/952 954/954/954 955/955/955
f 952/952/952 955/955/955 956/956/956
f 953/953/953 952/952/952 956/956/956
f 953/953/953 956/956/956 957/957/957
f 957/957/957 956/956/956 958/958/958
f 957/957/957 958/958/958 959/959/959
f 956/956/956 955/955/955 960/960/960
f 956/956/956 960/960/960 958/958/958
f 958/958/958 960/960/960 961/961/961
f 958/958/958 961/961/961 962/962/962
f 959/959/959 958/958/958 962/962/962
f 959/959/959 962/962/962 963/963/963
f 963/963/963 962/962/962 964/964/964
f 963/963/963 964/964/964 965/965/965
f 962/962/962 961/961/961 966/966/966
f 962/962/962 966/966/966 964/964/964
f 964/964/964 966/966/966 967/967/967
f 964/964/964 967/967/967 968/968/968
f 965/965/965 964/964/964 968/968/968
f 965/965/965 968/968/968 969/969/969
f 969/969/969 968/968/968 970/970/970
f 969/969/969 970/970/970 971/971/971
f 968/968/968 967/967/967 972/972/972
f 968/968/968 972/972/972 970/970/970
f 970/970/970 972/972/972 973/973/973
f 970/970/970 973/973/973 974/974/974
f 971/971/971 970/970/970 974/974/974
f 971/971/971 974/974/974 975/975/975
f 975/975/975 974/974/974 976/976/976
f 975/975/975 976/976/976 977/977/977
f 974/974/974 973/973/973 978/978/978
f 974/974/974 978/978/978 976/976/976
f 976/976/976 978/978/978 979/979/979
f 976/976/976 979/979/979 980/980/980
f 977/977/977 976/976/976 980/980/980
f 977/977/977 980/980/980 981/981/981
f 981/981/981 980/980/980 982/982/982
f 981/981/981 982/982/982 983/983/983
f 980/980/980 979/979/979 984/984/984
f 980/980/980 984/984/984 982/982/982
f 982/982/982 984/984/984 905/905/905
f 982/982/982 905/905/905 902/902/902
f 983/983/983 982/982/982 902/902/902
f 983/983/983 902/902/902 901/901/901
f 905/905/905 985/985/985 986/986/986
f 905/905/905 986/986/986 906/906/906
f 985/985/985 987/987/987 988/988/988
f 985/985/985 988/988/988 986/986/986
f 986/986/986 988/988/988 989/989/989
f 986/986/986 989/989/989 990/990/990
f 906/906/906 986/986/986 990/990/990
f 906/906/906 990/990/990 907/907/907
f 991/991/991 992/992/992 993/993/993
f 991/991/991 993/993/993 994/994/994
f 992/992/992 995/995/995 996/996/996
f 992/992/992 996/996/996 993/993/993
f 993/993/993 996/996/996 997/997/997
f 993/993/993 997/997/997 998/998/998
f 994/994/994 993/993/993 998/998/998
f 994/994/994 998/998/998 999/999/999
f 907/907/907 990/990/990 1000/1000/1000
f 907/907/907 1000/1000/1000 912/912/912
f 990/990/990 989/989/989 1001/1001/1001
f 990/990/990 1001/1001/1001 1000/1000/1000
f 1000/1000/1000 1001/1001/1001 1002/1002/1002
f 1000/1000/1000 1002/1002/1002 1003/1003/1003
f 912/912/912 1000/1000/1000 1003/1003/1003
f 912/912/912 1003/1003/1003 913/913/913
f 1004/1004/1004 1005/1005/1005 1006/1006/1006
f 1004/1004/1004 1006/1006/1006 1007/1007/1007
f 1005/1005/1005 1008/1008/1008 1009/1009/1009
f 1005/1005/1005 1009/1009/1009 1006/1006/1006
f 1006/1006/1006 1009/1009/1009 995/995/995
f 1006/1006/1006 995/995/995 992/992/992
f 1007/1007/1007 1006/1006/1006 992/992/992
f 1007/1007/1007 992/992/992 991/991/991
f 913/913/913 1003/1003/1003 1010/1010/1010
f 913/913/913 1010/1010/1010 918/918/918
f 1003/1003/1003 1002/1002/1002 1011/1011/1011
f 1003/1003/1003 1011/1011/1011 1010/1010/1010
f 1010/1010/1010 1011/1011/1011 1012/1012/1012
f 1010/1010/1010 1012/1012/1012 1013/1013/1013
f 918/918/918 1010/1010/1010 1013/1013/1013
f 918/918/918 1013/1013/1013 919/919/919
f 1014/1014/1014 1015/1015/1015 1016/1016/1016
f 1014/1014/1014 1016/1016/1016 1017/1017/1017
f 1015/1015/1015 1018/1018/1018 1019/1019/1019
f 1015/1015/1015 1019/1019/1019 1016/1016/1016
f 1016/1016/1016 1019/1019/1019 1008/1008/1008
f 1016/1016/1016 1008/1008/1008 1005/1005/1005
f 1017/1017/1017 1016/1016/1016 1005/1005/1005
f 1017/1017/1017 1005/1005/1005 1004/1004/1004
f 919/919/919 1013/1013/1013 1020/1020/1020
f 919/919/919 1020/1020/1020 924/924/924
f 1013/1013/1013 1012/1012/1012 1021/1021/1021
f 1013/1013/1013 1021/1021/1021 1020/1020/1020
f 1020/1020/1020 1021/1021/1021 1022/1022/1022
f 1020/1020/1020 1022/1022/1022 1023/1023/1023
f 924/924/924 1020/1020/1020 1023/1023/1023
f 924/924/924 1023/1023/1023 925/925/925
f 1024/1024/1024 1025/1025/1025 1026/1026/1026
f 1024/1024/1024 1026/1026/1026 1027/1027/1027
f 1025/1025/1025 1028/1028/1028 1029/1029/1029
f 1025/1025/1025 1029/1029/1029 1026/1026/1026
f 1026/1026/1026 1029/1029/1029 1018/1018/1018
f 1026/1026/1026 1018/1018/1018 1015/1015/1015
f 1027/1027/1027 1026/1026/1026 1015/1015/1015
f 1027/1027/1027 1015/1015/1015 1014/1014/1014
f 925/925/925 1023/1023/1023 1030/1030/1030
f 925/925/925 1030/1030/1030 930/930/930
f 1023/1023/1023 1022/1022/1022 1031/1031/1031
f 1023/1023/1023 1031/1031/1031 1030/1030/1030
f 1030/1030/1030 1031/1031/1031 1032/1032/1032
f 1030/1030/1030 1032/1032/1032 1033/1033/1033
f 930/930/930 1030/1030/1030 1033/1033/1033
f 930/930/930 1033/1033/1033 931/931/931
f 1034/1034/1034 1035/1035/1035 1036/1036/1036
f 1034/1034/1034 1036/1036/1036 1037/1037/1037
f 1035/1035/1035 1038/1038/1038 1039/1039/1039
f 1035/1035/1035 1039/1039/1039 1036/1036/1036
f 1036/1036/1036 1039/1039/1039 1028/1028/1028
f 1036/1036/1036 1028/1028/1028 1025/1025/1025
f 1037/1037/1037 1036/1036/1036 1025/1025/1025
f 1037/1037/1037 1025/1025/1025 1024/1024/1024
f 931/931/931 1033/1033/1033 1040/1040/1040
f 931/931/931 1040/1040/1040 936/936/936
f 1033/1033/1033 1032/1032/1032 1041/1041/1041
f 1033/1033/1033 1041/1041/1041 1040/1040/1040
f 1040/1040/1040 1041/1041/1041 1042/1042/1042
f 1040/1040/1040 1042/1042/1042 1043/1043/1043
f 936/936/936 1040/1040/1040 1043/1043/1043
f 936/936/936 1043/1043/1043 937/937/937
f 1044/1044/1044 1045/1045/1045 1046/1046/1046
f 1044/1044/1044 1046/1046/1046 1047/1047/1047
f 1045/1045/1045 1048/1048/1048 1049/1049/1049
f 1045/1045/1045 1049/1049/1049 1046/1046/1046
f 1046/1046/1046 1049/1049/1049 1038/1038/1038
f 1046/1046/1046 1038/1038/1038 1035/1035/1035
f 1047/1047/1047 1046/1046/1046 1035/1035/1035
f 1047/1047/1047 1035/1035/1035 1034/1034/1034
f 937/937/937 1043/1043/1043 1050/1050/1050
f 937/937/937 1050/1050/1050 942/942/942
f 1043/1043/1043 1042/1042/1042 1051/1051/1051
f 1043/1043/1043 1051/1051/1051 1050/1050/1050
f 1050/1050/1050 1051/1051/1051 1052/1052/1052
f 1050/1050/1050 1052/1052/1052 1053/1053/1053
f 942/942/942 1050/1050/1050 1053/1053/1053
f 942/942/942 1053/1053/1053 943/943/943
f 1054/1054/1054 1055/1055/1055 1056/1056/1056
f 1054/1054/1054 1056/1056/1056 1057/1057/1057
f 1055/1055/1055 1058/1058/1058 1059/1059/1059
f 1055/1055/1055 1059/1059/1059 1056/1056/1056
f 1056/1056/1056 1059/1059/1059 1048/1048/1048
f 1056/1056/1056 1048/1048/1048 1045/1045/1045
f 1057/1057/1057 1056/1056/1056 1045/1045/1045
f 1057/1057/1057 1045/1045/1045 1044/1044/1044
f 943/943/943 1053/1053/1053 1060/1060/1060
f 943/943/943 1060/1060/1060 948/948/948
f 1053/1053/1053 1052/1052/1052 1061/1061/1061
f 1053/1053/1053 1061/1061/1061 1060/1060/1060
f 1060/1060/1060 1061/1061/1061 1062/1062/1062
f 1060/1060/1060 1062/1062/1062 1063/1063/1063
f 948/948/948 1060/1060/1060 1063/1063/1063
f 948/948/948 1063/1063/1063 949/949/949
f 1064/1064/1064 1065/1065/1065 1066/1066/1066
f 1064/1064/1064 1066/1066/1066 1067/1067/1067
f 1065/1065/1065 1068/1068/1068 1069/1069/1069
f 1065/1065/1065 1069/1069/1069 1066/1066/1066
f 1066/1066/1066 1069/1069/1069 1058/1058/1058
f 1066/1066/1066 1058/1058/1058 1055/1055/1055
f 1067/1067/1067 1066/1066/1066 1055/1055/1055
f 1067/1067/1067 1055/1055/1055 1054/1054/1054
f 949/949/949 1063/1063/1063 1070/1070/1070
f 949/949/949 1070/1070/1070 954/954/954
f 1063/1063/1063 1062/1062/1062 1071/1071/1071
f 1063/1063/1063 1071/1071/1071 1070/1070/1070
f 1070/1070/1070 1071/1071/1071 1072/1072/1072
f 1070/1070/1070 1072/1072/1072 1073/1073/1073
f 954/954/954 1070/1070/1070 1073/1073/1073
f 954/954/954 1073/1073/1073 955/955/955
f 1074/1074/1074 1075/1075/1075 1076/1076/1076
f 1074/1074/1074 1076/1076/1076 1077/1077/1077
f 1075/1075/1075 1078/1078/1078 1079/1079/1079
f 1075/1075/1075 1079/1079/1079 1076/1076/1076
f 1076/1076/1076 1079/1079/1079 1068/1068/1068
f 1076/1076/1076 1068/1068/1068 1065/1065/1065
f 1077/1077/1077 1076/1076/1076 1065/1065/1065
f 1077/1077/1077 1065/1065/1065 1064/1064/1064
f 955/955/955 1073/1073/1073 1080/1080/1080
f 955/955/955 1080/1080/1080 960/960/960
f 1073/1073/1073 1072/1072/1072 1081/1081/1081
f 1073/1073/1073 1081/1081/1081 1080/1080/1080
f 1080/1080/1080 1081/1081/1081 1082/1082/1082
f 1080/1080/1080 1082/1082/1082 1083/1083/1083
f 960/960/960 1080/1080/1080 1083/1083/1083
f 960/960/960 1083/1083/1083 961/961/961
f 1084/1084/1084 1085/1085/1085 1086/1086/1086
f 1084/1084/1084 1086/1086/1086 1087/1087/1087
f 1085/1085/1085 1088/1088/1088 1089/1089/1089
f 1085/1085/1085 1089/1089/1089 1086/1086/1086
f 1086/1086/1086 1089/1089/1089 1078/1078/1078
f 1086/1086/1086 1078/1078/1078 1075/1075/1075
f 1087/1087/1087 1086/1086/1086 1075/1075/1075
f 1087/1087/1087 1075/1075/1075 1074/1074/1074
f 961/961/961 1083/1083/1083 1090/1090/1090
f 961/961/961 1090/1090/1090 966/966/966
f 1083/1083/1083 1082/1082/1082 1091/1091/1091
f 1083/1083/1083 1091/1091/1091 1090/1090/1090
f 1090/1090/1090 1091/1091/1091 1092/1092/1092
f 1090/1090/1090 1092/1092/1092 1093/1093/1093
f 966/966/966 1090/1090/1090 1093/1093/1093
f 966/966/966 1093/1093/1093 967/967/967
f 1094/1094/1094 1095/1095/1095 1096/1096/1096
f 1094/1094/1094 1096/1096/1096 1097/1097/1097
f 1095/1095/1095 1098/1098/1098 1099/1099/1099
f 1095/1095/1095 1099/1099/1099 1096/1096/1096
f 1096/1096/1096 1099/1099/1099 1088/1088/1088
f 1096/1096/1096 1088/1088/1088 1085/1085/1085
f 1097/1097/1097 1096/1096/1096 1085/1085/1085
f 1097/1097/1097 1085/1085/1085 1084/1084/1084
f 967/967/967 1093/1093/1093 1100/1100/1100
f 967/967/967 1100/1100/1100 972/972/972
f 1093/1093/1093 1092/1092/1092 1101/1101/1101
f 1093/1093/1093 1101/1101/1101 1100/1100/1100
f 1100/1100/1100 1101/1101/1101 1102/1102/1102
f 1100/1100/1100 1102/1102/1102 1103/1103/1103
f 972/972/972 1100/1100/1100 1103/1103/1103
f 972/972/972 1103/1103/1103 973/973/973
f 1104/1104/1104 1105/1105/1105 1106/1106/1106
f 1104/1104/1104 1106/1106/1106 1107/1107/1107
f 1105/1105/1105 1108/1108/1108 1109/1109/1109
f 1105/1105/1105 1109/1109/1109 1106/1106/1106
f 1106/1106/1106 1109/1109/1109 1098/1098/1098
f 1106/1106/1106 1098/1098/1098 1095/1095/1095
f 1107/1107/1107 1106/1106/1106 1095/1095/1095
f 1107/1107/1107 1095/1095/1095 1094/1094/1094
f 973/973/973 1103/1103/1103 1110/1110/1110
f 973/973/973 1110/1110/1110 978/978/978
f 1103/1103/1103 1102/1102/1102 1111/1111/1111
f 1103/1103/1103 1111/1111/1111 1110/1110/1110
f 1110/1110/1110 1111/1111/1111 1112/1112/1112
f 1110/1110/1110 1112/1112/1112 1113/1113/1113
f 978/978/978 1110/1110/1110 1113/1113/1113
f 978/978/978 1113/1113/1113 979/979/979
f 1114/1114/1114 1115/1115/1115 1116/1116/1116
f 1114/1114/1114 1116/1116/1116 1117/1117/1117
f 1115/1115/1115 1118/1118/1118 1119/1119/1119
f 1115/1115/1115 1119/1119/1119 1116/1116/1116
f 1116/1116/1116 1119/1119/1119 1108/1108/1108
f 1116/1116/1116 1108/1108/1108 1105/1105/1105
f 1117/1117/1117 1116/1116/1116 1105/1105/1105
f 1117/1117/1117 1105/1105/1105 1104/1104/1104
f 979/979/979 1113/1113/1113 1120/1120/1120
f 979/979/979 1120/1120/1120 984/984/984
f 1113/1113/1113 1112/1112/1112 1121/1121/1121
f 1113/1113/1113 1121/1121/1121 1120/1120/1120
f 1120/1120/1120 1121/1121/1121 987/987/987
f 1120/1120/1120 987/987/987 985/985/985
f 984/984/984 1120/1120/1120 985/985/985
f 984/984/984 985/985/985 905/905/905
f 999/999/999 998/998/998 1122/1122/1122
f 999/999/999 1122/1122/1122 1123/1123/1123
f 998/998/998 997/997/997 1124/1124/1124
f 998/998/998 1124/1124/1124 1122/1122/1122
f 1122/1122/1122 1124/1124/1124 1118/1118/1118
f 1122/1122/1122 1118/1118/1118 1115/1115/1115
f 1123/1123/1123 1122/1122/1122 1115/1115/1115
f 1123/1123/1123 1115/1115/1115 1114/1114/1114
f 1125/1125/1125 1126/1126/1126 1127/1127/1127
f 1125/1125/1125 1127/1127/1127 1128/1128/1128
f 1126/1126/1126 1129/1129/1129 1130/1130/1130
f 1126/1126/1126 1130/1130/1130 1127/1127/1127
f 1127/1127/1127 1130/1130/1130 1131/1131/1131
f 1127/1127/1127 1131/1131/1131 1132/1132/1132
f 1128/1128/1128 1127/1127/1127 1132/1132/1132
f 1128/1128/1128 1132/1132/1132 1133/1133/1133
f 707/707/707 1134/1134/1134 1135/1135/1135
f 707/707/707 1135/1135/1135 708/708/708
f 1134/1134/1134 997/997/997 996/996/996
f 1134/1134/1134 996/996/996 1135/1135/1135
f 1135/1135/1135 996/996/996 995/995/995
f 1135/1135/1135 995/995/995 1136/1136/1136
f 708/708/708 1135/1135/1135 1136/1136/1136
f 708/708/708 1136/1136/1136 709/709/709
f 1137/1137/1137 1138/1138/1138 1139/1139/1139
f 1137/1137/1137 1139/1139/1139 1140/1140/1140
f 1138/1138/1138 1141/1141/1141 1142/1142/1142
f 1138/1138/1138 1142/1142/1142 1139/1139/1139
f 1139/1139/1139 1142/1142/1142 1129/1129/1129
f 1139/1139/1139 1129/1129/1129 1126/1126/1126
f 1140/1140/1140 1139/1139/1139 1126/1126/1126
f 1140/1140/1140 1126/1126/1126 1125/1125/1125
f 709/709/709 1136/1136/1136 1143/1143/1143
f 709/709/709 1143/1143/1143 714/714/714
f 1136/1136/1136 995/995/995 1009/1009/1009
f 1136/1136/1136 1009/1009/1009 1143/1143/1143
f 1143/1143/1143 1009/1009/1009 1008/1008/1008
f 1143/1143/1143 1008/1008/1008 1144/1144/1144
f 714/714/714 1143/1143/1143 1144/1144/1144
f 714/714/714 1144/1144/1144 715/715/715
f 1145/1145/1145 1146/1146/1146 1147/1147/1147
f 1145/1145/1145 1147/1147/1147 1148/1148/1148
f 1146/1146/1146 1149/1149/1149 1150/1150/1150
f 1146/1146/1146 1150/1150/1150 1147/1147/1147
f 1147/1147/1147 1150/1150/1150 1141/1141/1141
f 1147/1147/1147 1141/1141/1141 1138/1138/1138
f 1148/1148/1148 1147/1147/1147 1138/1138/1138
f 1148/1148/1148 1138/1138/1138 1137/1137/1137
f 715/715/715 1144/1144/1144 1151/1151/1151
f 715/715/715 1151/1151/1151 720/720/720
f 1144/1144/1144 1008/1008/1008 1019/1019/1019
f 1144/1144/1144 1019/1019/1019 1151/1151/1151
f 1151/1151/1151 1019/1019/1019 1018/1018/1018
f 1151/1151/1151 1018/1018/1018 1152/1152/1152
f 720/720/720 1151/1151/1151 1152/1152/1152
f 720/720/720 1152/1152/1152 721/721/721
f 1153/1153/1153 1154/1154/1154 1155/1155/1155
f 1153/1153/1153 1155/1155/1155 1156/1156/1156
f 1154/1154/1154 1157/1157/1157 1158/1158/1158
f 1154/1154/1154 1158/1158/1158 1155/1155/1155
f 1155/1155/1155 1158/1158/1158 1149/1149/1149
f 1155/1155/1155 1149/1149/1149 1146/1146/1146
f 1156/1156/1156 1155/1155/1155 1146/1146/1146
f 1156/1156/1156 1146/1146/1146 1145/1145/1145
f 721/721/721 1152/1152/1152 1159/1159/1159
f 721/721/721 1159/1159/1159 726/726/726
f 1152/1152/1152 1018/1018/1018 1029/1029/1029
f 1152/1152/1152 1029/1029/1029 1159/1159/1159
f 1159/1159/1159 1029/1029/1029 1028/1028/1028
f 1159/1159/1159 1028/1028/1028 1160/1160/1160
f 726/726/726 1159/1159/1159 1160/1160/1160
f 726/726/726 1160/1160/1160 727/727/727
f 1161/1161/1161 1162/1162/1162 1163/1163/1163
f 1161/1161/1161 1163/1163/1163 1164/1164/1164
f 1162/1162/1162 1165/1165/1165 1166/1166/1166
f 1162/1162/1162 1166/1166/1166 1163/1163/1163
f 1163/1163/1163 1166/1166/1166 1157/1157/1157
f 1163/1163/1163 1157/1157/1157 1154/1154/1154
f 1164/1164/1164 1163/1163/1163 1154/1154/1154
f 1164/1164/1164 1154/1154/1154 1153/1153/1153
f 727/727/727 1160/1160/1160 1167/1167/1167
f 727/727/727 1167/1167/1167 732/732/732
f 1160/1160/1160 1028/1028/1028 1039/1039/1039
f 1160/1160/1160 1039/1039/1039 1167/1167/1167
f 1167/1167/1167 1039/1039/1039 1038/1038/1038
f 1167/1167/1167 1038/1038/1038 1168/1168/1168
f 732/732/732 1167/1167/1167 1168/1168/1168
f 732/732/732 1168/1168/1168 733/733/733
f 1169/1169/1169 1170/1170/1170 1171/1171/1171
f 1169/1169/1169 1171/1171/1171 1172/1172/1172
f 1170/1170/1170 1173/1173/1173 1174/1174/1174
f 1170/1170/1170 1174/1174/1174 1171/1171/1171
f 1171/1171/1171 1174/1174/1174 1165/1165/1165
f 1171/1171/1171 1165/1165/1165 1162/1162/1162
f 1172/1172/1172 1171/1171/1171 1162/1162/1162
f 1172/1172/1172 1162/1162/1162 1161/1161/1161
f 733/733/733 1168/1168/1168 1175/1175/1175
f 733/733/733 1175/1175/1175 738/738/738
f 1168/1168/1168 1038/1038/1038 1049/1049/1049
f 1168/1168/1168 1049/1049/1049 1175/1175/1175
f 1175/1175/1175 1049/1049/1049 1048/1048/1048
f 1175/1175/1175 1048/1048/1048 1176/1176/1176
f 738/738/738 1175/1175/1175 1176/1176/1176
f 738/738/738 1176/1176/1176 739/739/739
f 1177/1177/1177 1178/1178/1178 1179/1179/1179
f 1177/1177/1177 1179/1179/1179 1180/1180/1180
f 1178/1178/1178 1181/1181/1181 1182/1182/1182
f 1178/1178/1178 1182/1182/1182 1179/1179/1179
f 1179/1179/1179 1182/1182/1182 1173/1173/1173
f 1179/1179/1179 1173/1173/1173 1170/1170/1170
f 1180/1180/1180 1179/1179/1179 1170/1170/1170
f 1180/1180/1180 1170/1170/1170 1169/1169/1169
f 739/739/739 1176/1176/1176 1183/1183/1183
f 739/739/739 1183/1183/1183 744/744/744
f 1176/1176/1176 1048/1048/1048 1059/1059/1059
f 1176/1176/1176 1059/1059/1059 1183/1183/1183
f 1183/1183/1183 1059/1059/1059 1058/1058/1058
f 1183/1183/1183 1058/1058/1058 1184/1184/1184
f 744/744/744 1183/1183/1183 1184/1184/1184
f 744/744/744 1184/1184/1184 745/745/745
f 1185/1185/1185 1186/1186/1186 1187/1187/1187
f 1185/1185/1185 1187/1187/1187 1188/1188/1188
f 1186/1186/1186 1189/1189/1189 1190/1190/1190
f 1186/1186/1186 1190/1190/1190 1187/1187/1187
f 1187/1187/1187 1190/1190/1190 1181/1181/1181
f 1187/1187/1187 1181/1181/1181 1178/1178/1178
f 1188/1188/1188 1187/1187/1187 1178/1178/1178
f 1188/1188/1188 1178/1178/1178 1177/1177/1177
f 745/745/745 1184/1184/1184 1191/1191/1191
f 745/745/745 1191/1191/1191 750/750/750
f 1184/1184/1184 1058/1058/1058 1069/1069/1069
f 1184/1184/1184 1069/1069/1069 1191/1191/1191
f 1191/1191/1191 1069/1069/1069 1068/1068/1068
f 1191/1191/1191 1068/1068/1068 1192/1192/1192
f 750/750/750 1191/1191/1191 1192/1192/1192
f 750/750/750 1192/1192/1192 751/751/751
f 1193/1193/1193 1194/1194/1194 1195/1195/1195
f 1193/1193/1193 1195/1195/1195 1196/1196/1196
f 1194/1194/1194 1197/1197/1197 1198/1198/1198
f 1194/1194/1194 1198/1198/1198 1195/1195/1195
f 1195/1195/1195 1198/1198/1198 1189/1189/1189
f 1195/1195/1195 1189/1189/1189 1186/1186/1186
f 1196/1196/1196 1195/1195/1195 1186/1186/1186
f 1196/1196/1196 1186/1186/1186 1185/1185/1185
f 751/751/751 1192/1192/1192 1199/1199/1199
f 751/751/751 1199/1199/1199 756/756/756
f 1192/1192/1192 1068/1068/1068 1079/1079/1079
f 1192/1192/1192 1079/1079/1079 1199/1199/1199
f 1199/1199/1199 1079/1079/1079 1078/1078/1078
f 1199/1199/1199 1078/1078/1078 1200/1200/1200
f 756/756/756 1199/1199/1199 1200/1200/1200
f 756/756/756 1200/1200/1200 757/757/757
f 1201/1201/1201 1202/1202/1202 1203/1203/1203
f 1201/1201/1201 1203/1203/1203 1204/1204/1204
f 1202/1202/1202 1205/1205/1205 1206/1206/1206
f 1202/1202/1202 1206/1206/1206 1203/1203/1203
f 1203/1203/1203 1206/1206/1206 1197/1197/1197
f 1203/1203/1203 1197/1197/1197 1194/1194/1194
f 1204/1204/1204 1203/1203/1203 1194/1194/1194
f 1204/1204/1204 1194/1194/1194 1193/1193/1193
f 757/757/757 1200/1200/1200 1207/1207/1207
f 757/757/757 1207/1207/1207 762/762/762
f 1200/1200/1200 1078/1078/1078 1089/1089/1089
f 1200/1200/1200 1089/1089/1089 1207/1207/1207
f 1207/1207/1207 1089/1089/1089 1088/1088/1088
f 1207/1207/1207 1088/1088/1088 1208/1208/1208
f 762/762/762 1207/1207/1207 1208/1208/1208
f 762/762/762 1208/1208/1208 763/763/763
f 1209/1209/1209 1210/1210/1210 1211/1211/1211
f 1209/1209/1209 1211/1211/1211 1212/1212/1212
f 1210/1210/1210 1213/1213/1213 1214/1214/1214
f 1210/1210/1210 1214/1214/1214 1211/1211/1211
f 1211/1211/1211 1214/1214/1214 1205/1205/1205
f 1211/1211/1211 1205/1205/1205 1202/1202/1202
f 1212/1212/1212 1211/1211/1211 1202/1202/1202
f 1212/1212/1212 1202/1202/1202 1201/1201/1201
f 763/763/763 1208/1208/1208 1215/1215/1215
f 763/763/763 1215/1215/1215 768/768/768
f 1208/1208/1208 1088/1088/1088 1099/1099/1099
f 1208/1208/1208 1099/1099/1099 1215/1215/1215
f 1215/1215/1215 1099/1099/1099 1098/1098/1098
f 1215/1215/1215 1098/1098/1098 1216/1216/1216
f 768/768/768 1215/1215/1215 1216/1216/1216
f 768/768/768 1216/1216/1216 769/769/769
f 1217/1217/1217 1218/1218/1218 1219/1219/1219
f 1217/1217/1217 1219/1219/1219 1220/1220/1220
f 1218/1218/1218 1221/1221/1221 1222/1222/1222
f 1218/1218/1218 1222/1222/1222 1219/1219/1219
f 1219/1219/1219 1222/1222/1222 1213/1213/1213
f 1219/1219/1219 1213/1213/1213 1210/1210/1210
f 1220/1220/1220 1219/1219/1219 1210/1210/1210
f 1220/1220/1220 1210/1210/1210 1209/1209/1209
f 769/769/769 1216/1216/1216 1223/1223/1223
f 769/769/769 1223/1223/1223 774/774/774
f 1216/1216/1216 1098/1098/1098 1109/1109/1109
f 1216/1216/1216 1109/1109/1109 1223/1223/1223
f 1223/1223/1223 1109/1109/1109 1108/1108/1108
f 1223/1223/1223 1108/1108/1108 1224/1224/1224
f 774/774/774 1223/1223/1223 1224/1224/1224
f 774/774/774 1224/1224/1224 775/775/775
f 1225/1225/1225 1226/1226/1226 1227/1227/1227
f 1225/1225/1225 1227/1227/1227 1228/1228/1228
f 1226/1226/1226 1229/1229/1229 1230/1230/1230
f 1226/1226/1226 1230/1230/1230 1227/1227/1227
f 1227/1227/1227 1230/1230/1230 1221/1221/1221
f 1227/1227/1227 1221/1221/1221 1218/1218/1218
f 1228/1228/1228 1227/1227/1227 1218/1218/1218
f 1228/1228/1228 1218/1218/1218 1217/1217/1217
f 775/775/775 1224/1224/1224 1231/1231/1231
f 775/775/775 1231/1231/1231 780/780/780
f 1224/1224/1224 1108/1108/1108 1119/1119/1119
f 1224/1224/1224 1119/1119/1119 1231/1231/1231
f 1231/1231/1231 1119/1119/1119 1118/1118/1118
f 1231/1231/1231 1118/1118/1118 1232/1232/1232
f 780/780/780 1231/1231/1231 1232/1232/1232
f 780/780/780 1232/1232/1232 781/781/781
f 1133/1133/1133 1132/1132/1132 1233/1233/1233
f 1133/1133/1133 1233/1233/1233 1234/1234/1234
f 1132/1132/1132 1131/1131/1131 1235/1235/1235
f 1132/1132/1132 1235/1235/1235 1233/1233/1233
f 1233/1233/1233 1235/1235/1235 1229/1229/1229
f 1233/1233/1233 1229/1229/1229 1226/1226/1226
f 1234/1234/1234 1233/1233/1233 1226/1226/1226
f 1234/1234/1234 1226/1226/1226 1225/1225/1225
f 781/781/781 1232/1232/1232 1236/1236/1236
f 781/781/781 1236/1236/1236 786/786/786
f 1232/1232/1232 1118/1118/1118 1124/1124/1124
f 1232/1232/1232 1124/1124/1124 1236/1236/1236
f 1236/1236/1236 1124/1124/1124 997/997/997
f 1236/1236/1236 997/997/997 1134/1134/1134
f 786/786/786 1236/1236/1236 1134/1134/1134
f 786/786/786 1134/1134/1134 707/707/707
f 1237/1237/1237 1238/1238/1238 1239/1239/1239
f 1237/1237/1237 1239/1239/1239 1240/1240/1240
f 1238/1238/1238 999/999/999 1123/1123/1123
f 1238/1238/1238 1123/1123/1123 1239/1239/1239
f 1239/1239/1239 1123/1123/1123 1114/1114/1114
f 1239/1239/1239 1114/1114/1114 1241/1241/1241
f 1240/1240/1240 1239/1239/1239 1241/1241/1241
f 1240/1240/1240 1241/1241/1241 1242/1242/1242
f 1242/1242/1242 1241/1241/1241 1243/1243/1243
f 1242/1242/1242 1243/1243/1243 1244/1244/1244
f 1241/1241/1241 1114/1114/1114 1117/1117/1117
f 1241/1241/1241 1117/1117/1117 1243/1243/1243
f 1243/1243/1243 1117/1117/1117 1104/1104/1104
f 1243/1243/1243 1104/1104/1104 1245/1245/1245
f 1244/1244/1244 1243/1243/1243 1245/1245/1245
f 1244/1244/1244 1245/1245/1245 1246/1246/1246
f 1246/1246/1246 1245/1245/1245 1247/1247/1247
f 1246/1246/1246 1247/1247/1247 1248/1248/1248
f 1245/1245/1245 1104/1104/1104 1107/1107/1107
f 1245/1245/1245 1107/1107/1107 1247/1247/1247
f 1247/1247/1247 1107/1107/1107 1094/1094/1094
f 1247/1247/1247 1094/1094/1094 1249/1249/1249
f 1248/1248/1248 1247/1247/1247 1249/1249/1249
f 1248/1248/1248 1249/1249/1249 1250/1250/1250
f 1250/1250/1250 1249/1249/1249 1251/1251/1251
f 1250/1250/1250 1251/1251/1251 1252/1252/1252
f 1249/1249/1249 1094/1094/1094 1097/1097/1097
f 1249/1249/1249 1097/1097/1097 1251/1251/1251
f 1251/1251/1251 1097/1097/1097 1084/1084/1084
f 1251/1251/1251 1084/1084/1084 1253/1253/1253
f 1252/1252/1252 1251/1251/1251 1253/1253/1253
f 1252/1252/1252 1253/1253/1253 1254/1254/1254
f 1254/1254/1254 1253/1253/1253 1255/1255/1255
f 1254/1254/1254 1255/1255/1255 1256/1256/1256
f 1253/1253/1253 1084/1084/1084 1087/1087/1087
f 1253/1253/1253 1087/1087/1087 1255/1255/1255
f 1255/1255/1255 1087/1087/1087 1074/1074/1074
f 1255/1255/1255 1074/1074/1074 1257/1257/1257
f 1256/1256/1256 1255/1255/1255 1257/1257/1257
f 1256/1256/1256 1257/1257/1257 1258/1258/1258
f 1258/1258/1258 1257/1257/1257 1259/1259/1259
f 1258/1258/1258 1259/1259/1259 1260/1260/1260
f 1257/1257/1257 1074/1074/1074 1077/1077/1077
f 1257/1257/1257 1077/1077/1077 1259/1259/1259
f 1259/1259/1259 1077/1077/1077 1064/1064/1064
f 1259/1259/1259 1064/1064/1064 1261/1261/1261
f 1260/1260/1260 1259/1259/1259 1261/1261/1261
f 1260/1260/1260 1261/1261/1261 1262/1262/1262
f 1262/1262/1262 1261/1261/1261 1263/1263/1263
f 1262/1262/1262 1263/1263/1263 1264/1264/1264
f 1261/1261/1261 1064/1064/1064 1067/1067/1067
f 1261/1261/1261 1067/1067/1067 1263/1263/1263
f 1263/1263/1263 1067/1067/1067 1054/1054/1054
f 1263/1263/1263 1054/1054/1054 1265/1265/1265
f 1264/1264/1264 1263/1263/1263 1265/1265/1265
f 1264/1264/1264 1265/1265/1265 1266/1266/1266
f 1266/1266/1266 1265/1265/1265 1267/1267/1267
f 1266/1266/1266 1267/1267/1267 1268/1268/1268
f 1265/1265/1265 1054/1054/1054 1057/1057/1057
f 1265/1265/1265 1057/1057/1057 1267/1267/1267
f 1267/1267/1267 1057/1057/1057 1044/1044/1044
f 1267/1267/1267 1044/1044/1044 1269/1269/1269
f 1268/1268/1268 1267/1267/1267 1269/1269/1269
f 1268/1268/1268 1269/1269/1269 1270/1270/1270
f 1270/1270/1270 1269/1269/1269 1271/1271/1271
f 1270/1270/1270 1271/1271/1271 1272/1272/1272
f 1269/1269/1269 1044/1044/1044 1047/1047/1047
f 1269/1269/1269 1047/1047/1047 1271/1271/1271
f 1271/1271/1271 1047/1047/1047 1034/1034/1034
f 1271/1271/1271 1034/1034/1034 1273/1273/1273
f 1272/1272/1272 1271/1271/1271 1273/1273/1273
f 1272/1272/1272 1273/1273/1273 1274/1274/1274
f 1274/1274/1274 1273/1273/1273 1275/1275/1275
f 1274/1274/1274 1275/1275/1275 1276/1276/1276
f 1273/1273/1273 1034/1034/1034 1037/1037/1037
f 1273/1273/1273 1037/1037/1037 1275/1275/1275
f 1275/1275/1275 1037/1037/1037 1024/1024/1024
f 1275/1275/1275 1024/1024/1024 1277/1277/1277
f 1276/1276/1276 1275/1275/1275 1277/1277/1277
f 1276/1276/1276 1277/1277/1277 1278/1278/1278
f 1278/1278/1278 1277/1277/1277 1279/1279/1279
f 1278/1278/1278 1279/1279/1279 1280/1280/1280
f 1277/1277/1277 1024/1024/1024 1027/1027/1027
f 1277/1277/1277 1027/1027/1027 1279/1279/1279
f 1279/1279/1279 1027/1027/1027 1014/1014/1014
f 1279/1279/1279 1014/1014/1014 1281/1281/1281
f 1280/1280/1280 1279/1279/1279 1281/1281/1281
f 1280/1280/1280 1281/1281/1281 1282/1282/1282
f 1282/1282/1282 1281/1281/1281 1283/1283/1283
f 1282/1282/1282 1283/1283/1283 1284/1284/1284
f 1281/1281/1281 1014/1014/1014 1017/1017/1017
f 1281/1281/1281 1017/1017/1017 1283/1283/1283
f 1283/1283/1283 1017/1017/1017 1004/1004/1004
f 1283/1283/1283 1004/1004/1004 1285/1285/1285
f 1284/1284/1284 1283/1283/1283 1285/1285/1285
f 1284/1284/1284 1285/1285/1285 1286/1286/1286
f 1286/1286/1286 1285/1285/1285 1287/1287/1287
f 1286/1286/1286 1287/1287/1287 1288/1288/1288
f 1285/1285/1285 1004/1004/1004 1007/1007/1007
f 1285/1285/1285 1007/1007/1007 1287/1287/1287
f 1287/1287/1287 1007/1007/1007 991/991/991
f 1287/1287/1287 991/991/991 1289/1289/1289
f 1288/1288/1288 1287/1287/1287 1289/1289/1289
f 1288/1288/1288 1289/1289/1289 1290/1290/1290
f 1290/1290/1290 1289/1289/1289 1291/1291/1291
f 1290/1290/1290 1291/1291/1291 1292/1292/1292
f 1289/1289/1289 991/991/991 994/994/994
f 1289/1289/1289 994/994/994 1291/1291/1291
f 1291/1291/1291 994/994/994 999/999/999
f 1291/1291/1291 999/999/999 1238/1238/1238
f 1292/1292/1292 1291/1291/1291 1238/1238/1238
f 1292/1292/1292 1238/1238/1238 1237/1237/1237
f 1293/1293/1293 1294/1294/1294 1295/1295/1295
f 1293/1293/1293 1295/1295/1295 1296/1296/1296
f 1294/1294/1294 1133/1133/1133 1234/1234/1234
f 1294/1294/1294 1234/1234/1234 1295/1295/1295
f 1295/1295/1295 1234/1234/1234 1225/1225/1225
f 1295/1295/1295 1225/1225/1225 1297/1297/1297
f 1296/1296/1296 1295/1295/1295 1297/1297/1297
f 1296/1296/1296 1297/1297/1297 1298/1298/1298
f 1298/1298/1298 1297/1297/1297 1299/1299/1299
f 1298/1298/1298 1299/1299/1299 1300/1300/1300
f 1297/1297/1297 1225/1225/1225 1228/1228/1228
f 1297/1297/1297 1228/1228/1228 1299/1299/1299
f 1299/1299/1299 1228/1228/1228 1217/1217/1217
f 1299/1299/1299 1217/1217/1217 1301/1301/1301
f 1300/1300/1300 1299/1299/1299 1301/1301/1301
f 1300/1300/1300 1301/1301/1301 1302/1302/1302
f 1302/1302/1302 1301/1301/1301 1303/1303/1303
f 1302/1302/1302 1303/1303/1303 1304/1304/1304
f 1301/1301/1301 1217/1217/1217 1220/1220/1220
f 1301/1301/1301 1220/1220/1220 1303/1303/1303
f 1303/1303/1303 1220/1220/1220 1209/1209/1209
f 1303/1303/1303 1209/1209/1209 1305/1305/1305
f 1304/1304/1304 1303/1303/1303 1305/1305/1305
f 1304/1304/1304 1305/1305/1305 1306/1306/1306
f 1306/1306/1306 1305/1305/1305 1307/1307/1307
f 1306/1306/1306 1307/1307/1307 1308/1308/1308
f 1305/1305/1305 1209/1209/1209 1212/1212/1212
f 1305/1305/1305 1212/1212/1212 1307/1307/1307
f 1307/1307/1307 1212/1212/1212 1201/1201/1201
f 1307/1307/1307 1201/1201/1201 1309/1309/1309
f 1308/1308/1308 1307/1307/1307 1309/1309/1309
f 1308/1308/1308 1309/1309/1309 1310/1310/1310
f 1310/1310/1310 1309/1309/1309 1311/1311/1311
f 1310/1310/1310 1311/1311/1311 1312/1312/1312
f 1309/1309/1309 1201/1201/1201 1204/1204/1204
f 1309/1309/1309 1204/1204/1204 1311/1311/1311
f 1311/1311/1311 1204/1204/1204 1193/1193/1193
f 1311/1311/1311 1193/1193/1193 1313/1313/1313
f 1312/1312/1312 1311/1311/1311 1313/1313/1313
f 1312/1312/1312 1313/1313/1313 1314/1314/1314
f 1314/1314/1314 1313/1313/1313 1315/1315/1315
f 1314/1314/1314 1315/1315/1315 1316/1316/1316
f 1313/1313/1313 1193/1193/1193 1196/1196/1196
f 1313/1313/1313 1196/1196/1196 1315/1315/1315
f 1315/1315/1315 1196/1196/1196 1185/1185/1185
f 1315/1315/1315 1185/1185/1185 1317/1317/1317
f 1316/1316/1316 1315/1315/1315 1317/1317/1317
f 1316/1316/1316 1317/1317/1317 1318/1318/1318
f 1318/1318/1318 1317/1317/1317 1319/1319/1319
f 1318/1318/1318 1319/1319/1319 1320/1320/1320
f 1317/1317/1317 1185/1185/1185 1188/1188/1188
f 1317/1317/1317 1188/1188/1188 1319/1319/1319
f 1319/1319/1319 1188/1188/1188 1177/1177/1177
f 1319/1319/1319 1177/1177/1177 1321/1321/1321
f 1320/1320/1320 1319/1319/1319 1321/1321/1321
f 1320/1320/1320 1321/1321/1321 1322/1322/1322
f 1322/1322/1322 1321/1321/1321 1323/1323/1323
f 1322/1322/1322 1323/1323/1323 1324/1324/1324
f 1321/1321/1321 1177/1177/1177 1180/1180/1180
f 1321/1321/1321 1180/1180/1180 1323/1323/1323
f 1323/1323/1323 1180/1180/1180 1169/1169/1169
f 1323/1323/1323 1169/1169/1169 1325/1325/1325
f 1324/1324/1324 1323/1323/1323 1325/1325/1325
f 1324/1324/1324 1325/1325/1325 1326/1326/1326
f 1326/1326/1326 1325/1325/1325 1327/1327/1327
f 1326/1326/1326 1327/1327/1327 1328/1328/1328
f 1325/1325/1325 1169/1169/1169 1172/1172/1172
f 1325/1325/1325 1172/1172/1172 1327/1327/1327
f 1327/1327/1327 1172/1172/1172 1161/1161/1161
f 1327/1327/1327 1161/1161/1161 1329/1329/1329
f 1328/1328/1328 1327/1327/1327 1329/1329/1329
f 1328/1328/1328 1329/1329/1329 1330/1330/1330
f 1330/1330/1330 1329/1329/1329 1331/1331/1331
f 1330/1330/1330 1331/1331/1331 1332/1332/1332
f 1329/1329/1329 1161/1161/1161 1164/1164/1164
f 1329/1329/1329 1164/1164/1164 1331/1331/1331
f 1331/1331/1331 1164/1164/1164 1153/1153/1153
f 1331/1331/1331 1153/1153/1153 1333/1333/1333
f 1332/1332/1332 1331/1331/1331 1333/1333/1333
f 1332/1332/1332 1333/1333/1333 1334/1334/1334
f 1334/1334/1334 1333/1333/1333 1335/1335/1335
f 1334/1334/1334 1335/1335/1335 1336/1336/1336
f 1333/1333/1333 1153/1153/1153 1156/1156/1156
f 1333/1333/1333 1156/1156/1156 1335/1335/1335
f 1335/1335/1335 1156/1156/1156 1145/1145/1145
f 1335/1335/1335 1145/1145/1145 1337/1337/1337
f 1336/1336/1336 1335/1335/1335 1337/1337/1337
f 1336/1336/1336 1337/1337/1337 1338/1338/1338
f 1338/1338/1338 1337/1337/1337 1339/1339/1339
f 1338/1338/1338 1339/1339/1339 1340/1340/1340
f 1337/1337/1337 1145/1145/1145 1148/1148/1148
f 1337/1337/1337 1148/1148/1148 1339/1339/1339
f 1339/1339/1339 1148/1148/1148 1137/1137/1137
f 1339/1339/1339 1137/1137/1137 1341/1341/1341
f 1340/1340/1340 1339/1339/1339 1341/1341/1341
f 1340/1340/1340 1341/1341/1341 1342/1342/1342
f 1342/1342/1342 1341/1341/1341 1343/1343/1343
f 1342/1342/1342 1343/1343/1343 1344/1344/1344
f 1341/1341/1341 1137/1137/1137 1140/1140/1140
f 1341/1341/1341 1140/1140/1140 1343/1343/1343
f 1343/1343/1343 1140/1140/1140 1125/1125/1125
f 1343/1343/1343 1125/1125/1125 1345/1345/1345
f 1344/1344/1344 1343/1343/1343 1345/1345/1345
f 1344/1344/1344 1345/1345/1345 1346/1346/1346
f 1346/1346/1346 1345/1345/1345 1347/1347/1347
f 1346/1346/1346 1347/1347/1347 1348/1348/1348
f 1345/1345/1345 1125/1125/1125 1128/1128/1128
f 1345/1345/1345 1128/1128/1128 1347/1347/1347
f 1347/1347/1347 1128/1128/1128 1133/1133/1133
f 1347/1347/1347 1133/1133/1133 1294/1294/1294
f 1348/1348/1348 1347/1347/1347 1294/1294/1294
f 1348/1348/1348 1294/1294/1294 1293/1293/1293
f 1129/1129/1129 1349/1349/1349 1350/1350/1350
f 1129/1129/1129 1350/1350/1350 1130/1130/1130
f 1349/1349/1349 1290/1290/1290 1292/1292/1292
f 1349/1349/1349 1292/1292/1292 1350/1350/1350
f 1350/1350/1350 1292/1292/1292 1237/1237/1237
f 1350/1350/1350 1237/1237/1237 1351/1351/1351
f 1130/1130/1130 1350/1350/1350 1351/1351/1351
f 1130/1130/1130 1351/1351/1351 1131/1131/1131
f 1141/1141/1141 1352/1352/1352 1353/1353/1353
f 1141/1141/1141 1353/1353/1353 1142/1142/1142
f 1352/1352/1352 1286/1286/1286 1288/1288/1288
f 1352/1352/1352 1288/1288/1288 1353/1353/1353
f 1353/1353/1353 1288/1288/1288 1290/1290/1290
f 1353/1353/1353 1290/1290/1290 1349/1349/1349
f 1142/1142/1142 1353/1353/1353 1349/1349/1349
f 1142/1142/1142 1349/1349/1349 1129/1129/1129
f 1149/1149/1149 1354/1354/1354 1355/1355/1355
f 1149/1149/1149 1355/1355/1355 1150/1150/1150
f 1354/1354/1354 1282/1282/1282 1284/1284/1284
f 1354/1354/1354 1284/1284/1284 1355/1355/1355
f 1355/1355/1355 1284/1284/1284 1286/1286/1286
f 1355/1355/1355 1286/1286/1286 1352/1352/1352
f 1150/1150/1150 1355/1355/1355 1352/1352/1352
f 1150/1150/1150 1352/1352/1352 1141/1141/1141
f 1157/1157/1157 1356/1356/1356 1357/1357/1357
f 1157/1157/1157 1357/1357/1357 1158/1158/1158
f 1356/1356/1356 1278/1278/1278 1280/1280/1280
f 1356/1356/1356 1280/1280/1280 1357/1357/1357
f 1357/1357/1357 1280/1280/1280 1282/1282/1282
f 1357/1357/1357 1282/1282/1282 1354/1354/1354
f 1158/1158/1158 1357/1357/1357 1354/1354/1354
f 1158/1158/1158 1354/1354/1354 1149/1149/1149
f 1165/1165/1165 1358/1358/1358 1359/1359/1359
f 1165/1165/1165 1359/1359/1359 1166/1166/1166
f 1358/1358/1358 1274/1274/1274 1276/1276/1276
f 1358/1358/1358 1276/1276/1276 1359/1359/1359
f 1359/1359/1359 1276/1276/1276 1278/1278/1278
f 1359/1359/1359 1278/1278/1278 1356/1356/1356
f 1166/1166/1166 1359/1359/1359 1356/1356/1356
f 1166/1166/1166 1356/1356/1356 1157/1157/1157
f 1173/1173/1173 1360/1360/1360 1361/1361/1361
f 1173/1173/1173 1361/1361/1361 1174/1174/1174
f 1360/1360/1360 1270/1270/1270 1272/1272/1272
f 1360/1360/1360 1272/1272/1272 1361/1361/1361
f 1361/1361/1361 1272/1272/1272 1274/1274/1274
f 1361/1361/1361 1274/1274/1274 1358/1358/1358
f 1174/1174/1174 1361/1361/1361 1358/1358/1358
f 1174/1174/1174 1358/1358/1358 1165/1165/1165
f 1181/1181/1181 1362/1362/1362 1363/1363/1363
f 1181/1181/1181 1363/1363/1363 1182/1182/1182
f 1362/1362/1362 1266/1266/1266 1268/1268/1268
f 1362/1362/1362 1268/1268/1268 1363/1363/1363
f 1363/1363/1363 1268/1268/1268 1270/1270/1270
f 1363/1363/1363 1270/1270/1270 1360/1360/1360
f 1182/1182/1182 1363/1363/1363 1360/1360/1360
f 1182/1182/1182 1360/1360/1360 1173/1173/1173
f 1189/1189/1189 1364/1364/1364 1365/1365/1365
f 1189/1189/1189 1365/1365/1365 1190/1190/1190
f 1364/1364/1364 1262/1262/1262 1264/1264/1264
f 1364/1364/1364 1264/1264/1264 1365/1365/1365
f 1365/1365/1365 1264/1264/1264 1266/1266/1266
f 1365/1365/1365 1266/1266/1266 1362/1362/1362
f 1190/1190/1190 1365/1365/1365 1362/1362/1362
f 1190/1190/1190 1362/1362/1362 1181/1181/1181
f 1197/1197/1197 1366/1366/1366 1367/1367/1367
f 1197/1197/1197 1367/1367/1367 1198/1198/1198
f 1366/1366/1366 1258/1258/1258 1260/1260/1260
f 1366/1366/1366 1260/1260/1260 1367/1367/1367
f 1367/1367/1367 1260/1260/1260 1262/1262/1262
f 1367/1367/1367 1262/1262/1262 1364/1364/1364
f 1198/1198/1198 1367/1367/1367 1364/1364/1364
f 1198/1198/1198 1364/1364/1364 1189/1189/1189
f 1205/1205/1205 1368/1368/1368 1369/1369/1369
f 1205/1205/1205 1369/1369/1369 1206/1206/1206
f 1368/1368/1368 1254/1254/1254 1256/1256/1256
f 1368/1368/1368 1256/1256/1256 1369/1369/1369
f 1369/1369/1369 1256/1256/1256 1258/1258/1258
f 1369/1369/1369 1258/1258/1258 1366/1366/1366
f 1206/1206/1206 1369/1369/1369 1366/1366/1366
f 1206/1206/1206 1366/1366/1366 1197/1197/1197
f 1213/1213/1213 1370/1370/1370 1371/1371/1371
f 1213/1213/1213 1371/1371/1371 1214/1214/1214
f 1370/1370/1370 1250/1250/1250 1252/1252/1252
f 1370/1370/1370 1252/1252/1252 1371/1371/1371
f 1371/1371/1371 1252/1252/1252 1254/1254/1254
f 1371/1371/1371 1254/1254/1254 1368/1368/1368
f 1214/1214/1214 1371/1371/1371 1368/1368/1368
f 1214/1214/1214 1368/1368/1368 1205/1205/1205
f 1221/1221/1221 1372/1372/1372 1373/1373/1373
f 1221/1221/1221 1373/1373/1373 1222/1222/1222
f 1372/1372/1372 1246/1246/1246 1248/1248/1248
f 1372/1372/1372 1248/1248/1248 1373/1373/1373
f 1373/1373/1373 1248/1248/1248 1250/1250/1250
f 1373/1373/1373 1250/1250/1250 1370/1370/1370
f 1222/1222/1222 1373/1373/1373 1370/1370/1370
f 1222/1222/1222 1370/1370/1370 1213/1213/1213
f 1229/1229/1229 1374/1374/1374 1375/1375/1375
f 1229/1229/1229 1375/1375/1375 1230/1230/1230
f 1374/1374/1374 1242/1242/1242 1244/1244/1244
f 1374/1374/1374 1244/1244/1244 1375/1375/1375
f 1375/1375/1375 1244/1244/1244 1246/1246/1246
f 1375/1375/1375 1246/1246/1246 1372/1372/1372
f 1230/1230/1230 1375/1375/1375 1372/1372/1372
f 1230/1230/1230 1372/1372/1372 1221/1221/1221
f 1131/1131/1131 1351/1351/1351 1376/1376/1376
f 1131/1131/1131 1376/1376/1376 1235/1235/1235
f 1351/1351/1351 1237/1237/1237 1240/1240/1240
f 1351/1351/1351 1240/1240/1240 1376/1376/1376
f 1376/1376/1376 1240/1240/1240 1242/1242/1242
f 1376/1376/1376 1242/1242/1242 1374/1374/1374
f 1235/1235/1235 1376/1376/1376 1374/1374/1374
f 1235/1235/1235 1374/1374/1374 1229/1229/1229
f 793/793/793 1377/1377/1377 1378/1378/1378
f 793/793/793 1378/1378/1378 790/790/790
f 1377/1377/1377 901/901/901 904/904/904
f 1377/1377/1377 904/904/904 1378/1378/1378
f 1378/1378/1378 904/904/904 909/909/909
f 1378/1378/1378 909/909/909 1379/1379/1379
f 790/790/790 1378/1378/1378 1379/1379/1379
f 790/790/790 1379/1379/1379 787/787/787
f 787/787/787 1379/1379/1379 1380/1380/1380
f 787/787/787 1380/1380/1380 797/797/797
f 1379/1379/1379 909/909/909 911/911/911
f 1379/1379/1379 911/911/911 1380/1380/1380
f 1380/1380/1380 911/911/911 915/915/915
f 1380/1380/1380 915/915/915 1381/1381/1381
f 797/797/797 1380/1380/1380 1381/1381/1381
f 797/797/797 1381/1381/1381 794/794/794
f 794/794/794 1381/1381/1381 1382/1382/1382
f 794/794/794 1382/1382/1382 801/801/801
f 1381/1381/1381 915/915/915 917/917/917
f 1381/1381/1381 917/917/917 1382/1382/1382
f 1382/1382/1382 917/917/917 921/921/921
f 1382/1382/1382 921/921/921 1383/1383/1383
f 801/801/801 1382/1382/1382 1383/1383/1383
f 801/801/801 1383/1383/1383 798/798/798
f 798/798/798 1383/1383/1383 1384/1384/1384
f 798/798/798 1384/1384/1384 805/805/805
f 1383/1383/1383 921/921/921 923/923/923
f 1383/1383/1383 923/923/923 1384/1384/1384
f 1384/1384/1384 923/923/923 927/927/927
f 1384/1384/1384 927/927/927 1385/1385/1385
f 805/805/805 1384/1384/1384 1385/1385/1385
f 805/805/805 1385/1385/1385 802/802/802
f 802/802/802 1385/1385/1385 1386/1386/1386
f 802/802/802 1386/1386/1386 809/809/809
f 1385/1385/1385 927/927/927 929/929/929
f 1385/1385/1385 929/929/929 1386/1386/1386
f 1386/1386/1386 929/929/929 933/933/933
f 1386/1386/1386 933/933/933 1387/1387/1387
f 809/809/809 1386/1386/1386 1387/1387/1387
f 809/809/809 1387/1387/1387 806/806/806
f 806/806/806 1387/1387/1387 1388/1388/1388
f 806/806/806 1388/1388/1388 813/813/813
f 1387/1387/1387 933/933/933 935/935/935
f 1387/1387/1387 935/935/935 1388/1388/1388
f 1388/1388/1388 935/935/935 939/939/939
f 1388/1388/1388 939/939/939 1389/1389/1389
f 813/813/813 1388/1388/1388 1389/1389/1389
f 813/813/813 1389/1389/1389 810/810/810
f 810/810/810 1389/1389/1389 1390/1390/1390
f 810/810/810 1390/1390/1390 817/817/817
f 1389/1389/1389 939/939/939 941/941/941
f 1389/1389/1389 941/941/941 1390/1390/1390
f 1390/1390/1390 941/941/941 945/945/945
f 1390/1390/1390 945/945/945 1391/1391/1391
f 817/817/817 1390/1390/1390 1391/1391/1391
f 817/817/817 1391/1391/1391 814/814/814
f 814/814/814 1391/1391/1391 1392/1392/1392
f 814/814/814 1392/1392/1392 821/821/821
f 1391/1391/1391 945/945/945 947/947/947
f 1391/1391/1391 947/947/947 1392/1392/1392
f 1392/1392/1392 947/947/947 951/951/951
f 1392/1392/1392 951/951/951 1393/1393/1393
f 821/821/821 1392/1392/1392 1393/1393/1393
f 821/821/821 1393/1393/1393 818/818/818
f 818/818/818 1393/1393/1393 1394/1394/1394
f 818/818/818 1394/1394/1394 825/825/825
f 1393/1393/1393 951/951/951 953/953/953
f 1393/1393/1393 953/953/953 1394/1394/1394
f 1394/1394/1394 953/953/953 957/957/957
f 1394/1394/1394 957/957/957 1395/1395/1395
f 825/825/825 1394/1394/1394 1395/1395/1395
f 825/825/825 1395/1395/1395 822/822/822
f 822/822/822 1395/1395/1395 1396/1396/1396
f 822/822/822 1396/1396/1396 829/829/829
f 1395/1395/1395 957/957/957 959/959/959
f 1395/1395/1395 959/959/959 1396/1396/1396
f 1396/1396/1396 959/959/959 963/963/963
f 1396/1396/1396 963/963/963 1397/1397/1397
f 829/829/829 1396/1396/1396 1397/1397/1397
f 829/829/829 1397/1397/1397 826/826/826
f 826/826/826 1397/1397/1397 1398/1398/1398
f 826/826/826 1398/1398/1398 833/833/833
f 1397/1397/1397 963/963/963 965/965/965
f 1397/1397/1397 965/965/965 1398/1398/1398
f 1398/1398/1398 965/965/965 969/969/969
f 1398/1398/1398 969/969/969 1399/1399/1399
f 833/833/833 1398/1398/1398 1399/1399/1399
f 833/833/833 1399/1399/1399 830/830/830
f 830/830/830 1399/1399/1399 1400/1400/1400
f 830/830/830 1400/1400/1400 837/837/837
f 1399/1399/1399 969/969/969 971/971/971
f 1399/1399/1399 971/971/971 1400/1400/1400
f 1400/1400/1400 971/971/971 975/975/975
f 1400/1400/1400 975/975/975 1401/1401/1401
f 837/837/837 1400/1400/1400 1401/1401/1401
f 837/837/837 1401/1401/1401 834/834/834
f 834/834/834 1401/1401/1401 1402/1402/1402
f 834/834/834 1402/1402/1402 841/841/841
f 1401/1401/1401 975/975/975 977/977/977
f 1401/1401/1401 977/977/977 1402/1402/1402
f 1402/1402/1402 977/977/977 981/981/981
f 1402/1402/1402 981/981/981 1403/1403/1403
f 841/841/841 1402/1402/1402 1403/1403/1403
f 841/841/841 1403/1403/1403 838/838/838
f 838/838/838 1403/1403/1403 1404/1404/1404
f 838/838/838 1404/1404/1404 843/843/843
f 1403/1403/1403 981/981/981 983/983/983
f 1403/1403/1403 983/983/983 1404/1404/1404
f 1404/1404/1404 983/983/983 901/901/901
f 1404/1404/1404 901/901/901 1377/1377/1377
f 843/843/843 1404/1404/1404 1377/1377/1377
f 843/843/843 1377/1377/1377 793/793/793
