# ship_bottom_renforcement_ship_bottom_renforcement01_0_28
v -0.343092 -0.062936 0.061123
v -0.346043 -0.058863 0.061615
v -0.350757 -0.058863 0.034883
v -0.348856 -0.062653 0.034567
v -0.341570 -0.059514 0.060856
v -0.346411 -0.059514 0.033406
v -0.350127 -0.059514 0.012332
v -0.354375 -0.058863 0.014361
v -0.354078 -0.062220 0.014315
v -0.666962 -0.042499 0.118426
v -0.657445 -0.055173 0.116748
v -0.655747 -0.053668 0.088815
v -0.664843 -0.041554 0.090419
v -0.645622 -0.068354 0.114664
v -0.644447 -0.066266 0.086822
v -0.639074 -0.063079 0.064607
v -0.649575 -0.051370 0.066459
v -0.658029 -0.040112 0.067949
v -0.683720 0.077104 0.121187
v -0.677400 0.072465 0.120043
v -0.682114 0.072465 0.093310
v -0.688561 0.077105 0.093736
v -0.679994 0.070580 0.120528
v -0.683653 0.070011 0.093601
v -0.685662 0.069146 0.072782
v -0.685733 0.072465 0.072789
v -0.692276 0.077104 0.072662
v -0.656317 -0.083430 0.116562
v -0.670463 -0.068894 0.119057
v -0.676191 -0.068894 0.086575
v -0.662045 -0.083430 0.084081
v -0.681579 -0.055005 0.121017
v -0.687306 -0.055005 0.088535
v -0.691703 -0.055005 0.063600
v -0.680588 -0.068894 0.061640
v -0.666442 -0.083430 0.059146
v -0.628362 -0.058337 0.052213
v -0.637353 -0.046538 0.053798
v -0.637700 -0.046467 0.055380
v -0.628623 -0.057855 0.053779
v -0.646004 -0.035211 0.055323
v -0.645968 -0.035523 0.056838
v -0.652945 -0.038527 0.058352
v -0.644733 -0.049447 0.056904
v -0.634830 -0.060805 0.055158
v -0.626140 -0.035211 0.167980
v -0.617489 -0.046538 0.166454
v -0.618356 -0.046467 0.165087
v -0.626623 -0.035523 0.166545
v -0.608498 -0.058337 0.164869
v -0.609278 -0.057855 0.163486
v -0.615544 -0.060796 0.164381
v -0.625445 -0.049441 0.166127
v -0.633655 -0.038523 0.167574
v -0.363630 -0.085395 0.121692
v -0.349281 -0.074355 0.119162
v -0.353552 -0.073315 0.118395
v -0.367525 -0.084066 0.120859
v -0.338149 -0.064887 0.117199
v -0.342711 -0.064095 0.116483
v -0.342633 -0.066979 0.116259
v -0.353465 -0.076211 0.118169
v -0.367449 -0.086971 0.120635
v -0.354906 -0.098753 0.063403
v -0.338653 -0.086248 0.060537
v -0.351053 -0.083369 0.035089
v -0.366587 -0.095321 0.037828
v -0.329438 -0.074676 0.058884
v -0.341326 -0.072539 0.033355
v -0.355899 -0.069274 0.014670
v -0.366409 -0.078972 0.016529
v -0.380845 -0.090080 0.019074
v -0.361861 -0.066989 0.007026
v -0.362056 -0.064095 0.006776
v -0.372896 -0.073315 0.008688
v -0.372691 -0.076224 0.008936
v -0.358014 -0.064887 0.004543
v -0.369145 -0.074355 0.006506
v -0.383494 -0.085395 0.009036
v -0.386869 -0.084066 0.011151
v -0.386679 -0.086986 0.011402
v -0.317737 -0.091960 0.056861
v -0.330909 -0.103163 0.059184
v -0.336636 -0.103163 0.026703
v -0.323464 -0.091960 0.024380
v -0.347887 -0.116226 0.062178
v -0.353614 -0.116226 0.029696
v -0.358011 -0.116226 0.004761
v -0.341033 -0.103163 0.001767
v -0.327861 -0.091960 -0.000555
v -0.392465 -0.101240 0.126777
v -0.378034 -0.094154 0.124232
v -0.381552 -0.092596 0.123332
v -0.395605 -0.099496 0.125810
v -0.381488 -0.095508 0.123110
v -0.395553 -0.102414 0.125590
v -0.387568 -0.116701 0.069162
v -0.371221 -0.108675 0.066279
v -0.382181 -0.104804 0.040578
v -0.397805 -0.112475 0.043333
v -0.395338 -0.098893 0.021630
v -0.409857 -0.106022 0.024190
v -0.397898 -0.094154 0.011576
v -0.400896 -0.092596 0.013625
v -0.412329 -0.101240 0.014120
v -0.414949 -0.099496 0.016103
v -0.414788 -0.102432 0.016359
v -0.400720 -0.095525 0.013878
v -0.364930 -0.126590 0.065183
v -0.370657 -0.126590 0.032701
v -0.382006 -0.134974 0.068194
v -0.387733 -0.134974 0.035712
v -0.392130 -0.134974 0.010777
v -0.375054 -0.126590 0.007766
v -0.421328 -0.111937 0.131866
v -0.406896 -0.107257 0.129321
v -0.409659 -0.105356 0.128288
v -0.423712 -0.109913 0.130766
v -0.409618 -0.108279 0.128071
v -0.423683 -0.112839 0.130551
v -0.420261 -0.128817 0.074926
v -0.403915 -0.123517 0.072044
v -0.413429 -0.118990 0.046088
v -0.429052 -0.124056 0.048842
v -0.424377 -0.112077 0.026750
v -0.438897 -0.116785 0.029311
v -0.426761 -0.107257 0.016665
v -0.429003 -0.105356 0.018581
v -0.441192 -0.111937 0.019210
v -0.443057 -0.109913 0.021059
v -0.442925 -0.112860 0.021320
v -0.428857 -0.108299 0.018839
v -0.399082 -0.142094 0.071205
v -0.404809 -0.142094 0.038723
v -0.416158 -0.147631 0.074216
v -0.421885 -0.147631 0.041734
v -0.426282 -0.147631 0.016799
v -0.409206 -0.142094 0.013788
v -0.450190 -0.116782 0.136955
v -0.435759 -0.115007 0.134411
v -0.437766 -0.112903 0.133244
v -0.451819 -0.114631 0.135722
v -0.437748 -0.115832 0.133031
v -0.451813 -0.117561 0.135511
v -0.452955 -0.134305 0.080691
v -0.436608 -0.132295 0.077809
v -0.444676 -0.127380 0.051597
v -0.460300 -0.129301 0.054352
v -0.453417 -0.119874 0.031871
v -0.467937 -0.121660 0.034431
v -0.455623 -0.115007 0.021754
v -0.457110 -0.112903 0.023537
v -0.470055 -0.116782 0.024299
v -0.471164 -0.114631 0.026015
v -0.471062 -0.117583 0.026281
v -0.456993 -0.115853 0.023801
v -0.433234 -0.151264 0.077227
v -0.438961 -0.151264 0.044745
v -0.450310 -0.153364 0.080238
v -0.456037 -0.153364 0.047756
v -0.460434 -0.153364 0.022821
v -0.443358 -0.151264 0.019810
v -0.479053 -0.117497 0.142044
v -0.464622 -0.117574 0.139500
v -0.465873 -0.115403 0.138200
v -0.479926 -0.115328 0.140678
v -0.465878 -0.118334 0.137991
v -0.479944 -0.118259 0.140471
v -0.485648 -0.135116 0.086456
v -0.469301 -0.135203 0.083574
v -0.475924 -0.130159 0.057107
v -0.491547 -0.130076 0.059862
v -0.482457 -0.122457 0.036991
v -0.496977 -0.122379 0.039552
v -0.484486 -0.117574 0.026843
v -0.485217 -0.115403 0.028493
v -0.498917 -0.117497 0.029388
v -0.499271 -0.115328 0.030971
v -0.499198 -0.118281 0.031242
v -0.485130 -0.118356 0.028762
v -0.467386 -0.154302 0.083249
v -0.473113 -0.154302 0.050767
v -0.484462 -0.154211 0.086259
v -0.490189 -0.154211 0.053778
v -0.494586 -0.154211 0.028843
v -0.477510 -0.154302 0.025832
v -0.507916 -0.115209 0.147134
v -0.493484 -0.116661 0.144589
v -0.493980 -0.114514 0.143156
v -0.508033 -0.113100 0.145634
v -0.494009 -0.117444 0.142951
v -0.508074 -0.116029 0.145431
v -0.518341 -0.132524 0.092221
v -0.501995 -0.134169 0.089338
v -0.507171 -0.129171 0.062617
v -0.522795 -0.127599 0.065372
v -0.511497 -0.121538 0.042112
v -0.526017 -0.120077 0.044672
v -0.513349 -0.116661 0.031933
v -0.513324 -0.114514 0.033449
v -0.527780 -0.115209 0.034477
v -0.527378 -0.113100 0.035927
v -0.527335 -0.116050 0.036204
v -0.513266 -0.117466 0.033723
v -0.501538 -0.153222 0.089270
v -0.507265 -0.153222 0.056789
v -0.518614 -0.151504 0.092281
v -0.524341 -0.151504 0.059800
v -0.528738 -0.151504 0.034865
v -0.511662 -0.153222 0.031854
v -0.536778 -0.110336 0.152223
v -0.522347 -0.113283 0.149678
v -0.522087 -0.111224 0.148112
v -0.536141 -0.108354 0.150590
v -0.522139 -0.114152 0.147911
v -0.536204 -0.111279 0.150391
v -0.551035 -0.127004 0.097985
v -0.534688 -0.130343 0.095103
v -0.538419 -0.125514 0.068127
v -0.554043 -0.122322 0.070882
v -0.540537 -0.118140 0.047232
v -0.555057 -0.115174 0.049793
v -0.542211 -0.113283 0.037022
v -0.541431 -0.111224 0.038405
v -0.556643 -0.110336 0.039567
v -0.555485 -0.108354 0.040883
v -0.555471 -0.111299 0.041165
v -0.541403 -0.114173 0.038684
v -0.535689 -0.149225 0.095292
v -0.541417 -0.149225 0.062811
v -0.552765 -0.145737 0.098303
v -0.558493 -0.145737 0.065822
v -0.562889 -0.145737 0.040887
v -0.545814 -0.149225 0.037876
v -0.565641 -0.099321 0.157312
v -0.551210 -0.105818 0.154768
v -0.550194 -0.103954 0.153068
v -0.564248 -0.097627 0.155546
v -0.550269 -0.106876 0.152871
v -0.564334 -0.100543 0.155351
v -0.583728 -0.114527 0.103750
v -0.567381 -0.121887 0.100868
v -0.569666 -0.117432 0.073637
v -0.585290 -0.110397 0.076391
v -0.569576 -0.110629 0.052353
v -0.584096 -0.104091 0.054913
v -0.571074 -0.105818 0.042111
v -0.569538 -0.103954 0.043361
v -0.585505 -0.099321 0.044656
v -0.583592 -0.097627 0.045839
v -0.583608 -0.100562 0.046126
v -0.569540 -0.106895 0.043646
v -0.569841 -0.140391 0.101314
v -0.575569 -0.140391 0.068833
v -0.586917 -0.132703 0.104325
v -0.592645 -0.132703 0.071844
v -0.597041 -0.132703 0.046909
v -0.579965 -0.140391 0.043898
v -0.592545 -0.080159 0.162056
v -0.580072 -0.090433 0.159857
v -0.578301 -0.088972 0.158024
v -0.590926 -0.078983 0.160250
v -0.578399 -0.091882 0.157831
v -0.591915 -0.081891 0.160214
v -0.616124 -0.092851 0.109462
v -0.600075 -0.104460 0.106632
v -0.600914 -0.100776 0.079146
v -0.616253 -0.089680 0.081851
v -0.598616 -0.095150 0.057473
v -0.612872 -0.084838 0.059987
v -0.599937 -0.090433 0.047200
v -0.597646 -0.088972 0.048317
v -0.612410 -0.080159 0.049400
v -0.610270 -0.078983 0.050543
v -0.611195 -0.081905 0.050991
v -0.597676 -0.091898 0.048607
v -0.603993 -0.122187 0.107336
v -0.609721 -0.122187 0.074855
v -0.621380 -0.109943 0.110402
v -0.627107 -0.109943 0.077921
v -0.631504 -0.109943 0.052985
v -0.614117 -0.122187 0.049919
v -0.601102 -0.069503 0.163565
v -0.600693 -0.068652 0.161973
v -0.604332 -0.071571 0.162404
v -0.631577 -0.080865 0.112187
v -0.631023 -0.078224 0.084455
v -0.626598 -0.074191 0.062407
v -0.620966 -0.069502 0.050909
v -0.620038 -0.068652 0.052265
v -0.623615 -0.071582 0.053181
v -0.639389 -0.097068 0.113577
v -0.645116 -0.097068 0.081096
v -0.649513 -0.097068 0.056161
v -0.679661 -0.021278 0.120666
v -0.674089 -0.031508 0.119683
v -0.671655 -0.031050 0.091620
v -0.676981 -0.021272 0.092559
v -0.664360 -0.030350 0.069066
v -0.669309 -0.021263 0.069938
v -0.652124 -0.026059 0.057923
v -0.659087 -0.029065 0.059435
v -0.652380 -0.025462 0.056448
v -0.657299 -0.016430 0.057315
v -0.656914 -0.017264 0.058768
v -0.663882 -0.020260 0.060281
v -0.705360 -0.032621 0.066008
v -0.699540 -0.043308 0.064982
v -0.695143 -0.043309 0.089917
v -0.700963 -0.032622 0.090943
v -0.689416 -0.043309 0.122398
v -0.695236 -0.032621 0.123425
v -0.637434 -0.016430 0.169971
v -0.632515 -0.025462 0.169104
v -0.632780 -0.026059 0.167630
v -0.637570 -0.017264 0.168475
v -0.639795 -0.029063 0.168657
v -0.644589 -0.020260 0.169502
v -0.689000 -0.000113 0.122312
v -0.684510 -0.010882 0.121521
v -0.681616 -0.011336 0.093376
v -0.685907 -0.001043 0.094133
v -0.673616 -0.012029 0.070698
v -0.677604 -0.002463 0.071401
v -0.661083 -0.008326 0.059503
v -0.668055 -0.011314 0.061017
v -0.661580 -0.007253 0.058070
v -0.665544 0.002255 0.058769
v -0.664943 0.000932 0.060183
v -0.671919 -0.002045 0.061698
v -0.715116 -0.010512 0.067728
v -0.710426 -0.021762 0.066901
v -0.706029 -0.021762 0.091837
v -0.710719 -0.010512 0.092664
v -0.700302 -0.021762 0.124318
v -0.704992 -0.010512 0.125145
v -0.645679 0.002255 0.171425
v -0.641715 -0.007253 0.170726
v -0.641739 -0.008326 0.169210
v -0.645599 0.000932 0.169891
v -0.648762 -0.011316 0.170238
v -0.652625 -0.002050 0.170919
v -0.697204 0.022176 0.123759
v -0.693494 0.011239 0.123105
v -0.690202 0.009807 0.094890
v -0.693748 0.020260 0.095516
v -0.681595 0.007620 0.072105
v -0.684892 0.017335 0.072686
v -0.668806 0.010692 0.060865
v -0.675786 0.007724 0.062380
v -0.669510 0.012276 0.059468
v -0.672880 0.022034 0.060062
v -0.672029 0.020130 0.061433
v -0.678988 0.017146 0.062944
v -0.724129 0.013250 0.069318
v -0.719810 0.001346 0.068556
v -0.715413 0.001346 0.093491
v -0.719732 0.013250 0.094253
v -0.709686 0.001346 0.125972
v -0.714005 0.013250 0.126734
v -0.653016 0.022034 0.172719
v -0.649646 0.012276 0.172125
v -0.649462 0.010692 0.170572
v -0.652685 0.020130 0.171140
v -0.656491 0.007718 0.171601
v -0.659692 0.017137 0.172165
v -0.700738 0.041199 0.124382
v -0.699348 0.031701 0.124137
v -0.695797 0.029364 0.095877
v -0.697125 0.038438 0.096111
v -0.686795 0.025795 0.073022
v -0.688030 0.034225 0.073239
v -0.673969 0.028423 0.061775
v -0.680857 0.025369 0.063274
v -0.675055 0.030747 0.060446
v -0.676564 0.039429 0.060712
v -0.675261 0.036686 0.062003
v -0.682078 0.033561 0.063489
v -0.730479 0.035985 0.070437
v -0.727697 0.024636 0.069947
v -0.723301 0.024636 0.094882
v -0.726082 0.035985 0.095372
v -0.717573 0.024636 0.127363
v -0.720355 0.035985 0.127854
v -0.656699 0.039431 0.173368
v -0.655190 0.030747 0.173102
v -0.654624 0.028423 0.171482
v -0.655917 0.036694 0.171710
v -0.661561 0.025359 0.172495
v -0.662781 0.033563 0.172710
v -0.703239 0.062897 0.124824
v -0.702189 0.052057 0.124639
v -0.698512 0.048804 0.096356
v -0.699516 0.059153 0.096533
v -0.689319 0.043849 0.073467
v -0.690252 0.053457 0.073631
v -0.676541 0.046031 0.062228
v -0.683335 0.042891 0.063711
v -0.677939 0.049091 0.060954
v -0.680745 0.058793 0.061449
v -0.678680 0.055380 0.062606
v -0.684547 0.052209 0.063925
v -0.733780 0.059812 0.071019
v -0.732438 0.047777 0.070783
v -0.728041 0.047777 0.095718
v -0.729383 0.059812 0.095954
v -0.722314 0.047777 0.128199
v -0.723656 0.059812 0.128436
v -0.660881 0.058807 0.174106
v -0.658075 0.049099 0.173611
v -0.657197 0.046063 0.171936
v -0.659335 0.055436 0.172314
v -0.664038 0.042932 0.172933
v -0.665250 0.052290 0.173147
v -0.689786 0.074406 0.122340
v -0.690283 0.072130 0.094828
v -0.699891 0.077229 0.124206
v -0.697223 0.073343 0.096110
v -0.689568 0.067429 0.073505
v -0.687462 0.068666 0.073117
v -0.686377 0.066174 0.064247
v -0.686095 0.069590 0.063913
v -0.687271 0.071927 0.064120
v -0.686558 0.068430 0.064278
v -0.692022 0.074001 0.063438
v -0.693847 0.076524 0.063759
v -0.693797 0.076959 0.064041
v -0.687215 0.072331 0.064394
v -0.686661 0.069619 0.064516
v -0.735211 0.085487 0.071272
v -0.735483 0.084829 0.071320
v -0.731087 0.084829 0.096255
v -0.730814 0.085487 0.096207
v -0.735265 0.081173 0.071281
v -0.730868 0.081173 0.096216
v -0.725141 0.081173 0.128698
v -0.725359 0.084829 0.128736
v -0.725087 0.085487 0.128688
v -0.674019 0.076961 0.176205
v -0.673983 0.076532 0.176416
v -0.667927 0.071959 0.173828
v -0.667956 0.072339 0.173621
v -0.672158 0.074015 0.176094
v -0.666751 0.069645 0.173621
v -0.667084 0.066255 0.173471
v -0.667280 0.068476 0.173504
v -0.667458 0.069639 0.173370
v -0.341570 -0.059514 0.060856
v -0.328153 -0.069069 0.058579
v -0.333373 -0.069069 0.028973
v -0.346411 -0.059514 0.033406
v -0.314735 -0.079890 0.056302
v -0.320335 -0.079890 0.024540
v -0.324635 -0.079890 0.000156
v -0.337381 -0.069069 0.006244
v -0.350127 -0.059514 0.012332
v -0.358014 -0.064887 0.004543
v -0.345887 -0.074864 -0.002157
v -0.357893 -0.085076 -0.000040
v -0.369145 -0.074355 0.006506
v -0.333761 -0.086107 -0.008857
v -0.346641 -0.097062 -0.006585
v -0.363244 -0.109836 -0.003658
v -0.373369 -0.096983 0.002689
v -0.383494 -0.085395 0.009036
v -0.379910 -0.119972 -0.000719
v -0.388904 -0.106430 0.005428
v -0.396608 -0.128170 0.002225
v -0.404469 -0.114072 0.008173
v -0.412329 -0.101240 0.014120
v -0.397898 -0.094154 0.011576
v -0.413306 -0.135133 0.005169
v -0.420033 -0.120562 0.010917
v -0.430004 -0.140547 0.008114
v -0.435598 -0.125609 0.013662
v -0.441192 -0.111937 0.019210
v -0.426761 -0.107257 0.016665
v -0.446702 -0.144100 0.011058
v -0.451163 -0.128920 0.016406
v -0.463400 -0.146153 0.014002
v -0.466728 -0.130835 0.019151
v -0.470055 -0.116782 0.024299
v -0.455623 -0.115007 0.021754
v -0.480099 -0.147071 0.016947
v -0.482292 -0.131690 0.021895
v -0.496797 -0.146981 0.019891
v -0.497857 -0.131606 0.024640
v -0.498917 -0.117497 0.029388
v -0.484486 -0.117574 0.026843
v -0.513495 -0.146014 0.022835
v -0.513422 -0.130705 0.027384
v -0.530193 -0.144334 0.025780
v -0.528986 -0.129139 0.030129
v -0.527780 -0.115209 0.034477
v -0.513349 -0.116661 0.031933
v -0.546891 -0.142105 0.028724
v -0.544551 -0.127061 0.032873
v -0.563589 -0.138694 0.031668
v -0.560116 -0.123882 0.035618
v -0.556643 -0.110336 0.039567
v -0.542211 -0.113283 0.037022
v -0.580287 -0.133467 0.034613
v -0.575681 -0.119010 0.038362
v -0.596985 -0.125949 0.037557
v -0.591245 -0.112002 0.041106
v -0.585505 -0.099321 0.044656
v -0.571074 -0.105818 0.042111
v -0.613684 -0.115666 0.040501
v -0.606810 -0.102417 0.043851
v -0.630245 -0.103718 0.043422
v -0.621174 -0.091306 0.046384
v -0.612410 -0.080159 0.049400
v -0.599937 -0.090433 0.047200
v -0.646531 -0.091206 0.046293
v -0.633134 -0.079722 0.048493
v -0.661675 -0.077995 0.048964
v -0.643943 -0.067535 0.050398
v -0.628362 -0.058337 0.052213
v -0.620966 -0.069502 0.050909
v -0.674809 -0.063949 0.051279
v -0.654849 -0.054614 0.052322
v -0.685421 -0.050510 0.053151
v -0.664478 -0.042233 0.054019
v -0.646004 -0.035211 0.055323
v -0.637353 -0.046538 0.053798
v -0.657299 -0.016430 0.057315
v -0.652380 -0.025462 0.056448
v -0.671453 -0.031664 0.055249
v -0.676759 -0.021923 0.056185
v -0.692998 -0.039120 0.054487
v -0.698689 -0.028669 0.055490
v -0.665544 0.002255 0.058769
v -0.661580 -0.007253 0.058070
v -0.681376 -0.012024 0.056999
v -0.685651 -0.001770 0.057753
v -0.703643 -0.018050 0.056364
v -0.708230 -0.007049 0.057172
v -0.672880 0.022034 0.060062
v -0.669510 0.012276 0.059468
v -0.689929 0.009039 0.058507
v -0.693677 0.019684 0.059168
v -0.712819 0.004547 0.057982
v -0.716946 0.016082 0.058709
v -0.676564 0.039429 0.060712
v -0.675055 0.030747 0.060446
v -0.696359 0.029447 0.059641
v -0.698325 0.039176 0.059988
v -0.720143 0.026901 0.059273
v -0.722571 0.037683 0.059701
v -0.680745 0.058793 0.061449
v -0.677939 0.049091 0.060954
v -0.699921 0.049719 0.060269
v -0.702257 0.060371 0.060681
v -0.724389 0.049108 0.060022
v -0.725952 0.060714 0.060297
v -0.711573 0.080864 0.062324
v -0.711532 0.081373 0.062630
v -0.710283 0.077915 0.062096
v -0.728904 0.080614 0.060818
v -0.729357 0.083993 0.060898
v -0.729325 0.084576 0.061228
v -0.717675 0.084770 0.127352
v -0.700668 0.081543 0.124264
v -0.705889 0.081543 0.094657
v -0.723276 0.084770 0.095589
v -0.683720 0.077104 0.121187
v -0.688561 0.077105 0.093736
v -0.692276 0.077104 0.072662
v -0.709897 0.081543 0.071929
v -0.727575 0.084770 0.071205
v -0.706441 0.084576 0.191011
v -0.706373 0.083993 0.191250
v -0.690149 0.080864 0.183828
v -0.690201 0.081373 0.183603
v -0.705920 0.080614 0.191170
v -0.688858 0.077915 0.183600
v -0.672158 0.074015 0.176094
v -0.673983 0.076532 0.176416
v -0.674019 0.076961 0.176205
v -0.702967 0.060714 0.190649
v -0.701404 0.049108 0.190374
v -0.678497 0.049719 0.181773
v -0.680833 0.060371 0.182185
v -0.699586 0.037683 0.190053
v -0.676901 0.039176 0.181492
v -0.656699 0.039431 0.173368
v -0.658075 0.049099 0.173611
v -0.660881 0.058807 0.174106
v -0.697158 0.026901 0.189625
v -0.674935 0.029447 0.181145
v -0.693961 0.016082 0.189061
v -0.672252 0.019684 0.180672
v -0.653016 0.022034 0.172719
v -0.655190 0.030747 0.173102
v -0.689835 0.004547 0.188334
v -0.668505 0.009039 0.180011
v -0.685245 -0.007049 0.187524
v -0.664227 -0.001770 0.179257
v -0.645679 0.002255 0.171425
v -0.649646 0.012276 0.172125
v -0.680659 -0.018050 0.186716
v -0.659952 -0.012024 0.178503
v -0.675705 -0.028669 0.185842
v -0.655334 -0.021923 0.177689
v -0.637434 -0.016430 0.169971
v -0.641715 -0.007253 0.170726
v -0.670013 -0.039120 0.184838
v -0.650029 -0.031664 0.176753
v -0.662436 -0.050510 0.183502
v -0.643053 -0.042233 0.175523
v -0.626140 -0.035211 0.167980
v -0.632515 -0.025462 0.169104
v -0.651824 -0.063949 0.181631
v -0.633425 -0.054614 0.173826
v -0.638691 -0.077995 0.179315
v -0.622518 -0.067535 0.171903
v -0.608498 -0.058337 0.164869
v -0.617489 -0.046538 0.166454
v -0.623547 -0.091206 0.176645
v -0.611710 -0.079722 0.169997
v -0.607260 -0.103718 0.173773
v -0.599749 -0.091306 0.167888
v -0.592545 -0.080159 0.162056
v -0.601102 -0.069503 0.163565
v -0.590699 -0.115666 0.170853
v -0.585386 -0.102417 0.165355
v -0.574001 -0.125949 0.167909
v -0.569821 -0.112002 0.162611
v -0.565641 -0.099321 0.157312
v -0.580072 -0.090433 0.159857
v -0.557303 -0.133467 0.164965
v -0.554256 -0.119010 0.159866
v -0.540605 -0.138694 0.162020
v -0.538692 -0.123882 0.157122
v -0.536778 -0.110336 0.152223
v -0.551210 -0.105818 0.154768
v -0.523907 -0.142105 0.159076
v -0.523127 -0.127061 0.154377
v -0.507208 -0.144334 0.156132
v -0.507562 -0.129139 0.151633
v -0.507916 -0.115209 0.147134
v -0.522347 -0.113283 0.149678
v -0.490510 -0.146014 0.153187
v -0.491997 -0.130705 0.148888
v -0.473812 -0.146981 0.150243
v -0.476433 -0.131606 0.146144
v -0.479053 -0.117497 0.142044
v -0.493484 -0.116661 0.144589
v -0.457114 -0.147071 0.147299
v -0.460868 -0.131690 0.143399
v -0.440416 -0.146153 0.144354
v -0.445303 -0.130835 0.140655
v -0.450190 -0.116782 0.136955
v -0.464622 -0.117574 0.139500
v -0.423718 -0.144100 0.141410
v -0.429738 -0.128920 0.137910
v -0.407020 -0.140547 0.138466
v -0.414174 -0.125609 0.135166
v -0.421328 -0.111937 0.131866
v -0.435759 -0.115007 0.134411
v -0.390322 -0.135133 0.135521
v -0.398609 -0.120562 0.132421
v -0.373623 -0.128170 0.132577
v -0.383044 -0.114072 0.129677
v -0.392465 -0.101240 0.126777
v -0.406896 -0.107257 0.129321
v -0.356925 -0.119972 0.129633
v -0.367479 -0.106430 0.126932
v -0.340259 -0.109836 0.126694
v -0.351944 -0.096983 0.124193
v -0.363630 -0.085395 0.121692
v -0.378034 -0.094154 0.124232
v -0.323657 -0.097062 0.123766
v -0.336469 -0.085076 0.121464
v -0.310776 -0.086107 0.121495
v -0.324463 -0.074864 0.119347
v -0.338149 -0.064887 0.117199
v -0.349281 -0.074355 0.119162
v -0.310262 -0.084339 0.055543
v -0.315989 -0.084339 0.023062
v -0.310725 -0.085680 0.055625
v -0.316452 -0.085680 0.023144
v -0.320849 -0.085680 -0.001792
v -0.320386 -0.084339 -0.001873
v -0.329719 -0.090697 -0.011090
v -0.342890 -0.101900 -0.008767
v -0.329660 -0.091644 -0.010756
v -0.342832 -0.102847 -0.008434
v -0.359810 -0.115910 -0.005440
v -0.359868 -0.114963 -0.005774
v -0.376853 -0.126275 -0.002435
v -0.376912 -0.125327 -0.002768
v -0.393929 -0.134658 0.000576
v -0.393988 -0.133711 0.000243
v -0.411005 -0.141779 0.003587
v -0.411064 -0.140831 0.003254
v -0.428081 -0.147315 0.006598
v -0.428140 -0.146368 0.006265
v -0.445157 -0.150949 0.009609
v -0.445215 -0.150001 0.009275
v -0.462233 -0.153049 0.012620
v -0.462291 -0.152101 0.012286
v -0.479309 -0.153987 0.015631
v -0.479367 -0.153039 0.015297
v -0.496384 -0.153895 0.018642
v -0.496443 -0.152948 0.018308
v -0.513460 -0.152906 0.021653
v -0.513519 -0.151959 0.021319
v -0.530536 -0.151188 0.024664
v -0.530595 -0.150241 0.024330
v -0.547612 -0.148909 0.027675
v -0.547671 -0.147962 0.027341
v -0.564688 -0.145421 0.030686
v -0.564747 -0.144474 0.030352
v -0.581764 -0.140076 0.033696
v -0.581823 -0.139129 0.033363
v -0.598840 -0.132388 0.036707
v -0.598899 -0.131440 0.036374
v -0.615916 -0.121872 0.039718
v -0.615975 -0.120924 0.039385
v -0.633289 -0.109630 0.042782
v -0.633306 -0.108690 0.042441
v -0.651256 -0.096763 0.045950
v -0.651146 -0.095848 0.045587
v -0.668133 -0.083137 0.048926
v -0.667871 -0.082261 0.048536
v -0.682239 -0.068619 0.051413
v -0.681855 -0.067794 0.051001
v -0.693328 -0.054745 0.053368
v -0.692865 -0.053964 0.052943
v -0.700667 -0.042286 0.054318
v -0.706487 -0.031599 0.055345
v -0.701156 -0.043053 0.054748
v -0.706976 -0.032366 0.055775
v -0.711553 -0.020740 0.056238
v -0.716243 -0.009490 0.057065
v -0.712042 -0.021507 0.056668
v -0.716732 -0.010257 0.057495
v -0.720936 0.002368 0.057893
v -0.725216 0.014229 0.058647
v -0.721426 0.001602 0.058323
v -0.725735 0.013495 0.059082
v -0.728664 0.025486 0.059255
v -0.731326 0.036705 0.059724
v -0.729273 0.024849 0.059706
v -0.732025 0.036165 0.060191
v -0.733245 0.048454 0.060063
v -0.734565 0.060421 0.060296
v -0.733974 0.047946 0.060535
v -0.735310 0.059964 0.060771
v -0.736108 0.084953 0.060568
v -0.736082 0.085570 0.060907
v -0.735916 0.081378 0.060534
v -0.736762 0.081224 0.061027
v -0.736974 0.084860 0.061064
v -0.736714 0.085346 0.061286
v -0.724170 0.085776 0.128527
v -0.729897 0.085776 0.096045
v -0.734294 0.085776 0.071110
v -0.713360 0.081224 0.193745
v -0.712411 0.081378 0.193835
v -0.712603 0.084953 0.193869
v -0.713572 0.084860 0.193783
v -0.712680 0.085570 0.193625
v -0.713392 0.085346 0.193551
v -0.708623 0.036165 0.192910
v -0.707821 0.036705 0.193025
v -0.709741 0.048454 0.193364
v -0.710572 0.047946 0.193254
v -0.711060 0.060421 0.193597
v -0.711908 0.059964 0.193489
v -0.702333 0.013495 0.191801
v -0.701711 0.014229 0.191948
v -0.705160 0.025486 0.192556
v -0.705872 0.024849 0.192425
v -0.693330 -0.010257 0.190213
v -0.692738 -0.009490 0.190366
v -0.697432 0.002368 0.191194
v -0.698024 0.001602 0.191041
v -0.683574 -0.032366 0.188493
v -0.682982 -0.031599 0.188646
v -0.688048 -0.020740 0.189539
v -0.688640 -0.021507 0.189386
v -0.669926 -0.054745 0.186087
v -0.669360 -0.053964 0.186244
v -0.677162 -0.042286 0.187619
v -0.677754 -0.043053 0.187467
v -0.658837 -0.068619 0.184131
v -0.658351 -0.067794 0.184302
v -0.644731 -0.083137 0.181644
v -0.644367 -0.082261 0.181837
v -0.627854 -0.096763 0.178668
v -0.627642 -0.095848 0.178888
v -0.609887 -0.109630 0.175500
v -0.609801 -0.108690 0.175742
v -0.592514 -0.121872 0.172437
v -0.592470 -0.120924 0.172686
v -0.575438 -0.132388 0.169426
v -0.575394 -0.131440 0.169675
v -0.558362 -0.140076 0.166415
v -0.558318 -0.139129 0.166664
v -0.541286 -0.145421 0.163404
v -0.541242 -0.144474 0.163653
v -0.524210 -0.148909 0.160393
v -0.524167 -0.147962 0.160642
v -0.507135 -0.151188 0.157382
v -0.507091 -0.150241 0.157631
v -0.490059 -0.152906 0.154371
v -0.490015 -0.151959 0.154620
v -0.472983 -0.153895 0.151360
v -0.472939 -0.152948 0.151609
v -0.455907 -0.153987 0.148349
v -0.455863 -0.153039 0.148598
v -0.438831 -0.153049 0.145338
v -0.438787 -0.152101 0.145587
v -0.421755 -0.150949 0.142327
v -0.421711 -0.150001 0.142576
v -0.404679 -0.147315 0.139316
v -0.404635 -0.146368 0.139566
v -0.387603 -0.141779 0.136305
v -0.387559 -0.140831 0.136555
v -0.370527 -0.134658 0.133295
v -0.370483 -0.133711 0.133544
v -0.353451 -0.126275 0.130284
v -0.353407 -0.125327 0.130533
v -0.336408 -0.115910 0.127278
v -0.336364 -0.114963 0.127528
v -0.319430 -0.102847 0.124285
v -0.319386 -0.101900 0.124534
v -0.306258 -0.091644 0.121962
v -0.306214 -0.090697 0.122211
v -0.703424 0.072340 0.124857
v -0.699693 0.068175 0.096565
v -0.690416 0.061838 0.073660
v -0.682548 0.063654 0.063288
v -0.685634 0.060369 0.064116
v -0.686547 0.067593 0.062472
v -0.692022 0.074001 0.063438
v -0.686095 0.069590 0.063913
v -0.686377 0.066174 0.064247
v -0.706444 0.070427 0.061419
v -0.727613 0.072035 0.060590
v -0.686547 0.067593 0.062472
v -0.735428 0.072298 0.060448
v -0.736223 0.071991 0.060932
v -0.734709 0.071889 0.071183
v -0.730313 0.071889 0.096118
v -0.724585 0.071889 0.128600
v -0.711924 0.072298 0.193749
v -0.712822 0.071991 0.193650
v -0.704628 0.072035 0.190942
v -0.685020 0.070427 0.182923
v -0.666683 0.067609 0.175129
v -0.663203 0.063717 0.172996
v -0.666337 0.060462 0.173339
v -0.666683 0.067609 0.175129
v -0.334237 -0.067557 0.059646
v -0.343153 -0.066422 0.033619
v -0.353187 -0.064690 0.014175
v -0.352038 -0.059847 0.003780
v -0.353260 -0.060844 0.003705
v -0.357427 -0.060158 0.005960
v -0.356236 -0.059186 0.006033
v -0.357293 -0.063031 0.006220
v -0.356457 -0.061560 0.006292
v -0.326846 -0.080275 -0.009740
v -0.328261 -0.081429 -0.009826
v -0.340761 -0.070504 -0.003061
v -0.339442 -0.069428 -0.002980
v -0.353260 -0.060844 0.003705
v -0.352038 -0.059847 0.003780
v -0.322962 -0.085740 -0.011670
v -0.324035 -0.086860 -0.011748
v -0.324094 -0.085913 -0.012081
v -0.322648 -0.084733 -0.011993
v -0.312113 -0.087176 0.055870
v -0.317840 -0.087176 0.023388
v -0.322237 -0.087176 -0.001547
v -0.300590 -0.085913 0.121220
v -0.305276 -0.081429 0.120526
v -0.300634 -0.086860 0.120970
v -0.299640 -0.085740 0.120595
v -0.299246 -0.084733 0.120726
v -0.303962 -0.080275 0.120043
v -0.319336 -0.070504 0.118443
v -0.333396 -0.060844 0.116361
v -0.318111 -0.069428 0.117993
v -0.332260 -0.059847 0.115944
v -0.338083 -0.060158 0.115667
v -0.338051 -0.063026 0.115451
v -0.333396 -0.060844 0.116361
v -0.332260 -0.059847 0.115944
v -0.336977 -0.059186 0.115261
v -0.337271 -0.061558 0.115148
v -0.300899 -0.085680 0.111352
v -0.302287 -0.087176 0.111596
v -0.306499 -0.087176 0.087709
v -0.305111 -0.085680 0.087464
v -0.307911 -0.091960 0.112588
v -0.312123 -0.091960 0.088700
v -0.321083 -0.103163 0.114911
v -0.325295 -0.103163 0.091023
v -0.338061 -0.116226 0.117904
v -0.342273 -0.116226 0.094017
v -0.355104 -0.126590 0.120909
v -0.359316 -0.126590 0.097022
v -0.372180 -0.134974 0.123920
v -0.376392 -0.134974 0.100033
v -0.389256 -0.142094 0.126931
v -0.393468 -0.142094 0.103044
v -0.406332 -0.147631 0.129942
v -0.410544 -0.147631 0.106055
v -0.423408 -0.151264 0.132953
v -0.427620 -0.151264 0.109066
v -0.440484 -0.153364 0.135964
v -0.444696 -0.153364 0.112077
v -0.457560 -0.154302 0.138975
v -0.461772 -0.154302 0.115088
v -0.474636 -0.154211 0.141986
v -0.478848 -0.154211 0.118099
v -0.491711 -0.153222 0.144997
v -0.495924 -0.153222 0.121109
v -0.508787 -0.151504 0.148008
v -0.512999 -0.151504 0.124120
v -0.525863 -0.149225 0.151019
v -0.530075 -0.149225 0.127131
v -0.542939 -0.145737 0.154030
v -0.547151 -0.145737 0.130142
v -0.560015 -0.140391 0.157041
v -0.564227 -0.140391 0.133153
v -0.577091 -0.132703 0.160052
v -0.581303 -0.132703 0.136164
v -0.594167 -0.122187 0.163063
v -0.598379 -0.122187 0.139175
v -0.611554 -0.109943 0.166129
v -0.615766 -0.109943 0.142241
v -0.629563 -0.097068 0.169304
v -0.633775 -0.097068 0.145416
v -0.646491 -0.083430 0.172289
v -0.650703 -0.083430 0.148401
v -0.660637 -0.068894 0.174783
v -0.664849 -0.068894 0.150896
v -0.671753 -0.055005 0.176743
v -0.675965 -0.055005 0.152856
v -0.683802 -0.043309 0.154237
v -0.689622 -0.032622 0.155264
v -0.679590 -0.043309 0.178125
v -0.685410 -0.032621 0.179151
v -0.694688 -0.021762 0.156157
v -0.699378 -0.010512 0.156984
v -0.690476 -0.021762 0.180045
v -0.695166 -0.010512 0.180872
v -0.704071 0.001346 0.157812
v -0.708391 0.013250 0.158573
v -0.699859 0.001346 0.181699
v -0.704179 0.013250 0.182461
v -0.711959 0.024636 0.159202
v -0.714741 0.035985 0.159693
v -0.707747 0.024636 0.183090
v -0.710528 0.035985 0.183580
v -0.716700 0.047777 0.160038
v -0.718041 0.059812 0.160275
v -0.712488 0.047777 0.183926
v -0.713829 0.059812 0.184162
v -0.718971 0.071889 0.160439
v -0.719527 0.081173 0.160537
v -0.714759 0.071889 0.184326
v -0.715315 0.081173 0.184424
v -0.719745 0.084829 0.160575
v -0.719473 0.085487 0.160527
v -0.715533 0.084829 0.184463
v -0.715261 0.085487 0.184415
v -0.714344 0.085776 0.184253
v -0.718556 0.085776 0.160366
v -0.708066 0.084770 0.181845
v -0.712185 0.084770 0.158486
v -0.691712 0.081543 0.175059
v -0.695551 0.081543 0.153285
v -0.675416 0.077105 0.168283
v -0.678976 0.077104 0.148095
v -0.675416 0.077105 0.168283
v -0.669314 0.072465 0.165906
v -0.672780 0.072465 0.146246
v -0.678976 0.077104 0.148095
v -0.669215 0.069144 0.165894
v -0.674301 0.070009 0.146534
v -0.670931 0.068660 0.166214
v -0.680874 0.072121 0.147751
v -0.672954 0.067422 0.166588
v -0.687758 0.073329 0.149023
v -0.673774 0.061837 0.166739
v -0.690210 0.068164 0.149474
v -0.673609 0.053453 0.166709
v -0.690033 0.059141 0.149443
v -0.672678 0.043818 0.166544
v -0.689031 0.048778 0.149265
v -0.671391 0.034166 0.166316
v -0.687645 0.038397 0.149020
v -0.670158 0.025733 0.166099
v -0.686317 0.029322 0.148786
v -0.668257 0.017284 0.165763
v -0.684270 0.020226 0.148425
v -0.664965 0.007582 0.165183
v -0.680727 0.009782 0.147800
v -0.660979 -0.002488 0.164480
v -0.676436 -0.001059 0.147043
v -0.656996 -0.012041 0.163778
v -0.672148 -0.011344 0.146287
v -0.652694 -0.021263 0.163019
v -0.667517 -0.021272 0.145471
v -0.647752 -0.030338 0.162148
v -0.662196 -0.031042 0.144532
v -0.641429 -0.040087 0.161033
v -0.655389 -0.041538 0.143332
v -0.632987 -0.051331 0.159544
v -0.646300 -0.053642 0.141730
v -0.622499 -0.063023 0.157695
v -0.635009 -0.066230 0.139739
v -0.610040 -0.074121 0.155498
v -0.621597 -0.078177 0.137374
v -0.596332 -0.084754 0.153081
v -0.606838 -0.089624 0.134771
v -0.582095 -0.095052 0.150571
v -0.591512 -0.100711 0.132069
v -0.567594 -0.103982 0.148014
v -0.575901 -0.110325 0.129316
v -0.553093 -0.110511 0.145457
v -0.560290 -0.117353 0.126564
v -0.538592 -0.115050 0.142900
v -0.544679 -0.122240 0.123811
v -0.524092 -0.118012 0.140343
v -0.529067 -0.125429 0.121058
v -0.509591 -0.119947 0.137786
v -0.513456 -0.127512 0.118306
v -0.495090 -0.121406 0.135229
v -0.497845 -0.129083 0.115553
v -0.480589 -0.122246 0.132672
v -0.482234 -0.129987 0.112800
v -0.466088 -0.122324 0.130116
v -0.466623 -0.130071 0.110048
v -0.451588 -0.121528 0.127559
v -0.451012 -0.129213 0.107295
v -0.437087 -0.119744 0.125002
v -0.435401 -0.127293 0.104542
v -0.422586 -0.116659 0.122445
v -0.419790 -0.123972 0.101790
v -0.408085 -0.111957 0.119888
v -0.404179 -0.118910 0.099037
v -0.393584 -0.105911 0.117331
v -0.388568 -0.112400 0.096285
v -0.379084 -0.098791 0.114774
v -0.372957 -0.104736 0.093532
v -0.364610 -0.089990 0.112222
v -0.357376 -0.095261 0.090784
v -0.350193 -0.078896 0.109680
v -0.341854 -0.083318 0.088048
v -0.339669 -0.069218 0.107819
v -0.332118 -0.072501 0.086312
v -0.336879 -0.064660 0.107311
v -0.333892 -0.066402 0.086568
v -0.337687 -0.062212 0.107437
v -0.339540 -0.062648 0.087506
v -0.337956 -0.058863 0.107479
v -0.341423 -0.058863 0.087819
v -0.333266 -0.059514 0.107953
v -0.336826 -0.059514 0.087765
v -0.333266 -0.059514 0.107953
v -0.319196 -0.069069 0.109374
v -0.323035 -0.069069 0.087601
v -0.336826 -0.059514 0.087765
v -0.305126 -0.079890 0.110796
v -0.309245 -0.079890 0.087437
v -0.300436 -0.084339 0.111270
v -0.304648 -0.084339 0.087382
v -0.342655 -0.103163 -0.007434
v -0.329483 -0.091960 -0.009756
v -0.359633 -0.116226 -0.004440
v -0.359810 -0.115910 -0.005440
v -0.342832 -0.102847 -0.008434
v -0.329660 -0.091644 -0.010756
v -0.323859 -0.087176 -0.010748
v -0.322471 -0.085680 -0.010993
v -0.324035 -0.086860 -0.011748
v -0.322962 -0.085740 -0.011670
v -0.322009 -0.084339 -0.011074
v -0.326221 -0.079890 -0.008841
v -0.322648 -0.084733 -0.011993
v -0.326846 -0.080275 -0.009740
v -0.338859 -0.069069 -0.002142
v -0.351498 -0.059514 0.004556
v -0.339442 -0.069428 -0.002980
v -0.352038 -0.059847 0.003780
v -0.355710 -0.058863 0.006789
v -0.356005 -0.062060 0.006842
v -0.351498 -0.059514 0.004556
v -0.356890 -0.064051 0.007000
v -0.361276 -0.068070 0.007776
v -0.372075 -0.077350 0.009680
v -0.386107 -0.088147 0.012155
v -0.400192 -0.096712 0.014638
v -0.414305 -0.103641 0.017127
v -0.428417 -0.109526 0.019615
v -0.442530 -0.114102 0.022104
v -0.456643 -0.117104 0.024592
v -0.470755 -0.118840 0.027080
v -0.484868 -0.119615 0.029569
v -0.498980 -0.119540 0.032057
v -0.513093 -0.118722 0.034546
v -0.527206 -0.117302 0.037034
v -0.541318 -0.115419 0.039523
v -0.555431 -0.112536 0.042011
v -0.569543 -0.108118 0.044499
v -0.583656 -0.101765 0.046988
v -0.597768 -0.093074 0.049476
v -0.611624 -0.083051 0.051919
v -0.624966 -0.072703 0.054272
v -0.637091 -0.061902 0.056410
v -0.647298 -0.050523 0.058210
v -0.655514 -0.039580 0.059658
v -0.661668 -0.030092 0.060743
v -0.666478 -0.021260 0.061592
v -0.670664 -0.012285 0.062330
v -0.674541 -0.002987 0.063013
v -0.678420 0.006813 0.063697
v -0.681623 0.016255 0.064262
v -0.683474 0.024478 0.064588
v -0.684674 0.032670 0.064800
v -0.685927 0.042020 0.065021
v -0.686833 0.051355 0.065181
v -0.686993 0.059500 0.065209
v -0.686744 0.065247 0.065164
v -0.686421 0.067388 0.065105
v -0.686403 0.068826 0.065100
v -0.686558 0.068430 0.064278
v -0.686661 0.069619 0.064516
v -0.687068 0.072465 0.065216
v -0.693648 0.077105 0.064886
v -0.687215 0.072331 0.064394
v -0.693797 0.076959 0.064041
v -0.711375 0.081543 0.063542
v -0.729162 0.084770 0.062208
v -0.693648 0.077105 0.064886
v -0.693797 0.076959 0.064041
v -0.711532 0.081373 0.062630
v -0.729325 0.084576 0.061228
v -0.735917 0.085776 0.061909
v -0.736834 0.085487 0.062071
v -0.736082 0.085570 0.060907
v -0.736714 0.085346 0.061286
v -0.736762 0.081224 0.061027
v -0.736887 0.081173 0.062080
v -0.737106 0.084829 0.062119
v -0.736974 0.084860 0.061064
v -0.735310 0.059964 0.060771
v -0.735402 0.059812 0.061818
v -0.736332 0.071889 0.061982
v -0.736223 0.071991 0.060932
v -0.732025 0.036165 0.060191
v -0.732101 0.035985 0.061236
v -0.734060 0.047777 0.061582
v -0.733974 0.047946 0.060535
v -0.725735 0.013495 0.059082
v -0.725752 0.013250 0.060117
v -0.729320 0.024636 0.060746
v -0.729273 0.024849 0.059706
v -0.716732 -0.010257 0.057495
v -0.716738 -0.010512 0.058527
v -0.721432 0.001346 0.059355
v -0.721426 0.001602 0.058323
v -0.706976 -0.032366 0.055775
v -0.706982 -0.032622 0.056807
v -0.712048 -0.021762 0.057700
v -0.712042 -0.021507 0.056668
v -0.693328 -0.054745 0.053368
v -0.693325 -0.055005 0.054399
v -0.701162 -0.043309 0.055781
v -0.701156 -0.043053 0.054748
v -0.682210 -0.068894 0.052439
v -0.668064 -0.083430 0.049945
v -0.682239 -0.068619 0.051413
v -0.668133 -0.083137 0.048926
v -0.651135 -0.097068 0.046960
v -0.633127 -0.109943 0.043784
v -0.651256 -0.096763 0.045950
v -0.633289 -0.109630 0.042782
v -0.615740 -0.122187 0.040719
v -0.598664 -0.132703 0.037708
v -0.615916 -0.121872 0.039718
v -0.598840 -0.132388 0.036707
v -0.581588 -0.140391 0.034697
v -0.564512 -0.145737 0.031686
v -0.581764 -0.140076 0.033696
v -0.564688 -0.145421 0.030686
v -0.547436 -0.149225 0.028675
v -0.530360 -0.151504 0.025664
v -0.547612 -0.148909 0.027675
v -0.530536 -0.151188 0.024664
v -0.513284 -0.153222 0.022653
v -0.496208 -0.154211 0.019642
v -0.513460 -0.152906 0.021653
v -0.496384 -0.153895 0.018642
v -0.479132 -0.154302 0.016631
v -0.462056 -0.153364 0.013620
v -0.479309 -0.153987 0.015631
v -0.462233 -0.153049 0.012620
v -0.444980 -0.151264 0.010609
v -0.427904 -0.147631 0.007598
v -0.445157 -0.150949 0.009609
v -0.428081 -0.147315 0.006598
v -0.410828 -0.142094 0.004587
v -0.393753 -0.134974 0.001576
v -0.411005 -0.141779 0.003587
v -0.393929 -0.134658 0.000576
v -0.376677 -0.126590 -0.001435
v -0.376853 -0.126275 -0.002435
v -0.306258 -0.091644 0.121962
v -0.306390 -0.091960 0.121215
v -0.300765 -0.087176 0.120223
v -0.300634 -0.086860 0.120970
v -0.299377 -0.085680 0.119978
v -0.299640 -0.085740 0.120595
v -0.336408 -0.115910 0.127278
v -0.336540 -0.116226 0.126531
v -0.319561 -0.103163 0.123537
v -0.319430 -0.102847 0.124285
v -0.370527 -0.134658 0.133295
v -0.370659 -0.134974 0.132547
v -0.353583 -0.126590 0.129536
v -0.353451 -0.126275 0.130284
v -0.404679 -0.147315 0.139316
v -0.404811 -0.147631 0.138569
v -0.387735 -0.142094 0.135558
v -0.387603 -0.141779 0.136305
v -0.438831 -0.153049 0.145338
v -0.438963 -0.153364 0.144591
v -0.421887 -0.151264 0.141580
v -0.421755 -0.150949 0.142327
v -0.472983 -0.153895 0.151360
v -0.473114 -0.154211 0.150613
v -0.456038 -0.154302 0.147602
v -0.455907 -0.153987 0.148349
v -0.507135 -0.151188 0.157382
v -0.507266 -0.151504 0.156635
v -0.490190 -0.153222 0.153624
v -0.490059 -0.152906 0.154371
v -0.541286 -0.145421 0.163404
v -0.541418 -0.145737 0.162657
v -0.524342 -0.149225 0.159646
v -0.524210 -0.148909 0.160393
v -0.575438 -0.132388 0.169426
v -0.575570 -0.132703 0.168679
v -0.558494 -0.140391 0.165668
v -0.558362 -0.140076 0.166415
v -0.609887 -0.109630 0.175500
v -0.610033 -0.109943 0.174755
v -0.592646 -0.122187 0.171690
v -0.592514 -0.121872 0.172437
v -0.644731 -0.083137 0.181644
v -0.644970 -0.083430 0.180916
v -0.628042 -0.097068 0.177931
v -0.627854 -0.096763 0.178668
v -0.669926 -0.054745 0.186087
v -0.670232 -0.055005 0.185370
v -0.659116 -0.068894 0.183410
v -0.658837 -0.068619 0.184131
v -0.678068 -0.043309 0.186752
v -0.683889 -0.032622 0.187778
v -0.677754 -0.043053 0.187467
v -0.683574 -0.032366 0.188493
v -0.688955 -0.021762 0.188671
v -0.693645 -0.010512 0.189498
v -0.688640 -0.021507 0.189386
v -0.693330 -0.010257 0.190213
v -0.698338 0.001346 0.190326
v -0.702658 0.013250 0.191088
v -0.698024 0.001602 0.191041
v -0.702333 0.013495 0.191801
v -0.706226 0.024636 0.191717
v -0.709007 0.035985 0.192207
v -0.705872 0.024849 0.192425
v -0.708623 0.036165 0.192910
v -0.710966 0.047777 0.192553
v -0.712308 0.059812 0.192789
v -0.710572 0.047946 0.193254
v -0.711908 0.059964 0.193489
v -0.713238 0.071889 0.192953
v -0.713793 0.081173 0.193051
v -0.712822 0.071991 0.193650
v -0.713360 0.081224 0.193745
v -0.714012 0.084829 0.193090
v -0.713740 0.085487 0.193042
v -0.713572 0.084860 0.193783
v -0.713392 0.085346 0.193551
v -0.706441 0.084576 0.191011
v -0.706579 0.084770 0.190281
v -0.712823 0.085776 0.192880
v -0.712680 0.085570 0.193625
v -0.674019 0.076961 0.176205
v -0.674130 0.077104 0.175574
v -0.690325 0.081543 0.182922
v -0.690201 0.081373 0.183603
v -0.667378 0.068832 0.172886
v -0.668062 0.072465 0.173006
v -0.674130 0.077104 0.175574
v -0.667607 0.065289 0.172932
v -0.667341 0.067411 0.172882
v -0.667678 0.051399 0.172945
v -0.667838 0.059552 0.172974
v -0.665521 0.032637 0.172563
v -0.666773 0.042026 0.172784
v -0.662473 0.016221 0.172025
v -0.664322 0.024437 0.172351
v -0.655397 -0.003004 0.170777
v -0.659273 0.006788 0.171461
v -0.647341 -0.021260 0.169357
v -0.651524 -0.012293 0.170094
v -0.636388 -0.039564 0.167425
v -0.642535 -0.030084 0.168509
v -0.617981 -0.061865 0.164180
v -0.628179 -0.050496 0.165978
v -0.592537 -0.082995 0.159693
v -0.605867 -0.072656 0.162044
v -0.564594 -0.101692 0.154766
v -0.578694 -0.093009 0.157252
v -0.536394 -0.112454 0.149794
v -0.550494 -0.108040 0.152280
v -0.508195 -0.117215 0.144821
v -0.522295 -0.115334 0.147308
v -0.479995 -0.119451 0.139849
v -0.494095 -0.118634 0.142335
v -0.451795 -0.118752 0.134877
v -0.465895 -0.119526 0.137363
v -0.423596 -0.114018 0.129904
v -0.437695 -0.117018 0.132391
v -0.395396 -0.103567 0.124932
v -0.409496 -0.109446 0.127418
v -0.367223 -0.088086 0.119964
v -0.381296 -0.096644 0.122446
v -0.342396 -0.068032 0.115586
v -0.353204 -0.077300 0.117492
v -0.337018 -0.062055 0.114634
v -0.337958 -0.064031 0.114802
v -0.332260 -0.059847 0.115944
v -0.331981 -0.059514 0.115243
v -0.336704 -0.058863 0.114579
v -0.336977 -0.059186 0.115261
v -0.303962 -0.080275 0.120043
v -0.303639 -0.079890 0.119232
v -0.317810 -0.069069 0.117238
v -0.318111 -0.069428 0.117993
v -0.331981 -0.059514 0.115243
v -0.332260 -0.059847 0.115944
v -0.298915 -0.084339 0.119897
v -0.299246 -0.084733 0.120726
vt 0.536085 0.478437
vt 0.538365 0.482542
vt 0.546854 0.477883
vt 0.544717 0.474046
vt 0.540394 0.486417
vt 0.549005 0.481732
vt 0.557615 0.477047
vt 0.553370 0.474306
vt 0.551457 0.470886
vt 0.465475 0.342927
vt 0.471828 0.356092
vt 0.479755 0.350374
vt 0.473708 0.337878
vt 0.478481 0.369639
vt 0.486143 0.363279
vt 0.491257 0.356801
vt 0.485281 0.344794
vt 0.479689 0.333245
vt 0.413487 0.202094
vt 0.415103 0.208914
vt 0.424937 0.208751
vt 0.424699 0.203574
vt 0.415935 0.213428
vt 0.425232 0.213274
vt 0.432793 0.214863
vt 0.432959 0.210329
vt 0.435910 0.205054
vt 0.487664 0.097713
vt 0.449372 0.097760
vt 0.449405 0.124347
vt 0.487696 0.124300
vt 0.412795 0.097805
vt 0.412827 0.124392
vt 0.412852 0.144802
vt 0.449430 0.144757
vt 0.487721 0.144710
vt 0.490464 0.345917
vt 0.484660 0.333946
vt 0.486138 0.338191
vt 0.491876 0.349869
vt 0.478856 0.321975
vt 0.480763 0.327010
vt 0.481773 0.330280
vt 0.487172 0.341450
vt 0.492963 0.353102
vt 0.441333 0.339135
vt 0.447165 0.351601
vt 0.449611 0.355537
vt 0.444174 0.343915
vt 0.452996 0.364066
vt 0.455389 0.367638
vt 0.457289 0.370565
vt 0.451524 0.358483
vt 0.446063 0.346904
vt 0.507758 0.468873
vt 0.514760 0.481168
vt 0.512689 0.477127
vt 0.506304 0.465874
vt 0.521761 0.493462
vt 0.518130 0.486697
vt 0.516624 0.483607
vt 0.511180 0.474021
vt 0.504802 0.462723
vt 0.517488 0.444373
vt 0.523651 0.455752
vt 0.533662 0.453507
vt 0.527605 0.442108
vt 0.529665 0.466811
vt 0.539326 0.464148
vt 0.547597 0.463641
vt 0.542389 0.453661
vt 0.536413 0.442250
vt 0.551534 0.464406
vt 0.553305 0.467314
vt 0.548308 0.457626
vt 0.546517 0.454699
vt 0.556950 0.473976
vt 0.550540 0.461526
vt 0.544131 0.449076
vt 0.542424 0.446240
vt 0.540589 0.443290
vt 0.844395 0.097276
vt 0.814876 0.097312
vt 0.814909 0.123899
vt 0.844428 0.123863
vt 0.780446 0.097354
vt 0.780478 0.123941
vt 0.780503 0.144351
vt 0.814934 0.144309
vt 0.844453 0.144273
vt 0.498613 0.453093
vt 0.503186 0.460983
vt 0.501150 0.456742
vt 0.497123 0.449214
vt 0.499673 0.453492
vt 0.495804 0.445930
vt 0.510321 0.431044
vt 0.513211 0.436439
vt 0.523142 0.433748
vt 0.519798 0.427777
vt 0.531628 0.433242
vt 0.527666 0.426339
vt 0.540055 0.441003
vt 0.537634 0.437015
vt 0.535979 0.432931
vt 0.533569 0.429585
vt 0.531529 0.426714
vt 0.535705 0.434031
vt 0.753108 0.097388
vt 0.753140 0.123975
vt 0.733855 0.097415
vt 0.733892 0.124002
vt 0.733921 0.144412
vt 0.753165 0.144385
vt 0.492189 0.440691
vt 0.495401 0.446892
vt 0.494115 0.442776
vt 0.492081 0.437710
vt 0.493208 0.439643
vt 0.491734 0.434937
vt 0.507012 0.424812
vt 0.508317 0.427278
vt 0.517097 0.423544
vt 0.515065 0.420808
vt 0.524155 0.421245
vt 0.521355 0.417908
vt 0.532577 0.426892
vt 0.529857 0.423583
vt 0.529175 0.420853
vt 0.526755 0.419128
vt 0.524614 0.417333
vt 0.527723 0.421131
vt 0.723679 0.097438
vt 0.723730 0.124025
vt 0.717014 0.097454
vt 0.717086 0.124087
vt 0.717142 0.144532
vt 0.723769 0.144435
vt 0.489223 0.433647
vt 0.490706 0.437169
vt 0.490975 0.434300
vt 0.490369 0.432075
vt 0.491233 0.432118
vt 0.491173 0.430541
vt 0.505749 0.422454
vt 0.506215 0.423318
vt 0.513731 0.419328
vt 0.512915 0.418591
vt 0.519523 0.416277
vt 0.518422 0.415602
vt 0.527065 0.417693
vt 0.524518 0.416341
vt 0.524955 0.414534
vt 0.522992 0.414617
vt 0.521235 0.414448
vt 0.522530 0.415368
vt 0.708293 0.097460
vt 0.708393 0.124230
vt 0.698267 0.097462
vt 0.698385 0.124368
vt 0.698475 0.145023
vt 0.708471 0.144780
vt 0.487431 0.430082
vt 0.488327 0.431865
vt 0.489837 0.430564
vt 0.489172 0.429394
vt 0.491024 0.429561
vt 0.490646 0.428893
vt 0.505170 0.421403
vt 0.505433 0.421881
vt 0.512435 0.418083
vt 0.512174 0.417597
vt 0.517811 0.415130
vt 0.517549 0.414632
vt 0.523967 0.412814
vt 0.522024 0.413348
vt 0.522978 0.411094
vt 0.521419 0.412158
vt 0.520148 0.413113
vt 0.520495 0.413788
vt 0.687687 0.097464
vt 0.687794 0.124416
vt 0.676912 0.097467
vt 0.677001 0.124419
vt 0.677070 0.145109
vt 0.687877 0.145106
vt 0.484412 0.426055
vt 0.485922 0.428068
vt 0.488166 0.428189
vt 0.486872 0.426761
vt 0.489905 0.428251
vt 0.488836 0.427446
vt 0.504472 0.420096
vt 0.504861 0.420825
vt 0.512014 0.416925
vt 0.511856 0.416015
vt 0.517497 0.413877
vt 0.517496 0.412795
vt 0.522147 0.408744
vt 0.520980 0.410666
vt 0.521316 0.406393
vt 0.520521 0.408815
vt 0.519964 0.410823
vt 0.520032 0.412149
vt 0.666301 0.097472
vt 0.666384 0.124423
vt 0.655359 0.097480
vt 0.655441 0.124386
vt 0.655503 0.145041
vt 0.666447 0.145114
vt 0.480732 0.420065
vt 0.482572 0.423060
vt 0.485340 0.424918
vt 0.483291 0.422051
vt 0.487477 0.426284
vt 0.485479 0.424077
vt 0.503134 0.417629
vt 0.503968 0.419164
vt 0.511601 0.414818
vt 0.510985 0.412843
vt 0.517387 0.411315
vt 0.516833 0.408806
vt 0.519874 0.403249
vt 0.519853 0.406542
vt 0.518433 0.400105
vt 0.518658 0.403281
vt 0.519064 0.406200
vt 0.519760 0.409059
vt 0.643595 0.097493
vt 0.643671 0.124262
vt 0.633195 0.097510
vt 0.633262 0.124142
vt 0.633313 0.144588
vt 0.643730 0.144812
vt 0.474891 0.408087
vt 0.477811 0.414076
vt 0.480446 0.417550
vt 0.476689 0.410832
vt 0.482495 0.420136
vt 0.478551 0.413795
vt 0.499365 0.410600
vt 0.501755 0.415090
vt 0.509742 0.409600
vt 0.507340 0.404360
vt 0.515493 0.404636
vt 0.512840 0.398345
vt 0.515307 0.394383
vt 0.516615 0.398461
vt 0.512180 0.388661
vt 0.513367 0.391650
vt 0.514640 0.394846
vt 0.517519 0.401586
vt 0.626346 0.097529
vt 0.626397 0.124116
vt 0.614678 0.097554
vt 0.614715 0.124141
vt 0.614744 0.144551
vt 0.626436 0.144526
vt 0.464423 0.386363
vt 0.469657 0.397225
vt 0.471903 0.401318
vt 0.466535 0.390324
vt 0.473673 0.404389
vt 0.468296 0.393355
vt 0.490521 0.393553
vt 0.495501 0.403213
vt 0.503245 0.396394
vt 0.498034 0.386474
vt 0.508343 0.389471
vt 0.502829 0.379072
vt 0.506615 0.378285
vt 0.508556 0.382416
vt 0.501049 0.367909
vt 0.502986 0.371849
vt 0.504323 0.375020
vt 0.509944 0.385606
vt 0.589822 0.097588
vt 0.589855 0.124175
vt 0.557543 0.097627
vt 0.557576 0.124214
vt 0.557601 0.144625
vt 0.589880 0.144585
vt 0.458710 0.375215
vt 0.461030 0.379165
vt 0.462857 0.382135
vt 0.484779 0.382244
vt 0.492285 0.375374
vt 0.497119 0.368205
vt 0.495757 0.356913
vt 0.497459 0.361045
vt 0.498672 0.364239
vt 0.523606 0.097669
vt 0.523638 0.124256
vt 0.523663 0.144666
vt 0.455212 0.320733
vt 0.460078 0.331465
vt 0.468592 0.327011
vt 0.463993 0.316846
vt 0.474979 0.323219
vt 0.470753 0.313853
vt 0.476271 0.317325
vt 0.477240 0.320595
vt 0.474866 0.313034
vt 0.470875 0.304092
vt 0.472263 0.308288
vt 0.473182 0.311553
vt 0.353913 0.144874
vt 0.382051 0.144840
vt 0.382026 0.124430
vt 0.353888 0.124464
vt 0.381994 0.097843
vt 0.353855 0.097877
vt 0.433028 0.320396
vt 0.437181 0.329765
vt 0.439554 0.333823
vt 0.435358 0.324390
vt 0.441405 0.336844
vt 0.437164 0.327434
vt 0.445702 0.298321
vt 0.450452 0.309756
vt 0.459497 0.306454
vt 0.455013 0.295627
vt 0.466617 0.304284
vt 0.462486 0.294309
vt 0.468337 0.299050
vt 0.469208 0.302317
vt 0.467050 0.294732
vt 0.463224 0.285372
vt 0.464408 0.289413
vt 0.465235 0.292685
vt 0.295703 0.144946
vt 0.325322 0.144910
vt 0.325297 0.124499
vt 0.295678 0.124535
vt 0.325264 0.097912
vt 0.295646 0.097948
vt 0.424814 0.300819
vt 0.428921 0.310607
vt 0.431189 0.314744
vt 0.426972 0.304683
vt 0.432955 0.317810
vt 0.428701 0.307769
vt 0.436355 0.274543
vt 0.440867 0.286215
vt 0.450449 0.284156
vt 0.446182 0.273075
vt 0.458277 0.283726
vt 0.454325 0.273471
vt 0.460387 0.279182
vt 0.461180 0.282459
vt 0.459189 0.274820
vt 0.455155 0.264268
vt 0.456564 0.269205
vt 0.457356 0.272525
vt 0.233145 0.145023
vt 0.264484 0.144984
vt 0.264459 0.124574
vt 0.233120 0.124612
vt 0.264426 0.097987
vt 0.233087 0.098025
vt 0.416088 0.278757
vt 0.420451 0.289788
vt 0.422631 0.294003
vt 0.418540 0.283564
vt 0.424325 0.297112
vt 0.420198 0.286751
vt 0.429009 0.254577
vt 0.432576 0.264408
vt 0.442589 0.263422
vt 0.439116 0.253960
vt 0.450968 0.264483
vt 0.447628 0.255489
vt 0.453232 0.260330
vt 0.454077 0.263767
vt 0.451956 0.255728
vt 0.448757 0.247188
vt 0.449830 0.251357
vt 0.450762 0.254920
vt 0.173291 0.145096
vt 0.203168 0.145059
vt 0.203143 0.124649
vt 0.173266 0.124686
vt 0.203111 0.098062
vt 0.173234 0.098099
vt 0.409912 0.260540
vt 0.413000 0.269649
vt 0.415076 0.274226
vt 0.411811 0.264644
vt 0.416689 0.277595
vt 0.413371 0.268214
vt 0.421654 0.233901
vt 0.425137 0.243816
vt 0.435208 0.243452
vt 0.431492 0.233509
vt 0.443727 0.245217
vt 0.439766 0.235052
vt 0.445801 0.241086
vt 0.446831 0.244720
vt 0.444276 0.236208
vt 0.439795 0.225228
vt 0.441538 0.230735
vt 0.442720 0.234440
vt 0.110569 0.145173
vt 0.142250 0.145134
vt 0.142225 0.124724
vt 0.110544 0.124762
vt 0.142192 0.098137
vt 0.110512 0.098175
vt 0.402873 0.236357
vt 0.406392 0.248449
vt 0.408320 0.253475
vt 0.404898 0.242080
vt 0.409818 0.257179
vt 0.406364 0.245914
vt 0.416685 0.217211
vt 0.425638 0.216492
vt 0.417682 0.221269
vt 0.426607 0.220087
vt 0.433737 0.220117
vt 0.432820 0.217202
vt 0.900634 0.236998
vt 0.904093 0.240411
vt 0.906187 0.239063
vt 0.904252 0.236178
vt 0.907552 0.243824
vt 0.908143 0.246196
vt 0.908694 0.240072
vt 0.908282 0.237715
vt 0.907870 0.235358
vt 0.042974 0.145256
vt 0.044712 0.145254
vt 0.044687 0.124843
vt 0.042949 0.124845
vt 0.054336 0.145242
vt 0.054311 0.124831
vt 0.054278 0.098244
vt 0.044654 0.098256
vt 0.042917 0.098258
vt 0.396486 0.215059
vt 0.396722 0.215739
vt 0.398754 0.221503
vt 0.398653 0.220980
vt 0.396959 0.216418
vt 0.399634 0.224394
vt 0.401190 0.228596
vt 0.400336 0.225781
vt 0.399871 0.224274
vt 0.941625 0.097128
vt 0.904711 0.097296
vt 0.904741 0.121530
vt 0.941652 0.119226
vt 0.876194 0.097260
vt 0.876226 0.123259
vt 0.876250 0.143218
vt 0.904763 0.140134
vt 0.941679 0.141323
vt 0.087588 0.486069
vt 0.082278 0.525869
vt 0.094972 0.564021
vt 0.103920 0.535152
vt 0.075294 0.548401
vt 0.087989 0.586553
vt 0.105541 0.631893
vt 0.112525 0.609361
vt 0.120252 0.584234
vt 0.125535 0.669747
vt 0.132519 0.647215
vt 0.147295 0.702098
vt 0.154279 0.679566
vt 0.162681 0.652456
vt 0.141466 0.618345
vt 0.170146 0.730928
vt 0.177130 0.708396
vt 0.194365 0.755346
vt 0.201349 0.732814
vt 0.209475 0.706597
vt 0.186078 0.679526
vt 0.220229 0.774459
vt 0.227212 0.751926
vt 0.247416 0.789299
vt 0.254399 0.766767
vt 0.262845 0.739516
vt 0.236160 0.723056
vt 0.275607 0.800902
vt 0.282590 0.778369
vt 0.304687 0.809635
vt 0.311670 0.787102
vt 0.320231 0.759483
vt 0.291538 0.749500
vt 0.334542 0.815867
vt 0.341526 0.793335
vt 0.365027 0.820068
vt 0.372011 0.797535
vt 0.380716 0.769447
vt 0.350473 0.764465
vt 0.395996 0.822706
vt 0.402980 0.800174
vt 0.428010 0.821974
vt 0.434993 0.799442
vt 0.443139 0.773161
vt 0.411927 0.771304
vt 0.461627 0.816067
vt 0.468611 0.793535
vt 0.497268 0.803632
vt 0.504252 0.781099
vt 0.511979 0.756170
vt 0.477559 0.764665
vt 0.535352 0.783316
vt 0.542336 0.760783
vt 0.574816 0.758485
vt 0.580399 0.736369
vt 0.590588 0.707657
vt 0.551283 0.731914
vt 0.614598 0.732504
vt 0.615979 0.711639
vt 0.652977 0.704005
vt 0.649854 0.684746
vt 0.644603 0.662328
vt 0.617595 0.684993
vt 0.688230 0.671618
vt 0.682800 0.653842
vt 0.718397 0.639294
vt 0.711998 0.622564
vt 0.706552 0.600204
vt 0.675577 0.631266
vt 0.744577 0.547232
vt 0.725564 0.573718
vt 0.734629 0.594550
vt 0.753609 0.567974
vt 0.741517 0.610983
vt 0.760599 0.584301
vt 0.781256 0.494670
vt 0.762916 0.520951
vt 0.771854 0.541011
vt 0.789830 0.512955
vt 0.778647 0.556864
vt 0.796402 0.528189
vt 0.817384 0.434504
vt 0.799320 0.464587
vt 0.808003 0.483101
vt 0.825520 0.453113
vt 0.814605 0.497795
vt 0.832066 0.467248
vt 0.850007 0.380787
vt 0.833696 0.407645
vt 0.841527 0.424652
vt 0.856132 0.396334
vt 0.847594 0.438117
vt 0.861746 0.408788
vt 0.874665 0.325379
vt 0.862336 0.353083
vt 0.869445 0.366773
vt 0.882365 0.335047
vt 0.875076 0.377651
vt 0.887692 0.345315
vt 0.910137 0.261826
vt 0.910802 0.259777
vt 0.906218 0.272452
vt 0.908662 0.286930
vt 0.912144 0.276983
vt 0.912910 0.279482
vt 0.039002 0.098287
vt 0.030206 0.098368
vt 0.030235 0.122602
vt 0.039034 0.124285
vt 0.018578 0.098260
vt 0.018605 0.120358
vt 0.018632 0.142455
vt 0.030258 0.141206
vt 0.039058 0.144244
vt 0.974568 0.331570
vt 0.967757 0.322623
vt 0.967015 0.305616
vt 0.972198 0.309421
vt 0.960638 0.331007
vt 0.960418 0.313420
vt 0.966294 0.281809
vt 0.968061 0.284540
vt 0.969828 0.287272
vt 0.943275 0.405527
vt 0.930787 0.442472
vt 0.924465 0.423242
vt 0.938940 0.385457
vt 0.916374 0.476306
vt 0.908954 0.458319
vt 0.898472 0.437034
vt 0.916735 0.397937
vt 0.934999 0.358840
vt 0.901017 0.508995
vt 0.893794 0.491210
vt 0.884017 0.541894
vt 0.877618 0.523813
vt 0.870441 0.500081
vt 0.884456 0.468558
vt 0.864672 0.576355
vt 0.859055 0.558027
vt 0.844419 0.610636
vt 0.839457 0.592050
vt 0.832958 0.569518
vt 0.851700 0.534800
vt 0.824692 0.642991
vt 0.820177 0.624082
vt 0.804581 0.673867
vt 0.800370 0.654533
vt 0.795622 0.630644
vt 0.814290 0.600081
vt 0.783172 0.703710
vt 0.779193 0.683815
vt 0.757147 0.735586
vt 0.753610 0.715518
vt 0.752419 0.686356
vt 0.774021 0.658500
vt 0.723188 0.772559
vt 0.720586 0.753230
vt 0.683381 0.809517
vt 0.682824 0.790188
vt 0.681854 0.771093
vt 0.717137 0.728724
vt 0.639812 0.841353
vt 0.643027 0.819624
vt 0.594680 0.870125
vt 0.601371 0.845698
vt 0.612269 0.812850
vt 0.647061 0.791971
vt 0.550182 0.897892
vt 0.558032 0.872565
vt 0.507376 0.920727
vt 0.515225 0.895401
vt 0.523910 0.867379
vt 0.568090 0.840115
vt 0.467314 0.934705
vt 0.475164 0.909379
vt 0.429527 0.941345
vt 0.437377 0.916018
vt 0.446532 0.886477
vt 0.485221 0.876928
vt 0.393543 0.942167
vt 0.401393 0.916840
vt 0.358733 0.939202
vt 0.366582 0.913875
vt 0.376368 0.882303
vt 0.411450 0.884390
vt 0.324467 0.934480
vt 0.332317 0.909154
vt 0.290909 0.927475
vt 0.298759 0.902148
vt 0.308380 0.871103
vt 0.342374 0.876703
vt 0.258222 0.917659
vt 0.266072 0.892332
vt 0.226535 0.904617
vt 0.234384 0.879291
vt 0.243878 0.848660
vt 0.276129 0.859882
vt 0.195976 0.887936
vt 0.203825 0.862609
vt 0.166905 0.866453
vt 0.174754 0.841126
vt 0.183888 0.811658
vt 0.213883 0.830159
vt 0.139682 0.839007
vt 0.147532 0.813680
vt 0.113997 0.806601
vt 0.121846 0.781274
vt 0.131290 0.750802
vt 0.157589 0.781230
vt 0.089537 0.770238
vt 0.097387 0.744911
vt 0.067064 0.727689
vt 0.074913 0.702362
vt 0.083599 0.674119
vt 0.107445 0.712461
vt 0.047334 0.676726
vt 0.055184 0.651399
vt 0.033065 0.633842
vt 0.040915 0.608516
vt 0.046884 0.563779
vt 0.065242 0.618949
vt 0.864472 0.097251
vt 0.864504 0.123838
vt 0.860941 0.097255
vt 0.860974 0.123842
vt 0.860999 0.144253
vt 0.864529 0.144248
vt 0.072239 0.558258
vt 0.084934 0.596410
vt 0.067511 0.550847
vt 0.083843 0.599930
vt 0.100174 0.649013
vt 0.102486 0.641750
vt 0.121389 0.683123
vt 0.122480 0.679604
vt 0.142604 0.717234
vt 0.144240 0.711955
vt 0.166001 0.744305
vt 0.167091 0.740785
vt 0.189398 0.771375
vt 0.191310 0.765203
vt 0.216083 0.787835
vt 0.217174 0.784315
vt 0.242768 0.804295
vt 0.244361 0.799156
vt 0.271461 0.814278
vt 0.272552 0.810759
vt 0.300154 0.824261
vt 0.301632 0.819492
vt 0.330396 0.829243
vt 0.331487 0.825724
vt 0.360639 0.834226
vt 0.361972 0.829925
vt 0.391850 0.836082
vt 0.392941 0.832563
vt 0.423062 0.837939
vt 0.424955 0.831831
vt 0.457482 0.829443
vt 0.458572 0.825924
vt 0.491901 0.820948
vt 0.494213 0.813488
vt 0.531206 0.796692
vt 0.532297 0.793172
vt 0.570511 0.772436
vt 0.572297 0.768203
vt 0.613016 0.745324
vt 0.613689 0.741805
vt 0.655521 0.718213
vt 0.653829 0.712747
vt 0.690125 0.683170
vt 0.690074 0.679794
vt 0.724729 0.648127
vt 0.720717 0.647049
vt 0.744052 0.618615
vt 0.763167 0.591898
vt 0.744411 0.621848
vt 0.764092 0.595569
vt 0.781150 0.564303
vt 0.798832 0.535423
vt 0.781508 0.567536
vt 0.798925 0.539502
vt 0.817045 0.504848
vt 0.834557 0.474049
vt 0.817403 0.508081
vt 0.835882 0.476659
vt 0.850136 0.444495
vt 0.864347 0.414631
vt 0.850915 0.447331
vt 0.865948 0.418002
vt 0.877753 0.382902
vt 0.890331 0.350247
vt 0.878952 0.385341
vt 0.891957 0.352679
vt 0.914138 0.282698
vt 0.914924 0.280428
vt 0.910725 0.292560
vt 0.915314 0.286011
vt 0.916126 0.283692
vt 0.916939 0.281373
vt 0.042136 0.098259
vt 0.042168 0.124846
vt 0.042193 0.145257
vt 0.977269 0.338909
vt 0.966114 0.341171
vt 0.972075 0.331496
vt 0.978182 0.336302
vt 0.976831 0.332633
vt 0.979095 0.333696
vt 0.921781 0.487270
vt 0.919792 0.483915
vt 0.934296 0.449552
vt 0.936398 0.450558
vt 0.947089 0.412793
vt 0.951015 0.413845
vt 0.887986 0.553202
vt 0.886497 0.550268
vt 0.904008 0.517049
vt 0.904883 0.520236
vt 0.846445 0.623839
vt 0.846341 0.619254
vt 0.866813 0.584887
vt 0.867216 0.588521
vt 0.807292 0.686860
vt 0.806253 0.682733
vt 0.826466 0.651716
vt 0.826869 0.655350
vt 0.763047 0.745936
vt 0.758538 0.744725
vt 0.784767 0.712765
vt 0.785170 0.716398
vt 0.724152 0.785325
vt 0.724094 0.781531
vt 0.685256 0.824715
vt 0.683354 0.818571
vt 0.637479 0.855189
vt 0.638236 0.851233
vt 0.589702 0.885662
vt 0.591710 0.880904
vt 0.545522 0.912927
vt 0.546749 0.908971
vt 0.501343 0.940192
vt 0.503942 0.931807
vt 0.462654 0.949741
vt 0.463880 0.945785
vt 0.423965 0.959290
vt 0.426093 0.952425
vt 0.388883 0.957203
vt 0.390109 0.953247
vt 0.353800 0.955116
vt 0.355299 0.950282
vt 0.319807 0.949516
vt 0.321033 0.945560
vt 0.285813 0.943916
vt 0.287475 0.938554
vt 0.253562 0.932694
vt 0.254788 0.928738
vt 0.221311 0.921473
vt 0.223101 0.915697
vt 0.191316 0.902971
vt 0.192542 0.899015
vt 0.161321 0.884470
vt 0.163471 0.877533
vt 0.135022 0.854042
vt 0.136248 0.850087
vt 0.108723 0.823615
vt 0.110563 0.817680
vt 0.084877 0.785273
vt 0.086104 0.781317
vt 0.061032 0.746931
vt 0.063630 0.738768
vt 0.042674 0.691761
vt 0.043901 0.687805
vt 0.024317 0.636591
vt 0.029631 0.644922
vt 0.419254 0.226609
vt 0.428592 0.225740
vt 0.436244 0.226376
vt 0.437437 0.221521
vt 0.438865 0.225355
vt 0.435397 0.216399
vt 0.430999 0.207569
vt 0.433417 0.212877
vt 0.435834 0.218186
vt 0.895792 0.300233
vt 0.899699 0.312391
vt 0.891109 0.284602
vt 0.902055 0.317605
vt 0.903635 0.319345
vt 0.078777 0.145212
vt 0.078752 0.124801
vt 0.078719 0.098214
vt 0.957740 0.372468
vt 0.964142 0.376377
vt 0.952851 0.363507
vt 0.950992 0.344442
vt 0.950646 0.320325
vt 0.401842 0.231820
vt 0.403344 0.235846
vt 0.399916 0.226388
vt 0.533497 0.473782
vt 0.542610 0.470231
vt 0.550076 0.468357
vt 0.558315 0.476666
vt 0.557633 0.475321
vt 0.555431 0.471443
vt 0.555863 0.472504
vt 0.553681 0.468560
vt 0.554435 0.470116
vt 0.066126 0.533088
vt 0.069874 0.532111
vt 0.076857 0.509579
vt 0.075073 0.504219
vt 0.085805 0.480709
vt 0.084021 0.475349
vt 0.063944 0.540127
vt 0.065728 0.545487
vt 0.066818 0.541968
vt 0.065035 0.536608
vt 0.857000 0.097260
vt 0.857032 0.123847
vt 0.857057 0.144258
vt 0.023539 0.626611
vt 0.026973 0.615531
vt 0.022313 0.630566
vt 0.020308 0.624542
vt 0.021534 0.620586
vt 0.022760 0.616630
vt 0.034822 0.590204
vt 0.044880 0.557754
vt 0.032817 0.584180
vt 0.042875 0.551729
vt 0.520453 0.490780
vt 0.518953 0.487705
vt 0.522526 0.494807
vt 0.523291 0.496152
vt 0.521216 0.492119
vt 0.519141 0.488086
vt 0.860886 0.051641
vt 0.856944 0.051646
vt 0.856968 0.071199
vt 0.860910 0.071194
vt 0.844339 0.051662
vt 0.844363 0.071214
vt 0.814820 0.051698
vt 0.814844 0.071251
vt 0.780390 0.051740
vt 0.780414 0.071293
vt 0.753052 0.051774
vt 0.753076 0.071326
vt 0.733791 0.051801
vt 0.733819 0.071353
vt 0.723591 0.051824
vt 0.723629 0.071377
vt 0.716889 0.051762
vt 0.716942 0.071348
vt 0.708120 0.051534
vt 0.708194 0.071221
vt 0.698064 0.051301
vt 0.698151 0.071088
vt 0.687503 0.051225
vt 0.687582 0.071046
vt 0.676759 0.051228
vt 0.676825 0.071049
vt 0.666158 0.051232
vt 0.666219 0.071053
vt 0.655220 0.051318
vt 0.655280 0.071106
vt 0.643464 0.051566
vt 0.643520 0.071253
vt 0.633081 0.051817
vt 0.633130 0.071404
vt 0.626258 0.051915
vt 0.626296 0.071468
vt 0.614614 0.051940
vt 0.614641 0.071493
vt 0.589766 0.051974
vt 0.589790 0.071527
vt 0.557487 0.052013
vt 0.557511 0.071566
vt 0.523550 0.052055
vt 0.523574 0.071608
vt 0.487608 0.052099
vt 0.487632 0.071652
vt 0.449317 0.052146
vt 0.449341 0.071699
vt 0.412739 0.052191
vt 0.412763 0.071743
vt 0.381962 0.071781
vt 0.353823 0.071816
vt 0.381938 0.052229
vt 0.353799 0.052263
vt 0.325232 0.071851
vt 0.295614 0.071887
vt 0.325208 0.052298
vt 0.295590 0.052334
vt 0.264394 0.071925
vt 0.233055 0.071964
vt 0.264370 0.052373
vt 0.233031 0.052411
vt 0.203079 0.072001
vt 0.173202 0.072037
vt 0.203055 0.052448
vt 0.173178 0.052485
vt 0.142160 0.072075
vt 0.110480 0.072114
vt 0.142136 0.052523
vt 0.110456 0.052561
vt 0.078687 0.072153
vt 0.054246 0.072183
vt 0.078663 0.052600
vt 0.054222 0.052630
vt 0.044622 0.072195
vt 0.042885 0.072197
vt 0.044598 0.052642
vt 0.042861 0.052644
vt 0.042080 0.052645
vt 0.042104 0.072198
vt 0.038947 0.053682
vt 0.038971 0.072802
vt 0.030155 0.056791
vt 0.030176 0.074613
vt 0.018526 0.055796
vt 0.018552 0.077028
vt 0.397007 0.214662
vt 0.400883 0.218777
vt 0.406704 0.213559
vt 0.405247 0.208378
vt 0.402369 0.223284
vt 0.407938 0.218068
vt 0.403065 0.225534
vt 0.408723 0.221233
vt 0.403937 0.228567
vt 0.409667 0.224894
vt 0.405952 0.235424
vt 0.411373 0.230889
vt 0.408829 0.244936
vt 0.413907 0.239134
vt 0.412283 0.255931
vt 0.417336 0.249550
vt 0.415906 0.266898
vt 0.421085 0.260452
vt 0.419286 0.276321
vt 0.424580 0.270158
vt 0.422864 0.285621
vt 0.428299 0.279988
vt 0.427081 0.296220
vt 0.432716 0.291263
vt 0.431561 0.307155
vt 0.437433 0.302933
vt 0.435925 0.317464
vt 0.442049 0.313948
vt 0.440255 0.327348
vt 0.446655 0.324518
vt 0.444631 0.337010
vt 0.451339 0.334850
vt 0.449442 0.347336
vt 0.456512 0.345886
vt 0.455080 0.359213
vt 0.462584 0.358567
vt 0.461009 0.371578
vt 0.468945 0.371674
vt 0.466691 0.383366
vt 0.474983 0.383987
vt 0.472164 0.394631
vt 0.480598 0.395313
vt 0.477462 0.405425
vt 0.485686 0.405457
vt 0.482179 0.414423
vt 0.489908 0.413495
vt 0.485907 0.420299
vt 0.492922 0.418501
vt 0.488661 0.423805
vt 0.494969 0.421368
vt 0.490458 0.425689
vt 0.496292 0.422988
vt 0.491637 0.426608
vt 0.497156 0.423867
vt 0.492541 0.427218
vt 0.497827 0.424509
vt 0.493143 0.427688
vt 0.498300 0.425019
vt 0.493422 0.428184
vt 0.498570 0.425504
vt 0.493485 0.428952
vt 0.498739 0.426180
vt 0.493444 0.430234
vt 0.498906 0.427262
vt 0.493797 0.432663
vt 0.499399 0.429197
vt 0.495046 0.436871
vt 0.500550 0.432429
vt 0.497387 0.442658
vt 0.502587 0.437058
vt 0.501019 0.449824
vt 0.505744 0.443181
vt 0.505985 0.458836
vt 0.510311 0.451543
vt 0.512329 0.470159
vt 0.516577 0.462892
vt 0.517892 0.480026
vt 0.522442 0.473467
vt 0.520512 0.484672
vt 0.525805 0.479508
vt 0.521908 0.487153
vt 0.527919 0.483294
vt 0.523797 0.490525
vt 0.530042 0.487104
vt 0.523943 0.495435
vt 0.532169 0.490926
vt 0.941573 0.054664
vt 0.904660 0.055719
vt 0.904682 0.073541
vt 0.941599 0.075896
vt 0.876139 0.052655
vt 0.876163 0.071776
vt 0.864416 0.051637
vt 0.864440 0.071190
vt 0.814943 0.151840
vt 0.844462 0.151804
vt 0.780512 0.151883
vt 0.776967 0.152979
vt 0.814944 0.152932
vt 0.852921 0.152886
vt 0.857067 0.151789
vt 0.861008 0.151784
vt 0.857068 0.152880
vt 0.861215 0.152875
vt 0.864539 0.151780
vt 0.876259 0.150582
vt 0.864540 0.152871
vt 0.867865 0.152867
vt 0.904772 0.146999
vt 0.941680 0.142222
vt 0.904773 0.147994
vt 0.941681 0.143120
vt 0.555775 0.472986
vt 0.553944 0.469720
vt 0.557965 0.476857
vt 0.552831 0.467666
vt 0.550649 0.463454
vt 0.545609 0.453718
vt 0.539663 0.442302
vt 0.534760 0.433055
vt 0.530569 0.425808
vt 0.526760 0.420396
vt 0.523676 0.416838
vt 0.521661 0.415152
vt 0.520454 0.414499
vt 0.519794 0.414040
vt 0.519533 0.413538
vt 0.519520 0.412752
vt 0.519577 0.411607
vt 0.519522 0.410023
vt 0.518991 0.407317
vt 0.517615 0.402805
vt 0.514869 0.396125
vt 0.510225 0.386917
vt 0.504598 0.376341
vt 0.498903 0.365559
vt 0.493143 0.354411
vt 0.487320 0.342735
vt 0.481896 0.331536
vt 0.477335 0.321820
vt 0.473248 0.312748
vt 0.469244 0.303483
vt 0.465244 0.293823
vt 0.461165 0.283567
vt 0.457330 0.273617
vt 0.454060 0.264874
vt 0.450769 0.256053
vt 0.446870 0.245869
vt 0.442818 0.235621
vt 0.439068 0.226610
vt 0.436369 0.220128
vt 0.435470 0.217464
vt 0.435583 0.215449
vt 0.435854 0.217502
vt 0.435874 0.216819
vt 0.435919 0.210912
vt 0.436365 0.205114
vt 0.436348 0.210996
vt 0.436821 0.205174
vt 0.030267 0.148071
vt 0.039067 0.151609
vt 0.018633 0.143354
vt 0.018634 0.144252
vt 0.030268 0.149066
vt 0.041901 0.153880
vt 0.042203 0.152788
vt 0.042984 0.152787
vt 0.042204 0.153880
vt 0.042507 0.153879
vt 0.046938 0.153874
vt 0.054345 0.152773
vt 0.044721 0.152785
vt 0.044722 0.153876
vt 0.110636 0.153796
vt 0.110579 0.152704
vt 0.078786 0.152743
vt 0.078787 0.153835
vt 0.173884 0.153718
vt 0.173301 0.152627
vt 0.142259 0.152665
vt 0.142260 0.153757
vt 0.232474 0.153646
vt 0.233154 0.152554
vt 0.203178 0.152590
vt 0.203179 0.153682
vt 0.296515 0.153568
vt 0.295713 0.152477
vt 0.264493 0.152515
vt 0.264494 0.153607
vt 0.354149 0.153497
vt 0.353922 0.152406
vt 0.325331 0.152441
vt 0.325332 0.153532
vt 0.409975 0.153429
vt 0.412862 0.152333
vt 0.382061 0.152371
vt 0.382062 0.153463
vt 0.449439 0.152288
vt 0.487731 0.152242
vt 0.449441 0.153380
vt 0.488907 0.153332
vt 0.523672 0.152198
vt 0.557610 0.152156
vt 0.523674 0.153289
vt 0.558441 0.153247
vt 0.589889 0.152116
vt 0.614754 0.152082
vt 0.589890 0.153208
vt 0.621340 0.153170
vt 0.626451 0.152057
vt 0.633332 0.152132
vt 0.626453 0.153149
vt 0.631565 0.153129
vt 0.643752 0.152395
vt 0.655526 0.152662
vt 0.643755 0.153494
vt 0.655944 0.153860
vt 0.666471 0.152748
vt 0.677095 0.152744
vt 0.666474 0.153855
vt 0.677004 0.153850
vt 0.687907 0.152741
vt 0.698509 0.152645
vt 0.687912 0.153847
vt 0.698819 0.153845
vt 0.708499 0.152363
vt 0.717163 0.152076
vt 0.708503 0.153462
vt 0.718187 0.153079
vt 0.723784 0.151966
vt 0.733931 0.151943
vt 0.723786 0.153058
vt 0.729385 0.153037
vt 0.753175 0.151916
vt 0.753176 0.153008
vt 0.852787 0.043774
vt 0.844331 0.044600
vt 0.856935 0.044585
vt 0.856934 0.043769
vt 0.860877 0.044580
vt 0.861081 0.043764
vt 0.776834 0.043868
vt 0.780381 0.044679
vt 0.814811 0.044637
vt 0.814810 0.043821
vt 0.729251 0.043926
vt 0.733781 0.044739
vt 0.753043 0.044712
vt 0.753042 0.043897
vt 0.717901 0.043968
vt 0.716869 0.044688
vt 0.723578 0.044762
vt 0.723576 0.043947
vt 0.698279 0.043238
vt 0.698033 0.044155
vt 0.708093 0.044424
vt 0.708090 0.043603
vt 0.676664 0.043242
vt 0.676736 0.044070
vt 0.687474 0.044067
vt 0.687471 0.043240
vt 0.655604 0.043253
vt 0.655198 0.044172
vt 0.666136 0.044074
vt 0.666134 0.043248
vt 0.631279 0.044018
vt 0.633063 0.044744
vt 0.643444 0.044456
vt 0.643442 0.043635
vt 0.621206 0.044058
vt 0.614604 0.044878
vt 0.626244 0.044854
vt 0.626243 0.044038
vt 0.558307 0.044135
vt 0.557479 0.044952
vt 0.589758 0.044912
vt 0.589757 0.044097
vt 0.488773 0.044221
vt 0.487599 0.045038
vt 0.523541 0.044994
vt 0.523540 0.044178
vt 0.409841 0.044317
vt 0.412730 0.045129
vt 0.449308 0.045085
vt 0.449307 0.044269
vt 0.381929 0.045167
vt 0.353790 0.045202
vt 0.381928 0.044352
vt 0.354016 0.044386
vt 0.325199 0.045237
vt 0.295581 0.045273
vt 0.325198 0.044421
vt 0.296381 0.044457
vt 0.264362 0.045311
vt 0.233022 0.045350
vt 0.264361 0.044496
vt 0.232340 0.044535
vt 0.203046 0.045387
vt 0.173169 0.045423
vt 0.203045 0.044571
vt 0.173750 0.044607
vt 0.142127 0.045461
vt 0.110447 0.045500
vt 0.142126 0.044646
vt 0.110502 0.044684
vt 0.078654 0.045539
vt 0.054214 0.045569
vt 0.078653 0.044724
vt 0.046804 0.044763
vt 0.044590 0.045581
vt 0.042852 0.045583
vt 0.044589 0.044765
vt 0.042373 0.044768
vt 0.041768 0.044769
vt 0.038939 0.046777
vt 0.042071 0.045584
vt 0.042070 0.044768
vt 0.018524 0.054453
vt 0.018525 0.055124
vt 0.030147 0.050354
vt 0.030146 0.049611
vt 0.400358 0.225168
vt 0.398781 0.220661
vt 0.396747 0.214860
vt 0.401868 0.229894
vt 0.401021 0.227087
vt 0.406994 0.247030
vt 0.403995 0.237062
vt 0.414035 0.269225
vt 0.410458 0.258236
vt 0.420901 0.287656
vt 0.417374 0.278546
vt 0.429440 0.308680
vt 0.425046 0.298011
vt 0.437944 0.328371
vt 0.433713 0.318734
vt 0.446889 0.347860
vt 0.442208 0.337790
vt 0.458142 0.371543
vt 0.452370 0.359447
vt 0.469118 0.394385
vt 0.463696 0.383142
vt 0.479387 0.414757
vt 0.474492 0.405413
vt 0.486383 0.424685
vt 0.483373 0.420949
vt 0.489644 0.427598
vt 0.488351 0.426664
vt 0.491281 0.428652
vt 0.490632 0.428197
vt 0.491588 0.429953
vt 0.491562 0.429152
vt 0.491774 0.433915
vt 0.491471 0.431308
vt 0.495509 0.444680
vt 0.493058 0.438475
vt 0.504422 0.461470
vt 0.499312 0.452224
vt 0.516249 0.482395
vt 0.510795 0.472783
vt 0.519737 0.488546
vt 0.518601 0.486537
vt 0.523422 0.495720
vt 0.523683 0.495577
vt 0.521542 0.491760
vt 0.521282 0.491903
vt 0.867731 0.043756
vt 0.876131 0.045750
vt 0.904652 0.049282
vt 0.904651 0.048539
vt 0.941572 0.053993
vt 0.941571 0.053321
vt 0.864407 0.044576
vt 0.864406 0.043760
vn -0.643259 -0.758936 0.101161
vn -0.845064 0.517701 0.133613
vn -0.800636 0.578489 0.155988
vn -0.728518 -0.667006 0.156093
vn 0.139999 0.989844 -0.024686
vn 0.140004 0.989843 -0.024686
vn 0.140000 0.989844 -0.024686
vn -0.680584 0.717637 0.147658
vn -0.936260 -0.233487 0.262488
vn 0.803930 0.576389 -0.146535
vn 0.757448 0.638108 -0.138168
vn 0.773686 0.608593 0.176141
vn 0.817194 0.547617 0.179751
vn 0.691625 0.711119 -0.126356
vn 0.711226 0.681181 0.173635
vn 0.703601 0.659408 0.264814
vn 0.762680 0.587302 0.270916
vn 0.803295 0.527014 0.277443
vn 0.576662 0.810631 -0.101681
vn 0.987452 0.003980 -0.157868
vn 0.968948 0.201809 -0.142872
vn 0.576665 0.810629 -0.101681
vn 0.124923 -0.992138 -0.007483
vn 0.340693 -0.940143 -0.007646
vn 0.813627 -0.581010 -0.020947
vn 0.869200 0.474940 -0.137564
vn 0.576663 0.810630 -0.101680
vn -0.657486 -0.744495 0.115932
vn -0.733236 -0.667570 0.129289
vn -0.733236 -0.667570 0.129289
vn -0.657486 -0.744495 0.115933
vn -0.789961 -0.597126 0.139291
vn -0.789961 -0.597126 0.139292
vn -0.789961 -0.597126 0.139291
vn -0.733236 -0.667570 0.129290
vn -0.657486 -0.744495 0.115932
vn 0.813382 0.580554 -0.036964
vn 0.797057 0.585730 0.147041
vn 0.614750 0.374168 0.694320
vn 0.671843 0.425722 0.606126
vn 0.819219 0.565228 0.096937
vn 0.633662 0.364310 0.682459
vn 0.302328 0.095349 0.948423
vn 0.297560 0.106430 0.948752
vn 0.300919 0.129944 0.944755
vn 0.737439 0.563188 -0.372832
vn 0.693955 0.597953 -0.401097
vn 0.332024 0.376960 -0.864674
vn 0.360011 0.361220 -0.860182
vn 0.763469 0.619184 -0.183647
vn 0.405665 0.426894 -0.808206
vn -0.072028 0.100110 -0.992366
vn -0.075339 0.081865 -0.993792
vn -0.071582 0.073260 -0.994741
vn -0.082163 0.345533 0.934803
vn -0.093054 0.314833 0.944574
vn -0.629695 0.774497 -0.060321
vn -0.562338 0.821943 -0.090471
vn -0.095075 0.308034 0.946613
vn -0.652054 0.756629 -0.048357
vn -0.363402 0.238044 -0.900708
vn -0.352031 0.236111 -0.905718
vn -0.331744 0.246565 -0.910577
vn -0.556026 0.825960 0.092872
vn -0.690771 0.714681 0.109851
vn -0.553548 0.693403 0.461277
vn -0.458728 0.777181 0.430764
vn -0.986158 0.076173 0.147277
vn -0.839985 0.222015 0.495111
vn -0.600054 0.587526 0.542908
vn -0.474876 0.687584 0.549291
vn -0.416553 0.742723 0.524257
vn -0.077558 0.285634 0.955195
vn -0.600218 0.758391 0.254129
vn -0.575802 0.775850 0.257891
vn -0.061908 0.283792 0.956885
vn -0.413111 0.308046 -0.856999
vn -0.410514 0.314846 -0.855775
vn -0.396938 0.345547 -0.850316
vn -0.502763 0.823223 0.263692
vn -0.037365 0.297660 0.953940
vn 0.632357 -0.766611 -0.111502
vn 0.613742 -0.782054 -0.108219
vn 0.613742 -0.782055 -0.108219
vn 0.632358 -0.766610 -0.111502
vn 0.551191 -0.828699 -0.097190
vn 0.551191 -0.828699 -0.097190
vn 0.551191 -0.828699 -0.097190
vn 0.613742 -0.782055 -0.108220
vn 0.632357 -0.766611 -0.111502
vn -0.040324 0.427924 0.902915
vn -0.061245 0.391940 0.917950
vn -0.482554 0.867565 -0.120304
vn -0.421898 0.895592 -0.141131
vn -0.302641 0.254489 -0.918501
vn -0.280863 0.258656 -0.924236
vn -0.404505 0.912108 0.066594
vn -0.471933 0.878151 0.078299
vn -0.386050 0.830813 0.400893
vn -0.326935 0.866101 0.378130
vn -0.350072 0.797251 0.491772
vn -0.295504 0.833424 0.466992
vn -0.371516 0.391956 -0.841633
vn -0.416884 0.869408 0.265212
vn -0.346713 0.427938 -0.834661
vn -0.352099 0.897808 0.264514
vn 0.023999 0.315180 0.948728
vn -0.002400 0.308938 0.951079
vn 0.467801 -0.879976 -0.082486
vn 0.467801 -0.879976 -0.082486
vn 0.401572 -0.913086 -0.070808
vn 0.401572 -0.913086 -0.070808
vn 0.401572 -0.913086 -0.070808
vn 0.467801 -0.879976 -0.082486
vn 0.014120 0.490262 0.871461
vn -0.018716 0.456292 0.889633
vn -0.357782 0.919072 -0.165221
vn -0.272789 0.941904 -0.195967
vn -0.261986 0.264072 -0.928240
vn -0.237266 0.270010 -0.933166
vn -0.254965 0.966099 0.040573
vn -0.340475 0.938616 0.055463
vn -0.268841 0.894403 0.357447
vn -0.190203 0.924192 0.331197
vn -0.240627 0.862763 0.444678
vn -0.165764 0.893970 0.416341
vn -0.321864 0.456309 -0.829570
vn -0.283530 0.921486 0.265472
vn -0.284792 0.490278 -0.823724
vn -0.192951 0.944600 0.265520
vn 0.077170 0.330698 0.940576
vn 0.047001 0.322587 0.945372
vn 0.337105 -0.939589 -0.059441
vn 0.337105 -0.939589 -0.059441
vn 0.251093 -0.966950 -0.044274
vn 0.251092 -0.966950 -0.044274
vn 0.251093 -0.966950 -0.044275
vn 0.337105 -0.939589 -0.059441
vn 0.093191 0.547432 0.831645
vn 0.055319 0.523954 0.849948
vn -0.188446 0.956463 -0.222860
vn -0.120666 0.962519 -0.242892
vn -0.211254 0.272955 -0.938545
vn -0.190429 0.274169 -0.942639
vn -0.088228 0.996034 0.011483
vn -0.163516 0.986233 0.024627
vn -0.105871 0.946672 0.304309
vn -0.035875 0.958413 0.283122
vn -0.085440 0.918042 0.387167
vn -0.018457 0.931121 0.364243
vn -0.238717 0.523972 -0.817598
vn -0.103943 0.959409 0.262164
vn -0.196869 0.547451 -0.813351
vn -0.032942 0.965606 0.257915
vn 0.134636 0.337108 0.931789
vn 0.109053 0.335123 0.935842
vn 0.160333 -0.986658 -0.028271
vn 0.160333 -0.986658 -0.028271
vn 0.085853 -0.996193 -0.015138
vn 0.085853 -0.996193 -0.015138
vn 0.085853 -0.996193 -0.015138
vn 0.160333 -0.986658 -0.028271
vn 0.157709 0.570954 0.805692
vn 0.126559 0.562144 0.817299
vn -0.063786 0.963745 -0.259089
vn -0.013680 0.962233 -0.271884
vn -0.173326 0.275090 -0.945666
vn -0.158226 0.275348 -0.948234
vn 0.029184 0.999533 -0.009063
vn -0.025914 0.999664 0.000588
vn 0.022684 0.963539 0.266606
vn 0.074818 0.964545 0.253092
vn 0.037935 0.937264 0.346549
vn 0.088298 0.939056 0.332232
vn -0.160604 0.562162 -0.811283
vn 0.026361 0.966924 0.253699
vn -0.127363 0.570972 -0.811030
vn 0.078092 0.965462 0.248564
vn 0.174082 0.338896 0.924578
vn 0.155592 0.338478 0.928021
vn 0.024007 -0.999703 -0.004233
vn 0.024007 -0.999703 -0.004233
vn -0.030652 -0.999516 0.005405
vn -0.030652 -0.999516 0.005405
vn -0.030652 -0.999516 0.005405
vn 0.024007 -0.999703 -0.004233
vn 0.206643 0.574533 0.791966
vn 0.184914 0.574654 0.797232
vn 0.028391 0.959271 -0.281057
vn 0.061702 0.955931 -0.287035
vn -0.145545 0.274970 -0.950373
vn -0.135591 0.274267 -0.952047
vn 0.111962 0.993432 -0.023606
vn 0.075541 0.996994 -0.017199
vn 0.118927 0.962770 0.242756
vn 0.153770 0.959620 0.235551
vn 0.130994 0.937826 0.321439
vn 0.164779 0.934987 0.314081
vn -0.098903 0.574672 -0.812386
vn 0.120988 0.962511 0.242765
vn -0.076684 0.574551 -0.814869
vn 0.154497 0.959157 0.236955
vn 0.201814 0.337557 0.919416
vn 0.189616 0.338457 0.921679
vn -0.076606 -0.996970 0.013508
vn -0.076606 -0.996970 0.013508
vn -0.112729 -0.993427 0.019877
vn -0.112729 -0.993427 0.019877
vn -0.112729 -0.993427 0.019877
vn -0.076606 -0.996970 0.013508
vn 0.283652 0.553731 0.782895
vn 0.235774 0.569308 0.787591
vn 0.106663 0.948879 -0.297070
vn 0.182558 0.933150 -0.309683
vn -0.121144 0.275754 -0.953564
vn -0.096409 0.275775 -0.956375
vn 0.242408 0.969054 -0.046623
vn 0.160856 0.986452 -0.032223
vn 0.200843 0.952904 0.227234
vn 0.279529 0.935760 0.214982
vn 0.210574 0.928357 0.306287
vn 0.287079 0.911318 0.295103
vn -0.047812 0.569326 -0.820720
vn 0.200436 0.952146 0.230746
vn -0.001214 0.553749 -0.832683
vn 0.276521 0.936370 0.216209
vn 0.248363 0.338349 0.907654
vn 0.218984 0.339016 0.914939
vn -0.161364 -0.986485 0.028453
vn -0.161364 -0.986485 0.028453
vn -0.242476 -0.969215 0.042755
vn -0.242476 -0.969215 0.042755
vn -0.242476 -0.969215 0.042755
vn -0.161364 -0.986485 0.028453
vn 0.399762 0.483308 0.778848
vn 0.341531 0.524866 0.779661
vn 0.281142 0.904161 -0.321639
vn 0.389619 0.859315 -0.331323
vn -0.063518 0.272977 -0.959921
vn -0.024935 0.267314 -0.963287
vn 0.456382 0.885765 -0.084478
vn 0.345539 0.936160 -0.064859
vn 0.379170 0.903247 0.200934
vn 0.486184 0.853577 0.187168
vn 0.383907 0.879064 0.282597
vn 0.487733 0.829938 0.270774
vn 0.054284 0.524886 -0.849440
vn 0.373788 0.907189 0.193108
vn 0.109282 0.483324 -0.868594
vn 0.479574 0.862001 0.164203
vn 0.331608 0.325252 0.885577
vn 0.287083 0.333812 0.897860
vn -0.345253 -0.936533 0.060877
vn -0.345253 -0.936533 0.060878
vn -0.455861 -0.886414 0.080381
vn -0.455861 -0.886414 0.080381
vn -0.455861 -0.886414 0.080381
vn -0.345253 -0.936533 0.060877
vn 0.536702 0.396606 0.744751
vn 0.453089 0.430202 0.780792
vn 0.498273 0.798333 -0.338213
vn 0.597191 0.700273 -0.391127
vn 0.004738 0.257664 -0.966223
vn -0.005365 0.216516 -0.976264
vn 0.584536 0.804251 -0.107224
vn 0.541599 0.834717 -0.099589
vn 0.568588 0.803168 0.177844
vn 0.610113 0.772871 0.174448
vn 0.567679 0.780205 0.262717
vn 0.607885 0.750196 0.260158
vn 0.157419 0.436841 -0.885658
vn 0.576466 0.806017 0.134253
vn 0.252182 0.422703 -0.870475
vn 0.676597 0.721143 0.148893
vn 0.362790 0.267949 0.892517
vn 0.365815 0.312561 0.876633
vn -0.536217 -0.838768 0.094549
vn -0.536217 -0.838768 0.094550
vn -0.564093 -0.819699 0.099465
vn -0.564093 -0.819699 0.099465
vn -0.564093 -0.819699 0.099464
vn -0.536217 -0.838768 0.094550
vn 0.717363 0.505925 0.478989
vn 0.600054 0.558825 -0.572407
vn -0.047946 0.144552 -0.988335
vn 0.624724 0.772422 -0.114390
vn 0.648128 0.741566 0.173234
vn 0.643989 0.719211 0.260796
vn 0.538072 0.519786 -0.663552
vn 0.759285 0.574290 0.306067
vn 0.325496 0.185451 0.927179
vn -0.589755 -0.800859 0.103990
vn -0.589755 -0.800859 0.103990
vn -0.589755 -0.800859 0.103990
vn 0.876556 0.454044 -0.159667
vn 0.843429 0.514796 -0.153664
vn 0.853360 0.487625 0.184387
vn 0.883468 0.428348 0.189741
vn 0.836386 0.468176 0.285078
vn 0.863670 0.410092 0.293086
vn 0.666266 0.332906 0.667281
vn 0.307272 0.084169 0.947892
vn 0.864089 0.500494 0.053445
vn 0.897382 0.440984 0.015436
vn 0.696338 0.300335 0.651853
vn 0.310949 0.073014 0.947618
vn -0.876337 -0.456241 0.154523
vn -0.838913 -0.523779 0.147923
vn -0.838913 -0.523779 0.147923
vn -0.876338 -0.456241 0.154522
vn -0.838912 -0.523780 0.147923
vn -0.876338 -0.456240 0.154522
vn 0.837984 0.440983 -0.321430
vn 0.793696 0.500493 -0.345766
vn 0.394171 0.330961 -0.857376
vn 0.427656 0.298680 -0.853171
vn -0.067839 0.064680 -0.995598
vn -0.065058 0.056122 -0.996302
vn 0.909752 0.380640 -0.165724
vn 0.898428 0.407488 -0.163649
vn 0.903065 0.382969 0.194443
vn 0.913116 0.356585 0.197654
vn 0.881167 0.365731 0.299644
vn 0.890034 0.339878 0.303847
vn 0.721694 0.274907 0.635282
vn 0.313197 0.064681 0.947483
vn 0.917354 0.397567 -0.020044
vn 0.926132 0.374776 -0.042692
vn 0.739584 0.258987 0.621241
vn 0.314036 0.059771 0.947528
vn -0.910367 -0.381398 0.160521
vn -0.898644 -0.409060 0.158455
vn -0.898645 -0.409059 0.158455
vn -0.910367 -0.381399 0.160522
vn -0.898645 -0.409060 0.158455
vn -0.910367 -0.381399 0.160522
vn 0.884874 0.374778 -0.276658
vn 0.868885 0.397566 -0.294925
vn 0.457142 0.273466 -0.846308
vn 0.478778 0.257667 -0.839273
vn -0.063352 0.049733 -0.996751
vn -0.062730 0.045975 -0.996971
vn 0.947300 0.269850 -0.172636
vn 0.922612 0.347184 -0.168080
vn 0.923759 0.325469 0.201840
vn 0.943740 0.253600 0.212230
vn 0.898824 0.310140 0.309725
vn 0.914726 0.241568 0.323915
vn 0.749932 0.245745 0.614176
vn 0.316796 0.055167 0.946888
vn 0.936480 0.339886 -0.086505
vn 0.939916 0.262399 -0.218416
vn 0.783907 0.218111 0.581306
vn 0.322843 0.043976 0.945430
vn -0.931494 -0.324564 0.164248
vn -0.919019 -0.359366 0.162048
vn -0.919019 -0.359367 0.162048
vn -0.931494 -0.324565 0.164247
vn -0.919019 -0.359366 0.162048
vn -0.931494 -0.324564 0.164248
vn 0.957936 0.262397 -0.116221
vn 0.909594 0.339885 -0.238993
vn 0.490860 0.244559 -0.836210
vn 0.533924 0.217265 -0.817142
vn -0.060494 0.042440 -0.997266
vn -0.055534 0.033830 -0.997884
vn 0.974044 0.140179 -0.177731
vn 0.967397 0.181716 -0.176414
vn 0.959499 0.169693 0.224871
vn 0.964211 0.129203 0.231526
vn 0.926623 0.160900 0.339825
vn 0.929807 0.121771 0.347319
vn 0.858540 0.170972 0.483402
vn 0.327238 0.029738 0.944474
vn 0.893143 0.178947 -0.412642
vn 0.827568 0.134340 -0.545054
vn 0.912374 0.129507 0.388332
vn 0.328080 0.022801 0.944375
vn -0.964083 -0.204073 0.169994
vn -0.947539 -0.272498 0.167078
vn -0.947539 -0.272498 0.167076
vn -0.964083 -0.204072 0.169994
vn -0.947539 -0.272497 0.167077
vn -0.964083 -0.204073 0.169994
vn 0.963942 0.134215 0.229786
vn 0.980414 0.178913 0.082337
vn 0.637752 0.170532 -0.751127
vn 0.721496 0.129116 -0.680274
vn -0.051850 0.022905 -0.998392
vn -0.051110 0.017626 -0.998537
vn 0.982224 0.055273 -0.179389
vn 0.977280 0.114455 -0.178394
vn 0.966134 0.106179 0.235182
vn 0.968224 0.052978 0.244407
vn 0.930591 0.100309 0.352050
vn 0.930151 0.050637 0.363668
vn 0.922923 0.136184 0.360094
vn 0.330751 0.020015 0.943506
vn 0.895256 0.256787 -0.364112
vn 0.857152 0.515026 0.006319
vn 0.924331 0.242823 0.294363
vn 0.354905 0.017852 0.934732
vn -0.980332 -0.095232 0.172859
vn -0.975181 -0.139479 0.171951
vn -0.975181 -0.139479 0.171951
vn -0.980332 -0.095232 0.172859
vn -0.975181 -0.139480 0.171950
vn -0.980332 -0.095232 0.172859
vn 0.910323 0.407561 0.072157
vn 0.965762 0.256228 0.040626
vn 0.741930 0.135519 -0.656639
vn 0.771707 0.227059 -0.594065
vn -0.048874 0.015433 -0.998686
vn -0.028407 0.012148 -0.999523
vn -0.294532 -0.953666 0.061418
vn -0.205302 -0.970776 0.124279
vn 0.394731 -0.916958 -0.058096
vn 0.475334 -0.838540 0.266286
vn 0.774127 -0.525230 0.353356
vn 0.406512 -0.891565 0.199649
vn 0.561129 0.105276 0.821006
vn 0.402992 0.127375 0.906297
vn 0.579766 0.263691 -0.770934
vn 0.476788 0.057589 -0.877130
vn 0.221529 0.294664 -0.929569
vn 0.229610 0.375486 -0.897936
vn 0.270941 0.500421 -0.822295
vn 0.545336 0.416716 -0.727294
vn 0.888951 0.162390 -0.428248
vn -0.661985 0.740373 0.116726
vn -0.970853 0.167744 0.171188
vn -0.970849 0.167773 0.171187
vn -0.661966 0.740390 0.116723
vn -0.982996 -0.060621 0.173329
vn -0.982997 -0.060622 0.173329
vn -0.982996 -0.060621 0.173329
vn -0.970855 0.167736 0.171188
vn -0.661995 0.740363 0.116727
vn 0.657278 0.661371 0.361350
vn 0.593643 0.378972 0.709907
vn 0.792271 0.244422 0.559075
vn 0.842556 0.478141 0.247951
vn 0.613252 0.361455 0.702333
vn 0.698444 0.551743 -0.455803
vn 0.421626 0.003152 -0.906764
vn 0.929730 0.071007 0.361331
vn 0.984579 0.174850 -0.005629
vn 0.565885 0.818424 -0.099781
vn 0.589656 0.800935 -0.103972
vn 0.589655 0.800935 -0.103972
vn 0.565884 0.818425 -0.099781
vn 0.652107 0.749356 -0.114984
vn 0.652107 0.749356 -0.114984
vn 0.652107 0.749356 -0.114984
vn 0.589655 0.800935 -0.103972
vn 0.565884 0.818424 -0.099781
vn -0.337535 0.206459 -0.918392
vn -0.333356 0.200977 -0.921131
vn -0.328946 0.205503 -0.921717
vn -0.332600 0.211971 -0.918937
vn -0.321949 0.186080 -0.928290
vn -0.317650 0.189834 -0.929011
vn -0.303015 0.201767 -0.931382
vn -0.313751 0.219707 -0.923736
vn -0.316569 0.227740 -0.920825
vn -0.283555 0.216223 -0.934261
vn -0.293264 0.236789 -0.926244
vn -0.267925 0.226270 -0.936492
vn -0.276568 0.248712 -0.928253
vn -0.278964 0.257856 -0.925035
vn -0.295725 0.245626 -0.923155
vn -0.252413 0.234265 -0.938833
vn -0.259770 0.258421 -0.930450
vn -0.231434 0.243275 -0.941942
vn -0.236818 0.269439 -0.933445
vn -0.237234 0.280356 -0.930119
vn -0.261417 0.268360 -0.927170
vn -0.208929 0.251490 -0.945040
vn -0.212005 0.279408 -0.936475
vn -0.190025 0.257008 -0.947543
vn -0.191037 0.286092 -0.938965
vn -0.190137 0.297709 -0.935530
vn -0.211591 0.290823 -0.933087
vn -0.173984 0.260439 -0.949685
vn -0.173173 0.290273 -0.941145
vn -0.159550 0.262528 -0.951642
vn -0.157072 0.292802 -0.943184
vn -0.155259 0.304606 -0.939739
vn -0.171761 0.302032 -0.937696
vn -0.147252 0.263491 -0.953357
vn -0.143352 0.293941 -0.945013
vn -0.137515 0.263606 -0.954778
vn -0.132501 0.294035 -0.946566
vn -0.130274 0.305740 -0.943160
vn -0.141285 0.305712 -0.941583
vn -0.124447 0.262344 -0.956916
vn -0.117940 0.292591 -0.948937
vn -0.102452 0.258889 -0.960458
vn -0.093527 0.288416 -0.952926
vn -0.089610 0.299851 -0.949768
vn -0.115078 0.304288 -0.945603
vn -0.073934 0.252431 -0.964786
vn -0.062084 0.280488 -0.957848
vn -0.041898 0.242565 -0.969230
vn -0.027154 0.268395 -0.962926
vn -0.020391 0.278021 -0.960359
vn -0.056771 0.291235 -0.954966
vn -0.015472 0.231348 -0.972748
vn 0.005743 0.252457 -0.967591
vn -0.008941 0.213585 -0.976884
vn 0.025738 0.223920 -0.974268
vn 0.055171 0.223040 -0.973247
vn 0.017744 0.259698 -0.965527
vn -0.019571 0.184123 -0.982708
vn 0.019776 0.185773 -0.982394
vn -0.025315 0.154559 -0.987659
vn 0.006041 0.159726 -0.987143
vn 0.032705 0.157628 -0.986957
vn 0.056507 0.178779 -0.982265
vn -0.021424 0.132403 -0.990964
vn 0.001696 0.144383 -0.989520
vn -0.015387 0.115863 -0.993146
vn 0.005232 0.129240 -0.991600
vn 0.017853 0.138493 -0.990203
vn 0.017632 0.150419 -0.988465
vn 0.028431 0.103847 -0.994187
vn 0.023430 0.120451 -0.992443
vn 0.010994 0.111908 -0.993658
vn 0.015948 0.096593 -0.995196
vn -0.009521 0.100020 -0.994940
vn -0.004483 0.086309 -0.996258
vn 0.033278 0.085128 -0.995814
vn 0.031657 0.092032 -0.995253
vn 0.019059 0.085900 -0.996121
vn 0.020672 0.079770 -0.996599
vn -0.001347 0.076928 -0.997036
vn 0.000307 0.071543 -0.997437
vn 0.035915 0.064266 -0.997286
vn 0.034448 0.078496 -0.996319
vn 0.021621 0.073618 -0.997052
vn 0.022431 0.061727 -0.997841
vn 0.001361 0.066622 -0.997777
vn 0.002280 0.057909 -0.998319
vn 0.033922 0.034364 -0.998833
vn 0.035864 0.046375 -0.998280
vn 0.022251 0.047050 -0.998645
vn 0.021311 0.034977 -0.999161
vn 0.002214 0.046303 -0.998925
vn 0.001621 0.034283 -0.999411
vn 0.043711 0.082607 -0.995623
vn 0.032745 0.042922 -0.998542
vn 0.022590 0.038238 -0.999013
vn 0.031412 0.062361 -0.997559
vn 0.002860 0.027483 -0.999618
vn 0.009186 0.023538 -0.999681
vn 0.137062 0.315235 -0.939064
vn 0.172585 0.497011 -0.850408
vn 0.094279 0.131936 -0.986765
vn 0.057851 0.039441 -0.997546
vn 0.101147 0.265400 -0.958818
vn 0.132151 0.482903 -0.865645
vn 0.164568 0.985939 -0.029018
vn 0.213372 0.976246 -0.037623
vn 0.213371 0.976246 -0.037623
vn 0.164567 0.985939 -0.029018
vn 0.245741 0.968367 -0.043330
vn 0.245739 0.968367 -0.043331
vn 0.245741 0.968367 -0.043329
vn 0.213371 0.976247 -0.037623
vn 0.164569 0.985939 -0.029017
vn 0.424828 0.385537 0.819074
vn 0.418721 0.213766 0.882597
vn 0.449869 0.266205 0.852498
vn 0.455590 0.398715 0.795905
vn 0.393067 0.029410 0.919040
vn 0.416497 0.112824 0.902109
vn 0.422974 0.202908 0.883132
vn 0.462850 0.296935 0.835224
vn 0.469558 0.420788 0.776178
vn 0.352441 0.030719 0.935330
vn 0.343402 0.026113 0.938825
vn 0.362684 0.035800 0.931224
vn 0.373802 0.073559 0.924587
vn 0.343725 0.034216 0.938447
vn 0.361824 0.034573 0.931605
vn 0.372234 0.033529 0.927533
vn 0.373820 0.041148 0.926588
vn 0.379829 0.089318 0.920735
vn 0.344278 0.046504 0.937715
vn 0.362604 0.047154 0.930750
vn 0.343908 0.058209 0.937197
vn 0.362436 0.062196 0.929931
vn 0.373821 0.064434 0.925260
vn 0.373428 0.045957 0.926520
vn 0.342600 0.066725 0.937109
vn 0.361331 0.073805 0.929512
vn 0.341424 0.071540 0.937183
vn 0.360273 0.079766 0.929430
vn 0.371850 0.085124 0.924381
vn 0.372902 0.078611 0.924535
vn 0.339733 0.076925 0.937371
vn 0.358595 0.085896 0.929533
vn 0.336520 0.086305 0.937713
vn 0.355355 0.096589 0.929728
vn 0.366740 0.103842 0.924510
vn 0.370135 0.092028 0.924408
vn 0.331400 0.099997 0.938176
vn 0.350215 0.111759 0.929978
vn 0.325380 0.115707 0.938477
vn 0.344158 0.129041 0.930002
vn 0.355035 0.137713 0.924654
vn 0.361329 0.120130 0.924668
vn 0.319864 0.131505 0.938293
vn 0.340826 0.142159 0.929316
vn 0.317116 0.154273 0.935755
vn 0.345872 0.155125 0.925370
vn 0.362733 0.145347 0.920488
vn 0.353183 0.145598 0.924155
vn 0.320288 0.188236 0.928430
vn 0.355067 0.185584 0.916235
vn 0.324451 0.218377 0.920350
vn 0.351953 0.227293 0.908002
vn 0.369217 0.219844 0.902966
vn 0.375305 0.168410 0.911474
vn 0.316848 0.232698 0.919489
vn 0.333636 0.253453 0.907991
vn 0.292119 0.242553 0.925113
vn 0.303818 0.268382 0.914148
vn 0.309295 0.278008 0.909422
vn 0.342713 0.259045 0.903019
vn 0.260498 0.252419 0.931894
vn 0.269259 0.280475 0.921321
vn 0.232219 0.258877 0.937580
vn 0.238031 0.288403 0.927451
vn 0.240631 0.299837 0.923144
vn 0.273267 0.291222 0.916796
vn 0.210342 0.262331 0.941774
vn 0.213727 0.292577 0.932051
vn 0.197331 0.263593 0.944235
vn 0.199234 0.294021 0.934803
vn 0.200162 0.305726 0.930842
vn 0.215276 0.304274 0.927940
vn 0.187696 0.263479 0.946229
vn 0.188506 0.293927 0.937055
vn 0.175553 0.262515 0.948824
vn 0.174988 0.292788 0.940029
vn 0.175514 0.304592 0.936172
vn 0.189276 0.305698 0.933126
vn 0.161321 0.260426 0.951921
vn 0.159163 0.290259 0.943619
vn 0.145516 0.256995 0.955395
vn 0.141630 0.286079 0.947681
vn 0.141302 0.297695 0.944146
vn 0.159310 0.302019 0.939896
vn 0.126897 0.251478 0.959508
vn 0.121077 0.279395 0.952512
vn 0.104690 0.243263 0.964294
vn 0.096725 0.269427 0.958151
vn 0.095196 0.280343 0.955168
vn 0.120306 0.290810 0.949187
vn 0.083914 0.234254 0.968547
vn 0.074134 0.258408 0.963187
vn 0.068537 0.226259 0.971653
vn 0.057598 0.248700 0.966866
vn 0.054246 0.257844 0.964663
vn 0.071464 0.268348 0.960668
vn 0.053088 0.216213 0.974902
vn 0.041223 0.236777 0.970689
vn 0.033817 0.201757 0.978852
vn 0.021114 0.219697 0.975340
vn 0.017471 0.227729 0.973568
vn 0.037854 0.245614 0.968628
vn 0.019255 0.189825 0.981629
vn 0.006146 0.205493 0.978639
vn 0.014970 0.186071 0.982422
vn 0.001802 0.200967 0.979596
vn -0.003062 0.206450 0.978452
vn 0.001761 0.211961 0.977277
vn 0.959087 0.227053 -0.169113
vn 0.959085 0.227062 -0.169113
vn 0.841488 -0.519503 -0.148377
vn 0.841488 -0.519503 -0.148377
vn 0.841489 -0.519500 -0.148378
vn 0.959085 0.227062 -0.169113
vn -0.108430 -0.077974 -0.991041
vn -0.106939 -0.080288 -0.991019
vn 0.109843 -0.323957 -0.939673
vn 0.092340 -0.325507 -0.941020
vn 0.050398 -0.328832 -0.943043
vn -0.113920 -0.080837 -0.990196
vn 0.009862 -0.331469 -0.943415
vn -0.130598 -0.074277 -0.988649
vn -0.018228 -0.332999 -0.942751
vn -0.141656 -0.068232 -0.987562
vn -0.045478 -0.334203 -0.941403
vn -0.147654 -0.066923 -0.986772
vn -0.078502 -0.335351 -0.938817
vn -0.155028 -0.065451 -0.985740
vn -0.110042 -0.336090 -0.935379
vn -0.163036 -0.060800 -0.984745
vn -0.135016 -0.336451 -0.931972
vn -0.168496 -0.056815 -0.984064
vn -0.155569 -0.336571 -0.928719
vn -0.172307 -0.054714 -0.983523
vn -0.173673 -0.336570 -0.925504
vn -0.175379 -0.053095 -0.983068
vn -0.188996 -0.336456 -0.922539
vn -0.177750 -0.051714 -0.982716
vn -0.201198 -0.336324 -0.920003
vn -0.179484 -0.050709 -0.982453
vn -0.217140 -0.336063 -0.916467
vn -0.183090 -0.054339 -0.981593
vn -0.244358 -0.335432 -0.909821
vn -0.189775 -0.058391 -0.980090
vn -0.281000 -0.334126 -0.899666
vn -0.199451 -0.061977 -0.977946
vn -0.324770 -0.331918 -0.885638
vn -0.212380 -0.065736 -0.974974
vn -0.365757 -0.329064 -0.870597
vn -0.216641 -0.063649 -0.974174
vn -0.380810 -0.321172 -0.867082
vn -0.214840 -0.062488 -0.974648
vn -0.380132 -0.301103 -0.874549
vn -0.223105 -0.068258 -0.972402
vn -0.396337 -0.271364 -0.877085
vn -0.236981 -0.070436 -0.968958
vn -0.421544 -0.239901 -0.874499
vn -0.244174 -0.063162 -0.967672
vn -0.440682 -0.213599 -0.871880
vn -0.249349 -0.056363 -0.966772
vn -0.258676 -0.051582 -0.964586
vn -0.266136 -0.046864 -0.962796
vn -0.461623 -0.191338 -0.866195
vn -0.484615 -0.171897 -0.857671
vn -0.271298 -0.043572 -0.961509
vn -0.273146 -0.041513 -0.961076
vn -0.501050 -0.157623 -0.850943
vn -0.511464 -0.148426 -0.846389
vn -0.278327 -0.040259 -0.959642
vn -0.283330 -0.036760 -0.958318
vn -0.518410 -0.142037 -0.843254
vn -0.523296 -0.128745 -0.842369
vn -0.281467 -0.029309 -0.959123
vn -0.277484 -0.020492 -0.960512
vn -0.518151 -0.104874 -0.848835
vn -0.512086 -0.076728 -0.855500
vn -0.276812 -0.012921 -0.960837
vn -0.274812 -0.009207 -0.961454
vn -0.516721 -0.052948 -0.854515
vn -0.521281 -0.036294 -0.852613
vn -0.217291 0.251929 -0.943036
vn -0.212924 0.505929 -0.835882
vn -0.239398 0.000370 -0.970922
vn -0.500807 -0.018884 -0.865353
vn -0.529855 0.225190 -0.817645
vn -0.561450 0.572783 -0.597238
vn -0.073843 0.997185 0.013020
vn -0.073841 0.997185 0.013020
vn -0.073835 0.997185 0.013020
vn -0.091159 -0.015076 0.995722
vn 0.150695 -0.000130 0.988580
vn 0.157123 0.200452 0.967022
vn -0.129512 0.176033 0.975827
vn 0.135396 0.403021 0.905120
vn -0.241630 0.488993 0.838153
vn -0.103020 -0.059139 0.992920
vn 0.112308 -0.011736 0.993604
vn 0.113163 -0.006983 0.993552
vn -0.106667 -0.040819 0.993457
vn 0.116852 -0.002617 0.993146
vn -0.110469 -0.027660 0.993495
vn -0.115646 -0.099669 0.988277
vn 0.107296 -0.021673 0.993991
vn 0.108941 -0.017157 0.993900
vn -0.109674 -0.081013 0.990661
vn -0.105825 -0.114757 0.987741
vn 0.115476 -0.023752 0.993026
vn 0.111321 -0.023395 0.993509
vn -0.111866 -0.109926 0.987625
vn -0.082776 -0.132554 0.987713
vn 0.120308 -0.026243 0.992390
vn 0.116646 -0.024754 0.992865
vn -0.096787 -0.121740 0.987832
vn -0.047196 -0.164152 0.985305
vn 0.132290 -0.030135 0.990753
vn 0.125517 -0.028371 0.991686
vn -0.063540 -0.147258 0.987055
vn -0.032796 -0.184678 0.982252
vn 0.136033 -0.033462 0.990139
vn -0.014052 -0.209159 0.977781
vn 0.141457 -0.035897 0.989293
vn -0.003158 -0.232651 0.972555
vn 0.152649 -0.029114 0.987851
vn -0.005672 -0.248791 0.968541
vn 0.159210 -0.021775 0.987005
vn 0.006484 -0.254615 0.967021
vn 0.156316 -0.022846 0.987443
vn 0.040468 -0.255893 0.965858
vn 0.156661 -0.024200 0.987356
vn 0.075894 -0.256891 0.963456
vn 0.163494 -0.019980 0.986342
vn 0.104996 -0.257485 0.960561
vn 0.168042 -0.016282 0.985645
vn 0.126327 -0.257762 0.957914
vn 0.170917 -0.012472 0.985207
vn 0.138719 -0.257884 0.956166
vn 0.172331 -0.009226 0.984996
vn 0.148167 -0.257941 0.954732
vn 0.172543 -0.010081 0.984950
vn 0.159975 -0.258001 0.952808
vn 0.172965 -0.011320 0.984863
vn 0.173851 -0.257997 0.950375
vn 0.173695 -0.012843 0.984716
vn 0.189515 -0.257949 0.947389
vn 0.174819 -0.014887 0.984488
vn 0.208430 -0.257781 0.943454
vn 0.176888 -0.018715 0.984053
vn 0.232159 -0.257453 0.937988
vn 0.180539 -0.023348 0.983291
vn 0.256866 -0.256928 0.931669
vn 0.183831 -0.025342 0.982631
vn 0.277167 -0.256383 0.925984
vn 0.186642 -0.027146 0.982053
vn 0.297974 -0.255679 0.919696
vn 0.193444 -0.033250 0.980548
vn 0.327916 -0.254471 0.909789
vn 0.204196 -0.040287 0.978101
vn 0.358972 -0.252916 0.898428
vn 0.207726 -0.040991 0.977328
vn 0.372007 -0.252188 0.893315
vn 0.205877 -0.039349 0.977787
vn 0.938027 -0.305371 -0.163873
vn 0.941407 -0.199741 0.271767
vn 0.922975 -0.064106 0.379483
vn 0.888987 0.426279 0.167297
vn 0.457868 0.018486 0.888828
vn 0.697803 0.624795 -0.350289
vn 0.454693 0.427678 -0.781246
vn 0.407646 0.322667 -0.854231
vn 0.804796 0.005177 0.593529
vn 0.059507 0.108057 -0.992362
vn 0.028908 0.031453 -0.999087
vn 0.082638 0.174257 -0.981227
vn -0.260351 -0.003914 -0.965506
vn -0.513259 -0.024162 -0.857893
vn -0.982441 -0.069281 0.173231
vn -0.982441 -0.069282 0.173231
vn -0.982441 -0.069281 0.173231
vn 0.132975 0.000237 0.991119
vn -0.102355 -0.018553 0.994575
vn 0.375129 0.034241 0.926340
vn 0.396464 0.111151 0.911297
vn 0.392529 0.154389 0.906689
vn 0.670685 0.470910 -0.573083
vn 0.063177 0.013586 -0.997910
vn 0.731826 0.428930 0.529576
vn -0.683170 -0.723999 0.095416
vn -0.754928 -0.587782 0.290853
vn -0.878995 0.076555 0.470646
vn -0.171303 0.812468 -0.557271
vn -0.370719 0.438894 -0.818498
vn -0.703185 0.688987 0.175577
vn -0.673409 0.730040 -0.116454
vn -0.271863 0.265783 0.924905
vn -0.520824 0.179077 0.834670
vn -0.197870 0.312315 -0.929143
vn -0.259502 0.252645 -0.932110
vn -0.276237 0.271262 -0.922014
vn -0.217919 0.335917 -0.916336
vn -0.290483 0.267568 -0.918709
vn -0.226028 0.345444 -0.910813
vn 0.366575 -0.359416 -0.858162
vn 0.184893 -0.316066 -0.930547
vn 0.020563 -0.040833 -0.998954
vn -0.018276 0.097165 -0.995100
vn 0.675788 -0.727401 -0.119160
vn 0.675782 -0.727406 -0.119158
vn 0.675784 -0.727405 -0.119159
vn 0.307393 -0.015538 0.951456
vn 0.060093 0.236317 0.969816
vn 0.426094 -0.248517 0.869875
vn 0.561460 -0.296435 0.772586
vn 0.259725 0.105841 0.959865
vn 0.103306 0.281469 0.953993
vn 0.042442 0.254070 0.966254
vn 0.030137 0.252341 0.967169
vn 0.082587 0.303127 0.949365
vn 0.074044 0.311946 0.947210
vn -0.715277 0.697913 0.035999
vn -0.525180 0.229500 -0.819460
vn -0.074839 0.408751 0.909572
vn -0.066335 0.448412 0.891362
vn -0.282391 0.614991 0.736234
vn -0.695685 0.154940 -0.701438
vn 0.841490 -0.519499 -0.148378
vn 0.675786 -0.727402 -0.119159
vn 0.675782 -0.727406 -0.119159
vn 0.841488 -0.519502 -0.148377
vn 0.632357 -0.766610 -0.111501
vn 0.632358 -0.766610 -0.111502
vn 0.613742 -0.782055 -0.108219
vn 0.613742 -0.782055 -0.108219
vn 0.551191 -0.828699 -0.097189
vn 0.551191 -0.828699 -0.097190
vn 0.467801 -0.879976 -0.082486
vn 0.467801 -0.879976 -0.082486
vn 0.401572 -0.913086 -0.070808
vn 0.401572 -0.913086 -0.070808
vn 0.337105 -0.939589 -0.059441
vn 0.337105 -0.939589 -0.059441
vn 0.251093 -0.966950 -0.044274
vn 0.251093 -0.966950 -0.044274
vn 0.160333 -0.986658 -0.028271
vn 0.160333 -0.986658 -0.028271
vn 0.085853 -0.996193 -0.015138
vn 0.085853 -0.996193 -0.015138
vn 0.024007 -0.999703 -0.004233
vn 0.024007 -0.999703 -0.004233
vn -0.030652 -0.999516 0.005405
vn -0.030652 -0.999516 0.005405
vn -0.076606 -0.996970 0.013508
vn -0.076606 -0.996970 0.013508
vn -0.112729 -0.993427 0.019877
vn -0.112729 -0.993427 0.019877
vn -0.161364 -0.986485 0.028453
vn -0.161364 -0.986485 0.028453
vn -0.242476 -0.969215 0.042755
vn -0.242476 -0.969215 0.042755
vn -0.345253 -0.936533 0.060878
vn -0.345253 -0.936533 0.060878
vn -0.455861 -0.886414 0.080381
vn -0.455861 -0.886414 0.080381
vn -0.536217 -0.838768 0.094549
vn -0.536217 -0.838768 0.094550
vn -0.564093 -0.819699 0.099465
vn -0.564093 -0.819699 0.099465
vn -0.589755 -0.800859 0.103989
vn -0.589755 -0.800859 0.103990
vn -0.657486 -0.744495 0.115932
vn -0.657486 -0.744495 0.115933
vn -0.733236 -0.667570 0.129289
vn -0.733236 -0.667570 0.129289
vn -0.789961 -0.597126 0.139291
vn -0.789961 -0.597126 0.139291
vn -0.838913 -0.523779 0.147923
vn -0.876338 -0.456241 0.154522
vn -0.838912 -0.523779 0.147923
vn -0.876338 -0.456240 0.154522
vn -0.898645 -0.409059 0.158455
vn -0.910367 -0.381399 0.160522
vn -0.898645 -0.409060 0.158455
vn -0.910367 -0.381399 0.160523
vn -0.919019 -0.359367 0.162048
vn -0.931494 -0.324565 0.164247
vn -0.919019 -0.359366 0.162048
vn -0.931494 -0.324564 0.164247
vn -0.947539 -0.272498 0.167077
vn -0.964083 -0.204072 0.169994
vn -0.947539 -0.272497 0.167076
vn -0.964083 -0.204073 0.169992
vn -0.975181 -0.139479 0.171951
vn -0.980332 -0.095232 0.172859
vn -0.975181 -0.139480 0.171950
vn -0.980332 -0.095232 0.172859
vn -0.982441 -0.069281 0.173231
vn -0.982997 -0.060624 0.173328
vn -0.982441 -0.069283 0.173231
vn -0.982997 -0.060617 0.173330
vn -0.970849 0.167770 0.171187
vn -0.661966 0.740390 0.116723
vn -0.970854 0.167742 0.171188
vn -0.661995 0.740363 0.116726
vn -0.073843 0.997185 0.013020
vn -0.073841 0.997185 0.013020
vn 0.164567 0.985939 -0.029018
vn 0.164567 0.985939 -0.029018
vn 0.213372 0.976246 -0.037623
vn 0.213372 0.976246 -0.037623
vn 0.245740 0.968367 -0.043330
vn 0.245740 0.968367 -0.043331
vn 0.576664 0.810629 -0.101681
vn 0.863285 0.467789 -0.189506
vn 0.965451 0.183208 -0.185310
vn 0.576663 0.810630 -0.101681
vn 0.748802 -0.574198 -0.331048
vn 0.337646 -0.936873 -0.090908
vn 0.294412 -0.859317 -0.418206
vn -0.239759 -0.970460 -0.026908
vn 0.570804 -0.471384 -0.672294
vn 0.353558 -0.836365 -0.418917
vn 0.713600 -0.052443 -0.698587
vn 0.786748 -0.185073 -0.588877
vn 0.731804 0.049663 -0.679703
vn 0.815226 0.052428 -0.576765
vn 0.736746 0.098364 -0.668977
vn 0.816768 0.105084 -0.567316
vn 0.737935 0.119581 -0.664193
vn 0.816406 0.127965 -0.563122
vn 0.737979 0.158403 -0.655969
vn 0.814626 0.168276 -0.555038
vn 0.733283 0.238208 -0.636830
vn 0.804836 0.251701 -0.537481
vn 0.724205 0.306088 -0.617930
vn 0.790221 0.323199 -0.520665
vn 0.718409 0.335568 -0.609330
vn 0.781918 0.354184 -0.512988
vn 0.711882 0.361209 -0.602289
vn 0.773819 0.380454 -0.506417
vn 0.698317 0.405236 -0.590032
vn 0.757418 0.425655 -0.495112
vn 0.676272 0.462944 -0.573009
vn 0.731487 0.484734 -0.479540
vn 0.648689 0.521476 -0.554316
vn 0.699626 0.544574 -0.462560
vn 0.613685 0.581524 -0.534060
vn 0.660543 0.605432 -0.443998
vn 0.561387 0.653436 -0.507805
vn 0.603391 0.677931 -0.419916
vn 0.507736 0.713157 -0.483334
vn 0.544785 0.738296 -0.397653
vn 0.474535 0.744108 -0.470233
vn 0.508917 0.769597 -0.385647
vn 0.436323 0.774029 -0.458804
vn 0.469005 0.799860 -0.374510
vn 0.359211 0.823585 -0.438948
vn 0.388829 0.850196 -0.354935
vn 0.258522 0.872572 -0.414469
vn 0.284056 0.899802 -0.331163
vn 0.164041 0.904759 -0.393068
vn 0.186036 0.932282 -0.310228
vn 0.088904 0.921762 -0.377426
vn 0.108202 0.949403 -0.294833
vn 0.043534 0.928356 -0.369134
vn 0.061286 0.956089 -0.286596
vn 0.009498 0.931121 -0.364587
vn 0.026194 0.959201 -0.281507
vn -0.034028 0.932215 -0.360301
vn -0.018651 0.960903 -0.276257
vn -0.085905 0.930225 -0.356795
vn -0.072097 0.959784 -0.271323
vn -0.144535 0.923821 -0.354491
vn -0.132574 0.954509 -0.267090
vn -0.214769 0.910403 -0.353612
vn -0.205331 0.942572 -0.263434
vn -0.299460 0.885930 -0.354192
vn -0.293393 0.919855 -0.260359
vn -0.378672 0.854393 -0.355839
vn -0.375831 0.889859 -0.258655
vn -0.437161 0.824829 -0.358535
vn -0.437118 0.861409 -0.258655
vn -0.496066 0.788434 -0.363717
vn -0.500018 0.825972 -0.260291
vn -0.568421 0.733720 -0.372225
vn -0.577875 0.772203 -0.264127
vn -0.635872 0.676971 -0.370644
vn -0.684399 0.678680 -0.266442
vn -0.763295 0.581904 -0.280655
vn -0.959603 0.194953 -0.202867
vn -0.993365 0.100859 -0.055267
vn -0.823325 -0.564530 -0.058661
vn -0.971296 -0.200953 0.127290
vn -0.745326 -0.661580 0.082470
vn -0.674624 0.728513 0.118954
vn -0.798422 0.591937 0.110149
vn 0.139999 0.989844 -0.024685
vn 0.140003 0.989843 -0.024686
vn 0.565884 0.818424 -0.099781
vn 0.589656 0.800934 -0.103972
vn 0.589655 0.800935 -0.103972
vn 0.565884 0.818425 -0.099781
vn 0.652107 0.749356 -0.114984
vn 0.652107 0.749356 -0.114984
vn 0.959085 0.227060 -0.169113
vn 0.959085 0.227061 -0.169113
vn 0.587635 -0.777372 -0.224449
vn 0.607771 -0.761371 -0.225673
vn 0.522740 -0.823681 -0.219758
vn 0.495358 -0.799511 -0.339711
vn 0.557694 -0.758257 -0.337675
vn 0.574878 -0.745727 -0.336759
vn 0.649598 -0.725436 -0.227519
vn 0.810117 -0.491683 -0.319310
vn 0.625476 -0.699753 -0.345146
vn 0.734999 -0.500399 -0.457578
vn 0.866800 0.266927 -0.421198
vn 0.538877 0.762529 -0.357996
vn 0.793763 0.108319 -0.598504
vn 0.385787 0.720081 -0.576760
vn 0.474863 0.811478 -0.340601
vn 0.463658 0.830213 -0.309464
vn 0.325402 0.765986 -0.554417
vn 0.302250 0.781956 -0.545151
vn -0.547663 0.832212 0.086537
vn -0.809087 0.221444 0.544372
vn 0.037854 0.976224 -0.213433
vn -0.582614 0.495683 0.644096
vn -0.394065 0.583336 0.710234
vn -0.349950 0.593332 0.724909
vn -0.302522 0.634804 0.710988
vn -0.242536 0.675860 0.695981
vn -0.194767 0.702401 0.684615
vn -0.146828 0.726281 0.671534
vn -0.082365 0.751924 0.654084
vn -0.014387 0.770702 0.637034
vn 0.041891 0.780990 0.623137
vn 0.089191 0.786355 0.611303
vn 0.131356 0.788236 0.601190
vn 0.167066 0.787528 0.593201
vn 0.195319 0.785361 0.587417
vn 0.233066 0.781869 0.578239
vn 0.296365 0.770413 0.564475
vn 0.377171 0.746986 0.547498
vn 0.464914 0.710527 0.528211
vn 0.534984 0.670797 0.513638
vn 0.565333 0.628006 0.534796
vn 0.575981 0.563755 0.591968
vn 0.602697 0.492666 0.627724
vn 0.635398 0.430083 0.641325
vn 0.660633 0.384015 0.645055
vn 0.682243 0.340764 0.646857
vn 0.698989 0.297126 0.650484
vn 0.709011 0.263580 0.654086
vn 0.713328 0.243458 0.657185
vn 0.720192 0.224125 0.656576
vn 0.732820 0.178305 0.656645
vn 0.738952 0.118809 0.663200
vn 0.737833 0.087630 0.669271
vn 0.740112 0.073676 0.668436
vn 0.751557 0.043620 0.658225
vn 0.798424 0.002988 0.602088
vn 0.929518 -0.057165 0.364319
vn 0.997524 -0.068782 0.014683
vn 0.983175 0.076264 -0.165987
vn 0.983114 0.055325 -0.174430
vn 0.965390 0.170412 -0.197439
vn 0.818891 0.543247 -0.185202
vn 0.573008 0.800686 -0.174827
vn 0.818565 0.525089 -0.232880
vn 0.567469 0.788928 -0.235736
vn 0.217512 0.967860 -0.126236
vn 0.168689 0.977664 -0.125365
vn 0.249430 0.961634 -0.114216
vn 0.252349 0.945171 -0.207296
vn 0.217074 0.952280 -0.214573
vn 0.169138 0.960880 -0.219323
vn -0.080188 0.992473 -0.092558
vn -0.685772 0.727550 -0.019681
vn -0.101043 0.973247 -0.206348
vn -0.643496 0.730337 -0.229174
vn -0.990995 -0.057145 -0.121094
vn -0.997860 -0.059616 0.026864
vn -0.986441 0.161377 0.029863
vn -0.972065 0.181978 -0.148237
vn -0.990865 -0.090248 -0.100206
vn -0.994802 -0.094898 0.036915
vn -0.997107 -0.068542 0.032854
vn -0.991865 -0.065566 -0.109111
vn -0.975648 -0.192806 -0.104582
vn -0.978598 -0.203043 0.033455
vn -0.989666 -0.139006 0.035184
vn -0.985944 -0.131860 -0.102603
vn -0.945966 -0.311763 -0.089174
vn -0.945683 -0.322872 0.037918
vn -0.961897 -0.271022 0.036063
vn -0.960872 -0.259680 -0.096389
vn -0.924828 -0.367894 -0.096677
vn -0.924996 -0.378620 0.032090
vn -0.933383 -0.357129 0.035426
vn -0.933620 -0.346368 -0.091554
vn -0.892067 -0.437365 -0.113703
vn -0.891157 -0.453236 0.020403
vn -0.913273 -0.406397 0.027823
vn -0.913660 -0.393237 -0.102906
vn -0.808474 -0.571100 -0.142176
vn -0.805836 -0.592137 -0.001478
vn -0.854125 -0.519981 0.009461
vn -0.856011 -0.500575 -0.129108
vn -0.749495 -0.661927 -0.010506
vn -0.673867 -0.738538 -0.021554
vn -0.754768 -0.638710 -0.149586
vn -0.683191 -0.713025 -0.157626
vn -0.606916 -0.794259 -0.028377
vn -0.581602 -0.813037 -0.026657
vn -0.616904 -0.770792 -0.159088
vn -0.590278 -0.792787 -0.151858
vn -0.552730 -0.832759 -0.031650
vn -0.472651 -0.879691 -0.052397
vn -0.565330 -0.809981 -0.155989
vn -0.490363 -0.852189 -0.182532
vn -0.364523 -0.927878 -0.078523
vn -0.264060 -0.959215 -0.100891
vn -0.383529 -0.897958 -0.215817
vn -0.284413 -0.927493 -0.242624
vn -0.184769 -0.975734 -0.117492
vn -0.137181 -0.982357 -0.127103
vn -0.206164 -0.942979 -0.261317
vn -0.159273 -0.949157 -0.271539
vn -0.101548 -0.985790 -0.133814
vn -0.056229 -0.988256 -0.142088
vn -0.124868 -0.952262 -0.278578
vn -0.080940 -0.954499 -0.287021
vn -0.002316 -0.988445 -0.151564
vn 0.058740 -0.985076 -0.161789
vn -0.028477 -0.954664 -0.296320
vn 0.031164 -0.951567 -0.305859
vn 0.132317 -0.975940 -0.173299
vn 0.222165 -0.957046 -0.186293
vn 0.103624 -0.943096 -0.315962
vn 0.192808 -0.925458 -0.326116
vn 0.308048 -0.930598 -0.197722
vn 0.372841 -0.904857 -0.205483
vn 0.277310 -0.901104 -0.333333
vn 0.341014 -0.877526 -0.337132
vn 0.438908 -0.873086 -0.212321
vn 0.408964 -0.847056 -0.339479
vn 0.655221 -0.730355 0.193046
vn 0.651539 -0.757492 0.041263
vn 0.690557 -0.722759 0.027395
vn 0.705988 -0.685103 0.179488
vn 0.872055 -0.483527 0.075645
vn 0.828427 -0.485669 0.278987
vn 0.583587 -0.779806 0.226559
vn 0.569421 -0.819293 0.067220
vn 0.631990 -0.773508 0.047682
vn 0.640142 -0.741641 0.200466
vn 0.439635 -0.852534 0.282677
vn 0.425002 -0.898728 0.107983
vn 0.488782 -0.867681 0.090678
vn 0.503281 -0.824241 0.259489
vn 0.300619 -0.896401 0.325718
vn 0.277990 -0.949883 0.142982
vn 0.361912 -0.923977 0.123637
vn 0.380128 -0.874138 0.302300
vn 0.146448 -0.920220 0.362972
vn 0.117655 -0.977210 0.176688
vn 0.190006 -0.968315 0.162063
vn 0.215821 -0.912512 0.347480
vn 0.038198 -0.922881 0.383187
vn 0.003919 -0.980296 0.197495
vn 0.057346 -0.980491 0.188012
vn 0.089019 -0.923032 0.374283
vn -0.038252 -0.918038 0.394643
vn -0.076623 -0.974504 0.210880
vn -0.041119 -0.977873 0.205117
vn -0.004588 -0.920852 0.389884
vn -0.162730 -0.898263 0.408218
vn -0.203843 -0.951998 0.228358
vn -0.124250 -0.968085 0.217656
vn -0.084592 -0.912414 0.400430
vn -0.374086 -0.828793 0.416128
vn -0.415465 -0.874272 0.251073
vn -0.305296 -0.921402 0.240442
vn -0.263289 -0.871139 0.414482
vn -0.476187 -0.773508 0.418248
vn -0.527087 -0.808200 0.262662
vn -0.498129 -0.828014 0.257412
vn -0.452699 -0.789945 0.413582
vn -0.556632 -0.691978 0.459703
vn -0.613575 -0.733770 0.291732
vn -0.549362 -0.789276 0.274309
vn -0.496845 -0.750000 0.436629
vn -0.674416 -0.553536 0.488632
vn -0.743334 -0.588115 0.318709
vn -0.687764 -0.657483 0.307730
vn -0.623488 -0.619334 0.477167
vn -0.792360 -0.516689 0.324342
vn -0.831216 -0.450541 0.325719
vn -0.723134 -0.485374 0.491415
vn -0.762905 -0.424880 0.487291
vn -0.854859 -0.404064 0.325497
vn -0.867578 -0.376406 0.325003
vn -0.787576 -0.382626 0.483034
vn -0.800603 -0.358489 0.480125
vn -0.876750 -0.355180 0.324279
vn -0.889104 -0.321235 0.326040
vn -0.811192 -0.337575 0.477504
vn -0.823483 -0.303638 0.479250
vn -0.903019 -0.269639 0.334441
vn -0.917038 -0.202007 0.343853
vn -0.832649 -0.252214 0.493035
vn -0.840947 -0.186624 0.507917
vn -0.927956 -0.138321 0.346070
vn -0.933459 -0.094423 0.346034
vn -0.850925 -0.127573 0.509561
vn -0.856521 -0.087385 0.508660
vn -0.933628 -0.068100 0.351711
vn -0.931453 -0.059149 0.359021
vn -0.852378 -0.063529 0.519052
vn -0.844848 -0.055356 0.532135
vn -0.923102 0.159018 0.350138
vn -0.625936 0.721339 0.296436
vn -0.813238 0.184773 0.551817
vn -0.480023 0.704478 0.522770
vn 0.255716 0.944968 0.204070
vn 0.213010 0.973020 0.088649
vn -0.033960 0.988622 0.146536
vn -0.008921 0.956446 0.291774
vn 0.325763 0.932729 0.154583
vn 0.281971 0.958482 0.042485
vn 0.258316 0.963483 0.070525
vn 0.298161 0.937472 0.179570
vn 0.980898 0.097670 -0.168227
vn 0.832049 0.546583 -0.094560
vn 0.603870 0.797007 -0.011015
vn 0.718350 -0.044469 -0.694259
vn 0.937351 -0.040624 -0.346009
vn 0.439379 0.040810 -0.897374
vn 0.496143 0.002242 -0.868238
vn 0.424905 0.082373 -0.901482
vn 0.427124 0.069252 -0.901537
vn 0.427231 0.169192 -0.888171
vn 0.429261 0.112372 -0.896163
vn 0.409632 0.230439 -0.882666
vn 0.416038 0.212345 -0.884207
vn 0.400090 0.281980 -0.872018
vn 0.407287 0.249807 -0.878472
vn 0.368401 0.365003 -0.855017
vn 0.386853 0.323780 -0.863430
vn 0.321827 0.468951 -0.822504
vn 0.347367 0.409339 -0.843669
vn 0.315765 0.595128 -0.738996
vn 0.307126 0.534287 -0.787535
vn 0.229574 0.675496 -0.700715
vn 0.296630 0.637430 -0.711121
vn 0.067281 0.731831 -0.678157
vn 0.144941 0.709862 -0.689267
vn -0.030444 0.745032 -0.666334
vn 0.006275 0.742242 -0.670103
vn -0.091751 0.747813 -0.657539
vn -0.057423 0.747141 -0.662180
vn -0.178398 0.740680 -0.647740
vn -0.132517 0.745928 -0.652711
vn -0.298741 0.712879 -0.634474
vn -0.232857 0.730856 -0.641582
vn -0.408450 0.664791 -0.625477
vn -0.361685 0.687911 -0.629255
vn -0.512334 0.601090 -0.613355
vn -0.454371 0.639866 -0.619773
vn -0.593375 0.553185 -0.584716
vn -0.558729 0.561142 -0.610689
vn -0.926135 0.223827 -0.303603
vn -0.741892 0.482920 -0.465171
vn 0.060080 0.892240 0.447547
vn 0.100847 0.967550 0.231683
vn -0.524231 0.842112 0.126610
vn -0.773613 0.632874 -0.031510
vn 0.508275 0.681559 0.526435
vn 0.616056 0.757483 0.216087
vn 0.549914 0.805656 0.220258
vn 0.448166 0.724958 0.523052
vn 0.529788 0.825943 0.192723
vn 0.425529 0.739856 0.521093
vn 0.949059 0.270396 0.161777
vn 0.914196 0.071575 0.398902
f 1/1/1 2/2/2 3/3/3
f 1/1/1 3/3/3 4/4/4
f 2/2/2 5/5/5 6/6/6
f 2/2/2 6/6/6 3/3/3
f 3/3/3 6/6/6 7/7/7
f 3/3/3 7/7/7 8/8/8
f 4/4/4 3/3/3 8/8/8
f 4/4/4 8/8/8 9/9/9
f 10/10/10 11/11/11 12/12/12
f 10/10/10 12/12/12 13/13/13
f 11/11/11 14/14/14 15/15/15
f 11/11/11 15/15/15 12/12/12
f 12/12/12 15/15/15 16/16/16
f 12/12/12 16/16/16 17/17/17
f 13/13/13 12/12/12 17/17/17
f 13/13/13 17/17/17 18/18/18
f 19/19/19 20/20/20 21/21/21
f 19/19/19 21/21/21 22/22/22
f 20/20/20 23/23/23 24/24/24
f 20/20/20 24/24/24 21/21/21
f 21/21/21 24/24/24 25/25/25
f 21/21/21 25/25/25 26/26/26
f 22/22/22 21/21/21 26/26/26
f 22/22/22 26/26/26 27/27/27
f 28/28/28 29/29/29 30/30/30
f 28/28/28 30/30/30 31/31/31
f 29/29/29 32/32/32 33/33/33
f 29/29/29 33/33/33 30/30/30
f 30/30/30 33/33/33 34/34/34
f 30/30/30 34/34/34 35/35/35
f 31/31/31 30/30/30 35/35/35
f 31/31/31 35/35/35 36/36/36
f 37/37/37 38/38/38 39/39/39
f 37/37/37 39/39/39 40/40/40
f 38/38/38 41/41/41 42/42/42
f 38/38/38 42/42/42 39/39/39
f 39/39/39 42/42/42 43/43/43
f 39/39/39 43/43/43 44/44/44
f 40/40/40 39/39/39 44/44/44
f 40/40/40 44/44/44 45/45/45
f 46/46/46 47/47/47 48/48/48
f 46/46/46 48/48/48 49/49/49
f 47/47/47 50/50/50 51/51/51
f 47/47/47 51/51/51 48/48/48
f 48/48/48 51/51/51 52/52/52
f 48/48/48 52/52/52 53/53/53
f 49/49/49 48/48/48 53/53/53
f 49/49/49 53/53/53 54/54/54
f 55/55/55 56/56/56 57/57/57
f 55/55/55 57/57/57 58/58/58
f 56/56/56 59/59/59 60/60/60
f 56/56/56 60/60/60 57/57/57
f 57/57/57 60/60/60 61/61/61
f 57/57/57 61/61/61 62/62/62
f 58/58/58 57/57/57 62/62/62
f 58/58/58 62/62/62 63/63/63
f 64/64/64 65/65/65 66/66/66
f 64/64/64 66/66/66 67/67/67
f 65/65/65 68/68/68 69/69/69
f 65/65/65 69/69/69 66/66/66
f 66/66/66 69/69/69 70/70/70
f 66/66/66 70/70/70 71/71/71
f 67/67/67 66/66/66 71/71/71
f 67/67/67 71/71/71 72/72/72
f 73/73/73 74/74/74 75/75/75
f 73/73/73 75/75/75 76/76/76
f 74/74/74 77/77/77 78/78/78
f 74/74/74 78/78/78 75/75/75
f 75/75/75 78/78/78 79/79/79
f 75/75/75 79/79/79 80/80/80
f 76/76/76 75/75/75 80/80/80
f 76/76/76 80/80/80 81/81/81
f 82/82/82 83/83/83 84/84/84
f 82/82/82 84/84/84 85/85/85
f 83/83/83 86/86/86 87/87/87
f 83/83/83 87/87/87 84/84/84
f 84/84/84 87/87/87 88/88/88
f 84/84/84 88/88/88 89/89/89
f 85/85/85 84/84/84 89/89/89
f 85/85/85 89/89/89 90/90/90
f 91/91/91 92/92/92 93/93/93
f 91/91/91 93/93/93 94/94/94
f 92/92/92 55/55/55 58/58/58
f 92/92/92 58/58/58 93/93/93
f 93/93/93 58/58/58 63/63/63
f 93/93/93 63/63/63 95/95/95
f 94/94/94 93/93/93 95/95/95
f 94/94/94 95/95/95 96/96/96
f 97/97/97 98/98/98 99/99/99
f 97/97/97 99/99/99 100/100/100
f 98/98/98 64/64/64 67/67/67
f 98/98/98 67/67/67 99/99/99
f 99/99/99 67/67/67 72/72/72
f 99/99/99 72/72/72 101/101/101
f 100/100/100 99/99/99 101/101/101
f 100/100/100 101/101/101 102/102/102
f 79/79/79 103/103/103 104/104/104
f 79/79/79 104/104/104 80/80/80
f 103/103/103 105/105/105 106/106/106
f 103/103/103 106/106/106 104/104/104
f 104/104/104 106/106/106 107/107/107
f 104/104/104 107/107/107 108/108/108
f 80/80/80 104/104/104 108/108/108
f 80/80/80 108/108/108 81/81/81
f 86/86/86 109/109/109 110/110/110
f 86/86/86 110/110/110 87/87/87
f 109/109/109 111/111/111 112/112/112
f 109/109/109 112/112/112 110/110/110
f 110/110/110 112/112/112 113/113/113
f 110/110/110 113/113/113 114/114/114
f 87/87/87 110/110/110 114/114/114
f 87/87/87 114/114/114 88/88/88
f 115/115/115 116/116/116 117/117/117
f 115/115/115 117/117/117 118/118/118
f 116/116/116 91/91/91 94/94/94
f 116/116/116 94/94/94 117/117/117
f 117/117/117 94/94/94 96/96/96
f 117/117/117 96/96/96 119/119/119
f 118/118/118 117/117/117 119/119/119
f 118/118/118 119/119/119 120/120/120
f 121/121/121 122/122/122 123/123/123
f 121/121/121 123/123/123 124/124/124
f 122/122/122 97/97/97 100/100/100
f 122/122/122 100/100/100 123/123/123
f 123/123/123 100/100/100 102/102/102
f 123/123/123 102/102/102 125/125/125
f 124/124/124 123/123/123 125/125/125
f 124/124/124 125/125/125 126/126/126
f 105/105/105 127/127/127 128/128/128
f 105/105/105 128/128/128 106/106/106
f 127/127/127 129/129/129 130/130/130
f 127/127/127 130/130/130 128/128/128
f 128/128/128 130/130/130 131/131/131
f 128/128/128 131/131/131 132/132/132
f 106/106/106 128/128/128 132/132/132
f 106/106/106 132/132/132 107/107/107
f 111/111/111 133/133/133 134/134/134
f 111/111/111 134/134/134 112/112/112
f 133/133/133 135/135/135 136/136/136
f 133/133/133 136/136/136 134/134/134
f 134/134/134 136/136/136 137/137/137
f 134/134/134 137/137/137 138/138/138
f 112/112/112 134/134/134 138/138/138
f 112/112/112 138/138/138 113/113/113
f 139/139/139 140/140/140 141/141/141
f 139/139/139 141/141/141 142/142/142
f 140/140/140 115/115/115 118/118/118
f 140/140/140 118/118/118 141/141/141
f 141/141/141 118/118/118 120/120/120
f 141/141/141 120/120/120 143/143/143
f 142/142/142 141/141/141 143/143/143
f 142/142/142 143/143/143 144/144/144
f 145/145/145 146/146/146 147/147/147
f 145/145/145 147/147/147 148/148/148
f 146/146/146 121/121/121 124/124/124
f 146/146/146 124/124/124 147/147/147
f 147/147/147 124/124/124 126/126/126
f 147/147/147 126/126/126 149/149/149
f 148/148/148 147/147/147 149/149/149
f 148/148/148 149/149/149 150/150/150
f 129/129/129 151/151/151 152/152/152
f 129/129/129 152/152/152 130/130/130
f 151/151/151 153/153/153 154/154/154
f 151/151/151 154/154/154 152/152/152
f 152/152/152 154/154/154 155/155/155
f 152/152/152 155/155/155 156/156/156
f 130/130/130 152/152/152 156/156/156
f 130/130/130 156/156/156 131/131/131
f 135/135/135 157/157/157 158/158/158
f 135/135/135 158/158/158 136/136/136
f 157/157/157 159/159/159 160/160/160
f 157/157/157 160/160/160 158/158/158
f 158/158/158 160/160/160 161/161/161
f 158/158/158 161/161/161 162/162/162
f 136/136/136 158/158/158 162/162/162
f 136/136/136 162/162/162 137/137/137
f 163/163/163 164/164/164 165/165/165
f 163/163/163 165/165/165 166/166/166
f 164/164/164 139/139/139 142/142/142
f 164/164/164 142/142/142 165/165/165
f 165/165/165 142/142/142 144/144/144
f 165/165/165 144/144/144 167/167/167
f 166/166/166 165/165/165 167/167/167
f 166/166/166 167/167/167 168/168/168
f 169/169/169 170/170/170 171/171/171
f 169/169/169 171/171/171 172/172/172
f 170/170/170 145/145/145 148/148/148
f 170/170/170 148/148/148 171/171/171
f 171/171/171 148/148/148 150/150/150
f 171/171/171 150/150/150 173/173/173
f 172/172/172 171/171/171 173/173/173
f 172/172/172 173/173/173 174/174/174
f 153/153/153 175/175/175 176/176/176
f 153/153/153 176/176/176 154/154/154
f 175/175/175 177/177/177 178/178/178
f 175/175/175 178/178/178 176/176/176
f 176/176/176 178/178/178 179/179/179
f 176/176/176 179/179/179 180/180/180
f 154/154/154 176/176/176 180/180/180
f 154/154/154 180/180/180 155/155/155
f 159/159/159 181/181/181 182/182/182
f 159/159/159 182/182/182 160/160/160
f 181/181/181 183/183/183 184/184/184
f 181/181/181 184/184/184 182/182/182
f 182/182/182 184/184/184 185/185/185
f 182/182/182 185/185/185 186/186/186
f 160/160/160 182/182/182 186/186/186
f 160/160/160 186/186/186 161/161/161
f 187/187/187 188/188/188 189/189/189
f 187/187/187 189/189/189 190/190/190
f 188/188/188 163/163/163 166/166/166
f 188/188/188 166/166/166 189/189/189
f 189/189/189 166/166/166 168/168/168
f 189/189/189 168/168/168 191/191/191
f 190/190/190 189/189/189 191/191/191
f 190/190/190 191/191/191 192/192/192
f 193/193/193 194/194/194 195/195/195
f 193/193/193 195/195/195 196/196/196
f 194/194/194 169/169/169 172/172/172
f 194/194/194 172/172/172 195/195/195
f 195/195/195 172/172/172 174/174/174
f 195/195/195 174/174/174 197/197/197
f 196/196/196 195/195/195 197/197/197
f 196/196/196 197/197/197 198/198/198
f 177/177/177 199/199/199 200/200/200
f 177/177/177 200/200/200 178/178/178
f 199/199/199 201/201/201 202/202/202
f 199/199/199 202/202/202 200/200/200
f 200/200/200 202/202/202 203/203/203
f 200/200/200 203/203/203 204/204/204
f 178/178/178 200/200/200 204/204/204
f 178/178/178 204/204/204 179/179/179
f 183/183/183 205/205/205 206/206/206
f 183/183/183 206/206/206 184/184/184
f 205/205/205 207/207/207 208/208/208
f 205/205/205 208/208/208 206/206/206
f 206/206/206 208/208/208 209/209/209
f 206/206/206 209/209/209 210/210/210
f 184/184/184 206/206/206 210/210/210
f 184/184/184 210/210/210 185/185/185
f 211/211/211 212/212/212 213/213/213
f 211/211/211 213/213/213 214/214/214
f 212/212/212 187/187/187 190/190/190
f 212/212/212 190/190/190 213/213/213
f 213/213/213 190/190/190 192/192/192
f 213/213/213 192/192/192 215/215/215
f 214/214/214 213/213/213 215/215/215
f 214/214/214 215/215/215 216/216/216
f 217/217/217 218/218/218 219/219/219
f 217/217/217 219/219/219 220/220/220
f 218/218/218 193/193/193 196/196/196
f 218/218/218 196/196/196 219/219/219
f 219/219/219 196/196/196 198/198/198
f 219/219/219 198/198/198 221/221/221
f 220/220/220 219/219/219 221/221/221
f 220/220/220 221/221/221 222/222/222
f 201/201/201 223/223/223 224/224/224
f 201/201/201 224/224/224 202/202/202
f 223/223/223 225/225/225 226/226/226
f 223/223/223 226/226/226 224/224/224
f 224/224/224 226/226/226 227/227/227
f 224/224/224 227/227/227 228/228/228
f 202/202/202 224/224/224 228/228/228
f 202/202/202 228/228/228 203/203/203
f 207/207/207 229/229/229 230/230/230
f 207/207/207 230/230/230 208/208/208
f 229/229/229 231/231/231 232/232/232
f 229/229/229 232/232/232 230/230/230
f 230/230/230 232/232/232 233/233/233
f 230/230/230 233/233/233 234/234/234
f 208/208/208 230/230/230 234/234/234
f 208/208/208 234/234/234 209/209/209
f 235/235/235 236/236/236 237/237/237
f 235/235/235 237/237/237 238/238/238
f 236/236/236 211/211/211 214/214/214
f 236/236/236 214/214/214 237/237/237
f 237/237/237 214/214/214 216/216/216
f 237/237/237 216/216/216 239/239/239
f 238/238/238 237/237/237 239/239/239
f 238/238/238 239/239/239 240/240/240
f 241/241/241 242/242/242 243/243/243
f 241/241/241 243/243/243 244/244/244
f 242/242/242 217/217/217 220/220/220
f 242/242/242 220/220/220 243/243/243
f 243/243/243 220/220/220 222/222/222
f 243/243/243 222/222/222 245/245/245
f 244/244/244 243/243/243 245/245/245
f 244/244/244 245/245/245 246/246/246
f 225/225/225 247/247/247 248/248/248
f 225/225/225 248/248/248 226/226/226
f 247/247/247 249/249/249 250/250/250
f 247/247/247 250/250/250 248/248/248
f 248/248/248 250/250/250 251/251/251
f 248/248/248 251/251/251 252/252/252
f 226/226/226 248/248/248 252/252/252
f 226/226/226 252/252/252 227/227/227
f 231/231/231 253/253/253 254/254/254
f 231/231/231 254/254/254 232/232/232
f 253/253/253 255/255/255 256/256/256
f 253/253/253 256/256/256 254/254/254
f 254/254/254 256/256/256 257/257/257
f 254/254/254 257/257/257 258/258/258
f 232/232/232 254/254/254 258/258/258
f 232/232/232 258/258/258 233/233/233
f 259/259/259 260/260/260 261/261/261
f 259/259/259 261/261/261 262/262/262
f 260/260/260 235/235/235 238/238/238
f 260/260/260 238/238/238 261/261/261
f 261/261/261 238/238/238 240/240/240
f 261/261/261 240/240/240 263/263/263
f 262/262/262 261/261/261 263/263/263
f 262/262/262 263/263/263 264/264/264
f 265/265/265 266/266/266 267/267/267
f 265/265/265 267/267/267 268/268/268
f 266/266/266 241/241/241 244/244/244
f 266/266/266 244/244/244 267/267/267
f 267/267/267 244/244/244 246/246/246
f 267/267/267 246/246/246 269/269/269
f 268/268/268 267/267/267 269/269/269
f 268/268/268 269/269/269 270/270/270
f 249/249/249 271/271/271 272/272/272
f 249/249/249 272/272/272 250/250/250
f 271/271/271 273/273/273 274/274/274
f 271/271/271 274/274/274 272/272/272
f 272/272/272 274/274/274 275/275/275
f 272/272/272 275/275/275 276/276/276
f 250/250/250 272/272/272 276/276/276
f 250/250/250 276/276/276 251/251/251
f 255/255/255 277/277/277 278/278/278
f 255/255/255 278/278/278 256/256/256
f 277/277/277 279/279/279 280/280/280
f 277/277/277 280/280/280 278/278/278
f 278/278/278 280/280/280 281/281/281
f 278/278/278 281/281/281 282/282/282
f 256/256/256 278/278/278 282/282/282
f 256/256/256 282/282/282 257/257/257
f 50/50/50 283/283/283 284/284/284
f 50/50/50 284/284/284 51/51/51
f 283/283/283 259/259/259 262/262/262
f 283/283/283 262/262/262 284/284/284
f 284/284/284 262/262/262 264/264/264
f 284/284/284 264/264/264 285/285/285
f 51/51/51 284/284/284 285/285/285
f 51/51/51 285/285/285 52/52/52
f 14/14/14 286/286/286 287/287/287
f 14/14/14 287/287/287 15/15/15
f 286/286/286 265/265/265 268/268/268
f 286/286/286 268/268/268 287/287/287
f 287/287/287 268/268/268 270/270/270
f 287/287/287 270/270/270 288/288/288
f 15/15/15 287/287/287 288/288/288
f 15/15/15 288/288/288 16/16/16
f 273/273/273 289/289/289 290/290/290
f 273/273/273 290/290/290 274/274/274
f 289/289/289 37/37/37 40/40/40
f 289/289/289 40/40/40 290/290/290
f 290/290/290 40/40/40 45/45/45
f 290/290/290 45/45/45 291/291/291
f 274/274/274 290/290/290 291/291/291
f 274/274/274 291/291/291 275/275/275
f 279/279/279 292/292/292 293/293/293
f 279/279/279 293/293/293 280/280/280
f 292/292/292 28/28/28 31/31/31
f 292/292/292 31/31/31 293/293/293
f 293/293/293 31/31/31 36/36/36
f 293/293/293 36/36/36 294/294/294
f 280/280/280 293/293/293 294/294/294
f 280/280/280 294/294/294 281/281/281
f 295/295/295 296/296/296 297/297/297
f 295/295/295 297/297/297 298/298/298
f 296/296/296 10/10/10 13/13/13
f 296/296/296 13/13/13 297/297/297
f 297/297/297 13/13/13 18/18/18
f 297/297/297 18/18/18 299/299/299
f 298/298/298 297/297/297 299/299/299
f 298/298/298 299/299/299 300/300/300
f 43/43/43 42/42/42 301/301/301
f 43/43/43 301/301/301 302/302/302
f 42/42/42 41/41/41 303/303/303
f 42/42/42 303/303/303 301/301/301
f 301/301/301 303/303/303 304/304/304
f 301/301/301 304/304/304 305/305/305
f 302/302/302 301/301/301 305/305/305
f 302/302/302 305/305/305 306/306/306
f 307/307/307 308/308/308 309/309/309
f 307/307/307 309/309/309 310/310/310
f 308/308/308 34/34/34 33/33/33
f 308/308/308 33/33/33 309/309/309
f 309/309/309 33/33/33 32/32/32
f 309/309/309 32/32/32 311/311/311
f 310/310/310 309/309/309 311/311/311
f 310/310/310 311/311/311 312/312/312
f 313/313/313 314/314/314 315/315/315
f 313/313/313 315/315/315 316/316/316
f 314/314/314 46/46/46 49/49/49
f 314/314/314 49/49/49 315/315/315
f 315/315/315 49/49/49 54/54/54
f 315/315/315 54/54/54 317/317/317
f 316/316/316 315/315/315 317/317/317
f 316/316/316 317/317/317 318/318/318
f 319/319/319 320/320/320 321/321/321
f 319/319/319 321/321/321 322/322/322
f 320/320/320 295/295/295 298/298/298
f 320/320/320 298/298/298 321/321/321
f 321/321/321 298/298/298 300/300/300
f 321/321/321 300/300/300 323/323/323
f 322/322/322 321/321/321 323/323/323
f 322/322/322 323/323/323 324/324/324
f 306/306/306 305/305/305 325/325/325
f 306/306/306 325/325/325 326/326/326
f 305/305/305 304/304/304 327/327/327
f 305/305/305 327/327/327 325/325/325
f 325/325/325 327/327/327 328/328/328
f 325/325/325 328/328/328 329/329/329
f 326/326/326 325/325/325 329/329/329
f 326/326/326 329/329/329 330/330/330
f 331/331/331 332/332/332 333/333/333
f 331/331/331 333/333/333 334/334/334
f 332/332/332 307/307/307 310/310/310
f 332/332/332 310/310/310 333/333/333
f 333/333/333 310/310/310 312/312/312
f 333/333/333 312/312/312 335/335/335
f 334/334/334 333/333/333 335/335/335
f 334/334/334 335/335/335 336/336/336
f 337/337/337 338/338/338 339/339/339
f 337/337/337 339/339/339 340/340/340
f 338/338/338 313/313/313 316/316/316
f 338/338/338 316/316/316 339/339/339
f 339/339/339 316/316/316 318/318/318
f 339/339/339 318/318/318 341/341/341
f 340/340/340 339/339/339 341/341/341
f 340/340/340 341/341/341 342/342/342
f 343/343/343 344/344/344 345/345/345
f 343/343/343 345/345/345 346/346/346
f 344/344/344 319/319/319 322/322/322
f 344/344/344 322/322/322 345/345/345
f 345/345/345 322/322/322 324/324/324
f 345/345/345 324/324/324 347/347/347
f 346/346/346 345/345/345 347/347/347
f 346/346/346 347/347/347 348/348/348
f 330/330/330 329/329/329 349/349/349
f 330/330/330 349/349/349 350/350/350
f 329/329/329 328/328/328 351/351/351
f 329/329/329 351/351/351 349/349/349
f 349/349/349 351/351/351 352/352/352
f 349/349/349 352/352/352 353/353/353
f 350/350/350 349/349/349 353/353/353
f 350/350/350 353/353/353 354/354/354
f 355/355/355 356/356/356 357/357/357
f 355/355/355 357/357/357 358/358/358
f 356/356/356 331/331/331 334/334/334
f 356/356/356 334/334/334 357/357/357
f 357/357/357 334/334/334 336/336/336
f 357/357/357 336/336/336 359/359/359
f 358/358/358 357/357/357 359/359/359
f 358/358/358 359/359/359 360/360/360
f 361/361/361 362/362/362 363/363/363
f 361/361/361 363/363/363 364/364/364
f 362/362/362 337/337/337 340/340/340
f 362/362/362 340/340/340 363/363/363
f 363/363/363 340/340/340 342/342/342
f 363/363/363 342/342/342 365/365/365
f 364/364/364 363/363/363 365/365/365
f 364/364/364 365/365/365 366/366/366
f 367/367/367 368/368/368 369/369/369
f 367/367/367 369/369/369 370/370/370
f 368/368/368 343/343/343 346/346/346
f 368/368/368 346/346/346 369/369/369
f 369/369/369 346/346/346 348/348/348
f 369/369/369 348/348/348 371/371/371
f 370/370/370 369/369/369 371/371/371
f 370/370/370 371/371/371 372/372/372
f 354/354/354 353/353/353 373/373/373
f 354/354/354 373/373/373 374/374/374
f 353/353/353 352/352/352 375/375/375
f 353/353/353 375/375/375 373/373/373
f 373/373/373 375/375/375 376/376/376
f 373/373/373 376/376/376 377/377/377
f 374/374/374 373/373/373 377/377/377
f 374/374/374 377/377/377 378/378/378
f 379/379/379 380/380/380 381/381/381
f 379/379/379 381/381/381 382/382/382
f 380/380/380 355/355/355 358/358/358
f 380/380/380 358/358/358 381/381/381
f 381/381/381 358/358/358 360/360/360
f 381/381/381 360/360/360 383/383/383
f 382/382/382 381/381/381 383/383/383
f 382/382/382 383/383/383 384/384/384
f 385/385/385 386/386/386 387/387/387
f 385/385/385 387/387/387 388/388/388
f 386/386/386 361/361/361 364/364/364
f 386/386/386 364/364/364 387/387/387
f 387/387/387 364/364/364 366/366/366
f 387/387/387 366/366/366 389/389/389
f 388/388/388 387/387/387 389/389/389
f 388/388/388 389/389/389 390/390/390
f 391/391/391 392/392/392 393/393/393
f 391/391/391 393/393/393 394/394/394
f 392/392/392 367/367/367 370/370/370
f 392/392/392 370/370/370 393/393/393
f 393/393/393 370/370/370 372/372/372
f 393/393/393 372/372/372 395/395/395
f 394/394/394 393/393/393 395/395/395
f 394/394/394 395/395/395 396/396/396
f 378/378/378 377/377/377 397/397/397
f 378/378/378 397/397/397 398/398/398
f 377/377/377 376/376/376 399/399/399
f 377/377/377 399/399/399 397/397/397
f 397/397/397 399/399/399 400/400/400
f 397/397/397 400/400/400 401/401/401
f 398/398/398 397/397/397 401/401/401
f 398/398/398 401/401/401 402/402/402
f 403/403/403 404/404/404 405/405/405
f 403/403/403 405/405/405 406/406/406
f 404/404/404 379/379/379 382/382/382
f 404/404/404 382/382/382 405/405/405
f 405/405/405 382/382/382 384/384/384
f 405/405/405 384/384/384 407/407/407
f 406/406/406 405/405/405 407/407/407
f 406/406/406 407/407/407 408/408/408
f 409/409/409 410/410/410 411/411/411
f 409/409/409 411/411/411 412/412/412
f 410/410/410 385/385/385 388/388/388
f 410/410/410 388/388/388 411/411/411
f 411/411/411 388/388/388 390/390/390
f 411/411/411 390/390/390 413/413/413
f 412/412/412 411/411/411 413/413/413
f 412/412/412 413/413/413 414/414/414
f 23/23/23 415/415/415 416/416/416
f 23/23/23 416/416/416 24/24/24
f 415/415/415 417/417/417 418/418/418
f 415/415/415 418/418/418 416/416/416
f 416/416/416 418/418/418 419/419/419
f 416/416/416 419/419/419 420/420/420
f 24/24/24 416/416/416 420/420/420
f 24/24/24 420/420/420 25/25/25
f 421/421/421 422/422/422 423/423/423
f 421/421/421 423/423/423 424/424/424
f 422/422/422 425/425/425 426/426/426
f 422/422/422 426/426/426 423/423/423
f 423/423/423 426/426/426 427/427/427
f 423/423/423 427/427/427 428/428/428
f 424/424/424 423/423/423 428/428/428
f 424/424/424 428/428/428 429/429/429
f 430/430/430 431/431/431 432/432/432
f 430/430/430 432/432/432 433/433/433
f 431/431/431 434/434/434 435/435/435
f 431/431/431 435/435/435 432/432/432
f 432/432/432 435/435/435 436/436/436
f 432/432/432 436/436/436 437/437/437
f 433/433/433 432/432/432 437/437/437
f 433/433/433 437/437/437 438/438/438
f 439/439/439 440/440/440 441/441/441
f 439/439/439 441/441/441 442/442/442
f 440/440/440 443/443/443 444/444/444
f 440/440/440 444/444/444 441/441/441
f 441/441/441 444/444/444 445/445/445
f 441/441/441 445/445/445 446/446/446
f 442/442/442 441/441/441 446/446/446
f 442/442/442 446/446/446 447/447/447
f 448/448/448 449/449/449 450/450/450
f 448/448/448 450/450/450 451/451/451
f 449/449/449 452/452/452 453/453/453
f 449/449/449 453/453/453 450/450/450
f 450/450/450 453/453/453 454/454/454
f 450/450/450 454/454/454 455/455/455
f 451/451/451 450/450/450 455/455/455
f 451/451/451 455/455/455 456/456/456
f 457/457/457 458/458/458 459/459/459
f 457/457/457 459/459/459 460/460/460
f 458/458/458 461/461/461 462/462/462
f 458/458/458 462/462/462 459/459/459
f 459/459/459 462/462/462 463/463/463
f 459/459/459 463/463/463 464/464/464
f 460/460/460 459/459/459 464/464/464
f 460/460/460 464/464/464 465/465/465
f 463/463/463 466/466/466 467/467/467
f 463/463/463 467/467/467 464/464/464
f 466/466/466 468/468/468 469/469/469
f 466/466/466 469/469/469 467/467/467
f 467/467/467 469/469/469 470/470/470
f 467/467/467 470/470/470 471/471/471
f 464/464/464 467/467/467 471/471/471
f 464/464/464 471/471/471 465/465/465
f 468/468/468 472/472/472 473/473/473
f 468/468/468 473/473/473 469/469/469
f 472/472/472 474/474/474 475/475/475
f 472/472/472 475/475/475 473/473/473
f 473/473/473 475/475/475 476/476/476
f 473/473/473 476/476/476 477/477/477
f 469/469/469 473/473/473 477/477/477
f 469/469/469 477/477/477 470/470/470
f 474/474/474 478/478/478 479/479/479
f 474/474/474 479/479/479 475/475/475
f 478/478/478 480/480/480 481/481/481
f 478/478/478 481/481/481 479/479/479
f 479/479/479 481/481/481 482/482/482
f 479/479/479 482/482/482 483/483/483
f 475/475/475 479/479/479 483/483/483
f 475/475/475 483/483/483 476/476/476
f 480/480/480 484/484/484 485/485/485
f 480/480/480 485/485/485 481/481/481
f 484/484/484 486/486/486 487/487/487
f 484/484/484 487/487/487 485/485/485
f 485/485/485 487/487/487 488/488/488
f 485/485/485 488/488/488 489/489/489
f 481/481/481 485/485/485 489/489/489
f 481/481/481 489/489/489 482/482/482
f 486/486/486 490/490/490 491/491/491
f 486/486/486 491/491/491 487/487/487
f 490/490/490 492/492/492 493/493/493
f 490/490/490 493/493/493 491/491/491
f 491/491/491 493/493/493 494/494/494
f 491/491/491 494/494/494 495/495/495
f 487/487/487 491/491/491 495/495/495
f 487/487/487 495/495/495 488/488/488
f 492/492/492 496/496/496 497/497/497
f 492/492/492 497/497/497 493/493/493
f 496/496/496 498/498/498 499/499/499
f 496/496/496 499/499/499 497/497/497
f 497/497/497 499/499/499 500/500/500
f 497/497/497 500/500/500 501/501/501
f 493/493/493 497/497/497 501/501/501
f 493/493/493 501/501/501 494/494/494
f 498/498/498 502/502/502 503/503/503
f 498/498/498 503/503/503 499/499/499
f 502/502/502 504/504/504 505/505/505
f 502/502/502 505/505/505 503/503/503
f 503/503/503 505/505/505 506/506/506
f 503/503/503 506/506/506 507/507/507
f 499/499/499 503/503/503 507/507/507
f 499/499/499 507/507/507 500/500/500
f 504/504/504 508/508/508 509/509/509
f 504/504/504 509/509/509 505/505/505
f 508/508/508 510/510/510 511/511/511
f 508/508/508 511/511/511 509/509/509
f 509/509/509 511/511/511 512/512/512
f 509/509/509 512/512/512 513/513/513
f 505/505/505 509/509/509 513/513/513
f 505/505/505 513/513/513 506/506/506
f 510/510/510 514/514/514 515/515/515
f 510/510/510 515/515/515 511/511/511
f 514/514/514 516/516/516 517/517/517
f 514/514/514 517/517/517 515/515/515
f 515/515/515 517/517/517 518/518/518
f 515/515/515 518/518/518 519/519/519
f 511/511/511 515/515/515 519/519/519
f 511/511/511 519/519/519 512/512/512
f 516/516/516 520/520/520 521/521/521
f 516/516/516 521/521/521 517/517/517
f 520/520/520 522/522/522 523/523/523
f 520/520/520 523/523/523 521/521/521
f 521/521/521 523/523/523 524/524/524
f 521/521/521 524/524/524 525/525/525
f 517/517/517 521/521/521 525/525/525
f 517/517/517 525/525/525 518/518/518
f 526/526/526 527/527/527 528/528/528
f 526/526/526 528/528/528 529/529/529
f 527/527/527 524/524/524 523/523/523
f 527/527/527 523/523/523 528/528/528
f 528/528/528 523/523/523 522/522/522
f 528/528/528 522/522/522 530/530/530
f 529/529/529 528/528/528 530/530/530
f 529/529/529 530/530/530 531/531/531
f 532/532/532 533/533/533 534/534/534
f 532/532/532 534/534/534 535/535/535
f 533/533/533 526/526/526 529/529/529
f 533/533/533 529/529/529 534/534/534
f 534/534/534 529/529/529 531/531/531
f 534/534/534 531/531/531 536/536/536
f 535/535/535 534/534/534 536/536/536
f 535/535/535 536/536/536 537/537/537
f 538/538/538 539/539/539 540/540/540
f 538/538/538 540/540/540 541/541/541
f 539/539/539 532/532/532 535/535/535
f 539/539/539 535/535/535 540/540/540
f 540/540/540 535/535/535 537/537/537
f 540/540/540 537/537/537 542/542/542
f 541/541/541 540/540/540 542/542/542
f 541/541/541 542/542/542 543/543/543
f 544/544/544 545/545/545 546/546/546
f 544/544/544 546/546/546 547/547/547
f 545/545/545 538/538/538 541/541/541
f 545/545/545 541/541/541 546/546/546
f 546/546/546 541/541/541 543/543/543
f 546/546/546 543/543/543 548/548/548
f 547/547/547 546/546/546 548/548/548
f 547/547/547 548/548/548 549/549/549
f 550/550/550 551/551/551 552/552/552
f 550/550/550 552/552/552 553/553/553
f 551/551/551 544/544/544 547/547/547
f 551/551/551 547/547/547 552/552/552
f 552/552/552 547/547/547 549/549/549
f 552/552/552 549/549/549 554/554/554
f 553/553/553 552/552/552 554/554/554
f 553/553/553 554/554/554 555/555/555
f 427/427/427 426/426/426 556/556/556
f 427/427/427 556/556/556 557/557/557
f 426/426/426 425/425/425 558/558/558
f 426/426/426 558/558/558 556/556/556
f 556/556/556 558/558/558 559/559/559
f 556/556/556 559/559/559 560/560/560
f 557/557/557 556/556/556 560/560/560
f 557/557/557 560/560/560 561/561/561
f 562/562/562 563/563/563 564/564/564
f 562/562/562 564/564/564 565/565/565
f 563/563/563 566/566/566 567/567/567
f 563/563/563 567/567/567 564/564/564
f 564/564/564 567/567/567 568/568/568
f 564/564/564 568/568/568 569/569/569
f 565/565/565 564/564/564 569/569/569
f 565/565/565 569/569/569 570/570/570
f 571/571/571 572/572/572 573/573/573
f 571/571/571 573/573/573 574/574/574
f 572/572/572 575/575/575 576/576/576
f 572/572/572 576/576/576 573/573/573
f 573/573/573 576/576/576 577/577/577
f 573/573/573 577/577/577 578/578/578
f 574/574/574 573/573/573 578/578/578
f 574/574/574 578/578/578 579/579/579
f 580/580/580 581/581/581 582/582/582
f 580/580/580 582/582/582 583/583/583
f 581/581/581 584/584/584 585/585/585
f 581/581/581 585/585/585 582/582/582
f 582/582/582 585/585/585 586/586/586
f 582/582/582 586/586/586 587/587/587
f 583/583/583 582/582/582 587/587/587
f 583/583/583 587/587/587 588/588/588
f 584/584/584 589/589/589 590/590/590
f 584/584/584 590/590/590 585/585/585
f 589/589/589 591/591/591 592/592/592
f 589/589/589 592/592/592 590/590/590
f 590/590/590 592/592/592 593/593/593
f 590/590/590 593/593/593 594/594/594
f 585/585/585 590/590/590 594/594/594
f 585/585/585 594/594/594 586/586/586
f 591/591/591 595/595/595 596/596/596
f 591/591/591 596/596/596 592/592/592
f 595/595/595 597/597/597 598/598/598
f 595/595/595 598/598/598 596/596/596
f 596/596/596 598/598/598 599/599/599
f 596/596/596 599/599/599 600/600/600
f 592/592/592 596/596/596 600/600/600
f 592/592/592 600/600/600 593/593/593
f 597/597/597 601/601/601 602/602/602
f 597/597/597 602/602/602 598/598/598
f 601/601/601 603/603/603 604/604/604
f 601/601/601 604/604/604 602/602/602
f 602/602/602 604/604/604 605/605/605
f 602/602/602 605/605/605 606/606/606
f 598/598/598 602/602/602 606/606/606
f 598/598/598 606/606/606 599/599/599
f 603/603/603 607/607/607 608/608/608
f 603/603/603 608/608/608 604/604/604
f 607/607/607 609/609/609 610/610/610
f 607/607/607 610/610/610 608/608/608
f 608/608/608 610/610/610 611/611/611
f 608/608/608 611/611/611 612/612/612
f 604/604/604 608/608/608 612/612/612
f 604/604/604 612/612/612 605/605/605
f 609/609/609 613/613/613 614/614/614
f 609/609/609 614/614/614 610/610/610
f 613/613/613 615/615/615 616/616/616
f 613/613/613 616/616/616 614/614/614
f 614/614/614 616/616/616 617/617/617
f 614/614/614 617/617/617 618/618/618
f 610/610/610 614/614/614 618/618/618
f 610/610/610 618/618/618 611/611/611
f 615/615/615 619/619/619 620/620/620
f 615/615/615 620/620/620 616/616/616
f 619/619/619 621/621/621 622/622/622
f 619/619/619 622/622/622 620/620/620
f 620/620/620 622/622/622 623/623/623
f 620/620/620 623/623/623 624/624/624
f 616/616/616 620/620/620 624/624/624
f 616/616/616 624/624/624 617/617/617
f 621/621/621 625/625/625 626/626/626
f 621/621/621 626/626/626 622/622/622
f 625/625/625 627/627/627 628/628/628
f 625/625/625 628/628/628 626/626/626
f 626/626/626 628/628/628 629/629/629
f 626/626/626 629/629/629 630/630/630
f 622/622/622 626/626/626 630/630/630
f 622/622/622 630/630/630 623/623/623
f 627/627/627 631/631/631 632/632/632
f 627/627/627 632/632/632 628/628/628
f 631/631/631 633/633/633 634/634/634
f 631/631/631 634/634/634 632/632/632
f 632/632/632 634/634/634 635/635/635
f 632/632/632 635/635/635 636/636/636
f 628/628/628 632/632/632 636/636/636
f 628/628/628 636/636/636 629/629/629
f 633/633/633 637/637/637 638/638/638
f 633/633/633 638/638/638 634/634/634
f 637/637/637 639/639/639 640/640/640
f 637/637/637 640/640/640 638/638/638
f 638/638/638 640/640/640 641/641/641
f 638/638/638 641/641/641 642/642/642
f 634/634/634 638/638/638 642/642/642
f 634/634/634 642/642/642 635/635/635
f 639/639/639 643/643/643 644/644/644
f 639/639/639 644/644/644 640/640/640
f 643/643/643 645/645/645 646/646/646
f 643/643/643 646/646/646 644/644/644
f 644/644/644 646/646/646 647/647/647
f 644/644/644 647/647/647 648/648/648
f 640/640/640 644/644/644 648/648/648
f 640/640/640 648/648/648 641/641/641
f 645/645/645 649/649/649 650/650/650
f 645/645/645 650/650/650 646/646/646
f 649/649/649 651/651/651 652/652/652
f 649/649/649 652/652/652 650/650/650
f 650/650/650 652/652/652 653/653/653
f 650/650/650 653/653/653 654/654/654
f 646/646/646 650/650/650 654/654/654
f 646/646/646 654/654/654 647/647/647
f 651/651/651 655/655/655 656/656/656
f 651/651/651 656/656/656 652/652/652
f 655/655/655 657/657/657 658/658/658
f 655/655/655 658/658/658 656/656/656
f 656/656/656 658/658/658 659/659/659
f 656/656/656 659/659/659 660/660/660
f 652/652/652 656/656/656 660/660/660
f 652/652/652 660/660/660 653/653/653
f 657/657/657 661/661/661 662/662/662
f 657/657/657 662/662/662 658/658/658
f 661/661/661 663/663/663 664/664/664
f 661/661/661 664/664/664 662/662/662
f 662/662/662 664/664/664 665/665/665
f 662/662/662 665/665/665 666/666/666
f 658/658/658 662/662/662 666/666/666
f 658/658/658 666/666/666 659/659/659
f 663/663/663 667/667/667 668/668/668
f 663/663/663 668/668/668 664/664/664
f 667/667/667 669/669/669 670/670/670
f 667/667/667 670/670/670 668/668/668
f 668/668/668 670/670/670 671/671/671
f 668/668/668 671/671/671 672/672/672
f 664/664/664 668/668/668 672/672/672
f 664/664/664 672/672/672 665/665/665
f 669/669/669 673/673/673 674/674/674
f 669/669/669 674/674/674 670/670/670
f 673/673/673 675/675/675 676/676/676
f 673/673/673 676/676/676 674/674/674
f 674/674/674 676/676/676 677/677/677
f 674/674/674 677/677/677 678/678/678
f 670/670/670 674/674/674 678/678/678
f 670/670/670 678/678/678 671/671/671
f 452/452/452 679/679/679 680/680/680
f 452/452/452 680/680/680 453/453/453
f 679/679/679 681/681/681 682/682/682
f 679/679/679 682/682/682 680/680/680
f 680/680/680 682/682/682 683/683/683
f 680/680/680 683/683/683 684/684/684
f 453/453/453 680/680/680 684/684/684
f 453/453/453 684/684/684 454/454/454
f 461/461/461 685/685/685 686/686/686
f 461/461/461 686/686/686 462/462/462
f 685/685/685 687/687/687 688/688/688
f 685/685/685 688/688/688 686/686/686
f 686/686/686 688/688/688 689/689/689
f 686/686/686 689/689/689 690/690/690
f 462/462/462 686/686/686 690/690/690
f 462/462/462 690/690/690 463/463/463
f 689/689/689 691/691/691 692/692/692
f 689/689/689 692/692/692 690/690/690
f 691/691/691 693/693/693 694/694/694
f 691/691/691 694/694/694 692/692/692
f 692/692/692 694/694/694 468/468/468
f 692/692/692 468/468/468 466/466/466
f 690/690/690 692/692/692 466/466/466
f 690/690/690 466/466/466 463/463/463
f 693/693/693 695/695/695 696/696/696
f 693/693/693 696/696/696 694/694/694
f 695/695/695 697/697/697 698/698/698
f 695/695/695 698/698/698 696/696/696
f 696/696/696 698/698/698 474/474/474
f 696/696/696 474/474/474 472/472/472
f 694/694/694 696/696/696 472/472/472
f 694/694/694 472/472/472 468/468/468
f 697/697/697 699/699/699 700/700/700
f 697/697/697 700/700/700 698/698/698
f 699/699/699 701/701/701 702/702/702
f 699/699/699 702/702/702 700/700/700
f 700/700/700 702/702/702 480/480/480
f 700/700/700 480/480/480 478/478/478
f 698/698/698 700/700/700 478/478/478
f 698/698/698 478/478/478 474/474/474
f 701/701/701 703/703/703 704/704/704
f 701/701/701 704/704/704 702/702/702
f 703/703/703 705/705/705 706/706/706
f 703/703/703 706/706/706 704/704/704
f 704/704/704 706/706/706 486/486/486
f 704/704/704 486/486/486 484/484/484
f 702/702/702 704/704/704 484/484/484
f 702/702/702 484/484/484 480/480/480
f 705/705/705 707/707/707 708/708/708
f 705/705/705 708/708/708 706/706/706
f 707/707/707 709/709/709 710/710/710
f 707/707/707 710/710/710 708/708/708
f 708/708/708 710/710/710 492/492/492
f 708/708/708 492/492/492 490/490/490
f 706/706/706 708/708/708 490/490/490
f 706/706/706 490/490/490 486/486/486
f 709/709/709 711/711/711 712/712/712
f 709/709/709 712/712/712 710/710/710
f 711/711/711 713/713/713 714/714/714
f 711/711/711 714/714/714 712/712/712
f 712/712/712 714/714/714 498/498/498
f 712/712/712 498/498/498 496/496/496
f 710/710/710 712/712/712 496/496/496
f 710/710/710 496/496/496 492/492/492
f 713/713/713 715/715/715 716/716/716
f 713/713/713 716/716/716 714/714/714
f 715/715/715 717/717/717 718/718/718
f 715/715/715 718/718/718 716/716/716
f 716/716/716 718/718/718 504/504/504
f 716/716/716 504/504/504 502/502/502
f 714/714/714 716/716/716 502/502/502
f 714/714/714 502/502/502 498/498/498
f 717/717/717 719/719/719 720/720/720
f 717/717/717 720/720/720 718/718/718
f 719/719/719 721/721/721 722/722/722
f 719/719/719 722/722/722 720/720/720
f 720/720/720 722/722/722 510/510/510
f 720/720/720 510/510/510 508/508/508
f 718/718/718 720/720/720 508/508/508
f 718/718/718 508/508/508 504/504/504
f 721/721/721 723/723/723 724/724/724
f 721/721/721 724/724/724 722/722/722
f 723/723/723 725/725/725 726/726/726
f 723/723/723 726/726/726 724/724/724
f 724/724/724 726/726/726 516/516/516
f 724/724/724 516/516/516 514/514/514
f 722/722/722 724/724/724 514/514/514
f 722/722/722 514/514/514 510/510/510
f 725/725/725 727/727/727 728/728/728
f 725/725/725 728/728/728 726/726/726
f 727/727/727 729/729/729 730/730/730
f 727/727/727 730/730/730 728/728/728
f 728/728/728 730/730/730 522/522/522
f 728/728/728 522/522/522 520/520/520
f 726/726/726 728/728/728 520/520/520
f 726/726/726 520/520/520 516/516/516
f 531/531/531 530/530/530 731/731/731
f 531/531/531 731/731/731 732/732/732
f 530/530/530 522/522/522 730/730/730
f 530/530/530 730/730/730 731/731/731
f 731/731/731 730/730/730 729/729/729
f 731/731/731 729/729/729 733/733/733
f 732/732/732 731/731/731 733/733/733
f 732/732/732 733/733/733 734/734/734
f 537/537/537 536/536/536 735/735/735
f 537/537/537 735/735/735 736/736/736
f 536/536/536 531/531/531 732/732/732
f 536/536/536 732/732/732 735/735/735
f 735/735/735 732/732/732 734/734/734
f 735/735/735 734/734/734 737/737/737
f 736/736/736 735/735/735 737/737/737
f 736/736/736 737/737/737 738/738/738
f 543/543/543 542/542/542 739/739/739
f 543/543/543 739/739/739 740/740/740
f 542/542/542 537/537/537 736/736/736
f 542/542/542 736/736/736 739/739/739
f 739/739/739 736/736/736 738/738/738
f 739/739/739 738/738/738 741/741/741
f 740/740/740 739/739/739 741/741/741
f 740/740/740 741/741/741 742/742/742
f 549/549/549 548/548/548 743/743/743
f 549/549/549 743/743/743 744/744/744
f 548/548/548 543/543/543 740/740/740
f 548/548/548 740/740/740 743/743/743
f 743/743/743 740/740/740 742/742/742
f 743/743/743 742/742/742 745/745/745
f 744/744/744 743/743/743 745/745/745
f 744/744/744 745/745/745 746/746/746
f 555/555/555 554/554/554 747/747/747
f 555/555/555 747/747/747 748/748/748
f 554/554/554 549/549/549 744/744/744
f 554/554/554 744/744/744 747/747/747
f 747/747/747 744/744/744 746/746/746
f 747/747/747 746/746/746 749/749/749
f 748/748/748 747/747/747 749/749/749
f 748/748/748 749/749/749 750/750/750
f 561/561/561 560/560/560 751/751/751
f 561/561/561 751/751/751 752/752/752
f 560/560/560 559/559/559 753/753/753
f 560/560/560 753/753/753 751/751/751
f 751/751/751 753/753/753 754/754/754
f 751/751/751 754/754/754 755/755/755
f 752/752/752 751/751/751 755/755/755
f 752/752/752 755/755/755 756/756/756
f 438/438/438 757/757/757 758/758/758
f 438/438/438 758/758/758 433/433/433
f 757/757/757 562/562/562 565/565/565
f 757/757/757 565/565/565 758/758/758
f 758/758/758 565/565/565 570/570/570
f 758/758/758 570/570/570 759/759/759
f 433/433/433 758/758/758 759/759/759
f 433/433/433 759/759/759 430/430/430
f 760/760/760 761/761/761 762/762/762
f 760/760/760 762/762/762 763/763/763
f 761/761/761 575/575/575 572/572/572
f 761/761/761 572/572/572 762/762/762
f 762/762/762 572/572/572 571/571/571
f 762/762/762 571/571/571 764/764/764
f 763/763/763 762/762/762 764/764/764
f 763/763/763 764/764/764 765/765/765
f 766/766/766 767/767/767 768/768/768
f 766/766/766 768/768/768 769/769/769
f 767/767/767 584/584/584 581/581/581
f 767/767/767 581/581/581 768/768/768
f 768/768/768 581/581/581 580/580/580
f 768/768/768 580/580/580 770/770/770
f 769/769/769 768/768/768 770/770/770
f 769/769/769 770/770/770 771/771/771
f 772/772/772 773/773/773 774/774/774
f 772/772/772 774/774/774 775/775/775
f 773/773/773 591/591/591 589/589/589
f 773/773/773 589/589/589 774/774/774
f 774/774/774 589/589/589 584/584/584
f 774/774/774 584/584/584 767/767/767
f 775/775/775 774/774/774 767/767/767
f 775/775/775 767/767/767 766/766/766
f 776/776/776 777/777/777 778/778/778
f 776/776/776 778/778/778 779/779/779
f 777/777/777 597/597/597 595/595/595
f 777/777/777 595/595/595 778/778/778
f 778/778/778 595/595/595 591/591/591
f 778/778/778 591/591/591 773/773/773
f 779/779/779 778/778/778 773/773/773
f 779/779/779 773/773/773 772/772/772
f 780/780/780 781/781/781 782/782/782
f 780/780/780 782/782/782 783/783/783
f 781/781/781 603/603/603 601/601/601
f 781/781/781 601/601/601 782/782/782
f 782/782/782 601/601/601 597/597/597
f 782/782/782 597/597/597 777/777/777
f 783/783/783 782/782/782 777/777/777
f 783/783/783 777/777/777 776/776/776
f 784/784/784 785/785/785 786/786/786
f 784/784/784 786/786/786 787/787/787
f 785/785/785 609/609/609 607/607/607
f 785/785/785 607/607/607 786/786/786
f 786/786/786 607/607/607 603/603/603
f 786/786/786 603/603/603 781/781/781
f 787/787/787 786/786/786 781/781/781
f 787/787/787 781/781/781 780/780/780
f 784/784/784 788/788/788 789/789/789
f 784/784/784 789/789/789 785/785/785
f 788/788/788 790/790/790 791/791/791
f 788/788/788 791/791/791 789/789/789
f 789/789/789 791/791/791 615/615/615
f 789/789/789 615/615/615 613/613/613
f 785/785/785 789/789/789 613/613/613
f 785/785/785 613/613/613 609/609/609
f 790/790/790 792/792/792 793/793/793
f 790/790/790 793/793/793 791/791/791
f 792/792/792 794/794/794 795/795/795
f 792/792/792 795/795/795 793/793/793
f 793/793/793 795/795/795 621/621/621
f 793/793/793 621/621/621 619/619/619
f 791/791/791 793/793/793 619/619/619
f 791/791/791 619/619/619 615/615/615
f 794/794/794 796/796/796 797/797/797
f 794/794/794 797/797/797 795/795/795
f 796/796/796 798/798/798 799/799/799
f 796/796/796 799/799/799 797/797/797
f 797/797/797 799/799/799 627/627/627
f 797/797/797 627/627/627 625/625/625
f 795/795/795 797/797/797 625/625/625
f 795/795/795 625/625/625 621/621/621
f 798/798/798 800/800/800 801/801/801
f 798/798/798 801/801/801 799/799/799
f 800/800/800 802/802/802 803/803/803
f 800/800/800 803/803/803 801/801/801
f 801/801/801 803/803/803 633/633/633
f 801/801/801 633/633/633 631/631/631
f 799/799/799 801/801/801 631/631/631
f 799/799/799 631/631/631 627/627/627
f 802/802/802 804/804/804 805/805/805
f 802/802/802 805/805/805 803/803/803
f 804/804/804 806/806/806 807/807/807
f 804/804/804 807/807/807 805/805/805
f 805/805/805 807/807/807 639/639/639
f 805/805/805 639/639/639 637/637/637
f 803/803/803 805/805/805 637/637/637
f 803/803/803 637/637/637 633/633/633
f 806/806/806 808/808/808 809/809/809
f 806/806/806 809/809/809 807/807/807
f 808/808/808 810/810/810 811/811/811
f 808/808/808 811/811/811 809/809/809
f 809/809/809 811/811/811 645/645/645
f 809/809/809 645/645/645 643/643/643
f 807/807/807 809/809/809 643/643/643
f 807/807/807 643/643/643 639/639/639
f 810/810/810 812/812/812 813/813/813
f 810/810/810 813/813/813 811/811/811
f 812/812/812 814/814/814 815/815/815
f 812/812/812 815/815/815 813/813/813
f 813/813/813 815/815/815 651/651/651
f 813/813/813 651/651/651 649/649/649
f 811/811/811 813/813/813 649/649/649
f 811/811/811 649/649/649 645/645/645
f 814/814/814 816/816/816 817/817/817
f 814/814/814 817/817/817 815/815/815
f 816/816/816 818/818/818 819/819/819
f 816/816/816 819/819/819 817/817/817
f 817/817/817 819/819/819 657/657/657
f 817/817/817 657/657/657 655/655/655
f 815/815/815 817/817/817 655/655/655
f 815/815/815 655/655/655 651/651/651
f 818/818/818 820/820/820 821/821/821
f 818/818/818 821/821/821 819/819/819
f 820/820/820 822/822/822 823/823/823
f 820/820/820 823/823/823 821/821/821
f 821/821/821 823/823/823 663/663/663
f 821/821/821 663/663/663 661/661/661
f 819/819/819 821/821/821 661/661/661
f 819/819/819 661/661/661 657/657/657
f 822/822/822 824/824/824 825/825/825
f 822/822/822 825/825/825 823/823/823
f 824/824/824 826/826/826 827/827/827
f 824/824/824 827/827/827 825/825/825
f 825/825/825 827/827/827 669/669/669
f 825/825/825 669/669/669 667/667/667
f 823/823/823 825/825/825 667/667/667
f 823/823/823 667/667/667 663/663/663
f 826/826/826 828/828/828 829/829/829
f 826/826/826 829/829/829 827/827/827
f 828/828/828 830/830/830 831/831/831
f 828/828/828 831/831/831 829/829/829
f 829/829/829 831/831/831 675/675/675
f 829/829/829 675/675/675 673/673/673
f 827/827/827 829/829/829 673/673/673
f 827/827/827 673/673/673 669/669/669
f 417/417/417 832/832/832 833/833/833
f 417/417/417 833/833/833 418/418/418
f 832/832/832 391/391/391 394/394/394
f 832/832/832 394/394/394 833/833/833
f 833/833/833 394/394/394 396/396/396
f 833/833/833 396/396/396 834/834/834
f 418/418/418 833/833/833 834/834/834
f 418/418/418 834/834/834 419/419/419
f 402/402/402 401/401/401 835/835/835
f 402/402/402 835/835/835 836/836/836
f 401/401/401 400/400/400 837/837/837
f 401/401/401 837/837/837 835/835/835
f 835/835/835 837/837/837 838/838/838
f 835/835/835 838/838/838 839/839/839
f 836/836/836 835/835/835 839/839/839
f 836/836/836 839/839/839 840/840/840
f 559/559/559 558/558/558 841/841/841
f 559/559/559 841/841/841 842/842/842
f 558/558/558 425/425/425 843/843/843
f 558/558/558 843/843/843 841/841/841
f 841/841/841 843/843/843 550/550/550
f 841/841/841 550/550/550 553/553/553
f 842/842/842 841/841/841 553/553/553
f 842/842/842 553/553/553 555/555/555
f 754/754/754 753/753/753 844/844/844
f 754/754/754 844/844/844 845/845/845
f 753/753/753 559/559/559 842/842/842
f 753/753/753 842/842/842 844/844/844
f 844/844/844 842/842/842 555/555/555
f 844/844/844 555/555/555 748/748/748
f 845/845/845 844/844/844 748/748/748
f 845/845/845 748/748/748 750/750/750
f 434/434/434 846/846/846 847/847/847
f 434/434/434 847/847/847 435/435/435
f 846/846/846 403/403/403 406/406/406
f 846/846/846 406/406/406 847/847/847
f 847/847/847 406/406/406 408/408/408
f 847/847/847 408/408/408 848/848/848
f 435/435/435 847/847/847 848/848/848
f 435/435/435 848/848/848 436/436/436
f 771/771/771 770/770/770 849/849/849
f 771/771/771 849/849/849 850/850/850
f 770/770/770 580/580/580 851/851/851
f 770/770/770 851/851/851 849/849/849
f 849/849/849 851/851/851 575/575/575
f 849/849/849 575/575/575 761/761/761
f 850/850/850 849/849/849 761/761/761
f 850/850/850 761/761/761 760/760/760
f 577/577/577 576/576/576 852/852/852
f 577/577/577 852/852/852 853/853/853
f 576/576/576 575/575/575 851/851/851
f 576/576/576 851/851/851 852/852/852
f 852/852/852 851/851/851 580/580/580
f 852/852/852 580/580/580 583/583/583
f 853/853/853 852/852/852 583/583/583
f 853/853/853 583/583/583 588/588/588
f 445/445/445 444/444/444 854/854/854
f 445/445/445 854/854/854 855/855/855
f 444/444/444 443/443/443 856/856/856
f 444/444/444 856/856/856 854/854/854
f 854/854/854 856/856/856 409/409/409
f 854/854/854 409/409/409 412/412/412
f 855/855/855 854/854/854 412/412/412
f 855/855/855 412/412/412 414/414/414
f 68/68/68 857/857/857 858/858/858
f 68/68/68 858/858/858 69/69/69
f 857/857/857 1/1/1 4/4/4
f 857/857/857 4/4/4 858/858/858
f 858/858/858 4/4/4 9/9/9
f 858/858/858 9/9/9 859/859/859
f 69/69/69 858/858/858 859/859/859
f 69/69/69 859/859/859 70/70/70
f 860/860/860 861/861/861 862/862/862
f 860/860/860 862/862/862 863/863/863
f 861/861/861 77/77/77 74/74/74
f 861/861/861 74/74/74 862/862/862
f 862/862/862 74/74/74 73/73/73
f 862/862/862 73/73/73 864/864/864
f 863/863/863 862/862/862 864/864/864
f 863/863/863 864/864/864 865/865/865
f 866/866/866 867/867/867 868/868/868
f 866/866/866 868/868/868 869/869/869
f 867/867/867 461/461/461 458/458/458
f 867/867/867 458/458/458 868/868/868
f 868/868/868 458/458/458 457/457/457
f 868/868/868 457/457/457 870/870/870
f 869/869/869 868/868/868 870/870/870
f 869/869/869 870/870/870 871/871/871
f 872/872/872 873/873/873 874/874/874
f 872/872/872 874/874/874 875/875/875
f 873/873/873 687/687/687 685/685/685
f 873/873/873 685/685/685 874/874/874
f 874/874/874 685/685/685 461/461/461
f 874/874/874 461/461/461 867/867/867
f 875/875/875 874/874/874 867/867/867
f 875/875/875 867/867/867 866/866/866
f 681/681/681 876/876/876 877/877/877
f 681/681/681 877/877/877 682/682/682
f 876/876/876 82/82/82 85/85/85
f 876/876/876 85/85/85 877/877/877
f 877/877/877 85/85/85 90/90/90
f 877/877/877 90/90/90 878/878/878
f 682/682/682 877/877/877 878/878/878
f 682/682/682 878/878/878 683/683/683
f 675/675/675 831/831/831 879/879/879
f 675/675/675 879/879/879 880/880/880
f 831/831/831 830/830/830 881/881/881
f 831/831/831 881/881/881 879/879/879
f 879/879/879 881/881/881 882/882/882
f 879/879/879 882/882/882 883/883/883
f 880/880/880 879/879/879 883/883/883
f 880/880/880 883/883/883 884/884/884
f 677/677/677 676/676/676 885/885/885
f 677/677/677 885/885/885 886/886/886
f 676/676/676 675/675/675 880/880/880
f 676/676/676 880/880/880 885/885/885
f 885/885/885 880/880/880 884/884/884
f 885/885/885 884/884/884 887/887/887
f 886/886/886 885/885/885 887/887/887
f 886/886/886 887/887/887 888/888/888
f 61/61/61 60/60/60 889/889/889
f 61/61/61 889/889/889 890/890/890
f 60/60/60 59/59/59 891/891/891
f 60/60/60 891/891/891 889/889/889
f 889/889/889 891/891/891 892/892/892
f 889/889/889 892/892/892 893/893/893
f 890/890/890 889/889/889 893/893/893
f 890/890/890 893/893/893 894/894/894
f 895/895/895 896/896/896 897/897/897
f 895/895/895 897/897/897 898/898/898
f 896/896/896 899/899/899 900/900/900
f 896/896/896 900/900/900 897/897/897
f 897/897/897 900/900/900 82/82/82
f 897/897/897 82/82/82 876/876/876
f 898/898/898 897/897/897 876/876/876
f 898/898/898 876/876/876 681/681/681
f 899/899/899 901/901/901 902/902/902
f 899/899/899 902/902/902 900/900/900
f 901/901/901 903/903/903 904/904/904
f 901/901/901 904/904/904 902/902/902
f 902/902/902 904/904/904 86/86/86
f 902/902/902 86/86/86 83/83/83
f 900/900/900 902/902/902 83/83/83
f 900/900/900 83/83/83 82/82/82
f 903/903/903 905/905/905 906/906/906
f 903/903/903 906/906/906 904/904/904
f 905/905/905 907/907/907 908/908/908
f 905/905/905 908/908/908 906/906/906
f 906/906/906 908/908/908 111/111/111
f 906/906/906 111/111/111 109/109/109
f 904/904/904 906/906/906 109/109/109
f 904/904/904 109/109/109 86/86/86
f 907/907/907 909/909/909 910/910/910
f 907/907/907 910/910/910 908/908/908
f 909/909/909 911/911/911 912/912/912
f 909/909/909 912/912/912 910/910/910
f 910/910/910 912/912/912 135/135/135
f 910/910/910 135/135/135 133/133/133
f 908/908/908 910/910/910 133/133/133
f 908/908/908 133/133/133 111/111/111
f 911/911/911 913/913/913 914/914/914
f 911/911/911 914/914/914 912/912/912
f 913/913/913 915/915/915 916/916/916
f 913/913/913 916/916/916 914/914/914
f 914/914/914 916/916/916 159/159/159
f 914/914/914 159/159/159 157/157/157
f 912/912/912 914/914/914 157/157/157
f 912/912/912 157/157/157 135/135/135
f 915/915/915 917/917/917 918/918/918
f 915/915/915 918/918/918 916/916/916
f 917/917/917 919/919/919 920/920/920
f 917/917/917 920/920/920 918/918/918
f 918/918/918 920/920/920 183/183/183
f 918/918/918 183/183/183 181/181/181
f 916/916/916 918/918/918 181/181/181
f 916/916/916 181/181/181 159/159/159
f 919/919/919 921/921/921 922/922/922
f 919/919/919 922/922/922 920/920/920
f 921/921/921 923/923/923 924/924/924
f 921/921/921 924/924/924 922/922/922
f 922/922/922 924/924/924 207/207/207
f 922/922/922 207/207/207 205/205/205
f 920/920/920 922/922/922 205/205/205
f 920/920/920 205/205/205 183/183/183
f 923/923/923 925/925/925 926/926/926
f 923/923/923 926/926/926 924/924/924
f 925/925/925 927/927/927 928/928/928
f 925/925/925 928/928/928 926/926/926
f 926/926/926 928/928/928 231/231/231
f 926/926/926 231/231/231 229/229/229
f 924/924/924 926/926/926 229/229/229
f 924/924/924 229/229/229 207/207/207
f 927/927/927 929/929/929 930/930/930
f 927/927/927 930/930/930 928/928/928
f 929/929/929 931/931/931 932/932/932
f 929/929/929 932/932/932 930/930/930
f 930/930/930 932/932/932 255/255/255
f 930/930/930 255/255/255 253/253/253
f 928/928/928 930/930/930 253/253/253
f 928/928/928 253/253/253 231/231/231
f 931/931/931 933/933/933 934/934/934
f 931/931/931 934/934/934 932/932/932
f 933/933/933 935/935/935 936/936/936
f 933/933/933 936/936/936 934/934/934
f 934/934/934 936/936/936 279/279/279
f 934/934/934 279/279/279 277/277/277
f 932/932/932 934/934/934 277/277/277
f 932/932/932 277/277/277 255/255/255
f 935/935/935 937/937/937 938/938/938
f 935/935/935 938/938/938 936/936/936
f 937/937/937 939/939/939 940/940/940
f 937/937/937 940/940/940 938/938/938
f 938/938/938 940/940/940 28/28/28
f 938/938/938 28/28/28 292/292/292
f 936/936/936 938/938/938 292/292/292
f 936/936/936 292/292/292 279/279/279
f 939/939/939 941/941/941 942/942/942
f 939/939/939 942/942/942 940/940/940
f 941/941/941 943/943/943 944/944/944
f 941/941/941 944/944/944 942/942/942
f 942/942/942 944/944/944 32/32/32
f 942/942/942 32/32/32 29/29/29
f 940/940/940 942/942/942 29/29/29
f 940/940/940 29/29/29 28/28/28
f 312/312/312 311/311/311 945/945/945
f 312/312/312 945/945/945 946/946/946
f 311/311/311 32/32/32 944/944/944
f 311/311/311 944/944/944 945/945/945
f 945/945/945 944/944/944 943/943/943
f 945/945/945 943/943/943 947/947/947
f 946/946/946 945/945/945 947/947/947
f 946/946/946 947/947/947 948/948/948
f 336/336/336 335/335/335 949/949/949
f 336/336/336 949/949/949 950/950/950
f 335/335/335 312/312/312 946/946/946
f 335/335/335 946/946/946 949/949/949
f 949/949/949 946/946/946 948/948/948
f 949/949/949 948/948/948 951/951/951
f 950/950/950 949/949/949 951/951/951
f 950/950/950 951/951/951 952/952/952
f 360/360/360 359/359/359 953/953/953
f 360/360/360 953/953/953 954/954/954
f 359/359/359 336/336/336 950/950/950
f 359/359/359 950/950/950 953/953/953
f 953/953/953 950/950/950 952/952/952
f 953/953/953 952/952/952 955/955/955
f 954/954/954 953/953/953 955/955/955
f 954/954/954 955/955/955 956/956/956
f 384/384/384 383/383/383 957/957/957
f 384/384/384 957/957/957 958/958/958
f 383/383/383 360/360/360 954/954/954
f 383/383/383 954/954/954 957/957/957
f 957/957/957 954/954/954 956/956/956
f 957/957/957 956/956/956 959/959/959
f 958/958/958 957/957/957 959/959/959
f 958/958/958 959/959/959 960/960/960
f 408/408/408 407/407/407 961/961/961
f 408/408/408 961/961/961 962/962/962
f 407/407/407 384/384/384 958/958/958
f 407/407/407 958/958/958 961/961/961
f 961/961/961 958/958/958 960/960/960
f 961/961/961 960/960/960 963/963/963
f 962/962/962 961/961/961 963/963/963
f 962/962/962 963/963/963 964/964/964
f 436/436/436 848/848/848 965/965/965
f 436/436/436 965/965/965 966/966/966
f 848/848/848 408/408/408 962/962/962
f 848/848/848 962/962/962 965/965/965
f 965/965/965 962/962/962 964/964/964
f 965/965/965 964/964/964 967/967/967
f 966/966/966 965/965/965 967/967/967
f 966/966/966 967/967/967 968/968/968
f 438/438/438 437/437/437 969/969/969
f 438/438/438 969/969/969 970/970/970
f 437/437/437 436/436/436 966/966/966
f 437/437/437 966/966/966 969/969/969
f 969/969/969 966/966/966 968/968/968
f 969/969/969 968/968/968 971/971/971
f 970/970/970 969/969/969 971/971/971
f 970/970/970 971/971/971 972/972/972
f 972/972/972 973/973/973 974/974/974
f 972/972/972 974/974/974 970/970/970
f 973/973/973 975/975/975 976/976/976
f 973/973/973 976/976/976 974/974/974
f 974/974/974 976/976/976 562/562/562
f 974/974/974 562/562/562 757/757/757
f 970/970/970 974/974/974 757/757/757
f 970/970/970 757/757/757 438/438/438
f 975/975/975 977/977/977 978/978/978
f 975/975/975 978/978/978 976/976/976
f 977/977/977 979/979/979 980/980/980
f 977/977/977 980/980/980 978/978/978
f 978/978/978 980/980/980 566/566/566
f 978/978/978 566/566/566 563/563/563
f 976/976/976 978/978/978 563/563/563
f 976/976/976 563/563/563 562/562/562
f 981/981/981 982/982/982 983/983/983
f 981/981/981 983/983/983 984/984/984
f 982/982/982 985/985/985 986/986/986
f 982/982/982 986/986/986 983/983/983
f 983/983/983 986/986/986 23/23/23
f 983/983/983 23/23/23 20/20/20
f 984/984/984 983/983/983 20/20/20
f 984/984/984 20/20/20 19/19/19
f 985/985/985 987/987/987 988/988/988
f 985/985/985 988/988/988 986/986/986
f 987/987/987 989/989/989 990/990/990
f 987/987/987 990/990/990 988/988/988
f 988/988/988 990/990/990 417/417/417
f 988/988/988 417/417/417 415/415/415
f 986/986/986 988/988/988 415/415/415
f 986/986/986 415/415/415 23/23/23
f 989/989/989 991/991/991 992/992/992
f 989/989/989 992/992/992 990/990/990
f 991/991/991 993/993/993 994/994/994
f 991/991/991 994/994/994 992/992/992
f 992/992/992 994/994/994 391/391/391
f 992/992/992 391/391/391 832/832/832
f 990/990/990 992/992/992 832/832/832
f 990/990/990 832/832/832 417/417/417
f 993/993/993 995/995/995 996/996/996
f 993/993/993 996/996/996 994/994/994
f 995/995/995 997/997/997 998/998/998
f 995/995/995 998/998/998 996/996/996
f 996/996/996 998/998/998 367/367/367
f 996/996/996 367/367/367 392/392/392
f 994/994/994 996/996/996 392/392/392
f 994/994/994 392/392/392 391/391/391
f 997/997/997 999/999/999 1000/1000/1000
f 997/997/997 1000/1000/1000 998/998/998
f 999/999/999 1001/1001/1001 1002/1002/1002
f 999/999/999 1002/1002/1002 1000/1000/1000
f 1000/1000/1000 1002/1002/1002 343/343/343
f 1000/1000/1000 343/343/343 368/368/368
f 998/998/998 1000/1000/1000 368/368/368
f 998/998/998 368/368/368 367/367/367
f 1001/1001/1001 1003/1003/1003 1004/1004/1004
f 1001/1001/1001 1004/1004/1004 1002/1002/1002
f 1003/1003/1003 1005/1005/1005 1006/1006/1006
f 1003/1003/1003 1006/1006/1006 1004/1004/1004
f 1004/1004/1004 1006/1006/1006 319/319/319
f 1004/1004/1004 319/319/319 344/344/344
f 1002/1002/1002 1004/1004/1004 344/344/344
f 1002/1002/1002 344/344/344 343/343/343
f 1005/1005/1005 1007/1007/1007 1008/1008/1008
f 1005/1005/1005 1008/1008/1008 1006/1006/1006
f 1007/1007/1007 1009/1009/1009 1010/1010/1010
f 1007/1007/1007 1010/1010/1010 1008/1008/1008
f 1008/1008/1008 1010/1010/1010 295/295/295
f 1008/1008/1008 295/295/295 320/320/320
f 1006/1006/1006 1008/1008/1008 320/320/320
f 1006/1006/1006 320/320/320 319/319/319
f 1009/1009/1009 1011/1011/1011 1012/1012/1012
f 1009/1009/1009 1012/1012/1012 1010/1010/1010
f 1011/1011/1011 1013/1013/1013 1014/1014/1014
f 1011/1011/1011 1014/1014/1014 1012/1012/1012
f 1012/1012/1012 1014/1014/1014 10/10/10
f 1012/1012/1012 10/10/10 296/296/296
f 1010/1010/1010 1012/1012/1012 296/296/296
f 1010/1010/1010 296/296/296 295/295/295
f 1013/1013/1013 1015/1015/1015 1016/1016/1016
f 1013/1013/1013 1016/1016/1016 1014/1014/1014
f 1015/1015/1015 1017/1017/1017 1018/1018/1018
f 1015/1015/1015 1018/1018/1018 1016/1016/1016
f 1016/1016/1016 1018/1018/1018 14/14/14
f 1016/1016/1016 14/14/14 11/11/11
f 1014/1014/1014 1016/1016/1016 11/11/11
f 1014/1014/1014 11/11/11 10/10/10
f 1017/1017/1017 1019/1019/1019 1020/1020/1020
f 1017/1017/1017 1020/1020/1020 1018/1018/1018
f 1019/1019/1019 1021/1021/1021 1022/1022/1022
f 1019/1019/1019 1022/1022/1022 1020/1020/1020
f 1020/1020/1020 1022/1022/1022 265/265/265
f 1020/1020/1020 265/265/265 286/286/286
f 1018/1018/1018 1020/1020/1020 286/286/286
f 1018/1018/1018 286/286/286 14/14/14
f 1021/1021/1021 1023/1023/1023 1024/1024/1024
f 1021/1021/1021 1024/1024/1024 1022/1022/1022
f 1023/1023/1023 1025/1025/1025 1026/1026/1026
f 1023/1023/1023 1026/1026/1026 1024/1024/1024
f 1024/1024/1024 1026/1026/1026 241/241/241
f 1024/1024/1024 241/241/241 266/266/266
f 1022/1022/1022 1024/1024/1024 266/266/266
f 1022/1022/1022 266/266/266 265/265/265
f 1025/1025/1025 1027/1027/1027 1028/1028/1028
f 1025/1025/1025 1028/1028/1028 1026/1026/1026
f 1027/1027/1027 1029/1029/1029 1030/1030/1030
f 1027/1027/1027 1030/1030/1030 1028/1028/1028
f 1028/1028/1028 1030/1030/1030 217/217/217
f 1028/1028/1028 217/217/217 242/242/242
f 1026/1026/1026 1028/1028/1028 242/242/242
f 1026/1026/1026 242/242/242 241/241/241
f 1029/1029/1029 1031/1031/1031 1032/1032/1032
f 1029/1029/1029 1032/1032/1032 1030/1030/1030
f 1031/1031/1031 1033/1033/1033 1034/1034/1034
f 1031/1031/1031 1034/1034/1034 1032/1032/1032
f 1032/1032/1032 1034/1034/1034 193/193/193
f 1032/1032/1032 193/193/193 218/218/218
f 1030/1030/1030 1032/1032/1032 218/218/218
f 1030/1030/1030 218/218/218 217/217/217
f 1033/1033/1033 1035/1035/1035 1036/1036/1036
f 1033/1033/1033 1036/1036/1036 1034/1034/1034
f 1035/1035/1035 1037/1037/1037 1038/1038/1038
f 1035/1035/1035 1038/1038/1038 1036/1036/1036
f 1036/1036/1036 1038/1038/1038 169/169/169
f 1036/1036/1036 169/169/169 194/194/194
f 1034/1034/1034 1036/1036/1036 194/194/194
f 1034/1034/1034 194/194/194 193/193/193
f 1037/1037/1037 1039/1039/1039 1040/1040/1040
f 1037/1037/1037 1040/1040/1040 1038/1038/1038
f 1039/1039/1039 1041/1041/1041 1042/1042/1042
f 1039/1039/1039 1042/1042/1042 1040/1040/1040
f 1040/1040/1040 1042/1042/1042 145/145/145
f 1040/1040/1040 145/145/145 170/170/170
f 1038/1038/1038 1040/1040/1040 170/170/170
f 1038/1038/1038 170/170/170 169/169/169
f 1041/1041/1041 1043/1043/1043 1044/1044/1044
f 1041/1041/1041 1044/1044/1044 1042/1042/1042
f 1043/1043/1043 1045/1045/1045 1046/1046/1046
f 1043/1043/1043 1046/1046/1046 1044/1044/1044
f 1044/1044/1044 1046/1046/1046 121/121/121
f 1044/1044/1044 121/121/121 146/146/146
f 1042/1042/1042 1044/1044/1044 146/146/146
f 1042/1042/1042 146/146/146 145/145/145
f 1045/1045/1045 1047/1047/1047 1048/1048/1048
f 1045/1045/1045 1048/1048/1048 1046/1046/1046
f 1047/1047/1047 1049/1049/1049 1050/1050/1050
f 1047/1047/1047 1050/1050/1050 1048/1048/1048
f 1048/1048/1048 1050/1050/1050 97/97/97
f 1048/1048/1048 97/97/97 122/122/122
f 1046/1046/1046 1048/1048/1048 122/122/122
f 1046/1046/1046 122/122/122 121/121/121
f 1049/1049/1049 1051/1051/1051 1052/1052/1052
f 1049/1049/1049 1052/1052/1052 1050/1050/1050
f 1051/1051/1051 1053/1053/1053 1054/1054/1054
f 1051/1051/1051 1054/1054/1054 1052/1052/1052
f 1052/1052/1052 1054/1054/1054 64/64/64
f 1052/1052/1052 64/64/64 98/98/98
f 1050/1050/1050 1052/1052/1052 98/98/98
f 1050/1050/1050 98/98/98 97/97/97
f 1053/1053/1053 1055/1055/1055 1056/1056/1056
f 1053/1053/1053 1056/1056/1056 1054/1054/1054
f 1055/1055/1055 1057/1057/1057 1058/1058/1058
f 1055/1055/1055 1058/1058/1058 1056/1056/1056
f 1056/1056/1056 1058/1058/1058 68/68/68
f 1056/1056/1056 68/68/68 65/65/65
f 1054/1054/1054 1056/1056/1056 65/65/65
f 1054/1054/1054 65/65/65 64/64/64
f 1057/1057/1057 1059/1059/1059 1060/1060/1060
f 1057/1057/1057 1060/1060/1060 1058/1058/1058
f 1059/1059/1059 1061/1061/1061 1062/1062/1062
f 1059/1059/1059 1062/1062/1062 1060/1060/1060
f 1060/1060/1060 1062/1062/1062 1/1/1
f 1060/1060/1060 1/1/1 857/857/857
f 1058/1058/1058 1060/1060/1060 857/857/857
f 1058/1058/1058 857/857/857 68/68/68
f 1061/1061/1061 1063/1063/1063 1064/1064/1064
f 1061/1061/1061 1064/1064/1064 1062/1062/1062
f 1063/1063/1063 1065/1065/1065 1066/1066/1066
f 1063/1063/1063 1066/1066/1066 1064/1064/1064
f 1064/1064/1064 1066/1066/1066 5/5/5
f 1064/1064/1064 5/5/5 2/2/2
f 1062/1062/1062 1064/1064/1064 2/2/2
f 1062/1062/1062 2/2/2 1/1/1
f 1067/1067/1067 1068/1068/1068 1069/1069/1069
f 1067/1067/1067 1069/1069/1069 1070/1070/1070
f 1068/1068/1068 1071/1071/1071 1072/1072/1072
f 1068/1068/1068 1072/1072/1072 1069/1069/1069
f 1069/1069/1069 1072/1072/1072 452/452/452
f 1069/1069/1069 452/452/452 449/449/449
f 1070/1070/1070 1069/1069/1069 449/449/449
f 1070/1070/1070 449/449/449 448/448/448
f 1071/1071/1071 1073/1073/1073 1074/1074/1074
f 1071/1071/1071 1074/1074/1074 1072/1072/1072
f 1073/1073/1073 895/895/895 898/898/898
f 1073/1073/1073 898/898/898 1074/1074/1074
f 1074/1074/1074 898/898/898 681/681/681
f 1074/1074/1074 681/681/681 679/679/679
f 1072/1072/1072 1074/1074/1074 679/679/679
f 1072/1072/1072 679/679/679 452/452/452
f 90/90/90 89/89/89 1075/1075/1075
f 90/90/90 1075/1075/1075 1076/1076/1076
f 89/89/89 88/88/88 1077/1077/1077
f 89/89/89 1077/1077/1077 1075/1075/1075
f 1075/1075/1075 1077/1077/1077 1078/1078/1078
f 1075/1075/1075 1078/1078/1078 1079/1079/1079
f 1076/1076/1076 1075/1075/1075 1079/1079/1079
f 1076/1076/1076 1079/1079/1079 1080/1080/1080
f 683/683/683 878/878/878 1081/1081/1081
f 683/683/683 1081/1081/1081 1082/1082/1082
f 878/878/878 90/90/90 1076/1076/1076
f 878/878/878 1076/1076/1076 1081/1081/1081
f 1081/1081/1081 1076/1076/1076 1080/1080/1080
f 1081/1081/1081 1080/1080/1080 1083/1083/1083
f 1082/1082/1082 1081/1081/1081 1083/1083/1083
f 1082/1082/1082 1083/1083/1083 1084/1084/1084
f 454/454/454 684/684/684 1085/1085/1085
f 454/454/454 1085/1085/1085 1086/1086/1086
f 684/684/684 683/683/683 1082/1082/1082
f 684/684/684 1082/1082/1082 1085/1085/1085
f 1085/1085/1085 1082/1082/1082 1084/1084/1084
f 1085/1085/1085 1084/1084/1084 1087/1087/1087
f 1086/1086/1086 1085/1085/1085 1087/1087/1087
f 1086/1086/1086 1087/1087/1087 1088/1088/1088
f 456/456/456 455/455/455 1089/1089/1089
f 456/456/456 1089/1089/1089 1090/1090/1090
f 455/455/455 454/454/454 1086/1086/1086
f 455/455/455 1086/1086/1086 1089/1089/1089
f 1089/1089/1089 1086/1086/1086 1088/1088/1088
f 1089/1089/1089 1088/1088/1088 1091/1091/1091
f 1090/1090/1090 1089/1089/1089 1091/1091/1091
f 1090/1090/1090 1091/1091/1091 1092/1092/1092
f 9/9/9 8/8/8 1093/1093/1093
f 9/9/9 1093/1093/1093 1094/1094/1094
f 8/8/8 7/7/7 1095/1095/1095
f 8/8/8 1095/1095/1095 1093/1093/1093
f 1093/1093/1093 1095/1095/1095 860/860/860
f 1093/1093/1093 860/860/860 863/863/863
f 1094/1094/1094 1093/1093/1093 863/863/863
f 1094/1094/1094 863/863/863 865/865/865
f 70/70/70 859/859/859 1096/1096/1096
f 70/70/70 1096/1096/1096 1097/1097/1097
f 859/859/859 9/9/9 1094/1094/1094
f 859/859/859 1094/1094/1094 1096/1096/1096
f 1096/1096/1096 1094/1094/1094 865/865/865
f 1096/1096/1096 865/865/865 864/864/864
f 1097/1097/1097 1096/1096/1096 864/864/864
f 1097/1097/1097 864/864/864 73/73/73
f 72/72/72 71/71/71 1098/1098/1098
f 72/72/72 1098/1098/1098 1099/1099/1099
f 71/71/71 70/70/70 1097/1097/1097
f 71/71/71 1097/1097/1097 1098/1098/1098
f 1098/1098/1098 1097/1097/1097 73/73/73
f 1098/1098/1098 73/73/73 76/76/76
f 1099/1099/1099 1098/1098/1098 76/76/76
f 1099/1099/1099 76/76/76 81/81/81
f 102/102/102 101/101/101 1100/1100/1100
f 102/102/102 1100/1100/1100 1101/1101/1101
f 101/101/101 72/72/72 1099/1099/1099
f 101/101/101 1099/1099/1099 1100/1100/1100
f 1100/1100/1100 1099/1099/1099 81/81/81
f 1100/1100/1100 81/81/81 108/108/108
f 1101/1101/1101 1100/1100/1100 108/108/108
f 1101/1101/1101 108/108/108 107/107/107
f 126/126/126 125/125/125 1102/1102/1102
f 126/126/126 1102/1102/1102 1103/1103/1103
f 125/125/125 102/102/102 1101/1101/1101
f 125/125/125 1101/1101/1101 1102/1102/1102
f 1102/1102/1102 1101/1101/1101 107/107/107
f 1102/1102/1102 107/107/107 132/132/132
f 1103/1103/1103 1102/1102/1102 132/132/132
f 1103/1103/1103 132/132/132 131/131/131
f 150/150/150 149/149/149 1104/1104/1104
f 150/150/150 1104/1104/1104 1105/1105/1105
f 149/149/149 126/126/126 1103/1103/1103
f 149/149/149 1103/1103/1103 1104/1104/1104
f 1104/1104/1104 1103/1103/1103 131/131/131
f 1104/1104/1104 131/131/131 156/156/156
f 1105/1105/1105 1104/1104/1104 156/156/156
f 1105/1105/1105 156/156/156 155/155/155
f 174/174/174 173/173/173 1106/1106/1106
f 174/174/174 1106/1106/1106 1107/1107/1107
f 173/173/173 150/150/150 1105/1105/1105
f 173/173/173 1105/1105/1105 1106/1106/1106
f 1106/1106/1106 1105/1105/1105 155/155/155
f 1106/1106/1106 155/155/155 180/180/180
f 1107/1107/1107 1106/1106/1106 180/180/180
f 1107/1107/1107 180/180/180 179/179/179
f 198/198/198 197/197/197 1108/1108/1108
f 198/198/198 1108/1108/1108 1109/1109/1109
f 197/197/197 174/174/174 1107/1107/1107
f 197/197/197 1107/1107/1107 1108/1108/1108
f 1108/1108/1108 1107/1107/1107 179/179/179
f 1108/1108/1108 179/179/179 204/204/204
f 1109/1109/1109 1108/1108/1108 204/204/204
f 1109/1109/1109 204/204/204 203/203/203
f 222/222/222 221/221/221 1110/1110/1110
f 222/222/222 1110/1110/1110 1111/1111/1111
f 221/221/221 198/198/198 1109/1109/1109
f 221/221/221 1109/1109/1109 1110/1110/1110
f 1110/1110/1110 1109/1109/1109 203/203/203
f 1110/1110/1110 203/203/203 228/228/228
f 1111/1111/1111 1110/1110/1110 228/228/228
f 1111/1111/1111 228/228/228 227/227/227
f 246/246/246 245/245/245 1112/1112/1112
f 246/246/246 1112/1112/1112 1113/1113/1113
f 245/245/245 222/222/222 1111/1111/1111
f 245/245/245 1111/1111/1111 1112/1112/1112
f 1112/1112/1112 1111/1111/1111 227/227/227
f 1112/1112/1112 227/227/227 252/252/252
f 1113/1113/1113 1112/1112/1112 252/252/252
f 1113/1113/1113 252/252/252 251/251/251
f 270/270/270 269/269/269 1114/1114/1114
f 270/270/270 1114/1114/1114 1115/1115/1115
f 269/269/269 246/246/246 1113/1113/1113
f 269/269/269 1113/1113/1113 1114/1114/1114
f 1114/1114/1114 1113/1113/1113 251/251/251
f 1114/1114/1114 251/251/251 276/276/276
f 1115/1115/1115 1114/1114/1114 276/276/276
f 1115/1115/1115 276/276/276 275/275/275
f 16/16/16 288/288/288 1116/1116/1116
f 16/16/16 1116/1116/1116 1117/1117/1117
f 288/288/288 270/270/270 1115/1115/1115
f 288/288/288 1115/1115/1115 1116/1116/1116
f 1116/1116/1116 1115/1115/1115 275/275/275
f 1116/1116/1116 275/275/275 291/291/291
f 1117/1117/1117 1116/1116/1116 291/291/291
f 1117/1117/1117 291/291/291 45/45/45
f 18/18/18 17/17/17 1118/1118/1118
f 18/18/18 1118/1118/1118 1119/1119/1119
f 17/17/17 16/16/16 1117/1117/1117
f 17/17/17 1117/1117/1117 1118/1118/1118
f 1118/1118/1118 1117/1117/1117 45/45/45
f 1118/1118/1118 45/45/45 44/44/44
f 1119/1119/1119 1118/1118/1118 44/44/44
f 1119/1119/1119 44/44/44 43/43/43
f 300/300/300 299/299/299 1120/1120/1120
f 300/300/300 1120/1120/1120 1121/1121/1121
f 299/299/299 18/18/18 1119/1119/1119
f 299/299/299 1119/1119/1119 1120/1120/1120
f 1120/1120/1120 1119/1119/1119 43/43/43
f 1120/1120/1120 43/43/43 302/302/302
f 1121/1121/1121 1120/1120/1120 302/302/302
f 1121/1121/1121 302/302/302 306/306/306
f 324/324/324 323/323/323 1122/1122/1122
f 324/324/324 1122/1122/1122 1123/1123/1123
f 323/323/323 300/300/300 1121/1121/1121
f 323/323/323 1121/1121/1121 1122/1122/1122
f 1122/1122/1122 1121/1121/1121 306/306/306
f 1122/1122/1122 306/306/306 326/326/326
f 1123/1123/1123 1122/1122/1122 326/326/326
f 1123/1123/1123 326/326/326 330/330/330
f 348/348/348 347/347/347 1124/1124/1124
f 348/348/348 1124/1124/1124 1125/1125/1125
f 347/347/347 324/324/324 1123/1123/1123
f 347/347/347 1123/1123/1123 1124/1124/1124
f 1124/1124/1124 1123/1123/1123 330/330/330
f 1124/1124/1124 330/330/330 350/350/350
f 1125/1125/1125 1124/1124/1124 350/350/350
f 1125/1125/1125 350/350/350 354/354/354
f 372/372/372 371/371/371 1126/1126/1126
f 372/372/372 1126/1126/1126 1127/1127/1127
f 371/371/371 348/348/348 1125/1125/1125
f 371/371/371 1125/1125/1125 1126/1126/1126
f 1126/1126/1126 1125/1125/1125 354/354/354
f 1126/1126/1126 354/354/354 374/374/374
f 1127/1127/1127 1126/1126/1126 374/374/374
f 1127/1127/1127 374/374/374 378/378/378
f 396/396/396 395/395/395 1128/1128/1128
f 396/396/396 1128/1128/1128 1129/1129/1129
f 395/395/395 372/372/372 1127/1127/1127
f 395/395/395 1127/1127/1127 1128/1128/1128
f 1128/1128/1128 1127/1127/1127 378/378/378
f 1128/1128/1128 378/378/378 398/398/398
f 1129/1129/1129 1128/1128/1128 398/398/398
f 1129/1129/1129 398/398/398 402/402/402
f 419/419/419 834/834/834 1130/1130/1130
f 419/419/419 1130/1130/1130 1131/1131/1131
f 834/834/834 396/396/396 1129/1129/1129
f 834/834/834 1129/1129/1129 1130/1130/1130
f 1130/1130/1130 1129/1129/1129 402/402/402
f 1130/1130/1130 402/402/402 836/836/836
f 1131/1131/1131 1130/1130/1130 836/836/836
f 1131/1131/1131 836/836/836 840/840/840
f 25/25/25 420/420/420 1132/1132/1132
f 25/25/25 1132/1132/1132 1133/1133/1133
f 420/420/420 419/419/419 1131/1131/1131
f 420/420/420 1131/1131/1131 1132/1132/1132
f 1132/1132/1132 1131/1131/1131 840/840/840
f 1132/1132/1132 840/840/840 1134/1134/1134
f 1133/1133/1133 1132/1132/1132 1134/1134/1134
f 1133/1133/1133 1134/1134/1134 1135/1135/1135
f 27/27/27 26/26/26 1136/1136/1136
f 27/27/27 1136/1136/1136 1137/1137/1137
f 26/26/26 25/25/25 1133/1133/1133
f 26/26/26 1133/1133/1133 1136/1136/1136
f 1136/1136/1136 1133/1133/1133 1135/1135/1135
f 1136/1136/1136 1135/1135/1135 1138/1138/1138
f 1137/1137/1137 1136/1136/1136 1138/1138/1138
f 1137/1137/1137 1138/1138/1138 1139/1139/1139
f 570/570/570 569/569/569 1140/1140/1140
f 570/570/570 1140/1140/1140 1141/1141/1141
f 569/569/569 568/568/568 1142/1142/1142
f 569/569/569 1142/1142/1142 1140/1140/1140
f 1140/1140/1140 1142/1142/1142 1143/1143/1143
f 1140/1140/1140 1143/1143/1143 1144/1144/1144
f 1141/1141/1141 1140/1140/1140 1144/1144/1144
f 1141/1141/1141 1144/1144/1144 1145/1145/1145
f 430/430/430 759/759/759 1146/1146/1146
f 430/430/430 1146/1146/1146 1147/1147/1147
f 759/759/759 570/570/570 1141/1141/1141
f 759/759/759 1141/1141/1141 1146/1146/1146
f 1146/1146/1146 1141/1141/1141 1145/1145/1145
f 1146/1146/1146 1145/1145/1145 1148/1148/1148
f 1147/1147/1147 1146/1146/1146 1148/1148/1148
f 1147/1147/1147 1148/1148/1148 1149/1149/1149
f 1150/1150/1150 1151/1151/1151 1152/1152/1152
f 1150/1150/1150 1152/1152/1152 1153/1153/1153
f 1151/1151/1151 434/434/434 431/431/431
f 1151/1151/1151 431/431/431 1152/1152/1152
f 1152/1152/1152 431/431/431 430/430/430
f 1152/1152/1152 430/430/430 1147/1147/1147
f 1153/1153/1153 1152/1152/1152 1147/1147/1147
f 1153/1153/1153 1147/1147/1147 1149/1149/1149
f 1154/1154/1154 1155/1155/1155 1156/1156/1156
f 1154/1154/1154 1156/1156/1156 1157/1157/1157
f 1155/1155/1155 403/403/403 846/846/846
f 1155/1155/1155 846/846/846 1156/1156/1156
f 1156/1156/1156 846/846/846 434/434/434
f 1156/1156/1156 434/434/434 1151/1151/1151
f 1157/1157/1157 1156/1156/1156 1151/1151/1151
f 1157/1157/1157 1151/1151/1151 1150/1150/1150
f 1158/1158/1158 1159/1159/1159 1160/1160/1160
f 1158/1158/1158 1160/1160/1160 1161/1161/1161
f 1159/1159/1159 379/379/379 404/404/404
f 1159/1159/1159 404/404/404 1160/1160/1160
f 1160/1160/1160 404/404/404 403/403/403
f 1160/1160/1160 403/403/403 1155/1155/1155
f 1161/1161/1161 1160/1160/1160 1155/1155/1155
f 1161/1161/1161 1155/1155/1155 1154/1154/1154
f 1162/1162/1162 1163/1163/1163 1164/1164/1164
f 1162/1162/1162 1164/1164/1164 1165/1165/1165
f 1163/1163/1163 355/355/355 380/380/380
f 1163/1163/1163 380/380/380 1164/1164/1164
f 1164/1164/1164 380/380/380 379/379/379
f 1164/1164/1164 379/379/379 1159/1159/1159
f 1165/1165/1165 1164/1164/1164 1159/1159/1159
f 1165/1165/1165 1159/1159/1159 1158/1158/1158
f 1166/1166/1166 1167/1167/1167 1168/1168/1168
f 1166/1166/1166 1168/1168/1168 1169/1169/1169
f 1167/1167/1167 331/331/331 356/356/356
f 1167/1167/1167 356/356/356 1168/1168/1168
f 1168/1168/1168 356/356/356 355/355/355
f 1168/1168/1168 355/355/355 1163/1163/1163
f 1169/1169/1169 1168/1168/1168 1163/1163/1163
f 1169/1169/1169 1163/1163/1163 1162/1162/1162
f 1170/1170/1170 1171/1171/1171 1172/1172/1172
f 1170/1170/1170 1172/1172/1172 1173/1173/1173
f 1171/1171/1171 307/307/307 332/332/332
f 1171/1171/1171 332/332/332 1172/1172/1172
f 1172/1172/1172 332/332/332 331/331/331
f 1172/1172/1172 331/331/331 1167/1167/1167
f 1173/1173/1173 1172/1172/1172 1167/1167/1167
f 1173/1173/1173 1167/1167/1167 1166/1166/1166
f 1174/1174/1174 1175/1175/1175 1176/1176/1176
f 1174/1174/1174 1176/1176/1176 1177/1177/1177
f 1175/1175/1175 34/34/34 308/308/308
f 1175/1175/1175 308/308/308 1176/1176/1176
f 1176/1176/1176 308/308/308 307/307/307
f 1176/1176/1176 307/307/307 1171/1171/1171
f 1177/1177/1177 1176/1176/1176 1171/1171/1171
f 1177/1177/1177 1171/1171/1171 1170/1170/1170
f 36/36/36 35/35/35 1178/1178/1178
f 36/36/36 1178/1178/1178 1179/1179/1179
f 35/35/35 34/34/34 1175/1175/1175
f 35/35/35 1175/1175/1175 1178/1178/1178
f 1178/1178/1178 1175/1175/1175 1174/1174/1174
f 1178/1178/1178 1174/1174/1174 1180/1180/1180
f 1179/1179/1179 1178/1178/1178 1180/1180/1180
f 1179/1179/1179 1180/1180/1180 1181/1181/1181
f 281/281/281 294/294/294 1182/1182/1182
f 281/281/281 1182/1182/1182 1183/1183/1183
f 294/294/294 36/36/36 1179/1179/1179
f 294/294/294 1179/1179/1179 1182/1182/1182
f 1182/1182/1182 1179/1179/1179 1181/1181/1181
f 1182/1182/1182 1181/1181/1181 1184/1184/1184
f 1183/1183/1183 1182/1182/1182 1184/1184/1184
f 1183/1183/1183 1184/1184/1184 1185/1185/1185
f 257/257/257 282/282/282 1186/1186/1186
f 257/257/257 1186/1186/1186 1187/1187/1187
f 282/282/282 281/281/281 1183/1183/1183
f 282/282/282 1183/1183/1183 1186/1186/1186
f 1186/1186/1186 1183/1183/1183 1185/1185/1185
f 1186/1186/1186 1185/1185/1185 1188/1188/1188
f 1187/1187/1187 1186/1186/1186 1188/1188/1188
f 1187/1187/1187 1188/1188/1188 1189/1189/1189
f 233/233/233 258/258/258 1190/1190/1190
f 233/233/233 1190/1190/1190 1191/1191/1191
f 258/258/258 257/257/257 1187/1187/1187
f 258/258/258 1187/1187/1187 1190/1190/1190
f 1190/1190/1190 1187/1187/1187 1189/1189/1189
f 1190/1190/1190 1189/1189/1189 1192/1192/1192
f 1191/1191/1191 1190/1190/1190 1192/1192/1192
f 1191/1191/1191 1192/1192/1192 1193/1193/1193
f 209/209/209 234/234/234 1194/1194/1194
f 209/209/209 1194/1194/1194 1195/1195/1195
f 234/234/234 233/233/233 1191/1191/1191
f 234/234/234 1191/1191/1191 1194/1194/1194
f 1194/1194/1194 1191/1191/1191 1193/1193/1193
f 1194/1194/1194 1193/1193/1193 1196/1196/1196
f 1195/1195/1195 1194/1194/1194 1196/1196/1196
f 1195/1195/1195 1196/1196/1196 1197/1197/1197
f 185/185/185 210/210/210 1198/1198/1198
f 185/185/185 1198/1198/1198 1199/1199/1199
f 210/210/210 209/209/209 1195/1195/1195
f 210/210/210 1195/1195/1195 1198/1198/1198
f 1198/1198/1198 1195/1195/1195 1197/1197/1197
f 1198/1198/1198 1197/1197/1197 1200/1200/1200
f 1199/1199/1199 1198/1198/1198 1200/1200/1200
f 1199/1199/1199 1200/1200/1200 1201/1201/1201
f 161/161/161 186/186/186 1202/1202/1202
f 161/161/161 1202/1202/1202 1203/1203/1203
f 186/186/186 185/185/185 1199/1199/1199
f 186/186/186 1199/1199/1199 1202/1202/1202
f 1202/1202/1202 1199/1199/1199 1201/1201/1201
f 1202/1202/1202 1201/1201/1201 1204/1204/1204
f 1203/1203/1203 1202/1202/1202 1204/1204/1204
f 1203/1203/1203 1204/1204/1204 1205/1205/1205
f 137/137/137 162/162/162 1206/1206/1206
f 137/137/137 1206/1206/1206 1207/1207/1207
f 162/162/162 161/161/161 1203/1203/1203
f 162/162/162 1203/1203/1203 1206/1206/1206
f 1206/1206/1206 1203/1203/1203 1205/1205/1205
f 1206/1206/1206 1205/1205/1205 1208/1208/1208
f 1207/1207/1207 1206/1206/1206 1208/1208/1208
f 1207/1207/1207 1208/1208/1208 1209/1209/1209
f 113/113/113 138/138/138 1210/1210/1210
f 113/113/113 1210/1210/1210 1211/1211/1211
f 138/138/138 137/137/137 1207/1207/1207
f 138/138/138 1207/1207/1207 1210/1210/1210
f 1210/1210/1210 1207/1207/1207 1209/1209/1209
f 1210/1210/1210 1209/1209/1209 1212/1212/1212
f 1211/1211/1211 1210/1210/1210 1212/1212/1212
f 1211/1211/1211 1212/1212/1212 1213/1213/1213
f 88/88/88 114/114/114 1214/1214/1214
f 88/88/88 1214/1214/1214 1077/1077/1077
f 114/114/114 113/113/113 1211/1211/1211
f 114/114/114 1211/1211/1211 1214/1214/1214
f 1214/1214/1214 1211/1211/1211 1213/1213/1213
f 1214/1214/1214 1213/1213/1213 1215/1215/1215
f 1077/1077/1077 1214/1214/1214 1215/1215/1215
f 1077/1077/1077 1215/1215/1215 1078/1078/1078
f 1216/1216/1216 1217/1217/1217 1218/1218/1218
f 1216/1216/1216 1218/1218/1218 1219/1219/1219
f 1217/1217/1217 899/899/899 896/896/896
f 1217/1217/1217 896/896/896 1218/1218/1218
f 1218/1218/1218 896/896/896 895/895/895
f 1218/1218/1218 895/895/895 1220/1220/1220
f 1219/1219/1219 1218/1218/1218 1220/1220/1220
f 1219/1219/1219 1220/1220/1220 1221/1221/1221
f 1222/1222/1222 1223/1223/1223 1224/1224/1224
f 1222/1222/1222 1224/1224/1224 1225/1225/1225
f 1223/1223/1223 903/903/903 901/901/901
f 1223/1223/1223 901/901/901 1224/1224/1224
f 1224/1224/1224 901/901/901 899/899/899
f 1224/1224/1224 899/899/899 1217/1217/1217
f 1225/1225/1225 1224/1224/1224 1217/1217/1217
f 1225/1225/1225 1217/1217/1217 1216/1216/1216
f 1226/1226/1226 1227/1227/1227 1228/1228/1228
f 1226/1226/1226 1228/1228/1228 1229/1229/1229
f 1227/1227/1227 907/907/907 905/905/905
f 1227/1227/1227 905/905/905 1228/1228/1228
f 1228/1228/1228 905/905/905 903/903/903
f 1228/1228/1228 903/903/903 1223/1223/1223
f 1229/1229/1229 1228/1228/1228 1223/1223/1223
f 1229/1229/1229 1223/1223/1223 1222/1222/1222
f 1230/1230/1230 1231/1231/1231 1232/1232/1232
f 1230/1230/1230 1232/1232/1232 1233/1233/1233
f 1231/1231/1231 911/911/911 909/909/909
f 1231/1231/1231 909/909/909 1232/1232/1232
f 1232/1232/1232 909/909/909 907/907/907
f 1232/1232/1232 907/907/907 1227/1227/1227
f 1233/1233/1233 1232/1232/1232 1227/1227/1227
f 1233/1233/1233 1227/1227/1227 1226/1226/1226
f 1234/1234/1234 1235/1235/1235 1236/1236/1236
f 1234/1234/1234 1236/1236/1236 1237/1237/1237
f 1235/1235/1235 915/915/915 913/913/913
f 1235/1235/1235 913/913/913 1236/1236/1236
f 1236/1236/1236 913/913/913 911/911/911
f 1236/1236/1236 911/911/911 1231/1231/1231
f 1237/1237/1237 1236/1236/1236 1231/1231/1231
f 1237/1237/1237 1231/1231/1231 1230/1230/1230
f 1238/1238/1238 1239/1239/1239 1240/1240/1240
f 1238/1238/1238 1240/1240/1240 1241/1241/1241
f 1239/1239/1239 919/919/919 917/917/917
f 1239/1239/1239 917/917/917 1240/1240/1240
f 1240/1240/1240 917/917/917 915/915/915
f 1240/1240/1240 915/915/915 1235/1235/1235
f 1241/1241/1241 1240/1240/1240 1235/1235/1235
f 1241/1241/1241 1235/1235/1235 1234/1234/1234
f 1242/1242/1242 1243/1243/1243 1244/1244/1244
f 1242/1242/1242 1244/1244/1244 1245/1245/1245
f 1243/1243/1243 923/923/923 921/921/921
f 1243/1243/1243 921/921/921 1244/1244/1244
f 1244/1244/1244 921/921/921 919/919/919
f 1244/1244/1244 919/919/919 1239/1239/1239
f 1245/1245/1245 1244/1244/1244 1239/1239/1239
f 1245/1245/1245 1239/1239/1239 1238/1238/1238
f 1246/1246/1246 1247/1247/1247 1248/1248/1248
f 1246/1246/1246 1248/1248/1248 1249/1249/1249
f 1247/1247/1247 927/927/927 925/925/925
f 1247/1247/1247 925/925/925 1248/1248/1248
f 1248/1248/1248 925/925/925 923/923/923
f 1248/1248/1248 923/923/923 1243/1243/1243
f 1249/1249/1249 1248/1248/1248 1243/1243/1243
f 1249/1249/1249 1243/1243/1243 1242/1242/1242
f 1250/1250/1250 1251/1251/1251 1252/1252/1252
f 1250/1250/1250 1252/1252/1252 1253/1253/1253
f 1251/1251/1251 931/931/931 929/929/929
f 1251/1251/1251 929/929/929 1252/1252/1252
f 1252/1252/1252 929/929/929 927/927/927
f 1252/1252/1252 927/927/927 1247/1247/1247
f 1253/1253/1253 1252/1252/1252 1247/1247/1247
f 1253/1253/1253 1247/1247/1247 1246/1246/1246
f 1254/1254/1254 1255/1255/1255 1256/1256/1256
f 1254/1254/1254 1256/1256/1256 1257/1257/1257
f 1255/1255/1255 935/935/935 933/933/933
f 1255/1255/1255 933/933/933 1256/1256/1256
f 1256/1256/1256 933/933/933 931/931/931
f 1256/1256/1256 931/931/931 1251/1251/1251
f 1257/1257/1257 1256/1256/1256 1251/1251/1251
f 1257/1257/1257 1251/1251/1251 1250/1250/1250
f 1258/1258/1258 1259/1259/1259 1260/1260/1260
f 1258/1258/1258 1260/1260/1260 1261/1261/1261
f 1259/1259/1259 939/939/939 937/937/937
f 1259/1259/1259 937/937/937 1260/1260/1260
f 1260/1260/1260 937/937/937 935/935/935
f 1260/1260/1260 935/935/935 1255/1255/1255
f 1261/1261/1261 1260/1260/1260 1255/1255/1255
f 1261/1261/1261 1255/1255/1255 1254/1254/1254
f 1262/1262/1262 1263/1263/1263 1264/1264/1264
f 1262/1262/1262 1264/1264/1264 1265/1265/1265
f 1263/1263/1263 943/943/943 941/941/941
f 1263/1263/1263 941/941/941 1264/1264/1264
f 1264/1264/1264 941/941/941 939/939/939
f 1264/1264/1264 939/939/939 1259/1259/1259
f 1265/1265/1265 1264/1264/1264 1259/1259/1259
f 1265/1265/1265 1259/1259/1259 1258/1258/1258
f 948/948/948 947/947/947 1266/1266/1266
f 948/948/948 1266/1266/1266 1267/1267/1267
f 947/947/947 943/943/943 1263/1263/1263
f 947/947/947 1263/1263/1263 1266/1266/1266
f 1266/1266/1266 1263/1263/1263 1262/1262/1262
f 1266/1266/1266 1262/1262/1262 1268/1268/1268
f 1267/1267/1267 1266/1266/1266 1268/1268/1268
f 1267/1267/1267 1268/1268/1268 1269/1269/1269
f 952/952/952 951/951/951 1270/1270/1270
f 952/952/952 1270/1270/1270 1271/1271/1271
f 951/951/951 948/948/948 1267/1267/1267
f 951/951/951 1267/1267/1267 1270/1270/1270
f 1270/1270/1270 1267/1267/1267 1269/1269/1269
f 1270/1270/1270 1269/1269/1269 1272/1272/1272
f 1271/1271/1271 1270/1270/1270 1272/1272/1272
f 1271/1271/1271 1272/1272/1272 1273/1273/1273
f 956/956/956 955/955/955 1274/1274/1274
f 956/956/956 1274/1274/1274 1275/1275/1275
f 955/955/955 952/952/952 1271/1271/1271
f 955/955/955 1271/1271/1271 1274/1274/1274
f 1274/1274/1274 1271/1271/1271 1273/1273/1273
f 1274/1274/1274 1273/1273/1273 1276/1276/1276
f 1275/1275/1275 1274/1274/1274 1276/1276/1276
f 1275/1275/1275 1276/1276/1276 1277/1277/1277
f 960/960/960 959/959/959 1278/1278/1278
f 960/960/960 1278/1278/1278 1279/1279/1279
f 959/959/959 956/956/956 1275/1275/1275
f 959/959/959 1275/1275/1275 1278/1278/1278
f 1278/1278/1278 1275/1275/1275 1277/1277/1277
f 1278/1278/1278 1277/1277/1277 1280/1280/1280
f 1279/1279/1279 1278/1278/1278 1280/1280/1280
f 1279/1279/1279 1280/1280/1280 1281/1281/1281
f 964/964/964 963/963/963 1282/1282/1282
f 964/964/964 1282/1282/1282 1283/1283/1283
f 963/963/963 960/960/960 1279/1279/1279
f 963/963/963 1279/1279/1279 1282/1282/1282
f 1282/1282/1282 1279/1279/1279 1281/1281/1281
f 1282/1282/1282 1281/1281/1281 1284/1284/1284
f 1283/1283/1283 1282/1282/1282 1284/1284/1284
f 1283/1283/1283 1284/1284/1284 1285/1285/1285
f 968/968/968 967/967/967 1286/1286/1286
f 968/968/968 1286/1286/1286 1287/1287/1287
f 967/967/967 964/964/964 1283/1283/1283
f 967/967/967 1283/1283/1283 1286/1286/1286
f 1286/1286/1286 1283/1283/1283 1285/1285/1285
f 1286/1286/1286 1285/1285/1285 1288/1288/1288
f 1287/1287/1287 1286/1286/1286 1288/1288/1288
f 1287/1287/1287 1288/1288/1288 1289/1289/1289
f 972/972/972 971/971/971 1290/1290/1290
f 972/972/972 1290/1290/1290 1291/1291/1291
f 971/971/971 968/968/968 1287/1287/1287
f 971/971/971 1287/1287/1287 1290/1290/1290
f 1290/1290/1290 1287/1287/1287 1289/1289/1289
f 1290/1290/1290 1289/1289/1289 1292/1292/1292
f 1291/1291/1291 1290/1290/1290 1292/1292/1292
f 1291/1291/1291 1292/1292/1292 1293/1293/1293
f 1294/1294/1294 1295/1295/1295 1296/1296/1296
f 1294/1294/1294 1296/1296/1296 1297/1297/1297
f 1295/1295/1295 975/975/975 973/973/973
f 1295/1295/1295 973/973/973 1296/1296/1296
f 1296/1296/1296 973/973/973 972/972/972
f 1296/1296/1296 972/972/972 1291/1291/1291
f 1297/1297/1297 1296/1296/1296 1291/1291/1291
f 1297/1297/1297 1291/1291/1291 1293/1293/1293
f 1298/1298/1298 1299/1299/1299 1300/1300/1300
f 1298/1298/1298 1300/1300/1300 1301/1301/1301
f 1299/1299/1299 979/979/979 977/977/977
f 1299/1299/1299 977/977/977 1300/1300/1300
f 1300/1300/1300 977/977/977 975/975/975
f 1300/1300/1300 975/975/975 1295/1295/1295
f 1301/1301/1301 1300/1300/1300 1295/1295/1295
f 1301/1301/1301 1295/1295/1295 1294/1294/1294
f 447/447/447 1302/1302/1302 1303/1303/1303
f 447/447/447 1303/1303/1303 442/442/442
f 1302/1302/1302 985/985/985 982/982/982
f 1302/1302/1302 982/982/982 1303/1303/1303
f 1303/1303/1303 982/982/982 981/981/981
f 1303/1303/1303 981/981/981 1304/1304/1304
f 442/442/442 1303/1303/1303 1304/1304/1304
f 442/442/442 1304/1304/1304 439/439/439
f 445/445/445 1305/1305/1305 1306/1306/1306
f 445/445/445 1306/1306/1306 446/446/446
f 1305/1305/1305 989/989/989 987/987/987
f 1305/1305/1305 987/987/987 1306/1306/1306
f 1306/1306/1306 987/987/987 985/985/985
f 1306/1306/1306 985/985/985 1302/1302/1302
f 446/446/446 1306/1306/1306 1302/1302/1302
f 446/446/446 1302/1302/1302 447/447/447
f 414/414/414 1307/1307/1307 1308/1308/1308
f 414/414/414 1308/1308/1308 855/855/855
f 1307/1307/1307 993/993/993 991/991/991
f 1307/1307/1307 991/991/991 1308/1308/1308
f 1308/1308/1308 991/991/991 989/989/989
f 1308/1308/1308 989/989/989 1305/1305/1305
f 855/855/855 1308/1308/1308 1305/1305/1305
f 855/855/855 1305/1305/1305 445/445/445
f 390/390/390 1309/1309/1309 1310/1310/1310
f 390/390/390 1310/1310/1310 413/413/413
f 1309/1309/1309 997/997/997 995/995/995
f 1309/1309/1309 995/995/995 1310/1310/1310
f 1310/1310/1310 995/995/995 993/993/993
f 1310/1310/1310 993/993/993 1307/1307/1307
f 413/413/413 1310/1310/1310 1307/1307/1307
f 413/413/413 1307/1307/1307 414/414/414
f 366/366/366 1311/1311/1311 1312/1312/1312
f 366/366/366 1312/1312/1312 389/389/389
f 1311/1311/1311 1001/1001/1001 999/999/999
f 1311/1311/1311 999/999/999 1312/1312/1312
f 1312/1312/1312 999/999/999 997/997/997
f 1312/1312/1312 997/997/997 1309/1309/1309
f 389/389/389 1312/1312/1312 1309/1309/1309
f 389/389/389 1309/1309/1309 390/390/390
f 342/342/342 1313/1313/1313 1314/1314/1314
f 342/342/342 1314/1314/1314 365/365/365
f 1313/1313/1313 1005/1005/1005 1003/1003/1003
f 1313/1313/1313 1003/1003/1003 1314/1314/1314
f 1314/1314/1314 1003/1003/1003 1001/1001/1001
f 1314/1314/1314 1001/1001/1001 1311/1311/1311
f 365/365/365 1314/1314/1314 1311/1311/1311
f 365/365/365 1311/1311/1311 366/366/366
f 318/318/318 1315/1315/1315 1316/1316/1316
f 318/318/318 1316/1316/1316 341/341/341
f 1315/1315/1315 1009/1009/1009 1007/1007/1007
f 1315/1315/1315 1007/1007/1007 1316/1316/1316
f 1316/1316/1316 1007/1007/1007 1005/1005/1005
f 1316/1316/1316 1005/1005/1005 1313/1313/1313
f 341/341/341 1316/1316/1316 1313/1313/1313
f 341/341/341 1313/1313/1313 342/342/342
f 54/54/54 1317/1317/1317 1318/1318/1318
f 54/54/54 1318/1318/1318 317/317/317
f 1317/1317/1317 1013/1013/1013 1011/1011/1011
f 1317/1317/1317 1011/1011/1011 1318/1318/1318
f 1318/1318/1318 1011/1011/1011 1009/1009/1009
f 1318/1318/1318 1009/1009/1009 1315/1315/1315
f 317/317/317 1318/1318/1318 1315/1315/1315
f 317/317/317 1315/1315/1315 318/318/318
f 52/52/52 1319/1319/1319 1320/1320/1320
f 52/52/52 1320/1320/1320 53/53/53
f 1319/1319/1319 1017/1017/1017 1015/1015/1015
f 1319/1319/1319 1015/1015/1015 1320/1320/1320
f 1320/1320/1320 1015/1015/1015 1013/1013/1013
f 1320/1320/1320 1013/1013/1013 1317/1317/1317
f 53/53/53 1320/1320/1320 1317/1317/1317
f 53/53/53 1317/1317/1317 54/54/54
f 264/264/264 1321/1321/1321 1322/1322/1322
f 264/264/264 1322/1322/1322 285/285/285
f 1321/1321/1321 1021/1021/1021 1019/1019/1019
f 1321/1321/1321 1019/1019/1019 1322/1322/1322
f 1322/1322/1322 1019/1019/1019 1017/1017/1017
f 1322/1322/1322 1017/1017/1017 1319/1319/1319
f 285/285/285 1322/1322/1322 1319/1319/1319
f 285/285/285 1319/1319/1319 52/52/52
f 240/240/240 1323/1323/1323 1324/1324/1324
f 240/240/240 1324/1324/1324 263/263/263
f 1323/1323/1323 1025/1025/1025 1023/1023/1023
f 1323/1323/1323 1023/1023/1023 1324/1324/1324
f 1324/1324/1324 1023/1023/1023 1021/1021/1021
f 1324/1324/1324 1021/1021/1021 1321/1321/1321
f 263/263/263 1324/1324/1324 1321/1321/1321
f 263/263/263 1321/1321/1321 264/264/264
f 216/216/216 1325/1325/1325 1326/1326/1326
f 216/216/216 1326/1326/1326 239/239/239
f 1325/1325/1325 1029/1029/1029 1027/1027/1027
f 1325/1325/1325 1027/1027/1027 1326/1326/1326
f 1326/1326/1326 1027/1027/1027 1025/1025/1025
f 1326/1326/1326 1025/1025/1025 1323/1323/1323
f 239/239/239 1326/1326/1326 1323/1323/1323
f 239/239/239 1323/1323/1323 240/240/240
f 192/192/192 1327/1327/1327 1328/1328/1328
f 192/192/192 1328/1328/1328 215/215/215
f 1327/1327/1327 1033/1033/1033 1031/1031/1031
f 1327/1327/1327 1031/1031/1031 1328/1328/1328
f 1328/1328/1328 1031/1031/1031 1029/1029/1029
f 1328/1328/1328 1029/1029/1029 1325/1325/1325
f 215/215/215 1328/1328/1328 1325/1325/1325
f 215/215/215 1325/1325/1325 216/216/216
f 168/168/168 1329/1329/1329 1330/1330/1330
f 168/168/168 1330/1330/1330 191/191/191
f 1329/1329/1329 1037/1037/1037 1035/1035/1035
f 1329/1329/1329 1035/1035/1035 1330/1330/1330
f 1330/1330/1330 1035/1035/1035 1033/1033/1033
f 1330/1330/1330 1033/1033/1033 1327/1327/1327
f 191/191/191 1330/1330/1330 1327/1327/1327
f 191/191/191 1327/1327/1327 192/192/192
f 144/144/144 1331/1331/1331 1332/1332/1332
f 144/144/144 1332/1332/1332 167/167/167
f 1331/1331/1331 1041/1041/1041 1039/1039/1039
f 1331/1331/1331 1039/1039/1039 1332/1332/1332
f 1332/1332/1332 1039/1039/1039 1037/1037/1037
f 1332/1332/1332 1037/1037/1037 1329/1329/1329
f 167/167/167 1332/1332/1332 1329/1329/1329
f 167/167/167 1329/1329/1329 168/168/168
f 120/120/120 1333/1333/1333 1334/1334/1334
f 120/120/120 1334/1334/1334 143/143/143
f 1333/1333/1333 1045/1045/1045 1043/1043/1043
f 1333/1333/1333 1043/1043/1043 1334/1334/1334
f 1334/1334/1334 1043/1043/1043 1041/1041/1041
f 1334/1334/1334 1041/1041/1041 1331/1331/1331
f 143/143/143 1334/1334/1334 1331/1331/1331
f 143/143/143 1331/1331/1331 144/144/144
f 96/96/96 1335/1335/1335 1336/1336/1336
f 96/96/96 1336/1336/1336 119/119/119
f 1335/1335/1335 1049/1049/1049 1047/1047/1047
f 1335/1335/1335 1047/1047/1047 1336/1336/1336
f 1336/1336/1336 1047/1047/1047 1045/1045/1045
f 1336/1336/1336 1045/1045/1045 1333/1333/1333
f 119/119/119 1336/1336/1336 1333/1333/1333
f 119/119/119 1333/1333/1333 120/120/120
f 63/63/63 1337/1337/1337 1338/1338/1338
f 63/63/63 1338/1338/1338 95/95/95
f 1337/1337/1337 1053/1053/1053 1051/1051/1051
f 1337/1337/1337 1051/1051/1051 1338/1338/1338
f 1338/1338/1338 1051/1051/1051 1049/1049/1049
f 1338/1338/1338 1049/1049/1049 1335/1335/1335
f 95/95/95 1338/1338/1338 1335/1335/1335
f 95/95/95 1335/1335/1335 96/96/96
f 61/61/61 1339/1339/1339 1340/1340/1340
f 61/61/61 1340/1340/1340 62/62/62
f 1339/1339/1339 1057/1057/1057 1055/1055/1055
f 1339/1339/1339 1055/1055/1055 1340/1340/1340
f 1340/1340/1340 1055/1055/1055 1053/1053/1053
f 1340/1340/1340 1053/1053/1053 1337/1337/1337
f 62/62/62 1340/1340/1340 1337/1337/1337
f 62/62/62 1337/1337/1337 63/63/63
f 894/894/894 1341/1341/1341 1342/1342/1342
f 894/894/894 1342/1342/1342 890/890/890
f 1341/1341/1341 1061/1061/1061 1059/1059/1059
f 1341/1341/1341 1059/1059/1059 1342/1342/1342
f 1342/1342/1342 1059/1059/1059 1057/1057/1057
f 1342/1342/1342 1057/1057/1057 1339/1339/1339
f 890/890/890 1342/1342/1342 1339/1339/1339
f 890/890/890 1339/1339/1339 61/61/61
f 1343/1343/1343 1344/1344/1344 1345/1345/1345
f 1343/1343/1343 1345/1345/1345 1346/1346/1346
f 1344/1344/1344 1065/1065/1065 1063/1063/1063
f 1344/1344/1344 1063/1063/1063 1345/1345/1345
f 1345/1345/1345 1063/1063/1063 1061/1061/1061
f 1345/1345/1345 1061/1061/1061 1341/1341/1341
f 1346/1346/1346 1345/1345/1345 1341/1341/1341
f 1346/1346/1346 1341/1341/1341 894/894/894
f 1347/1347/1347 1348/1348/1348 1349/1349/1349
f 1347/1347/1347 1349/1349/1349 1350/1350/1350
f 1348/1348/1348 1071/1071/1071 1068/1068/1068
f 1348/1348/1348 1068/1068/1068 1349/1349/1349
f 1349/1349/1349 1068/1068/1068 1067/1067/1067
f 1349/1349/1349 1067/1067/1067 1351/1351/1351
f 1350/1350/1350 1349/1349/1349 1351/1351/1351
f 1350/1350/1350 1351/1351/1351 1352/1352/1352
f 1221/1221/1221 1220/1220/1220 1353/1353/1353
f 1221/1221/1221 1353/1353/1353 1354/1354/1354
f 1220/1220/1220 895/895/895 1073/1073/1073
f 1220/1220/1220 1073/1073/1073 1353/1353/1353
f 1353/1353/1353 1073/1073/1073 1071/1071/1071
f 1353/1353/1353 1071/1071/1071 1348/1348/1348
f 1354/1354/1354 1353/1353/1353 1348/1348/1348
f 1354/1354/1354 1348/1348/1348 1347/1347/1347
