# ship_uppermain_ship_uppermain1_0_34
v -0.657375 0.199413 -0.077253
v -0.689147 0.199413 -0.046121
v -0.680585 0.218728 -0.040119
v -0.650828 0.218728 -0.069749
v -0.706944 0.199413 -0.020167
v -0.696995 0.218728 -0.015436
v -0.698070 0.220752 -0.002926
v -0.677764 0.220535 -0.035466
v -0.647850 0.220535 -0.064508
v -0.720751 0.199413 -0.000083
v -0.742711 0.199413 0.033923
v -0.730835 0.218728 0.039778
v -0.709974 0.218728 0.004612
v -0.764229 0.199413 0.067851
v -0.751255 0.218728 0.074867
v -0.744805 0.220067 0.065800
v -0.729564 0.220535 0.039944
v -0.714525 0.220067 0.013922
v -0.728499 0.199413 0.085684
v -0.719988 0.199413 0.126448
v -0.707365 0.218728 0.124222
v -0.714743 0.218728 0.090574
v -0.713897 0.199413 0.167639
v -0.702643 0.218728 0.158339
v -0.696232 0.220752 0.166982
v -0.704912 0.220535 0.123790
v -0.711610 0.220752 0.080248
v -0.741697 0.199413 0.196674
v -0.710251 0.199413 0.221263
v -0.701094 0.218728 0.211699
v -0.731905 0.218728 0.185644
v -0.678391 0.199413 0.245779
v -0.669869 0.218728 0.237681
v -0.677224 0.220067 0.230470
v -0.699970 0.220535 0.211111
v -0.722870 0.220067 0.191980
v -0.657592 0.199413 0.259761
v -0.631985 0.199413 0.278062
v -0.625992 0.218728 0.269494
v -0.649862 0.218728 0.251912
v -0.591481 0.199413 0.296450
v -0.587896 0.218728 0.287159
v -0.586889 0.220535 0.281215
v -0.624932 0.220535 0.264156
v -0.655136 0.220752 0.240522
v -0.538214 0.199413 0.302805
v -0.537218 0.218728 0.293263
v -0.479493 0.199413 0.297880
v -0.481137 0.218728 0.288559
v -0.482203 0.220535 0.282512
v -0.537059 0.220535 0.287113
v -0.422630 0.199413 0.282425
v -0.426829 0.218728 0.273799
v -0.370392 0.199124 0.257466
v -0.376939 0.218728 0.249961
v -0.380319 0.220535 0.244791
v -0.429081 0.220535 0.268074
v -0.325551 0.198260 0.224029
v -0.334113 0.218728 0.218028
v -0.290143 0.197516 0.183980
v -0.300296 0.218728 0.179779
v -0.305619 0.220535 0.176465
v -0.338540 0.220535 0.213658
v -0.266205 0.197592 0.139185
v -0.277434 0.218728 0.136996
v -0.251718 0.197819 0.103660
v -0.263687 0.218720 0.103084
v -0.266947 0.220750 0.098375
v -0.283431 0.220535 0.135005
v -0.212692 0.220443 0.043627
v -0.209465 0.218360 0.043088
v -0.202733 0.218315 0.035914
v -0.206156 0.220432 0.036515
v -0.195175 0.194580 0.040881
v -0.188259 0.194218 0.033394
v -0.187959 0.194196 0.032618
v -0.202440 0.218312 0.035172
v -0.205873 0.220431 0.035777
v -0.272164 0.197819 -0.012297
v -0.297928 0.197592 -0.040723
v -0.307731 0.218728 -0.034826
v -0.283215 0.218720 -0.007661
v -0.335743 0.197516 -0.074630
v -0.343847 0.218728 -0.067209
v -0.347716 0.220535 -0.062275
v -0.312685 0.220535 -0.030904
v -0.284698 0.220750 -0.002143
v -0.382713 0.198260 -0.100154
v -0.388706 0.218728 -0.091586
v -0.436286 0.199124 -0.116237
v -0.439871 0.218728 -0.106946
v -0.441279 0.220535 -0.100932
v -0.391372 0.220535 -0.085965
v -0.493910 0.199413 -0.121825
v -0.494905 0.218728 -0.112283
v -0.552630 0.199413 -0.116899
v -0.550986 0.218728 -0.107579
v -0.549920 0.220535 -0.101531
v -0.495064 0.220535 -0.106133
v -0.609494 0.199413 -0.101444
v -0.605294 0.218728 -0.092818
v -0.603042 0.220535 -0.087093
v -0.707168 0.069867 0.001344
v -0.679792 0.072281 -0.036870
v -0.669679 0.072281 -0.029291
v -0.696228 0.069522 0.008200
v -0.643035 0.072281 -0.070761
v -0.634260 0.072281 -0.062011
v -0.638509 0.073555 -0.064044
v -0.673910 0.073555 -0.031251
v -0.699986 0.070788 0.006459
v -0.728991 0.055323 0.080637
v -0.723296 0.062626 0.039574
v -0.710986 0.061247 0.046768
v -0.715899 0.052900 0.085929
v -0.714798 0.062486 0.045705
v -0.719912 0.054121 0.085761
v -0.712780 0.055010 0.172576
v -0.725067 0.052722 0.127344
v -0.712913 0.049928 0.125201
v -0.702287 0.052543 0.163125
v -0.716893 0.051167 0.125902
v -0.706001 0.053809 0.164655
v -0.665153 0.069804 0.239623
v -0.693384 0.062376 0.209214
v -0.684276 0.060961 0.198244
v -0.657218 0.069451 0.229438
v -0.687495 0.062236 0.200546
v -0.660154 0.070726 0.232359
v -0.580227 0.072281 0.285444
v -0.626358 0.072281 0.266169
v -0.619447 0.072281 0.255589
v -0.574973 0.072281 0.274221
v -0.622752 0.073555 0.258877
v -0.578271 0.073555 0.277585
v -0.476506 0.072281 0.291204
v -0.529984 0.072281 0.294041
v -0.527805 0.072281 0.282859
v -0.477771 0.072281 0.280535
v -0.529688 0.073555 0.285966
v -0.477858 0.073555 0.283248
v -0.367629 0.069513 0.250927
v -0.420668 0.072281 0.276178
v -0.424700 0.072281 0.266280
v -0.373963 0.069451 0.242144
v -0.423634 0.073555 0.268655
v -0.372131 0.070726 0.244158
v -0.287336 0.055516 0.177829
v -0.322547 0.061209 0.217418
v -0.330926 0.060961 0.210176
v -0.297391 0.055302 0.172520
v -0.328461 0.062236 0.211724
v -0.294447 0.056577 0.173540
v -0.250760 0.068401 0.100093
v -0.263910 0.060577 0.134342
v -0.275157 0.060961 0.131319
v -0.262742 0.069450 0.098932
v -0.271910 0.062236 0.131790
v -0.259338 0.070725 0.098982
v -0.246520 0.070925 0.042945
v -0.246457 0.070934 0.043615
v -0.264573 0.072054 0.046770
v -0.264674 0.072052 0.046147
v -0.246446 0.070951 0.049518
v -0.263791 0.072083 0.052190
v -0.261247 0.073506 0.051816
v -0.262167 0.073499 0.046353
v -0.262276 0.073498 0.045724
v -0.331002 0.055516 -0.069810
v -0.294115 0.060577 -0.036958
v -0.303649 0.060961 -0.030271
v -0.338634 0.055302 -0.061382
v -0.270058 0.068402 -0.009312
v -0.280914 0.069450 -0.004121
v -0.277731 0.070725 -0.005333
v -0.300759 0.062236 -0.031824
v -0.336217 0.056577 -0.063347
v -0.431453 0.069513 -0.111038
v -0.377629 0.061209 -0.094968
v -0.383026 0.060961 -0.085297
v -0.434401 0.069451 -0.100618
v -0.381240 0.062236 -0.087595
v -0.433368 0.070726 -0.103137
v -0.547539 0.072281 -0.111648
v -0.489930 0.072281 -0.116625
v -0.490334 0.072281 -0.105945
v -0.545079 0.072281 -0.101190
v -0.490144 0.073555 -0.108542
v -0.546088 0.073555 -0.103709
v -0.598762 0.072281 -0.096023
v -0.592890 0.072281 -0.086261
v -0.595723 0.073555 -0.088536
v -0.647850 0.220535 -0.064508
v -0.677764 0.220535 -0.035466
v -0.671434 0.221137 -0.023005
v -0.640547 0.221137 -0.050658
v -0.698070 0.220752 -0.002926
v -0.691377 0.221137 0.009585
v -0.687488 0.220040 0.019635
v -0.665858 0.220040 -0.011071
v -0.633821 0.220040 -0.037468
v -0.706765 0.221137 0.038712
v -0.701762 0.221137 0.045805
v -0.711610 0.220752 0.080248
v -0.704240 0.221137 0.084123
v -0.700387 0.220040 0.087544
v -0.698101 0.220040 0.052897
v -0.704912 0.220535 0.123790
v -0.700462 0.221137 0.123005
v -0.696232 0.220752 0.166982
v -0.690714 0.221137 0.160835
v -0.688263 0.220040 0.156302
v -0.697039 0.220040 0.122402
v -0.677486 0.221137 0.204358
v -0.675280 0.221137 0.195994
v -0.655136 0.220752 0.240522
v -0.653133 0.221137 0.226478
v -0.652916 0.220040 0.215704
v -0.674265 0.220040 0.188077
v -0.624932 0.220535 0.264156
v -0.623247 0.221137 0.250281
v -0.586889 0.220535 0.281215
v -0.584765 0.221137 0.265703
v -0.582955 0.220040 0.251008
v -0.622088 0.220040 0.237160
v -0.537059 0.220535 0.287113
v -0.536831 0.221137 0.271043
v -0.482203 0.220535 0.282512
v -0.484992 0.221137 0.266695
v -0.487636 0.220040 0.251698
v -0.536691 0.220040 0.255813
v -0.429081 0.220535 0.268074
v -0.434792 0.221137 0.253051
v -0.380319 0.220535 0.244791
v -0.388825 0.221137 0.231153
v -0.396755 0.220040 0.218175
v -0.440133 0.220040 0.238787
v -0.338540 0.220535 0.213658
v -0.349686 0.221137 0.202045
v -0.305619 0.220535 0.176465
v -0.319057 0.221137 0.167571
v -0.331601 0.220040 0.159048
v -0.360078 0.220040 0.190960
v -0.283431 0.220535 0.135005
v -0.298621 0.221137 0.129579
v -0.266947 0.220750 0.098375
v -0.287050 0.221137 0.099602
v -0.302375 0.220040 0.097137
v -0.312822 0.220040 0.124345
v -0.298929 0.220040 0.057355
v -0.268211 0.221137 0.052558
v -0.265953 0.221137 0.046972
v -0.298935 0.220040 0.052725
v -0.234938 0.221137 0.047328
v -0.230238 0.221137 0.040739
v -0.230051 0.221137 0.040041
v -0.265888 0.221137 0.046362
v -0.298984 0.220040 0.052199
v -0.284698 0.220750 -0.002143
v -0.312685 0.220535 -0.030904
v -0.325103 0.221137 -0.020610
v -0.304006 0.221137 0.003569
v -0.347716 0.220535 -0.062275
v -0.357301 0.221137 -0.049322
v -0.366174 0.220040 -0.037022
v -0.336658 0.220040 -0.010835
v -0.317546 0.220040 0.011128
v -0.391372 0.220535 -0.085965
v -0.397873 0.221137 -0.071241
v -0.441279 0.220535 -0.100932
v -0.444608 0.221137 -0.085207
v -0.447621 0.220040 -0.070300
v -0.403848 0.220040 -0.057270
v -0.495064 0.220535 -0.106133
v -0.495292 0.221137 -0.090063
v -0.549920 0.220535 -0.101531
v -0.547131 0.221137 -0.085714
v -0.544487 0.220040 -0.070717
v -0.495432 0.220040 -0.074832
v -0.603042 0.220535 -0.087093
v -0.597331 0.221137 -0.072070
v -0.591990 0.220040 -0.057806
v -0.238553 0.094963 0.099787
v -0.252190 0.087535 0.135376
v -0.275551 0.141760 0.130787
v -0.263188 0.146005 0.098524
v -0.276669 0.082583 0.180693
v -0.297802 0.138930 0.171924
v -0.323980 0.195100 0.161091
v -0.304503 0.195807 0.125144
v -0.293719 0.196868 0.097001
v -0.313661 0.087535 0.222201
v -0.331514 0.141760 0.209716
v -0.361194 0.094963 0.257495
v -0.374909 0.146005 0.241921
v -0.391788 0.196868 0.222572
v -0.353590 0.195807 0.194242
v -0.417296 0.097439 0.284173
v -0.426205 0.147420 0.266300
v -0.478382 0.097439 0.300755
v -0.482370 0.147420 0.281565
v -0.486607 0.197222 0.257533
v -0.437032 0.197222 0.244059
v -0.540869 0.097439 0.305764
v -0.540368 0.147420 0.286430
v -0.598210 0.097439 0.298872
v -0.594159 0.147420 0.280581
v -0.586119 0.197222 0.256838
v -0.537801 0.197222 0.261827
v -0.643859 0.097439 0.279749
v -0.637699 0.147420 0.263704
v -0.680158 0.094963 0.251033
v -0.672093 0.146005 0.237922
v -0.659497 0.196868 0.220251
v -0.627063 0.197222 0.242462
v -0.709450 0.087535 0.215359
v -0.698447 0.141760 0.205355
v -0.730803 0.080116 0.174582
v -0.717027 0.137515 0.168006
v -0.697345 0.194746 0.159022
v -0.682284 0.195807 0.191757
v -0.743287 0.077667 0.130556
v -0.728100 0.136100 0.127878
v -0.746614 0.080161 0.084916
v -0.731419 0.137515 0.086383
v -0.709851 0.194746 0.088094
v -0.706601 0.194392 0.124087
v -0.740495 0.087571 0.039295
v -0.726734 0.141760 0.044932
v -0.725170 0.094972 -0.004246
v -0.713108 0.146005 0.005316
v -0.695228 0.196868 0.017613
v -0.706895 0.195807 0.052182
v -0.700882 0.097439 -0.043646
v -0.689606 0.147420 -0.030675
v -0.664526 0.097439 -0.077228
v -0.654464 0.147420 -0.061426
v -0.638788 0.197222 -0.041865
v -0.672346 0.197222 -0.014352
v -0.613001 0.097439 -0.103316
v -0.605918 0.147420 -0.085319
v -0.552569 0.097439 -0.119981
v -0.549753 0.147420 -0.100584
v -0.545516 0.197222 -0.076553
v -0.595091 0.197222 -0.063078
v -0.489495 0.097439 -0.125292
v -0.491755 0.147420 -0.105449
v -0.427653 0.094963 -0.119411
v -0.435214 0.146005 -0.100085
v -0.444458 0.196868 -0.076130
v -0.494322 0.197222 -0.080847
v -0.370915 0.087535 -0.102502
v -0.383421 0.141760 -0.084664
v -0.321958 0.082583 -0.076150
v -0.338816 0.138930 -0.060682
v -0.359711 0.195100 -0.041548
v -0.398873 0.195807 -0.062573
v -0.283455 0.087535 -0.041937
v -0.303837 0.141760 -0.029636
v -0.258476 0.094963 -0.013202
v -0.281192 0.146005 -0.003586
v -0.309361 0.196868 0.008293
v -0.329114 0.195807 -0.014431
v -0.242077 0.097439 0.042160
v -0.241957 0.097440 0.042842
v -0.266245 0.147420 0.047058
v -0.266354 0.147420 0.046443
v -0.240915 0.097440 0.048748
v -0.265305 0.147420 0.052392
v -0.295538 0.197222 0.056915
v -0.296354 0.197222 0.052286
v -0.296449 0.197222 0.051752
v -0.300732 0.220040 0.047251
v -0.270289 0.221137 0.041249
v -0.281545 0.221137 0.028755
v -0.305137 0.220040 0.035102
v -0.237302 0.221137 0.034781
v -0.255917 0.221137 0.021986
v -0.274470 0.221137 0.009234
v -0.292764 0.221137 0.016302
v -0.309528 0.220040 0.022993
v -0.301924 0.197222 0.020700
v -0.272662 0.147420 0.010666
v -0.270046 0.147420 0.025503
v -0.299653 0.197222 0.033577
v -0.249062 0.097439 0.002543
v -0.246165 0.097439 0.018972
v -0.243259 0.097439 0.035457
v -0.267421 0.147420 0.040389
v -0.297375 0.197222 0.046497
v -0.269007 0.073547 0.009184
v -0.272168 0.072249 0.010191
v -0.269056 0.072167 0.025101
v -0.266215 0.073527 0.024337
v -0.259942 0.070985 0.005699
v -0.254353 0.070971 0.021141
v -0.248745 0.070956 0.036634
v -0.265934 0.072084 0.040061
v -0.263413 0.073506 0.039540
v -0.215181 0.220443 0.030653
v -0.211970 0.218361 0.030057
v -0.236474 0.218487 0.017670
v -0.239111 0.220475 0.018238
v -0.197794 0.194591 0.027237
v -0.223080 0.195593 0.014201
v -0.248281 0.196591 0.001209
v -0.260897 0.218613 0.005324
v -0.262962 0.220506 0.005865
v -0.293719 0.196868 0.097001
v -0.304503 0.195807 0.125144
v -0.315855 0.216749 0.122932
v -0.305690 0.216749 0.096404
v -0.323980 0.195100 0.161091
v -0.334245 0.216749 0.156843
v -0.296449 0.197222 0.051752
v -0.296354 0.197222 0.052286
v -0.308160 0.216749 0.054335
v -0.308248 0.216749 0.053833
v -0.295538 0.197222 0.056915
v -0.307392 0.216749 0.058689
v -0.313397 0.216749 0.024634
v -0.311262 0.216749 0.036743
v -0.301924 0.197222 0.020700
v -0.299653 0.197222 0.033577
v -0.297375 0.197222 0.046497
v -0.309119 0.216749 0.048892
v -0.359711 0.195100 -0.041548
v -0.329114 0.195807 -0.014431
v -0.339025 0.216749 -0.008469
v -0.367904 0.216749 -0.034046
v -0.309361 0.196868 0.008293
v -0.320405 0.216749 0.012950
v -0.444458 0.196868 -0.076130
v -0.398873 0.195807 -0.062573
v -0.404932 0.216749 -0.053911
v -0.448082 0.216749 -0.066738
v -0.545516 0.197222 -0.076553
v -0.494322 0.197222 -0.080847
v -0.495328 0.216749 -0.071201
v -0.543854 0.216749 -0.067130
v -0.638788 0.197222 -0.041865
v -0.595091 0.197222 -0.063078
v -0.590846 0.216749 -0.054358
v -0.632571 0.216749 -0.034208
v -0.695228 0.196868 0.017613
v -0.672346 0.197222 -0.014352
v -0.665296 0.216749 -0.008002
v -0.687730 0.216749 0.022348
v -0.709851 0.194746 0.088094
v -0.706895 0.195807 0.052182
v -0.698581 0.216749 0.054930
v -0.700882 0.216749 0.088675
v -0.697345 0.194746 0.159022
v -0.706601 0.194392 0.124087
v -0.697666 0.216749 0.122512
v -0.689115 0.216749 0.155409
v -0.659497 0.196868 0.220251
v -0.682284 0.195807 0.191757
v -0.675412 0.216749 0.186331
v -0.654071 0.216749 0.213237
v -0.586119 0.197222 0.256838
v -0.627063 0.197222 0.242462
v -0.622610 0.216749 0.234084
v -0.582895 0.216749 0.247517
v -0.486607 0.197222 0.257533
v -0.537801 0.197222 0.261827
v -0.536795 0.216749 0.252181
v -0.488269 0.216749 0.248111
v -0.391788 0.196868 0.222572
v -0.437032 0.197222 0.244059
v -0.441277 0.216749 0.235339
v -0.398407 0.216749 0.214986
v -0.353590 0.195807 0.194242
v -0.362246 0.216749 0.188174
v -0.294447 0.056577 0.173540
v -0.328461 0.062236 0.211724
v -0.317675 0.066061 0.219302
v -0.281546 0.060401 0.178748
v -0.372131 0.070726 0.244158
v -0.364071 0.074550 0.253758
v -0.423634 0.073555 0.268655
v -0.418802 0.077380 0.279789
v -0.477858 0.073555 0.283248
v -0.477470 0.077380 0.295652
v -0.529688 0.073555 0.285966
v -0.535676 0.077380 0.299605
v -0.578271 0.073555 0.277585
v -0.589465 0.077380 0.291837
v -0.622752 0.073555 0.258877
v -0.634883 0.077380 0.272535
v -0.660154 0.070726 0.232359
v -0.671989 0.074550 0.244368
v -0.687495 0.062236 0.200546
v -0.700843 0.066061 0.210003
v -0.706001 0.053809 0.164655
v -0.721317 0.057607 0.170969
v -0.716893 0.051167 0.125902
v -0.733284 0.054884 0.128792
v -0.719912 0.054121 0.085761
v -0.736464 0.057785 0.085066
v -0.714798 0.062486 0.045705
v -0.730575 0.066203 0.041383
v -0.699986 0.070788 0.006459
v -0.715215 0.074586 -0.000777
v -0.673910 0.073555 -0.031251
v -0.689980 0.077380 -0.039937
v -0.638509 0.073555 -0.064044
v -0.653903 0.077380 -0.073609
v -0.595723 0.073555 -0.088536
v -0.606014 0.077380 -0.099305
v -0.546088 0.073555 -0.103709
v -0.549966 0.077380 -0.115497
v -0.490144 0.073555 -0.108542
v -0.489412 0.077380 -0.120657
v -0.433368 0.070726 -0.103137
v -0.429078 0.074550 -0.114915
v -0.381240 0.062236 -0.087595
v -0.373695 0.066061 -0.098405
v -0.336217 0.056577 -0.063347
v -0.325875 0.060401 -0.072654
v -0.300759 0.062236 -0.031824
v -0.288229 0.066061 -0.039189
v -0.277731 0.070725 -0.005333
v -0.263787 0.074550 -0.011072
v -0.254575 0.077380 0.004342
v -0.251737 0.077380 0.020439
v -0.269007 0.073547 0.009184
v -0.266215 0.073527 0.024337
v -0.263413 0.073506 0.039540
v -0.248889 0.077380 0.036590
v -0.262276 0.073498 0.045724
v -0.262167 0.073499 0.046353
v -0.247613 0.077380 0.043825
v -0.247730 0.077380 0.043158
v -0.261247 0.073506 0.051816
v -0.246592 0.077380 0.049612
v -0.259338 0.070725 0.098982
v -0.271910 0.062236 0.131790
v -0.257616 0.066061 0.134426
v -0.244272 0.074550 0.099603
v -0.105847 0.041273 0.027185
v -0.118560 0.050503 0.029434
v -0.112046 0.049402 0.020163
v -0.098129 0.039183 0.017709
v -0.132464 0.060360 0.031868
v -0.127195 0.060256 0.022833
v -0.127002 0.060186 0.021863
v -0.111788 0.049299 0.019181
v -0.097806 0.039047 0.016715
v -0.212815 0.221137 0.037688
v -0.212561 0.221137 0.036956
v -0.218807 0.221137 0.044696
v -0.212692 0.220443 0.043627
v -0.206156 0.220432 0.036515
v -0.205873 0.220431 0.035777
v -0.257215 0.218695 0.091447
v -0.258215 0.220527 0.091245
v -0.244659 0.197530 0.091426
v -0.241951 0.197108 0.090766
v -0.254894 0.218668 0.090864
v -0.256186 0.220040 0.090805
v -0.109205 0.041339 0.009514
v -0.121891 0.050553 0.011743
v -0.147824 0.053447 -0.006354
v -0.138491 0.047070 -0.007971
v -0.135756 0.060394 0.014207
v -0.158198 0.060432 -0.004459
v -0.180566 0.060458 -0.023063
v -0.173671 0.056323 -0.024390
v -0.167679 0.052777 -0.025398
v -0.258641 0.197111 -0.003554
v -0.261347 0.197530 -0.003214
v -0.273153 0.218695 0.001061
v -0.270835 0.218669 0.000783
v -0.274082 0.220527 0.001560
v -0.272077 0.220040 0.001255
v -0.262962 0.220506 0.005865
v -0.266011 0.221137 0.006461
v -0.243682 0.221137 0.019079
v -0.239111 0.220475 0.018238
v -0.221279 0.221137 0.031739
v -0.215181 0.220443 0.030653
v -0.693353 0.093261 -0.118494
v -0.736202 0.093261 -0.079104
v -0.712698 0.146284 -0.062629
v -0.675382 0.146284 -0.097895
v -0.761619 0.093261 -0.046171
v -0.734309 0.146284 -0.033182
v -0.780062 0.093261 -0.026355
v -0.808307 0.093261 -0.000132
v -0.775537 0.146284 0.016902
v -0.750435 0.146284 -0.013226
v -0.836110 0.093261 0.026012
v -0.800198 0.146283 0.046953
v -0.804931 0.093261 0.056509
v -0.789840 0.093261 0.138765
v -0.754946 0.146283 0.132612
v -0.766783 0.146283 0.070896
v -0.775741 0.093261 0.221195
v -0.744815 0.146283 0.194628
v -0.794933 0.093261 0.260574
v -0.760244 0.093261 0.275699
v -0.735277 0.146284 0.248484
v -0.768349 0.146283 0.228613
v -0.725139 0.093261 0.290752
v -0.701790 0.146284 0.268282
v -0.700077 0.093261 0.302897
v -0.664921 0.093261 0.325149
v -0.648470 0.146284 0.301629
v -0.678856 0.146284 0.281351
v -0.611185 0.093261 0.347509
v -0.601343 0.146284 0.322005
v -0.543685 0.093261 0.355245
v -0.540952 0.146284 0.329051
v -0.470461 0.093261 0.349103
v -0.474973 0.146284 0.323517
v -0.399553 0.093261 0.329830
v -0.411080 0.146284 0.306151
v -0.334413 0.091243 0.298707
v -0.352385 0.145131 0.278107
v -0.278497 0.085190 0.257012
v -0.302000 0.141672 0.240537
v -0.234343 0.079986 0.207071
v -0.262215 0.138698 0.195537
v -0.204493 0.080515 0.151212
v -0.235318 0.139000 0.145204
v -0.185935 0.082188 0.106826
v -0.218793 0.139950 0.105245
v -0.210123 0.138920 0.091368
v -0.206350 0.137365 0.090498
v -0.175656 0.080418 0.091310
v -0.170821 0.077730 0.090230
v -0.155869 0.128795 0.034812
v -0.148448 0.127571 0.026461
v -0.116641 0.063133 0.028756
v -0.108716 0.061049 0.019542
v -0.108379 0.060922 0.018581
v -0.148129 0.127497 0.025592
v -0.178952 0.074669 -0.021405
v -0.213582 0.135574 -0.010110
v -0.186238 0.132209 0.004661
v -0.149470 0.068943 -0.004861
v -0.158803 0.128831 0.019480
v -0.119889 0.063195 0.011738
v -0.191629 0.077748 -0.027387
v -0.196465 0.080418 -0.026705
v -0.228874 0.138920 -0.014971
v -0.225102 0.137375 -0.015482
v -0.211431 0.082188 -0.037771
v -0.241767 0.139950 -0.025046
v -0.244051 0.080515 -0.073132
v -0.270962 0.139000 -0.056944
v -0.291206 0.079986 -0.115413
v -0.313452 0.138698 -0.095042
v -0.349777 0.085190 -0.147241
v -0.366229 0.141672 -0.123721
v -0.416582 0.091243 -0.167297
v -0.426424 0.145131 -0.141792
v -0.488438 0.093261 -0.174264
v -0.491171 0.146284 -0.148071
v -0.561662 0.093261 -0.168122
v -0.557150 0.146284 -0.142536
v -0.632570 0.093261 -0.148850
v -0.621043 0.146284 -0.125171
v -0.699969 0.072776 -0.126040
v -0.744861 0.072776 -0.085129
v -0.744622 0.074264 -0.085006
v -0.699792 0.074264 -0.125875
v -0.778622 0.072598 -0.041807
v -0.771404 0.074264 -0.050824
v -0.798801 0.073162 -0.024758
v -0.820669 0.072776 -0.006317
v -0.820011 0.074264 -0.006030
v -0.790668 0.074264 -0.031007
v -0.841739 0.073162 0.012192
v -0.848913 0.074264 0.018869
v -0.817221 0.072598 0.036996
v -0.802612 0.072776 0.141017
v -0.802270 0.074264 0.140956
v -0.818276 0.074264 0.052818
v -0.780682 0.072598 0.243747
v -0.787019 0.074264 0.229228
v -0.795623 0.073162 0.275508
v -0.769759 0.072776 0.285741
v -0.769225 0.074264 0.285245
v -0.804521 0.074264 0.271666
v -0.743188 0.073162 0.295642
v -0.733514 0.074264 0.298751
v -0.717532 0.072598 0.304608
v -0.670998 0.072776 0.333772
v -0.670815 0.074264 0.333575
v -0.707680 0.074264 0.310616
v -0.614820 0.072776 0.356863
v -0.614711 0.074264 0.356646
v -0.544694 0.072776 0.364852
v -0.544664 0.074264 0.364629
v -0.468793 0.072776 0.358485
v -0.468845 0.074264 0.358269
v -0.395291 0.072776 0.338508
v -0.395423 0.074264 0.338314
v -0.327771 0.070467 0.306248
v -0.327975 0.071958 0.306087
v -0.269814 0.063539 0.263033
v -0.270076 0.065041 0.262914
v -0.224053 0.057594 0.211275
v -0.224358 0.059093 0.211203
v -0.193119 0.058231 0.153389
v -0.193450 0.059697 0.153364
v -0.171875 0.060660 0.101844
v -0.174163 0.061607 0.107393
v -0.163308 0.059577 0.091289
v -0.158092 0.056497 0.090134
v -0.162151 0.058012 0.091018
v -0.158492 0.056098 0.090145
v -0.102587 0.039721 0.026586
v -0.094481 0.037326 0.017063
v -0.105847 0.041273 0.027185
v -0.098129 0.039183 0.017709
v -0.097806 0.039047 0.016715
v -0.094137 0.037180 0.016069
v -0.167679 0.052777 -0.025398
v -0.166545 0.052981 -0.025452
v -0.136297 0.046399 -0.008272
v -0.138491 0.047070 -0.007971
v -0.105947 0.039792 0.008965
v -0.109205 0.041339 0.009514
v -0.196552 0.060666 -0.037928
v -0.200563 0.061607 -0.042329
v -0.184854 0.059577 -0.030909
v -0.183742 0.058026 -0.031097
v -0.179637 0.056517 -0.031652
v -0.180072 0.056131 -0.031562
v -0.234107 0.058231 -0.079068
v -0.234409 0.059697 -0.078931
v -0.282974 0.057594 -0.122883
v -0.283236 0.059093 -0.122712
v -0.343678 0.063539 -0.155868
v -0.343883 0.065041 -0.155667
v -0.412920 0.070467 -0.176655
v -0.413056 0.071958 -0.176434
v -0.487402 0.072776 -0.183876
v -0.487459 0.074264 -0.183648
v -0.563303 0.072776 -0.177510
v -0.563278 0.074264 -0.177289
v -0.636804 0.072776 -0.157533
v -0.636700 0.074264 -0.157333
v -0.261621 0.072165 0.067231
v -0.258695 0.073527 0.066976
v -0.246417 0.070964 0.065904
v -0.246388 0.070977 0.082296
v -0.259449 0.072247 0.082278
v -0.256141 0.073547 0.082142
v -0.243760 0.077380 0.065674
v -0.238025 0.097440 0.065141
v -0.258695 0.073527 0.066976
v -0.256141 0.073547 0.082142
v -0.240927 0.077380 0.081741
v -0.235133 0.097439 0.081540
v -0.262695 0.147420 0.067196
v -0.293273 0.197222 0.069764
v -0.260083 0.147420 0.082005
v -0.291006 0.197222 0.082617
v -0.305262 0.216749 0.070771
v -0.298914 0.220040 0.070207
v -0.293273 0.197222 0.069764
v -0.291006 0.197222 0.082617
v -0.303131 0.216749 0.082857
v -0.298898 0.220040 0.083063
v -0.280752 0.221137 0.083573
v -0.274480 0.221137 0.068062
v -0.261030 0.221137 0.083911
v -0.247982 0.221137 0.065616
v -0.235437 0.221137 0.064146
v -0.230832 0.220474 0.063368
v -0.252073 0.221137 0.083604
v -0.248978 0.220506 0.083117
v -0.248978 0.220506 0.083117
v -0.246843 0.218611 0.082916
v -0.228151 0.218485 0.062998
v -0.230832 0.220474 0.063368
v -0.233573 0.196572 0.082453
v -0.214371 0.195576 0.061663
v -0.197072 0.135509 0.081181
v -0.176467 0.132151 0.057992
v -0.160644 0.074557 0.079912
v -0.138638 0.068844 0.054329
v -0.147593 0.052853 0.079457
v -0.125086 0.046286 0.053016
v -0.148695 0.052658 0.079796
v -0.127267 0.046964 0.053485
v -0.148695 0.052658 0.079796
v -0.154725 0.056232 0.080907
v -0.136639 0.053367 0.055166
v -0.127267 0.046964 0.053485
v -0.161717 0.060397 0.082030
v -0.147088 0.060378 0.056944
v -0.213144 0.221137 0.036336
v -0.206492 0.220432 0.035162
v -0.230542 0.221137 0.039427
v -0.203072 0.218315 0.034555
v -0.206492 0.220432 0.035162
v -0.188612 0.194223 0.031971
v -0.148840 0.127589 0.024861
v -0.109148 0.061079 0.017766
v -0.094927 0.037360 0.015224
v -0.098571 0.039215 0.015864
v -0.127606 0.060272 0.020984
v -0.112474 0.049427 0.018314
v -0.098571 0.039215 0.015864
v -0.264801 0.072054 0.045493
v -0.262396 0.073499 0.045061
v -0.246708 0.070936 0.042260
v -0.247855 0.077380 0.042454
v -0.242203 0.097440 0.041442
v -0.262396 0.073499 0.045061
v -0.266468 0.147420 0.045795
v -0.296548 0.197222 0.051189
v -0.308342 0.216749 0.053304
v -0.299132 0.220040 0.051662
v -0.296548 0.197222 0.051189
v -0.266202 0.221137 0.045786
v -0.269997 0.073555 0.003815
v -0.255581 0.077380 -0.001362
v -0.250089 0.097439 -0.003278
v -0.261922 0.071000 0.000228
v -0.273271 0.072278 0.004908
v -0.269997 0.073555 0.003815
v -0.182828 0.057395 -0.030781
v -0.178021 0.054830 -0.031573
v -0.188492 0.060543 -0.029655
v -0.196552 0.060666 -0.037928
v -0.183742 0.058026 -0.031097
v -0.180072 0.056131 -0.031562
v -0.189398 0.076718 -0.027267
v -0.177263 0.055336 -0.031539
v -0.178021 0.054830 -0.031573
v -0.257211 0.196948 -0.003395
v -0.223271 0.136778 -0.015343
v -0.269550 0.218657 0.000949
v -0.271412 0.220517 0.001481
v -0.281044 0.221137 0.004715
v -0.273923 0.221137 0.001991
v -0.274082 0.220527 0.001560
v -0.271412 0.220517 0.001481
v -0.272077 0.220040 0.001255
v -0.296739 0.221137 0.011890
v -0.311084 0.220040 0.018703
v -0.302728 0.197222 0.016137
v -0.314153 0.216749 0.020344
v -0.273589 0.147420 0.005409
v -0.302728 0.197222 0.016137
v -0.258665 0.072277 0.087715
v -0.255218 0.073554 0.087622
v -0.246377 0.070995 0.088218
v -0.239904 0.077380 0.087546
v -0.234088 0.097439 0.087465
v -0.255218 0.073554 0.087622
v -0.259140 0.147420 0.087356
v -0.290187 0.197222 0.087261
v -0.302361 0.216749 0.087224
v -0.298893 0.220040 0.087708
v -0.290187 0.197222 0.087261
v -0.265744 0.221137 0.090521
v -0.283017 0.221137 0.089176
v -0.258084 0.221137 0.090634
v -0.255535 0.220517 0.090252
v -0.258215 0.220527 0.091245
v -0.256186 0.220040 0.090805
v -0.240511 0.196936 0.089965
v -0.253597 0.218656 0.090112
v -0.255535 0.220517 0.090252
v -0.168594 0.076648 0.089154
v -0.204517 0.136737 0.089559
v -0.156436 0.054756 0.089301
v -0.155724 0.055256 0.089009
v -0.171875 0.060660 0.101844
v -0.167002 0.060505 0.091093
v -0.161260 0.057339 0.090207
v -0.162151 0.058012 0.091018
v -0.156436 0.054756 0.089301
v -0.158492 0.056098 0.090145
v -0.690391 0.072281 -0.116308
v -0.630399 0.072281 -0.146681
v -0.614583 0.072281 -0.121366
v -0.666715 0.072281 -0.093545
v -0.560593 0.072281 -0.165897
v -0.554068 0.072281 -0.138788
v -0.487834 0.072281 -0.172021
v -0.488881 0.072281 -0.144340
v -0.416167 0.069888 -0.165087
v -0.423806 0.069699 -0.138079
v -0.349638 0.062712 -0.145131
v -0.363625 0.061954 -0.120065
v -0.291413 0.056812 -0.113525
v -0.311196 0.056158 -0.091681
v -0.244658 0.058249 -0.071643
v -0.269372 0.059424 -0.054311
v -0.213748 0.062057 -0.036235
v -0.241886 0.065259 -0.022781
v -0.203058 0.063272 -0.024050
v -0.232472 0.067172 -0.011919
v -0.196524 0.063469 -0.017602
v -0.228214 0.067258 -0.005959
v -0.216195 0.067613 0.010863
v -0.204136 0.067964 0.027740
v -0.178084 0.064222 0.000597
v -0.159582 0.064966 0.018857
v -0.199757 0.068034 0.033868
v -0.199409 0.067998 0.034635
v -0.152863 0.065136 0.025487
v -0.152355 0.065075 0.026335
v -0.152485 0.065125 0.027248
v -0.199442 0.068028 0.035426
v -0.156477 0.064942 0.035663
v -0.201434 0.067949 0.042586
v -0.206963 0.067590 0.062460
v -0.212493 0.067232 0.082340
v -0.167556 0.064183 0.059020
v -0.178639 0.063426 0.082385
v -0.214491 0.067156 0.089523
v -0.219665 0.065255 0.103106
v -0.182644 0.063245 0.090827
v -0.188609 0.062051 0.106115
v -0.205573 0.058249 0.150020
v -0.234724 0.059424 0.142186
v -0.235184 0.056812 0.205368
v -0.261244 0.056158 0.191607
v -0.279088 0.062712 0.254981
v -0.300804 0.061954 0.236211
v -0.334779 0.069888 0.296489
v -0.351194 0.069699 0.273722
v -0.399752 0.072281 0.327516
v -0.410204 0.072281 0.301862
v -0.470218 0.072281 0.346646
v -0.473358 0.072281 0.318941
v -0.542386 0.072281 0.352464
v -0.536183 0.072281 0.323266
v -0.609149 0.072281 0.344442
v -0.594686 0.072281 0.314953
v -0.663397 0.072281 0.322055
v -0.644877 0.072281 0.294117
v -0.706703 0.071927 0.294254
v -0.685929 0.070866 0.266932
v -0.740638 0.070866 0.269992
v -0.717016 0.066621 0.239573
v -0.767375 0.069813 0.225905
v -0.740084 0.062412 0.199203
v -0.789085 0.069486 0.138632
v -0.757076 0.061104 0.132988
v -0.798534 0.069858 0.049196
v -0.763756 0.062590 0.064954
v -0.788488 0.070901 -0.001376
v -0.755887 0.066764 0.019129
v -0.764897 0.071936 -0.035782
v -0.736031 0.070901 -0.017213
v -0.733711 0.072281 -0.076718
v -0.706753 0.072281 -0.056799
v -0.699969 0.072776 -0.126040
v -0.636804 0.072776 -0.157533
v -0.636255 0.072281 -0.156359
v -0.699156 0.072281 -0.124996
v -0.563303 0.072776 -0.177510
v -0.563040 0.072281 -0.176258
v -0.487402 0.072776 -0.183876
v -0.487434 0.072281 -0.182600
v -0.412920 0.070467 -0.176655
v -0.413248 0.069961 -0.175409
v -0.343678 0.063539 -0.155868
v -0.344293 0.063002 -0.154710
v -0.282974 0.057594 -0.122883
v -0.283853 0.057062 -0.121873
v -0.234107 0.058231 -0.079068
v -0.235213 0.057800 -0.078267
v -0.202994 0.060834 -0.041377
v -0.191816 0.061782 -0.028687
v -0.184413 0.062021 -0.022052
v -0.163518 0.062925 -0.003326
v -0.142554 0.063820 0.015462
v -0.134941 0.064029 0.022284
v -0.134372 0.063958 0.023163
v -0.134539 0.064015 0.024122
v -0.139295 0.063792 0.033017
v -0.152496 0.062881 0.057705
v -0.165701 0.061971 0.082402
v -0.170472 0.061751 0.091325
v -0.176739 0.060826 0.107265
v -0.193119 0.058231 0.153389
v -0.194432 0.057800 0.153015
v -0.224053 0.057594 0.211275
v -0.225224 0.057062 0.210627
v -0.269814 0.063539 0.263033
v -0.270788 0.063002 0.262155
v -0.327771 0.070467 0.306248
v -0.328505 0.069961 0.305190
v -0.395291 0.072776 0.338508
v -0.395758 0.072281 0.337320
v -0.468793 0.072776 0.358485
v -0.468973 0.072281 0.357219
v -0.544694 0.072776 0.364852
v -0.544579 0.072281 0.363561
v -0.614820 0.072776 0.356863
v -0.614413 0.072281 0.355603
v -0.670998 0.072776 0.333772
v -0.670315 0.072281 0.332602
v -0.717532 0.072598 0.304608
v -0.714632 0.072281 0.304477
v -0.751539 0.072280 0.280540
v -0.749715 0.072281 0.281143
v -0.780682 0.072598 0.243747
v -0.777830 0.072280 0.235582
v -0.802612 0.072776 0.141017
v -0.801240 0.072280 0.140775
v -0.817221 0.072598 0.036996
v -0.811667 0.072280 0.043679
v -0.802409 0.072281 -0.007548
v -0.800831 0.072281 -0.008750
v -0.778622 0.072598 -0.041807
v -0.775844 0.072281 -0.042676
v -0.744861 0.072776 -0.085129
v -0.743819 0.072281 -0.084263
v -0.711610 0.220752 0.080248
v -0.717532 0.220535 0.069187
v -0.720940 0.218728 0.080017
v -0.714743 0.218728 0.090574
v -0.724351 0.220535 0.070390
v -0.728722 0.218728 0.081390
v -0.742181 0.199413 0.074008
v -0.734756 0.199413 0.072699
v -0.728499 0.199413 0.085684
v -0.703792 0.220535 0.004035
v -0.710312 0.221137 0.036679
v -0.706765 0.221137 0.038712
v -0.704834 0.220535 0.004219
v -0.714242 0.221137 0.037373
v -0.712895 0.199413 -0.011513
v -0.702484 0.218728 -0.007204
v -0.712975 0.199413 -0.011499
v -0.702563 0.218728 -0.007190
v -0.773198 0.146283 0.050760
v -0.766783 0.146283 0.070896
v -0.779555 0.146283 0.051880
v -0.816403 0.093261 0.032353
v -0.811272 0.093261 0.030537
v -0.804931 0.093261 0.056509
v -0.770111 0.093261 -0.035190
v -0.741532 0.146284 -0.023363
v -0.770191 0.093261 -0.035176
v -0.741611 0.146284 -0.023349
v -0.817221 0.072598 0.036996
v -0.818678 0.072776 0.024121
v -0.802714 0.072281 -0.002324
v -0.802409 0.072281 -0.007548
v -0.822067 0.072776 0.030188
v -0.804595 0.072281 0.001654
v -0.787006 0.072776 -0.029368
v -0.786476 0.072776 -0.030373
v -0.778622 0.072598 -0.041807
v -0.823982 0.074264 0.028366
v -0.818276 0.074264 0.052818
v -0.828288 0.074264 0.032772
v -0.786476 0.072776 -0.030373
v -0.780350 0.074264 -0.039427
v -0.780430 0.074264 -0.039413
v -0.662852 0.220535 0.235930
v -0.657856 0.218728 0.246058
v -0.663987 0.220535 0.236130
v -0.658077 0.218728 0.246097
v -0.666387 0.199413 0.253707
v -0.666166 0.199413 0.253668
v -0.697585 0.220535 0.179325
v -0.679913 0.221137 0.207444
v -0.677486 0.221137 0.204358
v -0.704199 0.220535 0.180492
v -0.683787 0.221137 0.208127
v -0.662852 0.220535 0.235930
v -0.655136 0.220752 0.240522
v -0.714895 0.199413 0.181903
v -0.704415 0.218728 0.170301
v -0.722065 0.199413 0.183167
v -0.711942 0.218728 0.171628
v -0.689023 0.146284 0.274598
v -0.689244 0.146284 0.274637
v -0.712054 0.093261 0.295525
v -0.711834 0.093261 0.295486
v -0.772376 0.093261 0.247692
v -0.743515 0.146283 0.215667
v -0.777564 0.093261 0.247695
v -0.749616 0.146283 0.216743
v -0.728782 0.072776 0.296543
v -0.753403 0.072281 0.275699
v -0.751539 0.072280 0.280540
v -0.729716 0.072776 0.295796
v -0.756475 0.072280 0.272594
v -0.782272 0.072776 0.251690
v -0.777218 0.072776 0.256268
v -0.720006 0.074264 0.302970
v -0.720227 0.074264 0.303009
v -0.783577 0.074264 0.254079
v -0.788875 0.074264 0.251367
v -0.724486 0.218728 0.173839
v -0.715243 0.220535 0.182439
v -0.734490 0.199413 0.185358
v -0.746174 0.199413 0.187419
v -0.736170 0.218728 0.175900
v -0.725536 0.220535 0.184254
v -0.690333 0.221137 0.209281
v -0.666034 0.220535 0.236491
v -0.696451 0.221137 0.210360
v -0.667977 0.220535 0.236834
v -0.658625 0.218728 0.246194
v -0.666935 0.199413 0.253803
v -0.659177 0.218728 0.246291
v -0.667487 0.199413 0.253901
v -0.689791 0.146284 0.274733
v -0.712602 0.093261 0.295622
v -0.690344 0.146284 0.274831
v -0.713154 0.093261 0.295719
v -0.720775 0.074264 0.303105
v -0.731488 0.072776 0.297020
v -0.721327 0.074264 0.303203
v -0.733198 0.072776 0.298689
v -0.761921 0.072281 0.277201
v -0.791549 0.072776 0.258795
v -0.767104 0.072280 0.283584
v -0.800438 0.072776 0.268566
v -0.799844 0.074264 0.256948
v -0.789119 0.093261 0.250645
v -0.810593 0.074264 0.264312
v -0.800570 0.093261 0.254031
v -0.761684 0.146283 0.218871
v -0.773369 0.146283 0.220931
v -0.702743 0.218728 -0.007159
v -0.706508 0.220535 0.004514
v -0.713155 0.199413 -0.011467
v -0.713334 0.199413 -0.011435
v -0.702923 0.218728 -0.007127
v -0.708062 0.220535 0.004788
v -0.720400 0.221137 0.038458
v -0.734992 0.220535 0.072266
v -0.726074 0.221137 0.039459
v -0.744787 0.220535 0.073993
v -0.740858 0.218728 0.083529
v -0.754198 0.199413 0.076127
v -0.752026 0.218728 0.085499
v -0.765366 0.199413 0.078096
v -0.791215 0.146283 0.053937
v -0.827862 0.093261 0.033462
v -0.802383 0.146283 0.055906
v -0.839264 0.093261 0.034105
v -0.840096 0.074264 0.031207
v -0.832811 0.072776 0.026613
v -0.852200 0.074264 0.027872
v -0.844009 0.072776 0.020383
v -0.810901 0.072281 -0.000881
v -0.788717 0.072776 -0.029977
v -0.817510 0.072281 -0.005185
v -0.790504 0.072776 -0.031030
v -0.780610 0.074264 -0.039381
v -0.770371 0.093261 -0.035144
v -0.780790 0.074264 -0.039350
v -0.770550 0.093261 -0.035113
v -0.741791 0.146284 -0.023317
v -0.741971 0.146284 -0.023286
v -0.741120 0.218728 0.176773
v -0.729896 0.220535 0.185023
v -0.751124 0.199413 0.188291
v -0.699043 0.221137 0.210817
v -0.668801 0.220535 0.236979
v -0.659411 0.218728 0.246333
v -0.667721 0.199413 0.253942
v -0.690577 0.146284 0.274872
v -0.713388 0.093261 0.295760
v -0.721561 0.074264 0.303244
v -0.733943 0.072776 0.299276
v -0.769384 0.072281 0.285810
v -0.804331 0.072776 0.271988
v -0.815231 0.074264 0.266953
v -0.805442 0.093261 0.255346
v -0.778319 0.146283 0.221804
v -0.703002 0.218728 -0.007113
v -0.708740 0.220535 0.004908
v -0.713413 0.199413 -0.011421
v -0.728553 0.221137 0.039896
v -0.749066 0.220535 0.074747
v -0.756905 0.218728 0.086359
v -0.770246 0.199413 0.078956
v -0.807262 0.146283 0.056766
v -0.844222 0.093261 0.034523
v -0.857391 0.074264 0.026964
v -0.848756 0.072776 0.018486
v -0.820301 0.072281 -0.006516
v -0.791261 0.072776 -0.031352
v -0.780868 0.074264 -0.039336
v -0.770629 0.093261 -0.035099
v -0.742050 0.146284 -0.023272
vt 0.655215 0.691745
vt 0.671042 0.685655
vt 0.660145 0.656043
vt 0.645129 0.661890
vt 0.682063 0.681018
vt 0.670626 0.651594
vt 0.673313 0.646169
vt 0.659135 0.652200
vt 0.644957 0.658230
vt 0.690536 0.677713
vt 0.704485 0.672246
vt 0.694850 0.643775
vt 0.679421 0.648597
vt 0.718543 0.666709
vt 0.710337 0.638877
vt 0.706295 0.638286
vt 0.694674 0.641163
vt 0.683166 0.645312
vt 0.170198 0.649080
vt 0.178433 0.682291
vt 0.192060 0.656576
vt 0.172974 0.645655
vt 0.194963 0.690310
vt 0.206540 0.664853
vt 0.217194 0.668388
vt 0.196471 0.655309
vt 0.175749 0.642229
vt 0.214149 0.695958
vt 0.226155 0.694931
vt 0.232623 0.665099
vt 0.221649 0.668642
vt 0.238064 0.693879
vt 0.243519 0.661546
vt 0.239554 0.659825
vt 0.231909 0.662313
vt 0.224565 0.666246
vt 0.246441 0.694692
vt 0.258430 0.698393
vt 0.264256 0.665837
vt 0.251557 0.661461
vt 0.275443 0.703202
vt 0.281770 0.671352
vt 0.281880 0.667573
vt 0.262607 0.660473
vt 0.243333 0.653374
vt 0.294529 0.707764
vt 0.300482 0.676249
vt 0.314692 0.711870
vt 0.319802 0.680468
vt 0.320569 0.677015
vt 0.301225 0.672294
vt 0.334933 0.715312
vt 0.339136 0.683949
vt 0.355198 0.718557
vt 0.358489 0.686735
vt 0.358989 0.683195
vt 0.339779 0.680105
vt 0.375435 0.722072
vt 0.377866 0.688872
vt 0.395709 0.724766
vt 0.397272 0.690387
vt 0.397524 0.686796
vt 0.378256 0.684996
vt 0.416088 0.725549
vt 0.416717 0.691306
vt 0.431674 0.725672
vt 0.431554 0.691816
vt 0.436216 0.688029
vt 0.416870 0.687413
vt 0.465515 0.690242
vt 0.462374 0.694503
vt 0.466013 0.694836
vt 0.465922 0.690271
vt 0.463721 0.732973
vt 0.467484 0.733810
vt 0.467916 0.733852
vt 0.466432 0.694847
vt 0.466329 0.690300
vt 0.503356 0.723723
vt 0.518822 0.722754
vt 0.515542 0.688788
vt 0.500892 0.690032
vt 0.538975 0.720851
vt 0.534694 0.686888
vt 0.534344 0.683328
vt 0.515247 0.684903
vt 0.496149 0.686478
vt 0.558834 0.717016
vt 0.553712 0.684358
vt 0.578536 0.712320
vt 0.572576 0.681179
vt 0.571982 0.677675
vt 0.553163 0.680501
vt 0.598218 0.707837
vt 0.591267 0.677332
vt 0.617779 0.703102
vt 0.609758 0.672800
vt 0.608913 0.669372
vt 0.590447 0.673524
vt 0.637120 0.697649
vt 0.628023 0.667564
vt 0.626935 0.663801
vt 0.733034 0.309465
vt 0.716632 0.287819
vt 0.710697 0.293607
vt 0.725601 0.315031
vt 0.694783 0.272510
vt 0.690901 0.279232
vt 0.691637 0.277078
vt 0.708042 0.295102
vt 0.724447 0.313126
vt 0.744234 0.368872
vt 0.741237 0.337545
vt 0.733239 0.343749
vt 0.736228 0.374001
vt 0.730304 0.344753
vt 0.736160 0.376380
vt 0.743111 0.431642
vt 0.745018 0.400255
vt 0.737184 0.400024
vt 0.735715 0.425858
vt 0.736211 0.399965
vt 0.736262 0.423550
vt 0.728224 0.491537
vt 0.738034 0.462983
vt 0.731430 0.455541
vt 0.722477 0.484233
vt 0.730291 0.453138
vt 0.724321 0.482726
vt 0.691357 0.531657
vt 0.712115 0.514567
vt 0.707004 0.507095
vt 0.687183 0.523755
vt 0.705776 0.503244
vt 0.687231 0.523762
vt 0.641186 0.546415
vt 0.667597 0.542394
vt 0.665189 0.533842
vt 0.640768 0.537296
vt 0.664664 0.529852
vt 0.642097 0.535941
vt 0.581964 0.532763
vt 0.612471 0.543359
vt 0.613671 0.534055
vt 0.584529 0.523718
vt 0.614086 0.529034
vt 0.586075 0.522127
vt 0.520239 0.490104
vt 0.550177 0.514159
vt 0.553974 0.505882
vt 0.525131 0.483359
vt 0.555467 0.501282
vt 0.524859 0.480437
vt 0.478376 0.441682
vt 0.495279 0.463150
vt 0.501126 0.458959
vt 0.484835 0.439585
vt 0.503471 0.457980
vt 0.482082 0.435523
vt 0.470342 0.407320
vt 0.470341 0.407740
vt 0.478067 0.407999
vt 0.478085 0.407633
vt 0.470618 0.411208
vt 0.478141 0.411053
vt 0.479957 0.408337
vt 0.479977 0.408004
vt 0.479996 0.407671
vt 0.530763 0.327752
vt 0.503518 0.354664
vt 0.508572 0.357708
vt 0.535504 0.333014
vt 0.482765 0.374106
vt 0.488107 0.375925
vt 0.482730 0.378845
vt 0.509776 0.356921
vt 0.536821 0.334996
vt 0.584488 0.274233
vt 0.557269 0.298430
vt 0.561913 0.306324
vt 0.588642 0.284166
vt 0.564002 0.310639
vt 0.591182 0.286283
vt 0.643195 0.260277
vt 0.613871 0.262695
vt 0.616535 0.273064
vt 0.643784 0.269927
vt 0.618571 0.279677
vt 0.645959 0.273072
vt 0.670234 0.263439
vt 0.668585 0.271661
vt 0.668798 0.275075
vt 0.252161 0.174259
vt 0.237162 0.162058
vt 0.228177 0.163326
vt 0.240216 0.179117
vt 0.222164 0.149857
vt 0.212288 0.151451
vt 0.205316 0.153315
vt 0.220030 0.165461
vt 0.231378 0.181405
vt 0.199168 0.141913
vt 0.193321 0.142886
vt 0.176173 0.133969
vt 0.172287 0.137712
vt 0.169596 0.140819
vt 0.188232 0.145285
vt 0.150183 0.134028
vt 0.150194 0.136011
vt 0.124194 0.134087
vt 0.128158 0.137921
vt 0.130906 0.141022
vt 0.150227 0.139364
vt 0.101451 0.142754
vt 0.107296 0.143580
vt 0.078709 0.151421
vt 0.088617 0.152685
vt 0.095584 0.154390
vt 0.112413 0.145898
vt 0.064136 0.163859
vt 0.073132 0.164933
vt 0.049563 0.176298
vt 0.061495 0.180931
vt 0.070302 0.183066
vt 0.081256 0.166896
vt 0.044403 0.200132
vt 0.054359 0.201284
vt 0.039244 0.223965
vt 0.052059 0.223792
vt 0.061440 0.223656
vt 0.063599 0.202551
vt 0.045048 0.247799
vt 0.054929 0.246256
vt 0.050853 0.271632
vt 0.062642 0.267506
vt 0.071293 0.264495
vt 0.064120 0.244685
vt 0.066465 0.290760
vt 0.074874 0.286376
vt 0.082077 0.309888
vt 0.090847 0.301995
vt 0.097207 0.296248
vt 0.082612 0.281941
vt 0.104959 0.320406
vt 0.109782 0.313492
vt 0.127841 0.330924
vt 0.125184 0.320606
vt 0.127944 0.312973
vt 0.114211 0.306637
vt 0.149125 0.317079
vt 0.148949 0.330947
vt 0.151746 0.332144
vt 0.151620 0.317373
vt 0.148864 0.343721
vt 0.151899 0.345897
vt 0.152233 0.346009
vt 0.152062 0.332204
vt 0.151903 0.317384
vt 0.176098 0.330170
vt 0.198825 0.319445
vt 0.193875 0.312593
vt 0.178581 0.319822
vt 0.221552 0.308719
vt 0.212653 0.300910
vt 0.206233 0.295263
vt 0.189365 0.305842
vt 0.175717 0.312306
vt 0.236849 0.289303
vt 0.228376 0.285055
vt 0.252147 0.269887
vt 0.240293 0.265962
vt 0.231610 0.263066
vt 0.220594 0.280728
vt 0.257557 0.245950
vt 0.247651 0.244562
vt 0.262968 0.222013
vt 0.250185 0.222003
vt 0.240789 0.221983
vt 0.238439 0.243106
vt 0.257564 0.198136
vt 0.247629 0.199432
vt 0.238367 0.200831
vt 0.643776 0.109339
vt 0.640287 0.098636
vt 0.704254 0.098325
vt 0.704252 0.109201
vt 0.634738 0.085547
vt 0.704276 0.085015
vt 0.793261 0.083516
vt 0.787198 0.097964
vt 0.781135 0.112411
vt 0.627365 0.074591
vt 0.704334 0.073925
vt 0.618569 0.066286
vt 0.704424 0.065549
vt 0.815250 0.063461
vt 0.804255 0.073489
vt 0.608748 0.061150
vt 0.704543 0.060383
vt 0.598425 0.059372
vt 0.704684 0.058601
vt 0.842746 0.056218
vt 0.828998 0.059840
vt 0.588122 0.061145
vt 0.704841 0.060381
vt 0.578340 0.066331
vt 0.705005 0.065547
vt 0.870306 0.063221
vt 0.856526 0.059720
vt 0.569579 0.074795
vt 0.705169 0.073921
vt 0.562255 0.085936
vt 0.705323 0.085010
vt 0.892469 0.083084
vt 0.881387 0.073152
vt 0.556783 0.099153
vt 0.705461 0.098320
vt 0.553391 0.113847
vt 0.705575 0.113137
vt 0.904846 0.111871
vt 0.898657 0.097477
vt 0.552307 0.129415
vt 0.705660 0.128746
vt 0.553567 0.145004
vt 0.705712 0.144355
vt 0.904986 0.143882
vt 0.904916 0.127877
vt 0.557207 0.159759
vt 0.705727 0.159172
vt 0.562869 0.173015
vt 0.705705 0.172483
vt 0.892860 0.172777
vt 0.898923 0.158330
vt 0.570194 0.184103
vt 0.705647 0.183573
vt 0.578886 0.192437
vt 0.705557 0.191948
vt 0.870871 0.192832
vt 0.881866 0.182804
vt 0.588647 0.197430
vt 0.705438 0.197115
vt 0.598928 0.198991
vt 0.705296 0.198897
vt 0.843374 0.200075
vt 0.857123 0.196453
vt 0.609181 0.197032
vt 0.705140 0.197116
vt 0.618952 0.191816
vt 0.704975 0.191951
vt 0.815815 0.193072
vt 0.829594 0.196573
vt 0.627785 0.183605
vt 0.704812 0.183577
vt 0.635187 0.172750
vt 0.704658 0.172488
vt 0.793652 0.173210
vt 0.804734 0.183141
vt 0.640663 0.159601
vt 0.704520 0.159178
vt 0.644053 0.148798
vt 0.704423 0.148318
vt 0.781275 0.144422
vt 0.787464 0.158816
vt 0.645148 0.129016
vt 0.645147 0.128779
vt 0.704320 0.128521
vt 0.704321 0.128758
vt 0.645129 0.126723
vt 0.704311 0.126465
vt 0.781203 0.127955
vt 0.781204 0.128186
vt 0.781205 0.128416
vt 0.154714 0.316982
vt 0.155186 0.330811
vt 0.162888 0.327200
vt 0.161646 0.315933
vt 0.155590 0.343558
vt 0.163902 0.337212
vt 0.172196 0.330886
vt 0.170572 0.323597
vt 0.168558 0.314882
vt 0.781274 0.144062
vt 0.704381 0.142551
vt 0.704356 0.136831
vt 0.781241 0.136496
vt 0.645203 0.142845
vt 0.645183 0.137089
vt 0.645158 0.131350
vt 0.704331 0.131092
vt 0.781207 0.128929
vt 0.481740 0.385454
vt 0.480557 0.387251
vt 0.479484 0.395905
vt 0.480890 0.396193
vt 0.474968 0.384600
vt 0.473022 0.394048
vt 0.471097 0.403446
vt 0.478472 0.404214
vt 0.480041 0.406932
vt 0.467229 0.690183
vt 0.470521 0.694278
vt 0.480567 0.692825
vt 0.480446 0.688536
vt 0.472101 0.732717
vt 0.482387 0.729826
vt 0.492639 0.726945
vt 0.490579 0.691378
vt 0.493663 0.686890
vt 0.136169 0.300017
vt 0.121095 0.293218
vt 0.117850 0.299898
vt 0.130302 0.305584
vt 0.106021 0.286419
vt 0.102383 0.290486
vt 0.151834 0.300248
vt 0.151607 0.300247
vt 0.151590 0.307568
vt 0.151846 0.307566
vt 0.151380 0.300246
vt 0.149347 0.307561
vt 0.166905 0.307236
vt 0.160657 0.307378
vt 0.167252 0.300105
vt 0.159795 0.300178
vt 0.152339 0.300250
vt 0.154390 0.307516
vt 0.197485 0.285576
vt 0.182540 0.292842
vt 0.185733 0.299292
vt 0.201056 0.289596
vt 0.167596 0.300107
vt 0.173373 0.305197
vt 0.219495 0.257779
vt 0.208490 0.271678
vt 0.214196 0.276243
vt 0.224326 0.259970
vt 0.227478 0.221938
vt 0.223487 0.239859
vt 0.230616 0.241516
vt 0.232759 0.221974
vt 0.218930 0.186352
vt 0.223204 0.204145
vt 0.230449 0.202436
vt 0.223959 0.184393
vt 0.196920 0.161785
vt 0.207925 0.174068
vt 0.213559 0.169331
vt 0.200157 0.157847
vt 0.166770 0.152646
vt 0.181845 0.157215
vt 0.184660 0.150537
vt 0.167799 0.146655
vt 0.134042 0.153188
vt 0.150406 0.152917
vt 0.150305 0.145455
vt 0.132843 0.146962
vt 0.103974 0.162799
vt 0.119008 0.157993
vt 0.116074 0.151200
vt 0.100753 0.158860
vt 0.082301 0.187724
vt 0.093138 0.175261
vt 0.087633 0.170634
vt 0.077566 0.185904
vt 0.074685 0.223602
vt 0.078493 0.205663
vt 0.071404 0.204050
vt 0.069432 0.223594
vt 0.083431 0.259209
vt 0.079058 0.241406
vt 0.071934 0.243059
vt 0.078570 0.261358
vt 0.094726 0.272814
vt 0.089005 0.277403
vt 0.600403 0.086567
vt 0.588193 0.077077
vt 0.596303 0.075719
vt 0.606558 0.086355
vt 0.575984 0.067586
vt 0.584032 0.067525
vt 0.560459 0.063803
vt 0.570274 0.062365
vt 0.544934 0.060021
vt 0.555788 0.060480
vt 0.529517 0.063179
vt 0.541336 0.062111
vt 0.514099 0.066337
vt 0.527597 0.067248
vt 0.501546 0.077066
vt 0.515248 0.075878
vt 0.488992 0.087795
vt 0.504894 0.087089
vt 0.482017 0.100770
vt 0.497141 0.099967
vt 0.475042 0.113746
vt 0.492319 0.114252
vt 0.475112 0.129752
vt 0.490758 0.129684
vt 0.475182 0.145757
vt 0.492614 0.145224
vt 0.483551 0.159654
vt 0.498041 0.159835
vt 0.491921 0.173551
vt 0.506205 0.172988
vt 0.503116 0.183969
vt 0.516272 0.184156
vt 0.514311 0.194387
vt 0.528124 0.192467
vt 0.529534 0.196323
vt 0.541643 0.197050
vt 0.544757 0.198259
vt 0.555963 0.198071
vt 0.559747 0.193730
vt 0.570216 0.195695
vt 0.574737 0.189200
vt 0.583909 0.190438
vt 0.588203 0.181624
vt 0.596547 0.182818
vt 0.601668 0.174047
vt 0.607210 0.172750
vt 0.608385 0.160757
vt 0.614980 0.160148
vt 0.615101 0.147467
vt 0.619743 0.149557
vt 0.621439 0.143058
vt 0.621434 0.137193
vt 0.615430 0.144786
vt 0.615397 0.137219
vt 0.615364 0.129653
vt 0.621409 0.131454
vt 0.615362 0.129140
vt 0.615361 0.128909
vt 0.621398 0.128883
vt 0.621399 0.129120
vt 0.615360 0.128678
vt 0.621352 0.126827
vt 0.614063 0.111429
vt 0.607233 0.098998
vt 0.614272 0.098843
vt 0.619144 0.109069
vt 0.357325 0.403335
vt 0.394203 0.410458
vt 0.389787 0.404159
vt 0.356544 0.402602
vt 0.417383 0.411492
vt 0.415067 0.405356
vt 0.414907 0.404722
vt 0.389542 0.403488
vt 0.355763 0.401869
vt 0.152009 0.352646
vt 0.152326 0.352786
vt 0.148912 0.349957
vt 0.151822 0.355556
vt 0.152099 0.355892
vt 0.152376 0.356228
vt 0.437139 0.692104
vt 0.437158 0.688152
vt 0.437570 0.726389
vt 0.438467 0.727176
vt 0.437965 0.692246
vt 0.438101 0.688275
vt 0.357630 0.400415
vt 0.395152 0.396927
vt 0.409483 0.380632
vt 0.386920 0.379212
vt 0.418323 0.398168
vt 0.426751 0.381751
vt 0.435224 0.365362
vt 0.423830 0.364383
vt 0.416210 0.358009
vt 0.496753 0.725580
vt 0.497557 0.724757
vt 0.495381 0.690596
vt 0.494597 0.690775
vt 0.495220 0.686645
vt 0.494290 0.686813
vt 0.175324 0.332917
vt 0.172680 0.334258
vt 0.164201 0.342006
vt 0.164144 0.344190
vt 0.155709 0.349781
vt 0.152965 0.355463
vt 0.711338 0.855550
vt 0.733070 0.847580
vt 0.701713 0.766800
vt 0.683211 0.773758
vt 0.748508 0.841381
vt 0.714663 0.761454
vt 0.755876 0.836662
vt 0.762161 0.828858
vt 0.732934 0.750800
vt 0.722576 0.757456
vt 0.768554 0.821014
vt 0.743417 0.744088
vt 0.056973 0.837261
vt 0.115098 0.832120
vt 0.146377 0.756902
vt 0.113586 0.743170
vt 0.148481 0.845342
vt 0.171188 0.767267
vt 0.174192 0.852617
vt 0.182941 0.858632
vt 0.204921 0.776982
vt 0.194036 0.774359
vt 0.191588 0.864626
vt 0.215696 0.779578
vt 0.200157 0.868032
vt 0.215818 0.871763
vt 0.237652 0.785334
vt 0.224237 0.781724
vt 0.237760 0.876517
vt 0.256719 0.790006
vt 0.261839 0.880836
vt 0.278156 0.794398
vt 0.287040 0.884665
vt 0.300830 0.798353
vt 0.312350 0.887953
vt 0.323608 0.801715
vt 0.337558 0.893870
vt 0.346352 0.806298
vt 0.362452 0.905590
vt 0.368923 0.813916
vt 0.387447 0.915318
vt 0.391563 0.820128
vt 0.412958 0.915261
vt 0.414510 0.820491
vt 0.432665 0.913001
vt 0.432158 0.819423
vt 0.438898 0.821342
vt 0.439982 0.823975
vt 0.440250 0.916122
vt 0.441521 0.920598
vt 0.467604 0.839396
vt 0.471714 0.841604
vt 0.471499 0.945620
vt 0.475952 0.949196
vt 0.476451 0.949405
vt 0.472180 0.841729
vt 0.504432 0.923826
vt 0.498536 0.825473
vt 0.487605 0.832248
vt 0.492824 0.934484
vt 0.476639 0.839048
vt 0.481179 0.945183
vt 0.509078 0.918257
vt 0.509967 0.913741
vt 0.503761 0.819335
vt 0.502915 0.822005
vt 0.517335 0.910069
vt 0.510345 0.816983
vt 0.537311 0.910843
vt 0.528070 0.816885
vt 0.562959 0.908973
vt 0.550976 0.814997
vt 0.587343 0.897371
vt 0.573103 0.807277
vt 0.611533 0.883660
vt 0.595054 0.798073
vt 0.636597 0.875463
vt 0.617431 0.791733
vt 0.662022 0.869611
vt 0.639928 0.786439
vt 0.687295 0.862934
vt 0.662235 0.780376
vt 0.723504 0.888236
vt 0.749782 0.878470
vt 0.746027 0.876091
vt 0.721816 0.884743
vt 0.776060 0.868704
vt 0.763680 0.869271
vt 0.774196 0.862869
vt 0.776636 0.856917
vt 0.774129 0.855839
vt 0.770771 0.864165
vt 0.777806 0.850391
vt 0.777551 0.847489
vt 0.054118 0.843018
vt 0.102499 0.863362
vt 0.103802 0.859661
vt 0.055546 0.840140
vt 0.150880 0.883705
vt 0.140114 0.874153
vt 0.168669 0.882418
vt 0.172683 0.888848
vt 0.174235 0.887260
vt 0.167497 0.879503
vt 0.177475 0.894452
vt 0.180913 0.895005
vt 0.179045 0.901330
vt 0.204240 0.906096
vt 0.206819 0.902782
vt 0.189413 0.899087
vt 0.229434 0.910862
vt 0.230729 0.907487
vt 0.255539 0.914929
vt 0.256056 0.911760
vt 0.281644 0.918996
vt 0.282146 0.915554
vt 0.307969 0.922006
vt 0.308346 0.918822
vt 0.334293 0.925017
vt 0.334423 0.925188
vt 0.359912 0.941475
vt 0.360142 0.938279
vt 0.385530 0.957933
vt 0.385979 0.949183
vt 0.412360 0.952195
vt 0.412408 0.948989
vt 0.439189 0.946458
vt 0.432856 0.946342
vt 0.440749 0.949885
vt 0.442092 0.954999
vt 0.440823 0.953140
vt 0.442457 0.959823
vt 0.472883 0.983489
vt 0.477449 0.987564
vt 0.477087 0.990778
vt 0.477576 0.991319
vt 0.478065 0.991860
vt 0.477953 0.987806
vt 0.510458 0.958315
vt 0.506490 0.958864
vt 0.494646 0.970926
vt 0.494769 0.974471
vt 0.482766 0.983033
vt 0.479080 0.990627
vt 0.513434 0.943843
vt 0.519801 0.943241
vt 0.512147 0.947382
vt 0.512316 0.950642
vt 0.511233 0.952545
vt 0.511197 0.957441
vt 0.540838 0.947491
vt 0.540570 0.944294
vt 0.568243 0.951138
vt 0.567186 0.942427
vt 0.592817 0.932709
vt 0.592381 0.929525
vt 0.617392 0.914280
vt 0.617379 0.914303
vt 0.644035 0.908623
vt 0.643406 0.905473
vt 0.670678 0.902965
vt 0.669881 0.899416
vt 0.697091 0.895600
vt 0.696226 0.892512
vt 0.478387 0.419504
vt 0.480229 0.419303
vt 0.471392 0.420789
vt 0.472209 0.430432
vt 0.478739 0.428237
vt 0.480501 0.430268
vt 0.621218 0.121120
vt 0.645077 0.121016
vt 0.615034 0.121147
vt 0.614708 0.113616
vt 0.621043 0.115305
vt 0.645014 0.115280
vt 0.704286 0.120758
vt 0.781170 0.120422
vt 0.704261 0.115048
vt 0.781137 0.112890
vt 0.143119 0.307536
vt 0.142190 0.316259
vt 0.144007 0.300133
vt 0.136633 0.300020
vt 0.136887 0.307508
vt 0.135247 0.315433
vt 0.133389 0.324286
vt 0.141175 0.327619
vt 0.131946 0.331630
vt 0.140413 0.337676
vt 0.140242 0.342492
vt 0.140367 0.344686
vt 0.131553 0.335027
vt 0.128911 0.333815
vt 0.438945 0.688335
vt 0.442173 0.692654
vt 0.452276 0.693579
vt 0.452230 0.689289
vt 0.442832 0.728350
vt 0.453279 0.730662
vt 0.444784 0.827263
vt 0.456196 0.833331
vt 0.446757 0.925995
vt 0.459131 0.935809
vt 0.447478 0.961148
vt 0.460184 0.972320
vt 0.443506 0.960915
vt 0.460296 0.975847
vt 0.410316 0.451020
vt 0.418559 0.445607
vt 0.406339 0.428020
vt 0.383821 0.427178
vt 0.429864 0.445838
vt 0.423576 0.428641
vt 0.152655 0.352602
vt 0.152671 0.355845
vt 0.152582 0.345860
vt 0.466872 0.694807
vt 0.466779 0.690241
vt 0.468366 0.733773
vt 0.472660 0.841542
vt 0.476957 0.949112
vt 0.478463 0.987478
vt 0.478573 0.991243
vt 0.415183 0.404076
vt 0.389918 0.402812
vt 0.356697 0.401142
vt 0.478113 0.407247
vt 0.480018 0.407302
vt 0.470399 0.406879
vt 0.621400 0.129370
vt 0.645149 0.129266
vt 0.615363 0.129396
vt 0.704322 0.129008
vt 0.781206 0.128673
vt 0.152116 0.307564
vt 0.152200 0.317360
vt 0.152087 0.300249
vt 0.152393 0.332119
vt 0.615266 0.146126
vt 0.621386 0.145520
vt 0.645197 0.144981
vt 0.475732 0.381019
vt 0.481100 0.383182
vt 0.482235 0.382149
vt 0.429116 0.358633
vt 0.417046 0.357604
vt 0.438498 0.359536
vt 0.441860 0.359069
vt 0.429871 0.358134
vt 0.417883 0.357200
vt 0.508541 0.920018
vt 0.510683 0.954554
vt 0.510828 0.957878
vt 0.496270 0.725919
vt 0.502406 0.823055
vt 0.494126 0.690865
vt 0.493976 0.686851
vt 0.175150 0.328649
vt 0.175693 0.331521
vt 0.175974 0.331289
vt 0.175587 0.332663
vt 0.175851 0.332408
vt 0.173308 0.322313
vt 0.171015 0.314496
vt 0.167424 0.300106
vt 0.169120 0.307177
vt 0.704390 0.144577
vt 0.781274 0.144242
vt 0.479130 0.432137
vt 0.481292 0.432895
vt 0.472612 0.434086
vt 0.620877 0.112922
vt 0.644966 0.113138
vt 0.614386 0.112523
vt 0.704252 0.112986
vt 0.781136 0.112650
vt 0.134631 0.307489
vt 0.132727 0.315121
vt 0.136401 0.300018
vt 0.128864 0.329450
vt 0.130555 0.323076
vt 0.128401 0.332340
vt 0.128551 0.333487
vt 0.128016 0.332042
vt 0.128191 0.333160
vt 0.439058 0.727509
vt 0.438523 0.692320
vt 0.438523 0.688305
vt 0.442289 0.922407
vt 0.440662 0.825046
vt 0.442981 0.960369
vt 0.442891 0.957064
vt 0.435839 0.453170
vt 0.432466 0.452115
vt 0.423223 0.451981
vt 0.424111 0.452749
vt 0.411350 0.451674
vt 0.412383 0.452328
vt 0.714481 0.239754
vt 0.681098 0.228307
vt 0.675609 0.245602
vt 0.704683 0.256047
vt 0.644067 0.224575
vt 0.643500 0.241921
vt 0.606479 0.228284
vt 0.609954 0.244815
vt 0.570454 0.242213
vt 0.577211 0.257547
vt 0.538116 0.269143
vt 0.547514 0.283379
vt 0.507853 0.301785
vt 0.519239 0.314715
vt 0.478058 0.332851
vt 0.490763 0.343956
vt 0.455766 0.355658
vt 0.469258 0.365180
vt 0.448014 0.363520
vt 0.461896 0.372464
vt 0.445739 0.368852
vt 0.460389 0.376767
vt 0.456446 0.389049
vt 0.452522 0.401393
vt 0.439876 0.384069
vt 0.434046 0.399354
vt 0.451069 0.405885
vt 0.450939 0.406440
vt 0.431867 0.404892
vt 0.431662 0.405547
vt 0.431756 0.406182
vt 0.450984 0.406976
vt 0.433166 0.411862
vt 0.451828 0.411554
vt 0.454094 0.424240
vt 0.456404 0.436912
vt 0.436908 0.427652
vt 0.440723 0.443436
vt 0.457380 0.441449
vt 0.463795 0.449762
vt 0.442352 0.449098
vt 0.449508 0.458203
vt 0.469907 0.484320
vt 0.482424 0.473760
vt 0.499340 0.516688
vt 0.509629 0.503689
vt 0.533599 0.544548
vt 0.541773 0.529791
vt 0.570281 0.565753
vt 0.576061 0.549744
vt 0.606981 0.578154
vt 0.609698 0.561229
vt 0.643562 0.581878
vt 0.642372 0.564564
vt 0.679889 0.577052
vt 0.673774 0.560067
vt 0.712452 0.564059
vt 0.701960 0.548164
vt 0.737741 0.543285
vt 0.724992 0.529282
vt 0.757400 0.519534
vt 0.742863 0.505900
vt 0.773074 0.497610
vt 0.755569 0.480502
vt 0.783690 0.463050
vt 0.763383 0.447380
vt 0.788176 0.401392
vt 0.766577 0.400828
vt 0.786092 0.339541
vt 0.765215 0.354222
vt 0.777000 0.304400
vt 0.759357 0.320939
vt 0.761734 0.282205
vt 0.747748 0.295756
vt 0.741127 0.259188
vt 0.729126 0.273445
vt 0.722231 0.228151
vt 0.683338 0.220466
vt 0.683092 0.221712
vt 0.718055 0.233543
vt 0.644444 0.212781
vt 0.644265 0.217953
vt 0.604882 0.220742
vt 0.605145 0.221961
vt 0.565320 0.228704
vt 0.567861 0.236340
vt 0.533876 0.262637
vt 0.534540 0.263693
vt 0.502432 0.296570
vt 0.503523 0.296844
vt 0.472146 0.327819
vt 0.473152 0.328618
vt 0.450466 0.352052
vt 0.442506 0.360188
vt 0.439939 0.365951
vt 0.433430 0.382266
vt 0.426967 0.398628
vt 0.424535 0.404529
vt 0.424299 0.405191
vt 0.424420 0.405836
vt 0.426028 0.411900
vt 0.430250 0.428819
vt 0.434564 0.445763
vt 0.436444 0.451904
vt 0.443933 0.461386
vt 0.464079 0.489130
vt 0.465072 0.488356
vt 0.492320 0.525091
vt 0.495410 0.521675
vt 0.529920 0.551311
vt 0.530493 0.550205
vt 0.567520 0.577531
vt 0.568084 0.571877
vt 0.605755 0.585864
vt 0.605947 0.584623
vt 0.643990 0.594197
vt 0.643988 0.588493
vt 0.682398 0.584773
vt 0.682115 0.583537
vt 0.720806 0.575348
vt 0.716289 0.570125
vt 0.743187 0.549632
vt 0.742469 0.548625
vt 0.765569 0.523917
vt 0.762840 0.524651
vt 0.780601 0.504570
vt 0.779586 0.503815
vt 0.795633 0.485223
vt 0.791187 0.468627
vt 0.797254 0.401620
vt 0.796127 0.401596
vt 0.798875 0.318018
vt 0.793790 0.334320
vt 0.784586 0.297660
vt 0.783563 0.298397
vt 0.770296 0.277303
vt 0.766982 0.277112
vt 0.746264 0.252727
vt 0.745582 0.253752
vt 0.711945 0.625394
vt 0.709500 0.630147
vt 0.719482 0.630448
vt 0.719933 0.629297
vt 0.709865 0.631626
vt 0.718753 0.631954
vt 0.730489 0.660238
vt 0.732312 0.659026
vt 0.727921 0.633200
vt 0.678451 0.644740
vt 0.693033 0.636498
vt 0.692629 0.635782
vt 0.678581 0.644973
vt 0.693480 0.637386
vt 0.685742 0.679473
vt 0.674126 0.650114
vt 0.685764 0.679481
vt 0.674149 0.650126
vt 0.757326 0.737508
vt 0.758464 0.736958
vt 0.755419 0.738348
vt 0.778407 0.816485
vt 0.779934 0.815961
vt 0.789008 0.840715
vt 0.753667 0.839312
vt 0.718985 0.759672
vt 0.753691 0.839305
vt 0.719006 0.759672
vt 0.783437 0.846967
vt 0.782578 0.849679
vt 0.779454 0.858330
vt 0.779846 0.857826
vt 0.781665 0.850001
vt 0.778963 0.858509
vt 0.776249 0.868700
vt 0.776252 0.868692
vt 0.776255 0.868685
vt 0.785545 0.844454
vt 0.786222 0.843841
vt 0.784317 0.844848
vt 0.776155 0.868702
vt 0.769598 0.866996
vt 0.769636 0.866988
vt 0.243247 0.653300
vt 0.247289 0.659977
vt 0.243160 0.653227
vt 0.247241 0.659999
vt 0.242366 0.693454
vt 0.242427 0.693451
vt 0.219103 0.666427
vt 0.230179 0.660867
vt 0.230164 0.660815
vt 0.219575 0.666622
vt 0.230350 0.660969
vt 0.243147 0.653235
vt 0.243134 0.653242
vt 0.201165 0.693275
vt 0.211809 0.667840
vt 0.202853 0.693908
vt 0.212930 0.668297
vt 0.219754 0.780519
vt 0.219690 0.780509
vt 0.194862 0.866762
vt 0.194926 0.866784
vt 0.159977 0.849682
vt 0.180037 0.770900
vt 0.161643 0.849715
vt 0.181781 0.771367
vt 0.176709 0.898101
vt 0.165209 0.891932
vt 0.164962 0.892518
vt 0.176911 0.897894
vt 0.166232 0.891248
vt 0.156911 0.882929
vt 0.155137 0.883906
vt 0.183596 0.897848
vt 0.183528 0.897811
vt 0.152535 0.878586
vt 0.154367 0.877993
vt 0.214965 0.668983
vt 0.220635 0.666897
vt 0.205840 0.694928
vt 0.208668 0.695862
vt 0.216915 0.669590
vt 0.221706 0.667124
vt 0.230834 0.661168
vt 0.241158 0.657134
vt 0.231344 0.661349
vt 0.241331 0.657368
vt 0.247200 0.660136
vt 0.242233 0.693482
vt 0.247169 0.660286
vt 0.242102 0.693513
vt 0.219530 0.780483
vt 0.194706 0.866708
vt 0.219370 0.780457
vt 0.194549 0.866654
vt 0.183370 0.897725
vt 0.177435 0.897591
vt 0.183214 0.897637
vt 0.177946 0.897324
vt 0.168810 0.890366
vt 0.161350 0.881741
vt 0.171325 0.889630
vt 0.165697 0.880776
vt 0.158913 0.877406
vt 0.165540 0.850017
vt 0.163405 0.876981
vt 0.169408 0.850369
vt 0.185274 0.772232
vt 0.188664 0.773059
vt 0.674200 0.650156
vt 0.678755 0.645305
vt 0.685812 0.679501
vt 0.685860 0.679522
vt 0.674251 0.650186
vt 0.678904 0.645603
vt 0.694015 0.638618
vt 0.710184 0.633704
vt 0.694452 0.639712
vt 0.710395 0.635555
vt 0.717468 0.634171
vt 0.727514 0.662150
vt 0.716235 0.636176
vt 0.724741 0.663915
vt 0.751970 0.739770
vt 0.775306 0.817248
vt 0.748680 0.741109
vt 0.772281 0.817951
vt 0.781992 0.844803
vt 0.780242 0.849409
vt 0.779771 0.844630
vt 0.778965 0.848634
vt 0.778272 0.858041
vt 0.775077 0.865595
vt 0.777678 0.857450
vt 0.774907 0.865437
vt 0.769650 0.866970
vt 0.753728 0.839289
vt 0.769650 0.866952
vt 0.753762 0.839272
vt 0.719052 0.759672
vt 0.719098 0.759673
vt 0.217778 0.669807
vt 0.222211 0.667175
vt 0.209879 0.696237
vt 0.231592 0.661397
vt 0.241410 0.657459
vt 0.247155 0.660349
vt 0.242046 0.693526
vt 0.219302 0.780446
vt 0.194483 0.866630
vt 0.183150 0.897598
vt 0.178109 0.897223
vt 0.172165 0.889381
vt 0.167195 0.880468
vt 0.165077 0.876879
vt 0.170986 0.850549
vt 0.190101 0.773409
vt 0.674273 0.650200
vt 0.678961 0.645733
vt 0.685881 0.679532
vt 0.694607 0.640184
vt 0.710433 0.636355
vt 0.715661 0.637044
vt 0.723523 0.664683
vt 0.747247 0.741703
vt 0.770979 0.818292
vt 0.778861 0.844639
vt 0.778493 0.848409
vt 0.777476 0.857265
vt 0.774848 0.865385
vt 0.769651 0.866943
vt 0.753777 0.839265
vt 0.719118 0.759674
vn -0.518144 0.457254 -0.722804
vn -0.674007 0.474410 -0.566260
vn -0.508834 0.749138 -0.424123
vn -0.384501 0.749030 -0.539549
vn -0.718118 0.489046 -0.495117
vn -0.529903 0.769862 -0.355689
vn -0.227756 0.961086 -0.156338
vn -0.264929 0.942469 -0.203873
vn -0.170195 0.957436 -0.233129
vn -0.722938 0.517948 -0.457263
vn -0.694976 0.561386 -0.449281
vn -0.716623 0.552291 -0.425941
vn -0.725104 0.536253 -0.432038
vn -0.679477 0.607102 -0.411992
vn -0.627313 0.703287 -0.334463
vn -0.605281 0.717270 -0.345193
vn -0.621368 0.695098 -0.361581
vn -0.685268 0.606395 -0.403352
vn -0.820653 0.544491 0.173370
vn -0.821473 0.551914 0.143434
vn -0.704547 0.697227 0.132243
vn -0.598416 0.792270 0.119193
vn -0.861282 0.507410 0.026993
vn -0.613957 0.788673 0.032434
vn -0.260474 0.965481 -0.000119
vn -0.566998 0.815501 0.116065
vn -0.384573 0.920891 0.063744
vn -0.512900 0.610600 0.603408
vn -0.500936 0.570577 0.650773
vn -0.529668 0.558133 0.638702
vn -0.509623 0.657320 0.555170
vn -0.510522 0.519340 0.685313
vn -0.534397 0.530962 0.657647
vn -0.522145 0.576563 0.628443
vn -0.468427 0.688804 0.553287
vn -0.454211 0.719439 0.525452
vn -0.506554 0.490344 0.709201
vn -0.438081 0.476169 0.762462
vn -0.329581 0.751357 0.571698
vn -0.378626 0.769777 0.513893
vn -0.237054 0.458096 0.856711
vn -0.175756 0.750177 0.637452
vn -0.082257 0.957012 0.278139
vn -0.174674 0.943067 0.283043
vn -0.184718 0.948490 0.257382
vn -0.015247 0.443754 0.896019
vn -0.010431 0.753272 0.657626
vn 0.155935 0.440006 0.884352
vn 0.114249 0.753074 0.647940
vn 0.049013 0.959340 0.277965
vn -0.004932 0.959430 0.281902
vn 0.312633 0.442860 0.840319
vn 0.227381 0.754433 0.615734
vn 0.465595 0.447195 0.763700
vn 0.337052 0.755609 0.561650
vn 0.144597 0.959737 0.240825
vn 0.097762 0.959466 0.264323
vn 0.611018 0.447502 0.652992
vn 0.442487 0.755578 0.483018
vn 0.734878 0.452448 0.505218
vn 0.535984 0.756380 0.374981
vn 0.226928 0.960813 0.159192
vn 0.188307 0.960225 0.206176
vn 0.801470 0.463620 0.377759
vn 0.579089 0.766682 0.277229
vn 0.796500 0.463786 0.387930
vn 0.603280 0.746361 0.281069
vn 0.353564 0.913976 0.199099
vn 0.247765 0.960682 0.125309
vn 0.529080 0.695312 0.486432
vn 0.620206 0.531753 0.576700
vn 0.675587 0.598880 0.430029
vn 0.532311 0.749536 0.393498
vn 0.693749 0.358639 0.624572
vn 0.775463 0.415836 0.475118
vn 0.835266 0.519318 -0.180664
vn 0.727893 0.666972 -0.159126
vn 0.506523 0.853980 -0.118962
vn 0.616283 0.465174 -0.635459
vn 0.622723 0.463976 -0.630033
vn 0.449715 0.769027 -0.454262
vn 0.462470 0.751565 -0.470394
vn 0.515330 0.451100 -0.728659
vn 0.374514 0.755763 -0.537179
vn 0.158851 0.960786 -0.227282
vn 0.197392 0.959562 -0.200694
vn 0.261293 0.912682 -0.314226
vn 0.350687 0.445331 -0.823832
vn 0.250851 0.754299 -0.606717
vn 0.178722 0.445948 -0.877034
vn 0.125739 0.754777 -0.643818
vn 0.053520 0.959723 -0.275803
vn 0.106492 0.960205 -0.258197
vn 0.007552 0.442555 -0.896710
vn 0.003580 0.754237 -0.656592
vn -0.155935 0.440006 -0.884352
vn -0.114249 0.753074 -0.647940
vn -0.049013 0.959340 -0.277965
vn 0.001500 0.959460 -0.281840
vn -0.321261 0.443641 -0.836644
vn -0.234869 0.753118 -0.614532
vn -0.100722 0.959479 -0.263162
vn 0.022603 -0.994193 -0.105207
vn 0.010483 -0.999754 -0.019537
vn 0.734852 -0.135054 0.664645
vn 0.870981 -0.131576 0.473371
vn -0.000000 -1.000000 0.000000
vn 0.553413 -0.163020 0.816797
vn 0.178276 0.957223 0.227906
vn 0.193669 0.958771 0.207966
vn 0.205266 0.946680 0.248319
vn -0.148563 -0.982653 -0.111001
vn -0.024919 -0.984517 -0.173509
vn 0.946292 -0.190717 0.261070
vn 0.942027 -0.287322 0.173292
vn 0.233964 0.937335 0.258193
vn 0.283178 0.948186 0.144057
vn -0.102801 -0.983677 0.147690
vn -0.226952 -0.973548 0.026397
vn 0.907029 -0.316419 -0.277810
vn 0.834006 -0.295083 -0.466219
vn 0.289208 0.956093 -0.047392
vn 0.225149 0.946035 -0.233077
vn 0.072782 -0.992984 0.093201
vn 0.054541 -0.983561 0.172142
vn 0.826341 -0.179471 -0.533807
vn 0.679404 -0.121295 -0.723669
vn 0.133881 0.935146 -0.327991
vn 0.105812 0.946442 -0.305044
vn 0.000000 -1.000000 -0.000000
vn 0.022676 -0.999606 0.016557
vn 0.478422 -0.133179 -0.867972
vn 0.247973 -0.161833 -0.955154
vn 0.110720 0.959141 -0.260365
vn 0.090766 0.957145 -0.275020
vn 0.000000 -1.000000 -0.000000
vn 0.000000 -1.000000 -0.000000
vn 0.027370 -0.204597 -0.978464
vn -0.164202 -0.237196 -0.957484
vn 0.033021 0.931234 -0.362922
vn -0.063079 0.902394 -0.426270
vn -0.070566 -0.995555 0.062372
vn -0.019961 -0.999757 0.009396
vn -0.336940 -0.225171 -0.914205
vn -0.508853 -0.217299 -0.832976
vn -0.132193 0.896786 -0.422256
vn -0.149163 0.890832 -0.429148
vn 0.004801 -0.999802 0.019305
vn -0.067428 -0.991102 0.114764
vn -0.663793 -0.274643 -0.695665
vn -0.770414 -0.301013 -0.562009
vn -0.211708 0.892323 -0.398672
vn -0.330703 0.922827 -0.197548
vn -0.072228 -0.966007 -0.248220
vn 0.000154 -0.986748 -0.162262
vn -0.880134 -0.176189 -0.440820
vn -0.926444 -0.067691 -0.370296
vn -0.368668 0.928952 0.033656
vn -0.350244 0.930703 0.105458
vn -0.060070 -0.998147 0.009735
vn -0.060336 -0.998109 0.011745
vn -0.959379 -0.234311 0.157133
vn -0.956305 -0.238167 0.169583
vn -0.064647 -0.997907 0.001228
vn -0.967007 -0.217718 0.132273
vn -0.479121 0.875138 0.067648
vn -0.502793 0.860277 0.084398
vn -0.502802 0.859822 0.088861
vn 0.010573 -0.999874 -0.011857
vn 0.064655 -0.986640 0.149537
vn -0.670779 -0.180046 0.719471
vn -0.506138 -0.301566 0.808011
vn 0.021235 -0.970525 0.240063
vn -0.763919 -0.081198 0.640183
vn -0.366116 0.930357 0.019888
vn -0.358400 0.928582 0.096358
vn -0.242353 0.922692 0.299842
vn -0.092544 -0.995161 -0.033005
vn -0.099920 -0.991794 -0.079752
vn -0.377675 -0.274203 0.884406
vn -0.201064 -0.214520 0.955801
vn -0.062075 0.892779 0.446198
vn 0.006139 0.891342 0.453289
vn 0.000000 -1.000000 -0.000000
vn -0.024198 -0.999706 -0.001419
vn -0.007723 -0.224698 0.974398
vn 0.175486 -0.237612 0.955377
vn 0.019992 0.896923 0.441735
vn 0.087485 0.902884 0.420887
vn 0.000000 -1.000000 -0.000000
vn 0.359719 -0.205792 0.910084
vn 0.155360 0.932198 0.326910
vn -0.021931 0.999233 -0.032429
vn -0.033510 0.999000 -0.029607
vn 0.009525 0.999874 0.012669
vn 0.006628 0.999910 0.011706
vn -0.022761 0.999592 -0.017259
vn 0.036578 0.999108 0.021111
vn 0.532889 0.794525 0.291136
vn 0.323308 0.891030 0.318650
vn 0.204924 0.922053 0.328366
vn 0.004670 0.999975 -0.005264
vn 0.094575 0.995297 0.020948
vn -0.056889 0.998371 0.004462
vn 0.101779 0.994795 0.004798
vn 0.834061 0.551597 -0.009172
vn 0.751925 0.640302 0.156912
vn -0.125431 0.991719 0.027588
vn 0.077081 0.996970 -0.010486
vn -0.049736 0.998651 0.014941
vn 0.089736 0.995166 -0.039898
vn 0.786478 0.552021 -0.276992
vn 0.836927 0.526926 -0.147995
vn -0.005213 0.999985 0.001386
vn 0.071354 0.996016 -0.053478
vn -0.020861 0.999428 0.026621
vn 0.027349 0.999119 -0.031844
vn 0.394865 0.798327 -0.454704
vn 0.647650 0.643908 -0.407347
vn -0.019333 0.998998 0.040371
vn 0.006802 0.999874 -0.014319
vn -0.009771 0.999254 0.037364
vn 0.002030 0.999920 -0.012472
vn 0.082233 0.922428 -0.377313
vn 0.195315 0.892169 -0.407291
vn -0.000633 0.999299 0.037439
vn 0.000120 0.999905 -0.013801
vn 0.006506 0.999298 0.036900
vn -0.002441 0.999901 -0.013846
vn -0.065356 0.926468 -0.370655
vn 0.003326 0.926345 -0.376661
vn 0.013037 0.999298 0.035114
vn -0.004911 0.999900 -0.013239
vn 0.019367 0.999298 0.032060
vn -0.007183 0.999903 -0.011904
vn -0.194215 0.925499 -0.325165
vn -0.130517 0.926047 -0.354121
vn 0.025339 0.999300 0.027532
vn -0.009339 0.999905 -0.010158
vn 0.030700 0.999301 0.021327
vn -0.011002 0.999910 -0.007658
vn -0.314141 0.922928 -0.222530
vn -0.256713 0.924145 -0.282940
vn 0.031591 0.999377 0.015716
vn -0.014019 0.999882 -0.006251
vn 0.017236 0.998940 0.042689
vn -0.022453 0.999725 -0.006814
vn -0.383567 0.912161 -0.144357
vn -0.363530 0.916429 -0.167342
vn -0.202024 0.979285 0.013703
vn -0.019801 0.999778 -0.007161
vn -0.016014 0.999867 -0.003215
vn -0.180583 0.983516 0.009286
vn 0.000000 1.000000 -0.000000
vn 0.000000 1.000000 -0.000000
vn 0.000000 1.000000 -0.000000
vn -0.012980 0.999913 0.002543
vn -0.172557 0.984493 0.031588
vn 0.002710 0.998922 -0.046338
vn 0.024177 0.999279 -0.029257
vn -0.012671 0.999866 0.010379
vn -0.019219 0.999677 0.016652
vn 0.021530 0.999303 -0.030500
vn -0.007679 0.999911 0.010898
vn -0.219031 0.922977 0.316447
vn -0.284120 0.916415 0.281885
vn -0.311128 0.911841 0.267853
vn 0.014393 0.999301 -0.034502
vn -0.005287 0.999905 0.012690
vn 0.007231 0.999299 -0.036729
vn -0.002672 0.999904 0.013610
vn -0.071283 0.925519 0.371933
vn -0.144495 0.924176 0.353581
vn 0.000253 0.999299 -0.037445
vn -0.000092 0.999901 0.014104
vn -0.006506 0.999298 -0.036900
vn 0.002442 0.999901 0.013846
vn 0.065356 0.926469 0.370653
vn -0.001597 0.926056 0.377382
vn -0.013340 0.999296 -0.035075
vn 0.004845 0.999903 0.013052
vn 0.131524 0.926274 0.353154
vn -0.930453 -0.077669 -0.358084
vn -0.906287 -0.062728 -0.417982
vn -0.804112 -0.426518 -0.414109
vn -0.818202 -0.449489 -0.358477
vn -0.819625 -0.057399 -0.570017
vn -0.745454 -0.405674 -0.528892
vn -0.726734 -0.444183 -0.523984
vn -0.790802 -0.472800 -0.388706
vn -0.807977 -0.494580 -0.320255
vn -0.679423 -0.075693 -0.729832
vn -0.636255 -0.403458 -0.657572
vn -0.521064 -0.086614 -0.849112
vn -0.489233 -0.408474 -0.770584
vn -0.468050 -0.440276 -0.766215
vn -0.611196 -0.434644 -0.661456
vn -0.348266 -0.078258 -0.934123
vn -0.322741 -0.405436 -0.855254
vn -0.169397 -0.065955 -0.983338
vn -0.158649 -0.401973 -0.901803
vn -0.155935 -0.440006 -0.884352
vn -0.312424 -0.441349 -0.841191
vn 0.027865 -0.030906 -0.999134
vn 0.012149 -0.401416 -0.915815
vn 0.266572 0.035447 -0.963163
vn 0.217636 -0.396782 -0.891739
vn 0.193282 -0.448592 -0.872586
vn 0.006293 -0.443159 -0.896421
vn 0.505547 0.076387 -0.859411
vn 0.455271 -0.373524 -0.808213
vn 0.688426 0.083137 -0.720526
vn 0.670735 -0.335869 -0.661292
vn 0.639474 -0.398583 -0.657422
vn 0.414338 -0.436644 -0.798540
vn 0.820207 0.088754 -0.565140
vn 0.816984 -0.310327 -0.486040
vn 0.919909 0.092783 -0.380997
vn 0.897211 -0.302208 -0.321998
vn 0.883210 -0.351765 -0.310164
vn 0.801486 -0.364007 -0.474468
vn 0.980626 0.090575 -0.173693
vn 0.939031 -0.301172 -0.165881
vn 0.994919 0.091821 0.041301
vn 0.953084 -0.302666 -0.004864
vn 0.935722 -0.352567 -0.010993
vn 0.922296 -0.350498 -0.162855
vn 0.964773 0.084336 0.249198
vn 0.932834 -0.311738 0.180666
vn 0.893489 0.072862 0.443134
vn 0.853372 -0.338747 0.396241
vn 0.828428 -0.384358 0.407402
vn 0.915759 -0.360597 0.177071
vn 0.766938 0.066736 0.638242
vn 0.705371 -0.374741 0.601682
vn 0.579338 0.034311 0.814365
vn 0.513105 -0.396087 0.761471
vn 0.486322 -0.441819 0.753848
vn 0.670753 -0.420409 0.611021
vn 0.371773 -0.026673 0.927940
vn 0.326217 -0.400273 0.856367
vn 0.179874 -0.064271 0.981588
vn 0.159843 -0.401506 0.901800
vn 0.155935 -0.440006 0.884352
vn 0.313816 -0.442152 0.840251
vn -0.007006 -0.077161 0.996994
vn -0.009003 -0.405098 0.914229
vn -0.197749 -0.082589 0.976767
vn -0.192972 -0.407260 0.892693
vn -0.173664 -0.447203 0.877411
vn -0.003815 -0.443062 0.896483
vn -0.388455 -0.071180 0.918714
vn -0.374494 -0.402950 0.835096
vn -0.575907 -0.057931 0.815460
vn -0.524652 -0.406592 0.747946
vn -0.510242 -0.445389 0.735719
vn -0.348996 -0.444245 0.825135
vn -0.707526 -0.068610 0.703348
vn -0.615256 -0.427492 0.662352
vn -0.748304 -0.080865 0.658409
vn -0.640690 -0.448703 0.623043
vn -0.647347 -0.485393 0.587652
vn -0.616011 -0.462390 0.637751
vn -0.980846 -0.089614 0.172949
vn -0.980848 -0.089618 0.172935
vn -0.862217 -0.483190 0.152019
vn -0.862216 -0.483190 0.152024
vn -0.980845 -0.089617 0.172949
vn -0.862214 -0.483190 0.152031
vn -0.839383 -0.523002 0.148004
vn -0.839376 -0.523002 0.148042
vn -0.839380 -0.523003 0.148020
vn -0.186545 0.980309 0.064766
vn -0.015293 0.999788 0.013777
vn -0.017429 0.999752 0.013874
vn -0.238661 0.968180 0.075294
vn 0.000000 1.000000 -0.000000
vn 0.000000 1.000000 -0.000000
vn 0.000000 1.000000 -0.000000
vn -0.022673 0.999591 0.017451
vn -0.344473 0.934232 0.092454
vn -0.839383 -0.523002 0.148004
vn -0.862215 -0.483190 0.152030
vn -0.862214 -0.483190 0.152032
vn -0.839382 -0.523002 0.148005
vn -0.980845 -0.089617 0.172951
vn -0.980845 -0.089617 0.172949
vn -0.980845 -0.089617 0.172949
vn -0.862215 -0.483190 0.152031
vn -0.839382 -0.523002 0.148007
vn -0.358072 0.930556 0.076487
vn -0.966154 -0.139306 0.217119
vn -0.964438 -0.176507 0.196735
vn -0.415818 0.905597 0.083608
vn -0.098983 -0.994449 0.035691
vn -0.082620 -0.996106 0.030769
vn -0.066836 -0.997489 0.023404
vn -0.957771 -0.216857 0.188808
vn -0.478096 0.873207 0.094519
vn 0.330335 0.691047 -0.642910
vn 0.386577 0.538357 -0.748819
vn 0.390888 0.524386 -0.756456
vn 0.346819 0.650819 -0.675390
vn 0.440169 0.362389 -0.821538
vn 0.435957 0.379640 -0.815975
vn 0.430808 0.393512 -0.812129
vn 0.394733 0.503937 -0.768267
vn 0.365807 0.599525 -0.711867
vn -0.810251 -0.495727 -0.312647
vn -0.798727 -0.470229 -0.375394
vn -0.895528 0.152262 -0.418147
vn -0.927435 0.137701 -0.347710
vn -0.732502 -0.449812 -0.510988
vn -0.802846 0.177326 -0.569205
vn -0.839379 -0.523004 0.148019
vn -0.839375 -0.523004 0.148042
vn -0.930862 0.329788 0.157275
vn -0.928032 0.334594 0.163716
vn -0.839382 -0.523003 0.148004
vn -0.932690 0.321002 0.164460
vn -0.970327 0.170856 0.171094
vn -0.948172 0.256052 0.188169
vn -0.839383 -0.523002 0.148004
vn -0.839382 -0.523003 0.148005
vn -0.839381 -0.523004 0.148007
vn -0.932710 0.311953 0.180935
vn -0.517105 -0.450471 0.727790
vn -0.621295 -0.476537 0.622016
vn -0.698553 0.155521 0.698453
vn -0.562491 0.176798 0.807679
vn -0.648548 -0.498486 0.575236
vn -0.748595 0.140290 0.648016
vn -0.178611 -0.443888 0.878101
vn -0.353258 -0.440918 0.825106
vn -0.374821 0.185078 0.908436
vn -0.186352 0.188299 0.964270
vn 0.155935 -0.440008 0.884351
vn -0.007505 -0.442308 0.896832
vn -0.004428 0.193134 0.981162
vn 0.170286 0.195833 0.965739
vn 0.483832 -0.449184 0.751093
vn 0.316658 -0.443328 0.838563
vn 0.343180 0.193599 0.919101
vn 0.529326 0.178129 0.829508
vn 0.811752 -0.410764 0.415127
vn 0.655174 -0.439751 0.614301
vn 0.732226 0.103096 0.673213
vn 0.902202 -0.080146 0.423803
vn 0.926266 -0.376702 -0.011306
vn 0.905263 -0.385259 0.179094
vn 0.960974 -0.223415 0.163138
vn 0.962301 -0.271094 -0.022009
vn 0.873897 -0.377380 -0.306411
vn 0.912568 -0.375847 -0.161115
vn 0.943780 -0.285434 -0.166756
vn 0.911671 -0.271183 -0.308732
vn 0.625268 -0.403843 -0.667795
vn 0.791470 -0.383618 -0.475828
vn 0.847017 -0.225667 -0.481286
vn 0.704470 -0.090613 -0.703926
vn 0.195295 -0.445759 -0.873590
vn 0.405152 -0.432278 -0.805597
vn 0.461382 0.091702 -0.882449
vn 0.214878 0.174042 -0.961008
vn -0.155935 -0.440007 -0.884352
vn 0.010101 -0.442797 -0.896565
vn 0.008278 0.193027 -0.981159
vn -0.170286 0.195831 -0.965740
vn -0.469451 -0.447728 -0.761022
vn -0.314731 -0.443251 -0.839329
vn -0.340336 0.193645 -0.920148
vn -0.505893 0.190334 -0.841335
vn -0.612369 -0.445425 -0.653147
vn -0.661809 0.187950 -0.725730
vn -0.215181 0.961983 -0.168184
vn -0.111943 0.943410 -0.312165
vn -0.448381 0.658104 -0.604858
vn -0.598168 0.692147 -0.403891
vn -0.076969 0.947104 -0.311560
vn -0.336905 0.648205 -0.682880
vn -0.082306 0.953013 -0.291533
vn -0.246375 0.660084 -0.709640
vn -0.050960 0.955202 -0.291533
vn -0.126968 0.670619 -0.730855
vn 0.006168 0.964082 -0.265532
vn 0.017213 0.705276 -0.708724
vn 0.056763 0.974482 -0.217171
vn 0.166638 0.755840 -0.633197
vn 0.082492 0.975723 -0.202878
vn 0.294178 0.775488 -0.558639
vn 0.064065 0.965950 -0.250673
vn 0.376896 0.761685 -0.527054
vn 0.079127 0.955966 -0.282611
vn 0.455175 0.754648 -0.472570
vn 0.158223 0.966914 -0.200108
vn 0.558000 0.763562 -0.324976
vn 0.213006 0.976370 -0.036470
vn 0.630560 0.768136 -0.111181
vn 0.204977 0.969685 0.133023
vn 0.632880 0.765990 0.112789
vn 0.157832 0.959258 0.234336
vn 0.586596 0.757791 0.285759
vn 0.138778 0.967722 0.210366
vn 0.531023 0.764528 0.365394
vn 0.144173 0.976114 0.162532
vn 0.463322 0.775349 0.429146
vn 0.126353 0.973673 0.189725
vn 0.370050 0.752267 0.545121
vn 0.097756 0.963180 0.250456
vn 0.261287 0.703384 0.661044
vn 0.053747 0.954841 0.292214
vn 0.134114 0.670006 0.730141
vn 0.021279 0.952771 0.302945
vn 0.010514 0.660202 0.751014
vn 0.031401 0.946379 0.321530
vn -0.085089 0.649132 0.755902
vn 0.001457 0.941703 0.336443
vn -0.213769 0.658827 0.721284
vn -0.140738 0.961552 0.235819
vn -0.420750 0.691684 0.586978
vn -0.264670 0.963383 0.042937
vn -0.580962 0.705647 0.405642
vn -0.283182 0.957423 -0.056110
vn -0.620669 0.716360 0.318746
vn -0.685954 0.717416 0.121581
vn -0.687327 0.716090 0.121641
vn -0.241961 0.969199 0.045905
vn -0.244642 0.968541 0.045599
vn -0.247848 0.967700 0.046142
vn -0.688424 0.715043 0.121596
vn -0.250221 0.967177 0.044249
vn -0.250135 0.967296 0.042091
vn -0.688738 0.714772 0.121411
vn -0.688758 0.714747 0.121446
vn -0.249618 0.967488 0.040724
vn -0.688290 0.715328 0.120677
vn -0.250994 0.957711 0.140685
vn -0.268510 0.962066 0.048283
vn -0.684567 0.706500 -0.179514
vn -0.692006 0.716158 -0.090806
vn -0.594452 -0.735577 -0.324889
vn -0.588167 -0.740241 -0.325735
vn -0.597435 -0.776420 -0.200605
vn -0.601919 -0.783841 -0.152601
vn -0.525464 -0.796466 -0.299215
vn -0.536730 -0.825094 -0.176470
vn -0.519565 -0.848061 0.104139
vn -0.570962 -0.812790 0.115652
vn -0.574882 -0.810668 0.111030
vn 0.068483 0.996367 0.050622
vn 0.068114 0.997547 -0.016127
vn 0.065983 0.996225 0.056415
vn 0.130765 0.984878 0.113645
vn 0.115199 0.991591 0.058965
vn 0.101369 0.994632 -0.020751
vn 0.498830 0.395725 0.771084
vn 0.489398 0.359543 0.794493
vn 0.561992 0.330040 0.758445
vn 0.378351 0.222841 0.898439
vn 0.362735 0.283640 0.887677
vn 0.318255 0.337562 0.885870
vn -0.446288 -0.736189 0.508776
vn -0.439980 -0.738203 0.511345
vn -0.427078 -0.759049 0.491374
vn -0.433849 -0.761231 0.481978
vn -0.392749 -0.792657 0.466307
vn -0.373238 -0.811458 0.449699
vn -0.338217 -0.850314 0.403207
vn -0.399767 -0.803785 0.440585
vn -0.406325 -0.811642 0.419687
vn 0.017496 0.205911 -0.978414
vn 0.261433 0.327305 -0.908033
vn 0.195378 0.384663 -0.902143
vn 0.008252 0.259386 -0.965738
vn 0.187699 0.348971 -0.918144
vn -0.033429 0.297922 -0.954005
vn 0.145994 0.954495 -0.260048
vn 0.074216 0.988556 -0.131338
vn 0.053501 0.993553 -0.099947
vn 0.105031 0.976254 -0.189464
vn 0.042701 0.995919 -0.079515
vn 0.083262 0.984871 -0.151977
vn -0.505195 0.457132 -0.731990
vn -0.649239 0.474299 -0.594584
vn -0.659911 0.474593 -0.582477
vn -0.510884 0.457582 -0.727747
vn -0.690919 0.486801 -0.534467
vn -0.702821 0.487469 -0.518090
vn -0.599689 0.498701 -0.625836
vn -0.571343 0.551746 -0.607571
vn -0.636951 0.561828 -0.527866
vn -0.667036 0.514428 -0.538912
vn -0.559047 0.596351 -0.576048
vn -0.622139 0.607425 -0.493940
vn -0.821272 0.549914 0.152010
vn -0.820144 0.553672 0.144261
vn -0.820245 0.553732 0.143457
vn -0.820190 0.549459 0.159318
vn -0.832661 0.540391 0.121048
vn -0.843154 0.529888 0.091153
vn -0.348566 0.598040 0.721699
vn -0.336318 0.543521 0.769075
vn -0.423352 0.563176 0.709652
vn -0.436497 0.610611 0.660775
vn -0.334873 0.488629 0.805668
vn -0.426220 0.509432 0.747540
vn -0.467788 0.485746 0.738394
vn -0.406349 0.472526 0.782048
vn -0.420036 0.474219 0.773748
vn -0.484959 0.487510 0.726050
vn -0.222841 0.456170 0.861540
vn -0.228710 0.457277 0.859413
vn -0.013359 0.443500 0.896175
vn -0.014133 0.443666 0.896081
vn 0.155935 0.440006 0.884352
vn 0.155935 0.440006 0.884352
vn 0.317243 0.442810 0.838615
vn 0.315072 0.442622 0.839533
vn 0.482532 0.447148 0.753141
vn 0.474922 0.446479 0.758357
vn 0.631376 0.447309 0.633466
vn 0.622759 0.446616 0.642422
vn 0.741552 0.451899 0.495871
vn 0.739188 0.451388 0.499851
vn 0.796819 0.462520 0.388786
vn 0.799437 0.461988 0.384015
vn 0.788589 0.461125 0.406807
vn 0.792598 0.461301 0.398734
vn 0.569870 0.333623 0.750962
vn 0.405086 0.237669 0.882847
vn 0.575531 0.338240 0.744552
vn 0.425616 0.250526 0.869533
vn 0.718291 0.376628 0.584987
vn 0.792193 0.429001 0.434038
vn 0.738294 0.392841 0.548268
vn 0.804606 0.441121 0.397520
vn 0.835967 0.519535 -0.176754
vn 0.836215 0.518459 -0.178729
vn 0.501756 0.422475 -0.754822
vn 0.469074 0.407722 -0.783411
vn 0.474046 0.393999 -0.787429
vn 0.505849 0.407046 -0.760546
vn 0.477336 0.379465 -0.792563
vn 0.508730 0.393275 -0.765852
vn 0.072060 0.235106 -0.969295
vn 0.280275 0.335626 -0.899334
vn 0.272711 0.331561 -0.903159
vn 0.047885 0.221429 -0.974000
vn 0.602827 0.460335 -0.651684
vn 0.609192 0.461372 -0.644997
vn 0.615281 0.461766 -0.638907
vn 0.618900 0.461627 -0.635503
vn 0.525262 0.452275 -0.720796
vn 0.520766 0.450859 -0.724934
vn 0.376253 0.449123 -0.810384
vn 0.364904 0.446787 -0.816840
vn 0.197573 0.448741 -0.871548
vn 0.189466 0.447076 -0.874200
vn 0.012150 0.443199 -0.896341
vn 0.010259 0.442771 -0.896576
vn -0.155935 0.440006 -0.884353
vn -0.155935 0.440006 -0.884352
vn -0.319358 0.443641 -0.837373
vn -0.320235 0.443718 -0.836997
vn -0.560749 0.157286 -0.812910
vn -0.724004 0.170226 -0.668462
vn -0.694170 0.324413 -0.642560
vn -0.538917 0.306931 -0.784450
vn -0.792114 0.048697 -0.608427
vn -0.752969 0.296038 -0.587707
vn -0.600894 0.374914 -0.705951
vn -0.650768 0.110336 -0.751217
vn -0.577555 0.475688 -0.663439
vn -0.584789 0.453983 -0.672250
vn -0.659036 0.047862 -0.750587
vn -0.631135 0.367208 -0.683247
vn -0.445405 -0.891895 0.078351
vn -0.964816 0.215154 0.151125
vn -0.908078 0.390834 0.150473
vn -0.746335 -0.651510 0.136088
vn -0.315307 -0.947358 0.055619
vn -0.951837 -0.261417 0.160209
vn -0.363327 0.103376 0.925909
vn -0.357747 0.131996 0.924443
vn -0.320402 0.468014 0.823593
vn -0.384240 0.288426 0.877023
vn -0.336884 0.326823 0.883004
vn -0.316168 0.440046 0.840474
vn -0.524536 0.412213 0.744945
vn -0.453138 0.171219 0.874843
vn -0.433149 0.322523 0.841642
vn -0.508471 0.281530 0.813756
vn -0.248841 0.157229 0.955697
vn -0.237564 0.306317 0.921810
vn -0.015790 0.148525 0.988783
vn -0.014704 0.296865 0.954806
vn 0.172267 0.147511 0.973943
vn 0.165659 0.294780 0.941096
vn 0.349120 0.151836 0.924695
vn 0.336185 0.299771 0.892814
vn 0.525517 0.161850 0.835246
vn 0.507821 0.308312 0.804402
vn 0.685707 0.175207 0.706476
vn 0.663028 0.311505 0.680704
vn 0.814227 0.191577 0.548027
vn 0.784899 0.318105 0.531735
vn 0.882432 0.204690 0.423574
vn 0.847497 0.335621 0.411228
vn 0.253161 -0.927508 0.275025
vn 0.880478 0.221438 0.419195
vn 0.566014 0.313097 0.762626
vn 0.385527 0.038641 0.921887
vn 0.355413 0.098280 0.929528
vn 0.226812 -0.170940 0.958820
vn 0.438873 -0.713525 0.546144
vn 0.623747 -0.645002 0.441489
vn -0.446714 -0.879539 -0.163883
vn -0.466847 -0.873928 -0.135292
vn -0.439352 -0.893959 0.088360
vn 0.783692 -0.598510 -0.166171
vn 0.124473 -0.832940 -0.539182
vn 0.425395 -0.272945 -0.862867
vn 0.274755 -0.626592 -0.729309
vn -0.274166 -0.951142 0.141991
vn 0.222301 -0.710862 -0.667276
vn -0.363684 -0.875558 0.318011
vn 0.143582 -0.927495 -0.345162
vn 0.685542 0.202644 -0.699262
vn 0.263524 0.313532 -0.912279
vn 0.036152 0.142978 -0.989065
vn 0.024919 0.094285 -0.995233
vn -0.128276 -0.086548 -0.987955
vn 0.685928 0.206470 -0.697763
vn 0.656678 0.334479 -0.675943
vn 0.577655 0.191528 -0.793493
vn 0.555102 0.318493 -0.768390
vn 0.402707 0.175169 -0.898411
vn 0.390272 0.312596 -0.866009
vn 0.208155 0.161867 -0.964609
vn 0.202720 0.309154 -0.929155
vn 0.011798 0.151822 -0.988337
vn 0.010821 0.299967 -0.953888
vn -0.171230 0.147522 -0.974124
vn -0.166205 0.294785 -0.940998
vn -0.353035 0.148535 -0.923744
vn -0.340483 0.296948 -0.892129
vn -0.973426 -0.177146 0.145122
vn -0.412621 0.908786 0.062062
vn -0.076750 -0.997050 0.000089
vn -0.096686 -0.995315 0.000690
vn -0.978918 -0.139008 0.149652
vn -0.359704 0.931442 0.055044
vn -0.686935 0.716637 0.120633
vn -0.980845 -0.089617 0.172950
vn -0.247093 0.968116 0.041187
vn -0.243943 0.968936 0.040673
vn -0.685893 0.717618 0.120731
vn -0.980846 -0.089617 0.172947
vn -0.862214 -0.483190 0.152032
vn -0.839383 -0.523002 0.148005
vn -0.862214 -0.483190 0.152033
vn -0.839383 -0.523003 0.148003
vn -0.948680 0.279404 0.148123
vn -0.267276 0.963529 0.013246
vn -0.839382 -0.523004 0.148004
vn -0.839382 -0.523004 0.148003
vn -0.970824 0.192465 0.143034
vn -0.364867 0.931001 0.010402
vn -0.029844 0.999482 -0.012067
vn -0.024470 0.999664 -0.008553
vn 0.000000 1.000000 -0.000000
vn 0.000000 1.000000 -0.000000
vn 0.082080 0.994093 0.071013
vn 0.166854 0.974496 0.150056
vn 0.113047 0.988749 0.097962
vn 0.228264 0.951558 0.205990
vn 0.585160 0.601032 0.544379
vn 0.634802 0.501051 0.588195
vn 0.627403 0.517271 0.582062
vn 0.555466 0.655716 0.511364
vn 0.685737 0.398068 0.609349
vn 0.689704 0.376762 0.618351
vn 0.711748 0.413323 0.567960
vn 0.714607 0.393770 0.578171
vn 0.731890 0.428149 0.530118
vn 0.734440 0.409609 0.541127
vn 0.702170 -0.298432 0.646449
vn 0.512104 -0.633946 0.579536
vn 0.281980 -0.862951 0.419289
vn -0.298216 -0.954264 -0.021168
vn -0.529386 -0.801692 -0.277562
vn -0.526676 -0.799951 -0.287561
vn -0.569553 -0.759255 -0.314867
vn -0.576116 -0.754092 -0.315333
vn -0.450804 -0.854126 -0.259315
vn -0.499298 -0.817484 -0.287091
vn 0.045763 0.996371 -0.071768
vn 0.086728 0.990971 -0.102251
vn 0.000000 1.000000 -0.000000
vn 0.469569 0.592698 -0.654380
vn 0.357626 0.738701 -0.571336
vn 0.545513 0.406974 -0.732658
vn 0.577504 0.421302 -0.699281
vn 0.603650 0.434227 -0.668621
vn 0.399528 -0.654544 -0.641833
vn -0.389713 -0.870034 0.301935
vn -0.440601 -0.823216 0.358030
vn -0.487991 -0.772850 0.405670
vn -0.506652 -0.779252 0.368878
vn -0.955177 -0.233843 0.181531
vn -0.501092 0.860389 0.092936
vn -0.061761 -0.998043 0.009827
vn -0.688724 0.714775 0.121473
vn -0.980843 -0.089618 0.172963
vn -0.249405 0.967301 0.046119
vn -0.862214 -0.483190 0.152036
vn -0.839386 -0.523002 0.147984
vn -0.928573 0.329573 0.170685
vn -0.173331 0.983356 0.054466
vn -0.839385 -0.523004 0.147983
vn -0.014098 0.999859 0.009089
vn -0.260948 0.965277 -0.012121
vn -0.703077 0.661723 0.260395
vn -0.898693 -0.105030 0.425817
vn -0.052865 -0.988374 0.142554
vn -0.908998 -0.051763 0.413573
vn -0.351455 0.935248 0.042318
vn -0.437796 -0.895081 0.084645
vn -0.401746 -0.855816 0.325851
vn -0.326215 -0.881290 0.341924
vn -0.160584 -0.966502 0.200219
vn 0.434942 0.194435 -0.879216
vn -0.416906 -0.651899 -0.633417
vn 0.352372 0.369793 -0.859702
vn 0.385615 -0.008824 -0.922617
vn 0.140504 -0.175330 -0.974432
vn 0.289243 0.338570 -0.895382
vn 0.324017 0.355624 -0.876666
vn 0.272358 0.425550 -0.862976
vn 0.191127 0.461074 -0.866534
vn -0.009807 0.999675 -0.023512
vn 0.072331 0.904041 -0.421282
vn 0.151633 0.534407 -0.831515
vn 0.118237 0.855675 -0.503827
vn -0.024767 0.455797 -0.889739
vn -0.023919 0.999595 0.015415
vn -0.319376 0.929392 0.185014
vn -0.767006 -0.527473 0.365341
vn -0.882264 0.163476 0.441460
vn -0.779945 -0.483289 0.397639
vn -0.763994 -0.523600 0.377035
vn -0.995736 -0.053080 -0.075446
vn -0.345190 0.935103 0.080167
vn -0.103094 -0.986979 -0.123464
vn -0.749335 0.662186 -0.002641
vn -0.990363 -0.104960 -0.090361
vn -0.241089 0.965340 0.099977
vn -0.869163 -0.483357 -0.104510
vn -0.847101 -0.523646 -0.090631
vn -0.980071 0.164948 -0.110693
vn -0.362652 0.929746 -0.063691
vn -0.845886 -0.527490 -0.078942
vn -0.001098 0.999689 0.024924
vn -0.027638 0.999598 -0.006254
vn 0.197362 0.917510 0.345288
vn 0.282133 0.870470 0.403339
vn 0.439159 0.577828 0.687935
vn 0.298298 0.520836 0.799842
vn 0.593312 0.349234 0.725270
vn 0.564948 0.436326 0.700324
vn 0.492244 0.482600 0.724426
vn 0.640238 0.377389 0.669084
vn 0.619357 0.363413 0.695936
vn 0.462463 -0.163367 0.871458
vn 0.672726 -0.004845 0.739876
vn -0.090833 -0.995376 -0.031228
vn -0.416432 -0.885219 -0.207295
vn -0.456317 -0.889811 -0.003450
vn 0.715328 0.125948 0.687345
vn -0.488813 -0.855531 -0.170672
vn -0.263119 -0.768874 0.582754
vn -0.000000 -1.000000 0.000000
vn 0.000000 -1.000000 -0.000000
vn 0.000000 -1.000000 -0.000000
vn -0.000000 -1.000000 0.000000
vn 0.000000 -1.000000 -0.000000
vn 0.000000 -1.000000 -0.000000
vn -0.017650 -0.999843 -0.001589
vn -0.020960 -0.999779 -0.001898
vn -0.066528 -0.997377 -0.028520
vn -0.078760 -0.996385 -0.031842
vn -0.073970 -0.994691 -0.071544
vn -0.084822 -0.993555 -0.075195
vn -0.011114 -0.999413 -0.032402
vn -0.000821 -0.999799 -0.020056
vn 0.000555 -0.996814 0.079760
vn 0.027417 -0.993151 0.113576
vn -0.047053 -0.988618 0.142899
vn -0.018958 -0.982418 0.185729
vn -0.073032 -0.989109 0.127785
vn -0.065079 -0.988680 0.135189
vn -0.075357 -0.991164 0.109158
vn -0.086694 -0.993244 0.077141
vn -0.069141 -0.995057 0.071286
vn -0.057462 -0.996561 0.059707
vn -0.059123 -0.993189 0.100400
vn -0.050012 -0.995056 0.085806
vn -0.059940 -0.998051 0.017351
vn -0.060392 -0.998139 0.008410
vn -0.058583 -0.998013 0.023195
vn -0.060580 -0.998136 0.007423
vn -0.062976 -0.998006 -0.004195
vn -0.061892 -0.998078 0.003074
vn -0.077262 -0.995048 -0.062523
vn -0.073104 -0.996763 -0.033462
vn -0.089806 -0.995054 -0.042455
vn -0.109191 -0.992949 -0.046156
vn -0.093420 -0.992753 -0.075596
vn -0.111212 -0.990595 -0.079706
vn -0.109620 -0.987310 -0.114902
vn -0.079215 -0.981007 -0.177057
vn -0.112746 -0.988343 -0.102308
vn -0.085876 -0.989062 -0.119925
vn -0.020426 -0.997539 -0.067079
vn -0.012462 -0.993880 -0.109763
vn -0.001871 -0.998993 0.044825
vn -0.000819 -0.999401 0.034587
vn -0.048455 -0.994504 0.092812
vn -0.057355 -0.993017 0.103091
vn -0.051284 -0.997647 0.045500
vn -0.059089 -0.996831 0.053250
vn -0.014799 -0.999870 0.006390
vn -0.016729 -0.999829 0.007862
vn 0.000000 -1.000000 -0.000000
vn 0.000000 -1.000000 -0.000000
vn 0.000000 -1.000000 -0.000000
vn 0.000000 -1.000000 -0.000000
vn 0.000000 -1.000000 -0.000000
vn 0.000000 -1.000000 -0.000000
vn 0.004041 -0.999972 0.006344
vn 0.013142 -0.999834 0.012656
vn -0.001956 -0.998945 0.045877
vn 0.033650 -0.996850 0.071815
vn -0.060272 -0.994311 0.087821
vn -0.011069 -0.991532 0.129387
vn -0.169737 -0.982239 0.079977
vn -0.151953 -0.982199 0.110433
vn -0.228643 -0.972844 0.036010
vn -0.240525 -0.970098 0.032525
vn -0.171076 -0.984924 -0.025662
vn -0.167223 -0.983901 -0.063053
vn -0.076250 -0.995426 -0.057560
vn -0.057507 -0.991980 -0.112557
vn -0.016122 -0.999451 -0.028950
vn -0.000409 -0.997740 -0.067189
vn 0.000328 -0.999998 -0.002197
vn 0.003936 -0.999939 -0.010357
vn -0.199871 -0.936268 -0.288884
vn -0.128814 -0.933670 -0.334167
vn -0.067926 -0.981154 -0.180893
vn -0.108610 -0.981053 -0.160434
vn -0.063390 -0.932302 -0.356083
vn -0.033361 -0.980954 -0.191355
vn -0.012085 -0.931906 -0.362499
vn -0.014708 -0.980588 -0.195527
vn 0.013076 -0.927420 -0.373793
vn -0.023701 -0.976305 -0.215096
vn 0.072138 -0.918643 -0.388446
vn 0.003848 -0.969849 -0.243678
vn 0.189907 -0.927367 -0.322374
vn 0.093821 -0.976473 -0.194162
vn 0.233967 -0.955879 -0.177636
vn 0.121083 -0.990512 -0.064993
vn -0.081840 -0.985819 0.146506
vn -0.162359 -0.967224 0.195237
vn -0.175534 -0.957886 0.227249
vn -0.192127 -0.948491 0.251898
vn -0.202018 -0.944990 0.257259
vn -0.238056 -0.952923 0.187794
vn -0.301159 -0.951754 0.058884
vn -0.292883 -0.951184 -0.097308
vn -0.281637 -0.942889 -0.177879
vn -0.272037 -0.945731 -0.177732
vn -0.249054 -0.955254 -0.159567
vn -0.227455 -0.963156 -0.143511
vn -0.136192 -0.983804 -0.116537
vn 0.284466 -0.953248 0.101967
vn 0.134650 -0.990521 0.027168
vn 0.288612 -0.927157 0.238920
vn 0.153970 -0.975996 0.154028
vn 0.200263 -0.918761 0.340255
vn 0.085587 -0.970040 0.227368
vn 0.140170 -0.927567 0.346368
vn 0.051596 -0.976644 0.208577
vn 0.112707 -0.931941 0.344650
vn 0.053422 -0.980656 0.188309
vn 0.062220 -0.932302 0.356289
vn 0.034098 -0.980954 0.191225
vn -0.006759 -0.933671 0.358067
vn -0.001964 -0.981154 0.193218
vn -0.089051 -0.936288 0.339756
vn -0.047225 -0.981050 0.187912
vn -0.158141 -0.939489 0.303895
vn -0.083558 -0.982653 0.165564
vn -0.100142 -0.983038 0.153651
vn -0.056435 -0.993344 0.100416
vn -0.002893 -0.999989 0.003765
vn -0.034389 -0.998364 0.045684
vn -0.047758 -0.998596 0.022904
vn -0.106184 -0.993367 0.044133
vn -0.327537 -0.943415 0.051840
vn -0.274914 -0.960450 0.044251
vn -0.050509 -0.998712 -0.004910
vn -0.110796 -0.993823 -0.006307
vn 0.004357 -0.999967 0.006892
vn -0.033343 -0.999276 -0.018306
vn -0.148316 -0.982505 -0.112637
vn -0.083469 -0.994354 -0.065524
vn -0.252201 -0.938863 -0.234375
vn -0.133759 -0.983019 -0.125625
vn -0.178917 0.979777 0.089585
vn -0.037649 0.998010 0.050590
vn -0.349245 0.821601 0.450554
vn -0.598934 0.728648 0.332190
vn 0.017079 0.995151 0.096861
vn 0.155140 0.449235 0.879841
vn 0.154397 -0.457643 0.875628
vn -0.458102 -0.012109 0.888817
vn -0.803123 0.462064 0.376152
vn -0.067382 0.994263 -0.083074
vn -0.002258 0.999996 -0.001897
vn -0.006327 0.999962 0.005978
vn -0.015999 0.995746 -0.090736
vn 0.000014 1.000000 0.000080
vn -0.473861 0.425741 -0.770844
vn -0.362290 0.826402 -0.431052
vn -0.165726 0.298942 -0.939771
vn -0.114028 0.754344 -0.646501
vn -0.501954 0.026236 0.864496
vn -0.820211 0.512022 0.255123
vn 0.154843 -0.452625 0.878154
vn 0.208597 -0.301669 0.930313
vn -0.407552 0.070613 0.910448
vn -0.821095 0.535117 0.198625
vn -0.455396 0.419702 -0.785153
vn -0.463451 0.422205 -0.779074
vn -0.165757 0.298956 -0.939761
vn -0.165761 0.298958 -0.939759
vn -0.494569 -0.868033 0.043833
vn 0.733486 -0.175024 0.656784
vn -0.071460 0.996747 -0.037262
vn -0.031346 0.999502 -0.003693
vn 0.676523 -0.239981 0.696223
vn 0.903530 -0.082711 0.420467
vn -0.771920 -0.148355 -0.618167
vn -0.791502 0.274424 -0.546091
vn -0.798685 0.238795 -0.552339
vn 0.297328 0.154193 0.942242
vn -0.897846 0.389481 0.205369
vn 0.115146 -0.527148 0.841936
vn -0.718041 0.579742 -0.385118
vn -0.640598 0.071282 -0.764561
vn -0.149228 -0.514311 -0.844521
vn -0.022842 0.982195 0.186471
vn -0.188012 0.830751 0.523932
vn 0.015999 0.995746 0.090736
vn 0.113974 0.754339 0.646516
vn 0.165719 0.298929 0.939776
vn -0.182412 0.426350 0.885975
vn -0.057747 0.997721 -0.034900
vn 0.002266 0.999984 0.005235
vn -0.001799 0.999997 0.001810
vn -0.017079 0.995151 -0.096861
vn -0.000014 1.000000 -0.000080
vn -0.034378 0.998779 0.035488
vn -0.054335 0.997544 0.044210
vn -0.746230 0.014133 -0.665538
vn -0.460637 0.841961 -0.280918
vn -0.154397 -0.457641 -0.875629
vn -0.155139 0.449236 -0.879840
vn -0.169809 0.422582 0.890275
vn 0.165687 0.298943 0.939777
vn 0.165708 0.298934 0.939776
vn -0.160068 0.419798 0.893391
vn -0.713997 0.061944 -0.697403
vn -0.776489 0.038519 -0.628952
vn -0.110738 -0.353395 -0.928897
vn -0.154133 -0.458388 -0.875285
vn -0.553321 -0.448424 0.701963
vn -0.046961 0.997452 0.053710
vn -0.008964 0.999952 0.003928
vn -0.092155 -0.978953 0.182095
vn 0.715460 -0.071855 -0.694949
vn 0.422797 -0.168670 -0.890389
vn 0.465806 -0.154067 -0.871371
vn -0.298362 -0.170522 0.939097
vn 0.148080 -0.522195 0.839872
vn 0.031149 -0.121823 -0.992063
vn -0.176998 -0.522757 -0.833904
vn -0.155140 0.449236 -0.879840
vn -0.017079 0.995151 -0.096861
vn -0.154397 -0.457641 -0.875629
vn -0.154397 -0.457641 -0.875629
vn -0.155140 0.449236 -0.879840
vn -0.017079 0.995151 -0.096861
vn -0.000014 1.000000 -0.000080
vn 0.015999 0.995746 0.090736
vn -0.000014 1.000000 -0.000079
vn 0.015999 0.995746 0.090736
vn 0.114007 0.754319 0.646533
vn 0.165708 0.298934 0.939776
vn 0.114002 0.754333 0.646518
vn 0.165698 0.298938 0.939777
vn 0.165708 0.298934 0.939776
vn 0.165708 0.298934 0.939776
vn 0.165727 0.298925 0.939776
vn 0.165708 0.298934 0.939776
vn 0.150376 -0.521456 0.839923
vn 0.044333 -0.997615 0.052899
vn 0.152140 -0.513328 0.844599
vn 0.049301 -0.997096 0.058035
vn -0.000741 -0.999999 -0.001026
vn -0.080922 -0.989977 -0.115743
vn 0.000213 -1.000000 0.000374
vn -0.056434 -0.996249 -0.065599
vn -0.419860 -0.607961 -0.673870
vn -0.268270 -0.297454 -0.916271
vn -0.344602 -0.721364 -0.600735
vn -0.254750 -0.388553 -0.885510
vn -0.156390 -0.460240 -0.873912
vn -0.154215 -0.468165 -0.870080
vn -0.113994 0.754316 -0.646539
vn -0.015999 0.995746 -0.090737
vn -0.165666 0.298914 -0.939790
vn -0.165744 0.298951 -0.939765
vn -0.113993 0.754337 -0.646515
vn -0.015999 0.995746 -0.090736
vn 0.000014 1.000000 0.000080
vn 0.017079 0.995151 0.096861
vn 0.000014 1.000000 0.000080
vn 0.017079 0.995151 0.096861
vn 0.155139 0.449235 0.879841
vn 0.154397 -0.457643 0.875628
vn 0.155140 0.449235 0.879841
vn 0.154397 -0.457643 0.875628
vn 0.152938 -0.454118 0.877717
vn 0.057005 -0.247889 0.967110
vn 0.151486 -0.460897 0.874429
vn 0.038806 -0.323518 0.945426
vn -0.143130 -0.646745 0.749156
vn -0.038765 -0.993226 0.109543
vn -0.130967 -0.738822 0.661052
vn -0.031610 -0.997202 0.067748
vn -0.000344 -0.999999 0.001132
vn 0.028191 -0.997876 -0.058733
vn 0.000130 -1.000000 -0.000566
vn 0.031464 -0.997389 -0.065005
vn -0.146016 -0.513441 -0.845611
vn -0.165669 0.298916 -0.939789
vn -0.149839 -0.497665 -0.854329
vn -0.165708 0.298934 -0.939776
vn -0.165708 0.298934 -0.939776
vn -0.165654 0.298909 -0.939794
vn -0.679642 0.508793 -0.528409
vn -0.267408 0.942249 0.201645
vn -0.899612 0.207624 -0.384175
vn -0.200019 0.952082 0.231371
vn -0.274205 0.884866 0.376596
vn -0.105254 0.727414 0.678079
vn -0.196978 0.435172 0.878536
vn -0.148677 0.422837 0.893926
vn -0.096412 0.406525 0.908538
vn -0.092785 -0.380905 0.919947
vn -0.254187 -0.549976 0.795560
vn -0.234433 -0.755011 0.612372
vn -0.369788 -0.627250 0.685430
vn -0.939635 -0.292585 0.177425
vn -0.917140 0.304356 -0.257335
vn -0.911020 0.234440 -0.339235
vn -0.325035 0.728888 -0.602556
vn -0.391316 0.881063 -0.265708
vn -0.478608 0.433840 -0.763359
vn -0.260296 0.953849 -0.149726
vn -0.352415 0.928567 -0.116480
vn -0.452178 0.511694 0.730551
vn -0.710350 0.207182 0.672665
vn -0.734973 0.237930 0.634983
vn -0.755129 0.345926 0.556880
vn -0.941960 -0.305204 0.139867
vn -0.538924 -0.685620 -0.489373
vn -0.418990 -0.768451 -0.483664
vn -0.503612 -0.556060 -0.661190
vn -0.393933 -0.379046 -0.837342
vn -0.395302 0.401143 -0.826329
vn -0.438500 0.419181 -0.794988
f 1/1/1 2/2/2 3/3/3
f 1/1/1 3/3/3 4/4/4
f 2/2/2 5/5/5 6/6/6
f 2/2/2 6/6/6 3/3/3
f 3/3/3 6/6/6 7/7/7
f 3/3/3 7/7/7 8/8/8
f 4/4/4 3/3/3 8/8/8
f 4/4/4 8/8/8 9/9/9
f 10/10/10 11/11/11 12/12/12
f 10/10/10 12/12/12 13/13/13
f 11/11/11 14/14/14 15/15/15
f 11/11/11 15/15/15 12/12/12
f 12/12/12 15/15/15 16/16/16
f 12/12/12 16/16/16 17/17/17
f 13/13/13 12/12/12 17/17/17
f 13/13/13 17/17/17 18/18/18
f 19/19/19 20/20/20 21/21/21
f 19/19/19 21/21/21 22/22/22
f 20/20/20 23/23/23 24/24/24
f 20/20/20 24/24/24 21/21/21
f 21/21/21 24/24/24 25/25/25
f 21/21/21 25/25/25 26/26/26
f 22/22/22 21/21/21 26/26/26
f 22/22/22 26/26/26 27/27/27
f 28/28/28 29/29/29 30/30/30
f 28/28/28 30/30/30 31/31/31
f 29/29/29 32/32/32 33/33/33
f 29/29/29 33/33/33 30/30/30
f 30/30/30 33/33/33 34/34/34
f 30/30/30 34/34/34 35/35/35
f 31/31/31 30/30/30 35/35/35
f 31/31/31 35/35/35 36/36/36
f 37/37/37 38/38/38 39/39/39
f 37/37/37 39/39/39 40/40/40
f 38/38/38 41/41/41 42/42/42
f 38/38/38 42/42/42 39/39/39
f 39/39/39 42/42/42 43/43/43
f 39/39/39 43/43/43 44/44/44
f 40/40/40 39/39/39 44/44/44
f 40/40/40 44/44/44 45/45/45
f 41/41/41 46/46/46 47/47/47
f 41/41/41 47/47/47 42/42/42
f 46/46/46 48/48/48 49/49/49
f 46/46/46 49/49/49 47/47/47
f 47/47/47 49/49/49 50/50/50
f 47/47/47 50/50/50 51/51/51
f 42/42/42 47/47/47 51/51/51
f 42/42/42 51/51/51 43/43/43
f 48/48/48 52/52/52 53/53/53
f 48/48/48 53/53/53 49/49/49
f 52/52/52 54/54/54 55/55/55
f 52/52/52 55/55/55 53/53/53
f 53/53/53 55/55/55 56/56/56
f 53/53/53 56/56/56 57/57/57
f 49/49/49 53/53/53 57/57/57
f 49/49/49 57/57/57 50/50/50
f 54/54/54 58/58/58 59/59/59
f 54/54/54 59/59/59 55/55/55
f 58/58/58 60/60/60 61/61/61
f 58/58/58 61/61/61 59/59/59
f 59/59/59 61/61/61 62/62/62
f 59/59/59 62/62/62 63/63/63
f 55/55/55 59/59/59 63/63/63
f 55/55/55 63/63/63 56/56/56
f 60/60/60 64/64/64 65/65/65
f 60/60/60 65/65/65 61/61/61
f 64/64/64 66/66/66 67/67/67
f 64/64/64 67/67/67 65/65/65
f 65/65/65 67/67/67 68/68/68
f 65/65/65 68/68/68 69/69/69
f 61/61/61 65/65/65 69/69/69
f 61/61/61 69/69/69 62/62/62
f 70/70/70 71/71/71 72/72/72
f 70/70/70 72/72/72 73/73/73
f 71/71/71 74/74/74 75/75/75
f 71/71/71 75/75/75 72/72/72
f 72/72/72 75/75/75 76/76/76
f 72/72/72 76/76/76 77/77/77
f 73/73/73 72/72/72 77/77/77
f 73/73/73 77/77/77 78/78/78
f 79/79/79 80/80/80 81/81/81
f 79/79/79 81/81/81 82/82/82
f 80/80/80 83/83/83 84/84/84
f 80/80/80 84/84/84 81/81/81
f 81/81/81 84/84/84 85/85/85
f 81/81/81 85/85/85 86/86/86
f 82/82/82 81/81/81 86/86/86
f 82/82/82 86/86/86 87/87/87
f 83/83/83 88/88/88 89/89/89
f 83/83/83 89/89/89 84/84/84
f 88/88/88 90/90/90 91/91/91
f 88/88/88 91/91/91 89/89/89
f 89/89/89 91/91/91 92/92/92
f 89/89/89 92/92/92 93/93/93
f 84/84/84 89/89/89 93/93/93
f 84/84/84 93/93/93 85/85/85
f 90/90/90 94/94/94 95/95/95
f 90/90/90 95/95/95 91/91/91
f 94/94/94 96/96/96 97/97/97
f 94/94/94 97/97/97 95/95/95
f 95/95/95 97/97/97 98/98/98
f 95/95/95 98/98/98 99/99/99
f 91/91/91 95/95/95 99/99/99
f 91/91/91 99/99/99 92/92/92
f 96/96/96 100/100/100 101/101/101
f 96/96/96 101/101/101 97/97/97
f 100/100/100 1/1/1 4/4/4
f 100/100/100 4/4/4 101/101/101
f 101/101/101 4/4/4 9/9/9
f 101/101/101 9/9/9 102/102/102
f 97/97/97 101/101/101 102/102/102
f 97/97/97 102/102/102 98/98/98
f 103/103/103 104/104/104 105/105/105
f 103/103/103 105/105/105 106/106/106
f 104/104/104 107/107/107 108/108/108
f 104/104/104 108/108/108 105/105/105
f 105/105/105 108/108/108 109/109/109
f 105/105/105 109/109/109 110/110/110
f 106/106/106 105/105/105 110/110/110
f 106/106/106 110/110/110 111/111/111
f 112/112/112 113/113/113 114/114/114
f 112/112/112 114/114/114 115/115/115
f 113/113/113 103/103/103 106/106/106
f 113/113/113 106/106/106 114/114/114
f 114/114/114 106/106/106 111/111/111
f 114/114/114 111/111/111 116/116/116
f 115/115/115 114/114/114 116/116/116
f 115/115/115 116/116/116 117/117/117
f 118/118/118 119/119/119 120/120/120
f 118/118/118 120/120/120 121/121/121
f 119/119/119 112/112/112 115/115/115
f 119/119/119 115/115/115 120/120/120
f 120/120/120 115/115/115 117/117/117
f 120/120/120 117/117/117 122/122/122
f 121/121/121 120/120/120 122/122/122
f 121/121/121 122/122/122 123/123/123
f 124/124/124 125/125/125 126/126/126
f 124/124/124 126/126/126 127/127/127
f 125/125/125 118/118/118 121/121/121
f 125/125/125 121/121/121 126/126/126
f 126/126/126 121/121/121 123/123/123
f 126/126/126 123/123/123 128/128/128
f 127/127/127 126/126/126 128/128/128
f 127/127/127 128/128/128 129/129/129
f 130/130/130 131/131/131 132/132/132
f 130/130/130 132/132/132 133/133/133
f 131/131/131 124/124/124 127/127/127
f 131/131/131 127/127/127 132/132/132
f 132/132/132 127/127/127 129/129/129
f 132/132/132 129/129/129 134/134/134
f 133/133/133 132/132/132 134/134/134
f 133/133/133 134/134/134 135/135/135
f 136/136/136 137/137/137 138/138/138
f 136/136/136 138/138/138 139/139/139
f 137/137/137 130/130/130 133/133/133
f 137/137/137 133/133/133 138/138/138
f 138/138/138 133/133/133 135/135/135
f 138/138/138 135/135/135 140/140/140
f 139/139/139 138/138/138 140/140/140
f 139/139/139 140/140/140 141/141/141
f 142/142/142 143/143/143 144/144/144
f 142/142/142 144/144/144 145/145/145
f 143/143/143 136/136/136 139/139/139
f 143/143/143 139/139/139 144/144/144
f 144/144/144 139/139/139 141/141/141
f 144/144/144 141/141/141 146/146/146
f 145/145/145 144/144/144 146/146/146
f 145/145/145 146/146/146 147/147/147
f 148/148/148 149/149/149 150/150/150
f 148/148/148 150/150/150 151/151/151
f 149/149/149 142/142/142 145/145/145
f 149/149/149 145/145/145 150/150/150
f 150/150/150 145/145/145 147/147/147
f 150/150/150 147/147/147 152/152/152
f 151/151/151 150/150/150 152/152/152
f 151/151/151 152/152/152 153/153/153
f 154/154/154 155/155/155 156/156/156
f 154/154/154 156/156/156 157/157/157
f 155/155/155 148/148/148 151/151/151
f 155/155/155 151/151/151 156/156/156
f 156/156/156 151/151/151 153/153/153
f 156/156/156 153/153/153 158/158/158
f 157/157/157 156/156/156 158/158/158
f 157/157/157 158/158/158 159/159/159
f 160/160/160 161/161/161 162/162/162
f 160/160/160 162/162/162 163/163/163
f 161/161/161 164/164/164 165/165/165
f 161/161/161 165/165/165 162/162/162
f 162/162/162 165/165/165 166/166/166
f 162/162/162 166/166/166 167/167/167
f 163/163/163 162/162/162 167/167/167
f 163/163/163 167/167/167 168/168/168
f 169/169/169 170/170/170 171/171/171
f 169/169/169 171/171/171 172/172/172
f 170/170/170 173/173/173 174/174/174
f 170/170/170 174/174/174 171/171/171
f 171/171/171 174/174/174 175/175/175
f 171/171/171 175/175/175 176/176/176
f 172/172/172 171/171/171 176/176/176
f 172/172/172 176/176/176 177/177/177
f 178/178/178 179/179/179 180/180/180
f 178/178/178 180/180/180 181/181/181
f 179/179/179 169/169/169 172/172/172
f 179/179/179 172/172/172 180/180/180
f 180/180/180 172/172/172 177/177/177
f 180/180/180 177/177/177 182/182/182
f 181/181/181 180/180/180 182/182/182
f 181/181/181 182/182/182 183/183/183
f 184/184/184 185/185/185 186/186/186
f 184/184/184 186/186/186 187/187/187
f 185/185/185 178/178/178 181/181/181
f 185/185/185 181/181/181 186/186/186
f 186/186/186 181/181/181 183/183/183
f 186/186/186 183/183/183 188/188/188
f 187/187/187 186/186/186 188/188/188
f 187/187/187 188/188/188 189/189/189
f 107/107/107 190/190/190 191/191/191
f 107/107/107 191/191/191 108/108/108
f 190/190/190 184/184/184 187/187/187
f 190/190/190 187/187/187 191/191/191
f 191/191/191 187/187/187 189/189/189
f 191/191/191 189/189/189 192/192/192
f 108/108/108 191/191/191 192/192/192
f 108/108/108 192/192/192 109/109/109
f 193/193/193 194/194/194 195/195/195
f 193/193/193 195/195/195 196/196/196
f 194/194/194 197/197/197 198/198/198
f 194/194/194 198/198/198 195/195/195
f 195/195/195 198/198/198 199/199/199
f 195/195/195 199/199/199 200/200/200
f 196/196/196 195/195/195 200/200/200
f 196/196/196 200/200/200 201/201/201
f 197/197/197 202/202/202 203/203/203
f 197/197/197 203/203/203 198/198/198
f 202/202/202 204/204/204 205/205/205
f 202/202/202 205/205/205 203/203/203
f 203/203/203 205/205/205 206/206/206
f 203/203/203 206/206/206 207/207/207
f 198/198/198 203/203/203 207/207/207
f 198/198/198 207/207/207 199/199/199
f 204/204/204 208/208/208 209/209/209
f 204/204/204 209/209/209 205/205/205
f 208/208/208 210/210/210 211/211/211
f 208/208/208 211/211/211 209/209/209
f 209/209/209 211/211/211 212/212/212
f 209/209/209 212/212/212 213/213/213
f 205/205/205 209/209/209 213/213/213
f 205/205/205 213/213/213 206/206/206
f 210/210/210 214/214/214 215/215/215
f 210/210/210 215/215/215 211/211/211
f 214/214/214 216/216/216 217/217/217
f 214/214/214 217/217/217 215/215/215
f 215/215/215 217/217/217 218/218/218
f 215/215/215 218/218/218 219/219/219
f 211/211/211 215/215/215 219/219/219
f 211/211/211 219/219/219 212/212/212
f 216/216/216 220/220/220 221/221/221
f 216/216/216 221/221/221 217/217/217
f 220/220/220 222/222/222 223/223/223
f 220/220/220 223/223/223 221/221/221
f 221/221/221 223/223/223 224/224/224
f 221/221/221 224/224/224 225/225/225
f 217/217/217 221/221/221 225/225/225
f 217/217/217 225/225/225 218/218/218
f 222/222/222 226/226/226 227/227/227
f 222/222/222 227/227/227 223/223/223
f 226/226/226 228/228/228 229/229/229
f 226/226/226 229/229/229 227/227/227
f 227/227/227 229/229/229 230/230/230
f 227/227/227 230/230/230 231/231/231
f 223/223/223 227/227/227 231/231/231
f 223/223/223 231/231/231 224/224/224
f 228/228/228 232/232/232 233/233/233
f 228/228/228 233/233/233 229/229/229
f 232/232/232 234/234/234 235/235/235
f 232/232/232 235/235/235 233/233/233
f 233/233/233 235/235/235 236/236/236
f 233/233/233 236/236/236 237/237/237
f 229/229/229 233/233/233 237/237/237
f 229/229/229 237/237/237 230/230/230
f 234/234/234 238/238/238 239/239/239
f 234/234/234 239/239/239 235/235/235
f 238/238/238 240/240/240 241/241/241
f 238/238/238 241/241/241 239/239/239
f 239/239/239 241/241/241 242/242/242
f 239/239/239 242/242/242 243/243/243
f 235/235/235 239/239/239 243/243/243
f 235/235/235 243/243/243 236/236/236
f 240/240/240 244/244/244 245/245/245
f 240/240/240 245/245/245 241/241/241
f 244/244/244 246/246/246 247/247/247
f 244/244/244 247/247/247 245/245/245
f 245/245/245 247/247/247 248/248/248
f 245/245/245 248/248/248 249/249/249
f 241/241/241 245/245/245 249/249/249
f 241/241/241 249/249/249 242/242/242
f 250/250/250 251/251/251 252/252/252
f 250/250/250 252/252/252 253/253/253
f 251/251/251 254/254/254 255/255/255
f 251/251/251 255/255/255 252/252/252
f 252/252/252 255/255/255 256/256/256
f 252/252/252 256/256/256 257/257/257
f 253/253/253 252/252/252 257/257/257
f 253/253/253 257/257/257 258/258/258
f 259/259/259 260/260/260 261/261/261
f 259/259/259 261/261/261 262/262/262
f 260/260/260 263/263/263 264/264/264
f 260/260/260 264/264/264 261/261/261
f 261/261/261 264/264/264 265/265/265
f 261/261/261 265/265/265 266/266/266
f 262/262/262 261/261/261 266/266/266
f 262/262/262 266/266/266 267/267/267
f 263/263/263 268/268/268 269/269/269
f 263/263/263 269/269/269 264/264/264
f 268/268/268 270/270/270 271/271/271
f 268/268/268 271/271/271 269/269/269
f 269/269/269 271/271/271 272/272/272
f 269/269/269 272/272/272 273/273/273
f 264/264/264 269/269/269 273/273/273
f 264/264/264 273/273/273 265/265/265
f 270/270/270 274/274/274 275/275/275
f 270/270/270 275/275/275 271/271/271
f 274/274/274 276/276/276 277/277/277
f 274/274/274 277/277/277 275/275/275
f 275/275/275 277/277/277 278/278/278
f 275/275/275 278/278/278 279/279/279
f 271/271/271 275/275/275 279/279/279
f 271/271/271 279/279/279 272/272/272
f 276/276/276 280/280/280 281/281/281
f 276/276/276 281/281/281 277/277/277
f 280/280/280 193/193/193 196/196/196
f 280/280/280 196/196/196 281/281/281
f 281/281/281 196/196/196 201/201/201
f 281/281/281 201/201/201 282/282/282
f 277/277/277 281/281/281 282/282/282
f 277/277/277 282/282/282 278/278/278
f 283/283/283 284/284/284 285/285/285
f 283/283/283 285/285/285 286/286/286
f 284/284/284 287/287/287 288/288/288
f 284/284/284 288/288/288 285/285/285
f 285/285/285 288/288/288 289/289/289
f 285/285/285 289/289/289 290/290/290
f 286/286/286 285/285/285 290/290/290
f 286/286/286 290/290/290 291/291/291
f 287/287/287 292/292/292 293/293/293
f 287/287/287 293/293/293 288/288/288
f 292/292/292 294/294/294 295/295/295
f 292/292/292 295/295/295 293/293/293
f 293/293/293 295/295/295 296/296/296
f 293/293/293 296/296/296 297/297/297
f 288/288/288 293/293/293 297/297/297
f 288/288/288 297/297/297 289/289/289
f 294/294/294 298/298/298 299/299/299
f 294/294/294 299/299/299 295/295/295
f 298/298/298 300/300/300 301/301/301
f 298/298/298 301/301/301 299/299/299
f 299/299/299 301/301/301 302/302/302
f 299/299/299 302/302/302 303/303/303
f 295/295/295 299/299/299 303/303/303
f 295/295/295 303/303/303 296/296/296
f 300/300/300 304/304/304 305/305/305
f 300/300/300 305/305/305 301/301/301
f 304/304/304 306/306/306 307/307/307
f 304/304/304 307/307/307 305/305/305
f 305/305/305 307/307/307 308/308/308
f 305/305/305 308/308/308 309/309/309
f 301/301/301 305/305/305 309/309/309
f 301/301/301 309/309/309 302/302/302
f 306/306/306 310/310/310 311/311/311
f 306/306/306 311/311/311 307/307/307
f 310/310/310 312/312/312 313/313/313
f 310/310/310 313/313/313 311/311/311
f 311/311/311 313/313/313 314/314/314
f 311/311/311 314/314/314 315/315/315
f 307/307/307 311/311/311 315/315/315
f 307/307/307 315/315/315 308/308/308
f 312/312/312 316/316/316 317/317/317
f 312/312/312 317/317/317 313/313/313
f 316/316/316 318/318/318 319/319/319
f 316/316/316 319/319/319 317/317/317
f 317/317/317 319/319/319 320/320/320
f 317/317/317 320/320/320 321/321/321
f 313/313/313 317/317/317 321/321/321
f 313/313/313 321/321/321 314/314/314
f 318/318/318 322/322/322 323/323/323
f 318/318/318 323/323/323 319/319/319
f 322/322/322 324/324/324 325/325/325
f 322/322/322 325/325/325 323/323/323
f 323/323/323 325/325/325 326/326/326
f 323/323/323 326/326/326 327/327/327
f 319/319/319 323/323/323 327/327/327
f 319/319/319 327/327/327 320/320/320
f 324/324/324 328/328/328 329/329/329
f 324/324/324 329/329/329 325/325/325
f 328/328/328 330/330/330 331/331/331
f 328/328/328 331/331/331 329/329/329
f 329/329/329 331/331/331 332/332/332
f 329/329/329 332/332/332 333/333/333
f 325/325/325 329/329/329 333/333/333
f 325/325/325 333/333/333 326/326/326
f 330/330/330 334/334/334 335/335/335
f 330/330/330 335/335/335 331/331/331
f 334/334/334 336/336/336 337/337/337
f 334/334/334 337/337/337 335/335/335
f 335/335/335 337/337/337 338/338/338
f 335/335/335 338/338/338 339/339/339
f 331/331/331 335/335/335 339/339/339
f 331/331/331 339/339/339 332/332/332
f 336/336/336 340/340/340 341/341/341
f 336/336/336 341/341/341 337/337/337
f 340/340/340 342/342/342 343/343/343
f 340/340/340 343/343/343 341/341/341
f 341/341/341 343/343/343 344/344/344
f 341/341/341 344/344/344 345/345/345
f 337/337/337 341/341/341 345/345/345
f 337/337/337 345/345/345 338/338/338
f 342/342/342 346/346/346 347/347/347
f 342/342/342 347/347/347 343/343/343
f 346/346/346 348/348/348 349/349/349
f 346/346/346 349/349/349 347/347/347
f 347/347/347 349/349/349 350/350/350
f 347/347/347 350/350/350 351/351/351
f 343/343/343 347/347/347 351/351/351
f 343/343/343 351/351/351 344/344/344
f 348/348/348 352/352/352 353/353/353
f 348/348/348 353/353/353 349/349/349
f 352/352/352 354/354/354 355/355/355
f 352/352/352 355/355/355 353/353/353
f 353/353/353 355/355/355 356/356/356
f 353/353/353 356/356/356 357/357/357
f 349/349/349 353/353/353 357/357/357
f 349/349/349 357/357/357 350/350/350
f 354/354/354 358/358/358 359/359/359
f 354/354/354 359/359/359 355/355/355
f 358/358/358 360/360/360 361/361/361
f 358/358/358 361/361/361 359/359/359
f 359/359/359 361/361/361 362/362/362
f 359/359/359 362/362/362 363/363/363
f 355/355/355 359/359/359 363/363/363
f 355/355/355 363/363/363 356/356/356
f 364/364/364 365/365/365 366/366/366
f 364/364/364 366/366/366 367/367/367
f 365/365/365 368/368/368 369/369/369
f 365/365/365 369/369/369 366/366/366
f 366/366/366 369/369/369 370/370/370
f 366/366/366 370/370/370 371/371/371
f 367/367/367 366/366/366 371/371/371
f 367/367/367 371/371/371 372/372/372
f 373/373/373 374/374/374 375/375/375
f 373/373/373 375/375/375 376/376/376
f 374/374/374 377/377/377 378/378/378
f 374/374/374 378/378/378 375/375/375
f 375/375/375 378/378/378 379/379/379
f 375/375/375 379/379/379 380/380/380
f 376/376/376 375/375/375 380/380/380
f 376/376/376 380/380/380 381/381/381
f 382/382/382 383/383/383 384/384/384
f 382/382/382 384/384/384 385/385/385
f 383/383/383 386/386/386 387/387/387
f 383/383/383 387/387/387 384/384/384
f 384/384/384 387/387/387 388/388/388
f 384/384/384 388/388/388 389/389/389
f 385/385/385 384/384/384 389/389/389
f 385/385/385 389/389/389 390/390/390
f 391/391/391 392/392/392 393/393/393
f 391/391/391 393/393/393 394/394/394
f 392/392/392 395/395/395 396/396/396
f 392/392/392 396/396/396 393/393/393
f 393/393/393 396/396/396 397/397/397
f 393/393/393 397/397/397 398/398/398
f 394/394/394 393/393/393 398/398/398
f 394/394/394 398/398/398 399/399/399
f 400/400/400 401/401/401 402/402/402
f 400/400/400 402/402/402 403/403/403
f 401/401/401 404/404/404 405/405/405
f 401/401/401 405/405/405 402/402/402
f 402/402/402 405/405/405 406/406/406
f 402/402/402 406/406/406 407/407/407
f 403/403/403 402/402/402 407/407/407
f 403/403/403 407/407/407 408/408/408
f 409/409/409 410/410/410 411/411/411
f 409/409/409 411/411/411 412/412/412
f 410/410/410 413/413/413 414/414/414
f 410/410/410 414/414/414 411/411/411
f 411/411/411 414/414/414 242/242/242
f 411/411/411 242/242/242 249/249/249
f 412/412/412 411/411/411 249/249/249
f 412/412/412 249/249/249 248/248/248
f 415/415/415 416/416/416 417/417/417
f 415/415/415 417/417/417 418/418/418
f 416/416/416 419/419/419 420/420/420
f 416/416/416 420/420/420 417/417/417
f 417/417/417 420/420/420 250/250/250
f 417/417/417 250/250/250 253/253/253
f 418/418/418 417/417/417 253/253/253
f 418/418/418 253/253/253 258/258/258
f 381/381/381 421/421/421 422/422/422
f 381/381/381 422/422/422 376/376/376
f 421/421/421 423/423/423 424/424/424
f 421/421/421 424/424/424 422/422/422
f 422/422/422 424/424/424 425/425/425
f 422/422/422 425/425/425 426/426/426
f 376/376/376 422/422/422 426/426/426
f 376/376/376 426/426/426 373/373/373
f 427/427/427 428/428/428 429/429/429
f 427/427/427 429/429/429 430/430/430
f 428/428/428 431/431/431 432/432/432
f 428/428/428 432/432/432 429/429/429
f 429/429/429 432/432/432 267/267/267
f 429/429/429 267/267/267 266/266/266
f 430/430/430 429/429/429 266/266/266
f 430/430/430 266/266/266 265/265/265
f 433/433/433 434/434/434 435/435/435
f 433/433/433 435/435/435 436/436/436
f 434/434/434 427/427/427 430/430/430
f 434/434/434 430/430/430 435/435/435
f 435/435/435 430/430/430 265/265/265
f 435/435/435 265/265/265 273/273/273
f 436/436/436 435/435/435 273/273/273
f 436/436/436 273/273/273 272/272/272
f 437/437/437 438/438/438 439/439/439
f 437/437/437 439/439/439 440/440/440
f 438/438/438 433/433/433 436/436/436
f 438/438/438 436/436/436 439/439/439
f 439/439/439 436/436/436 272/272/272
f 439/439/439 272/272/272 279/279/279
f 440/440/440 439/439/439 279/279/279
f 440/440/440 279/279/279 278/278/278
f 441/441/441 442/442/442 443/443/443
f 441/441/441 443/443/443 444/444/444
f 442/442/442 437/437/437 440/440/440
f 442/442/442 440/440/440 443/443/443
f 443/443/443 440/440/440 278/278/278
f 443/443/443 278/278/278 282/282/282
f 444/444/444 443/443/443 282/282/282
f 444/444/444 282/282/282 201/201/201
f 445/445/445 446/446/446 447/447/447
f 445/445/445 447/447/447 448/448/448
f 446/446/446 441/441/441 444/444/444
f 446/446/446 444/444/444 447/447/447
f 447/447/447 444/444/444 201/201/201
f 447/447/447 201/201/201 200/200/200
f 448/448/448 447/447/447 200/200/200
f 448/448/448 200/200/200 199/199/199
f 449/449/449 450/450/450 451/451/451
f 449/449/449 451/451/451 452/452/452
f 450/450/450 445/445/445 448/448/448
f 450/450/450 448/448/448 451/451/451
f 451/451/451 448/448/448 199/199/199
f 451/451/451 199/199/199 207/207/207
f 452/452/452 451/451/451 207/207/207
f 452/452/452 207/207/207 206/206/206
f 453/453/453 454/454/454 455/455/455
f 453/453/453 455/455/455 456/456/456
f 454/454/454 449/449/449 452/452/452
f 454/454/454 452/452/452 455/455/455
f 455/455/455 452/452/452 206/206/206
f 455/455/455 206/206/206 213/213/213
f 456/456/456 455/455/455 213/213/213
f 456/456/456 213/213/213 212/212/212
f 457/457/457 458/458/458 459/459/459
f 457/457/457 459/459/459 460/460/460
f 458/458/458 453/453/453 456/456/456
f 458/458/458 456/456/456 459/459/459
f 459/459/459 456/456/456 212/212/212
f 459/459/459 212/212/212 219/219/219
f 460/460/460 459/459/459 219/219/219
f 460/460/460 219/219/219 218/218/218
f 461/461/461 462/462/462 463/463/463
f 461/461/461 463/463/463 464/464/464
f 462/462/462 457/457/457 460/460/460
f 462/462/462 460/460/460 463/463/463
f 463/463/463 460/460/460 218/218/218
f 463/463/463 218/218/218 225/225/225
f 464/464/464 463/463/463 225/225/225
f 464/464/464 225/225/225 224/224/224
f 465/465/465 466/466/466 467/467/467
f 465/465/465 467/467/467 468/468/468
f 466/466/466 461/461/461 464/464/464
f 466/466/466 464/464/464 467/467/467
f 467/467/467 464/464/464 224/224/224
f 467/467/467 224/224/224 231/231/231
f 468/468/468 467/467/467 231/231/231
f 468/468/468 231/231/231 230/230/230
f 469/469/469 470/470/470 471/471/471
f 469/469/469 471/471/471 472/472/472
f 470/470/470 465/465/465 468/468/468
f 470/470/470 468/468/468 471/471/471
f 471/471/471 468/468/468 230/230/230
f 471/471/471 230/230/230 237/237/237
f 472/472/472 471/471/471 237/237/237
f 472/472/472 237/237/237 236/236/236
f 413/413/413 473/473/473 474/474/474
f 413/413/413 474/474/474 414/414/414
f 473/473/473 469/469/469 472/472/472
f 473/473/473 472/472/472 474/474/474
f 474/474/474 472/472/472 236/236/236
f 474/474/474 236/236/236 243/243/243
f 414/414/414 474/474/474 243/243/243
f 414/414/414 243/243/243 242/242/242
f 475/475/475 476/476/476 477/477/477
f 475/475/475 477/477/477 478/478/478
f 476/476/476 479/479/479 480/480/480
f 476/476/476 480/480/480 477/477/477
f 477/477/477 480/480/480 294/294/294
f 477/477/477 294/294/294 292/292/292
f 478/478/478 477/477/477 292/292/292
f 478/478/478 292/292/292 287/287/287
f 479/479/479 481/481/481 482/482/482
f 479/479/479 482/482/482 480/480/480
f 481/481/481 483/483/483 484/484/484
f 481/481/481 484/484/484 482/482/482
f 482/482/482 484/484/484 300/300/300
f 482/482/482 300/300/300 298/298/298
f 480/480/480 482/482/482 298/298/298
f 480/480/480 298/298/298 294/294/294
f 483/483/483 485/485/485 486/486/486
f 483/483/483 486/486/486 484/484/484
f 485/485/485 487/487/487 488/488/488
f 485/485/485 488/488/488 486/486/486
f 486/486/486 488/488/488 306/306/306
f 486/486/486 306/306/306 304/304/304
f 484/484/484 486/486/486 304/304/304
f 484/484/484 304/304/304 300/300/300
f 487/487/487 489/489/489 490/490/490
f 487/487/487 490/490/490 488/488/488
f 489/489/489 491/491/491 492/492/492
f 489/489/489 492/492/492 490/490/490
f 490/490/490 492/492/492 312/312/312
f 490/490/490 312/312/312 310/310/310
f 488/488/488 490/490/490 310/310/310
f 488/488/488 310/310/310 306/306/306
f 491/491/491 493/493/493 494/494/494
f 491/491/491 494/494/494 492/492/492
f 493/493/493 495/495/495 496/496/496
f 493/493/493 496/496/496 494/494/494
f 494/494/494 496/496/496 318/318/318
f 494/494/494 318/318/318 316/316/316
f 492/492/492 494/494/494 316/316/316
f 492/492/492 316/316/316 312/312/312
f 495/495/495 497/497/497 498/498/498
f 495/495/495 498/498/498 496/496/496
f 497/497/497 499/499/499 500/500/500
f 497/497/497 500/500/500 498/498/498
f 498/498/498 500/500/500 324/324/324
f 498/498/498 324/324/324 322/322/322
f 496/496/496 498/498/498 322/322/322
f 496/496/496 322/322/322 318/318/318
f 499/499/499 501/501/501 502/502/502
f 499/499/499 502/502/502 500/500/500
f 501/501/501 503/503/503 504/504/504
f 501/501/501 504/504/504 502/502/502
f 502/502/502 504/504/504 330/330/330
f 502/502/502 330/330/330 328/328/328
f 500/500/500 502/502/502 328/328/328
f 500/500/500 328/328/328 324/324/324
f 503/503/503 505/505/505 506/506/506
f 503/503/503 506/506/506 504/504/504
f 505/505/505 507/507/507 508/508/508
f 505/505/505 508/508/508 506/506/506
f 506/506/506 508/508/508 336/336/336
f 506/506/506 336/336/336 334/334/334
f 504/504/504 506/506/506 334/334/334
f 504/504/504 334/334/334 330/330/330
f 507/507/507 509/509/509 510/510/510
f 507/507/507 510/510/510 508/508/508
f 509/509/509 511/511/511 512/512/512
f 509/509/509 512/512/512 510/510/510
f 510/510/510 512/512/512 342/342/342
f 510/510/510 342/342/342 340/340/340
f 508/508/508 510/510/510 340/340/340
f 508/508/508 340/340/340 336/336/336
f 511/511/511 513/513/513 514/514/514
f 511/511/511 514/514/514 512/512/512
f 513/513/513 515/515/515 516/516/516
f 513/513/513 516/516/516 514/514/514
f 514/514/514 516/516/516 348/348/348
f 514/514/514 348/348/348 346/346/346
f 512/512/512 514/514/514 346/346/346
f 512/512/512 346/346/346 342/342/342
f 515/515/515 517/517/517 518/518/518
f 515/515/515 518/518/518 516/516/516
f 517/517/517 519/519/519 520/520/520
f 517/517/517 520/520/520 518/518/518
f 518/518/518 520/520/520 354/354/354
f 518/518/518 354/354/354 352/352/352
f 516/516/516 518/518/518 352/352/352
f 516/516/516 352/352/352 348/348/348
f 519/519/519 521/521/521 522/522/522
f 519/519/519 522/522/522 520/520/520
f 521/521/521 523/523/523 524/524/524
f 521/521/521 524/524/524 522/522/522
f 522/522/522 524/524/524 360/360/360
f 522/522/522 360/360/360 358/358/358
f 520/520/520 522/522/522 358/358/358
f 520/520/520 358/358/358 354/354/354
f 386/386/386 525/525/525 526/526/526
f 386/386/386 526/526/526 387/387/387
f 525/525/525 527/527/527 528/528/528
f 525/525/525 528/528/528 526/526/526
f 526/526/526 528/528/528 529/529/529
f 526/526/526 529/529/529 530/530/530
f 387/387/387 526/526/526 530/530/530
f 387/387/387 530/530/530 388/388/388
f 531/531/531 532/532/532 533/533/533
f 531/531/531 533/533/533 534/534/534
f 532/532/532 535/535/535 536/536/536
f 532/532/532 536/536/536 533/533/533
f 533/533/533 536/536/536 368/368/368
f 533/533/533 368/368/368 365/365/365
f 534/534/534 533/533/533 365/365/365
f 534/534/534 365/365/365 364/364/364
f 537/537/537 538/538/538 539/539/539
f 537/537/537 539/539/539 540/540/540
f 538/538/538 475/475/475 478/478/478
f 538/538/538 478/478/478 539/539/539
f 539/539/539 478/478/478 287/287/287
f 539/539/539 287/287/287 284/284/284
f 540/540/540 539/539/539 284/284/284
f 540/540/540 284/284/284 283/283/283
f 541/541/541 542/542/542 543/543/543
f 541/541/541 543/543/543 544/544/544
f 542/542/542 545/545/545 546/546/546
f 542/542/542 546/546/546 543/543/543
f 543/543/543 546/546/546 547/547/547
f 543/543/543 547/547/547 548/548/548
f 544/544/544 543/543/543 548/548/548
f 544/544/544 548/548/548 549/549/549
f 256/256/256 255/255/255 550/550/550
f 256/256/256 550/550/550 551/551/551
f 255/255/255 254/254/254 552/552/552
f 255/255/255 552/552/552 550/550/550
f 550/550/550 552/552/552 553/553/553
f 550/550/550 553/553/553 554/554/554
f 551/551/551 550/550/550 554/554/554
f 551/551/551 554/554/554 555/555/555
f 68/68/68 67/67/67 556/556/556
f 68/68/68 556/556/556 557/557/557
f 67/67/67 66/66/66 558/558/558
f 67/67/67 558/558/558 556/556/556
f 556/556/556 558/558/558 559/559/559
f 556/556/556 559/559/559 560/560/560
f 557/557/557 556/556/556 560/560/560
f 557/557/557 560/560/560 561/561/561
f 562/562/562 563/563/563 564/564/564
f 562/562/562 564/564/564 565/565/565
f 563/563/563 566/566/566 567/567/567
f 563/563/563 567/567/567 564/564/564
f 564/564/564 567/567/567 568/568/568
f 564/564/564 568/568/568 569/569/569
f 565/565/565 564/564/564 569/569/569
f 565/565/565 569/569/569 570/570/570
f 571/571/571 572/572/572 573/573/573
f 571/571/571 573/573/573 574/574/574
f 572/572/572 79/79/79 82/82/82
f 572/572/572 82/82/82 573/573/573
f 573/573/573 82/82/82 87/87/87
f 573/573/573 87/87/87 575/575/575
f 574/574/574 573/573/573 575/575/575
f 574/574/574 575/575/575 576/576/576
f 577/577/577 578/578/578 579/579/579
f 577/577/577 579/579/579 580/580/580
f 578/578/578 379/379/379 378/378/378
f 578/578/578 378/378/378 579/579/579
f 579/579/579 378/378/378 377/377/377
f 579/579/579 377/377/377 581/581/581
f 580/580/580 579/579/579 581/581/581
f 580/580/580 581/581/581 582/582/582
f 583/583/583 584/584/584 585/585/585
f 583/583/583 585/585/585 586/586/586
f 584/584/584 587/587/587 588/588/588
f 584/584/584 588/588/588 585/585/585
f 585/585/585 588/588/588 5/5/5
f 585/585/585 5/5/5 2/2/2
f 586/586/586 585/585/585 2/2/2
f 586/586/586 2/2/2 1/1/1
f 589/589/589 590/590/590 591/591/591
f 589/589/589 591/591/591 592/592/592
f 590/590/590 593/593/593 594/594/594
f 590/590/590 594/594/594 591/591/591
f 591/591/591 594/594/594 14/14/14
f 591/591/591 14/14/14 11/11/11
f 592/592/592 591/591/591 11/11/11
f 592/592/592 11/11/11 10/10/10
f 595/595/595 596/596/596 597/597/597
f 595/595/595 597/597/597 598/598/598
f 596/596/596 599/599/599 600/600/600
f 596/596/596 600/600/600 597/597/597
f 597/597/597 600/600/600 23/23/23
f 597/597/597 23/23/23 20/20/20
f 598/598/598 597/597/597 20/20/20
f 598/598/598 20/20/20 19/19/19
f 601/601/601 602/602/602 603/603/603
f 601/601/601 603/603/603 604/604/604
f 602/602/602 605/605/605 606/606/606
f 602/602/602 606/606/606 603/603/603
f 603/603/603 606/606/606 32/32/32
f 603/603/603 32/32/32 29/29/29
f 604/604/604 603/603/603 29/29/29
f 604/604/604 29/29/29 28/28/28
f 607/607/607 608/608/608 609/609/609
f 607/607/607 609/609/609 610/610/610
f 608/608/608 611/611/611 612/612/612
f 608/608/608 612/612/612 609/609/609
f 609/609/609 612/612/612 41/41/41
f 609/609/609 41/41/41 38/38/38
f 610/610/610 609/609/609 38/38/38
f 610/610/610 38/38/38 37/37/37
f 611/611/611 613/613/613 614/614/614
f 611/611/611 614/614/614 612/612/612
f 613/613/613 615/615/615 616/616/616
f 613/613/613 616/616/616 614/614/614
f 614/614/614 616/616/616 48/48/48
f 614/614/614 48/48/48 46/46/46
f 612/612/612 614/614/614 46/46/46
f 612/612/612 46/46/46 41/41/41
f 615/615/615 617/617/617 618/618/618
f 615/615/615 618/618/618 616/616/616
f 617/617/617 619/619/619 620/620/620
f 617/617/617 620/620/620 618/618/618
f 618/618/618 620/620/620 54/54/54
f 618/618/618 54/54/54 52/52/52
f 616/616/616 618/618/618 52/52/52
f 616/616/616 52/52/52 48/48/48
f 619/619/619 621/621/621 622/622/622
f 619/619/619 622/622/622 620/620/620
f 621/621/621 623/623/623 624/624/624
f 621/621/621 624/624/624 622/622/622
f 622/622/622 624/624/624 60/60/60
f 622/622/622 60/60/60 58/58/58
f 620/620/620 622/622/622 58/58/58
f 620/620/620 58/58/58 54/54/54
f 623/623/623 625/625/625 626/626/626
f 623/623/623 626/626/626 624/624/624
f 625/625/625 627/627/627 628/628/628
f 625/625/625 628/628/628 626/626/626
f 626/626/626 628/628/628 66/66/66
f 626/626/626 66/66/66 64/64/64
f 624/624/624 626/626/626 64/64/64
f 624/624/624 64/64/64 60/60/60
f 559/559/559 558/558/558 629/629/629
f 559/559/559 629/629/629 630/630/630
f 558/558/558 66/66/66 628/628/628
f 558/558/558 628/628/628 629/629/629
f 629/629/629 628/628/628 627/627/627
f 629/629/629 627/627/627 631/631/631
f 630/630/630 629/629/629 631/631/631
f 630/630/630 631/631/631 632/632/632
f 74/74/74 633/633/633 634/634/634
f 74/74/74 634/634/634 75/75/75
f 633/633/633 635/635/635 636/636/636
f 633/633/633 636/636/636 634/634/634
f 634/634/634 636/636/636 637/637/637
f 634/634/634 637/637/637 638/638/638
f 75/75/75 634/634/634 638/638/638
f 75/75/75 638/638/638 76/76/76
f 639/639/639 640/640/640 641/641/641
f 639/639/639 641/641/641 642/642/642
f 640/640/640 406/406/406 405/405/405
f 640/640/640 405/405/405 641/641/641
f 641/641/641 405/405/405 404/404/404
f 641/641/641 404/404/404 643/643/643
f 642/642/642 641/641/641 643/643/643
f 642/642/642 643/643/643 644/644/644
f 645/645/645 646/646/646 647/647/647
f 645/645/645 647/647/647 648/648/648
f 646/646/646 649/649/649 650/650/650
f 646/646/646 650/650/650 647/647/647
f 647/647/647 650/650/650 79/79/79
f 647/647/647 79/79/79 572/572/572
f 648/648/648 647/647/647 572/572/572
f 648/648/648 572/572/572 571/571/571
f 649/649/649 651/651/651 652/652/652
f 649/649/649 652/652/652 650/650/650
f 651/651/651 653/653/653 654/654/654
f 651/651/651 654/654/654 652/652/652
f 652/652/652 654/654/654 83/83/83
f 652/652/652 83/83/83 80/80/80
f 650/650/650 652/652/652 80/80/80
f 650/650/650 80/80/80 79/79/79
f 653/653/653 655/655/655 656/656/656
f 653/653/653 656/656/656 654/654/654
f 655/655/655 657/657/657 658/658/658
f 655/655/655 658/658/658 656/656/656
f 656/656/656 658/658/658 90/90/90
f 656/656/656 90/90/90 88/88/88
f 654/654/654 656/656/656 88/88/88
f 654/654/654 88/88/88 83/83/83
f 657/657/657 659/659/659 660/660/660
f 657/657/657 660/660/660 658/658/658
f 659/659/659 661/661/661 662/662/662
f 659/659/659 662/662/662 660/660/660
f 660/660/660 662/662/662 96/96/96
f 660/660/660 96/96/96 94/94/94
f 658/658/658 660/660/660 94/94/94
f 658/658/658 94/94/94 90/90/90
f 661/661/661 663/663/663 664/664/664
f 661/661/661 664/664/664 662/662/662
f 663/663/663 583/583/583 586/586/586
f 663/663/663 586/586/586 664/664/664
f 664/664/664 586/586/586 1/1/1
f 664/664/664 1/1/1 100/100/100
f 662/662/662 664/664/664 100/100/100
f 662/662/662 100/100/100 96/96/96
f 665/665/665 666/666/666 667/667/667
f 665/665/665 667/667/667 668/668/668
f 666/666/666 669/669/669 670/670/670
f 666/666/666 670/670/670 667/667/667
f 667/667/667 670/670/670 587/587/587
f 667/667/667 587/587/587 584/584/584
f 668/668/668 667/667/667 584/584/584
f 668/668/668 584/584/584 583/583/583
f 671/671/671 672/672/672 673/673/673
f 671/671/671 673/673/673 674/674/674
f 672/672/672 675/675/675 676/676/676
f 672/672/672 676/676/676 673/673/673
f 673/673/673 676/676/676 593/593/593
f 673/673/673 593/593/593 590/590/590
f 674/674/674 673/673/673 590/590/590
f 674/674/674 590/590/590 589/589/589
f 677/677/677 678/678/678 679/679/679
f 677/677/677 679/679/679 680/680/680
f 678/678/678 681/681/681 682/682/682
f 678/678/678 682/682/682 679/679/679
f 679/679/679 682/682/682 599/599/599
f 679/679/679 599/599/599 596/596/596
f 680/680/680 679/679/679 596/596/596
f 680/680/680 596/596/596 595/595/595
f 683/683/683 684/684/684 685/685/685
f 683/683/683 685/685/685 686/686/686
f 684/684/684 687/687/687 688/688/688
f 684/684/684 688/688/688 685/685/685
f 685/685/685 688/688/688 605/605/605
f 685/685/685 605/605/605 602/602/602
f 686/686/686 685/685/685 602/602/602
f 686/686/686 602/602/602 601/601/601
f 689/689/689 690/690/690 691/691/691
f 689/689/689 691/691/691 692/692/692
f 690/690/690 693/693/693 694/694/694
f 690/690/690 694/694/694 691/691/691
f 691/691/691 694/694/694 611/611/611
f 691/691/691 611/611/611 608/608/608
f 692/692/692 691/691/691 608/608/608
f 692/692/692 608/608/608 607/607/607
f 693/693/693 695/695/695 696/696/696
f 693/693/693 696/696/696 694/694/694
f 695/695/695 697/697/697 698/698/698
f 695/695/695 698/698/698 696/696/696
f 696/696/696 698/698/698 615/615/615
f 696/696/696 615/615/615 613/613/613
f 694/694/694 696/696/696 613/613/613
f 694/694/694 613/613/613 611/611/611
f 697/697/697 699/699/699 700/700/700
f 697/697/697 700/700/700 698/698/698
f 699/699/699 701/701/701 702/702/702
f 699/699/699 702/702/702 700/700/700
f 700/700/700 702/702/702 619/619/619
f 700/700/700 619/619/619 617/617/617
f 698/698/698 700/700/700 617/617/617
f 698/698/698 617/617/617 615/615/615
f 701/701/701 703/703/703 704/704/704
f 701/701/701 704/704/704 702/702/702
f 703/703/703 705/705/705 706/706/706
f 703/703/703 706/706/706 704/704/704
f 704/704/704 706/706/706 623/623/623
f 704/704/704 623/623/623 621/621/621
f 702/702/702 704/704/704 621/621/621
f 702/702/702 621/621/621 619/619/619
f 705/705/705 707/707/707 708/708/708
f 705/705/705 708/708/708 706/706/706
f 707/707/707 709/709/709 710/710/710
f 707/707/707 710/710/710 708/708/708
f 708/708/708 710/710/710 627/627/627
f 708/708/708 627/627/627 625/625/625
f 706/706/706 708/708/708 625/625/625
f 706/706/706 625/625/625 623/623/623
f 632/632/632 631/631/631 711/711/711
f 632/632/632 711/711/711 712/712/712
f 631/631/631 627/627/627 710/710/710
f 631/631/631 710/710/710 711/711/711
f 711/711/711 710/710/710 709/709/709
f 711/711/711 709/709/709 713/713/713
f 712/712/712 711/711/711 713/713/713
f 712/712/712 713/713/713 714/714/714
f 635/635/635 715/715/715 716/716/716
f 635/635/635 716/716/716 636/636/636
f 715/715/715 717/717/717 718/718/718
f 715/715/715 718/718/718 716/716/716
f 716/716/716 718/718/718 719/719/719
f 716/716/716 719/719/719 720/720/720
f 636/636/636 716/716/716 720/720/720
f 636/636/636 720/720/720 637/637/637
f 721/721/721 722/722/722 723/723/723
f 721/721/721 723/723/723 724/724/724
f 722/722/722 639/639/639 642/642/642
f 722/722/722 642/642/642 723/723/723
f 723/723/723 642/642/642 644/644/644
f 723/723/723 644/644/644 725/725/725
f 724/724/724 723/723/723 725/725/725
f 724/724/724 725/725/725 726/726/726
f 727/727/727 728/728/728 729/729/729
f 727/727/727 729/729/729 730/730/730
f 728/728/728 649/649/649 646/646/646
f 728/728/728 646/646/646 729/729/729
f 729/729/729 646/646/646 645/645/645
f 729/729/729 645/645/645 731/731/731
f 730/730/730 729/729/729 731/731/731
f 730/730/730 731/731/731 732/732/732
f 727/727/727 733/733/733 734/734/734
f 727/727/727 734/734/734 728/728/728
f 733/733/733 735/735/735 736/736/736
f 733/733/733 736/736/736 734/734/734
f 734/734/734 736/736/736 653/653/653
f 734/734/734 653/653/653 651/651/651
f 728/728/728 734/734/734 651/651/651
f 728/728/728 651/651/651 649/649/649
f 735/735/735 737/737/737 738/738/738
f 735/735/735 738/738/738 736/736/736
f 737/737/737 739/739/739 740/740/740
f 737/737/737 740/740/740 738/738/738
f 738/738/738 740/740/740 657/657/657
f 738/738/738 657/657/657 655/655/655
f 736/736/736 738/738/738 655/655/655
f 736/736/736 655/655/655 653/653/653
f 739/739/739 741/741/741 742/742/742
f 739/739/739 742/742/742 740/740/740
f 741/741/741 743/743/743 744/744/744
f 741/741/741 744/744/744 742/742/742
f 742/742/742 744/744/744 661/661/661
f 742/742/742 661/661/661 659/659/659
f 740/740/740 742/742/742 659/659/659
f 740/740/740 659/659/659 657/657/657
f 743/743/743 745/745/745 746/746/746
f 743/743/743 746/746/746 744/744/744
f 745/745/745 665/665/665 668/668/668
f 745/745/745 668/668/668 746/746/746
f 746/746/746 668/668/668 583/583/583
f 746/746/746 583/583/583 663/663/663
f 744/744/744 746/746/746 663/663/663
f 744/744/744 663/663/663 661/661/661
f 166/166/166 165/165/165 747/747/747
f 166/166/166 747/747/747 748/748/748
f 165/165/165 164/164/164 749/749/749
f 165/165/165 749/749/749 747/747/747
f 747/747/747 749/749/749 750/750/750
f 747/747/747 750/750/750 751/751/751
f 748/748/748 747/747/747 751/751/751
f 748/748/748 751/751/751 752/752/752
f 368/368/368 536/536/536 753/753/753
f 368/368/368 753/753/753 754/754/754
f 536/536/536 535/535/535 755/755/755
f 536/536/536 755/755/755 753/753/753
f 753/753/753 755/755/755 756/756/756
f 753/753/753 756/756/756 757/757/757
f 754/754/754 753/753/753 757/757/757
f 754/754/754 757/757/757 758/758/758
f 370/370/370 369/369/369 759/759/759
f 370/370/370 759/759/759 760/760/760
f 369/369/369 368/368/368 754/754/754
f 369/369/369 754/754/754 759/759/759
f 759/759/759 754/754/754 758/758/758
f 759/759/759 758/758/758 761/761/761
f 760/760/760 759/759/759 761/761/761
f 760/760/760 761/761/761 762/762/762
f 250/250/250 420/420/420 763/763/763
f 250/250/250 763/763/763 764/764/764
f 420/420/420 419/419/419 765/765/765
f 420/420/420 765/765/765 763/763/763
f 763/763/763 765/765/765 766/766/766
f 763/763/763 766/766/766 767/767/767
f 764/764/764 763/763/763 767/767/767
f 764/764/764 767/767/767 768/768/768
f 768/768/768 769/769/769 770/770/770
f 768/768/768 770/770/770 764/764/764
f 769/769/769 771/771/771 772/772/772
f 769/769/769 772/772/772 770/770/770
f 770/770/770 772/772/772 254/254/254
f 770/770/770 254/254/254 251/251/251
f 764/764/764 770/770/770 251/251/251
f 764/764/764 251/251/251 250/250/250
f 553/553/553 552/552/552 773/773/773
f 553/553/553 773/773/773 774/774/774
f 552/552/552 254/254/254 772/772/772
f 552/552/552 772/772/772 773/773/773
f 773/773/773 772/772/772 771/771/771
f 773/773/773 771/771/771 775/775/775
f 774/774/774 773/773/773 775/775/775
f 774/774/774 775/775/775 776/776/776
f 777/777/777 778/778/778 779/779/779
f 777/777/777 779/779/779 780/780/780
f 778/778/778 781/781/781 782/782/782
f 778/778/778 782/782/782 779/779/779
f 779/779/779 782/782/782 74/74/74
f 779/779/779 74/74/74 71/71/71
f 780/780/780 779/779/779 71/71/71
f 780/780/780 71/71/71 70/70/70
f 781/781/781 783/783/783 784/784/784
f 781/781/781 784/784/784 782/782/782
f 783/783/783 785/785/785 786/786/786
f 783/783/783 786/786/786 784/784/784
f 784/784/784 786/786/786 635/635/635
f 784/784/784 635/635/635 633/633/633
f 782/782/782 784/784/784 633/633/633
f 782/782/782 633/633/633 74/74/74
f 785/785/785 787/787/787 788/788/788
f 785/785/785 788/788/788 786/786/786
f 787/787/787 789/789/789 790/790/790
f 787/787/787 790/790/790 788/788/788
f 788/788/788 790/790/790 717/717/717
f 788/788/788 717/717/717 715/715/715
f 786/786/786 788/788/788 715/715/715
f 786/786/786 715/715/715 635/635/635
f 791/791/791 792/792/792 793/793/793
f 791/791/791 793/793/793 794/794/794
f 792/792/792 795/795/795 796/796/796
f 792/792/792 796/796/796 793/793/793
f 793/793/793 796/796/796 545/545/545
f 793/793/793 545/545/545 542/542/542
f 794/794/794 793/793/793 542/542/542
f 794/794/794 542/542/542 541/541/541
f 582/582/582 581/581/581 797/797/797
f 582/582/582 797/797/797 798/798/798
f 581/581/581 377/377/377 799/799/799
f 581/581/581 799/799/799 797/797/797
f 797/797/797 799/799/799 256/256/256
f 797/797/797 256/256/256 551/551/551
f 798/798/798 797/797/797 551/551/551
f 798/798/798 551/551/551 555/555/555
f 78/78/78 77/77/77 800/800/800
f 78/78/78 800/800/800 801/801/801
f 77/77/77 76/76/76 802/802/802
f 77/77/77 802/802/802 800/800/800
f 800/800/800 802/802/802 404/404/404
f 800/800/800 404/404/404 401/401/401
f 801/801/801 800/800/800 401/401/401
f 801/801/801 401/401/401 400/400/400
f 644/644/644 643/643/643 803/803/803
f 644/644/644 803/803/803 804/804/804
f 643/643/643 404/404/404 802/802/802
f 643/643/643 802/802/802 803/803/803
f 803/803/803 802/802/802 76/76/76
f 803/803/803 76/76/76 638/638/638
f 804/804/804 803/803/803 638/638/638
f 804/804/804 638/638/638 637/637/637
f 726/726/726 725/725/725 805/805/805
f 726/726/726 805/805/805 806/806/806
f 725/725/725 644/644/644 804/804/804
f 725/725/725 804/804/804 805/805/805
f 805/805/805 804/804/804 637/637/637
f 805/805/805 637/637/637 720/720/720
f 806/806/806 805/805/805 720/720/720
f 806/806/806 720/720/720 719/719/719
f 547/547/547 807/807/807 808/808/808
f 547/547/547 808/808/808 548/548/548
f 807/807/807 566/566/566 563/563/563
f 807/807/807 563/563/563 808/808/808
f 808/808/808 563/563/563 562/562/562
f 808/808/808 562/562/562 809/809/809
f 548/548/548 808/808/808 809/809/809
f 548/548/548 809/809/809 549/549/549
f 399/399/399 398/398/398 810/810/810
f 399/399/399 810/810/810 811/811/811
f 398/398/398 397/397/397 812/812/812
f 398/398/398 812/812/812 810/810/810
f 810/810/810 812/812/812 160/160/160
f 810/810/810 160/160/160 163/163/163
f 811/811/811 810/810/810 163/163/163
f 811/811/811 163/163/163 168/168/168
f 388/388/388 530/530/530 813/813/813
f 388/388/388 813/813/813 814/814/814
f 530/530/530 529/529/529 815/815/815
f 530/530/530 815/815/815 813/813/813
f 813/813/813 815/815/815 531/531/531
f 813/813/813 531/531/531 534/534/534
f 814/814/814 813/813/813 534/534/534
f 814/814/814 534/534/534 364/364/364
f 390/390/390 389/389/389 816/816/816
f 390/390/390 816/816/816 817/817/817
f 389/389/389 388/388/388 814/814/814
f 389/389/389 814/814/814 816/816/816
f 816/816/816 814/814/814 364/364/364
f 816/816/816 364/364/364 367/367/367
f 817/817/817 816/816/816 367/367/367
f 817/817/817 367/367/367 372/372/372
f 373/373/373 426/426/426 818/818/818
f 373/373/373 818/818/818 819/819/819
f 426/426/426 425/425/425 820/820/820
f 426/426/426 820/820/820 818/818/818
f 818/818/818 820/820/820 415/415/415
f 818/818/818 415/415/415 418/418/418
f 819/819/819 818/818/818 418/418/418
f 819/819/819 418/418/418 258/258/258
f 256/256/256 799/799/799 821/821/821
f 256/256/256 821/821/821 257/257/257
f 799/799/799 377/377/377 374/374/374
f 799/799/799 374/374/374 821/821/821
f 821/821/821 374/374/374 373/373/373
f 821/821/821 373/373/373 819/819/819
f 257/257/257 821/821/821 819/819/819
f 257/257/257 819/819/819 258/258/258
f 523/523/523 822/822/822 823/823/823
f 523/523/523 823/823/823 524/524/524
f 822/822/822 527/527/527 525/525/525
f 822/822/822 525/525/525 823/823/823
f 823/823/823 525/525/525 386/386/386
f 823/823/823 386/386/386 824/824/824
f 524/524/524 823/823/823 824/824/824
f 524/524/524 824/824/824 360/360/360
f 173/173/173 825/825/825 826/826/826
f 173/173/173 826/826/826 174/174/174
f 825/825/825 395/395/395 392/392/392
f 825/825/825 392/392/392 826/826/826
f 826/826/826 392/392/392 391/391/391
f 826/826/826 391/391/391 827/827/827
f 174/174/174 826/826/826 827/827/827
f 174/174/174 827/827/827 175/175/175
f 570/570/570 569/569/569 828/828/828
f 570/570/570 828/828/828 829/829/829
f 569/569/569 568/568/568 830/830/830
f 569/569/569 830/830/830 828/828/828
f 828/828/828 830/830/830 831/831/831
f 828/828/828 831/831/831 832/832/832
f 829/829/829 828/828/828 832/832/832
f 829/829/829 832/832/832 833/833/833
f 645/645/645 834/834/834 835/835/835
f 645/645/645 835/835/835 731/731/731
f 834/834/834 639/639/639 722/722/722
f 834/834/834 722/722/722 835/835/835
f 835/835/835 722/722/722 721/721/721
f 835/835/835 721/721/721 836/836/836
f 731/731/731 835/835/835 836/836/836
f 731/731/731 836/836/836 732/732/732
f 571/571/571 837/837/837 838/838/838
f 571/571/571 838/838/838 648/648/648
f 837/837/837 406/406/406 640/640/640
f 837/837/837 640/640/640 838/838/838
f 838/838/838 640/640/640 639/639/639
f 838/838/838 639/639/639 834/834/834
f 648/648/648 838/838/838 834/834/834
f 648/648/648 834/834/834 645/645/645
f 408/408/408 407/407/407 839/839/839
f 408/408/408 839/839/839 840/840/840
f 407/407/407 406/406/406 837/837/837
f 407/407/407 837/837/837 839/839/839
f 839/839/839 837/837/837 571/571/571
f 839/839/839 571/571/571 574/574/574
f 840/840/840 839/839/839 574/574/574
f 840/840/840 574/574/574 576/576/576
f 259/259/259 841/841/841 842/842/842
f 259/259/259 842/842/842 843/843/843
f 841/841/841 379/379/379 578/578/578
f 841/841/841 578/578/578 842/842/842
f 842/842/842 578/578/578 577/577/577
f 842/842/842 577/577/577 844/844/844
f 843/843/843 842/842/842 844/844/844
f 843/843/843 844/844/844 845/845/845
f 381/381/381 380/380/380 846/846/846
f 381/381/381 846/846/846 847/847/847
f 380/380/380 379/379/379 841/841/841
f 380/380/380 841/841/841 846/846/846
f 846/846/846 841/841/841 259/259/259
f 846/846/846 259/259/259 262/262/262
f 847/847/847 846/846/846 262/262/262
f 847/847/847 262/262/262 267/267/267
f 431/431/431 848/848/848 849/849/849
f 431/431/431 849/849/849 432/432/432
f 848/848/848 423/423/423 421/421/421
f 848/848/848 421/421/421 849/849/849
f 849/849/849 421/421/421 381/381/381
f 849/849/849 381/381/381 847/847/847
f 432/432/432 849/849/849 847/847/847
f 432/432/432 847/847/847 267/267/267
f 360/360/360 824/824/824 850/850/850
f 360/360/360 850/850/850 361/361/361
f 824/824/824 386/386/386 383/383/383
f 824/824/824 383/383/383 850/850/850
f 850/850/850 383/383/383 382/382/382
f 850/850/850 382/382/382 851/851/851
f 361/361/361 850/850/850 851/851/851
f 361/361/361 851/851/851 362/362/362
f 752/752/752 751/751/751 852/852/852
f 752/752/752 852/852/852 853/853/853
f 751/751/751 750/750/750 854/854/854
f 751/751/751 854/854/854 852/852/852
f 852/852/852 854/854/854 154/154/154
f 852/852/852 154/154/154 157/157/157
f 853/853/853 852/852/852 157/157/157
f 853/853/853 157/157/157 159/159/159
f 758/758/758 757/757/757 855/855/855
f 758/758/758 855/855/855 856/856/856
f 757/757/757 756/756/756 857/857/857
f 757/757/757 857/857/857 855/855/855
f 855/855/855 857/857/857 537/537/537
f 855/855/855 537/537/537 540/540/540
f 856/856/856 855/855/855 540/540/540
f 856/856/856 540/540/540 283/283/283
f 762/762/762 761/761/761 858/858/858
f 762/762/762 858/858/858 859/859/859
f 761/761/761 758/758/758 856/856/856
f 761/761/761 856/856/856 858/858/858
f 858/858/858 856/856/856 283/283/283
f 858/858/858 283/283/283 286/286/286
f 859/859/859 858/858/858 286/286/286
f 859/859/859 286/286/286 291/291/291
f 768/768/768 767/767/767 860/860/860
f 768/768/768 860/860/860 861/861/861
f 767/767/767 766/766/766 862/862/862
f 767/767/767 862/862/862 860/860/860
f 860/860/860 862/862/862 409/409/409
f 860/860/860 409/409/409 412/412/412
f 861/861/861 860/860/860 412/412/412
f 861/861/861 412/412/412 248/248/248
f 246/246/246 863/863/863 864/864/864
f 246/246/246 864/864/864 247/247/247
f 863/863/863 771/771/771 769/769/769
f 863/863/863 769/769/769 864/864/864
f 864/864/864 769/769/769 768/768/768
f 864/864/864 768/768/768 861/861/861
f 247/247/247 864/864/864 861/861/861
f 247/247/247 861/861/861 248/248/248
f 776/776/776 775/775/775 865/865/865
f 776/776/776 865/865/865 866/866/866
f 775/775/775 771/771/771 863/863/863
f 775/775/775 863/863/863 865/865/865
f 865/865/865 863/863/863 246/246/246
f 865/865/865 246/246/246 867/867/867
f 866/866/866 865/865/865 867/867/867
f 866/866/866 867/867/867 868/868/868
f 559/559/559 869/869/869 870/870/870
f 559/559/559 870/870/870 560/560/560
f 869/869/869 781/781/781 778/778/778
f 869/869/869 778/778/778 870/870/870
f 870/870/870 778/778/778 777/777/777
f 870/870/870 777/777/777 871/871/871
f 560/560/560 870/870/870 871/871/871
f 560/560/560 871/871/871 561/561/561
f 632/632/632 872/872/872 873/873/873
f 632/632/632 873/873/873 630/630/630
f 872/872/872 785/785/785 783/783/783
f 872/872/872 783/783/783 873/873/873
f 873/873/873 783/783/783 781/781/781
f 873/873/873 781/781/781 869/869/869
f 630/630/630 873/873/873 869/869/869
f 630/630/630 869/869/869 559/559/559
f 714/714/714 874/874/874 875/875/875
f 714/714/714 875/875/875 712/712/712
f 874/874/874 789/789/789 787/787/787
f 874/874/874 787/787/787 875/875/875
f 875/875/875 787/787/787 785/785/785
f 875/875/875 785/785/785 872/872/872
f 712/712/712 875/875/875 872/872/872
f 712/712/712 872/872/872 632/632/632
f 876/876/876 877/877/877 878/878/878
f 876/876/876 878/878/878 879/879/879
f 877/877/877 795/795/795 792/792/792
f 877/877/877 792/792/792 878/878/878
f 878/878/878 792/792/792 791/791/791
f 878/878/878 791/791/791 880/880/880
f 879/879/879 878/878/878 880/880/880
f 879/879/879 880/880/880 881/881/881
f 882/882/882 883/883/883 884/884/884
f 882/882/882 884/884/884 885/885/885
f 883/883/883 886/886/886 887/887/887
f 883/883/883 887/887/887 884/884/884
f 884/884/884 887/887/887 184/184/184
f 884/884/884 184/184/184 190/190/190
f 885/885/885 884/884/884 190/190/190
f 885/885/885 190/190/190 107/107/107
f 886/886/886 888/888/888 889/889/889
f 886/886/886 889/889/889 887/887/887
f 888/888/888 890/890/890 891/891/891
f 888/888/888 891/891/891 889/889/889
f 889/889/889 891/891/891 178/178/178
f 889/889/889 178/178/178 185/185/185
f 887/887/887 889/889/889 185/185/185
f 887/887/887 185/185/185 184/184/184
f 890/890/890 892/892/892 893/893/893
f 890/890/890 893/893/893 891/891/891
f 892/892/892 894/894/894 895/895/895
f 892/892/892 895/895/895 893/893/893
f 893/893/893 895/895/895 169/169/169
f 893/893/893 169/169/169 179/179/179
f 891/891/891 893/893/893 179/179/179
f 891/891/891 179/179/179 178/178/178
f 894/894/894 896/896/896 897/897/897
f 894/894/894 897/897/897 895/895/895
f 896/896/896 898/898/898 899/899/899
f 896/896/896 899/899/899 897/897/897
f 897/897/897 899/899/899 173/173/173
f 897/897/897 173/173/173 170/170/170
f 895/895/895 897/897/897 170/170/170
f 895/895/895 170/170/170 169/169/169
f 898/898/898 900/900/900 901/901/901
f 898/898/898 901/901/901 899/899/899
f 900/900/900 902/902/902 903/903/903
f 900/900/900 903/903/903 901/901/901
f 901/901/901 903/903/903 395/395/395
f 901/901/901 395/395/395 825/825/825
f 899/899/899 901/901/901 825/825/825
f 899/899/899 825/825/825 173/173/173
f 397/397/397 396/396/396 904/904/904
f 397/397/397 904/904/904 905/905/905
f 396/396/396 395/395/395 903/903/903
f 396/396/396 903/903/903 904/904/904
f 904/904/904 903/903/903 902/902/902
f 904/904/904 902/902/902 906/906/906
f 905/905/905 904/904/904 906/906/906
f 905/905/905 906/906/906 907/907/907
f 160/160/160 812/812/812 908/908/908
f 160/160/160 908/908/908 909/909/909
f 812/812/812 397/397/397 905/905/905
f 812/812/812 905/905/905 908/908/908
f 908/908/908 905/905/905 907/907/907
f 908/908/908 907/907/907 910/910/910
f 909/909/909 908/908/908 910/910/910
f 909/909/909 910/910/910 911/911/911
f 911/911/911 912/912/912 913/913/913
f 911/911/911 913/913/913 909/909/909
f 912/912/912 914/914/914 915/915/915
f 912/912/912 915/915/915 913/913/913
f 913/913/913 915/915/915 164/164/164
f 913/913/913 164/164/164 161/161/161
f 909/909/909 913/913/913 161/161/161
f 909/909/909 161/161/161 160/160/160
f 750/750/750 749/749/749 916/916/916
f 750/750/750 916/916/916 917/917/917
f 749/749/749 164/164/164 915/915/915
f 749/749/749 915/915/915 916/916/916
f 916/916/916 915/915/915 914/914/914
f 916/916/916 914/914/914 918/918/918
f 917/917/917 916/916/916 918/918/918
f 917/917/917 918/918/918 919/919/919
f 154/154/154 854/854/854 920/920/920
f 154/154/154 920/920/920 921/921/921
f 854/854/854 750/750/750 917/917/917
f 854/854/854 917/917/917 920/920/920
f 920/920/920 917/917/917 919/919/919
f 920/920/920 919/919/919 922/922/922
f 921/921/921 920/920/920 922/922/922
f 921/921/921 922/922/922 923/923/923
f 923/923/923 924/924/924 925/925/925
f 923/923/923 925/925/925 921/921/921
f 924/924/924 926/926/926 927/927/927
f 924/924/924 927/927/927 925/925/925
f 925/925/925 927/927/927 148/148/148
f 925/925/925 148/148/148 155/155/155
f 921/921/921 925/925/925 155/155/155
f 921/921/921 155/155/155 154/154/154
f 926/926/926 928/928/928 929/929/929
f 926/926/926 929/929/929 927/927/927
f 928/928/928 930/930/930 931/931/931
f 928/928/928 931/931/931 929/929/929
f 929/929/929 931/931/931 142/142/142
f 929/929/929 142/142/142 149/149/149
f 927/927/927 929/929/929 149/149/149
f 927/927/927 149/149/149 148/148/148
f 930/930/930 932/932/932 933/933/933
f 930/930/930 933/933/933 931/931/931
f 932/932/932 934/934/934 935/935/935
f 932/932/932 935/935/935 933/933/933
f 933/933/933 935/935/935 136/136/136
f 933/933/933 136/136/136 143/143/143
f 931/931/931 933/933/933 143/143/143
f 931/931/931 143/143/143 142/142/142
f 934/934/934 936/936/936 937/937/937
f 934/934/934 937/937/937 935/935/935
f 936/936/936 938/938/938 939/939/939
f 936/936/936 939/939/939 937/937/937
f 937/937/937 939/939/939 130/130/130
f 937/937/937 130/130/130 137/137/137
f 935/935/935 937/937/937 137/137/137
f 935/935/935 137/137/137 136/136/136
f 938/938/938 940/940/940 941/941/941
f 938/938/938 941/941/941 939/939/939
f 940/940/940 942/942/942 943/943/943
f 940/940/940 943/943/943 941/941/941
f 941/941/941 943/943/943 124/124/124
f 941/941/941 124/124/124 131/131/131
f 939/939/939 941/941/941 131/131/131
f 939/939/939 131/131/131 130/130/130
f 942/942/942 944/944/944 945/945/945
f 942/942/942 945/945/945 943/943/943
f 944/944/944 946/946/946 947/947/947
f 944/944/944 947/947/947 945/945/945
f 945/945/945 947/947/947 118/118/118
f 945/945/945 118/118/118 125/125/125
f 943/943/943 945/945/945 125/125/125
f 943/943/943 125/125/125 124/124/124
f 946/946/946 948/948/948 949/949/949
f 946/946/946 949/949/949 947/947/947
f 948/948/948 950/950/950 951/951/951
f 948/948/948 951/951/951 949/949/949
f 949/949/949 951/951/951 112/112/112
f 949/949/949 112/112/112 119/119/119
f 947/947/947 949/949/949 119/119/119
f 947/947/947 119/119/119 118/118/118
f 950/950/950 952/952/952 953/953/953
f 950/950/950 953/953/953 951/951/951
f 952/952/952 954/954/954 955/955/955
f 952/952/952 955/955/955 953/953/953
f 953/953/953 955/955/955 103/103/103
f 953/953/953 103/103/103 113/113/113
f 951/951/951 953/953/953 113/113/113
f 951/951/951 113/113/113 112/112/112
f 954/954/954 956/956/956 957/957/957
f 954/954/954 957/957/957 955/955/955
f 956/956/956 882/882/882 885/885/885
f 956/956/956 885/885/885 957/957/957
f 957/957/957 885/885/885 107/107/107
f 957/957/957 107/107/107 104/104/104
f 955/955/955 957/957/957 104/104/104
f 955/955/955 104/104/104 103/103/103
f 958/958/958 959/959/959 960/960/960
f 958/958/958 960/960/960 961/961/961
f 959/959/959 962/962/962 963/963/963
f 959/959/959 963/963/963 960/960/960
f 960/960/960 963/963/963 886/886/886
f 960/960/960 886/886/886 883/883/883
f 961/961/961 960/960/960 883/883/883
f 961/961/961 883/883/883 882/882/882
f 962/962/962 964/964/964 965/965/965
f 962/962/962 965/965/965 963/963/963
f 964/964/964 966/966/966 967/967/967
f 964/964/964 967/967/967 965/965/965
f 965/965/965 967/967/967 890/890/890
f 965/965/965 890/890/890 888/888/888
f 963/963/963 965/965/965 888/888/888
f 963/963/963 888/888/888 886/886/886
f 966/966/966 968/968/968 969/969/969
f 966/966/966 969/969/969 967/967/967
f 968/968/968 970/970/970 971/971/971
f 968/968/968 971/971/971 969/969/969
f 969/969/969 971/971/971 894/894/894
f 969/969/969 894/894/894 892/892/892
f 967/967/967 969/969/969 892/892/892
f 967/967/967 892/892/892 890/890/890
f 970/970/970 972/972/972 973/973/973
f 970/970/970 973/973/973 971/971/971
f 972/972/972 831/831/831 974/974/974
f 972/972/972 974/974/974 973/973/973
f 973/973/973 974/974/974 898/898/898
f 973/973/973 898/898/898 896/896/896
f 971/971/971 973/973/973 896/896/896
f 971/971/971 896/896/896 894/894/894
f 831/831/831 830/830/830 975/975/975
f 831/831/831 975/975/975 974/974/974
f 830/830/830 568/568/568 976/976/976
f 830/830/830 976/976/976 975/975/975
f 975/975/975 976/976/976 902/902/902
f 975/975/975 902/902/902 900/900/900
f 974/974/974 975/975/975 900/900/900
f 974/974/974 900/900/900 898/898/898
f 907/907/907 906/906/906 977/977/977
f 907/907/907 977/977/977 978/978/978
f 906/906/906 902/902/902 976/976/976
f 906/906/906 976/976/976 977/977/977
f 977/977/977 976/976/976 568/568/568
f 977/977/977 568/568/568 567/567/567
f 978/978/978 977/977/977 567/567/567
f 978/978/978 567/567/567 566/566/566
f 911/911/911 910/910/910 979/979/979
f 911/911/911 979/979/979 980/980/980
f 910/910/910 907/907/907 978/978/978
f 910/910/910 978/978/978 979/979/979
f 979/979/979 978/978/978 566/566/566
f 979/979/979 566/566/566 807/807/807
f 980/980/980 979/979/979 807/807/807
f 980/980/980 807/807/807 547/547/547
f 547/547/547 546/546/546 981/981/981
f 547/547/547 981/981/981 980/980/980
f 546/546/546 545/545/545 982/982/982
f 546/546/546 982/982/982 981/981/981
f 981/981/981 982/982/982 914/914/914
f 981/981/981 914/914/914 912/912/912
f 980/980/980 981/981/981 912/912/912
f 980/980/980 912/912/912 911/911/911
f 919/919/919 918/918/918 983/983/983
f 919/919/919 983/983/983 984/984/984
f 918/918/918 914/914/914 982/982/982
f 918/918/918 982/982/982 983/983/983
f 983/983/983 982/982/982 545/545/545
f 983/983/983 545/545/545 796/796/796
f 984/984/984 983/983/983 796/796/796
f 984/984/984 796/796/796 795/795/795
f 923/923/923 922/922/922 985/985/985
f 923/923/923 985/985/985 986/986/986
f 922/922/922 919/919/919 984/984/984
f 922/922/922 984/984/984 985/985/985
f 985/985/985 984/984/984 795/795/795
f 985/985/985 795/795/795 877/877/877
f 986/986/986 985/985/985 877/877/877
f 986/986/986 877/877/877 876/876/876
f 876/876/876 987/987/987 988/988/988
f 876/876/876 988/988/988 986/986/986
f 987/987/987 989/989/989 990/990/990
f 987/987/987 990/990/990 988/988/988
f 988/988/988 990/990/990 926/926/926
f 988/988/988 926/926/926 924/924/924
f 986/986/986 988/988/988 924/924/924
f 986/986/986 924/924/924 923/923/923
f 989/989/989 991/991/991 992/992/992
f 989/989/989 992/992/992 990/990/990
f 991/991/991 993/993/993 994/994/994
f 991/991/991 994/994/994 992/992/992
f 992/992/992 994/994/994 930/930/930
f 992/992/992 930/930/930 928/928/928
f 990/990/990 992/992/992 928/928/928
f 990/990/990 928/928/928 926/926/926
f 993/993/993 995/995/995 996/996/996
f 993/993/993 996/996/996 994/994/994
f 995/995/995 997/997/997 998/998/998
f 995/995/995 998/998/998 996/996/996
f 996/996/996 998/998/998 934/934/934
f 996/996/996 934/934/934 932/932/932
f 994/994/994 996/996/996 932/932/932
f 994/994/994 932/932/932 930/930/930
f 997/997/997 999/999/999 1000/1000/1000
f 997/997/997 1000/1000/1000 998/998/998
f 999/999/999 1001/1001/1001 1002/1002/1002
f 999/999/999 1002/1002/1002 1000/1000/1000
f 1000/1000/1000 1002/1002/1002 938/938/938
f 1000/1000/1000 938/938/938 936/936/936
f 998/998/998 1000/1000/1000 936/936/936
f 998/998/998 936/936/936 934/934/934
f 1001/1001/1001 1003/1003/1003 1004/1004/1004
f 1001/1001/1001 1004/1004/1004 1002/1002/1002
f 1003/1003/1003 1005/1005/1005 1006/1006/1006
f 1003/1003/1003 1006/1006/1006 1004/1004/1004
f 1004/1004/1004 1006/1006/1006 942/942/942
f 1004/1004/1004 942/942/942 940/940/940
f 1002/1002/1002 1004/1004/1004 940/940/940
f 1002/1002/1002 940/940/940 938/938/938
f 1005/1005/1005 1007/1007/1007 1008/1008/1008
f 1005/1005/1005 1008/1008/1008 1006/1006/1006
f 1007/1007/1007 1009/1009/1009 1010/1010/1010
f 1007/1007/1007 1010/1010/1010 1008/1008/1008
f 1008/1008/1008 1010/1010/1010 946/946/946
f 1008/1008/1008 946/946/946 944/944/944
f 1006/1006/1006 1008/1008/1008 944/944/944
f 1006/1006/1006 944/944/944 942/942/942
f 1009/1009/1009 1011/1011/1011 1012/1012/1012
f 1009/1009/1009 1012/1012/1012 1010/1010/1010
f 1011/1011/1011 1013/1013/1013 1014/1014/1014
f 1011/1011/1011 1014/1014/1014 1012/1012/1012
f 1012/1012/1012 1014/1014/1014 950/950/950
f 1012/1012/1012 950/950/950 948/948/948
f 1010/1010/1010 1012/1012/1012 948/948/948
f 1010/1010/1010 948/948/948 946/946/946
f 1013/1013/1013 1015/1015/1015 1016/1016/1016
f 1013/1013/1013 1016/1016/1016 1014/1014/1014
f 1015/1015/1015 1017/1017/1017 1018/1018/1018
f 1015/1015/1015 1018/1018/1018 1016/1016/1016
f 1016/1016/1016 1018/1018/1018 954/954/954
f 1016/1016/1016 954/954/954 952/952/952
f 1014/1014/1014 1016/1016/1016 952/952/952
f 1014/1014/1014 952/952/952 950/950/950
f 1017/1017/1017 1019/1019/1019 1020/1020/1020
f 1017/1017/1017 1020/1020/1020 1018/1018/1018
f 1019/1019/1019 958/958/958 961/961/961
f 1019/1019/1019 961/961/961 1020/1020/1020
f 1020/1020/1020 961/961/961 882/882/882
f 1020/1020/1020 882/882/882 956/956/956
f 1018/1018/1018 1020/1020/1020 956/956/956
f 1018/1018/1018 956/956/956 954/954/954
f 1021/1021/1021 1022/1022/1022 1023/1023/1023
f 1021/1021/1021 1023/1023/1023 1024/1024/1024
f 1022/1022/1022 1025/1025/1025 1026/1026/1026
f 1022/1022/1022 1026/1026/1026 1023/1023/1023
f 1023/1023/1023 1026/1026/1026 1027/1027/1027
f 1023/1023/1023 1027/1027/1027 1028/1028/1028
f 1024/1024/1024 1023/1023/1023 1028/1028/1028
f 1024/1024/1024 1028/1028/1028 1029/1029/1029
f 7/7/7 1030/1030/1030 1031/1031/1031
f 7/7/7 1031/1031/1031 1032/1032/1032
f 1030/1030/1030 1033/1033/1033 1034/1034/1034
f 1030/1030/1030 1034/1034/1034 1031/1031/1031
f 1031/1031/1031 1034/1034/1034 1025/1025/1025
f 1031/1031/1031 1025/1025/1025 1022/1022/1022
f 1032/1032/1032 1031/1031/1031 1022/1022/1022
f 1032/1032/1032 1022/1022/1022 1021/1021/1021
f 5/5/5 1035/1035/1035 1036/1036/1036
f 5/5/5 1036/1036/1036 6/6/6
f 1035/1035/1035 1037/1037/1037 1038/1038/1038
f 1035/1035/1035 1038/1038/1038 1036/1036/1036
f 1036/1036/1036 1038/1038/1038 1033/1033/1033
f 1036/1036/1036 1033/1033/1033 1030/1030/1030
f 6/6/6 1036/1036/1036 1030/1030/1030
f 6/6/6 1030/1030/1030 7/7/7
f 1029/1029/1029 1028/1028/1028 1039/1039/1039
f 1029/1029/1029 1039/1039/1039 1040/1040/1040
f 1028/1028/1028 1027/1027/1027 1041/1041/1041
f 1028/1028/1028 1041/1041/1041 1039/1039/1039
f 1039/1039/1039 1041/1041/1041 1042/1042/1042
f 1039/1039/1039 1042/1042/1042 1043/1043/1043
f 1040/1040/1040 1039/1039/1039 1043/1043/1043
f 1040/1040/1040 1043/1043/1043 1044/1044/1044
f 587/587/587 1045/1045/1045 1046/1046/1046
f 587/587/587 1046/1046/1046 588/588/588
f 1045/1045/1045 1047/1047/1047 1048/1048/1048
f 1045/1045/1045 1048/1048/1048 1046/1046/1046
f 1046/1046/1046 1048/1048/1048 1037/1037/1037
f 1046/1046/1046 1037/1037/1037 1035/1035/1035
f 588/588/588 1046/1046/1046 1035/1035/1035
f 588/588/588 1035/1035/1035 5/5/5
f 1049/1049/1049 1050/1050/1050 1051/1051/1051
f 1049/1049/1049 1051/1051/1051 1052/1052/1052
f 1050/1050/1050 1053/1053/1053 1054/1054/1054
f 1050/1050/1050 1054/1054/1054 1051/1051/1051
f 1051/1051/1051 1054/1054/1054 1055/1055/1055
f 1051/1051/1051 1055/1055/1055 1056/1056/1056
f 1052/1052/1052 1051/1051/1051 1056/1056/1056
f 1052/1052/1052 1056/1056/1056 1057/1057/1057
f 1044/1044/1044 1043/1043/1043 1058/1058/1058
f 1044/1044/1044 1058/1058/1058 1059/1059/1059
f 1043/1043/1043 1042/1042/1042 1060/1060/1060
f 1043/1043/1043 1060/1060/1060 1058/1058/1058
f 1058/1058/1058 1060/1060/1060 1053/1053/1053
f 1058/1058/1058 1053/1053/1053 1050/1050/1050
f 1059/1059/1059 1058/1058/1058 1050/1050/1050
f 1059/1059/1059 1050/1050/1050 1049/1049/1049
f 669/669/669 1061/1061/1061 1062/1062/1062
f 669/669/669 1062/1062/1062 670/670/670
f 1061/1061/1061 1055/1055/1055 1063/1063/1063
f 1061/1061/1061 1063/1063/1063 1062/1062/1062
f 1062/1062/1062 1063/1063/1063 1047/1047/1047
f 1062/1062/1062 1047/1047/1047 1045/1045/1045
f 670/670/670 1062/1062/1062 1045/1045/1045
f 670/670/670 1045/1045/1045 587/587/587
f 45/45/45 1064/1064/1064 1065/1065/1065
f 45/45/45 1065/1065/1065 40/40/40
f 1064/1064/1064 1066/1066/1066 1067/1067/1067
f 1064/1064/1064 1067/1067/1067 1065/1065/1065
f 1065/1065/1065 1067/1067/1067 1068/1068/1068
f 1065/1065/1065 1068/1068/1068 1069/1069/1069
f 40/40/40 1065/1065/1065 1069/1069/1069
f 40/40/40 1069/1069/1069 37/37/37
f 25/25/25 1070/1070/1070 1071/1071/1071
f 25/25/25 1071/1071/1071 1072/1072/1072
f 1070/1070/1070 1073/1073/1073 1074/1074/1074
f 1070/1070/1070 1074/1074/1074 1071/1071/1071
f 1071/1071/1071 1074/1074/1074 1066/1066/1066
f 1071/1071/1071 1066/1066/1066 1075/1075/1075
f 1072/1072/1072 1071/1071/1071 1075/1075/1075
f 1072/1072/1072 1075/1075/1075 1076/1076/1076
f 23/23/23 1077/1077/1077 1078/1078/1078
f 23/23/23 1078/1078/1078 24/24/24
f 1077/1077/1077 1079/1079/1079 1080/1080/1080
f 1077/1077/1077 1080/1080/1080 1078/1078/1078
f 1078/1078/1078 1080/1080/1080 1073/1073/1073
f 1078/1078/1078 1073/1073/1073 1070/1070/1070
f 24/24/24 1078/1078/1078 1070/1070/1070
f 24/24/24 1070/1070/1070 25/25/25
f 37/37/37 1069/1069/1069 1081/1081/1081
f 37/37/37 1081/1081/1081 610/610/610
f 1069/1069/1069 1068/1068/1068 1082/1082/1082
f 1069/1069/1069 1082/1082/1082 1081/1081/1081
f 1081/1081/1081 1082/1082/1082 1083/1083/1083
f 1081/1081/1081 1083/1083/1083 1084/1084/1084
f 610/610/610 1081/1081/1081 1084/1084/1084
f 610/610/610 1084/1084/1084 607/607/607
f 599/599/599 1085/1085/1085 1086/1086/1086
f 599/599/599 1086/1086/1086 600/600/600
f 1085/1085/1085 1087/1087/1087 1088/1088/1088
f 1085/1085/1085 1088/1088/1088 1086/1086/1086
f 1086/1086/1086 1088/1088/1088 1079/1079/1079
f 1086/1086/1086 1079/1079/1079 1077/1077/1077
f 600/600/600 1086/1086/1086 1077/1077/1077
f 600/600/600 1077/1077/1077 23/23/23
f 689/689/689 1089/1089/1089 1090/1090/1090
f 689/689/689 1090/1090/1090 1091/1091/1091
f 1089/1089/1089 1092/1092/1092 1093/1093/1093
f 1089/1089/1089 1093/1093/1093 1090/1090/1090
f 1090/1090/1090 1093/1093/1093 1094/1094/1094
f 1090/1090/1090 1094/1094/1094 1095/1095/1095
f 1091/1091/1091 1090/1090/1090 1095/1095/1095
f 1091/1091/1091 1095/1095/1095 681/681/681
f 607/607/607 1084/1084/1084 1096/1096/1096
f 607/607/607 1096/1096/1096 692/692/692
f 1084/1084/1084 1083/1083/1083 1097/1097/1097
f 1084/1084/1084 1097/1097/1097 1096/1096/1096
f 1096/1096/1096 1097/1097/1097 1092/1092/1092
f 1096/1096/1096 1092/1092/1092 1089/1089/1089
f 692/692/692 1096/1096/1096 1089/1089/1089
f 692/692/692 1089/1089/1089 689/689/689
f 681/681/681 1095/1095/1095 1098/1098/1098
f 681/681/681 1098/1098/1098 682/682/682
f 1095/1095/1095 1094/1094/1094 1099/1099/1099
f 1095/1095/1095 1099/1099/1099 1098/1098/1098
f 1098/1098/1098 1099/1099/1099 1087/1087/1087
f 1098/1098/1098 1087/1087/1087 1085/1085/1085
f 682/682/682 1098/1098/1098 1085/1085/1085
f 682/682/682 1085/1085/1085 599/599/599
f 1073/1073/1073 1080/1080/1080 1100/1100/1100
f 1073/1073/1073 1100/1100/1100 1101/1101/1101
f 1080/1080/1080 1079/1079/1079 1102/1102/1102
f 1080/1080/1080 1102/1102/1102 1100/1100/1100
f 1100/1100/1100 1102/1102/1102 1103/1103/1103
f 1100/1100/1100 1103/1103/1103 1104/1104/1104
f 1101/1101/1101 1100/1100/1100 1104/1104/1104
f 1101/1101/1101 1104/1104/1104 1105/1105/1105
f 1066/1066/1066 1074/1074/1074 1106/1106/1106
f 1066/1066/1066 1106/1106/1106 1107/1107/1107
f 1074/1074/1074 1073/1073/1073 1101/1101/1101
f 1074/1074/1074 1101/1101/1101 1106/1106/1106
f 1106/1106/1106 1101/1101/1101 1105/1105/1105
f 1106/1106/1106 1105/1105/1105 1108/1108/1108
f 1107/1107/1107 1106/1106/1106 1108/1108/1108
f 1107/1107/1107 1108/1108/1108 1109/1109/1109
f 1068/1068/1068 1067/1067/1067 1110/1110/1110
f 1068/1068/1068 1110/1110/1110 1111/1111/1111
f 1067/1067/1067 1066/1066/1066 1107/1107/1107
f 1067/1067/1067 1107/1107/1107 1110/1110/1110
f 1110/1110/1110 1107/1107/1107 1109/1109/1109
f 1110/1110/1110 1109/1109/1109 1112/1112/1112
f 1111/1111/1111 1110/1110/1110 1112/1112/1112
f 1111/1111/1111 1112/1112/1112 1113/1113/1113
f 1083/1083/1083 1082/1082/1082 1114/1114/1114
f 1083/1083/1083 1114/1114/1114 1115/1115/1115
f 1082/1082/1082 1068/1068/1068 1111/1111/1111
f 1082/1082/1082 1111/1111/1111 1114/1114/1114
f 1114/1114/1114 1111/1111/1111 1113/1113/1113
f 1114/1114/1114 1113/1113/1113 1116/1116/1116
f 1115/1115/1115 1114/1114/1114 1116/1116/1116
f 1115/1115/1115 1116/1116/1116 1117/1117/1117
f 1092/1092/1092 1097/1097/1097 1118/1118/1118
f 1092/1092/1092 1118/1118/1118 1119/1119/1119
f 1097/1097/1097 1083/1083/1083 1115/1115/1115
f 1097/1097/1097 1115/1115/1115 1118/1118/1118
f 1118/1118/1118 1115/1115/1115 1117/1117/1117
f 1118/1118/1118 1117/1117/1117 1120/1120/1120
f 1119/1119/1119 1118/1118/1118 1120/1120/1120
f 1119/1119/1119 1120/1120/1120 1121/1121/1121
f 1094/1094/1094 1093/1093/1093 1122/1122/1122
f 1094/1094/1094 1122/1122/1122 1123/1123/1123
f 1093/1093/1093 1092/1092/1092 1119/1119/1119
f 1093/1093/1093 1119/1119/1119 1122/1122/1122
f 1122/1122/1122 1119/1119/1119 1121/1121/1121
f 1122/1122/1122 1121/1121/1121 1124/1124/1124
f 1123/1123/1123 1122/1122/1122 1124/1124/1124
f 1123/1123/1123 1124/1124/1124 1125/1125/1125
f 1087/1087/1087 1099/1099/1099 1126/1126/1126
f 1087/1087/1087 1126/1126/1126 1127/1127/1127
f 1099/1099/1099 1094/1094/1094 1123/1123/1123
f 1099/1099/1099 1123/1123/1123 1126/1126/1126
f 1126/1126/1126 1123/1123/1123 1125/1125/1125
f 1126/1126/1126 1125/1125/1125 1128/1128/1128
f 1127/1127/1127 1126/1126/1126 1128/1128/1128
f 1127/1127/1127 1128/1128/1128 1129/1129/1129
f 1079/1079/1079 1088/1088/1088 1130/1130/1130
f 1079/1079/1079 1130/1130/1130 1102/1102/1102
f 1088/1088/1088 1087/1087/1087 1127/1127/1127
f 1088/1088/1088 1127/1127/1127 1130/1130/1130
f 1130/1130/1130 1127/1127/1127 1129/1129/1129
f 1130/1130/1130 1129/1129/1129 1131/1131/1131
f 1102/1102/1102 1130/1130/1130 1131/1131/1131
f 1102/1102/1102 1131/1131/1131 1103/1103/1103
f 1033/1033/1033 1038/1038/1038 1132/1132/1132
f 1033/1033/1033 1132/1132/1132 1133/1133/1133
f 1038/1038/1038 1037/1037/1037 1134/1134/1134
f 1038/1038/1038 1134/1134/1134 1132/1132/1132
f 1132/1132/1132 1134/1134/1134 1135/1135/1135
f 1132/1132/1132 1135/1135/1135 1136/1136/1136
f 1133/1133/1133 1132/1132/1132 1136/1136/1136
f 1133/1133/1133 1136/1136/1136 1137/1137/1137
f 1025/1025/1025 1034/1034/1034 1138/1138/1138
f 1025/1025/1025 1138/1138/1138 1139/1139/1139
f 1034/1034/1034 1033/1033/1033 1133/1133/1133
f 1034/1034/1034 1133/1133/1133 1138/1138/1138
f 1138/1138/1138 1133/1133/1133 1137/1137/1137
f 1138/1138/1138 1137/1137/1137 1140/1140/1140
f 1139/1139/1139 1138/1138/1138 1140/1140/1140
f 1139/1139/1139 1140/1140/1140 1141/1141/1141
f 1027/1027/1027 1026/1026/1026 1142/1142/1142
f 1027/1027/1027 1142/1142/1142 1143/1143/1143
f 1026/1026/1026 1025/1025/1025 1139/1139/1139
f 1026/1026/1026 1139/1139/1139 1142/1142/1142
f 1142/1142/1142 1139/1139/1139 1141/1141/1141
f 1142/1142/1142 1141/1141/1141 1144/1144/1144
f 1143/1143/1143 1142/1142/1142 1144/1144/1144
f 1143/1143/1143 1144/1144/1144 1145/1145/1145
f 1042/1042/1042 1041/1041/1041 1146/1146/1146
f 1042/1042/1042 1146/1146/1146 1147/1147/1147
f 1041/1041/1041 1027/1027/1027 1143/1143/1143
f 1041/1041/1041 1143/1143/1143 1146/1146/1146
f 1146/1146/1146 1143/1143/1143 1145/1145/1145
f 1146/1146/1146 1145/1145/1145 1148/1148/1148
f 1147/1147/1147 1146/1146/1146 1148/1148/1148
f 1147/1147/1147 1148/1148/1148 1149/1149/1149
f 1053/1053/1053 1060/1060/1060 1150/1150/1150
f 1053/1053/1053 1150/1150/1150 1151/1151/1151
f 1060/1060/1060 1042/1042/1042 1147/1147/1147
f 1060/1060/1060 1147/1147/1147 1150/1150/1150
f 1150/1150/1150 1147/1147/1147 1149/1149/1149
f 1150/1150/1150 1149/1149/1149 1152/1152/1152
f 1151/1151/1151 1150/1150/1150 1152/1152/1152
f 1151/1151/1151 1152/1152/1152 1153/1153/1153
f 1055/1055/1055 1054/1054/1054 1154/1154/1154
f 1055/1055/1055 1154/1154/1154 1155/1155/1155
f 1054/1054/1054 1053/1053/1053 1151/1151/1151
f 1054/1054/1054 1151/1151/1151 1154/1154/1154
f 1154/1154/1154 1151/1151/1151 1153/1153/1153
f 1154/1154/1154 1153/1153/1153 1156/1156/1156
f 1155/1155/1155 1154/1154/1154 1156/1156/1156
f 1155/1155/1155 1156/1156/1156 1157/1157/1157
f 1047/1047/1047 1063/1063/1063 1158/1158/1158
f 1047/1047/1047 1158/1158/1158 1159/1159/1159
f 1063/1063/1063 1055/1055/1055 1155/1155/1155
f 1063/1063/1063 1155/1155/1155 1158/1158/1158
f 1158/1158/1158 1155/1155/1155 1157/1157/1157
f 1158/1158/1158 1157/1157/1157 1160/1160/1160
f 1159/1159/1159 1158/1158/1158 1160/1160/1160
f 1159/1159/1159 1160/1160/1160 1161/1161/1161
f 1037/1037/1037 1048/1048/1048 1162/1162/1162
f 1037/1037/1037 1162/1162/1162 1134/1134/1134
f 1048/1048/1048 1047/1047/1047 1159/1159/1159
f 1048/1048/1048 1159/1159/1159 1162/1162/1162
f 1162/1162/1162 1159/1159/1159 1161/1161/1161
f 1162/1162/1162 1161/1161/1161 1163/1163/1163
f 1134/1134/1134 1162/1162/1162 1163/1163/1163
f 1134/1134/1134 1163/1163/1163 1135/1135/1135
f 1105/1105/1105 1104/1104/1104 1164/1164/1164
f 1105/1105/1105 1164/1164/1164 1165/1165/1165
f 1104/1104/1104 1103/1103/1103 1166/1166/1166
f 1104/1104/1104 1166/1166/1166 1164/1164/1164
f 1164/1164/1164 1166/1166/1166 28/28/28
f 1164/1164/1164 28/28/28 31/31/31
f 1165/1165/1165 1164/1164/1164 31/31/31
f 1165/1165/1165 31/31/31 36/36/36
f 1109/1109/1109 1108/1108/1108 1167/1167/1167
f 1109/1109/1109 1167/1167/1167 1168/1168/1168
f 1108/1108/1108 1105/1105/1105 1165/1165/1165
f 1108/1108/1108 1165/1165/1165 1167/1167/1167
f 1167/1167/1167 1165/1165/1165 36/36/36
f 1167/1167/1167 36/36/36 35/35/35
f 1168/1168/1168 1167/1167/1167 35/35/35
f 1168/1168/1168 35/35/35 34/34/34
f 1113/1113/1113 1112/1112/1112 1169/1169/1169
f 1113/1113/1113 1169/1169/1169 1170/1170/1170
f 1112/1112/1112 1109/1109/1109 1168/1168/1168
f 1112/1112/1112 1168/1168/1168 1169/1169/1169
f 1169/1169/1169 1168/1168/1168 34/34/34
f 1169/1169/1169 34/34/34 33/33/33
f 1170/1170/1170 1169/1169/1169 33/33/33
f 1170/1170/1170 33/33/33 32/32/32
f 1117/1117/1117 1116/1116/1116 1171/1171/1171
f 1117/1117/1117 1171/1171/1171 1172/1172/1172
f 1116/1116/1116 1113/1113/1113 1170/1170/1170
f 1116/1116/1116 1170/1170/1170 1171/1171/1171
f 1171/1171/1171 1170/1170/1170 32/32/32
f 1171/1171/1171 32/32/32 606/606/606
f 1172/1172/1172 1171/1171/1171 606/606/606
f 1172/1172/1172 606/606/606 605/605/605
f 1121/1121/1121 1120/1120/1120 1173/1173/1173
f 1121/1121/1121 1173/1173/1173 1174/1174/1174
f 1120/1120/1120 1117/1117/1117 1172/1172/1172
f 1120/1120/1120 1172/1172/1172 1173/1173/1173
f 1173/1173/1173 1172/1172/1172 605/605/605
f 1173/1173/1173 605/605/605 688/688/688
f 1174/1174/1174 1173/1173/1173 688/688/688
f 1174/1174/1174 688/688/688 687/687/687
f 1125/1125/1125 1124/1124/1124 1175/1175/1175
f 1125/1125/1125 1175/1175/1175 1176/1176/1176
f 1124/1124/1124 1121/1121/1121 1174/1174/1174
f 1124/1124/1124 1174/1174/1174 1175/1175/1175
f 1175/1175/1175 1174/1174/1174 687/687/687
f 1175/1175/1175 687/687/687 684/684/684
f 1176/1176/1176 1175/1175/1175 684/684/684
f 1176/1176/1176 684/684/684 683/683/683
f 1129/1129/1129 1128/1128/1128 1177/1177/1177
f 1129/1129/1129 1177/1177/1177 1178/1178/1178
f 1128/1128/1128 1125/1125/1125 1176/1176/1176
f 1128/1128/1128 1176/1176/1176 1177/1177/1177
f 1177/1177/1177 1176/1176/1176 683/683/683
f 1177/1177/1177 683/683/683 686/686/686
f 1178/1178/1178 1177/1177/1177 686/686/686
f 1178/1178/1178 686/686/686 601/601/601
f 1103/1103/1103 1131/1131/1131 1179/1179/1179
f 1103/1103/1103 1179/1179/1179 1166/1166/1166
f 1131/1131/1131 1129/1129/1129 1178/1178/1178
f 1131/1131/1131 1178/1178/1178 1179/1179/1179
f 1179/1179/1179 1178/1178/1178 601/601/601
f 1179/1179/1179 601/601/601 604/604/604
f 1166/1166/1166 1179/1179/1179 604/604/604
f 1166/1166/1166 604/604/604 28/28/28
f 1137/1137/1137 1136/1136/1136 1180/1180/1180
f 1137/1137/1137 1180/1180/1180 1181/1181/1181
f 1136/1136/1136 1135/1135/1135 1182/1182/1182
f 1136/1136/1136 1182/1182/1182 1180/1180/1180
f 1180/1180/1180 1182/1182/1182 10/10/10
f 1180/1180/1180 10/10/10 13/13/13
f 1181/1181/1181 1180/1180/1180 13/13/13
f 1181/1181/1181 13/13/13 18/18/18
f 1141/1141/1141 1140/1140/1140 1183/1183/1183
f 1141/1141/1141 1183/1183/1183 1184/1184/1184
f 1140/1140/1140 1137/1137/1137 1181/1181/1181
f 1140/1140/1140 1181/1181/1181 1183/1183/1183
f 1183/1183/1183 1181/1181/1181 18/18/18
f 1183/1183/1183 18/18/18 17/17/17
f 1184/1184/1184 1183/1183/1183 17/17/17
f 1184/1184/1184 17/17/17 16/16/16
f 1145/1145/1145 1144/1144/1144 1185/1185/1185
f 1145/1145/1145 1185/1185/1185 1186/1186/1186
f 1144/1144/1144 1141/1141/1141 1184/1184/1184
f 1144/1144/1144 1184/1184/1184 1185/1185/1185
f 1185/1185/1185 1184/1184/1184 16/16/16
f 1185/1185/1185 16/16/16 15/15/15
f 1186/1186/1186 1185/1185/1185 15/15/15
f 1186/1186/1186 15/15/15 14/14/14
f 1149/1149/1149 1148/1148/1148 1187/1187/1187
f 1149/1149/1149 1187/1187/1187 1188/1188/1188
f 1148/1148/1148 1145/1145/1145 1186/1186/1186
f 1148/1148/1148 1186/1186/1186 1187/1187/1187
f 1187/1187/1187 1186/1186/1186 14/14/14
f 1187/1187/1187 14/14/14 594/594/594
f 1188/1188/1188 1187/1187/1187 594/594/594
f 1188/1188/1188 594/594/594 593/593/593
f 1153/1153/1153 1152/1152/1152 1189/1189/1189
f 1153/1153/1153 1189/1189/1189 1190/1190/1190
f 1152/1152/1152 1149/1149/1149 1188/1188/1188
f 1152/1152/1152 1188/1188/1188 1189/1189/1189
f 1189/1189/1189 1188/1188/1188 593/593/593
f 1189/1189/1189 593/593/593 676/676/676
f 1190/1190/1190 1189/1189/1189 676/676/676
f 1190/1190/1190 676/676/676 675/675/675
f 1157/1157/1157 1156/1156/1156 1191/1191/1191
f 1157/1157/1157 1191/1191/1191 1192/1192/1192
f 1156/1156/1156 1153/1153/1153 1190/1190/1190
f 1156/1156/1156 1190/1190/1190 1191/1191/1191
f 1191/1191/1191 1190/1190/1190 675/675/675
f 1191/1191/1191 675/675/675 672/672/672
f 1192/1192/1192 1191/1191/1191 672/672/672
f 1192/1192/1192 672/672/672 671/671/671
f 1161/1161/1161 1160/1160/1160 1193/1193/1193
f 1161/1161/1161 1193/1193/1193 1194/1194/1194
f 1160/1160/1160 1157/1157/1157 1192/1192/1192
f 1160/1160/1160 1192/1192/1192 1193/1193/1193
f 1193/1193/1193 1192/1192/1192 671/671/671
f 1193/1193/1193 671/671/671 674/674/674
f 1194/1194/1194 1193/1193/1193 674/674/674
f 1194/1194/1194 674/674/674 589/589/589
f 1135/1135/1135 1163/1163/1163 1195/1195/1195
f 1135/1135/1135 1195/1195/1195 1182/1182/1182
f 1163/1163/1163 1161/1161/1161 1194/1194/1194
f 1163/1163/1163 1194/1194/1194 1195/1195/1195
f 1195/1195/1195 1194/1194/1194 589/589/589
f 1195/1195/1195 589/589/589 592/592/592
f 1182/1182/1182 1195/1195/1195 592/592/592
f 1182/1182/1182 592/592/592 10/10/10
