# vaiseau_cannon_bout_vaiseau_cannon_bout1_0_36
v 1.418955 -0.288561 -0.258094
v 1.412056 -0.287298 -0.256555
v 1.439149 -0.288451 -0.259571
v 1.438999 -0.289619 -0.260472
v 1.419197 -0.286569 -0.256668
v 1.439291 -0.287222 -0.258754
v 1.459302 -0.288448 -0.261352
v 1.466234 -0.289542 -0.262671
v 1.459112 -0.290007 -0.262469
v 1.408558 -0.283617 -0.256916
v 1.411994 -0.282414 -0.255351
v 1.439382 -0.284125 -0.259127
v 1.439170 -0.284912 -0.260328
v 1.412368 -0.281441 -0.253204
v 1.439687 -0.283332 -0.257379
v 1.466737 -0.285230 -0.261505
v 1.466502 -0.285841 -0.262853
v 1.469490 -0.286865 -0.264423
v 1.412771 -0.280947 -0.250904
v 1.440015 -0.282931 -0.255507
v 1.410123 -0.280657 -0.247963
v 1.440264 -0.282838 -0.254075
v 1.470403 -0.285136 -0.259202
v 1.466990 -0.284920 -0.260061
v 1.420412 -0.284250 -0.249715
v 1.413694 -0.284191 -0.247180
v 1.440367 -0.286150 -0.252594
v 1.440127 -0.285626 -0.253961
v 1.420822 -0.285011 -0.247410
v 1.440621 -0.286542 -0.251187
v 1.460304 -0.287733 -0.255651
v 1.467054 -0.287977 -0.257968
v 1.459982 -0.287137 -0.257456
v 1.410931 -0.282154 -0.243426
v 1.414317 -0.283817 -0.242209
v 1.441274 -0.285267 -0.248428
v 1.441072 -0.284337 -0.249530
v 1.414603 -0.285589 -0.240635
v 1.441507 -0.286709 -0.247147
v 1.468141 -0.287834 -0.253614
v 1.467961 -0.286721 -0.254602
v 1.470893 -0.286046 -0.256444
v 1.414819 -0.287657 -0.239464
v 1.441683 -0.288393 -0.246193
v 1.411936 -0.289891 -0.237918
v 1.441770 -0.289747 -0.245699
v 1.471478 -0.290560 -0.253240
v 1.468276 -0.289132 -0.252879
v 1.421603 -0.291035 -0.243124
v 1.414749 -0.292299 -0.241396
v 1.441153 -0.292174 -0.248288
v 1.441159 -0.290692 -0.248231
v 1.421614 -0.293497 -0.243126
v 1.441173 -0.293655 -0.248234
v 1.460748 -0.293045 -0.253254
v 1.467582 -0.292049 -0.255069
v 1.460740 -0.291118 -0.253252
v 1.411958 -0.294737 -0.237922
v 1.414861 -0.296943 -0.239472
v 1.441717 -0.295953 -0.246199
v 1.441792 -0.294600 -0.245703
v 1.414664 -0.299011 -0.240646
v 1.441556 -0.297637 -0.247155
v 1.468179 -0.296261 -0.253621
v 1.468303 -0.294963 -0.252883
v 1.471491 -0.293506 -0.253242
v 1.414394 -0.300783 -0.242222
v 1.441337 -0.299080 -0.248439
v 1.411022 -0.302476 -0.243441
v 1.441143 -0.300011 -0.249542
v 1.470947 -0.298021 -0.256453
v 1.468009 -0.297374 -0.254611
v 1.420878 -0.299446 -0.247445
v 1.413762 -0.300364 -0.247206
v 1.440421 -0.298198 -0.252604
v 1.440666 -0.297763 -0.251209
v 1.420475 -0.300207 -0.249751
v 1.440181 -0.298679 -0.253985
v 1.460018 -0.296950 -0.257488
v 1.467086 -0.296079 -0.257988
v 1.460334 -0.296354 -0.255682
v 1.410229 -0.303973 -0.247981
v 1.412873 -0.303652 -0.250922
v 1.440099 -0.301416 -0.255521
v 1.440348 -0.301511 -0.254089
v 1.412466 -0.303159 -0.253221
v 1.439767 -0.301014 -0.257393
v 1.466799 -0.298866 -0.261516
v 1.467055 -0.299176 -0.260073
v 1.470465 -0.298931 -0.259213
v 1.412083 -0.302186 -0.255366
v 1.439455 -0.300221 -0.259140
v 1.408636 -0.301016 -0.256936
v 1.439234 -0.299442 -0.260350
v 1.469536 -0.297205 -0.264437
v 1.466558 -0.298255 -0.262863
v 1.419244 -0.297994 -0.256719
v 1.412099 -0.297317 -0.256587
v 1.439183 -0.295897 -0.259577
v 1.439333 -0.297144 -0.258786
v 1.418984 -0.296003 -0.258142
v 1.439020 -0.294746 -0.260499
v 1.459127 -0.294186 -0.262515
v 1.466254 -0.294573 -0.262698
v 1.459331 -0.295746 -0.261400
v 1.408124 -0.297096 -0.259738
v 1.411101 -0.294673 -0.260736
v 1.438656 -0.294105 -0.263511
v 1.438721 -0.295516 -0.263156
v 1.411047 -0.292300 -0.260982
v 1.438612 -0.292173 -0.263712
v 1.465908 -0.292048 -0.266389
v 1.465942 -0.293538 -0.266235
v 1.469224 -0.294823 -0.266140
v 1.411080 -0.289927 -0.260732
v 1.438639 -0.290241 -0.263508
v 1.408081 -0.287537 -0.259724
v 1.438692 -0.288838 -0.263140
v 1.469200 -0.289248 -0.266129
v 1.465929 -0.290558 -0.266232
v 1.400335 -0.284285 -0.254868
v 1.400042 -0.285822 -0.256568
v 1.400064 -0.287605 -0.254083
v 1.400378 -0.287115 -0.252290
v 1.399890 -0.287937 -0.257484
v 1.400090 -0.289487 -0.253989
v 1.401221 -0.292355 -0.247648
v 1.401003 -0.282028 -0.251016
v 1.400624 -0.282730 -0.253184
v 1.400488 -0.285356 -0.251621
v 1.400813 -0.285649 -0.249788
v 1.401781 -0.281556 -0.246594
v 1.401381 -0.281302 -0.248855
v 1.401038 -0.284318 -0.248473
v 1.401318 -0.285343 -0.246916
v 1.402533 -0.282951 -0.242367
v 1.402181 -0.281785 -0.244330
v 1.401620 -0.284669 -0.245182
v 1.401806 -0.286249 -0.244171
v 1.403129 -0.285972 -0.239065
v 1.402886 -0.284095 -0.240391
v 1.402133 -0.286349 -0.242317
v 1.402193 -0.288211 -0.242027
v 1.403466 -0.290096 -0.237260
v 1.403375 -0.287833 -0.237719
v 1.402488 -0.289068 -0.240374
v 1.402412 -0.290889 -0.240854
v 1.403487 -0.294610 -0.237264
v 1.403562 -0.292353 -0.236777
v 1.402625 -0.292355 -0.239689
v 1.402425 -0.293821 -0.240857
v 1.403187 -0.298734 -0.239075
v 1.403416 -0.296873 -0.237726
v 1.402518 -0.295642 -0.240379
v 1.402231 -0.296499 -0.242033
v 1.402618 -0.301755 -0.242382
v 1.402961 -0.300611 -0.240404
v 1.402187 -0.298361 -0.242327
v 1.401861 -0.298461 -0.244181
v 1.401878 -0.303150 -0.246611
v 1.402277 -0.302921 -0.244347
v 1.401690 -0.300041 -0.245194
v 1.401381 -0.299367 -0.246927
v 1.401097 -0.302678 -0.251032
v 1.401481 -0.303404 -0.248873
v 1.401111 -0.300392 -0.248486
v 1.400873 -0.299061 -0.249799
v 1.400408 -0.300421 -0.254881
v 1.400711 -0.301976 -0.253199
v 1.400551 -0.299354 -0.251633
v 1.400426 -0.297595 -0.252298
v 1.399930 -0.296769 -0.257491
v 1.400101 -0.298885 -0.256579
v 1.400107 -0.297105 -0.254090
v 1.400116 -0.295223 -0.253993
v 1.399747 -0.292353 -0.258412
v 1.399756 -0.294663 -0.258426
v 1.399856 -0.294035 -0.255434
v 1.399997 -0.292355 -0.254591
v 1.399735 -0.290043 -0.258422
v 1.399841 -0.290675 -0.255431
v 1.466852 -0.290940 -0.261810
v 1.466890 -0.290409 -0.261581
v 1.466729 -0.290857 -0.260928
v 1.466736 -0.291329 -0.260904
v 1.466963 -0.290024 -0.261155
v 1.466808 -0.290735 -0.260478
v 1.467019 -0.292048 -0.259314
v 1.467036 -0.289634 -0.260732
v 1.466835 -0.290293 -0.260311
v 1.467131 -0.289458 -0.260189
v 1.466917 -0.290367 -0.259851
v 1.467226 -0.289276 -0.259647
v 1.466973 -0.290033 -0.259521
v 1.467326 -0.289340 -0.259079
v 1.467044 -0.290290 -0.259131
v 1.467427 -0.289397 -0.258511
v 1.467120 -0.290121 -0.258695
v 1.467515 -0.289690 -0.258018
v 1.467166 -0.290517 -0.258441
v 1.467604 -0.289977 -0.257522
v 1.467248 -0.290542 -0.257976
v 1.467664 -0.290447 -0.257190
v 1.467263 -0.291009 -0.257904
v 1.467726 -0.290914 -0.256853
v 1.467337 -0.291224 -0.257490
v 1.467749 -0.291481 -0.256739
v 1.467318 -0.291681 -0.257611
v 1.467773 -0.292047 -0.256618
v 1.467371 -0.292048 -0.257318
v 1.467754 -0.292613 -0.256740
v 1.467321 -0.292416 -0.257611
v 1.467736 -0.293180 -0.256856
v 1.467345 -0.292872 -0.257491
v 1.467679 -0.293647 -0.257194
v 1.467272 -0.293087 -0.257906
v 1.467622 -0.294118 -0.257527
v 1.467262 -0.293554 -0.257980
v 1.467536 -0.294404 -0.258024
v 1.467180 -0.293579 -0.258445
v 1.467450 -0.294697 -0.258516
v 1.467137 -0.293975 -0.258699
v 1.467351 -0.294754 -0.259083
v 1.467059 -0.293806 -0.259133
v 1.467251 -0.294818 -0.259650
v 1.466992 -0.294064 -0.259524
v 1.467155 -0.294636 -0.260191
v 1.466932 -0.293730 -0.259853
v 1.467058 -0.294460 -0.260735
v 1.466851 -0.293803 -0.260313
v 1.466982 -0.294070 -0.261157
v 1.466820 -0.293362 -0.260480
v 1.466905 -0.293685 -0.261583
v 1.466740 -0.293239 -0.260929
v 1.466862 -0.293154 -0.261812
v 1.466742 -0.292767 -0.260905
v 1.466818 -0.292626 -0.262046
v 1.466677 -0.292470 -0.261266
v 1.466816 -0.292047 -0.262042
v 1.466712 -0.292048 -0.261055
v 1.466813 -0.291468 -0.262045
v 1.466673 -0.291627 -0.261266
v 1.399890 -0.287937 -0.257484
v 1.400042 -0.285822 -0.256568
v 1.401132 -0.285222 -0.257590
v 1.400921 -0.287416 -0.258843
v 1.400335 -0.284285 -0.254868
v 1.401417 -0.283336 -0.255921
v 1.402372 -0.285262 -0.257745
v 1.408081 -0.287537 -0.259724
v 1.400624 -0.282730 -0.253184
v 1.401767 -0.281849 -0.253898
v 1.401003 -0.282028 -0.251016
v 1.402164 -0.280815 -0.251619
v 1.401381 -0.281302 -0.248855
v 1.402592 -0.280291 -0.249176
v 1.401781 -0.281556 -0.246594
v 1.403032 -0.280288 -0.246680
v 1.402181 -0.281785 -0.244330
v 1.403465 -0.280818 -0.244239
v 1.402533 -0.282951 -0.242367
v 1.403872 -0.281846 -0.241959
v 1.404692 -0.280874 -0.244476
v 1.402886 -0.284095 -0.240391
v 1.404235 -0.283339 -0.239942
v 1.403129 -0.285972 -0.239065
v 1.404538 -0.285220 -0.238271
v 1.403375 -0.287833 -0.237719
v 1.404768 -0.287417 -0.237028
v 1.403466 -0.290096 -0.237260
v 1.404915 -0.289826 -0.236256
v 1.403562 -0.292353 -0.236777
v 1.404972 -0.292347 -0.236000
v 1.403487 -0.294610 -0.237264
v 1.404938 -0.294868 -0.236260
v 1.406183 -0.292341 -0.236316
v 1.403416 -0.296873 -0.237726
v 1.404812 -0.297278 -0.237036
v 1.403187 -0.298734 -0.239075
v 1.404602 -0.299474 -0.238283
v 1.402961 -0.300611 -0.240404
v 1.404316 -0.301356 -0.239957
v 1.402618 -0.301755 -0.242382
v 1.403967 -0.302848 -0.241976
v 1.402277 -0.302921 -0.244347
v 1.403569 -0.303876 -0.244258
v 1.401878 -0.303150 -0.246611
v 1.403141 -0.304406 -0.246699
v 1.404796 -0.303811 -0.244494
v 1.401481 -0.303404 -0.248873
v 1.402701 -0.304403 -0.249195
v 1.401097 -0.302678 -0.251032
v 1.402268 -0.303879 -0.251637
v 1.400711 -0.301976 -0.253199
v 1.401862 -0.302845 -0.253915
v 1.400408 -0.300421 -0.254881
v 1.401499 -0.301358 -0.255935
v 1.400101 -0.298885 -0.256579
v 1.401196 -0.299473 -0.257602
v 1.399930 -0.296769 -0.257491
v 1.400966 -0.297279 -0.258850
v 1.402435 -0.299428 -0.257766
v 1.399756 -0.294663 -0.258426
v 1.400819 -0.294868 -0.259617
v 1.399747 -0.292353 -0.258412
v 1.400761 -0.292347 -0.259879
v 1.399735 -0.290043 -0.258422
v 1.400796 -0.289827 -0.259613
v 1.399890 -0.287937 -0.257484
v 1.400921 -0.287416 -0.258843
v 1.475405 -0.290664 -0.267195
v 1.475387 -0.292004 -0.267336
v 1.475472 -0.289382 -0.266785
v 1.475899 -0.289385 -0.266848
v 1.475833 -0.290665 -0.267257
v 1.475815 -0.292002 -0.267398
v 1.475418 -0.293344 -0.267197
v 1.475495 -0.294627 -0.266790
v 1.475845 -0.293339 -0.267259
v 1.475923 -0.294619 -0.266852
v 1.475196 -0.295764 -0.266008
v 1.475618 -0.295793 -0.266125
v 1.475779 -0.296795 -0.265239
v 1.476045 -0.295783 -0.266189
v 1.476206 -0.296783 -0.265305
v 1.475972 -0.297586 -0.264165
v 1.476188 -0.298136 -0.262954
v 1.476398 -0.297572 -0.264233
v 1.476614 -0.298121 -0.263025
v 1.476418 -0.298415 -0.261655
v 1.476652 -0.298416 -0.260328
v 1.476844 -0.298399 -0.261729
v 1.477077 -0.298400 -0.260405
v 1.476448 -0.298090 -0.258969
v 1.476880 -0.298135 -0.259030
v 1.477091 -0.297588 -0.257816
v 1.477304 -0.298119 -0.259109
v 1.477515 -0.297574 -0.257898
v 1.477277 -0.296794 -0.256743
v 1.477429 -0.295794 -0.255853
v 1.477701 -0.296782 -0.256827
v 1.477853 -0.295784 -0.255939
v 1.477541 -0.294626 -0.255190
v 1.477607 -0.293345 -0.254777
v 1.477964 -0.294618 -0.255277
v 1.478030 -0.293340 -0.254866
v 1.477179 -0.292006 -0.254648
v 1.477626 -0.292004 -0.254639
v 1.477595 -0.290664 -0.254775
v 1.478049 -0.292002 -0.254728
v 1.478018 -0.290665 -0.254863
v 1.477517 -0.289382 -0.255185
v 1.477395 -0.288214 -0.255847
v 1.477940 -0.289386 -0.255273
v 1.477818 -0.288221 -0.255933
v 1.477234 -0.287214 -0.256735
v 1.477041 -0.286420 -0.257807
v 1.477657 -0.287222 -0.256820
v 1.477465 -0.286431 -0.257890
v 1.476393 -0.285924 -0.258960
v 1.476825 -0.285874 -0.259020
v 1.476594 -0.285592 -0.260318
v 1.477249 -0.285885 -0.259100
v 1.477020 -0.285604 -0.260395
v 1.476360 -0.285593 -0.261645
v 1.476133 -0.285872 -0.262944
v 1.476786 -0.285605 -0.261719
v 1.476559 -0.285883 -0.263015
v 1.475921 -0.286422 -0.264156
v 1.475736 -0.287213 -0.265232
v 1.476348 -0.286432 -0.264225
v 1.476163 -0.287221 -0.265298
v 1.469200 -0.289248 -0.266129
v 1.475163 -0.288255 -0.265992
v 1.475584 -0.288215 -0.266119
v 1.475472 -0.289382 -0.266785
v 1.476011 -0.288222 -0.266183
v 1.475899 -0.289385 -0.266848
v 1.476110 -0.289559 -0.266488
v 1.476214 -0.288473 -0.265868
v 1.476396 -0.289219 -0.264856
v 1.476314 -0.290076 -0.265345
v 1.476356 -0.287539 -0.265041
v 1.476507 -0.288483 -0.264204
v 1.476583 -0.289428 -0.263354
v 1.476501 -0.289966 -0.263831
v 1.476441 -0.290593 -0.264189
v 1.476529 -0.286802 -0.264039
v 1.476644 -0.287902 -0.263414
v 1.476725 -0.286290 -0.262910
v 1.476799 -0.287499 -0.262524
v 1.476796 -0.288707 -0.262125
v 1.476683 -0.289003 -0.262776
v 1.476937 -0.286031 -0.261700
v 1.476966 -0.287294 -0.261570
v 1.477155 -0.286029 -0.260464
v 1.477138 -0.287293 -0.260596
v 1.477044 -0.288557 -0.260714
v 1.476918 -0.288558 -0.261427
v 1.477370 -0.286291 -0.259255
v 1.477307 -0.287500 -0.259643
v 1.477571 -0.286801 -0.258126
v 1.477466 -0.287901 -0.258752
v 1.477284 -0.289002 -0.259365
v 1.477168 -0.288708 -0.260017
v 1.477751 -0.287540 -0.257127
v 1.477607 -0.288484 -0.257965
v 1.477901 -0.288472 -0.256300
v 1.477726 -0.289219 -0.257313
v 1.477474 -0.289966 -0.258312
v 1.477387 -0.289428 -0.258789
v 1.478015 -0.289560 -0.255684
v 1.477816 -0.290076 -0.256827
v 1.478088 -0.290753 -0.255301
v 1.477873 -0.291017 -0.256525
v 1.477582 -0.291282 -0.257736
v 1.477540 -0.290593 -0.257957
v 1.478116 -0.292001 -0.255174
v 1.477895 -0.292001 -0.256425
v 1.478099 -0.293250 -0.255303
v 1.477882 -0.292986 -0.256527
v 1.477588 -0.292722 -0.257737
v 1.477598 -0.292002 -0.257663
v 1.478037 -0.294443 -0.255687
v 1.477833 -0.293927 -0.256830
v 1.477933 -0.295531 -0.256305
v 1.477751 -0.294784 -0.257317
v 1.477493 -0.294038 -0.258315
v 1.477552 -0.293410 -0.257959
v 1.477791 -0.296463 -0.257134
v 1.477639 -0.295519 -0.257971
v 1.477618 -0.297202 -0.258134
v 1.477503 -0.296102 -0.258759
v 1.477311 -0.295002 -0.259370
v 1.477411 -0.294575 -0.258793
v 1.477421 -0.297711 -0.259264
v 1.477348 -0.296503 -0.259650
v 1.477209 -0.297974 -0.260474
v 1.477181 -0.296710 -0.260603
v 1.477075 -0.295447 -0.260720
v 1.477197 -0.295295 -0.260022
v 1.476991 -0.297972 -0.261710
v 1.477009 -0.296709 -0.261578
v 1.476777 -0.297713 -0.262919
v 1.476840 -0.296504 -0.262531
v 1.476826 -0.295296 -0.262130
v 1.476949 -0.295446 -0.261433
v 1.476576 -0.297201 -0.264047
v 1.476681 -0.296101 -0.263421
v 1.476396 -0.296464 -0.265048
v 1.476539 -0.295520 -0.264210
v 1.476606 -0.294576 -0.263358
v 1.476710 -0.295001 -0.262781
v 1.476246 -0.295530 -0.265873
v 1.476421 -0.294784 -0.264860
v 1.476132 -0.294444 -0.266492
v 1.476331 -0.293927 -0.265348
v 1.476454 -0.293411 -0.264191
v 1.476519 -0.294037 -0.263834
v 1.476059 -0.293250 -0.266871
v 1.476274 -0.292986 -0.265647
v 1.476031 -0.292002 -0.267001
v 1.476251 -0.292002 -0.265750
v 1.476395 -0.292002 -0.264485
v 1.476412 -0.292722 -0.264410
v 1.476048 -0.290753 -0.266869
v 1.476265 -0.291017 -0.265646
v 1.476405 -0.291282 -0.264409
v 1.475138 -0.290772 -0.263566
v 1.475191 -0.290222 -0.263252
v 1.472383 -0.290235 -0.262757
v 1.472330 -0.290785 -0.263071
v 1.475263 -0.289749 -0.262833
v 1.472454 -0.289762 -0.262339
v 1.469453 -0.289776 -0.261810
v 1.469382 -0.290249 -0.262228
v 1.469329 -0.290799 -0.262542
v 1.475350 -0.289376 -0.262326
v 1.472542 -0.289389 -0.261832
v 1.475450 -0.289117 -0.261755
v 1.472642 -0.289130 -0.261260
v 1.469641 -0.289144 -0.260731
v 1.469541 -0.289403 -0.261303
v 1.475557 -0.288985 -0.261142
v 1.472749 -0.288998 -0.260647
v 1.475668 -0.288985 -0.260516
v 1.472860 -0.288998 -0.260021
v 1.469859 -0.289012 -0.259492
v 1.469748 -0.289012 -0.260118
v 1.475776 -0.289117 -0.259904
v 1.472968 -0.289131 -0.259409
v 1.475878 -0.289375 -0.259332
v 1.473070 -0.289388 -0.258837
v 1.470069 -0.289402 -0.258307
v 1.469967 -0.289144 -0.258880
v 1.475969 -0.289749 -0.258827
v 1.473161 -0.289763 -0.258331
v 1.476045 -0.290221 -0.258408
v 1.473237 -0.290234 -0.257912
v 1.470236 -0.290248 -0.257383
v 1.470160 -0.289776 -0.257801
v 1.476103 -0.290772 -0.258096
v 1.473295 -0.290785 -0.257601
v 1.476140 -0.291376 -0.257903
v 1.473332 -0.291389 -0.257407
v 1.470331 -0.291403 -0.256878
v 1.470294 -0.290799 -0.257071
v 1.476154 -0.292008 -0.257838
v 1.473346 -0.292021 -0.257343
v 1.476145 -0.292640 -0.257904
v 1.473337 -0.292653 -0.257408
v 1.470336 -0.292667 -0.256879
v 1.470345 -0.292035 -0.256814
v 1.476114 -0.293244 -0.258098
v 1.473306 -0.293258 -0.257603
v 1.476061 -0.293795 -0.258411
v 1.473253 -0.293808 -0.257916
v 1.470252 -0.293822 -0.257386
v 1.470305 -0.293272 -0.257074
v 1.475989 -0.294267 -0.258831
v 1.473181 -0.294280 -0.258335
v 1.475902 -0.294641 -0.259337
v 1.473094 -0.294654 -0.258842
v 1.470093 -0.294668 -0.258313
v 1.470181 -0.294294 -0.257806
v 1.475802 -0.294899 -0.259909
v 1.472994 -0.294912 -0.259414
v 1.475695 -0.295032 -0.260521
v 1.472887 -0.295045 -0.260026
v 1.469886 -0.295059 -0.259497
v 1.469993 -0.294926 -0.258885
v 1.475585 -0.295031 -0.261147
v 1.472777 -0.295044 -0.260652
v 1.475476 -0.294900 -0.261759
v 1.472668 -0.294913 -0.261264
v 1.469667 -0.294927 -0.260734
v 1.469776 -0.295058 -0.260122
v 1.475374 -0.294641 -0.262330
v 1.472566 -0.294654 -0.261835
v 1.475283 -0.294268 -0.262837
v 1.472475 -0.294281 -0.262342
v 1.469474 -0.294295 -0.261813
v 1.469565 -0.294668 -0.261306
v 1.475207 -0.293795 -0.263255
v 1.472399 -0.293808 -0.262760
v 1.475149 -0.293245 -0.263568
v 1.472341 -0.293258 -0.263073
v 1.469340 -0.293272 -0.262544
v 1.469398 -0.293822 -0.262231
v 1.475113 -0.292640 -0.263760
v 1.472305 -0.292653 -0.263265
v 1.475098 -0.292008 -0.263826
v 1.472290 -0.292021 -0.263331
v 1.469289 -0.292035 -0.262802
v 1.469304 -0.292667 -0.262736
v 1.475107 -0.291376 -0.263759
v 1.472299 -0.291389 -0.263264
v 1.469298 -0.291403 -0.262735
v 1.476332 -0.290216 -0.263453
v 1.476279 -0.290766 -0.263767
v 1.476403 -0.289744 -0.263035
v 1.475263 -0.289749 -0.262833
v 1.475191 -0.290222 -0.263252
v 1.475138 -0.290772 -0.263566
v 1.476491 -0.289371 -0.262527
v 1.476590 -0.289111 -0.261956
v 1.475450 -0.289117 -0.261755
v 1.475350 -0.289376 -0.262326
v 1.476698 -0.288980 -0.261343
v 1.476808 -0.288979 -0.260717
v 1.475668 -0.288985 -0.260516
v 1.475557 -0.288985 -0.261142
v 1.476917 -0.289112 -0.260106
v 1.477019 -0.289370 -0.259534
v 1.475878 -0.289375 -0.259332
v 1.475776 -0.289117 -0.259904
v 1.477110 -0.289744 -0.259028
v 1.477186 -0.290216 -0.258609
v 1.476045 -0.290221 -0.258408
v 1.475969 -0.289749 -0.258827
v 1.477243 -0.290767 -0.258297
v 1.477280 -0.291371 -0.258104
v 1.476140 -0.291376 -0.257903
v 1.476103 -0.290772 -0.258096
v 1.477294 -0.292003 -0.258039
v 1.477286 -0.292635 -0.258105
v 1.476145 -0.292640 -0.257904
v 1.476154 -0.292008 -0.257838
v 1.477254 -0.293239 -0.258299
v 1.477202 -0.293790 -0.258612
v 1.476061 -0.293795 -0.258411
v 1.476114 -0.293244 -0.258098
v 1.477130 -0.294262 -0.259032
v 1.477043 -0.294636 -0.259538
v 1.475902 -0.294641 -0.259337
v 1.475989 -0.294267 -0.258831
v 1.476943 -0.294894 -0.260110
v 1.476835 -0.295026 -0.260722
v 1.475695 -0.295032 -0.260521
v 1.475802 -0.294899 -0.259909
v 1.476725 -0.295026 -0.261348
v 1.476617 -0.294894 -0.261960
v 1.475476 -0.294900 -0.261759
v 1.475585 -0.295031 -0.261147
v 1.476515 -0.294635 -0.262532
v 1.476424 -0.294262 -0.263038
v 1.475283 -0.294268 -0.262837
v 1.475374 -0.294641 -0.262330
v 1.476348 -0.293790 -0.263456
v 1.476290 -0.293240 -0.263769
v 1.475149 -0.293245 -0.263568
v 1.475207 -0.293795 -0.263255
v 1.476253 -0.292635 -0.263961
v 1.476239 -0.292003 -0.264027
v 1.475098 -0.292008 -0.263826
v 1.475113 -0.292640 -0.263760
v 1.476247 -0.291371 -0.263960
v 1.475107 -0.291376 -0.263759
v 1.467579 -0.291411 -0.262432
v 1.467570 -0.292043 -0.262498
v 1.467610 -0.290807 -0.262239
v 1.467584 -0.292675 -0.262433
v 1.467621 -0.293280 -0.262241
v 1.467679 -0.293830 -0.261927
v 1.467755 -0.294303 -0.261509
v 1.467846 -0.294676 -0.261002
v 1.467948 -0.294935 -0.260431
v 1.468056 -0.295066 -0.259819
v 1.468167 -0.295067 -0.259194
v 1.468274 -0.294934 -0.258582
v 1.468374 -0.294676 -0.258010
v 1.468461 -0.294302 -0.257503
v 1.468533 -0.293830 -0.257083
v 1.468586 -0.293280 -0.256770
v 1.468617 -0.292675 -0.256576
v 1.468626 -0.292043 -0.256511
v 1.468611 -0.291411 -0.256575
v 1.468575 -0.290807 -0.256768
v 1.468517 -0.290256 -0.257079
v 1.468441 -0.289785 -0.257498
v 1.468350 -0.289410 -0.258004
v 1.468248 -0.289153 -0.258576
v 1.468139 -0.289020 -0.259189
v 1.468029 -0.289020 -0.259815
v 1.467921 -0.289152 -0.260428
v 1.467822 -0.289411 -0.261000
v 1.467734 -0.289784 -0.261507
v 1.467663 -0.290257 -0.261925
v 1.411833 -0.288415 -0.258034
v 1.402979 -0.286599 -0.255982
v 1.403013 -0.286832 -0.255663
v 1.411867 -0.288648 -0.257715
v 1.412184 -0.285531 -0.255968
v 1.412218 -0.285764 -0.255649
v 1.439292 -0.286497 -0.258914
v 1.439326 -0.286730 -0.258595
v 1.466303 -0.288262 -0.262432
v 1.466336 -0.288495 -0.262113
v 1.475216 -0.289592 -0.264135
v 1.475250 -0.289824 -0.263816
v 1.466070 -0.290173 -0.263801
v 1.466104 -0.290406 -0.263481
v 1.438903 -0.289693 -0.261203
v 1.438937 -0.289926 -0.260884
v 1.413467 -0.283020 -0.248656
v 1.404870 -0.282940 -0.245190
v 1.404823 -0.283362 -0.245320
v 1.413419 -0.283442 -0.248787
v 1.414061 -0.284122 -0.245319
v 1.414013 -0.284544 -0.245450
v 1.440773 -0.286075 -0.250532
v 1.440725 -0.286496 -0.250663
v 1.467321 -0.287722 -0.256670
v 1.467273 -0.288144 -0.256801
v 1.476018 -0.287988 -0.259574
v 1.475970 -0.288410 -0.259705
v 1.466928 -0.286992 -0.258882
v 1.466880 -0.287414 -0.259013
v 1.440115 -0.284854 -0.254232
v 1.440067 -0.285276 -0.254362
v 1.414870 -0.290516 -0.240853
v 1.406073 -0.292340 -0.238576
v 1.405984 -0.292340 -0.238950
v 1.414781 -0.290516 -0.241227
v 1.414886 -0.294081 -0.240856
v 1.414797 -0.294081 -0.241230
v 1.441304 -0.294149 -0.247692
v 1.441215 -0.294149 -0.248066
v 1.467717 -0.293230 -0.254528
v 1.467628 -0.293230 -0.254902
v 1.476517 -0.292007 -0.256806
v 1.476428 -0.292008 -0.257180
v 1.467706 -0.290868 -0.254526
v 1.467617 -0.290868 -0.254900
v 1.441286 -0.290198 -0.247689
v 1.441197 -0.290198 -0.248063
v 1.414103 -0.300220 -0.245411
v 1.404924 -0.301485 -0.245283
v 1.404883 -0.301147 -0.245388
v 1.414062 -0.299882 -0.245515
v 1.413520 -0.301321 -0.248750
v 1.413478 -0.300984 -0.248854
v 1.440150 -0.299239 -0.254322
v 1.440109 -0.298901 -0.254426
v 1.466942 -0.296851 -0.258969
v 1.466901 -0.296513 -0.259073
v 1.476023 -0.295771 -0.259659
v 1.475982 -0.295433 -0.259764
v 1.467329 -0.296121 -0.256756
v 1.467288 -0.295783 -0.256860
v 1.440797 -0.298018 -0.250621
v 1.440756 -0.297680 -0.250725
v 1.412230 -0.299177 -0.256132
v 1.403016 -0.298193 -0.256144
v 1.403054 -0.297918 -0.255766
v 1.412268 -0.298903 -0.255754
v 1.411853 -0.296294 -0.258193
v 1.411891 -0.296019 -0.257815
v 1.438910 -0.294765 -0.261360
v 1.438948 -0.294491 -0.260983
v 1.466072 -0.294036 -0.263956
v 1.466109 -0.293762 -0.263579
v 1.475222 -0.294534 -0.264292
v 1.475260 -0.294260 -0.263915
v 1.466321 -0.295947 -0.262591
v 1.466359 -0.295672 -0.262213
v 1.439328 -0.297962 -0.259076
v 1.439366 -0.297687 -0.258698
v 1.411699 -0.287494 -0.259297
v 1.402845 -0.285678 -0.257245
v 1.402913 -0.286146 -0.256603
v 1.411767 -0.287962 -0.258655
v 1.412050 -0.284610 -0.257231
v 1.412118 -0.285078 -0.256589
v 1.439158 -0.285576 -0.260177
v 1.439226 -0.286044 -0.259535
v 1.466168 -0.287341 -0.263695
v 1.466236 -0.287809 -0.263053
v 1.475082 -0.288671 -0.265398
v 1.475150 -0.289139 -0.264756
v 1.465936 -0.289252 -0.265063
v 1.466004 -0.289720 -0.264421
v 1.438769 -0.288772 -0.262466
v 1.438837 -0.289241 -0.261824
v 1.402804 -0.285399 -0.257627
v 1.411658 -0.287215 -0.259679
v 1.412009 -0.284331 -0.257614
v 1.412050 -0.284610 -0.257231
v 1.402845 -0.285678 -0.257245
v 1.411699 -0.287494 -0.259297
v 1.439117 -0.285297 -0.260559
v 1.466127 -0.287062 -0.264077
v 1.466168 -0.287341 -0.263695
v 1.439158 -0.285576 -0.260177
v 1.475041 -0.288392 -0.265781
v 1.465895 -0.288973 -0.265446
v 1.465936 -0.289252 -0.265063
v 1.475082 -0.288671 -0.265398
v 1.438692 -0.288838 -0.263140
v 1.438728 -0.288493 -0.262849
v 1.438769 -0.288772 -0.262466
v 1.413633 -0.281548 -0.248200
v 1.405037 -0.281467 -0.244733
v 1.404954 -0.282202 -0.244961
v 1.413550 -0.282282 -0.248428
v 1.414227 -0.282649 -0.244862
v 1.414144 -0.283383 -0.245090
v 1.440939 -0.284602 -0.250076
v 1.440856 -0.285336 -0.250303
v 1.467487 -0.286249 -0.256214
v 1.467404 -0.286984 -0.256442
v 1.476184 -0.286515 -0.259118
v 1.476101 -0.287250 -0.259345
v 1.467094 -0.285519 -0.258426
v 1.467011 -0.286254 -0.258653
v 1.440281 -0.283381 -0.253775
v 1.440198 -0.284115 -0.254003
v 1.405083 -0.281058 -0.244606
v 1.413679 -0.281138 -0.248073
v 1.414273 -0.282240 -0.244736
v 1.414227 -0.282649 -0.244862
v 1.405037 -0.281467 -0.244733
v 1.413633 -0.281548 -0.248200
v 1.440986 -0.284192 -0.249949
v 1.467534 -0.285840 -0.256087
v 1.467487 -0.286249 -0.256214
v 1.440939 -0.284602 -0.250076
v 1.476230 -0.286106 -0.258991
v 1.467140 -0.285110 -0.258299
v 1.467094 -0.285519 -0.258426
v 1.476184 -0.286515 -0.259118
v 1.440328 -0.282971 -0.253648
v 1.440281 -0.283381 -0.253775
v 1.415202 -0.290516 -0.239462
v 1.406404 -0.292340 -0.237185
v 1.406233 -0.292340 -0.237901
v 1.415031 -0.290516 -0.240179
v 1.415218 -0.294080 -0.239465
v 1.415047 -0.294081 -0.240182
v 1.441635 -0.294149 -0.246301
v 1.441464 -0.294149 -0.247018
v 1.468048 -0.293230 -0.253137
v 1.467878 -0.293230 -0.253854
v 1.476849 -0.292007 -0.255415
v 1.476678 -0.292007 -0.256132
v 1.468038 -0.290868 -0.253135
v 1.467867 -0.290868 -0.253852
v 1.441617 -0.290198 -0.246298
v 1.441447 -0.290198 -0.247015
v 1.406524 -0.292340 -0.236683
v 1.415321 -0.290516 -0.238961
v 1.415337 -0.294080 -0.238963
v 1.415218 -0.294080 -0.239465
v 1.406404 -0.292340 -0.237185
v 1.415202 -0.290516 -0.239462
v 1.441755 -0.294149 -0.245800
v 1.468168 -0.293229 -0.252636
v 1.468048 -0.293230 -0.253137
v 1.441635 -0.294149 -0.246301
v 1.476968 -0.292007 -0.254914
v 1.468157 -0.290868 -0.252634
v 1.468038 -0.290868 -0.253135
v 1.476849 -0.292007 -0.255415
v 1.441737 -0.290198 -0.245797
v 1.441617 -0.290198 -0.246298
v 1.414310 -0.301916 -0.244887
v 1.405131 -0.303181 -0.244760
v 1.405025 -0.302315 -0.245027
v 1.414205 -0.301050 -0.245155
v 1.413727 -0.303017 -0.248227
v 1.413621 -0.302151 -0.248494
v 1.440357 -0.300935 -0.253799
v 1.440251 -0.300068 -0.254066
v 1.467149 -0.298547 -0.258446
v 1.467043 -0.297680 -0.258713
v 1.476230 -0.297467 -0.259136
v 1.476124 -0.296601 -0.259403
v 1.467536 -0.297817 -0.256233
v 1.467430 -0.296950 -0.256500
v 1.441004 -0.299714 -0.250097
v 1.440898 -0.298847 -0.250365
v 1.405186 -0.303629 -0.244622
v 1.414365 -0.302364 -0.244749
v 1.413781 -0.303466 -0.248088
v 1.413727 -0.303017 -0.248227
v 1.405131 -0.303181 -0.244760
v 1.414310 -0.301916 -0.244887
v 1.440412 -0.301383 -0.253660
v 1.467204 -0.298995 -0.258307
v 1.467149 -0.298547 -0.258446
v 1.440357 -0.300935 -0.253799
v 1.476285 -0.297916 -0.258998
v 1.467591 -0.298265 -0.256095
v 1.467536 -0.297817 -0.256233
v 1.476230 -0.297467 -0.259136
v 1.441059 -0.300162 -0.249959
v 1.441004 -0.299714 -0.250097
v 1.412111 -0.300048 -0.257329
v 1.402897 -0.299064 -0.257340
v 1.402956 -0.298633 -0.256749
v 1.412170 -0.299617 -0.256737
v 1.411734 -0.297165 -0.259390
v 1.411793 -0.296734 -0.258798
v 1.438791 -0.295636 -0.262557
v 1.438850 -0.295206 -0.261965
v 1.465952 -0.294907 -0.265153
v 1.466011 -0.294476 -0.264561
v 1.475103 -0.295405 -0.265489
v 1.475162 -0.294974 -0.264897
v 1.466202 -0.296818 -0.263787
v 1.466261 -0.296387 -0.263196
v 1.439209 -0.298833 -0.260272
v 1.439268 -0.298402 -0.259680
v 1.402863 -0.299310 -0.257679
v 1.412077 -0.300295 -0.257667
v 1.411700 -0.297411 -0.259728
v 1.411734 -0.297165 -0.259390
v 1.402897 -0.299064 -0.257340
v 1.412111 -0.300048 -0.257329
v 1.438757 -0.295883 -0.262896
v 1.465919 -0.295154 -0.265492
v 1.465952 -0.294907 -0.265153
v 1.438791 -0.295636 -0.262557
v 1.475069 -0.295652 -0.265828
v 1.466168 -0.297065 -0.264126
v 1.466202 -0.296818 -0.263787
v 1.475103 -0.295405 -0.265489
v 1.439175 -0.299079 -0.260611
v 1.439209 -0.298833 -0.260272
v 1.475899 -0.289385 -0.266848
v 1.476011 -0.288222 -0.266183
v 1.476153 -0.288224 -0.266205
v 1.476042 -0.289387 -0.266869
v 1.476163 -0.287221 -0.265298
v 1.476305 -0.287224 -0.265320
v 1.476348 -0.286432 -0.264225
v 1.476490 -0.286435 -0.264247
v 1.476559 -0.285883 -0.263015
v 1.476701 -0.285887 -0.263039
v 1.476786 -0.285605 -0.261719
v 1.476928 -0.285609 -0.261743
v 1.477020 -0.285604 -0.260395
v 1.477161 -0.285608 -0.260420
v 1.477249 -0.285885 -0.259100
v 1.477391 -0.285889 -0.259126
v 1.477465 -0.286431 -0.257890
v 1.477606 -0.286434 -0.257917
v 1.477657 -0.287222 -0.256820
v 1.477799 -0.287225 -0.256848
v 1.477818 -0.288221 -0.255933
v 1.477959 -0.288223 -0.255962
v 1.477940 -0.289386 -0.255273
v 1.478081 -0.289387 -0.255302
v 1.478018 -0.290665 -0.254863
v 1.478159 -0.290665 -0.254893
v 1.478049 -0.292002 -0.254728
v 1.478189 -0.292001 -0.254757
v 1.478030 -0.293340 -0.254866
v 1.478171 -0.293338 -0.254895
v 1.477964 -0.294618 -0.255277
v 1.478105 -0.294616 -0.255307
v 1.477853 -0.295784 -0.255939
v 1.477994 -0.295780 -0.255968
v 1.477701 -0.296782 -0.256827
v 1.477842 -0.296778 -0.256855
v 1.477515 -0.297574 -0.257898
v 1.477657 -0.297569 -0.257926
v 1.477304 -0.298119 -0.259109
v 1.477446 -0.298114 -0.259136
v 1.477077 -0.298400 -0.260405
v 1.477219 -0.298395 -0.260430
v 1.476844 -0.298399 -0.261729
v 1.476986 -0.298394 -0.261754
v 1.476614 -0.298121 -0.263025
v 1.476756 -0.298116 -0.263048
v 1.476398 -0.297572 -0.264233
v 1.476540 -0.297568 -0.264256
v 1.476206 -0.296783 -0.265305
v 1.476348 -0.296779 -0.265327
v 1.476045 -0.295783 -0.266189
v 1.476188 -0.295779 -0.266211
v 1.475923 -0.294619 -0.266852
v 1.476065 -0.294616 -0.266873
v 1.475845 -0.293339 -0.267259
v 1.475988 -0.293338 -0.267279
v 1.475815 -0.292002 -0.267398
v 1.475957 -0.292002 -0.267418
v 1.475833 -0.290665 -0.267257
v 1.475976 -0.290665 -0.267277
vt 0.929394 0.913041
vt 0.941999 0.942392
vt 0.940733 0.827372
vt 0.926345 0.827868
vt 0.953951 0.912389
vt 0.955121 0.827010
vt 0.949371 0.741948
vt 0.939468 0.712486
vt 0.930217 0.742586
vt 0.849986 0.141406
vt 0.818183 0.140556
vt 0.759122 0.254471
vt 0.774099 0.262478
vt 0.794344 0.128731
vt 0.739779 0.244882
vt 0.685744 0.359910
vt 0.700676 0.367318
vt 0.708877 0.388758
vt 0.770053 0.117862
vt 0.720075 0.236058
vt 0.749315 0.093919
vt 0.704506 0.229608
vt 0.649032 0.360470
vt 0.670537 0.353088
vt 0.053340 0.871621
vt 0.068076 0.903269
vt 0.068797 0.779473
vt 0.051392 0.779810
vt 0.083179 0.871338
vt 0.086196 0.779315
vt 0.080987 0.687569
vt 0.069511 0.655856
vt 0.057660 0.688000
vt 0.691692 0.074470
vt 0.660730 0.080961
vt 0.629233 0.205400
vt 0.645522 0.209713
vt 0.634820 0.074895
vt 0.608213 0.200486
vt 0.581856 0.324861
vt 0.598089 0.328653
vt 0.610763 0.347577
vt 0.608681 0.069882
vt 0.587015 0.196413
vt 0.582486 0.051349
vt 0.570031 0.193723
vt 0.545638 0.333766
vt 0.565483 0.321705
vt 0.813501 0.910496
vt 0.827476 0.939771
vt 0.826268 0.824693
vt 0.810248 0.825219
vt 0.840826 0.909848
vt 0.842287 0.824305
vt 0.836053 0.739105
vt 0.825058 0.709753
vt 0.814685 0.739816
vt 0.518299 0.045265
vt 0.489085 0.058550
vt 0.486603 0.186892
vt 0.503786 0.187464
vt 0.462470 0.058576
vt 0.465018 0.186918
vt 0.467547 0.314017
vt 0.484221 0.314002
vt 0.501439 0.329597
vt 0.435883 0.059682
vt 0.443449 0.187803
vt 0.406728 0.047500
vt 0.426657 0.188967
vt 0.434914 0.330870
vt 0.450889 0.314683
vt 0.051989 0.477947
vt 0.066054 0.506964
vt 0.064272 0.392765
vt 0.048168 0.393434
vt 0.079200 0.476935
vt 0.080378 0.392155
vt 0.073488 0.307746
vt 0.062491 0.278626
vt 0.052416 0.308644
vt 0.346697 0.055774
vt 0.321867 0.075407
vt 0.348759 0.200828
vt 0.365241 0.197421
vt 0.295975 0.081542
vt 0.327752 0.205806
vt 0.359217 0.328867
vt 0.375438 0.325030
vt 0.395141 0.336329
vt 0.270348 0.088702
vt 0.306957 0.211604
vt 0.239143 0.083533
vt 0.290850 0.216589
vt 0.331254 0.352743
vt 0.343156 0.333329
vt 0.910603 0.494275
vt 0.923700 0.523158
vt 0.925784 0.410594
vt 0.909942 0.410736
vt 0.937860 0.494336
vt 0.941617 0.410636
vt 0.938001 0.327130
vt 0.927859 0.298214
vt 0.916639 0.327292
vt 0.182291 0.105370
vt 0.162540 0.130117
vt 0.217335 0.245999
vt 0.232644 0.238936
vt 0.138711 0.141935
vt 0.197992 0.255601
vt 0.256725 0.368148
vt 0.271653 0.360738
vt 0.293467 0.367235
vt 0.115367 0.154641
vt 0.179024 0.265936
vt 0.070857 0.133735
vt 0.160242 0.276637
vt 0.249628 0.419539
vt 0.242096 0.376123
vt 0.969804 0.108353
vt 0.975438 0.100598
vt 0.963277 0.092378
vt 0.956506 0.094352
vt 0.981072 0.092844
vt 0.962917 0.085529
vt 0.938956 0.075732
vt 0.953202 0.117938
vt 0.961503 0.113145
vt 0.953988 0.100742
vt 0.947061 0.099805
vt 0.934137 0.119941
vt 0.943670 0.118939
vt 0.942099 0.104605
vt 0.936215 0.100945
vt 0.915906 0.114017
vt 0.925022 0.116979
vt 0.929667 0.103299
vt 0.925842 0.097575
vt 0.901660 0.101190
vt 0.908783 0.107604
vt 0.918841 0.097048
vt 0.917737 0.090278
vt 0.893863 0.083678
vt 0.897761 0.092434
vt 0.911493 0.086935
vt 0.913301 0.080314
vt 0.893863 0.064508
vt 0.893863 0.074093
vt 0.908894 0.074707
vt 0.913301 0.069408
vt 0.901660 0.046995
vt 0.897761 0.055752
vt 0.911493 0.062480
vt 0.917737 0.059445
vt 0.915906 0.034168
vt 0.908783 0.040582
vt 0.918841 0.052367
vt 0.925842 0.052147
vt 0.934137 0.028244
vt 0.925022 0.031206
vt 0.929667 0.046116
vt 0.936215 0.048777
vt 0.953202 0.030248
vt 0.943670 0.029246
vt 0.942099 0.044810
vt 0.947061 0.049917
vt 0.969804 0.039833
vt 0.961503 0.035041
vt 0.953988 0.048673
vt 0.956506 0.055370
vt 0.981072 0.055342
vt 0.975438 0.047587
vt 0.963277 0.057037
vt 0.962917 0.064193
vt 0.985057 0.074093
vt 0.983065 0.064717
vt 0.968362 0.068457
vt 0.965184 0.074861
vt 0.983065 0.083468
vt 0.968362 0.080958
vt 0.615871 0.636991
vt 0.608135 0.626930
vt 0.596306 0.640817
vt 0.598164 0.650629
vt 0.596959 0.620921
vt 0.586325 0.640580
vt 0.568597 0.673472
vt 0.585797 0.614876
vt 0.580637 0.632373
vt 0.573136 0.613933
vt 0.571416 0.636217
vt 0.560474 0.612952
vt 0.562877 0.631034
vt 0.548517 0.617242
vt 0.556013 0.638296
vt 0.536543 0.621500
vt 0.546097 0.637038
vt 0.527363 0.630282
vt 0.542781 0.646463
vt 0.518162 0.639034
vt 0.533214 0.649342
vt 0.513358 0.650780
vt 0.534025 0.659294
vt 0.508521 0.662511
vt 0.526462 0.665809
vt 0.508913 0.675194
vt 0.531253 0.674571
vt 0.509264 0.687882
vt 0.526994 0.683601
vt 0.514777 0.699316
vt 0.534931 0.689662
vt 0.520254 0.710766
vt 0.534709 0.699645
vt 0.529941 0.718969
vt 0.544427 0.701954
vt 0.539614 0.727203
vt 0.548293 0.711164
vt 0.551808 0.730760
vt 0.558113 0.709323
vt 0.563983 0.734351
vt 0.565386 0.716167
vt 0.576552 0.732643
vt 0.573596 0.710493
vt 0.589123 0.730974
vt 0.583014 0.713790
vt 0.599910 0.724298
vt 0.588208 0.705263
vt 0.610733 0.717647
vt 0.598163 0.704435
vt 0.617890 0.707150
vt 0.599452 0.694527
vt 0.625071 0.696677
vt 0.608211 0.689723
vt 0.627333 0.684187
vt 0.605352 0.680155
vt 0.629632 0.671701
vt 0.611399 0.672206
vt 0.626617 0.659370
vt 0.604895 0.664628
vt 0.623639 0.647029
vt 0.607187 0.654906
vt 0.925886 0.139265
vt 0.897735 0.122127
vt 0.894027 0.128782
vt 0.922438 0.146169
vt 0.869585 0.104989
vt 0.866384 0.112430
vt 0.891111 0.133996
vt 0.918990 0.153072
vt 0.843888 0.091497
vt 0.840278 0.098150
vt 0.818190 0.078005
vt 0.814692 0.085428
vt 0.791464 0.066693
vt 0.788613 0.073755
vt 0.764737 0.055381
vt 0.761115 0.062781
vt 0.733704 0.044953
vt 0.731272 0.052156
vt 0.702672 0.034526
vt 0.701087 0.042542
vt 0.729382 0.057763
vt 0.674557 0.027279
vt 0.672561 0.034600
vt 0.646443 0.020032
vt 0.644729 0.028067
vt 0.617712 0.015140
vt 0.616626 0.022679
vt 0.588982 0.010248
vt 0.586748 0.018248
vt 0.554306 0.007022
vt 0.553587 0.014587
vt 0.519629 0.003796
vt 0.520325 0.011981
vt 0.553021 0.020598
vt 0.490489 0.003147
vt 0.490143 0.010720
vt 0.461349 0.002498
vt 0.461529 0.010723
vt 0.432383 0.004314
vt 0.432970 0.011910
vt 0.403417 0.006129
vt 0.403499 0.014362
vt 0.371115 0.010626
vt 0.372151 0.018158
vt 0.338813 0.015123
vt 0.340949 0.023012
vt 0.372958 0.024013
vt 0.310440 0.021194
vt 0.311918 0.028638
vt 0.282067 0.027264
vt 0.284115 0.035209
vt 0.254284 0.035643
vt 0.256601 0.042898
vt 0.226501 0.044022
vt 0.228426 0.052027
vt 0.195920 0.055818
vt 0.198641 0.062917
vt 0.165338 0.067614
vt 0.169239 0.074790
vt 0.200761 0.068442
vt 0.139116 0.079938
vt 0.142212 0.086869
vt 0.112894 0.092262
vt 0.116674 0.099506
vt 0.088124 0.106321
vt 0.091738 0.113054
vt 0.063353 0.120380
vt 0.067105 0.127058
vt 0.263973 0.414387
vt 0.277120 0.407220
vt 0.250967 0.421806
vt 0.252306 0.424072
vt 0.265251 0.416689
vt 0.278196 0.409306
vt 0.290552 0.400555
vt 0.305378 0.393963
vt 0.291743 0.402910
vt 0.305290 0.396515
vt 0.321996 0.385164
vt 0.322706 0.387014
vt 0.340238 0.380597
vt 0.323643 0.389466
vt 0.341997 0.382417
vt 0.355678 0.375600
vt 0.370140 0.371592
vt 0.356360 0.378143
vt 0.370723 0.373870
vt 0.384744 0.368142
vt 0.400627 0.365093
vt 0.385364 0.370708
vt 0.400005 0.367547
vt 0.418658 0.360330
vt 0.418927 0.362291
vt 0.437307 0.360062
vt 0.419281 0.364893
vt 0.438557 0.362238
vt 0.453427 0.358732
vt 0.468431 0.358142
vt 0.453514 0.361364
vt 0.468470 0.360491
vt 0.483463 0.358135
vt 0.500322 0.358872
vt 0.483517 0.360779
vt 0.498564 0.361067
vt 0.520990 0.358539
vt 0.520810 0.360517
vt 0.541243 0.362734
vt 0.520563 0.363127
vt 0.542562 0.365187
vt 0.557939 0.365187
vt 0.572698 0.368040
vt 0.557388 0.367765
vt 0.572214 0.370342
vt 0.587319 0.371455
vt 0.602936 0.375811
vt 0.586737 0.374033
vt 0.601260 0.377725
vt 0.621307 0.379603
vt 0.620679 0.381481
vt 0.638237 0.387699
vt 0.619843 0.383970
vt 0.638427 0.390215
vt 0.653296 0.393696
vt 0.666985 0.399845
vt 0.652204 0.396092
vt 0.665981 0.401970
vt 0.680432 0.406521
vt 0.694837 0.414463
vt 0.679287 0.408903
vt 0.692593 0.415836
vt 0.730726 0.433321
vt 0.712474 0.422739
vt 0.711404 0.424410
vt 0.729050 0.435359
vt 0.709983 0.426616
vt 0.727374 0.437396
vt 0.367150 0.587636
vt 0.349179 0.571113
vt 0.334994 0.590160
vt 0.349192 0.603174
vt 0.328054 0.558789
vt 0.318305 0.580455
vt 0.308317 0.602637
vt 0.320465 0.609667
vt 0.330802 0.619094
vt 0.304893 0.551392
vt 0.299979 0.574574
vt 0.280760 0.549017
vt 0.280868 0.572647
vt 0.280979 0.596851
vt 0.294945 0.598313
vt 0.256719 0.551756
vt 0.261823 0.574801
vt 0.233624 0.559297
vt 0.243575 0.580775
vt 0.253765 0.602775
vt 0.267051 0.598405
vt 0.212330 0.571327
vt 0.226860 0.590309
vt 0.194485 0.587375
vt 0.212766 0.603043
vt 0.231463 0.619103
vt 0.241724 0.609759
vt 0.181743 0.606969
vt 0.202383 0.618619
vt 0.173157 0.628908
vt 0.195303 0.636083
vt 0.217989 0.643422
vt 0.223511 0.630553
vt 0.167783 0.651987
vt 0.191116 0.654478
vt 0.166846 0.675415
vt 0.190541 0.673173
vt 0.214806 0.670879
vt 0.215017 0.657025
vt 0.171571 0.698404
vt 0.194299 0.691537
vt 0.181097 0.720264
vt 0.201816 0.708929
vt 0.223031 0.697317
vt 0.217570 0.684502
vt 0.194562 0.740308
vt 0.212521 0.724712
vt 0.211762 0.757014
vt 0.226196 0.737864
vt 0.240984 0.718262
vt 0.230913 0.708745
vt 0.232491 0.768862
vt 0.242627 0.747361
vt 0.255513 0.776136
vt 0.260851 0.753253
vt 0.266313 0.729812
vt 0.253008 0.725345
vt 0.279590 0.779119
vt 0.279907 0.755589
vt 0.303695 0.777215
vt 0.298974 0.754005
vt 0.294137 0.730232
vt 0.280226 0.731483
vt 0.326802 0.769826
vt 0.317237 0.748140
vt 0.347974 0.757649
vt 0.333930 0.738515
vt 0.319551 0.718918
vt 0.307439 0.725930
vt 0.366269 0.741382
vt 0.348291 0.725653
vt 0.380403 0.721891
vt 0.359451 0.710183
vt 0.338015 0.698177
vt 0.329894 0.709535
vt 0.389087 0.700040
vt 0.366539 0.692732
vt 0.393228 0.676811
vt 0.370032 0.674137
vt 0.346286 0.671403
vt 0.343463 0.685241
vt 0.393733 0.653183
vt 0.370409 0.655233
vt 0.389856 0.629881
vt 0.367227 0.636639
vt 0.344058 0.643569
vt 0.346528 0.657340
vt 0.380852 0.607629
vt 0.360046 0.618976
vt 0.338741 0.630607
vt 0.675914 0.594397
vt 0.655195 0.575991
vt 0.638429 0.593674
vt 0.653510 0.609919
vt 0.634477 0.557586
vt 0.620328 0.580879
vt 0.609720 0.598375
vt 0.624416 0.608578
vt 0.636699 0.621586
vt 0.608063 0.549196
vt 0.599942 0.572172
vt 0.581649 0.540806
vt 0.578198 0.567843
vt 0.575624 0.588145
vt 0.593205 0.591488
vt 0.554105 0.543884
vt 0.556029 0.568181
vt 0.526560 0.546962
vt 0.534401 0.573072
vt 0.540303 0.592669
vt 0.557730 0.588571
vt 0.502649 0.560981
vt 0.514282 0.582401
vt 0.478738 0.575000
vt 0.496512 0.595668
vt 0.509868 0.611174
vt 0.524123 0.600341
vt 0.462600 0.597531
vt 0.481932 0.612370
vt 0.446462 0.620062
vt 0.471100 0.631711
vt 0.489605 0.640443
vt 0.498213 0.624757
vt 0.440882 0.647209
vt 0.464577 0.652896
vt 0.435303 0.674356
vt 0.462550 0.674969
vt 0.483007 0.675414
vt 0.484488 0.657585
vt 0.441247 0.701426
vt 0.465206 0.696978
vt 0.447190 0.728495
vt 0.472331 0.717970
vt 0.491200 0.710053
vt 0.485304 0.693159
vt 0.463629 0.750805
vt 0.483707 0.736994
vt 0.480068 0.773115
vt 0.498754 0.753273
vt 0.512772 0.738365
vt 0.500513 0.725330
vt 0.504162 0.786813
vt 0.516891 0.766030
vt 0.528256 0.800512
vt 0.537263 0.774785
vt 0.544011 0.755465
vt 0.527504 0.748537
vt 0.555836 0.803223
vt 0.559014 0.779061
vt 0.583416 0.805933
vt 0.581176 0.778772
vt 0.579479 0.758381
vt 0.561597 0.758766
vt 0.609713 0.797194
vt 0.602780 0.773834
vt 0.636011 0.788455
vt 0.622908 0.764556
vt 0.613055 0.746621
vt 0.596876 0.754248
vt 0.656485 0.769774
vt 0.640645 0.751251
vt 0.676959 0.751093
vt 0.655269 0.734582
vt 0.638976 0.722198
vt 0.627282 0.735757
vt 0.688062 0.725702
vt 0.666061 0.715216
vt 0.699165 0.700310
vt 0.672637 0.694045
vt 0.652717 0.689358
vt 0.647555 0.706491
vt 0.698980 0.672596
vt 0.674617 0.671965
vt 0.698796 0.644883
vt 0.672014 0.649949
vt 0.651911 0.653769
vt 0.654163 0.671521
vt 0.687355 0.619640
vt 0.664842 0.628972
vt 0.645977 0.636886
vt 0.314703 0.617397
vt 0.323517 0.625423
vt 0.304351 0.611412
vt 0.303901 0.612375
vt 0.313325 0.619239
vt 0.322749 0.626103
vt 0.292945 0.607712
vt 0.281023 0.606445
vt 0.281023 0.607505
vt 0.292462 0.609940
vt 0.269127 0.607762
vt 0.257796 0.611498
vt 0.258229 0.612486
vt 0.269626 0.609995
vt 0.247571 0.617493
vt 0.238806 0.625504
vt 0.239590 0.626252
vt 0.248909 0.619369
vt 0.231852 0.635289
vt 0.226990 0.646308
vt 0.228010 0.646600
vt 0.233800 0.636426
vt 0.224499 0.658021
vt 0.224415 0.669973
vt 0.225533 0.669882
vt 0.226771 0.658241
vt 0.226775 0.681711
vt 0.231422 0.692706
vt 0.232363 0.692202
vt 0.228948 0.681042
vt 0.238201 0.702430
vt 0.246853 0.710524
vt 0.247509 0.709681
vt 0.239936 0.700941
vt 0.257121 0.716631
vt 0.268463 0.720509
vt 0.268691 0.719456
vt 0.258100 0.714569
vt 0.280338 0.721914
vt 0.292213 0.720802
vt 0.292004 0.719768
vt 0.280348 0.719612
vt 0.303555 0.717128
vt 0.313865 0.711149
vt 0.313253 0.710290
vt 0.302628 0.715029
vt 0.322642 0.703124
vt 0.329577 0.693382
vt 0.328671 0.692841
vt 0.320962 0.701566
vt 0.334363 0.682256
vt 0.336899 0.670331
vt 0.335831 0.670205
vt 0.332251 0.681523
vt 0.337085 0.658197
vt 0.334897 0.646338
vt 0.333891 0.646652
vt 0.334861 0.658429
vt 0.330312 0.635241
vt 0.328320 0.636377
vt 0.634405 0.641964
vt 0.639533 0.656330
vt 0.626434 0.628960
vt 0.641527 0.671453
vt 0.640368 0.686663
vt 0.636039 0.701289
vt 0.628790 0.714714
vt 0.618875 0.726322
vt 0.606791 0.735643
vt 0.593034 0.742211
vt 0.578225 0.745805
vt 0.562987 0.746207
vt 0.547984 0.743465
vt 0.533881 0.737628
vt 0.521279 0.729018
vt 0.510775 0.717957
vt 0.502774 0.704974
vt 0.497679 0.690597
vt 0.495646 0.675481
vt 0.496833 0.660280
vt 0.501121 0.645648
vt 0.508393 0.632242
vt 0.518271 0.620616
vt 0.530381 0.611321
vt 0.544145 0.604713
vt 0.558985 0.601146
vt 0.574238 0.600708
vt 0.589238 0.603486
vt 0.603343 0.609288
vt 0.615911 0.617923
vt 0.921110 0.944579
vt 0.942462 0.982819
vt 0.942429 0.981242
vt 0.923666 0.943293
vt 0.962952 0.943704
vt 0.960345 0.942389
vt 0.964568 0.827531
vt 0.961133 0.827047
vt 0.954270 0.711648
vt 0.951722 0.712001
vt 0.939015 0.673404
vt 0.939038 0.674039
vt 0.924622 0.712514
vt 0.927202 0.712877
vt 0.916909 0.828692
vt 0.920334 0.828233
vt 0.042552 0.906931
vt 0.067785 0.949077
vt 0.067827 0.945732
vt 0.045649 0.904405
vt 0.093514 0.906834
vt 0.090485 0.904108
vt 0.097789 0.780109
vt 0.093792 0.779523
vt 0.087559 0.653478
vt 0.084595 0.655092
vt 0.069769 0.611520
vt 0.069743 0.613930
vt 0.051484 0.653951
vt 0.054411 0.655719
vt 0.039765 0.780488
vt 0.043778 0.780139
vt 0.804620 0.943010
vt 0.827896 0.981710
vt 0.827885 0.979054
vt 0.807074 0.940957
vt 0.850356 0.942234
vt 0.847886 0.940108
vt 0.852237 0.824786
vt 0.849005 0.824356
vt 0.841131 0.707624
vt 0.838753 0.708911
vt 0.824632 0.669011
vt 0.824644 0.670886
vt 0.808949 0.708572
vt 0.811345 0.709903
vt 0.800291 0.825935
vt 0.803524 0.825584
vt 0.043820 0.509953
vt 0.066683 0.547978
vt 0.066656 0.545350
vt 0.046026 0.507950
vt 0.088346 0.508589
vt 0.086094 0.506516
vt 0.089277 0.392320
vt 0.086382 0.392013
vt 0.077711 0.276465
vt 0.075616 0.277946
vt 0.061881 0.238321
vt 0.061892 0.240418
vt 0.047251 0.277591
vt 0.049360 0.279123
vt 0.039286 0.393979
vt 0.042166 0.393754
vt 0.900092 0.526467
vt 0.922897 0.565148
vt 0.922977 0.561982
vt 0.903092 0.524113
vt 0.947127 0.526964
vt 0.944256 0.524342
vt 0.952615 0.411565
vt 0.948786 0.410950
vt 0.944670 0.296092
vt 0.941805 0.297565
vt 0.928601 0.257686
vt 0.928553 0.259945
vt 0.911106 0.296145
vt 0.913906 0.297835
vt 0.898883 0.411269
vt 0.902744 0.410977
vt 0.897780 0.990348
vt 0.942625 0.990040
vt 0.942534 0.986023
vt 0.916178 0.947118
vt 0.987470 0.989732
vt 0.967998 0.946411
vt 0.979487 0.829745
vt 0.971223 0.828514
vt 0.971505 0.669758
vt 0.959212 0.710855
vt 0.938909 0.670102
vt 0.938968 0.671957
vt 0.906314 0.670446
vt 0.919616 0.711575
vt 0.902047 0.830397
vt 0.910279 0.829466
vt 0.889783 0.136328
vt 0.885835 0.183211
vt 0.849497 0.160897
vt 0.865852 0.122908
vt 0.889249 0.137219
vt 0.912645 0.151530
vt 0.780706 0.266554
vt 0.722220 0.378550
vt 0.700405 0.414420
vt 0.783129 0.268664
vt 0.712845 0.422140
vt 0.747705 0.394277
vt 0.725326 0.429732
vt 0.712866 0.422076
vt 0.824858 0.293197
vt 0.821922 0.291914
vt 0.818985 0.290631
vt 0.016029 0.962790
vt 0.067552 0.963511
vt 0.067683 0.955519
vt 0.037399 0.911702
vt 0.119075 0.964232
vt 0.098514 0.912069
vt 0.112302 0.782256
vt 0.104394 0.781085
vt 0.105529 0.600281
vt 0.092465 0.650050
vt 0.070008 0.600043
vt 0.069870 0.606447
vt 0.034488 0.599806
vt 0.046729 0.650112
vt 0.025258 0.781298
vt 0.033159 0.780882
vt 0.728574 0.060178
vt 0.735096 0.106729
vt 0.695288 0.093319
vt 0.702210 0.052225
vt 0.728309 0.060997
vt 0.754407 0.069768
vt 0.652525 0.211985
vt 0.621023 0.334440
vt 0.607564 0.374248
vt 0.654887 0.213236
vt 0.621518 0.378947
vt 0.648778 0.343761
vt 0.635479 0.383555
vt 0.621521 0.378901
vt 0.697567 0.227139
vt 0.694943 0.226662
vt 0.782542 0.993522
vt 0.827921 0.993377
vt 0.827908 0.986908
vt 0.800385 0.946957
vt 0.873300 0.993232
vt 0.854612 0.946394
vt 0.864522 0.826443
vt 0.857798 0.825535
vt 0.855745 0.659654
vt 0.845219 0.704897
vt 0.824635 0.660042
vt 0.824631 0.665048
vt 0.793525 0.660430
vt 0.804862 0.705665
vt 0.788033 0.826976
vt 0.794741 0.826422
vt 0.552761 0.023502
vt 0.570475 0.067313
vt 0.527116 0.063273
vt 0.525616 0.022395
vt 0.552654 0.024853
vt 0.579693 0.027312
vt 0.512148 0.188371
vt 0.509556 0.314615
vt 0.506586 0.356497
vt 0.516101 0.189446
vt 0.521038 0.357824
vt 0.540450 0.317453
vt 0.535452 0.358987
vt 0.521019 0.357742
vt 0.561650 0.192956
vt 0.557572 0.193149
vt 0.018555 0.564468
vt 0.066820 0.563985
vt 0.066743 0.554907
vt 0.038631 0.515148
vt 0.115086 0.563502
vt 0.093635 0.514067
vt 0.104781 0.394003
vt 0.096058 0.393054
vt 0.094476 0.224504
vt 0.082603 0.272369
vt 0.061840 0.224850
vt 0.061862 0.232513
vt 0.029204 0.225197
vt 0.042341 0.273256
vt 0.023879 0.394833
vt 0.032548 0.394366
vt 0.373308 0.026514
vt 0.399722 0.065281
vt 0.358206 0.071031
vt 0.346140 0.031148
vt 0.373429 0.027338
vt 0.400718 0.023528
vt 0.372461 0.196333
vt 0.398452 0.320010
vt 0.403959 0.361664
vt 0.375049 0.196406
vt 0.418557 0.359649
vt 0.427350 0.316005
vt 0.433122 0.357555
vt 0.418541 0.359609
vt 0.419404 0.189830
vt 0.416920 0.190541
vt 0.875854 0.576344
vt 0.922541 0.577541
vt 0.922738 0.570738
vt 0.895503 0.530560
vt 0.969227 0.578739
vt 0.951474 0.531566
vt 0.965241 0.413615
vt 0.958431 0.412508
vt 0.961254 0.248492
vt 0.949042 0.293214
vt 0.928927 0.247936
vt 0.928741 0.253334
vt 0.896600 0.247381
vt 0.906939 0.292805
vt 0.886227 0.411863
vt 0.893048 0.411565
vt 0.201681 0.070822
vt 0.236307 0.102482
vt 0.197070 0.117586
vt 0.176321 0.081545
vt 0.202000 0.071628
vt 0.227679 0.061710
vt 0.239512 0.236217
vt 0.293053 0.350575
vt 0.307999 0.389794
vt 0.242160 0.235670
vt 0.321739 0.384520
vt 0.320411 0.340040
vt 0.335422 0.379160
vt 0.321710 0.384477
vt 0.283908 0.219124
vt 0.281550 0.220435
vt 0.375425 0.580606
vt 0.353908 0.564762
vt 0.353908 0.564764
vt 0.373136 0.582456
vt 0.332391 0.548919
vt 0.331305 0.551567
vt 0.306532 0.543663
vt 0.306532 0.543664
vt 0.280673 0.538407
vt 0.280724 0.541139
vt 0.255018 0.544072
vt 0.255018 0.544073
vt 0.229364 0.549736
vt 0.230308 0.552137
vt 0.207486 0.564998
vt 0.207486 0.564999
vt 0.185607 0.580259
vt 0.188391 0.582151
vt 0.174861 0.603086
vt 0.174862 0.603086
vt 0.164114 0.625914
vt 0.165774 0.626517
vt 0.160003 0.651157
vt 0.160004 0.651156
vt 0.155892 0.676400
vt 0.158947 0.676162
vt 0.163993 0.700692
vt 0.163994 0.700693
vt 0.172093 0.724985
vt 0.174189 0.724043
vt 0.188574 0.745507
vt 0.188575 0.745507
vt 0.205055 0.766030
vt 0.206950 0.763399
vt 0.229113 0.776031
vt 0.229113 0.776030
vt 0.253171 0.786033
vt 0.253734 0.783764
vt 0.279485 0.786965
vt 0.279485 0.786964
vt 0.305800 0.787897
vt 0.305269 0.784952
vt 0.329991 0.777057
vt 0.329991 0.777055
vt 0.354181 0.766216
vt 0.352654 0.764028
vt 0.372262 0.746627
vt 0.372262 0.746626
vt 0.390343 0.727038
vt 0.387387 0.725794
vt 0.396605 0.702476
vt 0.396604 0.702476
vt 0.402866 0.677914
vt 0.400961 0.677701
vt 0.401510 0.652498
vt 0.401509 0.652499
vt 0.400153 0.627083
vt 0.397400 0.627628
vt 0.387789 0.603844
vt 0.387789 0.603846
vn -0.052816 0.677076 -0.734016
vn -0.054253 0.568959 -0.820575
vn -0.066949 0.586334 -0.807298
vn -0.049491 0.716956 -0.695359
vn -0.072973 0.499848 -0.863034
vn -0.084981 0.438863 -0.894527
vn -0.086966 0.448296 -0.889645
vn -0.080523 0.600464 -0.795587
vn -0.056463 0.708282 -0.703668
vn -0.046232 0.719967 -0.692467
vn -0.017350 0.870091 -0.492585
vn -0.011650 0.876790 -0.480733
vn -0.050293 0.697743 -0.714580
vn 0.013321 0.948895 -0.315312
vn 0.017851 0.948588 -0.316008
vn 0.017421 0.948616 -0.315949
vn -0.013399 0.866264 -0.499407
vn -0.076968 0.621844 -0.779350
vn 0.046529 0.990490 -0.129477
vn 0.048422 0.988182 -0.145437
vn 0.097768 0.985743 0.136937
vn 0.093156 0.990286 0.103231
vn 0.090952 0.980938 0.171719
vn 0.052261 0.991353 -0.120370
vn 0.152886 0.889355 0.430899
vn 0.140505 0.954981 0.261284
vn 0.125884 0.948546 0.290540
vn 0.159322 0.855728 0.492287
vn 0.106952 0.981333 0.159836
vn 0.082904 0.993684 0.075627
vn 0.081507 0.992750 0.088339
vn 0.109577 0.942726 0.315056
vn 0.150080 0.863659 0.481215
vn 0.153479 0.872332 0.464199
vn 0.186545 0.732138 0.655114
vn 0.192254 0.720384 0.666397
vn 0.158085 0.870637 0.465834
vn 0.209472 0.586544 0.782361
vn 0.213991 0.586361 0.781274
vn 0.213564 0.586381 0.781376
vn 0.190910 0.735796 0.649737
vn 0.128162 0.922764 0.363430
vn 0.228431 0.415452 0.880465
vn 0.231956 0.423364 0.875762
vn 0.257016 0.111739 0.959926
vn 0.249685 0.067239 0.965990
vn 0.223435 0.060669 0.972829
vn 0.232982 0.403589 0.884780
vn 0.251135 -0.128128 0.959435
vn 0.265966 0.022989 0.963708
vn 0.250413 0.000444 0.968139
vn 0.246179 -0.187639 0.950888
vn 0.252360 0.113325 0.960974
vn 0.242945 0.187806 0.951686
vn 0.240413 0.176910 0.954413
vn 0.234065 -0.018103 0.972052
vn 0.240748 -0.174435 0.954784
vn 0.256860 -0.153317 0.954210
vn 0.231996 -0.413944 0.880243
vn 0.234898 -0.422717 0.875290
vn 0.250655 -0.065733 0.965842
vn 0.214771 -0.585866 0.781431
vn 0.219287 -0.585642 0.780344
vn 0.218859 -0.585667 0.780445
vn 0.237395 -0.404997 0.882961
vn 0.229761 0.009298 0.973203
vn 0.193550 -0.730266 0.655171
vn 0.200090 -0.719073 0.665506
vn 0.159254 -0.884783 0.437947
vn 0.167012 -0.866086 0.471171
vn 0.143019 -0.900029 0.411697
vn 0.196321 -0.736716 0.647077
vn 0.126278 -0.963257 0.237046
vn 0.142859 -0.944211 0.296745
vn 0.134572 -0.947784 0.289129
vn 0.120338 -0.969977 0.211335
vn 0.144055 -0.931710 0.333413
vn 0.146615 -0.919419 0.364929
vn 0.144443 -0.921615 0.360226
vn 0.126282 -0.950753 0.283056
vn 0.118936 -0.968600 0.218329
vn 0.097644 -0.989801 0.103728
vn 0.055491 -0.989983 -0.129824
vn 0.055991 -0.987501 -0.147335
vn 0.100955 -0.990380 0.094637
vn 0.021896 -0.948236 -0.316812
vn 0.026422 -0.947885 -0.317516
vn 0.025988 -0.947913 -0.317466
vn 0.061614 -0.990203 -0.125309
vn 0.111058 -0.970580 0.213635
vn -0.008917 -0.870877 -0.491420
vn -0.001948 -0.877954 -0.478741
vn -0.043485 -0.706761 -0.706115
vn -0.038172 -0.729363 -0.683061
vn -0.060934 -0.683392 -0.727504
vn -0.006470 -0.865654 -0.500600
vn -0.076616 -0.430243 -0.899456
vn -0.035371 -0.609633 -0.791894
vn -0.061697 -0.585788 -0.808112
vn -0.087834 -0.357736 -0.929683
vn -0.038146 -0.706588 -0.706597
vn -0.035430 -0.773904 -0.632311
vn -0.041376 -0.765891 -0.641638
vn -0.088197 -0.565962 -0.819700
vn -0.095057 -0.372400 -0.923191
vn -0.082365 -0.421739 -0.902969
vn -0.098145 -0.193636 -0.976152
vn -0.095247 -0.177052 -0.979582
vn -0.078628 -0.420504 -0.903877
vn -0.102622 0.000328 -0.994720
vn -0.098087 0.000350 -0.995178
vn -0.098517 0.000348 -0.995135
vn -0.092758 -0.199193 -0.975560
vn -0.079974 -0.524131 -0.847874
vn -0.099605 0.194570 -0.975818
vn -0.095511 0.181640 -0.978716
vn -0.100978 0.281086 -0.954355
vn -0.092463 0.256555 -0.962097
vn -0.092406 0.304513 -0.948015
vn -0.095407 0.205313 -0.974035
vn -0.991983 0.091879 0.086761
vn -0.995119 0.075716 0.063294
vn -0.992948 0.041147 0.111185
vn -0.988652 0.023886 0.148310
vn -0.997294 0.048224 0.055489
vn -0.990221 0.010993 0.139073
vn -0.984797 -0.004587 0.173648
vn -0.983994 0.118848 0.132781
vn -0.987962 0.113714 0.104883
vn -0.988870 0.062796 0.134879
vn -0.986296 0.031842 0.161881
vn -0.974703 0.124485 0.185628
vn -0.978669 0.131250 0.158049
vn -0.983579 0.072780 0.165150
vn -0.983554 0.033502 0.177479
vn -0.965713 0.107813 0.236167
vn -0.968831 0.125315 0.213689
vn -0.977973 0.069396 0.196860
vn -0.980897 0.028578 0.192415
vn -0.958589 0.071718 0.275615
vn -0.960165 0.096930 0.262085
vn -0.973036 0.053230 0.224427
vn -0.978796 0.017928 0.204053
vn -0.954556 0.022427 0.297186
vn -0.954163 0.050997 0.294912
vn -0.969617 0.027065 0.243126
vn -0.977605 0.003378 0.210420
vn -0.954312 -0.031525 0.297143
vn -0.951862 -0.004545 0.306493
vn -0.968307 -0.004574 0.249723
vn -0.977533 -0.012548 0.210408
vn -0.957901 -0.080822 0.275487
vn -0.953661 -0.060086 0.294822
vn -0.969331 -0.036214 0.243074
vn -0.978593 -0.027106 0.204011
vn -0.964699 -0.116919 0.235979
vn -0.959249 -0.106029 0.261913
vn -0.972515 -0.062390 0.224324
vn -0.980599 -0.037759 0.192355
vn -0.973531 -0.133587 0.185452
vn -0.967656 -0.134409 0.213484
vn -0.977302 -0.078550 0.196748
vn -0.983203 -0.042673 0.177454
vn -0.982876 -0.127950 0.132605
vn -0.977435 -0.140347 0.157872
vn -0.982873 -0.081932 0.165070
vn -0.985964 -0.041008 0.161846
vn -0.991114 -0.100965 0.086596
vn -0.986895 -0.122799 0.104688
vn -0.988263 -0.071934 0.134768
vn -0.988397 -0.033036 0.148253
vn -0.996818 -0.057313 0.055403
vn -0.994394 -0.084796 0.063160
vn -0.992536 -0.050281 0.111105
vn -0.990081 -0.020151 0.139045
vn -0.999003 -0.004548 0.044401
vn -0.998638 -0.032930 0.040464
vn -0.994953 -0.020742 0.098179
vn -0.990726 -0.004585 0.135800
vn -0.998895 0.023844 0.040508
vn -0.995099 0.011598 0.098204
vn 0.815928 -0.270791 0.510817
vn 0.764964 -0.443784 0.466782
vn 0.993791 -0.110314 -0.014480
vn 0.995784 -0.035269 -0.084673
vn 0.787981 -0.509342 0.345915
vn 0.991780 -0.068179 -0.108278
vn 0.984798 0.004575 -0.173646
vn 0.725381 -0.646297 0.236903
vn 0.983526 -0.164853 -0.074165
vn 0.745217 -0.659351 0.099540
vn 0.985723 -0.088664 -0.143141
vn 0.674508 -0.736296 -0.053922
vn 0.970198 -0.190014 -0.150365
vn 0.695173 -0.694596 -0.185125
vn 0.978712 -0.092960 -0.182980
vn 0.621200 -0.698492 -0.355273
vn 0.956145 -0.181536 -0.229850
vn 0.646468 -0.609330 -0.459126
vn 0.971954 -0.080383 -0.221008
vn 0.574514 -0.539284 -0.615716
vn 0.943736 -0.140851 -0.299206
vn 0.607366 -0.417590 -0.675814
vn 0.966565 -0.052957 -0.250892
vn 0.542617 -0.285699 -0.789900
vn 0.935105 -0.074781 -0.346389
vn 0.584866 -0.153251 -0.796521
vn 0.963506 -0.015672 -0.267229
vn 0.531129 0.016722 -0.847126
vn 0.931814 0.004546 -0.362908
vn 0.582698 0.137309 -0.801005
vn 0.963319 0.024920 -0.267199
vn 0.541811 0.317108 -0.778385
vn 0.934382 0.083983 -0.346232
vn 0.601253 0.405757 -0.688372
vn 0.966022 0.062165 -0.250873
vn 0.573070 0.563811 -0.594733
vn 0.942405 0.149871 -0.299018
vn 0.637451 0.604124 -0.478216
vn 0.971160 0.089409 -0.221029
vn 0.619235 0.712969 -0.328973
vn 0.954445 0.190507 -0.229657
vn 0.684821 0.698706 -0.206952
vn 0.977843 0.101964 -0.182826
vn 0.672505 0.739632 -0.026108
vn 0.968446 0.199013 -0.150020
vn 0.735364 0.673062 0.078917
vn 0.984904 0.097734 -0.142871
vn 0.723603 0.639039 0.260823
vn 0.981986 0.173899 -0.073908
vn 0.780152 0.531861 0.329373
vn 0.991110 0.077438 -0.108183
vn 0.763726 0.428351 0.482948
vn 0.992729 0.119508 -0.014420
vn 0.811686 0.298850 0.501851
vn 0.995418 0.044454 -0.084658
vn 0.785938 0.144063 0.601288
vn 0.998816 0.045147 0.018111
vn 0.824315 0.014862 0.565937
vn 0.997073 0.004476 -0.076327
vn 0.786349 -0.164472 0.595486
vn 0.999180 -0.036238 0.018053
vn -0.782849 0.337385 -0.522798
vn -0.748149 0.421007 -0.512860
vn -0.441051 0.546623 -0.711813
vn -0.485674 0.469203 -0.737543
vn -0.767473 0.547370 -0.333723
vn -0.443860 0.707063 -0.550500
vn -0.040604 0.576567 -0.816040
vn -0.049628 0.630231 -0.774820
vn -0.709675 0.642620 -0.288791
vn -0.388165 0.817129 -0.426178
vn -0.722286 0.687650 -0.073755
vn -0.382573 0.898185 -0.216569
vn -0.658450 0.752610 0.004590
vn -0.326097 0.943537 -0.058298
vn -0.670603 0.708490 0.219849
vn -0.321056 0.932034 0.168032
vn -0.603333 0.731957 0.316588
vn -0.261756 0.905940 0.332800
vn -0.621373 0.606265 0.496325
vn -0.252859 0.806236 0.534832
vn 0.138304 0.946882 0.290323
vn -0.553865 0.584230 0.593219
vn -0.193636 0.714916 0.671864
vn -0.583111 0.398662 0.707850
vn -0.198396 0.542608 0.816220
vn -0.518599 0.334964 0.786673
vn -0.152896 0.398748 0.904225
vn -0.562431 0.121565 0.817859
vn -0.172962 0.180443 0.968258
vn -0.503627 0.027266 0.863491
vn -0.132437 0.014792 0.991081
vn -0.562897 -0.177092 0.807332
vn -0.171717 -0.210612 0.962370
vn 0.297775 0.029317 0.954186
vn -0.511531 -0.285650 0.810395
vn -0.145674 -0.377317 0.914555
vn -0.584438 -0.445683 0.678085
vn -0.195847 -0.565068 0.801462
vn -0.540962 -0.549688 0.636556
vn -0.186147 -0.698856 0.690616
vn -0.623332 -0.637756 0.452465
vn -0.252352 -0.821242 0.511743
vn -0.586808 -0.719191 0.372048
vn -0.250241 -0.901339 0.353508
vn -0.672825 -0.720119 0.169512
vn -0.314381 -0.938772 0.140969
vn 0.143673 -0.948147 0.283504
vn -0.641136 -0.764868 0.062621
vn -0.310551 -0.949964 -0.033564
vn -0.724388 -0.678530 -0.121897
vn -0.378421 -0.893861 -0.240435
vn -0.694588 -0.678797 -0.238290
vn -0.378790 -0.832901 -0.403477
vn -0.769119 -0.520139 -0.371365
vn -0.443606 -0.692282 -0.569174
vn -0.737922 -0.475845 -0.478584
vn -0.436327 -0.569778 -0.696399
vn -0.799273 -0.272362 -0.535707
vn -0.482092 -0.371273 -0.793564
vn -0.047911 -0.584529 -0.809957
vn -0.763618 -0.191146 -0.616726
vn -0.460412 -0.211734 -0.862084
vn -0.809608 0.021935 -0.586561
vn -0.493820 0.010447 -0.869501
vn -0.767229 0.126087 -0.628857
vn -0.465110 0.182314 -0.866276
vn -0.813119 0.286088 -0.506943
vn -0.480687 0.313226 -0.819042
vn -0.117813 0.207853 -0.971039
vn -0.120667 0.000247 -0.992693
vn -0.113921 0.307631 -0.944661
vn -0.135122 0.307897 -0.941776
vn -0.139151 0.207940 -0.968193
vn -0.142013 0.000143 -0.989865
vn -0.115629 -0.207126 -0.971457
vn -0.112050 -0.417837 -0.901586
vn -0.137285 -0.207656 -0.968520
vn -0.125148 -0.406378 -0.905094
vn -0.268980 -0.297719 -0.915977
vn -0.142476 -0.563106 -0.814010
vn -0.059616 -0.741845 -0.667916
vn -0.106175 -0.587329 -0.802353
vn -0.081162 -0.742593 -0.664807
vn -0.029811 -0.864496 -0.501754
vn 0.003815 -0.949403 -0.314036
vn -0.051216 -0.865400 -0.498457
vn -0.017608 -0.950392 -0.310556
vn 0.039911 -0.992756 -0.113326
vn 0.069401 -0.991902 0.106363
vn 0.018156 -0.993841 -0.109314
vn 0.054533 -0.993843 0.096449
vn -0.096116 -0.995278 0.013525
vn 0.053953 -0.959694 0.275819
vn 0.144443 -0.864419 0.481576
vn 0.089896 -0.950402 0.297750
vn 0.122744 -0.865415 0.485789
vn 0.173080 -0.741784 0.647920
vn 0.196740 -0.586657 0.785574
vn 0.151618 -0.742597 0.652351
vn 0.175271 -0.587321 0.790148
vn 0.213711 -0.405614 0.888710
vn 0.210273 -0.189942 0.959014
vn 0.192631 -0.406371 0.893172
vn 0.202962 -0.207652 0.956915
vn 0.000241 -0.387500 0.921869
vn 0.150659 -0.041863 0.987699
vn 0.221769 0.207364 0.952795
vn 0.205807 0.000150 0.978593
vn 0.201093 0.207950 0.957245
vn 0.210442 0.406382 0.889139
vn 0.191465 0.587164 0.786498
vn 0.188983 0.406667 0.893816
vn 0.170013 0.587622 0.791073
vn 0.166767 0.742117 0.649193
vn 0.125413 0.871662 0.473790
vn 0.144956 0.742901 0.653518
vn 0.114962 0.865712 0.487162
vn -0.004187 0.798219 0.602352
vn 0.053898 0.941340 0.333128
vn 0.067176 0.993298 0.094051
vn 0.081347 0.950696 0.299266
vn 0.045598 0.994139 0.098026
vn 0.030641 0.993302 -0.111414
vn -0.004725 0.949899 -0.312522
vn 0.009234 0.994136 -0.107746
vn -0.026121 0.950687 -0.309051
vn -0.037516 0.865014 -0.500343
vn -0.079544 0.732742 -0.675841
vn -0.058950 0.865696 -0.497086
vn -0.087797 0.742883 -0.663639
vn -0.092789 0.673835 -0.733032
vn -0.225581 0.825759 -0.516948
vn -0.149289 0.615157 -0.774141
vn -0.100201 0.500540 -0.859895
vn -0.111438 0.587611 -0.801433
vn -0.121035 0.500891 -0.857005
vn 0.984794 0.004599 -0.173668
vn 0.984793 0.004583 -0.173670
vn 0.988485 -0.012223 -0.150823
vn 0.988974 -0.007015 -0.147922
vn 0.984797 0.004593 -0.173646
vn 0.987810 -0.016613 -0.154777
vn 0.981248 -0.192619 0.007155
vn 0.987452 -0.151661 0.044009
vn 0.992095 -0.103438 0.071052
vn 0.984801 0.004600 -0.173625
vn 0.986994 -0.020156 -0.159486
vn 0.984798 0.004585 -0.173642
vn 0.986053 -0.022553 -0.164897
vn 0.964933 -0.247691 -0.086907
vn 0.973554 -0.225467 -0.036829
vn 0.984794 0.004569 -0.173664
vn 0.985040 -0.023866 -0.170663
vn 0.984797 0.004564 -0.173650
vn 0.984005 -0.023823 -0.176541
vn 0.945921 -0.259291 -0.194938
vn 0.955471 -0.259612 -0.140271
vn 0.984800 0.004566 -0.173629
vn 0.982984 -0.022629 -0.182292
vn 0.984800 0.004582 -0.173632
vn 0.982029 -0.020133 -0.187651
vn 0.927547 -0.225218 -0.298215
vn 0.936332 -0.248115 -0.248439
vn 0.984799 0.004603 -0.173635
vn 0.981167 -0.016640 -0.192442
vn 0.984802 0.004614 -0.173622
vn 0.980464 -0.012152 -0.196324
vn 0.912984 -0.151399 -0.378865
vn 0.919473 -0.192884 -0.342587
vn 0.984805 0.004611 -0.173602
vn 0.979918 -0.007013 -0.199280
vn 0.984806 0.004593 -0.173596
vn 0.979584 -0.001357 -0.201029
vn 0.904762 -0.050733 -0.422886
vn 0.907810 -0.103540 -0.406400
vn 0.984803 0.004580 -0.173615
vn 0.979435 0.004552 -0.201707
vn 0.984800 0.004585 -0.173633
vn 0.979524 0.010508 -0.201053
vn 0.904260 0.059532 -0.422811
vn 0.903347 0.004352 -0.428888
vn 0.984801 0.004584 -0.173628
vn 0.979810 0.016224 -0.199270
vn 0.984802 0.004573 -0.173622
vn 0.980316 0.021358 -0.196275
vn 0.911600 0.160297 -0.378538
vn 0.906845 0.112452 -0.406185
vn 0.984802 0.004567 -0.173621
vn 0.980981 0.025817 -0.192377
vn 0.984803 0.004573 -0.173616
vn 0.981811 0.029288 -0.187586
vn 0.925494 0.234037 -0.297804
vn 0.917715 0.201725 -0.342208
vn 0.984802 0.004580 -0.173619
vn 0.982741 0.031771 -0.182238
vn 0.984797 0.004585 -0.173649
vn 0.983748 0.032967 -0.176504
vn 0.943540 0.268116 -0.194543
vn 0.934064 0.256931 -0.248013
vn 0.984792 0.004592 -0.173675
vn 0.984779 0.033026 -0.170647
vn 0.984794 0.004595 -0.173667
vn 0.985800 0.031738 -0.164895
vn 0.962636 0.256585 -0.086585
vn 0.953072 0.268467 -0.139924
vn 0.984797 0.004588 -0.173646
vn 0.986766 0.029349 -0.159475
vn 0.984800 0.004572 -0.173630
vn 0.987621 0.025780 -0.154728
vn 0.979468 0.201462 0.007480
vn 0.971465 0.234355 -0.036506
vn 0.984801 0.004560 -0.173627
vn 0.988341 0.021362 -0.150751
vn 0.984799 0.004568 -0.173637
vn 0.988875 0.016173 -0.147870
vn 0.991120 0.112261 0.071262
vn 0.986046 0.160471 0.044306
vn 0.984797 0.004587 -0.173646
vn 0.989226 0.010530 -0.146019
vn 0.984796 0.004608 -0.173651
vn 0.989353 0.004600 -0.145465
vn 0.995587 0.004430 0.093742
vn 0.994295 0.059629 0.088445
vn 0.984795 0.004616 -0.173658
vn 0.989278 -0.001339 -0.146041
vn 0.994795 -0.050780 0.088346
vn 0.160457 -0.406693 0.899363
vn 0.143105 -0.587738 0.796295
vn 0.143126 -0.587651 0.796355
vn 0.160470 -0.406620 0.899394
vn 0.119508 -0.743117 0.658404
vn 0.119523 -0.743069 0.658455
vn 0.119530 -0.743021 0.658508
vn 0.143135 -0.587556 0.796423
vn 0.160475 -0.406538 0.899430
vn 0.090703 -0.866007 0.491736
vn 0.090707 -0.865998 0.491752
vn 0.057945 -0.951037 0.303596
vn 0.057941 -0.951041 0.303585
vn 0.057938 -0.951047 0.303568
vn 0.090708 -0.865990 0.491766
vn 0.022648 -0.994508 0.102185
vn 0.022645 -0.994509 0.102174
vn -0.013664 -0.994512 -0.103725
vn -0.013654 -0.994515 -0.103695
vn -0.013644 -0.994519 -0.103661
vn 0.022644 -0.994511 0.102157
vn -0.049402 -0.951044 -0.305081
vn -0.049378 -0.951070 -0.305005
vn -0.082989 -0.866023 -0.493068
vn -0.082968 -0.866059 -0.493009
vn -0.082950 -0.866107 -0.492929
vn -0.049356 -0.951101 -0.304912
vn -0.112942 -0.743135 -0.659541
vn -0.112944 -0.743125 -0.659552
vn -0.137933 -0.587709 -0.797228
vn -0.137964 -0.587587 -0.797312
vn -0.137982 -0.587452 -0.797409
vn -0.112943 -0.743122 -0.659556
vn -0.156860 -0.406599 -0.900040
vn -0.156903 -0.406380 -0.900131
vn -0.168930 -0.207814 -0.963471
vn -0.168954 -0.207647 -0.963502
vn -0.168962 -0.207457 -0.963542
vn -0.156923 -0.406130 -0.900241
vn -0.173653 0.000007 -0.984807
vn -0.173655 0.000031 -0.984807
vn -0.170817 0.207867 -0.963127
vn -0.170811 0.207783 -0.963146
vn -0.170813 0.207685 -0.963166
vn -0.173655 0.000056 -0.984807
vn -0.160516 0.406718 -0.899342
vn -0.160513 0.406635 -0.899379
vn -0.143161 0.587820 -0.796224
vn -0.143161 0.587865 -0.796191
vn -0.143154 0.587921 -0.796150
vn -0.160519 0.406545 -0.899419
vn -0.119532 0.743171 -0.658337
vn -0.119528 0.743268 -0.658229
vn -0.090714 0.866018 -0.491715
vn -0.090709 0.866048 -0.491664
vn -0.090695 0.866081 -0.491608
vn -0.119505 0.743382 -0.658104
vn -0.057952 0.951042 -0.303580
vn -0.057953 0.951034 -0.303606
vn -0.022649 0.994510 -0.102161
vn -0.022649 0.994508 -0.102183
vn -0.022650 0.994505 -0.102212
vn -0.057953 0.951022 -0.303641
vn 0.013669 0.994512 0.103730
vn 0.013670 0.994510 0.103743
vn 0.049391 0.951050 0.305063
vn 0.049389 0.951059 0.305037
vn 0.049387 0.951067 0.305012
vn 0.013675 0.994508 0.103759
vn 0.082925 0.866048 0.493036
vn 0.082919 0.866107 0.492932
vn 0.112832 0.743187 0.659501
vn 0.112828 0.743259 0.659420
vn 0.112814 0.743343 0.659328
vn 0.082902 0.866175 0.492816
vn 0.137825 0.587810 0.797172
vn 0.137824 0.587833 0.797155
vn 0.156798 0.406735 0.899989
vn 0.156797 0.406736 0.899989
vn 0.156797 0.406737 0.899989
vn 0.137821 0.587860 0.797136
vn 0.168914 0.207901 0.963455
vn 0.168914 0.207905 0.963454
vn 0.173648 -0.000002 0.984808
vn 0.173648 -0.000000 0.984808
vn 0.173648 0.000001 0.984808
vn 0.168914 0.207909 0.963453
vn 0.170790 -0.207895 0.963125
vn 0.170793 -0.207872 0.963130
vn 0.170794 -0.207846 0.963135
vn 0.637536 -0.498401 0.587490
vn 0.652664 -0.344035 0.675033
vn 0.617809 -0.630564 0.469788
vn 0.119508 -0.743114 0.658407
vn 0.143120 -0.587744 0.796288
vn 0.160471 -0.406698 0.899358
vn 0.592939 -0.735398 0.328045
vn 0.565435 -0.807581 0.167620
vn 0.057945 -0.951034 0.303607
vn 0.090698 -0.866000 0.491751
vn 0.534961 -0.844868 -0.003844
vn 0.504382 -0.844649 -0.179349
vn -0.013658 -0.994510 -0.103743
vn 0.022652 -0.994508 0.102180
vn 0.473521 -0.807870 -0.350889
vn 0.445329 -0.735223 -0.511009
vn -0.082986 -0.866009 -0.493094
vn -0.049394 -0.951036 -0.305109
vn 0.419405 -0.630753 -0.652879
vn 0.398536 -0.498216 -0.770032
vn -0.137962 -0.587722 -0.797213
vn -0.112952 -0.743127 -0.659548
vn 0.381981 -0.344089 -0.857726
vn 0.372137 -0.174680 -0.911593
vn -0.168957 -0.207836 -0.963461
vn -0.156900 -0.406633 -0.900018
vn 0.367667 0.002359 -0.929954
vn 0.370518 0.179477 -0.911320
vn -0.170803 0.207880 -0.963126
vn -0.173655 0.000009 -0.984806
vn 0.378879 0.348971 -0.857129
vn 0.394093 0.503065 -0.769166
vn -0.143179 0.587805 -0.796232
vn -0.160505 0.406720 -0.899342
vn 0.413777 0.635528 -0.651838
vn 0.438747 0.739999 -0.509806
vn -0.090730 0.866018 -0.491713
vn -0.119565 0.743157 -0.658348
vn 0.466250 0.812664 -0.349554
vn 0.496730 0.849454 -0.178012
vn -0.022648 0.994510 -0.102160
vn -0.057952 0.951045 -0.303571
vn 0.527274 0.849691 -0.002582
vn 0.558097 0.812422 0.168811
vn 0.049396 0.951053 0.305055
vn 0.013663 0.994513 0.103718
vn 0.586289 0.740220 0.329149
vn 0.612123 0.635362 0.470766
vn 0.112859 0.743176 0.659509
vn 0.082954 0.866041 0.493043
vn 0.633033 0.503178 0.588286
vn 0.649542 0.348825 0.675586
vn 0.156797 0.406735 0.899990
vn 0.137832 0.587806 0.797174
vn 0.659503 0.179533 0.729947
vn 0.663886 0.002404 0.747830
vn 0.173648 -0.000002 0.984808
vn 0.168914 0.207902 0.963455
vn 0.661102 -0.174731 0.729666
vn 0.170793 -0.207897 0.963125
vn 0.324186 -0.213856 0.921504
vn 0.339468 0.010266 0.940562
vn 0.327169 -0.391025 0.860267
vn 0.323018 0.196634 0.925740
vn 0.322193 0.410183 0.853195
vn 0.292936 0.573428 0.765094
vn 0.278297 0.739534 0.612894
vn 0.239138 0.851190 0.467214
vn 0.215480 0.940728 0.261915
vn 0.171002 0.981654 0.084348
vn 0.144454 0.979599 -0.139712
vn 0.100187 0.942673 -0.318323
vn 0.077646 0.849343 -0.522099
vn 0.039052 0.741173 -0.670177
vn 0.026456 0.572375 -0.819565
vn -0.002004 0.410835 -0.911707
vn -0.000180 0.196073 -0.980589
vn -0.015662 0.010378 -0.999823
vn 0.002345 -0.212781 -0.977097
vn 0.000205 -0.391376 -0.920231
vn 0.033519 -0.585602 -0.809906
vn 0.043113 -0.726600 -0.685707
vn 0.088189 -0.857301 -0.507206
vn 0.105545 -0.935407 -0.337453
vn 0.156638 -0.980026 -0.122529
vn 0.176559 -0.982209 0.063976
vn 0.227075 -0.933285 0.278238
vn 0.244016 -0.859106 0.449882
vn 0.287426 -0.724871 0.626057
vn 0.296270 -0.587082 0.753365
vn 0.197695 0.801922 0.563771
vn 0.991402 -0.029970 -0.127371
vn 0.797841 0.283465 -0.532069
vn 0.107239 0.988945 -0.102409
vn 0.000868 -0.807918 -0.589295
vn -0.041120 -0.214178 -0.975929
vn -0.109836 -0.808601 -0.578014
vn -0.128509 -0.310043 -0.941997
vn -0.176976 -0.804078 -0.567572
vn -0.181094 -0.232970 -0.955474
vn -0.991406 0.030011 0.127332
vn -0.878817 0.344196 -0.330469
vn 0.020234 0.808827 0.587698
vn -0.032345 0.995519 -0.088854
vn 0.087990 0.809271 0.580808
vn 0.032877 0.999449 -0.004604
vn 0.264642 -0.312616 0.912269
vn 0.980058 -0.051091 -0.192029
vn 0.890384 0.455120 -0.009004
vn 0.285673 0.371116 0.883552
vn -0.068357 0.302389 -0.950730
vn 0.034788 0.849780 -0.525989
vn -0.178140 0.309604 -0.934030
vn -0.079803 0.780492 -0.620051
vn -0.244292 0.312137 -0.918092
vn -0.113435 0.841629 -0.528008
vn -0.980040 0.051219 0.192087
vn -0.765348 0.557851 0.321007
vn 0.089359 -0.304044 0.948458
vn 0.145261 0.380962 0.913108
vn 0.156549 -0.308474 0.938262
vn 0.201314 0.264736 0.943073
vn 0.101900 -0.994505 -0.023997
vn 0.972778 0.004579 -0.231696
vn 0.949284 0.004125 0.314391
vn 0.242094 -0.753449 0.611315
vn 0.092915 0.995422 -0.022407
vn 0.238037 0.745363 0.622714
vn -0.015233 0.999878 0.003349
vn 0.131491 0.817679 0.560457
vn -0.081392 0.996499 0.019113
vn 0.095697 0.764087 0.637976
vn -0.972747 -0.004579 0.231824
vn -0.690877 -0.003737 0.722963
vn -0.072386 -0.997223 0.017532
vn 0.105589 -0.754015 0.648315
vn -0.006199 -0.999979 0.001757
vn 0.140355 -0.817082 0.559176
vn -0.065634 -0.301459 -0.951217
vn 0.979548 0.060308 -0.191959
vn 0.892874 -0.450231 -0.008247
vn 0.042158 -0.859258 -0.509802
vn 0.261809 0.313542 0.912769
vn 0.284368 -0.409641 0.866792
vn 0.153762 0.308371 0.938757
vn 0.204112 -0.381654 0.901487
vn 0.086615 0.303309 0.948948
vn 0.153226 -0.414939 0.896854
vn -0.979534 -0.060396 0.192006
vn -0.757698 -0.568414 0.320623
vn -0.241470 -0.312851 -0.918595
vn -0.087899 -0.873811 -0.478256
vn -0.175345 -0.309695 -0.934528
vn -0.045335 -0.851513 -0.522370
vn -0.006435 0.808835 -0.588001
vn 0.991090 0.039121 -0.127320
vn 0.801885 -0.274231 -0.530827
vn -0.041119 0.251160 -0.967072
vn 0.204936 -0.800999 0.562495
vn 0.119605 -0.987750 -0.100223
vn 0.095305 -0.809365 0.579522
vn 0.048466 -0.996387 0.069748
vn 0.027551 -0.809543 0.586414
vn -0.020588 -0.998982 -0.040142
vn -0.991090 -0.039148 0.127313
vn -0.876949 -0.350250 -0.329068
vn -0.184238 0.803358 -0.566279
vn -0.186469 0.246350 -0.951073
vn -0.117143 0.808503 -0.576715
vn -0.130615 0.380878 -0.915353
vn 0.198790 0.801804 0.563554
vn 0.991398 -0.029948 -0.127409
vn 0.991399 -0.029952 -0.127399
vn 0.197694 0.801927 0.563764
vn 0.001990 -0.807854 -0.589380
vn 0.000869 -0.807911 -0.589303
vn -0.109619 -0.808611 -0.578041
vn -0.109836 -0.808602 -0.578014
vn -0.176385 -0.804141 -0.567667
vn -0.176975 -0.804083 -0.567565
vn -0.991402 0.029986 0.127369
vn -0.991402 0.029985 0.127366
vn 0.020837 0.808845 0.587653
vn 0.020236 0.808824 0.587703
vn 0.088207 0.809269 0.580777
vn 0.087990 0.809273 0.580806
vn 0.465681 0.319133 -0.825406
vn 0.092981 0.985680 -0.140677
vn -0.049461 -0.189472 -0.980640
vn -0.000249 -0.807985 -0.589203
vn 0.991394 -0.029923 -0.127446
vn 0.196598 0.802056 0.563964
vn -0.125370 -0.190720 -0.973606
vn -0.175774 -0.318679 -0.931422
vn -0.177564 -0.804034 -0.567450
vn -0.110051 -0.808606 -0.577966
vn -0.919737 0.331434 -0.210323
vn -0.010694 0.999442 0.031645
vn 0.019635 0.808821 0.587727
vn -0.991408 0.030005 0.127322
vn -0.061939 0.648410 -0.758767
vn 0.017376 0.991886 -0.125936
vn 0.087772 0.809285 0.580821
vn 0.265726 -0.312646 0.911944
vn 0.980054 -0.051137 -0.192038
vn 0.980054 -0.051127 -0.192040
vn 0.264640 -0.312622 0.912268
vn -0.067236 0.302291 -0.950841
vn -0.068358 0.302385 -0.950731
vn -0.177924 0.309593 -0.934074
vn -0.178141 0.309604 -0.934030
vn -0.243705 0.312121 -0.918253
vn -0.244292 0.312137 -0.918092
vn -0.980037 0.051220 0.192105
vn -0.980039 0.051229 0.192089
vn 0.089959 -0.304090 0.948386
vn 0.089358 -0.304044 0.948458
vn 0.156765 -0.308489 0.938221
vn 0.156549 -0.308476 0.938262
vn 0.534740 0.844799 -0.019204
vn 0.274181 0.452422 0.848610
vn 0.039617 0.884096 -0.465623
vn -0.069482 0.302481 -0.950619
vn 0.980052 -0.051147 -0.192048
vn 0.263553 -0.312607 0.912588
vn -0.033735 0.894663 -0.445466
vn -0.109117 0.832180 -0.543663
vn -0.244879 0.312151 -0.917930
vn -0.178357 0.309618 -0.933984
vn -0.783253 0.499562 0.370072
vn 0.155372 0.329400 0.931319
vn 0.088755 -0.304005 0.948527
vn -0.980050 0.051163 0.192051
vn 0.198298 0.462272 0.864282
vn 0.156331 -0.308469 0.938300
vn 0.103011 -0.994384 -0.024261
vn 0.972783 0.004581 -0.231674
vn 0.972783 0.004577 -0.231671
vn 0.101904 -0.994505 -0.023995
vn 0.094025 0.995312 -0.022670
vn 0.092916 0.995422 -0.022407
vn -0.015016 0.999882 0.003297
vn -0.015233 0.999878 0.003349
vn -0.080797 0.996550 0.018971
vn -0.081392 0.996499 0.019113
vn -0.972756 -0.004582 0.231786
vn -0.972755 -0.004577 0.231792
vn -0.071789 -0.997268 0.017389
vn -0.072385 -0.997223 0.017529
vn -0.005982 -0.999981 0.001705
vn -0.006199 -0.999979 0.001756
vn 0.806736 0.153796 0.570547
vn 0.228147 -0.762187 0.605822
vn 0.222942 0.763463 0.606153
vn 0.091809 0.995530 -0.022146
vn 0.972768 0.004568 -0.231735
vn 0.100793 -0.994624 -0.023755
vn 0.145441 0.779353 0.609472
vn 0.069143 0.856619 0.511296
vn -0.081987 0.996447 0.019252
vn -0.015450 0.999875 0.003401
vn -0.812848 -0.053439 0.580019
vn 0.074408 -0.866112 0.494281
vn -0.072975 -0.997177 0.017689
vn -0.972755 -0.004567 0.231790
vn 0.150708 -0.779423 0.608102
vn -0.006415 -0.999978 0.001808
vn -0.064508 -0.301358 -0.951326
vn 0.979553 0.060276 -0.191946
vn 0.979552 0.060280 -0.191949
vn -0.065633 -0.301461 -0.951217
vn 0.262898 0.313569 0.912447
vn 0.261810 0.313537 0.912770
vn 0.153980 0.308384 0.938717
vn 0.153763 0.308370 0.938757
vn 0.087218 0.303368 0.948874
vn 0.086616 0.303314 0.948946
vn -0.979538 -0.060329 0.192007
vn -0.979540 -0.060347 0.191987
vn -0.240882 -0.312835 -0.918755
vn -0.241469 -0.312857 -0.918593
vn -0.175127 -0.309687 -0.934572
vn -0.175344 -0.309700 -0.934527
vn 0.593523 -0.729988 0.338891
vn 0.049090 -0.886647 -0.459834
vn 0.278823 -0.453332 0.846610
vn 0.260723 0.313505 0.913092
vn 0.979554 0.060264 -0.191944
vn -0.066758 -0.301568 -0.951105
vn 0.204383 -0.468155 0.859685
vn 0.156599 -0.354947 0.921677
vn 0.086011 0.303275 0.949013
vn 0.153545 0.308363 0.938795
vn -0.791703 -0.554582 0.256212
vn -0.101939 -0.826189 -0.554095
vn -0.242057 -0.312871 -0.918434
vn -0.979550 -0.060308 0.191949
vn -0.026196 -0.897253 -0.440739
vn -0.175561 -0.309708 -0.934483
vn -0.005321 0.808777 -0.588092
vn 0.991086 0.039117 -0.127348
vn 0.991088 0.039114 -0.127339
vn -0.006436 0.808825 -0.588014
vn 0.206035 -0.800867 0.562283
vn 0.204938 -0.801001 0.562493
vn 0.095522 -0.809360 0.579493
vn 0.095305 -0.809365 0.579522
vn 0.028150 -0.809562 0.586359
vn 0.027551 -0.809544 0.586412
vn -0.991090 -0.039173 0.127303
vn -0.991091 -0.039150 0.127306
vn -0.183647 0.803422 -0.566380
vn -0.184237 0.803359 -0.566278
vn -0.116927 0.808508 -0.576752
vn -0.117143 0.808497 -0.576723
vn 0.436531 -0.631580 -0.640740
vn -0.049848 0.156367 -0.986440
vn 0.100162 -0.980009 -0.171903
vn 0.203843 -0.801140 0.562693
vn 0.991087 0.039112 -0.127344
vn -0.007550 0.808885 -0.587918
vn 0.023631 -0.985125 -0.170206
vn -0.010868 -0.999282 -0.036287
vn 0.026953 -0.809558 0.586421
vn 0.095087 -0.809385 0.579530
vn -0.904781 -0.275990 -0.324346
vn -0.176337 0.291147 -0.940286
vn -0.184822 0.803311 -0.566156
vn -0.991108 -0.039218 0.127152
vn -0.127355 0.149457 -0.980532
vn -0.117358 0.808501 -0.576674
vn -0.128799 0.406681 -0.904445
vn -0.111432 0.587635 -0.801416
vn 0.582812 0.425135 -0.692525
vn 0.569794 0.295372 -0.766870
vn -0.087792 0.742909 -0.663610
vn 0.599252 0.536994 -0.593746
vn -0.058944 0.865719 -0.497048
vn 0.620482 0.624854 -0.473877
vn -0.026115 0.950701 -0.309009
vn 0.643530 0.686312 -0.338887
vn 0.009241 0.994140 -0.107703
vn 0.669407 0.717047 -0.194260
vn 0.045606 0.994134 0.098072
vn 0.695036 0.717480 -0.046335
vn 0.081355 0.950681 0.299312
vn 0.721152 0.685801 0.098069
vn 0.114973 0.865688 0.487201
vn 0.744816 0.625153 0.233309
vn 0.144969 0.742877 0.653543
vn 0.766751 0.536544 0.352438
vn 0.170020 0.587606 0.791083
vn 0.784299 0.425305 0.451654
vn 0.188982 0.406663 0.893818
vn 0.798320 0.295100 0.524977
vn 0.201088 0.207951 0.957246
vn 0.806618 0.152503 0.571060
vn 0.205806 0.000150 0.978593
vn 0.810412 0.003193 0.585852
vn 0.202966 -0.207650 0.956915
vn 0.807978 -0.146117 0.570807
vn 0.192630 -0.406359 0.893178
vn 0.800959 -0.288710 0.524510
vn 0.175273 -0.587298 0.790165
vn 0.788099 -0.418927 0.450999
vn 0.151619 -0.742570 0.652381
vn 0.771549 -0.530170 0.351614
vn 0.122747 -0.865391 0.485832
vn 0.750412 -0.618791 0.232335
vn 0.089904 -0.950386 0.297797
vn 0.727296 -0.679437 0.096987
vn 0.054541 -0.993838 0.096497
vn 0.701467 -0.711120 -0.047467
vn 0.018163 -0.993846 -0.109269
vn 0.675832 -0.710684 -0.195394
vn -0.017603 -0.950406 -0.310515
vn 0.649671 -0.679951 -0.339993
vn -0.051209 -0.865419 -0.498425
vn 0.626062 -0.618485 -0.474893
vn -0.081156 -0.742614 -0.664784
vn 0.604043 -0.530645 -0.594599
vn -0.106167 -0.587350 -0.802340
vn 0.586617 -0.418790 -0.693178
vn -0.125147 -0.406395 -0.905086
vn 0.572444 -0.289007 -0.767322
vn -0.137285 -0.207662 -0.968519
vn 0.564281 -0.146068 -0.812558
vn -0.142015 0.000151 -0.989864
vn 0.560327 0.003203 -0.828265
vn -0.139151 0.207957 -0.968190
vn 0.562928 0.152466 -0.812322
f 1/1/1 2/2/2 3/3/3
f 1/1/1 3/3/3 4/4/4
f 2/2/2 5/5/5 6/6/6
f 2/2/2 6/6/6 3/3/3
f 3/3/3 6/6/6 7/7/7
f 3/3/3 7/7/7 8/8/8
f 4/4/4 3/3/3 8/8/8
f 4/4/4 8/8/8 9/9/9
f 10/10/10 11/11/11 12/12/12
f 10/10/10 12/12/12 13/13/13
f 11/11/11 14/14/14 15/15/15
f 11/11/11 15/15/15 12/12/12
f 12/12/12 15/15/15 16/16/16
f 12/12/12 16/16/16 17/17/17
f 13/13/13 12/12/12 17/17/17
f 13/13/13 17/17/17 18/18/18
f 14/14/14 19/19/19 20/20/20
f 14/14/14 20/20/20 15/15/15
f 19/19/19 21/21/21 22/22/22
f 19/19/19 22/22/22 20/20/20
f 20/20/20 22/22/22 23/23/23
f 20/20/20 23/23/23 24/24/24
f 15/15/15 20/20/20 24/24/24
f 15/15/15 24/24/24 16/16/16
f 25/25/25 26/26/26 27/27/27
f 25/25/25 27/27/27 28/28/28
f 26/26/26 29/29/29 30/30/30
f 26/26/26 30/30/30 27/27/27
f 27/27/27 30/30/30 31/31/31
f 27/27/27 31/31/31 32/32/32
f 28/28/28 27/27/27 32/32/32
f 28/28/28 32/32/32 33/33/33
f 34/34/34 35/35/35 36/36/36
f 34/34/34 36/36/36 37/37/37
f 35/35/35 38/38/38 39/39/39
f 35/35/35 39/39/39 36/36/36
f 36/36/36 39/39/39 40/40/40
f 36/36/36 40/40/40 41/41/41
f 37/37/37 36/36/36 41/41/41
f 37/37/37 41/41/41 42/42/42
f 38/38/38 43/43/43 44/44/44
f 38/38/38 44/44/44 39/39/39
f 43/43/43 45/45/45 46/46/46
f 43/43/43 46/46/46 44/44/44
f 44/44/44 46/46/46 47/47/47
f 44/44/44 47/47/47 48/48/48
f 39/39/39 44/44/44 48/48/48
f 39/39/39 48/48/48 40/40/40
f 49/49/49 50/50/50 51/51/51
f 49/49/49 51/51/51 52/52/52
f 50/50/50 53/53/53 54/54/54
f 50/50/50 54/54/54 51/51/51
f 51/51/51 54/54/54 55/55/55
f 51/51/51 55/55/55 56/56/56
f 52/52/52 51/51/51 56/56/56
f 52/52/52 56/56/56 57/57/57
f 58/58/58 59/59/59 60/60/60
f 58/58/58 60/60/60 61/61/61
f 59/59/59 62/62/62 63/63/63
f 59/59/59 63/63/63 60/60/60
f 60/60/60 63/63/63 64/64/64
f 60/60/60 64/64/64 65/65/65
f 61/61/61 60/60/60 65/65/65
f 61/61/61 65/65/65 66/66/66
f 62/62/62 67/67/67 68/68/68
f 62/62/62 68/68/68 63/63/63
f 67/67/67 69/69/69 70/70/70
f 67/67/67 70/70/70 68/68/68
f 68/68/68 70/70/70 71/71/71
f 68/68/68 71/71/71 72/72/72
f 63/63/63 68/68/68 72/72/72
f 63/63/63 72/72/72 64/64/64
f 73/73/73 74/74/74 75/75/75
f 73/73/73 75/75/75 76/76/76
f 74/74/74 77/77/77 78/78/78
f 74/74/74 78/78/78 75/75/75
f 75/75/75 78/78/78 79/79/79
f 75/75/75 79/79/79 80/80/80
f 76/76/76 75/75/75 80/80/80
f 76/76/76 80/80/80 81/81/81
f 82/82/82 83/83/83 84/84/84
f 82/82/82 84/84/84 85/85/85
f 83/83/83 86/86/86 87/87/87
f 83/83/83 87/87/87 84/84/84
f 84/84/84 87/87/87 88/88/88
f 84/84/84 88/88/88 89/89/89
f 85/85/85 84/84/84 89/89/89
f 85/85/85 89/89/89 90/90/90
f 86/86/86 91/91/91 92/92/92
f 86/86/86 92/92/92 87/87/87
f 91/91/91 93/93/93 94/94/94
f 91/91/91 94/94/94 92/92/92
f 92/92/92 94/94/94 95/95/95
f 92/92/92 95/95/95 96/96/96
f 87/87/87 92/92/92 96/96/96
f 87/87/87 96/96/96 88/88/88
f 97/97/97 98/98/98 99/99/99
f 97/97/97 99/99/99 100/100/100
f 98/98/98 101/101/101 102/102/102
f 98/98/98 102/102/102 99/99/99
f 99/99/99 102/102/102 103/103/103
f 99/99/99 103/103/103 104/104/104
f 100/100/100 99/99/99 104/104/104
f 100/100/100 104/104/104 105/105/105
f 106/106/106 107/107/107 108/108/108
f 106/106/106 108/108/108 109/109/109
f 107/107/107 110/110/110 111/111/111
f 107/107/107 111/111/111 108/108/108
f 108/108/108 111/111/111 112/112/112
f 108/108/108 112/112/112 113/113/113
f 109/109/109 108/108/108 113/113/113
f 109/109/109 113/113/113 114/114/114
f 110/110/110 115/115/115 116/116/116
f 110/110/110 116/116/116 111/111/111
f 115/115/115 117/117/117 118/118/118
f 115/115/115 118/118/118 116/116/116
f 116/116/116 118/118/118 119/119/119
f 116/116/116 119/119/119 120/120/120
f 111/111/111 116/116/116 120/120/120
f 111/111/111 120/120/120 112/112/112
f 121/121/121 122/122/122 123/123/123
f 121/121/121 123/123/123 124/124/124
f 125/125/125 126/126/126 123/123/123
f 125/125/125 123/123/123 122/122/122
f 127/127/127 124/124/124 123/123/123
f 127/127/127 123/123/123 126/126/126
f 128/128/128 129/129/129 130/130/130
f 128/128/128 130/130/130 131/131/131
f 121/121/121 124/124/124 130/130/130
f 121/121/121 130/130/130 129/129/129
f 127/127/127 131/131/131 130/130/130
f 127/127/127 130/130/130 124/124/124
f 132/132/132 133/133/133 134/134/134
f 132/132/132 134/134/134 135/135/135
f 128/128/128 131/131/131 134/134/134
f 128/128/128 134/134/134 133/133/133
f 127/127/127 135/135/135 134/134/134
f 127/127/127 134/134/134 131/131/131
f 136/136/136 137/137/137 138/138/138
f 136/136/136 138/138/138 139/139/139
f 132/132/132 135/135/135 138/138/138
f 132/132/132 138/138/138 137/137/137
f 127/127/127 139/139/139 138/138/138
f 127/127/127 138/138/138 135/135/135
f 140/140/140 141/141/141 142/142/142
f 140/140/140 142/142/142 143/143/143
f 136/136/136 139/139/139 142/142/142
f 136/136/136 142/142/142 141/141/141
f 127/127/127 143/143/143 142/142/142
f 127/127/127 142/142/142 139/139/139
f 144/144/144 145/145/145 146/146/146
f 144/144/144 146/146/146 147/147/147
f 140/140/140 143/143/143 146/146/146
f 140/140/140 146/146/146 145/145/145
f 127/127/127 147/147/147 146/146/146
f 127/127/127 146/146/146 143/143/143
f 148/148/148 149/149/149 150/150/150
f 148/148/148 150/150/150 151/151/151
f 144/144/144 147/147/147 150/150/150
f 144/144/144 150/150/150 149/149/149
f 127/127/127 151/151/151 150/150/150
f 127/127/127 150/150/150 147/147/147
f 152/152/152 153/153/153 154/154/154
f 152/152/152 154/154/154 155/155/155
f 148/148/148 151/151/151 154/154/154
f 148/148/148 154/154/154 153/153/153
f 127/127/127 155/155/155 154/154/154
f 127/127/127 154/154/154 151/151/151
f 156/156/156 157/157/157 158/158/158
f 156/156/156 158/158/158 159/159/159
f 152/152/152 155/155/155 158/158/158
f 152/152/152 158/158/158 157/157/157
f 127/127/127 159/159/159 158/158/158
f 127/127/127 158/158/158 155/155/155
f 160/160/160 161/161/161 162/162/162
f 160/160/160 162/162/162 163/163/163
f 156/156/156 159/159/159 162/162/162
f 156/156/156 162/162/162 161/161/161
f 127/127/127 163/163/163 162/162/162
f 127/127/127 162/162/162 159/159/159
f 164/164/164 165/165/165 166/166/166
f 164/164/164 166/166/166 167/167/167
f 160/160/160 163/163/163 166/166/166
f 160/160/160 166/166/166 165/165/165
f 127/127/127 167/167/167 166/166/166
f 127/127/127 166/166/166 163/163/163
f 168/168/168 169/169/169 170/170/170
f 168/168/168 170/170/170 171/171/171
f 164/164/164 167/167/167 170/170/170
f 164/164/164 170/170/170 169/169/169
f 127/127/127 171/171/171 170/170/170
f 127/127/127 170/170/170 167/167/167
f 172/172/172 173/173/173 174/174/174
f 172/172/172 174/174/174 175/175/175
f 168/168/168 171/171/171 174/174/174
f 168/168/168 174/174/174 173/173/173
f 127/127/127 175/175/175 174/174/174
f 127/127/127 174/174/174 171/171/171
f 176/176/176 177/177/177 178/178/178
f 176/176/176 178/178/178 179/179/179
f 172/172/172 175/175/175 178/178/178
f 172/172/172 178/178/178 177/177/177
f 127/127/127 179/179/179 178/178/178
f 127/127/127 178/178/178 175/175/175
f 125/125/125 180/180/180 181/181/181
f 125/125/125 181/181/181 126/126/126
f 176/176/176 179/179/179 181/181/181
f 176/176/176 181/181/181 180/180/180
f 127/127/127 126/126/126 181/181/181
f 127/127/127 181/181/181 179/179/179
f 182/182/182 183/183/183 184/184/184
f 182/182/182 184/184/184 185/185/185
f 186/186/186 187/187/187 184/184/184
f 186/186/186 184/184/184 183/183/183
f 188/188/188 185/185/185 184/184/184
f 188/188/188 184/184/184 187/187/187
f 186/186/186 189/189/189 190/190/190
f 186/186/186 190/190/190 187/187/187
f 191/191/191 192/192/192 190/190/190
f 191/191/191 190/190/190 189/189/189
f 188/188/188 187/187/187 190/190/190
f 188/188/188 190/190/190 192/192/192
f 191/191/191 193/193/193 194/194/194
f 191/191/191 194/194/194 192/192/192
f 195/195/195 196/196/196 194/194/194
f 195/195/195 194/194/194 193/193/193
f 188/188/188 192/192/192 194/194/194
f 188/188/188 194/194/194 196/196/196
f 195/195/195 197/197/197 198/198/198
f 195/195/195 198/198/198 196/196/196
f 199/199/199 200/200/200 198/198/198
f 199/199/199 198/198/198 197/197/197
f 188/188/188 196/196/196 198/198/198
f 188/188/188 198/198/198 200/200/200
f 199/199/199 201/201/201 202/202/202
f 199/199/199 202/202/202 200/200/200
f 203/203/203 204/204/204 202/202/202
f 203/203/203 202/202/202 201/201/201
f 188/188/188 200/200/200 202/202/202
f 188/188/188 202/202/202 204/204/204
f 203/203/203 205/205/205 206/206/206
f 203/203/203 206/206/206 204/204/204
f 207/207/207 208/208/208 206/206/206
f 207/207/207 206/206/206 205/205/205
f 188/188/188 204/204/204 206/206/206
f 188/188/188 206/206/206 208/208/208
f 207/207/207 209/209/209 210/210/210
f 207/207/207 210/210/210 208/208/208
f 211/211/211 212/212/212 210/210/210
f 211/211/211 210/210/210 209/209/209
f 188/188/188 208/208/208 210/210/210
f 188/188/188 210/210/210 212/212/212
f 211/211/211 213/213/213 214/214/214
f 211/211/211 214/214/214 212/212/212
f 215/215/215 216/216/216 214/214/214
f 215/215/215 214/214/214 213/213/213
f 188/188/188 212/212/212 214/214/214
f 188/188/188 214/214/214 216/216/216
f 215/215/215 217/217/217 218/218/218
f 215/215/215 218/218/218 216/216/216
f 219/219/219 220/220/220 218/218/218
f 219/219/219 218/218/218 217/217/217
f 188/188/188 216/216/216 218/218/218
f 188/188/188 218/218/218 220/220/220
f 219/219/219 221/221/221 222/222/222
f 219/219/219 222/222/222 220/220/220
f 223/223/223 224/224/224 222/222/222
f 223/223/223 222/222/222 221/221/221
f 188/188/188 220/220/220 222/222/222
f 188/188/188 222/222/222 224/224/224
f 223/223/223 225/225/225 226/226/226
f 223/223/223 226/226/226 224/224/224
f 227/227/227 228/228/228 226/226/226
f 227/227/227 226/226/226 225/225/225
f 188/188/188 224/224/224 226/226/226
f 188/188/188 226/226/226 228/228/228
f 227/227/227 229/229/229 230/230/230
f 227/227/227 230/230/230 228/228/228
f 231/231/231 232/232/232 230/230/230
f 231/231/231 230/230/230 229/229/229
f 188/188/188 228/228/228 230/230/230
f 188/188/188 230/230/230 232/232/232
f 231/231/231 233/233/233 234/234/234
f 231/231/231 234/234/234 232/232/232
f 235/235/235 236/236/236 234/234/234
f 235/235/235 234/234/234 233/233/233
f 188/188/188 232/232/232 234/234/234
f 188/188/188 234/234/234 236/236/236
f 235/235/235 237/237/237 238/238/238
f 235/235/235 238/238/238 236/236/236
f 239/239/239 240/240/240 238/238/238
f 239/239/239 238/238/238 237/237/237
f 188/188/188 236/236/236 238/238/238
f 188/188/188 238/238/238 240/240/240
f 239/239/239 241/241/241 242/242/242
f 239/239/239 242/242/242 240/240/240
f 182/182/182 185/185/185 242/242/242
f 182/182/182 242/242/242 241/241/241
f 188/188/188 240/240/240 242/242/242
f 188/188/188 242/242/242 185/185/185
f 243/243/243 244/244/244 245/245/245
f 243/243/243 245/245/245 246/246/246
f 244/244/244 247/247/247 248/248/248
f 244/244/244 248/248/248 245/245/245
f 245/245/245 248/248/248 10/10/10
f 245/245/245 10/10/10 249/249/249
f 246/246/246 245/245/245 249/249/249
f 246/246/246 249/249/249 250/250/250
f 247/247/247 251/251/251 252/252/252
f 247/247/247 252/252/252 248/248/248
f 251/251/251 253/253/253 254/254/254
f 251/251/251 254/254/254 252/252/252
f 252/252/252 254/254/254 14/14/14
f 252/252/252 14/14/14 11/11/11
f 248/248/248 252/252/252 11/11/11
f 248/248/248 11/11/11 10/10/10
f 253/253/253 255/255/255 256/256/256
f 253/253/253 256/256/256 254/254/254
f 255/255/255 257/257/257 258/258/258
f 255/255/255 258/258/258 256/256/256
f 256/256/256 258/258/258 21/21/21
f 256/256/256 21/21/21 19/19/19
f 254/254/254 256/256/256 19/19/19
f 254/254/254 19/19/19 14/14/14
f 257/257/257 259/259/259 260/260/260
f 257/257/257 260/260/260 258/258/258
f 259/259/259 261/261/261 262/262/262
f 259/259/259 262/262/262 260/260/260
f 260/260/260 262/262/262 34/34/34
f 260/260/260 34/34/34 263/263/263
f 258/258/258 260/260/260 263/263/263
f 258/258/258 263/263/263 21/21/21
f 261/261/261 264/264/264 265/265/265
f 261/261/261 265/265/265 262/262/262
f 264/264/264 266/266/266 267/267/267
f 264/264/264 267/267/267 265/265/265
f 265/265/265 267/267/267 38/38/38
f 265/265/265 38/38/38 35/35/35
f 262/262/262 265/265/265 35/35/35
f 262/262/262 35/35/35 34/34/34
f 266/266/266 268/268/268 269/269/269
f 266/266/266 269/269/269 267/267/267
f 268/268/268 270/270/270 271/271/271
f 268/268/268 271/271/271 269/269/269
f 269/269/269 271/271/271 45/45/45
f 269/269/269 45/45/45 43/43/43
f 267/267/267 269/269/269 43/43/43
f 267/267/267 43/43/43 38/38/38
f 270/270/270 272/272/272 273/273/273
f 270/270/270 273/273/273 271/271/271
f 272/272/272 274/274/274 275/275/275
f 272/272/272 275/275/275 273/273/273
f 273/273/273 275/275/275 58/58/58
f 273/273/273 58/58/58 276/276/276
f 271/271/271 273/273/273 276/276/276
f 271/271/271 276/276/276 45/45/45
f 274/274/274 277/277/277 278/278/278
f 274/274/274 278/278/278 275/275/275
f 277/277/277 279/279/279 280/280/280
f 277/277/277 280/280/280 278/278/278
f 278/278/278 280/280/280 62/62/62
f 278/278/278 62/62/62 59/59/59
f 275/275/275 278/278/278 59/59/59
f 275/275/275 59/59/59 58/58/58
f 279/279/279 281/281/281 282/282/282
f 279/279/279 282/282/282 280/280/280
f 281/281/281 283/283/283 284/284/284
f 281/281/281 284/284/284 282/282/282
f 282/282/282 284/284/284 69/69/69
f 282/282/282 69/69/69 67/67/67
f 280/280/280 282/282/282 67/67/67
f 280/280/280 67/67/67 62/62/62
f 283/283/283 285/285/285 286/286/286
f 283/283/283 286/286/286 284/284/284
f 285/285/285 287/287/287 288/288/288
f 285/285/285 288/288/288 286/286/286
f 286/286/286 288/288/288 82/82/82
f 286/286/286 82/82/82 289/289/289
f 284/284/284 286/286/286 289/289/289
f 284/284/284 289/289/289 69/69/69
f 287/287/287 290/290/290 291/291/291
f 287/287/287 291/291/291 288/288/288
f 290/290/290 292/292/292 293/293/293
f 290/290/290 293/293/293 291/291/291
f 291/291/291 293/293/293 86/86/86
f 291/291/291 86/86/86 83/83/83
f 288/288/288 291/291/291 83/83/83
f 288/288/288 83/83/83 82/82/82
f 292/292/292 294/294/294 295/295/295
f 292/292/292 295/295/295 293/293/293
f 294/294/294 296/296/296 297/297/297
f 294/294/294 297/297/297 295/295/295
f 295/295/295 297/297/297 93/93/93
f 295/295/295 93/93/93 91/91/91
f 293/293/293 295/295/295 91/91/91
f 293/293/293 91/91/91 86/86/86
f 296/296/296 298/298/298 299/299/299
f 296/296/296 299/299/299 297/297/297
f 298/298/298 300/300/300 301/301/301
f 298/298/298 301/301/301 299/299/299
f 299/299/299 301/301/301 106/106/106
f 299/299/299 106/106/106 302/302/302
f 297/297/297 299/299/299 302/302/302
f 297/297/297 302/302/302 93/93/93
f 300/300/300 303/303/303 304/304/304
f 300/300/300 304/304/304 301/301/301
f 303/303/303 305/305/305 306/306/306
f 303/303/303 306/306/306 304/304/304
f 304/304/304 306/306/306 110/110/110
f 304/304/304 110/110/110 107/107/107
f 301/301/301 304/304/304 107/107/107
f 301/301/301 107/107/107 106/106/106
f 305/305/305 307/307/307 308/308/308
f 305/305/305 308/308/308 306/306/306
f 307/307/307 309/309/309 310/310/310
f 307/307/307 310/310/310 308/308/308
f 308/308/308 310/310/310 117/117/117
f 308/308/308 117/117/117 115/115/115
f 306/306/306 308/308/308 115/115/115
f 306/306/306 115/115/115 110/110/110
f 112/112/112 120/120/120 311/311/311
f 112/112/112 311/311/311 312/312/312
f 120/120/120 119/119/119 313/313/313
f 120/120/120 313/313/313 311/311/311
f 311/311/311 313/313/313 314/314/314
f 311/311/311 314/314/314 315/315/315
f 312/312/312 311/311/311 315/315/315
f 312/312/312 315/315/315 316/316/316
f 114/114/114 113/113/113 317/317/317
f 114/114/114 317/317/317 318/318/318
f 113/113/113 112/112/112 312/312/312
f 113/113/113 312/312/312 317/317/317
f 317/317/317 312/312/312 316/316/316
f 317/317/317 316/316/316 319/319/319
f 318/318/318 317/317/317 319/319/319
f 318/318/318 319/319/319 320/320/320
f 95/95/95 321/321/321 322/322/322
f 95/95/95 322/322/322 323/323/323
f 321/321/321 114/114/114 318/318/318
f 321/321/321 318/318/318 322/322/322
f 322/322/322 318/318/318 320/320/320
f 322/322/322 320/320/320 324/324/324
f 323/323/323 322/322/322 324/324/324
f 323/323/323 324/324/324 325/325/325
f 88/88/88 96/96/96 326/326/326
f 88/88/88 326/326/326 327/327/327
f 96/96/96 95/95/95 323/323/323
f 96/96/96 323/323/323 326/326/326
f 326/326/326 323/323/323 325/325/325
f 326/326/326 325/325/325 328/328/328
f 327/327/327 326/326/326 328/328/328
f 327/327/327 328/328/328 329/329/329
f 90/90/90 89/89/89 330/330/330
f 90/90/90 330/330/330 331/331/331
f 89/89/89 88/88/88 327/327/327
f 89/89/89 327/327/327 330/330/330
f 330/330/330 327/327/327 329/329/329
f 330/330/330 329/329/329 332/332/332
f 331/331/331 330/330/330 332/332/332
f 331/331/331 332/332/332 333/333/333
f 71/71/71 334/334/334 335/335/335
f 71/71/71 335/335/335 336/336/336
f 334/334/334 90/90/90 331/331/331
f 334/334/334 331/331/331 335/335/335
f 335/335/335 331/331/331 333/333/333
f 335/335/335 333/333/333 337/337/337
f 336/336/336 335/335/335 337/337/337
f 336/336/336 337/337/337 338/338/338
f 64/64/64 72/72/72 339/339/339
f 64/64/64 339/339/339 340/340/340
f 72/72/72 71/71/71 336/336/336
f 72/72/72 336/336/336 339/339/339
f 339/339/339 336/336/336 338/338/338
f 339/339/339 338/338/338 341/341/341
f 340/340/340 339/339/339 341/341/341
f 340/340/340 341/341/341 342/342/342
f 66/66/66 65/65/65 343/343/343
f 66/66/66 343/343/343 344/344/344
f 65/65/65 64/64/64 340/340/340
f 65/65/65 340/340/340 343/343/343
f 343/343/343 340/340/340 342/342/342
f 343/343/343 342/342/342 345/345/345
f 344/344/344 343/343/343 345/345/345
f 344/344/344 345/345/345 346/346/346
f 47/47/47 347/347/347 348/348/348
f 47/47/47 348/348/348 349/349/349
f 347/347/347 66/66/66 344/344/344
f 347/347/347 344/344/344 348/348/348
f 348/348/348 344/344/344 346/346/346
f 348/348/348 346/346/346 350/350/350
f 349/349/349 348/348/348 350/350/350
f 349/349/349 350/350/350 351/351/351
f 40/40/40 48/48/48 352/352/352
f 40/40/40 352/352/352 353/353/353
f 48/48/48 47/47/47 349/349/349
f 48/48/48 349/349/349 352/352/352
f 352/352/352 349/349/349 351/351/351
f 352/352/352 351/351/351 354/354/354
f 353/353/353 352/352/352 354/354/354
f 353/353/353 354/354/354 355/355/355
f 42/42/42 41/41/41 356/356/356
f 42/42/42 356/356/356 357/357/357
f 41/41/41 40/40/40 353/353/353
f 41/41/41 353/353/353 356/356/356
f 356/356/356 353/353/353 355/355/355
f 356/356/356 355/355/355 358/358/358
f 357/357/357 356/356/356 358/358/358
f 357/357/357 358/358/358 359/359/359
f 23/23/23 360/360/360 361/361/361
f 23/23/23 361/361/361 362/362/362
f 360/360/360 42/42/42 357/357/357
f 360/360/360 357/357/357 361/361/361
f 361/361/361 357/357/357 359/359/359
f 361/361/361 359/359/359 363/363/363
f 362/362/362 361/361/361 363/363/363
f 362/362/362 363/363/363 364/364/364
f 16/16/16 24/24/24 365/365/365
f 16/16/16 365/365/365 366/366/366
f 24/24/24 23/23/23 362/362/362
f 24/24/24 362/362/362 365/365/365
f 365/365/365 362/362/362 364/364/364
f 365/365/365 364/364/364 367/367/367
f 366/366/366 365/365/365 367/367/367
f 366/366/366 367/367/367 368/368/368
f 18/18/18 17/17/17 369/369/369
f 18/18/18 369/369/369 370/370/370
f 17/17/17 16/16/16 366/366/366
f 17/17/17 366/366/366 369/369/369
f 369/369/369 366/366/366 368/368/368
f 369/369/369 368/368/368 371/371/371
f 370/370/370 369/369/369 371/371/371
f 370/370/370 371/371/371 372/372/372
f 373/373/373 374/374/374 375/375/375
f 373/373/373 375/375/375 376/376/376
f 374/374/374 18/18/18 370/370/370
f 374/374/374 370/370/370 375/375/375
f 375/375/375 370/370/370 372/372/372
f 375/375/375 372/372/372 377/377/377
f 376/376/376 375/375/375 377/377/377
f 376/376/376 377/377/377 378/378/378
f 379/379/379 380/380/380 381/381/381
f 379/379/379 381/381/381 382/382/382
f 380/380/380 383/383/383 384/384/384
f 380/380/380 384/384/384 381/381/381
f 381/381/381 384/384/384 385/385/385
f 381/381/381 385/385/385 386/386/386
f 382/382/382 381/381/381 386/386/386
f 382/382/382 386/386/386 387/387/387
f 383/383/383 388/388/388 389/389/389
f 383/383/383 389/389/389 384/384/384
f 388/388/388 390/390/390 391/391/391
f 388/388/388 391/391/391 389/389/389
f 389/389/389 391/391/391 392/392/392
f 389/389/389 392/392/392 393/393/393
f 384/384/384 389/389/389 393/393/393
f 384/384/384 393/393/393 385/385/385
f 390/390/390 394/394/394 395/395/395
f 390/390/390 395/395/395 391/391/391
f 394/394/394 396/396/396 397/397/397
f 394/394/394 397/397/397 395/395/395
f 395/395/395 397/397/397 398/398/398
f 395/395/395 398/398/398 399/399/399
f 391/391/391 395/395/395 399/399/399
f 391/391/391 399/399/399 392/392/392
f 396/396/396 400/400/400 401/401/401
f 396/396/396 401/401/401 397/397/397
f 400/400/400 402/402/402 403/403/403
f 400/400/400 403/403/403 401/401/401
f 401/401/401 403/403/403 404/404/404
f 401/401/401 404/404/404 405/405/405
f 397/397/397 401/401/401 405/405/405
f 397/397/397 405/405/405 398/398/398
f 402/402/402 406/406/406 407/407/407
f 402/402/402 407/407/407 403/403/403
f 406/406/406 408/408/408 409/409/409
f 406/406/406 409/409/409 407/407/407
f 407/407/407 409/409/409 410/410/410
f 407/407/407 410/410/410 411/411/411
f 403/403/403 407/407/407 411/411/411
f 403/403/403 411/411/411 404/404/404
f 408/408/408 412/412/412 413/413/413
f 408/408/408 413/413/413 409/409/409
f 412/412/412 414/414/414 415/415/415
f 412/412/412 415/415/415 413/413/413
f 413/413/413 415/415/415 416/416/416
f 413/413/413 416/416/416 417/417/417
f 409/409/409 413/413/413 417/417/417
f 409/409/409 417/417/417 410/410/410
f 414/414/414 418/418/418 419/419/419
f 414/414/414 419/419/419 415/415/415
f 418/418/418 420/420/420 421/421/421
f 418/418/418 421/421/421 419/419/419
f 419/419/419 421/421/421 422/422/422
f 419/419/419 422/422/422 423/423/423
f 415/415/415 419/419/419 423/423/423
f 415/415/415 423/423/423 416/416/416
f 420/420/420 424/424/424 425/425/425
f 420/420/420 425/425/425 421/421/421
f 424/424/424 426/426/426 427/427/427
f 424/424/424 427/427/427 425/425/425
f 425/425/425 427/427/427 428/428/428
f 425/425/425 428/428/428 429/429/429
f 421/421/421 425/425/425 429/429/429
f 421/421/421 429/429/429 422/422/422
f 426/426/426 430/430/430 431/431/431
f 426/426/426 431/431/431 427/427/427
f 430/430/430 432/432/432 433/433/433
f 430/430/430 433/433/433 431/431/431
f 431/431/431 433/433/433 434/434/434
f 431/431/431 434/434/434 435/435/435
f 427/427/427 431/431/431 435/435/435
f 427/427/427 435/435/435 428/428/428
f 432/432/432 436/436/436 437/437/437
f 432/432/432 437/437/437 433/433/433
f 436/436/436 438/438/438 439/439/439
f 436/436/436 439/439/439 437/437/437
f 437/437/437 439/439/439 440/440/440
f 437/437/437 440/440/440 441/441/441
f 433/433/433 437/437/437 441/441/441
f 433/433/433 441/441/441 434/434/434
f 438/438/438 442/442/442 443/443/443
f 438/438/438 443/443/443 439/439/439
f 442/442/442 444/444/444 445/445/445
f 442/442/442 445/445/445 443/443/443
f 443/443/443 445/445/445 446/446/446
f 443/443/443 446/446/446 447/447/447
f 439/439/439 443/443/443 447/447/447
f 439/439/439 447/447/447 440/440/440
f 444/444/444 448/448/448 449/449/449
f 444/444/444 449/449/449 445/445/445
f 448/448/448 450/450/450 451/451/451
f 448/448/448 451/451/451 449/449/449
f 449/449/449 451/451/451 452/452/452
f 449/449/449 452/452/452 453/453/453
f 445/445/445 449/449/449 453/453/453
f 445/445/445 453/453/453 446/446/446
f 450/450/450 454/454/454 455/455/455
f 450/450/450 455/455/455 451/451/451
f 454/454/454 456/456/456 457/457/457
f 454/454/454 457/457/457 455/455/455
f 455/455/455 457/457/457 458/458/458
f 455/455/455 458/458/458 459/459/459
f 451/451/451 455/455/455 459/459/459
f 451/451/451 459/459/459 452/452/452
f 456/456/456 460/460/460 461/461/461
f 456/456/456 461/461/461 457/457/457
f 460/460/460 462/462/462 463/463/463
f 460/460/460 463/463/463 461/461/461
f 461/461/461 463/463/463 464/464/464
f 461/461/461 464/464/464 465/465/465
f 457/457/457 461/461/461 465/465/465
f 457/457/457 465/465/465 458/458/458
f 462/462/462 466/466/466 467/467/467
f 462/462/462 467/467/467 463/463/463
f 466/466/466 379/379/379 382/382/382
f 466/466/466 382/382/382 467/467/467
f 467/467/467 382/382/382 387/387/387
f 467/467/467 387/387/387 468/468/468
f 463/463/463 467/467/467 468/468/468
f 463/463/463 468/468/468 464/464/464
f 469/469/469 470/470/470 471/471/471
f 469/469/469 471/471/471 472/472/472
f 470/470/470 473/473/473 474/474/474
f 470/470/470 474/474/474 471/471/471
f 471/471/471 474/474/474 475/475/475
f 471/471/471 475/475/475 476/476/476
f 472/472/472 471/471/471 476/476/476
f 472/472/472 476/476/476 477/477/477
f 473/473/473 478/478/478 479/479/479
f 473/473/473 479/479/479 474/474/474
f 478/478/478 480/480/480 481/481/481
f 478/478/478 481/481/481 479/479/479
f 479/479/479 481/481/481 482/482/482
f 479/479/479 482/482/482 483/483/483
f 474/474/474 479/479/479 483/483/483
f 474/474/474 483/483/483 475/475/475
f 480/480/480 484/484/484 485/485/485
f 480/480/480 485/485/485 481/481/481
f 484/484/484 486/486/486 487/487/487
f 484/484/484 487/487/487 485/485/485
f 485/485/485 487/487/487 488/488/488
f 485/485/485 488/488/488 489/489/489
f 481/481/481 485/485/485 489/489/489
f 481/481/481 489/489/489 482/482/482
f 486/486/486 490/490/490 491/491/491
f 486/486/486 491/491/491 487/487/487
f 490/490/490 492/492/492 493/493/493
f 490/490/490 493/493/493 491/491/491
f 491/491/491 493/493/493 494/494/494
f 491/491/491 494/494/494 495/495/495
f 487/487/487 491/491/491 495/495/495
f 487/487/487 495/495/495 488/488/488
f 492/492/492 496/496/496 497/497/497
f 492/492/492 497/497/497 493/493/493
f 496/496/496 498/498/498 499/499/499
f 496/496/496 499/499/499 497/497/497
f 497/497/497 499/499/499 500/500/500
f 497/497/497 500/500/500 501/501/501
f 493/493/493 497/497/497 501/501/501
f 493/493/493 501/501/501 494/494/494
f 498/498/498 502/502/502 503/503/503
f 498/498/498 503/503/503 499/499/499
f 502/502/502 504/504/504 505/505/505
f 502/502/502 505/505/505 503/503/503
f 503/503/503 505/505/505 506/506/506
f 503/503/503 506/506/506 507/507/507
f 499/499/499 503/503/503 507/507/507
f 499/499/499 507/507/507 500/500/500
f 504/504/504 508/508/508 509/509/509
f 504/504/504 509/509/509 505/505/505
f 508/508/508 510/510/510 511/511/511
f 508/508/508 511/511/511 509/509/509
f 509/509/509 511/511/511 512/512/512
f 509/509/509 512/512/512 513/513/513
f 505/505/505 509/509/509 513/513/513
f 505/505/505 513/513/513 506/506/506
f 510/510/510 514/514/514 515/515/515
f 510/510/510 515/515/515 511/511/511
f 514/514/514 516/516/516 517/517/517
f 514/514/514 517/517/517 515/515/515
f 515/515/515 517/517/517 518/518/518
f 515/515/515 518/518/518 519/519/519
f 511/511/511 515/515/515 519/519/519
f 511/511/511 519/519/519 512/512/512
f 516/516/516 520/520/520 521/521/521
f 516/516/516 521/521/521 517/517/517
f 520/520/520 522/522/522 523/523/523
f 520/520/520 523/523/523 521/521/521
f 521/521/521 523/523/523 524/524/524
f 521/521/521 524/524/524 525/525/525
f 517/517/517 521/521/521 525/525/525
f 517/517/517 525/525/525 518/518/518
f 522/522/522 526/526/526 527/527/527
f 522/522/522 527/527/527 523/523/523
f 526/526/526 528/528/528 529/529/529
f 526/526/526 529/529/529 527/527/527
f 527/527/527 529/529/529 530/530/530
f 527/527/527 530/530/530 531/531/531
f 523/523/523 527/527/527 531/531/531
f 523/523/523 531/531/531 524/524/524
f 528/528/528 532/532/532 533/533/533
f 528/528/528 533/533/533 529/529/529
f 532/532/532 534/534/534 535/535/535
f 532/532/532 535/535/535 533/533/533
f 533/533/533 535/535/535 536/536/536
f 533/533/533 536/536/536 537/537/537
f 529/529/529 533/533/533 537/537/537
f 529/529/529 537/537/537 530/530/530
f 534/534/534 538/538/538 539/539/539
f 534/534/534 539/539/539 535/535/535
f 538/538/538 540/540/540 541/541/541
f 538/538/538 541/541/541 539/539/539
f 539/539/539 541/541/541 542/542/542
f 539/539/539 542/542/542 543/543/543
f 535/535/535 539/539/539 543/543/543
f 535/535/535 543/543/543 536/536/536
f 540/540/540 544/544/544 545/545/545
f 540/540/540 545/545/545 541/541/541
f 544/544/544 546/546/546 547/547/547
f 544/544/544 547/547/547 545/545/545
f 545/545/545 547/547/547 548/548/548
f 545/545/545 548/548/548 549/549/549
f 541/541/541 545/545/545 549/549/549
f 541/541/541 549/549/549 542/542/542
f 546/546/546 550/550/550 551/551/551
f 546/546/546 551/551/551 547/547/547
f 550/550/550 552/552/552 553/553/553
f 550/550/550 553/553/553 551/551/551
f 551/551/551 553/553/553 554/554/554
f 551/551/551 554/554/554 555/555/555
f 547/547/547 551/551/551 555/555/555
f 547/547/547 555/555/555 548/548/548
f 552/552/552 556/556/556 557/557/557
f 552/552/552 557/557/557 553/553/553
f 556/556/556 469/469/469 472/472/472
f 556/556/556 472/472/472 557/557/557
f 557/557/557 472/472/472 477/477/477
f 557/557/557 477/477/477 558/558/558
f 553/553/553 557/557/557 558/558/558
f 553/553/553 558/558/558 554/554/554
f 387/387/387 386/386/386 559/559/559
f 387/387/387 559/559/559 560/560/560
f 386/386/386 385/385/385 561/561/561
f 386/386/386 561/561/561 559/559/559
f 559/559/559 561/561/561 562/562/562
f 559/559/559 562/562/562 563/563/563
f 560/560/560 559/559/559 563/563/563
f 560/560/560 563/563/563 564/564/564
f 385/385/385 393/393/393 565/565/565
f 385/385/385 565/565/565 561/561/561
f 393/393/393 392/392/392 566/566/566
f 393/393/393 566/566/566 565/565/565
f 565/565/565 566/566/566 567/567/567
f 565/565/565 567/567/567 568/568/568
f 561/561/561 565/565/565 568/568/568
f 561/561/561 568/568/568 562/562/562
f 392/392/392 399/399/399 569/569/569
f 392/392/392 569/569/569 566/566/566
f 399/399/399 398/398/398 570/570/570
f 399/399/399 570/570/570 569/569/569
f 569/569/569 570/570/570 571/571/571
f 569/569/569 571/571/571 572/572/572
f 566/566/566 569/569/569 572/572/572
f 566/566/566 572/572/572 567/567/567
f 398/398/398 405/405/405 573/573/573
f 398/398/398 573/573/573 570/570/570
f 405/405/405 404/404/404 574/574/574
f 405/405/405 574/574/574 573/573/573
f 573/573/573 574/574/574 575/575/575
f 573/573/573 575/575/575 576/576/576
f 570/570/570 573/573/573 576/576/576
f 570/570/570 576/576/576 571/571/571
f 404/404/404 411/411/411 577/577/577
f 404/404/404 577/577/577 574/574/574
f 411/411/411 410/410/410 578/578/578
f 411/411/411 578/578/578 577/577/577
f 577/577/577 578/578/578 579/579/579
f 577/577/577 579/579/579 580/580/580
f 574/574/574 577/577/577 580/580/580
f 574/574/574 580/580/580 575/575/575
f 410/410/410 417/417/417 581/581/581
f 410/410/410 581/581/581 578/578/578
f 417/417/417 416/416/416 582/582/582
f 417/417/417 582/582/582 581/581/581
f 581/581/581 582/582/582 583/583/583
f 581/581/581 583/583/583 584/584/584
f 578/578/578 581/581/581 584/584/584
f 578/578/578 584/584/584 579/579/579
f 416/416/416 423/423/423 585/585/585
f 416/416/416 585/585/585 582/582/582
f 423/423/423 422/422/422 586/586/586
f 423/423/423 586/586/586 585/585/585
f 585/585/585 586/586/586 587/587/587
f 585/585/585 587/587/587 588/588/588
f 582/582/582 585/585/585 588/588/588
f 582/582/582 588/588/588 583/583/583
f 422/422/422 429/429/429 589/589/589
f 422/422/422 589/589/589 586/586/586
f 429/429/429 428/428/428 590/590/590
f 429/429/429 590/590/590 589/589/589
f 589/589/589 590/590/590 591/591/591
f 589/589/589 591/591/591 592/592/592
f 586/586/586 589/589/589 592/592/592
f 586/586/586 592/592/592 587/587/587
f 428/428/428 435/435/435 593/593/593
f 428/428/428 593/593/593 590/590/590
f 435/435/435 434/434/434 594/594/594
f 435/435/435 594/594/594 593/593/593
f 593/593/593 594/594/594 595/595/595
f 593/593/593 595/595/595 596/596/596
f 590/590/590 593/593/593 596/596/596
f 590/590/590 596/596/596 591/591/591
f 434/434/434 441/441/441 597/597/597
f 434/434/434 597/597/597 594/594/594
f 441/441/441 440/440/440 598/598/598
f 441/441/441 598/598/598 597/597/597
f 597/597/597 598/598/598 599/599/599
f 597/597/597 599/599/599 600/600/600
f 594/594/594 597/597/597 600/600/600
f 594/594/594 600/600/600 595/595/595
f 440/440/440 447/447/447 601/601/601
f 440/440/440 601/601/601 598/598/598
f 447/447/447 446/446/446 602/602/602
f 447/447/447 602/602/602 601/601/601
f 601/601/601 602/602/602 603/603/603
f 601/601/601 603/603/603 604/604/604
f 598/598/598 601/601/601 604/604/604
f 598/598/598 604/604/604 599/599/599
f 446/446/446 453/453/453 605/605/605
f 446/446/446 605/605/605 602/602/602
f 453/453/453 452/452/452 606/606/606
f 453/453/453 606/606/606 605/605/605
f 605/605/605 606/606/606 607/607/607
f 605/605/605 607/607/607 608/608/608
f 602/602/602 605/605/605 608/608/608
f 602/602/602 608/608/608 603/603/603
f 452/452/452 459/459/459 609/609/609
f 452/452/452 609/609/609 606/606/606
f 459/459/459 458/458/458 610/610/610
f 459/459/459 610/610/610 609/609/609
f 609/609/609 610/610/610 611/611/611
f 609/609/609 611/611/611 612/612/612
f 606/606/606 609/609/609 612/612/612
f 606/606/606 612/612/612 607/607/607
f 458/458/458 465/465/465 613/613/613
f 458/458/458 613/613/613 610/610/610
f 465/465/465 464/464/464 614/614/614
f 465/465/465 614/614/614 613/613/613
f 613/613/613 614/614/614 615/615/615
f 613/613/613 615/615/615 616/616/616
f 610/610/610 613/613/613 616/616/616
f 610/610/610 616/616/616 611/611/611
f 464/464/464 468/468/468 617/617/617
f 464/464/464 617/617/617 614/614/614
f 468/468/468 387/387/387 560/560/560
f 468/468/468 560/560/560 617/617/617
f 617/617/617 560/560/560 564/564/564
f 617/617/617 564/564/564 618/618/618
f 614/614/614 617/617/617 618/618/618
f 614/614/614 618/618/618 615/615/615
f 554/554/554 558/558/558 619/619/619
f 554/554/554 619/619/619 620/620/620
f 558/558/558 477/477/477 621/621/621
f 558/558/558 621/621/621 619/619/619
f 619/619/619 621/621/621 182/182/182
f 619/619/619 182/182/182 241/241/241
f 620/620/620 619/619/619 241/241/241
f 620/620/620 241/241/241 239/239/239
f 548/548/548 555/555/555 622/622/622
f 548/548/548 622/622/622 623/623/623
f 555/555/555 554/554/554 620/620/620
f 555/555/555 620/620/620 622/622/622
f 622/622/622 620/620/620 239/239/239
f 622/622/622 239/239/239 237/237/237
f 623/623/623 622/622/622 237/237/237
f 623/623/623 237/237/237 235/235/235
f 542/542/542 549/549/549 624/624/624
f 542/542/542 624/624/624 625/625/625
f 549/549/549 548/548/548 623/623/623
f 549/549/549 623/623/623 624/624/624
f 624/624/624 623/623/623 235/235/235
f 624/624/624 235/235/235 233/233/233
f 625/625/625 624/624/624 233/233/233
f 625/625/625 233/233/233 231/231/231
f 536/536/536 543/543/543 626/626/626
f 536/536/536 626/626/626 627/627/627
f 543/543/543 542/542/542 625/625/625
f 543/543/543 625/625/625 626/626/626
f 626/626/626 625/625/625 231/231/231
f 626/626/626 231/231/231 229/229/229
f 627/627/627 626/626/626 229/229/229
f 627/627/627 229/229/229 227/227/227
f 530/530/530 537/537/537 628/628/628
f 530/530/530 628/628/628 629/629/629
f 537/537/537 536/536/536 627/627/627
f 537/537/537 627/627/627 628/628/628
f 628/628/628 627/627/627 227/227/227
f 628/628/628 227/227/227 225/225/225
f 629/629/629 628/628/628 225/225/225
f 629/629/629 225/225/225 223/223/223
f 524/524/524 531/531/531 630/630/630
f 524/524/524 630/630/630 631/631/631
f 531/531/531 530/530/530 629/629/629
f 531/531/531 629/629/629 630/630/630
f 630/630/630 629/629/629 223/223/223
f 630/630/630 223/223/223 221/221/221
f 631/631/631 630/630/630 221/221/221
f 631/631/631 221/221/221 219/219/219
f 518/518/518 525/525/525 632/632/632
f 518/518/518 632/632/632 633/633/633
f 525/525/525 524/524/524 631/631/631
f 525/525/525 631/631/631 632/632/632
f 632/632/632 631/631/631 219/219/219
f 632/632/632 219/219/219 217/217/217
f 633/633/633 632/632/632 217/217/217
f 633/633/633 217/217/217 215/215/215
f 512/512/512 519/519/519 634/634/634
f 512/512/512 634/634/634 635/635/635
f 519/519/519 518/518/518 633/633/633
f 519/519/519 633/633/633 634/634/634
f 634/634/634 633/633/633 215/215/215
f 634/634/634 215/215/215 213/213/213
f 635/635/635 634/634/634 213/213/213
f 635/635/635 213/213/213 211/211/211
f 506/506/506 513/513/513 636/636/636
f 506/506/506 636/636/636 637/637/637
f 513/513/513 512/512/512 635/635/635
f 513/513/513 635/635/635 636/636/636
f 636/636/636 635/635/635 211/211/211
f 636/636/636 211/211/211 209/209/209
f 637/637/637 636/636/636 209/209/209
f 637/637/637 209/209/209 207/207/207
f 500/500/500 507/507/507 638/638/638
f 500/500/500 638/638/638 639/639/639
f 507/507/507 506/506/506 637/637/637
f 507/507/507 637/637/637 638/638/638
f 638/638/638 637/637/637 207/207/207
f 638/638/638 207/207/207 205/205/205
f 639/639/639 638/638/638 205/205/205
f 639/639/639 205/205/205 203/203/203
f 494/494/494 501/501/501 640/640/640
f 494/494/494 640/640/640 641/641/641
f 501/501/501 500/500/500 639/639/639
f 501/501/501 639/639/639 640/640/640
f 640/640/640 639/639/639 203/203/203
f 640/640/640 203/203/203 201/201/201
f 641/641/641 640/640/640 201/201/201
f 641/641/641 201/201/201 199/199/199
f 488/488/488 495/495/495 642/642/642
f 488/488/488 642/642/642 643/643/643
f 495/495/495 494/494/494 641/641/641
f 495/495/495 641/641/641 642/642/642
f 642/642/642 641/641/641 199/199/199
f 642/642/642 199/199/199 197/197/197
f 643/643/643 642/642/642 197/197/197
f 643/643/643 197/197/197 195/195/195
f 482/482/482 489/489/489 644/644/644
f 482/482/482 644/644/644 645/645/645
f 489/489/489 488/488/488 643/643/643
f 489/489/489 643/643/643 644/644/644
f 644/644/644 643/643/643 195/195/195
f 644/644/644 195/195/195 193/193/193
f 645/645/645 644/644/644 193/193/193
f 645/645/645 193/193/193 191/191/191
f 475/475/475 483/483/483 646/646/646
f 475/475/475 646/646/646 647/647/647
f 483/483/483 482/482/482 645/645/645
f 483/483/483 645/645/645 646/646/646
f 646/646/646 645/645/645 191/191/191
f 646/646/646 191/191/191 189/189/189
f 647/647/647 646/646/646 189/189/189
f 647/647/647 189/189/189 186/186/186
f 477/477/477 476/476/476 648/648/648
f 477/477/477 648/648/648 621/621/621
f 476/476/476 475/475/475 647/647/647
f 476/476/476 647/647/647 648/648/648
f 648/648/648 647/647/647 186/186/186
f 648/648/648 186/186/186 183/183/183
f 621/621/621 648/648/648 183/183/183
f 621/621/621 183/183/183 182/182/182
f 649/649/649 650/650/650 651/651/651
f 649/649/649 651/651/651 652/652/652
f 650/650/650 653/653/653 654/654/654
f 650/650/650 654/654/654 651/651/651
f 651/651/651 654/654/654 5/5/5
f 651/651/651 5/5/5 2/2/2
f 652/652/652 651/651/651 2/2/2
f 652/652/652 2/2/2 1/1/1
f 653/653/653 655/655/655 656/656/656
f 653/653/653 656/656/656 654/654/654
f 655/655/655 657/657/657 658/658/658
f 655/655/655 658/658/658 656/656/656
f 656/656/656 658/658/658 7/7/7
f 656/656/656 7/7/7 6/6/6
f 654/654/654 656/656/656 6/6/6
f 654/654/654 6/6/6 5/5/5
f 657/657/657 659/659/659 660/660/660
f 657/657/657 660/660/660 658/658/658
f 659/659/659 661/661/661 662/662/662
f 659/659/659 662/662/662 660/660/660
f 660/660/660 662/662/662 9/9/9
f 660/660/660 9/9/9 8/8/8
f 658/658/658 660/660/660 8/8/8
f 658/658/658 8/8/8 7/7/7
f 661/661/661 663/663/663 664/664/664
f 661/661/661 664/664/664 662/662/662
f 663/663/663 649/649/649 652/652/652
f 663/663/663 652/652/652 664/664/664
f 664/664/664 652/652/652 1/1/1
f 664/664/664 1/1/1 4/4/4
f 662/662/662 664/664/664 4/4/4
f 662/662/662 4/4/4 9/9/9
f 665/665/665 666/666/666 667/667/667
f 665/665/665 667/667/667 668/668/668
f 666/666/666 669/669/669 670/670/670
f 666/666/666 670/670/670 667/667/667
f 667/667/667 670/670/670 29/29/29
f 667/667/667 29/29/29 26/26/26
f 668/668/668 667/667/667 26/26/26
f 668/668/668 26/26/26 25/25/25
f 669/669/669 671/671/671 672/672/672
f 669/669/669 672/672/672 670/670/670
f 671/671/671 673/673/673 674/674/674
f 671/671/671 674/674/674 672/672/672
f 672/672/672 674/674/674 31/31/31
f 672/672/672 31/31/31 30/30/30
f 670/670/670 672/672/672 30/30/30
f 670/670/670 30/30/30 29/29/29
f 673/673/673 675/675/675 676/676/676
f 673/673/673 676/676/676 674/674/674
f 675/675/675 677/677/677 678/678/678
f 675/675/675 678/678/678 676/676/676
f 676/676/676 678/678/678 33/33/33
f 676/676/676 33/33/33 32/32/32
f 674/674/674 676/676/676 32/32/32
f 674/674/674 32/32/32 31/31/31
f 677/677/677 679/679/679 680/680/680
f 677/677/677 680/680/680 678/678/678
f 679/679/679 665/665/665 668/668/668
f 679/679/679 668/668/668 680/680/680
f 680/680/680 668/668/668 25/25/25
f 680/680/680 25/25/25 28/28/28
f 678/678/678 680/680/680 28/28/28
f 678/678/678 28/28/28 33/33/33
f 681/681/681 682/682/682 683/683/683
f 681/681/681 683/683/683 684/684/684
f 682/682/682 685/685/685 686/686/686
f 682/682/682 686/686/686 683/683/683
f 683/683/683 686/686/686 53/53/53
f 683/683/683 53/53/53 50/50/50
f 684/684/684 683/683/683 50/50/50
f 684/684/684 50/50/50 49/49/49
f 685/685/685 687/687/687 688/688/688
f 685/685/685 688/688/688 686/686/686
f 687/687/687 689/689/689 690/690/690
f 687/687/687 690/690/690 688/688/688
f 688/688/688 690/690/690 55/55/55
f 688/688/688 55/55/55 54/54/54
f 686/686/686 688/688/688 54/54/54
f 686/686/686 54/54/54 53/53/53
f 689/689/689 691/691/691 692/692/692
f 689/689/689 692/692/692 690/690/690
f 691/691/691 693/693/693 694/694/694
f 691/691/691 694/694/694 692/692/692
f 692/692/692 694/694/694 57/57/57
f 692/692/692 57/57/57 56/56/56
f 690/690/690 692/692/692 56/56/56
f 690/690/690 56/56/56 55/55/55
f 693/693/693 695/695/695 696/696/696
f 693/693/693 696/696/696 694/694/694
f 695/695/695 681/681/681 684/684/684
f 695/695/695 684/684/684 696/696/696
f 696/696/696 684/684/684 49/49/49
f 696/696/696 49/49/49 52/52/52
f 694/694/694 696/696/696 52/52/52
f 694/694/694 52/52/52 57/57/57
f 697/697/697 698/698/698 699/699/699
f 697/697/697 699/699/699 700/700/700
f 698/698/698 701/701/701 702/702/702
f 698/698/698 702/702/702 699/699/699
f 699/699/699 702/702/702 77/77/77
f 699/699/699 77/77/77 74/74/74
f 700/700/700 699/699/699 74/74/74
f 700/700/700 74/74/74 73/73/73
f 701/701/701 703/703/703 704/704/704
f 701/701/701 704/704/704 702/702/702
f 703/703/703 705/705/705 706/706/706
f 703/703/703 706/706/706 704/704/704
f 704/704/704 706/706/706 79/79/79
f 704/704/704 79/79/79 78/78/78
f 702/702/702 704/704/704 78/78/78
f 702/702/702 78/78/78 77/77/77
f 705/705/705 707/707/707 708/708/708
f 705/705/705 708/708/708 706/706/706
f 707/707/707 709/709/709 710/710/710
f 707/707/707 710/710/710 708/708/708
f 708/708/708 710/710/710 81/81/81
f 708/708/708 81/81/81 80/80/80
f 706/706/706 708/708/708 80/80/80
f 706/706/706 80/80/80 79/79/79
f 709/709/709 711/711/711 712/712/712
f 709/709/709 712/712/712 710/710/710
f 711/711/711 697/697/697 700/700/700
f 711/711/711 700/700/700 712/712/712
f 712/712/712 700/700/700 73/73/73
f 712/712/712 73/73/73 76/76/76
f 710/710/710 712/712/712 76/76/76
f 710/710/710 76/76/76 81/81/81
f 713/713/713 714/714/714 715/715/715
f 713/713/713 715/715/715 716/716/716
f 714/714/714 717/717/717 718/718/718
f 714/714/714 718/718/718 715/715/715
f 715/715/715 718/718/718 101/101/101
f 715/715/715 101/101/101 98/98/98
f 716/716/716 715/715/715 98/98/98
f 716/716/716 98/98/98 97/97/97
f 717/717/717 719/719/719 720/720/720
f 717/717/717 720/720/720 718/718/718
f 719/719/719 721/721/721 722/722/722
f 719/719/719 722/722/722 720/720/720
f 720/720/720 722/722/722 103/103/103
f 720/720/720 103/103/103 102/102/102
f 718/718/718 720/720/720 102/102/102
f 718/718/718 102/102/102 101/101/101
f 721/721/721 723/723/723 724/724/724
f 721/721/721 724/724/724 722/722/722
f 723/723/723 725/725/725 726/726/726
f 723/723/723 726/726/726 724/724/724
f 724/724/724 726/726/726 105/105/105
f 724/724/724 105/105/105 104/104/104
f 722/722/722 724/724/724 104/104/104
f 722/722/722 104/104/104 103/103/103
f 725/725/725 727/727/727 728/728/728
f 725/725/725 728/728/728 726/726/726
f 727/727/727 713/713/713 716/716/716
f 727/727/727 716/716/716 728/728/728
f 728/728/728 716/716/716 97/97/97
f 728/728/728 97/97/97 100/100/100
f 726/726/726 728/728/728 100/100/100
f 726/726/726 100/100/100 105/105/105
f 729/729/729 730/730/730 731/731/731
f 729/729/729 731/731/731 732/732/732
f 730/730/730 733/733/733 734/734/734
f 730/730/730 734/734/734 731/731/731
f 731/731/731 734/734/734 653/653/653
f 731/731/731 653/653/653 650/650/650
f 732/732/732 731/731/731 650/650/650
f 732/732/732 650/650/650 649/649/649
f 733/733/733 735/735/735 736/736/736
f 733/733/733 736/736/736 734/734/734
f 735/735/735 737/737/737 738/738/738
f 735/735/735 738/738/738 736/736/736
f 736/736/736 738/738/738 657/657/657
f 736/736/736 657/657/657 655/655/655
f 734/734/734 736/736/736 655/655/655
f 734/734/734 655/655/655 653/653/653
f 737/737/737 739/739/739 740/740/740
f 737/737/737 740/740/740 738/738/738
f 739/739/739 741/741/741 742/742/742
f 739/739/739 742/742/742 740/740/740
f 740/740/740 742/742/742 661/661/661
f 740/740/740 661/661/661 659/659/659
f 738/738/738 740/740/740 659/659/659
f 738/738/738 659/659/659 657/657/657
f 741/741/741 743/743/743 744/744/744
f 741/741/741 744/744/744 742/742/742
f 743/743/743 729/729/729 732/732/732
f 743/743/743 732/732/732 744/744/744
f 744/744/744 732/732/732 649/649/649
f 744/744/744 649/649/649 663/663/663
f 742/742/742 744/744/744 663/663/663
f 742/742/742 663/663/663 661/661/661
f 250/250/250 249/249/249 745/745/745
f 250/250/250 745/745/745 746/746/746
f 249/249/249 10/10/10 747/747/747
f 249/249/249 747/747/747 745/745/745
f 745/745/745 747/747/747 748/748/748
f 745/745/745 748/748/748 749/749/749
f 746/746/746 745/745/745 749/749/749
f 746/746/746 749/749/749 750/750/750
f 10/10/10 13/13/13 751/751/751
f 10/10/10 751/751/751 747/747/747
f 13/13/13 18/18/18 752/752/752
f 13/13/13 752/752/752 751/751/751
f 751/751/751 752/752/752 753/753/753
f 751/751/751 753/753/753 754/754/754
f 747/747/747 751/751/751 754/754/754
f 747/747/747 754/754/754 748/748/748
f 18/18/18 374/374/374 755/755/755
f 18/18/18 755/755/755 752/752/752
f 374/374/374 373/373/373 756/756/756
f 374/374/374 756/756/756 755/755/755
f 755/755/755 756/756/756 757/757/757
f 755/755/755 757/757/757 758/758/758
f 752/752/752 755/755/755 758/758/758
f 752/752/752 758/758/758 753/753/753
f 373/373/373 759/759/759 760/760/760
f 373/373/373 760/760/760 756/756/756
f 759/759/759 250/250/250 746/746/746
f 759/759/759 746/746/746 760/760/760
f 760/760/760 746/746/746 750/750/750
f 760/760/760 750/750/750 761/761/761
f 756/756/756 760/760/760 761/761/761
f 756/756/756 761/761/761 757/757/757
f 762/762/762 763/763/763 764/764/764
f 762/762/762 764/764/764 765/765/765
f 763/763/763 766/766/766 767/767/767
f 763/763/763 767/767/767 764/764/764
f 764/764/764 767/767/767 669/669/669
f 764/764/764 669/669/669 666/666/666
f 765/765/765 764/764/764 666/666/666
f 765/765/765 666/666/666 665/665/665
f 766/766/766 768/768/768 769/769/769
f 766/766/766 769/769/769 767/767/767
f 768/768/768 770/770/770 771/771/771
f 768/768/768 771/771/771 769/769/769
f 769/769/769 771/771/771 673/673/673
f 769/769/769 673/673/673 671/671/671
f 767/767/767 769/769/769 671/671/671
f 767/767/767 671/671/671 669/669/669
f 770/770/770 772/772/772 773/773/773
f 770/770/770 773/773/773 771/771/771
f 772/772/772 774/774/774 775/775/775
f 772/772/772 775/775/775 773/773/773
f 773/773/773 775/775/775 677/677/677
f 773/773/773 677/677/677 675/675/675
f 771/771/771 773/773/773 675/675/675
f 771/771/771 675/675/675 673/673/673
f 774/774/774 776/776/776 777/777/777
f 774/774/774 777/777/777 775/775/775
f 776/776/776 762/762/762 765/765/765
f 776/776/776 765/765/765 777/777/777
f 777/777/777 765/765/765 665/665/665
f 777/777/777 665/665/665 679/679/679
f 775/775/775 777/777/777 679/679/679
f 775/775/775 679/679/679 677/677/677
f 21/21/21 263/263/263 778/778/778
f 21/21/21 778/778/778 779/779/779
f 263/263/263 34/34/34 780/780/780
f 263/263/263 780/780/780 778/778/778
f 778/778/778 780/780/780 781/781/781
f 778/778/778 781/781/781 782/782/782
f 779/779/779 778/778/778 782/782/782
f 779/779/779 782/782/782 783/783/783
f 34/34/34 37/37/37 784/784/784
f 34/34/34 784/784/784 780/780/780
f 37/37/37 42/42/42 785/785/785
f 37/37/37 785/785/785 784/784/784
f 784/784/784 785/785/785 786/786/786
f 784/784/784 786/786/786 787/787/787
f 780/780/780 784/784/784 787/787/787
f 780/780/780 787/787/787 781/781/781
f 42/42/42 360/360/360 788/788/788
f 42/42/42 788/788/788 785/785/785
f 360/360/360 23/23/23 789/789/789
f 360/360/360 789/789/789 788/788/788
f 788/788/788 789/789/789 790/790/790
f 788/788/788 790/790/790 791/791/791
f 785/785/785 788/788/788 791/791/791
f 785/785/785 791/791/791 786/786/786
f 23/23/23 22/22/22 792/792/792
f 23/23/23 792/792/792 789/789/789
f 22/22/22 21/21/21 779/779/779
f 22/22/22 779/779/779 792/792/792
f 792/792/792 779/779/779 783/783/783
f 792/792/792 783/783/783 793/793/793
f 789/789/789 792/792/792 793/793/793
f 789/789/789 793/793/793 790/790/790
f 794/794/794 795/795/795 796/796/796
f 794/794/794 796/796/796 797/797/797
f 795/795/795 798/798/798 799/799/799
f 795/795/795 799/799/799 796/796/796
f 796/796/796 799/799/799 685/685/685
f 796/796/796 685/685/685 682/682/682
f 797/797/797 796/796/796 682/682/682
f 797/797/797 682/682/682 681/681/681
f 798/798/798 800/800/800 801/801/801
f 798/798/798 801/801/801 799/799/799
f 800/800/800 802/802/802 803/803/803
f 800/800/800 803/803/803 801/801/801
f 801/801/801 803/803/803 689/689/689
f 801/801/801 689/689/689 687/687/687
f 799/799/799 801/801/801 687/687/687
f 799/799/799 687/687/687 685/685/685
f 802/802/802 804/804/804 805/805/805
f 802/802/802 805/805/805 803/803/803
f 804/804/804 806/806/806 807/807/807
f 804/804/804 807/807/807 805/805/805
f 805/805/805 807/807/807 693/693/693
f 805/805/805 693/693/693 691/691/691
f 803/803/803 805/805/805 691/691/691
f 803/803/803 691/691/691 689/689/689
f 806/806/806 808/808/808 809/809/809
f 806/806/806 809/809/809 807/807/807
f 808/808/808 794/794/794 797/797/797
f 808/808/808 797/797/797 809/809/809
f 809/809/809 797/797/797 681/681/681
f 809/809/809 681/681/681 695/695/695
f 807/807/807 809/809/809 695/695/695
f 807/807/807 695/695/695 693/693/693
f 45/45/45 276/276/276 810/810/810
f 45/45/45 810/810/810 811/811/811
f 276/276/276 58/58/58 812/812/812
f 276/276/276 812/812/812 810/810/810
f 810/810/810 812/812/812 813/813/813
f 810/810/810 813/813/813 814/814/814
f 811/811/811 810/810/810 814/814/814
f 811/811/811 814/814/814 815/815/815
f 58/58/58 61/61/61 816/816/816
f 58/58/58 816/816/816 812/812/812
f 61/61/61 66/66/66 817/817/817
f 61/61/61 817/817/817 816/816/816
f 816/816/816 817/817/817 818/818/818
f 816/816/816 818/818/818 819/819/819
f 812/812/812 816/816/816 819/819/819
f 812/812/812 819/819/819 813/813/813
f 66/66/66 347/347/347 820/820/820
f 66/66/66 820/820/820 817/817/817
f 347/347/347 47/47/47 821/821/821
f 347/347/347 821/821/821 820/820/820
f 820/820/820 821/821/821 822/822/822
f 820/820/820 822/822/822 823/823/823
f 817/817/817 820/820/820 823/823/823
f 817/817/817 823/823/823 818/818/818
f 47/47/47 46/46/46 824/824/824
f 47/47/47 824/824/824 821/821/821
f 46/46/46 45/45/45 811/811/811
f 46/46/46 811/811/811 824/824/824
f 824/824/824 811/811/811 815/815/815
f 824/824/824 815/815/815 825/825/825
f 821/821/821 824/824/824 825/825/825
f 821/821/821 825/825/825 822/822/822
f 826/826/826 827/827/827 828/828/828
f 826/826/826 828/828/828 829/829/829
f 827/827/827 830/830/830 831/831/831
f 827/827/827 831/831/831 828/828/828
f 828/828/828 831/831/831 701/701/701
f 828/828/828 701/701/701 698/698/698
f 829/829/829 828/828/828 698/698/698
f 829/829/829 698/698/698 697/697/697
f 830/830/830 832/832/832 833/833/833
f 830/830/830 833/833/833 831/831/831
f 832/832/832 834/834/834 835/835/835
f 832/832/832 835/835/835 833/833/833
f 833/833/833 835/835/835 705/705/705
f 833/833/833 705/705/705 703/703/703
f 831/831/831 833/833/833 703/703/703
f 831/831/831 703/703/703 701/701/701
f 834/834/834 836/836/836 837/837/837
f 834/834/834 837/837/837 835/835/835
f 836/836/836 838/838/838 839/839/839
f 836/836/836 839/839/839 837/837/837
f 837/837/837 839/839/839 709/709/709
f 837/837/837 709/709/709 707/707/707
f 835/835/835 837/837/837 707/707/707
f 835/835/835 707/707/707 705/705/705
f 838/838/838 840/840/840 841/841/841
f 838/838/838 841/841/841 839/839/839
f 840/840/840 826/826/826 829/829/829
f 840/840/840 829/829/829 841/841/841
f 841/841/841 829/829/829 697/697/697
f 841/841/841 697/697/697 711/711/711
f 839/839/839 841/841/841 711/711/711
f 839/839/839 711/711/711 709/709/709
f 69/69/69 289/289/289 842/842/842
f 69/69/69 842/842/842 843/843/843
f 289/289/289 82/82/82 844/844/844
f 289/289/289 844/844/844 842/842/842
f 842/842/842 844/844/844 845/845/845
f 842/842/842 845/845/845 846/846/846
f 843/843/843 842/842/842 846/846/846
f 843/843/843 846/846/846 847/847/847
f 82/82/82 85/85/85 848/848/848
f 82/82/82 848/848/848 844/844/844
f 85/85/85 90/90/90 849/849/849
f 85/85/85 849/849/849 848/848/848
f 848/848/848 849/849/849 850/850/850
f 848/848/848 850/850/850 851/851/851
f 844/844/844 848/848/848 851/851/851
f 844/844/844 851/851/851 845/845/845
f 90/90/90 334/334/334 852/852/852
f 90/90/90 852/852/852 849/849/849
f 334/334/334 71/71/71 853/853/853
f 334/334/334 853/853/853 852/852/852
f 852/852/852 853/853/853 854/854/854
f 852/852/852 854/854/854 855/855/855
f 849/849/849 852/852/852 855/855/855
f 849/849/849 855/855/855 850/850/850
f 71/71/71 70/70/70 856/856/856
f 71/71/71 856/856/856 853/853/853
f 70/70/70 69/69/69 843/843/843
f 70/70/70 843/843/843 856/856/856
f 856/856/856 843/843/843 847/847/847
f 856/856/856 847/847/847 857/857/857
f 853/853/853 856/856/856 857/857/857
f 853/853/853 857/857/857 854/854/854
f 858/858/858 859/859/859 860/860/860
f 858/858/858 860/860/860 861/861/861
f 859/859/859 862/862/862 863/863/863
f 859/859/859 863/863/863 860/860/860
f 860/860/860 863/863/863 717/717/717
f 860/860/860 717/717/717 714/714/714
f 861/861/861 860/860/860 714/714/714
f 861/861/861 714/714/714 713/713/713
f 862/862/862 864/864/864 865/865/865
f 862/862/862 865/865/865 863/863/863
f 864/864/864 866/866/866 867/867/867
f 864/864/864 867/867/867 865/865/865
f 865/865/865 867/867/867 721/721/721
f 865/865/865 721/721/721 719/719/719
f 863/863/863 865/865/865 719/719/719
f 863/863/863 719/719/719 717/717/717
f 866/866/866 868/868/868 869/869/869
f 866/866/866 869/869/869 867/867/867
f 868/868/868 870/870/870 871/871/871
f 868/868/868 871/871/871 869/869/869
f 869/869/869 871/871/871 725/725/725
f 869/869/869 725/725/725 723/723/723
f 867/867/867 869/869/869 723/723/723
f 867/867/867 723/723/723 721/721/721
f 870/870/870 872/872/872 873/873/873
f 870/870/870 873/873/873 871/871/871
f 872/872/872 858/858/858 861/861/861
f 872/872/872 861/861/861 873/873/873
f 873/873/873 861/861/861 713/713/713
f 873/873/873 713/713/713 727/727/727
f 871/871/871 873/873/873 727/727/727
f 871/871/871 727/727/727 725/725/725
f 93/93/93 302/302/302 874/874/874
f 93/93/93 874/874/874 875/875/875
f 302/302/302 106/106/106 876/876/876
f 302/302/302 876/876/876 874/874/874
f 874/874/874 876/876/876 877/877/877
f 874/874/874 877/877/877 878/878/878
f 875/875/875 874/874/874 878/878/878
f 875/875/875 878/878/878 879/879/879
f 106/106/106 109/109/109 880/880/880
f 106/106/106 880/880/880 876/876/876
f 109/109/109 114/114/114 881/881/881
f 109/109/109 881/881/881 880/880/880
f 880/880/880 881/881/881 882/882/882
f 880/880/880 882/882/882 883/883/883
f 876/876/876 880/880/880 883/883/883
f 876/876/876 883/883/883 877/877/877
f 114/114/114 321/321/321 884/884/884
f 114/114/114 884/884/884 881/881/881
f 321/321/321 95/95/95 885/885/885
f 321/321/321 885/885/885 884/884/884
f 884/884/884 885/885/885 886/886/886
f 884/884/884 886/886/886 887/887/887
f 881/881/881 884/884/884 887/887/887
f 881/881/881 887/887/887 882/882/882
f 95/95/95 94/94/94 888/888/888
f 95/95/95 888/888/888 885/885/885
f 94/94/94 93/93/93 875/875/875
f 94/94/94 875/875/875 888/888/888
f 888/888/888 875/875/875 879/879/879
f 888/888/888 879/879/879 889/889/889
f 885/885/885 888/888/888 889/889/889
f 885/885/885 889/889/889 886/886/886
f 890/890/890 891/891/891 892/892/892
f 890/890/890 892/892/892 893/893/893
f 891/891/891 894/894/894 895/895/895
f 891/891/891 895/895/895 892/892/892
f 892/892/892 895/895/895 383/383/383
f 892/892/892 383/383/383 380/380/380
f 893/893/893 892/892/892 380/380/380
f 893/893/893 380/380/380 379/379/379
f 894/894/894 896/896/896 897/897/897
f 894/894/894 897/897/897 895/895/895
f 896/896/896 898/898/898 899/899/899
f 896/896/896 899/899/899 897/897/897
f 897/897/897 899/899/899 390/390/390
f 897/897/897 390/390/390 388/388/388
f 895/895/895 897/897/897 388/388/388
f 895/895/895 388/388/388 383/383/383
f 898/898/898 900/900/900 901/901/901
f 898/898/898 901/901/901 899/899/899
f 900/900/900 902/902/902 903/903/903
f 900/900/900 903/903/903 901/901/901
f 901/901/901 903/903/903 396/396/396
f 901/901/901 396/396/396 394/394/394
f 899/899/899 901/901/901 394/394/394
f 899/899/899 394/394/394 390/390/390
f 902/902/902 904/904/904 905/905/905
f 902/902/902 905/905/905 903/903/903
f 904/904/904 906/906/906 907/907/907
f 904/904/904 907/907/907 905/905/905
f 905/905/905 907/907/907 402/402/402
f 905/905/905 402/402/402 400/400/400
f 903/903/903 905/905/905 400/400/400
f 903/903/903 400/400/400 396/396/396
f 906/906/906 908/908/908 909/909/909
f 906/906/906 909/909/909 907/907/907
f 908/908/908 910/910/910 911/911/911
f 908/908/908 911/911/911 909/909/909
f 909/909/909 911/911/911 408/408/408
f 909/909/909 408/408/408 406/406/406
f 907/907/907 909/909/909 406/406/406
f 907/907/907 406/406/406 402/402/402
f 910/910/910 912/912/912 913/913/913
f 910/910/910 913/913/913 911/911/911
f 912/912/912 914/914/914 915/915/915
f 912/912/912 915/915/915 913/913/913
f 913/913/913 915/915/915 414/414/414
f 913/913/913 414/414/414 412/412/412
f 911/911/911 913/913/913 412/412/412
f 911/911/911 412/412/412 408/408/408
f 914/914/914 916/916/916 917/917/917
f 914/914/914 917/917/917 915/915/915
f 916/916/916 918/918/918 919/919/919
f 916/916/916 919/919/919 917/917/917
f 917/917/917 919/919/919 420/420/420
f 917/917/917 420/420/420 418/418/418
f 915/915/915 917/917/917 418/418/418
f 915/915/915 418/418/418 414/414/414
f 918/918/918 920/920/920 921/921/921
f 918/918/918 921/921/921 919/919/919
f 920/920/920 922/922/922 923/923/923
f 920/920/920 923/923/923 921/921/921
f 921/921/921 923/923/923 426/426/426
f 921/921/921 426/426/426 424/424/424
f 919/919/919 921/921/921 424/424/424
f 919/919/919 424/424/424 420/420/420
f 922/922/922 924/924/924 925/925/925
f 922/922/922 925/925/925 923/923/923
f 924/924/924 926/926/926 927/927/927
f 924/924/924 927/927/927 925/925/925
f 925/925/925 927/927/927 432/432/432
f 925/925/925 432/432/432 430/430/430
f 923/923/923 925/925/925 430/430/430
f 923/923/923 430/430/430 426/426/426
f 926/926/926 928/928/928 929/929/929
f 926/926/926 929/929/929 927/927/927
f 928/928/928 930/930/930 931/931/931
f 928/928/928 931/931/931 929/929/929
f 929/929/929 931/931/931 438/438/438
f 929/929/929 438/438/438 436/436/436
f 927/927/927 929/929/929 436/436/436
f 927/927/927 436/436/436 432/432/432
f 930/930/930 932/932/932 933/933/933
f 930/930/930 933/933/933 931/931/931
f 932/932/932 934/934/934 935/935/935
f 932/932/932 935/935/935 933/933/933
f 933/933/933 935/935/935 444/444/444
f 933/933/933 444/444/444 442/442/442
f 931/931/931 933/933/933 442/442/442
f 931/931/931 442/442/442 438/438/438
f 934/934/934 936/936/936 937/937/937
f 934/934/934 937/937/937 935/935/935
f 936/936/936 938/938/938 939/939/939
f 936/936/936 939/939/939 937/937/937
f 937/937/937 939/939/939 450/450/450
f 937/937/937 450/450/450 448/448/448
f 935/935/935 937/937/937 448/448/448
f 935/935/935 448/448/448 444/444/444
f 938/938/938 940/940/940 941/941/941
f 938/938/938 941/941/941 939/939/939
f 940/940/940 942/942/942 943/943/943
f 940/940/940 943/943/943 941/941/941
f 941/941/941 943/943/943 456/456/456
f 941/941/941 456/456/456 454/454/454
f 939/939/939 941/941/941 454/454/454
f 939/939/939 454/454/454 450/450/450
f 942/942/942 944/944/944 945/945/945
f 942/942/942 945/945/945 943/943/943
f 944/944/944 946/946/946 947/947/947
f 944/944/944 947/947/947 945/945/945
f 945/945/945 947/947/947 462/462/462
f 945/945/945 462/462/462 460/460/460
f 943/943/943 945/945/945 460/460/460
f 943/943/943 460/460/460 456/456/456
f 946/946/946 948/948/948 949/949/949
f 946/946/946 949/949/949 947/947/947
f 948/948/948 890/890/890 893/893/893
f 948/948/948 893/893/893 949/949/949
f 949/949/949 893/893/893 379/379/379
f 949/949/949 379/379/379 466/466/466
f 947/947/947 949/949/949 466/466/466
f 947/947/947 466/466/466 462/462/462
