# vaiseau_boule_vaiseau_boule1_0_42
v -0.180466 -0.291124 0.009136
v -0.180175 -0.286252 0.010405
v -0.178858 -0.281785 0.001641
v -0.179312 -0.287984 -0.001097
v -0.179845 -0.282552 0.011320
v -0.178358 -0.277362 0.004200
v -0.175762 -0.270702 -0.004719
v -0.176397 -0.276526 -0.008088
v -0.176994 -0.284684 -0.011692
v -0.179804 -0.282315 0.014229
v -0.179063 -0.279405 0.017185
v -0.177266 -0.271303 0.010947
v -0.177929 -0.274425 0.006708
v -0.178352 -0.277412 0.021562
v -0.176232 -0.267832 0.016906
v -0.172940 -0.258159 0.012004
v -0.174301 -0.262728 0.004161
v -0.175198 -0.266836 -0.001418
v -0.178352 -0.277412 0.021562
v -0.177536 -0.275484 0.025949
v -0.175088 -0.265709 0.023449
v -0.176232 -0.267832 0.016906
v -0.176742 -0.275466 0.030745
v -0.173886 -0.264998 0.030281
v -0.169853 -0.254429 0.029610
v -0.171434 -0.255365 0.020617
v -0.172940 -0.258159 0.012004
v -0.175847 -0.275520 0.035524
v -0.172679 -0.265761 0.037107
v -0.175116 -0.277481 0.039911
v -0.171519 -0.267932 0.043631
v -0.166736 -0.258291 0.047181
v -0.168264 -0.255433 0.038594
v -0.174290 -0.279507 0.044253
v -0.170457 -0.271448 0.049559
v -0.173979 -0.282436 0.047260
v -0.169634 -0.274603 0.053746
v -0.164279 -0.267069 0.060503
v -0.165339 -0.262919 0.054984
v -0.169803 -0.280231 0.049840
v -0.170687 -0.281733 0.048421
v -0.166971 -0.276316 0.053938
v -0.167052 -0.276171 0.053900
v -0.169785 -0.280400 0.049936
v -0.167025 -0.276434 0.054048
v -0.161672 -0.269410 0.061177
v -0.161626 -0.269253 0.061039
v -0.161708 -0.269064 0.060982
v -0.172871 -0.291280 0.052206
v -0.172574 -0.296013 0.053544
v -0.168010 -0.294995 0.062814
v -0.168283 -0.288210 0.061449
v -0.172687 -0.300850 0.053067
v -0.167982 -0.301968 0.062791
v -0.162081 -0.303091 0.072400
v -0.162118 -0.293912 0.072430
v -0.162477 -0.284982 0.070634
v -0.172713 -0.305678 0.052501
v -0.168209 -0.308782 0.061325
v -0.173246 -0.309467 0.050700
v -0.168410 -0.313814 0.059652
v -0.162667 -0.318685 0.068277
v -0.162379 -0.312059 0.070470
v -0.169086 -0.311918 0.053070
v -0.170052 -0.310974 0.051246
v -0.166137 -0.315110 0.057646
v -0.166169 -0.314900 0.057884
v -0.169131 -0.312212 0.052806
v -0.166239 -0.315358 0.057475
v -0.160641 -0.320821 0.065668
v -0.160530 -0.320497 0.065901
v -0.160549 -0.320219 0.066207
v -0.174214 -0.317026 0.043907
v -0.174869 -0.319765 0.039905
v -0.171283 -0.328876 0.043357
v -0.170259 -0.325495 0.049255
v -0.175739 -0.320793 0.035234
v -0.172426 -0.331014 0.036818
v -0.167931 -0.341323 0.038214
v -0.166426 -0.338509 0.046820
v -0.165078 -0.334059 0.054584
v -0.176512 -0.321751 0.030531
v -0.173628 -0.331709 0.029984
v -0.177393 -0.320758 0.025854
v -0.174835 -0.330963 0.023157
v -0.171102 -0.341255 0.020232
v -0.169512 -0.342238 0.029219
v -0.178172 -0.319694 0.021174
v -0.175995 -0.328776 0.016638
v -0.178923 -0.316923 0.017207
v -0.177046 -0.325346 0.010766
v -0.174012 -0.333862 0.003922
v -0.172628 -0.338376 0.011652
v -0.179574 -0.314235 0.013075
v -0.177929 -0.320872 0.005880
v -0.179954 -0.312234 0.009919
v -0.178456 -0.317107 0.002593
v -0.175891 -0.323020 -0.006834
v -0.175173 -0.327973 -0.002509
v -0.180327 -0.309314 0.010550
v -0.180437 -0.305513 0.008704
v -0.179226 -0.308546 -0.001151
v -0.178850 -0.313591 0.000453
v -0.180600 -0.300681 0.008199
v -0.179505 -0.301722 -0.002556
v -0.177249 -0.302766 -0.013612
v -0.176881 -0.311749 -0.011763
v -0.176410 -0.318392 -0.009651
v -0.180651 -0.295841 0.007747
v -0.179531 -0.294748 -0.002517
v -0.177282 -0.293588 -0.013561
v -0.172771 -0.271500 -0.017597
v -0.173505 -0.281529 -0.022027
v -0.172009 -0.264340 -0.013454
v -0.167147 -0.258346 -0.021910
v -0.168027 -0.266763 -0.026784
v -0.168890 -0.278553 -0.031992
v -0.170195 -0.254539 -0.002540
v -0.171316 -0.259588 -0.009396
v -0.168521 -0.248922 0.007102
v -0.163031 -0.240221 0.002252
v -0.164999 -0.246824 -0.009083
v -0.166331 -0.252760 -0.017140
v -0.166670 -0.245488 0.017689
v -0.168521 -0.248922 0.007102
v -0.164726 -0.244337 0.028744
v -0.158570 -0.234831 0.027694
v -0.160855 -0.236183 0.014698
v -0.163031 -0.240221 0.002252
v -0.162773 -0.245571 0.039788
v -0.160896 -0.249085 0.050344
v -0.154066 -0.240412 0.053087
v -0.156274 -0.236281 0.040677
v -0.159178 -0.254774 0.059936
v -0.157893 -0.259875 0.066724
v -0.150551 -0.253097 0.072346
v -0.152047 -0.247100 0.064363
v -0.155313 -0.262541 0.067544
v -0.155396 -0.262309 0.067470
v -0.155351 -0.262734 0.067709
v -0.148119 -0.256458 0.073604
v -0.148090 -0.256231 0.073413
v -0.148171 -0.255959 0.073323
v -0.155219 -0.292873 0.081382
v -0.155659 -0.281896 0.079174
v -0.155173 -0.304156 0.081345
v -0.147338 -0.305153 0.089531
v -0.147393 -0.291889 0.089575
v -0.147910 -0.278984 0.086979
v -0.155540 -0.315181 0.078973
v -0.155912 -0.323327 0.076280
v -0.148223 -0.327691 0.083580
v -0.147770 -0.318114 0.086743
v -0.153967 -0.325589 0.073515
v -0.153971 -0.325246 0.073886
v -0.154084 -0.325985 0.073224
v -0.146629 -0.330820 0.080088
v -0.146507 -0.330354 0.080432
v -0.146496 -0.329950 0.080866
v -0.160514 -0.347695 0.049900
v -0.158857 -0.342224 0.059444
v -0.162364 -0.351154 0.039321
v -0.155792 -0.360403 0.040128
v -0.153618 -0.356337 0.052565
v -0.151670 -0.349905 0.063785
v -0.164308 -0.352279 0.028263
v -0.166262 -0.351071 0.017216
v -0.160375 -0.360305 0.014142
v -0.158078 -0.361725 0.027129
v -0.168138 -0.347532 0.006668
v -0.169839 -0.341983 -0.002833
v -0.164580 -0.349621 -0.009427
v -0.162580 -0.356145 0.001742
v -0.171267 -0.334744 -0.010739
v -0.172168 -0.328656 -0.016054
v -0.167333 -0.333955 -0.024967
v -0.166259 -0.341112 -0.018722
v -0.173366 -0.314800 -0.022114
v -0.172805 -0.322966 -0.019516
v -0.173818 -0.303758 -0.024388
v -0.169258 -0.304684 -0.034767
v -0.168726 -0.317666 -0.032094
v -0.168082 -0.327266 -0.029037
v -0.173860 -0.292475 -0.024325
v -0.169307 -0.291420 -0.034693
v -0.162210 -0.262368 -0.035545
v -0.163193 -0.275789 -0.041474
v -0.161221 -0.252786 -0.029996
v -0.154303 -0.247719 -0.037623
v -0.155391 -0.258360 -0.043789
v -0.156482 -0.273267 -0.050373
v -0.158763 -0.239669 -0.015395
v -0.160293 -0.246427 -0.024565
v -0.156523 -0.232153 -0.002492
v -0.149074 -0.224803 -0.007078
v -0.151562 -0.233151 -0.021409
v -0.153273 -0.240656 -0.031591
v -0.154046 -0.227557 0.011677
v -0.156523 -0.232153 -0.002492
v -0.151444 -0.226017 0.026471
v -0.143434 -0.217988 0.025088
v -0.146323 -0.219698 0.008658
v -0.149074 -0.224803 -0.007078
v -0.148831 -0.227668 0.041251
v -0.146318 -0.232371 0.055378
v -0.137740 -0.225045 0.057193
v -0.140531 -0.219822 0.041503
v -0.144019 -0.239984 0.068213
v -0.142329 -0.246810 0.077304
v -0.133321 -0.241082 0.081547
v -0.135187 -0.233501 0.071449
v -0.140013 -0.250379 0.078608
v -0.140091 -0.250068 0.078503
v -0.140032 -0.250637 0.078823
v -0.131183 -0.245332 0.083311
v -0.131174 -0.245045 0.083075
v -0.131249 -0.244700 0.082956
v -0.138721 -0.290970 0.096915
v -0.139310 -0.276280 0.093959
v -0.138659 -0.306070 0.096865
v -0.129234 -0.306897 0.103270
v -0.129302 -0.290127 0.103325
v -0.129957 -0.273812 0.100043
v -0.139150 -0.320824 0.093690
v -0.139679 -0.331726 0.090092
v -0.130378 -0.335392 0.095750
v -0.129779 -0.323284 0.099744
v -0.138211 -0.334763 0.086598
v -0.138185 -0.334304 0.087089
v -0.138336 -0.335294 0.086203
v -0.129300 -0.339359 0.091507
v -0.129173 -0.338770 0.091948
v -0.129132 -0.338259 0.092491
v -0.145808 -0.364336 0.054783
v -0.143590 -0.357015 0.067556
v -0.148283 -0.368965 0.040625
v -0.139922 -0.376751 0.040809
v -0.137174 -0.371609 0.056533
v -0.134710 -0.363478 0.070719
v -0.150885 -0.370471 0.025828
v -0.153499 -0.368854 0.011044
v -0.145716 -0.376627 0.007955
v -0.142812 -0.378423 0.024374
v -0.156010 -0.364118 -0.003072
v -0.158287 -0.356692 -0.015787
v -0.151033 -0.363119 -0.021845
v -0.148505 -0.371367 -0.007723
v -0.160198 -0.347004 -0.026368
v -0.161434 -0.338857 -0.033475
v -0.154539 -0.343312 -0.041487
v -0.153155 -0.352360 -0.033595
v -0.163006 -0.320314 -0.041591
v -0.162286 -0.331243 -0.038109
v -0.163612 -0.305536 -0.044634
v -0.156947 -0.306305 -0.053882
v -0.156275 -0.322717 -0.050503
v -0.155486 -0.334856 -0.046634
v -0.163667 -0.290437 -0.044549
v -0.157009 -0.289535 -0.053788
v -0.147637 -0.254787 -0.051420
v -0.148826 -0.271015 -0.058588
v -0.146464 -0.243202 -0.044706
v -0.137794 -0.239283 -0.051171
v -0.139040 -0.251685 -0.058359
v -0.140312 -0.269056 -0.066033
v -0.143469 -0.227343 -0.027057
v -0.145342 -0.235513 -0.038140
v -0.140761 -0.218255 -0.011456
v -0.131679 -0.212578 -0.015579
v -0.134579 -0.222307 -0.032279
v -0.136593 -0.231052 -0.044142
v -0.137766 -0.212699 0.005674
v -0.140761 -0.218255 -0.011456
v -0.134621 -0.210837 0.023561
v -0.125107 -0.204636 0.021907
v -0.128473 -0.206630 0.002759
v -0.131679 -0.212578 -0.015579
v -0.131461 -0.212833 0.041431
v -0.128422 -0.218519 0.058511
v -0.118471 -0.212860 0.059320
v -0.121724 -0.206774 0.041036
v -0.125643 -0.227724 0.074030
v -0.123623 -0.235977 0.085026
v -0.113342 -0.231549 0.087705
v -0.115496 -0.222714 0.075933
v -0.121667 -0.240291 0.086760
v -0.121737 -0.239916 0.086628
v -0.121666 -0.240604 0.087016
v -0.111587 -0.236501 0.089899
v -0.111598 -0.236166 0.089628
v -0.111664 -0.235764 0.089485
v -0.119237 -0.289369 0.108732
v -0.119950 -0.271608 0.105158
v -0.119163 -0.307625 0.108672
v -0.108559 -0.308247 0.113016
v -0.108638 -0.288704 0.113081
v -0.109402 -0.269691 0.109255
v -0.119756 -0.325464 0.104834
v -0.120418 -0.338646 0.100487
v -0.109912 -0.341454 0.104257
v -0.109194 -0.327343 0.108907
v -0.119488 -0.342328 0.096419
v -0.119433 -0.341772 0.097008
v -0.119616 -0.342969 0.095937
v -0.109393 -0.346087 0.099449
v -0.109266 -0.345401 0.099966
v -0.109197 -0.344806 0.100595
v -0.127806 -0.378073 0.057793
v -0.125124 -0.369221 0.073235
v -0.130798 -0.383670 0.040675
v -0.121014 -0.389651 0.040226
v -0.117811 -0.383660 0.058551
v -0.114940 -0.374184 0.075082
v -0.133944 -0.385490 0.022784
v -0.137105 -0.383535 0.004909
v -0.127766 -0.389507 0.001940
v -0.124382 -0.391599 0.021074
v -0.140141 -0.377809 -0.012158
v -0.142894 -0.368830 -0.027531
v -0.133962 -0.373766 -0.032787
v -0.131016 -0.383377 -0.016330
v -0.145204 -0.357118 -0.040323
v -0.146721 -0.347268 -0.048913
v -0.138069 -0.350684 -0.055674
v -0.136435 -0.361228 -0.046480
v -0.148600 -0.324848 -0.058729
v -0.147752 -0.338062 -0.054515
v -0.149332 -0.306981 -0.062408
v -0.140854 -0.307557 -0.070122
v -0.140071 -0.326683 -0.066184
v -0.139172 -0.340829 -0.061671
v -0.149399 -0.288724 -0.062306
v -0.140926 -0.288014 -0.070013
v -0.129689 -0.249090 -0.064526
v -0.131031 -0.267414 -0.072621
v -0.128383 -0.236008 -0.056942
v -0.118339 -0.233409 -0.061961
v -0.119691 -0.247028 -0.069859
v -0.121088 -0.266105 -0.078285
v -0.124983 -0.218100 -0.037016
v -0.127116 -0.227326 -0.049528
v -0.121924 -0.207838 -0.019399
v -0.111607 -0.204082 -0.022878
v -0.114791 -0.214765 -0.041218
v -0.117020 -0.224370 -0.054242
v -0.118543 -0.201563 -0.000056
v -0.121924 -0.207838 -0.019399
v -0.114991 -0.199461 0.020142
v -0.104389 -0.195360 0.018288
v -0.108086 -0.197549 -0.002739
v -0.111607 -0.204082 -0.022878
v -0.111423 -0.201715 0.040321
v -0.107992 -0.208136 0.059608
v -0.097102 -0.204392 0.059375
v -0.100674 -0.197707 0.039296
v -0.104853 -0.218530 0.077133
v -0.102590 -0.227850 0.089552
v -0.091487 -0.224915 0.090550
v -0.093835 -0.215213 0.077619
v -0.101076 -0.232719 0.091641
v -0.101136 -0.232295 0.091489
v -0.101055 -0.233072 0.091926
v -0.090187 -0.230352 0.093078
v -0.090217 -0.229984 0.092783
v -0.090271 -0.229543 0.092623
v -0.097620 -0.288140 0.116318
v -0.098425 -0.268084 0.112282
v -0.097536 -0.308755 0.116249
v -0.086216 -0.309144 0.118343
v -0.086304 -0.287682 0.118414
v -0.087142 -0.266802 0.114213
v -0.098206 -0.328898 0.111916
v -0.098972 -0.343784 0.107011
v -0.087719 -0.345612 0.108727
v -0.086914 -0.330115 0.113831
v -0.098616 -0.347951 0.102546
v -0.098534 -0.347323 0.103208
v -0.098740 -0.348675 0.101999
v -0.087777 -0.350708 0.103565
v -0.087656 -0.349954 0.104136
v -0.087562 -0.349301 0.104823
v -0.107296 -0.388304 0.058797
v -0.104267 -0.378309 0.076235
v -0.110674 -0.394625 0.039467
v -0.099895 -0.398541 0.038407
v -0.096377 -0.391961 0.058530
v -0.093224 -0.381555 0.076685
v -0.114227 -0.396680 0.019264
v -0.117796 -0.394472 -0.000919
v -0.107309 -0.398382 -0.003639
v -0.103593 -0.400680 0.017374
v -0.121225 -0.388006 -0.020192
v -0.124333 -0.377868 -0.037551
v -0.114114 -0.381096 -0.041776
v -0.110878 -0.391651 -0.023703
v -0.126942 -0.364642 -0.051996
v -0.128673 -0.353520 -0.061692
v -0.118641 -0.355747 -0.066907
v -0.116830 -0.367326 -0.056814
v -0.130776 -0.328202 -0.072780
v -0.129837 -0.343124 -0.068019
v -0.131603 -0.308027 -0.076934
v -0.121683 -0.308386 -0.082776
v -0.120822 -0.329390 -0.078451
v -0.119853 -0.344925 -0.073493
v -0.131678 -0.287412 -0.076819
v -0.121761 -0.286924 -0.082656
v -0.109151 -0.245525 -0.074292
v -0.110587 -0.265145 -0.082959
v -0.107768 -0.231518 -0.066169
v -0.096789 -0.230352 -0.069524
v -0.098187 -0.244593 -0.077784
v -0.099648 -0.264542 -0.086596
v -0.104111 -0.212343 -0.044836
v -0.106412 -0.222221 -0.058230
v -0.100837 -0.201356 -0.025974
v -0.089734 -0.199684 -0.028656
v -0.093064 -0.210856 -0.047834
v -0.095410 -0.220900 -0.061452
v -0.097216 -0.194637 -0.005262
v -0.100837 -0.201356 -0.025974
v -0.093413 -0.192386 0.016364
v -0.082186 -0.190564 0.014391
v -0.086053 -0.192853 -0.007598
v -0.089734 -0.199684 -0.028656
v -0.089592 -0.194800 0.037969
v -0.085919 -0.201674 0.058621
v -0.074566 -0.200008 0.057356
v -0.078301 -0.193019 0.036359
v -0.082558 -0.212804 0.077384
v -0.080152 -0.222782 0.090685
v -0.068710 -0.221470 0.089958
v -0.071150 -0.211324 0.076434
v -0.079140 -0.227995 0.093035
v -0.079187 -0.227542 0.092869
v -0.079101 -0.228374 0.093337
v -0.067919 -0.227155 0.092706
v -0.067967 -0.226771 0.092401
v -0.068007 -0.226310 0.092230
v -0.074813 -0.287336 0.119340
v -0.075675 -0.265862 0.115020
v -0.074723 -0.309409 0.119267
v -0.063183 -0.309548 0.119018
v -0.063275 -0.287105 0.119093
v -0.064151 -0.265271 0.114700
v -0.075441 -0.330977 0.114627
v -0.076277 -0.346915 0.109379
v -0.064770 -0.347683 0.108966
v -0.063913 -0.331477 0.114300
v -0.076506 -0.351385 0.104711
v -0.076401 -0.350712 0.105416
v -0.076622 -0.352160 0.104122
v -0.065399 -0.353018 0.103671
v -0.065289 -0.352230 0.104271
v -0.065174 -0.351546 0.104987
v -0.085173 -0.394584 0.057752
v -0.081931 -0.383882 0.076423
v -0.088791 -0.401351 0.037055
v -0.077487 -0.403031 0.035429
v -0.073808 -0.396150 0.056472
v -0.070512 -0.385269 0.075456
v -0.092595 -0.403551 0.015424
v -0.096417 -0.401188 -0.006187
v -0.085240 -0.402865 -0.008538
v -0.081354 -0.405268 0.013435
v -0.100088 -0.394265 -0.026823
v -0.103416 -0.383409 -0.045410
v -0.092356 -0.384788 -0.048418
v -0.088972 -0.395826 -0.029519
v -0.106209 -0.369248 -0.060876
v -0.108079 -0.357339 -0.071255
v -0.097105 -0.358282 -0.074695
v -0.095196 -0.370390 -0.064143
v -0.110314 -0.330232 -0.083130
v -0.109325 -0.346209 -0.078029
v -0.111199 -0.308629 -0.087578
v -0.100270 -0.308755 -0.091292
v -0.099370 -0.330720 -0.086770
v -0.098372 -0.346965 -0.081582
v -0.111280 -0.286557 -0.087454
v -0.100353 -0.286313 -0.091167
v -0.086919 -0.244247 -0.080291
v -0.088388 -0.264306 -0.089151
v -0.085521 -0.229928 -0.071984
v -0.074087 -0.230246 -0.073527
v -0.075470 -0.244488 -0.081790
v -0.076931 -0.264436 -0.090602
v -0.081767 -0.210325 -0.050176
v -0.084134 -0.220424 -0.063867
v -0.078419 -0.199092 -0.030893
v -0.067017 -0.199578 -0.032662
v -0.070346 -0.210750 -0.051840
v -0.072708 -0.220794 -0.065455
v -0.074718 -0.192223 -0.009719
v -0.078419 -0.199092 -0.030893
v -0.070830 -0.189921 0.012391
v -0.059469 -0.190458 0.010385
v -0.063335 -0.192747 -0.011603
v -0.067017 -0.199578 -0.032662
v -0.066924 -0.192390 0.034479
v -0.063168 -0.199418 0.055592
v -0.051849 -0.199903 0.053350
v -0.055584 -0.192913 0.032353
v -0.059733 -0.210796 0.074774
v -0.057287 -0.220997 0.088375
v -0.046007 -0.221364 0.085955
v -0.048432 -0.211219 0.072428
v -0.056820 -0.226328 0.090880
v -0.056853 -0.225864 0.090707
v -0.056765 -0.226715 0.091186
v -0.045759 -0.227052 0.088799
v -0.045823 -0.226668 0.088496
v -0.045847 -0.226206 0.088323
v -0.051814 -0.286993 0.117668
v -0.052695 -0.265039 0.113250
v -0.051722 -0.309559 0.117593
v -0.040466 -0.309442 0.115013
v -0.040557 -0.287000 0.115087
v -0.041434 -0.265166 0.110694
v -0.052456 -0.331609 0.112849
v -0.053326 -0.347903 0.107486
v -0.042068 -0.347577 0.104963
v -0.041196 -0.331372 0.110295
v -0.054128 -0.352477 0.102816
v -0.054005 -0.351789 0.103534
v -0.054231 -0.353269 0.102211
v -0.043240 -0.352914 0.099764
v -0.043145 -0.352127 0.100367
v -0.043014 -0.351443 0.101080
v -0.062406 -0.396637 0.054703
v -0.059091 -0.385695 0.073791
v -0.066104 -0.403555 0.033544
v -0.054769 -0.402925 0.031423
v -0.051091 -0.396044 0.052466
v -0.047794 -0.385163 0.071451
v -0.069993 -0.405805 0.011430
v -0.073900 -0.403388 -0.010664
v -0.062523 -0.402759 -0.012544
v -0.058637 -0.405162 0.009429
v -0.077653 -0.396311 -0.031761
v -0.081056 -0.385212 -0.050763
v -0.069639 -0.384682 -0.052423
v -0.066255 -0.395720 -0.033525
v -0.083911 -0.370735 -0.066575
v -0.085838 -0.358560 -0.077183
v -0.074403 -0.358176 -0.078698
v -0.072479 -0.370284 -0.068149
v -0.088109 -0.330847 -0.089326
v -0.087112 -0.347181 -0.084108
v -0.089013 -0.308762 -0.093873
v -0.077553 -0.308650 -0.095298
v -0.076653 -0.330614 -0.090775
v -0.075670 -0.346859 -0.085585
v -0.089096 -0.286196 -0.093747
v -0.077635 -0.286207 -0.095172
v -0.063966 -0.245314 -0.082260
v -0.065402 -0.264934 -0.090926
v -0.062613 -0.231307 -0.074131
v -0.051224 -0.233096 -0.073796
v -0.052532 -0.246715 -0.081700
v -0.053929 -0.265792 -0.090127
v -0.058926 -0.212133 -0.052803
v -0.061256 -0.222011 -0.066192
v -0.055652 -0.201145 -0.033941
v -0.044448 -0.203769 -0.034720
v -0.047632 -0.214452 -0.053060
v -0.049905 -0.224057 -0.066076
v -0.052031 -0.194427 -0.013230
v -0.055652 -0.201145 -0.033941
v -0.048228 -0.192175 0.008397
v -0.037230 -0.195047 0.006446
v -0.040927 -0.197236 -0.014581
v -0.044448 -0.203769 -0.034720
v -0.044407 -0.194589 0.030002
v -0.040734 -0.201464 0.050653
v -0.029943 -0.204079 0.047533
v -0.033515 -0.197395 0.027454
v -0.037373 -0.212593 0.069417
v -0.034996 -0.222572 0.082722
v -0.024372 -0.224603 0.078716
v -0.026676 -0.214900 0.065777
v -0.035096 -0.227790 0.085269
v -0.035112 -0.227337 0.085097
v -0.035025 -0.228168 0.085566
v -0.024679 -0.230047 0.081527
v -0.024755 -0.229679 0.081240
v -0.024763 -0.229238 0.081072
v -0.029628 -0.287126 0.111373
v -0.030490 -0.265651 0.107052
v -0.029538 -0.309198 0.111300
v -0.019057 -0.308831 0.106501
v -0.019145 -0.287369 0.106572
v -0.019983 -0.266489 0.102371
v -0.030256 -0.330766 0.106660
v -0.031121 -0.346705 0.101417
v -0.020604 -0.345299 0.096893
v -0.019755 -0.329802 0.101989
v -0.032462 -0.351180 0.096945
v -0.032326 -0.350507 0.097645
v -0.032547 -0.351954 0.096350
v -0.022269 -0.350403 0.092014
v -0.022195 -0.349649 0.092593
v -0.022054 -0.348995 0.093272
v -0.039988 -0.394373 0.049784
v -0.036746 -0.383671 0.068456
v -0.043606 -0.401140 0.029088
v -0.032736 -0.398228 0.026565
v -0.029218 -0.391648 0.046688
v -0.026065 -0.381242 0.064843
v -0.047410 -0.403341 0.007457
v -0.051232 -0.400978 -0.014155
v -0.040150 -0.398069 -0.015481
v -0.036434 -0.400367 0.005532
v -0.054902 -0.394054 -0.034790
v -0.058230 -0.383199 -0.053377
v -0.046955 -0.380783 -0.053617
v -0.043719 -0.391338 -0.035545
v -0.061024 -0.369037 -0.068843
v -0.062923 -0.357129 -0.079217
v -0.051526 -0.355435 -0.078741
v -0.049671 -0.367014 -0.068656
v -0.065129 -0.330021 -0.091097
v -0.064170 -0.345998 -0.085991
v -0.066014 -0.308419 -0.095545
v -0.054524 -0.308073 -0.094618
v -0.053663 -0.329077 -0.090293
v -0.052738 -0.344612 -0.085327
v -0.066095 -0.286346 -0.095422
v -0.054602 -0.286611 -0.094498
v -0.041294 -0.248678 -0.080113
v -0.042636 -0.267002 -0.088207
v -0.040046 -0.235597 -0.072518
v -0.029200 -0.238777 -0.070319
v -0.030375 -0.251179 -0.077520
v -0.031647 -0.268550 -0.085193
v -0.036588 -0.217688 -0.052602
v -0.038779 -0.226914 -0.065104
v -0.033529 -0.207426 -0.034986
v -0.023014 -0.212072 -0.034739
v -0.025913 -0.221800 -0.051440
v -0.027999 -0.230546 -0.063290
v -0.030148 -0.201151 -0.015642
v -0.033529 -0.207426 -0.034986
v -0.026596 -0.199049 0.004556
v -0.016441 -0.204130 0.002746
v -0.019808 -0.206123 -0.016402
v -0.023014 -0.212072 -0.034739
v -0.023027 -0.201303 0.024735
v -0.019597 -0.207724 0.044022
v -0.009806 -0.212354 0.040160
v -0.013058 -0.206268 0.021875
v -0.016458 -0.218118 0.061546
v -0.014253 -0.227438 0.073976
v -0.004748 -0.231043 0.068557
v -0.006830 -0.222208 0.056773
v -0.014918 -0.232317 0.076449
v -0.014917 -0.231894 0.076286
v -0.014836 -0.232670 0.076723
v -0.005602 -0.236007 0.071211
v -0.005688 -0.235672 0.070953
v -0.005678 -0.235270 0.070797
v -0.009225 -0.287728 0.100731
v -0.010030 -0.267672 0.096696
v -0.009141 -0.308343 0.100663
v 0.000107 -0.307741 0.093855
v 0.000027 -0.288198 0.093920
v -0.000736 -0.269185 0.090094
v -0.009811 -0.328487 0.096329
v -0.010634 -0.343372 0.091435
v -0.001318 -0.340948 0.085108
v -0.000529 -0.326837 0.089747
v -0.012458 -0.347550 0.087354
v -0.012315 -0.346922 0.088005
v -0.012522 -0.348273 0.086797
v -0.003407 -0.345593 0.080761
v -0.003356 -0.344907 0.081292
v -0.003211 -0.344312 0.081907
v -0.018900 -0.387892 0.043210
v -0.015872 -0.377897 0.060648
v -0.022279 -0.394213 0.023881
v -0.012349 -0.389145 0.021066
v -0.009146 -0.383153 0.039390
v -0.006275 -0.373678 0.055921
v -0.025832 -0.396268 0.003678
v -0.029401 -0.394061 -0.016506
v -0.019100 -0.389001 -0.017220
v -0.015717 -0.391093 0.001914
v -0.032830 -0.387595 -0.035778
v -0.035938 -0.377456 -0.053138
v -0.025297 -0.373260 -0.051948
v -0.022350 -0.382871 -0.035491
v -0.038546 -0.364230 -0.067583
v -0.040336 -0.353108 -0.077268
v -0.029475 -0.350178 -0.074822
v -0.027770 -0.360721 -0.065641
v -0.042381 -0.327790 -0.088367
v -0.041500 -0.342712 -0.083595
v -0.043207 -0.307615 -0.092521
v -0.032189 -0.307051 -0.089283
v -0.031405 -0.326177 -0.085344
v -0.030578 -0.340323 -0.080819
v -0.043283 -0.287000 -0.092406
v -0.032260 -0.287508 -0.089173
v -0.019895 -0.254192 -0.073944
v -0.021084 -0.270420 -0.081112
v -0.018806 -0.242608 -0.067216
v -0.009048 -0.246999 -0.063290
v -0.010040 -0.257649 -0.069478
v -0.011133 -0.272568 -0.076069
v -0.015727 -0.226748 -0.049581
v -0.017684 -0.234918 -0.060649
v -0.013019 -0.217660 -0.033981
v -0.003718 -0.224063 -0.032737
v -0.006208 -0.232418 -0.047079
v -0.008017 -0.239931 -0.057254
v -0.010024 -0.212103 -0.016850
v -0.013019 -0.217660 -0.033981
v -0.006879 -0.210241 0.001037
v 0.001927 -0.217242 -0.000542
v -0.000965 -0.218954 -0.016987
v -0.003718 -0.224063 -0.032737
v -0.003719 -0.212238 0.018907
v -0.000680 -0.217924 0.035987
v 0.007625 -0.224305 0.031590
v 0.004832 -0.219078 0.015887
v 0.002099 -0.227129 0.051506
v 0.004035 -0.235383 0.062516
v 0.011952 -0.240357 0.055982
v 0.010181 -0.232768 0.045858
v 0.002830 -0.239711 0.064808
v 0.002848 -0.239335 0.064661
v 0.002919 -0.240023 0.065048
v 0.010588 -0.244632 0.058366
v 0.010498 -0.244360 0.058155
v 0.010526 -0.244028 0.058025
v 0.008505 -0.288774 0.086208
v 0.007792 -0.271013 0.082634
v 0.008579 -0.307030 0.086147
v 0.016139 -0.306227 0.077706
v 0.016070 -0.289443 0.077762
v 0.015415 -0.273114 0.074476
v 0.007986 -0.324869 0.082309
v 0.007240 -0.338051 0.077978
v 0.014898 -0.334748 0.070196
v 0.015593 -0.322628 0.074178
v 0.005008 -0.341748 0.074467
v 0.005152 -0.341192 0.075040
v 0.004969 -0.342389 0.073970
v 0.012472 -0.338736 0.066563
v 0.012496 -0.338159 0.067010
v 0.012637 -0.337659 0.067526
v -0.000064 -0.377477 0.035268
v 0.002618 -0.368626 0.050711
v -0.003056 -0.383075 0.018150
v 0.005441 -0.376141 0.015191
v 0.008192 -0.370995 0.030929
v 0.010658 -0.362857 0.045127
v -0.006202 -0.384894 0.000259
v -0.009363 -0.382940 -0.017615
v -0.000357 -0.376017 -0.017690
v 0.002549 -0.377814 -0.001257
v -0.012399 -0.377214 -0.034682
v -0.015152 -0.368235 -0.050056
v -0.005679 -0.362498 -0.047516
v -0.003149 -0.370752 -0.033382
v -0.017462 -0.356523 -0.062848
v -0.019063 -0.346673 -0.071422
v -0.009284 -0.342674 -0.067158
v -0.007803 -0.351729 -0.059276
v -0.020858 -0.324252 -0.081253
v -0.020094 -0.337467 -0.077025
v -0.021590 -0.306385 -0.084932
v -0.011598 -0.305635 -0.079581
v -0.010925 -0.322061 -0.076198
v -0.010232 -0.334211 -0.072308
v -0.021657 -0.288129 -0.084830
v -0.011660 -0.288850 -0.079487
v 0.004656 -0.276851 -0.065362
v 0.005558 -0.264527 -0.059919
v 0.007937 -0.265633 -0.058360
v 0.007065 -0.277539 -0.063619
v 0.006361 -0.255731 -0.054804
v 0.008709 -0.257134 -0.053418
v 0.008615 -0.259445 -0.054550
v 0.008101 -0.265752 -0.058169
v 0.007230 -0.277614 -0.063412
v 0.007212 -0.249899 -0.049822
v 0.008723 -0.243687 -0.041417
v 0.010995 -0.245498 -0.040485
v 0.009531 -0.251501 -0.048605
v 0.010780 -0.236785 -0.029570
v 0.012982 -0.238830 -0.029039
v 0.013125 -0.239053 -0.028964
v 0.011147 -0.245697 -0.040365
v 0.010011 -0.250093 -0.046385
v 0.010780 -0.236785 -0.029570
v 0.013054 -0.232565 -0.016562
v 0.015179 -0.234753 -0.016471
v 0.012982 -0.238830 -0.029039
v 0.015443 -0.231151 -0.002978
v 0.017487 -0.233387 -0.003347
v 0.017612 -0.233630 -0.003370
v 0.015313 -0.234991 -0.016444
v 0.013125 -0.239053 -0.028964
v 0.017843 -0.232668 0.010592
v 0.019805 -0.234852 0.009764
v 0.020150 -0.236985 0.023563
v 0.022034 -0.239024 0.022295
v 0.022143 -0.239246 0.022174
v 0.019921 -0.235089 0.009691
v 0.022261 -0.243976 0.035348
v 0.024073 -0.245777 0.033682
v 0.023707 -0.250251 0.043716
v 0.025468 -0.251842 0.041768
v 0.025161 -0.250417 0.039528
v 0.024175 -0.245976 0.033515
v 0.021923 -0.253493 0.045606
v 0.021873 -0.253684 0.045669
v 0.023576 -0.255186 0.043686
v 0.023630 -0.255018 0.043635
v 0.021957 -0.253819 0.045790
v 0.023658 -0.255297 0.043792
v 0.024018 -0.257312 0.044569
v 0.023777 -0.255388 0.043426
v 0.023495 -0.253947 0.041700
v 0.026584 -0.277301 0.058986
v 0.027125 -0.290789 0.061700
v 0.028774 -0.291006 0.059142
v 0.028250 -0.277975 0.056520
v 0.027182 -0.304652 0.061654
v 0.028828 -0.304400 0.059097
v 0.028911 -0.304373 0.058836
v 0.028856 -0.291030 0.058881
v 0.028335 -0.278048 0.056268
v 0.026731 -0.318199 0.058740
v 0.028393 -0.317488 0.056281
v 0.026139 -0.328215 0.055449
v 0.027817 -0.327166 0.053102
v 0.028011 -0.324577 0.053734
v 0.028478 -0.317410 0.056028
v 0.023619 -0.330776 0.053188
v 0.023496 -0.331118 0.052828
v 0.025139 -0.329989 0.050569
v 0.025259 -0.329674 0.050902
v 0.023506 -0.331518 0.052524
v 0.025154 -0.330360 0.050289
v 0.025082 -0.331745 0.048637
v 0.025331 -0.329839 0.050270
v 0.025532 -0.327481 0.051308
v 0.022655 -0.351428 0.034744
v 0.020618 -0.358150 0.023017
v 0.022487 -0.356086 0.021768
v 0.024454 -0.349592 0.033098
v 0.018346 -0.362400 0.010018
v 0.020291 -0.360193 0.009209
v 0.020406 -0.359954 0.009138
v 0.022593 -0.355863 0.021650
v 0.024553 -0.349392 0.032937
v 0.015957 -0.363782 -0.003569
v 0.017983 -0.361528 -0.003918
v 0.013556 -0.362298 -0.017142
v 0.015664 -0.360094 -0.017032
v 0.015796 -0.359856 -0.017003
v 0.018106 -0.361284 -0.003938
v 0.011251 -0.357950 -0.030103
v 0.013436 -0.355893 -0.029554
v 0.009161 -0.351131 -0.041778
v 0.011417 -0.349305 -0.040833
v 0.011566 -0.349107 -0.040714
v 0.013577 -0.355670 -0.029477
v 0.007406 -0.342237 -0.051492
v 0.009722 -0.340712 -0.050218
v 0.006166 -0.334757 -0.057999
v 0.008520 -0.333485 -0.056504
v 0.008935 -0.335233 -0.054737
v 0.009879 -0.340542 -0.050063
v 0.005384 -0.327772 -0.062248
v 0.004827 -0.317731 -0.065469
v 0.007231 -0.317036 -0.063723
v 0.007765 -0.326738 -0.060609
v 0.004272 -0.304163 -0.068263
v 0.006693 -0.303927 -0.066422
v 0.006860 -0.303901 -0.066204
v 0.007397 -0.316959 -0.063513
v 0.007735 -0.324144 -0.061250
v 0.004221 -0.290299 -0.068186
v 0.006644 -0.290533 -0.066347
v 0.006811 -0.290558 -0.066130
v -0.065648 -0.282031 -0.037937
v -0.064957 -0.272600 -0.033771
v -0.065058 -0.274009 -0.031258
v -0.065710 -0.282914 -0.035192
v -0.064297 -0.265769 -0.029848
v -0.064435 -0.267559 -0.027555
v -0.063731 -0.270900 -0.023438
v -0.064285 -0.276637 -0.026733
v -0.064865 -0.284559 -0.030232
v -0.063661 -0.261461 -0.026124
v -0.062535 -0.256650 -0.019612
v -0.062771 -0.258949 -0.017889
v -0.063834 -0.263492 -0.024038
v -0.060961 -0.251369 -0.010545
v -0.061285 -0.253962 -0.009328
v -0.060928 -0.258804 -0.007224
v -0.062250 -0.263240 -0.014840
v -0.063196 -0.267281 -0.020310
v -0.059220 -0.248139 -0.000589
v -0.059641 -0.250913 0.000072
v -0.057392 -0.247057 0.009806
v -0.057915 -0.249891 0.009887
v -0.057931 -0.255182 0.009870
v -0.059466 -0.256091 0.001138
v -0.055556 -0.248218 0.020191
v -0.056181 -0.250987 0.019693
v -0.053790 -0.251522 0.030118
v -0.054514 -0.254107 0.029066
v -0.054905 -0.258933 0.026932
v -0.056388 -0.256157 0.018594
v -0.052175 -0.256872 0.039137
v -0.052989 -0.259158 0.037582
v -0.051013 -0.261718 0.045598
v -0.051892 -0.263734 0.043683
v -0.052572 -0.267497 0.039935
v -0.053548 -0.263426 0.034508
v -0.050607 -0.263511 0.047852
v -0.051508 -0.265427 0.045812
v -0.050350 -0.265984 0.049245
v -0.051266 -0.267762 0.047126
v -0.052015 -0.271080 0.042998
v -0.052231 -0.269003 0.041828
v -0.048866 -0.282375 0.057227
v -0.048452 -0.292698 0.059304
v -0.049473 -0.292986 0.056625
v -0.049865 -0.283239 0.054664
v -0.048408 -0.303308 0.059269
v -0.049433 -0.303004 0.056591
v -0.050385 -0.302431 0.051418
v -0.050421 -0.293519 0.051448
v -0.050769 -0.284849 0.049703
v -0.048753 -0.313675 0.057039
v -0.049758 -0.312793 0.054485
v -0.049176 -0.321475 0.054439
v -0.050157 -0.320158 0.052031
v -0.051029 -0.317692 0.047361
v -0.050674 -0.311139 0.049545
v -0.049364 -0.324385 0.053296
v -0.050334 -0.322905 0.050951
v -0.049705 -0.326614 0.051302
v -0.050656 -0.325010 0.049069
v -0.051473 -0.322008 0.044726
v -0.051187 -0.320135 0.046401
v -0.051873 -0.339105 0.038675
v -0.053432 -0.344249 0.029700
v -0.054176 -0.341661 0.028672
v -0.052704 -0.336804 0.037146
v -0.055171 -0.347502 0.019752
v -0.055817 -0.344733 0.019278
v -0.056065 -0.339554 0.018224
v -0.054604 -0.336821 0.026581
v -0.053295 -0.332500 0.034119
v -0.056999 -0.348560 0.009354
v -0.057544 -0.345731 0.009461
v -0.058836 -0.347424 -0.001034
v -0.059278 -0.344659 -0.000348
v -0.059143 -0.339488 0.000765
v -0.057600 -0.340442 0.009491
v -0.060600 -0.344096 -0.010953
v -0.060945 -0.341517 -0.009713
v -0.062200 -0.338878 -0.019887
v -0.062455 -0.336590 -0.018150
v -0.061969 -0.332309 -0.015072
v -0.060626 -0.336693 -0.007567
v -0.063543 -0.332071 -0.027322
v -0.063723 -0.330162 -0.025169
v -0.064471 -0.326260 -0.032432
v -0.064599 -0.324675 -0.029994
v -0.063877 -0.321710 -0.025609
v -0.063097 -0.326592 -0.021316
v -0.065035 -0.321130 -0.035494
v -0.065516 -0.313317 -0.038019
v -0.065586 -0.312454 -0.035269
v -0.065131 -0.319832 -0.032885
v -0.065942 -0.302933 -0.040157
v -0.065988 -0.302650 -0.037288
v -0.065112 -0.302116 -0.032097
v -0.064755 -0.310839 -0.030301
v -0.064350 -0.317402 -0.028181
v -0.065981 -0.292323 -0.040097
v -0.066025 -0.292632 -0.037232
v -0.065648 -0.282031 -0.037937
v -0.065710 -0.282914 -0.035192
v -0.064865 -0.284559 -0.030232
v -0.065145 -0.293204 -0.032047
v -0.062294 -0.289516 -0.015296
v -0.061931 -0.284556 -0.013105
v -0.061462 -0.286133 -0.010391
v -0.061782 -0.290503 -0.012321
v -0.061584 -0.280964 -0.011042
v -0.061156 -0.282968 -0.008573
v -0.061052 -0.284261 -0.007998
v -0.061117 -0.286921 -0.008421
v -0.061288 -0.291335 -0.009503
v -0.061249 -0.278698 -0.009083
v -0.060657 -0.276168 -0.005658
v -0.060339 -0.278742 -0.003830
v -0.060861 -0.280971 -0.006848
v -0.059829 -0.273390 -0.000889
v -0.059610 -0.276295 0.000372
v -0.059389 -0.279109 0.001593
v -0.060073 -0.280847 -0.002336
v -0.060503 -0.283200 -0.004832
v -0.058914 -0.271692 0.004347
v -0.058803 -0.274798 0.004985
v -0.057952 -0.271122 0.009814
v -0.057956 -0.274297 0.009803
v -0.057952 -0.277372 0.009790
v -0.058706 -0.277338 0.005507
v -0.056987 -0.271733 0.015276
v -0.057105 -0.274834 0.014615
v -0.056058 -0.273471 0.020497
v -0.056287 -0.276366 0.019215
v -0.056501 -0.279171 0.017972
v -0.057196 -0.277370 0.014074
v -0.055208 -0.276284 0.025240
v -0.055538 -0.278845 0.023395
v -0.054597 -0.278833 0.028639
v -0.055000 -0.281090 0.026389
v -0.055355 -0.283305 0.024356
v -0.055802 -0.280938 0.021885
v -0.054384 -0.279776 0.029824
v -0.054812 -0.281921 0.027434
v -0.054249 -0.281077 0.030556
v -0.054693 -0.283067 0.028079
v -0.054793 -0.284365 0.027498
v -0.055040 -0.283870 0.026121
v -0.053468 -0.289698 0.034755
v -0.053250 -0.295126 0.035847
v -0.053813 -0.295446 0.032740
v -0.054005 -0.290663 0.031778
v -0.053228 -0.300707 0.035829
v -0.053793 -0.300363 0.032724
v -0.054333 -0.300030 0.029714
v -0.054267 -0.295708 0.030199
v -0.054506 -0.291475 0.028956
v -0.053409 -0.306159 0.034655
v -0.053953 -0.305167 0.031690
v -0.053631 -0.310262 0.033288
v -0.054149 -0.308782 0.030486
v -0.054637 -0.307500 0.027790
v -0.054391 -0.304357 0.029265
v -0.053730 -0.311792 0.032687
v -0.054236 -0.310130 0.029956
v -0.053909 -0.312964 0.031639
v -0.054394 -0.311163 0.029032
v -0.054638 -0.310965 0.027673
v -0.054635 -0.309449 0.027741
v -0.055050 -0.319534 0.024997
v -0.055869 -0.322239 0.020277
v -0.056121 -0.319336 0.019022
v -0.055399 -0.316952 0.023181
v -0.056784 -0.323950 0.015045
v -0.056927 -0.320843 0.014412
v -0.057057 -0.317832 0.013796
v -0.056320 -0.316962 0.017994
v -0.055704 -0.314472 0.021555
v -0.057746 -0.324506 0.009576
v -0.057774 -0.321333 0.009593
v -0.058712 -0.323909 0.004113
v -0.058625 -0.320807 0.004779
v -0.058533 -0.317801 0.005424
v -0.057791 -0.318739 0.009606
v -0.059640 -0.322159 -0.001104
v -0.059443 -0.319265 0.000183
v -0.060481 -0.319414 -0.005803
v -0.060184 -0.316847 -0.003957
v -0.059912 -0.314380 -0.002307
v -0.059275 -0.316898 0.001234
v -0.061187 -0.315834 -0.009713
v -0.060806 -0.313692 -0.007402
v -0.061675 -0.312778 -0.012400
v -0.061236 -0.310999 -0.009770
v -0.061000 -0.310816 -0.008405
v -0.060584 -0.312022 -0.006064
v -0.061972 -0.310080 -0.014011
v -0.062225 -0.305971 -0.015339
v -0.061721 -0.305001 -0.012359
v -0.061498 -0.308622 -0.011189
v -0.062449 -0.300510 -0.016463
v -0.061918 -0.300190 -0.013350
v -0.061395 -0.299879 -0.010335
v -0.061302 -0.304209 -0.009925
v -0.061033 -0.307361 -0.008479
v -0.062469 -0.294929 -0.016432
v -0.061936 -0.295273 -0.013323
v -0.062294 -0.289516 -0.015296
v -0.061782 -0.290503 -0.012321
v -0.061288 -0.291335 -0.009503
v -0.061494 -0.295554 -0.010782
v -0.180272 -0.284499 0.014657
v -0.180368 -0.288897 0.017019
v -0.180008 -0.289083 0.021095
v -0.180463 -0.293799 0.018387
v -0.179405 -0.298371 0.031129
v -0.179665 -0.286176 0.022242
v -0.179255 -0.286370 0.025727
v -0.180008 -0.289083 0.021095
v -0.179405 -0.298371 0.031129
v -0.178682 -0.283653 0.027881
v -0.178332 -0.285255 0.030989
v -0.179255 -0.286370 0.025727
v -0.179405 -0.298371 0.031129
v -0.177596 -0.283676 0.034041
v -0.177401 -0.286410 0.036241
v -0.178332 -0.285255 0.030989
v -0.179405 -0.298371 0.031129
v -0.176594 -0.286241 0.039657
v -0.176528 -0.289155 0.040829
v -0.177401 -0.286410 0.036241
v -0.179405 -0.298371 0.031129
v -0.173027 -0.286380 0.050940
v -0.175473 -0.288989 0.044778
v -0.176035 -0.293891 0.043495
v -0.173027 -0.282654 0.049984
v -0.174570 -0.284599 0.046992
v -0.176528 -0.289155 0.040829
v -0.179405 -0.298371 0.031129
v -0.175490 -0.296861 0.045635
v -0.176009 -0.299799 0.043778
v -0.176035 -0.293891 0.043495
v -0.179405 -0.298371 0.031129
v -0.175580 -0.303079 0.044963
v -0.176140 -0.305102 0.042603
v -0.176009 -0.299799 0.043778
v -0.179405 -0.298371 0.031129
v -0.173411 -0.314378 0.048025
v -0.175535 -0.308962 0.043897
v -0.176759 -0.309144 0.038989
v -0.172687 -0.312410 0.051127
v -0.174171 -0.309866 0.048590
v -0.176140 -0.305102 0.042603
v -0.179405 -0.298371 0.031129
v -0.176967 -0.312142 0.036860
v -0.177758 -0.311226 0.033560
v -0.176759 -0.309144 0.038989
v -0.179405 -0.298371 0.031129
v -0.178024 -0.313420 0.030828
v -0.178705 -0.311205 0.028186
v -0.177758 -0.311226 0.033560
v -0.179405 -0.298371 0.031129
v -0.179092 -0.312097 0.024809
v -0.179621 -0.309081 0.022757
v -0.178705 -0.311205 0.028186
v -0.179405 -0.298371 0.031129
v -0.180476 -0.309721 0.012838
v -0.180151 -0.308858 0.017725
v -0.180271 -0.305012 0.019179
v -0.179621 -0.309081 0.022757
v -0.179405 -0.298371 0.031129
v -0.180549 -0.302973 0.016786
v -0.180543 -0.299702 0.018071
v -0.180271 -0.305012 0.019179
v -0.179405 -0.298371 0.031129
v -0.180686 -0.296750 0.016170
v -0.180463 -0.293799 0.018387
v -0.180543 -0.299702 0.018071
v -0.179405 -0.298371 0.031129
v -0.060364 -0.288337 -0.004141
v -0.060116 -0.293238 -0.002834
v -0.060812 -0.283769 -0.006611
v -0.059660 -0.288523 -0.000126
v -0.057903 -0.297805 0.009705
v -0.059465 -0.285616 0.001048
v -0.059660 -0.288523 -0.000126
v -0.058859 -0.285809 0.004498
v -0.057903 -0.297805 0.009705
v -0.058482 -0.283093 0.006686
v -0.058859 -0.285809 0.004498
v -0.057936 -0.284694 0.009760
v -0.057903 -0.297805 0.009705
v -0.057396 -0.283116 0.012846
v -0.057936 -0.284694 0.009760
v -0.057005 -0.285849 0.015012
v -0.057903 -0.297805 0.009705
v -0.056394 -0.285681 0.018462
v -0.057005 -0.285849 0.015012
v -0.056180 -0.288594 0.019609
v -0.057903 -0.297805 0.009705
v -0.055469 -0.288430 0.023618
v -0.056180 -0.288594 0.019609
v -0.054711 -0.287036 0.027903
v -0.055688 -0.293330 0.022275
v -0.057903 -0.297805 0.009705
v -0.055290 -0.296301 0.024440
v -0.055688 -0.293330 0.022275
v -0.055613 -0.299238 0.022549
v -0.057903 -0.297805 0.009705
v -0.055380 -0.302519 0.023769
v -0.055613 -0.299238 0.022549
v -0.055793 -0.304541 0.021383
v -0.057903 -0.297805 0.009705
v -0.055531 -0.308403 0.022737
v -0.055793 -0.304541 0.021383
v -0.055049 -0.312151 0.025326
v -0.056412 -0.308583 0.017769
v -0.057903 -0.297805 0.009705
v -0.056766 -0.311582 0.015665
v -0.056412 -0.308583 0.017769
v -0.057362 -0.310665 0.012331
v -0.057903 -0.297805 0.009705
v -0.057824 -0.312860 0.009634
v -0.057362 -0.310665 0.012331
v -0.058309 -0.310644 0.006957
v -0.057903 -0.297805 0.009705
v -0.058891 -0.311537 0.003614
v -0.058309 -0.310644 0.006957
v -0.059274 -0.308521 0.001537
v -0.057903 -0.297805 0.009705
v -0.060146 -0.308298 -0.003435
v -0.059274 -0.308521 0.001537
v -0.061019 -0.309303 -0.008455
v -0.059924 -0.304452 -0.002041
v -0.057903 -0.297805 0.009705
v -0.060349 -0.302413 -0.004408
v -0.059924 -0.304452 -0.002041
v -0.060147 -0.299141 -0.003158
v -0.057903 -0.297805 0.009705
v -0.060486 -0.296190 -0.005025
v -0.060147 -0.299141 -0.003158
v -0.060116 -0.293238 -0.002834
v -0.057903 -0.297805 0.009705
v 0.008107 -0.277957 -0.062492
v 0.008961 -0.266301 -0.057342
v 0.009127 -0.266353 -0.057285
v 0.008275 -0.277988 -0.062425
v 0.009777 -0.257859 -0.052494
v 0.009941 -0.257926 -0.052446
v 0.011049 -0.258858 -0.051453
v 0.010254 -0.267085 -0.056178
v 0.009422 -0.278445 -0.061196
v 0.010562 -0.252539 -0.047895
v 0.011953 -0.246595 -0.039848
v 0.012116 -0.246676 -0.039817
v 0.010727 -0.252611 -0.047852
v 0.013898 -0.240068 -0.028645
v 0.014058 -0.240160 -0.028632
v 0.015068 -0.241512 -0.028203
v 0.013172 -0.247874 -0.039123
v 0.011816 -0.253669 -0.046968
v 0.016049 -0.236078 -0.016343
v 0.016205 -0.236176 -0.016349
v 0.018308 -0.234740 -0.003497
v 0.018460 -0.234841 -0.003524
v 0.019366 -0.236319 -0.003690
v 0.017164 -0.237622 -0.016211
v 0.020577 -0.236174 0.009336
v 0.020726 -0.236272 0.009288
v 0.022759 -0.240258 0.021603
v 0.022904 -0.240349 0.021535
v 0.023705 -0.241697 0.020776
v 0.021578 -0.237717 0.008820
v 0.024755 -0.246868 0.032748
v 0.024897 -0.246949 0.032662
v 0.026191 -0.252856 0.040732
v 0.026330 -0.252928 0.040634
v 0.027050 -0.253977 0.039423
v 0.025651 -0.248140 0.031640
v 0.026692 -0.255069 0.043515
v 0.026831 -0.255140 0.043414
v 0.027010 -0.258124 0.045234
v 0.027148 -0.258191 0.045132
v 0.027849 -0.259117 0.043815
v 0.027539 -0.256137 0.042138
v 0.028844 -0.278383 0.055101
v 0.029356 -0.291139 0.057668
v 0.029490 -0.291148 0.057543
v 0.028979 -0.278414 0.054980
v 0.029409 -0.304249 0.057625
v 0.029543 -0.304238 0.057499
v 0.030187 -0.304073 0.055890
v 0.030135 -0.291293 0.055932
v 0.029636 -0.278860 0.053430
v 0.028983 -0.317060 0.054869
v 0.029118 -0.317028 0.054748
v 0.028461 -0.326698 0.051657
v 0.028597 -0.326651 0.051540
v 0.029263 -0.325956 0.050071
v 0.029772 -0.316561 0.053203
v 0.028230 -0.330291 0.050246
v 0.028365 -0.330241 0.050130
v 0.027809 -0.333044 0.047784
v 0.027944 -0.332991 0.047671
v 0.028626 -0.332146 0.046294
v 0.029037 -0.329461 0.048695
v 0.025128 -0.348484 0.032177
v 0.023202 -0.354841 0.021086
v 0.023346 -0.354748 0.021019
v 0.025269 -0.348402 0.032092
v 0.021053 -0.358861 0.008793
v 0.021201 -0.358761 0.008746
v 0.022042 -0.357306 0.008290
v 0.024137 -0.353388 0.020273
v 0.026014 -0.347192 0.031083
v 0.018794 -0.360168 -0.004055
v 0.018945 -0.360066 -0.004082
v 0.016524 -0.358764 -0.016892
v 0.016679 -0.358665 -0.016898
v 0.017627 -0.357212 -0.016746
v 0.019840 -0.358580 -0.004234
v 0.014343 -0.354652 -0.029149
v 0.014502 -0.354559 -0.029135
v 0.012367 -0.348203 -0.040190
v 0.012528 -0.348121 -0.040157
v 0.013575 -0.346918 -0.039456
v 0.015502 -0.353203 -0.028694
v 0.010708 -0.339789 -0.049378
v 0.010872 -0.339723 -0.049329
v 0.009561 -0.332606 -0.055694
v 0.009727 -0.332554 -0.055634
v 0.010840 -0.331719 -0.054565
v 0.011958 -0.338719 -0.048410
v 0.008864 -0.326272 -0.059475
v 0.008269 -0.316618 -0.062594
v 0.008437 -0.316586 -0.062526
v 0.009031 -0.326225 -0.059411
v 0.007743 -0.303786 -0.065236
v 0.007912 -0.303775 -0.065164
v 0.009068 -0.303622 -0.063870
v 0.009580 -0.316129 -0.061295
v 0.010161 -0.325540 -0.058254
v 0.007695 -0.290676 -0.065163
v 0.007864 -0.290686 -0.065091
v 0.008107 -0.277957 -0.062492
v 0.008275 -0.277988 -0.062425
v 0.009422 -0.278445 -0.061196
v 0.009021 -0.290842 -0.063799
v 0.006446 -0.281401 -0.051560
v 0.007149 -0.271794 -0.047316
v -0.022320 -0.271932 -0.042120
v -0.023023 -0.281538 -0.046364
v 0.007822 -0.264837 -0.043321
v -0.021647 -0.264974 -0.038125
v -0.051558 -0.265114 -0.032851
v -0.052230 -0.272071 -0.036846
v -0.052934 -0.281677 -0.041090
v 0.008470 -0.260449 -0.039528
v 0.009617 -0.255548 -0.032894
v -0.019852 -0.255686 -0.027698
v -0.020999 -0.260586 -0.034332
v 0.011220 -0.250169 -0.023659
v -0.018249 -0.250306 -0.018463
v -0.048160 -0.250445 -0.013189
v -0.049763 -0.255825 -0.022424
v -0.050910 -0.260725 -0.029057
v 0.012993 -0.246879 -0.013518
v -0.016476 -0.247016 -0.008322
v 0.014855 -0.245777 -0.002930
v -0.014614 -0.245914 0.002266
v -0.044525 -0.246053 0.007541
v -0.046387 -0.247156 -0.003048
v 0.016726 -0.246959 0.007649
v -0.012743 -0.247096 0.012845
v 0.018524 -0.250325 0.017760
v -0.010945 -0.250462 0.022956
v -0.040856 -0.250601 0.028230
v -0.042654 -0.247235 0.018119
v 0.020169 -0.255774 0.026947
v -0.009300 -0.255911 0.032143
v 0.021353 -0.260710 0.033528
v -0.008116 -0.260847 0.038725
v -0.038027 -0.260986 0.043999
v -0.039211 -0.256050 0.037417
v 0.021766 -0.262536 0.035824
v -0.007703 -0.262673 0.041020
v 0.022028 -0.265056 0.037243
v -0.007441 -0.265193 0.042439
v -0.037352 -0.265332 0.047713
v -0.037614 -0.262813 0.046295
v 0.023540 -0.281752 0.045374
v 0.023962 -0.292266 0.047489
v -0.005507 -0.292403 0.052685
v -0.005929 -0.281889 0.050570
v 0.024006 -0.303073 0.047453
v -0.005463 -0.303210 0.052649
v -0.035374 -0.303350 0.057924
v -0.035418 -0.292542 0.057959
v -0.035840 -0.282028 0.055844
v 0.023654 -0.313633 0.045181
v -0.005815 -0.313770 0.050377
v 0.023224 -0.321578 0.042533
v -0.006245 -0.321716 0.047729
v -0.036156 -0.321855 0.053003
v -0.035726 -0.313910 0.055652
v 0.023033 -0.324542 0.041369
v -0.006436 -0.324679 0.046565
v 0.022685 -0.326813 0.039338
v -0.006784 -0.326950 0.044535
v -0.036695 -0.327089 0.049809
v -0.036347 -0.324819 0.051839
v 0.020477 -0.339536 0.026476
v 0.018889 -0.344776 0.017334
v -0.010580 -0.344913 0.022530
v -0.008992 -0.339673 0.031672
v 0.017118 -0.348089 0.007201
v -0.012351 -0.348227 0.012397
v -0.042262 -0.348366 0.017671
v -0.040491 -0.345053 0.027805
v -0.038903 -0.339813 0.036946
v 0.015255 -0.349167 -0.003390
v -0.014214 -0.349304 0.001806
v 0.013384 -0.348009 -0.013971
v -0.016085 -0.348147 -0.008775
v -0.045996 -0.348286 -0.003501
v -0.044125 -0.349443 0.007080
v 0.011587 -0.344620 -0.024075
v -0.017882 -0.344757 -0.018878
v 0.009957 -0.339305 -0.033175
v -0.019512 -0.339442 -0.027979
v -0.049422 -0.339581 -0.022705
v -0.047793 -0.344896 -0.013604
v 0.008590 -0.332371 -0.040748
v -0.020879 -0.332508 -0.035551
v 0.007645 -0.326452 -0.045953
v -0.021824 -0.326589 -0.040757
v -0.051735 -0.326728 -0.035482
v -0.050790 -0.332648 -0.030277
v 0.007070 -0.321227 -0.049072
v 0.006580 -0.313268 -0.051643
v -0.022889 -0.313405 -0.046447
v -0.022399 -0.321364 -0.043876
v 0.006146 -0.302691 -0.053821
v -0.023323 -0.302829 -0.048625
v -0.053233 -0.302968 -0.043351
v -0.052800 -0.313545 -0.041173
v -0.052310 -0.321503 -0.038601
v 0.006107 -0.291884 -0.053761
v -0.023362 -0.292022 -0.048564
v 0.006446 -0.281401 -0.051560
v -0.023023 -0.281538 -0.046364
v -0.052934 -0.281677 -0.041090
v -0.053273 -0.292161 -0.043290
v -0.172991 -0.269252 -0.003008
v -0.175589 -0.276315 0.005481
v -0.175498 -0.276170 0.005584
v -0.172896 -0.269061 -0.002873
v -0.176780 -0.280298 0.010270
v -0.177109 -0.281623 0.012003
v -0.176760 -0.280094 0.010388
v -0.175558 -0.275998 0.005663
v -0.172951 -0.268836 -0.002769
v -0.164492 -0.256230 -0.019249
v -0.169278 -0.262540 -0.011270
v -0.169182 -0.262303 -0.011102
v -0.164395 -0.255952 -0.019047
v -0.169229 -0.262028 -0.010976
v -0.164434 -0.255628 -0.018903
v -0.151887 -0.245043 -0.034099
v -0.158672 -0.250377 -0.026885
v -0.158575 -0.250061 -0.026654
v -0.151791 -0.244692 -0.033840
v -0.158606 -0.249693 -0.026492
v -0.151814 -0.244283 -0.033663
v -0.135718 -0.236164 -0.046943
v -0.144206 -0.240289 -0.040809
v -0.144112 -0.239907 -0.040525
v -0.135627 -0.235755 -0.046637
v -0.144126 -0.239461 -0.040333
v -0.135632 -0.235278 -0.046434
v -0.116689 -0.229982 -0.057214
v -0.126511 -0.232717 -0.052430
v -0.126424 -0.232285 -0.052106
v -0.116608 -0.229532 -0.056876
v -0.126420 -0.231782 -0.051893
v -0.116595 -0.229009 -0.056655
v -0.095634 -0.226769 -0.064463
v -0.106359 -0.227993 -0.061239
v -0.106283 -0.227531 -0.060890
v -0.095565 -0.226299 -0.064107
v -0.106262 -0.226992 -0.060664
v -0.095536 -0.225751 -0.063879
v -0.073474 -0.226665 -0.068371
v -0.084632 -0.226326 -0.066848
v -0.084571 -0.225853 -0.066488
v -0.073421 -0.226195 -0.068011
v -0.084533 -0.225302 -0.066260
v -0.073376 -0.225648 -0.067786
v -0.051181 -0.229677 -0.068765
v -0.062283 -0.227788 -0.069011
v -0.062239 -0.227326 -0.068656
v -0.051146 -0.229227 -0.068419
v -0.062187 -0.226787 -0.068436
v -0.051087 -0.228703 -0.068206
v -0.029732 -0.235670 -0.065631
v -0.040292 -0.232315 -0.067633
v -0.040266 -0.231884 -0.067298
v -0.029717 -0.235261 -0.065312
v -0.040202 -0.231380 -0.067096
v -0.029647 -0.234784 -0.065122
v -0.010134 -0.244343 -0.059147
v -0.019621 -0.239709 -0.062777
v -0.019616 -0.239327 -0.062477
v -0.010140 -0.244007 -0.058878
v -0.019541 -0.238881 -0.062301
v -0.010063 -0.243610 -0.058726
v 0.007193 -0.257069 -0.050848
v 0.007122 -0.255066 -0.049983
v 0.007087 -0.254904 -0.049825
v 0.007364 -0.255107 -0.049650
v 0.004841 -0.253581 -0.051271
v 0.004809 -0.253392 -0.051096
v 0.004883 -0.253147 -0.051021
v 0.007159 -0.254684 -0.049763
v 0.007697 -0.253620 -0.047888
v 0.011339 -0.255858 -0.049731
v 0.010238 -0.254854 -0.050681
v 0.010073 -0.254782 -0.050728
v -0.051313 -0.262577 -0.031394
v -0.021402 -0.262437 -0.036668
v 0.008067 -0.262300 -0.041864
v -0.064208 -0.265208 -0.026204
v -0.063529 -0.268808 -0.022237
v -0.064057 -0.263279 -0.028418
v -0.061044 -0.281814 -0.007910
v -0.061457 -0.279654 -0.010289
v -0.163693 -0.270875 0.063722
v -0.169190 -0.277494 0.056192
v -0.168787 -0.281964 0.058750
v -0.163141 -0.276761 0.067082
v -0.149705 -0.258597 0.076998
v -0.157173 -0.264554 0.070682
v -0.156476 -0.271789 0.074808
v -0.148871 -0.267103 0.081846
v -0.132252 -0.248036 0.087429
v -0.141366 -0.253072 0.082600
v -0.140403 -0.262755 0.088116
v -0.131171 -0.258790 0.093554
v -0.112096 -0.239653 0.094560
v -0.122458 -0.243548 0.091429
v -0.121272 -0.255255 0.098094
v -0.110816 -0.252186 0.101693
v -0.090118 -0.233815 0.098078
v -0.101276 -0.236399 0.096782
v -0.099917 -0.249618 0.104306
v -0.088696 -0.247578 0.105909
v -0.067279 -0.230777 0.097830
v -0.078744 -0.231936 0.098426
v -0.077273 -0.246090 0.106479
v -0.065776 -0.245169 0.106016
v -0.044576 -0.230671 0.093827
v -0.055848 -0.230355 0.096289
v -0.054329 -0.244826 0.104519
v -0.043058 -0.245063 0.102010
v -0.023003 -0.233503 0.086244
v -0.033588 -0.231725 0.090464
v -0.032088 -0.245880 0.098512
v -0.021537 -0.247265 0.094067
v -0.003502 -0.239148 0.075411
v -0.012938 -0.235987 0.081206
v -0.011522 -0.249206 0.088719
v -0.002151 -0.251679 0.082533
v 0.013022 -0.247317 0.061869
v 0.005200 -0.242953 0.068919
v 0.006470 -0.254660 0.075570
v 0.014200 -0.258079 0.067982
v 0.026619 -0.259721 0.047548
v 0.026321 -0.257388 0.046461
v 0.027281 -0.265977 0.051337
v 0.027370 -0.266094 0.051101
v 0.024591 -0.255993 0.048575
v 0.025580 -0.264883 0.053622
v 0.028711 -0.267413 0.048485
v 0.028031 -0.266689 0.049916
v 0.027894 -0.266636 0.050027
v -0.036623 -0.272348 0.051662
v -0.006712 -0.272209 0.046388
v 0.022757 -0.272071 0.041192
v -0.050590 -0.274266 0.050787
v -0.051414 -0.276866 0.046255
v -0.049634 -0.272872 0.053122
v -0.054361 -0.286259 0.029876
v -0.053872 -0.284699 0.032596
v -0.163156 -0.323331 0.065384
v -0.168781 -0.317343 0.057455
v -0.169413 -0.321071 0.054170
v -0.163965 -0.328235 0.061053
v -0.148929 -0.334405 0.079400
v -0.156512 -0.329038 0.072724
v -0.157488 -0.335066 0.067396
v -0.150061 -0.341490 0.073133
v -0.131270 -0.343881 0.090465
v -0.140482 -0.339369 0.085334
v -0.141758 -0.347435 0.078197
v -0.132676 -0.352839 0.082537
v -0.110952 -0.351346 0.098098
v -0.121389 -0.347887 0.094734
v -0.122909 -0.357638 0.086102
v -0.112570 -0.361785 0.088855
v -0.088861 -0.356475 0.101963
v -0.100069 -0.354218 0.100514
v -0.101766 -0.365230 0.090763
v -0.090621 -0.367939 0.091810
v -0.065965 -0.359042 0.101893
v -0.077451 -0.358088 0.102423
v -0.079253 -0.369878 0.091979
v -0.067789 -0.371030 0.091273
v -0.043262 -0.358937 0.097890
v -0.054527 -0.359325 0.100375
v -0.056354 -0.371379 0.089695
v -0.045072 -0.370924 0.087267
v -0.021746 -0.356162 0.090129
v -0.032296 -0.357877 0.094460
v -0.034068 -0.369667 0.084012
v -0.023462 -0.367626 0.079968
v -0.002357 -0.350840 0.078950
v -0.011731 -0.353807 0.084938
v -0.013371 -0.364818 0.075177
v -0.003904 -0.361279 0.069695
v 0.014005 -0.343243 0.064907
v 0.006269 -0.347292 0.072224
v 0.004833 -0.357043 0.063577
v 0.012694 -0.352208 0.056956
v 0.026889 -0.335668 0.047078
v 0.027106 -0.333939 0.048887
v 0.026079 -0.341094 0.042538
v 0.026174 -0.340923 0.042340
v 0.025402 -0.335227 0.051085
v 0.024337 -0.342632 0.044515
v 0.027564 -0.339083 0.040090
v 0.026857 -0.340097 0.041317
v 0.026719 -0.340163 0.041418
v -0.037592 -0.332956 0.044563
v -0.007681 -0.332817 0.039289
v 0.021788 -0.332679 0.034092
v -0.051489 -0.330448 0.044206
v -0.052214 -0.326846 0.040400
v -0.050586 -0.332373 0.046152
v -0.054802 -0.313832 0.026646
v -0.054373 -0.315993 0.028930
v 0.005370 -0.278095 -0.061533
v 0.006295 -0.266480 -0.056302
v 0.006490 -0.266661 -0.056006
v 0.005592 -0.278217 -0.061182
v 0.007344 -0.258307 -0.051148
v 0.007612 -0.258483 -0.050993
v 0.006789 -0.266810 -0.055798
v 0.005922 -0.278317 -0.060921
v 0.008349 -0.253404 -0.046587
v 0.007893 -0.255524 -0.049300
v 0.007639 -0.255349 -0.049437
v 0.008092 -0.253220 -0.046719
v 0.009251 -0.247052 -0.039015
v 0.009420 -0.247353 -0.038837
v 0.011117 -0.240512 -0.027948
v 0.011299 -0.240881 -0.027820
v 0.011596 -0.241182 -0.027743
v 0.009698 -0.247593 -0.038724
v 0.011117 -0.240512 -0.027948
v 0.013230 -0.236529 -0.015753
v 0.013407 -0.236933 -0.015698
v 0.011299 -0.240881 -0.027820
v 0.015472 -0.235202 -0.002999
v 0.015635 -0.235614 -0.003029
v 0.015917 -0.235954 -0.003080
v 0.013702 -0.237265 -0.015679
v 0.011596 -0.241182 -0.027743
v 0.017726 -0.236626 0.009743
v 0.017873 -0.237028 0.009628
v 0.019906 -0.240700 0.021896
v 0.020034 -0.241067 0.021711
v 0.020286 -0.241368 0.021535
v 0.018143 -0.237360 0.009507
v 0.021930 -0.247323 0.032885
v 0.022027 -0.247623 0.032658
v 0.023466 -0.253531 0.040466
v 0.023663 -0.253714 0.040253
v 0.022250 -0.247861 0.032455
v 0.023962 -0.255628 0.043131
v 0.024263 -0.258565 0.044798
v 0.024462 -0.258740 0.044559
v 0.024154 -0.255803 0.042913
v 0.026252 -0.278734 0.054370
v 0.025325 -0.267137 0.049315
v 0.025115 -0.266990 0.049613
v 0.026032 -0.278637 0.054728
v 0.025034 -0.266811 0.049959
v 0.025944 -0.278517 0.055135
v 0.026441 -0.291197 0.057730
v 0.026531 -0.291238 0.057297
v 0.026508 -0.304199 0.057658
v 0.026592 -0.304160 0.057237
v 0.026808 -0.304128 0.056866
v 0.026753 -0.291271 0.056913
v 0.026125 -0.316872 0.054834
v 0.026195 -0.316768 0.054467
v 0.025710 -0.326217 0.051270
v 0.025896 -0.326106 0.051005
v 0.026396 -0.316687 0.054150
v 0.025506 -0.329664 0.049927
v 0.025094 -0.332330 0.047560
v 0.025286 -0.332190 0.047295
v 0.025689 -0.329544 0.049670
v 0.022615 -0.347487 0.031924
v 0.024200 -0.339235 0.041029
v 0.023984 -0.339437 0.041290
v 0.022375 -0.347757 0.032160
v 0.023896 -0.339695 0.041580
v 0.022262 -0.348088 0.032416
v 0.020332 -0.354444 0.021409
v 0.020462 -0.354066 0.021217
v 0.018198 -0.358435 0.009203
v 0.018343 -0.358030 0.009092
v 0.018610 -0.357695 0.008974
v 0.020718 -0.353753 0.021032
v 0.015955 -0.359733 -0.003553
v 0.016114 -0.359319 -0.003580
v 0.013701 -0.358339 -0.016298
v 0.013875 -0.357935 -0.016240
v 0.014167 -0.357600 -0.016218
v 0.016394 -0.358977 -0.003628
v 0.011536 -0.354256 -0.028467
v 0.011725 -0.353879 -0.028329
v 0.009592 -0.347809 -0.039431
v 0.009786 -0.347480 -0.039227
v 0.010093 -0.347211 -0.039085
v 0.012029 -0.353567 -0.028240
v 0.008000 -0.339323 -0.048561
v 0.008183 -0.339067 -0.048316
v 0.006708 -0.331298 -0.055559
v 0.007087 -0.331897 -0.054550
v 0.007359 -0.331759 -0.054366
v 0.008474 -0.338867 -0.048144
v 0.006230 -0.327063 -0.058148
v 0.005595 -0.316433 -0.061583
v 0.005787 -0.316331 -0.061261
v 0.006411 -0.325797 -0.058167
v 0.005006 -0.303739 -0.064274
v 0.005229 -0.303703 -0.063907
v 0.005559 -0.303674 -0.063632
v 0.006084 -0.316253 -0.061031
v 0.006677 -0.325687 -0.057980
v 0.004936 -0.290737 -0.064224
v 0.005168 -0.290781 -0.063848
v 0.005508 -0.290817 -0.063564
v -0.173622 -0.320504 -0.007943
v -0.176072 -0.315118 0.001719
v -0.176032 -0.314881 0.001536
v -0.173594 -0.320196 -0.008183
v -0.177187 -0.312018 0.007125
v -0.177516 -0.310802 0.008923
v -0.177231 -0.311738 0.006878
v -0.176141 -0.314683 0.001336
v -0.173714 -0.319932 -0.008447
v -0.165403 -0.330363 -0.026374
v -0.170054 -0.325596 -0.017332
v -0.170039 -0.325218 -0.017624
v -0.165402 -0.329918 -0.026714
v -0.170166 -0.324893 -0.017951
v -0.165535 -0.329535 -0.027101
v -0.153039 -0.338781 -0.043107
v -0.159709 -0.334773 -0.034996
v -0.159721 -0.334267 -0.035382
v -0.153064 -0.338219 -0.043533
v -0.159860 -0.333831 -0.035824
v -0.153206 -0.337735 -0.044027
v -0.137060 -0.345413 -0.057438
v -0.145460 -0.342340 -0.050614
v -0.145498 -0.341728 -0.051076
v -0.137111 -0.344758 -0.057931
v -0.145642 -0.341201 -0.051615
v -0.137254 -0.344194 -0.058510
v -0.118163 -0.349967 -0.068740
v -0.127926 -0.347964 -0.063501
v -0.127989 -0.347274 -0.064020
v -0.118237 -0.349249 -0.069278
v -0.128131 -0.346678 -0.064632
v -0.118376 -0.348629 -0.069917
v -0.097175 -0.352243 -0.076515
v -0.107874 -0.351398 -0.073092
v -0.107958 -0.350659 -0.073644
v -0.097269 -0.351492 -0.077075
v -0.108094 -0.350022 -0.074303
v -0.097398 -0.350844 -0.077746
v -0.075015 -0.352140 -0.080422
v -0.086181 -0.352491 -0.078966
v -0.086283 -0.351735 -0.079527
v -0.075125 -0.351389 -0.080980
v -0.086406 -0.351083 -0.080203
v -0.075238 -0.350741 -0.081653
v -0.052655 -0.349662 -0.080291
v -0.063798 -0.351193 -0.080864
v -0.063914 -0.350454 -0.081410
v -0.052775 -0.348944 -0.080821
v -0.064018 -0.349816 -0.082074
v -0.052868 -0.348324 -0.081468
v -0.031074 -0.344919 -0.076127
v -0.041707 -0.347562 -0.078704
v -0.041831 -0.346872 -0.079211
v -0.031201 -0.344265 -0.076606
v -0.041912 -0.346277 -0.079834
v -0.031269 -0.343700 -0.077198
v -0.011285 -0.338157 -0.068156
v -0.020875 -0.341759 -0.072582
v -0.021002 -0.341148 -0.073028
v -0.011410 -0.337608 -0.068554
v -0.021056 -0.340621 -0.073583
v -0.011448 -0.337135 -0.069055
v 0.006211 -0.329898 -0.057129
v 0.006105 -0.329550 -0.057362
v 0.006388 -0.329402 -0.057146
v 0.003896 -0.331041 -0.058675
v 0.003788 -0.330663 -0.058932
v 0.003785 -0.330344 -0.059287
v 0.006109 -0.329257 -0.057692
v 0.006670 -0.329230 -0.056882
v 0.006931 -0.329111 -0.056702
v 0.010410 -0.329032 -0.056929
v 0.009287 -0.329801 -0.058054
v 0.009120 -0.329851 -0.058117
v -0.052098 -0.324456 -0.037481
v -0.022187 -0.324316 -0.042755
v 0.007282 -0.324179 -0.047951
v -0.064935 -0.322569 -0.031847
v -0.064176 -0.319836 -0.027257
v -0.064827 -0.324028 -0.034394
v -0.061402 -0.309965 -0.010680
v -0.061863 -0.311604 -0.013432
v -0.172500 -0.281305 0.049273
v -0.173718 -0.283231 0.047460
v -0.173109 -0.283335 0.047162
v -0.171896 -0.281414 0.048968
v -0.172479 -0.281511 0.049389
v -0.171874 -0.281620 0.049084
v -0.171266 -0.281729 0.048778
v -0.172497 -0.283440 0.046862
v -0.171288 -0.281523 0.048662
v -0.168787 -0.276115 0.055044
v -0.168195 -0.276236 0.054718
v -0.163362 -0.269043 0.062277
v -0.162794 -0.269185 0.061919
v -0.162222 -0.269329 0.061559
v -0.167599 -0.276359 0.054391
v -0.163410 -0.268582 0.062018
v -0.168823 -0.275764 0.054847
v -0.168231 -0.275886 0.054521
v -0.162841 -0.268724 0.061660
v -0.167635 -0.276008 0.054194
v -0.162270 -0.268867 0.061300
v -0.171839 -0.311255 0.052231
v -0.173161 -0.310032 0.049909
v -0.172549 -0.309884 0.049638
v -0.171231 -0.311101 0.051955
v -0.171894 -0.311614 0.051910
v -0.171286 -0.311460 0.051634
v -0.170674 -0.311305 0.051356
v -0.171933 -0.309735 0.049366
v -0.170619 -0.310946 0.051677
v -0.168030 -0.315945 0.058283
v -0.167434 -0.315774 0.057990
v -0.162366 -0.321516 0.066537
v -0.161793 -0.321317 0.066215
v -0.161217 -0.321116 0.065892
v -0.166834 -0.315601 0.057694
v -0.162244 -0.320713 0.067254
v -0.167937 -0.315336 0.058829
v -0.167340 -0.315164 0.058535
v -0.161670 -0.320514 0.066933
v -0.166740 -0.314992 0.058239
v -0.161094 -0.320314 0.066610
v -0.156925 -0.262297 0.068943
v -0.156395 -0.262467 0.068543
v -0.149547 -0.255944 0.074979
v -0.149065 -0.256144 0.074534
v -0.148581 -0.256346 0.074086
v -0.155862 -0.262638 0.068140
v -0.149616 -0.255277 0.074604
v -0.156984 -0.261730 0.068624
v -0.156454 -0.261900 0.068224
v -0.149134 -0.255478 0.074159
v -0.155921 -0.262071 0.067821
v -0.148650 -0.255679 0.073711
v -0.155701 -0.326815 0.074177
v -0.155166 -0.326578 0.073821
v -0.148108 -0.331791 0.081132
v -0.147620 -0.331514 0.080738
v -0.147129 -0.331236 0.080343
v -0.154627 -0.326340 0.073462
v -0.147931 -0.330632 0.082169
v -0.155550 -0.325828 0.075059
v -0.155015 -0.325592 0.074703
v -0.147442 -0.330355 0.081775
v -0.154476 -0.325354 0.074345
v -0.146951 -0.330076 0.081380
v -0.141299 -0.250051 0.080322
v -0.140871 -0.250280 0.079837
v -0.132277 -0.244681 0.084917
v -0.131906 -0.244935 0.084399
v -0.131534 -0.245190 0.083877
v -0.140440 -0.250509 0.079350
v -0.132364 -0.243839 0.084443
v -0.141378 -0.249293 0.079895
v -0.140950 -0.249521 0.079410
v -0.131994 -0.244092 0.083925
v -0.140519 -0.249751 0.078923
v -0.131622 -0.244347 0.083403
v -0.139662 -0.336396 0.087326
v -0.139226 -0.336082 0.086900
v -0.130458 -0.340579 0.092697
v -0.130079 -0.340232 0.092243
v -0.129698 -0.339882 0.091787
v -0.138787 -0.335766 0.086472
v -0.130234 -0.339113 0.094008
v -0.139460 -0.335076 0.088507
v -0.139024 -0.334761 0.088081
v -0.129855 -0.338766 0.093554
v -0.138585 -0.334446 0.087652
v -0.129474 -0.338416 0.093098
v -0.122574 -0.239896 0.088711
v -0.122266 -0.240171 0.088164
v -0.112301 -0.235744 0.091666
v -0.112058 -0.236038 0.091097
v -0.111813 -0.236335 0.090525
v -0.121955 -0.240449 0.087614
v -0.112403 -0.234762 0.091113
v -0.122669 -0.238979 0.088195
v -0.122361 -0.239254 0.087648
v -0.112160 -0.235057 0.090544
v -0.122051 -0.239532 0.087098
v -0.111915 -0.235353 0.089972
v -0.120594 -0.344294 0.097180
v -0.120277 -0.343917 0.096703
v -0.110182 -0.347502 0.100731
v -0.109929 -0.347099 0.100237
v -0.109673 -0.346694 0.099741
v -0.119957 -0.343537 0.096224
v -0.109921 -0.345793 0.102259
v -0.120350 -0.342698 0.098607
v -0.120032 -0.342321 0.098131
v -0.109667 -0.345390 0.101765
v -0.119713 -0.341941 0.097652
v -0.109412 -0.344985 0.101269
v -0.101568 -0.232274 0.093744
v -0.101392 -0.232585 0.093159
v -0.090494 -0.229521 0.094928
v -0.090387 -0.229845 0.094333
v -0.090278 -0.230170 0.093735
v -0.101214 -0.232898 0.092571
v -0.090606 -0.228443 0.094321
v -0.101676 -0.231238 0.093161
v -0.101499 -0.231549 0.092576
v -0.090499 -0.228766 0.093726
v -0.101322 -0.231862 0.091988
v -0.090390 -0.229092 0.093128
v -0.099333 -0.350164 0.103306
v -0.099146 -0.349740 0.102801
v -0.088167 -0.352255 0.104883
v -0.088049 -0.351815 0.104371
v -0.087929 -0.351372 0.103855
v -0.098958 -0.349314 0.102292
v -0.087880 -0.350378 0.106561
v -0.099057 -0.348361 0.104918
v -0.098870 -0.347938 0.104412
v -0.087761 -0.349938 0.106049
v -0.098682 -0.347512 0.103904
v -0.087642 -0.349496 0.105533
v -0.079200 -0.227519 0.095200
v -0.079162 -0.227852 0.094602
v -0.067809 -0.226287 0.094561
v -0.067841 -0.226625 0.093966
v -0.067873 -0.226966 0.093367
v -0.079124 -0.228187 0.094000
v -0.067926 -0.225159 0.093927
v -0.079315 -0.226410 0.094576
v -0.079277 -0.226743 0.093977
v -0.067958 -0.225498 0.093331
v -0.079239 -0.227078 0.093376
v -0.067990 -0.225838 0.092732
v -0.076806 -0.353748 0.105438
v -0.076757 -0.353297 0.104925
v -0.065375 -0.354631 0.104971
v -0.065396 -0.354172 0.104462
v -0.065417 -0.353711 0.103950
v -0.076707 -0.352842 0.104408
v -0.065075 -0.352669 0.106726
v -0.076511 -0.351818 0.107164
v -0.076462 -0.351367 0.106650
v -0.065096 -0.352210 0.106216
v -0.076412 -0.350912 0.106134
v -0.065116 -0.351749 0.105704
v -0.056446 -0.225840 0.093015
v -0.056548 -0.226181 0.092428
v -0.045236 -0.226181 0.090581
v -0.045407 -0.226521 0.090010
v -0.045578 -0.226862 0.089436
v -0.056650 -0.226524 0.091839
v -0.045354 -0.225054 0.089947
v -0.056564 -0.224707 0.092376
v -0.056666 -0.225047 0.091790
v -0.045524 -0.225393 0.089376
v -0.056768 -0.225390 0.091200
v -0.045695 -0.225734 0.088801
v -0.053999 -0.354890 0.103481
v -0.054090 -0.354429 0.102982
v -0.042803 -0.354526 0.100991
v -0.042962 -0.354068 0.100506
v -0.043122 -0.353607 0.100018
v -0.054180 -0.353966 0.102479
v -0.042503 -0.352563 0.102746
v -0.053698 -0.352917 0.105246
v -0.053788 -0.352456 0.104746
v -0.042662 -0.352106 0.102261
v -0.053879 -0.351993 0.104243
v -0.042822 -0.351645 0.101773
v -0.034303 -0.227310 0.087284
v -0.034541 -0.227644 0.086734
v -0.023765 -0.229210 0.083162
v -0.024067 -0.229536 0.082639
v -0.024370 -0.229863 0.082114
v -0.034779 -0.227980 0.086181
v -0.023877 -0.228132 0.082555
v -0.034419 -0.226201 0.086659
v -0.034656 -0.226535 0.086110
v -0.024179 -0.228457 0.082032
v -0.034895 -0.226871 0.085557
v -0.024482 -0.228785 0.081507
v -0.031910 -0.353539 0.097522
v -0.032136 -0.353089 0.097057
v -0.021438 -0.351944 0.093117
v -0.021729 -0.351506 0.092677
v -0.022021 -0.351065 0.092234
v -0.032363 -0.352636 0.096589
v -0.021151 -0.350067 0.094795
v -0.031615 -0.351609 0.099247
v -0.031841 -0.351159 0.098782
v -0.021442 -0.349629 0.094355
v -0.032068 -0.350706 0.098315
v -0.021734 -0.349189 0.093912
v -0.013740 -0.231865 0.078258
v -0.014103 -0.232178 0.077768
v -0.004334 -0.235240 0.072628
v -0.004755 -0.235539 0.072176
v -0.005178 -0.235838 0.071722
v -0.014468 -0.232494 0.077275
v -0.004436 -0.234259 0.072075
v -0.013847 -0.230829 0.077674
v -0.014210 -0.231142 0.077185
v -0.004857 -0.234557 0.071624
v -0.014576 -0.231458 0.076692
v -0.005280 -0.234856 0.071169
v -0.011504 -0.349755 0.087820
v -0.011857 -0.349334 0.087409
v -0.002215 -0.346999 0.081693
v -0.002625 -0.346599 0.081317
v -0.003039 -0.346197 0.080938
v -0.012211 -0.348910 0.086996
v -0.001953 -0.345290 0.083221
v -0.011229 -0.347952 0.089431
v -0.011581 -0.347531 0.089021
v -0.002364 -0.344890 0.082845
v -0.011936 -0.347108 0.088608
v -0.002777 -0.344489 0.082466
v 0.004346 -0.239304 0.066332
v 0.003872 -0.239584 0.065923
v 0.012156 -0.243963 0.059503
v 0.011634 -0.244221 0.059140
v 0.011109 -0.244481 0.058776
v 0.003395 -0.239865 0.065512
v 0.012070 -0.243129 0.059033
v 0.004251 -0.238387 0.065815
v 0.003776 -0.238667 0.065407
v 0.011549 -0.243397 0.058677
v 0.003299 -0.238948 0.064996
v 0.011024 -0.243666 0.058318
v 0.006326 -0.343703 0.074800
v 0.005861 -0.343329 0.074462
v 0.013976 -0.339942 0.067289
v 0.013463 -0.339598 0.066991
v 0.012946 -0.339252 0.066693
v 0.005393 -0.342953 0.074122
v 0.014200 -0.338483 0.068593
v 0.006570 -0.342107 0.076227
v 0.006105 -0.341733 0.075889
v 0.013685 -0.338147 0.068289
v 0.005637 -0.341357 0.075549
v 0.013167 -0.337809 0.067983
v 0.022540 -0.253661 0.046090
v 0.023134 -0.253443 0.046367
v 0.024855 -0.254926 0.044337
v 0.024251 -0.255137 0.044073
v 0.023725 -0.253226 0.046643
v 0.025456 -0.254716 0.044599
v 0.025907 -0.257697 0.046024
v 0.025300 -0.257895 0.045767
v 0.024690 -0.258093 0.045508
v 0.025068 -0.252265 0.041410
v 0.025395 -0.254122 0.044264
v 0.024801 -0.254407 0.044045
v 0.024473 -0.252556 0.041214
v 0.023660 -0.252598 0.046289
v 0.023075 -0.252880 0.046050
v 0.022488 -0.253164 0.045810
v 0.024205 -0.254695 0.043824
v 0.023874 -0.252848 0.041017
v 0.024058 -0.331922 0.052631
v 0.024645 -0.332211 0.052853
v 0.026315 -0.331024 0.050604
v 0.025717 -0.330744 0.050393
v 0.025228 -0.332498 0.053075
v 0.026909 -0.331302 0.050813
v 0.026698 -0.333556 0.048505
v 0.026100 -0.333278 0.048310
v 0.025499 -0.332997 0.048113
v 0.027396 -0.326897 0.052637
v 0.027078 -0.330199 0.051800
v 0.026474 -0.329985 0.051533
v 0.026786 -0.326707 0.052372
v 0.025405 -0.331344 0.054106
v 0.024813 -0.331113 0.053835
v 0.024217 -0.330880 0.053562
v 0.025866 -0.329770 0.051264
v 0.026173 -0.326515 0.052107
v -0.174955 -0.268891 -0.003468
v -0.177586 -0.276000 0.005146
v -0.176918 -0.276123 0.005248
v -0.174299 -0.269036 -0.003328
v -0.179126 -0.281418 0.011696
v -0.178453 -0.281528 0.011775
v -0.177777 -0.281639 0.011854
v -0.176247 -0.276247 0.005351
v -0.173639 -0.269181 -0.003186
v -0.179630 -0.283129 0.013934
v -0.178956 -0.283235 0.014005
v -0.179102 -0.281170 0.011839
v -0.178429 -0.281280 0.011917
v -0.177753 -0.281391 0.011997
v -0.178278 -0.283341 0.014076
v -0.177545 -0.275578 0.005388
v -0.176877 -0.275701 0.005490
v -0.174902 -0.268336 -0.003150
v -0.174245 -0.268480 -0.003009
v -0.173585 -0.268626 -0.002867
v -0.176206 -0.275825 0.005593
v -0.166305 -0.255725 -0.020058
v -0.171180 -0.262110 -0.011897
v -0.170545 -0.262283 -0.011703
v -0.165701 -0.255928 -0.019806
v -0.169907 -0.262456 -0.011509
v -0.165093 -0.256132 -0.019552
v -0.171114 -0.261428 -0.011505
v -0.170479 -0.261600 -0.011312
v -0.166228 -0.254922 -0.019597
v -0.165623 -0.255125 -0.019345
v -0.165015 -0.255330 -0.019092
v -0.169841 -0.261774 -0.011117
v -0.153465 -0.244404 -0.035242
v -0.160377 -0.249802 -0.027867
v -0.159809 -0.250033 -0.027560
v -0.152940 -0.244661 -0.034884
v -0.159238 -0.250266 -0.027251
v -0.152412 -0.244919 -0.034523
v -0.160289 -0.248889 -0.027343
v -0.159721 -0.249120 -0.027036
v -0.153367 -0.243390 -0.034660
v -0.152842 -0.243647 -0.034301
v -0.152314 -0.243905 -0.033940
v -0.159150 -0.249352 -0.026727
v -0.136995 -0.235420 -0.048367
v -0.145641 -0.239594 -0.042100
v -0.145165 -0.239873 -0.041694
v -0.136571 -0.235719 -0.047918
v -0.144685 -0.240154 -0.041285
v -0.136146 -0.236020 -0.047466
v -0.145534 -0.238490 -0.041466
v -0.145058 -0.238769 -0.041060
v -0.136880 -0.234239 -0.047689
v -0.136457 -0.234537 -0.047239
v -0.136032 -0.234838 -0.046788
v -0.144579 -0.239050 -0.040651
v -0.117613 -0.229166 -0.058858
v -0.127616 -0.231933 -0.053973
v -0.127251 -0.232248 -0.053485
v -0.117308 -0.229494 -0.058338
v -0.126883 -0.232565 -0.052996
v -0.117002 -0.229824 -0.057816
v -0.127496 -0.230686 -0.053257
v -0.127130 -0.231001 -0.052769
v -0.117487 -0.227868 -0.058112
v -0.117183 -0.228196 -0.057593
v -0.116877 -0.228526 -0.057070
v -0.126763 -0.231318 -0.052280
v -0.096167 -0.225916 -0.066255
v -0.107090 -0.227155 -0.062966
v -0.106850 -0.227492 -0.062419
v -0.095994 -0.226258 -0.065687
v -0.106609 -0.227831 -0.061869
v -0.095820 -0.226603 -0.065116
v -0.106961 -0.225820 -0.062199
v -0.106721 -0.226157 -0.061652
v -0.096036 -0.224558 -0.065476
v -0.095863 -0.224901 -0.064908
v -0.095689 -0.225246 -0.064336
v -0.106480 -0.226496 -0.061102
v -0.073595 -0.225810 -0.070235
v -0.084960 -0.225467 -0.068686
v -0.084856 -0.225812 -0.068102
v -0.073560 -0.226154 -0.069643
v -0.084751 -0.226159 -0.067516
v -0.073525 -0.226499 -0.069047
v -0.084828 -0.224103 -0.067902
v -0.084724 -0.224448 -0.067319
v -0.073463 -0.224453 -0.069456
v -0.073429 -0.224797 -0.068863
v -0.073394 -0.225142 -0.068268
v -0.084619 -0.224795 -0.066732
v -0.050883 -0.228855 -0.070624
v -0.062194 -0.226945 -0.070882
v -0.062229 -0.227284 -0.070287
v -0.050989 -0.229185 -0.070032
v -0.062265 -0.227624 -0.069688
v -0.051094 -0.229517 -0.069437
v -0.062065 -0.225610 -0.070115
v -0.062100 -0.225949 -0.069520
v -0.050758 -0.227557 -0.069879
v -0.050863 -0.227887 -0.069287
v -0.050969 -0.228219 -0.068691
v -0.062136 -0.226289 -0.068921
v -0.029027 -0.234917 -0.067405
v -0.039788 -0.231524 -0.069459
v -0.039962 -0.231841 -0.068877
v -0.029268 -0.235219 -0.066839
v -0.040137 -0.232161 -0.068291
v -0.029511 -0.235523 -0.066269
v -0.039667 -0.230277 -0.068743
v -0.039841 -0.230595 -0.068161
v -0.028913 -0.233736 -0.066726
v -0.029154 -0.234037 -0.066160
v -0.029397 -0.234341 -0.065590
v -0.040016 -0.230914 -0.067575
v -0.009050 -0.243686 -0.060759
v -0.018721 -0.239003 -0.064479
v -0.019027 -0.239286 -0.063935
v -0.009417 -0.243947 -0.060242
v -0.019335 -0.239570 -0.063388
v -0.009787 -0.244210 -0.059722
v -0.018614 -0.237899 -0.063845
v -0.018920 -0.238181 -0.063301
v -0.008953 -0.242680 -0.060182
v -0.009321 -0.242951 -0.059670
v -0.009691 -0.243223 -0.059155
v -0.019229 -0.238466 -0.062754
v 0.008469 -0.257447 -0.052867
v 0.008535 -0.254494 -0.051362
v 0.008059 -0.254707 -0.050912
v 0.007987 -0.257647 -0.052419
v 0.006210 -0.252997 -0.052682
v 0.005749 -0.253217 -0.052223
v 0.005285 -0.253437 -0.051761
v 0.007581 -0.254921 -0.050459
v 0.007501 -0.257848 -0.051969
v 0.005347 -0.252797 -0.051393
v 0.005817 -0.252511 -0.051818
v 0.008123 -0.254051 -0.050535
v 0.007637 -0.254340 -0.050125
v 0.006284 -0.252227 -0.052240
v 0.008606 -0.253763 -0.050942
v 0.009278 -0.251927 -0.048135
v 0.008785 -0.252220 -0.047749
v 0.008289 -0.252515 -0.047361
v 0.006817 -0.277737 -0.062944
v 0.007703 -0.265940 -0.057705
v 0.007203 -0.266103 -0.057262
v 0.006301 -0.277845 -0.062505
v 0.006700 -0.266267 -0.056817
v 0.005781 -0.277953 -0.062063
v 0.008140 -0.258389 -0.051281
v 0.007326 -0.266734 -0.056083
v 0.007018 -0.266822 -0.055834
v 0.007831 -0.258497 -0.051042
v 0.006469 -0.278263 -0.061198
v 0.006161 -0.278324 -0.060942
v 0.008885 -0.253259 -0.046840
v 0.008421 -0.255404 -0.049577
v 0.008109 -0.255530 -0.049349
v 0.008568 -0.253404 -0.046631
v 0.010726 -0.246043 -0.040030
v 0.010207 -0.246352 -0.039706
v 0.012674 -0.239424 -0.028716
v 0.012125 -0.239752 -0.028469
v 0.011572 -0.240081 -0.028222
v 0.009684 -0.246662 -0.039379
v 0.012161 -0.241013 -0.027920
v 0.010248 -0.247433 -0.038940
v 0.009926 -0.247601 -0.038761
v 0.011833 -0.241203 -0.027777
v 0.012674 -0.239424 -0.028716
v 0.014843 -0.235382 -0.016278
v 0.014275 -0.235726 -0.016106
v 0.012125 -0.239752 -0.028469
v 0.017127 -0.234030 -0.003286
v 0.016547 -0.234381 -0.003185
v 0.015963 -0.234734 -0.003084
v 0.013704 -0.236072 -0.015933
v 0.011572 -0.240081 -0.028222
v 0.016498 -0.235772 -0.003182
v 0.014276 -0.237087 -0.015818
v 0.013941 -0.237290 -0.015716
v 0.016156 -0.235979 -0.003122
v 0.012161 -0.241013 -0.027920
v 0.011833 -0.241203 -0.027777
v 0.019423 -0.235480 0.009694
v 0.018830 -0.235823 0.009723
v 0.021634 -0.239616 0.022092
v 0.021033 -0.239942 0.022047
v 0.020428 -0.240271 0.022001
v 0.018234 -0.236169 0.009753
v 0.020877 -0.241199 0.021508
v 0.018731 -0.237182 0.009442
v 0.018381 -0.237385 0.009460
v 0.020520 -0.241389 0.021486
v 0.023665 -0.246320 0.033342
v 0.023065 -0.246627 0.033213
v 0.022462 -0.246935 0.033082
v 0.024253 -0.253570 0.040308
v 0.022841 -0.247702 0.032472
v 0.022477 -0.247870 0.032412
v 0.023884 -0.253714 0.040219
v 0.025056 -0.258647 0.044651
v 0.024745 -0.255684 0.042994
v 0.024374 -0.255809 0.042886
v 0.024684 -0.258754 0.044530
v 0.026862 -0.278681 0.054444
v 0.025927 -0.267063 0.049399
v 0.025552 -0.267150 0.049270
v 0.026485 -0.278741 0.054307
v 0.026836 -0.266279 0.050799
v 0.026215 -0.266439 0.050553
v 0.027787 -0.278167 0.055969
v 0.027151 -0.278273 0.055732
v 0.026512 -0.278379 0.055494
v 0.025590 -0.266600 0.050306
v 0.028301 -0.291072 0.058578
v 0.027660 -0.291110 0.058339
v 0.028359 -0.304328 0.058525
v 0.027721 -0.304288 0.058278
v 0.027079 -0.304249 0.058030
v 0.027014 -0.291148 0.058098
v 0.027419 -0.304147 0.056943
v 0.027366 -0.291250 0.056986
v 0.026987 -0.291273 0.056845
v 0.027039 -0.304126 0.056802
v 0.027940 -0.317271 0.055712
v 0.027316 -0.317148 0.055455
v 0.026688 -0.317023 0.055197
v 0.026491 -0.326208 0.051085
v 0.026999 -0.316749 0.054232
v 0.026621 -0.316686 0.054100
v 0.026116 -0.326110 0.050966
v 0.025874 -0.332343 0.047340
v 0.026278 -0.329678 0.049736
v 0.025907 -0.329555 0.049629
v 0.025506 -0.332203 0.047247
v 0.023212 -0.347638 0.031923
v 0.024792 -0.339389 0.041053
v 0.024426 -0.339234 0.040975
v 0.022848 -0.347468 0.031868
v 0.025655 -0.340610 0.042133
v 0.025047 -0.340328 0.041978
v 0.024030 -0.349060 0.032793
v 0.023417 -0.348768 0.032694
v 0.022801 -0.348473 0.032595
v 0.024437 -0.340045 0.041822
v 0.022077 -0.355502 0.021578
v 0.021470 -0.355186 0.021542
v 0.019904 -0.359567 0.009144
v 0.019308 -0.359229 0.009177
v 0.018710 -0.358888 0.009210
v 0.020859 -0.354868 0.021506
v 0.019199 -0.357868 0.008908
v 0.021313 -0.353914 0.021000
v 0.020954 -0.353727 0.020979
v 0.018847 -0.357668 0.008927
v 0.017619 -0.360889 -0.003851
v 0.017036 -0.360543 -0.003747
v 0.015323 -0.359470 -0.016834
v 0.014753 -0.359131 -0.016659
v 0.014179 -0.358791 -0.016482
v 0.016449 -0.360196 -0.003642
v 0.014743 -0.357773 -0.016358
v 0.016976 -0.359153 -0.003731
v 0.016632 -0.358949 -0.003670
v 0.014407 -0.357573 -0.016255
v 0.013118 -0.355310 -0.029231
v 0.012559 -0.354995 -0.028987
v 0.011124 -0.348776 -0.040397
v 0.010582 -0.348485 -0.040093
v 0.010037 -0.348192 -0.039786
v 0.011998 -0.354678 -0.028742
v 0.010654 -0.347362 -0.039290
v 0.012599 -0.353727 -0.028415
v 0.012269 -0.353541 -0.028271
v 0.010331 -0.347193 -0.039112
v 0.009462 -0.340232 -0.049689
v 0.008945 -0.339952 -0.049334
v 0.008269 -0.333105 -0.056003
v 0.007774 -0.332829 -0.055613
v 0.007276 -0.332551 -0.055221
v 0.008425 -0.339671 -0.048976
v 0.007895 -0.331911 -0.054610
v 0.009023 -0.339020 -0.048370
v 0.008705 -0.338866 -0.048170
v 0.007581 -0.331772 -0.054395
v 0.007528 -0.326472 -0.060025
v 0.007001 -0.316824 -0.063031
v 0.006502 -0.316703 -0.062575
v 0.007046 -0.326285 -0.059567
v 0.006449 -0.303860 -0.065723
v 0.005934 -0.303823 -0.065273
v 0.005416 -0.303786 -0.064819
v 0.006000 -0.316581 -0.062117
v 0.006561 -0.326096 -0.059107
v 0.006106 -0.303692 -0.063914
v 0.006623 -0.316314 -0.061315
v 0.006313 -0.316252 -0.061061
v 0.005798 -0.303672 -0.063651
v 0.007209 -0.325788 -0.058260
v 0.006897 -0.325691 -0.058020
v 0.006393 -0.290604 -0.065656
v 0.005872 -0.290644 -0.065212
v 0.005348 -0.290685 -0.064766
v 0.006059 -0.290795 -0.063842
v 0.005751 -0.290819 -0.063579
v -0.175542 -0.321190 -0.008179
v -0.178032 -0.315698 0.001563
v -0.177371 -0.315528 0.001637
v -0.174894 -0.320992 -0.008072
v -0.179476 -0.311429 0.008915
v -0.178810 -0.311276 0.008968
v -0.178139 -0.311123 0.009021
v -0.176706 -0.315357 0.001711
v -0.174241 -0.320793 -0.007964
v -0.179978 -0.309875 0.011251
v -0.179310 -0.309728 0.011297
v -0.179531 -0.311088 0.008615
v -0.178864 -0.310935 0.008668
v -0.178194 -0.310781 0.008721
v -0.178638 -0.309580 0.011343
v -0.178125 -0.315118 0.001054
v -0.177464 -0.314948 0.001127
v -0.175664 -0.320427 -0.008850
v -0.175015 -0.320229 -0.008743
v -0.174363 -0.320030 -0.008635
v -0.176799 -0.314777 0.001201
v -0.167153 -0.331320 -0.026863
v -0.171901 -0.326414 -0.017686
v -0.171275 -0.326179 -0.017533
v -0.166559 -0.331045 -0.026658
v -0.170646 -0.325943 -0.017378
v -0.165962 -0.330769 -0.026453
v -0.172051 -0.325476 -0.018511
v -0.171425 -0.325241 -0.018358
v -0.167329 -0.330217 -0.027833
v -0.166735 -0.329942 -0.027628
v -0.166138 -0.329666 -0.027422
v -0.170796 -0.325005 -0.018204
v -0.154537 -0.339984 -0.043846
v -0.161342 -0.335859 -0.035614
v -0.160786 -0.335548 -0.035361
v -0.154025 -0.339639 -0.043547
v -0.160227 -0.335234 -0.035106
v -0.153511 -0.339292 -0.043246
v -0.161542 -0.334604 -0.036718
v -0.160987 -0.334292 -0.036465
v -0.154760 -0.338589 -0.045073
v -0.154248 -0.338244 -0.044773
v -0.153734 -0.337897 -0.044472
v -0.160428 -0.333979 -0.036210
v -0.138243 -0.346807 -0.058393
v -0.146808 -0.343645 -0.051466
v -0.146346 -0.343271 -0.051124
v -0.137836 -0.346408 -0.058013
v -0.145881 -0.342895 -0.050781
v -0.137426 -0.346006 -0.057631
v -0.147050 -0.342127 -0.052801
v -0.146588 -0.341753 -0.052459
v -0.138503 -0.345182 -0.059822
v -0.138095 -0.344783 -0.059442
v -0.137685 -0.344381 -0.059060
v -0.146123 -0.341377 -0.052116
v -0.118984 -0.351492 -0.069868
v -0.128934 -0.349431 -0.064549
v -0.128584 -0.349011 -0.064134
v -0.118697 -0.351056 -0.069424
v -0.128233 -0.348589 -0.063718
v -0.118408 -0.350617 -0.068978
v -0.129207 -0.347717 -0.066056
v -0.128858 -0.347297 -0.065642
v -0.119269 -0.349707 -0.071438
v -0.118982 -0.349271 -0.070993
v -0.118693 -0.348832 -0.070547
v -0.128507 -0.346874 -0.065225
v -0.097601 -0.353833 -0.077768
v -0.108501 -0.352964 -0.074289
v -0.108278 -0.352516 -0.073820
v -0.097445 -0.353379 -0.077280
v -0.108054 -0.352065 -0.073349
v -0.097289 -0.352921 -0.076788
v -0.108794 -0.351128 -0.075903
v -0.108571 -0.350680 -0.075434
v -0.097899 -0.351967 -0.079410
v -0.097743 -0.351512 -0.078921
v -0.097587 -0.351055 -0.078429
v -0.108348 -0.350230 -0.074963
v -0.075029 -0.353728 -0.081749
v -0.086402 -0.354088 -0.080262
v -0.086315 -0.353631 -0.079758
v -0.075012 -0.353274 -0.081235
v -0.086228 -0.353172 -0.079252
v -0.074994 -0.352817 -0.080719
v -0.086702 -0.352212 -0.081912
v -0.086615 -0.351755 -0.081408
v -0.075327 -0.351862 -0.083390
v -0.075310 -0.351408 -0.082876
v -0.075292 -0.350951 -0.082360
v -0.086528 -0.351295 -0.080902
v -0.052255 -0.351181 -0.081634
v -0.063605 -0.352755 -0.082206
v -0.063657 -0.352308 -0.081688
v -0.052377 -0.350747 -0.081118
v -0.063710 -0.351859 -0.081168
v -0.052500 -0.350310 -0.080599
v -0.063898 -0.350919 -0.083820
v -0.063950 -0.350473 -0.083302
v -0.052540 -0.349397 -0.083204
v -0.052662 -0.348962 -0.082687
v -0.052785 -0.348525 -0.082168
v -0.064003 -0.350023 -0.082782
v -0.030276 -0.346304 -0.077431
v -0.041105 -0.349022 -0.080035
v -0.041295 -0.348605 -0.079526
v -0.030532 -0.345908 -0.076934
v -0.041487 -0.348185 -0.079013
v -0.030791 -0.345509 -0.076434
v -0.041379 -0.347308 -0.081542
v -0.041569 -0.346890 -0.081033
v -0.030535 -0.344679 -0.078860
v -0.030792 -0.344283 -0.078363
v -0.031050 -0.343884 -0.077863
v -0.041761 -0.346470 -0.080521
v -0.010123 -0.339346 -0.069370
v -0.019888 -0.343054 -0.073845
v -0.020208 -0.342684 -0.073366
v -0.010503 -0.339005 -0.068913
v -0.020531 -0.342311 -0.072884
v -0.010886 -0.338661 -0.068453
v -0.020130 -0.341536 -0.075180
v -0.020451 -0.341165 -0.074701
v -0.010345 -0.337959 -0.070590
v -0.010724 -0.337625 -0.070126
v -0.011105 -0.337290 -0.069659
v -0.020773 -0.340793 -0.074218
v 0.007679 -0.330826 -0.058235
v 0.007192 -0.330550 -0.057833
v 0.005324 -0.332005 -0.059796
v 0.004851 -0.331720 -0.059386
v 0.004376 -0.331434 -0.058974
v 0.006703 -0.330273 -0.057429
v 0.004220 -0.330452 -0.059837
v 0.004686 -0.330683 -0.060299
v 0.007036 -0.329570 -0.058695
v 0.006557 -0.329357 -0.058234
v 0.005149 -0.330911 -0.060758
v 0.007512 -0.329780 -0.059154
v 0.007462 -0.329244 -0.056966
v 0.007149 -0.329122 -0.056738
v 0.009222 -0.258010 -0.052122
v 0.008407 -0.266425 -0.056958
v 0.007861 -0.266582 -0.056516
v 0.008676 -0.258202 -0.051698
v 0.007552 -0.278046 -0.062099
v 0.007005 -0.278155 -0.061644
v 0.007140 -0.290711 -0.064762
v 0.006594 -0.290753 -0.064297
v 0.007188 -0.303759 -0.064835
v 0.006642 -0.303725 -0.064370
v 0.007711 -0.316529 -0.062206
v 0.007162 -0.316420 -0.061756
v 0.008303 -0.326130 -0.059106
v 0.007751 -0.325957 -0.058679
v 0.008559 -0.329671 -0.057768
v 0.008005 -0.329455 -0.057363
v 0.008997 -0.332399 -0.055365
v 0.008441 -0.332152 -0.054984
v 0.010138 -0.339561 -0.049071
v 0.009575 -0.339288 -0.048717
v 0.011789 -0.347956 -0.039913
v 0.011216 -0.347656 -0.039598
v 0.013757 -0.354381 -0.028921
v 0.013172 -0.354051 -0.028665
v 0.015927 -0.358474 -0.016722
v 0.015329 -0.358120 -0.016538
v 0.018186 -0.359871 -0.003947
v 0.017575 -0.359509 -0.003838
v 0.020434 -0.358570 0.008840
v 0.019810 -0.358215 0.008874
v 0.022573 -0.354570 0.021074
v 0.021937 -0.354238 0.021037
v 0.024491 -0.348236 0.032116
v 0.023846 -0.347934 0.032019
v 0.026080 -0.339934 0.041326
v 0.025430 -0.339659 0.041188
v 0.027167 -0.332835 0.047669
v 0.026514 -0.332586 0.047503
v 0.027583 -0.330109 0.050111
v 0.026924 -0.329891 0.049922
v 0.027809 -0.326555 0.051503
v 0.027143 -0.326380 0.051292
v 0.028326 -0.316969 0.054696
v 0.027656 -0.316858 0.054461
v 0.028750 -0.304220 0.057439
v 0.028078 -0.304183 0.057188
v 0.028697 -0.291172 0.057482
v 0.028025 -0.291211 0.057231
v 0.028187 -0.278470 0.054921
v 0.027518 -0.278577 0.054680
v 0.027242 -0.266759 0.049854
v 0.026578 -0.266913 0.049624
v 0.026362 -0.258274 0.045073
v 0.025703 -0.258462 0.044860
v 0.026046 -0.255247 0.043373
v 0.025389 -0.255468 0.043182
v 0.025547 -0.253065 0.040620
v 0.024894 -0.253320 0.040463
v 0.024119 -0.247113 0.032680
v 0.023473 -0.247410 0.032575
v 0.022132 -0.240534 0.021588
v 0.021498 -0.240870 0.021548
v 0.019961 -0.236470 0.009380
v 0.019340 -0.236830 0.009412
v 0.017702 -0.235043 -0.003391
v 0.017094 -0.235411 -0.003286
v 0.015454 -0.236374 -0.016176
v 0.014859 -0.236734 -0.015995
v 0.013314 -0.240345 -0.028419
v 0.012732 -0.240682 -0.028167
v 0.013314 -0.240345 -0.028419
v 0.011378 -0.246841 -0.039569
v 0.010807 -0.247140 -0.039252
v 0.012732 -0.240682 -0.028167
v 0.009995 -0.252750 -0.047572
v 0.009434 -0.253007 -0.047202
v 0.009514 -0.254962 -0.050375
v 0.008962 -0.255185 -0.049972
v 0.009777 -0.257859 -0.052494
v 0.008961 -0.266301 -0.057342
v 0.008747 -0.266328 -0.057233
v 0.009563 -0.257891 -0.052387
v 0.008107 -0.277957 -0.062492
v 0.007892 -0.277978 -0.062383
v 0.007695 -0.290676 -0.065163
v 0.007480 -0.290685 -0.065052
v 0.007743 -0.303786 -0.065236
v 0.007528 -0.303780 -0.065125
v 0.008269 -0.316618 -0.062594
v 0.008053 -0.316597 -0.062486
v 0.008864 -0.326272 -0.059475
v 0.008648 -0.326237 -0.059372
v 0.009120 -0.329851 -0.058117
v 0.008904 -0.329805 -0.058020
v 0.009561 -0.332606 -0.055694
v 0.009344 -0.332553 -0.055603
v 0.010708 -0.339789 -0.049378
v 0.010489 -0.339732 -0.049292
v 0.012367 -0.348203 -0.040190
v 0.012147 -0.348143 -0.040109
v 0.014343 -0.354652 -0.029149
v 0.014121 -0.354587 -0.029080
v 0.016524 -0.358764 -0.016892
v 0.016299 -0.358695 -0.016837
v 0.018794 -0.360168 -0.004055
v 0.018566 -0.360097 -0.004015
v 0.021053 -0.358861 0.008793
v 0.020823 -0.358791 0.008819
v 0.023202 -0.354841 0.021086
v 0.022969 -0.354776 0.021098
v 0.025128 -0.348484 0.032177
v 0.024894 -0.348424 0.032177
v 0.026719 -0.340163 0.041418
v 0.026485 -0.340105 0.041412
v 0.027809 -0.333044 0.047784
v 0.027574 -0.332990 0.047773
v 0.028230 -0.330291 0.050246
v 0.027993 -0.330245 0.050229
v 0.028461 -0.326698 0.051657
v 0.028223 -0.326663 0.051634
v 0.028983 -0.317060 0.054869
v 0.028744 -0.317039 0.054841
v 0.029409 -0.304249 0.057625
v 0.029169 -0.304243 0.057594
v 0.029356 -0.291139 0.057668
v 0.029116 -0.291147 0.057638
v 0.028844 -0.278383 0.055101
v 0.028605 -0.278403 0.055072
v 0.027894 -0.266636 0.050027
v 0.027656 -0.266664 0.049997
v 0.027010 -0.258124 0.045234
v 0.026773 -0.258156 0.045206
v 0.026692 -0.255069 0.043515
v 0.026456 -0.255109 0.043493
v 0.026191 -0.252856 0.040732
v 0.025955 -0.252906 0.040719
v 0.024755 -0.246868 0.032748
v 0.024521 -0.246928 0.032746
v 0.022759 -0.240258 0.021603
v 0.022527 -0.240324 0.021613
v 0.020577 -0.236174 0.009336
v 0.020348 -0.236246 0.009361
v 0.018308 -0.234740 -0.003497
v 0.018081 -0.234814 -0.003457
v 0.016049 -0.236078 -0.016343
v 0.015825 -0.236149 -0.016288
v 0.013898 -0.240068 -0.028645
v 0.013677 -0.240135 -0.028576
v 0.013898 -0.240068 -0.028645
v 0.011953 -0.246595 -0.039848
v 0.011734 -0.246654 -0.039767
v 0.013677 -0.240135 -0.028576
v 0.010562 -0.252539 -0.047895
v 0.010345 -0.252589 -0.047803
v 0.010073 -0.254782 -0.050728
v 0.009859 -0.254823 -0.050626
v 0.015619 -0.280940 -0.054472
v 0.016341 -0.271084 -0.050119
v 0.017155 -0.271748 -0.049081
v 0.016452 -0.281354 -0.053324
v 0.017030 -0.263946 -0.046020
v 0.017827 -0.264790 -0.045085
v 0.018072 -0.262253 -0.043628
v 0.018476 -0.260402 -0.041292
v 0.017282 -0.261343 -0.044525
v 0.017695 -0.259444 -0.042128
v 0.018872 -0.254417 -0.035322
v 0.019622 -0.255502 -0.034658
v 0.020517 -0.248897 -0.025848
v 0.021226 -0.250122 -0.025423
v 0.022336 -0.245522 -0.015444
v 0.022999 -0.246832 -0.015283
v 0.024246 -0.244392 -0.004581
v 0.024860 -0.245730 -0.004694
v 0.026165 -0.245604 0.006272
v 0.026731 -0.246912 0.005884
v 0.028011 -0.249057 0.016646
v 0.028530 -0.250278 0.015996
v 0.029698 -0.254648 0.026071
v 0.030175 -0.255727 0.025182
v 0.030913 -0.259712 0.032824
v 0.031359 -0.260663 0.031764
v 0.031337 -0.261586 0.035179
v 0.031772 -0.262490 0.034060
v 0.031605 -0.264171 0.036634
v 0.032034 -0.265009 0.035478
v 0.032763 -0.272025 0.039428
v 0.033545 -0.281705 0.043609
v 0.032353 -0.271368 0.040686
v 0.033156 -0.281300 0.044976
v 0.033589 -0.292087 0.047146
v 0.033967 -0.292219 0.045725
v 0.033634 -0.303174 0.047110
v 0.034011 -0.303026 0.045689
v 0.033274 -0.314008 0.044779
v 0.033660 -0.313586 0.043417
v 0.032833 -0.322160 0.042062
v 0.033230 -0.321532 0.040769
v 0.032636 -0.325200 0.040867
v 0.033038 -0.324495 0.039604
v 0.032280 -0.327530 0.038784
v 0.032691 -0.326766 0.037574
v 0.031793 -0.332633 0.032328
v 0.030482 -0.339489 0.024712
v 0.031359 -0.333549 0.033402
v 0.030014 -0.340583 0.025588
v 0.028385 -0.345959 0.016209
v 0.028895 -0.344729 0.015570
v 0.026568 -0.349359 0.005813
v 0.027123 -0.348043 0.005437
v 0.024657 -0.350464 -0.005053
v 0.025261 -0.349120 -0.005154
v 0.022737 -0.349277 -0.015908
v 0.023390 -0.347963 -0.015735
v 0.020893 -0.345799 -0.026274
v 0.021593 -0.344573 -0.025839
v 0.019222 -0.340346 -0.035611
v 0.019963 -0.339258 -0.034939
v 0.017819 -0.333233 -0.043380
v 0.018596 -0.332325 -0.042512
v 0.016849 -0.327160 -0.048720
v 0.017650 -0.326405 -0.047717
v 0.017287 -0.324132 -0.049715
v 0.017076 -0.321180 -0.050836
v 0.016476 -0.324828 -0.050770
v 0.016259 -0.321799 -0.051920
v 0.015756 -0.313634 -0.054558
v 0.016585 -0.313222 -0.053408
v 0.015312 -0.302783 -0.056792
v 0.016152 -0.302645 -0.055585
v 0.015271 -0.291695 -0.056730
v 0.016112 -0.291838 -0.055525
v 0.015619 -0.280940 -0.054472
v 0.016452 -0.281354 -0.053324
v -0.174095 -0.283166 0.047644
v -0.172875 -0.281238 0.049462
v -0.172854 -0.281444 0.049578
v -0.169154 -0.276039 0.055246
v -0.163714 -0.268954 0.062499
v -0.157253 -0.262191 0.069191
v -0.149845 -0.255820 0.075255
v -0.141564 -0.249910 0.080622
v -0.132506 -0.244524 0.085239
v -0.122765 -0.239725 0.089050
v -0.112453 -0.235561 0.092019
v -0.101678 -0.232081 0.094107
v -0.090561 -0.229320 0.095297
v -0.079223 -0.227313 0.095571
v -0.067789 -0.226077 0.094931
v -0.056383 -0.225629 0.093378
v -0.045131 -0.225971 0.090935
v -0.034156 -0.227103 0.087624
v -0.023578 -0.229008 0.083486
v -0.013515 -0.231670 0.078561
v -0.004073 -0.235056 0.072908
v 0.004640 -0.239131 0.066585
v 0.012480 -0.243803 0.059727
v 0.024091 -0.253092 0.046814
v 0.025829 -0.254585 0.044761
v 0.026283 -0.257575 0.046183
v 0.027222 -0.266179 0.050952
v 0.028181 -0.278102 0.056116
v 0.028699 -0.291048 0.058726
v 0.028755 -0.304352 0.058678
v 0.028327 -0.317348 0.055871
v 0.027774 -0.327015 0.052800
v 0.027452 -0.330331 0.051965
v 0.025772 -0.331488 0.054274
v 0.006858 -0.342338 0.076437
v 0.014519 -0.338692 0.068782
v -0.001698 -0.345538 0.083454
v -0.011010 -0.348213 0.089686
v -0.020971 -0.350339 0.095068
v -0.031475 -0.351888 0.099536
v -0.042404 -0.352847 0.103046
v -0.053642 -0.353202 0.105555
v -0.065062 -0.352953 0.107041
v -0.076541 -0.352098 0.107482
v -0.087954 -0.350651 0.106879
v -0.099173 -0.348624 0.105232
v -0.110078 -0.346042 0.102565
v -0.120547 -0.342932 0.098902
v -0.130469 -0.339329 0.094289
v -0.139730 -0.335270 0.088771
v -0.148234 -0.330804 0.082413
v -0.155883 -0.325975 0.075280
v -0.162599 -0.320837 0.067453
v -0.168306 -0.315442 0.059011
v -0.172216 -0.311351 0.052402
v -0.173541 -0.310124 0.050076
v -0.172271 -0.311709 0.052082
v -0.168400 -0.316052 0.058466
v -0.162722 -0.321640 0.066736
v -0.156033 -0.326962 0.074398
v -0.148411 -0.331963 0.081376
v -0.139932 -0.336591 0.087590
v -0.130693 -0.340795 0.092978
v -0.120792 -0.344528 0.097475
v -0.110340 -0.347751 0.101037
v -0.099449 -0.350426 0.103620
v -0.088241 -0.352528 0.105201
v -0.076837 -0.354028 0.105757
v -0.065362 -0.354915 0.105287
v -0.053943 -0.355175 0.103791
v -0.042704 -0.354810 0.101292
v -0.031770 -0.353818 0.097810
v -0.021258 -0.352215 0.093390
v -0.011286 -0.350016 0.088074
v -0.001960 -0.347246 0.081927
v 0.006614 -0.343934 0.075010
v 0.014295 -0.340156 0.067473
v 0.025590 -0.332676 0.053212
v 0.027277 -0.331474 0.050943
v 0.027069 -0.333729 0.048626
v 0.026031 -0.340785 0.042230
v 0.024411 -0.349242 0.032854
v 0.022454 -0.355698 0.021600
v 0.020273 -0.359777 0.009124
v 0.017980 -0.361104 -0.003916
v 0.015676 -0.359679 -0.016943
v 0.013464 -0.355506 -0.029382
v 0.011460 -0.348957 -0.040587
v 0.009783 -0.340405 -0.049910
v 0.008575 -0.333277 -0.056245
v 0.007980 -0.330997 -0.058484
v 0.005617 -0.332182 -0.060050
v -0.019689 -0.343284 -0.074143
v -0.009887 -0.339558 -0.069654
v -0.030116 -0.346550 -0.077739
v -0.040987 -0.349281 -0.080351
v -0.052179 -0.351451 -0.081954
v -0.063572 -0.353032 -0.082527
v -0.075039 -0.354010 -0.082067
v -0.086456 -0.354371 -0.080575
v -0.097697 -0.354115 -0.078072
v -0.108639 -0.353242 -0.074580
v -0.119162 -0.351763 -0.070144
v -0.129150 -0.349692 -0.064805
v -0.138496 -0.347055 -0.058629
v -0.147094 -0.343877 -0.051678
v -0.154854 -0.340197 -0.044032
v -0.161686 -0.336052 -0.035771
v -0.167521 -0.331491 -0.026990
v -0.172289 -0.326559 -0.017781
v -0.175945 -0.321313 -0.008245
v -0.178442 -0.315803 0.001518
v -0.179889 -0.311524 0.008883
v -0.180392 -0.309967 0.011222
v -0.179944 -0.311183 0.008583
v -0.178535 -0.315223 0.001008
v -0.176066 -0.320549 -0.008916
v -0.172439 -0.325621 -0.018606
v -0.167697 -0.330388 -0.027960
v -0.161887 -0.334797 -0.036875
v -0.155077 -0.338803 -0.045258
v -0.147337 -0.342359 -0.053013
v -0.138756 -0.345430 -0.060058
v -0.129424 -0.347978 -0.066313
v -0.119447 -0.349978 -0.071713
v -0.108932 -0.351406 -0.076194
v -0.097995 -0.352249 -0.079713
v -0.086756 -0.352495 -0.082225
v -0.075337 -0.352144 -0.083708
v -0.063865 -0.351196 -0.084141
v -0.052464 -0.349666 -0.083524
v -0.041261 -0.347567 -0.081858
v -0.030376 -0.344925 -0.079168
v -0.019931 -0.341766 -0.075478
v -0.010110 -0.338165 -0.070878
v 0.005436 -0.331053 -0.061042
v 0.007807 -0.329911 -0.059439
v 0.007827 -0.326588 -0.060309
v 0.007310 -0.316899 -0.063313
v 0.006768 -0.303882 -0.066003
v 0.006717 -0.290579 -0.065931
v 0.007137 -0.277670 -0.063217
v 0.008013 -0.265839 -0.057979
v 0.008768 -0.257323 -0.053145
v 0.008830 -0.254362 -0.051641
v 0.006496 -0.252861 -0.052967
v -0.018531 -0.238827 -0.064817
v -0.008823 -0.243524 -0.061080
v -0.028877 -0.234730 -0.067756
v -0.039680 -0.231327 -0.069820
v -0.050818 -0.228651 -0.070991
v -0.062172 -0.226736 -0.071251
v -0.073616 -0.225597 -0.070602
v -0.085025 -0.225253 -0.069047
v -0.096274 -0.225703 -0.066607
v -0.107239 -0.226946 -0.063305
v -0.117801 -0.228963 -0.059180
v -0.127843 -0.231738 -0.054275
v -0.137257 -0.235235 -0.048646
v -0.145936 -0.239421 -0.042352
v -0.153791 -0.244245 -0.035465
v -0.160729 -0.249658 -0.028058
v -0.166680 -0.255599 -0.020214
v -0.171573 -0.262003 -0.012017
v -0.175362 -0.268802 -0.003556
v -0.178000 -0.275923 0.005082
v -0.179542 -0.281350 0.011647
v -0.180047 -0.283064 0.013890
v -0.179518 -0.281102 0.011790
v -0.177959 -0.275501 0.005324
v -0.175309 -0.268247 -0.003237
v -0.171508 -0.261321 -0.011625
v -0.166602 -0.254796 -0.019753
v -0.160641 -0.248745 -0.027533
v -0.153693 -0.243231 -0.034882
v -0.145830 -0.238317 -0.041718
v -0.137143 -0.234053 -0.047967
v -0.127722 -0.230491 -0.053559
v -0.117676 -0.227665 -0.058435
v -0.107110 -0.225611 -0.062538
v -0.096143 -0.224346 -0.065828
v -0.084893 -0.223889 -0.068263
v -0.073485 -0.224240 -0.069823
v -0.062043 -0.225401 -0.070484
v -0.050693 -0.227353 -0.070246
v -0.039559 -0.230080 -0.069104
v -0.028763 -0.233548 -0.067077
v -0.018424 -0.237723 -0.064183
v -0.008725 -0.242512 -0.060499
v 0.006574 -0.252051 -0.052502
v 0.008905 -0.253585 -0.051195
v 0.009583 -0.251745 -0.048374
v 0.011049 -0.245852 -0.040231
v 0.013015 -0.239221 -0.028868
v 0.015195 -0.235169 -0.016385
v 0.013015 -0.239221 -0.028868
v 0.017487 -0.233812 -0.003349
v 0.019790 -0.235267 0.009675
v 0.022006 -0.239413 0.022121
v 0.024037 -0.246130 0.033422
v 0.025438 -0.252084 0.041531
v 0.025763 -0.253945 0.044401
v 0.024022 -0.252424 0.046437
v 0.004545 -0.238214 0.066069
v 0.012393 -0.242964 0.059255
v -0.004175 -0.234074 0.072356
v -0.013622 -0.230635 0.077978
v -0.023690 -0.227930 0.082879
v -0.034272 -0.225994 0.087000
v -0.045248 -0.224844 0.090301
v -0.056501 -0.224495 0.092740
v -0.067906 -0.224949 0.094296
v -0.079338 -0.226204 0.094947
v -0.090673 -0.228242 0.094690
v -0.101785 -0.231045 0.093524
v -0.112555 -0.234579 0.091466
v -0.122861 -0.238808 0.088534
v -0.132594 -0.243682 0.084765
v -0.141643 -0.249151 0.080195
v -0.149914 -0.255153 0.074880
v -0.157312 -0.261624 0.068872
v -0.163762 -0.268493 0.062240
v -0.169190 -0.275689 0.055048
v -0.167258 -0.276086 0.053986
v -0.161908 -0.268958 0.061071
v -0.170902 -0.281592 0.048468
v -0.155583 -0.262180 0.067566
v -0.148343 -0.255807 0.073427
v -0.140246 -0.249896 0.078614
v -0.131386 -0.244509 0.083073
v -0.121854 -0.239707 0.086750
v -0.111759 -0.235541 0.089609
v -0.101209 -0.232060 0.091615
v -0.090322 -0.229298 0.092749
v -0.079215 -0.227290 0.092994
v -0.068011 -0.226054 0.092353
v -0.056833 -0.225607 0.090827
v -0.045804 -0.225950 0.088437
v -0.035046 -0.227084 0.085206
v -0.024675 -0.228992 0.081174
v -0.014807 -0.231658 0.076380
v -0.005548 -0.235046 0.070881
v 0.002997 -0.239126 0.064735
v 0.010692 -0.243836 0.058090
v 0.023827 -0.254876 0.043684
v 0.023494 -0.253034 0.040892
v 0.022116 -0.253343 0.045658
v 0.022079 -0.247131 0.033000
v 0.020045 -0.240479 0.021971
v 0.017856 -0.236388 0.009772
v 0.015594 -0.234958 -0.003019
v 0.013342 -0.236291 -0.015823
v 0.011222 -0.240290 -0.028065
v 0.009352 -0.246859 -0.039172
v 0.007975 -0.252702 -0.047116
v 0.011222 -0.240290 -0.028065
v 0.005049 -0.252979 -0.051124
v 0.007329 -0.254524 -0.049866
v -0.019424 -0.238646 -0.062407
v -0.029550 -0.234533 -0.065229
v -0.009926 -0.243396 -0.058829
v -0.040127 -0.231116 -0.067204
v -0.051036 -0.228429 -0.068314
v -0.062158 -0.226505 -0.068542
v -0.073371 -0.225361 -0.067890
v -0.084552 -0.225014 -0.066360
v -0.095578 -0.225465 -0.063974
v -0.106327 -0.226711 -0.060754
v -0.116683 -0.228735 -0.056739
v -0.126530 -0.231519 -0.051969
v -0.135762 -0.235028 -0.046501
v -0.144275 -0.239228 -0.040392
v -0.151980 -0.244069 -0.033712
v -0.158788 -0.249500 -0.026531
v -0.164630 -0.255459 -0.018931
v -0.169437 -0.261884 -0.010993
v -0.173167 -0.268718 -0.002777
v -0.175780 -0.275904 0.005658
v -0.177325 -0.281461 0.012047
v -0.177849 -0.283409 0.014122
v -0.177349 -0.281709 0.011904
v -0.175821 -0.276325 0.005416
v -0.173221 -0.269273 -0.003096
v -0.169502 -0.262566 -0.011385
v -0.164707 -0.256261 -0.019392
v -0.158876 -0.250413 -0.027055
v -0.152078 -0.245083 -0.034294
v -0.144382 -0.240332 -0.041026
v -0.135876 -0.236210 -0.047180
v -0.126650 -0.232766 -0.052685
v -0.116808 -0.230033 -0.057484
v -0.106456 -0.228046 -0.061521
v -0.095709 -0.226822 -0.064754
v -0.084684 -0.226379 -0.067144
v -0.073503 -0.226718 -0.068670
v -0.062287 -0.227840 -0.069309
v -0.051161 -0.229727 -0.069060
v -0.040248 -0.232363 -0.067920
v -0.029665 -0.235715 -0.065908
v -0.019530 -0.239751 -0.063041
v -0.010021 -0.244377 -0.059393
v 0.007278 -0.255056 -0.050172
v 0.007194 -0.257975 -0.051683
v 0.004991 -0.253577 -0.051468
v 0.006382 -0.266370 -0.056535
v 0.005452 -0.278022 -0.061783
v 0.005016 -0.290710 -0.064483
v 0.005087 -0.303762 -0.064532
v 0.005682 -0.316504 -0.061827
v 0.006253 -0.325977 -0.058815
v 0.003924 -0.330307 -0.059545
v 0.006254 -0.329223 -0.057941
v -0.020978 -0.340557 -0.073913
v -0.031214 -0.343632 -0.077546
v -0.011347 -0.337078 -0.069363
v -0.041882 -0.346204 -0.080196
v -0.052863 -0.348248 -0.081839
v -0.064037 -0.349739 -0.082452
v -0.075281 -0.350662 -0.082033
v -0.086473 -0.351004 -0.080581
v -0.097488 -0.350765 -0.078117
v -0.108206 -0.349944 -0.074664
v -0.118510 -0.348554 -0.070264
v -0.128284 -0.346607 -0.064961
v -0.137425 -0.344127 -0.058818
v -0.145829 -0.341138 -0.051898
v -0.153408 -0.337678 -0.044282
v -0.160074 -0.333780 -0.036048
v -0.165759 -0.329491 -0.027292
v -0.170397 -0.324855 -0.018106
v -0.173949 -0.319904 -0.008567
v -0.176377 -0.314668 0.001247
v -0.177769 -0.310684 0.008755
v -0.178212 -0.309487 0.011372
v -0.177715 -0.311025 0.009055
v -0.176285 -0.315248 0.001757
v -0.173827 -0.320667 -0.007896
v -0.170247 -0.325793 -0.017281
v -0.165583 -0.330594 -0.026322
v -0.159873 -0.335036 -0.034944
v -0.153185 -0.339072 -0.043055
v -0.145587 -0.342656 -0.050563
v -0.137166 -0.345752 -0.057389
v -0.128010 -0.348321 -0.063454
v -0.118225 -0.350339 -0.068695
v -0.107913 -0.351780 -0.073050
v -0.097190 -0.352631 -0.076476
v -0.086173 -0.352880 -0.078931
v -0.074983 -0.352528 -0.080392
v -0.063744 -0.351574 -0.080838
v -0.052578 -0.350033 -0.080270
v -0.041608 -0.347918 -0.078689
v -0.030954 -0.345257 -0.076117
v -0.020735 -0.342075 -0.072578
v -0.011129 -0.338444 -0.068162
v 0.006393 -0.330097 -0.057172
v 0.006960 -0.332375 -0.054972
v 0.004075 -0.331252 -0.058713
v 0.008095 -0.339492 -0.048750
v 0.009691 -0.348007 -0.039592
v 0.011642 -0.354477 -0.028587
v 0.013815 -0.358576 -0.016370
v 0.016078 -0.359975 -0.003576
v 0.018330 -0.358672 0.009231
v 0.020472 -0.354666 0.021484
v 0.022410 -0.348287 0.032532
v 0.024050 -0.339866 0.041723
v 0.025117 -0.332820 0.047989
v 0.023686 -0.331739 0.052490
v 0.025339 -0.330567 0.050260
v 0.005097 -0.342715 0.073906
v -0.003300 -0.345943 0.080698
v 0.012619 -0.339033 0.066503
v -0.012436 -0.348642 0.086735
v -0.022206 -0.350786 0.091954
v -0.032507 -0.352349 0.096293
v -0.043223 -0.353315 0.099709
v -0.054238 -0.353672 0.102161
v -0.065430 -0.353419 0.103625
v -0.076676 -0.352554 0.104081
v -0.087854 -0.351092 0.103529
v -0.098838 -0.349044 0.101970
v -0.109512 -0.346438 0.099426
v -0.119754 -0.343297 0.095921
v -0.129457 -0.339661 0.091498
v -0.138509 -0.335565 0.086200
v -0.146817 -0.331059 0.080092
v -0.154285 -0.326189 0.073235
v -0.160851 -0.320989 0.065688
v -0.166454 -0.315492 0.057507
v -0.170286 -0.311207 0.051180
v -0.171543 -0.309641 0.049194
v -0.170231 -0.310848 0.051500
v -0.166360 -0.314882 0.058052
v -0.160728 -0.320186 0.066405
v -0.154134 -0.325203 0.074117
v -0.146640 -0.329900 0.081129
v -0.138307 -0.334245 0.087381
v -0.129232 -0.338194 0.092809
v -0.119510 -0.341701 0.097348
v -0.109250 -0.344729 0.100954
v -0.098563 -0.347242 0.103581
v -0.087566 -0.349215 0.105207
v -0.076381 -0.350625 0.105806
v -0.065130 -0.351457 0.105379
v -0.053936 -0.351699 0.103925
v -0.042923 -0.351353 0.101464
v -0.032212 -0.350419 0.098018
v -0.021919 -0.348910 0.093631
v -0.012160 -0.346839 0.088346
v -0.003039 -0.344234 0.082226
v 0.005341 -0.341119 0.075333
v 0.012839 -0.337594 0.067789
v 0.025481 -0.329634 0.051094
v 0.025784 -0.326394 0.051939
v 0.023839 -0.330732 0.053390
v 0.026290 -0.316944 0.055034
v 0.026673 -0.304224 0.057872
v 0.026605 -0.291172 0.057946
v 0.026106 -0.278446 0.055342
v 0.025194 -0.266703 0.050149
v 0.024303 -0.258219 0.045344
v 0.022163 -0.253799 0.045914
v 0.023867 -0.255271 0.043906
v 0.003092 -0.240043 0.065251
v -0.005446 -0.236028 0.071434
v 0.010776 -0.244645 0.058546
v -0.014699 -0.232693 0.076963
v -0.024563 -0.230071 0.081781
v -0.034930 -0.228193 0.085831
v -0.045687 -0.227078 0.089072
v -0.056715 -0.226741 0.091465
v -0.067894 -0.227181 0.092988
v -0.079099 -0.228399 0.093619
v -0.090210 -0.230377 0.093356
v -0.101102 -0.233096 0.092198
v -0.111657 -0.236523 0.090162
v -0.121759 -0.240625 0.087266
v -0.131298 -0.245351 0.083547
v -0.140167 -0.250655 0.079041
v -0.148274 -0.256474 0.073803
v -0.155524 -0.262747 0.067885
v -0.161860 -0.269419 0.061331
v -0.167221 -0.276436 0.054184
v -0.170881 -0.281798 0.048584
v -0.172109 -0.283507 0.046673
v -0.000995 -0.261480 -0.064214
v -0.001982 -0.274953 -0.070165
v -0.000109 -0.251863 -0.058624
v 0.000066 -0.248725 -0.056622
v -0.000196 -0.248872 -0.056321
v -0.000618 -0.249110 -0.055835
v -0.001042 -0.249350 -0.055347
v -0.001311 -0.249501 -0.055038
v -0.001445 -0.249487 -0.054818
v -0.001465 -0.249227 -0.054599
v -0.001390 -0.248910 -0.054487
v -0.000965 -0.248546 -0.054886
v -0.001236 -0.248721 -0.054590
v -0.000111 -0.247995 -0.055817
v -0.000537 -0.248269 -0.055353
v 0.000822 -0.245483 -0.053175
v 0.000153 -0.247824 -0.056104
v 0.002466 -0.238695 -0.043987
v 0.004714 -0.231150 -0.031035
v 0.007200 -0.226537 -0.016812
v 0.004714 -0.231150 -0.031035
v 0.009812 -0.224991 -0.001962
v 0.012435 -0.226649 0.012874
v 0.014958 -0.231369 0.027055
v 0.017265 -0.239011 0.039939
v 0.018855 -0.245868 0.049085
v 0.019225 -0.248232 0.052050
v 0.018879 -0.248400 0.051868
v 0.018320 -0.248672 0.051576
v 0.017758 -0.248946 0.051282
v 0.017401 -0.249119 0.051095
v 0.017219 -0.249288 0.051039
v 0.017180 -0.249547 0.051134
v 0.017267 -0.249748 0.051298
v 0.017825 -0.249594 0.051647
v 0.017466 -0.249744 0.051447
v 0.018954 -0.249123 0.052275
v 0.018391 -0.249358 0.051962
v 0.019822 -0.252150 0.054399
v 0.019303 -0.248977 0.052470
v 0.020895 -0.261869 0.059918
v 0.021992 -0.275445 0.065783
v 0.022584 -0.290191 0.068750
v 0.022646 -0.305348 0.068699
v 0.022153 -0.320158 0.065513
v 0.021515 -0.331106 0.061917
v 0.021142 -0.334675 0.060637
v 0.020795 -0.334501 0.060462
v 0.020235 -0.334220 0.060179
v 0.019672 -0.333938 0.059895
v 0.019315 -0.333759 0.059715
v 0.019102 -0.333813 0.059485
v 0.018971 -0.334229 0.059053
v 0.018965 -0.334712 0.058681
v 0.019484 -0.335166 0.058796
v 0.019131 -0.334967 0.058634
v 0.020597 -0.335793 0.059307
v 0.020042 -0.335480 0.059052
v 0.020709 -0.338775 0.057143
v 0.020941 -0.335986 0.059464
v 0.019535 -0.346871 0.049961
v 0.017696 -0.356487 0.039279
v 0.015470 -0.363836 0.026458
v 0.012986 -0.368483 0.012246
v 0.010374 -0.369994 -0.002608
v 0.007749 -0.368371 -0.017447
v 0.005229 -0.363617 -0.031617
v 0.002943 -0.356163 -0.044381
v 0.001025 -0.346438 -0.055001
v -0.000322 -0.338261 -0.062116
v -0.000896 -0.335446 -0.064365
v -0.001165 -0.335254 -0.064097
v -0.001599 -0.334944 -0.063666
v -0.002035 -0.334633 -0.063233
v -0.002312 -0.334435 -0.062958
v -0.002482 -0.334189 -0.062936
v -0.002599 -0.333731 -0.063259
v -0.002618 -0.333339 -0.063683
v -0.002221 -0.333470 -0.064255
v -0.002494 -0.333293 -0.063963
v -0.001361 -0.334027 -0.065176
v -0.001790 -0.333749 -0.064717
v -0.001177 -0.330621 -0.066765
v -0.001095 -0.334200 -0.065461
v -0.001794 -0.319647 -0.070282
v -0.002402 -0.304813 -0.073337
v -0.002457 -0.289656 -0.073252
v 0.012199 -0.291271 -0.060250
v 0.012242 -0.303200 -0.060317
v 0.012573 -0.279699 -0.057821
v 0.012721 -0.314874 -0.057913
v 0.013262 -0.323659 -0.055075
v 0.013896 -0.329426 -0.051632
v 0.013495 -0.326918 -0.053838
v 0.014940 -0.335960 -0.045886
v 0.016449 -0.343613 -0.037528
v 0.018248 -0.349480 -0.027483
v 0.020231 -0.353221 -0.016331
v 0.022297 -0.354498 -0.004652
v 0.024352 -0.353309 0.007038
v 0.026308 -0.349652 0.018223
v 0.028060 -0.343868 0.028314
v 0.030498 -0.329824 0.042511
v 0.029507 -0.336300 0.036721
v 0.030881 -0.327318 0.044752
v 0.031093 -0.324047 0.046037
v 0.031567 -0.315277 0.048960
v 0.031955 -0.303621 0.051468
v 0.031906 -0.291692 0.051508
v 0.031441 -0.280087 0.049173
v 0.029772 -0.261658 0.040198
v 0.030577 -0.269402 0.044557
v 0.029483 -0.258877 0.038632
v 0.029027 -0.256861 0.036098
v 0.027721 -0.251413 0.028833
v 0.025905 -0.245398 0.018693
v 0.023919 -0.241683 0.007532
v 0.021855 -0.240378 -0.004144
v 0.019799 -0.241595 -0.015831
v 0.017843 -0.245226 -0.027024
v 0.016073 -0.251164 -0.037218
v 0.014807 -0.256573 -0.044540
v 0.014091 -0.261417 -0.048727
v 0.014362 -0.258616 -0.047119
v 0.013350 -0.269096 -0.053137
v 0.012573 -0.279699 -0.057821
v -0.064605 -0.292214 -0.041292
v -0.064565 -0.303021 -0.041353
v -0.064265 -0.281730 -0.039091
v -0.065648 -0.282031 -0.037937
v -0.065981 -0.292323 -0.040097
v -0.065942 -0.302933 -0.040157
v -0.064132 -0.313598 -0.039175
v -0.063641 -0.321556 -0.036603
v -0.065516 -0.313317 -0.038019
v -0.065035 -0.321130 -0.035494
v -0.064471 -0.326260 -0.032432
v -0.063067 -0.326781 -0.033484
v -0.063430 -0.324509 -0.035483
v -0.064827 -0.324028 -0.034394
v -0.062122 -0.332701 -0.028279
v -0.060754 -0.339634 -0.020707
v -0.063543 -0.332071 -0.027322
v -0.062200 -0.338878 -0.019887
v -0.059125 -0.344949 -0.011606
v -0.057327 -0.348339 -0.001503
v -0.060600 -0.344096 -0.010953
v -0.058836 -0.347424 -0.001034
v -0.055456 -0.349496 0.009078
v -0.053594 -0.348419 0.019669
v -0.056999 -0.348560 0.009354
v -0.055171 -0.347502 0.019752
v -0.051822 -0.345105 0.029803
v -0.050235 -0.339865 0.038944
v -0.053432 -0.344249 0.029700
v -0.051873 -0.339105 0.038675
v -0.049705 -0.326614 0.051302
v -0.048026 -0.327142 0.051807
v -0.048924 -0.333009 0.046561
v -0.050586 -0.332373 0.046152
v -0.047679 -0.324871 0.053837
v -0.047487 -0.321908 0.055001
v -0.049364 -0.324385 0.053296
v -0.049176 -0.321475 0.054439
v -0.047057 -0.313963 0.057650
v -0.046706 -0.303403 0.059922
v -0.048753 -0.313675 0.057039
v -0.048408 -0.303308 0.059269
v -0.046750 -0.292595 0.059957
v -0.047172 -0.282081 0.057842
v -0.048452 -0.292698 0.059304
v -0.048866 -0.282375 0.057227
v -0.050350 -0.265984 0.049245
v -0.048683 -0.265385 0.049711
v -0.047954 -0.272401 0.053660
v -0.049634 -0.272872 0.053122
v -0.048945 -0.262866 0.048293
v -0.049359 -0.261039 0.045997
v -0.050607 -0.263511 0.047852
v -0.051013 -0.261718 0.045598
v -0.050542 -0.256103 0.039415
v -0.052187 -0.250654 0.030228
v -0.052175 -0.256872 0.039137
v -0.053790 -0.251522 0.030118
v -0.053986 -0.247288 0.020117
v -0.055857 -0.246106 0.009539
v -0.055556 -0.248218 0.020191
v -0.057392 -0.247057 0.009806
v -0.057719 -0.247208 -0.001050
v -0.059491 -0.250498 -0.011191
v -0.059220 -0.248139 -0.000589
v -0.060961 -0.251369 -0.010545
v -0.061095 -0.255878 -0.020426
v -0.062242 -0.260778 -0.027059
v -0.062535 -0.256650 -0.019612
v -0.063661 -0.261461 -0.026124
v -0.064297 -0.265769 -0.029848
v -0.062890 -0.265166 -0.030853
v -0.062645 -0.262629 -0.029396
v -0.064057 -0.263279 -0.028418
v -0.063562 -0.272124 -0.034848
v -0.064265 -0.281730 -0.039091
v -0.064957 -0.272600 -0.033771
v -0.065648 -0.282031 -0.037937
v -0.061420 -0.269990 -0.010045
v -0.062181 -0.273242 -0.014448
v -0.060356 -0.266420 -0.003916
v -0.059179 -0.264237 0.002814
v -0.057944 -0.263505 0.009841
v -0.056702 -0.264290 0.016862
v -0.055508 -0.266523 0.023572
v -0.054416 -0.270140 0.029669
v -0.053631 -0.273416 0.034037
v -0.053357 -0.274628 0.035561
v -0.053183 -0.276300 0.036502
v -0.052699 -0.280956 0.039123
v -0.052180 -0.287381 0.041898
v -0.051900 -0.294358 0.043302
v -0.051870 -0.301531 0.043279
v -0.052104 -0.308539 0.041771
v -0.052389 -0.313812 0.040013
v -0.052516 -0.315779 0.039240
v -0.052747 -0.317286 0.037893
v -0.053342 -0.321179 0.034411
v -0.054213 -0.325730 0.029357
v -0.055266 -0.329208 0.023290
v -0.056442 -0.331406 0.016564
v -0.057678 -0.332121 0.009536
v -0.058920 -0.331354 0.002513
v -0.060112 -0.329104 -0.004192
v -0.061194 -0.325576 -0.010232
v -0.062101 -0.320975 -0.015257
v -0.062729 -0.317046 -0.018712
v -0.062970 -0.315538 -0.020038
v -0.063110 -0.313579 -0.020782
v -0.063435 -0.308297 -0.022489
v -0.063723 -0.301277 -0.023934
v -0.063749 -0.294105 -0.023894
v -0.063524 -0.287147 -0.022433
v -0.063057 -0.280772 -0.019617
v -0.063524 -0.287147 -0.022433
v -0.062611 -0.276155 -0.016965
v -0.062449 -0.274471 -0.015998
vt 0.745455 0.929551
vt 0.773191 0.926193
vt 0.771396 0.902685
vt 0.745224 0.902685
vt 0.791474 0.923674
vt 0.790852 0.902685
vt 0.790852 0.875819
vt 0.771396 0.875819
vt 0.745224 0.875819
vt 0.799187 0.929551
vt 0.826053 0.927312
vt 0.826053 0.902685
vt 0.805903 0.902685
vt 0.852919 0.929551
vt 0.852919 0.902685
vt 0.852919 0.875819
vt 0.826053 0.875819
vt 0.805903 0.875819
vt 0.046944 0.929551
vt 0.073810 0.927312
vt 0.073810 0.902685
vt 0.046944 0.902685
vt 0.100676 0.929551
vt 0.100676 0.902685
vt 0.100676 0.875819
vt 0.073810 0.875819
vt 0.046944 0.875819
vt 0.127542 0.927312
vt 0.127542 0.902685
vt 0.154407 0.929551
vt 0.154407 0.902685
vt 0.154407 0.875819
vt 0.127542 0.875819
vt 0.181273 0.927312
vt 0.181273 0.902685
vt 0.208139 0.929551
vt 0.201423 0.902685
vt 0.201423 0.875819
vt 0.181273 0.875819
vt 0.208479 0.917611
vt 0.208904 0.922834
vt 0.208904 0.902685
vt 0.208330 0.902685
vt 0.209329 0.917611
vt 0.209478 0.902685
vt 0.209478 0.875819
vt 0.208904 0.875819
vt 0.208330 0.875819
vt 0.261871 0.929551
vt 0.288736 0.927312
vt 0.288736 0.902685
vt 0.262062 0.902685
vt 0.315602 0.929551
vt 0.315602 0.902685
vt 0.315602 0.875819
vt 0.288736 0.875819
vt 0.262062 0.875819
vt 0.342468 0.927312
vt 0.342468 0.902685
vt 0.369334 0.929551
vt 0.362618 0.902685
vt 0.362618 0.875819
vt 0.342468 0.875819
vt 0.370027 0.917611
vt 0.370894 0.922834
vt 0.370894 0.902685
vt 0.369724 0.902685
vt 0.371760 0.917611
vt 0.372064 0.902685
vt 0.372064 0.875819
vt 0.370894 0.875819
vt 0.369724 0.875819
vt 0.423066 0.929551
vt 0.449931 0.927312
vt 0.449931 0.902685
vt 0.423456 0.902685
vt 0.476797 0.929551
vt 0.476797 0.902685
vt 0.476797 0.875819
vt 0.449931 0.875819
vt 0.423456 0.875819
vt 0.503663 0.927312
vt 0.503663 0.902685
vt 0.530529 0.929551
vt 0.530529 0.902685
vt 0.530529 0.875819
vt 0.503663 0.875819
vt 0.557395 0.927312
vt 0.557395 0.902685
vt 0.584261 0.929551
vt 0.583892 0.902685
vt 0.583892 0.875819
vt 0.557395 0.875819
vt 0.611516 0.926193
vt 0.609653 0.902685
vt 0.629439 0.923674
vt 0.628697 0.902685
vt 0.628697 0.875819
vt 0.609653 0.875819
vt 0.637992 0.929551
vt 0.664858 0.927312
vt 0.664858 0.902685
vt 0.644709 0.902685
vt 0.691724 0.929551
vt 0.691724 0.902685
vt 0.691724 0.875819
vt 0.664858 0.875819
vt 0.644709 0.875819
vt 0.718590 0.927312
vt 0.718590 0.902685
vt 0.718590 0.875819
vt 0.771396 0.848953
vt 0.745224 0.848953
vt 0.790852 0.848953
vt 0.790852 0.822088
vt 0.771396 0.822088
vt 0.745224 0.822088
vt 0.826053 0.848953
vt 0.805903 0.848953
vt 0.852919 0.848953
vt 0.852919 0.822088
vt 0.826053 0.822088
vt 0.805903 0.822088
vt 0.073810 0.848953
vt 0.046944 0.848953
vt 0.100676 0.848953
vt 0.100676 0.822088
vt 0.073810 0.822088
vt 0.046944 0.822088
vt 0.127542 0.848953
vt 0.154407 0.848953
vt 0.154407 0.822088
vt 0.127542 0.822088
vt 0.181273 0.848953
vt 0.201423 0.848953
vt 0.201423 0.822088
vt 0.181273 0.822088
vt 0.208904 0.848953
vt 0.208330 0.848953
vt 0.209478 0.848953
vt 0.209478 0.822088
vt 0.208904 0.822088
vt 0.208330 0.822088
vt 0.288736 0.848953
vt 0.262062 0.848953
vt 0.315602 0.848953
vt 0.315602 0.822088
vt 0.288736 0.822088
vt 0.262062 0.822088
vt 0.342468 0.848953
vt 0.362618 0.848953
vt 0.362618 0.822088
vt 0.342468 0.822088
vt 0.370894 0.848953
vt 0.369724 0.848953
vt 0.372064 0.848953
vt 0.372064 0.822088
vt 0.370894 0.822088
vt 0.369724 0.822088
vt 0.449931 0.848953
vt 0.423456 0.848953
vt 0.476797 0.848953
vt 0.476797 0.822088
vt 0.449931 0.822088
vt 0.423456 0.822088
vt 0.503663 0.848953
vt 0.530529 0.848953
vt 0.530529 0.822088
vt 0.503663 0.822088
vt 0.557395 0.848953
vt 0.583892 0.848953
vt 0.583892 0.822088
vt 0.557395 0.822088
vt 0.609653 0.848953
vt 0.628697 0.848953
vt 0.628697 0.822088
vt 0.609653 0.822088
vt 0.664858 0.848953
vt 0.644709 0.848953
vt 0.691724 0.848953
vt 0.691724 0.822088
vt 0.664858 0.822088
vt 0.644709 0.822088
vt 0.718590 0.848953
vt 0.718590 0.822088
vt 0.771396 0.795222
vt 0.745224 0.795222
vt 0.790852 0.795222
vt 0.790852 0.768356
vt 0.771396 0.768356
vt 0.745224 0.768356
vt 0.826053 0.795222
vt 0.805903 0.795222
vt 0.852919 0.795222
vt 0.852919 0.768356
vt 0.826053 0.768356
vt 0.805903 0.768356
vt 0.073810 0.795222
vt 0.046944 0.795222
vt 0.100676 0.795222
vt 0.100676 0.768356
vt 0.073810 0.768356
vt 0.046944 0.768356
vt 0.127542 0.795222
vt 0.154407 0.795222
vt 0.154407 0.768356
vt 0.127542 0.768356
vt 0.181273 0.795222
vt 0.201423 0.795222
vt 0.201423 0.768356
vt 0.181273 0.768356
vt 0.208904 0.795222
vt 0.208330 0.795222
vt 0.209478 0.795222
vt 0.209478 0.768356
vt 0.208904 0.768356
vt 0.208330 0.768356
vt 0.288736 0.795222
vt 0.262062 0.795222
vt 0.315602 0.795222
vt 0.315602 0.768356
vt 0.288736 0.768356
vt 0.262062 0.768356
vt 0.342468 0.795222
vt 0.362618 0.795222
vt 0.362618 0.768356
vt 0.342468 0.768356
vt 0.370894 0.795222
vt 0.369724 0.795222
vt 0.372064 0.795222
vt 0.372064 0.768356
vt 0.370894 0.768356
vt 0.369724 0.768356
vt 0.449931 0.795222
vt 0.423456 0.795222
vt 0.476797 0.795222
vt 0.476797 0.768356
vt 0.449931 0.768356
vt 0.423456 0.768356
vt 0.503663 0.795222
vt 0.530529 0.795222
vt 0.530529 0.768356
vt 0.503663 0.768356
vt 0.557395 0.795222
vt 0.583892 0.795222
vt 0.583892 0.768356
vt 0.557395 0.768356
vt 0.609653 0.795222
vt 0.628697 0.795222
vt 0.628697 0.768356
vt 0.609653 0.768356
vt 0.664858 0.795222
vt 0.644709 0.795222
vt 0.691724 0.795222
vt 0.691724 0.768356
vt 0.664858 0.768356
vt 0.644709 0.768356
vt 0.718590 0.795222
vt 0.718590 0.768356
vt 0.771396 0.741490
vt 0.745224 0.741490
vt 0.790852 0.741490
vt 0.790852 0.714624
vt 0.771396 0.714624
vt 0.745224 0.714624
vt 0.826053 0.741490
vt 0.805903 0.741490
vt 0.852919 0.741490
vt 0.852919 0.714624
vt 0.826053 0.714624
vt 0.805903 0.714624
vt 0.073810 0.741490
vt 0.046944 0.741490
vt 0.100676 0.741490
vt 0.100676 0.714624
vt 0.073810 0.714624
vt 0.046944 0.714624
vt 0.127542 0.741490
vt 0.154407 0.741490
vt 0.154407 0.714624
vt 0.127542 0.714624
vt 0.181273 0.741490
vt 0.201423 0.741490
vt 0.201423 0.714624
vt 0.181273 0.714624
vt 0.208904 0.741490
vt 0.208330 0.741490
vt 0.209478 0.741490
vt 0.209478 0.714624
vt 0.208904 0.714624
vt 0.208330 0.714624
vt 0.288736 0.741490
vt 0.262062 0.741490
vt 0.315602 0.741490
vt 0.315602 0.714624
vt 0.288736 0.714624
vt 0.262062 0.714624
vt 0.342468 0.741490
vt 0.362618 0.741490
vt 0.362618 0.714624
vt 0.342468 0.714624
vt 0.370894 0.741490
vt 0.369724 0.741490
vt 0.372064 0.741490
vt 0.372064 0.714624
vt 0.370894 0.714624
vt 0.369724 0.714624
vt 0.449931 0.741490
vt 0.423456 0.741490
vt 0.476797 0.741490
vt 0.476797 0.714624
vt 0.449931 0.714624
vt 0.423456 0.714624
vt 0.503663 0.741490
vt 0.530529 0.741490
vt 0.530529 0.714624
vt 0.503663 0.714624
vt 0.557395 0.741490
vt 0.583892 0.741490
vt 0.583892 0.714624
vt 0.557395 0.714624
vt 0.609653 0.741490
vt 0.628697 0.741490
vt 0.628697 0.714624
vt 0.609653 0.714624
vt 0.664858 0.741490
vt 0.644709 0.741490
vt 0.691724 0.741490
vt 0.691724 0.714624
vt 0.664858 0.714624
vt 0.644709 0.714624
vt 0.718590 0.741490
vt 0.718590 0.714624
vt 0.771396 0.687759
vt 0.745224 0.687759
vt 0.790852 0.687759
vt 0.790852 0.660893
vt 0.771396 0.660893
vt 0.745224 0.660893
vt 0.826053 0.687759
vt 0.805903 0.687759
vt 0.852919 0.687759
vt 0.852919 0.660893
vt 0.826053 0.660893
vt 0.805903 0.660893
vt 0.073810 0.687759
vt 0.046944 0.687759
vt 0.100676 0.687759
vt 0.100676 0.660893
vt 0.073810 0.660893
vt 0.046944 0.660893
vt 0.127542 0.687759
vt 0.154407 0.687759
vt 0.154407 0.660893
vt 0.127542 0.660893
vt 0.181273 0.687759
vt 0.201423 0.687759
vt 0.201423 0.660893
vt 0.181273 0.660893
vt 0.208904 0.687759
vt 0.208330 0.687759
vt 0.209478 0.687759
vt 0.209478 0.660893
vt 0.208904 0.660893
vt 0.208330 0.660893
vt 0.288736 0.687759
vt 0.262062 0.687759
vt 0.315602 0.687759
vt 0.315602 0.660893
vt 0.288736 0.660893
vt 0.262062 0.660893
vt 0.342468 0.687759
vt 0.362618 0.687759
vt 0.362618 0.660893
vt 0.342468 0.660893
vt 0.370894 0.687759
vt 0.369724 0.687759
vt 0.372064 0.687759
vt 0.372064 0.660893
vt 0.370894 0.660893
vt 0.369724 0.660893
vt 0.449931 0.687759
vt 0.423456 0.687759
vt 0.476797 0.687759
vt 0.476797 0.660893
vt 0.449931 0.660893
vt 0.423456 0.660893
vt 0.503663 0.687759
vt 0.530529 0.687759
vt 0.530529 0.660893
vt 0.503663 0.660893
vt 0.557395 0.687759
vt 0.583892 0.687759
vt 0.583892 0.660893
vt 0.557395 0.660893
vt 0.609653 0.687759
vt 0.628697 0.687759
vt 0.628697 0.660893
vt 0.609653 0.660893
vt 0.664858 0.687759
vt 0.644709 0.687759
vt 0.691724 0.687759
vt 0.691724 0.660893
vt 0.664858 0.660893
vt 0.644709 0.660893
vt 0.718590 0.687759
vt 0.718590 0.660893
vt 0.771396 0.634027
vt 0.745224 0.634027
vt 0.790852 0.634027
vt 0.790852 0.607161
vt 0.771396 0.607161
vt 0.745224 0.607161
vt 0.826053 0.634027
vt 0.805903 0.634027
vt 0.852919 0.634027
vt 0.852919 0.607161
vt 0.826053 0.607161
vt 0.805903 0.607161
vt 0.073810 0.634027
vt 0.046944 0.634027
vt 0.100676 0.634027
vt 0.100676 0.607161
vt 0.073810 0.607161
vt 0.046944 0.607161
vt 0.127542 0.634027
vt 0.154407 0.634027
vt 0.154407 0.607161
vt 0.127542 0.607161
vt 0.181273 0.634027
vt 0.201423 0.634027
vt 0.201423 0.607161
vt 0.181273 0.607161
vt 0.208904 0.634027
vt 0.208330 0.634027
vt 0.209478 0.634027
vt 0.209478 0.607161
vt 0.208904 0.607161
vt 0.208330 0.607161
vt 0.288736 0.634027
vt 0.262062 0.634027
vt 0.315602 0.634027
vt 0.315602 0.607161
vt 0.288736 0.607161
vt 0.262062 0.607161
vt 0.342468 0.634027
vt 0.362618 0.634027
vt 0.362618 0.607161
vt 0.342468 0.607161
vt 0.370894 0.634027
vt 0.369724 0.634027
vt 0.372064 0.634027
vt 0.372064 0.607161
vt 0.370894 0.607161
vt 0.369724 0.607161
vt 0.449931 0.634027
vt 0.423456 0.634027
vt 0.476797 0.634027
vt 0.476797 0.607161
vt 0.449931 0.607161
vt 0.423456 0.607161
vt 0.503663 0.634027
vt 0.530529 0.634027
vt 0.530529 0.607161
vt 0.503663 0.607161
vt 0.557395 0.634027
vt 0.583892 0.634027
vt 0.583892 0.607161
vt 0.557395 0.607161
vt 0.609653 0.634027
vt 0.628697 0.634027
vt 0.628697 0.607161
vt 0.609653 0.607161
vt 0.664858 0.634027
vt 0.644709 0.634027
vt 0.691724 0.634027
vt 0.691724 0.607161
vt 0.664858 0.607161
vt 0.644709 0.607161
vt 0.718590 0.634027
vt 0.718590 0.607161
vt 0.771396 0.580295
vt 0.745224 0.580295
vt 0.790852 0.580295
vt 0.790852 0.553429
vt 0.771396 0.553429
vt 0.745224 0.553429
vt 0.826053 0.580295
vt 0.805903 0.580295
vt 0.852919 0.580295
vt 0.852919 0.553429
vt 0.826053 0.553429
vt 0.805903 0.553429
vt 0.073810 0.580295
vt 0.046944 0.580295
vt 0.100676 0.580295
vt 0.100676 0.553429
vt 0.073810 0.553429
vt 0.046944 0.553429
vt 0.127542 0.580295
vt 0.154407 0.580295
vt 0.154407 0.553429
vt 0.127542 0.553429
vt 0.181273 0.580295
vt 0.201423 0.580295
vt 0.201423 0.553429
vt 0.181273 0.553429
vt 0.208904 0.580295
vt 0.208330 0.580295
vt 0.209478 0.580295
vt 0.209478 0.553429
vt 0.208904 0.553429
vt 0.208330 0.553429
vt 0.288736 0.580295
vt 0.262062 0.580295
vt 0.315602 0.580295
vt 0.315602 0.553429
vt 0.288736 0.553429
vt 0.262062 0.553429
vt 0.342468 0.580295
vt 0.362618 0.580295
vt 0.362618 0.553429
vt 0.342468 0.553429
vt 0.370894 0.580295
vt 0.369724 0.580295
vt 0.372064 0.580295
vt 0.372064 0.553429
vt 0.370894 0.553429
vt 0.369724 0.553429
vt 0.449931 0.580295
vt 0.423456 0.580295
vt 0.476797 0.580295
vt 0.476797 0.553429
vt 0.449931 0.553429
vt 0.423456 0.553429
vt 0.503663 0.580295
vt 0.530529 0.580295
vt 0.530529 0.553429
vt 0.503663 0.553429
vt 0.557395 0.580295
vt 0.583892 0.580295
vt 0.583892 0.553429
vt 0.557395 0.553429
vt 0.609653 0.580295
vt 0.628697 0.580295
vt 0.628697 0.553429
vt 0.609653 0.553429
vt 0.664858 0.580295
vt 0.644709 0.580295
vt 0.691724 0.580295
vt 0.691724 0.553429
vt 0.664858 0.553429
vt 0.644709 0.553429
vt 0.718590 0.580295
vt 0.718590 0.553429
vt 0.771396 0.526564
vt 0.745224 0.526564
vt 0.790852 0.526564
vt 0.790852 0.499698
vt 0.771396 0.499698
vt 0.745224 0.499698
vt 0.826053 0.526564
vt 0.805903 0.526564
vt 0.852919 0.526564
vt 0.852919 0.499698
vt 0.826053 0.499698
vt 0.805903 0.499698
vt 0.073810 0.526564
vt 0.046944 0.526564
vt 0.100676 0.526564
vt 0.100676 0.499698
vt 0.073810 0.499698
vt 0.046944 0.499698
vt 0.127542 0.526564
vt 0.154407 0.526564
vt 0.154407 0.499698
vt 0.127542 0.499698
vt 0.181273 0.526564
vt 0.201423 0.526564
vt 0.201423 0.499698
vt 0.181273 0.499698
vt 0.208904 0.526564
vt 0.208330 0.526564
vt 0.209478 0.526564
vt 0.209478 0.499698
vt 0.208904 0.499698
vt 0.208330 0.499698
vt 0.288736 0.526564
vt 0.262062 0.526564
vt 0.315602 0.526564
vt 0.315602 0.499698
vt 0.288736 0.499698
vt 0.262062 0.499698
vt 0.342468 0.526564
vt 0.362618 0.526564
vt 0.362618 0.499698
vt 0.342468 0.499698
vt 0.370894 0.526564
vt 0.369724 0.526564
vt 0.372064 0.526564
vt 0.372064 0.499698
vt 0.370894 0.499698
vt 0.369724 0.499698
vt 0.449931 0.526564
vt 0.423456 0.526564
vt 0.476797 0.526564
vt 0.476797 0.499698
vt 0.449931 0.499698
vt 0.423456 0.499698
vt 0.503663 0.526564
vt 0.530529 0.526564
vt 0.530529 0.499698
vt 0.503663 0.499698
vt 0.557395 0.526564
vt 0.583892 0.526564
vt 0.583892 0.499698
vt 0.557395 0.499698
vt 0.609653 0.526564
vt 0.628697 0.526564
vt 0.628697 0.499698
vt 0.609653 0.499698
vt 0.664858 0.526564
vt 0.644709 0.526564
vt 0.691724 0.526564
vt 0.691724 0.499698
vt 0.664858 0.499698
vt 0.644709 0.499698
vt 0.718590 0.526564
vt 0.718590 0.499698
vt 0.771396 0.472832
vt 0.745224 0.472832
vt 0.790852 0.472832
vt 0.790852 0.445966
vt 0.771396 0.445966
vt 0.745224 0.445966
vt 0.826053 0.472832
vt 0.805903 0.472832
vt 0.852919 0.472832
vt 0.852919 0.445966
vt 0.826053 0.445966
vt 0.805903 0.445966
vt 0.073810 0.472832
vt 0.046944 0.472832
vt 0.100676 0.472832
vt 0.100676 0.445966
vt 0.073810 0.445966
vt 0.046944 0.445966
vt 0.127542 0.472832
vt 0.154407 0.472832
vt 0.154407 0.445966
vt 0.127542 0.445966
vt 0.181273 0.472832
vt 0.201423 0.472832
vt 0.201423 0.445966
vt 0.181273 0.445966
vt 0.208904 0.472832
vt 0.208330 0.472832
vt 0.209478 0.472832
vt 0.209478 0.445966
vt 0.208904 0.445966
vt 0.208330 0.445966
vt 0.288736 0.472832
vt 0.262062 0.472832
vt 0.315602 0.472832
vt 0.315602 0.445966
vt 0.288736 0.445966
vt 0.262062 0.445966
vt 0.342468 0.472832
vt 0.362618 0.472832
vt 0.362618 0.445966
vt 0.342468 0.445966
vt 0.370894 0.472832
vt 0.369724 0.472832
vt 0.372064 0.472832
vt 0.372064 0.445966
vt 0.370894 0.445966
vt 0.369724 0.445966
vt 0.449931 0.472832
vt 0.423456 0.472832
vt 0.476797 0.472832
vt 0.476797 0.445966
vt 0.449931 0.445966
vt 0.423456 0.445966
vt 0.503663 0.472832
vt 0.530529 0.472832
vt 0.530529 0.445966
vt 0.503663 0.445966
vt 0.557395 0.472832
vt 0.583892 0.472832
vt 0.583892 0.445966
vt 0.557395 0.445966
vt 0.609653 0.472832
vt 0.628697 0.472832
vt 0.628697 0.445966
vt 0.609653 0.445966
vt 0.664858 0.472832
vt 0.644709 0.472832
vt 0.691724 0.472832
vt 0.691724 0.445966
vt 0.664858 0.445966
vt 0.644709 0.445966
vt 0.718590 0.472832
vt 0.718590 0.445966
vt 0.771396 0.419100
vt 0.745224 0.419100
vt 0.790852 0.419100
vt 0.790852 0.392453
vt 0.771396 0.392453
vt 0.745224 0.392453
vt 0.826053 0.419100
vt 0.805903 0.419100
vt 0.852919 0.419100
vt 0.852919 0.392235
vt 0.826053 0.392453
vt 0.805903 0.392453
vt 0.073810 0.419100
vt 0.046944 0.419100
vt 0.100676 0.419100
vt 0.100676 0.392453
vt 0.073810 0.392453
vt 0.046944 0.392235
vt 0.127542 0.419100
vt 0.154407 0.419100
vt 0.154407 0.392453
vt 0.127542 0.392453
vt 0.181273 0.419100
vt 0.201423 0.419100
vt 0.201423 0.392453
vt 0.181273 0.392453
vt 0.208904 0.419100
vt 0.208330 0.419100
vt 0.209478 0.419100
vt 0.209478 0.392453
vt 0.208904 0.392453
vt 0.208330 0.392453
vt 0.288736 0.419100
vt 0.262062 0.419100
vt 0.315602 0.419100
vt 0.315602 0.392453
vt 0.288736 0.392453
vt 0.262062 0.392453
vt 0.342468 0.419100
vt 0.362618 0.419100
vt 0.362618 0.392453
vt 0.342468 0.392453
vt 0.370894 0.419100
vt 0.369724 0.419100
vt 0.372064 0.419100
vt 0.372064 0.392453
vt 0.370894 0.392453
vt 0.369724 0.392453
vt 0.449931 0.419100
vt 0.423456 0.419100
vt 0.476797 0.419100
vt 0.476797 0.392453
vt 0.449931 0.392453
vt 0.423456 0.392453
vt 0.503663 0.419100
vt 0.530529 0.419100
vt 0.530529 0.392453
vt 0.503663 0.392453
vt 0.557395 0.419100
vt 0.583892 0.419100
vt 0.583892 0.392453
vt 0.557395 0.392453
vt 0.609653 0.419100
vt 0.628697 0.419100
vt 0.628697 0.392453
vt 0.609653 0.392453
vt 0.664858 0.419100
vt 0.644709 0.419100
vt 0.691724 0.419100
vt 0.691724 0.392453
vt 0.664858 0.392453
vt 0.644709 0.392453
vt 0.718590 0.419100
vt 0.718590 0.392453
vt 0.745224 0.346532
vt 0.771396 0.346532
vt 0.771396 0.339378
vt 0.745224 0.339378
vt 0.790852 0.346532
vt 0.790852 0.339378
vt 0.785808 0.338892
vt 0.771396 0.338722
vt 0.745455 0.338503
vt 0.805903 0.346532
vt 0.826053 0.346532
vt 0.826053 0.339378
vt 0.805903 0.339378
vt 0.852919 0.340253
vt 0.852919 0.339378
vt 0.852919 0.338503
vt 0.826053 0.338722
vt 0.811127 0.338892
vt 0.046944 0.340253
vt 0.073810 0.346532
vt 0.073810 0.339378
vt 0.046944 0.339378
vt 0.100676 0.346532
vt 0.100676 0.339378
vt 0.100676 0.338722
vt 0.073810 0.338722
vt 0.046944 0.338503
vt 0.127542 0.346532
vt 0.127542 0.339378
vt 0.154407 0.346532
vt 0.154407 0.339378
vt 0.154407 0.338722
vt 0.127542 0.338722
vt 0.181273 0.346532
vt 0.181273 0.339378
vt 0.201423 0.346532
vt 0.201423 0.339378
vt 0.196199 0.338892
vt 0.181273 0.338722
vt 0.208330 0.346532
vt 0.208904 0.346532
vt 0.208904 0.339378
vt 0.208330 0.339378
vt 0.209478 0.346532
vt 0.209478 0.339378
vt 0.213723 0.338643
vt 0.208904 0.338722
vt 0.203963 0.338643
vt 0.262062 0.346532
vt 0.288736 0.346532
vt 0.288736 0.339378
vt 0.262062 0.339378
vt 0.315602 0.346532
vt 0.315602 0.339378
vt 0.315602 0.338722
vt 0.288736 0.338722
vt 0.262062 0.338722
vt 0.342468 0.346532
vt 0.342468 0.339378
vt 0.362618 0.346532
vt 0.362618 0.339378
vt 0.357394 0.338892
vt 0.342468 0.338722
vt 0.369724 0.346532
vt 0.370894 0.346532
vt 0.370894 0.339378
vt 0.369724 0.339378
vt 0.372064 0.346532
vt 0.372064 0.339378
vt 0.376253 0.338643
vt 0.370894 0.338722
vt 0.365285 0.338643
vt 0.423456 0.346532
vt 0.449931 0.346532
vt 0.449931 0.339378
vt 0.423456 0.339378
vt 0.476797 0.346532
vt 0.476797 0.339378
vt 0.476797 0.338722
vt 0.449931 0.338722
vt 0.423456 0.338722
vt 0.503663 0.346532
vt 0.503663 0.339378
vt 0.530529 0.346532
vt 0.530529 0.339378
vt 0.530529 0.338722
vt 0.503663 0.338722
vt 0.557395 0.346532
vt 0.557395 0.339378
vt 0.583892 0.346532
vt 0.583892 0.339378
vt 0.583892 0.338722
vt 0.557395 0.338722
vt 0.609653 0.346532
vt 0.609653 0.339378
vt 0.628697 0.346532
vt 0.628697 0.339378
vt 0.623760 0.338892
vt 0.609653 0.338722
vt 0.644709 0.346532
vt 0.664858 0.346532
vt 0.664858 0.339378
vt 0.644709 0.339378
vt 0.691724 0.346532
vt 0.691724 0.339378
vt 0.691724 0.338722
vt 0.664858 0.338722
vt 0.649933 0.338892
vt 0.718590 0.346532
vt 0.718590 0.339378
vt 0.718590 0.338722
vt 0.907813 0.518628
vt 0.919607 0.504269
vt 0.914324 0.497756
vt 0.902736 0.510770
vt 0.931402 0.489909
vt 0.923120 0.487906
vt 0.916013 0.479426
vt 0.907664 0.487971
vt 0.897659 0.502912
vt 0.932185 0.489152
vt 0.941480 0.474295
vt 0.935830 0.469821
vt 0.928913 0.480568
vt 0.950775 0.459438
vt 0.944360 0.455533
vt 0.936192 0.449609
vt 0.928105 0.462894
vt 0.921538 0.472834
vt 0.957878 0.444416
vt 0.951782 0.441088
vt 0.964980 0.429394
vt 0.958157 0.426497
vt 0.949250 0.422248
vt 0.943217 0.436044
vt 0.970051 0.414142
vt 0.963547 0.411773
vt 0.975121 0.398891
vt 0.967964 0.396932
vt 0.958566 0.394126
vt 0.954362 0.408268
vt 0.978204 0.383488
vt 0.971421 0.381990
vt 0.981286 0.368084
vt 0.973651 0.370645
vt 0.964007 0.368978
vt 0.961870 0.379844
vt 0.981287 0.367699
vt 0.974387 0.366594
vt 0.981287 0.367313
vt 0.974717 0.362632
vt 0.964970 0.361271
vt 0.964705 0.365084
vt 0.984154 0.337140
vt 0.983569 0.321661
vt 0.976508 0.321857
vt 0.976597 0.336810
vt 0.982983 0.306181
vt 0.975553 0.306842
vt 0.965573 0.307760
vt 0.966436 0.322175
vt 0.966525 0.336520
vt 0.980798 0.290902
vt 0.973823 0.291917
vt 0.978612 0.275623
vt 0.972163 0.280566
vt 0.962415 0.282496
vt 0.963971 0.293417
vt 0.978360 0.274874
vt 0.971417 0.276272
vt 0.978107 0.274125
vt 0.970383 0.272251
vt 0.960647 0.274477
vt 0.961689 0.278346
vt 0.971373 0.245712
vt 0.965798 0.231217
vt 0.959205 0.233832
vt 0.964063 0.247851
vt 0.960224 0.216721
vt 0.953446 0.219871
vt 0.944394 0.224278
vt 0.949821 0.237676
vt 0.954439 0.251121
vt 0.953099 0.202774
vt 0.946947 0.206177
vt 0.945973 0.188827
vt 0.939647 0.192787
vt 0.931400 0.198316
vt 0.938269 0.211144
vt 0.937032 0.175573
vt 0.931488 0.179738
vt 0.928090 0.162319
vt 0.922557 0.167259
vt 0.915369 0.173954
vt 0.923740 0.185836
vt 0.917715 0.150559
vt 0.912940 0.155580
vt 0.907339 0.138799
vt 0.905349 0.146944
vt 0.899259 0.154790
vt 0.906367 0.162921
vt 0.906393 0.137423
vt 0.893174 0.126399
vt 0.889267 0.132364
vt 0.898945 0.140430
vt 0.879955 0.115375
vt 0.875851 0.122367
vt 0.871686 0.132150
vt 0.884182 0.141197
vt 0.893230 0.148663
vt 0.863898 0.105709
vt 0.861086 0.113413
vt 0.847841 0.096043
vt 0.845647 0.104979
vt 0.843454 0.113915
vt 0.858002 0.124455
vt 0.879593 0.457950
vt 0.889937 0.456458
vt 0.886589 0.450120
vt 0.878982 0.455754
vt 0.896190 0.451481
vt 0.892362 0.445842
vt 0.889988 0.444759
vt 0.885087 0.446075
vt 0.878372 0.453557
vt 0.900366 0.447140
vt 0.905449 0.439986
vt 0.901007 0.435340
vt 0.896241 0.441940
vt 0.911765 0.430173
vt 0.906946 0.426220
vt 0.905855 0.425385
vt 0.897466 0.431922
vt 0.893613 0.442430
vt 0.917354 0.419663
vt 0.912235 0.416322
vt 0.922251 0.408598
vt 0.916896 0.405806
vt 0.915613 0.405142
vt 0.908138 0.413697
vt 0.926490 0.397120
vt 0.920953 0.394834
vt 0.930060 0.385303
vt 0.924384 0.383492
vt 0.923012 0.383036
vt 0.916514 0.392903
vt 0.932952 0.373222
vt 0.927167 0.371870
vt 0.934860 0.363972
vt 0.929007 0.362960
vt 0.927800 0.359825
vt 0.922469 0.370660
vt 0.935478 0.360647
vt 0.929608 0.359754
vt 0.935487 0.357319
vt 0.929582 0.356524
vt 0.927408 0.354485
vt 0.925619 0.357315
vt 0.935618 0.335749
vt 0.935554 0.323265
vt 0.929418 0.323466
vt 0.929484 0.335594
vt 0.935113 0.310705
vt 0.929038 0.311267
vt 0.927519 0.311370
vt 0.924569 0.323471
vt 0.927693 0.335642
vt 0.934039 0.298166
vt 0.928042 0.299103
vt 0.932928 0.288598
vt 0.927003 0.289823
vt 0.924897 0.287365
vt 0.923196 0.299666
vt 0.932378 0.284951
vt 0.926491 0.286277
vt 0.931301 0.281606
vt 0.925427 0.283029
vt 0.922790 0.281952
vt 0.921989 0.285367
vt 0.924986 0.261492
vt 0.921110 0.249792
vt 0.915396 0.252177
vt 0.919139 0.263545
vt 0.916819 0.238104
vt 0.911306 0.240819
vt 0.909895 0.241425
vt 0.910827 0.253833
vt 0.917499 0.264273
vt 0.911948 0.226693
vt 0.906673 0.229749
vt 0.906492 0.215633
vt 0.901495 0.219046
vt 0.900220 0.219783
vt 0.902303 0.231874
vt 0.900450 0.204997
vt 0.895773 0.208790
vt 0.893898 0.195026
vt 0.889588 0.199215
vt 0.888427 0.199980
vt 0.891755 0.211504
vt 0.886918 0.185963
vt 0.883026 0.190557
vt 0.881421 0.179377
vt 0.877867 0.184287
vt 0.877447 0.187155
vt 0.879721 0.192761
vt 0.876807 0.174685
vt 0.870075 0.169263
vt 0.867305 0.174884
vt 0.873552 0.179888
vt 0.860977 0.163037
vt 0.858913 0.169219
vt 0.858492 0.170230
vt 0.864790 0.179075
vt 0.874473 0.182905
vt 0.851366 0.158474
vt 0.850143 0.165244
vt 0.841234 0.159960
vt 0.841182 0.162116
vt 0.841130 0.164272
vt 0.848988 0.170120
vt 0.793340 0.932909
vt 0.778575 0.942984
vt 0.785754 0.956417
vt 0.758888 0.956417
vt 0.772321 0.983283
vt 0.826053 0.947461
vt 0.839486 0.956417
vt 0.812620 0.956417
vt 0.826053 0.983283
vt 0.073810 0.947461
vt 0.087243 0.956417
vt 0.060377 0.956417
vt 0.073810 0.983283
vt 0.127542 0.947461
vt 0.140975 0.956417
vt 0.114109 0.956417
vt 0.127542 0.983283
vt 0.181273 0.947461
vt 0.194706 0.956417
vt 0.167840 0.956417
vt 0.181273 0.983283
vt 0.233995 0.926193
vt 0.228671 0.942984
vt 0.248438 0.956417
vt 0.215607 0.923674
vt 0.213846 0.932909
vt 0.221572 0.956417
vt 0.235005 0.983283
vt 0.288736 0.947461
vt 0.302169 0.956417
vt 0.275304 0.956417
vt 0.288736 0.983283
vt 0.342468 0.947461
vt 0.355901 0.956417
vt 0.329035 0.956417
vt 0.342468 0.983283
vt 0.395885 0.926193
vt 0.390263 0.942984
vt 0.409633 0.956417
vt 0.378019 0.923674
vt 0.375736 0.932909
vt 0.382767 0.956417
vt 0.396200 0.983283
vt 0.449931 0.947461
vt 0.463364 0.956417
vt 0.436499 0.956417
vt 0.449931 0.983283
vt 0.503663 0.947461
vt 0.517096 0.956417
vt 0.490230 0.956417
vt 0.503663 0.983283
vt 0.557395 0.947461
vt 0.570828 0.956417
vt 0.543962 0.956417
vt 0.557395 0.983283
vt 0.631665 0.932909
vt 0.617106 0.942984
vt 0.624559 0.956417
vt 0.597693 0.956417
vt 0.611126 0.983283
vt 0.664858 0.947461
vt 0.678291 0.956417
vt 0.651425 0.956417
vt 0.664858 0.983283
vt 0.718590 0.947461
vt 0.732023 0.956417
vt 0.705157 0.956417
vt 0.718590 0.983283
vt 0.882312 0.437774
vt 0.871282 0.432910
vt 0.890867 0.441833
vt 0.878902 0.427346
vt 0.864191 0.412262
vt 0.889388 0.424535
vt 0.881155 0.424110
vt 0.887276 0.415587
vt 0.868697 0.405789
vt 0.898851 0.407937
vt 0.890470 0.409335
vt 0.895349 0.399214
vt 0.875085 0.393285
vt 0.906477 0.388600
vt 0.898210 0.391382
vt 0.901909 0.380329
vt 0.880807 0.377622
vt 0.911898 0.367907
vt 0.903947 0.371948
vt 0.906341 0.360343
vt 0.884882 0.360861
vt 0.917283 0.350566
vt 0.906828 0.353752
vt 0.925575 0.348217
vt 0.906774 0.341660
vt 0.885855 0.347678
vt 0.913647 0.323404
vt 0.906710 0.329421
vt 0.906624 0.317285
vt 0.885728 0.323200
vt 0.912325 0.300826
vt 0.906039 0.307557
vt 0.904727 0.295554
vt 0.884558 0.303743
vt 0.912128 0.281836
vt 0.903287 0.288540
vt 0.919199 0.276685
vt 0.899588 0.276994
vt 0.881677 0.289714
vt 0.900520 0.257457
vt 0.895832 0.265473
vt 0.892030 0.254049
vt 0.874165 0.266673
vt 0.892423 0.236539
vt 0.888524 0.244918
vt 0.883686 0.234097
vt 0.867152 0.248410
vt 0.882602 0.217463
vt 0.879689 0.226204
vt 0.873793 0.216303
vt 0.859158 0.232626
vt 0.872203 0.196654
vt 0.869555 0.209929
vt 0.874449 0.186322
vt 0.862578 0.201392
vt 0.850683 0.219878
vt 0.858889 0.188281
vt 0.859087 0.197307
vt 0.851097 0.190969
vt 0.843702 0.211709
vt 0.846185 0.180732
vt 0.848712 0.188961
vt 0.840031 0.185983
vt 0.838933 0.207693
vt 0.030050 0.247244
vt 0.055048 0.256868
vt 0.055252 0.256447
vt 0.030321 0.246848
vt 0.080047 0.266493
vt 0.074125 0.263748
vt 0.075480 0.260255
vt 0.056932 0.253162
vt 0.030593 0.246453
vt 0.081385 0.267292
vt 0.106721 0.273491
vt 0.106875 0.273047
vt 0.087728 0.268304
vt 0.132057 0.279690
vt 0.132154 0.278874
vt 0.133037 0.275252
vt 0.107957 0.269444
vt 0.088970 0.264718
vt 0.157304 0.284434
vt 0.157401 0.283977
vt 0.182550 0.289177
vt 0.182650 0.288406
vt 0.183266 0.284754
vt 0.158134 0.280338
vt 0.207864 0.292676
vt 0.207934 0.292214
vt 0.233179 0.296174
vt 0.233226 0.295356
vt 0.233653 0.291704
vt 0.208450 0.288553
vt 0.258471 0.298256
vt 0.258497 0.297789
vt 0.283764 0.300337
vt 0.277590 0.299332
vt 0.277890 0.295760
vt 0.258843 0.294175
vt 0.284306 0.300268
vt 0.284347 0.299803
vt 0.284848 0.300198
vt 0.290949 0.300344
vt 0.291287 0.296770
vt 0.284666 0.296253
vt 0.334191 0.304927
vt 0.359906 0.305286
vt 0.359923 0.304819
vt 0.334485 0.303959
vt 0.385622 0.305646
vt 0.385568 0.304905
vt 0.385579 0.301206
vt 0.360033 0.301066
vt 0.334693 0.300202
vt 0.411127 0.304912
vt 0.411098 0.304445
vt 0.436632 0.304178
vt 0.430514 0.303831
vt 0.430391 0.300239
vt 0.411021 0.300804
vt 0.437830 0.303921
vt 0.437817 0.303454
vt 0.439028 0.303663
vt 0.444765 0.303186
vt 0.444694 0.299599
vt 0.437721 0.299888
vt 0.487203 0.303068
vt 0.512931 0.300543
vt 0.512893 0.300077
vt 0.487593 0.302044
vt 0.538659 0.298018
vt 0.538546 0.297336
vt 0.538099 0.293642
vt 0.512559 0.296332
vt 0.487370 0.298285
vt 0.564140 0.294623
vt 0.564075 0.294160
vt 0.589620 0.291228
vt 0.589491 0.290489
vt 0.588833 0.286846
vt 0.563523 0.290496
vt 0.614894 0.286720
vt 0.614802 0.286263
vt 0.640167 0.282213
vt 0.639611 0.281497
vt 0.638724 0.277905
vt 0.614032 0.282641
vt 0.663659 0.276657
vt 0.663522 0.276209
vt 0.687150 0.271102
vt 0.681436 0.272051
vt 0.680347 0.268529
vt 0.662515 0.272661
vt 0.689613 0.271144
vt 0.714499 0.264028
vt 0.714364 0.263581
vt 0.695417 0.268905
vt 0.739385 0.256912
vt 0.739076 0.255681
vt 0.737568 0.252320
vt 0.713097 0.260083
vt 0.694301 0.265351
vt 0.763766 0.246593
vt 0.763531 0.246185
vt 0.788147 0.236274
vt 0.787858 0.235891
vt 0.787569 0.235508
vt 0.761732 0.243056
vt 0.046367 0.223746
vt 0.072360 0.211309
vt 0.085355 0.151019
vt 0.063819 0.144657
vt 0.088819 0.216777
vt 0.101701 0.155842
vt 0.114767 0.093973
vt 0.098538 0.089788
vt 0.081271 0.065569
vt 0.101293 0.220409
vt 0.119064 0.224909
vt 0.131154 0.163245
vt 0.113927 0.159109
vt 0.142623 0.230488
vt 0.153928 0.168402
vt 0.165401 0.105382
vt 0.143422 0.100650
vt 0.126747 0.096881
vt 0.166439 0.235380
vt 0.176830 0.172987
vt 0.190458 0.239643
vt 0.199839 0.177027
vt 0.209359 0.113471
vt 0.187375 0.109657
vt 0.214622 0.243336
vt 0.222934 0.180549
vt 0.238903 0.246507
vt 0.246104 0.183584
vt 0.253410 0.119715
vt 0.231369 0.116819
vt 0.263273 0.249203
vt 0.269335 0.186161
vt 0.281760 0.251055
vt 0.286949 0.187934
vt 0.292211 0.123865
vt 0.275485 0.122173
vt 0.288395 0.251697
vt 0.293265 0.188556
vt 0.294877 0.252051
vt 0.299434 0.188916
vt 0.304059 0.124828
vt 0.298205 0.124465
vt 0.336879 0.254201
vt 0.361221 0.255073
vt 0.362630 0.191833
vt 0.339450 0.191035
vt 0.385756 0.255550
vt 0.385982 0.192229
vt 0.386206 0.127956
vt 0.364054 0.127642
vt 0.342055 0.126918
vt 0.410315 0.255525
vt 0.409347 0.192154
vt 0.429103 0.255294
vt 0.427216 0.191904
vt 0.425293 0.127566
vt 0.408358 0.127833
vt 0.436330 0.255153
vt 0.434081 0.191777
vt 0.443188 0.254753
vt 0.440599 0.191412
vt 0.437968 0.127116
vt 0.431792 0.127448
vt 0.484304 0.252246
vt 0.508411 0.250376
vt 0.502670 0.187117
vt 0.479731 0.188990
vt 0.532818 0.248031
vt 0.525900 0.184774
vt 0.518871 0.120573
vt 0.496836 0.122913
vt 0.475082 0.124786
vt 0.557152 0.245109
vt 0.549074 0.181900
vt 0.581386 0.241627
vt 0.572182 0.178505
vt 0.562836 0.114442
vt 0.540869 0.117748
vt 0.605490 0.237604
vt 0.595215 0.174601
vt 0.629113 0.233114
vt 0.617854 0.170277
vt 0.606423 0.106504
vt 0.584782 0.110661
vt 0.651904 0.228229
vt 0.639783 0.165618
vt 0.669013 0.224342
vt 0.656277 0.161926
vt 0.643347 0.098577
vt 0.627477 0.102073
vt 0.682360 0.221039
vt 0.700045 0.216222
vt 0.686475 0.154262
vt 0.669206 0.158798
vt 0.722933 0.209528
vt 0.709001 0.148068
vt 0.694870 0.085676
vt 0.672711 0.091373
vt 0.655859 0.095627
vt 0.745311 0.202092
vt 0.731364 0.141389
vt 0.771963 0.214066
vt 0.753645 0.134467
vt 0.735328 0.054867
vt 0.717214 0.079747
vt 0.797569 0.875819
vt 0.797569 0.902685
vt 0.798262 0.902685
vt 0.798262 0.875819
vt 0.797749 0.917611
vt 0.798262 0.922834
vt 0.798776 0.917611
vt 0.798956 0.902685
vt 0.798956 0.875819
vt 0.797569 0.822088
vt 0.797569 0.848953
vt 0.798262 0.848953
vt 0.798262 0.822088
vt 0.798956 0.848953
vt 0.798956 0.822088
vt 0.797569 0.768356
vt 0.797569 0.795222
vt 0.798262 0.795222
vt 0.798262 0.768356
vt 0.798956 0.795222
vt 0.798956 0.768356
vt 0.797569 0.714624
vt 0.797569 0.741490
vt 0.798262 0.741490
vt 0.798262 0.714624
vt 0.798956 0.741490
vt 0.798956 0.714624
vt 0.797569 0.660893
vt 0.797569 0.687759
vt 0.798262 0.687759
vt 0.798262 0.660893
vt 0.798956 0.687759
vt 0.798956 0.660893
vt 0.797569 0.607161
vt 0.797569 0.634027
vt 0.798262 0.634027
vt 0.798262 0.607161
vt 0.798956 0.634027
vt 0.798956 0.607161
vt 0.797569 0.553429
vt 0.797569 0.580295
vt 0.798262 0.580295
vt 0.798262 0.553429
vt 0.798956 0.580295
vt 0.798956 0.553429
vt 0.797569 0.499698
vt 0.797569 0.526564
vt 0.798262 0.526564
vt 0.798262 0.499698
vt 0.798956 0.526564
vt 0.798956 0.499698
vt 0.797569 0.445966
vt 0.797569 0.472832
vt 0.798262 0.472832
vt 0.798262 0.445966
vt 0.798956 0.472832
vt 0.798956 0.445966
vt 0.797569 0.392453
vt 0.797569 0.419100
vt 0.798262 0.419100
vt 0.798262 0.392453
vt 0.798956 0.419100
vt 0.798956 0.392453
vt 0.793335 0.338643
vt 0.797569 0.339378
vt 0.798262 0.339378
vt 0.798262 0.338722
vt 0.797569 0.346532
vt 0.798262 0.346532
vt 0.798956 0.346532
vt 0.798956 0.339378
vt 0.803338 0.338643
vt 0.082151 0.262882
vt 0.080881 0.266452
vt 0.080716 0.266892
vt 0.120682 0.095497
vt 0.107668 0.157591
vt 0.094837 0.218754
vt 0.926329 0.484386
vt 0.919072 0.476362
vt 0.931794 0.489531
vt 0.894469 0.444278
vt 0.898473 0.449673
vt 0.216194 0.875819
vt 0.216194 0.902685
vt 0.235770 0.902685
vt 0.235770 0.875819
vt 0.216194 0.822088
vt 0.216194 0.848953
vt 0.235770 0.848953
vt 0.235770 0.822088
vt 0.216194 0.768356
vt 0.216194 0.795222
vt 0.235770 0.795222
vt 0.235770 0.768356
vt 0.216194 0.714624
vt 0.216194 0.741490
vt 0.235770 0.741490
vt 0.235770 0.714624
vt 0.216194 0.660893
vt 0.216194 0.687759
vt 0.235770 0.687759
vt 0.235770 0.660893
vt 0.216194 0.607161
vt 0.216194 0.634027
vt 0.235770 0.634027
vt 0.235770 0.607161
vt 0.216194 0.553429
vt 0.216194 0.580295
vt 0.235770 0.580295
vt 0.235770 0.553429
vt 0.216194 0.499698
vt 0.216194 0.526564
vt 0.235770 0.526564
vt 0.235770 0.499698
vt 0.216194 0.445966
vt 0.216194 0.472832
vt 0.235770 0.472832
vt 0.235770 0.445966
vt 0.216194 0.392453
vt 0.216194 0.419100
vt 0.235770 0.419100
vt 0.235770 0.392453
vt 0.221269 0.338892
vt 0.216194 0.339378
vt 0.235770 0.339378
vt 0.235770 0.338722
vt 0.216194 0.346532
vt 0.235770 0.346532
vt 0.309870 0.298428
vt 0.309578 0.302098
vt 0.309519 0.302562
vt 0.320366 0.125813
vt 0.316607 0.189903
vt 0.312901 0.253040
vt 0.975726 0.351553
vt 0.965807 0.350651
vt 0.982721 0.352226
vt 0.929540 0.347542
vt 0.935565 0.348060
vt 0.378780 0.875819
vt 0.378780 0.902685
vt 0.397760 0.902685
vt 0.397760 0.875819
vt 0.378780 0.822088
vt 0.378780 0.848953
vt 0.397760 0.848953
vt 0.397760 0.822088
vt 0.378780 0.768356
vt 0.378780 0.795222
vt 0.397760 0.795222
vt 0.397760 0.768356
vt 0.378780 0.714624
vt 0.378780 0.741490
vt 0.397760 0.741490
vt 0.397760 0.714624
vt 0.378780 0.660893
vt 0.378780 0.687759
vt 0.397760 0.687759
vt 0.397760 0.660893
vt 0.378780 0.607161
vt 0.378780 0.634027
vt 0.397760 0.634027
vt 0.397760 0.607161
vt 0.378780 0.553429
vt 0.378780 0.580295
vt 0.397760 0.580295
vt 0.397760 0.553429
vt 0.378780 0.499698
vt 0.378780 0.526564
vt 0.397760 0.526564
vt 0.397760 0.499698
vt 0.378780 0.445966
vt 0.378780 0.472832
vt 0.397760 0.472832
vt 0.397760 0.445966
vt 0.378780 0.392453
vt 0.378780 0.419100
vt 0.397760 0.419100
vt 0.397760 0.392453
vt 0.383701 0.338892
vt 0.378780 0.339378
vt 0.397760 0.339378
vt 0.397760 0.338722
vt 0.378780 0.346532
vt 0.397760 0.346532
vt 0.462996 0.299220
vt 0.463121 0.302898
vt 0.463115 0.303366
vt 0.453929 0.126208
vt 0.457429 0.190452
vt 0.460871 0.253745
vt 0.967860 0.261717
vt 0.958139 0.264395
vt 0.974740 0.259918
vt 0.922729 0.274640
vt 0.928610 0.272942
vt 0.745455 0.338503
vt 0.771396 0.338503
vt 0.771396 0.338503
vt 0.745455 0.338503
vt 0.791083 0.338503
vt 0.791083 0.338503
vt 0.771396 0.338503
vt 0.745455 0.338503
vt 0.805672 0.338503
vt 0.798262 0.338503
vt 0.798262 0.338503
vt 0.805672 0.338503
vt 0.826053 0.338503
vt 0.826053 0.338503
vt 0.852919 0.338503
vt 0.852919 0.338503
vt 0.852919 0.338503
vt 0.826053 0.338503
vt 0.046944 0.338503
vt 0.073810 0.338503
vt 0.073810 0.338503
vt 0.046944 0.338503
vt 0.100676 0.338503
vt 0.100676 0.338503
vt 0.100676 0.338503
vt 0.073810 0.338503
vt 0.046944 0.338503
vt 0.127542 0.338503
vt 0.127542 0.338503
vt 0.154407 0.338503
vt 0.154407 0.338503
vt 0.154407 0.338503
vt 0.127542 0.338503
vt 0.181273 0.338503
vt 0.181273 0.338503
vt 0.201614 0.338503
vt 0.201614 0.338503
vt 0.181273 0.338503
vt 0.208904 0.338503
vt 0.216003 0.338503
vt 0.216003 0.338503
vt 0.208904 0.338503
vt 0.262062 0.338503
vt 0.235770 0.338503
vt 0.235770 0.338503
vt 0.262062 0.338503
vt 0.235770 0.338503
vt 0.262062 0.338503
vt 0.288736 0.338503
vt 0.288736 0.338503
vt 0.315602 0.338503
vt 0.315602 0.338503
vt 0.315602 0.338503
vt 0.288736 0.338503
vt 0.342468 0.338503
vt 0.342468 0.338503
vt 0.363007 0.338503
vt 0.363007 0.338503
vt 0.342468 0.338503
vt 0.370894 0.338503
vt 0.378390 0.338503
vt 0.378390 0.338503
vt 0.370894 0.338503
vt 0.423456 0.338503
vt 0.397760 0.338503
vt 0.397760 0.338503
vt 0.423456 0.338503
vt 0.397760 0.338503
vt 0.423456 0.338503
vt 0.449931 0.338503
vt 0.449931 0.338503
vt 0.476797 0.338503
vt 0.476797 0.338503
vt 0.476797 0.338503
vt 0.449931 0.338503
vt 0.503663 0.338503
vt 0.503663 0.338503
vt 0.530529 0.338503
vt 0.530529 0.338503
vt 0.530529 0.338503
vt 0.503663 0.338503
vt 0.557395 0.338503
vt 0.557395 0.338503
vt 0.583892 0.338503
vt 0.583892 0.338503
vt 0.583892 0.338503
vt 0.557395 0.338503
vt 0.609653 0.338503
vt 0.609653 0.338503
vt 0.631218 0.338643
vt 0.629065 0.338503
vt 0.629065 0.338503
vt 0.609653 0.338503
vt 0.642055 0.338643
vt 0.664858 0.338503
vt 0.664858 0.338503
vt 0.644340 0.338503
vt 0.691724 0.338503
vt 0.691724 0.338503
vt 0.691724 0.338503
vt 0.664858 0.338503
vt 0.644340 0.338503
vt 0.718590 0.338503
vt 0.718589 0.338503
vt 0.718590 0.338503
vt 0.635413 0.875819
vt 0.635413 0.902685
vt 0.636519 0.902685
vt 0.636519 0.875819
vt 0.635700 0.917611
vt 0.636519 0.922834
vt 0.637337 0.917611
vt 0.637624 0.902685
vt 0.637624 0.875819
vt 0.635413 0.822088
vt 0.635413 0.848953
vt 0.636519 0.848953
vt 0.636519 0.822088
vt 0.637624 0.848953
vt 0.637624 0.822088
vt 0.635413 0.768356
vt 0.635413 0.795222
vt 0.636519 0.795222
vt 0.636519 0.768356
vt 0.637624 0.795222
vt 0.637624 0.768356
vt 0.635413 0.714624
vt 0.635413 0.741490
vt 0.636519 0.741490
vt 0.636519 0.714624
vt 0.637624 0.741490
vt 0.637624 0.714624
vt 0.635413 0.660893
vt 0.635413 0.687759
vt 0.636519 0.687759
vt 0.636519 0.660893
vt 0.637624 0.687759
vt 0.637624 0.660893
vt 0.635413 0.607161
vt 0.635413 0.634027
vt 0.636519 0.634027
vt 0.636519 0.607161
vt 0.637624 0.634027
vt 0.637624 0.607161
vt 0.635413 0.553429
vt 0.635413 0.580295
vt 0.636519 0.580295
vt 0.636519 0.553429
vt 0.637624 0.580295
vt 0.637624 0.553429
vt 0.635413 0.499698
vt 0.635413 0.526564
vt 0.636519 0.526564
vt 0.636519 0.499698
vt 0.637624 0.526564
vt 0.637624 0.499698
vt 0.635413 0.445966
vt 0.635413 0.472832
vt 0.636519 0.472832
vt 0.636519 0.445966
vt 0.637624 0.472832
vt 0.637624 0.445966
vt 0.635413 0.392453
vt 0.635413 0.419100
vt 0.636519 0.419100
vt 0.636519 0.392453
vt 0.637624 0.419100
vt 0.637624 0.392453
vt 0.635413 0.339378
vt 0.636519 0.339378
vt 0.636519 0.338722
vt 0.635413 0.346532
vt 0.636519 0.346532
vt 0.637624 0.346532
vt 0.637624 0.339378
vt 0.636519 0.338503
vt 0.636519 0.338503
vt 0.687164 0.267129
vt 0.688254 0.270672
vt 0.688382 0.271123
vt 0.649439 0.097228
vt 0.662613 0.160502
vt 0.675590 0.222846
vt 0.902495 0.143592
vt 0.896567 0.151616
vt 0.906866 0.138111
vt 0.875891 0.181876
vt 0.879320 0.176837
vt 0.208330 0.922834
vt 0.208904 0.929551
vt 0.208904 0.929551
vt 0.208330 0.922834
vt 0.209478 0.922834
vt 0.209478 0.922834
vt 0.209478 0.922834
vt 0.208904 0.929551
vt 0.208330 0.922834
vt 0.209669 0.902685
vt 0.209669 0.902685
vt 0.209669 0.875819
vt 0.209669 0.875819
vt 0.209669 0.875819
vt 0.209669 0.902685
vt 0.208139 0.875819
vt 0.208139 0.902685
vt 0.208139 0.902685
vt 0.208139 0.875819
vt 0.208139 0.902685
vt 0.208139 0.875819
vt 0.369724 0.922834
vt 0.370894 0.929551
vt 0.370894 0.929551
vt 0.369724 0.922834
vt 0.372064 0.922834
vt 0.372064 0.922834
vt 0.372064 0.922834
vt 0.370894 0.929551
vt 0.369724 0.922834
vt 0.372454 0.902685
vt 0.372454 0.902685
vt 0.372454 0.875819
vt 0.372454 0.875819
vt 0.372454 0.875819
vt 0.372454 0.902685
vt 0.369334 0.875819
vt 0.369334 0.902685
vt 0.369334 0.902685
vt 0.369334 0.875819
vt 0.369334 0.902685
vt 0.369334 0.875819
vt 0.209669 0.848953
vt 0.209669 0.848953
vt 0.209669 0.822088
vt 0.209669 0.822088
vt 0.209669 0.822088
vt 0.209669 0.848953
vt 0.208139 0.822088
vt 0.208139 0.848953
vt 0.208139 0.848953
vt 0.208139 0.822088
vt 0.208139 0.848953
vt 0.208139 0.822088
vt 0.372454 0.848953
vt 0.372454 0.848953
vt 0.372454 0.822088
vt 0.372454 0.822088
vt 0.372454 0.822088
vt 0.372454 0.848953
vt 0.369334 0.822088
vt 0.369334 0.848953
vt 0.369334 0.848953
vt 0.369334 0.822088
vt 0.369334 0.848953
vt 0.369334 0.822088
vt 0.209669 0.795222
vt 0.209669 0.795222
vt 0.209669 0.768356
vt 0.209669 0.768356
vt 0.209669 0.768356
vt 0.209669 0.795222
vt 0.208139 0.768356
vt 0.208139 0.795222
vt 0.208139 0.795222
vt 0.208139 0.768356
vt 0.208139 0.795222
vt 0.208139 0.768356
vt 0.372454 0.795222
vt 0.372454 0.795222
vt 0.372454 0.768356
vt 0.372454 0.768356
vt 0.372454 0.768356
vt 0.372454 0.795222
vt 0.369334 0.768356
vt 0.369334 0.795222
vt 0.369334 0.795222
vt 0.369334 0.768356
vt 0.369334 0.795222
vt 0.369334 0.768356
vt 0.209669 0.741490
vt 0.209669 0.741490
vt 0.209669 0.714624
vt 0.209669 0.714624
vt 0.209669 0.714624
vt 0.209669 0.741490
vt 0.208139 0.714624
vt 0.208139 0.741490
vt 0.208139 0.741490
vt 0.208139 0.714624
vt 0.208139 0.741490
vt 0.208139 0.714624
vt 0.372454 0.741490
vt 0.372454 0.741490
vt 0.372454 0.714624
vt 0.372454 0.714624
vt 0.372454 0.714624
vt 0.372454 0.741490
vt 0.369334 0.714624
vt 0.369334 0.741490
vt 0.369334 0.741490
vt 0.369334 0.714624
vt 0.369334 0.741490
vt 0.369334 0.714624
vt 0.209669 0.687759
vt 0.209669 0.687759
vt 0.209669 0.660893
vt 0.209669 0.660893
vt 0.209669 0.660893
vt 0.209669 0.687759
vt 0.208139 0.660893
vt 0.208139 0.687759
vt 0.208139 0.687759
vt 0.208139 0.660893
vt 0.208139 0.687759
vt 0.208139 0.660893
vt 0.372454 0.687759
vt 0.372454 0.687759
vt 0.372454 0.660893
vt 0.372454 0.660893
vt 0.372454 0.660893
vt 0.372454 0.687759
vt 0.369334 0.660893
vt 0.369334 0.687759
vt 0.369334 0.687759
vt 0.369334 0.660893
vt 0.369334 0.687759
vt 0.369334 0.660893
vt 0.209669 0.634027
vt 0.209669 0.634027
vt 0.209669 0.607161
vt 0.209669 0.607161
vt 0.209669 0.607161
vt 0.209669 0.634027
vt 0.208139 0.607161
vt 0.208139 0.634027
vt 0.208139 0.634027
vt 0.208139 0.607161
vt 0.208139 0.634027
vt 0.208139 0.607161
vt 0.372454 0.634027
vt 0.372454 0.634027
vt 0.372454 0.607161
vt 0.372454 0.607161
vt 0.372454 0.607161
vt 0.372454 0.634027
vt 0.369334 0.607161
vt 0.369334 0.634027
vt 0.369334 0.634027
vt 0.369334 0.607161
vt 0.369334 0.634027
vt 0.369334 0.607161
vt 0.209669 0.580295
vt 0.209669 0.580295
vt 0.209669 0.553429
vt 0.209669 0.553429
vt 0.209669 0.553429
vt 0.209669 0.580295
vt 0.208139 0.553429
vt 0.208139 0.580295
vt 0.208139 0.580295
vt 0.208139 0.553429
vt 0.208139 0.580295
vt 0.208139 0.553429
vt 0.372454 0.580295
vt 0.372454 0.580295
vt 0.372454 0.553429
vt 0.372454 0.553429
vt 0.372454 0.553429
vt 0.372454 0.580295
vt 0.369334 0.553429
vt 0.369334 0.580295
vt 0.369334 0.580295
vt 0.369334 0.553429
vt 0.369334 0.580295
vt 0.369334 0.553429
vt 0.209669 0.526564
vt 0.209669 0.526564
vt 0.209669 0.499698
vt 0.209669 0.499698
vt 0.209669 0.499698
vt 0.209669 0.526564
vt 0.208139 0.499698
vt 0.208139 0.526564
vt 0.208139 0.526564
vt 0.208139 0.499698
vt 0.208139 0.526564
vt 0.208139 0.499698
vt 0.372454 0.526564
vt 0.372454 0.526564
vt 0.372454 0.499698
vt 0.372454 0.499698
vt 0.372454 0.499698
vt 0.372454 0.526564
vt 0.369334 0.499698
vt 0.369334 0.526564
vt 0.369334 0.526564
vt 0.369334 0.499698
vt 0.369334 0.526564
vt 0.369334 0.499698
vt 0.209669 0.472832
vt 0.209669 0.472832
vt 0.209669 0.445966
vt 0.209669 0.445966
vt 0.209669 0.445966
vt 0.209669 0.472832
vt 0.208139 0.445966
vt 0.208139 0.472832
vt 0.208139 0.472832
vt 0.208139 0.445966
vt 0.208139 0.472832
vt 0.208139 0.445966
vt 0.372454 0.472832
vt 0.372454 0.472832
vt 0.372454 0.445966
vt 0.372454 0.445966
vt 0.372454 0.445966
vt 0.372454 0.472832
vt 0.369334 0.445966
vt 0.369334 0.472832
vt 0.369334 0.472832
vt 0.369334 0.445966
vt 0.369334 0.472832
vt 0.369334 0.445966
vt 0.209669 0.419100
vt 0.209669 0.419100
vt 0.209669 0.392453
vt 0.209669 0.392453
vt 0.209669 0.392453
vt 0.209669 0.419100
vt 0.208139 0.392453
vt 0.208139 0.419100
vt 0.208139 0.419100
vt 0.208139 0.392453
vt 0.208139 0.419100
vt 0.208139 0.392453
vt 0.372454 0.419100
vt 0.372454 0.419100
vt 0.372454 0.392453
vt 0.372454 0.392453
vt 0.372454 0.392453
vt 0.372454 0.419100
vt 0.369334 0.392453
vt 0.369334 0.419100
vt 0.369334 0.419100
vt 0.369334 0.392453
vt 0.369334 0.419100
vt 0.369334 0.392453
vt 0.209669 0.346532
vt 0.209669 0.346532
vt 0.209669 0.339378
vt 0.209669 0.339378
vt 0.209669 0.346532
vt 0.209669 0.339378
vt 0.216194 0.338722
vt 0.216194 0.338722
vt 0.216194 0.338722
vt 0.201423 0.338722
vt 0.208139 0.339378
vt 0.208139 0.339378
vt 0.201423 0.338722
vt 0.208139 0.346532
vt 0.208139 0.346532
vt 0.208139 0.346532
vt 0.208139 0.339378
vt 0.201423 0.338722
vt 0.372454 0.346532
vt 0.372454 0.346532
vt 0.372454 0.339378
vt 0.372454 0.339378
vt 0.372454 0.346532
vt 0.372454 0.339378
vt 0.378780 0.338722
vt 0.378780 0.338722
vt 0.378780 0.338722
vt 0.362618 0.338722
vt 0.369334 0.339378
vt 0.369334 0.339378
vt 0.362618 0.338722
vt 0.369334 0.346532
vt 0.369334 0.346532
vt 0.369334 0.346532
vt 0.369334 0.339378
vt 0.362618 0.338722
vt 0.797338 0.875819
vt 0.797338 0.902685
vt 0.797338 0.902685
vt 0.797338 0.875819
vt 0.797569 0.922834
vt 0.797569 0.922834
vt 0.797569 0.922834
vt 0.797338 0.902685
vt 0.797338 0.875819
vt 0.798262 0.929551
vt 0.798262 0.929551
vt 0.798956 0.922834
vt 0.798956 0.922834
vt 0.798956 0.922834
vt 0.798262 0.929551
vt 0.799187 0.902685
vt 0.799187 0.902685
vt 0.799187 0.875819
vt 0.799187 0.875819
vt 0.799187 0.875819
vt 0.799187 0.902685
vt 0.797338 0.822088
vt 0.797338 0.848953
vt 0.797338 0.848953
vt 0.797338 0.822088
vt 0.797338 0.848953
vt 0.797338 0.822088
vt 0.799187 0.848953
vt 0.799187 0.848953
vt 0.799187 0.822088
vt 0.799187 0.822088
vt 0.799187 0.822088
vt 0.799187 0.848953
vt 0.797338 0.768356
vt 0.797338 0.795222
vt 0.797338 0.795222
vt 0.797338 0.768356
vt 0.797338 0.795222
vt 0.797338 0.768356
vt 0.799187 0.795222
vt 0.799187 0.795222
vt 0.799187 0.768356
vt 0.799187 0.768356
vt 0.799187 0.768356
vt 0.799187 0.795222
vt 0.797338 0.714624
vt 0.797338 0.741490
vt 0.797338 0.741490
vt 0.797338 0.714624
vt 0.797338 0.741490
vt 0.797338 0.714624
vt 0.799187 0.741490
vt 0.799187 0.741490
vt 0.799187 0.714624
vt 0.799187 0.714624
vt 0.799187 0.714624
vt 0.799187 0.741490
vt 0.797338 0.660893
vt 0.797338 0.687759
vt 0.797338 0.687759
vt 0.797338 0.660893
vt 0.797338 0.687759
vt 0.797338 0.660893
vt 0.799187 0.687759
vt 0.799187 0.687759
vt 0.799187 0.660893
vt 0.799187 0.660893
vt 0.799187 0.660893
vt 0.799187 0.687759
vt 0.797338 0.607161
vt 0.797338 0.634027
vt 0.797338 0.634027
vt 0.797338 0.607161
vt 0.797338 0.634027
vt 0.797338 0.607161
vt 0.799187 0.634027
vt 0.799187 0.634027
vt 0.799187 0.607161
vt 0.799187 0.607161
vt 0.799187 0.607161
vt 0.799187 0.634027
vt 0.797338 0.553429
vt 0.797338 0.580295
vt 0.797338 0.580295
vt 0.797338 0.553429
vt 0.797338 0.580295
vt 0.797338 0.553429
vt 0.799187 0.580295
vt 0.799187 0.580295
vt 0.799187 0.553429
vt 0.799187 0.553429
vt 0.799187 0.553429
vt 0.799187 0.580295
vt 0.797338 0.499698
vt 0.797338 0.526564
vt 0.797338 0.526564
vt 0.797338 0.499698
vt 0.797338 0.526564
vt 0.797338 0.499698
vt 0.799187 0.526564
vt 0.799187 0.526564
vt 0.799187 0.499698
vt 0.799187 0.499698
vt 0.799187 0.499698
vt 0.799187 0.526564
vt 0.797338 0.445966
vt 0.797338 0.472832
vt 0.797338 0.472832
vt 0.797338 0.445966
vt 0.797338 0.472832
vt 0.797338 0.445966
vt 0.799187 0.472832
vt 0.799187 0.472832
vt 0.799187 0.445966
vt 0.799187 0.445966
vt 0.799187 0.445966
vt 0.799187 0.472832
vt 0.797338 0.392453
vt 0.797338 0.419100
vt 0.797338 0.419100
vt 0.797338 0.392453
vt 0.797338 0.419100
vt 0.797338 0.392453
vt 0.799187 0.419100
vt 0.799187 0.419100
vt 0.799187 0.392453
vt 0.799187 0.392453
vt 0.799187 0.392453
vt 0.799187 0.419100
vt 0.790852 0.338722
vt 0.797338 0.339378
vt 0.797338 0.339378
vt 0.790852 0.338722
vt 0.797338 0.346532
vt 0.797338 0.346532
vt 0.797338 0.346532
vt 0.797338 0.339378
vt 0.790852 0.338722
vt 0.799187 0.346532
vt 0.799187 0.346532
vt 0.799187 0.339378
vt 0.799187 0.339378
vt 0.799187 0.346532
vt 0.799187 0.339378
vt 0.805903 0.338722
vt 0.805903 0.338722
vt 0.805903 0.338722
vt 0.745455 0.338503
vt 0.771396 0.338503
vt 0.771396 0.338503
vt 0.745455 0.338503
vt 0.771396 0.338503
vt 0.745455 0.338503
vt 0.791083 0.338503
vt 0.771396 0.338503
vt 0.771396 0.338503
vt 0.791083 0.338503
vt 0.745455 0.338503
vt 0.745455 0.338503
vt 0.805672 0.338503
vt 0.798262 0.338503
vt 0.798262 0.338503
vt 0.805672 0.338503
vt 0.826053 0.338503
vt 0.826053 0.338503
vt 0.852919 0.338503
vt 0.852919 0.338503
vt 0.852919 0.338503
vt 0.826053 0.338503
vt 0.852919 0.338503
vt 0.826053 0.338503
vt 0.826053 0.338503
vt 0.852919 0.338503
vt 0.046944 0.338503
vt 0.073810 0.338503
vt 0.073810 0.338503
vt 0.046944 0.338503
vt 0.100676 0.338503
vt 0.100676 0.338503
vt 0.100676 0.338503
vt 0.073810 0.338503
vt 0.046944 0.338503
vt 0.100676 0.338503
vt 0.073810 0.338503
vt 0.073810 0.338503
vt 0.100676 0.338503
vt 0.046944 0.338503
vt 0.046944 0.338503
vt 0.127542 0.338503
vt 0.127542 0.338503
vt 0.154407 0.338503
vt 0.154407 0.338503
vt 0.154407 0.338503
vt 0.127542 0.338503
vt 0.154407 0.338503
vt 0.127542 0.338503
vt 0.127542 0.338503
vt 0.154407 0.338503
vt 0.181273 0.338503
vt 0.181273 0.338503
vt 0.181273 0.338503
vt 0.201614 0.338503
vt 0.181273 0.338503
vt 0.181273 0.338503
vt 0.201614 0.338503
vt 0.216003 0.338503
vt 0.208904 0.338503
vt 0.208904 0.338503
vt 0.216003 0.338503
vt 0.262062 0.338503
vt 0.235770 0.338503
vt 0.235770 0.338503
vt 0.262062 0.338503
vt 0.235770 0.338503
vt 0.235770 0.338503
vt 0.262062 0.338503
vt 0.262062 0.338503
vt 0.262062 0.338503
vt 0.235770 0.338503
vt 0.288737 0.338503
vt 0.288737 0.338503
vt 0.315602 0.338503
vt 0.315602 0.338503
vt 0.315602 0.338503
vt 0.288736 0.338503
vt 0.315602 0.338503
vt 0.288736 0.338503
vt 0.288736 0.338503
vt 0.315602 0.338503
vt 0.342468 0.338503
vt 0.342468 0.338503
vt 0.342468 0.338503
vt 0.363007 0.338503
vt 0.342468 0.338503
vt 0.342468 0.338503
vt 0.363007 0.338503
vt 0.378390 0.338503
vt 0.370894 0.338503
vt 0.370894 0.338503
vt 0.378390 0.338503
vt 0.423456 0.338503
vt 0.397760 0.338503
vt 0.397760 0.338503
vt 0.423456 0.338503
vt 0.397760 0.338503
vt 0.397760 0.338503
vt 0.423456 0.338503
vt 0.423456 0.338503
vt 0.423456 0.338503
vt 0.397760 0.338503
vt 0.449931 0.338503
vt 0.449931 0.338503
vt 0.476797 0.338503
vt 0.476797 0.338503
vt 0.476797 0.338503
vt 0.449931 0.338503
vt 0.476797 0.338503
vt 0.449931 0.338503
vt 0.449931 0.338503
vt 0.476797 0.338503
vt 0.503663 0.338503
vt 0.503663 0.338503
vt 0.530529 0.338503
vt 0.530529 0.338503
vt 0.530529 0.338503
vt 0.503663 0.338503
vt 0.530529 0.338503
vt 0.503663 0.338503
vt 0.503663 0.338503
vt 0.530529 0.338503
vt 0.557395 0.338503
vt 0.557395 0.338503
vt 0.583892 0.338503
vt 0.583892 0.338503
vt 0.583892 0.338503
vt 0.557395 0.338503
vt 0.583892 0.338503
vt 0.557395 0.338503
vt 0.557395 0.338503
vt 0.583892 0.338503
vt 0.609653 0.338503
vt 0.609653 0.338503
vt 0.628697 0.338722
vt 0.628697 0.338722
vt 0.628697 0.338722
vt 0.609653 0.338503
vt 0.629065 0.338503
vt 0.609653 0.338503
vt 0.609653 0.338503
vt 0.629065 0.338503
vt 0.644709 0.338722
vt 0.664858 0.338503
vt 0.664858 0.338503
vt 0.644709 0.338722
vt 0.691724 0.338503
vt 0.691724 0.338503
vt 0.691724 0.338503
vt 0.664858 0.338503
vt 0.644709 0.338722
vt 0.691724 0.338503
vt 0.664858 0.338503
vt 0.664858 0.338503
vt 0.691724 0.338503
vt 0.644340 0.338503
vt 0.644340 0.338503
vt 0.718590 0.338503
vt 0.718590 0.338503
vt 0.718590 0.338503
vt 0.718590 0.338503
vt 0.718590 0.338503
vt 0.635045 0.875819
vt 0.635045 0.902685
vt 0.635045 0.902685
vt 0.635045 0.875819
vt 0.635413 0.922834
vt 0.635413 0.922834
vt 0.635413 0.922834
vt 0.635045 0.902685
vt 0.635045 0.875819
vt 0.636519 0.929551
vt 0.636519 0.929551
vt 0.637624 0.922834
vt 0.637624 0.922834
vt 0.637624 0.922834
vt 0.636519 0.929551
vt 0.637992 0.902685
vt 0.637992 0.902685
vt 0.637992 0.875819
vt 0.637992 0.875819
vt 0.637992 0.875819
vt 0.637992 0.902685
vt 0.635045 0.822088
vt 0.635045 0.848953
vt 0.635045 0.848953
vt 0.635045 0.822088
vt 0.635045 0.848953
vt 0.635045 0.822088
vt 0.637992 0.848953
vt 0.637992 0.848953
vt 0.637992 0.822088
vt 0.637992 0.822088
vt 0.637992 0.822088
vt 0.637992 0.848953
vt 0.635045 0.768356
vt 0.635045 0.795222
vt 0.635045 0.795222
vt 0.635045 0.768356
vt 0.635045 0.795222
vt 0.635045 0.768356
vt 0.637992 0.795222
vt 0.637992 0.795222
vt 0.637992 0.768356
vt 0.637992 0.768356
vt 0.637992 0.768356
vt 0.637992 0.795222
vt 0.635045 0.714624
vt 0.635045 0.741490
vt 0.635045 0.741490
vt 0.635045 0.714624
vt 0.635045 0.741490
vt 0.635045 0.714624
vt 0.637992 0.741490
vt 0.637992 0.741490
vt 0.637992 0.714624
vt 0.637992 0.714624
vt 0.637992 0.714624
vt 0.637992 0.741490
vt 0.635045 0.660893
vt 0.635045 0.687759
vt 0.635045 0.687759
vt 0.635045 0.660893
vt 0.635045 0.687759
vt 0.635045 0.660893
vt 0.637992 0.687759
vt 0.637992 0.687759
vt 0.637992 0.660893
vt 0.637992 0.660893
vt 0.637992 0.660893
vt 0.637992 0.687759
vt 0.635045 0.607161
vt 0.635045 0.634027
vt 0.635045 0.634027
vt 0.635045 0.607161
vt 0.635045 0.634027
vt 0.635045 0.607161
vt 0.637992 0.634027
vt 0.637992 0.634027
vt 0.637992 0.607161
vt 0.637992 0.607161
vt 0.637992 0.607161
vt 0.637992 0.634027
vt 0.635045 0.553429
vt 0.635045 0.580295
vt 0.635045 0.580295
vt 0.635045 0.553429
vt 0.635045 0.580295
vt 0.635045 0.553429
vt 0.637992 0.580295
vt 0.637992 0.580295
vt 0.637992 0.553429
vt 0.637992 0.553429
vt 0.637992 0.553429
vt 0.637992 0.580295
vt 0.635045 0.499698
vt 0.635045 0.526564
vt 0.635045 0.526564
vt 0.635045 0.499698
vt 0.635045 0.526564
vt 0.635045 0.499698
vt 0.637992 0.526564
vt 0.637992 0.526564
vt 0.637992 0.499698
vt 0.637992 0.499698
vt 0.637992 0.499698
vt 0.637992 0.526564
vt 0.635045 0.445966
vt 0.635045 0.472832
vt 0.635045 0.472832
vt 0.635045 0.445966
vt 0.635045 0.472832
vt 0.635045 0.445966
vt 0.637992 0.472832
vt 0.637992 0.472832
vt 0.637992 0.445966
vt 0.637992 0.445966
vt 0.637992 0.445966
vt 0.637992 0.472832
vt 0.635045 0.392453
vt 0.635045 0.419100
vt 0.635045 0.419100
vt 0.635045 0.392453
vt 0.635045 0.419100
vt 0.635045 0.392453
vt 0.637992 0.419100
vt 0.637992 0.419100
vt 0.637992 0.392453
vt 0.637992 0.392453
vt 0.637992 0.392453
vt 0.637992 0.419100
vt 0.635045 0.339378
vt 0.635045 0.339378
vt 0.635045 0.346532
vt 0.635045 0.346532
vt 0.635045 0.346532
vt 0.635045 0.339378
vt 0.637992 0.346532
vt 0.637992 0.346532
vt 0.637992 0.339378
vt 0.637992 0.339378
vt 0.637992 0.346532
vt 0.637992 0.339378
vt 0.636519 0.338503
vt 0.636519 0.338503
vt 0.791083 0.338503
vt 0.771396 0.338503
vt 0.771396 0.338503
vt 0.791083 0.338503
vt 0.745455 0.338503
vt 0.745455 0.338503
vt 0.718590 0.338503
vt 0.718590 0.338503
vt 0.691724 0.338503
vt 0.691724 0.338503
vt 0.664858 0.338503
vt 0.664858 0.338503
vt 0.644340 0.338503
vt 0.644340 0.338503
vt 0.636519 0.338503
vt 0.636519 0.338503
vt 0.629065 0.338503
vt 0.629065 0.338503
vt 0.609653 0.338503
vt 0.609653 0.338503
vt 0.583892 0.338503
vt 0.583892 0.338503
vt 0.557395 0.338503
vt 0.557395 0.338503
vt 0.530529 0.338503
vt 0.530529 0.338503
vt 0.503663 0.338503
vt 0.503663 0.338503
vt 0.476797 0.338503
vt 0.476797 0.338503
vt 0.449931 0.338503
vt 0.449931 0.338503
vt 0.423456 0.338503
vt 0.423456 0.338503
vt 0.397760 0.338503
vt 0.397760 0.338503
vt 0.378390 0.338503
vt 0.378390 0.338503
vt 0.370894 0.338503
vt 0.370894 0.338503
vt 0.363007 0.338503
vt 0.363007 0.338503
vt 0.342468 0.338503
vt 0.342468 0.338503
vt 0.315602 0.338503
vt 0.315602 0.338503
vt 0.288736 0.338503
vt 0.288736 0.338503
vt 0.262062 0.338503
vt 0.262062 0.338503
vt 0.235770 0.338503
vt 0.235770 0.338503
vt 0.216003 0.338503
vt 0.216003 0.338503
vt 0.208904 0.338503
vt 0.208904 0.338503
vt 0.201614 0.338503
vt 0.201614 0.338503
vt 0.181273 0.338503
vt 0.181273 0.338503
vt 0.154407 0.338503
vt 0.154407 0.338503
vt 0.127542 0.338503
vt 0.127542 0.338503
vt 0.100676 0.338503
vt 0.100676 0.338503
vt 0.073810 0.338503
vt 0.073810 0.338503
vt 0.046944 0.338503
vt 0.046944 0.338503
vt 0.852919 0.338503
vt 0.826053 0.338503
vt 0.826053 0.338503
vt 0.852919 0.338503
vt 0.805672 0.338503
vt 0.805672 0.338503
vt 0.798262 0.338503
vt 0.798262 0.338503
vt 0.797338 0.338503
vt 0.771396 0.338503
vt 0.771396 0.338503
vt 0.791083 0.338503
vt 0.745455 0.338503
vt 0.745455 0.338503
vt 0.718590 0.338503
vt 0.718590 0.338503
vt 0.691724 0.338503
vt 0.691724 0.338503
vt 0.664858 0.338503
vt 0.664858 0.338503
vt 0.637992 0.338503
vt 0.644340 0.338503
vt 0.636519 0.338503
vt 0.636519 0.338503
vt 0.635045 0.338503
vt 0.629065 0.338503
vt 0.609653 0.338503
vt 0.609653 0.338503
vt 0.584260 0.338503
vt 0.583892 0.338503
vt 0.557395 0.338503
vt 0.557395 0.338503
vt 0.530529 0.338503
vt 0.530529 0.338503
vt 0.503663 0.338503
vt 0.503663 0.338503
vt 0.476797 0.338503
vt 0.476797 0.338503
vt 0.449931 0.338503
vt 0.449931 0.338503
vt 0.423066 0.338503
vt 0.423456 0.338503
vt 0.397760 0.338503
vt 0.397760 0.338503
vt 0.372454 0.338503
vt 0.378390 0.338503
vt 0.370894 0.338503
vt 0.370894 0.338503
vt 0.369334 0.338503
vt 0.363007 0.338503
vt 0.342468 0.338503
vt 0.342468 0.338503
vt 0.315602 0.338503
vt 0.315602 0.338503
vt 0.288736 0.338503
vt 0.288736 0.338503
vt 0.261871 0.338503
vt 0.262062 0.338503
vt 0.235770 0.338503
vt 0.235770 0.338503
vt 0.209669 0.338503
vt 0.216003 0.338503
vt 0.208904 0.338503
vt 0.208904 0.338503
vt 0.208139 0.338503
vt 0.201614 0.338503
vt 0.181273 0.338503
vt 0.181273 0.338503
vt 0.154407 0.338503
vt 0.154407 0.338503
vt 0.127542 0.338503
vt 0.127542 0.338503
vt 0.100676 0.338503
vt 0.100676 0.338503
vt 0.073810 0.338503
vt 0.073810 0.338503
vt 0.046944 0.338503
vt 0.046944 0.338503
vt 0.852919 0.338503
vt 0.826053 0.338503
vt 0.826053 0.338503
vt 0.852919 0.338503
vt 0.799187 0.338503
vt 0.805672 0.338503
vt 0.798262 0.338503
vt 0.798262 0.338503
vt 0.045966 0.224724
vt 0.066196 0.235112
vt 0.067884 0.231753
vt 0.046167 0.224235
vt 0.082978 0.241029
vt 0.084378 0.237454
vt 0.090422 0.239522
vt 0.096958 0.241231
vt 0.089121 0.243190
vt 0.095712 0.244925
vt 0.113837 0.249563
vt 0.114926 0.245853
vt 0.137860 0.255291
vt 0.138759 0.251571
vt 0.162143 0.260298
vt 0.162894 0.256565
vt 0.186631 0.264648
vt 0.187262 0.260903
vt 0.211265 0.268406
vt 0.211793 0.264654
vt 0.236008 0.271616
vt 0.236452 0.267872
vt 0.260823 0.274322
vt 0.261203 0.270612
vt 0.279646 0.276164
vt 0.279986 0.272494
vt 0.286416 0.276782
vt 0.286740 0.273138
vt 0.293030 0.277148
vt 0.293338 0.273485
vt 0.311649 0.274474
vt 0.336007 0.275648
vt 0.311383 0.278234
vt 0.335806 0.279496
vt 0.360632 0.280390
vt 0.360741 0.276546
vt 0.385657 0.280845
vt 0.385676 0.277052
vt 0.410683 0.280790
vt 0.410632 0.277048
vt 0.429824 0.280519
vt 0.429732 0.276825
vt 0.437196 0.280332
vt 0.437094 0.276673
vt 0.444194 0.279924
vt 0.444080 0.276254
vt 0.462050 0.275230
vt 0.485859 0.273723
vt 0.462214 0.278993
vt 0.486102 0.277572
vt 0.510705 0.275694
vt 0.510360 0.271856
vt 0.535624 0.273300
vt 0.535167 0.269510
vt 0.560463 0.270330
vt 0.559899 0.266571
vt 0.585189 0.266797
vt 0.584517 0.263059
vt 0.609772 0.262712
vt 0.608988 0.258996
vt 0.633841 0.258137
vt 0.632947 0.254448
vt 0.657024 0.253132
vt 0.656027 0.249486
vt 0.674420 0.249151
vt 0.673345 0.245532
vt 0.680018 0.244011
vt 0.686864 0.242170
vt 0.681128 0.247648
vt 0.688032 0.245816
vt 0.706018 0.240849
vt 0.704702 0.237257
vt 0.729249 0.233840
vt 0.727719 0.230385
vt 0.751885 0.225885
vt 0.750103 0.222673
vt 0.772377 0.215013
vt 0.772170 0.214539
vt 0.208904 0.929551
vt 0.208330 0.922834
vt 0.209478 0.922834
vt 0.209669 0.902685
vt 0.209669 0.875819
vt 0.209669 0.848953
vt 0.209669 0.822088
vt 0.209669 0.795222
vt 0.209669 0.768356
vt 0.209669 0.741490
vt 0.209669 0.714624
vt 0.209669 0.687759
vt 0.209669 0.660893
vt 0.209669 0.634027
vt 0.209669 0.607161
vt 0.209669 0.580295
vt 0.209669 0.553429
vt 0.209669 0.526564
vt 0.209669 0.499698
vt 0.209669 0.472832
vt 0.209669 0.445966
vt 0.209669 0.419100
vt 0.209669 0.392453
vt 0.209669 0.346532
vt 0.209669 0.339378
vt 0.216194 0.338722
vt 0.235770 0.338503
vt 0.262062 0.338503
vt 0.288736 0.338503
vt 0.315602 0.338503
vt 0.342468 0.338503
vt 0.362618 0.338722
vt 0.369334 0.339378
vt 0.369334 0.346532
vt 0.369334 0.419100
vt 0.369334 0.392453
vt 0.369334 0.445966
vt 0.369334 0.472832
vt 0.369334 0.499698
vt 0.369334 0.526564
vt 0.369334 0.553429
vt 0.369334 0.580295
vt 0.369334 0.607161
vt 0.369334 0.634027
vt 0.369334 0.660893
vt 0.369334 0.687759
vt 0.369334 0.714624
vt 0.369334 0.741490
vt 0.369334 0.768356
vt 0.369334 0.795222
vt 0.369334 0.822088
vt 0.369334 0.848953
vt 0.369334 0.875819
vt 0.369334 0.902685
vt 0.369724 0.922834
vt 0.370894 0.929551
vt 0.372064 0.922834
vt 0.372454 0.902685
vt 0.372454 0.875819
vt 0.372454 0.848953
vt 0.372454 0.822088
vt 0.372454 0.795222
vt 0.372454 0.768356
vt 0.372454 0.741490
vt 0.372454 0.714624
vt 0.372454 0.687759
vt 0.372454 0.660893
vt 0.372454 0.634027
vt 0.372454 0.607161
vt 0.372454 0.580295
vt 0.372454 0.553429
vt 0.372454 0.526564
vt 0.372454 0.499698
vt 0.372454 0.472832
vt 0.372454 0.445966
vt 0.372454 0.419100
vt 0.372454 0.392453
vt 0.372454 0.346532
vt 0.372454 0.339378
vt 0.378780 0.338722
vt 0.397760 0.338503
vt 0.423456 0.338503
vt 0.449931 0.338503
vt 0.476797 0.338503
vt 0.503663 0.338503
vt 0.530529 0.338503
vt 0.557395 0.338503
vt 0.583892 0.338503
vt 0.609653 0.338503
vt 0.628697 0.338722
vt 0.635045 0.339378
vt 0.635045 0.346532
vt 0.635045 0.419100
vt 0.635045 0.392453
vt 0.635045 0.445966
vt 0.635045 0.472832
vt 0.635045 0.499698
vt 0.635045 0.526564
vt 0.635045 0.553429
vt 0.635045 0.580295
vt 0.635045 0.607161
vt 0.635045 0.634027
vt 0.635045 0.660893
vt 0.635045 0.687759
vt 0.635045 0.714624
vt 0.635045 0.741490
vt 0.635045 0.768356
vt 0.635045 0.795222
vt 0.635045 0.822088
vt 0.635045 0.848953
vt 0.635045 0.875819
vt 0.635045 0.902685
vt 0.635413 0.922834
vt 0.636519 0.929551
vt 0.637624 0.922834
vt 0.637992 0.902685
vt 0.637992 0.875819
vt 0.637992 0.848953
vt 0.637992 0.822088
vt 0.637992 0.795222
vt 0.637992 0.768356
vt 0.637992 0.741490
vt 0.637992 0.714624
vt 0.637992 0.687759
vt 0.637992 0.660893
vt 0.637992 0.634027
vt 0.637992 0.607161
vt 0.637992 0.580295
vt 0.637992 0.553429
vt 0.637992 0.526564
vt 0.637992 0.499698
vt 0.637992 0.472832
vt 0.637992 0.445966
vt 0.637992 0.419100
vt 0.637992 0.392453
vt 0.637992 0.346532
vt 0.637992 0.339378
vt 0.644709 0.338722
vt 0.664858 0.338503
vt 0.691724 0.338503
vt 0.718590 0.338503
vt 0.745455 0.338503
vt 0.771396 0.338503
vt 0.790852 0.338722
vt 0.797338 0.339378
vt 0.797338 0.346532
vt 0.797338 0.419100
vt 0.797338 0.392453
vt 0.797338 0.445966
vt 0.797338 0.472832
vt 0.797338 0.499698
vt 0.797338 0.526564
vt 0.797338 0.553429
vt 0.797338 0.580295
vt 0.797338 0.607161
vt 0.797338 0.634027
vt 0.797338 0.660893
vt 0.797338 0.687759
vt 0.797338 0.714624
vt 0.797338 0.741490
vt 0.797338 0.768356
vt 0.797338 0.795222
vt 0.797338 0.822088
vt 0.797338 0.848953
vt 0.797338 0.875819
vt 0.797338 0.902685
vt 0.797569 0.922834
vt 0.798262 0.929551
vt 0.798956 0.922834
vt 0.799187 0.902685
vt 0.799187 0.875819
vt 0.799187 0.848953
vt 0.799187 0.822088
vt 0.799187 0.795222
vt 0.799187 0.768356
vt 0.799187 0.741490
vt 0.799187 0.714624
vt 0.799187 0.687759
vt 0.799187 0.660893
vt 0.799187 0.634027
vt 0.799187 0.607161
vt 0.799187 0.580295
vt 0.799187 0.553429
vt 0.799187 0.526564
vt 0.799187 0.499698
vt 0.799187 0.472832
vt 0.799187 0.445966
vt 0.799187 0.419100
vt 0.799187 0.392453
vt 0.799187 0.346532
vt 0.799187 0.339378
vt 0.805903 0.338722
vt 0.826053 0.338503
vt 0.852919 0.338503
vt 0.073810 0.338503
vt 0.046944 0.338503
vt 0.100676 0.338503
vt 0.127542 0.338503
vt 0.154407 0.338503
vt 0.181273 0.338503
vt 0.201423 0.338722
vt 0.208139 0.339378
vt 0.208139 0.346532
vt 0.208139 0.419100
vt 0.208139 0.392453
vt 0.208139 0.445966
vt 0.208139 0.472832
vt 0.208139 0.499698
vt 0.208139 0.526564
vt 0.208139 0.553429
vt 0.208139 0.580295
vt 0.208139 0.607161
vt 0.208139 0.634027
vt 0.208139 0.660893
vt 0.208139 0.687759
vt 0.208139 0.714624
vt 0.208139 0.741490
vt 0.208139 0.768356
vt 0.208139 0.795222
vt 0.208139 0.822088
vt 0.208139 0.848953
vt 0.208139 0.875819
vt 0.208139 0.902685
vt 0.208139 0.902685
vt 0.208139 0.875819
vt 0.208330 0.922834
vt 0.208139 0.848953
vt 0.208139 0.822088
vt 0.208139 0.795222
vt 0.208139 0.768356
vt 0.208139 0.741490
vt 0.208139 0.714624
vt 0.208139 0.687759
vt 0.208139 0.660893
vt 0.208139 0.634027
vt 0.208139 0.607161
vt 0.208139 0.580295
vt 0.208139 0.553429
vt 0.208139 0.526564
vt 0.208139 0.499698
vt 0.208139 0.472832
vt 0.208139 0.445966
vt 0.208139 0.419100
vt 0.208139 0.392453
vt 0.208139 0.339378
vt 0.201423 0.338722
vt 0.208139 0.346532
vt 0.181273 0.338503
vt 0.154407 0.338503
vt 0.127542 0.338503
vt 0.100676 0.338503
vt 0.073810 0.338503
vt 0.046944 0.338503
vt 0.826053 0.338503
vt 0.805903 0.338722
vt 0.852919 0.338503
vt 0.799187 0.346532
vt 0.799187 0.339378
vt 0.799187 0.419100
vt 0.799187 0.445966
vt 0.799187 0.392453
vt 0.799187 0.472832
vt 0.799187 0.499698
vt 0.799187 0.526564
vt 0.799187 0.553429
vt 0.799187 0.580295
vt 0.799187 0.607161
vt 0.799187 0.634027
vt 0.799187 0.660893
vt 0.799187 0.687759
vt 0.799187 0.714624
vt 0.799187 0.741490
vt 0.799187 0.768356
vt 0.799187 0.795222
vt 0.799187 0.822088
vt 0.799187 0.848953
vt 0.799187 0.875819
vt 0.799187 0.902685
vt 0.798956 0.922834
vt 0.798262 0.929551
vt 0.797569 0.922834
vt 0.797338 0.902685
vt 0.797338 0.875819
vt 0.797338 0.848953
vt 0.797338 0.822088
vt 0.797338 0.795222
vt 0.797338 0.768356
vt 0.797338 0.741490
vt 0.797338 0.714624
vt 0.797338 0.687759
vt 0.797338 0.660893
vt 0.797338 0.634027
vt 0.797338 0.607161
vt 0.797338 0.580295
vt 0.797338 0.553429
vt 0.797338 0.526564
vt 0.797338 0.499698
vt 0.797338 0.472832
vt 0.797338 0.445966
vt 0.797338 0.419100
vt 0.797338 0.392453
vt 0.797338 0.339378
vt 0.790852 0.338722
vt 0.797338 0.346532
vt 0.771396 0.338503
vt 0.745455 0.338503
vt 0.718590 0.338503
vt 0.691724 0.338503
vt 0.664858 0.338503
vt 0.644709 0.338722
vt 0.637992 0.346532
vt 0.637992 0.339378
vt 0.637992 0.419100
vt 0.637992 0.445966
vt 0.637992 0.392453
vt 0.637992 0.472832
vt 0.637992 0.499698
vt 0.637992 0.526564
vt 0.637992 0.553429
vt 0.637992 0.580295
vt 0.637992 0.607161
vt 0.637992 0.634027
vt 0.637992 0.660893
vt 0.637992 0.687759
vt 0.637992 0.714624
vt 0.637992 0.741490
vt 0.637992 0.768356
vt 0.637992 0.795222
vt 0.637992 0.822088
vt 0.637992 0.848953
vt 0.637992 0.875819
vt 0.637992 0.902685
vt 0.637624 0.922834
vt 0.636519 0.929551
vt 0.635413 0.922834
vt 0.635045 0.902685
vt 0.635045 0.875819
vt 0.635045 0.848953
vt 0.635045 0.822088
vt 0.635045 0.795222
vt 0.635045 0.768356
vt 0.635045 0.741490
vt 0.635045 0.714624
vt 0.635045 0.687759
vt 0.635045 0.660893
vt 0.635045 0.634027
vt 0.635045 0.607161
vt 0.635045 0.580295
vt 0.635045 0.553429
vt 0.635045 0.526564
vt 0.635045 0.499698
vt 0.635045 0.472832
vt 0.635045 0.445966
vt 0.635045 0.419100
vt 0.635045 0.392453
vt 0.635045 0.339378
vt 0.628697 0.338722
vt 0.635045 0.346532
vt 0.609653 0.338503
vt 0.583892 0.338503
vt 0.557395 0.338503
vt 0.530529 0.338503
vt 0.503663 0.338503
vt 0.476797 0.338503
vt 0.449931 0.338503
vt 0.423456 0.338503
vt 0.397760 0.338503
vt 0.378780 0.338722
vt 0.372454 0.346532
vt 0.372454 0.339378
vt 0.372454 0.419100
vt 0.372454 0.445966
vt 0.372454 0.392453
vt 0.372454 0.472832
vt 0.372454 0.499698
vt 0.372454 0.526564
vt 0.372454 0.553429
vt 0.372454 0.580295
vt 0.372454 0.607161
vt 0.372454 0.634027
vt 0.372454 0.660893
vt 0.372454 0.687759
vt 0.372454 0.714624
vt 0.372454 0.741490
vt 0.372454 0.768356
vt 0.372454 0.795222
vt 0.372454 0.822088
vt 0.372454 0.848953
vt 0.372454 0.875819
vt 0.372454 0.902685
vt 0.372064 0.922834
vt 0.370894 0.929551
vt 0.369724 0.922834
vt 0.369334 0.902685
vt 0.369334 0.875819
vt 0.369334 0.848953
vt 0.369334 0.822088
vt 0.369334 0.795222
vt 0.369334 0.768356
vt 0.369334 0.741490
vt 0.369334 0.714624
vt 0.369334 0.687759
vt 0.369334 0.660893
vt 0.369334 0.634027
vt 0.369334 0.607161
vt 0.369334 0.580295
vt 0.369334 0.553429
vt 0.369334 0.526564
vt 0.369334 0.499698
vt 0.369334 0.472832
vt 0.369334 0.445966
vt 0.369334 0.419100
vt 0.369334 0.392453
vt 0.369334 0.339378
vt 0.362618 0.338722
vt 0.369334 0.346532
vt 0.342468 0.338503
vt 0.315602 0.338503
vt 0.288736 0.338503
vt 0.262062 0.338503
vt 0.235770 0.338503
vt 0.216194 0.338722
vt 0.209669 0.346532
vt 0.209669 0.339378
vt 0.209669 0.419100
vt 0.209669 0.445966
vt 0.209669 0.392453
vt 0.209669 0.472832
vt 0.209669 0.499698
vt 0.209669 0.526564
vt 0.209669 0.553429
vt 0.209669 0.580295
vt 0.209669 0.607161
vt 0.209669 0.634027
vt 0.209669 0.660893
vt 0.209669 0.687759
vt 0.209669 0.714624
vt 0.209669 0.741490
vt 0.209669 0.768356
vt 0.209669 0.795222
vt 0.209669 0.822088
vt 0.209669 0.848953
vt 0.209669 0.875819
vt 0.209669 0.902685
vt 0.209478 0.922834
vt 0.208904 0.929551
vt 0.771396 0.366244
vt 0.745224 0.366244
vt 0.790852 0.366244
vt 0.797338 0.366244
vt 0.797338 0.366244
vt 0.797338 0.366244
vt 0.797338 0.366244
vt 0.797338 0.366244
vt 0.797569 0.366244
vt 0.798262 0.366244
vt 0.798956 0.366244
vt 0.799187 0.366244
vt 0.799187 0.366244
vt 0.799187 0.366244
vt 0.799187 0.366244
vt 0.805903 0.366244
vt 0.799187 0.366244
vt 0.826053 0.366244
vt 0.852919 0.366244
vt 0.073810 0.366244
vt 0.046944 0.366244
vt 0.100676 0.366244
vt 0.127542 0.366244
vt 0.154407 0.366244
vt 0.181273 0.366244
vt 0.201423 0.366244
vt 0.208139 0.366244
vt 0.208139 0.366244
vt 0.208139 0.366244
vt 0.208139 0.366244
vt 0.208139 0.366244
vt 0.208330 0.366244
vt 0.208904 0.366244
vt 0.209478 0.366244
vt 0.209669 0.366244
vt 0.209669 0.366244
vt 0.209669 0.366244
vt 0.209669 0.366244
vt 0.216194 0.366244
vt 0.209669 0.366244
vt 0.235770 0.366244
vt 0.262062 0.366244
vt 0.288736 0.366244
vt 0.315602 0.366244
vt 0.342468 0.366244
vt 0.362618 0.366244
vt 0.369334 0.366244
vt 0.369334 0.366244
vt 0.369334 0.366244
vt 0.369334 0.366244
vt 0.369334 0.366244
vt 0.369724 0.366244
vt 0.370894 0.366244
vt 0.372064 0.366244
vt 0.372454 0.366244
vt 0.372454 0.366244
vt 0.372454 0.366244
vt 0.372454 0.366244
vt 0.378780 0.366244
vt 0.372454 0.366244
vt 0.397760 0.366244
vt 0.423456 0.366244
vt 0.449931 0.366244
vt 0.476797 0.366244
vt 0.503663 0.366244
vt 0.530529 0.366244
vt 0.557395 0.366244
vt 0.583892 0.366244
vt 0.609653 0.366244
vt 0.628697 0.366244
vt 0.635045 0.366244
vt 0.635045 0.366244
vt 0.635045 0.366244
vt 0.635045 0.366244
vt 0.635045 0.366244
vt 0.635413 0.366244
vt 0.636519 0.366244
vt 0.637624 0.366244
vt 0.637992 0.366244
vt 0.637992 0.366244
vt 0.637992 0.366244
vt 0.637992 0.366244
vt 0.644709 0.366244
vt 0.637992 0.366244
vt 0.664858 0.366244
vt 0.691724 0.366244
vt 0.718590 0.366244
vt 0.756806 0.234485
vt 0.733412 0.243096
vt 0.779973 0.225260
vt 0.709566 0.250481
vt 0.691175 0.255598
vt 0.677381 0.258857
vt 0.684149 0.257404
vt 0.659768 0.262913
vt 0.636284 0.268037
vt 0.611904 0.272693
vt 0.587013 0.276837
vt 0.561995 0.280429
vt 0.536864 0.283487
vt 0.511634 0.286029
vt 0.486739 0.287944
vt 0.444451 0.289776
vt 0.462611 0.289121
vt 0.437459 0.290126
vt 0.430102 0.290396
vt 0.410848 0.290814
vt 0.385617 0.291041
vt 0.360332 0.290743
vt 0.335251 0.289864
vt 0.292163 0.286974
vt 0.310631 0.288346
vt 0.285540 0.286533
vt 0.278762 0.285978
vt 0.259827 0.284264
vt 0.234828 0.281675
vt 0.209855 0.278495
vt 0.184946 0.274717
vt 0.160136 0.270334
vt 0.135445 0.265288
vt 0.110896 0.259521
vt 0.092340 0.254840
vt 0.079221 0.250656
vt 0.085631 0.253052
vt 0.061563 0.244150
vt 0.038280 0.235588
vt 0.711815 0.056351
vt 0.689491 0.062026
vt 0.734292 0.050602
vt 0.733255 0.046337
vt 0.710793 0.052078
vt 0.688331 0.057820
vt 0.667470 0.067551
vt 0.650773 0.071707
vt 0.666490 0.063264
vt 0.644649 0.068707
vt 0.642329 0.069237
vt 0.638430 0.074591
vt 0.644424 0.073271
vt 0.643489 0.068972
vt 0.622799 0.078016
vt 0.602077 0.082364
vt 0.621934 0.073702
vt 0.601539 0.078167
vt 0.580813 0.086456
vt 0.559278 0.090189
vt 0.580075 0.082119
vt 0.558611 0.086072
vt 0.537743 0.093458
vt 0.516191 0.096261
vt 0.537156 0.089098
vt 0.515702 0.092125
vt 0.494607 0.098596
vt 0.473300 0.100464
vt 0.494181 0.094223
vt 0.472660 0.096321
vt 0.431948 0.098630
vt 0.436948 0.102751
vt 0.452579 0.101866
vt 0.452304 0.097475
vt 0.430911 0.103072
vt 0.424559 0.103188
vt 0.430734 0.098671
vt 0.429521 0.098713
vt 0.407977 0.103461
vt 0.386280 0.103601
vt 0.407900 0.099064
vt 0.386279 0.099415
vt 0.364580 0.103316
vt 0.343028 0.102620
vt 0.364657 0.098924
vt 0.343035 0.098434
vt 0.300989 0.095829
vt 0.305799 0.100536
vt 0.321776 0.101523
vt 0.322012 0.097131
vt 0.300070 0.100172
vt 0.294204 0.099584
vt 0.300398 0.095780
vt 0.299807 0.095731
vt 0.277815 0.097924
vt 0.256179 0.095513
vt 0.278236 0.093545
vt 0.256665 0.091359
vt 0.234569 0.092670
vt 0.212975 0.089388
vt 0.235151 0.088312
vt 0.213637 0.085264
vt 0.191385 0.085658
vt 0.169770 0.081494
vt 0.192128 0.081324
vt 0.170619 0.077384
vt 0.148097 0.076912
vt 0.131635 0.073273
vt 0.148974 0.072604
vt 0.127329 0.067824
vt 0.125861 0.067463
vt 0.119759 0.070491
vt 0.125650 0.071937
vt 0.126595 0.067643
vt 0.103576 0.066523
vt 0.082248 0.061293
vt 0.104543 0.062240
vt 0.083225 0.057017
vt 0.916230 0.451060
vt 0.910410 0.459565
vt 0.923420 0.439563
vt 0.929711 0.427570
vt 0.935158 0.415180
vt 0.939818 0.402491
vt 0.943693 0.389549
vt 0.946783 0.376401
vt 0.948801 0.366366
vt 0.949456 0.362763
vt 0.949588 0.359201
vt 0.950037 0.349291
vt 0.950415 0.336112
vt 0.950338 0.322740
vt 0.949692 0.309292
vt 0.948362 0.295885
vt 0.947034 0.285664
vt 0.946394 0.281774
vt 0.945330 0.278175
vt 0.942734 0.268831
vt 0.939083 0.256510
vt 0.934854 0.243977
vt 0.930016 0.231473
vt 0.924541 0.219237
vt 0.918405 0.207327
vt 0.911583 0.195800
vt 0.904154 0.184908
vt 0.896196 0.174900
vt 0.889917 0.167573
vt 0.887527 0.164724
vt 0.884609 0.162179
vt 0.876743 0.155765
vt 0.865982 0.148194
vt 0.854374 0.142177
vt 0.842344 0.136937
vt 0.898248 0.471640
vt 0.888626 0.480431
vt 0.905555 0.464979
vt 0.908230 0.462579
vn -0.996996 0.062849 -0.045275
vn -0.994363 0.083099 -0.065855
vn -0.981909 0.148084 -0.118005
vn -0.985770 0.096465 -0.137667
vn -0.982794 0.173189 -0.064203
vn -0.972901 0.217649 -0.078056
vn -0.955531 0.248014 -0.159533
vn -0.960362 0.190181 -0.203803
vn -0.964523 0.125055 -0.232500
vn -0.979480 0.196882 0.043094
vn -0.978257 0.199317 0.057332
vn -0.963778 0.266354 -0.013709
vn -0.974008 0.214526 -0.072717
vn -0.977656 0.197033 0.073253
vn -0.960314 0.278834 0.006907
vn -0.932024 0.359274 -0.047478
vn -0.937142 0.342247 -0.068050
vn -0.948315 0.295128 -0.116609
vn -0.974058 0.207990 0.089173
vn -0.967447 0.222715 0.120187
vn -0.944906 0.312168 0.098505
vn -0.950489 0.303277 0.067783
vn -0.960025 0.221021 0.171762
vn -0.933235 0.318212 0.166774
vn -0.896652 0.412939 0.159676
vn -0.911670 0.404164 0.074225
vn -0.918111 0.395000 0.032369
vn -0.950659 0.223263 0.215412
vn -0.921544 0.312085 0.230997
vn -0.944043 0.200531 0.261860
vn -0.910356 0.289437 0.295769
vn -0.867049 0.376248 0.326593
vn -0.881547 0.403520 0.245043
vn -0.937051 0.201984 0.284847
vn -0.902096 0.262000 0.342898
vn -0.937672 0.225987 0.264008
vn -0.889495 0.216357 0.402478
vn -0.850782 0.291498 0.437264
vn -0.856924 0.340835 0.386670
vn -0.309789 -0.562125 0.766842
vn -0.860068 0.226140 0.457323
vn -0.872067 0.165929 0.460398
vn -0.374544 -0.506509 0.776638
vn -0.581572 0.744758 -0.327277
vn -0.669168 0.709737 -0.220198
vn -0.695152 0.708638 -0.120809
vn -0.834284 0.200474 0.513596
vn -0.403574 -0.441027 0.801638
vn -0.920627 0.060483 0.385730
vn -0.917896 0.019806 0.396326
vn -0.876013 0.028785 0.481428
vn -0.879586 0.093200 0.466522
vn -0.920416 -0.030473 0.389752
vn -0.876330 -0.040233 0.480029
vn -0.822826 -0.049309 0.566150
vn -0.823161 0.037414 0.566573
vn -0.826655 0.122309 0.549256
vn -0.915972 -0.052900 0.397740
vn -0.878222 -0.094218 0.468881
vn -0.912236 -0.035730 0.408103
vn -0.880358 -0.166190 0.444241
vn -0.833753 -0.181852 0.521331
vn -0.825707 -0.118195 0.551577
vn -0.663389 -0.745422 -0.065281
vn -0.855402 -0.211082 0.473002
vn -0.878344 -0.238235 0.414434
vn -0.675955 -0.736369 -0.029068
vn -0.607406 0.430756 0.667463
vn -0.648478 0.369170 0.665726
vn -0.670206 0.264808 0.693326
vn -0.841614 -0.283601 0.459627
vn -0.683951 -0.727472 0.054734
vn -0.935288 -0.193906 0.296035
vn -0.940572 -0.216644 0.261514
vn -0.907767 -0.300459 0.292717
vn -0.898807 -0.266262 0.348210
vn -0.950706 -0.225542 0.212812
vn -0.919455 -0.320304 0.228052
vn -0.878395 -0.412486 0.241408
vn -0.864275 -0.386201 0.322301
vn -0.851549 -0.343500 0.396072
vn -0.956522 -0.236995 0.169998
vn -0.930402 -0.327879 0.163852
vn -0.966993 -0.224525 0.120472
vn -0.942750 -0.319395 0.095963
vn -0.908516 -0.411842 0.070598
vn -0.893412 -0.421298 0.155961
vn -0.972877 -0.217853 0.077786
vn -0.953276 -0.300071 0.034970
vn -0.980790 -0.190910 0.040052
vn -0.963917 -0.265196 -0.023155
vn -0.936115 -0.341637 -0.083510
vn -0.922891 -0.384929 -0.010102
vn -0.978980 -0.203465 0.014111
vn -0.970965 -0.229981 -0.065838
vn -0.982371 -0.172400 -0.072290
vn -0.978321 -0.168636 -0.120208
vn -0.956253 -0.232733 -0.177244
vn -0.946163 -0.293744 -0.135977
vn -0.996208 -0.065402 -0.057376
vn -0.997172 -0.049535 -0.056510
vn -0.985163 -0.092707 -0.144427
vn -0.979556 -0.165639 -0.114167
vn -0.998322 -0.025608 -0.051946
vn -0.987759 -0.035885 -0.151804
vn -0.966909 -0.046230 -0.250900
vn -0.964718 -0.115625 -0.236537
vn -0.962074 -0.177521 -0.207125
vn -0.998099 0.017575 -0.059066
vn -0.987866 0.029223 -0.152538
vn -0.967260 0.040392 -0.250553
vn -0.926750 0.232483 -0.295104
vn -0.931739 0.154310 -0.328711
vn -0.923172 0.287696 -0.254922
vn -0.879919 0.327180 -0.344521
vn -0.882901 0.272338 -0.382516
vn -0.888719 0.181736 -0.420892
vn -0.897778 0.422083 -0.125862
vn -0.909125 0.379136 -0.172473
vn -0.891734 0.440910 -0.102028
vn -0.841676 0.517209 -0.155165
vn -0.848611 0.496600 -0.182339
vn -0.860167 0.455759 -0.228905
vn -0.866992 0.496110 0.046912
vn -0.874705 0.484638 -0.004296
vn -0.848610 0.506844 0.151558
vn -0.791317 0.594738 0.141786
vn -0.812844 0.582166 0.019185
vn -0.821737 0.568410 -0.040730
vn -0.830103 0.495321 0.256098
vn -0.812359 0.461913 0.355963
vn -0.748847 0.542100 0.381257
vn -0.769626 0.581242 0.264259
vn -0.800044 0.420213 0.428195
vn -0.794806 0.375538 0.476711
vn -0.729423 0.452092 0.513376
vn -0.734425 0.494320 0.465046
vn -0.771969 0.247735 0.585399
vn -0.399648 -0.371794 0.837885
vn -0.688549 0.725134 -0.009058
vn -0.659566 0.745872 0.092992
vn -0.701255 0.291698 0.650503
vn -0.376800 -0.311019 0.872519
vn -0.758600 0.046982 0.649861
vn -0.762900 0.150946 0.628649
vn -0.758204 -0.059222 0.649323
vn -0.685401 -0.068436 0.724943
vn -0.685854 0.055990 0.725582
vn -0.690907 0.177793 0.700740
vn -0.761382 -0.141796 0.632607
vn -0.769292 -0.201917 0.606150
vn -0.696563 -0.223215 0.681891
vn -0.688855 -0.164061 0.706090
vn -0.780879 -0.346500 0.519774
vn -0.658206 -0.738958 0.143894
vn -0.656167 0.150103 0.739536
vn -0.619726 0.046561 0.783436
vn -0.711663 -0.405333 0.573795
vn -0.615847 -0.756344 0.220629
vn -0.808946 -0.471806 0.350721
vn -0.793392 -0.419507 0.441069
vn -0.826253 -0.503965 0.251646
vn -0.765124 -0.589475 0.259044
vn -0.744836 -0.551816 0.375125
vn -0.726637 -0.490558 0.480990
vn -0.844633 -0.514767 0.147006
vn -0.863139 -0.503177 0.042473
vn -0.808338 -0.588552 0.013988
vn -0.786649 -0.602133 0.136452
vn -0.880733 -0.470247 -0.056369
vn -0.896957 -0.417225 -0.146260
vn -0.847976 -0.487882 -0.207143
vn -0.828941 -0.549989 -0.101824
vn -0.908916 -0.360542 -0.209479
vn -0.919305 -0.304437 -0.249391
vn -0.872370 -0.368906 -0.320747
vn -0.861727 -0.422729 -0.280582
vn -0.932026 -0.138445 -0.334904
vn -0.930468 -0.197256 -0.308740
vn -0.934646 -0.055451 -0.351230
vn -0.892112 -0.064018 -0.447256
vn -0.889038 -0.160008 -0.428962
vn -0.888030 -0.218162 -0.404733
vn -0.935069 0.050631 -0.350831
vn -0.892600 0.060266 -0.446803
vn -0.829483 0.309185 -0.465147
vn -0.836112 0.207027 -0.507993
vn -0.826724 0.364765 -0.428338
vn -0.764451 0.399453 -0.506015
vn -0.767225 0.342603 -0.542208
vn -0.774606 0.229947 -0.589161
vn -0.790338 0.565097 -0.236711
vn -0.802063 0.525299 -0.284174
vn -0.782618 0.587335 -0.206269
vn -0.715344 0.650649 -0.254831
vn -0.723715 0.626967 -0.288356
vn -0.735551 0.587610 -0.337162
vn -0.750001 0.661381 -0.008616
vn -0.760006 0.645399 -0.076496
vn -0.725582 0.675649 0.130499
vn -0.652217 0.748817 0.117837
vn -0.679251 0.733013 -0.036198
vn -0.690321 0.714903 -0.111224
vn -0.700962 0.660333 0.269467
vn -0.677391 0.615920 0.402225
vn -0.598858 0.682682 0.418706
vn -0.624953 0.731853 0.271708
vn -0.660977 0.562453 0.496745
vn -0.655840 0.521500 0.545813
vn -0.575135 0.583660 0.573203
vn -0.580625 0.624002 0.522968
vn -0.623284 0.332213 0.707921
vn -0.341173 -0.256646 0.904286
vn -0.612817 0.768502 0.184013
vn -0.551727 0.791359 0.263341
vn -0.538817 0.368860 0.757376
vn -0.295149 -0.208507 0.932423
vn -0.605903 0.064337 0.792933
vn -0.611648 0.202552 0.764761
vn -0.605399 -0.076851 0.792203
vn -0.519145 -0.084389 0.850510
vn -0.519697 0.071943 0.851316
vn -0.526059 0.224989 0.820148
vn -0.609081 -0.184613 0.771323
vn -0.616526 -0.244085 0.748544
vn -0.530161 -0.263620 0.805875
vn -0.523032 -0.203187 0.827739
vn -0.635036 -0.459278 0.621123
vn -0.561357 -0.776376 0.286564
vn -0.565878 -0.045279 0.823245
vn -0.498291 -0.125554 0.857871
vn -0.551786 -0.507987 0.661424
vn -0.497025 -0.797478 0.342045
vn -0.672827 -0.625350 0.395274
vn -0.652193 -0.555866 0.515421
vn -0.695860 -0.668071 0.263551
vn -0.619308 -0.739018 0.265159
vn -0.593795 -0.691719 0.411013
vn -0.570950 -0.614818 0.544073
vn -0.720278 -0.682432 0.124445
vn -0.744895 -0.667023 -0.014513
vn -0.673602 -0.737858 -0.042727
vn -0.646340 -0.754913 0.111134
vn -0.768264 -0.623276 -0.145934
vn -0.789884 -0.552827 -0.265454
vn -0.723419 -0.611451 -0.320613
vn -0.699470 -0.689423 -0.188250
vn -0.805269 -0.479758 -0.348389
vn -0.816104 -0.426850 -0.389582
vn -0.751234 -0.478399 -0.454732
vn -0.740279 -0.531140 -0.412163
vn -0.836416 -0.179929 -0.517720
vn -0.835634 -0.238630 -0.494745
vn -0.839953 -0.071838 -0.537883
vn -0.778855 -0.078839 -0.622230
vn -0.774879 -0.197941 -0.600318
vn -0.774111 -0.257781 -0.578187
vn -0.840499 0.069189 -0.537377
vn -0.779453 0.077316 -0.621671
vn -0.696946 0.372237 -0.612948
vn -0.705018 0.250267 -0.663563
vn -0.693977 0.430564 -0.577071
vn -0.616204 0.457612 -0.641002
vn -0.619490 0.397813 -0.676740
vn -0.628158 0.267820 -0.730540
vn -0.649597 0.681654 -0.336708
vn -0.661443 0.642415 -0.387034
vn -0.640756 0.706557 -0.300348
vn -0.559725 0.754625 -0.342418
vn -0.568853 0.728712 -0.381294
vn -0.580610 0.689413 -0.433129
vn -0.601504 0.796362 -0.063251
vn -0.613608 0.776269 -0.144541
vn -0.572158 0.813527 0.103963
vn -0.486304 0.869242 0.089033
vn -0.517642 0.850902 -0.089510
vn -0.530751 0.829023 -0.176137
vn -0.542561 0.795102 0.270998
vn -0.514232 0.741733 0.430578
vn -0.424453 0.792582 0.437783
vn -0.454705 0.849557 0.267387
vn -0.494367 0.678407 0.543475
vn -0.488363 0.638315 0.595026
vn -0.396574 0.685174 0.610955
vn -0.403182 0.725224 0.558116
vn -0.448880 0.401353 0.798387
vn -0.240975 -0.166422 0.956156
vn -0.479068 0.813148 0.330580
vn -0.397258 0.832981 0.385134
vn -0.354486 0.429353 0.830660
vn -0.180200 -0.130668 0.974912
vn -0.428296 0.078734 0.900202
vn -0.435194 0.244883 0.866394
vn -0.427699 -0.090978 0.899331
vn -0.332055 -0.096563 0.938304
vn -0.332694 0.084651 0.939228
vn -0.340042 0.262069 0.903156
vn -0.431752 -0.219568 0.874860
vn -0.438485 -0.281241 0.853601
vn -0.342538 -0.296559 0.891471
vn -0.336256 -0.233595 0.912341
vn -0.462913 -0.550979 0.694358
vn -0.424987 -0.818094 0.387439
vn -0.419909 -0.194542 0.886471
vn -0.333145 -0.252441 0.908454
vn -0.369433 -0.587871 0.719671
vn -0.346926 -0.837157 0.422859
vn -0.508730 -0.750277 0.422229
vn -0.483918 -0.666837 0.566702
vn -0.536433 -0.801624 0.263891
vn -0.448158 -0.855370 0.259800
vn -0.418575 -0.800540 0.428870
vn -0.392054 -0.711490 0.583160
vn -0.565778 -0.818870 0.096686
vn -0.595373 -0.800364 -0.070341
vn -0.511093 -0.854025 -0.097084
vn -0.479495 -0.873774 0.081263
vn -0.623450 -0.747784 -0.228321
vn -0.649447 -0.663179 -0.372038
vn -0.568813 -0.707581 -0.419262
vn -0.541070 -0.797877 -0.265772
vn -0.667596 -0.576421 -0.471226
vn -0.678568 -0.523464 -0.515297
vn -0.598971 -0.561881 -0.570547
vn -0.588077 -0.615239 -0.525021
vn -0.705242 -0.213830 -0.675952
vn -0.704318 -0.275057 -0.654431
vn -0.709632 -0.084952 -0.699432
vn -0.633095 -0.090129 -0.768809
vn -0.628344 -0.227435 -0.743947
vn -0.627138 -0.290078 -0.722878
vn -0.710278 0.084567 -0.698824
vn -0.633783 0.090880 -0.768153
vn -0.535760 0.419103 -0.733017
vn -0.544934 0.282452 -0.789473
vn -0.532049 0.480240 -0.697348
vn -0.442448 0.498186 -0.745688
vn -0.446653 0.435938 -0.781319
vn -0.456223 0.294054 -0.839877
vn -0.482411 0.767765 -0.421684
vn -0.493959 0.728331 -0.474908
vn -0.473197 0.794473 -0.380653
vn -0.382071 0.825838 -0.414745
vn -0.391184 0.798529 -0.457522
vn -0.402421 0.758938 -0.511928
vn -0.428631 0.896168 -0.114707
vn -0.442715 0.872746 -0.205711
vn -0.395639 0.915483 0.073219
vn -0.301095 0.951908 0.056684
vn -0.335391 0.931826 -0.138611
vn -0.350405 0.907151 -0.233009
vn -0.362386 0.894752 0.260949
vn -0.330536 0.834792 0.440304
vn -0.233438 0.868052 0.438169
vn -0.266549 0.930355 0.251777
vn -0.308087 0.764078 0.566804
vn -0.300805 0.723976 0.620786
vn -0.202083 0.754495 0.624420
vn -0.210064 0.794686 0.569515
vn -0.256673 0.452661 0.853942
vn -0.114425 -0.101130 0.988271
vn -0.308475 0.850115 0.426787
vn -0.214763 0.864049 0.455297
vn -0.156459 0.471076 0.868106
vn -0.044899 -0.078082 0.995935
vn -0.233958 0.089644 0.968105
vn -0.241666 0.276397 0.930163
vn -0.233280 -0.101098 0.967140
vn -0.132367 -0.104551 0.985671
vn -0.133080 0.093673 0.986669
vn -0.141055 0.287759 0.947258
vn -0.237594 -0.245137 0.939924
vn -0.243354 -0.309300 0.919300
vn -0.141969 -0.319268 0.936970
vn -0.136773 -0.254101 0.957458
vn -0.272366 -0.618348 0.737199
vn -0.264382 -0.853723 0.448619
vn -0.240041 -0.299441 0.923426
vn -0.142398 -0.335729 0.931133
vn -0.172731 -0.642179 0.746840
vn -0.178692 -0.867172 0.464846
vn -0.324350 -0.842082 0.430924
vn -0.296393 -0.748392 0.593348
vn -0.355488 -0.899799 0.252964
vn -0.259368 -0.934583 0.243480
vn -0.227013 -0.874597 0.428422
vn -0.197904 -0.777269 0.597233
vn -0.388479 -0.919159 0.065042
vn -0.421731 -0.898383 -0.122683
vn -0.328210 -0.933112 -0.146903
vn -0.293664 -0.954693 0.048188
vn -0.453285 -0.839279 -0.300240
vn -0.482457 -0.744275 -0.461833
vn -0.391278 -0.772990 -0.499389
vn -0.361007 -0.871683 -0.331424
vn -0.502637 -0.647286 -0.573041
vn -0.513340 -0.593484 -0.619886
vn -0.422600 -0.618120 -0.662824
vn -0.412185 -0.672333 -0.614876
vn -0.545082 -0.238628 -0.803705
vn -0.543480 -0.302578 -0.782992
vn -0.550148 -0.094325 -0.829723
vn -0.461664 -0.097513 -0.881679
vn -0.456352 -0.247316 -0.854739
vn -0.454273 -0.312369 -0.834303
vn -0.550874 0.096200 -0.829026
vn -0.462424 0.100487 -0.880946
vn -0.353102 0.448187 -0.821247
vn -0.362965 0.302535 -0.881322
vn -0.348347 0.511257 -0.785666
vn -0.250696 0.519328 -0.816976
vn -0.256030 0.455764 -0.852483
vn -0.266073 0.307837 -0.913478
vn -0.296119 0.820787 -0.488490
vn -0.306935 0.781057 -0.543821
vn -0.287286 0.848509 -0.444408
vn -0.189742 0.862354 -0.469407
vn -0.198148 0.834390 -0.514326
vn -0.208454 0.794558 -0.570285
vn -0.238895 0.957607 -0.160992
vn -0.254770 0.932007 -0.257790
vn -0.203655 0.978242 0.039600
vn -0.104259 0.994304 0.022133
vn -0.140077 0.973335 -0.181652
vn -0.156713 0.947167 -0.279850
vn -0.168184 0.956096 0.239991
vn -0.134161 0.892110 0.431441
vn -0.033658 0.906800 0.420216
vn -0.068239 0.971800 0.225717
vn -0.110110 0.816829 0.566274
vn -0.101420 0.776561 0.621826
vn 0.000187 0.790048 0.613045
vn -0.009191 0.830360 0.557151
vn -0.054857 0.484484 0.873079
vn 0.027054 -0.061392 0.997747
vn -0.118008 0.874359 0.470712
vn -0.020039 0.880851 0.472969
vn 0.047143 0.492746 0.868895
vn 0.100298 -0.051307 0.993634
vn -0.031089 0.096709 0.994827
vn -0.039241 0.296068 0.954360
vn -0.030346 -0.106897 0.993807
vn 0.071810 -0.108122 0.991541
vn 0.071042 0.098728 0.992575
vn 0.062805 0.301266 0.951469
vn -0.034808 -0.260416 0.964869
vn -0.039396 -0.326328 0.944435
vn 0.063360 -0.330393 0.941714
vn 0.067322 -0.264037 0.962160
vn -0.071534 -0.659178 0.748576
vn -0.091122 -0.876971 0.471825
vn -0.041825 -0.361428 0.931462
vn 0.060196 -0.376623 0.924409
vn 0.030233 -0.669228 0.742442
vn -0.002852 -0.882840 0.469666
vn -0.127568 -0.897843 0.421431
vn -0.097603 -0.797902 0.594833
vn -0.160795 -0.959462 0.231467
vn -0.060717 -0.974269 0.217056
vn -0.026969 -0.911665 0.410048
vn 0.003545 -0.810150 0.586212
vn -0.196036 -0.980111 0.030876
vn -0.231506 -0.957951 -0.169513
vn -0.132554 -0.972734 -0.190312
vn -0.096535 -0.995241 0.013273
vn -0.265200 -0.894851 -0.359042
vn -0.296236 -0.793505 -0.531596
vn -0.198260 -0.805682 -0.558184
vn -0.166794 -0.908625 -0.382858
vn -0.317663 -0.690203 -0.650162
vn -0.327689 -0.635675 -0.698954
vn -0.229557 -0.646062 -0.727947
vn -0.219998 -0.700779 -0.678608
vn -0.363081 -0.253429 -0.896630
vn -0.360454 -0.319319 -0.876418
vn -0.368582 -0.099668 -0.924237
vn -0.271814 -0.100778 -0.957058
vn -0.266190 -0.256923 -0.929050
vn -0.262971 -0.323346 -0.909007
vn -0.369372 0.103708 -0.923477
vn -0.272628 0.105838 -0.956281
vn -0.156379 0.458612 -0.874769
vn -0.166498 0.309921 -0.936070
vn -0.150453 0.522318 -0.839373
vn -0.048583 0.520204 -0.852659
vn -0.055092 0.456713 -0.887906
vn -0.065187 0.308773 -0.948899
vn -0.098213 0.839250 -0.534803
vn -0.107930 0.799367 -0.591070
vn -0.090359 0.867289 -0.489536
vn 0.009955 0.863285 -0.504619
vn 0.002739 0.835334 -0.549736
vn -0.006329 0.795450 -0.605986
vn -0.039896 0.978902 -0.200397
vn -0.057159 0.952541 -0.298996
vn -0.003874 0.999983 0.004451
vn 0.096551 0.995239 -0.013276
vn 0.060700 0.974271 -0.217054
vn 0.042984 0.948097 -0.315062
vn 0.032317 0.977359 0.209106
vn 0.067096 0.912020 0.404620
vn 0.167152 0.907735 0.384808
vn 0.132538 0.972735 0.190315
vn 0.091727 0.835190 0.542257
vn 0.101754 0.794884 0.598168
vn 0.202310 0.791040 0.577344
vn 0.191695 0.831287 0.521742
vn 0.148557 0.495842 0.855612
vn 0.173662 -0.047669 0.983651
vn 0.077427 0.883299 0.462373
vn 0.172672 0.881704 0.439070
vn 0.248419 0.493723 0.833382
vn 0.246040 -0.050688 0.967933
vn 0.172332 0.099715 0.979979
vn 0.164097 0.303316 0.938654
vn 0.173117 -0.108218 0.978938
vn 0.272620 -0.107186 0.956133
vn 0.271826 0.099663 0.957172
vn 0.263677 0.302202 0.916050
vn 0.168643 -0.264937 0.949404
vn 0.165316 -0.331414 0.928889
vn 0.265499 -0.329379 0.906101
vn 0.268204 -0.263115 0.926735
vn 0.131591 -0.672259 0.728527
vn 0.084982 -0.884540 0.458658
vn 0.162263 -0.381412 0.910053
vn 0.263029 -0.375758 0.888606
vn 0.231571 -0.668255 0.706973
vn 0.171250 -0.882064 0.438904
vn 0.073811 -0.915970 0.394400
vn 0.104559 -0.813929 0.571478
vn 0.039896 -0.978902 0.200396
vn 0.140093 -0.973333 0.181648
vn 0.173822 -0.910730 0.374643
vn 0.204482 -0.809214 0.550781
vn 0.003874 -0.999983 -0.004452
vn -0.032318 -0.977359 -0.209106
vn 0.068256 -0.971798 -0.225720
vn 0.104242 -0.994306 -0.022130
vn -0.066746 -0.912913 -0.402659
vn -0.098308 -0.809437 -0.578919
vn 0.002670 -0.804746 -0.593613
vn 0.033996 -0.907689 -0.418263
vn -0.120140 -0.703996 -0.699969
vn -0.129155 -0.649235 -0.749541
vn -0.027450 -0.645182 -0.763535
vn -0.019033 -0.699832 -0.714054
vn -0.166618 -0.257772 -0.951731
vn -0.162776 -0.324402 -0.931809
vn -0.172307 -0.100835 -0.979869
vn -0.071005 -0.099842 -0.992467
vn -0.065307 -0.255973 -0.964475
vn -0.060831 -0.322477 -0.944621
vn -0.173137 0.106863 -0.979083
vn -0.071842 0.106773 -0.991685
vn 0.046875 0.450077 -0.891758
vn 0.036903 0.304398 -0.951830
vn 0.053943 0.513001 -0.856692
vn 0.156139 0.500775 -0.851378
vn 0.148550 0.438752 -0.886245
vn 0.138785 0.296826 -0.944793
vn 0.103759 0.822667 -0.558975
vn 0.095379 0.782830 -0.614882
vn 0.110288 0.850362 -0.514511
vn 0.209702 0.828595 -0.519091
vn 0.203881 0.801329 -0.562410
vn 0.196210 0.761568 -0.617670
vn 0.160763 0.959469 -0.231463
vn 0.142804 0.933859 -0.327893
vn 0.196068 0.980104 -0.030882
vn 0.293708 0.954679 -0.048196
vn 0.259323 0.934597 -0.243475
vn 0.241368 0.909908 -0.337354
vn 0.231474 0.957958 0.169520
vn 0.265560 0.893972 0.360960
vn 0.361365 0.870824 0.333289
vn 0.328166 0.933126 0.146913
vn 0.289768 0.818674 0.495789
vn 0.300893 0.778538 0.550765
vn 0.396547 0.757444 0.518680
vn 0.385001 0.797431 0.464627
vn 0.345771 0.486414 0.802399
vn 0.316349 -0.060153 0.946734
vn 0.264027 0.876068 0.403479
vn 0.349791 0.866561 0.355975
vn 0.439666 0.473968 0.762921
vn 0.383470 -0.076240 0.920401
vn 0.368583 0.098571 0.924354
vn 0.360601 0.297931 0.883858
vn 0.369375 -0.105035 0.923325
vn 0.462436 -0.101779 0.880792
vn 0.461655 0.096444 0.881801
vn 0.453917 0.290531 0.842349
vn 0.365064 -0.258581 0.894351
vn 0.362948 -0.324307 0.873552
vn 0.456708 -0.316255 0.831505
vn 0.458284 -0.251373 0.852518
vn 0.329215 -0.657239 0.677978
vn 0.254850 -0.875436 0.410686
vn 0.361160 -0.359716 0.860330
vn 0.455315 -0.333198 0.825632
vn 0.423573 -0.639288 0.641792
vn 0.334622 -0.864899 0.374137
vn 0.272118 -0.895981 0.350955
vn 0.302364 -0.796039 0.524308
vn 0.238927 -0.957600 0.160985
vn 0.335435 -0.931812 0.138600
vn 0.367743 -0.871826 0.323550
vn 0.397246 -0.774496 0.492292
vn 0.203623 -0.978248 -0.039594
vn 0.168216 -0.956089 -0.239995
vn 0.266593 -0.930341 -0.251783
vn 0.301051 -0.951922 -0.056676
vn 0.134485 -0.892989 -0.429517
vn 0.103717 -0.791641 -0.602118
vn 0.203853 -0.770217 -0.604326
vn 0.233747 -0.868912 -0.436295
vn 0.082369 -0.688316 -0.720719
vn 0.074586 -0.633928 -0.769787
vn 0.175968 -0.615529 -0.768219
vn 0.183094 -0.669523 -0.719872
vn 0.036792 -0.251537 -0.967148
vn 0.041891 -0.317591 -0.947302
vn 0.031139 -0.097806 -0.994718
vn 0.133139 -0.094742 -0.986559
vn 0.138704 -0.244499 -0.959678
vn 0.144406 -0.309803 -0.939771
vn 0.030303 0.105570 -0.993950
vn 0.132315 0.103258 -0.985815
vn 0.248954 0.422816 -0.871349
vn 0.239486 0.286107 -0.927787
vn 0.257004 0.483644 -0.836682
vn 0.355529 0.461789 -0.812619
vn 0.347075 0.402392 -0.847124
vn 0.337976 0.272321 -0.900896
vn 0.302138 0.771459 -0.559968
vn 0.295165 0.731783 -0.614306
vn 0.307273 0.798109 -0.518271
vn 0.402015 0.759106 -0.511998
vn 0.397532 0.733267 -0.551623
vn 0.391233 0.693638 -0.604816
vn 0.355434 0.899821 -0.252959
vn 0.337755 0.876383 -0.343329
vn 0.388531 0.919136 -0.065051
vn 0.479552 0.873742 -0.081273
vn 0.448100 0.855401 -0.259797
vn 0.430989 0.833503 -0.345718
vn 0.421679 0.898405 0.122697
vn 0.453635 0.838446 0.302033
vn 0.541403 0.797082 0.267476
vn 0.511037 0.854056 0.097100
vn 0.476463 0.767694 0.428519
vn 0.488318 0.727879 0.481391
vn 0.575267 0.690007 0.439270
vn 0.563204 0.729674 0.387786
vn 0.529162 0.456489 0.715266
vn 0.446358 -0.098715 0.889393
vn 0.428250 0.853396 0.297182
vn 0.497615 0.836976 0.227706
vn 0.613329 0.434077 0.659852
vn 0.503821 -0.127729 0.854312
vn 0.550133 0.093297 0.829849
vn 0.542712 0.280051 0.791856
vn 0.550890 -0.097444 0.828869
vn 0.633801 -0.092063 0.767998
vn 0.633080 0.089151 0.768936
vn 0.626044 0.266570 0.732809
vn 0.546943 -0.241544 0.801567
vn 0.545835 -0.305317 0.780285
vn 0.629392 -0.291635 0.720288
vn 0.630113 -0.229174 0.741914
vn 0.513699 -0.614528 0.598722
vn 0.409423 -0.850745 0.329554
vn 0.544098 -0.296153 0.785017
vn 0.626042 -0.248427 0.739158
vn 0.598659 -0.583150 0.549130
vn 0.477966 -0.833527 0.277096
vn 0.459768 -0.838428 0.292663
vn 0.488201 -0.744736 0.455002
vn 0.428683 -0.896145 0.114693
vn 0.517698 -0.850870 0.089494
vn 0.547229 -0.796041 0.258573
vn 0.574273 -0.706987 0.412771
vn 0.395586 -0.915506 -0.073210
vn 0.362440 -0.894730 -0.260953
vn 0.454763 -0.849525 -0.267390
vn 0.486248 -0.869274 -0.089023
vn 0.330829 -0.835625 -0.438500
vn 0.302114 -0.740620 -0.600174
vn 0.397488 -0.703079 -0.589647
vn 0.424731 -0.793378 -0.436069
vn 0.282167 -0.643579 -0.711469
vn 0.275691 -0.590084 -0.758812
vn 0.372739 -0.557721 -0.741629
vn 0.378584 -0.610667 -0.695528
vn 0.239453 -0.234911 -0.942061
vn 0.245712 -0.299208 -0.922009
vn 0.234023 -0.090672 -0.967994
vn 0.332761 -0.085629 -0.939115
vn 0.338024 -0.222850 -0.914373
vn 0.344795 -0.285948 -0.894064
vn 0.233222 0.099853 -0.967283
vn 0.331996 0.095379 -0.938446
vn 0.441348 0.377803 -0.813927
vn 0.432708 0.255679 -0.864518
vn 0.450116 0.435642 -0.779495
vn 0.540754 0.405522 -0.736978
vn 0.531320 0.349166 -0.771869
vn 0.523181 0.236258 -0.818819
vn 0.488537 0.687332 -0.537501
vn 0.482851 0.647630 -0.589432
vn 0.492452 0.712144 -0.500342
vn 0.578102 0.657412 -0.483330
vn 0.574714 0.633820 -0.517664
vn 0.569588 0.593734 -0.568374
vn 0.535866 0.802009 -0.263874
vn 0.519612 0.781886 -0.344467
vn 0.565338 0.819183 -0.096607
vn 0.645430 0.755716 -0.110970
vn 0.618262 0.739893 -0.265161
vn 0.603152 0.721738 -0.339560
vn 0.594834 0.800749 0.070521
vn 0.623289 0.747357 0.230150
vn 0.698850 0.689505 0.190240
vn 0.672621 0.738731 0.043093
vn 0.643838 0.683940 0.343073
vn 0.655991 0.644344 0.393061
vn 0.730550 0.590399 0.343113
vn 0.717974 0.630656 0.294596
vn 0.690747 0.407068 0.597631
vn 0.553601 -0.162820 0.816710
vn 0.555812 0.817863 0.148907
vn 0.594662 0.802422 0.049964
vn 0.761005 0.375974 0.528691
vn 0.590668 -0.210271 0.779036
vn 0.709184 0.084069 0.699993
vn 0.702600 0.250292 0.666114
vn 0.709860 -0.085716 0.699107
vn 0.778653 -0.078436 0.622533
vn 0.778033 0.078074 0.623353
vn 0.771961 0.231294 0.592097
vn 0.706460 -0.214469 0.674476
vn 0.706007 -0.275521 0.652412
vn 0.775618 -0.257463 0.576306
vn 0.775600 -0.197517 0.599527
vn 0.677047 -0.545671 0.493813
vn 0.537924 -0.814425 0.217599
vn 0.699184 -0.190198 0.689178
vn 0.761389 -0.114687 0.638071
vn 0.748499 -0.502167 0.433102
vn 0.586691 -0.795871 0.149607
vn 0.628748 -0.745304 0.221806
vn 0.654103 -0.661825 0.366248
vn 0.601078 -0.796672 0.063391
vn 0.678376 -0.733807 0.036519
vn 0.703888 -0.686454 0.182544
vn 0.727261 -0.609464 0.315666
vn 0.571608 -0.813926 -0.103867
vn 0.542113 -0.795412 -0.270987
vn 0.624020 -0.732645 -0.271716
vn 0.651211 -0.749720 -0.117663
vn 0.513975 -0.742809 -0.429027
vn 0.488475 -0.658165 -0.572897
vn 0.574592 -0.606093 -0.549995
vn 0.598089 -0.684155 -0.417398
vn 0.470803 -0.571285 -0.672294
vn 0.465515 -0.518857 -0.716996
vn 0.553914 -0.473090 -0.685103
vn 0.558375 -0.525579 -0.641860
vn 0.432844 -0.208513 -0.877023
vn 0.440072 -0.270350 -0.856299
vn 0.427804 -0.079688 -0.900352
vn 0.518649 -0.072879 -0.851876
vn 0.523463 -0.191981 -0.830138
vn 0.531153 -0.252699 -0.808715
vn 0.427086 0.089904 -0.899731
vn 0.517990 0.083453 -0.851306
vn 0.612038 0.213198 -0.761548
vn 0.618520 0.315919 -0.719464
vn 0.714406 0.270887 -0.645170
vn 0.706220 0.183250 -0.683866
vn 0.626936 0.373644 -0.683623
vn 0.897033 0.193071 -0.397561
vn 0.980197 0.030959 -0.195591
vn 0.988560 -0.001632 -0.150820
vn 0.988720 -0.003373 -0.149739
vn 0.651175 0.529488 -0.543704
vn 0.657432 0.571002 -0.491670
vn 0.747013 0.487100 -0.452444
vn 0.902563 0.219309 -0.370518
vn 0.661392 0.592457 -0.459951
vn 0.748434 0.508279 -0.426027
vn 0.986926 -0.019182 -0.160029
vn 0.986383 -0.019369 -0.163319
vn 0.986337 -0.029753 -0.162033
vn 0.683943 0.650363 -0.330531
vn 0.697535 0.666351 -0.263480
vn 0.779487 0.570981 -0.257644
vn 0.767634 0.558020 -0.315202
vn 0.722013 0.680538 -0.124758
vn 0.800328 0.583242 -0.138935
vn 0.984405 -0.027855 -0.173699
vn 0.985582 -0.027915 -0.166879
vn 0.985953 -0.019443 -0.165887
vn 0.746443 0.665305 0.013861
vn 0.821335 0.570082 -0.020355
vn 0.770073 0.620972 0.146225
vn 0.841368 0.532392 0.093056
vn 0.982648 -0.019096 -0.184497
vn 0.983169 -0.027845 -0.180564
vn 0.786684 0.568178 0.241459
vn 0.857672 0.484018 0.173567
vn 0.798487 0.526486 0.291944
vn 0.975122 0.217850 0.040978
vn 0.988973 0.023704 -0.146187
vn 0.982846 -0.018256 -0.183520
vn 0.571456 -0.331049 0.750895
vn 0.824128 0.349026 0.446088
vn 0.873987 0.239919 0.422595
vn 0.865962 -0.272539 0.419323
vn 0.531719 0.831540 -0.160675
vn 0.706408 0.287322 -0.646864
vn 0.988550 0.140115 -0.056011
vn 0.900490 0.319694 0.294812
vn 0.992826 0.117076 -0.024265
vn 0.835845 0.208734 0.507733
vn 0.841269 0.070902 0.535947
vn 0.902499 0.061507 0.426277
vn 0.897743 0.179433 0.402319
vn 0.841868 -0.069906 0.535138
vn 0.902818 -0.059005 0.425955
vn 0.979946 0.007784 -0.199109
vn 0.978462 0.001256 -0.206421
vn 0.980261 -0.003129 -0.197683
vn 0.838411 -0.178161 0.515097
vn 0.901482 -0.152047 0.405231
vn 0.837207 -0.240270 0.491279
vn 0.986786 -0.129071 0.097946
vn 0.988979 -0.015916 -0.147200
vn 0.980173 0.007089 -0.198018
vn 0.602580 -0.796556 0.048950
vn 0.813677 -0.450323 0.367611
vn 0.834830 -0.449287 0.318121
vn 0.868238 -0.493782 -0.048399
vn 0.791896 0.044356 0.609043
vn 0.964081 0.243432 0.106244
vn 0.997368 -0.072501 -0.001164
vn 0.896040 -0.339631 0.285944
vn 0.994269 -0.100754 -0.035756
vn 0.795629 -0.547608 0.259036
vn 0.774542 -0.616984 0.139342
vn 0.845458 -0.526919 0.086933
vn 0.863311 -0.467764 0.189447
vn 0.751653 -0.659511 0.007930
vn 0.825694 -0.563547 -0.025383
vn 0.982985 0.036343 -0.180056
vn 0.981703 0.035684 -0.187043
vn 0.981787 0.025513 -0.188265
vn 0.727179 -0.673876 -0.130774
vn 0.804856 -0.575710 -0.144102
vn 0.702752 -0.658466 -0.269374
vn 0.783848 -0.562649 -0.262694
vn 0.985327 0.036311 -0.166767
vn 0.984125 0.037822 -0.173402
vn 0.679352 -0.614913 -0.400453
vn 0.764024 -0.525160 -0.374799
vn 0.658290 -0.544578 -0.519701
vn 0.745798 -0.465178 -0.476860
vn 0.987001 0.025202 -0.158723
vn 0.986519 0.035459 -0.159757
vn 0.642722 -0.472057 -0.603383
vn 0.734736 -0.400251 -0.547688
vn 0.636884 -0.418410 -0.647543
vn 0.895470 -0.160966 -0.414999
vn 0.978670 -0.008396 -0.205268
vn 0.986644 0.024587 -0.161024
vn 0.618425 -0.235731 -0.749654
vn 0.611451 -0.173143 -0.772107
vn 0.707950 -0.147281 -0.690735
vn 0.893607 -0.127176 -0.430456
vn 0.607955 -0.064907 -0.791314
vn 0.702603 -0.054727 -0.709475
vn 0.988981 0.007492 -0.147853
vn 0.988966 0.007117 -0.147974
vn 0.990448 0.005111 -0.137791
vn 0.607296 0.075742 -0.790857
vn 0.702347 0.065644 -0.708802
vn 0.990059 0.000880 -0.140652
vn 0.997351 -0.072738 -0.000674
vn 0.996639 -0.081715 -0.005737
vn 0.995590 -0.041453 -0.084157
vn 0.996157 -0.038117 -0.078851
vn 0.995871 -0.090167 -0.010508
vn 0.994982 -0.044711 -0.089512
vn 0.985723 0.001468 -0.168368
vn 0.985754 0.001745 -0.168185
vn 0.985785 0.002023 -0.168002
vn 0.987635 -0.145159 -0.059204
vn 0.985720 -0.153374 -0.069521
vn 0.989660 -0.080409 -0.118772
vn 0.990645 -0.074302 -0.114461
vn 0.981171 -0.167608 -0.095970
vn 0.987172 -0.090577 -0.131481
vn 0.985242 -0.001128 -0.171166
vn 0.985390 -0.000643 -0.170310
vn 0.985448 -0.000358 -0.169976
vn 0.974717 -0.179664 -0.132843
vn 0.983615 -0.097111 -0.151893
vn 0.967948 -0.183585 -0.171384
vn 0.979863 -0.099409 -0.173168
vn 0.984802 -0.001658 -0.173671
vn 0.985027 -0.001527 -0.172391
vn 0.961131 -0.179373 -0.209886
vn 0.976114 -0.096950 -0.194426
vn 0.954599 -0.167040 -0.246654
vn 0.972484 -0.090263 -0.214775
vn 0.984359 -0.001109 -0.176171
vn 0.984576 -0.001518 -0.174949
vn 0.949855 -0.152652 -0.272899
vn 0.970498 -0.080004 -0.227451
vn 0.948203 -0.144789 -0.282750
vn 0.970016 -0.073959 -0.231514
vn 0.984150 -0.000344 -0.177338
vn 0.984207 -0.000619 -0.177020
vn 0.944264 -0.116279 -0.307970
vn 0.965433 -0.065209 -0.252362
vn 0.939280 -0.088957 -0.331421
vn 0.965526 -0.044082 -0.256548
vn 0.983858 0.001508 -0.178946
vn 0.983988 0.000562 -0.178234
vn 0.936374 -0.052537 -0.347049
vn 0.934789 -0.014266 -0.354917
vn 0.961589 -0.005779 -0.274432
vn 0.962406 -0.026958 -0.270272
vn 0.934657 0.024862 -0.354680
vn 0.961460 0.015815 -0.274489
vn 0.983697 0.005264 -0.179758
vn 0.983702 0.003965 -0.179765
vn 0.983753 0.002694 -0.179505
vn 0.935441 0.055021 -0.349176
vn 0.962665 0.031404 -0.268868
vn 0.936530 0.069531 -0.343623
vn 0.963627 0.038576 -0.264454
vn 0.983760 0.006722 -0.179364
vn 0.983727 0.006248 -0.179558
vn 0.940196 0.101961 -0.325016
vn 0.963363 0.060967 -0.261181
vn 0.942443 0.130913 -0.307674
vn 0.967172 0.070361 -0.244188
vn 0.983962 0.008755 -0.178163
vn 0.983857 0.007853 -0.178784
vn 0.947584 0.157497 -0.277991
vn 0.953321 0.176827 -0.244769
vn 0.971831 0.099586 -0.213607
vn 0.968605 0.089142 -0.232075
vn 0.959715 0.188633 -0.208240
vn 0.975312 0.106344 -0.193541
vn 0.984529 0.010703 -0.174895
vn 0.984317 0.010310 -0.176106
vn 0.984126 0.009669 -0.177210
vn 0.966482 0.192642 -0.169708
vn 0.979069 0.108427 -0.172245
vn 0.973298 0.188343 -0.131215
vn 0.982820 0.106183 -0.150964
vn 0.984980 0.010693 -0.172337
vn 0.984754 0.010835 -0.173615
vn 0.979772 0.176252 -0.094769
vn 0.986406 0.099276 -0.130952
vn 0.985723 0.156658 -0.061709
vn 0.989680 0.088678 -0.112561
vn 0.985392 0.009642 -0.170029
vn 0.985195 0.010291 -0.171128
vn 0.989782 0.137185 -0.038879
vn 0.991851 0.076018 -0.102242
vn 0.991004 0.129875 -0.032296
vn 0.992448 0.069821 -0.100852
vn 0.985563 0.008720 -0.169086
vn 0.985525 0.008986 -0.169293
vn 0.997685 0.067927 0.003193
vn 0.998524 0.053635 0.008553
vn 0.996605 0.030655 -0.076410
vn 0.996014 0.037716 -0.080831
vn 0.999630 0.023473 0.013761
vn 0.997375 0.015048 -0.070825
vn 0.985855 0.005218 -0.167522
vn 0.985816 0.006203 -0.167713
vn 0.985782 0.006669 -0.167900
vn 0.999785 -0.015613 0.013657
vn 0.997449 -0.006518 -0.071091
vn 0.999328 -0.034769 0.011586
vn 0.997259 -0.017161 -0.071968
vn 0.985851 0.003283 -0.167594
vn 0.985860 0.003921 -0.167527
vn 0.985610 0.002484 -0.169017
vn 0.985588 0.002247 -0.169151
vn 0.985423 0.002782 -0.170100
vn 0.985428 0.003012 -0.170069
vn 0.985565 0.002010 -0.169285
vn 0.985426 0.002483 -0.170086
vn 0.985214 0.003159 -0.171301
vn 0.985158 0.003593 -0.171611
vn 0.985141 0.003800 -0.171703
vn 0.985337 0.000507 -0.170617
vn 0.985288 0.000283 -0.170900
vn 0.985171 0.001304 -0.171572
vn 0.985204 0.001533 -0.171380
vn 0.985164 -0.000100 -0.171613
vn 0.985081 0.001032 -0.172090
vn 0.984956 0.002641 -0.172785
vn 0.985012 0.002708 -0.172463
vn 0.985026 0.003028 -0.172380
vn 0.984989 -0.000428 -0.172617
vn 0.984944 0.000732 -0.172870
vn 0.984804 -0.000535 -0.173667
vn 0.984807 0.000696 -0.173650
vn 0.984806 0.002453 -0.173640
vn 0.984880 0.002388 -0.173220
vn 0.984619 -0.000420 -0.174716
vn 0.984660 0.000744 -0.174482
vn 0.984441 -0.000084 -0.175717
vn 0.984531 0.001033 -0.175209
vn 0.984654 0.002634 -0.174496
vn 0.984718 0.002401 -0.174139
vn 0.984314 0.000302 -0.176425
vn 0.984430 0.001343 -0.175770
vn 0.984266 0.000517 -0.176695
vn 0.984406 0.001546 -0.175905
vn 0.984578 0.003011 -0.174920
vn 0.984585 0.002743 -0.174886
vn 0.984141 0.001306 -0.177386
vn 0.984284 0.001941 -0.176581
vn 0.984024 0.002043 -0.178026
vn 0.984168 0.002510 -0.177222
vn 0.984385 0.003177 -0.176003
vn 0.984521 0.003121 -0.175240
vn 0.983944 0.003035 -0.178451
vn 0.983901 0.004077 -0.178666
vn 0.984111 0.004210 -0.177503
vn 0.984146 0.003410 -0.177325
vn 0.983898 0.005143 -0.178659
vn 0.984116 0.004997 -0.177457
vn 0.984425 0.004803 -0.175738
vn 0.984408 0.004388 -0.175845
vn 0.984447 0.003953 -0.175639
vn 0.983920 0.005956 -0.178512
vn 0.984134 0.005642 -0.177339
vn 0.983944 0.006349 -0.178362
vn 0.984161 0.005886 -0.177179
vn 0.984462 0.005348 -0.175516
vn 0.984420 0.005218 -0.175755
vn 0.984033 0.007251 -0.177839
vn 0.984189 0.006656 -0.176999
vn 0.984110 0.008032 -0.177379
vn 0.984238 0.007399 -0.176694
vn 0.984424 0.006430 -0.175693
vn 0.984462 0.005697 -0.175503
vn 0.984249 0.008755 -0.176570
vn 0.984406 0.009282 -0.175665
vn 0.984502 0.008198 -0.175184
vn 0.984382 0.007782 -0.175874
vn 0.984580 0.009603 -0.174671
vn 0.984633 0.008396 -0.174437
vn 0.984707 0.006675 -0.174089
vn 0.984633 0.006651 -0.174509
vn 0.984575 0.006318 -0.174851
vn 0.984765 0.009712 -0.173621
vn 0.984777 0.008524 -0.173614
vn 0.984950 0.009595 -0.172573
vn 0.984914 0.008395 -0.172843
vn 0.984861 0.006679 -0.173215
vn 0.984790 0.006831 -0.173612
vn 0.985126 0.009266 -0.171581
vn 0.985055 0.008176 -0.172049
vn 0.985288 0.008733 -0.170680
vn 0.985170 0.007762 -0.171404
vn 0.985001 0.006327 -0.172430
vn 0.984948 0.006624 -0.172724
vn 0.985399 0.008208 -0.170063
vn 0.985267 0.007457 -0.170858
vn 0.985432 0.008003 -0.169879
vn 0.985318 0.007376 -0.170571
vn 0.985149 0.006414 -0.171582
vn 0.985062 0.006247 -0.172086
vn 0.985612 0.006305 -0.168907
vn 0.985639 0.005918 -0.168763
vn 0.985441 0.005583 -0.169928
vn 0.985411 0.005873 -0.170090
vn 0.985667 0.005105 -0.168624
vn 0.985460 0.004993 -0.169832
vn 0.985163 0.004819 -0.171555
vn 0.985167 0.005153 -0.171519
vn 0.985119 0.005342 -0.171793
vn 0.985672 0.004041 -0.168627
vn 0.985471 0.004155 -0.169792
vn 0.985664 0.003518 -0.168683
vn 0.985454 0.003780 -0.169898
vn 0.985161 0.004098 -0.171582
vn 0.985182 0.004326 -0.171455
vn -0.963235 0.173283 0.205306
vn -0.996341 0.065966 0.054335
vn -0.993707 0.061273 0.093766
vn -0.997158 0.035295 0.066559
vn -0.994463 0.040341 0.097035
vn -0.988411 0.112804 0.101587
vn -0.987706 0.098065 0.121735
vn -0.991984 0.077519 0.099796
vn -0.990308 0.067403 0.121436
vn -0.980434 0.134934 0.143322
vn -0.979735 0.110205 0.167254
vn -0.985870 0.102796 0.132266
vn -0.984439 0.082576 0.155117
vn -0.970145 0.134714 0.201668
vn -0.971512 0.102489 0.213682
vn -0.977706 0.110162 0.178761
vn -0.978010 0.082439 0.191572
vn -0.963396 0.112280 0.243436
vn -0.966192 0.076993 0.246059
vn -0.969642 0.097679 0.224171
vn -0.972028 0.067026 0.225098
vn -0.911738 0.081500 0.402607
vn -0.954753 0.065249 0.290155
vn -0.959724 0.034531 0.278814
vn -0.906282 0.174901 0.384789
vn -0.975701 0.174764 0.132159
vn -0.965773 0.060664 0.252195
vn -0.967618 0.039767 0.249269
vn -0.950436 0.008035 0.310816
vn -0.958339 -0.011143 0.285415
vn -0.957953 0.029802 0.285372
vn -0.965640 0.008138 0.259757
vn -0.952133 -0.037425 0.303386
vn -0.961110 -0.050433 0.271522
vn -0.958519 -0.022817 0.284113
vn -0.966127 -0.032836 0.255971
vn -0.925043 -0.204647 0.320025
vn -0.957025 -0.097634 0.273077
vn -0.965699 -0.095025 0.241651
vn -0.901171 -0.160101 0.402812
vn -0.944199 0.057998 0.324230
vn -0.964097 -0.061270 0.258384
vn -0.969140 -0.064467 0.237933
vn -0.964656 -0.134804 0.226422
vn -0.972717 -0.115574 0.201157
vn -0.965498 -0.103007 0.239170
vn -0.973725 -0.084423 0.211501
vn -0.974204 -0.146978 0.171242
vn -0.980986 -0.117842 0.154207
vn -0.974713 -0.117976 0.189781
vn -0.980556 -0.093444 0.172564
vn -0.984092 -0.134386 0.116207
vn -0.989204 -0.102498 0.104735
vn -0.982999 -0.115355 0.142853
vn -0.987445 -0.084126 0.133695
vn -0.997854 0.063138 0.017360
vn -0.992841 -0.096807 0.069961
vn -0.994403 -0.060603 0.086540
vn -0.990230 -0.094508 0.102529
vn -0.992150 -0.063976 0.107445
vn -0.998523 -0.036424 0.040320
vn -0.997913 -0.021974 0.060724
vn -0.996078 -0.049662 0.073234
vn -0.995449 -0.032198 0.089692
vn -0.999411 0.009067 0.033093
vn -0.997744 0.030614 0.059739
vn -0.998174 -0.010292 0.059524
vn -0.996233 0.008772 0.086270
vn 0.985050 0.003696 -0.172230
vn 0.985036 0.003885 -0.172306
vn 0.985081 0.003112 -0.172061
vn 0.985018 0.003757 -0.172412
vn 0.985007 0.003893 -0.172471
vn 0.984963 0.003240 -0.172733
vn 0.984962 0.003405 -0.172736
vn 0.984944 0.003322 -0.172840
vn 0.984942 0.003474 -0.172849
vn 0.984862 0.002970 -0.173315
vn 0.984869 0.003129 -0.173271
vn 0.984844 0.003098 -0.173417
vn 0.984851 0.003239 -0.173370
vn 0.984743 0.002973 -0.173992
vn 0.984760 0.003100 -0.173889
vn 0.984735 0.003131 -0.174034
vn 0.984752 0.003241 -0.173934
vn 0.984639 0.003247 -0.174571
vn 0.984658 0.003328 -0.174464
vn 0.984640 0.003412 -0.174566
vn 0.984659 0.003480 -0.174453
vn 0.984549 0.003706 -0.175070
vn 0.984581 0.003767 -0.174887
vn 0.984439 0.003608 -0.175690
vn 0.984562 0.003895 -0.174993
vn 0.984591 0.003902 -0.174828
vn 0.984514 0.004405 -0.175252
vn 0.984539 0.004271 -0.175114
vn 0.984535 0.004511 -0.175129
vn 0.984560 0.004392 -0.174990
vn 0.984522 0.005067 -0.175187
vn 0.984542 0.004988 -0.175077
vn 0.984550 0.005115 -0.175030
vn 0.984568 0.005026 -0.174931
vn 0.984568 0.005693 -0.174909
vn 0.984589 0.005533 -0.174798
vn 0.984515 0.006259 -0.175190
vn 0.984604 0.005673 -0.174709
vn 0.984615 0.005516 -0.174652
vn 0.984672 0.006082 -0.174311
vn 0.984659 0.005907 -0.174392
vn 0.984696 0.005996 -0.174176
vn 0.984685 0.005825 -0.174243
vn 0.984790 0.006241 -0.173639
vn 0.984778 0.006094 -0.173713
vn 0.984803 0.006093 -0.173566
vn 0.984791 0.005964 -0.173640
vn 0.984909 0.006077 -0.172968
vn 0.984885 0.005992 -0.173104
vn 0.984924 0.005902 -0.172888
vn 0.984898 0.005820 -0.173038
vn 0.985015 0.005683 -0.172373
vn 0.984980 0.005665 -0.172573
vn 0.985119 0.005681 -0.171778
vn 0.984997 0.005524 -0.172486
vn 0.984971 0.005508 -0.172632
vn 0.985066 0.005055 -0.172101
vn 0.985039 0.005104 -0.172257
vn 0.985047 0.004977 -0.172211
vn 0.985022 0.005016 -0.172357
vn 0.985080 0.004394 -0.172042
vn 0.985058 0.004500 -0.172164
vn 0.985056 0.004261 -0.172182
vn 0.985034 0.004382 -0.172304
vn 0.403177 0.344904 -0.847638
vn 0.406430 0.386222 -0.828038
vn 0.591084 0.323587 -0.738858
vn 0.583842 0.291892 -0.757580
vn 0.410382 0.423998 -0.807349
vn 0.598701 0.354608 -0.718199
vn 0.758154 0.268111 -0.594406
vn 0.755636 0.243755 -0.607945
vn 0.752524 0.219212 -0.621010
vn 0.451865 0.668714 -0.590457
vn 0.457366 0.704012 -0.543307
vn 0.633006 0.591874 -0.498987
vn 0.630697 0.559893 -0.537346
vn 0.478211 0.767586 -0.426761
vn 0.646653 0.647906 -0.402564
vn 0.799254 0.484257 -0.355932
vn 0.786231 0.444893 -0.428848
vn 0.782025 0.422376 -0.458296
vn 0.506736 0.821068 -0.262804
vn 0.670868 0.692835 -0.264415
vn 0.536980 0.838614 -0.091533
vn 0.696176 0.707753 -0.120100
vn 0.836159 0.528848 -0.145459
vn 0.817190 0.517870 -0.253003
vn 0.567128 0.819773 0.079617
vn 0.721742 0.691744 0.024053
vn 0.596359 0.765043 0.243034
vn 0.746192 0.645766 0.161812
vn 0.873415 0.482671 0.064610
vn 0.855106 0.517059 -0.037997
vn 0.616491 0.700777 0.358959
vn 0.766247 0.589154 0.256443
vn 0.626965 0.666758 0.402925
vn 0.776883 0.558165 0.291385
vn 0.891833 0.421232 0.164917
vn 0.886032 0.442880 0.137126
vn 0.655681 0.547514 0.519913
vn 0.790563 0.462295 0.401613
vn 0.662338 0.418585 0.621366
vn 0.808713 0.350103 0.472664
vn 0.916085 0.264735 0.301172
vn 0.909291 0.342160 0.236890
vn 0.676543 0.256611 0.690247
vn 0.684161 0.085940 0.724250
vn 0.820415 0.073495 0.567026
vn 0.814204 0.216913 0.538536
vn 0.684994 -0.087962 0.723219
vn 0.820880 -0.072983 0.566418
vn 0.929071 -0.052904 0.366099
vn 0.928619 0.056253 0.366745
vn 0.924389 0.163091 0.344828
vn 0.680663 -0.221289 0.698376
vn 0.820081 -0.183759 0.541941
vn 0.679906 -0.286220 0.675134
vn 0.820506 -0.237328 0.520043
vn 0.925156 -0.176720 0.335942
vn 0.926450 -0.136182 0.350919
vn 0.673159 -0.434725 0.598223
vn 0.805589 -0.369947 0.462780
vn 0.648239 -0.560278 0.515632
vn 0.796969 -0.465800 0.384540
vn 0.907258 -0.348860 0.234902
vn 0.920065 -0.270283 0.283598
vn 0.626941 -0.678271 0.383266
vn 0.601836 -0.763378 0.234621
vn 0.751111 -0.641846 0.154487
vn 0.772317 -0.570468 0.279451
vn 0.573577 -0.815955 0.072299
vn 0.727013 -0.686389 0.017945
vn 0.859137 -0.509970 -0.042598
vn 0.876889 -0.477024 0.059279
vn 0.893203 -0.423173 0.152028
vn 0.543361 -0.833646 -0.098961
vn 0.701712 -0.701161 -0.126386
vn 0.513232 -0.814643 -0.270091
vn 0.676152 -0.685288 -0.270553
vn 0.821227 -0.509162 -0.257566
vn 0.840171 -0.521128 -0.150123
vn 0.484295 -0.760821 -0.431983
vn 0.652123 -0.639695 -0.406848
vn 0.457069 -0.674545 -0.579722
vn 0.629368 -0.567319 -0.531079
vn 0.786750 -0.420828 -0.451584
vn 0.803094 -0.475419 -0.359188
vn 0.437051 -0.587842 -0.680756
vn 0.616958 -0.492552 -0.613804
vn 0.432065 -0.555626 -0.710351
vn 0.616768 -0.461935 -0.637348
vn 0.771736 -0.345963 -0.533603
vn 0.774987 -0.366854 -0.514601
vn 0.407390 -0.279019 -0.869587
vn 0.400417 -0.215122 -0.890724
vn 0.585013 -0.178583 -0.791118
vn 0.592823 -0.231314 -0.771397
vn 0.396213 -0.081789 -0.914508
vn 0.577541 -0.067780 -0.813543
vn 0.747739 -0.049028 -0.662180
vn 0.750354 -0.132313 -0.647659
vn 0.754118 -0.172264 -0.633744
vn 0.395319 0.091909 -0.913934
vn 0.577118 0.078518 -0.812878
vn 0.393528 0.176690 -0.902173
vn 0.575278 0.150198 -0.804050
vn 0.746949 0.113369 -0.655145
vn 0.747233 0.060005 -0.661848
vn 0.160335 -0.408638 0.898503
vn 0.156556 -0.456567 0.875806
vn 0.156555 -0.456567 0.875806
vn 0.160334 -0.408638 0.898503
vn 0.152334 -0.503205 0.850634
vn 0.152334 -0.503206 0.850634
vn 0.152334 -0.503205 0.850634
vn 0.156556 -0.456567 0.875806
vn 0.160334 -0.408638 0.898503
vn 0.108157 -0.798431 0.592292
vn 0.098248 -0.839109 0.535018
vn 0.098247 -0.839109 0.535017
vn 0.108157 -0.798431 0.592292
vn 0.074174 -0.915039 0.396486
vn 0.074175 -0.915039 0.396487
vn 0.074174 -0.915039 0.396486
vn 0.098248 -0.839109 0.535018
vn 0.108157 -0.798431 0.592292
vn 0.039896 -0.978902 0.200396
vn 0.039896 -0.978902 0.200396
vn 0.003874 -0.999983 -0.004452
vn 0.003874 -0.999983 -0.004452
vn 0.003874 -0.999983 -0.004452
vn 0.039896 -0.978902 0.200396
vn -0.032317 -0.977359 -0.209106
vn -0.032317 -0.977359 -0.209105
vn -0.067096 -0.912020 -0.404620
vn -0.067096 -0.912020 -0.404620
vn -0.067096 -0.912020 -0.404620
vn -0.032318 -0.977359 -0.209106
vn -0.091703 -0.835266 -0.542145
vn -0.091703 -0.835266 -0.542145
vn -0.101499 -0.796045 -0.596667
vn -0.101500 -0.796044 -0.596667
vn -0.101499 -0.796045 -0.596666
vn -0.091703 -0.835266 -0.542145
vn -0.128367 -0.654265 -0.745292
vn -0.128367 -0.654264 -0.745292
vn -0.148460 -0.496777 -0.855086
vn -0.148460 -0.496777 -0.855086
vn -0.148460 -0.496776 -0.855086
vn -0.128367 -0.654264 -0.745292
vn -0.164097 -0.303313 -0.938655
vn -0.172332 -0.099711 -0.979979
vn -0.172332 -0.099711 -0.979979
vn -0.164097 -0.303313 -0.938655
vn -0.173117 0.108218 -0.978938
vn -0.173117 0.108218 -0.978938
vn -0.173117 0.108218 -0.978938
vn -0.172332 -0.099711 -0.979979
vn -0.164097 -0.303313 -0.938655
vn -0.168564 0.266689 -0.948927
vn -0.168564 0.266689 -0.948927
vn -0.164544 0.345015 -0.924062
vn -0.164544 0.345016 -0.924061
vn -0.164544 0.345015 -0.924062
vn -0.168564 0.266689 -0.948927
vn -0.149716 0.529341 -0.835095
vn -0.149716 0.529343 -0.835094
vn -0.131650 0.671877 -0.728869
vn -0.131649 0.671877 -0.728868
vn -0.131650 0.671877 -0.728868
vn -0.149716 0.529342 -0.835094
vn -0.104558 0.813932 -0.571474
vn -0.073810 0.915973 -0.394393
vn -0.073810 0.915973 -0.394393
vn -0.104558 0.813932 -0.571474
vn -0.039896 0.978902 -0.200396
vn -0.039896 0.978902 -0.200396
vn -0.039896 0.978902 -0.200396
vn -0.073810 0.915973 -0.394393
vn -0.104558 0.813932 -0.571474
vn -0.003874 0.999983 0.004452
vn -0.003874 0.999983 0.004452
vn 0.032317 0.977359 0.209106
vn 0.032317 0.977359 0.209105
vn 0.032317 0.977359 0.209105
vn -0.003874 0.999983 0.004452
vn 0.066745 0.912916 0.402652
vn 0.066745 0.912916 0.402652
vn 0.098307 0.809440 0.578915
vn 0.098307 0.809440 0.578915
vn 0.098307 0.809440 0.578915
vn 0.066745 0.912916 0.402652
vn 0.119849 0.705658 0.698343
vn 0.119849 0.705658 0.698343
vn 0.126465 0.666360 0.734827
vn 0.126465 0.666361 0.734826
vn 0.126465 0.666360 0.734827
vn 0.119849 0.705658 0.698343
vn 0.162003 0.336465 0.927656
vn 0.166536 0.259324 0.951324
vn 0.166536 0.259324 0.951324
vn 0.162003 0.336464 0.927657
vn 0.172308 0.100835 0.979869
vn 0.172307 0.100835 0.979869
vn 0.172307 0.100835 0.979869
vn 0.166536 0.259324 0.951324
vn 0.162003 0.336465 0.927656
vn 0.173137 -0.106858 0.979084
vn 0.173137 -0.106858 0.979084
vn 0.170799 -0.207729 0.963160
vn 0.170799 -0.207728 0.963160
vn 0.170799 -0.207729 0.963160
vn 0.173137 -0.106858 0.979084
vn -0.652569 0.686091 0.321609
vn -0.597829 0.688961 0.409798
vn -0.976716 0.168402 -0.132915
vn -0.959373 0.203311 -0.195621
vn -0.489094 0.726369 0.482883
vn -0.968330 0.160970 -0.190854
vn -0.616622 -0.512520 -0.597579
vn -0.661194 -0.466831 -0.587274
vn -0.693056 -0.397626 -0.601305
vn -0.684051 0.722431 0.100836
vn -0.680337 0.702161 0.210027
vn -0.925332 0.251115 -0.284082
vn -0.881100 0.295677 -0.369104
vn -0.698602 -0.324209 -0.637842
vn -0.686215 -0.259486 -0.679541
vn -0.633760 0.766961 -0.100592
vn -0.667532 0.744574 -0.003270
vn -0.827423 0.336703 -0.449446
vn -0.764921 0.373840 -0.524537
vn -0.660730 -0.201522 -0.723066
vn -0.624004 -0.150254 -0.766840
vn -0.524051 0.807764 -0.269979
vn -0.585231 0.788315 -0.189907
vn -0.694394 0.406734 -0.593620
vn -0.616694 0.435098 -0.656033
vn -0.577841 -0.105540 -0.809297
vn -0.523561 -0.067579 -0.849304
vn -0.371478 0.838299 -0.399072
vn -0.452185 0.824600 -0.339946
vn -0.532710 0.458710 -0.711200
vn -0.443355 0.477372 -0.758652
vn -0.462513 -0.036318 -0.885868
vn -0.395838 -0.011935 -0.918243
vn -0.190393 0.854870 -0.482647
vn -0.283663 0.848462 -0.446819
vn -0.349558 0.490937 -0.797991
vn -0.252261 0.499306 -0.828889
vn -0.324739 0.005681 -0.945787
vn -0.250304 0.016318 -0.968030
vn 0.006039 0.855797 -0.517277
vn -0.093295 0.857325 -0.506251
vn -0.152410 0.502424 -0.851082
vn -0.050960 0.500283 -0.864361
vn -0.173680 0.020189 -0.984595
vn -0.095976 0.017064 -0.995237
vn 0.204939 0.841052 -0.500631
vn 0.105999 0.850321 -0.515478
vn 0.051119 0.492887 -0.868591
vn 0.152846 0.480273 -0.863699
vn -0.018329 0.007126 -0.999807
vn 0.058063 -0.009785 -0.998265
vn 0.392729 0.812135 -0.431510
vn 0.301121 0.828187 -0.472686
vn 0.253228 0.462551 -0.849660
vn 0.351249 0.439835 -0.826541
vn 0.132009 -0.033515 -0.990682
vn 0.202164 -0.064161 -0.977248
vn 0.552656 0.777760 -0.299434
vn 0.477280 0.793548 -0.377474
vn 0.445264 0.412464 -0.794741
vn 0.534710 0.380486 -0.754530
vn 0.265874 -0.101390 -0.958661
vn 0.318014 -0.149762 -0.936183
vn 0.936965 0.149602 -0.315777
vn 0.917401 0.290296 0.272220
vn 0.666649 0.268588 -0.695298
vn 0.746753 0.328065 -0.578561
vn 0.582177 0.806166 -0.105673
vn 0.621344 0.349331 -0.701355
vn 0.328380 -0.258374 -0.908521
vn 0.706270 -0.195680 -0.680361
vn 0.949769 0.079913 -0.302576
vn 0.773603 0.343911 -0.532225
vn 0.605970 0.464506 -0.645783
vn 0.438476 0.550272 -0.710591
vn 0.133799 -0.657548 0.741437
vn 0.133799 -0.657548 0.741437
vn 0.133799 -0.657548 0.741437
vn 0.993471 -0.065448 -0.093449
vn 0.985603 0.000542 -0.169075
vn 0.992555 -0.116940 -0.034064
vn 0.985317 0.001928 -0.170724
vn 0.985457 0.001289 -0.169921
vn -0.842706 0.244302 0.479754
vn -0.887805 0.214104 0.407383
vn -0.882125 0.145990 0.447819
vn -0.832479 0.187513 0.521361
vn -0.708344 0.322684 0.627793
vn -0.779644 0.283611 0.558319
vn -0.769609 0.229218 0.595954
vn -0.698453 0.268513 0.663373
vn -0.544575 0.394173 0.740315
vn -0.629674 0.359864 0.688483
vn -0.619946 0.304843 0.723006
vn -0.535041 0.337795 0.774355
vn -0.359076 0.451705 0.816717
vn -0.454036 0.424945 0.783117
vn -0.444767 0.367017 0.816995
vn -0.350133 0.392238 0.850621
vn -0.159981 0.491869 0.855845
vn -0.260717 0.474099 0.840986
vn -0.252179 0.413234 0.875010
vn -0.151907 0.429838 0.890035
vn 0.044595 0.512850 0.857319
vn -0.057877 0.504828 0.861278
vn -0.050330 0.441921 0.895641
vn 0.051576 0.449398 0.891842
vn 0.246717 0.513831 0.821650
vn 0.146450 0.515859 0.844063
vn 0.152838 0.452212 0.878718
vn 0.252502 0.450347 0.856406
vn 0.438632 0.494777 0.750199
vn 0.344430 0.506780 0.790280
vn 0.349624 0.443811 0.825103
vn 0.443263 0.432652 0.785067
vn 0.612702 0.456435 0.645185
vn 0.528371 0.477935 0.701714
vn 0.532494 0.416947 0.736617
vn 0.616385 0.396817 0.680151
vn 0.760518 0.401049 0.510658
vn 0.690225 0.430709 0.581445
vn 0.693585 0.372581 0.616541
vn 0.763665 0.344308 0.546139
vn 0.982796 0.008418 -0.184504
vn 0.979208 0.191037 0.068234
vn 0.892330 0.267186 0.363811
vn 0.980297 -0.001068 -0.197529
vn 0.823523 0.369291 0.430621
vn 0.827736 0.311475 0.466729
vn 0.918297 0.240404 0.314542
vn 0.808549 0.319090 0.494399
vn 0.665611 0.380876 0.641792
vn -0.153023 -0.450170 -0.879733
vn -0.153023 -0.450170 -0.879733
vn -0.153023 -0.450170 -0.879733
vn 0.964274 -0.040799 -0.261746
vn 0.983825 0.001785 -0.179126
vn 0.938382 -0.080520 -0.336090
vn 0.984170 0.002808 -0.177206
vn 0.983999 0.002280 -0.178157
vn -0.838187 -0.236493 0.491441
vn -0.879056 -0.170480 0.445193
vn -0.890181 -0.231717 0.392282
vn -0.842968 -0.295973 0.449227
vn -0.710420 -0.373071 0.596759
vn -0.778848 -0.308370 0.546171
vn -0.782916 -0.363269 0.505052
vn -0.714337 -0.425922 0.555259
vn -0.550914 -0.483098 0.680522
vn -0.634081 -0.431282 0.641823
vn -0.638167 -0.483381 0.599237
vn -0.555353 -0.535153 0.636549
vn -0.368349 -0.567043 0.736737
vn -0.461984 -0.528409 0.712288
vn -0.466912 -0.580779 0.666850
vn -0.373840 -0.619893 0.689910
vn -0.171141 -0.623595 0.762785
vn -0.271056 -0.598823 0.753617
vn -0.277169 -0.652187 0.705571
vn -0.177895 -0.677426 0.713755
vn 0.032493 -0.651654 0.757820
vn -0.069624 -0.641234 0.764180
vn -0.077025 -0.695436 0.714448
vn 0.024466 -0.706096 0.707694
vn 0.234592 -0.650673 0.722213
vn 0.134223 -0.654805 0.743784
vn 0.125606 -0.709340 0.693584
vn 0.225440 -0.705148 0.672267
vn 0.427403 -0.620680 0.657330
vn 0.332636 -0.639279 0.693308
vn 0.323023 -0.693549 0.643930
vn 0.417408 -0.674617 0.608820
vn 0.603319 -0.562285 0.565545
vn 0.517942 -0.594973 0.614608
vn 0.507667 -0.648480 0.567228
vn 0.592860 -0.615322 0.519515
vn 0.754029 -0.477211 0.451342
vn 0.682144 -0.523033 0.510996
vn 0.671621 -0.575645 0.466432
vn 0.743496 -0.529691 0.408216
vn 0.984753 0.016483 -0.173178
vn 0.983197 -0.162767 0.082647
vn 0.877231 -0.403339 0.260351
vn 0.982243 0.025870 -0.185820
vn 0.819483 -0.422103 0.387655
vn 0.809767 -0.475698 0.343495
vn 0.903782 -0.369649 0.215724
vn 0.789039 -0.496308 0.362072
vn 0.642781 -0.592327 0.485780
vn -0.125320 0.710995 -0.691940
vn -0.125320 0.710995 -0.691940
vn -0.125320 0.710995 -0.691940
vn 0.967094 0.076560 -0.242626
vn 0.983998 0.009019 -0.177953
vn 0.943561 0.138189 -0.300993
vn 0.984289 0.007479 -0.176406
vn 0.984142 0.008235 -0.177192
vn 0.994685 -0.023411 -0.100263
vn 0.993591 -0.032313 -0.108321
vn 0.769569 0.235352 -0.593611
vn 0.767716 0.159888 -0.620522
vn 0.730236 0.287330 -0.619836
vn 0.256587 0.462584 -0.848634
vn 0.292472 0.413789 -0.862113
vn 0.320626 0.276650 -0.905905
vn 0.297294 0.735575 -0.608724
vn 0.291420 0.602623 -0.742914
vn 0.707309 0.407116 -0.577902
vn 0.758387 0.451035 -0.470549
vn 0.989714 -0.066160 -0.126842
vn 0.799723 0.428352 -0.420663
vn 0.989641 -0.067196 -0.126868
vn 0.805816 0.440404 -0.395858
vn 0.387593 0.765207 -0.514033
vn 0.342246 0.756789 -0.556901
vn 0.986476 -0.069961 -0.148223
vn 0.985167 -0.068376 -0.157386
vn 0.830737 0.496958 -0.250815
vn 0.821286 0.484852 -0.300677
vn 0.982312 -0.070456 -0.173490
vn 0.848950 0.507385 -0.147795
vn 0.472857 0.877493 -0.080080
vn 0.441006 0.859180 -0.259467
vn 0.413874 0.842194 -0.345568
vn 0.979500 -0.068304 -0.189509
vn 0.867043 0.496217 -0.044786
vn 0.975500 -0.068448 -0.209081
vn 0.885344 0.461958 0.052547
vn 0.526818 0.804671 0.273803
vn 0.504209 0.857870 0.099161
vn 0.973240 -0.064572 -0.220533
vn 0.895808 0.426915 0.123579
vn 0.875172 0.447524 0.183834
vn 0.487824 0.733238 0.473698
vn 0.512827 0.753450 0.411487
vn 0.865024 0.393037 0.311857
vn 0.896349 0.285222 0.339421
vn 0.532105 0.456751 0.712912
vn 0.529040 0.599241 0.600855
vn 0.611526 0.271078 0.743338
vn 0.570303 0.408137 0.712867
vn 0.926214 0.233482 0.295997
vn 0.933907 0.156513 0.321437
vn 0.970414 -0.031197 -0.239424
vn 0.968983 -0.022965 -0.246059
vn 0.969149 -0.002985 -0.246459
vn 0.937592 0.054385 0.343458
vn 0.967441 0.016730 -0.252542
vn 0.938635 -0.049934 0.341277
vn 0.620067 -0.093284 0.778983
vn 0.626760 0.090100 0.773986
vn 0.967077 0.029088 -0.252817
vn 0.934945 -0.129948 0.330139
vn 0.915395 -0.179665 0.360239
vn 0.547332 -0.310934 0.777012
vn 0.582181 -0.237596 0.777569
vn 0.876293 -0.320702 0.359530
vn 0.887041 -0.375166 0.269088
vn 0.516752 -0.613142 0.597515
vn 0.546418 -0.476820 0.688527
vn 0.559626 -0.713144 0.422191
vn 0.546074 -0.635013 0.546407
vn 0.912524 -0.355609 0.202096
vn 0.904089 -0.404790 0.137001
vn 0.972113 0.057738 -0.227296
vn 0.972938 0.066604 -0.221258
vn 0.976473 0.072229 -0.203182
vn 0.887927 -0.457392 0.048762
vn 0.979027 0.078035 -0.188195
vn 0.870986 -0.488844 -0.049151
vn 0.511172 -0.854602 0.091429
vn 0.540499 -0.799534 0.261926
vn 0.981777 0.079009 -0.172833
vn 0.852699 -0.499723 -0.152252
vn 0.984446 0.077913 -0.157466
vn 0.834629 -0.488071 -0.255307
vn 0.447952 -0.853258 -0.267003
vn 0.479318 -0.873237 -0.087817
vn 0.987159 0.072056 -0.142563
vn 0.817069 -0.455868 -0.352963
vn 0.990009 0.066372 -0.124410
vn 0.802010 -0.402689 -0.441159
vn 0.380434 -0.709374 -0.593345
vn 0.417267 -0.796907 -0.436838
vn 0.991393 0.055960 -0.118355
vn 0.788285 -0.353643 -0.503531
vn 0.937787 -0.070264 -0.340027
vn 0.744228 -0.367702 -0.557602
vn 0.280121 -0.608045 -0.742842
vn 0.325227 -0.630368 -0.704886
vn 0.945965 -0.099656 -0.308576
vn 0.995354 0.027255 -0.092341
vn 0.765347 -0.127339 -0.630895
vn 0.733263 -0.175076 -0.657019
vn 0.995482 0.016279 -0.093542
vn 0.765384 -0.046178 -0.641915
vn 0.316209 -0.087057 -0.944687
vn 0.280926 -0.231014 -0.931511
vn 0.247956 -0.302546 -0.920317
vn 0.994985 -0.003376 -0.099964
vn 0.763618 0.058046 -0.643054
vn 0.324315 0.096130 -0.941052
vn -0.859451 0.283633 -0.425318
vn -0.827721 0.386456 -0.406852
vn -0.967418 -0.236379 -0.090705
vn -0.948420 -0.281359 -0.146069
vn -0.778138 0.462328 -0.425152
vn -0.948721 -0.300593 -0.097842
vn -0.595657 -0.750970 0.285020
vn -0.613241 -0.745339 0.261546
vn -0.649155 -0.737549 0.186061
vn -0.845939 0.067558 -0.528983
vn -0.863663 0.170260 -0.474445
vn -0.912003 -0.343731 -0.223830
vn -0.865515 -0.402074 -0.298698
vn -0.656349 -0.748497 0.094649
vn -0.643741 -0.765191 0.008933
vn -0.759739 -0.103817 -0.641887
vn -0.810277 -0.023777 -0.585564
vn -0.809766 -0.455575 -0.369772
vn -0.745386 -0.503875 -0.436473
vn -0.616126 -0.784434 -0.071069
vn -0.575718 -0.804721 -0.144822
vn -0.623526 -0.230660 -0.747002
vn -0.696795 -0.172753 -0.696156
vn -0.673194 -0.546511 -0.498131
vn -0.594059 -0.583096 -0.554160
vn -0.524611 -0.824560 -0.211857
vn -0.464416 -0.842919 -0.271673
vn -0.453077 -0.314031 -0.834330
vn -0.541742 -0.277730 -0.793336
vn -0.508882 -0.613323 -0.604048
vn -0.418586 -0.636954 -0.647360
vn -0.396676 -0.858884 -0.323987
vn -0.322693 -0.871841 -0.368458
vn -0.261027 -0.354957 -0.897703
vn -0.359030 -0.339781 -0.869279
vn -0.324110 -0.653805 -0.683733
vn -0.226397 -0.663773 -0.712847
vn -0.243754 -0.881280 -0.404882
vn -0.161007 -0.886921 -0.432952
vn -0.058618 -0.353978 -0.933415
vn -0.160434 -0.359726 -0.919162
vn -0.126399 -0.666772 -0.734464
vn -0.025074 -0.662800 -0.748377
vn -0.075626 -0.888531 -0.452540
vn 0.011287 -0.886105 -0.463347
vn 0.143141 -0.311147 -0.939520
vn 0.043052 -0.337845 -0.940217
vn 0.076611 -0.651864 -0.754456
vn 0.177676 -0.634062 -0.752594
vn 0.098591 -0.879655 -0.465281
vn 0.185144 -0.869427 -0.458059
vn 0.332407 -0.226014 -0.915655
vn 0.240142 -0.273936 -0.931284
vn 0.277129 -0.609499 -0.742772
vn 0.373966 -0.578378 -0.725002
vn 0.269761 -0.855708 -0.441580
vn 0.351169 -0.839043 -0.415556
vn 0.493429 -0.091175 -0.864994
vn 0.417600 -0.167613 -0.893038
vn 0.466591 -0.541208 -0.699562
vn 0.554512 -0.498376 -0.666436
vn 0.426903 -0.820559 -0.380048
vn 0.494218 -0.803111 -0.332808
vn 0.868655 0.274173 -0.412635
vn 0.676424 -0.446703 -0.585583
vn 0.744366 -0.335103 -0.577603
vn 0.527937 0.070632 -0.846341
vn 0.638141 -0.446984 -0.626882
vn 0.542323 -0.804664 -0.241664
vn 0.830606 -0.501048 -0.242992
vn 0.700014 -0.315964 -0.640427
vn 0.277291 -0.469481 -0.838270
vn 0.767184 -0.266338 -0.583518
vn 0.598118 -0.364705 -0.713614
vn 0.427350 -0.428491 -0.796095
vn 0.145777 0.521783 0.840530
vn 0.145777 0.521782 0.840531
vn 0.145777 0.521783 0.840530
vn 0.994687 0.060193 -0.083508
vn 0.985676 0.007806 -0.168468
vn 0.994813 0.100561 -0.015334
vn 0.985375 0.006625 -0.170270
vn 0.985517 0.007212 -0.169422
vn 0.188592 -0.744876 0.639994
vn 0.425397 0.631236 0.648521
vn 0.426233 0.631499 0.647715
vn 0.188900 -0.744473 0.640373
vn -0.166939 0.776197 -0.607988
vn -0.167135 0.775886 -0.608331
vn -0.167323 0.775580 -0.608670
vn 0.426760 0.631834 0.647041
vn 0.189215 -0.744063 0.640756
vn -0.180403 0.767574 -0.615049
vn -0.180659 0.767195 -0.615446
vn -0.188740 0.772168 -0.606741
vn -0.189124 0.771685 -0.607235
vn -0.189491 0.771198 -0.607739
vn -0.180907 0.766817 -0.615845
vn 0.194242 -0.765740 0.613117
vn 0.187319 -0.758342 0.624362
vn 0.187659 -0.757950 0.624737
vn 0.194720 -0.765260 0.613564
vn 0.188005 -0.757540 0.625129
vn 0.195209 -0.764749 0.614046
vn -0.004481 -0.869337 -0.494199
vn 0.449175 -0.487265 0.748876
vn 0.449716 -0.486693 0.748923
vn -0.004127 -0.869630 -0.493686
vn 0.051130 0.820194 0.569796
vn 0.050955 0.820415 0.569493
vn 0.050801 0.820630 0.569197
vn 0.449955 -0.486161 0.749125
vn -0.003766 -0.869924 -0.493171
vn 0.029220 0.836304 0.547487
vn 0.028968 0.836587 0.547068
vn 0.020329 0.832605 0.553494
vn 0.019952 0.832966 0.552964
vn 0.019588 0.833331 0.552427
vn 0.028727 0.836870 0.546647
vn -0.008440 -0.842695 -0.538326
vn -0.014267 -0.850756 -0.525367
vn -0.013908 -0.851043 -0.524912
vn -0.007945 -0.843044 -0.537785
vn -0.013541 -0.851341 -0.524438
vn -0.007434 -0.843417 -0.537209
vn -0.196462 0.781396 -0.592303
vn -0.196982 0.780851 -0.592849
vn -0.202010 0.792455 -0.575505
vn -0.202590 0.791946 -0.576003
vn -0.203195 0.791418 -0.576514
vn -0.197503 0.780289 -0.593415
vn 0.208433 -0.787269 0.580313
vn 0.202471 -0.775520 0.597975
vn 0.203109 -0.774972 0.598470
vn 0.209134 -0.786754 0.580759
vn 0.203765 -0.774401 0.598985
vn 0.209860 -0.786231 0.581206
vn 0.013146 0.823664 0.566926
vn 0.012644 0.824075 0.566339
vn 0.008011 0.812840 0.582432
vn 0.007453 0.813227 0.581898
vn 0.006858 0.813620 0.581357
vn 0.012131 0.824496 0.565738
vn 0.005571 -0.820904 -0.571039
vn -0.000299 -0.832859 -0.553485
vn 0.000357 -0.833258 -0.552884
vn 0.006296 -0.821275 -0.570497
vn 0.001039 -0.833670 -0.552262
vn 0.007048 -0.821648 -0.569952
vn -0.203208 0.804293 -0.558407
vn -0.203807 0.803865 -0.558806
vn -0.200076 0.816367 -0.541770
vn -0.200658 0.816013 -0.542088
vn -0.201274 0.815652 -0.542403
vn -0.204428 0.803417 -0.559223
vn 0.206508 -0.812775 0.544749
vn 0.209766 -0.799894 0.562288
vn 0.210474 -0.799466 0.562632
vn 0.207190 -0.812431 0.545003
vn 0.211198 -0.799030 0.562980
vn 0.207887 -0.812084 0.545255
vn 0.006955 0.801306 0.598214
vn 0.006385 0.801635 0.597780
vn 0.009986 0.789608 0.613530
vn 0.009420 0.789870 0.613202
vn 0.008836 0.790146 0.612854
vn 0.005786 0.801972 0.597334
vn 0.003450 -0.795140 -0.606417
vn 0.006807 -0.808127 -0.588968
vn 0.007536 -0.808431 -0.588543
vn 0.004143 -0.795384 -0.606092
vn 0.008281 -0.808738 -0.588111
vn 0.004855 -0.795627 -0.605768
vn -0.192762 0.828133 -0.526344
vn -0.193316 0.827864 -0.526564
vn -0.181626 0.839100 -0.512760
vn -0.182117 0.838897 -0.512918
vn -0.182637 0.838692 -0.513069
vn -0.193889 0.827577 -0.526804
vn 0.187073 -0.837062 0.514132
vn 0.198825 -0.825345 0.528463
vn 0.199454 -0.825082 0.528637
vn 0.187632 -0.836874 0.514234
vn 0.200102 -0.824822 0.528799
vn 0.188202 -0.836691 0.514323
vn 0.016920 0.778242 0.627736
vn 0.016395 0.778450 0.627493
vn 0.027441 0.767708 0.640212
vn 0.026972 0.767860 0.640050
vn 0.026479 0.768017 0.639881
vn 0.015844 0.778663 0.627243
vn -0.016187 -0.770806 -0.636864
vn -0.004342 -0.782523 -0.622607
vn -0.003699 -0.782704 -0.622383
vn -0.015619 -0.770933 -0.636725
vn -0.003044 -0.782885 -0.622159
vn -0.015046 -0.771062 -0.636583
vn -0.167161 0.848791 -0.501609
vn -0.167577 0.848653 -0.501703
vn -0.150007 0.856803 -0.493341
vn -0.150331 0.856720 -0.493387
vn -0.150676 0.856635 -0.493430
vn -0.168017 0.848513 -0.501793
vn 0.153635 -0.856002 0.493616
vn 0.171785 -0.847424 0.502356
vn 0.172256 -0.847306 0.502395
vn 0.153996 -0.855928 0.493632
vn 0.172730 -0.847189 0.502430
vn 0.154361 -0.855866 0.493626
vn 0.041063 0.758437 0.650451
vn 0.040669 0.758544 0.650351
vn 0.057193 0.750827 0.658018
vn 0.056889 0.750896 0.657966
vn 0.056563 0.750959 0.657922
vn 0.040252 0.758650 0.650253
vn -0.049783 -0.752026 -0.657250
vn -0.031562 -0.760501 -0.648569
vn -0.031086 -0.760577 -0.648503
vn -0.049415 -0.752064 -0.657235
vn -0.030605 -0.760648 -0.648442
vn -0.049048 -0.752102 -0.657219
vn -0.130906 0.862796 -0.488310
vn -0.131126 0.862757 -0.488321
vn -0.110672 0.866536 -0.486689
vn -0.110782 0.866519 -0.486695
vn -0.110905 0.866508 -0.486687
vn -0.131364 0.862717 -0.488326
vn 0.111960 -0.866433 0.486578
vn 0.133403 -0.862422 0.488295
vn 0.133652 -0.862394 0.488276
vn 0.112088 -0.866421 0.486571
vn 0.133896 -0.862369 0.488253
vn 0.112207 -0.866419 0.486547
vn 0.075134 0.745196 0.662599
vn 0.074927 0.745235 0.662579
vn 0.094118 0.741761 0.664028
vn 0.094016 0.741771 0.664031
vn 0.093900 0.741781 0.664035
vn 0.074703 0.745259 0.662577
vn -0.091540 -0.741897 -0.664236
vn -0.070065 -0.745735 -0.662548
vn -0.069815 -0.745749 -0.662559
vn -0.091412 -0.741898 -0.664252
vn -0.069570 -0.745769 -0.662562
vn -0.091292 -0.741898 -0.664269
vn -0.090166 0.867855 -0.488567
vn -0.090160 0.867855 -0.488568
vn -0.070249 0.866711 -0.493839
vn -0.070130 0.866706 -0.493865
vn -0.070017 0.866704 -0.493884
vn -0.090165 0.867855 -0.488568
vn 0.069090 -0.866643 0.494122
vn 0.090215 -0.867858 0.488553
vn 0.090223 -0.867853 0.488561
vn 0.068981 -0.866629 0.494161
vn 0.090217 -0.867858 0.488553
vn 0.068857 -0.866615 0.494203
vn 0.113345 0.740658 0.662253
vn 0.113350 0.740666 0.662243
vn 0.132006 0.741947 0.657335
vn 0.132116 0.741954 0.657305
vn 0.132223 0.741951 0.657287
vn 0.113346 0.740662 0.662248
vn -0.134410 -0.742083 -0.656694
vn -0.113297 -0.740663 -0.662256
vn -0.113290 -0.740662 -0.662257
vn -0.134520 -0.742093 -0.656660
vn -0.113294 -0.740666 -0.662253
vn -0.134644 -0.742109 -0.656616
vn -0.051766 0.863143 -0.502300
vn -0.051540 0.863119 -0.502364
vn -0.035498 0.857302 -0.513588
vn -0.035178 0.857241 -0.513712
vn -0.034849 0.857190 -0.513820
vn -0.051317 0.863096 -0.502426
vn 0.032222 -0.856598 0.514978
vn 0.049482 -0.862834 0.503059
vn 0.049265 -0.862796 0.503147
vn 0.031912 -0.856515 0.515134
vn 0.049029 -0.862756 0.503238
vn 0.031587 -0.856423 0.515307
vn 0.149317 0.745564 0.649492
vn 0.149527 0.745582 0.649422
vn 0.164546 0.751361 0.639047
vn 0.164842 0.751408 0.638916
vn 0.165140 0.751450 0.638789
vn 0.149735 0.745594 0.649360
vn -0.171193 -0.752547 -0.635897
vn -0.153986 -0.746103 -0.647780
vn -0.154203 -0.746136 -0.647690
vn -0.171501 -0.752617 -0.635731
vn -0.154437 -0.746172 -0.647593
vn -0.171825 -0.752697 -0.635550
vn -0.022145 0.849429 -0.527239
vn -0.021746 0.849317 -0.527435
vn -0.012301 0.839841 -0.542692
vn -0.011833 0.839674 -0.542961
vn -0.011355 0.839508 -0.543229
vn -0.021337 0.849211 -0.527622
vn 0.007606 -0.837949 0.545695
vn 0.018057 -0.848185 0.529393
vn 0.017673 -0.848044 0.529631
vn 0.007169 -0.837739 0.546024
vn 0.017268 -0.847895 0.529882
vn 0.006710 -0.837518 0.546368
vn 0.177030 0.759116 0.626421
vn 0.177406 0.759191 0.626223
vn 0.186229 0.768499 0.612150
vn 0.186664 0.768617 0.611870
vn 0.187110 0.768729 0.611593
vn 0.177784 0.759265 0.626026
vn -0.195646 -0.771590 -0.605286
vn -0.185284 -0.761165 -0.621529
vn -0.185666 -0.761281 -0.621273
vn -0.196078 -0.771761 -0.604929
vn -0.186069 -0.761401 -0.621005
vn -0.196533 -0.771937 -0.604556
vn -0.006477 0.828996 -0.559217
vn -0.005971 0.828761 -0.559571
vn -0.004649 0.817423 -0.576019
vn -0.004148 0.817112 -0.576464
vn -0.003613 0.816806 -0.576901
vn -0.005458 0.828521 -0.559931
vn 0.009448 -0.806551 0.591089
vn 0.001241 -0.826196 0.563382
vn 0.000544 -0.825736 0.564057
vn 0.007639 -0.805312 0.592801
vn -0.000288 -0.825253 0.564764
vn 0.006008 -0.804298 0.594195
vn 0.191661 0.779081 0.596908
vn 0.192125 0.779252 0.596535
vn 0.193343 0.790313 0.581398
vn 0.193804 0.790542 0.580933
vn 0.194295 0.790761 0.580471
vn 0.192602 0.779422 0.596159
vn -0.193737 -0.804715 -0.561159
vn -0.201913 -0.783501 -0.587671
vn -0.202601 -0.783873 -0.586938
vn -0.195487 -0.805650 -0.559208
vn -0.203417 -0.784249 -0.586153
vn -0.197074 -0.806377 -0.557600
vn -0.014608 0.801234 -0.598173
vn -0.015063 0.801689 -0.597552
vn 0.288814 0.304359 -0.907718
vn 0.289551 0.302501 -0.908104
vn -0.015444 0.802063 -0.597039
vn 0.288311 0.306073 -0.907302
vn 0.460902 -0.360638 -0.810870
vn 0.461208 -0.363440 -0.809443
vn 0.461469 -0.365820 -0.808222
vn 0.506338 -0.673041 -0.539108
vn 0.400989 -0.910950 0.096843
vn 0.400379 -0.911101 0.097943
vn 0.506090 -0.671548 -0.541198
vn 0.098186 -0.754047 0.649440
vn 0.096094 -0.752007 0.652113
vn 0.093578 -0.749525 0.655328
vn 0.400415 -0.911002 0.098704
vn 0.505846 -0.669983 -0.543362
vn 0.184042 0.806727 0.561534
vn 0.183623 0.806378 0.562172
vn 0.435797 0.898952 -0.044338
vn 0.436264 0.898626 -0.046310
vn 0.183275 0.806089 0.562699
vn 0.435538 0.899166 -0.042519
vn 0.483034 0.574720 -0.660588
vn 0.482686 0.572404 -0.662848
vn 0.482391 0.570423 -0.664768
vn 0.443894 0.215192 -0.869857
vn 0.228340 -0.437245 -0.869872
vn 0.227586 -0.438217 -0.869580
vn 0.444140 0.217652 -0.869118
vn -0.104649 -0.857556 -0.503633
vn -0.106655 -0.859093 -0.500584
vn -0.109066 -0.860932 -0.496892
vn 0.227551 -0.438913 -0.869239
vn 0.444410 0.220204 -0.868338
vn 0.031960 0.768858 0.638620
vn 0.042571 0.764531 0.643179
vn 0.042392 0.764177 0.643612
vn 0.031682 0.768413 0.639170
vn 0.053400 0.775491 0.629096
vn 0.053279 0.775211 0.629452
vn 0.053159 0.774915 0.629826
vn 0.042220 0.763804 0.644065
vn 0.031412 0.767937 0.639754
vn 0.180245 0.635347 -0.750896
vn 0.179768 0.635857 -0.750580
vn -0.041821 -0.737352 -0.674213
vn -0.041738 -0.736924 -0.674686
vn -0.041652 -0.736491 -0.675164
vn 0.178930 0.636415 -0.750306
vn -0.038338 -0.753239 -0.656629
vn -0.038227 -0.752820 -0.657115
vn -0.028050 -0.760944 -0.648210
vn -0.027848 -0.760423 -0.648831
vn -0.027663 -0.759898 -0.649453
vn -0.038121 -0.752401 -0.657601
vn 0.009077 0.788988 0.614342
vn 0.019919 0.778003 0.627945
vn 0.019522 0.777493 0.628588
vn 0.008606 0.788510 0.614962
vn 0.019112 0.776964 0.629255
vn 0.008102 0.788027 0.615587
vn -0.015148 -0.770881 -0.636799
vn -0.014831 -0.770292 -0.637519
vn -0.003557 -0.782791 -0.622275
vn -0.003155 -0.782242 -0.622966
vn -0.002741 -0.781671 -0.623685
vn -0.014520 -0.769685 -0.638259
vn -0.000537 0.812814 0.582523
vn 0.002180 0.800785 0.598948
vn 0.001669 0.800388 0.599480
vn -0.001047 0.812493 0.582970
vn 0.001143 0.799985 0.600018
vn -0.001579 0.812172 0.583416
vn 0.003831 -0.795550 -0.605876
vn 0.004281 -0.795086 -0.606482
vn 0.006735 -0.808565 -0.588368
vn 0.007201 -0.808184 -0.588886
vn 0.007699 -0.807792 -0.589417
vn 0.004751 -0.794603 -0.607110
vn 0.006786 0.835463 0.549504
vn 0.001040 0.824537 0.565806
vn 0.000537 0.824298 0.566156
vn 0.006332 0.835289 0.549775
vn 0.000028 0.824054 0.566512
vn 0.005862 0.835119 0.550038
vn 0.005048 -0.821263 -0.570528
vn 0.005506 -0.820963 -0.570955
vn -0.001134 -0.833090 -0.553136
vn -0.000698 -0.832874 -0.553462
vn -0.000237 -0.832649 -0.553800
vn 0.005997 -0.820657 -0.571390
vn 0.029559 0.853107 0.520897
vn 0.016446 0.845116 0.534331
vn 0.016041 0.845010 0.534509
vn 0.029242 0.853045 0.521018
vn 0.015637 0.844902 0.534693
vn 0.028924 0.852984 0.521136
vn -0.011502 -0.843553 -0.536923
vn -0.011124 -0.843403 -0.537166
vn -0.025600 -0.852204 -0.522582
vn -0.025297 -0.852111 -0.522749
vn -0.024960 -0.852029 -0.522899
vn -0.010715 -0.843254 -0.537408
vn 0.063800 0.862817 0.501474
vn 0.045575 0.859089 0.509793
vn 0.045351 0.859064 0.509855
vn 0.063682 0.862813 0.501496
vn 0.045135 0.859035 0.509923
vn 0.063572 0.862807 0.501520
vn -0.042806 -0.858687 -0.510709
vn -0.042596 -0.858636 -0.510813
vn -0.062387 -0.862724 -0.501813
vn -0.062281 -0.862704 -0.501859
vn -0.062156 -0.862692 -0.501895
vn -0.042360 -0.858594 -0.510903
vn 0.103715 0.863015 0.494418
vn 0.083454 0.864149 0.496267
vn 0.083449 0.864148 0.496271
vn 0.103822 0.863004 0.494414
vn 0.083453 0.864149 0.496269
vn 0.103943 0.862995 0.494404
vn -0.083505 -0.864147 -0.496263
vn -0.083512 -0.864144 -0.496267
vn -0.105260 -0.862909 -0.494276
vn -0.105389 -0.862901 -0.494262
vn -0.105508 -0.862898 -0.494241
vn -0.083506 -0.864147 -0.496262
vn 0.142631 0.853669 0.500904
vn 0.123722 0.859471 0.495986
vn 0.123940 0.859441 0.495985
vn 0.142951 0.853586 0.500955
vn 0.124175 0.859400 0.495996
vn 0.143293 0.853506 0.500994
vn -0.126735 -0.859052 -0.495952
vn -0.126983 -0.859018 -0.495948
vn -0.147014 -0.852735 -0.501228
vn -0.147376 -0.852663 -0.501244
vn -0.147744 -0.852610 -0.501226
vn -0.127228 -0.858998 -0.495918
vn 0.173996 0.836288 0.519950
vn 0.159632 0.845825 0.509016
vn 0.160047 0.845700 0.509094
vn 0.174485 0.836094 0.520097
vn 0.160481 0.845560 0.509190
vn 0.174998 0.835891 0.520252
vn -0.165235 -0.844230 -0.509875
vn -0.165701 -0.844106 -0.509929
vn -0.180600 -0.833876 -0.521568
vn -0.181163 -0.833695 -0.521662
vn -0.181733 -0.833513 -0.521757
vn -0.166176 -0.843992 -0.509964
vn 0.192619 0.813800 0.548296
vn 0.184995 0.825488 0.533242
vn 0.185539 0.825225 0.533460
vn 0.193279 0.813444 0.548592
vn 0.186105 0.824949 0.533689
vn 0.193849 0.813145 0.548832
vn -0.192892 -0.821839 -0.536073
vn -0.193929 -0.821389 -0.536387
vn -0.193730 -0.802457 -0.564386
vn -0.195930 -0.801333 -0.565223
vn -0.198097 -0.800289 -0.565946
vn -0.194947 -0.820992 -0.536626
vn 0.710216 -0.364617 0.602202
vn 0.581148 0.300861 0.756142
vn 0.581765 0.299143 0.756348
vn 0.709911 -0.367232 0.600972
vn 0.189428 0.798596 0.571281
vn 0.189951 0.798222 0.571630
vn 0.190591 0.797775 0.572041
vn 0.582589 0.297284 0.756447
vn 0.709585 -0.369904 0.599717
vn -0.137193 -0.744599 -0.653261
vn -0.133733 -0.747101 -0.651118
vn 0.341549 -0.909845 -0.235638
vn 0.341322 -0.909744 -0.236359
vn -0.130854 -0.749157 -0.649339
vn 0.342493 -0.909705 -0.234810
vn 0.659471 -0.675712 0.329411
vn 0.660149 -0.673972 0.331612
vn 0.660732 -0.672472 0.333489
vn 0.656747 -0.263891 0.706431
vn 0.680256 -0.374771 0.629920
vn 0.679906 -0.377101 0.628906
vn 0.656614 -0.265440 0.705974
vn 0.679532 -0.379438 0.627904
vn 0.656414 -0.266912 0.705606
vn -0.642904 0.426591 -0.636156
vn -0.644134 0.389434 -0.658356
vn -0.397386 0.442398 -0.803970
vn -0.416064 0.482223 -0.770942
vn -0.647711 0.265042 -0.714299
vn -0.383592 0.302751 -0.872467
vn -0.592632 0.686852 -0.420739
vn -0.624139 0.560543 -0.544281
vn -0.410554 0.628811 -0.660335
vn -0.367461 0.769955 -0.521672
vn 0.628805 -0.696851 0.344969
vn 0.629338 -0.695467 0.346783
vn 0.588357 -0.738280 0.329816
vn 0.588764 -0.737297 0.331284
vn 0.589003 -0.736223 0.333243
vn 0.629860 -0.694033 0.348704
vn -0.576500 0.745603 -0.334250
vn -0.584703 0.720681 -0.372480
vn -0.336855 0.812453 -0.475867
vn -0.305314 0.844701 -0.439617
vn 0.558738 -0.812366 0.166950
vn 0.535037 -0.840589 0.084532
vn 0.535120 -0.840510 0.084790
vn 0.558880 -0.812136 0.167594
vn 0.504010 -0.858772 -0.092116
vn 0.503999 -0.858778 -0.092114
vn 0.504005 -0.858775 -0.092115
vn 0.535174 -0.840442 0.085129
vn 0.559059 -0.811905 0.168116
vn -0.504006 0.858774 0.092115
vn -0.534938 0.840674 -0.084311
vn -0.249671 0.955241 -0.158676
vn -0.214574 0.975825 0.041515
vn -0.547869 0.819122 -0.169935
vn -0.273295 0.927995 -0.253250
vn 0.472752 -0.839184 -0.268842
vn 0.472694 -0.839109 -0.269178
vn 0.454922 -0.775619 -0.437563
vn 0.454672 -0.775055 -0.438821
vn 0.454358 -0.774572 -0.439997
vn 0.472605 -0.839068 -0.269462
vn -0.442892 0.783028 0.436709
vn -0.472746 0.839347 0.268342
vn -0.179079 0.953757 0.241408
vn -0.152827 0.888174 0.433349
vn 0.472228 -0.693190 -0.544507
vn 0.471835 -0.691906 -0.546478
vn 0.471408 -0.690638 -0.548447
vn -0.412183 0.684824 0.600934
vn -0.421121 0.717354 0.555032
vn -0.152433 0.808823 0.567952
vn -0.165702 0.767625 0.619108
vn -0.385971 0.420640 0.821029
vn -0.399873 0.558512 0.726750
vn -0.159695 0.625787 0.763471
vn -0.127130 0.475783 0.870327
vn -0.363951 0.259491 0.894542
vn -0.379530 0.383899 0.841771
vn -0.098134 0.436180 0.894492
vn -0.061837 0.296504 0.953028
vn 0.422970 -0.369371 -0.827443
vn 0.423286 -0.371557 -0.826302
vn 0.374965 -0.257717 -0.890496
vn 0.375169 -0.259082 -0.890014
vn 0.375306 -0.260633 -0.889503
vn 0.423571 -0.373837 -0.825127
vn 0.352359 -0.083336 -0.932147
vn 0.352410 -0.083351 -0.932126
vn 0.364725 0.096663 -0.926084
vn 0.364717 0.098056 -0.925941
vn 0.364613 0.099359 -0.925843
vn 0.352377 -0.083516 -0.932124
vn -0.351599 -0.095521 0.931265
vn -0.352206 0.084065 0.932139
vn -0.042323 0.097111 0.994373
vn -0.049536 -0.106877 0.993037
vn 0.407711 0.219553 -0.886323
vn 0.407773 0.221860 -0.885719
vn 0.407785 0.224168 -0.885133
vn -0.358713 -0.298346 0.884486
vn -0.354908 -0.231876 0.905689
vn -0.077991 -0.259481 0.962594
vn -0.106005 -0.331486 0.937486
vn -0.400563 -0.576821 0.711918
vn -0.381883 -0.454762 0.804585
vn -0.139493 -0.508821 0.849496
vn -0.143434 -0.647933 0.748071
vn -0.414796 -0.700378 0.580874
vn -0.402961 -0.609461 0.682774
vn -0.124640 -0.688376 0.714565
vn -0.119384 -0.792890 0.597556
vn 0.446320 0.593524 -0.669722
vn 0.446125 0.591683 -0.671479
vn 0.425421 0.695330 -0.579252
vn 0.425343 0.694410 -0.580412
vn 0.425148 0.693422 -0.581734
vn 0.445882 0.589781 -0.673311
vn 0.437042 0.790977 -0.428193
vn 0.437034 0.790805 -0.428520
vn 0.466316 0.845286 -0.260847
vn 0.466304 0.845293 -0.260846
vn 0.466315 0.845287 -0.260847
vn 0.436964 0.790619 -0.428933
vn -0.466318 -0.845284 0.260848
vn -0.436959 -0.790927 0.428372
vn -0.138383 -0.895505 0.422990
vn -0.171816 -0.957198 0.232919
vn 0.497240 0.863495 -0.084431
vn 0.497243 0.863494 -0.084432
vn 0.528501 0.843956 0.091783
vn 0.528494 0.843960 0.091785
vn 0.528495 0.843960 0.091785
vn 0.497240 0.863495 -0.084431
vn -0.528504 -0.843955 -0.091782
vn -0.497242 -0.863494 0.084432
vn -0.206843 -0.977824 0.032791
vn -0.242368 -0.955688 -0.167090
vn 0.558282 0.788174 0.259043
vn 0.558355 0.787987 0.259454
vn 0.599069 0.691040 0.404451
vn 0.599250 0.690103 0.405779
vn 0.599337 0.689264 0.407075
vn 0.558378 0.787850 0.259820
vn -0.589431 -0.696554 -0.409125
vn -0.558159 -0.788331 -0.258828
vn -0.275857 -0.892571 -0.356678
vn -0.317475 -0.788644 -0.526545
vn 0.649535 0.588811 0.481046
vn 0.649701 0.587051 0.482970
vn 0.680567 0.571197 0.458871
vn 0.680848 0.569147 0.460997
vn 0.681121 0.567050 0.463173
vn 0.649836 0.585300 0.484909
vn -0.620690 -0.571773 -0.536488
vn -0.613063 -0.604798 -0.508304
vn -0.362173 -0.683267 -0.634016
vn -0.391080 -0.642570 -0.658908
vn 0.714841 0.210497 0.666854
vn 0.686335 0.213366 0.695284
vn 0.686414 0.215582 0.694522
vn 0.714958 0.213208 0.665866
vn 0.659493 0.089779 0.746330
vn 0.659566 0.091011 0.746116
vn 0.659580 0.092421 0.745931
vn 0.686457 0.217911 0.693751
vn 0.715059 0.215525 0.665011
vn -0.649048 -0.089164 -0.755504
vn -0.643607 -0.225479 -0.731389
vn -0.403191 -0.252341 -0.879637
vn -0.386515 -0.099843 -0.916863
vn -0.640041 -0.290732 -0.711212
vn -0.420907 -0.322819 -0.847718
vn 0.649837 -0.090105 0.754713
vn 0.649863 -0.090282 0.754670
vn 0.649824 -0.090326 0.754699
vn -0.649716 0.090091 -0.754820
vn -0.379795 0.103875 -0.919220
vn -0.169378 0.837201 -0.520006
vn -0.158973 0.841015 -0.517129
vn -0.159130 0.841273 -0.516660
vn -0.169629 0.837523 -0.519404
vn -0.146380 0.826188 -0.544047
vn -0.146486 0.826388 -0.543713
vn -0.146584 0.826605 -0.543357
vn -0.159289 0.841544 -0.516170
vn -0.169887 0.837866 -0.518767
vn 0.165996 -0.480221 -0.861297
vn 0.165665 -0.479795 -0.861599
vn 0.163436 -0.871976 0.461462
vn 0.163506 -0.872281 0.460860
vn 0.163584 -0.872589 0.460250
vn 0.164996 -0.479469 -0.861908
vn 0.165251 -0.854494 0.492475
vn 0.165354 -0.854801 0.491907
vn 0.175252 -0.846631 0.502496
vn 0.175441 -0.847016 0.501780
vn 0.175610 -0.847407 0.501061
vn 0.165448 -0.855111 0.491338
vn -0.191058 0.817589 -0.543180
vn -0.180813 0.828340 -0.530245
vn -0.181182 0.828708 -0.529543
vn -0.191512 0.817928 -0.542510
vn -0.181568 0.829087 -0.528817
vn -0.191972 0.818275 -0.541824
vn 0.188095 -0.836849 0.514104
vn 0.188396 -0.837289 0.513277
vn 0.199594 -0.824984 0.528737
vn 0.199983 -0.825395 0.527949
vn 0.200391 -0.825818 0.527132
vn 0.188701 -0.837738 0.512432
vn -0.199983 0.794444 -0.573468
vn -0.197527 0.806104 -0.557834
vn -0.198007 0.806386 -0.557257
vn -0.200470 0.794668 -0.572988
vn -0.198506 0.806667 -0.556672
vn -0.200976 0.794887 -0.572506
vn 0.206888 -0.812333 0.545264
vn 0.207323 -0.812684 0.544575
vn 0.209690 -0.799481 0.562903
vn 0.210154 -0.799766 0.562325
vn 0.210632 -0.800066 0.561720
vn 0.207784 -0.813043 0.543864
vn -0.192729 0.772615 -0.604915
vn -0.198352 0.783117 -0.589393
vn -0.198819 0.783288 -0.589009
vn -0.193165 0.772730 -0.604628
vn -0.199307 0.783450 -0.588628
vn -0.193606 0.772846 -0.604339
vn 0.207907 -0.786993 0.580876
vn 0.208365 -0.787218 0.580406
vn 0.201642 -0.775408 0.598401
vn 0.202080 -0.775566 0.598048
vn 0.202531 -0.775741 0.597668
vn 0.208851 -0.787446 0.579922
vn -0.170754 0.755788 -0.632161
vn -0.183391 0.763375 -0.619376
vn -0.183765 0.763451 -0.619171
vn -0.171056 0.755826 -0.632033
vn -0.184142 0.763526 -0.618966
vn -0.171358 0.755863 -0.631908
vn 0.191204 -0.765202 0.614741
vn 0.191580 -0.765321 0.614476
vn 0.177042 -0.756827 0.629181
vn 0.177347 -0.756899 0.629008
vn 0.177678 -0.756965 0.628835
vn 0.191983 -0.765436 0.614207
vn -0.137910 0.746729 -0.650673
vn -0.155375 0.750162 -0.642741
vn -0.155585 0.750180 -0.642669
vn -0.138022 0.746733 -0.650646
vn -0.155794 0.750192 -0.642604
vn -0.138129 0.746728 -0.650629
vn 0.159785 -0.750623 0.641119
vn 0.160002 -0.750654 0.641028
vn 0.140178 -0.746837 0.650065
vn 0.140288 -0.746846 0.650031
vn 0.140413 -0.746858 0.649990
vn 0.160236 -0.750688 0.640930
vn -0.099746 0.746890 -0.657424
vn -0.119104 0.745623 -0.655637
vn -0.119109 0.745629 -0.655630
vn -0.099643 0.746907 -0.657420
vn -0.119105 0.745625 -0.655635
vn -0.099527 0.746912 -0.657432
vn 0.119055 -0.745629 0.655639
vn 0.119048 -0.745629 0.655641
vn 0.097309 -0.747049 0.657609
vn 0.097181 -0.747052 0.657624
vn 0.097061 -0.747056 0.657637
vn 0.119053 -0.745628 0.655641
vn -0.062625 0.756259 -0.651269
vn -0.080650 0.750485 -0.655948
vn -0.080442 0.750524 -0.655930
vn -0.062317 0.756326 -0.651220
vn -0.080216 0.750558 -0.655918
vn -0.061989 0.756390 -0.651177
vn 0.075864 -0.751042 0.655881
vn 0.075614 -0.751055 0.655896
vn 0.055629 -0.757431 0.650541
vn 0.055263 -0.757480 0.650515
vn 0.054895 -0.757516 0.650505
vn 0.075368 -0.751066 0.655911
vn -0.032786 0.773311 -0.633179
vn -0.046435 0.763970 -0.643579
vn -0.046041 0.764082 -0.643474
vn -0.032315 0.773466 -0.633014
vn -0.045622 0.764193 -0.643372
vn -0.031823 0.773631 -0.632836
vn 0.037470 -0.765966 0.641789
vn 0.037001 -0.766059 0.641705
vn 0.022183 -0.776301 0.629972
vn 0.021611 -0.776425 0.629839
vn 0.021038 -0.776556 0.629697
vn 0.036520 -0.766132 0.641644
vn -0.015171 0.795179 -0.606185
vn -0.022361 0.783850 -0.620547
vn -0.021842 0.784066 -0.620293
vn -0.014530 0.795447 -0.605850
vn -0.021295 0.784282 -0.620038
vn -0.013982 0.795673 -0.605565
vn 0.009974 -0.788225 0.615307
vn 0.008924 -0.788554 0.614900
vn 0.009477 -0.808873 0.587907
vn 0.007251 -0.809686 0.586818
vn 0.005041 -0.810399 0.585856
vn 0.007889 -0.788823 0.614569
vn 0.425333 0.899279 -0.101930
vn 0.426190 0.899055 -0.100306
vn -0.018487 0.810824 -0.584998
vn -0.017981 0.811115 -0.584611
vn -0.017366 0.811462 -0.584147
vn 0.427296 0.898718 -0.098613
vn 0.066357 -0.864677 0.497926
vn 0.069891 -0.862864 0.500581
vn 0.510724 -0.444267 0.736062
vn 0.510572 -0.444956 0.735752
vn 0.072824 -0.861349 0.502768
vn 0.511526 -0.443294 0.736092
vn -0.634681 -0.448791 -0.629101
vn -0.422167 -0.501478 -0.755178
vn -0.642883 0.427113 -0.635827
vn -0.644168 0.388667 -0.658776
vn -0.644143 0.389065 -0.658565
vn -0.642862 0.426912 -0.635984
vn -0.647712 0.264251 -0.714591
vn -0.647713 0.264633 -0.714448
vn -0.649701 0.089803 -0.754867
vn -0.649718 0.089931 -0.754837
vn -0.649045 -0.089165 -0.755507
vn -0.649042 -0.089165 -0.755509
vn -0.643595 -0.225596 -0.731363
vn -0.643597 -0.225532 -0.731381
vn -0.639994 -0.291511 -0.710935
vn -0.639999 -0.291101 -0.711099
vn -0.634702 -0.448622 -0.629199
vn -0.634725 -0.448755 -0.629082
vn -0.620784 -0.571334 -0.536847
vn -0.620707 -0.571528 -0.536730
vn -0.612919 -0.605440 -0.507713
vn -0.612982 -0.605114 -0.508025
vn -0.589271 -0.697069 -0.408479
vn -0.589355 -0.696816 -0.408788
vn -0.558098 -0.788457 -0.258578
vn -0.558138 -0.788394 -0.258685
vn -0.528500 -0.843957 -0.091784
vn -0.528496 -0.843959 -0.091784
vn -0.497239 -0.863496 0.084431
vn -0.497246 -0.863491 0.084432
vn -0.466321 -0.845283 0.260847
vn -0.466317 -0.845285 0.260848
vn -0.437021 -0.791032 0.428114
vn -0.437007 -0.790963 0.428255
vn -0.414977 -0.700837 0.580190
vn -0.414892 -0.700596 0.580542
vn -0.403150 -0.610054 0.682132
vn -0.403045 -0.609768 0.682449
vn -0.400465 -0.576422 0.712296
vn -0.400487 -0.576677 0.712077
vn -0.381840 -0.454603 0.804695
vn -0.381894 -0.454613 0.804664
vn -0.358868 -0.299075 0.884176
vn -0.358769 -0.298735 0.884331
vn -0.354923 -0.231989 0.905655
vn -0.354921 -0.231938 0.905669
vn -0.351595 -0.095521 0.931266
vn -0.351587 -0.095521 0.931269
vn -0.352229 0.083772 0.932157
vn -0.352232 0.083933 0.932142
vn -0.363956 0.258680 0.894774
vn -0.363955 0.259098 0.894653
vn -0.379547 0.383093 0.842130
vn -0.379529 0.383490 0.841958
vn -0.385986 0.421189 0.820740
vn -0.385934 0.420876 0.820926
vn -0.399868 0.558397 0.726842
vn -0.399935 0.558496 0.726729
vn -0.412179 0.684024 0.601846
vn -0.412149 0.684415 0.601423
vn -0.421113 0.717270 0.555146
vn -0.421108 0.717312 0.555096
vn -0.442890 0.783028 0.436709
vn -0.442886 0.783031 0.436709
vn -0.472742 0.839349 0.268342
vn -0.472752 0.839344 0.268343
vn -0.504012 0.858770 0.092116
vn -0.504004 0.858775 0.092114
vn -0.534939 0.840674 -0.084311
vn -0.534931 0.840678 -0.084313
vn -0.547886 0.819112 -0.169927
vn -0.547879 0.819117 -0.169931
vn -0.576516 0.745595 -0.334242
vn -0.584712 0.720612 -0.372598
vn -0.584706 0.720651 -0.372534
vn -0.576509 0.745598 -0.334245
vn -0.592796 0.686185 -0.421597
vn -0.592675 0.686559 -0.421157
vn -0.624144 0.560525 -0.544295
vn -0.624201 0.560446 -0.544310
vn -0.451659 0.476735 -0.754140
vn -0.453582 0.431914 -0.779560
vn -0.551145 0.413904 -0.724515
vn -0.550937 0.454978 -0.699617
vn -0.457231 0.293380 -0.839564
vn -0.553540 0.281378 -0.783849
vn -0.459236 0.100659 -0.882593
vn -0.555667 0.095975 -0.825847
vn -0.458534 -0.097603 -0.883301
vn -0.554895 -0.094119 -0.826579
vn -0.452630 -0.249317 -0.856135
vn -0.550410 -0.239101 -0.799925
vn -0.447605 -0.323104 -0.833819
vn -0.546881 -0.309332 -0.777968
vn -0.438993 -0.502108 -0.745099
vn -0.536135 -0.477437 -0.696142
vn -0.427093 -0.634580 -0.644127
vn -0.527458 -0.606968 -0.594455
vn -0.418481 -0.673123 -0.609737
vn -0.517831 -0.643579 -0.563611
vn -0.392120 -0.773070 -0.498602
vn -0.491319 -0.740819 -0.458031
vn -0.357744 -0.872622 -0.332492
vn -0.458364 -0.837164 -0.298427
vn -0.324910 -0.934139 -0.147712
vn -0.426791 -0.896179 -0.121301
vn -0.290326 -0.955743 0.047596
vn -0.393663 -0.916885 0.065965
vn -0.255959 -0.935621 0.243103
vn -0.360697 -0.897597 0.253411
vn -0.223606 -0.875509 0.428350
vn -0.329742 -0.839926 0.431039
vn -0.199053 -0.777291 0.596822
vn -0.306043 -0.744866 0.592885
vn -0.185656 -0.678204 0.711035
vn -0.294699 -0.648469 0.701884
vn -0.181780 -0.639984 0.746577
vn -0.293086 -0.612207 0.734372
vn -0.158456 -0.508956 0.846082
vn -0.266443 -0.484014 0.833509
vn -0.136115 -0.331406 0.933618
vn -0.248384 -0.317297 0.915220
vn -0.132839 -0.256370 0.957407
vn -0.243911 -0.245870 0.938113
vn -0.128880 -0.104649 0.986123
vn -0.238822 -0.100875 0.965810
vn -0.129544 0.093885 0.987119
vn -0.239560 0.089509 0.966747
vn -0.142248 0.287102 0.947279
vn -0.251746 0.275404 0.927780
vn -0.159104 0.425773 0.890732
vn -0.269601 0.408026 0.872256
vn -0.165793 0.470454 0.866710
vn -0.277770 0.448878 0.849325
vn -0.177150 0.618003 0.765957
vn -0.285132 0.596278 0.750435
vn -0.195285 0.758607 0.621594
vn -0.305384 0.726296 0.615820
vn -0.206085 0.795633 0.569646
vn -0.314218 0.762071 0.566141
vn -0.230039 0.869038 0.438012
vn -0.335822 0.832689 0.440286
vn -0.263188 0.931409 0.251413
vn -0.367636 0.892482 0.261381
vn -0.297708 0.953008 0.056091
vn -0.400742 0.913189 0.074110
vn -0.332076 0.932892 -0.139417
vn -0.433709 0.893897 -0.113336
vn -0.347097 0.908187 -0.233924
vn -0.447683 0.870579 -0.204140
vn -0.378799 0.826782 -0.415864
vn -0.387522 0.799322 -0.459249
vn -0.487972 0.765608 -0.419199
vn -0.478090 0.792497 -0.378653
vn -0.395630 0.760934 -0.514253
vn -0.497169 0.728558 -0.471197
vn -0.428113 0.621003 -0.656563
vn -0.524445 0.598811 -0.605296
vn 0.792623 0.196861 -0.577057
vn 0.796305 0.218121 -0.564200
vn 0.923424 -0.233100 0.304881
vn 0.933474 -0.199894 0.297775
vn 0.799506 0.239180 -0.550983
vn 0.911591 -0.267382 0.312264
vn 0.934941 -0.300547 0.188567
vn 0.891010 -0.421302 0.169136
vn 0.809697 0.309582 -0.498548
vn 0.820434 0.376807 -0.430005
vn 0.823616 0.397775 -0.404267
vn 0.893558 -0.430051 0.128881
vn 0.834390 0.434112 -0.339618
vn 0.891742 -0.450196 0.046049
vn 0.850485 0.464154 -0.247460
vn 0.874233 -0.482821 -0.050996
vn 0.867431 0.474034 -0.151180
vn 0.856848 -0.492357 -0.152956
vn 0.884427 0.463429 -0.054986
vn 0.838321 -0.482054 -0.254639
vn 0.900786 0.432693 0.036897
vn 0.821623 -0.448696 -0.351579
vn 0.912702 0.395970 0.100908
vn 0.794945 -0.428189 -0.429786
vn 0.918264 0.375733 0.124965
vn 0.778432 -0.420857 -0.465749
vn 0.931620 0.308063 0.192823
vn 0.814695 -0.298066 -0.497423
vn 0.940052 0.236176 0.246012
vn 0.749452 -0.263915 -0.607183
vn 0.763086 -0.229838 -0.604048
vn 0.773433 -0.146605 -0.616691
vn 0.941523 0.215125 0.259337
vn 0.946417 0.146566 0.287773
vn 0.950247 0.050907 0.307309
vn 0.768340 -0.045684 -0.638410
vn 0.950615 -0.046812 0.306821
vn 0.768999 0.057698 -0.636641
vn 0.948774 -0.120967 0.291880
vn 0.755863 0.142417 -0.639053
vn 0.947797 -0.156841 0.277636
vn 0.748478 0.187245 -0.636176
vn 0.941458 -0.242303 0.234406
vn 0.800463 0.250765 -0.544404
vn 0.932198 -0.309876 0.187039
vn 0.758513 0.366033 -0.539145
vn 0.777652 0.371586 -0.507130
vn 0.802927 0.408066 -0.434500
vn 0.928538 -0.329463 0.171089
vn 0.918490 -0.378307 0.115152
vn 0.903954 -0.426425 0.032062
vn 0.817047 0.460366 -0.347126
vn 0.888002 -0.456027 -0.059088
vn 0.835123 0.489860 -0.250213
vn 0.871058 -0.465962 -0.155362
vn 0.852466 0.501266 -0.148439
vn 0.854062 -0.455302 -0.251551
vn 0.870966 0.489093 -0.046957
vn 0.837901 -0.424992 -0.342496
vn 0.887129 0.458794 0.050102
vn 0.823188 -0.376206 -0.425242
vn 0.903664 0.405830 0.136723
vn 0.813572 -0.326966 -0.480827
vn 0.904672 0.368853 0.213343
vn 0.811594 -0.307300 -0.496873
vn 0.897647 0.363057 0.249839
vn 0.939017 0.246922 0.239325
vn 0.921022 0.182848 0.343926
vn 0.804125 -0.238774 -0.544399
vn 0.795397 -0.152863 -0.586495
vn 0.791550 -0.117511 -0.599699
vn 0.929010 0.138634 0.343106
vn 0.788268 -0.043342 -0.613803
vn 0.940450 0.054032 0.335610
vn 0.787884 0.054264 -0.613428
vn 0.940264 -0.049258 0.336865
vn 0.787597 0.102087 -0.607676
vn 0.938992 -0.099502 0.329230
vn -0.913867 0.187482 0.360137
vn -0.553789 -0.384570 0.738528
vn -0.719153 0.673938 -0.169191
vn -0.714847 0.681963 -0.154659
vn -0.703777 0.704627 -0.090549
vn -0.671527 0.740591 -0.024022
vn -0.628972 0.776522 0.037521
vn -0.576962 0.811497 0.092669
vn -0.516701 0.844435 0.141245
vn -0.449241 0.874607 0.182331
vn -0.375726 0.901271 0.215732
vn -0.297326 0.923946 0.240667
vn -0.215257 0.942112 0.257079
vn -0.130815 0.955484 0.264456
vn -0.045264 0.963738 0.262984
vn 0.040044 0.966788 0.252421
vn 0.123849 0.964512 0.233191
vn 0.204822 0.957019 0.205334
vn 0.281773 0.944386 0.169526
vn 0.353458 0.926918 0.126054
vn 0.418821 0.904898 0.075814
vn 0.476340 0.879045 0.019485
vn 0.525859 0.849557 -0.041524
vn 0.555135 0.822084 -0.126503
vn 0.741007 0.452575 -0.496069
vn 0.852937 -0.136987 -0.503720
vn 0.605162 -0.303950 -0.735794
vn 0.568847 -0.214832 -0.793889
vn 0.549537 -0.069324 -0.832589
vn 0.560511 0.081841 -0.824093
vn 0.592278 0.182573 -0.784776
vn 0.846573 0.072843 -0.527264
vn 0.730521 -0.533728 -0.425998
vn 0.546810 -0.837026 -0.019659
vn 0.431614 -0.899830 0.063362
vn 0.483605 -0.875066 0.019637
vn 0.378466 -0.919181 0.108949
vn 0.319690 -0.935672 0.149388
vn 0.256627 -0.948761 0.184380
vn 0.189914 -0.958374 0.213193
vn 0.120438 -0.964281 0.235916
vn 0.048906 -0.966513 0.251916
vn -0.023794 -0.964929 0.261429
vn -0.096900 -0.959664 0.263922
vn -0.169540 -0.950670 0.259773
vn -0.240901 -0.938182 0.248560
vn -0.310142 -0.922253 0.230783
vn -0.376414 -0.903221 0.206165
vn -0.438900 -0.881274 0.175280
vn -0.496692 -0.856893 0.137956
vn -0.548932 -0.830477 0.094777
vn -0.594492 -0.802815 0.045461
vn -0.631311 -0.775457 -0.010667
vn -0.644174 -0.762084 -0.065327
vn -0.686854 -0.725945 -0.035159
vn -0.895166 -0.154162 0.418224
vn -0.563878 0.469286 0.679568
vn -0.561956 0.467757 0.682209
vn -0.555032 0.414037 0.721466
vn -0.524879 0.357752 0.772344
vn -0.484118 0.304615 0.820268
vn -0.433670 0.255673 0.864038
vn -0.374876 0.210980 0.902749
vn -0.308814 0.171251 0.935579
vn -0.236678 0.136665 0.961928
vn -0.159603 0.107936 0.981263
vn -0.078835 0.085138 0.993245
vn 0.004403 0.068889 0.997615
vn 0.088824 0.059084 0.994293
vn 0.173158 0.056140 0.983293
vn 0.256140 0.059831 0.964786
vn 0.336514 0.070368 0.939046
vn 0.413092 0.087329 0.906492
vn 0.484689 0.110786 0.867642
vn 0.550256 0.140126 0.823154
vn 0.608347 0.175228 0.774086
vn 0.658700 0.214871 0.721072
vn 0.692306 0.280665 0.664785
vn 0.856216 0.486621 0.173478
vn 0.869420 0.292818 -0.397953
vn 0.625392 0.498172 -0.600590
vn 0.611457 0.586425 -0.531250
vn 0.621110 0.670171 -0.406316
vn 0.646205 0.715702 -0.264935
vn 0.672179 0.731280 -0.115779
vn 0.698759 0.714589 0.033150
vn 0.723584 0.667819 0.174484
vn 0.757223 0.582900 0.294686
vn 0.793729 0.493916 0.355023
vn 0.953487 0.291126 0.078151
vn 0.746221 0.488765 -0.451955
vn 0.424118 0.286619 -0.859054
vn 0.307482 0.182034 -0.933980
vn 0.373582 0.221577 -0.900744
vn 0.236025 0.147118 -0.960546
vn 0.159103 0.117918 -0.980195
vn 0.078427 0.094593 -0.992422
vn -0.004774 0.077699 -0.996965
vn -0.089214 0.067200 -0.993743
vn -0.173622 0.063503 -0.982763
vn -0.256725 0.066394 -0.964201
vn -0.337269 0.076081 -0.938329
vn -0.414049 0.092196 -0.905573
vn -0.485895 0.114762 -0.866450
vn -0.551732 0.143239 -0.821629
vn -0.610515 0.177508 -0.771856
vn -0.661362 0.216874 -0.718029
vn -0.703358 0.261156 -0.661124
vn -0.735792 0.309622 -0.602283
vn -0.757738 0.362188 -0.542819
vn -0.768792 0.417770 -0.484178
vn -0.761331 0.470568 -0.446028
vn -0.758256 0.472911 -0.448780
vn 0.073065 0.795153 -0.601991
vn -0.666380 -0.708601 0.231994
vn -0.585267 -0.760298 0.281799
vn -0.589423 -0.776949 0.221206
vn -0.574331 -0.803707 0.155559
vn -0.548640 -0.830830 0.093354
vn -0.514504 -0.856789 0.034625
vn -0.473122 -0.880759 -0.020490
vn -0.425086 -0.902355 -0.071119
vn -0.371339 -0.921078 -0.117147
vn -0.312429 -0.936758 -0.157712
vn -0.249272 -0.949043 -0.192824
vn -0.182489 -0.957881 -0.221723
vn -0.112973 -0.963046 -0.244499
vn -0.041426 -0.964580 -0.260517
vn 0.031260 -0.962352 -0.270003
vn 0.104324 -0.956494 -0.272463
vn 0.176891 -0.946979 -0.268216
vn 0.248152 -0.934041 -0.256882
vn 0.317273 -0.917728 -0.238982
vn 0.382721 -0.898635 -0.214428
vn 0.446581 -0.874163 -0.190802
vn 0.519474 -0.836440 -0.174684
vn 0.831481 -0.535881 0.146530
vn 0.975892 0.070659 0.206500
vn 0.825357 0.176633 0.536271
vn 0.808589 0.076209 0.583417
vn 0.801078 -0.074882 0.593857
vn 0.805918 -0.219859 0.549688
vn 0.819773 -0.309311 0.481974
vn 0.973703 -0.138644 0.180777
vn 0.866073 0.450743 0.216213
vn 0.564923 0.822542 -0.065470
vn 0.441097 0.880285 -0.174732
vn 0.508940 0.850232 -0.134484
vn 0.367924 0.906347 -0.207768
vn 0.289479 0.928539 -0.232416
vn 0.207425 0.946130 -0.248621
vn 0.123051 0.958855 -0.255843
vn 0.037619 0.966396 -0.254292
vn -0.047529 0.968678 -0.243730
vn -0.131134 0.965596 -0.224560
vn -0.211882 0.957265 -0.196851
vn -0.288583 0.943779 -0.161246
vn -0.360000 0.925456 -0.118028
vn -0.425107 0.902576 -0.068129
vn -0.482769 0.875666 -0.011983
vn -0.532163 0.845207 0.049282
vn -0.572291 0.811935 0.115083
vn -0.602485 0.776580 0.184217
vn -0.621692 0.740220 0.256074
vn -0.629625 0.703782 0.329035
vn -0.617680 0.682183 0.391277
vn -0.612878 0.680713 0.401261
vn 0.177582 0.739968 0.648777
vn -0.799521 -0.335372 -0.498289
vn -0.732981 -0.405090 -0.546481
vn -0.733043 -0.351903 -0.582076
vn -0.715302 -0.301091 -0.630624
vn -0.687628 -0.255346 -0.679681
vn -0.651891 -0.213856 -0.727533
vn -0.609129 -0.176328 -0.773221
vn -0.559966 -0.143337 -0.816022
vn -0.505252 -0.114700 -0.855315
vn -0.445596 -0.091066 -0.890591
vn -0.381825 -0.072201 -0.921410
vn -0.314632 -0.058675 -0.947398
vn -0.244844 -0.050196 -0.968262
vn -0.173224 -0.047232 -0.983749
vn -0.100601 -0.049437 -0.993698
vn -0.027796 -0.057166 -0.997978
vn 0.044374 -0.069964 -0.996562
vn 0.115041 -0.088116 -0.989445
vn 0.183425 -0.111058 -0.976740
vn 0.247931 -0.138765 -0.958788
vn 0.311892 -0.163685 -0.935912
vn 0.387773 -0.178952 -0.904217
vn 0.707295 -0.437652 -0.555153
vn 0.943935 -0.329804 0.014682
vn 0.776843 -0.581710 0.241099
vn 0.747899 -0.621601 0.232936
vn 0.704101 -0.709587 0.026970
vn 0.724176 -0.682974 0.095473
vn 0.678065 -0.724755 -0.122304
vn 0.651475 -0.708421 -0.271515
vn 0.636522 -0.651795 -0.412314
vn 0.646482 -0.578522 -0.497366
vn 0.881727 -0.328576 -0.338518
vn 0.853958 -0.440780 0.276528
vn 0.673438 -0.185057 0.715706
vn 0.560641 -0.146152 0.815059
vn 0.612904 -0.170655 0.771509
vn 0.506155 -0.118394 0.854278
vn 0.446321 -0.095527 0.889759
vn 0.382407 -0.077428 0.920744
vn 0.315113 -0.064652 0.946850
vn 0.245259 -0.056905 0.967786
vn 0.173619 -0.054650 0.983295
vn 0.101015 -0.057495 0.993222
vn 0.028271 -0.065826 0.997431
vn -0.043796 -0.079173 0.995898
vn -0.114326 -0.097799 0.988618
vn -0.182522 -0.121174 0.975706
vn -0.247480 -0.149485 0.957292
vn -0.308441 -0.182119 0.933647
vn -0.364401 -0.219252 0.905064
vn -0.414539 -0.260299 0.872011
vn -0.457593 -0.305574 0.835005
vn -0.491193 -0.355860 0.795043
vn -0.499414 -0.406326 0.765170
vn 0.097487 -0.736601 0.669264
vn 0.084339 -0.731669 0.676422
vn -0.013111 -0.688284 0.725322
vn 0.078307 -0.724497 0.684816
vn 0.076768 -0.718121 0.691671
vn 0.077329 -0.711945 0.697965
vn 0.080000 -0.706125 0.703553
vn 0.084362 -0.700804 0.708347
vn 0.090175 -0.696234 0.712128
vn 0.097016 -0.692394 0.714968
vn 0.104648 -0.689449 0.716735
vn 0.112746 -0.687265 0.717604
vn 0.121112 -0.685990 0.717461
vn 0.129530 -0.685475 0.716481
vn 0.137792 -0.685868 0.714562
vn 0.145741 -0.687024 0.711869
vn 0.153115 -0.689090 0.708316
vn 0.159747 -0.691949 0.704050
vn 0.165287 -0.695712 0.699046
vn 0.168507 -0.699570 0.694411
vn 0.170869 -0.700186 0.693213
vn 0.482548 -0.869453 0.105829
vn 0.686828 -0.533472 -0.493634
vn 0.190399 -0.689700 0.698614
vn 0.662264 -0.560645 -0.497075
vn 0.664101 -0.625466 -0.409587
vn 0.685764 -0.675349 -0.271350
vn 0.711025 -0.691420 -0.127991
vn 0.736390 -0.676383 0.015351
vn 0.749500 -0.656577 0.084592
vn 0.791956 -0.563117 0.236021
vn 0.816007 -0.533239 0.223133
vn 0.773236 -0.594526 0.220556
vn -0.036277 -0.664243 -0.746636
vn 0.443168 -0.850968 -0.281877
vn -0.060743 -0.669155 -0.740636
vn -0.068473 -0.662780 -0.745677
vn -0.055032 -0.672441 -0.738102
vn -0.079198 -0.656970 -0.749745
vn -0.091060 -0.652523 -0.752277
vn -0.103608 -0.649318 -0.753427
vn -0.116527 -0.647467 -0.753132
vn -0.129505 -0.646832 -0.751556
vn -0.142243 -0.647552 -0.748628
vn -0.154502 -0.649451 -0.744542
vn -0.165900 -0.652745 -0.739190
vn -0.176200 -0.657242 -0.732794
vn -0.184893 -0.663113 -0.725324
vn -0.191654 -0.670179 -0.717027
vn -0.195893 -0.678440 -0.708058
vn -0.197283 -0.687578 -0.698796
vn -0.195241 -0.697381 -0.689594
vn -0.189676 -0.707502 -0.680782
vn -0.177961 -0.718386 -0.672497
vn -0.158539 -0.726464 -0.668667
vn -0.348827 -0.645436 -0.679509
vn -0.356463 0.624331 -0.695086
vn -0.209307 0.790607 0.575440
vn -0.078917 0.777955 0.623344
vn -0.119813 0.789370 0.602112
vn -0.157592 0.809736 0.565236
vn -0.186061 0.832961 0.521112
vn -0.202510 0.857475 0.472997
vn -0.206834 0.882022 0.423387
vn -0.199511 0.905590 0.374303
vn -0.181232 0.927211 0.327772
vn -0.153169 0.946097 0.285376
vn -0.116628 0.961546 0.248649
vn -0.073200 0.973054 0.218652
vn -0.024519 0.980204 0.196466
vn 0.027592 0.982792 0.182644
vn 0.081303 0.980711 0.177753
vn 0.134704 0.974043 0.181923
vn 0.185880 0.962986 0.195208
vn 0.232934 0.947938 0.217153
vn 0.273991 0.929383 0.247338
vn 0.307101 0.908149 0.284526
vn 0.327627 0.883210 0.335562
vn 0.662743 0.282882 0.693361
vn 0.846341 -0.305961 0.435999
vn 0.292942 0.845154 0.447102
vn 0.834153 -0.307690 0.457729
vn 0.827928 -0.215931 0.517598
vn 0.828772 -0.071358 0.555019
vn 0.830547 0.077603 0.551515
vn 0.837755 0.180170 0.515467
vn 0.864093 0.178890 0.470469
vn 0.230486 -0.927355 0.294771
vn 0.680088 -0.447610 0.580626
vn 0.187711 -0.937276 0.293732
vn 0.169652 -0.944206 0.282300
vn 0.202850 -0.931280 0.302606
vn 0.147920 -0.950406 0.273584
vn 0.124695 -0.955262 0.268188
vn 0.100655 -0.958815 0.265599
vn 0.076246 -0.960969 0.265940
vn 0.051885 -0.961797 0.268803
vn 0.027990 -0.961213 0.274383
vn 0.004874 -0.959305 0.282329
vn -0.016915 -0.955983 0.292934
vn -0.036998 -0.951338 0.305919
vn -0.054580 -0.945335 0.321502
vn -0.069030 -0.938095 0.339431
vn -0.079235 -0.929713 0.359660
vn -0.084295 -0.920448 0.381667
vn -0.082805 -0.910597 0.404916
vn -0.073917 -0.900507 0.428513
vn -0.054065 -0.890438 0.451882
vn -0.021691 -0.884311 0.466394
vn -0.258573 -0.887542 0.381325
vn -0.364541 -0.521112 -0.771720
vn -0.495172 0.684458 -0.535090
vn -0.340660 0.781521 -0.522661
vn -0.390093 0.748105 -0.536811
vn -0.430908 0.700708 -0.568619
vn -0.457266 0.650147 -0.606809
vn -0.468187 0.599930 -0.648756
vn -0.464628 0.552239 -0.692208
vn -0.448048 0.508399 -0.735380
vn -0.419821 0.469757 -0.776582
vn -0.381623 0.437022 -0.814479
vn -0.335036 0.411075 -0.847802
vn -0.281844 0.392171 -0.875652
vn -0.223739 0.380913 -0.897132
vn -0.162562 0.377218 -0.911746
vn -0.100113 0.381444 -0.918955
vn -0.038263 0.393210 -0.918652
vn 0.021085 0.412603 -0.910667
vn 0.076044 0.438978 -0.895274
vn 0.124627 0.472088 -0.872698
vn 0.164700 0.510751 -0.843805
vn 0.192102 0.559495 -0.806264
vn 0.584658 0.802596 -0.118380
vn 0.824914 0.456137 0.333850
vn 0.167395 0.650920 -0.740461
vn 0.810429 0.474138 0.344090
vn 0.782090 0.557732 0.277974
vn 0.755204 0.636636 0.156082
vn 0.730779 0.682309 0.020377
vn 0.705784 0.697873 -0.121831
vn 0.680613 0.683379 -0.264120
vn 0.657189 0.638775 -0.400087
vn 0.640913 0.560787 -0.524164
vn 0.645006 0.477341 -0.596752
vn 0.662989 0.458586 -0.591730
vn 0.422949 0.634289 0.647141
vn 0.599317 0.795911 -0.085706
vn 0.451068 0.493679 0.743518
vn 0.422178 0.454269 0.784478
vn 0.464928 0.542664 0.699541
vn 0.383160 0.420654 0.822337
vn 0.335730 0.393898 0.855645
vn 0.281675 0.374247 0.883515
vn 0.222678 0.362289 0.905075
vn 0.160562 0.357972 0.919824
vn 0.097112 0.361663 0.927237
vn 0.034187 0.372991 0.927205
vn -0.026328 0.392069 0.919559
vn -0.082548 0.418310 0.904546
vn -0.132495 0.451458 0.882401
vn -0.174245 0.490674 0.853743
vn -0.205736 0.535289 0.819230
vn -0.225034 0.584017 0.779925
vn -0.230054 0.635570 0.736971
vn -0.218983 0.687807 0.692075
vn -0.191556 0.737200 0.647953
vn -0.148880 0.773060 0.616614
vn -0.340827 0.637230 0.691213
vn -0.079137 -0.527695 0.845739
vn -0.337194 -0.891378 -0.302896
vn -0.188827 -0.882093 -0.431573
vn -0.215344 -0.887961 -0.406389
vn -0.226178 -0.898582 -0.376024
vn -0.226049 -0.909265 -0.349485
vn -0.218713 -0.919671 -0.326145
vn -0.205410 -0.929451 -0.306475
vn -0.187752 -0.938297 -0.290428
vn -0.166803 -0.945932 -0.278189
vn -0.143676 -0.952266 -0.269343
vn -0.119068 -0.957172 -0.263903
vn -0.093662 -0.960686 -0.261360
vn -0.067911 -0.962710 -0.261874
vn -0.042231 -0.963347 -0.264912
vn -0.017043 -0.962496 -0.270760
vn 0.007339 -0.960251 -0.279041
vn 0.030375 -0.956535 -0.290032
vn 0.051662 -0.951429 -0.303501
vn 0.070389 -0.944908 -0.319677
vn 0.084846 -0.937558 -0.337323
vn 0.096927 -0.931084 -0.351692
vn 0.452738 -0.441236 -0.774816
vn 0.653559 0.181863 -0.734701
vn 0.126748 -0.926383 -0.354611
vn 0.610852 0.185496 -0.769709
vn 0.591611 0.082956 -0.801944
vn 0.588846 -0.066137 -0.805535
vn 0.600957 -0.211052 -0.770913
vn 0.627460 -0.303182 -0.717200
vn 0.647118 -0.301213 -0.700364
vn 0.090872 0.838614 -0.537093
vn 0.361134 0.292926 -0.885312
vn 0.165657 0.902864 -0.396729
vn 0.149634 0.923395 -0.353485
vn 0.164794 0.878772 -0.447887
vn 0.124262 0.941340 -0.313747
vn 0.090790 0.955931 -0.279200
vn 0.050710 0.966672 -0.250945
vn 0.005597 0.973165 -0.230042
vn -0.042792 0.975212 -0.217096
vn -0.092666 0.972716 -0.212689
vn -0.142150 0.965799 -0.216853
vn -0.189382 0.954650 -0.229733
vn -0.232531 0.939716 -0.250726
vn -0.269823 0.921492 -0.279370
vn -0.299643 0.900684 -0.314614
vn -0.320517 0.878076 -0.355319
vn -0.331320 0.854618 -0.399818
vn -0.331145 0.831285 -0.446440
vn -0.319571 0.809277 -0.492894
vn -0.298303 0.790121 -0.535466
vn -0.270318 0.778824 -0.566005
vn -0.406246 0.790547 -0.458256
vn -0.096137 0.619752 0.778887
vn 0.596829 0.324673 -0.733745
vn 0.589637 0.219431 -0.777289
vn 0.605825 0.381056 -0.698407
vn 0.553617 0.827835 -0.090541
vn 0.193543 0.803851 0.562463
vn 0.194169 0.803492 0.562760
vn 0.194808 0.803126 0.563061
vn 0.320062 0.859884 0.397693
vn 0.591142 0.782232 -0.196633
vn 0.599330 0.354689 -0.717634
vn 0.342150 -0.207150 -0.916527
vn -0.173187 -0.769656 -0.614521
vn -0.044438 -0.668507 -0.742377
vn -0.166873 -0.773331 -0.611648
vn -0.170010 -0.771489 -0.613108
vn 0.631596 0.547010 -0.549425
vn 0.363891 -0.179971 -0.913889
vn 0.636952 0.587842 -0.498732
vn 0.640483 0.610012 -0.466548
vn 0.677731 0.686202 -0.264213
vn 0.663710 0.669652 -0.333251
vn 0.702925 0.700841 -0.121316
vn 0.728109 0.685125 0.021469
vn 0.752431 0.639482 0.157828
vn 0.769914 0.584889 0.255221
vn 0.782090 0.543930 0.304098
vn 0.654306 -0.186173 0.732955
vn 0.051415 -0.777992 0.626166
vn 0.048969 -0.776164 0.628626
vn 0.046466 -0.774348 0.631052
vn 0.180968 -0.694758 0.696105
vn 0.598811 -0.270709 0.753752
vn 0.809100 0.351990 0.470596
vn 0.586487 0.807303 -0.065531
vn -0.007466 0.806601 -0.591049
vn 0.134275 0.854686 -0.501480
vn -0.008464 0.807331 -0.590038
vn -0.007970 0.806970 -0.590538
vn 0.808701 0.376673 0.451797
vn 0.553093 0.827221 -0.098964
vn 0.812210 0.320060 0.487726
vn 0.820186 0.214832 0.530229
vn 0.825796 0.072844 0.559245
vn 0.826388 -0.072201 0.558453
vn 0.823236 -0.183176 0.537334
vn 0.822704 -0.243611 0.513625
vn 0.525931 -0.850433 -0.012666
vn -0.151823 -0.835567 -0.527993
vn -0.154189 -0.836912 -0.525170
vn -0.156611 -0.838218 -0.522363
vn 0.115318 -0.927454 -0.355710
vn 0.609768 -0.787874 0.086241
vn 0.797841 -0.464674 0.384094
vn 0.794567 -0.025319 0.606648
vn 0.190679 0.800908 0.567616
vn 0.453298 0.595293 0.663436
vn 0.189765 0.800372 0.568677
vn 0.190219 0.800637 0.568153
vn 0.803801 -0.437329 0.403294
vn 0.688069 0.257030 0.678599
vn 0.793608 -0.490241 0.360346
vn 0.778760 -0.564299 0.274043
vn 0.757071 -0.635711 0.150713
vn 0.733457 -0.679562 0.015369
vn 0.708266 -0.694333 -0.127516
vn 0.683084 -0.678485 -0.270286
vn 0.659020 -0.633580 -0.405302
vn 0.637283 -0.561177 -0.528158
vn 0.621812 -0.486392 -0.613818
vn 0.616840 -0.433556 -0.656915
vn 0.415365 0.263053 -0.870790
vn -0.014414 0.805123 -0.592932
vn -0.013806 0.805388 -0.592587
vn -0.013186 0.805658 -0.592234
vn 0.191419 0.611884 -0.767435
vn 0.533269 -0.000572 -0.845946
vn 0.617598 -0.461657 -0.636747
vn 0.536892 -0.795679 -0.280432
vn 0.030428 -0.842215 0.538282
vn 0.220588 -0.928201 0.299640
vn 0.036850 -0.839596 0.541960
vn 0.033661 -0.840924 0.540105
vn 0.597117 -0.238966 -0.765733
vn 0.497439 -0.849829 -0.174200
vn 0.589535 -0.177996 -0.787887
vn 0.585432 -0.067051 -0.807944
vn 0.584791 0.077829 -0.807442
vn 0.751180 0.059476 -0.657413
vn 0.751675 -0.048503 -0.657748
vn 0.750893 0.112329 -0.650801
vn 0.754376 -0.130940 -0.643250
vn 0.758166 -0.170458 -0.629387
vn 0.775664 -0.342362 -0.530220
vn 0.770750 -0.263807 -0.579957
vn 0.778768 -0.363155 -0.511506
vn 0.790308 -0.416708 -0.449186
vn 0.806502 -0.470763 -0.357682
vn 0.824453 -0.504188 -0.257045
vn 0.843217 -0.516036 -0.150641
vn 0.861994 -0.504991 -0.044154
vn 0.879582 -0.472352 0.056732
vn 0.895731 -0.419031 0.148590
vn 0.909797 -0.345229 0.230407
vn 0.906282 -0.365923 0.211550
vn 0.922203 -0.267715 0.279051
vn 0.927470 -0.174870 0.330484
vn 0.928724 -0.134770 0.345411
vn 0.931253 -0.052341 0.360593
vn 0.930810 0.055761 0.361224
vn 0.926616 0.161566 0.339527
vn 0.918532 0.262076 0.295997
vn 0.920656 0.238061 0.309387
vn 0.911510 0.339035 0.232820
vn 0.894505 0.416999 0.161161
vn 0.888709 0.438534 0.133733
vn 0.876135 0.478059 0.062018
vn 0.858006 0.512111 -0.039599
vn 0.839239 0.523789 -0.146021
vn 0.820458 0.512913 -0.252526
vn 0.802691 0.479629 -0.354461
vn 0.789901 0.440528 -0.426605
vn 0.785811 0.418137 -0.455701
vn 0.762221 0.265417 -0.590401
vn 0.777086 0.340763 -0.529168
vn 0.759611 0.241380 -0.603926
vn 0.756419 0.217151 -0.616989
vn 0.426833 -0.101880 0.898574
vn 0.425936 0.098475 0.899378
vn 0.423205 -0.199247 0.883854
vn 0.653482 -0.175714 0.736264
vn 0.657182 -0.089069 0.748451
vn 0.656554 0.088691 0.749047
vn 0.422090 0.251593 0.870942
vn 0.419889 0.325837 0.847068
vn 0.651167 0.223701 0.725216
vn 0.648863 0.289279 0.703772
vn 0.617227 0.572840 0.539338
vn 0.385991 0.643171 0.661318
vn 0.401214 0.504036 0.764836
vn 0.640330 0.447587 0.624214
vn 0.377260 0.681280 0.627322
vn 0.354682 0.781950 0.512597
vn 0.611181 0.607088 0.507840
vn 0.593413 0.695202 0.405654
vn 0.324250 0.881758 0.342587
vn 0.290902 0.943965 0.155905
vn 0.566091 0.783941 0.254906
vn 0.536717 0.839029 0.089243
vn 0.256039 0.965775 -0.041511
vn 0.221245 0.945454 -0.239098
vn 0.505646 0.858451 -0.085933
vn 0.474899 0.840351 -0.261307
vn 0.188671 0.884704 -0.426265
vn 0.159007 0.786280 -0.597059
vn 0.445782 0.786560 -0.427319
vn 0.419809 0.699042 -0.578879
vn 0.396255 0.577563 -0.713725
vn 0.137336 0.648486 -0.748736
vn 0.140825 0.686429 -0.713431
vn 0.401420 0.611645 -0.681728
vn 0.116207 0.511311 -0.851503
vn 0.105313 0.334092 -0.936638
vn 0.388825 0.454068 -0.801646
vn 0.369515 0.296550 -0.880634
vn 0.099053 0.258692 -0.960868
vn 0.092741 0.105596 -0.990075
vn 0.364133 0.230009 -0.902498
vn 0.360856 0.095011 -0.927769
vn 0.093596 -0.094984 -0.991069
vn 0.101510 -0.291369 -0.951210
vn 0.361428 -0.082957 -0.928702
vn 0.368706 -0.257230 -0.893246
vn 0.381865 -0.422917 -0.821779
vn 0.121142 -0.477341 -0.870328
vn 0.114182 -0.433081 -0.894094
vn 0.377444 -0.382494 -0.843347
vn 0.136537 -0.629978 -0.764517
vn 0.166184 -0.765498 -0.621607
vn 0.407393 -0.554081 -0.725965
vn 0.422952 -0.679093 -0.599954
vn 0.173147 -0.803828 -0.569106
vn 0.195008 -0.878519 -0.436092
vn 0.430063 -0.713368 -0.553310
vn 0.451615 -0.778353 -0.436131
vn 0.228602 -0.941532 -0.247505
vn 0.263466 -0.963367 -0.050091
vn 0.481295 -0.834341 -0.268758
vn 0.512368 -0.853653 -0.093571
vn 0.298259 -0.943020 0.147493
vn 0.331278 -0.881431 0.336651
vn 0.543117 -0.835662 0.081815
vn 0.572548 -0.780938 0.249648
vn 0.356369 -0.807538 0.469982
vn 0.368218 -0.767779 0.524339
vn 0.592514 -0.716652 0.367881
vn 0.602291 -0.681124 0.416311
vn 0.639373 -0.428421 0.638481
vn 0.410912 -0.483533 0.772882
vn 0.389382 -0.633162 0.668945
vn 0.630628 -0.556846 0.540585
vn 0.412577 -0.439241 0.798027
vn 0.413230 -0.393102 0.821408
vn 0.642681 -0.387980 0.660631
vn 0.644581 -0.347925 0.680781
vn 0.985306 0.000119 -0.170796
vn 0.985357 0.000355 -0.170504
vn 0.985178 -0.000283 -0.171533
vn 0.984996 -0.000624 -0.172577
vn 0.984804 -0.000736 -0.173668
vn 0.984611 -0.000616 -0.174757
vn 0.984426 -0.000267 -0.175798
vn 0.984295 0.000139 -0.176530
vn 0.984245 0.000367 -0.176808
vn 0.984113 0.001171 -0.177540
vn 0.983995 0.001949 -0.178186
vn 0.983969 0.002192 -0.178329
vn 0.983910 0.002974 -0.178640
vn 0.983866 0.004057 -0.178862
vn 0.983862 0.005164 -0.178856
vn 0.983886 0.006007 -0.178698
vn 0.983912 0.006415 -0.178538
vn 0.984001 0.007360 -0.178010
vn 0.984084 0.008157 -0.177516
vn 0.984116 0.008374 -0.177327
vn 0.984227 0.008919 -0.176684
vn 0.984390 0.009466 -0.175744
vn 0.984571 0.009800 -0.174711
vn 0.984763 0.009913 -0.173620
vn 0.984955 0.009792 -0.172531
vn 0.985139 0.009449 -0.171500
vn 0.985306 0.008895 -0.170564
vn 0.985421 0.008345 -0.169927
vn 0.985455 0.008128 -0.169740
vn 0.985546 0.007320 -0.169249
vn 0.985642 0.006370 -0.168730
vn 0.985670 0.005968 -0.168577
vn 0.985701 0.005125 -0.168427
vn 0.985705 0.004019 -0.168430
vn 0.985697 0.003476 -0.168489
vn 0.985617 0.002158 -0.168980
vn 0.985641 0.002401 -0.168836
vn 0.985593 0.001915 -0.169125
vn 0.985484 0.001153 -0.169767
f 1/1/1 2/2/2 3/3/3
f 1/1/1 3/3/3 4/4/4
f 2/2/2 5/5/5 6/6/6
f 2/2/2 6/6/6 3/3/3
f 3/3/3 6/6/6 7/7/7
f 3/3/3 7/7/7 8/8/8
f 4/4/4 3/3/3 8/8/8
f 4/4/4 8/8/8 9/9/9
f 10/10/10 11/11/11 12/12/12
f 10/10/10 12/12/12 13/13/13
f 11/11/11 14/14/14 15/15/15
f 11/11/11 15/15/15 12/12/12
f 12/12/12 15/15/15 16/16/16
f 12/12/12 16/16/16 17/17/17
f 13/13/13 12/12/12 17/17/17
f 13/13/13 17/17/17 18/18/18
f 19/19/19 20/20/20 21/21/21
f 19/19/19 21/21/21 22/22/22
f 20/20/20 23/23/23 24/24/24
f 20/20/20 24/24/24 21/21/21
f 21/21/21 24/24/24 25/25/25
f 21/21/21 25/25/25 26/26/26
f 22/22/22 21/21/21 26/26/26
f 22/22/22 26/26/26 27/27/27
f 23/23/23 28/28/28 29/29/29
f 23/23/23 29/29/29 24/24/24
f 28/28/28 30/30/30 31/31/31
f 28/28/28 31/31/31 29/29/29
f 29/29/29 31/31/31 32/32/32
f 29/29/29 32/32/32 33/33/33
f 24/24/24 29/29/29 33/33/33
f 24/24/24 33/33/33 25/25/25
f 30/30/30 34/34/34 35/35/35
f 30/30/30 35/35/35 31/31/31
f 34/34/34 36/36/36 37/37/37
f 34/34/34 37/37/37 35/35/35
f 35/35/35 37/37/37 38/38/38
f 35/35/35 38/38/38 39/39/39
f 31/31/31 35/35/35 39/39/39
f 31/31/31 39/39/39 32/32/32
f 40/40/40 41/41/41 42/42/42
f 40/40/40 42/42/42 43/43/43
f 41/41/41 44/44/44 45/45/45
f 41/41/41 45/45/45 42/42/42
f 42/42/42 45/45/45 46/46/46
f 42/42/42 46/46/46 47/47/47
f 43/43/43 42/42/42 47/47/47
f 43/43/43 47/47/47 48/48/48
f 49/49/49 50/50/50 51/51/51
f 49/49/49 51/51/51 52/52/52
f 50/50/50 53/53/53 54/54/54
f 50/50/50 54/54/54 51/51/51
f 51/51/51 54/54/54 55/55/55
f 51/51/51 55/55/55 56/56/56
f 52/52/52 51/51/51 56/56/56
f 52/52/52 56/56/56 57/57/57
f 53/53/53 58/58/58 59/59/59
f 53/53/53 59/59/59 54/54/54
f 58/58/58 60/60/60 61/61/61
f 58/58/58 61/61/61 59/59/59
f 59/59/59 61/61/61 62/62/62
f 59/59/59 62/62/62 63/63/63
f 54/54/54 59/59/59 63/63/63
f 54/54/54 63/63/63 55/55/55
f 64/64/64 65/65/65 66/66/66
f 64/64/64 66/66/66 67/67/67
f 65/65/65 68/68/68 69/69/69
f 65/65/65 69/69/69 66/66/66
f 66/66/66 69/69/69 70/70/70
f 66/66/66 70/70/70 71/71/71
f 67/67/67 66/66/66 71/71/71
f 67/67/67 71/71/71 72/72/72
f 73/73/73 74/74/74 75/75/75
f 73/73/73 75/75/75 76/76/76
f 74/74/74 77/77/77 78/78/78
f 74/74/74 78/78/78 75/75/75
f 75/75/75 78/78/78 79/79/79
f 75/75/75 79/79/79 80/80/80
f 76/76/76 75/75/75 80/80/80
f 76/76/76 80/80/80 81/81/81
f 77/77/77 82/82/82 83/83/83
f 77/77/77 83/83/83 78/78/78
f 82/82/82 84/84/84 85/85/85
f 82/82/82 85/85/85 83/83/83
f 83/83/83 85/85/85 86/86/86
f 83/83/83 86/86/86 87/87/87
f 78/78/78 83/83/83 87/87/87
f 78/78/78 87/87/87 79/79/79
f 84/84/84 88/88/88 89/89/89
f 84/84/84 89/89/89 85/85/85
f 88/88/88 90/90/90 91/91/91
f 88/88/88 91/91/91 89/89/89
f 89/89/89 91/91/91 92/92/92
f 89/89/89 92/92/92 93/93/93
f 85/85/85 89/89/89 93/93/93
f 85/85/85 93/93/93 86/86/86
f 90/90/90 94/94/94 95/95/95
f 90/90/90 95/95/95 91/91/91
f 94/94/94 96/96/96 97/97/97
f 94/94/94 97/97/97 95/95/95
f 95/95/95 97/97/97 98/98/98
f 95/95/95 98/98/98 99/99/99
f 91/91/91 95/95/95 99/99/99
f 91/91/91 99/99/99 92/92/92
f 100/100/100 101/101/101 102/102/102
f 100/100/100 102/102/102 103/103/103
f 101/101/101 104/104/104 105/105/105
f 101/101/101 105/105/105 102/102/102
f 102/102/102 105/105/105 106/106/106
f 102/102/102 106/106/106 107/107/107
f 103/103/103 102/102/102 107/107/107
f 103/103/103 107/107/107 108/108/108
f 104/104/104 109/109/109 110/110/110
f 104/104/104 110/110/110 105/105/105
f 109/109/109 1/1/1 4/4/4
f 109/109/109 4/4/4 110/110/110
f 110/110/110 4/4/4 9/9/9
f 110/110/110 9/9/9 111/111/111
f 105/105/105 110/110/110 111/111/111
f 105/105/105 111/111/111 106/106/106
f 9/9/9 8/8/8 112/112/112
f 9/9/9 112/112/112 113/113/113
f 8/8/8 7/7/7 114/114/114
f 8/8/8 114/114/114 112/112/112
f 112/112/112 114/114/114 115/115/115
f 112/112/112 115/115/115 116/116/116
f 113/113/113 112/112/112 116/116/116
f 113/113/113 116/116/116 117/117/117
f 18/18/18 17/17/17 118/118/118
f 18/18/18 118/118/118 119/119/119
f 17/17/17 16/16/16 120/120/120
f 17/17/17 120/120/120 118/118/118
f 118/118/118 120/120/120 121/121/121
f 118/118/118 121/121/121 122/122/122
f 119/119/119 118/118/118 122/122/122
f 119/119/119 122/122/122 123/123/123
f 27/27/27 26/26/26 124/124/124
f 27/27/27 124/124/124 125/125/125
f 26/26/26 25/25/25 126/126/126
f 26/26/26 126/126/126 124/124/124
f 124/124/124 126/126/126 127/127/127
f 124/124/124 127/127/127 128/128/128
f 125/125/125 124/124/124 128/128/128
f 125/125/125 128/128/128 129/129/129
f 25/25/25 33/33/33 130/130/130
f 25/25/25 130/130/130 126/126/126
f 33/33/33 32/32/32 131/131/131
f 33/33/33 131/131/131 130/130/130
f 130/130/130 131/131/131 132/132/132
f 130/130/130 132/132/132 133/133/133
f 126/126/126 130/130/130 133/133/133
f 126/126/126 133/133/133 127/127/127
f 32/32/32 39/39/39 134/134/134
f 32/32/32 134/134/134 131/131/131
f 39/39/39 38/38/38 135/135/135
f 39/39/39 135/135/135 134/134/134
f 134/134/134 135/135/135 136/136/136
f 134/134/134 136/136/136 137/137/137
f 131/131/131 134/134/134 137/137/137
f 131/131/131 137/137/137 132/132/132
f 48/48/48 47/47/47 138/138/138
f 48/48/48 138/138/138 139/139/139
f 47/47/47 46/46/46 140/140/140
f 47/47/47 140/140/140 138/138/138
f 138/138/138 140/140/140 141/141/141
f 138/138/138 141/141/141 142/142/142
f 139/139/139 138/138/138 142/142/142
f 139/139/139 142/142/142 143/143/143
f 57/57/57 56/56/56 144/144/144
f 57/57/57 144/144/144 145/145/145
f 56/56/56 55/55/55 146/146/146
f 56/56/56 146/146/146 144/144/144
f 144/144/144 146/146/146 147/147/147
f 144/144/144 147/147/147 148/148/148
f 145/145/145 144/144/144 148/148/148
f 145/145/145 148/148/148 149/149/149
f 55/55/55 63/63/63 150/150/150
f 55/55/55 150/150/150 146/146/146
f 63/63/63 62/62/62 151/151/151
f 63/63/63 151/151/151 150/150/150
f 150/150/150 151/151/151 152/152/152
f 150/150/150 152/152/152 153/153/153
f 146/146/146 150/150/150 153/153/153
f 146/146/146 153/153/153 147/147/147
f 72/72/72 71/71/71 154/154/154
f 72/72/72 154/154/154 155/155/155
f 71/71/71 70/70/70 156/156/156
f 71/71/71 156/156/156 154/154/154
f 154/154/154 156/156/156 157/157/157
f 154/154/154 157/157/157 158/158/158
f 155/155/155 154/154/154 158/158/158
f 155/155/155 158/158/158 159/159/159
f 81/81/81 80/80/80 160/160/160
f 81/81/81 160/160/160 161/161/161
f 80/80/80 79/79/79 162/162/162
f 80/80/80 162/162/162 160/160/160
f 160/160/160 162/162/162 163/163/163
f 160/160/160 163/163/163 164/164/164
f 161/161/161 160/160/160 164/164/164
f 161/161/161 164/164/164 165/165/165
f 79/79/79 87/87/87 166/166/166
f 79/79/79 166/166/166 162/162/162
f 87/87/87 86/86/86 167/167/167
f 87/87/87 167/167/167 166/166/166
f 166/166/166 167/167/167 168/168/168
f 166/166/166 168/168/168 169/169/169
f 162/162/162 166/166/166 169/169/169
f 162/162/162 169/169/169 163/163/163
f 86/86/86 93/93/93 170/170/170
f 86/86/86 170/170/170 167/167/167
f 93/93/93 92/92/92 171/171/171
f 93/93/93 171/171/171 170/170/170
f 170/170/170 171/171/171 172/172/172
f 170/170/170 172/172/172 173/173/173
f 167/167/167 170/170/170 173/173/173
f 167/167/167 173/173/173 168/168/168
f 92/92/92 99/99/99 174/174/174
f 92/92/92 174/174/174 171/171/171
f 99/99/99 98/98/98 175/175/175
f 99/99/99 175/175/175 174/174/174
f 174/174/174 175/175/175 176/176/176
f 174/174/174 176/176/176 177/177/177
f 171/171/171 174/174/174 177/177/177
f 171/171/171 177/177/177 172/172/172
f 108/108/108 107/107/107 178/178/178
f 108/108/108 178/178/178 179/179/179
f 107/107/107 106/106/106 180/180/180
f 107/107/107 180/180/180 178/178/178
f 178/178/178 180/180/180 181/181/181
f 178/178/178 181/181/181 182/182/182
f 179/179/179 178/178/178 182/182/182
f 179/179/179 182/182/182 183/183/183
f 106/106/106 111/111/111 184/184/184
f 106/106/106 184/184/184 180/180/180
f 111/111/111 9/9/9 113/113/113
f 111/111/111 113/113/113 184/184/184
f 184/184/184 113/113/113 117/117/117
f 184/184/184 117/117/117 185/185/185
f 180/180/180 184/184/184 185/185/185
f 180/180/180 185/185/185 181/181/181
f 117/117/117 116/116/116 186/186/186
f 117/117/117 186/186/186 187/187/187
f 116/116/116 115/115/115 188/188/188
f 116/116/116 188/188/188 186/186/186
f 186/186/186 188/188/188 189/189/189
f 186/186/186 189/189/189 190/190/190
f 187/187/187 186/186/186 190/190/190
f 187/187/187 190/190/190 191/191/191
f 123/123/123 122/122/122 192/192/192
f 123/123/123 192/192/192 193/193/193
f 122/122/122 121/121/121 194/194/194
f 122/122/122 194/194/194 192/192/192
f 192/192/192 194/194/194 195/195/195
f 192/192/192 195/195/195 196/196/196
f 193/193/193 192/192/192 196/196/196
f 193/193/193 196/196/196 197/197/197
f 129/129/129 128/128/128 198/198/198
f 129/129/129 198/198/198 199/199/199
f 128/128/128 127/127/127 200/200/200
f 128/128/128 200/200/200 198/198/198
f 198/198/198 200/200/200 201/201/201
f 198/198/198 201/201/201 202/202/202
f 199/199/199 198/198/198 202/202/202
f 199/199/199 202/202/202 203/203/203
f 127/127/127 133/133/133 204/204/204
f 127/127/127 204/204/204 200/200/200
f 133/133/133 132/132/132 205/205/205
f 133/133/133 205/205/205 204/204/204
f 204/204/204 205/205/205 206/206/206
f 204/204/204 206/206/206 207/207/207
f 200/200/200 204/204/204 207/207/207
f 200/200/200 207/207/207 201/201/201
f 132/132/132 137/137/137 208/208/208
f 132/132/132 208/208/208 205/205/205
f 137/137/137 136/136/136 209/209/209
f 137/137/137 209/209/209 208/208/208
f 208/208/208 209/209/209 210/210/210
f 208/208/208 210/210/210 211/211/211
f 205/205/205 208/208/208 211/211/211
f 205/205/205 211/211/211 206/206/206
f 143/143/143 142/142/142 212/212/212
f 143/143/143 212/212/212 213/213/213
f 142/142/142 141/141/141 214/214/214
f 142/142/142 214/214/214 212/212/212
f 212/212/212 214/214/214 215/215/215
f 212/212/212 215/215/215 216/216/216
f 213/213/213 212/212/212 216/216/216
f 213/213/213 216/216/216 217/217/217
f 149/149/149 148/148/148 218/218/218
f 149/149/149 218/218/218 219/219/219
f 148/148/148 147/147/147 220/220/220
f 148/148/148 220/220/220 218/218/218
f 218/218/218 220/220/220 221/221/221
f 218/218/218 221/221/221 222/222/222
f 219/219/219 218/218/218 222/222/222
f 219/219/219 222/222/222 223/223/223
f 147/147/147 153/153/153 224/224/224
f 147/147/147 224/224/224 220/220/220
f 153/153/153 152/152/152 225/225/225
f 153/153/153 225/225/225 224/224/224
f 224/224/224 225/225/225 226/226/226
f 224/224/224 226/226/226 227/227/227
f 220/220/220 224/224/224 227/227/227
f 220/220/220 227/227/227 221/221/221
f 159/159/159 158/158/158 228/228/228
f 159/159/159 228/228/228 229/229/229
f 158/158/158 157/157/157 230/230/230
f 158/158/158 230/230/230 228/228/228
f 228/228/228 230/230/230 231/231/231
f 228/228/228 231/231/231 232/232/232
f 229/229/229 228/228/228 232/232/232
f 229/229/229 232/232/232 233/233/233
f 165/165/165 164/164/164 234/234/234
f 165/165/165 234/234/234 235/235/235
f 164/164/164 163/163/163 236/236/236
f 164/164/164 236/236/236 234/234/234
f 234/234/234 236/236/236 237/237/237
f 234/234/234 237/237/237 238/238/238
f 235/235/235 234/234/234 238/238/238
f 235/235/235 238/238/238 239/239/239
f 163/163/163 169/169/169 240/240/240
f 163/163/163 240/240/240 236/236/236
f 169/169/169 168/168/168 241/241/241
f 169/169/169 241/241/241 240/240/240
f 240/240/240 241/241/241 242/242/242
f 240/240/240 242/242/242 243/243/243
f 236/236/236 240/240/240 243/243/243
f 236/236/236 243/243/243 237/237/237
f 168/168/168 173/173/173 244/244/244
f 168/168/168 244/244/244 241/241/241
f 173/173/173 172/172/172 245/245/245
f 173/173/173 245/245/245 244/244/244
f 244/244/244 245/245/245 246/246/246
f 244/244/244 246/246/246 247/247/247
f 241/241/241 244/244/244 247/247/247
f 241/241/241 247/247/247 242/242/242
f 172/172/172 177/177/177 248/248/248
f 172/172/172 248/248/248 245/245/245
f 177/177/177 176/176/176 249/249/249
f 177/177/177 249/249/249 248/248/248
f 248/248/248 249/249/249 250/250/250
f 248/248/248 250/250/250 251/251/251
f 245/245/245 248/248/248 251/251/251
f 245/245/245 251/251/251 246/246/246
f 183/183/183 182/182/182 252/252/252
f 183/183/183 252/252/252 253/253/253
f 182/182/182 181/181/181 254/254/254
f 182/182/182 254/254/254 252/252/252
f 252/252/252 254/254/254 255/255/255
f 252/252/252 255/255/255 256/256/256
f 253/253/253 252/252/252 256/256/256
f 253/253/253 256/256/256 257/257/257
f 181/181/181 185/185/185 258/258/258
f 181/181/181 258/258/258 254/254/254
f 185/185/185 117/117/117 187/187/187
f 185/185/185 187/187/187 258/258/258
f 258/258/258 187/187/187 191/191/191
f 258/258/258 191/191/191 259/259/259
f 254/254/254 258/258/258 259/259/259
f 254/254/254 259/259/259 255/255/255
f 191/191/191 190/190/190 260/260/260
f 191/191/191 260/260/260 261/261/261
f 190/190/190 189/189/189 262/262/262
f 190/190/190 262/262/262 260/260/260
f 260/260/260 262/262/262 263/263/263
f 260/260/260 263/263/263 264/264/264
f 261/261/261 260/260/260 264/264/264
f 261/261/261 264/264/264 265/265/265
f 197/197/197 196/196/196 266/266/266
f 197/197/197 266/266/266 267/267/267
f 196/196/196 195/195/195 268/268/268
f 196/196/196 268/268/268 266/266/266
f 266/266/266 268/268/268 269/269/269
f 266/266/266 269/269/269 270/270/270
f 267/267/267 266/266/266 270/270/270
f 267/267/267 270/270/270 271/271/271
f 203/203/203 202/202/202 272/272/272
f 203/203/203 272/272/272 273/273/273
f 202/202/202 201/201/201 274/274/274
f 202/202/202 274/274/274 272/272/272
f 272/272/272 274/274/274 275/275/275
f 272/272/272 275/275/275 276/276/276
f 273/273/273 272/272/272 276/276/276
f 273/273/273 276/276/276 277/277/277
f 201/201/201 207/207/207 278/278/278
f 201/201/201 278/278/278 274/274/274
f 207/207/207 206/206/206 279/279/279
f 207/207/207 279/279/279 278/278/278
f 278/278/278 279/279/279 280/280/280
f 278/278/278 280/280/280 281/281/281
f 274/274/274 278/278/278 281/281/281
f 274/274/274 281/281/281 275/275/275
f 206/206/206 211/211/211 282/282/282
f 206/206/206 282/282/282 279/279/279
f 211/211/211 210/210/210 283/283/283
f 211/211/211 283/283/283 282/282/282
f 282/282/282 283/283/283 284/284/284
f 282/282/282 284/284/284 285/285/285
f 279/279/279 282/282/282 285/285/285
f 279/279/279 285/285/285 280/280/280
f 217/217/217 216/216/216 286/286/286
f 217/217/217 286/286/286 287/287/287
f 216/216/216 215/215/215 288/288/288
f 216/216/216 288/288/288 286/286/286
f 286/286/286 288/288/288 289/289/289
f 286/286/286 289/289/289 290/290/290
f 287/287/287 286/286/286 290/290/290
f 287/287/287 290/290/290 291/291/291
f 223/223/223 222/222/222 292/292/292
f 223/223/223 292/292/292 293/293/293
f 222/222/222 221/221/221 294/294/294
f 222/222/222 294/294/294 292/292/292
f 292/292/292 294/294/294 295/295/295
f 292/292/292 295/295/295 296/296/296
f 293/293/293 292/292/292 296/296/296
f 293/293/293 296/296/296 297/297/297
f 221/221/221 227/227/227 298/298/298
f 221/221/221 298/298/298 294/294/294
f 227/227/227 226/226/226 299/299/299
f 227/227/227 299/299/299 298/298/298
f 298/298/298 299/299/299 300/300/300
f 298/298/298 300/300/300 301/301/301
f 294/294/294 298/298/298 301/301/301
f 294/294/294 301/301/301 295/295/295
f 233/233/233 232/232/232 302/302/302
f 233/233/233 302/302/302 303/303/303
f 232/232/232 231/231/231 304/304/304
f 232/232/232 304/304/304 302/302/302
f 302/302/302 304/304/304 305/305/305
f 302/302/302 305/305/305 306/306/306
f 303/303/303 302/302/302 306/306/306
f 303/303/303 306/306/306 307/307/307
f 239/239/239 238/238/238 308/308/308
f 239/239/239 308/308/308 309/309/309
f 238/238/238 237/237/237 310/310/310
f 238/238/238 310/310/310 308/308/308
f 308/308/308 310/310/310 311/311/311
f 308/308/308 311/311/311 312/312/312
f 309/309/309 308/308/308 312/312/312
f 309/309/309 312/312/312 313/313/313
f 237/237/237 243/243/243 314/314/314
f 237/237/237 314/314/314 310/310/310
f 243/243/243 242/242/242 315/315/315
f 243/243/243 315/315/315 314/314/314
f 314/314/314 315/315/315 316/316/316
f 314/314/314 316/316/316 317/317/317
f 310/310/310 314/314/314 317/317/317
f 310/310/310 317/317/317 311/311/311
f 242/242/242 247/247/247 318/318/318
f 242/242/242 318/318/318 315/315/315
f 247/247/247 246/246/246 319/319/319
f 247/247/247 319/319/319 318/318/318
f 318/318/318 319/319/319 320/320/320
f 318/318/318 320/320/320 321/321/321
f 315/315/315 318/318/318 321/321/321
f 315/315/315 321/321/321 316/316/316
f 246/246/246 251/251/251 322/322/322
f 246/246/246 322/322/322 319/319/319
f 251/251/251 250/250/250 323/323/323
f 251/251/251 323/323/323 322/322/322
f 322/322/322 323/323/323 324/324/324
f 322/322/322 324/324/324 325/325/325
f 319/319/319 322/322/322 325/325/325
f 319/319/319 325/325/325 320/320/320
f 257/257/257 256/256/256 326/326/326
f 257/257/257 326/326/326 327/327/327
f 256/256/256 255/255/255 328/328/328
f 256/256/256 328/328/328 326/326/326
f 326/326/326 328/328/328 329/329/329
f 326/326/326 329/329/329 330/330/330
f 327/327/327 326/326/326 330/330/330
f 327/327/327 330/330/330 331/331/331
f 255/255/255 259/259/259 332/332/332
f 255/255/255 332/332/332 328/328/328
f 259/259/259 191/191/191 261/261/261
f 259/259/259 261/261/261 332/332/332
f 332/332/332 261/261/261 265/265/265
f 332/332/332 265/265/265 333/333/333
f 328/328/328 332/332/332 333/333/333
f 328/328/328 333/333/333 329/329/329
f 265/265/265 264/264/264 334/334/334
f 265/265/265 334/334/334 335/335/335
f 264/264/264 263/263/263 336/336/336
f 264/264/264 336/336/336 334/334/334
f 334/334/334 336/336/336 337/337/337
f 334/334/334 337/337/337 338/338/338
f 335/335/335 334/334/334 338/338/338
f 335/335/335 338/338/338 339/339/339
f 271/271/271 270/270/270 340/340/340
f 271/271/271 340/340/340 341/341/341
f 270/270/270 269/269/269 342/342/342
f 270/270/270 342/342/342 340/340/340
f 340/340/340 342/342/342 343/343/343
f 340/340/340 343/343/343 344/344/344
f 341/341/341 340/340/340 344/344/344
f 341/341/341 344/344/344 345/345/345
f 277/277/277 276/276/276 346/346/346
f 277/277/277 346/346/346 347/347/347
f 276/276/276 275/275/275 348/348/348
f 276/276/276 348/348/348 346/346/346
f 346/346/346 348/348/348 349/349/349
f 346/346/346 349/349/349 350/350/350
f 347/347/347 346/346/346 350/350/350
f 347/347/347 350/350/350 351/351/351
f 275/275/275 281/281/281 352/352/352
f 275/275/275 352/352/352 348/348/348
f 281/281/281 280/280/280 353/353/353
f 281/281/281 353/353/353 352/352/352
f 352/352/352 353/353/353 354/354/354
f 352/352/352 354/354/354 355/355/355
f 348/348/348 352/352/352 355/355/355
f 348/348/348 355/355/355 349/349/349
f 280/280/280 285/285/285 356/356/356
f 280/280/280 356/356/356 353/353/353
f 285/285/285 284/284/284 357/357/357
f 285/285/285 357/357/357 356/356/356
f 356/356/356 357/357/357 358/358/358
f 356/356/356 358/358/358 359/359/359
f 353/353/353 356/356/356 359/359/359
f 353/353/353 359/359/359 354/354/354
f 291/291/291 290/290/290 360/360/360
f 291/291/291 360/360/360 361/361/361
f 290/290/290 289/289/289 362/362/362
f 290/290/290 362/362/362 360/360/360
f 360/360/360 362/362/362 363/363/363
f 360/360/360 363/363/363 364/364/364
f 361/361/361 360/360/360 364/364/364
f 361/361/361 364/364/364 365/365/365
f 297/297/297 296/296/296 366/366/366
f 297/297/297 366/366/366 367/367/367
f 296/296/296 295/295/295 368/368/368
f 296/296/296 368/368/368 366/366/366
f 366/366/366 368/368/368 369/369/369
f 366/366/366 369/369/369 370/370/370
f 367/367/367 366/366/366 370/370/370
f 367/367/367 370/370/370 371/371/371
f 295/295/295 301/301/301 372/372/372
f 295/295/295 372/372/372 368/368/368
f 301/301/301 300/300/300 373/373/373
f 301/301/301 373/373/373 372/372/372
f 372/372/372 373/373/373 374/374/374
f 372/372/372 374/374/374 375/375/375
f 368/368/368 372/372/372 375/375/375
f 368/368/368 375/375/375 369/369/369
f 307/307/307 306/306/306 376/376/376
f 307/307/307 376/376/376 377/377/377
f 306/306/306 305/305/305 378/378/378
f 306/306/306 378/378/378 376/376/376
f 376/376/376 378/378/378 379/379/379
f 376/376/376 379/379/379 380/380/380
f 377/377/377 376/376/376 380/380/380
f 377/377/377 380/380/380 381/381/381
f 313/313/313 312/312/312 382/382/382
f 313/313/313 382/382/382 383/383/383
f 312/312/312 311/311/311 384/384/384
f 312/312/312 384/384/384 382/382/382
f 382/382/382 384/384/384 385/385/385
f 382/382/382 385/385/385 386/386/386
f 383/383/383 382/382/382 386/386/386
f 383/383/383 386/386/386 387/387/387
f 311/311/311 317/317/317 388/388/388
f 311/311/311 388/388/388 384/384/384
f 317/317/317 316/316/316 389/389/389
f 317/317/317 389/389/389 388/388/388
f 388/388/388 389/389/389 390/390/390
f 388/388/388 390/390/390 391/391/391
f 384/384/384 388/388/388 391/391/391
f 384/384/384 391/391/391 385/385/385
f 316/316/316 321/321/321 392/392/392
f 316/316/316 392/392/392 389/389/389
f 321/321/321 320/320/320 393/393/393
f 321/321/321 393/393/393 392/392/392
f 392/392/392 393/393/393 394/394/394
f 392/392/392 394/394/394 395/395/395
f 389/389/389 392/392/392 395/395/395
f 389/389/389 395/395/395 390/390/390
f 320/320/320 325/325/325 396/396/396
f 320/320/320 396/396/396 393/393/393
f 325/325/325 324/324/324 397/397/397
f 325/325/325 397/397/397 396/396/396
f 396/396/396 397/397/397 398/398/398
f 396/396/396 398/398/398 399/399/399
f 393/393/393 396/396/396 399/399/399
f 393/393/393 399/399/399 394/394/394
f 331/331/331 330/330/330 400/400/400
f 331/331/331 400/400/400 401/401/401
f 330/330/330 329/329/329 402/402/402
f 330/330/330 402/402/402 400/400/400
f 400/400/400 402/402/402 403/403/403
f 400/400/400 403/403/403 404/404/404
f 401/401/401 400/400/400 404/404/404
f 401/401/401 404/404/404 405/405/405
f 329/329/329 333/333/333 406/406/406
f 329/329/329 406/406/406 402/402/402
f 333/333/333 265/265/265 335/335/335
f 333/333/333 335/335/335 406/406/406
f 406/406/406 335/335/335 339/339/339
f 406/406/406 339/339/339 407/407/407
f 402/402/402 406/406/406 407/407/407
f 402/402/402 407/407/407 403/403/403
f 339/339/339 338/338/338 408/408/408
f 339/339/339 408/408/408 409/409/409
f 338/338/338 337/337/337 410/410/410
f 338/338/338 410/410/410 408/408/408
f 408/408/408 410/410/410 411/411/411
f 408/408/408 411/411/411 412/412/412
f 409/409/409 408/408/408 412/412/412
f 409/409/409 412/412/412 413/413/413
f 345/345/345 344/344/344 414/414/414
f 345/345/345 414/414/414 415/415/415
f 344/344/344 343/343/343 416/416/416
f 344/344/344 416/416/416 414/414/414
f 414/414/414 416/416/416 417/417/417
f 414/414/414 417/417/417 418/418/418
f 415/415/415 414/414/414 418/418/418
f 415/415/415 418/418/418 419/419/419
f 351/351/351 350/350/350 420/420/420
f 351/351/351 420/420/420 421/421/421
f 350/350/350 349/349/349 422/422/422
f 350/350/350 422/422/422 420/420/420
f 420/420/420 422/422/422 423/423/423
f 420/420/420 423/423/423 424/424/424
f 421/421/421 420/420/420 424/424/424
f 421/421/421 424/424/424 425/425/425
f 349/349/349 355/355/355 426/426/426
f 349/349/349 426/426/426 422/422/422
f 355/355/355 354/354/354 427/427/427
f 355/355/355 427/427/427 426/426/426
f 426/426/426 427/427/427 428/428/428
f 426/426/426 428/428/428 429/429/429
f 422/422/422 426/426/426 429/429/429
f 422/422/422 429/429/429 423/423/423
f 354/354/354 359/359/359 430/430/430
f 354/354/354 430/430/430 427/427/427
f 359/359/359 358/358/358 431/431/431
f 359/359/359 431/431/431 430/430/430
f 430/430/430 431/431/431 432/432/432
f 430/430/430 432/432/432 433/433/433
f 427/427/427 430/430/430 433/433/433
f 427/427/427 433/433/433 428/428/428
f 365/365/365 364/364/364 434/434/434
f 365/365/365 434/434/434 435/435/435
f 364/364/364 363/363/363 436/436/436
f 364/364/364 436/436/436 434/434/434
f 434/434/434 436/436/436 437/437/437
f 434/434/434 437/437/437 438/438/438
f 435/435/435 434/434/434 438/438/438
f 435/435/435 438/438/438 439/439/439
f 371/371/371 370/370/370 440/440/440
f 371/371/371 440/440/440 441/441/441
f 370/370/370 369/369/369 442/442/442
f 370/370/370 442/442/442 440/440/440
f 440/440/440 442/442/442 443/443/443
f 440/440/440 443/443/443 444/444/444
f 441/441/441 440/440/440 444/444/444
f 441/441/441 444/444/444 445/445/445
f 369/369/369 375/375/375 446/446/446
f 369/369/369 446/446/446 442/442/442
f 375/375/375 374/374/374 447/447/447
f 375/375/375 447/447/447 446/446/446
f 446/446/446 447/447/447 448/448/448
f 446/446/446 448/448/448 449/449/449
f 442/442/442 446/446/446 449/449/449
f 442/442/442 449/449/449 443/443/443
f 381/381/381 380/380/380 450/450/450
f 381/381/381 450/450/450 451/451/451
f 380/380/380 379/379/379 452/452/452
f 380/380/380 452/452/452 450/450/450
f 450/450/450 452/452/452 453/453/453
f 450/450/450 453/453/453 454/454/454
f 451/451/451 450/450/450 454/454/454
f 451/451/451 454/454/454 455/455/455
f 387/387/387 386/386/386 456/456/456
f 387/387/387 456/456/456 457/457/457
f 386/386/386 385/385/385 458/458/458
f 386/386/386 458/458/458 456/456/456
f 456/456/456 458/458/458 459/459/459
f 456/456/456 459/459/459 460/460/460
f 457/457/457 456/456/456 460/460/460
f 457/457/457 460/460/460 461/461/461
f 385/385/385 391/391/391 462/462/462
f 385/385/385 462/462/462 458/458/458
f 391/391/391 390/390/390 463/463/463
f 391/391/391 463/463/463 462/462/462
f 462/462/462 463/463/463 464/464/464
f 462/462/462 464/464/464 465/465/465
f 458/458/458 462/462/462 465/465/465
f 458/458/458 465/465/465 459/459/459
f 390/390/390 395/395/395 466/466/466
f 390/390/390 466/466/466 463/463/463
f 395/395/395 394/394/394 467/467/467
f 395/395/395 467/467/467 466/466/466
f 466/466/466 467/467/467 468/468/468
f 466/466/466 468/468/468 469/469/469
f 463/463/463 466/466/466 469/469/469
f 463/463/463 469/469/469 464/464/464
f 394/394/394 399/399/399 470/470/470
f 394/394/394 470/470/470 467/467/467
f 399/399/399 398/398/398 471/471/471
f 399/399/399 471/471/471 470/470/470
f 470/470/470 471/471/471 472/472/472
f 470/470/470 472/472/472 473/473/473
f 467/467/467 470/470/470 473/473/473
f 467/467/467 473/473/473 468/468/468
f 405/405/405 404/404/404 474/474/474
f 405/405/405 474/474/474 475/475/475
f 404/404/404 403/403/403 476/476/476
f 404/404/404 476/476/476 474/474/474
f 474/474/474 476/476/476 477/477/477
f 474/474/474 477/477/477 478/478/478
f 475/475/475 474/474/474 478/478/478
f 475/475/475 478/478/478 479/479/479
f 403/403/403 407/407/407 480/480/480
f 403/403/403 480/480/480 476/476/476
f 407/407/407 339/339/339 409/409/409
f 407/407/407 409/409/409 480/480/480
f 480/480/480 409/409/409 413/413/413
f 480/480/480 413/413/413 481/481/481
f 476/476/476 480/480/480 481/481/481
f 476/476/476 481/481/481 477/477/477
f 413/413/413 412/412/412 482/482/482
f 413/413/413 482/482/482 483/483/483
f 412/412/412 411/411/411 484/484/484
f 412/412/412 484/484/484 482/482/482
f 482/482/482 484/484/484 485/485/485
f 482/482/482 485/485/485 486/486/486
f 483/483/483 482/482/482 486/486/486
f 483/483/483 486/486/486 487/487/487
f 419/419/419 418/418/418 488/488/488
f 419/419/419 488/488/488 489/489/489
f 418/418/418 417/417/417 490/490/490
f 418/418/418 490/490/490 488/488/488
f 488/488/488 490/490/490 491/491/491
f 488/488/488 491/491/491 492/492/492
f 489/489/489 488/488/488 492/492/492
f 489/489/489 492/492/492 493/493/493
f 425/425/425 424/424/424 494/494/494
f 425/425/425 494/494/494 495/495/495
f 424/424/424 423/423/423 496/496/496
f 424/424/424 496/496/496 494/494/494
f 494/494/494 496/496/496 497/497/497
f 494/494/494 497/497/497 498/498/498
f 495/495/495 494/494/494 498/498/498
f 495/495/495 498/498/498 499/499/499
f 423/423/423 429/429/429 500/500/500
f 423/423/423 500/500/500 496/496/496
f 429/429/429 428/428/428 501/501/501
f 429/429/429 501/501/501 500/500/500
f 500/500/500 501/501/501 502/502/502
f 500/500/500 502/502/502 503/503/503
f 496/496/496 500/500/500 503/503/503
f 496/496/496 503/503/503 497/497/497
f 428/428/428 433/433/433 504/504/504
f 428/428/428 504/504/504 501/501/501
f 433/433/433 432/432/432 505/505/505
f 433/433/433 505/505/505 504/504/504
f 504/504/504 505/505/505 506/506/506
f 504/504/504 506/506/506 507/507/507
f 501/501/501 504/504/504 507/507/507
f 501/501/501 507/507/507 502/502/502
f 439/439/439 438/438/438 508/508/508
f 439/439/439 508/508/508 509/509/509
f 438/438/438 437/437/437 510/510/510
f 438/438/438 510/510/510 508/508/508
f 508/508/508 510/510/510 511/511/511
f 508/508/508 511/511/511 512/512/512
f 509/509/509 508/508/508 512/512/512
f 509/509/509 512/512/512 513/513/513
f 445/445/445 444/444/444 514/514/514
f 445/445/445 514/514/514 515/515/515
f 444/444/444 443/443/443 516/516/516
f 444/444/444 516/516/516 514/514/514
f 514/514/514 516/516/516 517/517/517
f 514/514/514 517/517/517 518/518/518
f 515/515/515 514/514/514 518/518/518
f 515/515/515 518/518/518 519/519/519
f 443/443/443 449/449/449 520/520/520
f 443/443/443 520/520/520 516/516/516
f 449/449/449 448/448/448 521/521/521
f 449/449/449 521/521/521 520/520/520
f 520/520/520 521/521/521 522/522/522
f 520/520/520 522/522/522 523/523/523
f 516/516/516 520/520/520 523/523/523
f 516/516/516 523/523/523 517/517/517
f 455/455/455 454/454/454 524/524/524
f 455/455/455 524/524/524 525/525/525
f 454/454/454 453/453/453 526/526/526
f 454/454/454 526/526/526 524/524/524
f 524/524/524 526/526/526 527/527/527
f 524/524/524 527/527/527 528/528/528
f 525/525/525 524/524/524 528/528/528
f 525/525/525 528/528/528 529/529/529
f 461/461/461 460/460/460 530/530/530
f 461/461/461 530/530/530 531/531/531
f 460/460/460 459/459/459 532/532/532
f 460/460/460 532/532/532 530/530/530
f 530/530/530 532/532/532 533/533/533
f 530/530/530 533/533/533 534/534/534
f 531/531/531 530/530/530 534/534/534
f 531/531/531 534/534/534 535/535/535
f 459/459/459 465/465/465 536/536/536
f 459/459/459 536/536/536 532/532/532
f 465/465/465 464/464/464 537/537/537
f 465/465/465 537/537/537 536/536/536
f 536/536/536 537/537/537 538/538/538
f 536/536/536 538/538/538 539/539/539
f 532/532/532 536/536/536 539/539/539
f 532/532/532 539/539/539 533/533/533
f 464/464/464 469/469/469 540/540/540
f 464/464/464 540/540/540 537/537/537
f 469/469/469 468/468/468 541/541/541
f 469/469/469 541/541/541 540/540/540
f 540/540/540 541/541/541 542/542/542
f 540/540/540 542/542/542 543/543/543
f 537/537/537 540/540/540 543/543/543
f 537/537/537 543/543/543 538/538/538
f 468/468/468 473/473/473 544/544/544
f 468/468/468 544/544/544 541/541/541
f 473/473/473 472/472/472 545/545/545
f 473/473/473 545/545/545 544/544/544
f 544/544/544 545/545/545 546/546/546
f 544/544/544 546/546/546 547/547/547
f 541/541/541 544/544/544 547/547/547
f 541/541/541 547/547/547 542/542/542
f 479/479/479 478/478/478 548/548/548
f 479/479/479 548/548/548 549/549/549
f 478/478/478 477/477/477 550/550/550
f 478/478/478 550/550/550 548/548/548
f 548/548/548 550/550/550 551/551/551
f 548/548/548 551/551/551 552/552/552
f 549/549/549 548/548/548 552/552/552
f 549/549/549 552/552/552 553/553/553
f 477/477/477 481/481/481 554/554/554
f 477/477/477 554/554/554 550/550/550
f 481/481/481 413/413/413 483/483/483
f 481/481/481 483/483/483 554/554/554
f 554/554/554 483/483/483 487/487/487
f 554/554/554 487/487/487 555/555/555
f 550/550/550 554/554/554 555/555/555
f 550/550/550 555/555/555 551/551/551
f 487/487/487 486/486/486 556/556/556
f 487/487/487 556/556/556 557/557/557
f 486/486/486 485/485/485 558/558/558
f 486/486/486 558/558/558 556/556/556
f 556/556/556 558/558/558 559/559/559
f 556/556/556 559/559/559 560/560/560
f 557/557/557 556/556/556 560/560/560
f 557/557/557 560/560/560 561/561/561
f 493/493/493 492/492/492 562/562/562
f 493/493/493 562/562/562 563/563/563
f 492/492/492 491/491/491 564/564/564
f 492/492/492 564/564/564 562/562/562
f 562/562/562 564/564/564 565/565/565
f 562/562/562 565/565/565 566/566/566
f 563/563/563 562/562/562 566/566/566
f 563/563/563 566/566/566 567/567/567
f 499/499/499 498/498/498 568/568/568
f 499/499/499 568/568/568 569/569/569
f 498/498/498 497/497/497 570/570/570
f 498/498/498 570/570/570 568/568/568
f 568/568/568 570/570/570 571/571/571
f 568/568/568 571/571/571 572/572/572
f 569/569/569 568/568/568 572/572/572
f 569/569/569 572/572/572 573/573/573
f 497/497/497 503/503/503 574/574/574
f 497/497/497 574/574/574 570/570/570
f 503/503/503 502/502/502 575/575/575
f 503/503/503 575/575/575 574/574/574
f 574/574/574 575/575/575 576/576/576
f 574/574/574 576/576/576 577/577/577
f 570/570/570 574/574/574 577/577/577
f 570/570/570 577/577/577 571/571/571
f 502/502/502 507/507/507 578/578/578
f 502/502/502 578/578/578 575/575/575
f 507/507/507 506/506/506 579/579/579
f 507/507/507 579/579/579 578/578/578
f 578/578/578 579/579/579 580/580/580
f 578/578/578 580/580/580 581/581/581
f 575/575/575 578/578/578 581/581/581
f 575/575/575 581/581/581 576/576/576
f 513/513/513 512/512/512 582/582/582
f 513/513/513 582/582/582 583/583/583
f 512/512/512 511/511/511 584/584/584
f 512/512/512 584/584/584 582/582/582
f 582/582/582 584/584/584 585/585/585
f 582/582/582 585/585/585 586/586/586
f 583/583/583 582/582/582 586/586/586
f 583/583/583 586/586/586 587/587/587
f 519/519/519 518/518/518 588/588/588
f 519/519/519 588/588/588 589/589/589
f 518/518/518 517/517/517 590/590/590
f 518/518/518 590/590/590 588/588/588
f 588/588/588 590/590/590 591/591/591
f 588/588/588 591/591/591 592/592/592
f 589/589/589 588/588/588 592/592/592
f 589/589/589 592/592/592 593/593/593
f 517/517/517 523/523/523 594/594/594
f 517/517/517 594/594/594 590/590/590
f 523/523/523 522/522/522 595/595/595
f 523/523/523 595/595/595 594/594/594
f 594/594/594 595/595/595 596/596/596
f 594/594/594 596/596/596 597/597/597
f 590/590/590 594/594/594 597/597/597
f 590/590/590 597/597/597 591/591/591
f 529/529/529 528/528/528 598/598/598
f 529/529/529 598/598/598 599/599/599
f 528/528/528 527/527/527 600/600/600
f 528/528/528 600/600/600 598/598/598
f 598/598/598 600/600/600 601/601/601
f 598/598/598 601/601/601 602/602/602
f 599/599/599 598/598/598 602/602/602
f 599/599/599 602/602/602 603/603/603
f 535/535/535 534/534/534 604/604/604
f 535/535/535 604/604/604 605/605/605
f 534/534/534 533/533/533 606/606/606
f 534/534/534 606/606/606 604/604/604
f 604/604/604 606/606/606 607/607/607
f 604/604/604 607/607/607 608/608/608
f 605/605/605 604/604/604 608/608/608
f 605/605/605 608/608/608 609/609/609
f 533/533/533 539/539/539 610/610/610
f 533/533/533 610/610/610 606/606/606
f 539/539/539 538/538/538 611/611/611
f 539/539/539 611/611/611 610/610/610
f 610/610/610 611/611/611 612/612/612
f 610/610/610 612/612/612 613/613/613
f 606/606/606 610/610/610 613/613/613
f 606/606/606 613/613/613 607/607/607
f 538/538/538 543/543/543 614/614/614
f 538/538/538 614/614/614 611/611/611
f 543/543/543 542/542/542 615/615/615
f 543/543/543 615/615/615 614/614/614
f 614/614/614 615/615/615 616/616/616
f 614/614/614 616/616/616 617/617/617
f 611/611/611 614/614/614 617/617/617
f 611/611/611 617/617/617 612/612/612
f 542/542/542 547/547/547 618/618/618
f 542/542/542 618/618/618 615/615/615
f 547/547/547 546/546/546 619/619/619
f 547/547/547 619/619/619 618/618/618
f 618/618/618 619/619/619 620/620/620
f 618/618/618 620/620/620 621/621/621
f 615/615/615 618/618/618 621/621/621
f 615/615/615 621/621/621 616/616/616
f 553/553/553 552/552/552 622/622/622
f 553/553/553 622/622/622 623/623/623
f 552/552/552 551/551/551 624/624/624
f 552/552/552 624/624/624 622/622/622
f 622/622/622 624/624/624 625/625/625
f 622/622/622 625/625/625 626/626/626
f 623/623/623 622/622/622 626/626/626
f 623/623/623 626/626/626 627/627/627
f 551/551/551 555/555/555 628/628/628
f 551/551/551 628/628/628 624/624/624
f 555/555/555 487/487/487 557/557/557
f 555/555/555 557/557/557 628/628/628
f 628/628/628 557/557/557 561/561/561
f 628/628/628 561/561/561 629/629/629
f 624/624/624 628/628/628 629/629/629
f 624/624/624 629/629/629 625/625/625
f 561/561/561 560/560/560 630/630/630
f 561/561/561 630/630/630 631/631/631
f 560/560/560 559/559/559 632/632/632
f 560/560/560 632/632/632 630/630/630
f 630/630/630 632/632/632 633/633/633
f 630/630/630 633/633/633 634/634/634
f 631/631/631 630/630/630 634/634/634
f 631/631/631 634/634/634 635/635/635
f 567/567/567 566/566/566 636/636/636
f 567/567/567 636/636/636 637/637/637
f 566/566/566 565/565/565 638/638/638
f 566/566/566 638/638/638 636/636/636
f 636/636/636 638/638/638 639/639/639
f 636/636/636 639/639/639 640/640/640
f 637/637/637 636/636/636 640/640/640
f 637/637/637 640/640/640 641/641/641
f 573/573/573 572/572/572 642/642/642
f 573/573/573 642/642/642 643/643/643
f 572/572/572 571/571/571 644/644/644
f 572/572/572 644/644/644 642/642/642
f 642/642/642 644/644/644 645/645/645
f 642/642/642 645/645/645 646/646/646
f 643/643/643 642/642/642 646/646/646
f 643/643/643 646/646/646 647/647/647
f 571/571/571 577/577/577 648/648/648
f 571/571/571 648/648/648 644/644/644
f 577/577/577 576/576/576 649/649/649
f 577/577/577 649/649/649 648/648/648
f 648/648/648 649/649/649 650/650/650
f 648/648/648 650/650/650 651/651/651
f 644/644/644 648/648/648 651/651/651
f 644/644/644 651/651/651 645/645/645
f 576/576/576 581/581/581 652/652/652
f 576/576/576 652/652/652 649/649/649
f 581/581/581 580/580/580 653/653/653
f 581/581/581 653/653/653 652/652/652
f 652/652/652 653/653/653 654/654/654
f 652/652/652 654/654/654 655/655/655
f 649/649/649 652/652/652 655/655/655
f 649/649/649 655/655/655 650/650/650
f 587/587/587 586/586/586 656/656/656
f 587/587/587 656/656/656 657/657/657
f 586/586/586 585/585/585 658/658/658
f 586/586/586 658/658/658 656/656/656
f 656/656/656 658/658/658 659/659/659
f 656/656/656 659/659/659 660/660/660
f 657/657/657 656/656/656 660/660/660
f 657/657/657 660/660/660 661/661/661
f 593/593/593 592/592/592 662/662/662
f 593/593/593 662/662/662 663/663/663
f 592/592/592 591/591/591 664/664/664
f 592/592/592 664/664/664 662/662/662
f 662/662/662 664/664/664 665/665/665
f 662/662/662 665/665/665 666/666/666
f 663/663/663 662/662/662 666/666/666
f 663/663/663 666/666/666 667/667/667
f 591/591/591 597/597/597 668/668/668
f 591/591/591 668/668/668 664/664/664
f 597/597/597 596/596/596 669/669/669
f 597/597/597 669/669/669 668/668/668
f 668/668/668 669/669/669 670/670/670
f 668/668/668 670/670/670 671/671/671
f 664/664/664 668/668/668 671/671/671
f 664/664/664 671/671/671 665/665/665
f 603/603/603 602/602/602 672/672/672
f 603/603/603 672/672/672 673/673/673
f 602/602/602 601/601/601 674/674/674
f 602/602/602 674/674/674 672/672/672
f 672/672/672 674/674/674 675/675/675
f 672/672/672 675/675/675 676/676/676
f 673/673/673 672/672/672 676/676/676
f 673/673/673 676/676/676 677/677/677
f 609/609/609 608/608/608 678/678/678
f 609/609/609 678/678/678 679/679/679
f 608/608/608 607/607/607 680/680/680
f 608/608/608 680/680/680 678/678/678
f 678/678/678 680/680/680 681/681/681
f 678/678/678 681/681/681 682/682/682
f 679/679/679 678/678/678 682/682/682
f 679/679/679 682/682/682 683/683/683
f 607/607/607 613/613/613 684/684/684
f 607/607/607 684/684/684 680/680/680
f 613/613/613 612/612/612 685/685/685
f 613/613/613 685/685/685 684/684/684
f 684/684/684 685/685/685 686/686/686
f 684/684/684 686/686/686 687/687/687
f 680/680/680 684/684/684 687/687/687
f 680/680/680 687/687/687 681/681/681
f 612/612/612 617/617/617 688/688/688
f 612/612/612 688/688/688 685/685/685
f 617/617/617 616/616/616 689/689/689
f 617/617/617 689/689/689 688/688/688
f 688/688/688 689/689/689 690/690/690
f 688/688/688 690/690/690 691/691/691
f 685/685/685 688/688/688 691/691/691
f 685/685/685 691/691/691 686/686/686
f 616/616/616 621/621/621 692/692/692
f 616/616/616 692/692/692 689/689/689
f 621/621/621 620/620/620 693/693/693
f 621/621/621 693/693/693 692/692/692
f 692/692/692 693/693/693 694/694/694
f 692/692/692 694/694/694 695/695/695
f 689/689/689 692/692/692 695/695/695
f 689/689/689 695/695/695 690/690/690
f 627/627/627 626/626/626 696/696/696
f 627/627/627 696/696/696 697/697/697
f 626/626/626 625/625/625 698/698/698
f 626/626/626 698/698/698 696/696/696
f 696/696/696 698/698/698 699/699/699
f 696/696/696 699/699/699 700/700/700
f 697/697/697 696/696/696 700/700/700
f 697/697/697 700/700/700 701/701/701
f 625/625/625 629/629/629 702/702/702
f 625/625/625 702/702/702 698/698/698
f 629/629/629 561/561/561 631/631/631
f 629/629/629 631/631/631 702/702/702
f 702/702/702 631/631/631 635/635/635
f 702/702/702 635/635/635 703/703/703
f 698/698/698 702/702/702 703/703/703
f 698/698/698 703/703/703 699/699/699
f 635/635/635 634/634/634 704/704/704
f 635/635/635 704/704/704 705/705/705
f 634/634/634 633/633/633 706/706/706
f 634/634/634 706/706/706 704/704/704
f 704/704/704 706/706/706 707/707/707
f 704/704/704 707/707/707 708/708/708
f 705/705/705 704/704/704 708/708/708
f 705/705/705 708/708/708 709/709/709
f 641/641/641 640/640/640 710/710/710
f 641/641/641 710/710/710 711/711/711
f 640/640/640 639/639/639 712/712/712
f 640/640/640 712/712/712 710/710/710
f 710/710/710 712/712/712 713/713/713
f 710/710/710 713/713/713 714/714/714
f 711/711/711 710/710/710 714/714/714
f 711/711/711 714/714/714 715/715/715
f 647/647/647 646/646/646 716/716/716
f 647/647/647 716/716/716 717/717/717
f 646/646/646 645/645/645 718/718/718
f 646/646/646 718/718/718 716/716/716
f 716/716/716 718/718/718 719/719/719
f 716/716/716 719/719/719 720/720/720
f 717/717/717 716/716/716 720/720/720
f 717/717/717 720/720/720 721/721/721
f 645/645/645 651/651/651 722/722/722
f 645/645/645 722/722/722 718/718/718
f 651/651/651 650/650/650 723/723/723
f 651/651/651 723/723/723 722/722/722
f 722/722/722 723/723/723 724/724/724
f 722/722/722 724/724/724 725/725/725
f 718/718/718 722/722/722 725/725/725
f 718/718/718 725/725/725 719/719/719
f 650/650/650 655/655/655 726/726/726
f 650/650/650 726/726/726 723/723/723
f 655/655/655 654/654/654 727/727/727
f 655/655/655 727/727/727 726/726/726
f 726/726/726 727/727/727 728/728/728
f 726/726/726 728/728/728 729/729/729
f 723/723/723 726/726/726 729/729/729
f 723/723/723 729/729/729 724/724/724
f 661/661/661 660/660/660 730/730/730
f 661/661/661 730/730/730 731/731/731
f 660/660/660 659/659/659 732/732/732
f 660/660/660 732/732/732 730/730/730
f 730/730/730 732/732/732 733/733/733
f 730/730/730 733/733/733 734/734/734
f 731/731/731 730/730/730 734/734/734
f 731/731/731 734/734/734 735/735/735
f 667/667/667 666/666/666 736/736/736
f 667/667/667 736/736/736 737/737/737
f 666/666/666 665/665/665 738/738/738
f 666/666/666 738/738/738 736/736/736
f 736/736/736 738/738/738 739/739/739
f 736/736/736 739/739/739 740/740/740
f 737/737/737 736/736/736 740/740/740
f 737/737/737 740/740/740 741/741/741
f 665/665/665 671/671/671 742/742/742
f 665/665/665 742/742/742 738/738/738
f 671/671/671 670/670/670 743/743/743
f 671/671/671 743/743/743 742/742/742
f 742/742/742 743/743/743 744/744/744
f 742/742/742 744/744/744 745/745/745
f 738/738/738 742/742/742 745/745/745
f 738/738/738 745/745/745 739/739/739
f 677/677/677 676/676/676 746/746/746
f 677/677/677 746/746/746 747/747/747
f 676/676/676 675/675/675 748/748/748
f 676/676/676 748/748/748 746/746/746
f 746/746/746 748/748/748 749/749/749
f 746/746/746 749/749/749 750/750/750
f 747/747/747 746/746/746 750/750/750
f 747/747/747 750/750/750 751/751/751
f 683/683/683 682/682/682 752/752/752
f 683/683/683 752/752/752 753/753/753
f 682/682/682 681/681/681 754/754/754
f 682/682/682 754/754/754 752/752/752
f 752/752/752 754/754/754 755/755/755
f 752/752/752 755/755/755 756/756/756
f 753/753/753 752/752/752 756/756/756
f 753/753/753 756/756/756 757/757/757
f 681/681/681 687/687/687 758/758/758
f 681/681/681 758/758/758 754/754/754
f 687/687/687 686/686/686 759/759/759
f 687/687/687 759/759/759 758/758/758
f 758/758/758 759/759/759 760/760/760
f 758/758/758 760/760/760 761/761/761
f 754/754/754 758/758/758 761/761/761
f 754/754/754 761/761/761 755/755/755
f 686/686/686 691/691/691 762/762/762
f 686/686/686 762/762/762 759/759/759
f 691/691/691 690/690/690 763/763/763
f 691/691/691 763/763/763 762/762/762
f 762/762/762 763/763/763 764/764/764
f 762/762/762 764/764/764 765/765/765
f 759/759/759 762/762/762 765/765/765
f 759/759/759 765/765/765 760/760/760
f 690/690/690 695/695/695 766/766/766
f 690/690/690 766/766/766 763/763/763
f 695/695/695 694/694/694 767/767/767
f 695/695/695 767/767/767 766/766/766
f 766/766/766 767/767/767 768/768/768
f 766/766/766 768/768/768 769/769/769
f 763/763/763 766/766/766 769/769/769
f 763/763/763 769/769/769 764/764/764
f 701/701/701 700/700/700 770/770/770
f 701/701/701 770/770/770 771/771/771
f 700/700/700 699/699/699 772/772/772
f 700/700/700 772/772/772 770/770/770
f 770/770/770 772/772/772 773/773/773
f 770/770/770 773/773/773 774/774/774
f 771/771/771 770/770/770 774/774/774
f 771/771/771 774/774/774 775/775/775
f 699/699/699 703/703/703 776/776/776
f 699/699/699 776/776/776 772/772/772
f 703/703/703 635/635/635 705/705/705
f 703/703/703 705/705/705 776/776/776
f 776/776/776 705/705/705 709/709/709
f 776/776/776 709/709/709 777/777/777
f 772/772/772 776/776/776 777/777/777
f 772/772/772 777/777/777 773/773/773
f 778/778/778 779/779/779 780/780/780
f 778/778/778 780/780/780 781/781/781
f 779/779/779 782/782/782 783/783/783
f 779/779/779 783/783/783 780/780/780
f 780/780/780 783/783/783 784/784/784
f 780/780/780 784/784/784 785/785/785
f 781/781/781 780/780/780 785/785/785
f 781/781/781 785/785/785 786/786/786
f 787/787/787 788/788/788 789/789/789
f 787/787/787 789/789/789 790/790/790
f 788/788/788 791/791/791 792/792/792
f 788/788/788 792/792/792 789/789/789
f 789/789/789 792/792/792 793/793/793
f 789/789/789 793/793/793 794/794/794
f 790/790/790 789/789/789 794/794/794
f 790/790/790 794/794/794 795/795/795
f 796/796/796 797/797/797 798/798/798
f 796/796/796 798/798/798 799/799/799
f 797/797/797 800/800/800 801/801/801
f 797/797/797 801/801/801 798/798/798
f 798/798/798 801/801/801 802/802/802
f 798/798/798 802/802/802 803/803/803
f 799/799/799 798/798/798 803/803/803
f 799/799/799 803/803/803 804/804/804
f 800/800/800 805/805/805 806/806/806
f 800/800/800 806/806/806 801/801/801
f 805/805/805 807/807/807 808/808/808
f 805/805/805 808/808/808 806/806/806
f 806/806/806 808/808/808 809/809/809
f 806/806/806 809/809/809 810/810/810
f 801/801/801 806/806/806 810/810/810
f 801/801/801 810/810/810 802/802/802
f 807/807/807 811/811/811 812/812/812
f 807/807/807 812/812/812 808/808/808
f 811/811/811 813/813/813 814/814/814
f 811/811/811 814/814/814 812/812/812
f 812/812/812 814/814/814 815/815/815
f 812/812/812 815/815/815 816/816/816
f 808/808/808 812/812/812 816/816/816
f 808/808/808 816/816/816 809/809/809
f 817/817/817 818/818/818 819/819/819
f 817/817/817 819/819/819 820/820/820
f 818/818/818 821/821/821 822/822/822
f 818/818/818 822/822/822 819/819/819
f 819/819/819 822/822/822 823/823/823
f 819/819/819 823/823/823 824/824/824
f 820/820/820 819/819/819 824/824/824
f 820/820/820 824/824/824 825/825/825
f 826/826/826 827/827/827 828/828/828
f 826/826/826 828/828/828 829/829/829
f 827/827/827 830/830/830 831/831/831
f 827/827/827 831/831/831 828/828/828
f 828/828/828 831/831/831 832/832/832
f 828/828/828 832/832/832 833/833/833
f 829/829/829 828/828/828 833/833/833
f 829/829/829 833/833/833 834/834/834
f 830/830/830 835/835/835 836/836/836
f 830/830/830 836/836/836 831/831/831
f 835/835/835 837/837/837 838/838/838
f 835/835/835 838/838/838 836/836/836
f 836/836/836 838/838/838 839/839/839
f 836/836/836 839/839/839 840/840/840
f 831/831/831 836/836/836 840/840/840
f 831/831/831 840/840/840 832/832/832
f 841/841/841 842/842/842 843/843/843
f 841/841/841 843/843/843 844/844/844
f 842/842/842 845/845/845 846/846/846
f 842/842/842 846/846/846 843/843/843
f 843/843/843 846/846/846 847/847/847
f 843/843/843 847/847/847 848/848/848
f 844/844/844 843/843/843 848/848/848
f 844/844/844 848/848/848 849/849/849
f 850/850/850 851/851/851 852/852/852
f 850/850/850 852/852/852 853/853/853
f 851/851/851 854/854/854 855/855/855
f 851/851/851 855/855/855 852/852/852
f 852/852/852 855/855/855 856/856/856
f 852/852/852 856/856/856 857/857/857
f 853/853/853 852/852/852 857/857/857
f 853/853/853 857/857/857 858/858/858
f 854/854/854 859/859/859 860/860/860
f 854/854/854 860/860/860 855/855/855
f 859/859/859 861/861/861 862/862/862
f 859/859/859 862/862/862 860/860/860
f 860/860/860 862/862/862 863/863/863
f 860/860/860 863/863/863 864/864/864
f 855/855/855 860/860/860 864/864/864
f 855/855/855 864/864/864 856/856/856
f 861/861/861 865/865/865 866/866/866
f 861/861/861 866/866/866 862/862/862
f 865/865/865 867/867/867 868/868/868
f 865/865/865 868/868/868 866/866/866
f 866/866/866 868/868/868 869/869/869
f 866/866/866 869/869/869 870/870/870
f 862/862/862 866/866/866 870/870/870
f 862/862/862 870/870/870 863/863/863
f 867/867/867 871/871/871 872/872/872
f 867/867/867 872/872/872 868/868/868
f 871/871/871 873/873/873 874/874/874
f 871/871/871 874/874/874 872/872/872
f 872/872/872 874/874/874 875/875/875
f 872/872/872 875/875/875 876/876/876
f 868/868/868 872/872/872 876/876/876
f 868/868/868 876/876/876 869/869/869
f 877/877/877 878/878/878 879/879/879
f 877/877/877 879/879/879 880/880/880
f 878/878/878 881/881/881 882/882/882
f 878/878/878 882/882/882 879/879/879
f 879/879/879 882/882/882 883/883/883
f 879/879/879 883/883/883 884/884/884
f 880/880/880 879/879/879 884/884/884
f 880/880/880 884/884/884 885/885/885
f 881/881/881 886/886/886 887/887/887
f 881/881/881 887/887/887 882/882/882
f 886/886/886 778/778/778 781/781/781
f 886/886/886 781/781/781 887/887/887
f 887/887/887 781/781/781 786/786/786
f 887/887/887 786/786/786 888/888/888
f 882/882/882 887/887/887 888/888/888
f 882/882/882 888/888/888 883/883/883
f 889/889/889 890/890/890 891/891/891
f 889/889/889 891/891/891 892/892/892
f 890/890/890 893/893/893 894/894/894
f 890/890/890 894/894/894 891/891/891
f 891/891/891 894/894/894 895/895/895
f 891/891/891 895/895/895 896/896/896
f 892/892/892 891/891/891 896/896/896
f 892/892/892 896/896/896 897/897/897
f 898/898/898 899/899/899 900/900/900
f 898/898/898 900/900/900 901/901/901
f 899/899/899 902/902/902 903/903/903
f 899/899/899 903/903/903 900/900/900
f 900/900/900 903/903/903 904/904/904
f 900/900/900 904/904/904 905/905/905
f 901/901/901 900/900/900 905/905/905
f 901/901/901 905/905/905 906/906/906
f 902/902/902 907/907/907 908/908/908
f 902/902/902 908/908/908 903/903/903
f 907/907/907 909/909/909 910/910/910
f 907/907/907 910/910/910 908/908/908
f 908/908/908 910/910/910 911/911/911
f 908/908/908 911/911/911 912/912/912
f 903/903/903 908/908/908 912/912/912
f 903/903/903 912/912/912 904/904/904
f 909/909/909 913/913/913 914/914/914
f 909/909/909 914/914/914 910/910/910
f 913/913/913 915/915/915 916/916/916
f 913/913/913 916/916/916 914/914/914
f 914/914/914 916/916/916 917/917/917
f 914/914/914 917/917/917 918/918/918
f 910/910/910 914/914/914 918/918/918
f 910/910/910 918/918/918 911/911/911
f 915/915/915 919/919/919 920/920/920
f 915/915/915 920/920/920 916/916/916
f 919/919/919 921/921/921 922/922/922
f 919/919/919 922/922/922 920/920/920
f 920/920/920 922/922/922 923/923/923
f 920/920/920 923/923/923 924/924/924
f 916/916/916 920/920/920 924/924/924
f 916/916/916 924/924/924 917/917/917
f 921/921/921 925/925/925 926/926/926
f 921/921/921 926/926/926 922/922/922
f 925/925/925 927/927/927 928/928/928
f 925/925/925 928/928/928 926/926/926
f 926/926/926 928/928/928 929/929/929
f 926/926/926 929/929/929 930/930/930
f 922/922/922 926/926/926 930/930/930
f 922/922/922 930/930/930 923/923/923
f 931/931/931 932/932/932 933/933/933
f 931/931/931 933/933/933 934/934/934
f 932/932/932 935/935/935 936/936/936
f 932/932/932 936/936/936 933/933/933
f 933/933/933 936/936/936 937/937/937
f 933/933/933 937/937/937 938/938/938
f 934/934/934 933/933/933 938/938/938
f 934/934/934 938/938/938 939/939/939
f 935/935/935 940/940/940 941/941/941
f 935/935/935 941/941/941 936/936/936
f 940/940/940 942/942/942 943/943/943
f 940/940/940 943/943/943 941/941/941
f 941/941/941 943/943/943 944/944/944
f 941/941/941 944/944/944 945/945/945
f 936/936/936 941/941/941 945/945/945
f 936/936/936 945/945/945 937/937/937
f 942/942/942 946/946/946 947/947/947
f 942/942/942 947/947/947 943/943/943
f 946/946/946 948/948/948 949/949/949
f 946/946/946 949/949/949 947/947/947
f 947/947/947 949/949/949 950/950/950
f 947/947/947 950/950/950 951/951/951
f 943/943/943 947/947/947 951/951/951
f 943/943/943 951/951/951 944/944/944
f 952/952/952 953/953/953 954/954/954
f 952/952/952 954/954/954 955/955/955
f 953/953/953 956/956/956 957/957/957
f 953/953/953 957/957/957 954/954/954
f 954/954/954 957/957/957 958/958/958
f 954/954/954 958/958/958 959/959/959
f 955/955/955 954/954/954 959/959/959
f 955/955/955 959/959/959 960/960/960
f 956/956/956 961/961/961 962/962/962
f 956/956/956 962/962/962 957/957/957
f 961/961/961 963/963/963 964/964/964
f 961/961/961 964/964/964 962/962/962
f 962/962/962 964/964/964 965/965/965
f 962/962/962 965/965/965 966/966/966
f 957/957/957 962/962/962 966/966/966
f 957/957/957 966/966/966 958/958/958
f 963/963/963 967/967/967 968/968/968
f 963/963/963 968/968/968 964/964/964
f 967/967/967 969/969/969 970/970/970
f 967/967/967 970/970/970 968/968/968
f 968/968/968 970/970/970 971/971/971
f 968/968/968 971/971/971 972/972/972
f 964/964/964 968/968/968 972/972/972
f 964/964/964 972/972/972 965/965/965
f 969/969/969 973/973/973 974/974/974
f 969/969/969 974/974/974 970/970/970
f 973/973/973 975/975/975 976/976/976
f 973/973/973 976/976/976 974/974/974
f 974/974/974 976/976/976 977/977/977
f 974/974/974 977/977/977 978/978/978
f 970/970/970 974/974/974 978/978/978
f 970/970/970 978/978/978 971/971/971
f 979/979/979 980/980/980 981/981/981
f 979/979/979 981/981/981 982/982/982
f 980/980/980 983/983/983 984/984/984
f 980/980/980 984/984/984 981/981/981
f 981/981/981 984/984/984 985/985/985
f 981/981/981 985/985/985 986/986/986
f 982/982/982 981/981/981 986/986/986
f 982/982/982 986/986/986 987/987/987
f 983/983/983 988/988/988 989/989/989
f 983/983/983 989/989/989 984/984/984
f 988/988/988 990/990/990 991/991/991
f 988/988/988 991/991/991 989/989/989
f 989/989/989 991/991/991 992/992/992
f 989/989/989 992/992/992 993/993/993
f 984/984/984 989/989/989 993/993/993
f 984/984/984 993/993/993 985/985/985
f 994/994/994 995/995/995 996/996/996
f 994/994/994 996/996/996 997/997/997
f 995/995/995 998/998/998 999/999/999
f 995/995/995 999/999/999 996/996/996
f 996/996/996 999/999/999 1000/1000/1000
f 996/996/996 1000/1000/1000 1001/1001/1001
f 997/997/997 996/996/996 1001/1001/1001
f 997/997/997 1001/1001/1001 1002/1002/1002
f 1003/1003/1003 1004/1004/1004 1005/1005/1005
f 1003/1003/1003 1005/1005/1005 1006/1006/1006
f 1004/1004/1004 1007/1007/1007 1008/1008/1008
f 1004/1004/1004 1008/1008/1008 1005/1005/1005
f 1005/1005/1005 1008/1008/1008 1009/1009/1009
f 1005/1005/1005 1009/1009/1009 1010/1010/1010
f 1006/1006/1006 1005/1005/1005 1010/1010/1010
f 1006/1006/1006 1010/1010/1010 1011/1011/1011
f 1007/1007/1007 1012/1012/1012 1013/1013/1013
f 1007/1007/1007 1013/1013/1013 1008/1008/1008
f 1012/1012/1012 1014/1014/1014 1015/1015/1015
f 1012/1012/1012 1015/1015/1015 1013/1013/1013
f 1013/1013/1013 1015/1015/1015 1016/1016/1016
f 1013/1013/1013 1016/1016/1016 1017/1017/1017
f 1008/1008/1008 1013/1013/1013 1017/1017/1017
f 1008/1008/1008 1017/1017/1017 1009/1009/1009
f 1014/1014/1014 1018/1018/1018 1019/1019/1019
f 1014/1014/1014 1019/1019/1019 1015/1015/1015
f 1018/1018/1018 1020/1020/1020 1021/1021/1021
f 1018/1018/1018 1021/1021/1021 1019/1019/1019
f 1019/1019/1019 1021/1021/1021 1022/1022/1022
f 1019/1019/1019 1022/1022/1022 1023/1023/1023
f 1015/1015/1015 1019/1019/1019 1023/1023/1023
f 1015/1015/1015 1023/1023/1023 1016/1016/1016
f 1020/1020/1020 1024/1024/1024 1025/1025/1025
f 1020/1020/1020 1025/1025/1025 1021/1021/1021
f 1024/1024/1024 1026/1026/1026 1027/1027/1027
f 1024/1024/1024 1027/1027/1027 1025/1025/1025
f 1025/1025/1025 1027/1027/1027 1028/1028/1028
f 1025/1025/1025 1028/1028/1028 1029/1029/1029
f 1021/1021/1021 1025/1025/1025 1029/1029/1029
f 1021/1021/1021 1029/1029/1029 1022/1022/1022
f 1026/1026/1026 1030/1030/1030 1031/1031/1031
f 1026/1026/1026 1031/1031/1031 1027/1027/1027
f 1030/1030/1030 1032/1032/1032 1033/1033/1033
f 1030/1030/1030 1033/1033/1033 1031/1031/1031
f 1031/1031/1031 1033/1033/1033 1034/1034/1034
f 1031/1031/1031 1034/1034/1034 1035/1035/1035
f 1027/1027/1027 1031/1031/1031 1035/1035/1035
f 1027/1027/1027 1035/1035/1035 1028/1028/1028
f 1036/1036/1036 1037/1037/1037 1038/1038/1038
f 1036/1036/1036 1038/1038/1038 1039/1039/1039
f 1037/1037/1037 1040/1040/1040 1041/1041/1041
f 1037/1037/1037 1041/1041/1041 1038/1038/1038
f 1038/1038/1038 1041/1041/1041 1042/1042/1042
f 1038/1038/1038 1042/1042/1042 1043/1043/1043
f 1039/1039/1039 1038/1038/1038 1043/1043/1043
f 1039/1039/1039 1043/1043/1043 1044/1044/1044
f 1040/1040/1040 1045/1045/1045 1046/1046/1046
f 1040/1040/1040 1046/1046/1046 1041/1041/1041
f 1045/1045/1045 1047/1047/1047 1048/1048/1048
f 1045/1045/1045 1048/1048/1048 1046/1046/1046
f 1046/1046/1046 1048/1048/1048 1049/1049/1049
f 1046/1046/1046 1049/1049/1049 1050/1050/1050
f 1041/1041/1041 1046/1046/1046 1050/1050/1050
f 1041/1041/1041 1050/1050/1050 1042/1042/1042
f 1047/1047/1047 1051/1051/1051 1052/1052/1052
f 1047/1047/1047 1052/1052/1052 1048/1048/1048
f 1051/1051/1051 1053/1053/1053 1054/1054/1054
f 1051/1051/1051 1054/1054/1054 1052/1052/1052
f 1052/1052/1052 1054/1054/1054 1055/1055/1055
f 1052/1052/1052 1055/1055/1055 1056/1056/1056
f 1048/1048/1048 1052/1052/1052 1056/1056/1056
f 1048/1048/1048 1056/1056/1056 1049/1049/1049
f 1057/1057/1057 1058/1058/1058 1059/1059/1059
f 1057/1057/1057 1059/1059/1059 1060/1060/1060
f 1058/1058/1058 1061/1061/1061 1062/1062/1062
f 1058/1058/1058 1062/1062/1062 1059/1059/1059
f 1059/1059/1059 1062/1062/1062 1063/1063/1063
f 1059/1059/1059 1063/1063/1063 1064/1064/1064
f 1060/1060/1060 1059/1059/1059 1064/1064/1064
f 1060/1060/1060 1064/1064/1064 1065/1065/1065
f 1061/1061/1061 1066/1066/1066 1067/1067/1067
f 1061/1061/1061 1067/1067/1067 1062/1062/1062
f 1066/1066/1066 1068/1068/1068 1069/1069/1069
f 1066/1066/1066 1069/1069/1069 1067/1067/1067
f 1067/1067/1067 1069/1069/1069 1070/1070/1070
f 1067/1067/1067 1070/1070/1070 1071/1071/1071
f 1062/1062/1062 1067/1067/1067 1071/1071/1071
f 1062/1062/1062 1071/1071/1071 1063/1063/1063
f 1068/1068/1068 1072/1072/1072 1073/1073/1073
f 1068/1068/1068 1073/1073/1073 1069/1069/1069
f 1072/1072/1072 1074/1074/1074 1075/1075/1075
f 1072/1072/1072 1075/1075/1075 1073/1073/1073
f 1073/1073/1073 1075/1075/1075 1076/1076/1076
f 1073/1073/1073 1076/1076/1076 1077/1077/1077
f 1069/1069/1069 1073/1073/1073 1077/1077/1077
f 1069/1069/1069 1077/1077/1077 1070/1070/1070
f 1074/1074/1074 1078/1078/1078 1079/1079/1079
f 1074/1074/1074 1079/1079/1079 1075/1075/1075
f 1078/1078/1078 1080/1080/1080 1081/1081/1081
f 1078/1078/1078 1081/1081/1081 1079/1079/1079
f 1079/1079/1079 1081/1081/1081 1082/1082/1082
f 1079/1079/1079 1082/1082/1082 1083/1083/1083
f 1075/1075/1075 1079/1079/1079 1083/1083/1083
f 1075/1075/1075 1083/1083/1083 1076/1076/1076
f 1084/1084/1084 1085/1085/1085 1086/1086/1086
f 1084/1084/1084 1086/1086/1086 1087/1087/1087
f 1085/1085/1085 1088/1088/1088 1089/1089/1089
f 1085/1085/1085 1089/1089/1089 1086/1086/1086
f 1086/1086/1086 1089/1089/1089 1090/1090/1090
f 1086/1086/1086 1090/1090/1090 1091/1091/1091
f 1087/1087/1087 1086/1086/1086 1091/1091/1091
f 1087/1087/1087 1091/1091/1091 1092/1092/1092
f 1088/1088/1088 1093/1093/1093 1094/1094/1094
f 1088/1088/1088 1094/1094/1094 1089/1089/1089
f 1093/1093/1093 1095/1095/1095 1096/1096/1096
f 1093/1093/1093 1096/1096/1096 1094/1094/1094
f 1094/1094/1094 1096/1096/1096 1097/1097/1097
f 1094/1094/1094 1097/1097/1097 1098/1098/1098
f 1089/1089/1089 1094/1094/1094 1098/1098/1098
f 1089/1089/1089 1098/1098/1098 1090/1090/1090
f 10/10/10 1099/1099/1099 1100/1100/1100
f 10/10/10 1100/1100/1100 1101/1101/1101
f 1099/1099/1099 5/5/5 2/2/2
f 1099/1099/1099 2/2/2 1100/1100/1100
f 1100/1100/1100 2/2/2 1/1/1
f 1100/1100/1100 1/1/1 1102/1102/1102
f 1101/1101/1101 1100/1100/1100 1102/1102/1102
f 1101/1101/1101 1102/1102/1102 1103/1103/1103
f 14/14/14 11/11/11 1104/1104/1104
f 14/14/14 1104/1104/1104 1105/1105/1105
f 10/10/10 1106/1106/1106 1104/1104/1104
f 10/10/10 1104/1104/1104 11/11/11
f 1107/1107/1107 1105/1105/1105 1104/1104/1104
f 1107/1107/1107 1104/1104/1104 1106/1106/1106
f 23/23/23 20/20/20 1108/1108/1108
f 23/23/23 1108/1108/1108 1109/1109/1109
f 19/19/19 1110/1110/1110 1108/1108/1108
f 19/19/19 1108/1108/1108 20/20/20
f 1111/1111/1111 1109/1109/1109 1108/1108/1108
f 1111/1111/1111 1108/1108/1108 1110/1110/1110
f 30/30/30 28/28/28 1112/1112/1112
f 30/30/30 1112/1112/1112 1113/1113/1113
f 23/23/23 1114/1114/1114 1112/1112/1112
f 23/23/23 1112/1112/1112 28/28/28
f 1115/1115/1115 1113/1113/1113 1112/1112/1112
f 1115/1115/1115 1112/1112/1112 1114/1114/1114
f 36/36/36 34/34/34 1116/1116/1116
f 36/36/36 1116/1116/1116 1117/1117/1117
f 30/30/30 1118/1118/1118 1116/1116/1116
f 30/30/30 1116/1116/1116 34/34/34
f 1119/1119/1119 1117/1117/1117 1116/1116/1116
f 1119/1119/1119 1116/1116/1116 1118/1118/1118
f 49/49/49 1120/1120/1120 1121/1121/1121
f 49/49/49 1121/1121/1121 1122/1122/1122
f 1120/1120/1120 1123/1123/1123 1124/1124/1124
f 1120/1120/1120 1124/1124/1124 1121/1121/1121
f 1121/1121/1121 1124/1124/1124 36/36/36
f 1121/1121/1121 36/36/36 1125/1125/1125
f 1122/1122/1122 1121/1121/1121 1125/1125/1125
f 1122/1122/1122 1125/1125/1125 1126/1126/1126
f 53/53/53 50/50/50 1127/1127/1127
f 53/53/53 1127/1127/1127 1128/1128/1128
f 49/49/49 1129/1129/1129 1127/1127/1127
f 49/49/49 1127/1127/1127 50/50/50
f 1130/1130/1130 1128/1128/1128 1127/1127/1127
f 1130/1130/1130 1127/1127/1127 1129/1129/1129
f 60/60/60 58/58/58 1131/1131/1131
f 60/60/60 1131/1131/1131 1132/1132/1132
f 53/53/53 1133/1133/1133 1131/1131/1131
f 53/53/53 1131/1131/1131 58/58/58
f 1134/1134/1134 1132/1132/1132 1131/1131/1131
f 1134/1134/1134 1131/1131/1131 1133/1133/1133
f 73/73/73 1135/1135/1135 1136/1136/1136
f 73/73/73 1136/1136/1136 1137/1137/1137
f 1135/1135/1135 1138/1138/1138 1139/1139/1139
f 1135/1135/1135 1139/1139/1139 1136/1136/1136
f 1136/1136/1136 1139/1139/1139 60/60/60
f 1136/1136/1136 60/60/60 1140/1140/1140
f 1137/1137/1137 1136/1136/1136 1140/1140/1140
f 1137/1137/1137 1140/1140/1140 1141/1141/1141
f 77/77/77 74/74/74 1142/1142/1142
f 77/77/77 1142/1142/1142 1143/1143/1143
f 73/73/73 1144/1144/1144 1142/1142/1142
f 73/73/73 1142/1142/1142 74/74/74
f 1145/1145/1145 1143/1143/1143 1142/1142/1142
f 1145/1145/1145 1142/1142/1142 1144/1144/1144
f 84/84/84 82/82/82 1146/1146/1146
f 84/84/84 1146/1146/1146 1147/1147/1147
f 77/77/77 1148/1148/1148 1146/1146/1146
f 77/77/77 1146/1146/1146 82/82/82
f 1149/1149/1149 1147/1147/1147 1146/1146/1146
f 1149/1149/1149 1146/1146/1146 1148/1148/1148
f 90/90/90 88/88/88 1150/1150/1150
f 90/90/90 1150/1150/1150 1151/1151/1151
f 84/84/84 1152/1152/1152 1150/1150/1150
f 84/84/84 1150/1150/1150 88/88/88
f 1153/1153/1153 1151/1151/1151 1150/1150/1150
f 1153/1153/1153 1150/1150/1150 1152/1152/1152
f 100/100/100 1154/1154/1154 1155/1155/1155
f 100/100/100 1155/1155/1155 1156/1156/1156
f 1154/1154/1154 96/96/96 94/94/94
f 1154/1154/1154 94/94/94 1155/1155/1155
f 1155/1155/1155 94/94/94 90/90/90
f 1155/1155/1155 90/90/90 1157/1157/1157
f 1156/1156/1156 1155/1155/1155 1157/1157/1157
f 1156/1156/1156 1157/1157/1157 1158/1158/1158
f 104/104/104 101/101/101 1159/1159/1159
f 104/104/104 1159/1159/1159 1160/1160/1160
f 100/100/100 1161/1161/1161 1159/1159/1159
f 100/100/100 1159/1159/1159 101/101/101
f 1162/1162/1162 1160/1160/1160 1159/1159/1159
f 1162/1162/1162 1159/1159/1159 1161/1161/1161
f 1/1/1 109/109/109 1163/1163/1163
f 1/1/1 1163/1163/1163 1164/1164/1164
f 104/104/104 1165/1165/1165 1163/1163/1163
f 104/104/104 1163/1163/1163 109/109/109
f 1166/1166/1166 1164/1164/1164 1163/1163/1163
f 1166/1166/1166 1163/1163/1163 1165/1165/1165
f 1002/1002/1002 1001/1001/1001 1167/1167/1167
f 1002/1002/1002 1167/1167/1167 1168/1168/1168
f 1001/1001/1001 1000/1000/1000 1169/1169/1169
f 1001/1001/1001 1169/1169/1169 1167/1167/1167
f 1167/1167/1167 1169/1169/1169 1011/1011/1011
f 1167/1167/1167 1011/1011/1011 1170/1170/1170
f 1168/1168/1168 1167/1167/1167 1170/1170/1170
f 1168/1168/1168 1170/1170/1170 1171/1171/1171
f 1011/1011/1011 1010/1010/1010 1172/1172/1172
f 1011/1011/1011 1172/1172/1172 1173/1173/1173
f 1009/1009/1009 1174/1174/1174 1172/1172/1172
f 1009/1009/1009 1172/1172/1172 1010/1010/1010
f 1175/1175/1175 1173/1173/1173 1172/1172/1172
f 1175/1175/1175 1172/1172/1172 1174/1174/1174
f 1009/1009/1009 1017/1017/1017 1176/1176/1176
f 1009/1009/1009 1176/1176/1176 1177/1177/1177
f 1016/1016/1016 1178/1178/1178 1176/1176/1176
f 1016/1016/1016 1176/1176/1176 1017/1017/1017
f 1179/1179/1179 1177/1177/1177 1176/1176/1176
f 1179/1179/1179 1176/1176/1176 1178/1178/1178
f 1016/1016/1016 1023/1023/1023 1180/1180/1180
f 1016/1016/1016 1180/1180/1180 1181/1181/1181
f 1022/1022/1022 1182/1182/1182 1180/1180/1180
f 1022/1022/1022 1180/1180/1180 1023/1023/1023
f 1183/1183/1183 1181/1181/1181 1180/1180/1180
f 1183/1183/1183 1180/1180/1180 1182/1182/1182
f 1022/1022/1022 1029/1029/1029 1184/1184/1184
f 1022/1022/1022 1184/1184/1184 1185/1185/1185
f 1028/1028/1028 1186/1186/1186 1184/1184/1184
f 1028/1028/1028 1184/1184/1184 1029/1029/1029
f 1187/1187/1187 1185/1185/1185 1184/1184/1184
f 1187/1187/1187 1184/1184/1184 1186/1186/1186
f 1028/1028/1028 1035/1035/1035 1188/1188/1188
f 1028/1028/1028 1188/1188/1188 1189/1189/1189
f 1035/1035/1035 1034/1034/1034 1190/1190/1190
f 1035/1035/1035 1190/1190/1190 1188/1188/1188
f 1188/1188/1188 1190/1190/1190 1044/1044/1044
f 1188/1188/1188 1044/1044/1044 1191/1191/1191
f 1189/1189/1189 1188/1188/1188 1191/1191/1191
f 1189/1189/1189 1191/1191/1191 1192/1192/1192
f 1044/1044/1044 1043/1043/1043 1193/1193/1193
f 1044/1044/1044 1193/1193/1193 1194/1194/1194
f 1042/1042/1042 1195/1195/1195 1193/1193/1193
f 1042/1042/1042 1193/1193/1193 1043/1043/1043
f 1196/1196/1196 1194/1194/1194 1193/1193/1193
f 1196/1196/1196 1193/1193/1193 1195/1195/1195
f 1042/1042/1042 1050/1050/1050 1197/1197/1197
f 1042/1042/1042 1197/1197/1197 1198/1198/1198
f 1049/1049/1049 1199/1199/1199 1197/1197/1197
f 1049/1049/1049 1197/1197/1197 1050/1050/1050
f 1200/1200/1200 1198/1198/1198 1197/1197/1197
f 1200/1200/1200 1197/1197/1197 1199/1199/1199
f 1049/1049/1049 1056/1056/1056 1201/1201/1201
f 1049/1049/1049 1201/1201/1201 1202/1202/1202
f 1056/1056/1056 1055/1055/1055 1203/1203/1203
f 1056/1056/1056 1203/1203/1203 1201/1201/1201
f 1201/1201/1201 1203/1203/1203 1065/1065/1065
f 1201/1201/1201 1065/1065/1065 1204/1204/1204
f 1202/1202/1202 1201/1201/1201 1204/1204/1204
f 1202/1202/1202 1204/1204/1204 1205/1205/1205
f 1065/1065/1065 1064/1064/1064 1206/1206/1206
f 1065/1065/1065 1206/1206/1206 1207/1207/1207
f 1063/1063/1063 1208/1208/1208 1206/1206/1206
f 1063/1063/1063 1206/1206/1206 1064/1064/1064
f 1209/1209/1209 1207/1207/1207 1206/1206/1206
f 1209/1209/1209 1206/1206/1206 1208/1208/1208
f 1063/1063/1063 1071/1071/1071 1210/1210/1210
f 1063/1063/1063 1210/1210/1210 1211/1211/1211
f 1070/1070/1070 1212/1212/1212 1210/1210/1210
f 1070/1070/1070 1210/1210/1210 1071/1071/1071
f 1213/1213/1213 1211/1211/1211 1210/1210/1210
f 1213/1213/1213 1210/1210/1210 1212/1212/1212
f 1070/1070/1070 1077/1077/1077 1214/1214/1214
f 1070/1070/1070 1214/1214/1214 1215/1215/1215
f 1076/1076/1076 1216/1216/1216 1214/1214/1214
f 1076/1076/1076 1214/1214/1214 1077/1077/1077
f 1217/1217/1217 1215/1215/1215 1214/1214/1214
f 1217/1217/1217 1214/1214/1214 1216/1216/1216
f 1076/1076/1076 1083/1083/1083 1218/1218/1218
f 1076/1076/1076 1218/1218/1218 1219/1219/1219
f 1083/1083/1083 1082/1082/1082 1220/1220/1220
f 1083/1083/1083 1220/1220/1220 1218/1218/1218
f 1218/1218/1218 1220/1220/1220 1092/1092/1092
f 1218/1218/1218 1092/1092/1092 1221/1221/1221
f 1219/1219/1219 1218/1218/1218 1221/1221/1221
f 1219/1219/1219 1221/1221/1221 1222/1222/1222
f 1092/1092/1092 1091/1091/1091 1223/1223/1223
f 1092/1092/1092 1223/1223/1223 1224/1224/1224
f 1090/1090/1090 1225/1225/1225 1223/1223/1223
f 1090/1090/1090 1223/1223/1223 1091/1091/1091
f 1226/1226/1226 1224/1224/1224 1223/1223/1223
f 1226/1226/1226 1223/1223/1223 1225/1225/1225
f 1090/1090/1090 1098/1098/1098 1227/1227/1227
f 1090/1090/1090 1227/1227/1227 1228/1228/1228
f 1097/1097/1097 1229/1229/1229 1227/1227/1227
f 1097/1097/1097 1227/1227/1227 1098/1098/1098
f 1230/1230/1230 1228/1228/1228 1227/1227/1227
f 1230/1230/1230 1227/1227/1227 1229/1229/1229
f 1231/1231/1231 1232/1232/1232 1233/1233/1233
f 1231/1231/1231 1233/1233/1233 1234/1234/1234
f 1232/1232/1232 1235/1235/1235 1236/1236/1236
f 1232/1232/1232 1236/1236/1236 1233/1233/1233
f 1233/1233/1233 1236/1236/1236 1237/1237/1237
f 1233/1233/1233 1237/1237/1237 1238/1238/1238
f 1234/1234/1234 1233/1233/1233 1238/1238/1238
f 1234/1234/1234 1238/1238/1238 1239/1239/1239
f 1240/1240/1240 1241/1241/1241 1242/1242/1242
f 1240/1240/1240 1242/1242/1242 1243/1243/1243
f 1241/1241/1241 1244/1244/1244 1245/1245/1245
f 1241/1241/1241 1245/1245/1245 1242/1242/1242
f 1242/1242/1242 1245/1245/1245 1246/1246/1246
f 1242/1242/1242 1246/1246/1246 1247/1247/1247
f 1243/1243/1243 1242/1242/1242 1247/1247/1247
f 1243/1243/1243 1247/1247/1247 1248/1248/1248
f 1244/1244/1244 1249/1249/1249 1250/1250/1250
f 1244/1244/1244 1250/1250/1250 1245/1245/1245
f 1249/1249/1249 1251/1251/1251 1252/1252/1252
f 1249/1249/1249 1252/1252/1252 1250/1250/1250
f 1250/1250/1250 1252/1252/1252 1253/1253/1253
f 1250/1250/1250 1253/1253/1253 1254/1254/1254
f 1245/1245/1245 1250/1250/1250 1254/1254/1254
f 1245/1245/1245 1254/1254/1254 1246/1246/1246
f 1251/1251/1251 1255/1255/1255 1256/1256/1256
f 1251/1251/1251 1256/1256/1256 1252/1252/1252
f 1255/1255/1255 1257/1257/1257 1258/1258/1258
f 1255/1255/1255 1258/1258/1258 1256/1256/1256
f 1256/1256/1256 1258/1258/1258 1259/1259/1259
f 1256/1256/1256 1259/1259/1259 1260/1260/1260
f 1252/1252/1252 1256/1256/1256 1260/1260/1260
f 1252/1252/1252 1260/1260/1260 1253/1253/1253
f 1257/1257/1257 1261/1261/1261 1262/1262/1262
f 1257/1257/1257 1262/1262/1262 1258/1258/1258
f 1261/1261/1261 1263/1263/1263 1264/1264/1264
f 1261/1261/1261 1264/1264/1264 1262/1262/1262
f 1262/1262/1262 1264/1264/1264 1265/1265/1265
f 1262/1262/1262 1265/1265/1265 1266/1266/1266
f 1258/1258/1258 1262/1262/1262 1266/1266/1266
f 1258/1258/1258 1266/1266/1266 1259/1259/1259
f 1263/1263/1263 1267/1267/1267 1268/1268/1268
f 1263/1263/1263 1268/1268/1268 1264/1264/1264
f 1267/1267/1267 1269/1269/1269 1270/1270/1270
f 1267/1267/1267 1270/1270/1270 1268/1268/1268
f 1268/1268/1268 1270/1270/1270 1271/1271/1271
f 1268/1268/1268 1271/1271/1271 1272/1272/1272
f 1264/1264/1264 1268/1268/1268 1272/1272/1272
f 1264/1264/1264 1272/1272/1272 1265/1265/1265
f 1273/1273/1273 1274/1274/1274 1275/1275/1275
f 1273/1273/1273 1275/1275/1275 1276/1276/1276
f 1274/1274/1274 1277/1277/1277 1278/1278/1278
f 1274/1274/1274 1278/1278/1278 1275/1275/1275
f 1275/1275/1275 1278/1278/1278 1279/1279/1279
f 1275/1275/1275 1279/1279/1279 1280/1280/1280
f 1276/1276/1276 1275/1275/1275 1280/1280/1280
f 1276/1276/1276 1280/1280/1280 1281/1281/1281
f 1277/1277/1277 1282/1282/1282 1283/1283/1283
f 1277/1277/1277 1283/1283/1283 1278/1278/1278
f 1282/1282/1282 1284/1284/1284 1285/1285/1285
f 1282/1282/1282 1285/1285/1285 1283/1283/1283
f 1283/1283/1283 1285/1285/1285 1286/1286/1286
f 1283/1283/1283 1286/1286/1286 1287/1287/1287
f 1278/1278/1278 1283/1283/1283 1287/1287/1287
f 1278/1278/1278 1287/1287/1287 1279/1279/1279
f 1284/1284/1284 1288/1288/1288 1289/1289/1289
f 1284/1284/1284 1289/1289/1289 1285/1285/1285
f 1288/1288/1288 1290/1290/1290 1291/1291/1291
f 1288/1288/1288 1291/1291/1291 1289/1289/1289
f 1289/1289/1289 1291/1291/1291 1292/1292/1292
f 1289/1289/1289 1292/1292/1292 1293/1293/1293
f 1285/1285/1285 1289/1289/1289 1293/1293/1293
f 1285/1285/1285 1293/1293/1293 1286/1286/1286
f 1294/1294/1294 1295/1295/1295 1296/1296/1296
f 1294/1294/1294 1296/1296/1296 1297/1297/1297
f 1295/1295/1295 1298/1298/1298 1299/1299/1299
f 1295/1295/1295 1299/1299/1299 1296/1296/1296
f 1296/1296/1296 1299/1299/1299 1300/1300/1300
f 1296/1296/1296 1300/1300/1300 1301/1301/1301
f 1297/1297/1297 1296/1296/1296 1301/1301/1301
f 1297/1297/1297 1301/1301/1301 1302/1302/1302
f 1298/1298/1298 1303/1303/1303 1304/1304/1304
f 1298/1298/1298 1304/1304/1304 1299/1299/1299
f 1303/1303/1303 1305/1305/1305 1306/1306/1306
f 1303/1303/1303 1306/1306/1306 1304/1304/1304
f 1304/1304/1304 1306/1306/1306 1307/1307/1307
f 1304/1304/1304 1307/1307/1307 1308/1308/1308
f 1299/1299/1299 1304/1304/1304 1308/1308/1308
f 1299/1299/1299 1308/1308/1308 1300/1300/1300
f 1305/1305/1305 1309/1309/1309 1310/1310/1310
f 1305/1305/1305 1310/1310/1310 1306/1306/1306
f 1309/1309/1309 1311/1311/1311 1312/1312/1312
f 1309/1309/1309 1312/1312/1312 1310/1310/1310
f 1310/1310/1310 1312/1312/1312 1313/1313/1313
f 1310/1310/1310 1313/1313/1313 1314/1314/1314
f 1306/1306/1306 1310/1310/1310 1314/1314/1314
f 1306/1306/1306 1314/1314/1314 1307/1307/1307
f 1311/1311/1311 1315/1315/1315 1316/1316/1316
f 1311/1311/1311 1316/1316/1316 1312/1312/1312
f 1315/1315/1315 1317/1317/1317 1318/1318/1318
f 1315/1315/1315 1318/1318/1318 1316/1316/1316
f 1316/1316/1316 1318/1318/1318 1319/1319/1319
f 1316/1316/1316 1319/1319/1319 1320/1320/1320
f 1312/1312/1312 1316/1316/1316 1320/1320/1320
f 1312/1312/1312 1320/1320/1320 1313/1313/1313
f 1321/1321/1321 1322/1322/1322 1323/1323/1323
f 1321/1321/1321 1323/1323/1323 1324/1324/1324
f 1322/1322/1322 1325/1325/1325 1326/1326/1326
f 1322/1322/1322 1326/1326/1326 1323/1323/1323
f 1323/1323/1323 1326/1326/1326 1327/1327/1327
f 1323/1323/1323 1327/1327/1327 1328/1328/1328
f 1324/1324/1324 1323/1323/1323 1328/1328/1328
f 1324/1324/1324 1328/1328/1328 1329/1329/1329
f 1325/1325/1325 1330/1330/1330 1331/1331/1331
f 1325/1325/1325 1331/1331/1331 1326/1326/1326
f 1330/1330/1330 1332/1332/1332 1333/1333/1333
f 1330/1330/1330 1333/1333/1333 1331/1331/1331
f 1331/1331/1331 1333/1333/1333 1334/1334/1334
f 1331/1331/1331 1334/1334/1334 1335/1335/1335
f 1326/1326/1326 1331/1331/1331 1335/1335/1335
f 1326/1326/1326 1335/1335/1335 1327/1327/1327
f 1336/1336/1336 1337/1337/1337 1338/1338/1338
f 1336/1336/1336 1338/1338/1338 1339/1339/1339
f 1337/1337/1337 1340/1340/1340 1341/1341/1341
f 1337/1337/1337 1341/1341/1341 1338/1338/1338
f 1338/1338/1338 1341/1341/1341 1342/1342/1342
f 1338/1338/1338 1342/1342/1342 1343/1343/1343
f 1339/1339/1339 1338/1338/1338 1343/1343/1343
f 1339/1339/1339 1343/1343/1343 1344/1344/1344
f 1345/1345/1345 1346/1346/1346 1347/1347/1347
f 1345/1345/1345 1347/1347/1347 1348/1348/1348
f 1346/1346/1346 1349/1349/1349 1350/1350/1350
f 1346/1346/1346 1350/1350/1350 1347/1347/1347
f 1347/1347/1347 1350/1350/1350 1351/1351/1351
f 1347/1347/1347 1351/1351/1351 1352/1352/1352
f 1348/1348/1348 1347/1347/1347 1352/1352/1352
f 1348/1348/1348 1352/1352/1352 1353/1353/1353
f 1349/1349/1349 1354/1354/1354 1355/1355/1355
f 1349/1349/1349 1355/1355/1355 1350/1350/1350
f 1354/1354/1354 1356/1356/1356 1357/1357/1357
f 1354/1354/1354 1357/1357/1357 1355/1355/1355
f 1355/1355/1355 1357/1357/1357 1358/1358/1358
f 1355/1355/1355 1358/1358/1358 1359/1359/1359
f 1350/1350/1350 1355/1355/1355 1359/1359/1359
f 1350/1350/1350 1359/1359/1359 1351/1351/1351
f 1356/1356/1356 1360/1360/1360 1361/1361/1361
f 1356/1356/1356 1361/1361/1361 1357/1357/1357
f 1360/1360/1360 1362/1362/1362 1363/1363/1363
f 1360/1360/1360 1363/1363/1363 1361/1361/1361
f 1361/1361/1361 1363/1363/1363 1364/1364/1364
f 1361/1361/1361 1364/1364/1364 1365/1365/1365
f 1357/1357/1357 1361/1361/1361 1365/1365/1365
f 1357/1357/1357 1365/1365/1365 1358/1358/1358
f 1362/1362/1362 1366/1366/1366 1367/1367/1367
f 1362/1362/1362 1367/1367/1367 1363/1363/1363
f 1366/1366/1366 1368/1368/1368 1369/1369/1369
f 1366/1366/1366 1369/1369/1369 1367/1367/1367
f 1367/1367/1367 1369/1369/1369 1370/1370/1370
f 1367/1367/1367 1370/1370/1370 1371/1371/1371
f 1363/1363/1363 1367/1367/1367 1371/1371/1371
f 1363/1363/1363 1371/1371/1371 1364/1364/1364
f 1368/1368/1368 1372/1372/1372 1373/1373/1373
f 1368/1368/1368 1373/1373/1373 1369/1369/1369
f 1372/1372/1372 1374/1374/1374 1375/1375/1375
f 1372/1372/1372 1375/1375/1375 1373/1373/1373
f 1373/1373/1373 1375/1375/1375 1376/1376/1376
f 1373/1373/1373 1376/1376/1376 1377/1377/1377
f 1369/1369/1369 1373/1373/1373 1377/1377/1377
f 1369/1369/1369 1377/1377/1377 1370/1370/1370
f 1378/1378/1378 1379/1379/1379 1380/1380/1380
f 1378/1378/1378 1380/1380/1380 1381/1381/1381
f 1379/1379/1379 1382/1382/1382 1383/1383/1383
f 1379/1379/1379 1383/1383/1383 1380/1380/1380
f 1380/1380/1380 1383/1383/1383 1384/1384/1384
f 1380/1380/1380 1384/1384/1384 1385/1385/1385
f 1381/1381/1381 1380/1380/1380 1385/1385/1385
f 1381/1381/1381 1385/1385/1385 1386/1386/1386
f 1382/1382/1382 1387/1387/1387 1388/1388/1388
f 1382/1382/1382 1388/1388/1388 1383/1383/1383
f 1387/1387/1387 1389/1389/1389 1390/1390/1390
f 1387/1387/1387 1390/1390/1390 1388/1388/1388
f 1388/1388/1388 1390/1390/1390 1391/1391/1391
f 1388/1388/1388 1391/1391/1391 1392/1392/1392
f 1383/1383/1383 1388/1388/1388 1392/1392/1392
f 1383/1383/1383 1392/1392/1392 1384/1384/1384
f 1389/1389/1389 1393/1393/1393 1394/1394/1394
f 1389/1389/1389 1394/1394/1394 1390/1390/1390
f 1393/1393/1393 1395/1395/1395 1396/1396/1396
f 1393/1393/1393 1396/1396/1396 1394/1394/1394
f 1394/1394/1394 1396/1396/1396 1397/1397/1397
f 1394/1394/1394 1397/1397/1397 1398/1398/1398
f 1390/1390/1390 1394/1394/1394 1398/1398/1398
f 1390/1390/1390 1398/1398/1398 1391/1391/1391
f 1399/1399/1399 1400/1400/1400 1401/1401/1401
f 1399/1399/1399 1401/1401/1401 1402/1402/1402
f 1400/1400/1400 1403/1403/1403 1404/1404/1404
f 1400/1400/1400 1404/1404/1404 1401/1401/1401
f 1401/1401/1401 1404/1404/1404 1405/1405/1405
f 1401/1401/1401 1405/1405/1405 1406/1406/1406
f 1402/1402/1402 1401/1401/1401 1406/1406/1406
f 1402/1402/1402 1406/1406/1406 1407/1407/1407
f 1403/1403/1403 1408/1408/1408 1409/1409/1409
f 1403/1403/1403 1409/1409/1409 1404/1404/1404
f 1408/1408/1408 1410/1410/1410 1411/1411/1411
f 1408/1408/1408 1411/1411/1411 1409/1409/1409
f 1409/1409/1409 1411/1411/1411 1412/1412/1412
f 1409/1409/1409 1412/1412/1412 1413/1413/1413
f 1404/1404/1404 1409/1409/1409 1413/1413/1413
f 1404/1404/1404 1413/1413/1413 1405/1405/1405
f 1410/1410/1410 1414/1414/1414 1415/1415/1415
f 1410/1410/1410 1415/1415/1415 1411/1411/1411
f 1414/1414/1414 1416/1416/1416 1417/1417/1417
f 1414/1414/1414 1417/1417/1417 1415/1415/1415
f 1415/1415/1415 1417/1417/1417 1418/1418/1418
f 1415/1415/1415 1418/1418/1418 1419/1419/1419
f 1411/1411/1411 1415/1415/1415 1419/1419/1419
f 1411/1411/1411 1419/1419/1419 1412/1412/1412
f 1416/1416/1416 1420/1420/1420 1421/1421/1421
f 1416/1416/1416 1421/1421/1421 1417/1417/1417
f 1420/1420/1420 1422/1422/1422 1423/1423/1423
f 1420/1420/1420 1423/1423/1423 1421/1421/1421
f 1421/1421/1421 1423/1423/1423 1424/1424/1424
f 1421/1421/1421 1424/1424/1424 1425/1425/1425
f 1417/1417/1417 1421/1421/1421 1425/1425/1425
f 1417/1417/1417 1425/1425/1425 1418/1418/1418
f 1426/1426/1426 1427/1427/1427 1428/1428/1428
f 1426/1426/1426 1428/1428/1428 1429/1429/1429
f 1427/1427/1427 1430/1430/1430 1431/1431/1431
f 1427/1427/1427 1431/1431/1431 1428/1428/1428
f 1428/1428/1428 1431/1431/1431 1432/1432/1432
f 1428/1428/1428 1432/1432/1432 1433/1433/1433
f 1429/1429/1429 1428/1428/1428 1433/1433/1433
f 1429/1429/1429 1433/1433/1433 1434/1434/1434
f 1430/1430/1430 1435/1435/1435 1436/1436/1436
f 1430/1430/1430 1436/1436/1436 1431/1431/1431
f 1435/1435/1435 1437/1437/1437 1438/1438/1438
f 1435/1435/1435 1438/1438/1438 1436/1436/1436
f 1436/1436/1436 1438/1438/1438 1439/1439/1439
f 1436/1436/1436 1439/1439/1439 1440/1440/1440
f 1431/1431/1431 1436/1436/1436 1440/1440/1440
f 1431/1431/1431 1440/1440/1440 1432/1432/1432
f 1441/1441/1441 1442/1442/1442 1443/1443/1443
f 1441/1441/1441 1443/1443/1443 1444/1444/1444
f 1442/1442/1442 1445/1445/1445 1446/1446/1446
f 1442/1442/1442 1446/1446/1446 1443/1443/1443
f 1443/1443/1443 1446/1446/1446 1447/1447/1447
f 1443/1443/1443 1447/1447/1447 1448/1448/1448
f 1444/1444/1444 1443/1443/1443 1448/1448/1448
f 1444/1444/1444 1448/1448/1448 1449/1449/1449
f 1450/1450/1450 1451/1451/1451 1452/1452/1452
f 1450/1450/1450 1452/1452/1452 1453/1453/1453
f 1451/1451/1451 1441/1441/1441 1444/1444/1444
f 1451/1451/1451 1444/1444/1444 1452/1452/1452
f 1452/1452/1452 1444/1444/1444 1449/1449/1449
f 1452/1452/1452 1449/1449/1449 1454/1454/1454
f 1453/1453/1453 1452/1452/1452 1454/1454/1454
f 1453/1453/1453 1454/1454/1454 1455/1455/1455
f 1456/1456/1456 1457/1457/1457 1458/1458/1458
f 1456/1456/1456 1458/1458/1458 1459/1459/1459
f 1457/1457/1457 1450/1450/1450 1453/1453/1453
f 1457/1457/1457 1453/1453/1453 1458/1458/1458
f 1458/1458/1458 1453/1453/1453 1455/1455/1455
f 1458/1458/1458 1455/1455/1455 1460/1460/1460
f 1459/1459/1459 1458/1458/1458 1460/1460/1460
f 1459/1459/1459 1460/1460/1460 1461/1461/1461
f 1462/1462/1462 1463/1463/1463 1464/1464/1464
f 1462/1462/1462 1464/1464/1464 1465/1465/1465
f 1463/1463/1463 1456/1456/1456 1459/1459/1459
f 1463/1463/1463 1459/1459/1459 1464/1464/1464
f 1464/1464/1464 1459/1459/1459 1461/1461/1461
f 1464/1464/1464 1461/1461/1461 1466/1466/1466
f 1465/1465/1465 1464/1464/1464 1466/1466/1466
f 1465/1465/1465 1466/1466/1466 1467/1467/1467
f 1468/1468/1468 1469/1469/1469 1470/1470/1470
f 1468/1468/1468 1470/1470/1470 1471/1471/1471
f 1469/1469/1469 1462/1462/1462 1465/1465/1465
f 1469/1469/1469 1465/1465/1465 1470/1470/1470
f 1470/1470/1470 1465/1465/1465 1467/1467/1467
f 1470/1470/1470 1467/1467/1467 1472/1472/1472
f 1471/1471/1471 1470/1470/1470 1472/1472/1472
f 1471/1471/1471 1472/1472/1472 1473/1473/1473
f 1474/1474/1474 1475/1475/1475 1476/1476/1476
f 1474/1474/1474 1476/1476/1476 1477/1477/1477
f 1475/1475/1475 1468/1468/1468 1471/1471/1471
f 1475/1475/1475 1471/1471/1471 1476/1476/1476
f 1476/1476/1476 1471/1471/1471 1473/1473/1473
f 1476/1476/1476 1473/1473/1473 1478/1478/1478
f 1477/1477/1477 1476/1476/1476 1478/1478/1478
f 1477/1477/1477 1478/1478/1478 1479/1479/1479
f 1480/1480/1480 1481/1481/1481 1482/1482/1482
f 1480/1480/1480 1482/1482/1482 1483/1483/1483
f 1481/1481/1481 1474/1474/1474 1477/1477/1477
f 1481/1481/1481 1477/1477/1477 1482/1482/1482
f 1482/1482/1482 1477/1477/1477 1479/1479/1479
f 1482/1482/1482 1479/1479/1479 1484/1484/1484
f 1483/1483/1483 1482/1482/1482 1484/1484/1484
f 1483/1483/1483 1484/1484/1484 1485/1485/1485
f 1486/1486/1486 1487/1487/1487 1488/1488/1488
f 1486/1486/1486 1488/1488/1488 1489/1489/1489
f 1487/1487/1487 1480/1480/1480 1483/1483/1483
f 1487/1487/1487 1483/1483/1483 1488/1488/1488
f 1488/1488/1488 1483/1483/1483 1485/1485/1485
f 1488/1488/1488 1485/1485/1485 1490/1490/1490
f 1489/1489/1489 1488/1488/1488 1490/1490/1490
f 1489/1489/1489 1490/1490/1490 1491/1491/1491
f 1492/1492/1492 1493/1493/1493 1494/1494/1494
f 1492/1492/1492 1494/1494/1494 1495/1495/1495
f 1493/1493/1493 1486/1486/1486 1489/1489/1489
f 1493/1493/1493 1489/1489/1489 1494/1494/1494
f 1494/1494/1494 1489/1489/1489 1491/1491/1491
f 1494/1494/1494 1491/1491/1491 1496/1496/1496
f 1495/1495/1495 1494/1494/1494 1496/1496/1496
f 1495/1495/1495 1496/1496/1496 1497/1497/1497
f 1498/1498/1498 1499/1499/1499 1500/1500/1500
f 1498/1498/1498 1500/1500/1500 1501/1501/1501
f 1499/1499/1499 1492/1492/1492 1495/1495/1495
f 1499/1499/1499 1495/1495/1495 1500/1500/1500
f 1500/1500/1500 1495/1495/1495 1497/1497/1497
f 1500/1500/1500 1497/1497/1497 1502/1502/1502
f 1501/1501/1501 1500/1500/1500 1502/1502/1502
f 1501/1501/1501 1502/1502/1502 1503/1503/1503
f 1504/1504/1504 1505/1505/1505 1506/1506/1506
f 1504/1504/1504 1506/1506/1506 1507/1507/1507
f 1505/1505/1505 1508/1508/1508 1509/1509/1509
f 1505/1505/1505 1509/1509/1509 1506/1506/1506
f 1506/1506/1506 1509/1509/1509 1510/1510/1510
f 1506/1506/1506 1510/1510/1510 1511/1511/1511
f 1507/1507/1507 1506/1506/1506 1511/1511/1511
f 1507/1507/1507 1511/1511/1511 1512/1512/1512
f 1248/1248/1248 1513/1513/1513 1514/1514/1514
f 1248/1248/1248 1514/1514/1514 1243/1243/1243
f 1513/1513/1513 1237/1237/1237 1236/1236/1236
f 1513/1513/1513 1236/1236/1236 1514/1514/1514
f 1514/1514/1514 1236/1236/1236 1235/1235/1235
f 1514/1514/1514 1235/1235/1235 1515/1515/1515
f 1243/1243/1243 1514/1514/1514 1515/1515/1515
f 1243/1243/1243 1515/1515/1515 1240/1240/1240
f 1353/1353/1353 1516/1516/1516 1517/1517/1517
f 1353/1353/1353 1517/1517/1517 1348/1348/1348
f 1516/1516/1516 1342/1342/1342 1341/1341/1341
f 1516/1516/1516 1341/1341/1341 1517/1517/1517
f 1517/1517/1517 1341/1341/1341 1340/1340/1340
f 1517/1517/1517 1340/1340/1340 1518/1518/1518
f 1348/1348/1348 1517/1517/1517 1518/1518/1518
f 1348/1348/1348 1518/1518/1518 1345/1345/1345
f 895/895/895 894/894/894 1519/1519/1519
f 895/895/895 1519/1519/1519 1520/1520/1520
f 894/894/894 893/893/893 1521/1521/1521
f 894/894/894 1521/1521/1521 1519/1519/1519
f 1519/1519/1519 1521/1521/1521 898/898/898
f 1519/1519/1519 898/898/898 901/901/901
f 1520/1520/1520 1519/1519/1519 901/901/901
f 1520/1520/1520 901/901/901 906/906/906
f 1000/1000/1000 999/999/999 1522/1522/1522
f 1000/1000/1000 1522/1522/1522 1169/1169/1169
f 999/999/999 998/998/998 1523/1523/1523
f 999/999/999 1523/1523/1523 1522/1522/1522
f 1522/1522/1522 1523/1523/1523 1003/1003/1003
f 1522/1522/1522 1003/1003/1003 1006/1006/1006
f 1169/1169/1169 1522/1522/1522 1006/1006/1006
f 1169/1169/1169 1006/1006/1006 1011/1011/1011
f 1524/1524/1524 1525/1525/1525 1526/1526/1526
f 1524/1524/1524 1526/1526/1526 1527/1527/1527
f 1525/1525/1525 1123/1123/1123 1120/1120/1120
f 1525/1525/1525 1120/1120/1120 1526/1526/1526
f 1526/1526/1526 1120/1120/1120 49/49/49
f 1526/1526/1526 49/49/49 52/52/52
f 1527/1527/1527 1526/1526/1526 52/52/52
f 1527/1527/1527 52/52/52 57/57/57
f 1528/1528/1528 1529/1529/1529 1530/1530/1530
f 1528/1528/1528 1530/1530/1530 1531/1531/1531
f 1529/1529/1529 1524/1524/1524 1527/1527/1527
f 1529/1529/1529 1527/1527/1527 1530/1530/1530
f 1530/1530/1530 1527/1527/1527 57/57/57
f 1530/1530/1530 57/57/57 145/145/145
f 1531/1531/1531 1530/1530/1530 145/145/145
f 1531/1531/1531 145/145/145 149/149/149
f 1532/1532/1532 1533/1533/1533 1534/1534/1534
f 1532/1532/1532 1534/1534/1534 1535/1535/1535
f 1533/1533/1533 1528/1528/1528 1531/1531/1531
f 1533/1533/1533 1531/1531/1531 1534/1534/1534
f 1534/1534/1534 1531/1531/1531 149/149/149
f 1534/1534/1534 149/149/149 219/219/219
f 1535/1535/1535 1534/1534/1534 219/219/219
f 1535/1535/1535 219/219/219 223/223/223
f 1536/1536/1536 1537/1537/1537 1538/1538/1538
f 1536/1536/1536 1538/1538/1538 1539/1539/1539
f 1537/1537/1537 1532/1532/1532 1535/1535/1535
f 1537/1537/1537 1535/1535/1535 1538/1538/1538
f 1538/1538/1538 1535/1535/1535 223/223/223
f 1538/1538/1538 223/223/223 293/293/293
f 1539/1539/1539 1538/1538/1538 293/293/293
f 1539/1539/1539 293/293/293 297/297/297
f 1540/1540/1540 1541/1541/1541 1542/1542/1542
f 1540/1540/1540 1542/1542/1542 1543/1543/1543
f 1541/1541/1541 1536/1536/1536 1539/1539/1539
f 1541/1541/1541 1539/1539/1539 1542/1542/1542
f 1542/1542/1542 1539/1539/1539 297/297/297
f 1542/1542/1542 297/297/297 367/367/367
f 1543/1543/1543 1542/1542/1542 367/367/367
f 1543/1543/1543 367/367/367 371/371/371
f 1544/1544/1544 1545/1545/1545 1546/1546/1546
f 1544/1544/1544 1546/1546/1546 1547/1547/1547
f 1545/1545/1545 1540/1540/1540 1543/1543/1543
f 1545/1545/1545 1543/1543/1543 1546/1546/1546
f 1546/1546/1546 1543/1543/1543 371/371/371
f 1546/1546/1546 371/371/371 441/441/441
f 1547/1547/1547 1546/1546/1546 441/441/441
f 1547/1547/1547 441/441/441 445/445/445
f 1548/1548/1548 1549/1549/1549 1550/1550/1550
f 1548/1548/1548 1550/1550/1550 1551/1551/1551
f 1549/1549/1549 1544/1544/1544 1547/1547/1547
f 1549/1549/1549 1547/1547/1547 1550/1550/1550
f 1550/1550/1550 1547/1547/1547 445/445/445
f 1550/1550/1550 445/445/445 515/515/515
f 1551/1551/1551 1550/1550/1550 515/515/515
f 1551/1551/1551 515/515/515 519/519/519
f 1552/1552/1552 1553/1553/1553 1554/1554/1554
f 1552/1552/1552 1554/1554/1554 1555/1555/1555
f 1553/1553/1553 1548/1548/1548 1551/1551/1551
f 1553/1553/1553 1551/1551/1551 1554/1554/1554
f 1554/1554/1554 1551/1551/1551 519/519/519
f 1554/1554/1554 519/519/519 589/589/589
f 1555/1555/1555 1554/1554/1554 589/589/589
f 1555/1555/1555 589/589/589 593/593/593
f 1556/1556/1556 1557/1557/1557 1558/1558/1558
f 1556/1556/1556 1558/1558/1558 1559/1559/1559
f 1557/1557/1557 1552/1552/1552 1555/1555/1555
f 1557/1557/1557 1555/1555/1555 1558/1558/1558
f 1558/1558/1558 1555/1555/1555 593/593/593
f 1558/1558/1558 593/593/593 663/663/663
f 1559/1559/1559 1558/1558/1558 663/663/663
f 1559/1559/1559 663/663/663 667/667/667
f 1560/1560/1560 1561/1561/1561 1562/1562/1562
f 1560/1560/1560 1562/1562/1562 1563/1563/1563
f 1561/1561/1561 1556/1556/1556 1559/1559/1559
f 1561/1561/1561 1559/1559/1559 1562/1562/1562
f 1562/1562/1562 1559/1559/1559 667/667/667
f 1562/1562/1562 667/667/667 737/737/737
f 1563/1563/1563 1562/1562/1562 737/737/737
f 1563/1563/1563 737/737/737 741/741/741
f 1564/1564/1564 1565/1565/1565 1566/1566/1566
f 1564/1564/1564 1566/1566/1566 1567/1567/1567
f 1565/1565/1565 1568/1568/1568 1569/1569/1569
f 1565/1565/1565 1569/1569/1569 1566/1566/1566
f 1566/1566/1566 1569/1569/1569 826/826/826
f 1566/1566/1566 826/826/826 829/829/829
f 1567/1567/1567 1566/1566/1566 829/829/829
f 1567/1567/1567 829/829/829 834/834/834
f 1281/1281/1281 1570/1570/1570 1571/1571/1571
f 1281/1281/1281 1571/1571/1571 1276/1276/1276
f 1570/1570/1570 1271/1271/1271 1270/1270/1270
f 1570/1570/1570 1270/1270/1270 1571/1571/1571
f 1571/1571/1571 1270/1270/1270 1269/1269/1269
f 1571/1571/1571 1269/1269/1269 1572/1572/1572
f 1276/1276/1276 1571/1571/1571 1572/1572/1572
f 1276/1276/1276 1572/1572/1572 1273/1273/1273
f 1386/1386/1386 1573/1573/1573 1574/1574/1574
f 1386/1386/1386 1574/1574/1574 1381/1381/1381
f 1573/1573/1573 1376/1376/1376 1375/1375/1375
f 1573/1573/1573 1375/1375/1375 1574/1574/1574
f 1574/1574/1574 1375/1375/1375 1374/1374/1374
f 1574/1574/1574 1374/1374/1374 1575/1575/1575
f 1381/1381/1381 1574/1574/1574 1575/1575/1575
f 1381/1381/1381 1575/1575/1575 1378/1378/1378
f 929/929/929 928/928/928 1576/1576/1576
f 929/929/929 1576/1576/1576 1577/1577/1577
f 928/928/928 927/927/927 1578/1578/1578
f 928/928/928 1578/1578/1578 1576/1576/1576
f 1576/1576/1576 1578/1578/1578 931/931/931
f 1576/1576/1576 931/931/931 934/934/934
f 1577/1577/1577 1576/1576/1576 934/934/934
f 1577/1577/1577 934/934/934 939/939/939
f 1034/1034/1034 1033/1033/1033 1579/1579/1579
f 1034/1034/1034 1579/1579/1579 1190/1190/1190
f 1033/1033/1033 1032/1032/1032 1580/1580/1580
f 1033/1033/1033 1580/1580/1580 1579/1579/1579
f 1579/1579/1579 1580/1580/1580 1036/1036/1036
f 1579/1579/1579 1036/1036/1036 1039/1039/1039
f 1190/1190/1190 1579/1579/1579 1039/1039/1039
f 1190/1190/1190 1039/1039/1039 1044/1044/1044
f 1581/1581/1581 1582/1582/1582 1583/1583/1583
f 1581/1581/1581 1583/1583/1583 1584/1584/1584
f 1582/1582/1582 1138/1138/1138 1135/1135/1135
f 1582/1582/1582 1135/1135/1135 1583/1583/1583
f 1583/1583/1583 1135/1135/1135 73/73/73
f 1583/1583/1583 73/73/73 76/76/76
f 1584/1584/1584 1583/1583/1583 76/76/76
f 1584/1584/1584 76/76/76 81/81/81
f 1585/1585/1585 1586/1586/1586 1587/1587/1587
f 1585/1585/1585 1587/1587/1587 1588/1588/1588
f 1586/1586/1586 1581/1581/1581 1584/1584/1584
f 1586/1586/1586 1584/1584/1584 1587/1587/1587
f 1587/1587/1587 1584/1584/1584 81/81/81
f 1587/1587/1587 81/81/81 161/161/161
f 1588/1588/1588 1587/1587/1587 161/161/161
f 1588/1588/1588 161/161/161 165/165/165
f 1589/1589/1589 1590/1590/1590 1591/1591/1591
f 1589/1589/1589 1591/1591/1591 1592/1592/1592
f 1590/1590/1590 1585/1585/1585 1588/1588/1588
f 1590/1590/1590 1588/1588/1588 1591/1591/1591
f 1591/1591/1591 1588/1588/1588 165/165/165
f 1591/1591/1591 165/165/165 235/235/235
f 1592/1592/1592 1591/1591/1591 235/235/235
f 1592/1592/1592 235/235/235 239/239/239
f 1593/1593/1593 1594/1594/1594 1595/1595/1595
f 1593/1593/1593 1595/1595/1595 1596/1596/1596
f 1594/1594/1594 1589/1589/1589 1592/1592/1592
f 1594/1594/1594 1592/1592/1592 1595/1595/1595
f 1595/1595/1595 1592/1592/1592 239/239/239
f 1595/1595/1595 239/239/239 309/309/309
f 1596/1596/1596 1595/1595/1595 309/309/309
f 1596/1596/1596 309/309/309 313/313/313
f 1597/1597/1597 1598/1598/1598 1599/1599/1599
f 1597/1597/1597 1599/1599/1599 1600/1600/1600
f 1598/1598/1598 1593/1593/1593 1596/1596/1596
f 1598/1598/1598 1596/1596/1596 1599/1599/1599
f 1599/1599/1599 1596/1596/1596 313/313/313
f 1599/1599/1599 313/313/313 383/383/383
f 1600/1600/1600 1599/1599/1599 383/383/383
f 1600/1600/1600 383/383/383 387/387/387
f 1601/1601/1601 1602/1602/1602 1603/1603/1603
f 1601/1601/1601 1603/1603/1603 1604/1604/1604
f 1602/1602/1602 1597/1597/1597 1600/1600/1600
f 1602/1602/1602 1600/1600/1600 1603/1603/1603
f 1603/1603/1603 1600/1600/1600 387/387/387
f 1603/1603/1603 387/387/387 457/457/457
f 1604/1604/1604 1603/1603/1603 457/457/457
f 1604/1604/1604 457/457/457 461/461/461
f 1605/1605/1605 1606/1606/1606 1607/1607/1607
f 1605/1605/1605 1607/1607/1607 1608/1608/1608
f 1606/1606/1606 1601/1601/1601 1604/1604/1604
f 1606/1606/1606 1604/1604/1604 1607/1607/1607
f 1607/1607/1607 1604/1604/1604 461/461/461
f 1607/1607/1607 461/461/461 531/531/531
f 1608/1608/1608 1607/1607/1607 531/531/531
f 1608/1608/1608 531/531/531 535/535/535
f 1609/1609/1609 1610/1610/1610 1611/1611/1611
f 1609/1609/1609 1611/1611/1611 1612/1612/1612
f 1610/1610/1610 1605/1605/1605 1608/1608/1608
f 1610/1610/1610 1608/1608/1608 1611/1611/1611
f 1611/1611/1611 1608/1608/1608 535/535/535
f 1611/1611/1611 535/535/535 605/605/605
f 1612/1612/1612 1611/1611/1611 605/605/605
f 1612/1612/1612 605/605/605 609/609/609
f 1613/1613/1613 1614/1614/1614 1615/1615/1615
f 1613/1613/1613 1615/1615/1615 1616/1616/1616
f 1614/1614/1614 1609/1609/1609 1612/1612/1612
f 1614/1614/1614 1612/1612/1612 1615/1615/1615
f 1615/1615/1615 1612/1612/1612 609/609/609
f 1615/1615/1615 609/609/609 679/679/679
f 1616/1616/1616 1615/1615/1615 679/679/679
f 1616/1616/1616 679/679/679 683/683/683
f 1617/1617/1617 1618/1618/1618 1619/1619/1619
f 1617/1617/1617 1619/1619/1619 1620/1620/1620
f 1618/1618/1618 1613/1613/1613 1616/1616/1616
f 1618/1618/1618 1616/1616/1616 1619/1619/1619
f 1619/1619/1619 1616/1616/1616 683/683/683
f 1619/1619/1619 683/683/683 753/753/753
f 1620/1620/1620 1619/1619/1619 753/753/753
f 1620/1620/1620 753/753/753 757/757/757
f 1621/1621/1621 1622/1622/1622 1623/1623/1623
f 1621/1621/1621 1623/1623/1623 1624/1624/1624
f 1622/1622/1622 1625/1625/1625 1626/1626/1626
f 1622/1622/1622 1626/1626/1626 1623/1623/1623
f 1623/1623/1623 1626/1626/1626 850/850/850
f 1623/1623/1623 850/850/850 853/853/853
f 1624/1624/1624 1623/1623/1623 853/853/853
f 1624/1624/1624 853/853/853 858/858/858
f 1302/1302/1302 1627/1627/1627 1628/1628/1628
f 1302/1302/1302 1628/1628/1628 1297/1297/1297
f 1627/1627/1627 1292/1292/1292 1291/1291/1291
f 1627/1627/1627 1291/1291/1291 1628/1628/1628
f 1628/1628/1628 1291/1291/1291 1290/1290/1290
f 1628/1628/1628 1290/1290/1290 1629/1629/1629
f 1297/1297/1297 1628/1628/1628 1629/1629/1629
f 1297/1297/1297 1629/1629/1629 1294/1294/1294
f 1407/1407/1407 1630/1630/1630 1631/1631/1631
f 1407/1407/1407 1631/1631/1631 1402/1402/1402
f 1630/1630/1630 1397/1397/1397 1396/1396/1396
f 1630/1630/1630 1396/1396/1396 1631/1631/1631
f 1631/1631/1631 1396/1396/1396 1395/1395/1395
f 1631/1631/1631 1395/1395/1395 1632/1632/1632
f 1402/1402/1402 1631/1631/1631 1632/1632/1632
f 1402/1402/1402 1632/1632/1632 1399/1399/1399
f 950/950/950 949/949/949 1633/1633/1633
f 950/950/950 1633/1633/1633 1634/1634/1634
f 949/949/949 948/948/948 1635/1635/1635
f 949/949/949 1635/1635/1635 1633/1633/1633
f 1633/1633/1633 1635/1635/1635 952/952/952
f 1633/1633/1633 952/952/952 955/955/955
f 1634/1634/1634 1633/1633/1633 955/955/955
f 1634/1634/1634 955/955/955 960/960/960
f 1055/1055/1055 1054/1054/1054 1636/1636/1636
f 1055/1055/1055 1636/1636/1636 1203/1203/1203
f 1054/1054/1054 1053/1053/1053 1637/1637/1637
f 1054/1054/1054 1637/1637/1637 1636/1636/1636
f 1636/1636/1636 1637/1637/1637 1057/1057/1057
f 1636/1636/1636 1057/1057/1057 1060/1060/1060
f 1203/1203/1203 1636/1636/1636 1060/1060/1060
f 1203/1203/1203 1060/1060/1060 1065/1065/1065
f 1638/1638/1638 1639/1639/1639 1640/1640/1640
f 1638/1638/1638 1640/1640/1640 1641/1641/1641
f 1639/1639/1639 1504/1504/1504 1642/1642/1642
f 1639/1639/1639 1642/1642/1642 1640/1640/1640
f 1640/1640/1640 1642/1642/1642 1643/1643/1643
f 1640/1640/1640 1643/1643/1643 1644/1644/1644
f 1641/1641/1641 1640/1640/1640 1644/1644/1644
f 1641/1641/1641 1644/1644/1644 1645/1645/1645
f 1646/1646/1646 1647/1647/1647 1648/1648/1648
f 1646/1646/1646 1648/1648/1648 1649/1649/1649
f 1647/1647/1647 1643/1643/1643 1642/1642/1642
f 1647/1647/1647 1642/1642/1642 1648/1648/1648
f 1648/1648/1648 1642/1642/1642 1504/1504/1504
f 1648/1648/1648 1504/1504/1504 1507/1507/1507
f 1649/1649/1649 1648/1648/1648 1507/1507/1507
f 1649/1649/1649 1507/1507/1507 1512/1512/1512
f 1512/1512/1512 1650/1650/1650 1651/1651/1651
f 1512/1512/1512 1651/1651/1651 1649/1649/1649
f 1650/1650/1650 1652/1652/1652 1653/1653/1653
f 1650/1650/1650 1653/1653/1653 1651/1651/1651
f 1651/1651/1651 1653/1653/1653 1654/1654/1654
f 1651/1651/1651 1654/1654/1654 1655/1655/1655
f 1649/1649/1649 1651/1651/1651 1655/1655/1655
f 1649/1649/1649 1655/1655/1655 1646/1646/1646
f 1656/1656/1656 1657/1657/1657 1658/1658/1658
f 1656/1656/1656 1658/1658/1658 1659/1659/1659
f 1657/1657/1657 1660/1660/1660 1661/1661/1661
f 1657/1657/1657 1661/1661/1661 1658/1658/1658
f 1658/1658/1658 1661/1661/1661 1662/1662/1662
f 1658/1658/1658 1662/1662/1662 1663/1663/1663
f 1659/1659/1659 1658/1658/1658 1663/1663/1663
f 1659/1659/1659 1663/1663/1663 1664/1664/1664
f 1660/1660/1660 1665/1665/1665 1666/1666/1666
f 1660/1660/1660 1666/1666/1666 1661/1661/1661
f 1665/1665/1665 1667/1667/1667 1668/1668/1668
f 1665/1665/1665 1668/1668/1668 1666/1666/1666
f 1666/1666/1666 1668/1668/1668 1669/1669/1669
f 1666/1666/1666 1669/1669/1669 1670/1670/1670
f 1661/1661/1661 1666/1666/1666 1670/1670/1670
f 1661/1661/1661 1670/1670/1670 1662/1662/1662
f 1667/1667/1667 1671/1671/1671 1672/1672/1672
f 1667/1667/1667 1672/1672/1672 1668/1668/1668
f 1671/1671/1671 825/825/825 1673/1673/1673
f 1671/1671/1671 1673/1673/1673 1672/1672/1672
f 1672/1672/1672 1673/1673/1673 1674/1674/1674
f 1672/1672/1672 1674/1674/1674 1675/1675/1675
f 1668/1668/1668 1672/1672/1672 1675/1675/1675
f 1668/1668/1668 1675/1675/1675 1669/1669/1669
f 825/825/825 824/824/824 1676/1676/1676
f 825/825/825 1676/1676/1676 1673/1673/1673
f 824/824/824 823/823/823 1677/1677/1677
f 824/824/824 1677/1677/1677 1676/1676/1676
f 1676/1676/1676 1677/1677/1677 1678/1678/1678
f 1676/1676/1676 1678/1678/1678 1679/1679/1679
f 1673/1673/1673 1676/1676/1676 1679/1679/1679
f 1673/1673/1673 1679/1679/1679 1674/1674/1674
f 1680/1680/1680 1681/1681/1681 1682/1682/1682
f 1680/1680/1680 1682/1682/1682 1683/1683/1683
f 1681/1681/1681 1678/1678/1678 1677/1677/1677
f 1681/1681/1681 1677/1677/1677 1682/1682/1682
f 1682/1682/1682 1677/1677/1677 823/823/823
f 1682/1682/1682 823/823/823 1684/1684/1684
f 1683/1683/1683 1682/1682/1682 1684/1684/1684
f 1683/1683/1683 1684/1684/1684 1685/1685/1685
f 1685/1685/1685 1686/1686/1686 1687/1687/1687
f 1685/1685/1685 1687/1687/1687 1683/1683/1683
f 1686/1686/1686 1688/1688/1688 1689/1689/1689
f 1686/1686/1686 1689/1689/1689 1687/1687/1687
f 1687/1687/1687 1689/1689/1689 1690/1690/1690
f 1687/1687/1687 1690/1690/1690 1691/1691/1691
f 1683/1683/1683 1687/1687/1687 1691/1691/1691
f 1683/1683/1683 1691/1691/1691 1680/1680/1680
f 1688/1688/1688 1692/1692/1692 1693/1693/1693
f 1688/1688/1688 1693/1693/1693 1689/1689/1689
f 1692/1692/1692 849/849/849 1694/1694/1694
f 1692/1692/1692 1694/1694/1694 1693/1693/1693
f 1693/1693/1693 1694/1694/1694 1695/1695/1695
f 1693/1693/1693 1695/1695/1695 1696/1696/1696
f 1689/1689/1689 1693/1693/1693 1696/1696/1696
f 1689/1689/1689 1696/1696/1696 1690/1690/1690
f 849/849/849 848/848/848 1697/1697/1697
f 849/849/849 1697/1697/1697 1694/1694/1694
f 848/848/848 847/847/847 1698/1698/1698
f 848/848/848 1698/1698/1698 1697/1697/1697
f 1697/1697/1697 1698/1698/1698 1699/1699/1699
f 1697/1697/1697 1699/1699/1699 1700/1700/1700
f 1694/1694/1694 1697/1697/1697 1700/1700/1700
f 1694/1694/1694 1700/1700/1700 1695/1695/1695
f 1701/1701/1701 1702/1702/1702 1703/1703/1703
f 1701/1701/1701 1703/1703/1703 1704/1704/1704
f 1702/1702/1702 1699/1699/1699 1698/1698/1698
f 1702/1702/1702 1698/1698/1698 1703/1703/1703
f 1703/1703/1703 1698/1698/1698 847/847/847
f 1703/1703/1703 847/847/847 1705/1705/1705
f 1704/1704/1704 1703/1703/1703 1705/1705/1705
f 1704/1704/1704 1705/1705/1705 1706/1706/1706
f 1706/1706/1706 1707/1707/1707 1708/1708/1708
f 1706/1706/1706 1708/1708/1708 1704/1704/1704
f 1707/1707/1707 1709/1709/1709 1710/1710/1710
f 1707/1707/1707 1710/1710/1710 1708/1708/1708
f 1708/1708/1708 1710/1710/1710 1711/1711/1711
f 1708/1708/1708 1711/1711/1711 1712/1712/1712
f 1704/1704/1704 1708/1708/1708 1712/1712/1712
f 1704/1704/1704 1712/1712/1712 1701/1701/1701
f 1709/1709/1709 1713/1713/1713 1714/1714/1714
f 1709/1709/1709 1714/1714/1714 1710/1710/1710
f 1713/1713/1713 1715/1715/1715 1716/1716/1716
f 1713/1713/1713 1716/1716/1716 1714/1714/1714
f 1714/1714/1714 1716/1716/1716 1717/1717/1717
f 1714/1714/1714 1717/1717/1717 1718/1718/1718
f 1710/1710/1710 1714/1714/1714 1718/1718/1718
f 1710/1710/1710 1718/1718/1718 1711/1711/1711
f 1715/1715/1715 1719/1719/1719 1720/1720/1720
f 1715/1715/1715 1720/1720/1720 1716/1716/1716
f 1719/1719/1719 1721/1721/1721 1722/1722/1722
f 1719/1719/1719 1722/1722/1722 1720/1720/1720
f 1720/1720/1720 1722/1722/1722 1723/1723/1723
f 1720/1720/1720 1723/1723/1723 1724/1724/1724
f 1716/1716/1716 1720/1720/1720 1724/1724/1724
f 1716/1716/1716 1724/1724/1724 1717/1717/1717
f 1721/1721/1721 1725/1725/1725 1726/1726/1726
f 1721/1721/1721 1726/1726/1726 1722/1722/1722
f 1725/1725/1725 1727/1727/1727 1728/1728/1728
f 1725/1725/1725 1728/1728/1728 1726/1726/1726
f 1726/1726/1726 1728/1728/1728 1729/1729/1729
f 1726/1726/1726 1729/1729/1729 1730/1730/1730
f 1722/1722/1722 1726/1726/1726 1730/1730/1730
f 1722/1722/1722 1730/1730/1730 1723/1723/1723
f 1731/1731/1731 1732/1732/1732 1733/1733/1733
f 1731/1731/1731 1733/1733/1733 1734/1734/1734
f 1732/1732/1732 1735/1735/1735 1736/1736/1736
f 1732/1732/1732 1736/1736/1736 1733/1733/1733
f 1733/1733/1733 1736/1736/1736 1737/1737/1737
f 1733/1733/1733 1737/1737/1737 1738/1738/1738
f 1734/1734/1734 1733/1733/1733 1738/1738/1738
f 1734/1734/1734 1738/1738/1738 1739/1739/1739
f 1735/1735/1735 1740/1740/1740 1741/1741/1741
f 1735/1735/1735 1741/1741/1741 1736/1736/1736
f 1740/1740/1740 1638/1638/1638 1641/1641/1641
f 1740/1740/1740 1641/1641/1641 1741/1741/1741
f 1741/1741/1741 1641/1641/1641 1645/1645/1645
f 1741/1741/1741 1645/1645/1645 1742/1742/1742
f 1736/1736/1736 1741/1741/1741 1742/1742/1742
f 1736/1736/1736 1742/1742/1742 1737/1737/1737
f 1743/1743/1743 1744/1744/1744 1745/1745/1745
f 1743/1743/1743 1745/1745/1745 1746/1746/1746
f 1744/1744/1744 1747/1747/1747 1748/1748/1748
f 1744/1744/1744 1748/1748/1748 1745/1745/1745
f 1745/1745/1745 1748/1748/1748 1749/1749/1749
f 1745/1745/1745 1749/1749/1749 1750/1750/1750
f 1746/1746/1746 1745/1745/1745 1750/1750/1750
f 1746/1746/1746 1750/1750/1750 1751/1751/1751
f 1752/1752/1752 1753/1753/1753 1754/1754/1754
f 1752/1752/1752 1754/1754/1754 1755/1755/1755
f 1753/1753/1753 1743/1743/1743 1746/1746/1746
f 1753/1753/1753 1746/1746/1746 1754/1754/1754
f 1754/1754/1754 1746/1746/1746 1751/1751/1751
f 1754/1754/1754 1751/1751/1751 1756/1756/1756
f 1755/1755/1755 1754/1754/1754 1756/1756/1756
f 1755/1755/1755 1756/1756/1756 1757/1757/1757
f 1758/1758/1758 1759/1759/1759 1760/1760/1760
f 1758/1758/1758 1760/1760/1760 1761/1761/1761
f 1759/1759/1759 1752/1752/1752 1755/1755/1755
f 1759/1759/1759 1755/1755/1755 1760/1760/1760
f 1760/1760/1760 1755/1755/1755 1757/1757/1757
f 1760/1760/1760 1757/1757/1757 1762/1762/1762
f 1761/1761/1761 1760/1760/1760 1762/1762/1762
f 1761/1761/1761 1762/1762/1762 1763/1763/1763
f 1764/1764/1764 1765/1765/1765 1766/1766/1766
f 1764/1764/1764 1766/1766/1766 1767/1767/1767
f 1765/1765/1765 1758/1758/1758 1761/1761/1761
f 1765/1765/1765 1761/1761/1761 1766/1766/1766
f 1766/1766/1766 1761/1761/1761 1763/1763/1763
f 1766/1766/1766 1763/1763/1763 1768/1768/1768
f 1767/1767/1767 1766/1766/1766 1768/1768/1768
f 1767/1767/1767 1768/1768/1768 1769/1769/1769
f 1770/1770/1770 1771/1771/1771 1772/1772/1772
f 1770/1770/1770 1772/1772/1772 1773/1773/1773
f 1771/1771/1771 1764/1764/1764 1767/1767/1767
f 1771/1771/1771 1767/1767/1767 1772/1772/1772
f 1772/1772/1772 1767/1767/1767 1769/1769/1769
f 1772/1772/1772 1769/1769/1769 1774/1774/1774
f 1773/1773/1773 1772/1772/1772 1774/1774/1774
f 1773/1773/1773 1774/1774/1774 1775/1775/1775
f 1776/1776/1776 1777/1777/1777 1778/1778/1778
f 1776/1776/1776 1778/1778/1778 1779/1779/1779
f 1777/1777/1777 1770/1770/1770 1773/1773/1773
f 1777/1777/1777 1773/1773/1773 1778/1778/1778
f 1778/1778/1778 1773/1773/1773 1775/1775/1775
f 1778/1778/1778 1775/1775/1775 1780/1780/1780
f 1779/1779/1779 1778/1778/1778 1780/1780/1780
f 1779/1779/1779 1780/1780/1780 1781/1781/1781
f 1782/1782/1782 1783/1783/1783 1784/1784/1784
f 1782/1782/1782 1784/1784/1784 1785/1785/1785
f 1783/1783/1783 1776/1776/1776 1779/1779/1779
f 1783/1783/1783 1779/1779/1779 1784/1784/1784
f 1784/1784/1784 1779/1779/1779 1781/1781/1781
f 1784/1784/1784 1781/1781/1781 1786/1786/1786
f 1785/1785/1785 1784/1784/1784 1786/1786/1786
f 1785/1785/1785 1786/1786/1786 1787/1787/1787
f 1788/1788/1788 1789/1789/1789 1790/1790/1790
f 1788/1788/1788 1790/1790/1790 1791/1791/1791
f 1789/1789/1789 1782/1782/1782 1785/1785/1785
f 1789/1789/1789 1785/1785/1785 1790/1790/1790
f 1790/1790/1790 1785/1785/1785 1787/1787/1787
f 1790/1790/1790 1787/1787/1787 1792/1792/1792
f 1791/1791/1791 1790/1790/1790 1792/1792/1792
f 1791/1791/1791 1792/1792/1792 1793/1793/1793
f 1794/1794/1794 1795/1795/1795 1796/1796/1796
f 1794/1794/1794 1796/1796/1796 1797/1797/1797
f 1795/1795/1795 1788/1788/1788 1791/1791/1791
f 1795/1795/1795 1791/1791/1791 1796/1796/1796
f 1796/1796/1796 1791/1791/1791 1793/1793/1793
f 1796/1796/1796 1793/1793/1793 1798/1798/1798
f 1797/1797/1797 1796/1796/1796 1798/1798/1798
f 1797/1797/1797 1798/1798/1798 1799/1799/1799
f 1800/1800/1800 1801/1801/1801 1802/1802/1802
f 1800/1800/1800 1802/1802/1802 1803/1803/1803
f 1801/1801/1801 1794/1794/1794 1797/1797/1797
f 1801/1801/1801 1797/1797/1797 1802/1802/1802
f 1802/1802/1802 1797/1797/1797 1799/1799/1799
f 1802/1802/1802 1799/1799/1799 1804/1804/1804
f 1803/1803/1803 1802/1802/1802 1804/1804/1804
f 1803/1803/1803 1804/1804/1804 1805/1805/1805
f 1727/1727/1727 1806/1806/1806 1807/1807/1807
f 1727/1727/1727 1807/1807/1807 1808/1808/1808
f 1806/1806/1806 1809/1809/1809 1810/1810/1810
f 1806/1806/1806 1810/1810/1810 1807/1807/1807
f 1807/1807/1807 1810/1810/1810 1811/1811/1811
f 1807/1807/1807 1811/1811/1811 1812/1812/1812
f 1808/1808/1808 1807/1807/1807 1812/1812/1812
f 1808/1808/1808 1812/1812/1812 1731/1731/1731
f 1729/1729/1729 1728/1728/1728 1813/1813/1813
f 1729/1729/1729 1813/1813/1813 1814/1814/1814
f 1728/1728/1728 1727/1727/1727 1808/1808/1808
f 1728/1728/1728 1808/1808/1808 1813/1813/1813
f 1813/1813/1813 1808/1808/1808 1731/1731/1731
f 1813/1813/1813 1731/1731/1731 1734/1734/1734
f 1814/1814/1814 1813/1813/1813 1734/1734/1734
f 1814/1814/1814 1734/1734/1734 1739/1739/1739
f 1329/1329/1329 1815/1815/1815 1816/1816/1816
f 1329/1329/1329 1816/1816/1816 1324/1324/1324
f 1815/1815/1815 1319/1319/1319 1318/1318/1318
f 1815/1815/1815 1318/1318/1318 1816/1816/1816
f 1816/1816/1816 1318/1318/1318 1317/1317/1317
f 1816/1816/1816 1317/1317/1317 1817/1817/1817
f 1324/1324/1324 1816/1816/1816 1817/1817/1817
f 1324/1324/1324 1817/1817/1817 1321/1321/1321
f 1434/1434/1434 1818/1818/1818 1819/1819/1819
f 1434/1434/1434 1819/1819/1819 1429/1429/1429
f 1818/1818/1818 1424/1424/1424 1423/1423/1423
f 1818/1818/1818 1423/1423/1423 1819/1819/1819
f 1819/1819/1819 1423/1423/1423 1422/1422/1422
f 1819/1819/1819 1422/1422/1422 1820/1820/1820
f 1429/1429/1429 1819/1819/1819 1820/1820/1820
f 1429/1429/1429 1820/1820/1820 1426/1426/1426
f 977/977/977 976/976/976 1821/1821/1821
f 977/977/977 1821/1821/1821 1822/1822/1822
f 976/976/976 975/975/975 1823/1823/1823
f 976/976/976 1823/1823/1823 1821/1821/1821
f 1821/1821/1821 1823/1823/1823 979/979/979
f 1821/1821/1821 979/979/979 982/982/982
f 1822/1822/1822 1821/1821/1821 982/982/982
f 1822/1822/1822 982/982/982 987/987/987
f 1082/1082/1082 1081/1081/1081 1824/1824/1824
f 1082/1082/1082 1824/1824/1824 1220/1220/1220
f 1081/1081/1081 1080/1080/1080 1825/1825/1825
f 1081/1081/1081 1825/1825/1825 1824/1824/1824
f 1824/1824/1824 1825/1825/1825 1084/1084/1084
f 1824/1824/1824 1084/1084/1084 1087/1087/1087
f 1220/1220/1220 1824/1824/1824 1087/1087/1087
f 1220/1220/1220 1087/1087/1087 1092/1092/1092
f 1826/1826/1826 1827/1827/1827 1828/1828/1828
f 1826/1826/1826 1828/1828/1828 1829/1829/1829
f 1827/1827/1827 1830/1830/1830 1831/1831/1831
f 1827/1827/1827 1831/1831/1831 1828/1828/1828
f 1828/1828/1828 1831/1831/1831 1832/1832/1832
f 1828/1828/1828 1832/1832/1832 1833/1833/1833
f 1829/1829/1829 1828/1828/1828 1833/1833/1833
f 1829/1829/1829 1833/1833/1833 1834/1834/1834
f 1830/1830/1830 1835/1835/1835 1836/1836/1836
f 1830/1830/1830 1836/1836/1836 1831/1831/1831
f 1835/1835/1835 1837/1837/1837 1838/1838/1838
f 1835/1835/1835 1838/1838/1838 1836/1836/1836
f 1836/1836/1836 1838/1838/1838 1839/1839/1839
f 1836/1836/1836 1839/1839/1839 1840/1840/1840
f 1831/1831/1831 1836/1836/1836 1840/1840/1840
f 1831/1831/1831 1840/1840/1840 1832/1832/1832
f 1841/1841/1841 1842/1842/1842 1843/1843/1843
f 1841/1841/1841 1843/1843/1843 1844/1844/1844
f 1842/1842/1842 1826/1826/1826 1829/1829/1829
f 1842/1842/1842 1829/1829/1829 1843/1843/1843
f 1843/1843/1843 1829/1829/1829 1834/1834/1834
f 1843/1843/1843 1834/1834/1834 1845/1845/1845
f 1844/1844/1844 1843/1843/1843 1845/1845/1845
f 1844/1844/1844 1845/1845/1845 1846/1846/1846
f 1847/1847/1847 1848/1848/1848 1849/1849/1849
f 1847/1847/1847 1849/1849/1849 1850/1850/1850
f 1848/1848/1848 1851/1851/1851 1852/1852/1852
f 1848/1848/1848 1852/1852/1852 1849/1849/1849
f 1849/1849/1849 1852/1852/1852 1853/1853/1853
f 1849/1849/1849 1853/1853/1853 1854/1854/1854
f 1850/1850/1850 1849/1849/1849 1854/1854/1854
f 1850/1850/1850 1854/1854/1854 1855/1855/1855
f 1851/1851/1851 1856/1856/1856 1857/1857/1857
f 1851/1851/1851 1857/1857/1857 1852/1852/1852
f 1856/1856/1856 1858/1858/1858 1859/1859/1859
f 1856/1856/1856 1859/1859/1859 1857/1857/1857
f 1857/1857/1857 1859/1859/1859 1860/1860/1860
f 1857/1857/1857 1860/1860/1860 1861/1861/1861
f 1852/1852/1852 1857/1857/1857 1861/1861/1861
f 1852/1852/1852 1861/1861/1861 1853/1853/1853
f 1862/1862/1862 1863/1863/1863 1864/1864/1864
f 1862/1862/1862 1864/1864/1864 1865/1865/1865
f 1863/1863/1863 1847/1847/1847 1850/1850/1850
f 1863/1863/1863 1850/1850/1850 1864/1864/1864
f 1864/1864/1864 1850/1850/1850 1855/1855/1855
f 1864/1864/1864 1855/1855/1855 1866/1866/1866
f 1865/1865/1865 1864/1864/1864 1866/1866/1866
f 1865/1865/1865 1866/1866/1866 1867/1867/1867
f 1837/1837/1837 1868/1868/1868 1869/1869/1869
f 1837/1837/1837 1869/1869/1869 1838/1838/1838
f 1868/1868/1868 1870/1870/1870 1871/1871/1871
f 1868/1868/1868 1871/1871/1871 1869/1869/1869
f 1869/1869/1869 1871/1871/1871 1872/1872/1872
f 1869/1869/1869 1872/1872/1872 1873/1873/1873
f 1838/1838/1838 1869/1869/1869 1873/1873/1873
f 1838/1838/1838 1873/1873/1873 1839/1839/1839
f 1874/1874/1874 1875/1875/1875 1876/1876/1876
f 1874/1874/1874 1876/1876/1876 1877/1877/1877
f 1875/1875/1875 1841/1841/1841 1844/1844/1844
f 1875/1875/1875 1844/1844/1844 1876/1876/1876
f 1876/1876/1876 1844/1844/1844 1846/1846/1846
f 1876/1876/1876 1846/1846/1846 1878/1878/1878
f 1877/1877/1877 1876/1876/1876 1878/1878/1878
f 1877/1877/1877 1878/1878/1878 1879/1879/1879
f 1858/1858/1858 1880/1880/1880 1881/1881/1881
f 1858/1858/1858 1881/1881/1881 1859/1859/1859
f 1880/1880/1880 1882/1882/1882 1883/1883/1883
f 1880/1880/1880 1883/1883/1883 1881/1881/1881
f 1881/1881/1881 1883/1883/1883 1884/1884/1884
f 1881/1881/1881 1884/1884/1884 1885/1885/1885
f 1859/1859/1859 1881/1881/1881 1885/1885/1885
f 1859/1859/1859 1885/1885/1885 1860/1860/1860
f 1886/1886/1886 1887/1887/1887 1888/1888/1888
f 1886/1886/1886 1888/1888/1888 1889/1889/1889
f 1887/1887/1887 1862/1862/1862 1865/1865/1865
f 1887/1887/1887 1865/1865/1865 1888/1888/1888
f 1888/1888/1888 1865/1865/1865 1867/1867/1867
f 1888/1888/1888 1867/1867/1867 1890/1890/1890
f 1889/1889/1889 1888/1888/1888 1890/1890/1890
f 1889/1889/1889 1890/1890/1890 1891/1891/1891
f 1870/1870/1870 1892/1892/1892 1893/1893/1893
f 1870/1870/1870 1893/1893/1893 1871/1871/1871
f 1892/1892/1892 1894/1894/1894 1895/1895/1895
f 1892/1892/1892 1895/1895/1895 1893/1893/1893
f 1893/1893/1893 1895/1895/1895 1896/1896/1896
f 1893/1893/1893 1896/1896/1896 1897/1897/1897
f 1871/1871/1871 1893/1893/1893 1897/1897/1897
f 1871/1871/1871 1897/1897/1897 1872/1872/1872
f 1898/1898/1898 1899/1899/1899 1900/1900/1900
f 1898/1898/1898 1900/1900/1900 1901/1901/1901
f 1899/1899/1899 1874/1874/1874 1877/1877/1877
f 1899/1899/1899 1877/1877/1877 1900/1900/1900
f 1900/1900/1900 1877/1877/1877 1879/1879/1879
f 1900/1900/1900 1879/1879/1879 1902/1902/1902
f 1901/1901/1901 1900/1900/1900 1902/1902/1902
f 1901/1901/1901 1902/1902/1902 1903/1903/1903
f 1882/1882/1882 1904/1904/1904 1905/1905/1905
f 1882/1882/1882 1905/1905/1905 1883/1883/1883
f 1904/1904/1904 1906/1906/1906 1907/1907/1907
f 1904/1904/1904 1907/1907/1907 1905/1905/1905
f 1905/1905/1905 1907/1907/1907 1908/1908/1908
f 1905/1905/1905 1908/1908/1908 1909/1909/1909
f 1883/1883/1883 1905/1905/1905 1909/1909/1909
f 1883/1883/1883 1909/1909/1909 1884/1884/1884
f 1910/1910/1910 1911/1911/1911 1912/1912/1912
f 1910/1910/1910 1912/1912/1912 1913/1913/1913
f 1911/1911/1911 1886/1886/1886 1889/1889/1889
f 1911/1911/1911 1889/1889/1889 1912/1912/1912
f 1912/1912/1912 1889/1889/1889 1891/1891/1891
f 1912/1912/1912 1891/1891/1891 1914/1914/1914
f 1913/1913/1913 1912/1912/1912 1914/1914/1914
f 1913/1913/1913 1914/1914/1914 1915/1915/1915
f 1894/1894/1894 1916/1916/1916 1917/1917/1917
f 1894/1894/1894 1917/1917/1917 1895/1895/1895
f 1916/1916/1916 1918/1918/1918 1919/1919/1919
f 1916/1916/1916 1919/1919/1919 1917/1917/1917
f 1917/1917/1917 1919/1919/1919 1920/1920/1920
f 1917/1917/1917 1920/1920/1920 1921/1921/1921
f 1895/1895/1895 1917/1917/1917 1921/1921/1921
f 1895/1895/1895 1921/1921/1921 1896/1896/1896
f 1922/1922/1922 1923/1923/1923 1924/1924/1924
f 1922/1922/1922 1924/1924/1924 1925/1925/1925
f 1923/1923/1923 1898/1898/1898 1901/1901/1901
f 1923/1923/1923 1901/1901/1901 1924/1924/1924
f 1924/1924/1924 1901/1901/1901 1903/1903/1903
f 1924/1924/1924 1903/1903/1903 1926/1926/1926
f 1925/1925/1925 1924/1924/1924 1926/1926/1926
f 1925/1925/1925 1926/1926/1926 1927/1927/1927
f 1906/1906/1906 1928/1928/1928 1929/1929/1929
f 1906/1906/1906 1929/1929/1929 1907/1907/1907
f 1928/1928/1928 1930/1930/1930 1931/1931/1931
f 1928/1928/1928 1931/1931/1931 1929/1929/1929
f 1929/1929/1929 1931/1931/1931 1932/1932/1932
f 1929/1929/1929 1932/1932/1932 1933/1933/1933
f 1907/1907/1907 1929/1929/1929 1933/1933/1933
f 1907/1907/1907 1933/1933/1933 1908/1908/1908
f 1934/1934/1934 1935/1935/1935 1936/1936/1936
f 1934/1934/1934 1936/1936/1936 1937/1937/1937
f 1935/1935/1935 1910/1910/1910 1913/1913/1913
f 1935/1935/1935 1913/1913/1913 1936/1936/1936
f 1936/1936/1936 1913/1913/1913 1915/1915/1915
f 1936/1936/1936 1915/1915/1915 1938/1938/1938
f 1937/1937/1937 1936/1936/1936 1938/1938/1938
f 1937/1937/1937 1938/1938/1938 1939/1939/1939
f 1918/1918/1918 1940/1940/1940 1941/1941/1941
f 1918/1918/1918 1941/1941/1941 1919/1919/1919
f 1940/1940/1940 1942/1942/1942 1943/1943/1943
f 1940/1940/1940 1943/1943/1943 1941/1941/1941
f 1941/1941/1941 1943/1943/1943 1944/1944/1944
f 1941/1941/1941 1944/1944/1944 1945/1945/1945
f 1919/1919/1919 1941/1941/1941 1945/1945/1945
f 1919/1919/1919 1945/1945/1945 1920/1920/1920
f 1946/1946/1946 1947/1947/1947 1948/1948/1948
f 1946/1946/1946 1948/1948/1948 1949/1949/1949
f 1947/1947/1947 1922/1922/1922 1925/1925/1925
f 1947/1947/1947 1925/1925/1925 1948/1948/1948
f 1948/1948/1948 1925/1925/1925 1927/1927/1927
f 1948/1948/1948 1927/1927/1927 1950/1950/1950
f 1949/1949/1949 1948/1948/1948 1950/1950/1950
f 1949/1949/1949 1950/1950/1950 1951/1951/1951
f 1930/1930/1930 1952/1952/1952 1953/1953/1953
f 1930/1930/1930 1953/1953/1953 1931/1931/1931
f 1952/1952/1952 1954/1954/1954 1955/1955/1955
f 1952/1952/1952 1955/1955/1955 1953/1953/1953
f 1953/1953/1953 1955/1955/1955 1956/1956/1956
f 1953/1953/1953 1956/1956/1956 1957/1957/1957
f 1931/1931/1931 1953/1953/1953 1957/1957/1957
f 1931/1931/1931 1957/1957/1957 1932/1932/1932
f 1958/1958/1958 1959/1959/1959 1960/1960/1960
f 1958/1958/1958 1960/1960/1960 1961/1961/1961
f 1959/1959/1959 1934/1934/1934 1937/1937/1937
f 1959/1959/1959 1937/1937/1937 1960/1960/1960
f 1960/1960/1960 1937/1937/1937 1939/1939/1939
f 1960/1960/1960 1939/1939/1939 1962/1962/1962
f 1961/1961/1961 1960/1960/1960 1962/1962/1962
f 1961/1961/1961 1962/1962/1962 1963/1963/1963
f 1942/1942/1942 1964/1964/1964 1965/1965/1965
f 1942/1942/1942 1965/1965/1965 1943/1943/1943
f 1964/1964/1964 1966/1966/1966 1967/1967/1967
f 1964/1964/1964 1967/1967/1967 1965/1965/1965
f 1965/1965/1965 1967/1967/1967 1968/1968/1968
f 1965/1965/1965 1968/1968/1968 1969/1969/1969
f 1943/1943/1943 1965/1965/1965 1969/1969/1969
f 1943/1943/1943 1969/1969/1969 1944/1944/1944
f 1970/1970/1970 1971/1971/1971 1972/1972/1972
f 1970/1970/1970 1972/1972/1972 1973/1973/1973
f 1971/1971/1971 1946/1946/1946 1949/1949/1949
f 1971/1971/1971 1949/1949/1949 1972/1972/1972
f 1972/1972/1972 1949/1949/1949 1951/1951/1951
f 1972/1972/1972 1951/1951/1951 1974/1974/1974
f 1973/1973/1973 1972/1972/1972 1974/1974/1974
f 1973/1973/1973 1974/1974/1974 1975/1975/1975
f 1954/1954/1954 1976/1976/1976 1977/1977/1977
f 1954/1954/1954 1977/1977/1977 1955/1955/1955
f 1976/1976/1976 1978/1978/1978 1979/1979/1979
f 1976/1976/1976 1979/1979/1979 1977/1977/1977
f 1977/1977/1977 1979/1979/1979 1980/1980/1980
f 1977/1977/1977 1980/1980/1980 1981/1981/1981
f 1955/1955/1955 1977/1977/1977 1981/1981/1981
f 1955/1955/1955 1981/1981/1981 1956/1956/1956
f 1982/1982/1982 1983/1983/1983 1984/1984/1984
f 1982/1982/1982 1984/1984/1984 1985/1985/1985
f 1983/1983/1983 1958/1958/1958 1961/1961/1961
f 1983/1983/1983 1961/1961/1961 1984/1984/1984
f 1984/1984/1984 1961/1961/1961 1963/1963/1963
f 1984/1984/1984 1963/1963/1963 1986/1986/1986
f 1985/1985/1985 1984/1984/1984 1986/1986/1986
f 1985/1985/1985 1986/1986/1986 1987/1987/1987
f 1966/1966/1966 1988/1988/1988 1989/1989/1989
f 1966/1966/1966 1989/1989/1989 1967/1967/1967
f 1988/1988/1988 1990/1990/1990 1991/1991/1991
f 1988/1988/1988 1991/1991/1991 1989/1989/1989
f 1989/1989/1989 1991/1991/1991 1992/1992/1992
f 1989/1989/1989 1992/1992/1992 1993/1993/1993
f 1967/1967/1967 1989/1989/1989 1993/1993/1993
f 1967/1967/1967 1993/1993/1993 1968/1968/1968
f 1994/1994/1994 1995/1995/1995 1996/1996/1996
f 1994/1994/1994 1996/1996/1996 1997/1997/1997
f 1995/1995/1995 1970/1970/1970 1973/1973/1973
f 1995/1995/1995 1973/1973/1973 1996/1996/1996
f 1996/1996/1996 1973/1973/1973 1975/1975/1975
f 1996/1996/1996 1975/1975/1975 1998/1998/1998
f 1997/1997/1997 1996/1996/1996 1998/1998/1998
f 1997/1997/1997 1998/1998/1998 1999/1999/1999
f 1978/1978/1978 2000/2000/2000 2001/2001/2001
f 1978/1978/1978 2001/2001/2001 1979/1979/1979
f 2000/2000/2000 2002/2002/2002 2003/2003/2003
f 2000/2000/2000 2003/2003/2003 2001/2001/2001
f 2001/2001/2001 2003/2003/2003 2004/2004/2004
f 2001/2001/2001 2004/2004/2004 2005/2005/2005
f 1979/1979/1979 2001/2001/2001 2005/2005/2005
f 1979/1979/1979 2005/2005/2005 1980/1980/1980
f 2006/2006/2006 2007/2007/2007 2008/2008/2008
f 2006/2006/2006 2008/2008/2008 2009/2009/2009
f 2007/2007/2007 1982/1982/1982 1985/1985/1985
f 2007/2007/2007 1985/1985/1985 2008/2008/2008
f 2008/2008/2008 1985/1985/1985 1987/1987/1987
f 2008/2008/2008 1987/1987/1987 2010/2010/2010
f 2009/2009/2009 2008/2008/2008 2010/2010/2010
f 2009/2009/2009 2010/2010/2010 2011/2011/2011
f 1990/1990/1990 2012/2012/2012 2013/2013/2013
f 1990/1990/1990 2013/2013/2013 1991/1991/1991
f 2012/2012/2012 2014/2014/2014 2015/2015/2015
f 2012/2012/2012 2015/2015/2015 2013/2013/2013
f 2013/2013/2013 2015/2015/2015 2016/2016/2016
f 2013/2013/2013 2016/2016/2016 2017/2017/2017
f 1991/1991/1991 2013/2013/2013 2017/2017/2017
f 1991/1991/1991 2017/2017/2017 1992/1992/1992
f 2018/2018/2018 2019/2019/2019 2020/2020/2020
f 2018/2018/2018 2020/2020/2020 2021/2021/2021
f 2019/2019/2019 1994/1994/1994 1997/1997/1997
f 2019/2019/2019 1997/1997/1997 2020/2020/2020
f 2020/2020/2020 1997/1997/1997 1999/1999/1999
f 2020/2020/2020 1999/1999/1999 2022/2022/2022
f 2021/2021/2021 2020/2020/2020 2022/2022/2022
f 2021/2021/2021 2022/2022/2022 2023/2023/2023
f 2002/2002/2002 2024/2024/2024 2025/2025/2025
f 2002/2002/2002 2025/2025/2025 2003/2003/2003
f 2024/2024/2024 2026/2026/2026 2027/2027/2027
f 2024/2024/2024 2027/2027/2027 2025/2025/2025
f 2025/2025/2025 2027/2027/2027 2028/2028/2028
f 2025/2025/2025 2028/2028/2028 2029/2029/2029
f 2003/2003/2003 2025/2025/2025 2029/2029/2029
f 2003/2003/2003 2029/2029/2029 2004/2004/2004
f 2030/2030/2030 2031/2031/2031 2032/2032/2032
f 2030/2030/2030 2032/2032/2032 2033/2033/2033
f 2031/2031/2031 2006/2006/2006 2009/2009/2009
f 2031/2031/2031 2009/2009/2009 2032/2032/2032
f 2032/2032/2032 2009/2009/2009 2011/2011/2011
f 2032/2032/2032 2011/2011/2011 2034/2034/2034
f 2033/2033/2033 2032/2032/2032 2034/2034/2034
f 2033/2033/2033 2034/2034/2034 2035/2035/2035
f 2014/2014/2014 2036/2036/2036 2037/2037/2037
f 2014/2014/2014 2037/2037/2037 2015/2015/2015
f 2036/2036/2036 2038/2038/2038 2039/2039/2039
f 2036/2036/2036 2039/2039/2039 2037/2037/2037
f 2037/2037/2037 2039/2039/2039 2040/2040/2040
f 2037/2037/2037 2040/2040/2040 2041/2041/2041
f 2015/2015/2015 2037/2037/2037 2041/2041/2041
f 2015/2015/2015 2041/2041/2041 2016/2016/2016
f 2042/2042/2042 2043/2043/2043 2044/2044/2044
f 2042/2042/2042 2044/2044/2044 2045/2045/2045
f 2043/2043/2043 2018/2018/2018 2021/2021/2021
f 2043/2043/2043 2021/2021/2021 2044/2044/2044
f 2044/2044/2044 2021/2021/2021 2023/2023/2023
f 2044/2044/2044 2023/2023/2023 2046/2046/2046
f 2045/2045/2045 2044/2044/2044 2046/2046/2046
f 2045/2045/2045 2046/2046/2046 2047/2047/2047
f 2026/2026/2026 2048/2048/2048 2049/2049/2049
f 2026/2026/2026 2049/2049/2049 2027/2027/2027
f 2048/2048/2048 2050/2050/2050 2051/2051/2051
f 2048/2048/2048 2051/2051/2051 2049/2049/2049
f 2049/2049/2049 2051/2051/2051 2052/2052/2052
f 2049/2049/2049 2052/2052/2052 2053/2053/2053
f 2027/2027/2027 2049/2049/2049 2053/2053/2053
f 2027/2027/2027 2053/2053/2053 2028/2028/2028
f 2054/2054/2054 2055/2055/2055 2056/2056/2056
f 2054/2054/2054 2056/2056/2056 2057/2057/2057
f 2055/2055/2055 2030/2030/2030 2033/2033/2033
f 2055/2055/2055 2033/2033/2033 2056/2056/2056
f 2056/2056/2056 2033/2033/2033 2035/2035/2035
f 2056/2056/2056 2035/2035/2035 2058/2058/2058
f 2057/2057/2057 2056/2056/2056 2058/2058/2058
f 2057/2057/2057 2058/2058/2058 2059/2059/2059
f 2038/2038/2038 2060/2060/2060 2061/2061/2061
f 2038/2038/2038 2061/2061/2061 2039/2039/2039
f 2060/2060/2060 2062/2062/2062 2063/2063/2063
f 2060/2060/2060 2063/2063/2063 2061/2061/2061
f 2061/2061/2061 2063/2063/2063 2064/2064/2064
f 2061/2061/2061 2064/2064/2064 2065/2065/2065
f 2039/2039/2039 2061/2061/2061 2065/2065/2065
f 2039/2039/2039 2065/2065/2065 2040/2040/2040
f 2066/2066/2066 2067/2067/2067 2068/2068/2068
f 2066/2066/2066 2068/2068/2068 2069/2069/2069
f 2067/2067/2067 2042/2042/2042 2045/2045/2045
f 2067/2067/2067 2045/2045/2045 2068/2068/2068
f 2068/2068/2068 2045/2045/2045 2047/2047/2047
f 2068/2068/2068 2047/2047/2047 2070/2070/2070
f 2069/2069/2069 2068/2068/2068 2070/2070/2070
f 2069/2069/2069 2070/2070/2070 2071/2071/2071
f 2050/2050/2050 2072/2072/2072 2073/2073/2073
f 2050/2050/2050 2073/2073/2073 2051/2051/2051
f 2072/2072/2072 2074/2074/2074 2075/2075/2075
f 2072/2072/2072 2075/2075/2075 2073/2073/2073
f 2073/2073/2073 2075/2075/2075 2076/2076/2076
f 2073/2073/2073 2076/2076/2076 2077/2077/2077
f 2051/2051/2051 2073/2073/2073 2077/2077/2077
f 2051/2051/2051 2077/2077/2077 2052/2052/2052
f 2078/2078/2078 2079/2079/2079 2080/2080/2080
f 2078/2078/2078 2080/2080/2080 2081/2081/2081
f 2079/2079/2079 2054/2054/2054 2057/2057/2057
f 2079/2079/2079 2057/2057/2057 2080/2080/2080
f 2080/2080/2080 2057/2057/2057 2059/2059/2059
f 2080/2080/2080 2059/2059/2059 2082/2082/2082
f 2081/2081/2081 2080/2080/2080 2082/2082/2082
f 2081/2081/2081 2082/2082/2082 2083/2083/2083
f 2084/2084/2084 2085/2085/2085 2086/2086/2086
f 2084/2084/2084 2086/2086/2086 2087/2087/2087
f 2085/2085/2085 2088/2088/2088 2089/2089/2089
f 2085/2085/2085 2089/2089/2089 2086/2086/2086
f 2086/2086/2086 2089/2089/2089 2090/2090/2090
f 2086/2086/2086 2090/2090/2090 2091/2091/2091
f 2087/2087/2087 2086/2086/2086 2091/2091/2091
f 2087/2087/2087 2091/2091/2091 2092/2092/2092
f 2093/2093/2093 2094/2094/2094 2095/2095/2095
f 2093/2093/2093 2095/2095/2095 2096/2096/2096
f 2094/2094/2094 2097/2097/2097 2098/2098/2098
f 2094/2094/2094 2098/2098/2098 2095/2095/2095
f 2095/2095/2095 2098/2098/2098 2099/2099/2099
f 2095/2095/2095 2099/2099/2099 2100/2100/2100
f 2096/2096/2096 2095/2095/2095 2100/2100/2100
f 2096/2096/2096 2100/2100/2100 2101/2101/2101
f 2102/2102/2102 2103/2103/2103 2104/2104/2104
f 2102/2102/2102 2104/2104/2104 2105/2105/2105
f 2103/2103/2103 2106/2106/2106 2107/2107/2107
f 2103/2103/2103 2107/2107/2107 2104/2104/2104
f 2104/2104/2104 2107/2107/2107 2108/2108/2108
f 2104/2104/2104 2108/2108/2108 2109/2109/2109
f 2105/2105/2105 2104/2104/2104 2109/2109/2109
f 2105/2105/2105 2109/2109/2109 2110/2110/2110
f 2111/2111/2111 2112/2112/2112 2113/2113/2113
f 2111/2111/2111 2113/2113/2113 2114/2114/2114
f 2112/2112/2112 2115/2115/2115 2116/2116/2116
f 2112/2112/2112 2116/2116/2116 2113/2113/2113
f 2113/2113/2113 2116/2116/2116 2117/2117/2117
f 2113/2113/2113 2117/2117/2117 2118/2118/2118
f 2114/2114/2114 2113/2113/2113 2118/2118/2118
f 2114/2114/2114 2118/2118/2118 2119/2119/2119
f 2120/2120/2120 2121/2121/2121 2122/2122/2122
f 2120/2120/2120 2122/2122/2122 2123/2123/2123
f 2121/2121/2121 2124/2124/2124 2125/2125/2125
f 2121/2121/2121 2125/2125/2125 2122/2122/2122
f 2122/2122/2122 2125/2125/2125 2126/2126/2126
f 2122/2122/2122 2126/2126/2126 2127/2127/2127
f 2123/2123/2123 2122/2122/2122 2127/2127/2127
f 2123/2123/2123 2127/2127/2127 2128/2128/2128
f 2124/2124/2124 2129/2129/2129 2130/2130/2130
f 2124/2124/2124 2130/2130/2130 2125/2125/2125
f 2129/2129/2129 2131/2131/2131 2132/2132/2132
f 2129/2129/2129 2132/2132/2132 2130/2130/2130
f 2130/2130/2130 2132/2132/2132 2133/2133/2133
f 2130/2130/2130 2133/2133/2133 2134/2134/2134
f 2125/2125/2125 2130/2130/2130 2134/2134/2134
f 2125/2125/2125 2134/2134/2134 2126/2126/2126
f 2131/2131/2131 2135/2135/2135 2136/2136/2136
f 2131/2131/2131 2136/2136/2136 2132/2132/2132
f 2135/2135/2135 2137/2137/2137 2138/2138/2138
f 2135/2135/2135 2138/2138/2138 2136/2136/2136
f 2136/2136/2136 2138/2138/2138 2139/2139/2139
f 2136/2136/2136 2139/2139/2139 2140/2140/2140
f 2132/2132/2132 2136/2136/2136 2140/2140/2140
f 2132/2132/2132 2140/2140/2140 2133/2133/2133
f 2141/2141/2141 2142/2142/2142 2143/2143/2143
f 2141/2141/2141 2143/2143/2143 2144/2144/2144
f 2142/2142/2142 2120/2120/2120 2123/2123/2123
f 2142/2142/2142 2123/2123/2123 2143/2143/2143
f 2143/2143/2143 2123/2123/2123 2128/2128/2128
f 2143/2143/2143 2128/2128/2128 2145/2145/2145
f 2144/2144/2144 2143/2143/2143 2145/2145/2145
f 2144/2144/2144 2145/2145/2145 2146/2146/2146
f 2137/2137/2137 2147/2147/2147 2148/2148/2148
f 2137/2137/2137 2148/2148/2148 2138/2138/2138
f 2147/2147/2147 2149/2149/2149 2150/2150/2150
f 2147/2147/2147 2150/2150/2150 2148/2148/2148
f 2148/2148/2148 2150/2150/2150 2151/2151/2151
f 2148/2148/2148 2151/2151/2151 2152/2152/2152
f 2138/2138/2138 2148/2148/2148 2152/2152/2152
f 2138/2138/2138 2152/2152/2152 2139/2139/2139
f 2153/2153/2153 2154/2154/2154 2155/2155/2155
f 2153/2153/2153 2155/2155/2155 2156/2156/2156
f 2154/2154/2154 2141/2141/2141 2144/2144/2144
f 2154/2154/2154 2144/2144/2144 2155/2155/2155
f 2155/2155/2155 2144/2144/2144 2146/2146/2146
f 2155/2155/2155 2146/2146/2146 2157/2157/2157
f 2156/2156/2156 2155/2155/2155 2157/2157/2157
f 2156/2156/2156 2157/2157/2157 2158/2158/2158
f 2149/2149/2149 2159/2159/2159 2160/2160/2160
f 2149/2149/2149 2160/2160/2160 2150/2150/2150
f 2159/2159/2159 2161/2161/2161 2162/2162/2162
f 2159/2159/2159 2162/2162/2162 2160/2160/2160
f 2160/2160/2160 2162/2162/2162 2163/2163/2163
f 2160/2160/2160 2163/2163/2163 2164/2164/2164
f 2150/2150/2150 2160/2160/2160 2164/2164/2164
f 2150/2150/2150 2164/2164/2164 2151/2151/2151
f 2165/2165/2165 2166/2166/2166 2167/2167/2167
f 2165/2165/2165 2167/2167/2167 2168/2168/2168
f 2166/2166/2166 2153/2153/2153 2156/2156/2156
f 2166/2166/2166 2156/2156/2156 2167/2167/2167
f 2167/2167/2167 2156/2156/2156 2158/2158/2158
f 2167/2167/2167 2158/2158/2158 2169/2169/2169
f 2168/2168/2168 2167/2167/2167 2169/2169/2169
f 2168/2168/2168 2169/2169/2169 2170/2170/2170
f 2161/2161/2161 2171/2171/2171 2172/2172/2172
f 2161/2161/2161 2172/2172/2172 2162/2162/2162
f 2171/2171/2171 2173/2173/2173 2174/2174/2174
f 2171/2171/2171 2174/2174/2174 2172/2172/2172
f 2172/2172/2172 2174/2174/2174 2175/2175/2175
f 2172/2172/2172 2175/2175/2175 2176/2176/2176
f 2162/2162/2162 2172/2172/2172 2176/2176/2176
f 2162/2162/2162 2176/2176/2176 2163/2163/2163
f 2177/2177/2177 2178/2178/2178 2179/2179/2179
f 2177/2177/2177 2179/2179/2179 2180/2180/2180
f 2178/2178/2178 2165/2165/2165 2168/2168/2168
f 2178/2178/2178 2168/2168/2168 2179/2179/2179
f 2179/2179/2179 2168/2168/2168 2170/2170/2170
f 2179/2179/2179 2170/2170/2170 2181/2181/2181
f 2180/2180/2180 2179/2179/2179 2181/2181/2181
f 2180/2180/2180 2181/2181/2181 2182/2182/2182
f 2173/2173/2173 2183/2183/2183 2184/2184/2184
f 2173/2173/2173 2184/2184/2184 2174/2174/2174
f 2183/2183/2183 2185/2185/2185 2186/2186/2186
f 2183/2183/2183 2186/2186/2186 2184/2184/2184
f 2184/2184/2184 2186/2186/2186 2187/2187/2187
f 2184/2184/2184 2187/2187/2187 2188/2188/2188
f 2174/2174/2174 2184/2184/2184 2188/2188/2188
f 2174/2174/2174 2188/2188/2188 2175/2175/2175
f 2189/2189/2189 2190/2190/2190 2191/2191/2191
f 2189/2189/2189 2191/2191/2191 2192/2192/2192
f 2190/2190/2190 2177/2177/2177 2180/2180/2180
f 2190/2190/2190 2180/2180/2180 2191/2191/2191
f 2191/2191/2191 2180/2180/2180 2182/2182/2182
f 2191/2191/2191 2182/2182/2182 2193/2193/2193
f 2192/2192/2192 2191/2191/2191 2193/2193/2193
f 2192/2192/2192 2193/2193/2193 2194/2194/2194
f 2185/2185/2185 2195/2195/2195 2196/2196/2196
f 2185/2185/2185 2196/2196/2196 2186/2186/2186
f 2195/2195/2195 2197/2197/2197 2198/2198/2198
f 2195/2195/2195 2198/2198/2198 2196/2196/2196
f 2196/2196/2196 2198/2198/2198 2199/2199/2199
f 2196/2196/2196 2199/2199/2199 2200/2200/2200
f 2186/2186/2186 2196/2196/2196 2200/2200/2200
f 2186/2186/2186 2200/2200/2200 2187/2187/2187
f 2201/2201/2201 2202/2202/2202 2203/2203/2203
f 2201/2201/2201 2203/2203/2203 2204/2204/2204
f 2202/2202/2202 2189/2189/2189 2192/2192/2192
f 2202/2202/2202 2192/2192/2192 2203/2203/2203
f 2203/2203/2203 2192/2192/2192 2194/2194/2194
f 2203/2203/2203 2194/2194/2194 2205/2205/2205
f 2204/2204/2204 2203/2203/2203 2205/2205/2205
f 2204/2204/2204 2205/2205/2205 2206/2206/2206
f 2197/2197/2197 2207/2207/2207 2208/2208/2208
f 2197/2197/2197 2208/2208/2208 2198/2198/2198
f 2207/2207/2207 2209/2209/2209 2210/2210/2210
f 2207/2207/2207 2210/2210/2210 2208/2208/2208
f 2208/2208/2208 2210/2210/2210 2211/2211/2211
f 2208/2208/2208 2211/2211/2211 2212/2212/2212
f 2198/2198/2198 2208/2208/2208 2212/2212/2212
f 2198/2198/2198 2212/2212/2212 2199/2199/2199
f 2213/2213/2213 2214/2214/2214 2215/2215/2215
f 2213/2213/2213 2215/2215/2215 2216/2216/2216
f 2214/2214/2214 2201/2201/2201 2204/2204/2204
f 2214/2214/2214 2204/2204/2204 2215/2215/2215
f 2215/2215/2215 2204/2204/2204 2206/2206/2206
f 2215/2215/2215 2206/2206/2206 2217/2217/2217
f 2216/2216/2216 2215/2215/2215 2217/2217/2217
f 2216/2216/2216 2217/2217/2217 2218/2218/2218
f 2209/2209/2209 2219/2219/2219 2220/2220/2220
f 2209/2209/2209 2220/2220/2220 2210/2210/2210
f 2219/2219/2219 2221/2221/2221 2222/2222/2222
f 2219/2219/2219 2222/2222/2222 2220/2220/2220
f 2220/2220/2220 2222/2222/2222 2223/2223/2223
f 2220/2220/2220 2223/2223/2223 2224/2224/2224
f 2210/2210/2210 2220/2220/2220 2224/2224/2224
f 2210/2210/2210 2224/2224/2224 2211/2211/2211
f 2225/2225/2225 2226/2226/2226 2227/2227/2227
f 2225/2225/2225 2227/2227/2227 2228/2228/2228
f 2226/2226/2226 2213/2213/2213 2216/2216/2216
f 2226/2226/2226 2216/2216/2216 2227/2227/2227
f 2227/2227/2227 2216/2216/2216 2218/2218/2218
f 2227/2227/2227 2218/2218/2218 2229/2229/2229
f 2228/2228/2228 2227/2227/2227 2229/2229/2229
f 2228/2228/2228 2229/2229/2229 2230/2230/2230
f 2221/2221/2221 2231/2231/2231 2232/2232/2232
f 2221/2221/2221 2232/2232/2232 2222/2222/2222
f 2231/2231/2231 2233/2233/2233 2234/2234/2234
f 2231/2231/2231 2234/2234/2234 2232/2232/2232
f 2232/2232/2232 2234/2234/2234 2235/2235/2235
f 2232/2232/2232 2235/2235/2235 2236/2236/2236
f 2222/2222/2222 2232/2232/2232 2236/2236/2236
f 2222/2222/2222 2236/2236/2236 2223/2223/2223
f 2237/2237/2237 2238/2238/2238 2239/2239/2239
f 2237/2237/2237 2239/2239/2239 2240/2240/2240
f 2238/2238/2238 2225/2225/2225 2228/2228/2228
f 2238/2238/2238 2228/2228/2228 2239/2239/2239
f 2239/2239/2239 2228/2228/2228 2230/2230/2230
f 2239/2239/2239 2230/2230/2230 2241/2241/2241
f 2240/2240/2240 2239/2239/2239 2241/2241/2241
f 2240/2240/2240 2241/2241/2241 2242/2242/2242
f 2233/2233/2233 2243/2243/2243 2244/2244/2244
f 2233/2233/2233 2244/2244/2244 2234/2234/2234
f 2243/2243/2243 2245/2245/2245 2246/2246/2246
f 2243/2243/2243 2246/2246/2246 2244/2244/2244
f 2244/2244/2244 2246/2246/2246 2247/2247/2247
f 2244/2244/2244 2247/2247/2247 2248/2248/2248
f 2234/2234/2234 2244/2244/2244 2248/2248/2248
f 2234/2234/2234 2248/2248/2248 2235/2235/2235
f 2249/2249/2249 2250/2250/2250 2251/2251/2251
f 2249/2249/2249 2251/2251/2251 2252/2252/2252
f 2250/2250/2250 2253/2253/2253 2254/2254/2254
f 2250/2250/2250 2254/2254/2254 2251/2251/2251
f 2251/2251/2251 2254/2254/2254 2255/2255/2255
f 2251/2251/2251 2255/2255/2255 2256/2256/2256
f 2252/2252/2252 2251/2251/2251 2256/2256/2256
f 2252/2252/2252 2256/2256/2256 2257/2257/2257
f 2258/2258/2258 2259/2259/2259 2260/2260/2260
f 2258/2258/2258 2260/2260/2260 2261/2261/2261
f 2259/2259/2259 2262/2262/2262 2263/2263/2263
f 2259/2259/2259 2263/2263/2263 2260/2260/2260
f 2260/2260/2260 2263/2263/2263 2264/2264/2264
f 2260/2260/2260 2264/2264/2264 2265/2265/2265
f 2261/2261/2261 2260/2260/2260 2265/2265/2265
f 2261/2261/2261 2265/2265/2265 2266/2266/2266
f 2267/2267/2267 2268/2268/2268 2269/2269/2269
f 2267/2267/2267 2269/2269/2269 2270/2270/2270
f 2268/2268/2268 2249/2249/2249 2252/2252/2252
f 2268/2268/2268 2252/2252/2252 2269/2269/2269
f 2269/2269/2269 2252/2252/2252 2257/2257/2257
f 2269/2269/2269 2257/2257/2257 2271/2271/2271
f 2270/2270/2270 2269/2269/2269 2271/2271/2271
f 2270/2270/2270 2271/2271/2271 2272/2272/2272
f 2273/2273/2273 2274/2274/2274 2275/2275/2275
f 2273/2273/2273 2275/2275/2275 2276/2276/2276
f 2274/2274/2274 2277/2277/2277 2278/2278/2278
f 2274/2274/2274 2278/2278/2278 2275/2275/2275
f 2275/2275/2275 2278/2278/2278 1645/1645/1645
f 2275/2275/2275 1645/1645/1645 1644/1644/1644
f 2276/2276/2276 2275/2275/2275 1644/1644/1644
f 2276/2276/2276 1644/1644/1644 1643/1643/1643
f 2279/2279/2279 2280/2280/2280 2281/2281/2281
f 2279/2279/2279 2281/2281/2281 2282/2282/2282
f 2280/2280/2280 2273/2273/2273 2276/2276/2276
f 2280/2280/2280 2276/2276/2276 2281/2281/2281
f 2281/2281/2281 2276/2276/2276 1643/1643/1643
f 2281/2281/2281 1643/1643/1643 1647/1647/1647
f 2282/2282/2282 2281/2281/2281 1647/1647/1647
f 2282/2282/2282 1647/1647/1647 1646/1646/1646
f 2264/2264/2264 2283/2283/2283 2284/2284/2284
f 2264/2264/2264 2284/2284/2284 2265/2265/2265
f 2283/2283/2283 2285/2285/2285 2286/2286/2286
f 2283/2283/2283 2286/2286/2286 2284/2284/2284
f 2284/2284/2284 2286/2286/2286 2287/2287/2287
f 2284/2284/2284 2287/2287/2287 2288/2288/2288
f 2265/2265/2265 2284/2284/2284 2288/2288/2288
f 2265/2265/2265 2288/2288/2288 2266/2266/2266
f 2289/2289/2289 2290/2290/2290 2291/2291/2291
f 2289/2289/2289 2291/2291/2291 2292/2292/2292
f 2290/2290/2290 2279/2279/2279 2282/2282/2282
f 2290/2290/2290 2282/2282/2282 2291/2291/2291
f 2291/2291/2291 2282/2282/2282 1646/1646/1646
f 2291/2291/2291 1646/1646/1646 1655/1655/1655
f 2292/2292/2292 2291/2291/2291 1655/1655/1655
f 2292/2292/2292 1655/1655/1655 1654/1654/1654
f 2293/2293/2293 2294/2294/2294 2295/2295/2295
f 2293/2293/2293 2295/2295/2295 2296/2296/2296
f 2294/2294/2294 2297/2297/2297 2298/2298/2298
f 2294/2294/2294 2298/2298/2298 2295/2295/2295
f 2295/2295/2295 2298/2298/2298 2299/2299/2299
f 2295/2295/2295 2299/2299/2299 2300/2300/2300
f 2296/2296/2296 2295/2295/2295 2300/2300/2300
f 2296/2296/2296 2300/2300/2300 2301/2301/2301
f 2302/2302/2302 2303/2303/2303 2304/2304/2304
f 2302/2302/2302 2304/2304/2304 2305/2305/2305
f 2303/2303/2303 2306/2306/2306 2307/2307/2307
f 2303/2303/2303 2307/2307/2307 2304/2304/2304
f 2304/2304/2304 2307/2307/2307 1664/1664/1664
f 2304/2304/2304 1664/1664/1664 1663/1663/1663
f 2305/2305/2305 2304/2304/2304 1663/1663/1663
f 2305/2305/2305 1663/1663/1663 1662/1662/1662
f 2297/2297/2297 2308/2308/2308 2309/2309/2309
f 2297/2297/2297 2309/2309/2309 2298/2298/2298
f 2308/2308/2308 2310/2310/2310 2311/2311/2311
f 2308/2308/2308 2311/2311/2311 2309/2309/2309
f 2309/2309/2309 2311/2311/2311 2312/2312/2312
f 2309/2309/2309 2312/2312/2312 2313/2313/2313
f 2298/2298/2298 2309/2309/2309 2313/2313/2313
f 2298/2298/2298 2313/2313/2313 2299/2299/2299
f 2314/2314/2314 2315/2315/2315 2316/2316/2316
f 2314/2314/2314 2316/2316/2316 2317/2317/2317
f 2315/2315/2315 2302/2302/2302 2305/2305/2305
f 2315/2315/2315 2305/2305/2305 2316/2316/2316
f 2316/2316/2316 2305/2305/2305 1662/1662/1662
f 2316/2316/2316 1662/1662/1662 1670/1670/1670
f 2317/2317/2317 2316/2316/2316 1670/1670/1670
f 2317/2317/2317 1670/1670/1670 1669/1669/1669
f 2310/2310/2310 2318/2318/2318 2319/2319/2319
f 2310/2310/2310 2319/2319/2319 2311/2311/2311
f 2318/2318/2318 2093/2093/2093 2096/2096/2096
f 2318/2318/2318 2096/2096/2096 2319/2319/2319
f 2319/2319/2319 2096/2096/2096 2101/2101/2101
f 2319/2319/2319 2101/2101/2101 2320/2320/2320
f 2311/2311/2311 2319/2319/2319 2320/2320/2320
f 2311/2311/2311 2320/2320/2320 2312/2312/2312
f 2321/2321/2321 2322/2322/2322 2323/2323/2323
f 2321/2321/2321 2323/2323/2323 2324/2324/2324
f 2322/2322/2322 2314/2314/2314 2317/2317/2317
f 2322/2322/2322 2317/2317/2317 2323/2323/2323
f 2323/2323/2323 2317/2317/2317 1669/1669/1669
f 2323/2323/2323 1669/1669/1669 1675/1675/1675
f 2324/2324/2324 2323/2323/2323 1675/1675/1675
f 2324/2324/2324 1675/1675/1675 1674/1674/1674
f 2325/2325/2325 2326/2326/2326 2327/2327/2327
f 2325/2325/2325 2327/2327/2327 2328/2328/2328
f 2326/2326/2326 2321/2321/2321 2324/2324/2324
f 2326/2326/2326 2324/2324/2324 2327/2327/2327
f 2327/2327/2327 2324/2324/2324 1674/1674/1674
f 2327/2327/2327 1674/1674/1674 1679/1679/1679
f 2328/2328/2328 2327/2327/2327 1679/1679/1679
f 2328/2328/2328 1679/1679/1679 1678/1678/1678
f 2329/2329/2329 2330/2330/2330 2331/2331/2331
f 2329/2329/2329 2331/2331/2331 2332/2332/2332
f 2330/2330/2330 2325/2325/2325 2328/2328/2328
f 2330/2330/2330 2328/2328/2328 2331/2331/2331
f 2331/2331/2331 2328/2328/2328 1678/1678/1678
f 2331/2331/2331 1678/1678/1678 1681/1681/1681
f 2332/2332/2332 2331/2331/2331 1681/1681/1681
f 2332/2332/2332 1681/1681/1681 1680/1680/1680
f 2090/2090/2090 2333/2333/2333 2334/2334/2334
f 2090/2090/2090 2334/2334/2334 2091/2091/2091
f 2333/2333/2333 2335/2335/2335 2336/2336/2336
f 2333/2333/2333 2336/2336/2336 2334/2334/2334
f 2334/2334/2334 2336/2336/2336 2337/2337/2337
f 2334/2334/2334 2337/2337/2337 2338/2338/2338
f 2091/2091/2091 2334/2334/2334 2338/2338/2338
f 2091/2091/2091 2338/2338/2338 2092/2092/2092
f 2335/2335/2335 2339/2339/2339 2340/2340/2340
f 2335/2335/2335 2340/2340/2340 2336/2336/2336
f 2339/2339/2339 2341/2341/2341 2342/2342/2342
f 2339/2339/2339 2342/2342/2342 2340/2340/2340
f 2340/2340/2340 2342/2342/2342 2343/2343/2343
f 2340/2340/2340 2343/2343/2343 2344/2344/2344
f 2336/2336/2336 2340/2340/2340 2344/2344/2344
f 2336/2336/2336 2344/2344/2344 2337/2337/2337
f 2345/2345/2345 2346/2346/2346 2347/2347/2347
f 2345/2345/2345 2347/2347/2347 2348/2348/2348
f 2346/2346/2346 2329/2329/2329 2332/2332/2332
f 2346/2346/2346 2332/2332/2332 2347/2347/2347
f 2347/2347/2347 2332/2332/2332 1680/1680/1680
f 2347/2347/2347 1680/1680/1680 1691/1691/1691
f 2348/2348/2348 2347/2347/2347 1691/1691/1691
f 2348/2348/2348 1691/1691/1691 1690/1690/1690
f 2341/2341/2341 2349/2349/2349 2350/2350/2350
f 2341/2341/2341 2350/2350/2350 2342/2342/2342
f 2349/2349/2349 2111/2111/2111 2114/2114/2114
f 2349/2349/2349 2114/2114/2114 2350/2350/2350
f 2350/2350/2350 2114/2114/2114 2119/2119/2119
f 2350/2350/2350 2119/2119/2119 2351/2351/2351
f 2342/2342/2342 2350/2350/2350 2351/2351/2351
f 2342/2342/2342 2351/2351/2351 2343/2343/2343
f 2352/2352/2352 2353/2353/2353 2354/2354/2354
f 2352/2352/2352 2354/2354/2354 2355/2355/2355
f 2353/2353/2353 2345/2345/2345 2348/2348/2348
f 2353/2353/2353 2348/2348/2348 2354/2354/2354
f 2354/2354/2354 2348/2348/2348 1690/1690/1690
f 2354/2354/2354 1690/1690/1690 1696/1696/1696
f 2355/2355/2355 2354/2354/2354 1696/1696/1696
f 2355/2355/2355 1696/1696/1696 1695/1695/1695
f 2356/2356/2356 2357/2357/2357 2358/2358/2358
f 2356/2356/2356 2358/2358/2358 2359/2359/2359
f 2357/2357/2357 2352/2352/2352 2355/2355/2355
f 2357/2357/2357 2355/2355/2355 2358/2358/2358
f 2358/2358/2358 2355/2355/2355 1695/1695/1695
f 2358/2358/2358 1695/1695/1695 1700/1700/1700
f 2359/2359/2359 2358/2358/2358 1700/1700/1700
f 2359/2359/2359 1700/1700/1700 1699/1699/1699
f 2360/2360/2360 2361/2361/2361 2362/2362/2362
f 2360/2360/2360 2362/2362/2362 2363/2363/2363
f 2361/2361/2361 2356/2356/2356 2359/2359/2359
f 2361/2361/2361 2359/2359/2359 2362/2362/2362
f 2362/2362/2362 2359/2359/2359 1699/1699/1699
f 2362/2362/2362 1699/1699/1699 1702/1702/1702
f 2363/2363/2363 2362/2362/2362 1702/1702/1702
f 2363/2363/2363 1702/1702/1702 1701/1701/1701
f 2108/2108/2108 2364/2364/2364 2365/2365/2365
f 2108/2108/2108 2365/2365/2365 2109/2109/2109
f 2364/2364/2364 2366/2366/2366 2367/2367/2367
f 2364/2364/2364 2367/2367/2367 2365/2365/2365
f 2365/2365/2365 2367/2367/2367 2368/2368/2368
f 2365/2365/2365 2368/2368/2368 2369/2369/2369
f 2109/2109/2109 2365/2365/2365 2369/2369/2369
f 2109/2109/2109 2369/2369/2369 2110/2110/2110
f 2366/2366/2366 2370/2370/2370 2371/2371/2371
f 2366/2366/2366 2371/2371/2371 2367/2367/2367
f 2370/2370/2370 2372/2372/2372 2373/2373/2373
f 2370/2370/2370 2373/2373/2373 2371/2371/2371
f 2371/2371/2371 2373/2373/2373 2374/2374/2374
f 2371/2371/2371 2374/2374/2374 2375/2375/2375
f 2367/2367/2367 2371/2371/2371 2375/2375/2375
f 2367/2367/2367 2375/2375/2375 2368/2368/2368
f 2376/2376/2376 2377/2377/2377 2378/2378/2378
f 2376/2376/2376 2378/2378/2378 2379/2379/2379
f 2377/2377/2377 2360/2360/2360 2363/2363/2363
f 2377/2377/2377 2363/2363/2363 2378/2378/2378
f 2378/2378/2378 2363/2363/2363 1701/1701/1701
f 2378/2378/2378 1701/1701/1701 1712/1712/1712
f 2379/2379/2379 2378/2378/2378 1712/1712/1712
f 2379/2379/2379 1712/1712/1712 1711/1711/1711
f 2372/2372/2372 2380/2380/2380 2381/2381/2381
f 2372/2372/2372 2381/2381/2381 2373/2373/2373
f 2380/2380/2380 2382/2382/2382 2383/2383/2383
f 2380/2380/2380 2383/2383/2383 2381/2381/2381
f 2381/2381/2381 2383/2383/2383 2384/2384/2384
f 2381/2381/2381 2384/2384/2384 2385/2385/2385
f 2373/2373/2373 2381/2381/2381 2385/2385/2385
f 2373/2373/2373 2385/2385/2385 2374/2374/2374
f 2386/2386/2386 2387/2387/2387 2388/2388/2388
f 2386/2386/2386 2388/2388/2388 2389/2389/2389
f 2387/2387/2387 2376/2376/2376 2379/2379/2379
f 2387/2387/2387 2379/2379/2379 2388/2388/2388
f 2388/2388/2388 2379/2379/2379 1711/1711/1711
f 2388/2388/2388 1711/1711/1711 1718/1718/1718
f 2389/2389/2389 2388/2388/2388 1718/1718/1718
f 2389/2389/2389 1718/1718/1718 1717/1717/1717
f 2382/2382/2382 2390/2390/2390 2391/2391/2391
f 2382/2382/2382 2391/2391/2391 2383/2383/2383
f 2390/2390/2390 2392/2392/2392 2393/2393/2393
f 2390/2390/2390 2393/2393/2393 2391/2391/2391
f 2391/2391/2391 2393/2393/2393 2394/2394/2394
f 2391/2391/2391 2394/2394/2394 2395/2395/2395
f 2383/2383/2383 2391/2391/2391 2395/2395/2395
f 2383/2383/2383 2395/2395/2395 2384/2384/2384
f 2396/2396/2396 2397/2397/2397 2398/2398/2398
f 2396/2396/2396 2398/2398/2398 2399/2399/2399
f 2397/2397/2397 2386/2386/2386 2389/2389/2389
f 2397/2397/2397 2389/2389/2389 2398/2398/2398
f 2398/2398/2398 2389/2389/2389 1717/1717/1717
f 2398/2398/2398 1717/1717/1717 1724/1724/1724
f 2399/2399/2399 2398/2398/2398 1724/1724/1724
f 2399/2399/2399 1724/1724/1724 1723/1723/1723
f 2392/2392/2392 2400/2400/2400 2401/2401/2401
f 2392/2392/2392 2401/2401/2401 2393/2393/2393
f 2400/2400/2400 2402/2402/2402 2403/2403/2403
f 2400/2400/2400 2403/2403/2403 2401/2401/2401
f 2401/2401/2401 2403/2403/2403 2404/2404/2404
f 2401/2401/2401 2404/2404/2404 2405/2405/2405
f 2393/2393/2393 2401/2401/2401 2405/2405/2405
f 2393/2393/2393 2405/2405/2405 2394/2394/2394
f 2406/2406/2406 2407/2407/2407 2408/2408/2408
f 2406/2406/2406 2408/2408/2408 2409/2409/2409
f 2407/2407/2407 2396/2396/2396 2399/2399/2399
f 2407/2407/2407 2399/2399/2399 2408/2408/2408
f 2408/2408/2408 2399/2399/2399 1723/1723/1723
f 2408/2408/2408 1723/1723/1723 1730/1730/1730
f 2409/2409/2409 2408/2408/2408 1730/1730/1730
f 2409/2409/2409 1730/1730/1730 1729/1729/1729
f 2410/2410/2410 2411/2411/2411 2412/2412/2412
f 2410/2410/2410 2412/2412/2412 2413/2413/2413
f 2411/2411/2411 2414/2414/2414 2415/2415/2415
f 2411/2411/2411 2415/2415/2415 2412/2412/2412
f 2412/2412/2412 2415/2415/2415 2416/2416/2416
f 2412/2412/2412 2416/2416/2416 2417/2417/2417
f 2413/2413/2413 2412/2412/2412 2417/2417/2417
f 2413/2413/2413 2417/2417/2417 2418/2418/2418
f 2419/2419/2419 2420/2420/2420 2421/2421/2421
f 2419/2419/2419 2421/2421/2421 2422/2422/2422
f 2420/2420/2420 2423/2423/2423 2424/2424/2424
f 2420/2420/2420 2424/2424/2424 2421/2421/2421
f 2421/2421/2421 2424/2424/2424 1739/1739/1739
f 2421/2421/2421 1739/1739/1739 1738/1738/1738
f 2422/2422/2422 2421/2421/2421 1738/1738/1738
f 2422/2422/2422 1738/1738/1738 1737/1737/1737
f 2414/2414/2414 2425/2425/2425 2426/2426/2426
f 2414/2414/2414 2426/2426/2426 2415/2415/2415
f 2425/2425/2425 2267/2267/2267 2270/2270/2270
f 2425/2425/2425 2270/2270/2270 2426/2426/2426
f 2426/2426/2426 2270/2270/2270 2272/2272/2272
f 2426/2426/2426 2272/2272/2272 2427/2427/2427
f 2415/2415/2415 2426/2426/2426 2427/2427/2427
f 2415/2415/2415 2427/2427/2427 2416/2416/2416
f 2277/2277/2277 2428/2428/2428 2429/2429/2429
f 2277/2277/2277 2429/2429/2429 2278/2278/2278
f 2428/2428/2428 2419/2419/2419 2422/2422/2422
f 2428/2428/2428 2422/2422/2422 2429/2429/2429
f 2429/2429/2429 2422/2422/2422 1737/1737/1737
f 2429/2429/2429 1737/1737/1737 1742/1742/1742
f 2278/2278/2278 2429/2429/2429 1742/1742/1742
f 2278/2278/2278 1742/1742/1742 1645/1645/1645
f 2430/2430/2430 2431/2431/2431 2432/2432/2432
f 2430/2430/2430 2432/2432/2432 2433/2433/2433
f 2431/2431/2431 2434/2434/2434 2435/2435/2435
f 2431/2431/2431 2435/2435/2435 2432/2432/2432
f 2432/2432/2432 2435/2435/2435 2436/2436/2436
f 2432/2432/2432 2436/2436/2436 2437/2437/2437
f 2433/2433/2433 2432/2432/2432 2437/2437/2437
f 2433/2433/2433 2437/2437/2437 2438/2438/2438
f 2434/2434/2434 2439/2439/2439 2440/2440/2440
f 2434/2434/2434 2440/2440/2440 2435/2435/2435
f 2439/2439/2439 2441/2441/2441 2442/2442/2442
f 2439/2439/2439 2442/2442/2442 2440/2440/2440
f 2440/2440/2440 2442/2442/2442 2443/2443/2443
f 2440/2440/2440 2443/2443/2443 2444/2444/2444
f 2435/2435/2435 2440/2440/2440 2444/2444/2444
f 2435/2435/2435 2444/2444/2444 2436/2436/2436
f 2441/2441/2441 2445/2445/2445 2446/2446/2446
f 2441/2441/2441 2446/2446/2446 2442/2442/2442
f 2445/2445/2445 2447/2447/2447 2448/2448/2448
f 2445/2445/2445 2448/2448/2448 2446/2446/2446
f 2446/2446/2446 2448/2448/2448 2449/2449/2449
f 2446/2446/2446 2449/2449/2449 2450/2450/2450
f 2442/2442/2442 2446/2446/2446 2450/2450/2450
f 2442/2442/2442 2450/2450/2450 2443/2443/2443
f 2451/2451/2451 2452/2452/2452 2453/2453/2453
f 2451/2451/2451 2453/2453/2453 2454/2454/2454
f 2452/2452/2452 2430/2430/2430 2433/2433/2433
f 2452/2452/2452 2433/2433/2433 2453/2453/2453
f 2453/2453/2453 2433/2433/2433 2438/2438/2438
f 2453/2453/2453 2438/2438/2438 2455/2455/2455
f 2454/2454/2454 2453/2453/2453 2455/2455/2455
f 2454/2454/2454 2455/2455/2455 2456/2456/2456
f 2447/2447/2447 2457/2457/2457 2458/2458/2458
f 2447/2447/2447 2458/2458/2458 2448/2448/2448
f 2457/2457/2457 2459/2459/2459 2460/2460/2460
f 2457/2457/2457 2460/2460/2460 2458/2458/2458
f 2458/2458/2458 2460/2460/2460 2461/2461/2461
f 2458/2458/2458 2461/2461/2461 2462/2462/2462
f 2448/2448/2448 2458/2458/2458 2462/2462/2462
f 2448/2448/2448 2462/2462/2462 2449/2449/2449
f 2463/2463/2463 2464/2464/2464 2465/2465/2465
f 2463/2463/2463 2465/2465/2465 2466/2466/2466
f 2464/2464/2464 2451/2451/2451 2454/2454/2454
f 2464/2464/2464 2454/2454/2454 2465/2465/2465
f 2465/2465/2465 2454/2454/2454 2456/2456/2456
f 2465/2465/2465 2456/2456/2456 2467/2467/2467
f 2466/2466/2466 2465/2465/2465 2467/2467/2467
f 2466/2466/2466 2467/2467/2467 2468/2468/2468
f 2459/2459/2459 2469/2469/2469 2470/2470/2470
f 2459/2459/2459 2470/2470/2470 2460/2460/2460
f 2469/2469/2469 2471/2471/2471 2472/2472/2472
f 2469/2469/2469 2472/2472/2472 2470/2470/2470
f 2470/2470/2470 2472/2472/2472 2473/2473/2473
f 2470/2470/2470 2473/2473/2473 2474/2474/2474
f 2460/2460/2460 2470/2470/2470 2474/2474/2474
f 2460/2460/2460 2474/2474/2474 2461/2461/2461
f 2475/2475/2475 2476/2476/2476 2477/2477/2477
f 2475/2475/2475 2477/2477/2477 2478/2478/2478
f 2476/2476/2476 2463/2463/2463 2466/2466/2466
f 2476/2476/2476 2466/2466/2466 2477/2477/2477
f 2477/2477/2477 2466/2466/2466 2468/2468/2468
f 2477/2477/2477 2468/2468/2468 2479/2479/2479
f 2478/2478/2478 2477/2477/2477 2479/2479/2479
f 2478/2478/2478 2479/2479/2479 2480/2480/2480
f 2471/2471/2471 2481/2481/2481 2482/2482/2482
f 2471/2471/2471 2482/2482/2482 2472/2472/2472
f 2481/2481/2481 2483/2483/2483 2484/2484/2484
f 2481/2481/2481 2484/2484/2484 2482/2482/2482
f 2482/2482/2482 2484/2484/2484 2485/2485/2485
f 2482/2482/2482 2485/2485/2485 2486/2486/2486
f 2472/2472/2472 2482/2482/2482 2486/2486/2486
f 2472/2472/2472 2486/2486/2486 2473/2473/2473
f 2487/2487/2487 2488/2488/2488 2489/2489/2489
f 2487/2487/2487 2489/2489/2489 2490/2490/2490
f 2488/2488/2488 2475/2475/2475 2478/2478/2478
f 2488/2488/2488 2478/2478/2478 2489/2489/2489
f 2489/2489/2489 2478/2478/2478 2480/2480/2480
f 2489/2489/2489 2480/2480/2480 2491/2491/2491
f 2490/2490/2490 2489/2489/2489 2491/2491/2491
f 2490/2490/2490 2491/2491/2491 2492/2492/2492
f 2483/2483/2483 2493/2493/2493 2494/2494/2494
f 2483/2483/2483 2494/2494/2494 2484/2484/2484
f 2493/2493/2493 2495/2495/2495 2496/2496/2496
f 2493/2493/2493 2496/2496/2496 2494/2494/2494
f 2494/2494/2494 2496/2496/2496 2497/2497/2497
f 2494/2494/2494 2497/2497/2497 2498/2498/2498
f 2484/2484/2484 2494/2494/2494 2498/2498/2498
f 2484/2484/2484 2498/2498/2498 2485/2485/2485
f 2499/2499/2499 2500/2500/2500 2501/2501/2501
f 2499/2499/2499 2501/2501/2501 2502/2502/2502
f 2500/2500/2500 2487/2487/2487 2490/2490/2490
f 2500/2500/2500 2490/2490/2490 2501/2501/2501
f 2501/2501/2501 2490/2490/2490 2492/2492/2492
f 2501/2501/2501 2492/2492/2492 2503/2503/2503
f 2502/2502/2502 2501/2501/2501 2503/2503/2503
f 2502/2502/2502 2503/2503/2503 2504/2504/2504
f 2495/2495/2495 2505/2505/2505 2506/2506/2506
f 2495/2495/2495 2506/2506/2506 2496/2496/2496
f 2505/2505/2505 2507/2507/2507 2508/2508/2508
f 2505/2505/2505 2508/2508/2508 2506/2506/2506
f 2506/2506/2506 2508/2508/2508 2509/2509/2509
f 2506/2506/2506 2509/2509/2509 2510/2510/2510
f 2496/2496/2496 2506/2506/2506 2510/2510/2510
f 2496/2496/2496 2510/2510/2510 2497/2497/2497
f 2511/2511/2511 2512/2512/2512 2513/2513/2513
f 2511/2511/2511 2513/2513/2513 2514/2514/2514
f 2512/2512/2512 2499/2499/2499 2502/2502/2502
f 2512/2512/2512 2502/2502/2502 2513/2513/2513
f 2513/2513/2513 2502/2502/2502 2504/2504/2504
f 2513/2513/2513 2504/2504/2504 2515/2515/2515
f 2514/2514/2514 2513/2513/2513 2515/2515/2515
f 2514/2514/2514 2515/2515/2515 2516/2516/2516
f 2507/2507/2507 2517/2517/2517 2518/2518/2518
f 2507/2507/2507 2518/2518/2518 2508/2508/2508
f 2517/2517/2517 2519/2519/2519 2520/2520/2520
f 2517/2517/2517 2520/2520/2520 2518/2518/2518
f 2518/2518/2518 2520/2520/2520 2521/2521/2521
f 2518/2518/2518 2521/2521/2521 2522/2522/2522
f 2508/2508/2508 2518/2518/2518 2522/2522/2522
f 2508/2508/2508 2522/2522/2522 2509/2509/2509
f 2523/2523/2523 2524/2524/2524 2525/2525/2525
f 2523/2523/2523 2525/2525/2525 2526/2526/2526
f 2524/2524/2524 2511/2511/2511 2514/2514/2514
f 2524/2524/2524 2514/2514/2514 2525/2525/2525
f 2525/2525/2525 2514/2514/2514 2516/2516/2516
f 2525/2525/2525 2516/2516/2516 2527/2527/2527
f 2526/2526/2526 2525/2525/2525 2527/2527/2527
f 2526/2526/2526 2527/2527/2527 2528/2528/2528
f 2519/2519/2519 2529/2529/2529 2530/2530/2530
f 2519/2519/2519 2530/2530/2530 2520/2520/2520
f 2529/2529/2529 2531/2531/2531 2532/2532/2532
f 2529/2529/2529 2532/2532/2532 2530/2530/2530
f 2530/2530/2530 2532/2532/2532 2533/2533/2533
f 2530/2530/2530 2533/2533/2533 2534/2534/2534
f 2520/2520/2520 2530/2530/2530 2534/2534/2534
f 2520/2520/2520 2534/2534/2534 2521/2521/2521
f 2535/2535/2535 2536/2536/2536 2537/2537/2537
f 2535/2535/2535 2537/2537/2537 2538/2538/2538
f 2536/2536/2536 2523/2523/2523 2526/2526/2526
f 2536/2536/2536 2526/2526/2526 2537/2537/2537
f 2537/2537/2537 2526/2526/2526 2528/2528/2528
f 2537/2537/2537 2528/2528/2528 2539/2539/2539
f 2538/2538/2538 2537/2537/2537 2539/2539/2539
f 2538/2538/2538 2539/2539/2539 2540/2540/2540
f 2531/2531/2531 2541/2541/2541 2542/2542/2542
f 2531/2531/2531 2542/2542/2542 2532/2532/2532
f 2541/2541/2541 2543/2543/2543 2544/2544/2544
f 2541/2541/2541 2544/2544/2544 2542/2542/2542
f 2542/2542/2542 2544/2544/2544 2545/2545/2545
f 2542/2542/2542 2545/2545/2545 2546/2546/2546
f 2532/2532/2532 2542/2542/2542 2546/2546/2546
f 2532/2532/2532 2546/2546/2546 2533/2533/2533
f 2547/2547/2547 2548/2548/2548 2549/2549/2549
f 2547/2547/2547 2549/2549/2549 2550/2550/2550
f 2548/2548/2548 2535/2535/2535 2538/2538/2538
f 2548/2548/2548 2538/2538/2538 2549/2549/2549
f 2549/2549/2549 2538/2538/2538 2540/2540/2540
f 2549/2549/2549 2540/2540/2540 2551/2551/2551
f 2550/2550/2550 2549/2549/2549 2551/2551/2551
f 2550/2550/2550 2551/2551/2551 2552/2552/2552
f 2543/2543/2543 2553/2553/2553 2554/2554/2554
f 2543/2543/2543 2554/2554/2554 2544/2544/2544
f 2553/2553/2553 2555/2555/2555 2556/2556/2556
f 2553/2553/2553 2556/2556/2556 2554/2554/2554
f 2554/2554/2554 2556/2556/2556 2557/2557/2557
f 2554/2554/2554 2557/2557/2557 2558/2558/2558
f 2544/2544/2544 2554/2554/2554 2558/2558/2558
f 2544/2544/2544 2558/2558/2558 2545/2545/2545
f 2402/2402/2402 2559/2559/2559 2560/2560/2560
f 2402/2402/2402 2560/2560/2560 2403/2403/2403
f 2559/2559/2559 2561/2561/2561 2562/2562/2562
f 2559/2559/2559 2562/2562/2562 2560/2560/2560
f 2560/2560/2560 2562/2562/2562 2563/2563/2563
f 2560/2560/2560 2563/2563/2563 2564/2564/2564
f 2403/2403/2403 2560/2560/2560 2564/2564/2564
f 2403/2403/2403 2564/2564/2564 2404/2404/2404
f 2565/2565/2565 2566/2566/2566 2567/2567/2567
f 2565/2565/2565 2567/2567/2567 2568/2568/2568
f 2566/2566/2566 2569/2569/2569 2570/2570/2570
f 2566/2566/2566 2570/2570/2570 2567/2567/2567
f 2567/2567/2567 2570/2570/2570 2410/2410/2410
f 2567/2567/2567 2410/2410/2410 2413/2413/2413
f 2568/2568/2568 2567/2567/2567 2413/2413/2413
f 2568/2568/2568 2413/2413/2413 2418/2418/2418
f 2423/2423/2423 2571/2571/2571 2572/2572/2572
f 2423/2423/2423 2572/2572/2572 2424/2424/2424
f 2571/2571/2571 2406/2406/2406 2409/2409/2409
f 2571/2571/2571 2409/2409/2409 2572/2572/2572
f 2572/2572/2572 2409/2409/2409 1729/1729/1729
f 2572/2572/2572 1729/1729/1729 1814/1814/1814
f 2424/2424/2424 2572/2572/2572 1814/1814/1814
f 2424/2424/2424 1814/1814/1814 1739/1739/1739
f 2573/2573/2573 2574/2574/2574 2575/2575/2575
f 2573/2573/2573 2575/2575/2575 2576/2576/2576
f 2574/2574/2574 2577/2577/2577 2578/2578/2578
f 2574/2574/2574 2578/2578/2578 2575/2575/2575
f 2575/2575/2575 2578/2578/2578 2277/2277/2277
f 2575/2575/2575 2277/2277/2277 2274/2274/2274
f 2576/2576/2576 2575/2575/2575 2274/2274/2274
f 2576/2576/2576 2274/2274/2274 2273/2273/2273
f 2577/2577/2577 2579/2579/2579 2580/2580/2580
f 2577/2577/2577 2580/2580/2580 2578/2578/2578
f 2579/2579/2579 2581/2581/2581 2582/2582/2582
f 2579/2579/2579 2582/2582/2582 2580/2580/2580
f 2580/2580/2580 2582/2582/2582 2419/2419/2419
f 2580/2580/2580 2419/2419/2419 2428/2428/2428
f 2578/2578/2578 2580/2580/2580 2428/2428/2428
f 2578/2578/2578 2428/2428/2428 2277/2277/2277
f 2581/2581/2581 2583/2583/2583 2584/2584/2584
f 2581/2581/2581 2584/2584/2584 2582/2582/2582
f 2583/2583/2583 2585/2585/2585 2586/2586/2586
f 2583/2583/2583 2586/2586/2586 2584/2584/2584
f 2584/2584/2584 2586/2586/2586 2423/2423/2423
f 2584/2584/2584 2423/2423/2423 2420/2420/2420
f 2582/2582/2582 2584/2584/2584 2420/2420/2420
f 2582/2582/2582 2420/2420/2420 2419/2419/2419
f 2585/2585/2585 2587/2587/2587 2588/2588/2588
f 2585/2585/2585 2588/2588/2588 2586/2586/2586
f 2587/2587/2587 2589/2589/2589 2590/2590/2590
f 2587/2587/2587 2590/2590/2590 2588/2588/2588
f 2588/2588/2588 2590/2590/2590 2406/2406/2406
f 2588/2588/2588 2406/2406/2406 2571/2571/2571
f 2586/2586/2586 2588/2588/2588 2571/2571/2571
f 2586/2586/2586 2571/2571/2571 2423/2423/2423
f 2589/2589/2589 2591/2591/2591 2592/2592/2592
f 2589/2589/2589 2592/2592/2592 2590/2590/2590
f 2591/2591/2591 2593/2593/2593 2594/2594/2594
f 2591/2591/2591 2594/2594/2594 2592/2592/2592
f 2592/2592/2592 2594/2594/2594 2396/2396/2396
f 2592/2592/2592 2396/2396/2396 2407/2407/2407
f 2590/2590/2590 2592/2592/2592 2407/2407/2407
f 2590/2590/2590 2407/2407/2407 2406/2406/2406
f 2593/2593/2593 2595/2595/2595 2596/2596/2596
f 2593/2593/2593 2596/2596/2596 2594/2594/2594
f 2595/2595/2595 2597/2597/2597 2598/2598/2598
f 2595/2595/2595 2598/2598/2598 2596/2596/2596
f 2596/2596/2596 2598/2598/2598 2386/2386/2386
f 2596/2596/2596 2386/2386/2386 2397/2397/2397
f 2594/2594/2594 2596/2596/2596 2397/2397/2397
f 2594/2594/2594 2397/2397/2397 2396/2396/2396
f 2597/2597/2597 2599/2599/2599 2600/2600/2600
f 2597/2597/2597 2600/2600/2600 2598/2598/2598
f 2599/2599/2599 2601/2601/2601 2602/2602/2602
f 2599/2599/2599 2602/2602/2602 2600/2600/2600
f 2600/2600/2600 2602/2602/2602 2376/2376/2376
f 2600/2600/2600 2376/2376/2376 2387/2387/2387
f 2598/2598/2598 2600/2600/2600 2387/2387/2387
f 2598/2598/2598 2387/2387/2387 2386/2386/2386
f 2601/2601/2601 2603/2603/2603 2604/2604/2604
f 2601/2601/2601 2604/2604/2604 2602/2602/2602
f 2603/2603/2603 2605/2605/2605 2606/2606/2606
f 2603/2603/2603 2606/2606/2606 2604/2604/2604
f 2604/2604/2604 2606/2606/2606 2360/2360/2360
f 2604/2604/2604 2360/2360/2360 2377/2377/2377
f 2602/2602/2602 2604/2604/2604 2377/2377/2377
f 2602/2602/2602 2377/2377/2377 2376/2376/2376
f 2605/2605/2605 2607/2607/2607 2608/2608/2608
f 2605/2605/2605 2608/2608/2608 2606/2606/2606
f 2607/2607/2607 2609/2609/2609 2610/2610/2610
f 2607/2607/2607 2610/2610/2610 2608/2608/2608
f 2608/2608/2608 2610/2610/2610 2356/2356/2356
f 2608/2608/2608 2356/2356/2356 2361/2361/2361
f 2606/2606/2606 2608/2608/2608 2361/2361/2361
f 2606/2606/2606 2361/2361/2361 2360/2360/2360
f 2609/2609/2609 2611/2611/2611 2612/2612/2612
f 2609/2609/2609 2612/2612/2612 2610/2610/2610
f 2611/2611/2611 2613/2613/2613 2614/2614/2614
f 2611/2611/2611 2614/2614/2614 2612/2612/2612
f 2612/2612/2612 2614/2614/2614 2352/2352/2352
f 2612/2612/2612 2352/2352/2352 2357/2357/2357
f 2610/2610/2610 2612/2612/2612 2357/2357/2357
f 2610/2610/2610 2357/2357/2357 2356/2356/2356
f 2613/2613/2613 2615/2615/2615 2616/2616/2616
f 2613/2613/2613 2616/2616/2616 2614/2614/2614
f 2615/2615/2615 2617/2617/2617 2618/2618/2618
f 2615/2615/2615 2618/2618/2618 2616/2616/2616
f 2616/2616/2616 2618/2618/2618 2345/2345/2345
f 2616/2616/2616 2345/2345/2345 2353/2353/2353
f 2614/2614/2614 2616/2616/2616 2353/2353/2353
f 2614/2614/2614 2353/2353/2353 2352/2352/2352
f 2617/2617/2617 2619/2619/2619 2620/2620/2620
f 2617/2617/2617 2620/2620/2620 2618/2618/2618
f 2619/2619/2619 2621/2621/2621 2622/2622/2622
f 2619/2619/2619 2622/2622/2622 2620/2620/2620
f 2620/2620/2620 2622/2622/2622 2329/2329/2329
f 2620/2620/2620 2329/2329/2329 2346/2346/2346
f 2618/2618/2618 2620/2620/2620 2346/2346/2346
f 2618/2618/2618 2346/2346/2346 2345/2345/2345
f 2621/2621/2621 2623/2623/2623 2624/2624/2624
f 2621/2621/2621 2624/2624/2624 2622/2622/2622
f 2623/2623/2623 2625/2625/2625 2626/2626/2626
f 2623/2623/2623 2626/2626/2626 2624/2624/2624
f 2624/2624/2624 2626/2626/2626 2325/2325/2325
f 2624/2624/2624 2325/2325/2325 2330/2330/2330
f 2622/2622/2622 2624/2624/2624 2330/2330/2330
f 2622/2622/2622 2330/2330/2330 2329/2329/2329
f 2625/2625/2625 2627/2627/2627 2628/2628/2628
f 2625/2625/2625 2628/2628/2628 2626/2626/2626
f 2627/2627/2627 2629/2629/2629 2630/2630/2630
f 2627/2627/2627 2630/2630/2630 2628/2628/2628
f 2628/2628/2628 2630/2630/2630 2321/2321/2321
f 2628/2628/2628 2321/2321/2321 2326/2326/2326
f 2626/2626/2626 2628/2628/2628 2326/2326/2326
f 2626/2626/2626 2326/2326/2326 2325/2325/2325
f 2629/2629/2629 2631/2631/2631 2632/2632/2632
f 2629/2629/2629 2632/2632/2632 2630/2630/2630
f 2631/2631/2631 2633/2633/2633 2634/2634/2634
f 2631/2631/2631 2634/2634/2634 2632/2632/2632
f 2632/2632/2632 2634/2634/2634 2314/2314/2314
f 2632/2632/2632 2314/2314/2314 2322/2322/2322
f 2630/2630/2630 2632/2632/2632 2322/2322/2322
f 2630/2630/2630 2322/2322/2322 2321/2321/2321
f 2633/2633/2633 2635/2635/2635 2636/2636/2636
f 2633/2633/2633 2636/2636/2636 2634/2634/2634
f 2635/2635/2635 2637/2637/2637 2638/2638/2638
f 2635/2635/2635 2638/2638/2638 2636/2636/2636
f 2636/2636/2636 2638/2638/2638 2302/2302/2302
f 2636/2636/2636 2302/2302/2302 2315/2315/2315
f 2634/2634/2634 2636/2636/2636 2315/2315/2315
f 2634/2634/2634 2315/2315/2315 2314/2314/2314
f 2637/2637/2637 2639/2639/2639 2640/2640/2640
f 2637/2637/2637 2640/2640/2640 2638/2638/2638
f 2639/2639/2639 2641/2641/2641 2642/2642/2642
f 2639/2639/2639 2642/2642/2642 2640/2640/2640
f 2640/2640/2640 2642/2642/2642 2306/2306/2306
f 2640/2640/2640 2306/2306/2306 2303/2303/2303
f 2638/2638/2638 2640/2640/2640 2303/2303/2303
f 2638/2638/2638 2303/2303/2303 2302/2302/2302
f 2643/2643/2643 2644/2644/2644 2645/2645/2645
f 2643/2643/2643 2645/2645/2645 2646/2646/2646
f 2644/2644/2644 2647/2647/2647 2648/2648/2648
f 2644/2644/2644 2648/2648/2648 2645/2645/2645
f 2645/2645/2645 2648/2648/2648 2279/2279/2279
f 2645/2645/2645 2279/2279/2279 2290/2290/2290
f 2646/2646/2646 2645/2645/2645 2290/2290/2290
f 2646/2646/2646 2290/2290/2290 2289/2289/2289
f 2647/2647/2647 2649/2649/2649 2650/2650/2650
f 2647/2647/2647 2650/2650/2650 2648/2648/2648
f 2649/2649/2649 2573/2573/2573 2576/2576/2576
f 2649/2649/2649 2576/2576/2576 2650/2650/2650
f 2650/2650/2650 2576/2576/2576 2273/2273/2273
f 2650/2650/2650 2273/2273/2273 2280/2280/2280
f 2648/2648/2648 2650/2650/2650 2280/2280/2280
f 2648/2648/2648 2280/2280/2280 2279/2279/2279
f 2651/2651/2651 2652/2652/2652 2653/2653/2653
f 2651/2651/2651 2653/2653/2653 2654/2654/2654
f 2652/2652/2652 2655/2655/2655 2656/2656/2656
f 2652/2652/2652 2656/2656/2656 2653/2653/2653
f 2653/2653/2653 2656/2656/2656 2577/2577/2577
f 2653/2653/2653 2577/2577/2577 2574/2574/2574
f 2654/2654/2654 2653/2653/2653 2574/2574/2574
f 2654/2654/2654 2574/2574/2574 2573/2573/2573
f 2655/2655/2655 2657/2657/2657 2658/2658/2658
f 2655/2655/2655 2658/2658/2658 2656/2656/2656
f 2657/2657/2657 2659/2659/2659 2660/2660/2660
f 2657/2657/2657 2660/2660/2660 2658/2658/2658
f 2658/2658/2658 2660/2660/2660 2581/2581/2581
f 2658/2658/2658 2581/2581/2581 2579/2579/2579
f 2656/2656/2656 2658/2658/2658 2579/2579/2579
f 2656/2656/2656 2579/2579/2579 2577/2577/2577
f 2659/2659/2659 2661/2661/2661 2662/2662/2662
f 2659/2659/2659 2662/2662/2662 2660/2660/2660
f 2661/2661/2661 2663/2663/2663 2664/2664/2664
f 2661/2661/2661 2664/2664/2664 2662/2662/2662
f 2662/2662/2662 2664/2664/2664 2585/2585/2585
f 2662/2662/2662 2585/2585/2585 2583/2583/2583
f 2660/2660/2660 2662/2662/2662 2583/2583/2583
f 2660/2660/2660 2583/2583/2583 2581/2581/2581
f 2663/2663/2663 2665/2665/2665 2666/2666/2666
f 2663/2663/2663 2666/2666/2666 2664/2664/2664
f 2665/2665/2665 2667/2667/2667 2668/2668/2668
f 2665/2665/2665 2668/2668/2668 2666/2666/2666
f 2666/2666/2666 2668/2668/2668 2589/2589/2589
f 2666/2666/2666 2589/2589/2589 2587/2587/2587
f 2664/2664/2664 2666/2666/2666 2587/2587/2587
f 2664/2664/2664 2587/2587/2587 2585/2585/2585
f 2667/2667/2667 2669/2669/2669 2670/2670/2670
f 2667/2667/2667 2670/2670/2670 2668/2668/2668
f 2669/2669/2669 2671/2671/2671 2672/2672/2672
f 2669/2669/2669 2672/2672/2672 2670/2670/2670
f 2670/2670/2670 2672/2672/2672 2593/2593/2593
f 2670/2670/2670 2593/2593/2593 2591/2591/2591
f 2668/2668/2668 2670/2670/2670 2591/2591/2591
f 2668/2668/2668 2591/2591/2591 2589/2589/2589
f 2671/2671/2671 2673/2673/2673 2674/2674/2674
f 2671/2671/2671 2674/2674/2674 2672/2672/2672
f 2673/2673/2673 2675/2675/2675 2676/2676/2676
f 2673/2673/2673 2676/2676/2676 2674/2674/2674
f 2674/2674/2674 2676/2676/2676 2597/2597/2597
f 2674/2674/2674 2597/2597/2597 2595/2595/2595
f 2672/2672/2672 2674/2674/2674 2595/2595/2595
f 2672/2672/2672 2595/2595/2595 2593/2593/2593
f 2675/2675/2675 2677/2677/2677 2678/2678/2678
f 2675/2675/2675 2678/2678/2678 2676/2676/2676
f 2677/2677/2677 2679/2679/2679 2680/2680/2680
f 2677/2677/2677 2680/2680/2680 2678/2678/2678
f 2678/2678/2678 2680/2680/2680 2601/2601/2601
f 2678/2678/2678 2601/2601/2601 2599/2599/2599
f 2676/2676/2676 2678/2678/2678 2599/2599/2599
f 2676/2676/2676 2599/2599/2599 2597/2597/2597
f 2679/2679/2679 2681/2681/2681 2682/2682/2682
f 2679/2679/2679 2682/2682/2682 2680/2680/2680
f 2681/2681/2681 2683/2683/2683 2684/2684/2684
f 2681/2681/2681 2684/2684/2684 2682/2682/2682
f 2682/2682/2682 2684/2684/2684 2605/2605/2605
f 2682/2682/2682 2605/2605/2605 2603/2603/2603
f 2680/2680/2680 2682/2682/2682 2603/2603/2603
f 2680/2680/2680 2603/2603/2603 2601/2601/2601
f 2683/2683/2683 2685/2685/2685 2686/2686/2686
f 2683/2683/2683 2686/2686/2686 2684/2684/2684
f 2685/2685/2685 2687/2687/2687 2688/2688/2688
f 2685/2685/2685 2688/2688/2688 2686/2686/2686
f 2686/2686/2686 2688/2688/2688 2609/2609/2609
f 2686/2686/2686 2609/2609/2609 2607/2607/2607
f 2684/2684/2684 2686/2686/2686 2607/2607/2607
f 2684/2684/2684 2607/2607/2607 2605/2605/2605
f 2687/2687/2687 2689/2689/2689 2690/2690/2690
f 2687/2687/2687 2690/2690/2690 2688/2688/2688
f 2689/2689/2689 2691/2691/2691 2692/2692/2692
f 2689/2689/2689 2692/2692/2692 2690/2690/2690
f 2690/2690/2690 2692/2692/2692 2613/2613/2613
f 2690/2690/2690 2613/2613/2613 2611/2611/2611
f 2688/2688/2688 2690/2690/2690 2611/2611/2611
f 2688/2688/2688 2611/2611/2611 2609/2609/2609
f 2691/2691/2691 2693/2693/2693 2694/2694/2694
f 2691/2691/2691 2694/2694/2694 2692/2692/2692
f 2693/2693/2693 2695/2695/2695 2696/2696/2696
f 2693/2693/2693 2696/2696/2696 2694/2694/2694
f 2694/2694/2694 2696/2696/2696 2617/2617/2617
f 2694/2694/2694 2617/2617/2617 2615/2615/2615
f 2692/2692/2692 2694/2694/2694 2615/2615/2615
f 2692/2692/2692 2615/2615/2615 2613/2613/2613
f 2695/2695/2695 2697/2697/2697 2698/2698/2698
f 2695/2695/2695 2698/2698/2698 2696/2696/2696
f 2697/2697/2697 2699/2699/2699 2700/2700/2700
f 2697/2697/2697 2700/2700/2700 2698/2698/2698
f 2698/2698/2698 2700/2700/2700 2621/2621/2621
f 2698/2698/2698 2621/2621/2621 2619/2619/2619
f 2696/2696/2696 2698/2698/2698 2619/2619/2619
f 2696/2696/2696 2619/2619/2619 2617/2617/2617
f 2699/2699/2699 2701/2701/2701 2702/2702/2702
f 2699/2699/2699 2702/2702/2702 2700/2700/2700
f 2701/2701/2701 2703/2703/2703 2704/2704/2704
f 2701/2701/2701 2704/2704/2704 2702/2702/2702
f 2702/2702/2702 2704/2704/2704 2625/2625/2625
f 2702/2702/2702 2625/2625/2625 2623/2623/2623
f 2700/2700/2700 2702/2702/2702 2623/2623/2623
f 2700/2700/2700 2623/2623/2623 2621/2621/2621
f 2703/2703/2703 2705/2705/2705 2706/2706/2706
f 2703/2703/2703 2706/2706/2706 2704/2704/2704
f 2705/2705/2705 2707/2707/2707 2708/2708/2708
f 2705/2705/2705 2708/2708/2708 2706/2706/2706
f 2706/2706/2706 2708/2708/2708 2629/2629/2629
f 2706/2706/2706 2629/2629/2629 2627/2627/2627
f 2704/2704/2704 2706/2706/2706 2627/2627/2627
f 2704/2704/2704 2627/2627/2627 2625/2625/2625
f 2707/2707/2707 2709/2709/2709 2710/2710/2710
f 2707/2707/2707 2710/2710/2710 2708/2708/2708
f 2709/2709/2709 2711/2711/2711 2712/2712/2712
f 2709/2709/2709 2712/2712/2712 2710/2710/2710
f 2710/2710/2710 2712/2712/2712 2633/2633/2633
f 2710/2710/2710 2633/2633/2633 2631/2631/2631
f 2708/2708/2708 2710/2710/2710 2631/2631/2631
f 2708/2708/2708 2631/2631/2631 2629/2629/2629
f 2711/2711/2711 2713/2713/2713 2714/2714/2714
f 2711/2711/2711 2714/2714/2714 2712/2712/2712
f 2713/2713/2713 2715/2715/2715 2716/2716/2716
f 2713/2713/2713 2716/2716/2716 2714/2714/2714
f 2714/2714/2714 2716/2716/2716 2637/2637/2637
f 2714/2714/2714 2637/2637/2637 2635/2635/2635
f 2712/2712/2712 2714/2714/2714 2635/2635/2635
f 2712/2712/2712 2635/2635/2635 2633/2633/2633
f 2715/2715/2715 2717/2717/2717 2718/2718/2718
f 2715/2715/2715 2718/2718/2718 2716/2716/2716
f 2717/2717/2717 2719/2719/2719 2720/2720/2720
f 2717/2717/2717 2720/2720/2720 2718/2718/2718
f 2718/2718/2718 2720/2720/2720 2641/2641/2641
f 2718/2718/2718 2641/2641/2641 2639/2639/2639
f 2716/2716/2716 2718/2718/2718 2639/2639/2639
f 2716/2716/2716 2639/2639/2639 2637/2637/2637
f 2721/2721/2721 2722/2722/2722 2723/2723/2723
f 2721/2721/2721 2723/2723/2723 2724/2724/2724
f 2722/2722/2722 2725/2725/2725 2726/2726/2726
f 2722/2722/2722 2726/2726/2726 2723/2723/2723
f 2723/2723/2723 2726/2726/2726 2647/2647/2647
f 2723/2723/2723 2647/2647/2647 2644/2644/2644
f 2724/2724/2724 2723/2723/2723 2644/2644/2644
f 2724/2724/2724 2644/2644/2644 2643/2643/2643
f 2725/2725/2725 2727/2727/2727 2728/2728/2728
f 2725/2725/2725 2728/2728/2728 2726/2726/2726
f 2727/2727/2727 2651/2651/2651 2654/2654/2654
f 2727/2727/2727 2654/2654/2654 2728/2728/2728
f 2728/2728/2728 2654/2654/2654 2573/2573/2573
f 2728/2728/2728 2573/2573/2573 2649/2649/2649
f 2726/2726/2726 2728/2728/2728 2649/2649/2649
f 2726/2726/2726 2649/2649/2649 2647/2647/2647
f 2729/2729/2729 2730/2730/2730 2731/2731/2731
f 2729/2729/2729 2731/2731/2731 2732/2732/2732
f 2730/2730/2730 2733/2733/2733 2734/2734/2734
f 2730/2730/2730 2734/2734/2734 2731/2731/2731
f 2731/2731/2731 2734/2734/2734 1340/1340/1340
f 2731/2731/2731 1340/1340/1340 1337/1337/1337
f 2732/2732/2732 2731/2731/2731 1337/1337/1337
f 2732/2732/2732 1337/1337/1337 1336/1336/1336
f 1345/1345/1345 1518/1518/1518 2735/2735/2735
f 1345/1345/1345 2735/2735/2735 2736/2736/2736
f 1518/1518/1518 1340/1340/1340 2734/2734/2734
f 1518/1518/1518 2734/2734/2734 2735/2735/2735
f 2735/2735/2735 2734/2734/2734 2733/2733/2733
f 2735/2735/2735 2733/2733/2733 2737/2737/2737
f 2736/2736/2736 2735/2735/2735 2737/2737/2737
f 2736/2736/2736 2737/2737/2737 2738/2738/2738
f 2738/2738/2738 2739/2739/2739 2740/2740/2740
f 2738/2738/2738 2740/2740/2740 2736/2736/2736
f 2739/2739/2739 2741/2741/2741 2742/2742/2742
f 2739/2739/2739 2742/2742/2742 2740/2740/2740
f 2740/2740/2740 2742/2742/2742 1349/1349/1349
f 2740/2740/2740 1349/1349/1349 1346/1346/1346
f 2736/2736/2736 2740/2740/2740 1346/1346/1346
f 2736/2736/2736 1346/1346/1346 1345/1345/1345
f 2741/2741/2741 2743/2743/2743 2744/2744/2744
f 2741/2741/2741 2744/2744/2744 2742/2742/2742
f 2743/2743/2743 2745/2745/2745 2746/2746/2746
f 2743/2743/2743 2746/2746/2746 2744/2744/2744
f 2744/2744/2744 2746/2746/2746 1356/1356/1356
f 2744/2744/2744 1356/1356/1356 1354/1354/1354
f 2742/2742/2742 2744/2744/2744 1354/1354/1354
f 2742/2742/2742 1354/1354/1354 1349/1349/1349
f 2745/2745/2745 2747/2747/2747 2748/2748/2748
f 2745/2745/2745 2748/2748/2748 2746/2746/2746
f 2747/2747/2747 2749/2749/2749 2750/2750/2750
f 2747/2747/2747 2750/2750/2750 2748/2748/2748
f 2748/2748/2748 2750/2750/2750 1362/1362/1362
f 2748/2748/2748 1362/1362/1362 1360/1360/1360
f 2746/2746/2746 2748/2748/2748 1360/1360/1360
f 2746/2746/2746 1360/1360/1360 1356/1356/1356
f 2749/2749/2749 2751/2751/2751 2752/2752/2752
f 2749/2749/2749 2752/2752/2752 2750/2750/2750
f 2751/2751/2751 2753/2753/2753 2754/2754/2754
f 2751/2751/2751 2754/2754/2754 2752/2752/2752
f 2752/2752/2752 2754/2754/2754 1368/1368/1368
f 2752/2752/2752 1368/1368/1368 1366/1366/1366
f 2750/2750/2750 2752/2752/2752 1366/1366/1366
f 2750/2750/2750 1366/1366/1366 1362/1362/1362
f 2753/2753/2753 2755/2755/2755 2756/2756/2756
f 2753/2753/2753 2756/2756/2756 2754/2754/2754
f 2755/2755/2755 2757/2757/2757 2758/2758/2758
f 2755/2755/2755 2758/2758/2758 2756/2756/2756
f 2756/2756/2756 2758/2758/2758 1374/1374/1374
f 2756/2756/2756 1374/1374/1374 1372/1372/1372
f 2754/2754/2754 2756/2756/2756 1372/1372/1372
f 2754/2754/2754 1372/1372/1372 1368/1368/1368
f 1378/1378/1378 1575/1575/1575 2759/2759/2759
f 1378/1378/1378 2759/2759/2759 2760/2760/2760
f 1575/1575/1575 1374/1374/1374 2758/2758/2758
f 1575/1575/1575 2758/2758/2758 2759/2759/2759
f 2759/2759/2759 2758/2758/2758 2757/2757/2757
f 2759/2759/2759 2757/2757/2757 2761/2761/2761
f 2760/2760/2760 2759/2759/2759 2761/2761/2761
f 2760/2760/2760 2761/2761/2761 2762/2762/2762
f 2762/2762/2762 2763/2763/2763 2764/2764/2764
f 2762/2762/2762 2764/2764/2764 2760/2760/2760
f 2763/2763/2763 2765/2765/2765 2766/2766/2766
f 2763/2763/2763 2766/2766/2766 2764/2764/2764
f 2764/2764/2764 2766/2766/2766 1382/1382/1382
f 2764/2764/2764 1382/1382/1382 1379/1379/1379
f 2760/2760/2760 2764/2764/2764 1379/1379/1379
f 2760/2760/2760 1379/1379/1379 1378/1378/1378
f 2765/2765/2765 2767/2767/2767 2768/2768/2768
f 2765/2765/2765 2768/2768/2768 2766/2766/2766
f 2767/2767/2767 2769/2769/2769 2770/2770/2770
f 2767/2767/2767 2770/2770/2770 2768/2768/2768
f 2768/2768/2768 2770/2770/2770 1389/1389/1389
f 2768/2768/2768 1389/1389/1389 1387/1387/1387
f 2766/2766/2766 2768/2768/2768 1387/1387/1387
f 2766/2766/2766 1387/1387/1387 1382/1382/1382
f 2769/2769/2769 2771/2771/2771 2772/2772/2772
f 2769/2769/2769 2772/2772/2772 2770/2770/2770
f 2771/2771/2771 2773/2773/2773 2774/2774/2774
f 2771/2771/2771 2774/2774/2774 2772/2772/2772
f 2772/2772/2772 2774/2774/2774 1395/1395/1395
f 2772/2772/2772 1395/1395/1395 1393/1393/1393
f 2770/2770/2770 2772/2772/2772 1393/1393/1393
f 2770/2770/2770 1393/1393/1393 1389/1389/1389
f 1399/1399/1399 1632/1632/1632 2775/2775/2775
f 1399/1399/1399 2775/2775/2775 2776/2776/2776
f 1632/1632/1632 1395/1395/1395 2774/2774/2774
f 1632/1632/1632 2774/2774/2774 2775/2775/2775
f 2775/2775/2775 2774/2774/2774 2773/2773/2773
f 2775/2775/2775 2773/2773/2773 2777/2777/2777
f 2776/2776/2776 2775/2775/2775 2777/2777/2777
f 2776/2776/2776 2777/2777/2777 2778/2778/2778
f 2778/2778/2778 2779/2779/2779 2780/2780/2780
f 2778/2778/2778 2780/2780/2780 2776/2776/2776
f 2779/2779/2779 2781/2781/2781 2782/2782/2782
f 2779/2779/2779 2782/2782/2782 2780/2780/2780
f 2780/2780/2780 2782/2782/2782 1403/1403/1403
f 2780/2780/2780 1403/1403/1403 1400/1400/1400
f 2776/2776/2776 2780/2780/2780 1400/1400/1400
f 2776/2776/2776 1400/1400/1400 1399/1399/1399
f 2781/2781/2781 2783/2783/2783 2784/2784/2784
f 2781/2781/2781 2784/2784/2784 2782/2782/2782
f 2783/2783/2783 2785/2785/2785 2786/2786/2786
f 2783/2783/2783 2786/2786/2786 2784/2784/2784
f 2784/2784/2784 2786/2786/2786 1410/1410/1410
f 2784/2784/2784 1410/1410/1410 1408/1408/1408
f 2782/2782/2782 2784/2784/2784 1408/1408/1408
f 2782/2782/2782 1408/1408/1408 1403/1403/1403
f 2785/2785/2785 2787/2787/2787 2788/2788/2788
f 2785/2785/2785 2788/2788/2788 2786/2786/2786
f 2787/2787/2787 2789/2789/2789 2790/2790/2790
f 2787/2787/2787 2790/2790/2790 2788/2788/2788
f 2788/2788/2788 2790/2790/2790 1416/1416/1416
f 2788/2788/2788 1416/1416/1416 1414/1414/1414
f 2786/2786/2786 2788/2788/2788 1414/1414/1414
f 2786/2786/2786 1414/1414/1414 1410/1410/1410
f 2789/2789/2789 2791/2791/2791 2792/2792/2792
f 2789/2789/2789 2792/2792/2792 2790/2790/2790
f 2791/2791/2791 2793/2793/2793 2794/2794/2794
f 2791/2791/2791 2794/2794/2794 2792/2792/2792
f 2792/2792/2792 2794/2794/2794 1422/1422/1422
f 2792/2792/2792 1422/1422/1422 1420/1420/1420
f 2790/2790/2790 2792/2792/2792 1420/1420/1420
f 2790/2790/2790 1420/1420/1420 1416/1416/1416
f 1426/1426/1426 1820/1820/1820 2795/2795/2795
f 1426/1426/1426 2795/2795/2795 2796/2796/2796
f 1820/1820/1820 1422/1422/1422 2794/2794/2794
f 1820/1820/1820 2794/2794/2794 2795/2795/2795
f 2795/2795/2795 2794/2794/2794 2793/2793/2793
f 2795/2795/2795 2793/2793/2793 2797/2797/2797
f 2796/2796/2796 2795/2795/2795 2797/2797/2797
f 2796/2796/2796 2797/2797/2797 2798/2798/2798
f 2798/2798/2798 2799/2799/2799 2800/2800/2800
f 2798/2798/2798 2800/2800/2800 2796/2796/2796
f 2799/2799/2799 2801/2801/2801 2802/2802/2802
f 2799/2799/2799 2802/2802/2802 2800/2800/2800
f 2800/2800/2800 2802/2802/2802 1430/1430/1430
f 2800/2800/2800 1430/1430/1430 1427/1427/1427
f 2796/2796/2796 2800/2800/2800 1427/1427/1427
f 2796/2796/2796 1427/1427/1427 1426/1426/1426
f 2801/2801/2801 2803/2803/2803 2804/2804/2804
f 2801/2801/2801 2804/2804/2804 2802/2802/2802
f 2803/2803/2803 2805/2805/2805 2806/2806/2806
f 2803/2803/2803 2806/2806/2806 2804/2804/2804
f 2804/2804/2804 2806/2806/2806 1437/1437/1437
f 2804/2804/2804 1437/1437/1437 1435/1435/1435
f 2802/2802/2802 2804/2804/2804 1435/1435/1435
f 2802/2802/2802 1435/1435/1435 1430/1430/1430
f 36/36/36 1124/1124/1124 2807/2807/2807
f 36/36/36 2807/2807/2807 2808/2808/2808
f 1124/1124/1124 1123/1123/1123 2809/2809/2809
f 1124/1124/1124 2809/2809/2809 2807/2807/2807
f 2807/2807/2807 2809/2809/2809 1830/1830/1830
f 2807/2807/2807 1830/1830/1830 1827/1827/1827
f 2808/2808/2808 2807/2807/2807 1827/1827/1827
f 2808/2808/2808 1827/1827/1827 1826/1826/1826
f 1123/1123/1123 1525/1525/1525 2810/2810/2810
f 1123/1123/1123 2810/2810/2810 2809/2809/2809
f 1525/1525/1525 1524/1524/1524 2811/2811/2811
f 1525/1525/1525 2811/2811/2811 2810/2810/2810
f 2810/2810/2810 2811/2811/2811 1837/1837/1837
f 2810/2810/2810 1837/1837/1837 1835/1835/1835
f 2809/2809/2809 2810/2810/2810 1835/1835/1835
f 2809/2809/2809 1835/1835/1835 1830/1830/1830
f 1524/1524/1524 1529/1529/1529 2812/2812/2812
f 1524/1524/1524 2812/2812/2812 2811/2811/2811
f 1529/1529/1529 1528/1528/1528 2813/2813/2813
f 1529/1529/1529 2813/2813/2813 2812/2812/2812
f 2812/2812/2812 2813/2813/2813 1870/1870/1870
f 2812/2812/2812 1870/1870/1870 1868/1868/1868
f 2811/2811/2811 2812/2812/2812 1868/1868/1868
f 2811/2811/2811 1868/1868/1868 1837/1837/1837
f 1528/1528/1528 1533/1533/1533 2814/2814/2814
f 1528/1528/1528 2814/2814/2814 2813/2813/2813
f 1533/1533/1533 1532/1532/1532 2815/2815/2815
f 1533/1533/1533 2815/2815/2815 2814/2814/2814
f 2814/2814/2814 2815/2815/2815 1894/1894/1894
f 2814/2814/2814 1894/1894/1894 1892/1892/1892
f 2813/2813/2813 2814/2814/2814 1892/1892/1892
f 2813/2813/2813 1892/1892/1892 1870/1870/1870
f 1532/1532/1532 1537/1537/1537 2816/2816/2816
f 1532/1532/1532 2816/2816/2816 2815/2815/2815
f 1537/1537/1537 1536/1536/1536 2817/2817/2817
f 1537/1537/1537 2817/2817/2817 2816/2816/2816
f 2816/2816/2816 2817/2817/2817 1918/1918/1918
f 2816/2816/2816 1918/1918/1918 1916/1916/1916
f 2815/2815/2815 2816/2816/2816 1916/1916/1916
f 2815/2815/2815 1916/1916/1916 1894/1894/1894
f 1536/1536/1536 1541/1541/1541 2818/2818/2818
f 1536/1536/1536 2818/2818/2818 2817/2817/2817
f 1541/1541/1541 1540/1540/1540 2819/2819/2819
f 1541/1541/1541 2819/2819/2819 2818/2818/2818
f 2818/2818/2818 2819/2819/2819 1942/1942/1942
f 2818/2818/2818 1942/1942/1942 1940/1940/1940
f 2817/2817/2817 2818/2818/2818 1940/1940/1940
f 2817/2817/2817 1940/1940/1940 1918/1918/1918
f 1540/1540/1540 1545/1545/1545 2820/2820/2820
f 1540/1540/1540 2820/2820/2820 2819/2819/2819
f 1545/1545/1545 1544/1544/1544 2821/2821/2821
f 1545/1545/1545 2821/2821/2821 2820/2820/2820
f 2820/2820/2820 2821/2821/2821 1966/1966/1966
f 2820/2820/2820 1966/1966/1966 1964/1964/1964
f 2819/2819/2819 2820/2820/2820 1964/1964/1964
f 2819/2819/2819 1964/1964/1964 1942/1942/1942
f 1544/1544/1544 1549/1549/1549 2822/2822/2822
f 1544/1544/1544 2822/2822/2822 2821/2821/2821
f 1549/1549/1549 1548/1548/1548 2823/2823/2823
f 1549/1549/1549 2823/2823/2823 2822/2822/2822
f 2822/2822/2822 2823/2823/2823 1990/1990/1990
f 2822/2822/2822 1990/1990/1990 1988/1988/1988
f 2821/2821/2821 2822/2822/2822 1988/1988/1988
f 2821/2821/2821 1988/1988/1988 1966/1966/1966
f 1548/1548/1548 1553/1553/1553 2824/2824/2824
f 1548/1548/1548 2824/2824/2824 2823/2823/2823
f 1553/1553/1553 1552/1552/1552 2825/2825/2825
f 1553/1553/1553 2825/2825/2825 2824/2824/2824
f 2824/2824/2824 2825/2825/2825 2014/2014/2014
f 2824/2824/2824 2014/2014/2014 2012/2012/2012
f 2823/2823/2823 2824/2824/2824 2012/2012/2012
f 2823/2823/2823 2012/2012/2012 1990/1990/1990
f 1552/1552/1552 1557/1557/1557 2826/2826/2826
f 1552/1552/1552 2826/2826/2826 2825/2825/2825
f 1557/1557/1557 1556/1556/1556 2827/2827/2827
f 1557/1557/1557 2827/2827/2827 2826/2826/2826
f 2826/2826/2826 2827/2827/2827 2038/2038/2038
f 2826/2826/2826 2038/2038/2038 2036/2036/2036
f 2825/2825/2825 2826/2826/2826 2036/2036/2036
f 2825/2825/2825 2036/2036/2036 2014/2014/2014
f 1556/1556/1556 1561/1561/1561 2828/2828/2828
f 1556/1556/1556 2828/2828/2828 2827/2827/2827
f 1561/1561/1561 1560/1560/1560 2829/2829/2829
f 1561/1561/1561 2829/2829/2829 2828/2828/2828
f 2828/2828/2828 2829/2829/2829 2062/2062/2062
f 2828/2828/2828 2062/2062/2062 2060/2060/2060
f 2827/2827/2827 2828/2828/2828 2060/2060/2060
f 2827/2827/2827 2060/2060/2060 2038/2038/2038
f 2088/2088/2088 2830/2830/2830 2831/2831/2831
f 2088/2088/2088 2831/2831/2831 2089/2089/2089
f 2830/2830/2830 1568/1568/1568 1565/1565/1565
f 2830/2830/2830 1565/1565/1565 2831/2831/2831
f 2831/2831/2831 1565/1565/1565 1564/1564/1564
f 2831/2831/2831 1564/1564/1564 2832/2832/2832
f 2089/2089/2089 2831/2831/2831 2832/2832/2832
f 2089/2089/2089 2832/2832/2832 2090/2090/2090
f 1564/1564/1564 1567/1567/1567 2833/2833/2833
f 1564/1564/1564 2833/2833/2833 2832/2832/2832
f 1567/1567/1567 834/834/834 2834/2834/2834
f 1567/1567/1567 2834/2834/2834 2833/2833/2833
f 2833/2833/2833 2834/2834/2834 2335/2335/2335
f 2833/2833/2833 2335/2335/2335 2333/2333/2333
f 2832/2832/2832 2833/2833/2833 2333/2333/2333
f 2832/2832/2832 2333/2333/2333 2090/2090/2090
f 834/834/834 833/833/833 2835/2835/2835
f 834/834/834 2835/2835/2835 2834/2834/2834
f 833/833/833 832/832/832 2836/2836/2836
f 833/833/833 2836/2836/2836 2835/2835/2835
f 2835/2835/2835 2836/2836/2836 2341/2341/2341
f 2835/2835/2835 2341/2341/2341 2339/2339/2339
f 2834/2834/2834 2835/2835/2835 2339/2339/2339
f 2834/2834/2834 2339/2339/2339 2335/2335/2335
f 832/832/832 840/840/840 2837/2837/2837
f 832/832/832 2837/2837/2837 2836/2836/2836
f 840/840/840 839/839/839 2838/2838/2838
f 840/840/840 2838/2838/2838 2837/2837/2837
f 2837/2837/2837 2838/2838/2838 2111/2111/2111
f 2837/2837/2837 2111/2111/2111 2349/2349/2349
f 2836/2836/2836 2837/2837/2837 2349/2349/2349
f 2836/2836/2836 2349/2349/2349 2341/2341/2341
f 839/839/839 838/838/838 2839/2839/2839
f 839/839/839 2839/2839/2839 2838/2838/2838
f 838/838/838 837/837/837 2840/2840/2840
f 838/838/838 2840/2840/2840 2839/2839/2839
f 2839/2839/2839 2840/2840/2840 2115/2115/2115
f 2839/2839/2839 2115/2115/2115 2112/2112/2112
f 2838/2838/2838 2839/2839/2839 2112/2112/2112
f 2838/2838/2838 2112/2112/2112 2111/2111/2111
f 744/744/744 743/743/743 2841/2841/2841
f 744/744/744 2841/2841/2841 2842/2842/2842
f 743/743/743 670/670/670 2843/2843/2843
f 743/743/743 2843/2843/2843 2841/2841/2841
f 2841/2841/2841 2843/2843/2843 2054/2054/2054
f 2841/2841/2841 2054/2054/2054 2079/2079/2079
f 2842/2842/2842 2841/2841/2841 2079/2079/2079
f 2842/2842/2842 2079/2079/2079 2078/2078/2078
f 670/670/670 669/669/669 2844/2844/2844
f 670/670/670 2844/2844/2844 2843/2843/2843
f 669/669/669 596/596/596 2845/2845/2845
f 669/669/669 2845/2845/2845 2844/2844/2844
f 2844/2844/2844 2845/2845/2845 2030/2030/2030
f 2844/2844/2844 2030/2030/2030 2055/2055/2055
f 2843/2843/2843 2844/2844/2844 2055/2055/2055
f 2843/2843/2843 2055/2055/2055 2054/2054/2054
f 596/596/596 595/595/595 2846/2846/2846
f 596/596/596 2846/2846/2846 2845/2845/2845
f 595/595/595 522/522/522 2847/2847/2847
f 595/595/595 2847/2847/2847 2846/2846/2846
f 2846/2846/2846 2847/2847/2847 2006/2006/2006
f 2846/2846/2846 2006/2006/2006 2031/2031/2031
f 2845/2845/2845 2846/2846/2846 2031/2031/2031
f 2845/2845/2845 2031/2031/2031 2030/2030/2030
f 522/522/522 521/521/521 2848/2848/2848
f 522/522/522 2848/2848/2848 2847/2847/2847
f 521/521/521 448/448/448 2849/2849/2849
f 521/521/521 2849/2849/2849 2848/2848/2848
f 2848/2848/2848 2849/2849/2849 1982/1982/1982
f 2848/2848/2848 1982/1982/1982 2007/2007/2007
f 2847/2847/2847 2848/2848/2848 2007/2007/2007
f 2847/2847/2847 2007/2007/2007 2006/2006/2006
f 448/448/448 447/447/447 2850/2850/2850
f 448/448/448 2850/2850/2850 2849/2849/2849
f 447/447/447 374/374/374 2851/2851/2851
f 447/447/447 2851/2851/2851 2850/2850/2850
f 2850/2850/2850 2851/2851/2851 1958/1958/1958
f 2850/2850/2850 1958/1958/1958 1983/1983/1983
f 2849/2849/2849 2850/2850/2850 1983/1983/1983
f 2849/2849/2849 1983/1983/1983 1982/1982/1982
f 374/374/374 373/373/373 2852/2852/2852
f 374/374/374 2852/2852/2852 2851/2851/2851
f 373/373/373 300/300/300 2853/2853/2853
f 373/373/373 2853/2853/2853 2852/2852/2852
f 2852/2852/2852 2853/2853/2853 1934/1934/1934
f 2852/2852/2852 1934/1934/1934 1959/1959/1959
f 2851/2851/2851 2852/2852/2852 1959/1959/1959
f 2851/2851/2851 1959/1959/1959 1958/1958/1958
f 300/300/300 299/299/299 2854/2854/2854
f 300/300/300 2854/2854/2854 2853/2853/2853
f 299/299/299 226/226/226 2855/2855/2855
f 299/299/299 2855/2855/2855 2854/2854/2854
f 2854/2854/2854 2855/2855/2855 1910/1910/1910
f 2854/2854/2854 1910/1910/1910 1935/1935/1935
f 2853/2853/2853 2854/2854/2854 1935/1935/1935
f 2853/2853/2853 1935/1935/1935 1934/1934/1934
f 226/226/226 225/225/225 2856/2856/2856
f 226/226/226 2856/2856/2856 2855/2855/2855
f 225/225/225 152/152/152 2857/2857/2857
f 225/225/225 2857/2857/2857 2856/2856/2856
f 2856/2856/2856 2857/2857/2857 1886/1886/1886
f 2856/2856/2856 1886/1886/1886 1911/1911/1911
f 2855/2855/2855 2856/2856/2856 1911/1911/1911
f 2855/2855/2855 1911/1911/1911 1910/1910/1910
f 152/152/152 151/151/151 2858/2858/2858
f 152/152/152 2858/2858/2858 2857/2857/2857
f 151/151/151 62/62/62 2859/2859/2859
f 151/151/151 2859/2859/2859 2858/2858/2858
f 2858/2858/2858 2859/2859/2859 1862/1862/1862
f 2858/2858/2858 1862/1862/1862 1887/1887/1887
f 2857/2857/2857 2858/2858/2858 1887/1887/1887
f 2857/2857/2857 1887/1887/1887 1886/1886/1886
f 62/62/62 61/61/61 2860/2860/2860
f 62/62/62 2860/2860/2860 2859/2859/2859
f 61/61/61 60/60/60 2861/2861/2861
f 61/61/61 2861/2861/2861 2860/2860/2860
f 2860/2860/2860 2861/2861/2861 1847/1847/1847
f 2860/2860/2860 1847/1847/1847 1863/1863/1863
f 2859/2859/2859 2860/2860/2860 1863/1863/1863
f 2859/2859/2859 1863/1863/1863 1862/1862/1862
f 60/60/60 1139/1139/1139 2862/2862/2862
f 60/60/60 2862/2862/2862 2861/2861/2861
f 1139/1139/1139 1138/1138/1138 2863/2863/2863
f 1139/1139/1139 2863/2863/2863 2862/2862/2862
f 2862/2862/2862 2863/2863/2863 1851/1851/1851
f 2862/2862/2862 1851/1851/1851 1848/1848/1848
f 2861/2861/2861 2862/2862/2862 1848/1848/1848
f 2861/2861/2861 1848/1848/1848 1847/1847/1847
f 1138/1138/1138 1582/1582/1582 2864/2864/2864
f 1138/1138/1138 2864/2864/2864 2863/2863/2863
f 1582/1582/1582 1581/1581/1581 2865/2865/2865
f 1582/1582/1582 2865/2865/2865 2864/2864/2864
f 2864/2864/2864 2865/2865/2865 1858/1858/1858
f 2864/2864/2864 1858/1858/1858 1856/1856/1856
f 2863/2863/2863 2864/2864/2864 1856/1856/1856
f 2863/2863/2863 1856/1856/1856 1851/1851/1851
f 1581/1581/1581 1586/1586/1586 2866/2866/2866
f 1581/1581/1581 2866/2866/2866 2865/2865/2865
f 1586/1586/1586 1585/1585/1585 2867/2867/2867
f 1586/1586/1586 2867/2867/2867 2866/2866/2866
f 2866/2866/2866 2867/2867/2867 1882/1882/1882
f 2866/2866/2866 1882/1882/1882 1880/1880/1880
f 2865/2865/2865 2866/2866/2866 1880/1880/1880
f 2865/2865/2865 1880/1880/1880 1858/1858/1858
f 1585/1585/1585 1590/1590/1590 2868/2868/2868
f 1585/1585/1585 2868/2868/2868 2867/2867/2867
f 1590/1590/1590 1589/1589/1589 2869/2869/2869
f 1590/1590/1590 2869/2869/2869 2868/2868/2868
f 2868/2868/2868 2869/2869/2869 1906/1906/1906
f 2868/2868/2868 1906/1906/1906 1904/1904/1904
f 2867/2867/2867 2868/2868/2868 1904/1904/1904
f 2867/2867/2867 1904/1904/1904 1882/1882/1882
f 1589/1589/1589 1594/1594/1594 2870/2870/2870
f 1589/1589/1589 2870/2870/2870 2869/2869/2869
f 1594/1594/1594 1593/1593/1593 2871/2871/2871
f 1594/1594/1594 2871/2871/2871 2870/2870/2870
f 2870/2870/2870 2871/2871/2871 1930/1930/1930
f 2870/2870/2870 1930/1930/1930 1928/1928/1928
f 2869/2869/2869 2870/2870/2870 1928/1928/1928
f 2869/2869/2869 1928/1928/1928 1906/1906/1906
f 1593/1593/1593 1598/1598/1598 2872/2872/2872
f 1593/1593/1593 2872/2872/2872 2871/2871/2871
f 1598/1598/1598 1597/1597/1597 2873/2873/2873
f 1598/1598/1598 2873/2873/2873 2872/2872/2872
f 2872/2872/2872 2873/2873/2873 1954/1954/1954
f 2872/2872/2872 1954/1954/1954 1952/1952/1952
f 2871/2871/2871 2872/2872/2872 1952/1952/1952
f 2871/2871/2871 1952/1952/1952 1930/1930/1930
f 1597/1597/1597 1602/1602/1602 2874/2874/2874
f 1597/1597/1597 2874/2874/2874 2873/2873/2873
f 1602/1602/1602 1601/1601/1601 2875/2875/2875
f 1602/1602/1602 2875/2875/2875 2874/2874/2874
f 2874/2874/2874 2875/2875/2875 1978/1978/1978
f 2874/2874/2874 1978/1978/1978 1976/1976/1976
f 2873/2873/2873 2874/2874/2874 1976/1976/1976
f 2873/2873/2873 1976/1976/1976 1954/1954/1954
f 1601/1601/1601 1606/1606/1606 2876/2876/2876
f 1601/1601/1601 2876/2876/2876 2875/2875/2875
f 1606/1606/1606 1605/1605/1605 2877/2877/2877
f 1606/1606/1606 2877/2877/2877 2876/2876/2876
f 2876/2876/2876 2877/2877/2877 2002/2002/2002
f 2876/2876/2876 2002/2002/2002 2000/2000/2000
f 2875/2875/2875 2876/2876/2876 2000/2000/2000
f 2875/2875/2875 2000/2000/2000 1978/1978/1978
f 1605/1605/1605 1610/1610/1610 2878/2878/2878
f 1605/1605/1605 2878/2878/2878 2877/2877/2877
f 1610/1610/1610 1609/1609/1609 2879/2879/2879
f 1610/1610/1610 2879/2879/2879 2878/2878/2878
f 2878/2878/2878 2879/2879/2879 2026/2026/2026
f 2878/2878/2878 2026/2026/2026 2024/2024/2024
f 2877/2877/2877 2878/2878/2878 2024/2024/2024
f 2877/2877/2877 2024/2024/2024 2002/2002/2002
f 1609/1609/1609 1614/1614/1614 2880/2880/2880
f 1609/1609/1609 2880/2880/2880 2879/2879/2879
f 1614/1614/1614 1613/1613/1613 2881/2881/2881
f 1614/1614/1614 2881/2881/2881 2880/2880/2880
f 2880/2880/2880 2881/2881/2881 2050/2050/2050
f 2880/2880/2880 2050/2050/2050 2048/2048/2048
f 2879/2879/2879 2880/2880/2880 2048/2048/2048
f 2879/2879/2879 2048/2048/2048 2026/2026/2026
f 1613/1613/1613 1618/1618/1618 2882/2882/2882
f 1613/1613/1613 2882/2882/2882 2881/2881/2881
f 1618/1618/1618 1617/1617/1617 2883/2883/2883
f 1618/1618/1618 2883/2883/2883 2882/2882/2882
f 2882/2882/2882 2883/2883/2883 2074/2074/2074
f 2882/2882/2882 2074/2074/2074 2072/2072/2072
f 2881/2881/2881 2882/2882/2882 2072/2072/2072
f 2881/2881/2881 2072/2072/2072 2050/2050/2050
f 2106/2106/2106 2884/2884/2884 2885/2885/2885
f 2106/2106/2106 2885/2885/2885 2107/2107/2107
f 2884/2884/2884 1625/1625/1625 1622/1622/1622
f 2884/2884/2884 1622/1622/1622 2885/2885/2885
f 2885/2885/2885 1622/1622/1622 1621/1621/1621
f 2885/2885/2885 1621/1621/1621 2886/2886/2886
f 2107/2107/2107 2885/2885/2885 2886/2886/2886
f 2107/2107/2107 2886/2886/2886 2108/2108/2108
f 1621/1621/1621 1624/1624/1624 2887/2887/2887
f 1621/1621/1621 2887/2887/2887 2886/2886/2886
f 1624/1624/1624 858/858/858 2888/2888/2888
f 1624/1624/1624 2888/2888/2888 2887/2887/2887
f 2887/2887/2887 2888/2888/2888 2366/2366/2366
f 2887/2887/2887 2366/2366/2366 2364/2364/2364
f 2886/2886/2886 2887/2887/2887 2364/2364/2364
f 2886/2886/2886 2364/2364/2364 2108/2108/2108
f 858/858/858 857/857/857 2889/2889/2889
f 858/858/858 2889/2889/2889 2888/2888/2888
f 857/857/857 856/856/856 2890/2890/2890
f 857/857/857 2890/2890/2890 2889/2889/2889
f 2889/2889/2889 2890/2890/2890 2372/2372/2372
f 2889/2889/2889 2372/2372/2372 2370/2370/2370
f 2888/2888/2888 2889/2889/2889 2370/2370/2370
f 2888/2888/2888 2370/2370/2370 2366/2366/2366
f 856/856/856 864/864/864 2891/2891/2891
f 856/856/856 2891/2891/2891 2890/2890/2890
f 864/864/864 863/863/863 2892/2892/2892
f 864/864/864 2892/2892/2892 2891/2891/2891
f 2891/2891/2891 2892/2892/2892 2382/2382/2382
f 2891/2891/2891 2382/2382/2382 2380/2380/2380
f 2890/2890/2890 2891/2891/2891 2380/2380/2380
f 2890/2890/2890 2380/2380/2380 2372/2372/2372
f 863/863/863 870/870/870 2893/2893/2893
f 863/863/863 2893/2893/2893 2892/2892/2892
f 870/870/870 869/869/869 2894/2894/2894
f 870/870/870 2894/2894/2894 2893/2893/2893
f 2893/2893/2893 2894/2894/2894 2392/2392/2392
f 2893/2893/2893 2392/2392/2392 2390/2390/2390
f 2892/2892/2892 2893/2893/2893 2390/2390/2390
f 2892/2892/2892 2390/2390/2390 2382/2382/2382
f 869/869/869 876/876/876 2895/2895/2895
f 869/869/869 2895/2895/2895 2894/2894/2894
f 876/876/876 875/875/875 2896/2896/2896
f 876/876/876 2896/2896/2896 2895/2895/2895
f 2895/2895/2895 2896/2896/2896 2402/2402/2402
f 2895/2895/2895 2402/2402/2402 2400/2400/2400
f 2894/2894/2894 2895/2895/2895 2400/2400/2400
f 2894/2894/2894 2400/2400/2400 2392/2392/2392
f 875/875/875 874/874/874 2897/2897/2897
f 875/875/875 2897/2897/2897 2896/2896/2896
f 874/874/874 873/873/873 2898/2898/2898
f 874/874/874 2898/2898/2898 2897/2897/2897
f 2897/2897/2897 2898/2898/2898 2561/2561/2561
f 2897/2897/2897 2561/2561/2561 2559/2559/2559
f 2896/2896/2896 2897/2897/2897 2559/2559/2559
f 2896/2896/2896 2559/2559/2559 2402/2402/2402
f 768/768/768 767/767/767 2899/2899/2899
f 768/768/768 2899/2899/2899 2900/2900/2900
f 767/767/767 694/694/694 2901/2901/2901
f 767/767/767 2901/2901/2901 2899/2899/2899
f 2899/2899/2899 2901/2901/2901 2535/2535/2535
f 2899/2899/2899 2535/2535/2535 2548/2548/2548
f 2900/2900/2900 2899/2899/2899 2548/2548/2548
f 2900/2900/2900 2548/2548/2548 2547/2547/2547
f 694/694/694 693/693/693 2902/2902/2902
f 694/694/694 2902/2902/2902 2901/2901/2901
f 693/693/693 620/620/620 2903/2903/2903
f 693/693/693 2903/2903/2903 2902/2902/2902
f 2902/2902/2902 2903/2903/2903 2523/2523/2523
f 2902/2902/2902 2523/2523/2523 2536/2536/2536
f 2901/2901/2901 2902/2902/2902 2536/2536/2536
f 2901/2901/2901 2536/2536/2536 2535/2535/2535
f 620/620/620 619/619/619 2904/2904/2904
f 620/620/620 2904/2904/2904 2903/2903/2903
f 619/619/619 546/546/546 2905/2905/2905
f 619/619/619 2905/2905/2905 2904/2904/2904
f 2904/2904/2904 2905/2905/2905 2511/2511/2511
f 2904/2904/2904 2511/2511/2511 2524/2524/2524
f 2903/2903/2903 2904/2904/2904 2524/2524/2524
f 2903/2903/2903 2524/2524/2524 2523/2523/2523
f 546/546/546 545/545/545 2906/2906/2906
f 546/546/546 2906/2906/2906 2905/2905/2905
f 545/545/545 472/472/472 2907/2907/2907
f 545/545/545 2907/2907/2907 2906/2906/2906
f 2906/2906/2906 2907/2907/2907 2499/2499/2499
f 2906/2906/2906 2499/2499/2499 2512/2512/2512
f 2905/2905/2905 2906/2906/2906 2512/2512/2512
f 2905/2905/2905 2512/2512/2512 2511/2511/2511
f 472/472/472 471/471/471 2908/2908/2908
f 472/472/472 2908/2908/2908 2907/2907/2907
f 471/471/471 398/398/398 2909/2909/2909
f 471/471/471 2909/2909/2909 2908/2908/2908
f 2908/2908/2908 2909/2909/2909 2487/2487/2487
f 2908/2908/2908 2487/2487/2487 2500/2500/2500
f 2907/2907/2907 2908/2908/2908 2500/2500/2500
f 2907/2907/2907 2500/2500/2500 2499/2499/2499
f 398/398/398 397/397/397 2910/2910/2910
f 398/398/398 2910/2910/2910 2909/2909/2909
f 397/397/397 324/324/324 2911/2911/2911
f 397/397/397 2911/2911/2911 2910/2910/2910
f 2910/2910/2910 2911/2911/2911 2475/2475/2475
f 2910/2910/2910 2475/2475/2475 2488/2488/2488
f 2909/2909/2909 2910/2910/2910 2488/2488/2488
f 2909/2909/2909 2488/2488/2488 2487/2487/2487
f 324/324/324 323/323/323 2912/2912/2912
f 324/324/324 2912/2912/2912 2911/2911/2911
f 323/323/323 250/250/250 2913/2913/2913
f 323/323/323 2913/2913/2913 2912/2912/2912
f 2912/2912/2912 2913/2913/2913 2463/2463/2463
f 2912/2912/2912 2463/2463/2463 2476/2476/2476
f 2911/2911/2911 2912/2912/2912 2476/2476/2476
f 2911/2911/2911 2476/2476/2476 2475/2475/2475
f 250/250/250 249/249/249 2914/2914/2914
f 250/250/250 2914/2914/2914 2913/2913/2913
f 249/249/249 176/176/176 2915/2915/2915
f 249/249/249 2915/2915/2915 2914/2914/2914
f 2914/2914/2914 2915/2915/2915 2451/2451/2451
f 2914/2914/2914 2451/2451/2451 2464/2464/2464
f 2913/2913/2913 2914/2914/2914 2464/2464/2464
f 2913/2913/2913 2464/2464/2464 2463/2463/2463
f 176/176/176 175/175/175 2916/2916/2916
f 176/176/176 2916/2916/2916 2915/2915/2915
f 175/175/175 98/98/98 2917/2917/2917
f 175/175/175 2917/2917/2917 2916/2916/2916
f 2916/2916/2916 2917/2917/2917 2430/2430/2430
f 2916/2916/2916 2430/2430/2430 2452/2452/2452
f 2915/2915/2915 2916/2916/2916 2452/2452/2452
f 2915/2915/2915 2452/2452/2452 2451/2451/2451
f 98/98/98 97/97/97 2918/2918/2918
f 98/98/98 2918/2918/2918 2917/2917/2917
f 97/97/97 96/96/96 2919/2919/2919
f 97/97/97 2919/2919/2919 2918/2918/2918
f 2918/2918/2918 2919/2919/2919 2434/2434/2434
f 2918/2918/2918 2434/2434/2434 2431/2431/2431
f 2917/2917/2917 2918/2918/2918 2431/2431/2431
f 2917/2917/2917 2431/2431/2431 2430/2430/2430
f 96/96/96 1154/1154/1154 2920/2920/2920
f 96/96/96 2920/2920/2920 2919/2919/2919
f 1154/1154/1154 100/100/100 2921/2921/2921
f 1154/1154/1154 2921/2921/2921 2920/2920/2920
f 2920/2920/2920 2921/2921/2921 2441/2441/2441
f 2920/2920/2920 2441/2441/2441 2439/2439/2439
f 2919/2919/2919 2920/2920/2920 2439/2439/2439
f 2919/2919/2919 2439/2439/2439 2434/2434/2434
f 100/100/100 103/103/103 2922/2922/2922
f 100/100/100 2922/2922/2922 2921/2921/2921
f 103/103/103 108/108/108 2923/2923/2923
f 103/103/103 2923/2923/2923 2922/2922/2922
f 2922/2922/2922 2923/2923/2923 2447/2447/2447
f 2922/2922/2922 2447/2447/2447 2445/2445/2445
f 2921/2921/2921 2922/2922/2922 2445/2445/2445
f 2921/2921/2921 2445/2445/2445 2441/2441/2441
f 108/108/108 179/179/179 2924/2924/2924
f 108/108/108 2924/2924/2924 2923/2923/2923
f 179/179/179 183/183/183 2925/2925/2925
f 179/179/179 2925/2925/2925 2924/2924/2924
f 2924/2924/2924 2925/2925/2925 2459/2459/2459
f 2924/2924/2924 2459/2459/2459 2457/2457/2457
f 2923/2923/2923 2924/2924/2924 2457/2457/2457
f 2923/2923/2923 2457/2457/2457 2447/2447/2447
f 183/183/183 253/253/253 2926/2926/2926
f 183/183/183 2926/2926/2926 2925/2925/2925
f 253/253/253 257/257/257 2927/2927/2927
f 253/253/253 2927/2927/2927 2926/2926/2926
f 2926/2926/2926 2927/2927/2927 2471/2471/2471
f 2926/2926/2926 2471/2471/2471 2469/2469/2469
f 2925/2925/2925 2926/2926/2926 2469/2469/2469
f 2925/2925/2925 2469/2469/2469 2459/2459/2459
f 257/257/257 327/327/327 2928/2928/2928
f 257/257/257 2928/2928/2928 2927/2927/2927
f 327/327/327 331/331/331 2929/2929/2929
f 327/327/327 2929/2929/2929 2928/2928/2928
f 2928/2928/2928 2929/2929/2929 2483/2483/2483
f 2928/2928/2928 2483/2483/2483 2481/2481/2481
f 2927/2927/2927 2928/2928/2928 2481/2481/2481
f 2927/2927/2927 2481/2481/2481 2471/2471/2471
f 331/331/331 401/401/401 2930/2930/2930
f 331/331/331 2930/2930/2930 2929/2929/2929
f 401/401/401 405/405/405 2931/2931/2931
f 401/401/401 2931/2931/2931 2930/2930/2930
f 2930/2930/2930 2931/2931/2931 2495/2495/2495
f 2930/2930/2930 2495/2495/2495 2493/2493/2493
f 2929/2929/2929 2930/2930/2930 2493/2493/2493
f 2929/2929/2929 2493/2493/2493 2483/2483/2483
f 405/405/405 475/475/475 2932/2932/2932
f 405/405/405 2932/2932/2932 2931/2931/2931
f 475/475/475 479/479/479 2933/2933/2933
f 475/475/475 2933/2933/2933 2932/2932/2932
f 2932/2932/2932 2933/2933/2933 2507/2507/2507
f 2932/2932/2932 2507/2507/2507 2505/2505/2505
f 2931/2931/2931 2932/2932/2932 2505/2505/2505
f 2931/2931/2931 2505/2505/2505 2495/2495/2495
f 479/479/479 549/549/549 2934/2934/2934
f 479/479/479 2934/2934/2934 2933/2933/2933
f 549/549/549 553/553/553 2935/2935/2935
f 549/549/549 2935/2935/2935 2934/2934/2934
f 2934/2934/2934 2935/2935/2935 2519/2519/2519
f 2934/2934/2934 2519/2519/2519 2517/2517/2517
f 2933/2933/2933 2934/2934/2934 2517/2517/2517
f 2933/2933/2933 2517/2517/2517 2507/2507/2507
f 553/553/553 623/623/623 2936/2936/2936
f 553/553/553 2936/2936/2936 2935/2935/2935
f 623/623/623 627/627/627 2937/2937/2937
f 623/623/623 2937/2937/2937 2936/2936/2936
f 2936/2936/2936 2937/2937/2937 2531/2531/2531
f 2936/2936/2936 2531/2531/2531 2529/2529/2529
f 2935/2935/2935 2936/2936/2936 2529/2529/2529
f 2935/2935/2935 2529/2529/2529 2519/2519/2519
f 627/627/627 697/697/697 2938/2938/2938
f 627/627/627 2938/2938/2938 2937/2937/2937
f 697/697/697 701/701/701 2939/2939/2939
f 697/697/697 2939/2939/2939 2938/2938/2938
f 2938/2938/2938 2939/2939/2939 2543/2543/2543
f 2938/2938/2938 2543/2543/2543 2541/2541/2541
f 2937/2937/2937 2938/2938/2938 2541/2541/2541
f 2937/2937/2937 2541/2541/2541 2531/2531/2531
f 701/701/701 771/771/771 2940/2940/2940
f 701/701/701 2940/2940/2940 2939/2939/2939
f 771/771/771 775/775/775 2941/2941/2941
f 771/771/771 2941/2941/2941 2940/2940/2940
f 2940/2940/2940 2941/2941/2941 2555/2555/2555
f 2940/2940/2940 2555/2555/2555 2553/2553/2553
f 2939/2939/2939 2940/2940/2940 2553/2553/2553
f 2939/2939/2939 2553/2553/2553 2543/2543/2543
f 2569/2569/2569 2942/2942/2942 2943/2943/2943
f 2569/2569/2569 2943/2943/2943 2570/2570/2570
f 2942/2942/2942 877/877/877 880/880/880
f 2942/2942/2942 880/880/880 2943/2943/2943
f 2943/2943/2943 880/880/880 885/885/885
f 2943/2943/2943 885/885/885 2944/2944/2944
f 2570/2570/2570 2943/2943/2943 2944/2944/2944
f 2570/2570/2570 2944/2944/2944 2410/2410/2410
f 885/885/885 884/884/884 2945/2945/2945
f 885/885/885 2945/2945/2945 2944/2944/2944
f 884/884/884 883/883/883 2946/2946/2946
f 884/884/884 2946/2946/2946 2945/2945/2945
f 2945/2945/2945 2946/2946/2946 2414/2414/2414
f 2945/2945/2945 2414/2414/2414 2411/2411/2411
f 2944/2944/2944 2945/2945/2945 2411/2411/2411
f 2944/2944/2944 2411/2411/2411 2410/2410/2410
f 883/883/883 888/888/888 2947/2947/2947
f 883/883/883 2947/2947/2947 2946/2946/2946
f 888/888/888 786/786/786 2948/2948/2948
f 888/888/888 2948/2948/2948 2947/2947/2947
f 2947/2947/2947 2948/2948/2948 2267/2267/2267
f 2947/2947/2947 2267/2267/2267 2425/2425/2425
f 2946/2946/2946 2947/2947/2947 2425/2425/2425
f 2946/2946/2946 2425/2425/2425 2414/2414/2414
f 786/786/786 785/785/785 2949/2949/2949
f 786/786/786 2949/2949/2949 2948/2948/2948
f 785/785/785 784/784/784 2950/2950/2950
f 785/785/785 2950/2950/2950 2949/2949/2949
f 2949/2949/2949 2950/2950/2950 2249/2249/2249
f 2949/2949/2949 2249/2249/2249 2268/2268/2268
f 2948/2948/2948 2949/2949/2949 2268/2268/2268
f 2948/2948/2948 2268/2268/2268 2267/2267/2267
f 784/784/784 783/783/783 2951/2951/2951
f 784/784/784 2951/2951/2951 2950/2950/2950
f 783/783/783 782/782/782 2952/2952/2952
f 783/783/783 2952/2952/2952 2951/2951/2951
f 2951/2951/2951 2952/2952/2952 2253/2253/2253
f 2951/2951/2951 2253/2253/2253 2250/2250/2250
f 2950/2950/2950 2951/2951/2951 2250/2250/2250
f 2950/2950/2950 2250/2250/2250 2249/2249/2249
f 707/707/707 706/706/706 2953/2953/2953
f 707/707/707 2953/2953/2953 2954/2954/2954
f 706/706/706 633/633/633 2955/2955/2955
f 706/706/706 2955/2955/2955 2953/2953/2953
f 2953/2953/2953 2955/2955/2955 2225/2225/2225
f 2953/2953/2953 2225/2225/2225 2238/2238/2238
f 2954/2954/2954 2953/2953/2953 2238/2238/2238
f 2954/2954/2954 2238/2238/2238 2237/2237/2237
f 633/633/633 632/632/632 2956/2956/2956
f 633/633/633 2956/2956/2956 2955/2955/2955
f 632/632/632 559/559/559 2957/2957/2957
f 632/632/632 2957/2957/2957 2956/2956/2956
f 2956/2956/2956 2957/2957/2957 2213/2213/2213
f 2956/2956/2956 2213/2213/2213 2226/2226/2226
f 2955/2955/2955 2956/2956/2956 2226/2226/2226
f 2955/2955/2955 2226/2226/2226 2225/2225/2225
f 559/559/559 558/558/558 2958/2958/2958
f 559/559/559 2958/2958/2958 2957/2957/2957
f 558/558/558 485/485/485 2959/2959/2959
f 558/558/558 2959/2959/2959 2958/2958/2958
f 2958/2958/2958 2959/2959/2959 2201/2201/2201
f 2958/2958/2958 2201/2201/2201 2214/2214/2214
f 2957/2957/2957 2958/2958/2958 2214/2214/2214
f 2957/2957/2957 2214/2214/2214 2213/2213/2213
f 485/485/485 484/484/484 2960/2960/2960
f 485/485/485 2960/2960/2960 2959/2959/2959
f 484/484/484 411/411/411 2961/2961/2961
f 484/484/484 2961/2961/2961 2960/2960/2960
f 2960/2960/2960 2961/2961/2961 2189/2189/2189
f 2960/2960/2960 2189/2189/2189 2202/2202/2202
f 2959/2959/2959 2960/2960/2960 2202/2202/2202
f 2959/2959/2959 2202/2202/2202 2201/2201/2201
f 411/411/411 410/410/410 2962/2962/2962
f 411/411/411 2962/2962/2962 2961/2961/2961
f 410/410/410 337/337/337 2963/2963/2963
f 410/410/410 2963/2963/2963 2962/2962/2962
f 2962/2962/2962 2963/2963/2963 2177/2177/2177
f 2962/2962/2962 2177/2177/2177 2190/2190/2190
f 2961/2961/2961 2962/2962/2962 2190/2190/2190
f 2961/2961/2961 2190/2190/2190 2189/2189/2189
f 337/337/337 336/336/336 2964/2964/2964
f 337/337/337 2964/2964/2964 2963/2963/2963
f 336/336/336 263/263/263 2965/2965/2965
f 336/336/336 2965/2965/2965 2964/2964/2964
f 2964/2964/2964 2965/2965/2965 2165/2165/2165
f 2964/2964/2964 2165/2165/2165 2178/2178/2178
f 2963/2963/2963 2964/2964/2964 2178/2178/2178
f 2963/2963/2963 2178/2178/2178 2177/2177/2177
f 263/263/263 262/262/262 2966/2966/2966
f 263/263/263 2966/2966/2966 2965/2965/2965
f 262/262/262 189/189/189 2967/2967/2967
f 262/262/262 2967/2967/2967 2966/2966/2966
f 2966/2966/2966 2967/2967/2967 2153/2153/2153
f 2966/2966/2966 2153/2153/2153 2166/2166/2166
f 2965/2965/2965 2966/2966/2966 2166/2166/2166
f 2965/2965/2965 2166/2166/2166 2165/2165/2165
f 189/189/189 188/188/188 2968/2968/2968
f 189/189/189 2968/2968/2968 2967/2967/2967
f 188/188/188 115/115/115 2969/2969/2969
f 188/188/188 2969/2969/2969 2968/2968/2968
f 2968/2968/2968 2969/2969/2969 2141/2141/2141
f 2968/2968/2968 2141/2141/2141 2154/2154/2154
f 2967/2967/2967 2968/2968/2968 2154/2154/2154
f 2967/2967/2967 2154/2154/2154 2153/2153/2153
f 115/115/115 114/114/114 2970/2970/2970
f 115/115/115 2970/2970/2970 2969/2969/2969
f 114/114/114 7/7/7 2971/2971/2971
f 114/114/114 2971/2971/2971 2970/2970/2970
f 2970/2970/2970 2971/2971/2971 2120/2120/2120
f 2970/2970/2970 2120/2120/2120 2142/2142/2142
f 2969/2969/2969 2970/2970/2970 2142/2142/2142
f 2969/2969/2969 2142/2142/2142 2141/2141/2141
f 7/7/7 6/6/6 2972/2972/2972
f 7/7/7 2972/2972/2972 2971/2971/2971
f 6/6/6 5/5/5 2973/2973/2973
f 6/6/6 2973/2973/2973 2972/2972/2972
f 2972/2972/2972 2973/2973/2973 2124/2124/2124
f 2972/2972/2972 2124/2124/2124 2121/2121/2121
f 2971/2971/2971 2972/2972/2972 2121/2121/2121
f 2971/2971/2971 2121/2121/2121 2120/2120/2120
f 5/5/5 1099/1099/1099 2974/2974/2974
f 5/5/5 2974/2974/2974 2973/2973/2973
f 1099/1099/1099 10/10/10 2975/2975/2975
f 1099/1099/1099 2975/2975/2975 2974/2974/2974
f 2974/2974/2974 2975/2975/2975 2131/2131/2131
f 2974/2974/2974 2131/2131/2131 2129/2129/2129
f 2973/2973/2973 2974/2974/2974 2129/2129/2129
f 2973/2973/2973 2129/2129/2129 2124/2124/2124
f 10/10/10 13/13/13 2976/2976/2976
f 10/10/10 2976/2976/2976 2975/2975/2975
f 13/13/13 18/18/18 2977/2977/2977
f 13/13/13 2977/2977/2977 2976/2976/2976
f 2976/2976/2976 2977/2977/2977 2137/2137/2137
f 2976/2976/2976 2137/2137/2137 2135/2135/2135
f 2975/2975/2975 2976/2976/2976 2135/2135/2135
f 2975/2975/2975 2135/2135/2135 2131/2131/2131
f 18/18/18 119/119/119 2978/2978/2978
f 18/18/18 2978/2978/2978 2977/2977/2977
f 119/119/119 123/123/123 2979/2979/2979
f 119/119/119 2979/2979/2979 2978/2978/2978
f 2978/2978/2978 2979/2979/2979 2149/2149/2149
f 2978/2978/2978 2149/2149/2149 2147/2147/2147
f 2977/2977/2977 2978/2978/2978 2147/2147/2147
f 2977/2977/2977 2147/2147/2147 2137/2137/2137
f 123/123/123 193/193/193 2980/2980/2980
f 123/123/123 2980/2980/2980 2979/2979/2979
f 193/193/193 197/197/197 2981/2981/2981
f 193/193/193 2981/2981/2981 2980/2980/2980
f 2980/2980/2980 2981/2981/2981 2161/2161/2161
f 2980/2980/2980 2161/2161/2161 2159/2159/2159
f 2979/2979/2979 2980/2980/2980 2159/2159/2159
f 2979/2979/2979 2159/2159/2159 2149/2149/2149
f 197/197/197 267/267/267 2982/2982/2982
f 197/197/197 2982/2982/2982 2981/2981/2981
f 267/267/267 271/271/271 2983/2983/2983
f 267/267/267 2983/2983/2983 2982/2982/2982
f 2982/2982/2982 2983/2983/2983 2173/2173/2173
f 2982/2982/2982 2173/2173/2173 2171/2171/2171
f 2981/2981/2981 2982/2982/2982 2171/2171/2171
f 2981/2981/2981 2171/2171/2171 2161/2161/2161
f 271/271/271 341/341/341 2984/2984/2984
f 271/271/271 2984/2984/2984 2983/2983/2983
f 341/341/341 345/345/345 2985/2985/2985
f 341/341/341 2985/2985/2985 2984/2984/2984
f 2984/2984/2984 2985/2985/2985 2185/2185/2185
f 2984/2984/2984 2185/2185/2185 2183/2183/2183
f 2983/2983/2983 2984/2984/2984 2183/2183/2183
f 2983/2983/2983 2183/2183/2183 2173/2173/2173
f 345/345/345 415/415/415 2986/2986/2986
f 345/345/345 2986/2986/2986 2985/2985/2985
f 415/415/415 419/419/419 2987/2987/2987
f 415/415/415 2987/2987/2987 2986/2986/2986
f 2986/2986/2986 2987/2987/2987 2197/2197/2197
f 2986/2986/2986 2197/2197/2197 2195/2195/2195
f 2985/2985/2985 2986/2986/2986 2195/2195/2195
f 2985/2985/2985 2195/2195/2195 2185/2185/2185
f 419/419/419 489/489/489 2988/2988/2988
f 419/419/419 2988/2988/2988 2987/2987/2987
f 489/489/489 493/493/493 2989/2989/2989
f 489/489/489 2989/2989/2989 2988/2988/2988
f 2988/2988/2988 2989/2989/2989 2209/2209/2209
f 2988/2988/2988 2209/2209/2209 2207/2207/2207
f 2987/2987/2987 2988/2988/2988 2207/2207/2207
f 2987/2987/2987 2207/2207/2207 2197/2197/2197
f 493/493/493 563/563/563 2990/2990/2990
f 493/493/493 2990/2990/2990 2989/2989/2989
f 563/563/563 567/567/567 2991/2991/2991
f 563/563/563 2991/2991/2991 2990/2990/2990
f 2990/2990/2990 2991/2991/2991 2221/2221/2221
f 2990/2990/2990 2221/2221/2221 2219/2219/2219
f 2989/2989/2989 2990/2990/2990 2219/2219/2219
f 2989/2989/2989 2219/2219/2219 2209/2209/2209
f 567/567/567 637/637/637 2992/2992/2992
f 567/567/567 2992/2992/2992 2991/2991/2991
f 637/637/637 641/641/641 2993/2993/2993
f 637/637/637 2993/2993/2993 2992/2992/2992
f 2992/2992/2992 2993/2993/2993 2233/2233/2233
f 2992/2992/2992 2233/2233/2233 2231/2231/2231
f 2991/2991/2991 2992/2992/2992 2231/2231/2231
f 2991/2991/2991 2231/2231/2231 2221/2221/2221
f 641/641/641 711/711/711 2994/2994/2994
f 641/641/641 2994/2994/2994 2993/2993/2993
f 711/711/711 715/715/715 2995/2995/2995
f 711/711/711 2995/2995/2995 2994/2994/2994
f 2994/2994/2994 2995/2995/2995 2245/2245/2245
f 2994/2994/2994 2245/2245/2245 2243/2243/2243
f 2993/2993/2993 2994/2994/2994 2243/2243/2243
f 2993/2993/2993 2243/2243/2243 2233/2233/2233
f 2262/2262/2262 2996/2996/2996 2997/2997/2997
f 2262/2262/2262 2997/2997/2997 2263/2263/2263
f 2996/2996/2996 787/787/787 790/790/790
f 2996/2996/2996 790/790/790 2997/2997/2997
f 2997/2997/2997 790/790/790 795/795/795
f 2997/2997/2997 795/795/795 2998/2998/2998
f 2263/2263/2263 2997/2997/2997 2998/2998/2998
f 2263/2263/2263 2998/2998/2998 2264/2264/2264
f 795/795/795 794/794/794 2999/2999/2999
f 795/795/795 2999/2999/2999 2998/2998/2998
f 794/794/794 793/793/793 3000/3000/3000
f 794/794/794 3000/3000/3000 2999/2999/2999
f 2999/2999/2999 3000/3000/3000 2285/2285/2285
f 2999/2999/2999 2285/2285/2285 2283/2283/2283
f 2998/2998/2998 2999/2999/2999 2283/2283/2283
f 2998/2998/2998 2283/2283/2283 2264/2264/2264
f 804/804/804 803/803/803 3001/3001/3001
f 804/804/804 3001/3001/3001 3002/3002/3002
f 803/803/803 802/802/802 3003/3003/3003
f 803/803/803 3003/3003/3003 3001/3001/3001
f 3001/3001/3001 3003/3003/3003 2297/2297/2297
f 3001/3001/3001 2297/2297/2297 2294/2294/2294
f 3002/3002/3002 3001/3001/3001 2294/2294/2294
f 3002/3002/3002 2294/2294/2294 2293/2293/2293
f 802/802/802 810/810/810 3004/3004/3004
f 802/802/802 3004/3004/3004 3003/3003/3003
f 810/810/810 809/809/809 3005/3005/3005
f 810/810/810 3005/3005/3005 3004/3004/3004
f 3004/3004/3004 3005/3005/3005 2310/2310/2310
f 3004/3004/3004 2310/2310/2310 2308/2308/2308
f 3003/3003/3003 3004/3004/3004 2308/2308/2308
f 3003/3003/3003 2308/2308/2308 2297/2297/2297
f 809/809/809 816/816/816 3006/3006/3006
f 809/809/809 3006/3006/3006 3005/3005/3005
f 816/816/816 815/815/815 3007/3007/3007
f 816/816/816 3007/3007/3007 3006/3006/3006
f 3006/3006/3006 3007/3007/3007 2093/2093/2093
f 3006/3006/3006 2093/2093/2093 2318/2318/2318
f 3005/3005/3005 3006/3006/3006 2318/2318/2318
f 3005/3005/3005 2318/2318/2318 2310/2310/2310
f 815/815/815 814/814/814 3008/3008/3008
f 815/815/815 3008/3008/3008 3007/3007/3007
f 814/814/814 813/813/813 3009/3009/3009
f 814/814/814 3009/3009/3009 3008/3008/3008
f 3008/3008/3008 3009/3009/3009 2097/2097/2097
f 3008/3008/3008 2097/2097/2097 2094/2094/2094
f 3007/3007/3007 3008/3008/3008 2094/2094/2094
f 3007/3007/3007 2094/2094/2094 2093/2093/2093
f 728/728/728 727/727/727 3010/3010/3010
f 728/728/728 3010/3010/3010 3011/3011/3011
f 727/727/727 654/654/654 3012/3012/3012
f 727/727/727 3012/3012/3012 3010/3010/3010
f 3010/3010/3010 3012/3012/3012 2042/2042/2042
f 3010/3010/3010 2042/2042/2042 2067/2067/2067
f 3011/3011/3011 3010/3010/3010 2067/2067/2067
f 3011/3011/3011 2067/2067/2067 2066/2066/2066
f 654/654/654 653/653/653 3013/3013/3013
f 654/654/654 3013/3013/3013 3012/3012/3012
f 653/653/653 580/580/580 3014/3014/3014
f 653/653/653 3014/3014/3014 3013/3013/3013
f 3013/3013/3013 3014/3014/3014 2018/2018/2018
f 3013/3013/3013 2018/2018/2018 2043/2043/2043
f 3012/3012/3012 3013/3013/3013 2043/2043/2043
f 3012/3012/3012 2043/2043/2043 2042/2042/2042
f 580/580/580 579/579/579 3015/3015/3015
f 580/580/580 3015/3015/3015 3014/3014/3014
f 579/579/579 506/506/506 3016/3016/3016
f 579/579/579 3016/3016/3016 3015/3015/3015
f 3015/3015/3015 3016/3016/3016 1994/1994/1994
f 3015/3015/3015 1994/1994/1994 2019/2019/2019
f 3014/3014/3014 3015/3015/3015 2019/2019/2019
f 3014/3014/3014 2019/2019/2019 2018/2018/2018
f 506/506/506 505/505/505 3017/3017/3017
f 506/506/506 3017/3017/3017 3016/3016/3016
f 505/505/505 432/432/432 3018/3018/3018
f 505/505/505 3018/3018/3018 3017/3017/3017
f 3017/3017/3017 3018/3018/3018 1970/1970/1970
f 3017/3017/3017 1970/1970/1970 1995/1995/1995
f 3016/3016/3016 3017/3017/3017 1995/1995/1995
f 3016/3016/3016 1995/1995/1995 1994/1994/1994
f 432/432/432 431/431/431 3019/3019/3019
f 432/432/432 3019/3019/3019 3018/3018/3018
f 431/431/431 358/358/358 3020/3020/3020
f 431/431/431 3020/3020/3020 3019/3019/3019
f 3019/3019/3019 3020/3020/3020 1946/1946/1946
f 3019/3019/3019 1946/1946/1946 1971/1971/1971
f 3018/3018/3018 3019/3019/3019 1971/1971/1971
f 3018/3018/3018 1971/1971/1971 1970/1970/1970
f 358/358/358 357/357/357 3021/3021/3021
f 358/358/358 3021/3021/3021 3020/3020/3020
f 357/357/357 284/284/284 3022/3022/3022
f 357/357/357 3022/3022/3022 3021/3021/3021
f 3021/3021/3021 3022/3022/3022 1922/1922/1922
f 3021/3021/3021 1922/1922/1922 1947/1947/1947
f 3020/3020/3020 3021/3021/3021 1947/1947/1947
f 3020/3020/3020 1947/1947/1947 1946/1946/1946
f 284/284/284 283/283/283 3023/3023/3023
f 284/284/284 3023/3023/3023 3022/3022/3022
f 283/283/283 210/210/210 3024/3024/3024
f 283/283/283 3024/3024/3024 3023/3023/3023
f 3023/3023/3023 3024/3024/3024 1898/1898/1898
f 3023/3023/3023 1898/1898/1898 1923/1923/1923
f 3022/3022/3022 3023/3023/3023 1923/1923/1923
f 3022/3022/3022 1923/1923/1923 1922/1922/1922
f 210/210/210 209/209/209 3025/3025/3025
f 210/210/210 3025/3025/3025 3024/3024/3024
f 209/209/209 136/136/136 3026/3026/3026
f 209/209/209 3026/3026/3026 3025/3025/3025
f 3025/3025/3025 3026/3026/3026 1874/1874/1874
f 3025/3025/3025 1874/1874/1874 1899/1899/1899
f 3024/3024/3024 3025/3025/3025 1899/1899/1899
f 3024/3024/3024 1899/1899/1899 1898/1898/1898
f 136/136/136 135/135/135 3027/3027/3027
f 136/136/136 3027/3027/3027 3026/3026/3026
f 135/135/135 38/38/38 3028/3028/3028
f 135/135/135 3028/3028/3028 3027/3027/3027
f 3027/3027/3027 3028/3028/3028 1841/1841/1841
f 3027/3027/3027 1841/1841/1841 1875/1875/1875
f 3026/3026/3026 3027/3027/3027 1875/1875/1875
f 3026/3026/3026 1875/1875/1875 1874/1874/1874
f 38/38/38 37/37/37 3029/3029/3029
f 38/38/38 3029/3029/3029 3028/3028/3028
f 37/37/37 36/36/36 2808/2808/2808
f 37/37/37 2808/2808/2808 3029/3029/3029
f 3029/3029/3029 2808/2808/2808 1826/1826/1826
f 3029/3029/3029 1826/1826/1826 1842/1842/1842
f 3028/3028/3028 3029/3029/3029 1842/1842/1842
f 3028/3028/3028 1842/1842/1842 1841/1841/1841
f 1846/1846/1846 1845/1845/1845 3030/3030/3030
f 1846/1846/1846 3030/3030/3030 3031/3031/3031
f 1845/1845/1845 1834/1834/1834 3032/3032/3032
f 1845/1845/1845 3032/3032/3032 3030/3030/3030
f 3030/3030/3030 3032/3032/3032 40/40/40
f 3030/3030/3030 40/40/40 43/43/43
f 3031/3031/3031 3030/3030/3030 43/43/43
f 3031/3031/3031 43/43/43 48/48/48
f 1879/1879/1879 1878/1878/1878 3033/3033/3033
f 1879/1879/1879 3033/3033/3033 3034/3034/3034
f 1878/1878/1878 1846/1846/1846 3031/3031/3031
f 1878/1878/1878 3031/3031/3031 3033/3033/3033
f 3033/3033/3033 3031/3031/3031 48/48/48
f 3033/3033/3033 48/48/48 139/139/139
f 3034/3034/3034 3033/3033/3033 139/139/139
f 3034/3034/3034 139/139/139 143/143/143
f 1903/1903/1903 1902/1902/1902 3035/3035/3035
f 1903/1903/1903 3035/3035/3035 3036/3036/3036
f 1902/1902/1902 1879/1879/1879 3034/3034/3034
f 1902/1902/1902 3034/3034/3034 3035/3035/3035
f 3035/3035/3035 3034/3034/3034 143/143/143
f 3035/3035/3035 143/143/143 213/213/213
f 3036/3036/3036 3035/3035/3035 213/213/213
f 3036/3036/3036 213/213/213 217/217/217
f 1927/1927/1927 1926/1926/1926 3037/3037/3037
f 1927/1927/1927 3037/3037/3037 3038/3038/3038
f 1926/1926/1926 1903/1903/1903 3036/3036/3036
f 1926/1926/1926 3036/3036/3036 3037/3037/3037
f 3037/3037/3037 3036/3036/3036 217/217/217
f 3037/3037/3037 217/217/217 287/287/287
f 3038/3038/3038 3037/3037/3037 287/287/287
f 3038/3038/3038 287/287/287 291/291/291
f 1951/1951/1951 1950/1950/1950 3039/3039/3039
f 1951/1951/1951 3039/3039/3039 3040/3040/3040
f 1950/1950/1950 1927/1927/1927 3038/3038/3038
f 1950/1950/1950 3038/3038/3038 3039/3039/3039
f 3039/3039/3039 3038/3038/3038 291/291/291
f 3039/3039/3039 291/291/291 361/361/361
f 3040/3040/3040 3039/3039/3039 361/361/361
f 3040/3040/3040 361/361/361 365/365/365
f 1975/1975/1975 1974/1974/1974 3041/3041/3041
f 1975/1975/1975 3041/3041/3041 3042/3042/3042
f 1974/1974/1974 1951/1951/1951 3040/3040/3040
f 1974/1974/1974 3040/3040/3040 3041/3041/3041
f 3041/3041/3041 3040/3040/3040 365/365/365
f 3041/3041/3041 365/365/365 435/435/435
f 3042/3042/3042 3041/3041/3041 435/435/435
f 3042/3042/3042 435/435/435 439/439/439
f 1999/1999/1999 1998/1998/1998 3043/3043/3043
f 1999/1999/1999 3043/3043/3043 3044/3044/3044
f 1998/1998/1998 1975/1975/1975 3042/3042/3042
f 1998/1998/1998 3042/3042/3042 3043/3043/3043
f 3043/3043/3043 3042/3042/3042 439/439/439
f 3043/3043/3043 439/439/439 509/509/509
f 3044/3044/3044 3043/3043/3043 509/509/509
f 3044/3044/3044 509/509/509 513/513/513
f 2023/2023/2023 2022/2022/2022 3045/3045/3045
f 2023/2023/2023 3045/3045/3045 3046/3046/3046
f 2022/2022/2022 1999/1999/1999 3044/3044/3044
f 2022/2022/2022 3044/3044/3044 3045/3045/3045
f 3045/3045/3045 3044/3044/3044 513/513/513
f 3045/3045/3045 513/513/513 583/583/583
f 3046/3046/3046 3045/3045/3045 583/583/583
f 3046/3046/3046 583/583/583 587/587/587
f 2047/2047/2047 2046/2046/2046 3047/3047/3047
f 2047/2047/2047 3047/3047/3047 3048/3048/3048
f 2046/2046/2046 2023/2023/2023 3046/3046/3046
f 2046/2046/2046 3046/3046/3046 3047/3047/3047
f 3047/3047/3047 3046/3046/3046 587/587/587
f 3047/3047/3047 587/587/587 657/657/657
f 3048/3048/3048 3047/3047/3047 657/657/657
f 3048/3048/3048 657/657/657 661/661/661
f 2071/2071/2071 2070/2070/2070 3049/3049/3049
f 2071/2071/2071 3049/3049/3049 3050/3050/3050
f 2070/2070/2070 2047/2047/2047 3048/3048/3048
f 2070/2070/2070 3048/3048/3048 3049/3049/3049
f 3049/3049/3049 3048/3048/3048 661/661/661
f 3049/3049/3049 661/661/661 731/731/731
f 3050/3050/3050 3049/3049/3049 731/731/731
f 3050/3050/3050 731/731/731 735/735/735
f 2101/2101/2101 2100/2100/2100 3051/3051/3051
f 2101/2101/2101 3051/3051/3051 3052/3052/3052
f 2100/2100/2100 2099/2099/2099 3053/3053/3053
f 2100/2100/2100 3053/3053/3053 3051/3051/3051
f 3051/3051/3051 3053/3053/3053 817/817/817
f 3051/3051/3051 817/817/817 820/820/820
f 3052/3052/3052 3051/3051/3051 820/820/820
f 3052/3052/3052 820/820/820 825/825/825
f 2312/2312/2312 2320/2320/2320 3054/3054/3054
f 2312/2312/2312 3054/3054/3054 3055/3055/3055
f 2320/2320/2320 2101/2101/2101 3052/3052/3052
f 2320/2320/2320 3052/3052/3052 3054/3054/3054
f 3054/3054/3054 3052/3052/3052 825/825/825
f 3054/3054/3054 825/825/825 1671/1671/1671
f 3055/3055/3055 3054/3054/3054 1671/1671/1671
f 3055/3055/3055 1671/1671/1671 1667/1667/1667
f 2299/2299/2299 2313/2313/2313 3056/3056/3056
f 2299/2299/2299 3056/3056/3056 3057/3057/3057
f 2313/2313/2313 2312/2312/2312 3055/3055/3055
f 2313/2313/2313 3055/3055/3055 3056/3056/3056
f 3056/3056/3056 3055/3055/3055 1667/1667/1667
f 3056/3056/3056 1667/1667/1667 1665/1665/1665
f 3057/3057/3057 3056/3056/3056 1665/1665/1665
f 3057/3057/3057 1665/1665/1665 1660/1660/1660
f 2301/2301/2301 2300/2300/2300 3058/3058/3058
f 2301/2301/2301 3058/3058/3058 3059/3059/3059
f 2300/2300/2300 2299/2299/2299 3057/3057/3057
f 2300/2300/2300 3057/3057/3057 3058/3058/3058
f 3058/3058/3058 3057/3057/3057 1660/1660/1660
f 3058/3058/3058 1660/1660/1660 1657/1657/1657
f 3059/3059/3059 3058/3058/3058 1657/1657/1657
f 3059/3059/3059 1657/1657/1657 1656/1656/1656
f 2266/2266/2266 2288/2288/2288 3060/3060/3060
f 2266/2266/2266 3060/3060/3060 3061/3061/3061
f 2288/2288/2288 2287/2287/2287 3062/3062/3062
f 2288/2288/2288 3062/3062/3062 3060/3060/3060
f 3060/3060/3060 3062/3062/3062 1652/1652/1652
f 3060/3060/3060 1652/1652/1652 1650/1650/1650
f 3061/3061/3061 3060/3060/3060 1650/1650/1650
f 3061/3061/3061 1650/1650/1650 1512/1512/1512
f 1510/1510/1510 3063/3063/3063 3064/3064/3064
f 1510/1510/1510 3064/3064/3064 1511/1511/1511
f 3063/3063/3063 2258/2258/2258 2261/2261/2261
f 3063/3063/3063 2261/2261/2261 3064/3064/3064
f 3064/3064/3064 2261/2261/2261 2266/2266/2266
f 3064/3064/3064 2266/2266/2266 3061/3061/3061
f 1511/1511/1511 3064/3064/3064 3061/3061/3061
f 1511/1511/1511 3061/3061/3061 1512/1512/1512
f 2235/2235/2235 2248/2248/2248 3065/3065/3065
f 2235/2235/2235 3065/3065/3065 3066/3066/3066
f 2248/2248/2248 2247/2247/2247 3067/3067/3067
f 2248/2248/2248 3067/3067/3067 3065/3065/3065
f 3065/3065/3065 3067/3067/3067 1503/1503/1503
f 3065/3065/3065 1503/1503/1503 1502/1502/1502
f 3066/3066/3066 3065/3065/3065 1502/1502/1502
f 3066/3066/3066 1502/1502/1502 1497/1497/1497
f 2223/2223/2223 2236/2236/2236 3068/3068/3068
f 2223/2223/2223 3068/3068/3068 3069/3069/3069
f 2236/2236/2236 2235/2235/2235 3066/3066/3066
f 2236/2236/2236 3066/3066/3066 3068/3068/3068
f 3068/3068/3068 3066/3066/3066 1497/1497/1497
f 3068/3068/3068 1497/1497/1497 1496/1496/1496
f 3069/3069/3069 3068/3068/3068 1496/1496/1496
f 3069/3069/3069 1496/1496/1496 1491/1491/1491
f 2211/2211/2211 2224/2224/2224 3070/3070/3070
f 2211/2211/2211 3070/3070/3070 3071/3071/3071
f 2224/2224/2224 2223/2223/2223 3069/3069/3069
f 2224/2224/2224 3069/3069/3069 3070/3070/3070
f 3070/3070/3070 3069/3069/3069 1491/1491/1491
f 3070/3070/3070 1491/1491/1491 1490/1490/1490
f 3071/3071/3071 3070/3070/3070 1490/1490/1490
f 3071/3071/3071 1490/1490/1490 1485/1485/1485
f 2199/2199/2199 2212/2212/2212 3072/3072/3072
f 2199/2199/2199 3072/3072/3072 3073/3073/3073
f 2212/2212/2212 2211/2211/2211 3071/3071/3071
f 2212/2212/2212 3071/3071/3071 3072/3072/3072
f 3072/3072/3072 3071/3071/3071 1485/1485/1485
f 3072/3072/3072 1485/1485/1485 1484/1484/1484
f 3073/3073/3073 3072/3072/3072 1484/1484/1484
f 3073/3073/3073 1484/1484/1484 1479/1479/1479
f 2187/2187/2187 2200/2200/2200 3074/3074/3074
f 2187/2187/2187 3074/3074/3074 3075/3075/3075
f 2200/2200/2200 2199/2199/2199 3073/3073/3073
f 2200/2200/2200 3073/3073/3073 3074/3074/3074
f 3074/3074/3074 3073/3073/3073 1479/1479/1479
f 3074/3074/3074 1479/1479/1479 1478/1478/1478
f 3075/3075/3075 3074/3074/3074 1478/1478/1478
f 3075/3075/3075 1478/1478/1478 1473/1473/1473
f 2175/2175/2175 2188/2188/2188 3076/3076/3076
f 2175/2175/2175 3076/3076/3076 3077/3077/3077
f 2188/2188/2188 2187/2187/2187 3075/3075/3075
f 2188/2188/2188 3075/3075/3075 3076/3076/3076
f 3076/3076/3076 3075/3075/3075 1473/1473/1473
f 3076/3076/3076 1473/1473/1473 1472/1472/1472
f 3077/3077/3077 3076/3076/3076 1472/1472/1472
f 3077/3077/3077 1472/1472/1472 1467/1467/1467
f 2163/2163/2163 2176/2176/2176 3078/3078/3078
f 2163/2163/2163 3078/3078/3078 3079/3079/3079
f 2176/2176/2176 2175/2175/2175 3077/3077/3077
f 2176/2176/2176 3077/3077/3077 3078/3078/3078
f 3078/3078/3078 3077/3077/3077 1467/1467/1467
f 3078/3078/3078 1467/1467/1467 1466/1466/1466
f 3079/3079/3079 3078/3078/3078 1466/1466/1466
f 3079/3079/3079 1466/1466/1466 1461/1461/1461
f 2151/2151/2151 2164/2164/2164 3080/3080/3080
f 2151/2151/2151 3080/3080/3080 3081/3081/3081
f 2164/2164/2164 2163/2163/2163 3079/3079/3079
f 2164/2164/2164 3079/3079/3079 3080/3080/3080
f 3080/3080/3080 3079/3079/3079 1461/1461/1461
f 3080/3080/3080 1461/1461/1461 1460/1460/1460
f 3081/3081/3081 3080/3080/3080 1460/1460/1460
f 3081/3081/3081 1460/1460/1460 1455/1455/1455
f 2139/2139/2139 2152/2152/2152 3082/3082/3082
f 2139/2139/2139 3082/3082/3082 3083/3083/3083
f 2152/2152/2152 2151/2151/2151 3081/3081/3081
f 2152/2152/2152 3081/3081/3081 3082/3082/3082
f 3082/3082/3082 3081/3081/3081 1455/1455/1455
f 3082/3082/3082 1455/1455/1455 1454/1454/1454
f 3083/3083/3083 3082/3082/3082 1454/1454/1454
f 3083/3083/3083 1454/1454/1454 1449/1449/1449
f 2133/2133/2133 2140/2140/2140 3084/3084/3084
f 2133/2133/2133 3084/3084/3084 3085/3085/3085
f 2140/2140/2140 2139/2139/2139 3083/3083/3083
f 2140/2140/2140 3083/3083/3083 3084/3084/3084
f 3084/3084/3084 3083/3083/3083 1449/1449/1449
f 3084/3084/3084 1449/1449/1449 1448/1448/1448
f 3085/3085/3085 3084/3084/3084 1448/1448/1448
f 3085/3085/3085 1448/1448/1448 1447/1447/1447
f 2126/2126/2126 2134/2134/2134 3086/3086/3086
f 2126/2126/2126 3086/3086/3086 3087/3087/3087
f 2134/2134/2134 2133/2133/2133 3085/3085/3085
f 2134/2134/2134 3085/3085/3085 3086/3086/3086
f 3086/3086/3086 3085/3085/3085 1447/1447/1447
f 3086/3086/3086 1447/1447/1447 1446/1446/1446
f 3087/3087/3087 3086/3086/3086 1446/1446/1446
f 3087/3087/3087 1446/1446/1446 1445/1445/1445
f 2128/2128/2128 2127/2127/2127 3088/3088/3088
f 2128/2128/2128 3088/3088/3088 3089/3089/3089
f 2127/2127/2127 2126/2126/2126 3087/3087/3087
f 2127/2127/2127 3087/3087/3087 3088/3088/3088
f 3088/3088/3088 3087/3087/3087 1445/1445/1445
f 3088/3088/3088 1445/1445/1445 1442/1442/1442
f 3089/3089/3089 3088/3088/3088 1442/1442/1442
f 3089/3089/3089 1442/1442/1442 1441/1441/1441
f 2146/2146/2146 2145/2145/2145 3090/3090/3090
f 2146/2146/2146 3090/3090/3090 3091/3091/3091
f 2145/2145/2145 2128/2128/2128 3089/3089/3089
f 2145/2145/2145 3089/3089/3089 3090/3090/3090
f 3090/3090/3090 3089/3089/3089 1441/1441/1441
f 3090/3090/3090 1441/1441/1441 1451/1451/1451
f 3091/3091/3091 3090/3090/3090 1451/1451/1451
f 3091/3091/3091 1451/1451/1451 1450/1450/1450
f 2158/2158/2158 2157/2157/2157 3092/3092/3092
f 2158/2158/2158 3092/3092/3092 3093/3093/3093
f 2157/2157/2157 2146/2146/2146 3091/3091/3091
f 2157/2157/2157 3091/3091/3091 3092/3092/3092
f 3092/3092/3092 3091/3091/3091 1450/1450/1450
f 3092/3092/3092 1450/1450/1450 1457/1457/1457
f 3093/3093/3093 3092/3092/3092 1457/1457/1457
f 3093/3093/3093 1457/1457/1457 1456/1456/1456
f 2170/2170/2170 2169/2169/2169 3094/3094/3094
f 2170/2170/2170 3094/3094/3094 3095/3095/3095
f 2169/2169/2169 2158/2158/2158 3093/3093/3093
f 2169/2169/2169 3093/3093/3093 3094/3094/3094
f 3094/3094/3094 3093/3093/3093 1456/1456/1456
f 3094/3094/3094 1456/1456/1456 1463/1463/1463
f 3095/3095/3095 3094/3094/3094 1463/1463/1463
f 3095/3095/3095 1463/1463/1463 1462/1462/1462
f 2182/2182/2182 2181/2181/2181 3096/3096/3096
f 2182/2182/2182 3096/3096/3096 3097/3097/3097
f 2181/2181/2181 2170/2170/2170 3095/3095/3095
f 2181/2181/2181 3095/3095/3095 3096/3096/3096
f 3096/3096/3096 3095/3095/3095 1462/1462/1462
f 3096/3096/3096 1462/1462/1462 1469/1469/1469
f 3097/3097/3097 3096/3096/3096 1469/1469/1469
f 3097/3097/3097 1469/1469/1469 1468/1468/1468
f 2194/2194/2194 2193/2193/2193 3098/3098/3098
f 2194/2194/2194 3098/3098/3098 3099/3099/3099
f 2193/2193/2193 2182/2182/2182 3097/3097/3097
f 2193/2193/2193 3097/3097/3097 3098/3098/3098
f 3098/3098/3098 3097/3097/3097 1468/1468/1468
f 3098/3098/3098 1468/1468/1468 1475/1475/1475
f 3099/3099/3099 3098/3098/3098 1475/1475/1475
f 3099/3099/3099 1475/1475/1475 1474/1474/1474
f 2206/2206/2206 2205/2205/2205 3100/3100/3100
f 2206/2206/2206 3100/3100/3100 3101/3101/3101
f 2205/2205/2205 2194/2194/2194 3099/3099/3099
f 2205/2205/2205 3099/3099/3099 3100/3100/3100
f 3100/3100/3100 3099/3099/3099 1474/1474/1474
f 3100/3100/3100 1474/1474/1474 1481/1481/1481
f 3101/3101/3101 3100/3100/3100 1481/1481/1481
f 3101/3101/3101 1481/1481/1481 1480/1480/1480
f 2218/2218/2218 2217/2217/2217 3102/3102/3102
f 2218/2218/2218 3102/3102/3102 3103/3103/3103
f 2217/2217/2217 2206/2206/2206 3101/3101/3101
f 2217/2217/2217 3101/3101/3101 3102/3102/3102
f 3102/3102/3102 3101/3101/3101 1480/1480/1480
f 3102/3102/3102 1480/1480/1480 1487/1487/1487
f 3103/3103/3103 3102/3102/3102 1487/1487/1487
f 3103/3103/3103 1487/1487/1487 1486/1486/1486
f 2230/2230/2230 2229/2229/2229 3104/3104/3104
f 2230/2230/2230 3104/3104/3104 3105/3105/3105
f 2229/2229/2229 2218/2218/2218 3103/3103/3103
f 2229/2229/2229 3103/3103/3103 3104/3104/3104
f 3104/3104/3104 3103/3103/3103 1486/1486/1486
f 3104/3104/3104 1486/1486/1486 1493/1493/1493
f 3105/3105/3105 3104/3104/3104 1493/1493/1493
f 3105/3105/3105 1493/1493/1493 1492/1492/1492
f 2242/2242/2242 2241/2241/2241 3106/3106/3106
f 2242/2242/2242 3106/3106/3106 3107/3107/3107
f 2241/2241/2241 2230/2230/2230 3105/3105/3105
f 2241/2241/2241 3105/3105/3105 3106/3106/3106
f 3106/3106/3106 3105/3105/3105 1492/1492/1492
f 3106/3106/3106 1492/1492/1492 1499/1499/1499
f 3107/3107/3107 3106/3106/3106 1499/1499/1499
f 3107/3107/3107 1499/1499/1499 1498/1498/1498
f 2257/2257/2257 2256/2256/2256 3108/3108/3108
f 2257/2257/2257 3108/3108/3108 3109/3109/3109
f 2256/2256/2256 2255/2255/2255 3110/3110/3110
f 2256/2256/2256 3110/3110/3110 3108/3108/3108
f 3108/3108/3108 3110/3110/3110 1508/1508/1508
f 3108/3108/3108 1508/1508/1508 1505/1505/1505
f 3109/3109/3109 3108/3108/3108 1505/1505/1505
f 3109/3109/3109 1505/1505/1505 1504/1504/1504
f 2272/2272/2272 2271/2271/2271 3111/3111/3111
f 2272/2272/2272 3111/3111/3111 3112/3112/3112
f 2271/2271/2271 2257/2257/2257 3109/3109/3109
f 2271/2271/2271 3109/3109/3109 3111/3111/3111
f 3111/3111/3111 3109/3109/3109 1504/1504/1504
f 3111/3111/3111 1504/1504/1504 1639/1639/1639
f 3112/3112/3112 3111/3111/3111 1639/1639/1639
f 3112/3112/3112 1639/1639/1639 1638/1638/1638
f 2416/2416/2416 2427/2427/2427 3113/3113/3113
f 2416/2416/2416 3113/3113/3113 3114/3114/3114
f 2427/2427/2427 2272/2272/2272 3112/3112/3112
f 2427/2427/2427 3112/3112/3112 3113/3113/3113
f 3113/3113/3113 3112/3112/3112 1638/1638/1638
f 3113/3113/3113 1638/1638/1638 1740/1740/1740
f 3114/3114/3114 3113/3113/3113 1740/1740/1740
f 3114/3114/3114 1740/1740/1740 1735/1735/1735
f 2418/2418/2418 2417/2417/2417 3115/3115/3115
f 2418/2418/2418 3115/3115/3115 3116/3116/3116
f 2417/2417/2417 2416/2416/2416 3114/3114/3114
f 2417/2417/2417 3114/3114/3114 3115/3115/3115
f 3115/3115/3115 3114/3114/3114 1735/1735/1735
f 3115/3115/3115 1735/1735/1735 1732/1732/1732
f 3116/3116/3116 3115/3115/3115 1732/1732/1732
f 3116/3116/3116 1732/1732/1732 1731/1731/1731
f 1811/1811/1811 3117/3117/3117 3118/3118/3118
f 1811/1811/1811 3118/3118/3118 1812/1812/1812
f 3117/3117/3117 2565/2565/2565 2568/2568/2568
f 3117/3117/3117 2568/2568/2568 3118/3118/3118
f 3118/3118/3118 2568/2568/2568 2418/2418/2418
f 3118/3118/3118 2418/2418/2418 3116/3116/3116
f 1812/1812/1812 3118/3118/3118 3116/3116/3116
f 1812/1812/1812 3116/3116/3116 1731/1731/1731
f 2545/2545/2545 2558/2558/2558 3119/3119/3119
f 2545/2545/2545 3119/3119/3119 3120/3120/3120
f 2558/2558/2558 2557/2557/2557 3121/3121/3121
f 2558/2558/2558 3121/3121/3121 3119/3119/3119
f 3119/3119/3119 3121/3121/3121 1805/1805/1805
f 3119/3119/3119 1805/1805/1805 1804/1804/1804
f 3120/3120/3120 3119/3119/3119 1804/1804/1804
f 3120/3120/3120 1804/1804/1804 1799/1799/1799
f 2533/2533/2533 2546/2546/2546 3122/3122/3122
f 2533/2533/2533 3122/3122/3122 3123/3123/3123
f 2546/2546/2546 2545/2545/2545 3120/3120/3120
f 2546/2546/2546 3120/3120/3120 3122/3122/3122
f 3122/3122/3122 3120/3120/3120 1799/1799/1799
f 3122/3122/3122 1799/1799/1799 1798/1798/1798
f 3123/3123/3123 3122/3122/3122 1798/1798/1798
f 3123/3123/3123 1798/1798/1798 1793/1793/1793
f 2521/2521/2521 2534/2534/2534 3124/3124/3124
f 2521/2521/2521 3124/3124/3124 3125/3125/3125
f 2534/2534/2534 2533/2533/2533 3123/3123/3123
f 2534/2534/2534 3123/3123/3123 3124/3124/3124
f 3124/3124/3124 3123/3123/3123 1793/1793/1793
f 3124/3124/3124 1793/1793/1793 1792/1792/1792
f 3125/3125/3125 3124/3124/3124 1792/1792/1792
f 3125/3125/3125 1792/1792/1792 1787/1787/1787
f 2509/2509/2509 2522/2522/2522 3126/3126/3126
f 2509/2509/2509 3126/3126/3126 3127/3127/3127
f 2522/2522/2522 2521/2521/2521 3125/3125/3125
f 2522/2522/2522 3125/3125/3125 3126/3126/3126
f 3126/3126/3126 3125/3125/3125 1787/1787/1787
f 3126/3126/3126 1787/1787/1787 1786/1786/1786
f 3127/3127/3127 3126/3126/3126 1786/1786/1786
f 3127/3127/3127 1786/1786/1786 1781/1781/1781
f 2497/2497/2497 2510/2510/2510 3128/3128/3128
f 2497/2497/2497 3128/3128/3128 3129/3129/3129
f 2510/2510/2510 2509/2509/2509 3127/3127/3127
f 2510/2510/2510 3127/3127/3127 3128/3128/3128
f 3128/3128/3128 3127/3127/3127 1781/1781/1781
f 3128/3128/3128 1781/1781/1781 1780/1780/1780
f 3129/3129/3129 3128/3128/3128 1780/1780/1780
f 3129/3129/3129 1780/1780/1780 1775/1775/1775
f 2485/2485/2485 2498/2498/2498 3130/3130/3130
f 2485/2485/2485 3130/3130/3130 3131/3131/3131
f 2498/2498/2498 2497/2497/2497 3129/3129/3129
f 2498/2498/2498 3129/3129/3129 3130/3130/3130
f 3130/3130/3130 3129/3129/3129 1775/1775/1775
f 3130/3130/3130 1775/1775/1775 1774/1774/1774
f 3131/3131/3131 3130/3130/3130 1774/1774/1774
f 3131/3131/3131 1774/1774/1774 1769/1769/1769
f 2473/2473/2473 2486/2486/2486 3132/3132/3132
f 2473/2473/2473 3132/3132/3132 3133/3133/3133
f 2486/2486/2486 2485/2485/2485 3131/3131/3131
f 2486/2486/2486 3131/3131/3131 3132/3132/3132
f 3132/3132/3132 3131/3131/3131 1769/1769/1769
f 3132/3132/3132 1769/1769/1769 1768/1768/1768
f 3133/3133/3133 3132/3132/3132 1768/1768/1768
f 3133/3133/3133 1768/1768/1768 1763/1763/1763
f 2461/2461/2461 2474/2474/2474 3134/3134/3134
f 2461/2461/2461 3134/3134/3134 3135/3135/3135
f 2474/2474/2474 2473/2473/2473 3133/3133/3133
f 2474/2474/2474 3133/3133/3133 3134/3134/3134
f 3134/3134/3134 3133/3133/3133 1763/1763/1763
f 3134/3134/3134 1763/1763/1763 1762/1762/1762
f 3135/3135/3135 3134/3134/3134 1762/1762/1762
f 3135/3135/3135 1762/1762/1762 1757/1757/1757
f 2449/2449/2449 2462/2462/2462 3136/3136/3136
f 2449/2449/2449 3136/3136/3136 3137/3137/3137
f 2462/2462/2462 2461/2461/2461 3135/3135/3135
f 2462/2462/2462 3135/3135/3135 3136/3136/3136
f 3136/3136/3136 3135/3135/3135 1757/1757/1757
f 3136/3136/3136 1757/1757/1757 1756/1756/1756
f 3137/3137/3137 3136/3136/3136 1756/1756/1756
f 3137/3137/3137 1756/1756/1756 1751/1751/1751
f 2443/2443/2443 2450/2450/2450 3138/3138/3138
f 2443/2443/2443 3138/3138/3138 3139/3139/3139
f 2450/2450/2450 2449/2449/2449 3137/3137/3137
f 2450/2450/2450 3137/3137/3137 3138/3138/3138
f 3138/3138/3138 3137/3137/3137 1751/1751/1751
f 3138/3138/3138 1751/1751/1751 1750/1750/1750
f 3139/3139/3139 3138/3138/3138 1750/1750/1750
f 3139/3139/3139 1750/1750/1750 1749/1749/1749
f 2436/2436/2436 2444/2444/2444 3140/3140/3140
f 2436/2436/2436 3140/3140/3140 3141/3141/3141
f 2444/2444/2444 2443/2443/2443 3139/3139/3139
f 2444/2444/2444 3139/3139/3139 3140/3140/3140
f 3140/3140/3140 3139/3139/3139 1749/1749/1749
f 3140/3140/3140 1749/1749/1749 1748/1748/1748
f 3141/3141/3141 3140/3140/3140 1748/1748/1748
f 3141/3141/3141 1748/1748/1748 1747/1747/1747
f 2438/2438/2438 2437/2437/2437 3142/3142/3142
f 2438/2438/2438 3142/3142/3142 3143/3143/3143
f 2437/2437/2437 2436/2436/2436 3141/3141/3141
f 2437/2437/2437 3141/3141/3141 3142/3142/3142
f 3142/3142/3142 3141/3141/3141 1747/1747/1747
f 3142/3142/3142 1747/1747/1747 1744/1744/1744
f 3143/3143/3143 3142/3142/3142 1744/1744/1744
f 3143/3143/3143 1744/1744/1744 1743/1743/1743
f 2456/2456/2456 2455/2455/2455 3144/3144/3144
f 2456/2456/2456 3144/3144/3144 3145/3145/3145
f 2455/2455/2455 2438/2438/2438 3143/3143/3143
f 2455/2455/2455 3143/3143/3143 3144/3144/3144
f 3144/3144/3144 3143/3143/3143 1743/1743/1743
f 3144/3144/3144 1743/1743/1743 1753/1753/1753
f 3145/3145/3145 3144/3144/3144 1753/1753/1753
f 3145/3145/3145 1753/1753/1753 1752/1752/1752
f 2468/2468/2468 2467/2467/2467 3146/3146/3146
f 2468/2468/2468 3146/3146/3146 3147/3147/3147
f 2467/2467/2467 2456/2456/2456 3145/3145/3145
f 2467/2467/2467 3145/3145/3145 3146/3146/3146
f 3146/3146/3146 3145/3145/3145 1752/1752/1752
f 3146/3146/3146 1752/1752/1752 1759/1759/1759
f 3147/3147/3147 3146/3146/3146 1759/1759/1759
f 3147/3147/3147 1759/1759/1759 1758/1758/1758
f 2480/2480/2480 2479/2479/2479 3148/3148/3148
f 2480/2480/2480 3148/3148/3148 3149/3149/3149
f 2479/2479/2479 2468/2468/2468 3147/3147/3147
f 2479/2479/2479 3147/3147/3147 3148/3148/3148
f 3148/3148/3148 3147/3147/3147 1758/1758/1758
f 3148/3148/3148 1758/1758/1758 1765/1765/1765
f 3149/3149/3149 3148/3148/3148 1765/1765/1765
f 3149/3149/3149 1765/1765/1765 1764/1764/1764
f 2492/2492/2492 2491/2491/2491 3150/3150/3150
f 2492/2492/2492 3150/3150/3150 3151/3151/3151
f 2491/2491/2491 2480/2480/2480 3149/3149/3149
f 2491/2491/2491 3149/3149/3149 3150/3150/3150
f 3150/3150/3150 3149/3149/3149 1764/1764/1764
f 3150/3150/3150 1764/1764/1764 1771/1771/1771
f 3151/3151/3151 3150/3150/3150 1771/1771/1771
f 3151/3151/3151 1771/1771/1771 1770/1770/1770
f 2504/2504/2504 2503/2503/2503 3152/3152/3152
f 2504/2504/2504 3152/3152/3152 3153/3153/3153
f 2503/2503/2503 2492/2492/2492 3151/3151/3151
f 2503/2503/2503 3151/3151/3151 3152/3152/3152
f 3152/3152/3152 3151/3151/3151 1770/1770/1770
f 3152/3152/3152 1770/1770/1770 1777/1777/1777
f 3153/3153/3153 3152/3152/3152 1777/1777/1777
f 3153/3153/3153 1777/1777/1777 1776/1776/1776
f 2516/2516/2516 2515/2515/2515 3154/3154/3154
f 2516/2516/2516 3154/3154/3154 3155/3155/3155
f 2515/2515/2515 2504/2504/2504 3153/3153/3153
f 2515/2515/2515 3153/3153/3153 3154/3154/3154
f 3154/3154/3154 3153/3153/3153 1776/1776/1776
f 3154/3154/3154 1776/1776/1776 1783/1783/1783
f 3155/3155/3155 3154/3154/3154 1783/1783/1783
f 3155/3155/3155 1783/1783/1783 1782/1782/1782
f 2528/2528/2528 2527/2527/2527 3156/3156/3156
f 2528/2528/2528 3156/3156/3156 3157/3157/3157
f 2527/2527/2527 2516/2516/2516 3155/3155/3155
f 2527/2527/2527 3155/3155/3155 3156/3156/3156
f 3156/3156/3156 3155/3155/3155 1782/1782/1782
f 3156/3156/3156 1782/1782/1782 1789/1789/1789
f 3157/3157/3157 3156/3156/3156 1789/1789/1789
f 3157/3157/3157 1789/1789/1789 1788/1788/1788
f 2540/2540/2540 2539/2539/2539 3158/3158/3158
f 2540/2540/2540 3158/3158/3158 3159/3159/3159
f 2539/2539/2539 2528/2528/2528 3157/3157/3157
f 2539/2539/2539 3157/3157/3157 3158/3158/3158
f 3158/3158/3158 3157/3157/3157 1788/1788/1788
f 3158/3158/3158 1788/1788/1788 1795/1795/1795
f 3159/3159/3159 3158/3158/3158 1795/1795/1795
f 3159/3159/3159 1795/1795/1795 1794/1794/1794
f 2552/2552/2552 2551/2551/2551 3160/3160/3160
f 2552/2552/2552 3160/3160/3160 3161/3161/3161
f 2551/2551/2551 2540/2540/2540 3159/3159/3159
f 2551/2551/2551 3159/3159/3159 3160/3160/3160
f 3160/3160/3160 3159/3159/3159 1794/1794/1794
f 3160/3160/3160 1794/1794/1794 1801/1801/1801
f 3161/3161/3161 3160/3160/3160 1801/1801/1801
f 3161/3161/3161 1801/1801/1801 1800/1800/1800
f 2404/2404/2404 2564/2564/2564 3162/3162/3162
f 2404/2404/2404 3162/3162/3162 3163/3163/3163
f 2564/2564/2564 2563/2563/2563 3164/3164/3164
f 2564/2564/2564 3164/3164/3164 3162/3162/3162
f 3162/3162/3162 3164/3164/3164 1809/1809/1809
f 3162/3162/3162 1809/1809/1809 1806/1806/1806
f 3163/3163/3163 3162/3162/3162 1806/1806/1806
f 3163/3163/3163 1806/1806/1806 1727/1727/1727
f 2394/2394/2394 2405/2405/2405 3165/3165/3165
f 2394/2394/2394 3165/3165/3165 3166/3166/3166
f 2405/2405/2405 2404/2404/2404 3163/3163/3163
f 2405/2405/2405 3163/3163/3163 3165/3165/3165
f 3165/3165/3165 3163/3163/3163 1727/1727/1727
f 3165/3165/3165 1727/1727/1727 1725/1725/1725
f 3166/3166/3166 3165/3165/3165 1725/1725/1725
f 3166/3166/3166 1725/1725/1725 1721/1721/1721
f 2384/2384/2384 2395/2395/2395 3167/3167/3167
f 2384/2384/2384 3167/3167/3167 3168/3168/3168
f 2395/2395/2395 2394/2394/2394 3166/3166/3166
f 2395/2395/2395 3166/3166/3166 3167/3167/3167
f 3167/3167/3167 3166/3166/3166 1721/1721/1721
f 3167/3167/3167 1721/1721/1721 1719/1719/1719
f 3168/3168/3168 3167/3167/3167 1719/1719/1719
f 3168/3168/3168 1719/1719/1719 1715/1715/1715
f 2374/2374/2374 2385/2385/2385 3169/3169/3169
f 2374/2374/2374 3169/3169/3169 3170/3170/3170
f 2385/2385/2385 2384/2384/2384 3168/3168/3168
f 2385/2385/2385 3168/3168/3168 3169/3169/3169
f 3169/3169/3169 3168/3168/3168 1715/1715/1715
f 3169/3169/3169 1715/1715/1715 1713/1713/1713
f 3170/3170/3170 3169/3169/3169 1713/1713/1713
f 3170/3170/3170 1713/1713/1713 1709/1709/1709
f 2368/2368/2368 2375/2375/2375 3171/3171/3171
f 2368/2368/2368 3171/3171/3171 3172/3172/3172
f 2375/2375/2375 2374/2374/2374 3170/3170/3170
f 2375/2375/2375 3170/3170/3170 3171/3171/3171
f 3171/3171/3171 3170/3170/3170 1709/1709/1709
f 3171/3171/3171 1709/1709/1709 1707/1707/1707
f 3172/3172/3172 3171/3171/3171 1707/1707/1707
f 3172/3172/3172 1707/1707/1707 1706/1706/1706
f 2110/2110/2110 2369/2369/2369 3173/3173/3173
f 2110/2110/2110 3173/3173/3173 3174/3174/3174
f 2369/2369/2369 2368/2368/2368 3172/3172/3172
f 2369/2369/2369 3172/3172/3172 3173/3173/3173
f 3173/3173/3173 3172/3172/3172 1706/1706/1706
f 3173/3173/3173 1706/1706/1706 1705/1705/1705
f 3174/3174/3174 3173/3173/3173 1705/1705/1705
f 3174/3174/3174 1705/1705/1705 847/847/847
f 845/845/845 3175/3175/3175 3176/3176/3176
f 845/845/845 3176/3176/3176 846/846/846
f 3175/3175/3175 2102/2102/2102 2105/2105/2105
f 3175/3175/3175 2105/2105/2105 3176/3176/3176
f 3176/3176/3176 2105/2105/2105 2110/2110/2110
f 3176/3176/3176 2110/2110/2110 3174/3174/3174
f 846/846/846 3176/3176/3176 3174/3174/3174
f 846/846/846 3174/3174/3174 847/847/847
f 2052/2052/2052 2077/2077/2077 3177/3177/3177
f 2052/2052/2052 3177/3177/3177 3178/3178/3178
f 2077/2077/2077 2076/2076/2076 3179/3179/3179
f 2077/2077/2077 3179/3179/3179 3177/3177/3177
f 3177/3177/3177 3179/3179/3179 749/749/749
f 3177/3177/3177 749/749/749 748/748/748
f 3178/3178/3178 3177/3177/3177 748/748/748
f 3178/3178/3178 748/748/748 675/675/675
f 2028/2028/2028 2053/2053/2053 3180/3180/3180
f 2028/2028/2028 3180/3180/3180 3181/3181/3181
f 2053/2053/2053 2052/2052/2052 3178/3178/3178
f 2053/2053/2053 3178/3178/3178 3180/3180/3180
f 3180/3180/3180 3178/3178/3178 675/675/675
f 3180/3180/3180 675/675/675 674/674/674
f 3181/3181/3181 3180/3180/3180 674/674/674
f 3181/3181/3181 674/674/674 601/601/601
f 2004/2004/2004 2029/2029/2029 3182/3182/3182
f 2004/2004/2004 3182/3182/3182 3183/3183/3183
f 2029/2029/2029 2028/2028/2028 3181/3181/3181
f 2029/2029/2029 3181/3181/3181 3182/3182/3182
f 3182/3182/3182 3181/3181/3181 601/601/601
f 3182/3182/3182 601/601/601 600/600/600
f 3183/3183/3183 3182/3182/3182 600/600/600
f 3183/3183/3183 600/600/600 527/527/527
f 1980/1980/1980 2005/2005/2005 3184/3184/3184
f 1980/1980/1980 3184/3184/3184 3185/3185/3185
f 2005/2005/2005 2004/2004/2004 3183/3183/3183
f 2005/2005/2005 3183/3183/3183 3184/3184/3184
f 3184/3184/3184 3183/3183/3183 527/527/527
f 3184/3184/3184 527/527/527 526/526/526
f 3185/3185/3185 3184/3184/3184 526/526/526
f 3185/3185/3185 526/526/526 453/453/453
f 1956/1956/1956 1981/1981/1981 3186/3186/3186
f 1956/1956/1956 3186/3186/3186 3187/3187/3187
f 1981/1981/1981 1980/1980/1980 3185/3185/3185
f 1981/1981/1981 3185/3185/3185 3186/3186/3186
f 3186/3186/3186 3185/3185/3185 453/453/453
f 3186/3186/3186 453/453/453 452/452/452
f 3187/3187/3187 3186/3186/3186 452/452/452
f 3187/3187/3187 452/452/452 379/379/379
f 1932/1932/1932 1957/1957/1957 3188/3188/3188
f 1932/1932/1932 3188/3188/3188 3189/3189/3189
f 1957/1957/1957 1956/1956/1956 3187/3187/3187
f 1957/1957/1957 3187/3187/3187 3188/3188/3188
f 3188/3188/3188 3187/3187/3187 379/379/379
f 3188/3188/3188 379/379/379 378/378/378
f 3189/3189/3189 3188/3188/3188 378/378/378
f 3189/3189/3189 378/378/378 305/305/305
f 1908/1908/1908 1933/1933/1933 3190/3190/3190
f 1908/1908/1908 3190/3190/3190 3191/3191/3191
f 1933/1933/1933 1932/1932/1932 3189/3189/3189
f 1933/1933/1933 3189/3189/3189 3190/3190/3190
f 3190/3190/3190 3189/3189/3189 305/305/305
f 3190/3190/3190 305/305/305 304/304/304
f 3191/3191/3191 3190/3190/3190 304/304/304
f 3191/3191/3191 304/304/304 231/231/231
f 1884/1884/1884 1909/1909/1909 3192/3192/3192
f 1884/1884/1884 3192/3192/3192 3193/3193/3193
f 1909/1909/1909 1908/1908/1908 3191/3191/3191
f 1909/1909/1909 3191/3191/3191 3192/3192/3192
f 3192/3192/3192 3191/3191/3191 231/231/231
f 3192/3192/3192 231/231/231 230/230/230
f 3193/3193/3193 3192/3192/3192 230/230/230
f 3193/3193/3193 230/230/230 157/157/157
f 1860/1860/1860 1885/1885/1885 3194/3194/3194
f 1860/1860/1860 3194/3194/3194 3195/3195/3195
f 1885/1885/1885 1884/1884/1884 3193/3193/3193
f 1885/1885/1885 3193/3193/3193 3194/3194/3194
f 3194/3194/3194 3193/3193/3193 157/157/157
f 3194/3194/3194 157/157/157 156/156/156
f 3195/3195/3195 3194/3194/3194 156/156/156
f 3195/3195/3195 156/156/156 70/70/70
f 1853/1853/1853 1861/1861/1861 3196/3196/3196
f 1853/1853/1853 3196/3196/3196 3197/3197/3197
f 1861/1861/1861 1860/1860/1860 3195/3195/3195
f 1861/1861/1861 3195/3195/3195 3196/3196/3196
f 3196/3196/3196 3195/3195/3195 70/70/70
f 3196/3196/3196 70/70/70 69/69/69
f 3197/3197/3197 3196/3196/3196 69/69/69
f 3197/3197/3197 69/69/69 68/68/68
f 1855/1855/1855 1854/1854/1854 3198/3198/3198
f 1855/1855/1855 3198/3198/3198 3199/3199/3199
f 1854/1854/1854 1853/1853/1853 3197/3197/3197
f 1854/1854/1854 3197/3197/3197 3198/3198/3198
f 3198/3198/3198 3197/3197/3197 68/68/68
f 3198/3198/3198 68/68/68 65/65/65
f 3199/3199/3199 3198/3198/3198 65/65/65
f 3199/3199/3199 65/65/65 64/64/64
f 1867/1867/1867 1866/1866/1866 3200/3200/3200
f 1867/1867/1867 3200/3200/3200 3201/3201/3201
f 1866/1866/1866 1855/1855/1855 3199/3199/3199
f 1866/1866/1866 3199/3199/3199 3200/3200/3200
f 3200/3200/3200 3199/3199/3199 64/64/64
f 3200/3200/3200 64/64/64 67/67/67
f 3201/3201/3201 3200/3200/3200 67/67/67
f 3201/3201/3201 67/67/67 72/72/72
f 1891/1891/1891 1890/1890/1890 3202/3202/3202
f 1891/1891/1891 3202/3202/3202 3203/3203/3203
f 1890/1890/1890 1867/1867/1867 3201/3201/3201
f 1890/1890/1890 3201/3201/3201 3202/3202/3202
f 3202/3202/3202 3201/3201/3201 72/72/72
f 3202/3202/3202 72/72/72 155/155/155
f 3203/3203/3203 3202/3202/3202 155/155/155
f 3203/3203/3203 155/155/155 159/159/159
f 1915/1915/1915 1914/1914/1914 3204/3204/3204
f 1915/1915/1915 3204/3204/3204 3205/3205/3205
f 1914/1914/1914 1891/1891/1891 3203/3203/3203
f 1914/1914/1914 3203/3203/3203 3204/3204/3204
f 3204/3204/3204 3203/3203/3203 159/159/159
f 3204/3204/3204 159/159/159 229/229/229
f 3205/3205/3205 3204/3204/3204 229/229/229
f 3205/3205/3205 229/229/229 233/233/233
f 1939/1939/1939 1938/1938/1938 3206/3206/3206
f 1939/1939/1939 3206/3206/3206 3207/3207/3207
f 1938/1938/1938 1915/1915/1915 3205/3205/3205
f 1938/1938/1938 3205/3205/3205 3206/3206/3206
f 3206/3206/3206 3205/3205/3205 233/233/233
f 3206/3206/3206 233/233/233 303/303/303
f 3207/3207/3207 3206/3206/3206 303/303/303
f 3207/3207/3207 303/303/303 307/307/307
f 1963/1963/1963 1962/1962/1962 3208/3208/3208
f 1963/1963/1963 3208/3208/3208 3209/3209/3209
f 1962/1962/1962 1939/1939/1939 3207/3207/3207
f 1962/1962/1962 3207/3207/3207 3208/3208/3208
f 3208/3208/3208 3207/3207/3207 307/307/307
f 3208/3208/3208 307/307/307 377/377/377
f 3209/3209/3209 3208/3208/3208 377/377/377
f 3209/3209/3209 377/377/377 381/381/381
f 1987/1987/1987 1986/1986/1986 3210/3210/3210
f 1987/1987/1987 3210/3210/3210 3211/3211/3211
f 1986/1986/1986 1963/1963/1963 3209/3209/3209
f 1986/1986/1986 3209/3209/3209 3210/3210/3210
f 3210/3210/3210 3209/3209/3209 381/381/381
f 3210/3210/3210 381/381/381 451/451/451
f 3211/3211/3211 3210/3210/3210 451/451/451
f 3211/3211/3211 451/451/451 455/455/455
f 2011/2011/2011 2010/2010/2010 3212/3212/3212
f 2011/2011/2011 3212/3212/3212 3213/3213/3213
f 2010/2010/2010 1987/1987/1987 3211/3211/3211
f 2010/2010/2010 3211/3211/3211 3212/3212/3212
f 3212/3212/3212 3211/3211/3211 455/455/455
f 3212/3212/3212 455/455/455 525/525/525
f 3213/3213/3213 3212/3212/3212 525/525/525
f 3213/3213/3213 525/525/525 529/529/529
f 2035/2035/2035 2034/2034/2034 3214/3214/3214
f 2035/2035/2035 3214/3214/3214 3215/3215/3215
f 2034/2034/2034 2011/2011/2011 3213/3213/3213
f 2034/2034/2034 3213/3213/3213 3214/3214/3214
f 3214/3214/3214 3213/3213/3213 529/529/529
f 3214/3214/3214 529/529/529 599/599/599
f 3215/3215/3215 3214/3214/3214 599/599/599
f 3215/3215/3215 599/599/599 603/603/603
f 2059/2059/2059 2058/2058/2058 3216/3216/3216
f 2059/2059/2059 3216/3216/3216 3217/3217/3217
f 2058/2058/2058 2035/2035/2035 3215/3215/3215
f 2058/2058/2058 3215/3215/3215 3216/3216/3216
f 3216/3216/3216 3215/3215/3215 603/603/603
f 3216/3216/3216 603/603/603 673/673/673
f 3217/3217/3217 3216/3216/3216 673/673/673
f 3217/3217/3217 673/673/673 677/677/677
f 2083/2083/2083 2082/2082/2082 3218/3218/3218
f 2083/2083/2083 3218/3218/3218 3219/3219/3219
f 2082/2082/2082 2059/2059/2059 3217/3217/3217
f 2082/2082/2082 3217/3217/3217 3218/3218/3218
f 3218/3218/3218 3217/3217/3217 677/677/677
f 3218/3218/3218 677/677/677 747/747/747
f 3219/3219/3219 3218/3218/3218 747/747/747
f 3219/3219/3219 747/747/747 751/751/751
f 2119/2119/2119 2118/2118/2118 3220/3220/3220
f 2119/2119/2119 3220/3220/3220 3221/3221/3221
f 2118/2118/2118 2117/2117/2117 3222/3222/3222
f 2118/2118/2118 3222/3222/3222 3220/3220/3220
f 3220/3220/3220 3222/3222/3222 841/841/841
f 3220/3220/3220 841/841/841 844/844/844
f 3221/3221/3221 3220/3220/3220 844/844/844
f 3221/3221/3221 844/844/844 849/849/849
f 2343/2343/2343 2351/2351/2351 3223/3223/3223
f 2343/2343/2343 3223/3223/3223 3224/3224/3224
f 2351/2351/2351 2119/2119/2119 3221/3221/3221
f 2351/2351/2351 3221/3221/3221 3223/3223/3223
f 3223/3223/3223 3221/3221/3221 849/849/849
f 3223/3223/3223 849/849/849 1692/1692/1692
f 3224/3224/3224 3223/3223/3223 1692/1692/1692
f 3224/3224/3224 1692/1692/1692 1688/1688/1688
f 2337/2337/2337 2344/2344/2344 3225/3225/3225
f 2337/2337/2337 3225/3225/3225 3226/3226/3226
f 2344/2344/2344 2343/2343/2343 3224/3224/3224
f 2344/2344/2344 3224/3224/3224 3225/3225/3225
f 3225/3225/3225 3224/3224/3224 1688/1688/1688
f 3225/3225/3225 1688/1688/1688 1686/1686/1686
f 3226/3226/3226 3225/3225/3225 1686/1686/1686
f 3226/3226/3226 1686/1686/1686 1685/1685/1685
f 2092/2092/2092 2338/2338/2338 3227/3227/3227
f 2092/2092/2092 3227/3227/3227 3228/3228/3228
f 2338/2338/2338 2337/2337/2337 3226/3226/3226
f 2338/2338/2338 3226/3226/3226 3227/3227/3227
f 3227/3227/3227 3226/3226/3226 1685/1685/1685
f 3227/3227/3227 1685/1685/1685 1684/1684/1684
f 3228/3228/3228 3227/3227/3227 1684/1684/1684
f 3228/3228/3228 1684/1684/1684 823/823/823
f 821/821/821 3229/3229/3229 3230/3230/3230
f 821/821/821 3230/3230/3230 822/822/822
f 3229/3229/3229 2084/2084/2084 2087/2087/2087
f 3229/3229/3229 2087/2087/2087 3230/3230/3230
f 3230/3230/3230 2087/2087/2087 2092/2092/2092
f 3230/3230/3230 2092/2092/2092 3228/3228/3228
f 822/822/822 3230/3230/3230 3228/3228/3228
f 822/822/822 3228/3228/3228 823/823/823
f 2040/2040/2040 2065/2065/2065 3231/3231/3231
f 2040/2040/2040 3231/3231/3231 3232/3232/3232
f 2065/2065/2065 2064/2064/2064 3233/3233/3233
f 2065/2065/2065 3233/3233/3233 3231/3231/3231
f 3231/3231/3231 3233/3233/3233 733/733/733
f 3231/3231/3231 733/733/733 732/732/732
f 3232/3232/3232 3231/3231/3231 732/732/732
f 3232/3232/3232 732/732/732 659/659/659
f 2016/2016/2016 2041/2041/2041 3234/3234/3234
f 2016/2016/2016 3234/3234/3234 3235/3235/3235
f 2041/2041/2041 2040/2040/2040 3232/3232/3232
f 2041/2041/2041 3232/3232/3232 3234/3234/3234
f 3234/3234/3234 3232/3232/3232 659/659/659
f 3234/3234/3234 659/659/659 658/658/658
f 3235/3235/3235 3234/3234/3234 658/658/658
f 3235/3235/3235 658/658/658 585/585/585
f 1992/1992/1992 2017/2017/2017 3236/3236/3236
f 1992/1992/1992 3236/3236/3236 3237/3237/3237
f 2017/2017/2017 2016/2016/2016 3235/3235/3235
f 2017/2017/2017 3235/3235/3235 3236/3236/3236
f 3236/3236/3236 3235/3235/3235 585/585/585
f 3236/3236/3236 585/585/585 584/584/584
f 3237/3237/3237 3236/3236/3236 584/584/584
f 3237/3237/3237 584/584/584 511/511/511
f 1968/1968/1968 1993/1993/1993 3238/3238/3238
f 1968/1968/1968 3238/3238/3238 3239/3239/3239
f 1993/1993/1993 1992/1992/1992 3237/3237/3237
f 1993/1993/1993 3237/3237/3237 3238/3238/3238
f 3238/3238/3238 3237/3237/3237 511/511/511
f 3238/3238/3238 511/511/511 510/510/510
f 3239/3239/3239 3238/3238/3238 510/510/510
f 3239/3239/3239 510/510/510 437/437/437
f 1944/1944/1944 1969/1969/1969 3240/3240/3240
f 1944/1944/1944 3240/3240/3240 3241/3241/3241
f 1969/1969/1969 1968/1968/1968 3239/3239/3239
f 1969/1969/1969 3239/3239/3239 3240/3240/3240
f 3240/3240/3240 3239/3239/3239 437/437/437
f 3240/3240/3240 437/437/437 436/436/436
f 3241/3241/3241 3240/3240/3240 436/436/436
f 3241/3241/3241 436/436/436 363/363/363
f 1920/1920/1920 1945/1945/1945 3242/3242/3242
f 1920/1920/1920 3242/3242/3242 3243/3243/3243
f 1945/1945/1945 1944/1944/1944 3241/3241/3241
f 1945/1945/1945 3241/3241/3241 3242/3242/3242
f 3242/3242/3242 3241/3241/3241 363/363/363
f 3242/3242/3242 363/363/363 362/362/362
f 3243/3243/3243 3242/3242/3242 362/362/362
f 3243/3243/3243 362/362/362 289/289/289
f 1896/1896/1896 1921/1921/1921 3244/3244/3244
f 1896/1896/1896 3244/3244/3244 3245/3245/3245
f 1921/1921/1921 1920/1920/1920 3243/3243/3243
f 1921/1921/1921 3243/3243/3243 3244/3244/3244
f 3244/3244/3244 3243/3243/3243 289/289/289
f 3244/3244/3244 289/289/289 288/288/288
f 3245/3245/3245 3244/3244/3244 288/288/288
f 3245/3245/3245 288/288/288 215/215/215
f 1872/1872/1872 1897/1897/1897 3246/3246/3246
f 1872/1872/1872 3246/3246/3246 3247/3247/3247
f 1897/1897/1897 1896/1896/1896 3245/3245/3245
f 1897/1897/1897 3245/3245/3245 3246/3246/3246
f 3246/3246/3246 3245/3245/3245 215/215/215
f 3246/3246/3246 215/215/215 214/214/214
f 3247/3247/3247 3246/3246/3246 214/214/214
f 3247/3247/3247 214/214/214 141/141/141
f 1839/1839/1839 1873/1873/1873 3248/3248/3248
f 1839/1839/1839 3248/3248/3248 3249/3249/3249
f 1873/1873/1873 1872/1872/1872 3247/3247/3247
f 1873/1873/1873 3247/3247/3247 3248/3248/3248
f 3248/3248/3248 3247/3247/3247 141/141/141
f 3248/3248/3248 141/141/141 140/140/140
f 3249/3249/3249 3248/3248/3248 140/140/140
f 3249/3249/3249 140/140/140 46/46/46
f 1832/1832/1832 1840/1840/1840 3250/3250/3250
f 1832/1832/1832 3250/3250/3250 3251/3251/3251
f 1840/1840/1840 1839/1839/1839 3249/3249/3249
f 1840/1840/1840 3249/3249/3249 3250/3250/3250
f 3250/3250/3250 3249/3249/3249 46/46/46
f 3250/3250/3250 46/46/46 45/45/45
f 3251/3251/3251 3250/3250/3250 45/45/45
f 3251/3251/3251 45/45/45 44/44/44
f 1834/1834/1834 1833/1833/1833 3252/3252/3252
f 1834/1834/1834 3252/3252/3252 3032/3032/3032
f 1833/1833/1833 1832/1832/1832 3251/3251/3251
f 1833/1833/1833 3251/3251/3251 3252/3252/3252
f 3252/3252/3252 3251/3251/3251 44/44/44
f 3252/3252/3252 44/44/44 41/41/41
f 3032/3032/3032 3252/3252/3252 41/41/41
f 3032/3032/3032 41/41/41 40/40/40
f 709/709/709 708/708/708 3253/3253/3253
f 709/709/709 3253/3253/3253 3254/3254/3254
f 708/708/708 707/707/707 3255/3255/3255
f 708/708/708 3255/3255/3255 3253/3253/3253
f 3253/3253/3253 3255/3255/3255 782/782/782
f 3253/3253/3253 782/782/782 779/779/779
f 3254/3254/3254 3253/3253/3253 779/779/779
f 3254/3254/3254 779/779/779 778/778/778
f 2253/2253/2253 2952/2952/2952 3256/3256/3256
f 2253/2253/2253 3256/3256/3256 3257/3257/3257
f 2952/2952/2952 782/782/782 3255/3255/3255
f 2952/2952/2952 3255/3255/3255 3256/3256/3256
f 3256/3256/3256 3255/3255/3255 707/707/707
f 3256/3256/3256 707/707/707 2954/2954/2954
f 3257/3257/3257 3256/3256/3256 2954/2954/2954
f 3257/3257/3257 2954/2954/2954 2237/2237/2237
f 2255/2255/2255 2254/2254/2254 3258/3258/3258
f 2255/2255/2255 3258/3258/3258 3259/3259/3259
f 2254/2254/2254 2253/2253/2253 3257/3257/3257
f 2254/2254/2254 3257/3257/3257 3258/3258/3258
f 3258/3258/3258 3257/3257/3257 2237/2237/2237
f 3258/3258/3258 2237/2237/2237 2240/2240/2240
f 3259/3259/3259 3258/3258/3258 2240/2240/2240
f 3259/3259/3259 2240/2240/2240 2242/2242/2242
f 1508/1508/1508 3110/3110/3110 3260/3260/3260
f 1508/1508/1508 3260/3260/3260 3261/3261/3261
f 3110/3110/3110 2255/2255/2255 3259/3259/3259
f 3110/3110/3110 3259/3259/3259 3260/3260/3260
f 3260/3260/3260 3259/3259/3259 2242/2242/2242
f 3260/3260/3260 2242/2242/2242 3107/3107/3107
f 3261/3261/3261 3260/3260/3260 3107/3107/3107
f 3261/3261/3261 3107/3107/3107 1498/1498/1498
f 1510/1510/1510 1509/1509/1509 3262/3262/3262
f 1510/1510/1510 3262/3262/3262 3263/3263/3263
f 1509/1509/1509 1508/1508/1508 3261/3261/3261
f 1509/1509/1509 3261/3261/3261 3262/3262/3262
f 3262/3262/3262 3261/3261/3261 1498/1498/1498
f 3262/3262/3262 1498/1498/1498 1501/1501/1501
f 3263/3263/3263 3262/3262/3262 1501/1501/1501
f 3263/3263/3263 1501/1501/1501 1503/1503/1503
f 2247/2247/2247 3264/3264/3264 3265/3265/3265
f 2247/2247/2247 3265/3265/3265 3067/3067/3067
f 3264/3264/3264 2258/2258/2258 3063/3063/3063
f 3264/3264/3264 3063/3063/3063 3265/3265/3265
f 3265/3265/3265 3063/3063/3063 1510/1510/1510
f 3265/3265/3265 1510/1510/1510 3263/3263/3263
f 3067/3067/3067 3265/3265/3265 3263/3263/3263
f 3067/3067/3067 3263/3263/3263 1503/1503/1503
f 2245/2245/2245 3266/3266/3266 3267/3267/3267
f 2245/2245/2245 3267/3267/3267 2246/2246/2246
f 3266/3266/3266 2262/2262/2262 2259/2259/2259
f 3266/3266/3266 2259/2259/2259 3267/3267/3267
f 3267/3267/3267 2259/2259/2259 2258/2258/2258
f 3267/3267/3267 2258/2258/2258 3264/3264/3264
f 2246/2246/2246 3267/3267/3267 3264/3264/3264
f 2246/2246/2246 3264/3264/3264 2247/2247/2247
f 715/715/715 3268/3268/3268 3269/3269/3269
f 715/715/715 3269/3269/3269 2995/2995/2995
f 3268/3268/3268 787/787/787 2996/2996/2996
f 3268/3268/3268 2996/2996/2996 3269/3269/3269
f 3269/3269/3269 2996/2996/2996 2262/2262/2262
f 3269/3269/3269 2262/2262/2262 3266/3266/3266
f 2995/2995/2995 3269/3269/3269 3266/3266/3266
f 2995/2995/2995 3266/3266/3266 2245/2245/2245
f 715/715/715 714/714/714 3270/3270/3270
f 715/715/715 3270/3270/3270 3268/3268/3268
f 714/714/714 713/713/713 3271/3271/3271
f 714/714/714 3271/3271/3271 3270/3270/3270
f 3270/3270/3270 3271/3271/3271 791/791/791
f 3270/3270/3270 791/791/791 788/788/788
f 3268/3268/3268 3270/3270/3270 788/788/788
f 3268/3268/3268 788/788/788 787/787/787
f 721/721/721 720/720/720 3272/3272/3272
f 721/721/721 3272/3272/3272 3273/3273/3273
f 720/720/720 719/719/719 3274/3274/3274
f 720/720/720 3274/3274/3274 3272/3272/3272
f 3272/3272/3272 3274/3274/3274 800/800/800
f 3272/3272/3272 800/800/800 797/797/797
f 3273/3273/3273 3272/3272/3272 797/797/797
f 3273/3273/3273 797/797/797 796/796/796
f 719/719/719 725/725/725 3275/3275/3275
f 719/719/719 3275/3275/3275 3274/3274/3274
f 725/725/725 724/724/724 3276/3276/3276
f 725/725/725 3276/3276/3276 3275/3275/3275
f 3275/3275/3275 3276/3276/3276 807/807/807
f 3275/3275/3275 807/807/807 805/805/805
f 3274/3274/3274 3275/3275/3275 805/805/805
f 3274/3274/3274 805/805/805 800/800/800
f 724/724/724 729/729/729 3277/3277/3277
f 724/724/724 3277/3277/3277 3276/3276/3276
f 729/729/729 728/728/728 3278/3278/3278
f 729/729/729 3278/3278/3278 3277/3277/3277
f 3277/3277/3277 3278/3278/3278 813/813/813
f 3277/3277/3277 813/813/813 811/811/811
f 3276/3276/3276 3277/3277/3277 811/811/811
f 3276/3276/3276 811/811/811 807/807/807
f 2097/2097/2097 3009/3009/3009 3279/3279/3279
f 2097/2097/2097 3279/3279/3279 3280/3280/3280
f 3009/3009/3009 813/813/813 3278/3278/3278
f 3009/3009/3009 3278/3278/3278 3279/3279/3279
f 3279/3279/3279 3278/3278/3278 728/728/728
f 3279/3279/3279 728/728/728 3011/3011/3011
f 3280/3280/3280 3279/3279/3279 3011/3011/3011
f 3280/3280/3280 3011/3011/3011 2066/2066/2066
f 2099/2099/2099 2098/2098/2098 3281/3281/3281
f 2099/2099/2099 3281/3281/3281 3282/3282/3282
f 2098/2098/2098 2097/2097/2097 3280/3280/3280
f 2098/2098/2098 3280/3280/3280 3281/3281/3281
f 3281/3281/3281 3280/3280/3280 2066/2066/2066
f 3281/3281/3281 2066/2066/2066 2069/2069/2069
f 3282/3282/3282 3281/3281/3281 2069/2069/2069
f 3282/3282/3282 2069/2069/2069 2071/2071/2071
f 817/817/817 3053/3053/3053 3283/3283/3283
f 817/817/817 3283/3283/3283 3284/3284/3284
f 3053/3053/3053 2099/2099/2099 3282/3282/3282
f 3053/3053/3053 3282/3282/3282 3283/3283/3283
f 3283/3283/3283 3282/3282/3282 2071/2071/2071
f 3283/3283/3283 2071/2071/2071 3050/3050/3050
f 3284/3284/3284 3283/3283/3283 3050/3050/3050
f 3284/3284/3284 3050/3050/3050 735/735/735
f 735/735/735 734/734/734 3285/3285/3285
f 735/735/735 3285/3285/3285 3284/3284/3284
f 734/734/734 733/733/733 3286/3286/3286
f 734/734/734 3286/3286/3286 3285/3285/3285
f 3285/3285/3285 3286/3286/3286 821/821/821
f 3285/3285/3285 821/821/821 818/818/818
f 3284/3284/3284 3285/3285/3285 818/818/818
f 3284/3284/3284 818/818/818 817/817/817
f 2064/2064/2064 3287/3287/3287 3288/3288/3288
f 2064/2064/2064 3288/3288/3288 3233/3233/3233
f 3287/3287/3287 2084/2084/2084 3229/3229/3229
f 3287/3287/3287 3229/3229/3229 3288/3288/3288
f 3288/3288/3288 3229/3229/3229 821/821/821
f 3288/3288/3288 821/821/821 3286/3286/3286
f 3233/3233/3233 3288/3288/3288 3286/3286/3286
f 3233/3233/3233 3286/3286/3286 733/733/733
f 2062/2062/2062 3289/3289/3289 3290/3290/3290
f 2062/2062/2062 3290/3290/3290 2063/2063/2063
f 3289/3289/3289 2088/2088/2088 2085/2085/2085
f 3289/3289/3289 2085/2085/2085 3290/3290/3290
f 3290/3290/3290 2085/2085/2085 2084/2084/2084
f 3290/3290/3290 2084/2084/2084 3287/3287/3287
f 2063/2063/2063 3290/3290/3290 3287/3287/3287
f 2063/2063/2063 3287/3287/3287 2064/2064/2064
f 1560/1560/1560 3291/3291/3291 3292/3292/3292
f 1560/1560/1560 3292/3292/3292 2829/2829/2829
f 3291/3291/3291 1568/1568/1568 2830/2830/2830
f 3291/3291/3291 2830/2830/2830 3292/3292/3292
f 3292/3292/3292 2830/2830/2830 2088/2088/2088
f 3292/3292/3292 2088/2088/2088 3289/3289/3289
f 2829/2829/2829 3292/3292/3292 3289/3289/3289
f 2829/2829/2829 3289/3289/3289 2062/2062/2062
f 826/826/826 1569/1569/1569 3293/3293/3293
f 826/826/826 3293/3293/3293 3294/3294/3294
f 1569/1569/1569 1568/1568/1568 3291/3291/3291
f 1569/1569/1569 3291/3291/3291 3293/3293/3293
f 3293/3293/3293 3291/3291/3291 1560/1560/1560
f 3293/3293/3293 1560/1560/1560 1563/1563/1563
f 3294/3294/3294 3293/3293/3293 1563/1563/1563
f 3294/3294/3294 1563/1563/1563 741/741/741
f 741/741/741 740/740/740 3295/3295/3295
f 741/741/741 3295/3295/3295 3294/3294/3294
f 740/740/740 739/739/739 3296/3296/3296
f 740/740/740 3296/3296/3296 3295/3295/3295
f 3295/3295/3295 3296/3296/3296 830/830/830
f 3295/3295/3295 830/830/830 827/827/827
f 3294/3294/3294 3295/3295/3295 827/827/827
f 3294/3294/3294 827/827/827 826/826/826
f 739/739/739 745/745/745 3297/3297/3297
f 739/739/739 3297/3297/3297 3296/3296/3296
f 745/745/745 744/744/744 3298/3298/3298
f 745/745/745 3298/3298/3298 3297/3297/3297
f 3297/3297/3297 3298/3298/3298 837/837/837
f 3297/3297/3297 837/837/837 835/835/835
f 3296/3296/3296 3297/3297/3297 835/835/835
f 3296/3296/3296 835/835/835 830/830/830
f 2115/2115/2115 2840/2840/2840 3299/3299/3299
f 2115/2115/2115 3299/3299/3299 3300/3300/3300
f 2840/2840/2840 837/837/837 3298/3298/3298
f 2840/2840/2840 3298/3298/3298 3299/3299/3299
f 3299/3299/3299 3298/3298/3298 744/744/744
f 3299/3299/3299 744/744/744 2842/2842/2842
f 3300/3300/3300 3299/3299/3299 2842/2842/2842
f 3300/3300/3300 2842/2842/2842 2078/2078/2078
f 2117/2117/2117 2116/2116/2116 3301/3301/3301
f 2117/2117/2117 3301/3301/3301 3302/3302/3302
f 2116/2116/2116 2115/2115/2115 3300/3300/3300
f 2116/2116/2116 3300/3300/3300 3301/3301/3301
f 3301/3301/3301 3300/3300/3300 2078/2078/2078
f 3301/3301/3301 2078/2078/2078 2081/2081/2081
f 3302/3302/3302 3301/3301/3301 2081/2081/2081
f 3302/3302/3302 2081/2081/2081 2083/2083/2083
f 841/841/841 3222/3222/3222 3303/3303/3303
f 841/841/841 3303/3303/3303 3304/3304/3304
f 3222/3222/3222 2117/2117/2117 3302/3302/3302
f 3222/3222/3222 3302/3302/3302 3303/3303/3303
f 3303/3303/3303 3302/3302/3302 2083/2083/2083
f 3303/3303/3303 2083/2083/2083 3219/3219/3219
f 3304/3304/3304 3303/3303/3303 3219/3219/3219
f 3304/3304/3304 3219/3219/3219 751/751/751
f 751/751/751 750/750/750 3305/3305/3305
f 751/751/751 3305/3305/3305 3304/3304/3304
f 750/750/750 749/749/749 3306/3306/3306
f 750/750/750 3306/3306/3306 3305/3305/3305
f 3305/3305/3305 3306/3306/3306 845/845/845
f 3305/3305/3305 845/845/845 842/842/842
f 3304/3304/3304 3305/3305/3305 842/842/842
f 3304/3304/3304 842/842/842 841/841/841
f 2076/2076/2076 3307/3307/3307 3308/3308/3308
f 2076/2076/2076 3308/3308/3308 3179/3179/3179
f 3307/3307/3307 2102/2102/2102 3175/3175/3175
f 3307/3307/3307 3175/3175/3175 3308/3308/3308
f 3308/3308/3308 3175/3175/3175 845/845/845
f 3308/3308/3308 845/845/845 3306/3306/3306
f 3179/3179/3179 3308/3308/3308 3306/3306/3306
f 3179/3179/3179 3306/3306/3306 749/749/749
f 2074/2074/2074 3309/3309/3309 3310/3310/3310
f 2074/2074/2074 3310/3310/3310 2075/2075/2075
f 3309/3309/3309 2106/2106/2106 2103/2103/2103
f 3309/3309/3309 2103/2103/2103 3310/3310/3310
f 3310/3310/3310 2103/2103/2103 2102/2102/2102
f 3310/3310/3310 2102/2102/2102 3307/3307/3307
f 2075/2075/2075 3310/3310/3310 3307/3307/3307
f 2075/2075/2075 3307/3307/3307 2076/2076/2076
f 1617/1617/1617 3311/3311/3311 3312/3312/3312
f 1617/1617/1617 3312/3312/3312 2883/2883/2883
f 3311/3311/3311 1625/1625/1625 2884/2884/2884
f 3311/3311/3311 2884/2884/2884 3312/3312/3312
f 3312/3312/3312 2884/2884/2884 2106/2106/2106
f 3312/3312/3312 2106/2106/2106 3309/3309/3309
f 2883/2883/2883 3312/3312/3312 3309/3309/3309
f 2883/2883/2883 3309/3309/3309 2074/2074/2074
f 850/850/850 1626/1626/1626 3313/3313/3313
f 850/850/850 3313/3313/3313 3314/3314/3314
f 1626/1626/1626 1625/1625/1625 3311/3311/3311
f 1626/1626/1626 3311/3311/3311 3313/3313/3313
f 3313/3313/3313 3311/3311/3311 1617/1617/1617
f 3313/3313/3313 1617/1617/1617 1620/1620/1620
f 3314/3314/3314 3313/3313/3313 1620/1620/1620
f 3314/3314/3314 1620/1620/1620 757/757/757
f 757/757/757 756/756/756 3315/3315/3315
f 757/757/757 3315/3315/3315 3314/3314/3314
f 756/756/756 755/755/755 3316/3316/3316
f 756/756/756 3316/3316/3316 3315/3315/3315
f 3315/3315/3315 3316/3316/3316 854/854/854
f 3315/3315/3315 854/854/854 851/851/851
f 3314/3314/3314 3315/3315/3315 851/851/851
f 3314/3314/3314 851/851/851 850/850/850
f 755/755/755 761/761/761 3317/3317/3317
f 755/755/755 3317/3317/3317 3316/3316/3316
f 761/761/761 760/760/760 3318/3318/3318
f 761/761/761 3318/3318/3318 3317/3317/3317
f 3317/3317/3317 3318/3318/3318 861/861/861
f 3317/3317/3317 861/861/861 859/859/859
f 3316/3316/3316 3317/3317/3317 859/859/859
f 3316/3316/3316 859/859/859 854/854/854
f 760/760/760 765/765/765 3319/3319/3319
f 760/760/760 3319/3319/3319 3318/3318/3318
f 765/765/765 764/764/764 3320/3320/3320
f 765/765/765 3320/3320/3320 3319/3319/3319
f 3319/3319/3319 3320/3320/3320 867/867/867
f 3319/3319/3319 867/867/867 865/865/865
f 3318/3318/3318 3319/3319/3319 865/865/865
f 3318/3318/3318 865/865/865 861/861/861
f 764/764/764 769/769/769 3321/3321/3321
f 764/764/764 3321/3321/3321 3320/3320/3320
f 769/769/769 768/768/768 3322/3322/3322
f 769/769/769 3322/3322/3322 3321/3321/3321
f 3321/3321/3321 3322/3322/3322 873/873/873
f 3321/3321/3321 873/873/873 871/871/871
f 3320/3320/3320 3321/3321/3321 871/871/871
f 3320/3320/3320 871/871/871 867/867/867
f 2561/2561/2561 2898/2898/2898 3323/3323/3323
f 2561/2561/2561 3323/3323/3323 3324/3324/3324
f 2898/2898/2898 873/873/873 3322/3322/3322
f 2898/2898/2898 3322/3322/3322 3323/3323/3323
f 3323/3323/3323 3322/3322/3322 768/768/768
f 3323/3323/3323 768/768/768 2900/2900/2900
f 3324/3324/3324 3323/3323/3323 2900/2900/2900
f 3324/3324/3324 2900/2900/2900 2547/2547/2547
f 2563/2563/2563 2562/2562/2562 3325/3325/3325
f 2563/2563/2563 3325/3325/3325 3326/3326/3326
f 2562/2562/2562 2561/2561/2561 3324/3324/3324
f 2562/2562/2562 3324/3324/3324 3325/3325/3325
f 3325/3325/3325 3324/3324/3324 2547/2547/2547
f 3325/3325/3325 2547/2547/2547 2550/2550/2550
f 3326/3326/3326 3325/3325/3325 2550/2550/2550
f 3326/3326/3326 2550/2550/2550 2552/2552/2552
f 1809/1809/1809 3164/3164/3164 3327/3327/3327
f 1809/1809/1809 3327/3327/3327 3328/3328/3328
f 3164/3164/3164 2563/2563/2563 3326/3326/3326
f 3164/3164/3164 3326/3326/3326 3327/3327/3327
f 3327/3327/3327 3326/3326/3326 2552/2552/2552
f 3327/3327/3327 2552/2552/2552 3161/3161/3161
f 3328/3328/3328 3327/3327/3327 3161/3161/3161
f 3328/3328/3328 3161/3161/3161 1800/1800/1800
f 1811/1811/1811 1810/1810/1810 3329/3329/3329
f 1811/1811/1811 3329/3329/3329 3330/3330/3330
f 1810/1810/1810 1809/1809/1809 3328/3328/3328
f 1810/1810/1810 3328/3328/3328 3329/3329/3329
f 3329/3329/3329 3328/3328/3328 1800/1800/1800
f 3329/3329/3329 1800/1800/1800 1803/1803/1803
f 3330/3330/3330 3329/3329/3329 1803/1803/1803
f 3330/3330/3330 1803/1803/1803 1805/1805/1805
f 2557/2557/2557 3331/3331/3331 3332/3332/3332
f 2557/2557/2557 3332/3332/3332 3121/3121/3121
f 3331/3331/3331 2565/2565/2565 3117/3117/3117
f 3331/3331/3331 3117/3117/3117 3332/3332/3332
f 3332/3332/3332 3117/3117/3117 1811/1811/1811
f 3332/3332/3332 1811/1811/1811 3330/3330/3330
f 3121/3121/3121 3332/3332/3332 3330/3330/3330
f 3121/3121/3121 3330/3330/3330 1805/1805/1805
f 2555/2555/2555 3333/3333/3333 3334/3334/3334
f 2555/2555/2555 3334/3334/3334 2556/2556/2556
f 3333/3333/3333 2569/2569/2569 2566/2566/2566
f 3333/3333/3333 2566/2566/2566 3334/3334/3334
f 3334/3334/3334 2566/2566/2566 2565/2565/2565
f 3334/3334/3334 2565/2565/2565 3331/3331/3331
f 2556/2556/2556 3334/3334/3334 3331/3331/3331
f 2556/2556/2556 3331/3331/3331 2557/2557/2557
f 775/775/775 3335/3335/3335 3336/3336/3336
f 775/775/775 3336/3336/3336 2941/2941/2941
f 3335/3335/3335 877/877/877 2942/2942/2942
f 3335/3335/3335 2942/2942/2942 3336/3336/3336
f 3336/3336/3336 2942/2942/2942 2569/2569/2569
f 3336/3336/3336 2569/2569/2569 3333/3333/3333
f 2941/2941/2941 3336/3336/3336 3333/3333/3333
f 2941/2941/2941 3333/3333/3333 2555/2555/2555
f 775/775/775 774/774/774 3337/3337/3337
f 775/775/775 3337/3337/3337 3335/3335/3335
f 774/774/774 773/773/773 3338/3338/3338
f 774/774/774 3338/3338/3338 3337/3337/3337
f 3337/3337/3337 3338/3338/3338 881/881/881
f 3337/3337/3337 881/881/881 878/878/878
f 3335/3335/3335 3337/3337/3337 878/878/878
f 3335/3335/3335 878/878/878 877/877/877
f 773/773/773 777/777/777 3339/3339/3339
f 773/773/773 3339/3339/3339 3338/3338/3338
f 777/777/777 709/709/709 3254/3254/3254
f 777/777/777 3254/3254/3254 3339/3339/3339
f 3339/3339/3339 3254/3254/3254 778/778/778
f 3339/3339/3339 778/778/778 886/886/886
f 3338/3338/3338 3339/3339/3339 886/886/886
f 3338/3338/3338 886/886/886 881/881/881
f 1327/1327/1327 1335/1335/1335 3340/3340/3340
f 1327/1327/1327 3340/3340/3340 3341/3341/3341
f 1335/1335/1335 1334/1334/1334 3342/3342/3342
f 1335/1335/1335 3342/3342/3342 3340/3340/3340
f 3340/3340/3340 3342/3342/3342 2805/2805/2805
f 3340/3340/3340 2805/2805/2805 2803/2803/2803
f 3341/3341/3341 3340/3340/3340 2803/2803/2803
f 3341/3341/3341 2803/2803/2803 2801/2801/2801
f 1329/1329/1329 1328/1328/1328 3343/3343/3343
f 1329/1329/1329 3343/3343/3343 3344/3344/3344
f 1328/1328/1328 1327/1327/1327 3341/3341/3341
f 1328/1328/1328 3341/3341/3341 3343/3343/3343
f 3343/3343/3343 3341/3341/3341 2801/2801/2801
f 3343/3343/3343 2801/2801/2801 2799/2799/2799
f 3344/3344/3344 3343/3343/3343 2799/2799/2799
f 3344/3344/3344 2799/2799/2799 2798/2798/2798
f 2793/2793/2793 3345/3345/3345 3346/3346/3346
f 2793/2793/2793 3346/3346/3346 2797/2797/2797
f 3345/3345/3345 1319/1319/1319 1815/1815/1815
f 3345/3345/3345 1815/1815/1815 3346/3346/3346
f 3346/3346/3346 1815/1815/1815 1329/1329/1329
f 3346/3346/3346 1329/1329/1329 3344/3344/3344
f 2797/2797/2797 3346/3346/3346 3344/3344/3344
f 2797/2797/2797 3344/3344/3344 2798/2798/2798
f 1313/1313/1313 1320/1320/1320 3347/3347/3347
f 1313/1313/1313 3347/3347/3347 3348/3348/3348
f 1320/1320/1320 1319/1319/1319 3345/3345/3345
f 1320/1320/1320 3345/3345/3345 3347/3347/3347
f 3347/3347/3347 3345/3345/3345 2793/2793/2793
f 3347/3347/3347 2793/2793/2793 2791/2791/2791
f 3348/3348/3348 3347/3347/3347 2791/2791/2791
f 3348/3348/3348 2791/2791/2791 2789/2789/2789
f 1307/1307/1307 1314/1314/1314 3349/3349/3349
f 1307/1307/1307 3349/3349/3349 3350/3350/3350
f 1314/1314/1314 1313/1313/1313 3348/3348/3348
f 1314/1314/1314 3348/3348/3348 3349/3349/3349
f 3349/3349/3349 3348/3348/3348 2789/2789/2789
f 3349/3349/3349 2789/2789/2789 2787/2787/2787
f 3350/3350/3350 3349/3349/3349 2787/2787/2787
f 3350/3350/3350 2787/2787/2787 2785/2785/2785
f 1300/1300/1300 1308/1308/1308 3351/3351/3351
f 1300/1300/1300 3351/3351/3351 3352/3352/3352
f 1308/1308/1308 1307/1307/1307 3350/3350/3350
f 1308/1308/1308 3350/3350/3350 3351/3351/3351
f 3351/3351/3351 3350/3350/3350 2785/2785/2785
f 3351/3351/3351 2785/2785/2785 2783/2783/2783
f 3352/3352/3352 3351/3351/3351 2783/2783/2783
f 3352/3352/3352 2783/2783/2783 2781/2781/2781
f 1302/1302/1302 1301/1301/1301 3353/3353/3353
f 1302/1302/1302 3353/3353/3353 3354/3354/3354
f 1301/1301/1301 1300/1300/1300 3352/3352/3352
f 1301/1301/1301 3352/3352/3352 3353/3353/3353
f 3353/3353/3353 3352/3352/3352 2781/2781/2781
f 3353/3353/3353 2781/2781/2781 2779/2779/2779
f 3354/3354/3354 3353/3353/3353 2779/2779/2779
f 3354/3354/3354 2779/2779/2779 2778/2778/2778
f 2773/2773/2773 3355/3355/3355 3356/3356/3356
f 2773/2773/2773 3356/3356/3356 2777/2777/2777
f 3355/3355/3355 1292/1292/1292 1627/1627/1627
f 3355/3355/3355 1627/1627/1627 3356/3356/3356
f 3356/3356/3356 1627/1627/1627 1302/1302/1302
f 3356/3356/3356 1302/1302/1302 3354/3354/3354
f 2777/2777/2777 3356/3356/3356 3354/3354/3354
f 2777/2777/2777 3354/3354/3354 2778/2778/2778
f 1286/1286/1286 1293/1293/1293 3357/3357/3357
f 1286/1286/1286 3357/3357/3357 3358/3358/3358
f 1293/1293/1293 1292/1292/1292 3355/3355/3355
f 1293/1293/1293 3355/3355/3355 3357/3357/3357
f 3357/3357/3357 3355/3355/3355 2773/2773/2773
f 3357/3357/3357 2773/2773/2773 2771/2771/2771
f 3358/3358/3358 3357/3357/3357 2771/2771/2771
f 3358/3358/3358 2771/2771/2771 2769/2769/2769
f 1279/1279/1279 1287/1287/1287 3359/3359/3359
f 1279/1279/1279 3359/3359/3359 3360/3360/3360
f 1287/1287/1287 1286/1286/1286 3358/3358/3358
f 1287/1287/1287 3358/3358/3358 3359/3359/3359
f 3359/3359/3359 3358/3358/3358 2769/2769/2769
f 3359/3359/3359 2769/2769/2769 2767/2767/2767
f 3360/3360/3360 3359/3359/3359 2767/2767/2767
f 3360/3360/3360 2767/2767/2767 2765/2765/2765
f 1281/1281/1281 1280/1280/1280 3361/3361/3361
f 1281/1281/1281 3361/3361/3361 3362/3362/3362
f 1280/1280/1280 1279/1279/1279 3360/3360/3360
f 1280/1280/1280 3360/3360/3360 3361/3361/3361
f 3361/3361/3361 3360/3360/3360 2765/2765/2765
f 3361/3361/3361 2765/2765/2765 2763/2763/2763
f 3362/3362/3362 3361/3361/3361 2763/2763/2763
f 3362/3362/3362 2763/2763/2763 2762/2762/2762
f 2757/2757/2757 3363/3363/3363 3364/3364/3364
f 2757/2757/2757 3364/3364/3364 2761/2761/2761
f 3363/3363/3363 1271/1271/1271 1570/1570/1570
f 3363/3363/3363 1570/1570/1570 3364/3364/3364
f 3364/3364/3364 1570/1570/1570 1281/1281/1281
f 3364/3364/3364 1281/1281/1281 3362/3362/3362
f 2761/2761/2761 3364/3364/3364 3362/3362/3362
f 2761/2761/2761 3362/3362/3362 2762/2762/2762
f 1265/1265/1265 1272/1272/1272 3365/3365/3365
f 1265/1265/1265 3365/3365/3365 3366/3366/3366
f 1272/1272/1272 1271/1271/1271 3363/3363/3363
f 1272/1272/1272 3363/3363/3363 3365/3365/3365
f 3365/3365/3365 3363/3363/3363 2757/2757/2757
f 3365/3365/3365 2757/2757/2757 2755/2755/2755
f 3366/3366/3366 3365/3365/3365 2755/2755/2755
f 3366/3366/3366 2755/2755/2755 2753/2753/2753
f 1259/1259/1259 1266/1266/1266 3367/3367/3367
f 1259/1259/1259 3367/3367/3367 3368/3368/3368
f 1266/1266/1266 1265/1265/1265 3366/3366/3366
f 1266/1266/1266 3366/3366/3366 3367/3367/3367
f 3367/3367/3367 3366/3366/3366 2753/2753/2753
f 3367/3367/3367 2753/2753/2753 2751/2751/2751
f 3368/3368/3368 3367/3367/3367 2751/2751/2751
f 3368/3368/3368 2751/2751/2751 2749/2749/2749
f 1253/1253/1253 1260/1260/1260 3369/3369/3369
f 1253/1253/1253 3369/3369/3369 3370/3370/3370
f 1260/1260/1260 1259/1259/1259 3368/3368/3368
f 1260/1260/1260 3368/3368/3368 3369/3369/3369
f 3369/3369/3369 3368/3368/3368 2749/2749/2749
f 3369/3369/3369 2749/2749/2749 2747/2747/2747
f 3370/3370/3370 3369/3369/3369 2747/2747/2747
f 3370/3370/3370 2747/2747/2747 2745/2745/2745
f 1246/1246/1246 1254/1254/1254 3371/3371/3371
f 1246/1246/1246 3371/3371/3371 3372/3372/3372
f 1254/1254/1254 1253/1253/1253 3370/3370/3370
f 1254/1254/1254 3370/3370/3370 3371/3371/3371
f 3371/3371/3371 3370/3370/3370 2745/2745/2745
f 3371/3371/3371 2745/2745/2745 2743/2743/2743
f 3372/3372/3372 3371/3371/3371 2743/2743/2743
f 3372/3372/3372 2743/2743/2743 2741/2741/2741
f 1248/1248/1248 1247/1247/1247 3373/3373/3373
f 1248/1248/1248 3373/3373/3373 3374/3374/3374
f 1247/1247/1247 1246/1246/1246 3372/3372/3372
f 1247/1247/1247 3372/3372/3372 3373/3373/3373
f 3373/3373/3373 3372/3372/3372 2741/2741/2741
f 3373/3373/3373 2741/2741/2741 2739/2739/2739
f 3374/3374/3374 3373/3373/3373 2739/2739/2739
f 3374/3374/3374 2739/2739/2739 2738/2738/2738
f 2733/2733/2733 3375/3375/3375 3376/3376/3376
f 2733/2733/2733 3376/3376/3376 2737/2737/2737
f 3375/3375/3375 1237/1237/1237 1513/1513/1513
f 3375/3375/3375 1513/1513/1513 3376/3376/3376
f 3376/3376/3376 1513/1513/1513 1248/1248/1248
f 3376/3376/3376 1248/1248/1248 3374/3374/3374
f 2737/2737/2737 3376/3376/3376 3374/3374/3374
f 2737/2737/2737 3374/3374/3374 2738/2738/2738
f 1239/1239/1239 1238/1238/1238 3377/3377/3377
f 1239/1239/1239 3377/3377/3377 3378/3378/3378
f 1238/1238/1238 1237/1237/1237 3375/3375/3375
f 1238/1238/1238 3375/3375/3375 3377/3377/3377
f 3377/3377/3377 3375/3375/3375 2733/2733/2733
f 3377/3377/3377 2733/2733/2733 2730/2730/2730
f 3378/3378/3378 3377/3377/3377 2730/2730/2730
f 3378/3378/3378 2730/2730/2730 2729/2729/2729
f 1432/1432/1432 1440/1440/1440 3379/3379/3379
f 1432/1432/1432 3379/3379/3379 3380/3380/3380
f 1440/1440/1440 1439/1439/1439 3381/3381/3381
f 1440/1440/1440 3381/3381/3381 3379/3379/3379
f 3379/3379/3379 3381/3381/3381 3382/3382/3382
f 3379/3379/3379 3382/3382/3382 3383/3383/3383
f 3380/3380/3380 3379/3379/3379 3383/3383/3383
f 3380/3380/3380 3383/3383/3383 3384/3384/3384
f 1434/1434/1434 1433/1433/1433 3385/3385/3385
f 1434/1434/1434 3385/3385/3385 3386/3386/3386
f 1433/1433/1433 1432/1432/1432 3380/3380/3380
f 1433/1433/1433 3380/3380/3380 3385/3385/3385
f 3385/3385/3385 3380/3380/3380 3384/3384/3384
f 3385/3385/3385 3384/3384/3384 3387/3387/3387
f 3386/3386/3386 3385/3385/3385 3387/3387/3387
f 3386/3386/3386 3387/3387/3387 3388/3388/3388
f 3389/3389/3389 3390/3390/3390 3391/3391/3391
f 3389/3389/3389 3391/3391/3391 3392/3392/3392
f 3390/3390/3390 1424/1424/1424 1818/1818/1818
f 3390/3390/3390 1818/1818/1818 3391/3391/3391
f 3391/3391/3391 1818/1818/1818 1434/1434/1434
f 3391/3391/3391 1434/1434/1434 3386/3386/3386
f 3392/3392/3392 3391/3391/3391 3386/3386/3386
f 3392/3392/3392 3386/3386/3386 3388/3388/3388
f 1418/1418/1418 1425/1425/1425 3393/3393/3393
f 1418/1418/1418 3393/3393/3393 3394/3394/3394
f 1425/1425/1425 1424/1424/1424 3390/3390/3390
f 1425/1425/1425 3390/3390/3390 3393/3393/3393
f 3393/3393/3393 3390/3390/3390 3389/3389/3389
f 3393/3393/3393 3389/3389/3389 3395/3395/3395
f 3394/3394/3394 3393/3393/3393 3395/3395/3395
f 3394/3394/3394 3395/3395/3395 3396/3396/3396
f 1412/1412/1412 1419/1419/1419 3397/3397/3397
f 1412/1412/1412 3397/3397/3397 3398/3398/3398
f 1419/1419/1419 1418/1418/1418 3394/3394/3394
f 1419/1419/1419 3394/3394/3394 3397/3397/3397
f 3397/3397/3397 3394/3394/3394 3396/3396/3396
f 3397/3397/3397 3396/3396/3396 3399/3399/3399
f 3398/3398/3398 3397/3397/3397 3399/3399/3399
f 3398/3398/3398 3399/3399/3399 3400/3400/3400
f 1405/1405/1405 1413/1413/1413 3401/3401/3401
f 1405/1405/1405 3401/3401/3401 3402/3402/3402
f 1413/1413/1413 1412/1412/1412 3398/3398/3398
f 1413/1413/1413 3398/3398/3398 3401/3401/3401
f 3401/3401/3401 3398/3398/3398 3400/3400/3400
f 3401/3401/3401 3400/3400/3400 3403/3403/3403
f 3402/3402/3402 3401/3401/3401 3403/3403/3403
f 3402/3402/3402 3403/3403/3403 3404/3404/3404
f 1407/1407/1407 1406/1406/1406 3405/3405/3405
f 1407/1407/1407 3405/3405/3405 3406/3406/3406
f 1406/1406/1406 1405/1405/1405 3402/3402/3402
f 1406/1406/1406 3402/3402/3402 3405/3405/3405
f 3405/3405/3405 3402/3402/3402 3404/3404/3404
f 3405/3405/3405 3404/3404/3404 3407/3407/3407
f 3406/3406/3406 3405/3405/3405 3407/3407/3407
f 3406/3406/3406 3407/3407/3407 3408/3408/3408
f 3409/3409/3409 3410/3410/3410 3411/3411/3411
f 3409/3409/3409 3411/3411/3411 3412/3412/3412
f 3410/3410/3410 1397/1397/1397 1630/1630/1630
f 3410/3410/3410 1630/1630/1630 3411/3411/3411
f 3411/3411/3411 1630/1630/1630 1407/1407/1407
f 3411/3411/3411 1407/1407/1407 3406/3406/3406
f 3412/3412/3412 3411/3411/3411 3406/3406/3406
f 3412/3412/3412 3406/3406/3406 3408/3408/3408
f 1391/1391/1391 1398/1398/1398 3413/3413/3413
f 1391/1391/1391 3413/3413/3413 3414/3414/3414
f 1398/1398/1398 1397/1397/1397 3410/3410/3410
f 1398/1398/1398 3410/3410/3410 3413/3413/3413
f 3413/3413/3413 3410/3410/3410 3409/3409/3409
f 3413/3413/3413 3409/3409/3409 3415/3415/3415
f 3414/3414/3414 3413/3413/3413 3415/3415/3415
f 3414/3414/3414 3415/3415/3415 3416/3416/3416
f 1384/1384/1384 1392/1392/1392 3417/3417/3417
f 1384/1384/1384 3417/3417/3417 3418/3418/3418
f 1392/1392/1392 1391/1391/1391 3414/3414/3414
f 1392/1392/1392 3414/3414/3414 3417/3417/3417
f 3417/3417/3417 3414/3414/3414 3416/3416/3416
f 3417/3417/3417 3416/3416/3416 3419/3419/3419
f 3418/3418/3418 3417/3417/3417 3419/3419/3419
f 3418/3418/3418 3419/3419/3419 3420/3420/3420
f 1386/1386/1386 1385/1385/1385 3421/3421/3421
f 1386/1386/1386 3421/3421/3421 3422/3422/3422
f 1385/1385/1385 1384/1384/1384 3418/3418/3418
f 1385/1385/1385 3418/3418/3418 3421/3421/3421
f 3421/3421/3421 3418/3418/3418 3420/3420/3420
f 3421/3421/3421 3420/3420/3420 3423/3423/3423
f 3422/3422/3422 3421/3421/3421 3423/3423/3423
f 3422/3422/3422 3423/3423/3423 3424/3424/3424
f 3425/3425/3425 3426/3426/3426 3427/3427/3427
f 3425/3425/3425 3427/3427/3427 3428/3428/3428
f 3426/3426/3426 1376/1376/1376 1573/1573/1573
f 3426/3426/3426 1573/1573/1573 3427/3427/3427
f 3427/3427/3427 1573/1573/1573 1386/1386/1386
f 3427/3427/3427 1386/1386/1386 3422/3422/3422
f 3428/3428/3428 3427/3427/3427 3422/3422/3422
f 3428/3428/3428 3422/3422/3422 3424/3424/3424
f 1370/1370/1370 1377/1377/1377 3429/3429/3429
f 1370/1370/1370 3429/3429/3429 3430/3430/3430
f 1377/1377/1377 1376/1376/1376 3426/3426/3426
f 1377/1377/1377 3426/3426/3426 3429/3429/3429
f 3429/3429/3429 3426/3426/3426 3425/3425/3425
f 3429/3429/3429 3425/3425/3425 3431/3431/3431
f 3430/3430/3430 3429/3429/3429 3431/3431/3431
f 3430/3430/3430 3431/3431/3431 3432/3432/3432
f 1364/1364/1364 1371/1371/1371 3433/3433/3433
f 1364/1364/1364 3433/3433/3433 3434/3434/3434
f 1371/1371/1371 1370/1370/1370 3430/3430/3430
f 1371/1371/1371 3430/3430/3430 3433/3433/3433
f 3433/3433/3433 3430/3430/3430 3432/3432/3432
f 3433/3433/3433 3432/3432/3432 3435/3435/3435
f 3434/3434/3434 3433/3433/3433 3435/3435/3435
f 3434/3434/3434 3435/3435/3435 3436/3436/3436
f 1358/1358/1358 1365/1365/1365 3437/3437/3437
f 1358/1358/1358 3437/3437/3437 3438/3438/3438
f 1365/1365/1365 1364/1364/1364 3434/3434/3434
f 1365/1365/1365 3434/3434/3434 3437/3437/3437
f 3437/3437/3437 3434/3434/3434 3436/3436/3436
f 3437/3437/3437 3436/3436/3436 3439/3439/3439
f 3438/3438/3438 3437/3437/3437 3439/3439/3439
f 3438/3438/3438 3439/3439/3439 3440/3440/3440
f 1351/1351/1351 1359/1359/1359 3441/3441/3441
f 1351/1351/1351 3441/3441/3441 3442/3442/3442
f 1359/1359/1359 1358/1358/1358 3438/3438/3438
f 1359/1359/1359 3438/3438/3438 3441/3441/3441
f 3441/3441/3441 3438/3438/3438 3440/3440/3440
f 3441/3441/3441 3440/3440/3440 3443/3443/3443
f 3442/3442/3442 3441/3441/3441 3443/3443/3443
f 3442/3442/3442 3443/3443/3443 3444/3444/3444
f 1353/1353/1353 1352/1352/1352 3445/3445/3445
f 1353/1353/1353 3445/3445/3445 3446/3446/3446
f 1352/1352/1352 1351/1351/1351 3442/3442/3442
f 1352/1352/1352 3442/3442/3442 3445/3445/3445
f 3445/3445/3445 3442/3442/3442 3444/3444/3444
f 3445/3445/3445 3444/3444/3444 3447/3447/3447
f 3446/3446/3446 3445/3445/3445 3447/3447/3447
f 3446/3446/3446 3447/3447/3447 3448/3448/3448
f 3449/3449/3449 3450/3450/3450 3451/3451/3451
f 3449/3449/3449 3451/3451/3451 3452/3452/3452
f 3450/3450/3450 1342/1342/1342 1516/1516/1516
f 3450/3450/3450 1516/1516/1516 3451/3451/3451
f 3451/3451/3451 1516/1516/1516 1353/1353/1353
f 3451/3451/3451 1353/1353/1353 3446/3446/3446
f 3452/3452/3452 3451/3451/3451 3446/3446/3446
f 3452/3452/3452 3446/3446/3446 3448/3448/3448
f 1344/1344/1344 1343/1343/1343 3453/3453/3453
f 1344/1344/1344 3453/3453/3453 3454/3454/3454
f 1343/1343/1343 1342/1342/1342 3450/3450/3450
f 1343/1343/1343 3450/3450/3450 3453/3453/3453
f 3453/3453/3453 3450/3450/3450 3449/3449/3449
f 3453/3453/3453 3449/3449/3449 3455/3455/3455
f 3454/3454/3454 3453/3453/3453 3455/3455/3455
f 3454/3454/3454 3455/3455/3455 3456/3456/3456
f 906/906/906 905/905/905 3457/3457/3457
f 906/906/906 3457/3457/3457 3458/3458/3458
f 905/905/905 904/904/904 3459/3459/3459
f 905/905/905 3459/3459/3459 3457/3457/3457
f 3457/3457/3457 3459/3459/3459 1007/1007/1007
f 3457/3457/3457 1007/1007/1007 1004/1004/1004
f 3458/3458/3458 3457/3457/3457 1004/1004/1004
f 3458/3458/3458 1004/1004/1004 1003/1003/1003
f 904/904/904 912/912/912 3460/3460/3460
f 904/904/904 3460/3460/3460 3459/3459/3459
f 912/912/912 911/911/911 3461/3461/3461
f 912/912/912 3461/3461/3461 3460/3460/3460
f 3460/3460/3460 3461/3461/3461 1014/1014/1014
f 3460/3460/3460 1014/1014/1014 1012/1012/1012
f 3459/3459/3459 3460/3460/3460 1012/1012/1012
f 3459/3459/3459 1012/1012/1012 1007/1007/1007
f 911/911/911 918/918/918 3462/3462/3462
f 911/911/911 3462/3462/3462 3461/3461/3461
f 918/918/918 917/917/917 3463/3463/3463
f 918/918/918 3463/3463/3463 3462/3462/3462
f 3462/3462/3462 3463/3463/3463 1020/1020/1020
f 3462/3462/3462 1020/1020/1020 1018/1018/1018
f 3461/3461/3461 3462/3462/3462 1018/1018/1018
f 3461/3461/3461 1018/1018/1018 1014/1014/1014
f 917/917/917 924/924/924 3464/3464/3464
f 917/917/917 3464/3464/3464 3463/3463/3463
f 924/924/924 923/923/923 3465/3465/3465
f 924/924/924 3465/3465/3465 3464/3464/3464
f 3464/3464/3464 3465/3465/3465 1026/1026/1026
f 3464/3464/3464 1026/1026/1026 1024/1024/1024
f 3463/3463/3463 3464/3464/3464 1024/1024/1024
f 3463/3463/3463 1024/1024/1024 1020/1020/1020
f 923/923/923 930/930/930 3466/3466/3466
f 923/923/923 3466/3466/3466 3465/3465/3465
f 930/930/930 929/929/929 3467/3467/3467
f 930/930/930 3467/3467/3467 3466/3466/3466
f 3466/3466/3466 3467/3467/3467 1032/1032/1032
f 3466/3466/3466 1032/1032/1032 1030/1030/1030
f 3465/3465/3465 3466/3466/3466 1030/1030/1030
f 3465/3465/3465 1030/1030/1030 1026/1026/1026
f 1036/1036/1036 1580/1580/1580 3468/3468/3468
f 1036/1036/1036 3468/3468/3468 3469/3469/3469
f 1580/1580/1580 1032/1032/1032 3467/3467/3467
f 1580/1580/1580 3467/3467/3467 3468/3468/3468
f 3468/3468/3468 3467/3467/3467 929/929/929
f 3468/3468/3468 929/929/929 1577/1577/1577
f 3469/3469/3469 3468/3468/3468 1577/1577/1577
f 3469/3469/3469 1577/1577/1577 939/939/939
f 939/939/939 938/938/938 3470/3470/3470
f 939/939/939 3470/3470/3470 3469/3469/3469
f 938/938/938 937/937/937 3471/3471/3471
f 938/938/938 3471/3471/3471 3470/3470/3470
f 3470/3470/3470 3471/3471/3471 1040/1040/1040
f 3470/3470/3470 1040/1040/1040 1037/1037/1037
f 3469/3469/3469 3470/3470/3470 1037/1037/1037
f 3469/3469/3469 1037/1037/1037 1036/1036/1036
f 937/937/937 945/945/945 3472/3472/3472
f 937/937/937 3472/3472/3472 3471/3471/3471
f 945/945/945 944/944/944 3473/3473/3473
f 945/945/945 3473/3473/3473 3472/3472/3472
f 3472/3472/3472 3473/3473/3473 1047/1047/1047
f 3472/3472/3472 1047/1047/1047 1045/1045/1045
f 3471/3471/3471 3472/3472/3472 1045/1045/1045
f 3471/3471/3471 1045/1045/1045 1040/1040/1040
f 944/944/944 951/951/951 3474/3474/3474
f 944/944/944 3474/3474/3474 3473/3473/3473
f 951/951/951 950/950/950 3475/3475/3475
f 951/951/951 3475/3475/3475 3474/3474/3474
f 3474/3474/3474 3475/3475/3475 1053/1053/1053
f 3474/3474/3474 1053/1053/1053 1051/1051/1051
f 3473/3473/3473 3474/3474/3474 1051/1051/1051
f 3473/3473/3473 1051/1051/1051 1047/1047/1047
f 1057/1057/1057 1637/1637/1637 3476/3476/3476
f 1057/1057/1057 3476/3476/3476 3477/3477/3477
f 1637/1637/1637 1053/1053/1053 3475/3475/3475
f 1637/1637/1637 3475/3475/3475 3476/3476/3476
f 3476/3476/3476 3475/3475/3475 950/950/950
f 3476/3476/3476 950/950/950 1634/1634/1634
f 3477/3477/3477 3476/3476/3476 1634/1634/1634
f 3477/3477/3477 1634/1634/1634 960/960/960
f 960/960/960 959/959/959 3478/3478/3478
f 960/960/960 3478/3478/3478 3477/3477/3477
f 959/959/959 958/958/958 3479/3479/3479
f 959/959/959 3479/3479/3479 3478/3478/3478
f 3478/3478/3478 3479/3479/3479 1061/1061/1061
f 3478/3478/3478 1061/1061/1061 1058/1058/1058
f 3477/3477/3477 3478/3478/3478 1058/1058/1058
f 3477/3477/3477 1058/1058/1058 1057/1057/1057
f 958/958/958 966/966/966 3480/3480/3480
f 958/958/958 3480/3480/3480 3479/3479/3479
f 966/966/966 965/965/965 3481/3481/3481
f 966/966/966 3481/3481/3481 3480/3480/3480
f 3480/3480/3480 3481/3481/3481 1068/1068/1068
f 3480/3480/3480 1068/1068/1068 1066/1066/1066
f 3479/3479/3479 3480/3480/3480 1066/1066/1066
f 3479/3479/3479 1066/1066/1066 1061/1061/1061
f 965/965/965 972/972/972 3482/3482/3482
f 965/965/965 3482/3482/3482 3481/3481/3481
f 972/972/972 971/971/971 3483/3483/3483
f 972/972/972 3483/3483/3483 3482/3482/3482
f 3482/3482/3482 3483/3483/3483 1074/1074/1074
f 3482/3482/3482 1074/1074/1074 1072/1072/1072
f 3481/3481/3481 3482/3482/3482 1072/1072/1072
f 3481/3481/3481 1072/1072/1072 1068/1068/1068
f 971/971/971 978/978/978 3484/3484/3484
f 971/971/971 3484/3484/3484 3483/3483/3483
f 978/978/978 977/977/977 3485/3485/3485
f 978/978/978 3485/3485/3485 3484/3484/3484
f 3484/3484/3484 3485/3485/3485 1080/1080/1080
f 3484/3484/3484 1080/1080/1080 1078/1078/1078
f 3483/3483/3483 3484/3484/3484 1078/1078/1078
f 3483/3483/3483 1078/1078/1078 1074/1074/1074
f 1084/1084/1084 1825/1825/1825 3486/3486/3486
f 1084/1084/1084 3486/3486/3486 3487/3487/3487
f 1825/1825/1825 1080/1080/1080 3485/3485/3485
f 1825/1825/1825 3485/3485/3485 3486/3486/3486
f 3486/3486/3486 3485/3485/3485 977/977/977
f 3486/3486/3486 977/977/977 1822/1822/1822
f 3487/3487/3487 3486/3486/3486 1822/1822/1822
f 3487/3487/3487 1822/1822/1822 987/987/987
f 987/987/987 986/986/986 3488/3488/3488
f 987/987/987 3488/3488/3488 3487/3487/3487
f 986/986/986 985/985/985 3489/3489/3489
f 986/986/986 3489/3489/3489 3488/3488/3488
f 3488/3488/3488 3489/3489/3489 1088/1088/1088
f 3488/3488/3488 1088/1088/1088 1085/1085/1085
f 3487/3487/3487 3488/3488/3488 1085/1085/1085
f 3487/3487/3487 1085/1085/1085 1084/1084/1084
f 985/985/985 993/993/993 3490/3490/3490
f 985/985/985 3490/3490/3490 3489/3489/3489
f 993/993/993 992/992/992 3491/3491/3491
f 993/993/993 3491/3491/3491 3490/3490/3490
f 3490/3490/3490 3491/3491/3491 1095/1095/1095
f 3490/3490/3490 1095/1095/1095 1093/1093/1093
f 3489/3489/3489 3490/3490/3490 1093/1093/1093
f 3489/3489/3489 1093/1093/1093 1088/1088/1088
f 897/897/897 896/896/896 3492/3492/3492
f 897/897/897 3492/3492/3492 3493/3493/3493
f 896/896/896 895/895/895 3494/3494/3494
f 896/896/896 3494/3494/3494 3492/3492/3492
f 3492/3492/3492 3494/3494/3494 998/998/998
f 3492/3492/3492 998/998/998 995/995/995
f 3493/3493/3493 3492/3492/3492 995/995/995
f 3493/3493/3493 995/995/995 994/994/994
f 1003/1003/1003 1523/1523/1523 3495/3495/3495
f 1003/1003/1003 3495/3495/3495 3458/3458/3458
f 1523/1523/1523 998/998/998 3494/3494/3494
f 1523/1523/1523 3494/3494/3494 3495/3495/3495
f 3495/3495/3495 3494/3494/3494 895/895/895
f 3495/3495/3495 895/895/895 1520/1520/1520
f 3458/3458/3458 3495/3495/3495 1520/1520/1520
f 3458/3458/3458 1520/1520/1520 906/906/906
