# vaiseau_aileron_02_vaiseau_aileron1_02_0_49
v 0.213121 0.167020 1.284620
v 0.212964 0.167020 1.283731
v 0.214311 0.130782 1.291372
v 0.214639 0.130782 1.293233
v 0.212808 0.167020 1.282845
v 0.213984 0.130782 1.289516
v 0.215207 0.087415 1.296452
v 0.215712 0.087415 1.299315
v 0.216218 0.087415 1.302187
v 0.105973 0.195487 1.300337
v 0.105877 0.195487 1.299796
v 0.113261 0.194227 1.298494
v 0.113357 0.194227 1.299035
v 0.105782 0.195487 1.299257
v 0.113166 0.194227 1.297955
v 0.114121 0.194055 1.297787
v 0.114216 0.194055 1.298326
v 0.114311 0.194055 1.298867
v -0.084194 0.093311 1.349244
v -0.085416 0.154367 1.342309
v -0.085089 0.154367 1.344164
v -0.083689 0.093311 1.352107
v -0.086593 0.208294 1.335638
v -0.086437 0.208294 1.336524
v -0.086280 0.208294 1.337412
v -0.084761 0.154367 1.346026
v -0.083182 0.093311 1.354980
v 0.108400 -0.042960 1.331767
v 0.107689 -0.042960 1.327737
v 0.106735 -0.042632 1.327905
v 0.107445 -0.042632 1.331935
v 0.106981 -0.042960 1.323720
v 0.106026 -0.042632 1.323888
v 0.101132 -0.039414 1.324755
v 0.101843 -0.039414 1.328784
v 0.102555 -0.039414 1.332826
v 0.114926 0.179347 1.302351
v 0.116522 0.137826 1.311407
v 0.115568 0.137911 1.311575
v 0.113971 0.179497 1.302520
v 0.118182 0.089176 1.320821
v 0.117228 0.089197 1.320989
v 0.109844 0.089355 1.322291
v 0.108184 0.138542 1.312877
v 0.106587 0.180600 1.303822
v 0.105128 0.180600 1.295546
v 0.105128 0.138542 1.295546
v 0.112512 0.137911 1.294244
v 0.112512 0.179497 1.294244
v 0.105128 0.089355 1.295546
v 0.112512 0.089197 1.294244
v 0.113467 0.089176 1.294076
v 0.113466 0.137826 1.294076
v 0.113466 0.179347 1.294076
v 0.217117 0.031761 1.307286
v 0.216509 0.031761 1.303838
v 0.216569 0.024311 1.304180
v 0.217185 0.024311 1.307672
v 0.215903 0.031761 1.300401
v 0.215956 0.024311 1.300699
v 0.215836 0.024065 1.300329
v 0.216488 0.024120 1.304207
v 0.217104 0.024120 1.307700
v 0.110863 0.024070 1.328075
v 0.110860 0.024311 1.328057
v 0.118244 0.024311 1.326755
v 0.118247 0.024070 1.326773
v 0.110789 0.031761 1.327651
v 0.118173 0.031761 1.326349
v 0.119128 0.031761 1.326181
v 0.119199 0.024311 1.326587
v 0.119202 0.024070 1.326605
v -0.083442 0.024070 1.353505
v -0.083445 0.024311 1.353492
v -0.082831 0.024311 1.356972
v -0.082828 0.024070 1.356987
v -0.083497 0.031761 1.353193
v -0.082891 0.031761 1.356630
v -0.082283 0.031761 1.360078
v -0.082215 0.024311 1.360464
v -0.082212 0.024070 1.360481
v 0.105128 0.031761 1.295546
v 0.105128 0.024311 1.295546
v 0.112512 0.024311 1.294244
v 0.112512 0.031761 1.294244
v 0.105128 0.024070 1.295546
v 0.112512 0.024070 1.294244
v 0.113467 0.024070 1.294076
v 0.113466 0.024311 1.294076
v 0.113467 0.031761 1.294076
v 0.211773 0.019013 1.301790
v 0.211873 0.019013 1.305350
v 0.211851 0.021041 1.305223
v 0.211753 0.021041 1.301679
v 0.212497 0.019013 1.308885
v 0.212471 0.021041 1.308741
v 0.212446 0.023051 1.308599
v 0.211829 0.023051 1.305097
v 0.211734 0.023051 1.301569
v 0.119216 0.023051 1.326680
v 0.119242 0.021041 1.326830
v 0.118287 0.021041 1.326998
v 0.118261 0.023051 1.326849
v 0.119268 0.019013 1.326980
v 0.118314 0.019013 1.327149
v 0.110930 0.019013 1.328451
v 0.110903 0.021041 1.328300
v 0.110877 0.023051 1.328151
v -0.083432 0.023051 1.353561
v -0.082817 0.023051 1.357051
v -0.082795 0.021041 1.357177
v -0.083413 0.021041 1.353671
v -0.082199 0.023051 1.360553
v -0.082174 0.021041 1.360695
v -0.082149 0.019013 1.360839
v -0.082772 0.019013 1.357304
v -0.083393 0.019013 1.353782
v 0.105128 0.023051 1.295546
v 0.105128 0.021041 1.295546
v 0.112512 0.021041 1.294244
v 0.112512 0.023051 1.294244
v 0.105128 0.019013 1.295546
v 0.112512 0.019013 1.294244
v 0.113467 0.019013 1.294076
v 0.113466 0.021041 1.294076
v 0.113467 0.023051 1.294076
v 0.216263 -0.007470 1.302440
v 0.216921 -0.007470 1.306173
v 0.216777 0.005549 1.305357
v 0.216137 0.005549 1.301727
v 0.217581 -0.007470 1.309919
v 0.217419 0.005549 1.308998
v 0.217311 0.014217 1.308385
v 0.216681 0.014217 1.304813
v 0.216053 0.014217 1.301252
v 0.108243 -0.007014 1.330959
v 0.109822 0.005549 1.329678
v 0.116555 0.005549 1.328491
v 0.114338 -0.007416 1.329880
v 0.110672 0.014217 1.328864
v 0.117893 0.014217 1.327591
v 0.118848 0.014217 1.327422
v 0.117510 0.005549 1.328323
v 0.115293 -0.007457 1.329712
v -0.083347 0.014217 1.354045
v -0.082719 0.014217 1.357605
v -0.082623 0.005549 1.358149
v -0.083263 0.005549 1.354519
v -0.082089 0.014217 1.361178
v -0.081981 0.005549 1.361791
v -0.081863 -0.004365 1.362460
v -0.082520 -0.004365 1.358736
v -0.083175 -0.004365 1.355023
v 0.104807 0.014217 1.295603
v 0.103844 0.005549 1.295772
v 0.110577 0.005549 1.294585
v 0.112028 0.014217 1.294329
v 0.102093 -0.007014 1.296081
v 0.108189 -0.007416 1.295006
v 0.109144 -0.007457 1.294838
v 0.111532 0.005549 1.294417
v 0.112983 0.014217 1.294161
v 0.096945 -0.039414 1.301008
v 0.098619 -0.039414 1.310500
v 0.103513 -0.042632 1.309637
v 0.101840 -0.042632 1.300145
v 0.100284 -0.039414 1.319943
v 0.105178 -0.042632 1.319080
v 0.106133 -0.042960 1.318912
v 0.104468 -0.042960 1.309469
v 0.102794 -0.042960 1.299976
v -0.084099 0.014217 1.349782
v -0.084030 0.005549 1.350174
v -0.085534 0.005549 1.341641
v -0.085575 0.014217 1.341411
v -0.083957 -0.004365 1.350586
v -0.085491 -0.004365 1.341886
v -0.087033 -0.004365 1.333139
v -0.087047 0.005549 1.333063
v -0.087058 0.014217 1.332996
v -0.087070 0.023051 1.332928
v -0.085616 0.023051 1.341177
v -0.085607 0.021041 1.341230
v -0.087068 0.021041 1.332944
v -0.084169 0.023051 1.349382
v -0.084153 0.021041 1.349473
v -0.084137 0.019013 1.349565
v -0.085597 0.019013 1.341284
v -0.087065 0.019013 1.332959
v -0.087080 0.031761 1.332876
v -0.085647 0.031761 1.340999
v -0.085622 0.024311 1.341143
v -0.087072 0.024311 1.332918
v -0.084223 0.031761 1.349079
v -0.084179 0.024311 1.349325
v -0.084177 0.024070 1.349336
v -0.085621 0.024070 1.341150
v -0.087072 0.024070 1.332920
v -0.087178 0.093311 1.332320
v -0.087350 0.154367 1.331342
v -0.086577 0.154367 1.335726
v -0.085985 0.093311 1.339086
v -0.087516 0.208294 1.330401
v -0.087147 0.208294 1.332494
v -0.086780 0.208294 1.334577
v -0.085808 0.154367 1.340088
v -0.084798 0.093311 1.345817
v 0.105668 0.195487 1.298612
v 0.105445 0.195487 1.297344
v 0.112829 0.194227 1.296042
v 0.113052 0.194227 1.297310
v 0.105220 0.195487 1.296070
v 0.112604 0.194227 1.294767
v 0.113559 0.194055 1.294599
v 0.113784 0.194055 1.295874
v 0.114007 0.194055 1.297141
v 0.214602 0.087415 1.293024
v 0.213592 0.130782 1.287295
v 0.212823 0.130782 1.282934
v 0.213416 0.087415 1.286293
v 0.212621 0.167020 1.281785
v 0.212253 0.167020 1.279702
v 0.211884 0.167020 1.277609
v 0.212050 0.130782 1.278549
v 0.212222 0.087415 1.279527
v 0.215223 0.024070 1.296544
v 0.215221 0.024311 1.296533
v 0.213778 0.024311 1.288351
v 0.213779 0.024070 1.288357
v 0.215178 0.031761 1.296286
v 0.213753 0.031761 1.288206
v 0.212321 0.031761 1.280084
v 0.212328 0.024311 1.280126
v 0.212328 0.024070 1.280128
v 0.215263 0.019013 1.296773
v 0.215247 0.021041 1.296681
v 0.213794 0.021041 1.288438
v 0.213803 0.019013 1.288492
v 0.215231 0.023051 1.296590
v 0.213784 0.023051 1.288385
v 0.212330 0.023051 1.280136
v 0.212333 0.021041 1.280151
v 0.212335 0.019013 1.280167
v 0.215475 -0.007470 1.297971
v 0.215371 0.005549 1.297382
v 0.213866 0.005549 1.288849
v 0.213927 -0.007470 1.289194
v 0.215302 0.014217 1.296990
v 0.213826 0.014217 1.288619
v 0.212342 0.014217 1.280204
v 0.212354 0.005549 1.280271
v 0.212371 -0.007470 1.280372
v 0.215355 0.087440 1.303686
v 0.213695 0.130882 1.294273
v 0.214456 0.130813 1.294139
v 0.216116 0.087422 1.303552
v 0.212099 0.167196 1.285217
v 0.212859 0.167075 1.285083
v 0.213106 0.167034 1.285023
v 0.214699 0.130789 1.294061
v 0.216356 0.087416 1.303456
v 0.212500 0.179853 1.281586
v 0.212245 0.180030 1.281599
v 0.212150 0.180030 1.281058
v 0.212404 0.179853 1.281042
v 0.211484 0.180169 1.281733
v 0.211389 0.180169 1.281192
v 0.211294 0.180169 1.280652
v 0.212054 0.180030 1.280518
v 0.212308 0.179853 1.280499
v 0.214875 0.024006 1.300961
v 0.215479 0.024056 1.304389
v 0.216240 0.024056 1.304254
v 0.215635 0.024006 1.300827
v 0.216095 0.024056 1.307882
v 0.216856 0.024056 1.307748
v 0.217104 0.024120 1.307700
v 0.216488 0.024120 1.304207
v 0.215836 0.024065 1.300329
v 0.216363 0.024120 1.309403
v 0.216372 0.024311 1.309452
v 0.217133 0.024311 1.309318
v 0.217124 0.024120 1.309269
v 0.216301 0.031761 1.309047
v 0.217061 0.031761 1.308913
v 0.217299 0.031761 1.308806
v 0.217371 0.024311 1.309211
v 0.217299 0.024169 1.309183
v 0.215513 -0.043069 1.304583
v 0.216222 -0.043069 1.308599
v 0.216982 -0.043069 1.308465
v 0.216274 -0.043069 1.304449
v 0.216932 -0.043069 1.312629
v 0.217693 -0.043069 1.312495
v 0.217940 -0.042884 1.312438
v 0.217230 -0.042884 1.308410
v 0.216522 -0.042884 1.304394
v 0.217787 -0.007470 1.311569
v 0.217549 -0.007470 1.311681
v 0.217379 0.005549 1.310713
v 0.217616 0.005549 1.310603
v 0.216789 -0.007470 1.311815
v 0.216618 0.005549 1.310847
v 0.216504 0.014217 1.310203
v 0.217265 0.014217 1.310069
v 0.217503 0.014217 1.309960
v 0.217184 0.017765 1.308149
v 0.216933 0.017881 1.308185
v 0.216308 0.017881 1.304642
v 0.216559 0.017764 1.304605
v 0.216172 0.017881 1.308319
v 0.215547 0.017881 1.304776
v 0.214934 0.017949 1.301294
v 0.215694 0.017949 1.301160
v 0.215895 0.017850 1.300664
v 0.210732 0.180169 1.277465
v 0.211492 0.180030 1.277331
v 0.211717 0.180030 1.278605
v 0.210957 0.180169 1.278739
v 0.211742 0.179853 1.277290
v 0.211969 0.179853 1.278573
v 0.212194 0.179853 1.279849
v 0.211941 0.180030 1.279873
v 0.211180 0.180169 1.280007
v 0.211654 0.167034 1.276788
v 0.211400 0.167075 1.276807
v 0.211400 0.130813 1.276808
v 0.211658 0.130789 1.276814
v 0.210640 0.167196 1.276942
v 0.210640 0.130882 1.276941
v 0.210640 0.087440 1.276942
v 0.211400 0.087422 1.276807
v 0.211663 0.087416 1.276842
v 0.211666 0.031761 1.276858
v 0.211400 0.031761 1.276807
v 0.211400 0.024311 1.276808
v 0.211666 0.024311 1.276859
v 0.210640 0.031761 1.276942
v 0.210640 0.024311 1.276941
v 0.210640 0.024070 1.276942
v 0.211400 0.024070 1.276807
v 0.211666 0.024070 1.276859
v 0.215720 0.019013 1.299847
v 0.215480 0.019013 1.299944
v 0.215461 0.021041 1.299838
v 0.215701 0.021041 1.299742
v 0.214719 0.019013 1.300078
v 0.214701 0.021041 1.299972
v 0.214682 0.023051 1.299867
v 0.215443 0.023051 1.299733
v 0.215683 0.023051 1.299637
v 0.211666 0.023051 1.276859
v 0.211400 0.023051 1.276807
v 0.211400 0.021041 1.276808
v 0.211666 0.021041 1.276860
v 0.210640 0.023051 1.276942
v 0.210640 0.021041 1.276941
v 0.210640 0.019013 1.276942
v 0.211400 0.019013 1.276807
v 0.211666 0.019013 1.276860
v 0.212336 -0.042884 1.280660
v 0.212087 -0.043069 1.280705
v 0.213761 -0.043069 1.290198
v 0.214010 -0.042884 1.290149
v 0.211327 -0.043069 1.280839
v 0.213001 -0.043069 1.290332
v 0.214666 -0.043069 1.299774
v 0.215426 -0.043069 1.299640
v 0.215674 -0.042884 1.299588
v 0.211667 0.014217 1.276861
v 0.211400 0.014217 1.276807
v 0.211400 0.005549 1.276808
v 0.211667 0.005549 1.276863
v 0.210640 0.014217 1.276942
v 0.210640 0.005549 1.276941
v 0.210640 -0.007470 1.276942
v 0.211400 -0.007470 1.276807
v 0.211667 -0.007470 1.276866
v 0.211400 -0.023722 1.276808
v 0.211668 -0.023722 1.276869
v 0.210640 -0.023722 1.276941
v 0.210640 -0.037307 1.276942
v 0.211400 -0.037307 1.276807
v 0.211669 -0.037307 1.276872
v 0.212393 -0.023722 1.280497
v 0.214003 -0.023722 1.289626
v 0.212412 -0.037307 1.280602
v 0.214067 -0.037307 1.289986
v 0.215713 -0.037307 1.299321
v 0.215604 -0.023722 1.298706
v 0.216551 -0.037307 1.304074
v 0.217251 -0.037307 1.308045
v 0.217101 -0.023722 1.307193
v 0.216420 -0.023722 1.303330
v 0.217954 -0.037307 1.312029
v 0.217784 -0.023722 1.311068
v 0.218177 -0.037307 1.313783
v 0.217940 -0.037307 1.313900
v 0.217762 -0.023722 1.312890
v 0.217999 -0.023722 1.312775
v 0.217180 -0.037307 1.314034
v 0.217002 -0.023722 1.313024
v 0.112214 -0.023667 1.331501
v 0.111259 -0.023503 1.331669
v 0.109584 -0.037212 1.333006
v 0.108629 -0.036925 1.333174
v 0.103591 -0.034109 1.334091
v 0.105774 -0.021894 1.332653
v -0.081757 -0.015566 1.363064
v -0.082434 -0.015566 1.359226
v -0.082462 -0.011298 1.359064
v -0.081793 -0.011298 1.362856
v -0.083108 -0.015566 1.355401
v -0.083128 -0.011298 1.355285
v -0.083921 -0.011298 1.350790
v -0.085469 -0.011298 1.342013
v -0.083906 -0.015566 1.350873
v -0.085459 -0.015566 1.342070
v -0.087020 -0.015565 1.333217
v -0.087025 -0.011298 1.333188
v 0.099409 -0.021894 1.296554
v 0.104897 -0.023503 1.295587
v 0.097046 -0.034109 1.296971
v 0.102089 -0.036925 1.296082
v 0.103043 -0.037212 1.295914
v 0.105852 -0.023667 1.295418
v 0.207497 0.180748 1.278035
v 0.209115 0.180460 1.277750
v 0.209340 0.180460 1.279024
v 0.207722 0.180748 1.279310
v 0.209563 0.180460 1.280292
v 0.207945 0.180748 1.280577
v 0.209023 0.167451 1.277227
v 0.209023 0.131028 1.277227
v 0.207405 0.167703 1.277512
v 0.207405 0.131172 1.277512
v 0.207405 0.087512 1.277512
v 0.209023 0.087476 1.277227
v 0.209023 0.031761 1.277227
v 0.209023 0.024311 1.277227
v 0.207405 0.031761 1.277512
v 0.207405 0.024311 1.277512
v 0.207405 0.024070 1.277512
v 0.209023 0.024070 1.277227
v 0.207405 0.019013 1.277512
v 0.209023 0.019013 1.277227
v 0.209023 0.021041 1.277227
v 0.207405 0.021041 1.277512
v 0.209023 0.023051 1.277227
v 0.207405 0.023051 1.277512
v 0.207405 -0.007470 1.277512
v 0.209023 -0.007470 1.277227
v 0.209023 0.005549 1.277227
v 0.207405 0.005549 1.277512
v 0.209023 0.014217 1.277227
v 0.207405 0.014217 1.277512
v 0.207405 -0.037307 1.277512
v 0.209023 -0.037307 1.277227
v 0.209023 -0.023722 1.277227
v 0.207405 -0.023722 1.277512
v 0.209710 -0.043069 1.281124
v 0.211384 -0.043069 1.290617
v 0.208092 -0.043069 1.281410
v 0.209766 -0.043069 1.290902
v 0.211431 -0.043069 1.300345
v 0.213049 -0.043069 1.300059
v 0.212279 -0.043069 1.305153
v 0.212987 -0.043069 1.309170
v 0.214605 -0.043069 1.308885
v 0.213897 -0.043069 1.304868
v 0.213698 -0.043069 1.313200
v 0.215315 -0.043069 1.312914
v 0.215563 -0.037307 1.314319
v 0.215385 -0.023722 1.313309
v 0.213945 -0.037307 1.314604
v 0.213767 -0.023722 1.313594
v 0.213554 -0.007470 1.312386
v 0.215172 -0.007471 1.312100
v 0.213270 0.014217 1.310773
v 0.214888 0.014217 1.310488
v 0.215001 0.005549 1.311132
v 0.213383 0.005549 1.311418
v 0.214555 0.017881 1.308604
v 0.213931 0.017881 1.305061
v 0.213021 0.017949 1.308870
v 0.212396 0.017949 1.305327
v 0.212339 0.018002 1.302678
v 0.213317 0.017949 1.301579
v 0.211734 0.023051 1.301569
v 0.213065 0.023051 1.300153
v 0.213084 0.021041 1.300258
v 0.211753 0.021041 1.301679
v 0.213102 0.019013 1.300364
v 0.211773 0.019013 1.301790
v 0.212279 0.023967 1.302338
v 0.212329 0.024006 1.304947
v 0.213862 0.024056 1.304674
v 0.213258 0.024006 1.301246
v 0.212946 0.024006 1.308441
v 0.214479 0.024056 1.308168
v 0.212980 0.024065 1.310028
v 0.213137 0.024311 1.310023
v 0.214755 0.024311 1.309737
v 0.214747 0.024120 1.309688
v 0.213066 0.031761 1.309617
v 0.214684 0.031761 1.309332
v 0.212121 0.087512 1.304257
v 0.210461 0.131172 1.294843
v 0.212079 0.131028 1.294558
v 0.213739 0.087476 1.303972
v 0.208864 0.167703 1.285787
v 0.210482 0.167451 1.285502
v 0.209868 0.180460 1.282018
v 0.209772 0.180460 1.281477
v 0.208250 0.180748 1.282303
v 0.208154 0.180748 1.281762
v 0.208059 0.180748 1.281223
v 0.209677 0.180460 1.280937
v -0.087533 0.031761 1.329614
v -0.087601 0.031761 1.329918
v -0.087600 0.024311 1.329923
v -0.087532 0.024311 1.329616
v -0.087600 0.024070 1.329923
v -0.087532 0.024070 1.329616
v -0.087545 0.208294 1.329545
v -0.087651 0.208294 1.329638
v -0.087632 0.154367 1.329745
v -0.087540 0.154367 1.329571
v -0.087612 0.093311 1.329855
v -0.087535 0.093311 1.329599
v 0.113469 0.193925 1.294091
v 0.113477 0.194055 1.294135
v 0.112522 0.194227 1.294303
v 0.112514 0.194097 1.294259
v 0.105138 0.195487 1.295605
v 0.105130 0.195357 1.295561
v 0.210642 0.180038 1.276956
v 0.210650 0.180169 1.277001
v 0.209033 0.180460 1.277286
v 0.209025 0.180330 1.277241
v 0.207415 0.180748 1.277571
v 0.207407 0.180618 1.277527
v 0.211589 0.179764 1.276801
v 0.211660 0.179853 1.276823
v 0.211411 0.180030 1.276867
v 0.211403 0.179900 1.276822
v 0.211788 0.087415 1.277063
v 0.211768 0.130782 1.276952
v 0.211750 0.167020 1.276846
v 0.211800 0.024070 1.277130
v 0.211800 0.024311 1.277130
v 0.211799 0.031761 1.277125
v 0.211801 0.019013 1.277135
v 0.211800 0.021041 1.277133
v 0.211800 0.023051 1.277131
v 0.211805 -0.007470 1.277158
v 0.211803 0.005549 1.277147
v 0.211801 0.014217 1.277139
v 0.211809 -0.037307 1.277184
v 0.211807 -0.023722 1.277172
v 0.210659 -0.042884 1.277052
v 0.210717 -0.043069 1.277382
v 0.211478 -0.043069 1.277248
v 0.211419 -0.042884 1.276917
v 0.211727 -0.042884 1.277203
v 0.211619 -0.042740 1.276970
v 0.207424 -0.042884 1.277622
v 0.207482 -0.043069 1.277952
v 0.209100 -0.043069 1.277667
v 0.209042 -0.042884 1.277337
v 0.096277 -0.039229 1.297220
v 0.096335 -0.039414 1.297550
v 0.101230 -0.042632 1.296687
v 0.101172 -0.042447 1.296357
v 0.102185 -0.042960 1.296519
v 0.102127 -0.042775 1.296189
v -0.087531 -0.004365 1.329623
v -0.087596 -0.004365 1.329950
v -0.087593 -0.011298 1.329965
v -0.087530 -0.011298 1.329626
v -0.087591 -0.015566 1.329976
v -0.087530 -0.015565 1.329629
v -0.087532 0.014217 1.329618
v -0.087599 0.014217 1.329931
v -0.087598 0.005549 1.329939
v -0.087532 0.005549 1.329620
v -0.087532 0.023051 1.329616
v -0.087600 0.023051 1.329924
v -0.087600 0.021041 1.329925
v -0.087532 0.021041 1.329616
v -0.087600 0.019013 1.329927
v -0.087532 0.019013 1.329617
v -0.081980 0.024311 1.361798
v -0.081977 0.024070 1.361815
v -0.082051 0.031761 1.361395
v -0.081899 0.031761 1.361563
v -0.081828 0.024311 1.361968
v -0.081825 0.024070 1.361985
v -0.081964 0.023051 1.361890
v -0.081938 0.021041 1.362039
v -0.081811 0.023051 1.362061
v -0.081785 0.021041 1.362210
v -0.081759 0.019013 1.362361
v -0.081911 0.019013 1.362188
v -0.081849 0.014217 1.362542
v -0.081736 0.005549 1.363182
v -0.081696 0.014217 1.362716
v -0.081582 0.005549 1.363360
v -0.081458 -0.004365 1.364068
v -0.081612 -0.004365 1.363884
v -0.081340 -0.015566 1.364733
v -0.081497 -0.015566 1.364536
v -0.081537 -0.011298 1.364308
v -0.081381 -0.011298 1.364499
v 0.108708 -0.042775 1.333512
v 0.108671 -0.042960 1.333305
v 0.107717 -0.042632 1.333474
v 0.107753 -0.042447 1.333680
v 0.102827 -0.039414 1.334369
v 0.102864 -0.039229 1.334575
v 0.215587 -0.043069 1.314454
v 0.217204 -0.043069 1.314168
v 0.213969 -0.043069 1.314739
v 0.214005 -0.042884 1.314945
v 0.215623 -0.042884 1.314660
v 0.217240 -0.042884 1.314375
v 0.217964 -0.043069 1.314034
v 0.218211 -0.042884 1.313977
v 0.218001 -0.042884 1.314241
v 0.218173 -0.042740 1.314141
v 0.217787 -0.007470 1.311569
v 0.217834 -0.007471 1.311350
v 0.218045 -0.023722 1.312548
v 0.217999 -0.023722 1.312775
v 0.218222 -0.037307 1.313551
v 0.218177 -0.037307 1.313783
v 0.217503 0.014217 1.309960
v 0.217552 0.014217 1.309750
v 0.217664 0.005549 1.310389
v 0.217616 0.005549 1.310603
v 0.216447 0.017765 1.309874
v 0.216411 0.017881 1.309672
v 0.217171 0.017881 1.309538
v 0.217207 0.017764 1.309740
v 0.217422 0.017764 1.309503
v 0.217384 0.017674 1.309664
v 0.213061 0.017850 1.310489
v 0.213260 0.017949 1.310223
v 0.214794 0.017881 1.309957
v 0.214830 0.017764 1.310160
v 0.212631 0.023051 1.310143
v 0.212682 0.023051 1.309936
v 0.212708 0.021041 1.310085
v 0.212658 0.021041 1.310292
v 0.212735 0.019013 1.310234
v 0.212684 0.019013 1.310442
v 0.214714 0.024056 1.309502
v 0.216331 0.024056 1.309217
v 0.213181 0.024006 1.309776
v 0.212980 0.024065 1.310028
v 0.214747 0.024120 1.309688
v 0.216363 0.024120 1.309403
v 0.217091 0.024056 1.309083
v 0.217340 0.024120 1.309034
v 0.217124 0.024120 1.309269
v 0.217299 0.024169 1.309183
v 0.217299 0.031761 1.308806
v 0.217349 0.031761 1.308603
v 0.217420 0.024311 1.309005
v 0.217371 0.024311 1.309211
v 0.217340 0.024120 1.309034
v 0.217299 0.024169 1.309183
v 0.213106 0.167034 1.285023
v 0.213180 0.167020 1.284960
v 0.214765 0.130782 1.293944
v 0.214699 0.130789 1.294061
v 0.216412 0.087415 1.303284
v 0.216356 0.087416 1.303456
v 0.211532 0.180038 1.282002
v 0.211521 0.180169 1.281939
v 0.212281 0.180030 1.281805
v 0.212292 0.179900 1.281868
v 0.212536 0.179853 1.281794
v 0.212480 0.179764 1.281853
v 0.208297 0.180618 1.282572
v 0.208286 0.180748 1.282510
v 0.209904 0.180460 1.282225
v 0.209915 0.180330 1.282287
v 0.106020 0.195357 1.300606
v 0.106009 0.195487 1.300544
v 0.113393 0.194227 1.299242
v 0.113404 0.194096 1.299305
v 0.114348 0.194055 1.299074
v 0.114359 0.193925 1.299136
v -0.084636 0.154367 1.346737
v -0.082989 0.093311 1.356077
v -0.086220 0.208294 1.337752
v -0.086093 0.208294 1.337780
v -0.084499 0.154367 1.346818
v -0.082843 0.093311 1.356213
v -0.087072 0.023855 1.332922
v -0.087600 0.023855 1.329923
v -0.087532 0.023855 1.329616
v -0.084176 0.023855 1.349346
v -0.085620 0.023855 1.341156
v -0.082210 0.023855 1.360496
v -0.082826 0.023855 1.357001
v -0.083440 0.023855 1.353517
v -0.081822 0.023855 1.362001
v -0.081974 0.023855 1.361831
v 0.119205 0.023855 1.326621
v 0.118250 0.023855 1.326789
v 0.110866 0.023855 1.328091
v 0.212436 0.023855 1.308542
v 0.212672 0.023855 1.309877
v 0.212621 0.023855 1.310083
v 0.211820 0.023855 1.305047
v 0.211726 0.023855 1.301525
v 0.214875 0.024006 1.300961
v 0.214675 0.023855 1.299826
v 0.213058 0.023855 1.300110
v 0.213258 0.024006 1.301246
v 0.211726 0.023855 1.301525
v 0.212279 0.023967 1.302338
v 0.215435 0.023855 1.299691
v 0.215675 0.023855 1.299595
v 0.215635 0.024006 1.300827
v 0.215836 0.024065 1.300329
v 0.212329 0.023855 1.280129
v 0.213781 0.023855 1.288363
v 0.215225 0.023855 1.296554
v 0.211800 0.023855 1.277131
v 0.211666 0.023855 1.276859
v 0.210640 0.023855 1.276941
v 0.211400 0.023855 1.276808
v 0.209023 0.023855 1.277227
v 0.207405 0.023855 1.277512
v 0.105128 0.023855 1.295546
v 0.112512 0.023855 1.294244
v 0.113466 0.023855 1.294076
v -0.085593 0.018154 1.341307
v -0.087064 0.018154 1.332966
v -0.084130 0.018154 1.349604
v -0.084128 0.017833 1.349618
v -0.085592 0.017833 1.341315
v -0.087063 0.017833 1.332969
v -0.087600 0.018154 1.329928
v -0.087532 0.018154 1.329617
v -0.087599 0.017833 1.329928
v -0.087532 0.017833 1.329617
v 0.105128 0.018154 1.295546
v 0.112512 0.018154 1.294244
v 0.105128 0.017833 1.295546
v 0.112512 0.017833 1.294244
v 0.113467 0.017833 1.294076
v 0.113466 0.018155 1.294076
v 0.207405 0.017833 1.277512
v 0.209023 0.017833 1.277227
v 0.209023 0.018154 1.277227
v 0.207405 0.018154 1.277512
v 0.210640 0.017833 1.276942
v 0.210640 0.018154 1.276941
v 0.211400 0.018154 1.276808
v 0.211666 0.018155 1.276860
v 0.211400 0.017833 1.276807
v 0.211667 0.017833 1.276860
v 0.211801 0.017833 1.277136
v 0.211801 0.018154 1.277136
v 0.212337 0.017833 1.280176
v 0.212336 0.018155 1.280174
v 0.215273 0.017833 1.296826
v 0.215270 0.018154 1.296811
v 0.213807 0.018154 1.288514
v 0.213809 0.017833 1.288523
v 0.215488 0.018154 1.299989
v 0.215728 0.018154 1.299892
v 0.214727 0.018154 1.300123
v 0.213110 0.018154 1.300409
v 0.211781 0.018155 1.301838
v 0.211883 0.018154 1.305404
v 0.211781 0.018155 1.301838
v 0.212507 0.018154 1.308945
v 0.212746 0.018154 1.310298
v 0.212695 0.018155 1.310506
v 0.119280 0.018154 1.327044
v 0.118325 0.018154 1.327213
v 0.119284 0.017833 1.327068
v 0.118329 0.017833 1.327237
v 0.110945 0.017833 1.328538
v 0.110941 0.018155 1.328515
v -0.081900 0.018154 1.362252
v -0.082138 0.018154 1.360899
v -0.081747 0.018154 1.362424
v -0.081743 0.017833 1.362448
v -0.081896 0.017833 1.362275
v -0.082134 0.017833 1.360922
v -0.082763 0.018154 1.357358
v -0.083385 0.018154 1.353829
v -0.082759 0.017833 1.357379
v -0.083382 0.017833 1.353847
v -0.087452 0.226906 1.329530
v -0.087539 0.227007 1.329580
v -0.087657 0.226617 1.329602
v -0.087547 0.226617 1.329535
v -0.087456 0.227007 1.330047
v -0.087573 0.226617 1.330078
v -0.087005 0.227007 1.332606
v -0.087113 0.226617 1.332687
v -0.087342 0.226617 1.331386
v -0.087230 0.227007 1.331330
v -0.086899 0.226617 1.333903
v -0.086801 0.226617 1.334458
v -0.086996 0.226617 1.333349
v -0.086891 0.227007 1.333255
v -0.086795 0.227007 1.333798
v -0.086699 0.227007 1.334343
v -0.086763 0.226617 1.334670
v -0.086639 0.226617 1.334679
v -0.086662 0.227007 1.334551
v -0.086562 0.226906 1.334582
v 0.114378 0.193534 1.299245
v 0.113423 0.193706 1.299413
v 0.106039 0.194967 1.300715
v 0.209934 0.179939 1.282396
v 0.211551 0.179648 1.282111
v 0.208316 0.180227 1.282681
v 0.212312 0.179509 1.281977
v 0.212559 0.179462 1.281923
v 0.212500 0.179853 1.281586
v 0.212599 0.179447 1.281665
v 0.212637 0.179446 1.281877
v 0.212536 0.179853 1.281794
v 0.212559 0.179462 1.281923
v 0.212480 0.179764 1.281853
v 0.212308 0.179853 1.280499
v 0.212404 0.179447 1.280557
v 0.212502 0.179446 1.281110
v 0.212404 0.179853 1.281042
v 0.211742 0.179853 1.277290
v 0.211827 0.179447 1.277286
v 0.212058 0.179446 1.278594
v 0.211969 0.179853 1.278573
v 0.212287 0.179447 1.279894
v 0.212194 0.179853 1.279849
v 0.211743 0.179446 1.276810
v 0.211652 0.179462 1.276779
v 0.211660 0.179853 1.276823
v 0.210640 0.179648 1.276941
v 0.211400 0.179509 1.276808
v 0.207405 0.180227 1.277512
v 0.209023 0.179939 1.277227
v 0.105128 0.194967 1.295546
v 0.112512 0.193706 1.294244
v 0.113466 0.193534 1.294076
v 0.210659 -0.042884 1.277052
v 0.210640 -0.042329 1.276941
v 0.209023 -0.042329 1.277227
v 0.209042 -0.042884 1.277337
v 0.207405 -0.042329 1.277512
v 0.207424 -0.042884 1.277622
v 0.211400 -0.042329 1.276808
v 0.211669 -0.042329 1.276873
v 0.211419 -0.042884 1.276917
v 0.211619 -0.042740 1.276970
v 0.211727 -0.042884 1.277203
v 0.211810 -0.042329 1.277188
v 0.212336 -0.042884 1.280660
v 0.212419 -0.042329 1.280641
v 0.215674 -0.042884 1.299588
v 0.215753 -0.042329 1.299548
v 0.214090 -0.042329 1.290119
v 0.214010 -0.042884 1.290149
v 0.217940 -0.042884 1.312438
v 0.218016 -0.042329 1.312384
v 0.217307 -0.042329 1.308360
v 0.217230 -0.042884 1.308410
v 0.216599 -0.042329 1.304349
v 0.216522 -0.042884 1.304394
v 0.218287 -0.042329 1.313921
v 0.218243 -0.042329 1.314156
v 0.218211 -0.042884 1.313977
v 0.218173 -0.042740 1.314141
v 0.217246 -0.042329 1.314407
v 0.218006 -0.042329 1.314273
v 0.218243 -0.042329 1.314156
v 0.214011 -0.042329 1.314977
v 0.215629 -0.042329 1.314692
v 0.108713 -0.042220 1.333544
v 0.107759 -0.041892 1.333713
v 0.102869 -0.038674 1.334608
v -0.081613 -0.018036 1.363186
v -0.081738 -0.017481 1.363168
v -0.081477 -0.017481 1.364649
v -0.081352 -0.018036 1.364669
v -0.081320 -0.017481 1.364848
v -0.081232 -0.017893 1.364805
v -0.082972 -0.018036 1.355476
v -0.083096 -0.017481 1.355467
v -0.082419 -0.017481 1.359311
v -0.082294 -0.018036 1.359324
v -0.086898 -0.018036 1.333214
v -0.087017 -0.017481 1.333231
v -0.085453 -0.017481 1.342102
v -0.085332 -0.018036 1.342096
v -0.083897 -0.017481 1.350923
v -0.083774 -0.018036 1.350928
v -0.087590 -0.017481 1.329981
v -0.087530 -0.017481 1.329630
v -0.087472 -0.018036 1.329960
v -0.087422 -0.017893 1.329700
v 0.096258 -0.038674 1.297110
v 0.101152 -0.041892 1.296247
v 0.096277 -0.039229 1.297220
v 0.101172 -0.042447 1.296357
v 0.102127 -0.042775 1.296189
v 0.102107 -0.042220 1.296079
v 0.206651 0.180878 1.277706
v 0.206643 0.180748 1.277661
v 0.206733 0.180878 1.278170
v 0.195084 0.182523 1.280224
v 0.195002 0.182523 1.279760
v 0.194994 0.182393 1.279716
v 0.207181 0.180878 1.280712
v 0.206957 0.180878 1.279444
v 0.195532 0.182523 1.282766
v 0.195308 0.182523 1.281499
v 0.195836 0.182523 1.284492
v 0.195741 0.182523 1.283951
v 0.207390 0.180878 1.281897
v 0.207485 0.180878 1.282438
v 0.195646 0.182523 1.283412
v 0.207295 0.180878 1.281358
v 0.195884 0.182393 1.284761
v 0.195873 0.182523 1.284699
v 0.207522 0.180878 1.282645
v 0.207533 0.180748 1.282707
v 0.208100 0.167817 1.285922
v 0.207552 0.180357 1.282816
v 0.196451 0.169256 1.287976
v 0.195903 0.182002 1.284870
v 0.211356 0.087528 1.304392
v 0.209696 0.131237 1.294978
v 0.199707 0.087734 1.306446
v 0.198047 0.132059 1.297032
v 0.212376 0.024070 1.310175
v 0.212373 0.024311 1.310158
v 0.200727 0.024070 1.312230
v 0.200724 0.024311 1.312212
v 0.200652 0.031761 1.311806
v 0.212301 0.031761 1.309752
v 0.212631 0.023051 1.310143
v 0.212390 0.023051 1.310251
v 0.212379 0.023855 1.310191
v 0.212621 0.023855 1.310083
v 0.200740 0.023051 1.312305
v 0.200730 0.023855 1.312246
v 0.212684 0.019013 1.310442
v 0.212442 0.019013 1.310551
v 0.212416 0.021041 1.310400
v 0.212658 0.021041 1.310292
v 0.200793 0.019013 1.312605
v 0.200767 0.021041 1.312455
v 0.213061 0.017850 1.310489
v 0.212458 0.017833 1.310639
v 0.212454 0.018154 1.310615
v 0.212695 0.018155 1.310506
v 0.200809 0.017833 1.312693
v 0.200805 0.018155 1.312669
v 0.212790 -0.007470 1.312520
v 0.212619 0.005549 1.311552
v 0.200600 -0.007470 1.314670
v 0.200728 0.005549 1.313649
v 0.200796 0.014217 1.312973
v 0.212505 0.014217 1.310908
v 0.213181 -0.037307 1.314739
v 0.213003 -0.023722 1.313729
v 0.200229 -0.037307 1.317023
v 0.200402 -0.023722 1.315951
v 0.213241 -0.042884 1.315080
v 0.213247 -0.042329 1.315112
v 0.200172 -0.042884 1.317384
v 0.200178 -0.042329 1.317417
v 0.212933 -0.043069 1.313334
v 0.213205 -0.043069 1.314874
v 0.199864 -0.043069 1.315639
v 0.200136 -0.043069 1.317178
v 0.211514 -0.043069 1.305288
v 0.212223 -0.043069 1.309305
v 0.198445 -0.043069 1.307592
v 0.199154 -0.043069 1.311609
v 0.207328 -0.043069 1.281544
v 0.209001 -0.043069 1.291037
v 0.194259 -0.043069 1.283849
v 0.195932 -0.043069 1.293341
v 0.197597 -0.043069 1.302784
v 0.210666 -0.043069 1.300479
v 0.193591 -0.042884 1.280061
v 0.193649 -0.043069 1.280391
v 0.206718 -0.043069 1.278087
v 0.206660 -0.042884 1.277757
v 0.193689 -0.037308 1.279931
v 0.193571 -0.042329 1.279951
v 0.206640 -0.042329 1.277647
v 0.206640 -0.037307 1.277647
v 0.193591 -0.042884 1.280061
v 0.206660 -0.042884 1.277757
v 0.194451 -0.007470 1.279796
v 0.194040 -0.023722 1.279868
v 0.206640 -0.023722 1.277647
v 0.206640 -0.007471 1.277647
v 0.206640 0.014217 1.277647
v 0.206640 0.005549 1.277647
v 0.194931 0.014217 1.279711
v 0.194749 0.005549 1.279743
v 0.194991 0.019013 1.279701
v 0.194991 0.018154 1.279701
v 0.206640 0.018154 1.277647
v 0.206640 0.019013 1.277647
v 0.194991 0.017833 1.279701
v 0.206640 0.017833 1.277647
v 0.194991 0.023051 1.279701
v 0.194991 0.021041 1.279701
v 0.206640 0.021041 1.277647
v 0.206640 0.023051 1.277647
v 0.194991 0.024070 1.279701
v 0.194991 0.023855 1.279701
v 0.206640 0.023855 1.277647
v 0.206640 0.024070 1.277647
v 0.206640 0.031761 1.277647
v 0.206640 0.024311 1.277647
v 0.194991 0.031761 1.279701
v 0.194991 0.024311 1.279701
v 0.194991 0.169256 1.279701
v 0.194991 0.132059 1.279701
v 0.206640 0.131237 1.277647
v 0.206640 0.167817 1.277647
v 0.194991 0.087734 1.279701
v 0.206640 0.087528 1.277647
v 0.194991 0.182002 1.279701
v 0.206640 0.180357 1.277647
v 0.118920 0.053601 1.325002
v 0.117965 0.053601 1.325171
v 0.110581 0.053601 1.326473
v 0.212094 0.053601 1.308573
v 0.212858 0.053601 1.308438
v 0.200444 0.053601 1.310627
v 0.214476 0.053601 1.308153
v 0.216093 0.053601 1.307868
v 0.216853 0.053601 1.307734
v 0.217092 0.053601 1.307629
v 0.216919 0.053601 1.306165
v 0.217143 0.053601 1.307433
v 0.217092 0.053601 1.307629
v 0.215750 0.053601 1.299532
v 0.216334 0.053601 1.302843
v 0.212299 0.053601 1.279961
v 0.213679 0.053601 1.287786
v 0.215051 0.053601 1.295569
v 0.211797 0.053601 1.277112
v 0.211665 0.053601 1.276854
v 0.210640 0.053601 1.276941
v 0.211400 0.053601 1.276808
v 0.207405 0.053601 1.277512
v 0.209023 0.053601 1.277227
v 0.194991 0.053601 1.279701
v 0.206640 0.053601 1.277647
v 0.105128 0.053601 1.295546
v 0.112512 0.053601 1.294244
v 0.113466 0.053601 1.294076
v -0.087101 0.053601 1.332754
v -0.087604 0.053601 1.329904
v -0.087533 0.053601 1.329611
v -0.084349 0.053601 1.348361
v -0.085722 0.053601 1.340578
v -0.083067 0.053601 1.355635
v -0.082481 0.053601 1.358957
v -0.083650 0.053601 1.352325
v -0.082257 0.053601 1.360226
v -0.082107 0.053601 1.360386
v -0.087063 0.017416 1.332972
v -0.087599 0.017416 1.329929
v -0.087532 0.017416 1.329617
v -0.084124 0.017416 1.349637
v -0.085590 0.017416 1.341326
v -0.082129 0.017416 1.360952
v -0.082755 0.017416 1.357405
v -0.083378 0.017416 1.353869
v -0.081738 0.017416 1.362479
v -0.081890 0.017416 1.362306
v 0.119289 0.017416 1.327099
v 0.118335 0.017416 1.327267
v 0.110951 0.017416 1.328569
v 0.212463 0.017416 1.310670
v 0.213228 0.017416 1.310535
v 0.200814 0.017416 1.312724
v 0.216447 0.017765 1.309874
v 0.216462 0.017416 1.309965
v 0.214846 0.017416 1.310250
v 0.214830 0.017764 1.310160
v 0.217223 0.017416 1.309831
v 0.217461 0.017416 1.309722
v 0.217207 0.017764 1.309740
v 0.217384 0.017674 1.309664
v 0.217184 0.017765 1.308149
v 0.217271 0.017416 1.308159
v 0.217510 0.017416 1.309514
v 0.217422 0.017764 1.309503
v 0.217461 0.017416 1.309722
v 0.217384 0.017674 1.309664
v 0.216646 0.017416 1.304612
v 0.216022 0.017416 1.301077
v 0.216559 0.017764 1.304605
v 0.215895 0.017850 1.300664
v 0.212337 0.017416 1.280179
v 0.213811 0.017416 1.288534
v 0.215276 0.017416 1.296845
v 0.211801 0.017416 1.277136
v 0.211667 0.017416 1.276860
v 0.210640 0.017416 1.276941
v 0.211400 0.017416 1.276808
v 0.209023 0.017416 1.277227
v 0.207405 0.017416 1.277512
v 0.194991 0.017416 1.279701
v 0.206640 0.017416 1.277647
v 0.105128 0.017416 1.295546
v 0.112512 0.017416 1.294244
v 0.113466 0.017416 1.294076
v -0.083670 0.023855 1.352216
v -0.083672 0.024070 1.352205
v -0.083662 0.023051 1.352257
v -0.083644 0.021041 1.352361
v -0.083625 0.019013 1.352466
v -0.083618 0.018154 1.352511
v -0.083615 0.017833 1.352528
v -0.083582 0.014217 1.352715
v -0.083611 0.017416 1.352549
v -0.083419 -0.004365 1.353636
v -0.083502 0.005549 1.353164
v -0.083361 -0.015566 1.353967
v -0.083378 -0.011298 1.353870
v -0.083351 -0.017481 1.354025
v -0.083227 -0.018036 1.354032
v 0.106717 -0.042960 1.322220
v 0.105762 -0.042632 1.322388
v 0.100867 -0.039414 1.323251
v 0.211250 -0.043069 1.303788
v 0.212014 -0.043069 1.303653
v 0.198181 -0.043069 1.306092
v 0.213632 -0.043069 1.303368
v 0.215249 -0.043069 1.303083
v 0.216010 -0.043069 1.302949
v 0.216257 -0.042884 1.302895
v 0.216289 -0.037307 1.302592
v 0.216335 -0.042329 1.302852
v 0.216257 -0.042884 1.302895
v 0.216165 -0.023722 1.301888
v 0.216017 -0.007471 1.301046
v 0.215819 0.014217 1.299923
v 0.215898 0.005549 1.300372
v 0.215790 0.017416 1.299757
v 0.215786 0.017833 1.299735
v 0.215720 0.019013 1.299847
v 0.215775 0.019013 1.299674
v 0.215783 0.018154 1.299719
v 0.215728 0.018154 1.299892
v 0.215683 0.023051 1.299637
v 0.215738 0.023051 1.299465
v 0.215756 0.021041 1.299569
v 0.215701 0.021041 1.299742
v 0.215731 0.023855 1.299423
v 0.215729 0.024070 1.299412
v 0.215675 0.023855 1.299595
v 0.215677 0.031761 1.299117
v 0.215727 0.024311 1.299400
v 0.215532 0.053601 1.298296
v 0.215018 0.087415 1.295382
v 0.212749 0.167020 1.282514
v 0.213862 0.130782 1.288824
v 0.212368 0.179446 1.280350
v 0.212272 0.179853 1.280296
v 0.212019 0.180030 1.280317
v 0.211258 0.180169 1.280451
v 0.212272 0.179853 1.280296
v 0.209642 0.180460 1.280736
v 0.208024 0.180748 1.281021
v 0.195610 0.182523 1.283210
v 0.207259 0.180878 1.281156
v 0.105747 0.195487 1.299056
v 0.113131 0.194227 1.297754
v 0.114085 0.194055 1.297585
v -0.086651 0.208294 1.335307
v -0.087033 0.226617 1.333143
v -0.086926 0.227007 1.333053
v -0.085539 0.154367 1.341616
v -0.084382 0.093311 1.348175
v -0.083868 0.053601 1.351088
v -0.083724 0.031761 1.351910
v -0.083674 0.024311 1.352192
v 0.126331 0.192080 1.291823
v 0.126339 0.192210 1.291867
v 0.114335 0.193913 1.293984
v 0.114327 0.193783 1.293939
v 0.126421 0.192210 1.292331
v 0.114417 0.193913 1.294448
v 0.114642 0.193913 1.295722
v 0.114865 0.193913 1.296990
v 0.126646 0.192210 1.293606
v 0.126869 0.192210 1.294873
v 0.114944 0.193913 1.297434
v 0.114979 0.193913 1.297635
v 0.126947 0.192210 1.295317
v 0.126983 0.192210 1.295519
v 0.115074 0.193913 1.298175
v 0.115170 0.193913 1.298716
v 0.127078 0.192210 1.296058
v 0.127173 0.192210 1.296599
v 0.115206 0.193913 1.298922
v 0.115217 0.193783 1.298985
v 0.127210 0.192210 1.296806
v 0.127221 0.192080 1.296868
v 0.127240 0.191689 1.296977
v 0.115236 0.193392 1.299094
v 0.127788 0.177733 1.300083
v 0.115784 0.179222 1.302200
v 0.129384 0.136903 1.309139
v 0.117381 0.137754 1.311255
v 0.131044 0.088945 1.318553
v 0.119041 0.089158 1.320669
v 0.131782 0.053601 1.322734
v 0.119778 0.053601 1.324851
v 0.131990 0.031761 1.323913
v 0.119986 0.031761 1.326030
v 0.120057 0.024311 1.326435
v 0.120061 0.024070 1.326453
v 0.132061 0.024311 1.324319
v 0.132064 0.024070 1.324337
v 0.132067 0.023855 1.324353
v 0.120063 0.023855 1.326469
v 0.132078 0.023051 1.324412
v 0.120074 0.023051 1.326529
v 0.132104 0.021041 1.324562
v 0.120100 0.021041 1.326678
v 0.132130 0.019013 1.324713
v 0.120127 0.019013 1.326829
v 0.132142 0.018154 1.324776
v 0.120138 0.018154 1.326893
v 0.132146 0.017833 1.324800
v 0.120142 0.017833 1.326917
v 0.132151 0.017416 1.324831
v 0.120148 0.017416 1.326948
v 0.131770 0.014217 1.325144
v 0.119706 0.014217 1.327271
v 0.118368 0.005549 1.328171
v 0.116152 -0.007470 1.329560
v 0.130614 0.005549 1.326012
v 0.128696 -0.007470 1.327348
v 0.126028 -0.023722 1.329065
v 0.113072 -0.023722 1.331349
v 0.123749 -0.037307 1.330508
v 0.110442 -0.037307 1.332855
v 0.122995 -0.042329 1.331026
v 0.109572 -0.042329 1.333393
v 0.122990 -0.042884 1.330994
v 0.109566 -0.042884 1.333361
v 0.122953 -0.043069 1.330787
v 0.109530 -0.043069 1.333154
v 0.122682 -0.043069 1.329248
v 0.109258 -0.043069 1.331615
v 0.121971 -0.043069 1.325218
v 0.108548 -0.043069 1.327585
v 0.121263 -0.043069 1.321202
v 0.107839 -0.043069 1.323568
v 0.120998 -0.043069 1.319702
v 0.107575 -0.043069 1.322069
v 0.120415 -0.043069 1.316393
v 0.106992 -0.043069 1.318760
v 0.105327 -0.043069 1.309318
v 0.103653 -0.043069 1.299825
v 0.118750 -0.043069 1.306951
v 0.117076 -0.043069 1.297458
v 0.103043 -0.043069 1.296368
v 0.102985 -0.042884 1.296037
v 0.116467 -0.043069 1.294001
v 0.116409 -0.042884 1.293671
v 0.102966 -0.042329 1.295927
v 0.103902 -0.037307 1.295762
v 0.102985 -0.042884 1.296037
v 0.116409 -0.042884 1.293671
v 0.116389 -0.042329 1.293560
v 0.117208 -0.037307 1.293416
v 0.106710 -0.023722 1.295267
v 0.110003 -0.007471 1.294686
v 0.119666 -0.023722 1.292983
v 0.122546 -0.007470 1.292475
v 0.112390 0.005549 1.294266
v 0.113841 0.014217 1.294010
v 0.124635 0.005549 1.292106
v 0.125905 0.014217 1.291883
v 0.114325 0.017416 1.293924
v 0.114325 0.017833 1.293924
v 0.126329 0.017416 1.291808
v 0.126329 0.017833 1.291808
v 0.114325 0.018154 1.293924
v 0.114325 0.019013 1.293924
v 0.126329 0.018155 1.291808
v 0.126329 0.019013 1.291808
v 0.114325 0.021041 1.293924
v 0.114325 0.023051 1.293924
v 0.126328 0.021041 1.291808
v 0.126329 0.023051 1.291808
v 0.114325 0.023855 1.293924
v 0.114325 0.024070 1.293924
v 0.126329 0.023855 1.291808
v 0.126329 0.024070 1.291808
v 0.114325 0.024311 1.293924
v 0.114325 0.031761 1.293924
v 0.126329 0.024311 1.291808
v 0.126329 0.031761 1.291808
v 0.114325 0.053601 1.293924
v 0.114325 0.089158 1.293924
v 0.126329 0.053601 1.291808
v 0.126329 0.088945 1.291808
v 0.114325 0.137754 1.293924
v 0.114325 0.179222 1.293924
v 0.126328 0.136903 1.291808
v 0.126329 0.177733 1.291808
v 0.114325 0.193392 1.293924
v 0.126328 0.191690 1.291808
v 0.070661 -0.021670 1.301737
v 0.070719 -0.021855 1.302067
v 0.083657 -0.030633 1.299786
v 0.083599 -0.030448 1.299456
v 0.071329 -0.021855 1.305525
v 0.084267 -0.030633 1.303244
v 0.073002 -0.021855 1.315017
v 0.085940 -0.030633 1.312736
v 0.074667 -0.021855 1.324460
v 0.087605 -0.030633 1.322178
v 0.088189 -0.030633 1.325487
v 0.088456 -0.030633 1.327003
v 0.075251 -0.021855 1.327768
v 0.075520 -0.021855 1.329296
v 0.089173 -0.030633 1.331067
v 0.089892 -0.030633 1.335145
v 0.076243 -0.021855 1.333396
v 0.076968 -0.021855 1.337510
v 0.090166 -0.030633 1.336700
v 0.090202 -0.030448 1.336906
v 0.077245 -0.021855 1.339077
v 0.077281 -0.021670 1.339283
v 0.090208 -0.029893 1.336939
v 0.090482 -0.026425 1.336489
v 0.077287 -0.021115 1.339316
v 0.077114 -0.018745 1.338932
v 0.091324 -0.017503 1.335250
v 0.091963 -0.005916 1.333842
v 0.076614 -0.013114 1.337893
v 0.075424 -0.004819 1.336770
v 0.073178 0.005549 1.336140
v 0.091630 0.005549 1.332886
v 0.071096 0.014217 1.335842
v 0.091014 0.014217 1.332330
v 0.090804 0.017416 1.332122
v 0.090799 0.017833 1.332091
v 0.070398 0.017416 1.335720
v 0.070393 0.017833 1.335689
v 0.090795 0.018154 1.332067
v 0.090784 0.019013 1.332003
v 0.070389 0.018154 1.335665
v 0.070377 0.019013 1.335601
v 0.090757 0.021041 1.331852
v 0.090731 0.023051 1.331703
v 0.070351 0.021041 1.335451
v 0.070325 0.023051 1.335301
v 0.090720 0.023855 1.331643
v 0.090717 0.024070 1.331627
v 0.070314 0.023855 1.335241
v 0.070311 0.024070 1.335225
v 0.070308 0.024311 1.335207
v 0.090714 0.024311 1.331609
v 0.070237 0.031761 1.334802
v 0.090643 0.031761 1.331204
v 0.090435 0.053601 1.330025
v 0.089697 0.089781 1.325843
v 0.070029 0.053601 1.333623
v 0.069291 0.090211 1.329442
v 0.088037 0.140246 1.316430
v 0.086441 0.183582 1.307374
v 0.067631 0.141965 1.320028
v 0.066035 0.186591 1.310972
v 0.085893 0.198375 1.304268
v 0.085874 0.198766 1.304159
v 0.065487 0.201814 1.307866
v 0.065468 0.202204 1.307757
v 0.065457 0.202335 1.307694
v 0.085863 0.198896 1.304096
v 0.065420 0.202335 1.307488
v 0.085826 0.198896 1.303890
v 0.065325 0.202335 1.306947
v 0.085731 0.198896 1.303349
v 0.065230 0.202335 1.306407
v 0.085636 0.198896 1.302809
v 0.065194 0.202335 1.306206
v 0.085600 0.198896 1.302608
v 0.065116 0.202335 1.305762
v 0.085522 0.198896 1.302164
v 0.064893 0.202335 1.304494
v 0.085299 0.198896 1.300896
v 0.064668 0.202335 1.303220
v 0.085074 0.198896 1.299622
v 0.084992 0.198896 1.299158
v 0.084984 0.198766 1.299113
v 0.064586 0.202335 1.302756
v 0.064578 0.202204 1.302712
v 0.064575 0.201814 1.302696
v 0.084982 0.198375 1.299099
v 0.064575 0.186591 1.302697
v 0.084982 0.183582 1.299098
v 0.064575 0.141965 1.302696
v 0.084982 0.140246 1.299099
v 0.064576 0.090211 1.302697
v 0.084982 0.089781 1.299098
v 0.064576 0.053601 1.302696
v 0.084982 0.053601 1.299099
v 0.064576 0.031761 1.302697
v 0.084982 0.031761 1.299098
v 0.064576 0.024311 1.302696
v 0.084982 0.024311 1.299099
v 0.064576 0.024070 1.302697
v 0.084982 0.024070 1.299098
v 0.064575 0.023855 1.302696
v 0.084982 0.023855 1.299099
v 0.064575 0.023051 1.302697
v 0.084982 0.023051 1.299098
v 0.064575 0.021041 1.302696
v 0.084982 0.021041 1.299099
v 0.064576 0.019013 1.302697
v 0.084982 0.019013 1.299098
v 0.064576 0.018154 1.302696
v 0.084982 0.018154 1.299099
v 0.064576 0.017833 1.302697
v 0.084982 0.017833 1.299098
v 0.064576 0.017416 1.302696
v 0.084982 0.017416 1.299099
v 0.065231 0.014217 1.302581
v 0.085149 0.014217 1.299069
v 0.067199 0.005549 1.302234
v 0.085652 0.005549 1.298980
v 0.069270 -0.004819 1.301869
v 0.085811 -0.005916 1.298952
v 0.070232 -0.013114 1.301699
v 0.084951 -0.017503 1.299104
v 0.070539 -0.018745 1.301645
v 0.083922 -0.026425 1.299285
v 0.070641 -0.021115 1.301627
v 0.083579 -0.029893 1.299346
v 0.070661 -0.021670 1.301737
v 0.083599 -0.030448 1.299456
v -0.068113 -0.018036 1.326207
v -0.068055 -0.018221 1.326537
v -0.011820 -0.018221 1.316621
v -0.011878 -0.018036 1.316291
v -0.067476 -0.018221 1.329817
v -0.011228 -0.018221 1.319977
v 0.045412 -0.018328 1.310068
v 0.044807 -0.018327 1.306636
v 0.044749 -0.018143 1.306306
v -0.065896 -0.018221 1.338778
v -0.009608 -0.018221 1.329166
v -0.064325 -0.018221 1.347690
v -0.007997 -0.018221 1.338305
v 0.048724 -0.018328 1.328852
v 0.047072 -0.018327 1.319485
v 0.049571 -0.018328 1.333656
v 0.049303 -0.018327 1.332135
v -0.007431 -0.018221 1.341512
v -0.007169 -0.018221 1.343000
v -0.063773 -0.018221 1.350821
v -0.063516 -0.018221 1.352276
v 0.051012 -0.018328 1.341828
v 0.050290 -0.018327 1.337735
v -0.006467 -0.018221 1.346981
v -0.005762 -0.018221 1.350975
v -0.062832 -0.018221 1.356158
v -0.062145 -0.018221 1.360054
v 0.051324 -0.018142 1.343594
v 0.051287 -0.018327 1.343388
v -0.005493 -0.018221 1.352503
v -0.005457 -0.018036 1.352709
v -0.061881 -0.018221 1.361549
v -0.061845 -0.018036 1.361755
v 0.051045 -0.015658 1.343296
v 0.051329 -0.017587 1.343626
v -0.005451 -0.017481 1.352742
v -0.005622 -0.015566 1.352503
v -0.061839 -0.017481 1.361787
v -0.061897 -0.015565 1.361641
v 0.048626 -0.004378 1.341462
v 0.050211 -0.011351 1.342415
v -0.006116 -0.011298 1.351899
v -0.007055 -0.004365 1.351168
v -0.062052 -0.011298 1.361313
v -0.062344 -0.004365 1.360805
v -0.062814 0.005549 1.360119
v -0.008559 0.005549 1.350552
v -0.063235 0.014217 1.359528
v -0.009901 0.014217 1.350124
v 0.043825 0.014217 1.340651
v 0.046088 0.005549 1.340916
v 0.043061 0.017833 1.340508
v 0.043066 0.017416 1.340539
v -0.010352 0.017416 1.349958
v -0.010358 0.017833 1.349927
v -0.063379 0.017416 1.359308
v -0.063384 0.017833 1.359278
v 0.043045 0.019013 1.340421
v 0.043057 0.018154 1.340484
v -0.010362 0.018154 1.349904
v -0.010373 0.019013 1.349840
v -0.063389 0.018154 1.359254
v -0.063400 0.019013 1.359190
v 0.042993 0.023051 1.340120
v 0.043019 0.021041 1.340270
v -0.010400 0.021041 1.349689
v -0.010426 0.023051 1.349540
v -0.063426 0.021041 1.359039
v -0.063453 0.023051 1.358890
v 0.042979 0.024070 1.340045
v 0.042982 0.023855 1.340061
v -0.010437 0.023855 1.349480
v -0.010440 0.024070 1.349464
v -0.063463 0.023855 1.358830
v -0.063466 0.024070 1.358814
v -0.063469 0.024311 1.358796
v -0.010443 0.024311 1.349446
v -0.063541 0.031761 1.358390
v -0.010514 0.031761 1.349040
v 0.042905 0.031761 1.339621
v 0.042976 0.024311 1.340027
v 0.041959 0.090770 1.334261
v 0.042697 0.053601 1.338442
v -0.010722 0.053601 1.347862
v -0.011459 0.091864 1.343680
v -0.063749 0.053601 1.357212
v -0.064486 0.092949 1.353030
v 0.038703 0.190507 1.315791
v 0.040299 0.144203 1.324847
v -0.013119 0.148581 1.334266
v -0.014716 0.198169 1.325211
v -0.066146 0.152920 1.343616
v -0.067743 0.205763 1.334561
v 0.038136 0.206680 1.312576
v 0.038155 0.206289 1.312685
v -0.015264 0.215045 1.322104
v -0.015283 0.215436 1.321996
v -0.068290 0.223724 1.331454
v -0.068310 0.224115 1.331346
v -0.068321 0.224245 1.331283
v -0.015294 0.215566 1.321933
v -0.068357 0.224245 1.331076
v -0.015330 0.215566 1.321726
v 0.038088 0.206810 1.312307
v 0.038125 0.206810 1.312514
v -0.068452 0.224245 1.330535
v -0.015426 0.215566 1.321185
v -0.068547 0.224245 1.329996
v -0.015521 0.215566 1.320646
v 0.037898 0.206810 1.311227
v 0.037993 0.206810 1.311766
v -0.068583 0.224245 1.329795
v -0.015556 0.215566 1.320445
v -0.068661 0.224245 1.329351
v -0.015635 0.215566 1.320001
v 0.037784 0.206810 1.310581
v 0.037862 0.206810 1.311026
v -0.068885 0.224245 1.328083
v -0.015858 0.215566 1.318733
v -0.069110 0.224245 1.326809
v -0.016083 0.215566 1.317458
v 0.037336 0.206810 1.308039
v 0.037561 0.206810 1.309314
v 0.037246 0.206680 1.307531
v 0.037254 0.206810 1.307575
v -0.016165 0.215566 1.316994
v -0.016173 0.215436 1.316950
v -0.069191 0.224245 1.326344
v -0.069199 0.224115 1.326300
v -0.069202 0.223724 1.326285
v -0.016175 0.215045 1.316935
v -0.069202 0.205763 1.326285
v -0.016175 0.198169 1.316935
v 0.037244 0.190507 1.307516
v 0.037243 0.206289 1.307516
v -0.069202 0.152920 1.326285
v -0.016175 0.148581 1.316935
v -0.069202 0.092949 1.326285
v -0.016175 0.091864 1.316935
v 0.037244 0.090770 1.307516
v 0.037243 0.144203 1.307516
v -0.069202 0.053601 1.326285
v -0.016175 0.053601 1.316935
v -0.069202 0.031761 1.326285
v -0.016175 0.031761 1.316935
v 0.037244 0.031761 1.307516
v 0.037244 0.053601 1.307516
v -0.069202 0.024311 1.326285
v -0.016175 0.024311 1.316935
v -0.069202 0.024070 1.326285
v -0.016175 0.024070 1.316935
v 0.037244 0.024070 1.307516
v 0.037244 0.024311 1.307516
v -0.069202 0.023855 1.326285
v -0.016175 0.023855 1.316935
v -0.069202 0.023051 1.326285
v -0.016175 0.023051 1.316935
v 0.037244 0.023051 1.307516
v 0.037243 0.023855 1.307516
v -0.069202 0.021041 1.326285
v -0.016175 0.021041 1.316935
v -0.069202 0.019013 1.326285
v -0.016175 0.019013 1.316935
v 0.037244 0.019013 1.307516
v 0.037243 0.021041 1.307516
v -0.069202 0.018154 1.326285
v -0.016175 0.018154 1.316935
v -0.069202 0.017833 1.326285
v -0.016175 0.017833 1.316935
v 0.037244 0.017833 1.307516
v 0.037244 0.018154 1.307516
v -0.069202 0.017416 1.326285
v -0.016175 0.017416 1.316935
v -0.069099 0.014217 1.326267
v -0.015766 0.014217 1.316863
v 0.037960 0.014217 1.307390
v 0.037244 0.017416 1.307516
v -0.068792 0.005549 1.326213
v -0.014538 0.005549 1.316646
v -0.068454 -0.004365 1.326153
v -0.013184 -0.004365 1.316408
v 0.042478 -0.004378 1.306593
v 0.040109 0.005549 1.307011
v -0.068258 -0.011298 1.326119
v -0.012399 -0.011298 1.316269
v -0.068164 -0.015566 1.326102
v -0.012023 -0.015566 1.316203
v 0.044510 -0.015658 1.306235
v 0.043852 -0.011351 1.306351
v -0.068132 -0.017481 1.326096
v -0.011898 -0.017481 1.316181
v -0.068113 -0.018036 1.326207
v -0.011878 -0.018036 1.316291
v 0.044749 -0.018143 1.306306
v 0.044729 -0.017587 1.306196
v 0.160729 0.187357 1.285803
v 0.160722 0.187227 1.285759
v 0.160811 0.187357 1.286267
v 0.161036 0.187357 1.287542
v 0.161260 0.187357 1.288809
v 0.161338 0.187357 1.289253
v 0.161373 0.187357 1.289455
v 0.161468 0.187357 1.289994
v 0.161564 0.187357 1.290535
v 0.161600 0.187357 1.290742
v 0.161611 0.187227 1.290804
v 0.161630 0.186836 1.290913
v 0.162178 0.173486 1.294020
v 0.163775 0.134476 1.303075
v 0.165435 0.088338 1.312489
v 0.166172 0.053601 1.316670
v 0.166380 0.031761 1.317849
v 0.166452 0.024311 1.318255
v 0.166455 0.024070 1.318273
v 0.166458 0.023855 1.318289
v 0.166468 0.023051 1.318348
v 0.166494 0.021041 1.318498
v 0.166521 0.019013 1.318649
v 0.166532 0.018154 1.318712
v 0.166536 0.017833 1.318736
v 0.166542 0.017416 1.318767
v 0.166342 0.014217 1.319048
v 0.165730 0.005549 1.319820
v 0.164707 -0.007470 1.320999
v 0.163274 -0.023722 1.322497
v 0.162048 -0.037307 1.323755
v 0.161646 -0.042329 1.324211
v 0.161640 -0.042884 1.324179
v 0.161603 -0.043069 1.323972
v 0.161332 -0.043069 1.322433
v 0.160621 -0.043069 1.318403
v 0.159913 -0.043069 1.314386
v 0.159649 -0.043069 1.312887
v 0.159065 -0.043069 1.309578
v 0.157400 -0.043069 1.300135
v 0.155727 -0.043069 1.290643
v 0.155117 -0.043069 1.287186
v 0.155059 -0.042884 1.286855
v 0.155039 -0.042329 1.286745
v 0.155507 -0.037307 1.286663
v 0.155059 -0.042884 1.286855
v 0.156912 -0.023722 1.286415
v 0.158558 -0.007471 1.286125
v 0.159752 0.005549 1.285915
v 0.160477 0.014217 1.285786
v 0.160719 0.017416 1.285744
v 0.160719 0.017833 1.285744
v 0.160719 0.018154 1.285744
v 0.160719 0.019013 1.285744
v 0.160719 0.021041 1.285744
v 0.160719 0.023051 1.285744
v 0.160719 0.023855 1.285744
v 0.160719 0.024070 1.285744
v 0.160719 0.024311 1.285744
v 0.160719 0.031761 1.285744
v 0.160719 0.053601 1.285744
v 0.160719 0.088338 1.285744
v 0.160719 0.134476 1.285744
v 0.160719 0.173486 1.285744
v 0.160719 0.186836 1.285744
v 0.065654 -0.018646 1.306525
v 0.065044 -0.018646 1.303068
v 0.064986 -0.018461 1.302738
v 0.067328 -0.018646 1.316018
v 0.068993 -0.018646 1.325460
v 0.069846 -0.018646 1.330301
v 0.069576 -0.018646 1.328769
v 0.070571 -0.018646 1.334413
v 0.071299 -0.018646 1.338538
v 0.071576 -0.018646 1.340109
v 0.071612 -0.018461 1.340316
v 0.071296 -0.015937 1.339987
v 0.071618 -0.017906 1.340348
v 0.068549 -0.004418 1.337987
v 0.070349 -0.011510 1.339014
v 0.065665 0.005549 1.337464
v 0.063095 0.014217 1.337253
v 0.062229 0.017833 1.337128
v 0.062235 0.017416 1.337159
v 0.062214 0.019013 1.337041
v 0.062225 0.018154 1.337104
v 0.062187 0.021041 1.336890
v 0.062161 0.023051 1.336741
v 0.062147 0.024070 1.336665
v 0.062150 0.023855 1.336681
v 0.062144 0.024311 1.336647
v 0.062073 0.031761 1.336241
v 0.061127 0.090379 1.330881
v 0.061865 0.053601 1.335063
v 0.059468 0.142641 1.321467
v 0.057871 0.187774 1.312412
v 0.057304 0.203556 1.309197
v 0.057323 0.203165 1.309305
v 0.057256 0.203686 1.308927
v 0.057293 0.203686 1.309134
v 0.057161 0.203686 1.308386
v 0.057066 0.203686 1.307847
v 0.056952 0.203686 1.307201
v 0.057030 0.203686 1.307646
v 0.056729 0.203686 1.305934
v 0.056504 0.203686 1.304659
v 0.056414 0.203556 1.304151
v 0.056422 0.203686 1.304195
v 0.056412 0.187774 1.304136
v 0.056412 0.203165 1.304136
v 0.056412 0.142641 1.304136
v 0.056412 0.090379 1.304136
v 0.056412 0.031761 1.304136
v 0.056412 0.053601 1.304136
v 0.056412 0.024311 1.304136
v 0.056412 0.024070 1.304136
v 0.056412 0.023051 1.304136
v 0.056412 0.023855 1.304136
v 0.056412 0.021041 1.304136
v 0.056412 0.019013 1.304136
v 0.056412 0.018154 1.304136
v 0.056412 0.017833 1.304136
v 0.057230 0.014217 1.303992
v 0.056412 0.017416 1.304136
v 0.059687 0.005549 1.303559
v 0.062394 -0.004418 1.303081
v 0.063964 -0.011510 1.302804
v 0.064716 -0.015937 1.302672
v 0.064967 -0.017906 1.302628
v 0.064986 -0.018461 1.302738
v -0.087422 -0.017893 1.329700
v -0.087472 -0.018036 1.329960
v -0.087116 -0.018221 1.329898
v -0.087174 -0.018036 1.329568
v -0.086898 -0.018036 1.333214
v -0.086542 -0.018221 1.333153
v -0.083774 -0.018036 1.350928
v -0.083417 -0.018221 1.350873
v -0.084975 -0.018221 1.342038
v -0.085332 -0.018036 1.342096
v -0.082870 -0.018221 1.353979
v -0.082615 -0.018221 1.355424
v -0.083227 -0.018036 1.354032
v -0.082972 -0.018036 1.355476
v -0.081936 -0.018221 1.359273
v -0.081255 -0.018221 1.363136
v -0.082294 -0.018036 1.359324
v -0.081613 -0.018036 1.363186
v -0.080993 -0.018221 1.364620
v -0.080957 -0.018036 1.364826
v -0.081352 -0.018036 1.364669
v -0.081232 -0.017893 1.364805
v -0.080951 -0.017481 1.364858
v -0.080972 -0.015566 1.364743
v -0.081320 -0.017481 1.364848
v -0.081340 -0.015566 1.364733
v -0.081013 -0.011298 1.364507
v -0.081090 -0.004365 1.364073
v -0.081381 -0.011298 1.364499
v -0.081458 -0.004365 1.364068
v -0.081696 0.014217 1.362716
v -0.081329 0.014217 1.362719
v -0.081215 0.005549 1.363363
v -0.081582 0.005549 1.363360
v -0.081371 0.017416 1.362481
v -0.081376 0.017833 1.362450
v -0.081738 0.017416 1.362479
v -0.081743 0.017833 1.362448
v -0.081380 0.018154 1.362426
v -0.081392 0.019013 1.362362
v -0.081747 0.018154 1.362424
v -0.081759 0.019013 1.362361
v -0.081418 0.021041 1.362211
v -0.081444 0.023051 1.362062
v -0.081785 0.021041 1.362210
v -0.081811 0.023051 1.362061
v -0.081455 0.023855 1.362002
v -0.081458 0.024070 1.361986
v -0.081822 0.023855 1.362001
v -0.081825 0.024070 1.361985
v -0.081899 0.031761 1.361563
v -0.081532 0.031761 1.361563
v -0.081461 0.024311 1.361968
v -0.081828 0.024311 1.361968
v -0.081740 0.053601 1.360384
v -0.082478 0.093311 1.356202
v -0.082107 0.053601 1.360386
v -0.082843 0.093311 1.356213
v -0.084138 0.154367 1.346789
v -0.085734 0.208294 1.337733
v -0.084499 0.154367 1.346818
v -0.086093 0.208294 1.337780
v -0.086282 0.226617 1.334627
v -0.086301 0.227007 1.334518
v -0.086639 0.226617 1.334679
v -0.086562 0.226906 1.334582
v -0.086699 0.227007 1.334343
v -0.086349 0.227138 1.334249
v -0.086312 0.227138 1.334455
v -0.086662 0.227007 1.334551
v -0.086891 0.227007 1.333255
v -0.086539 0.227138 1.333168
v -0.086444 0.227138 1.333708
v -0.086795 0.227007 1.333798
v -0.087005 0.227007 1.332606
v -0.086653 0.227138 1.332523
v -0.086575 0.227138 1.332967
v -0.086926 0.227007 1.333053
v -0.087456 0.227007 1.330047
v -0.087101 0.227138 1.329981
v -0.086877 0.227138 1.331255
v -0.087230 0.227007 1.331330
v -0.087183 0.227138 1.329517
v -0.087191 0.227007 1.329472
v -0.087539 0.227007 1.329580
v -0.087194 0.208294 1.329457
v -0.087194 0.226617 1.329458
v -0.087194 0.093311 1.329457
v -0.087194 0.154367 1.329458
v -0.087194 0.031761 1.329457
v -0.087194 0.053601 1.329458
v -0.087194 0.024070 1.329457
v -0.087194 0.024311 1.329458
v -0.087194 0.023051 1.329457
v -0.087194 0.023855 1.329458
v -0.087194 0.019013 1.329457
v -0.087194 0.021041 1.329458
v -0.087194 0.017833 1.329457
v -0.087193 0.018154 1.329458
v -0.087194 0.014217 1.329457
v -0.087194 0.017416 1.329458
v -0.087194 -0.004365 1.329457
v -0.087194 0.005549 1.329458
v -0.087194 -0.015566 1.329457
v -0.087193 -0.011298 1.329458
v -0.087174 -0.018036 1.329568
v -0.087193 -0.017481 1.329458
vt 0.506321 0.179260
vt 0.506700 0.180680
vt 0.560251 0.153389
vt 0.559457 0.150416
vt 0.507079 0.182094
vt 0.561042 0.156353
vt 0.626097 0.127211
vt 0.624878 0.122638
vt 0.623655 0.118049
vt 0.505621 0.396240
vt 0.506513 0.396126
vt 0.504832 0.382348
vt 0.503935 0.382463
vt 0.507403 0.396013
vt 0.505725 0.382233
vt 0.505503 0.380438
vt 0.504606 0.380553
vt 0.503707 0.380669
vt 0.777103 0.728470
vt 0.678395 0.743392
vt 0.679197 0.746353
vt 0.778340 0.733039
vt 0.590998 0.755712
vt 0.591381 0.757126
vt 0.591765 0.758544
vt 0.680001 0.749323
vt 0.779580 0.737623
vt 0.113859 0.393810
vt 0.107629 0.394487
vt 0.108012 0.396117
vt 0.114210 0.395328
vt 0.101409 0.395161
vt 0.101826 0.396897
vt 0.105276 0.406677
vt 0.111552 0.405762
vt 0.117843 0.404833
vt 0.478688 0.380493
vt 0.409302 0.379833
vt 0.409402 0.381612
vt 0.478890 0.382279
vt 0.328412 0.378994
vt 0.328404 0.380771
vt 0.328234 0.394502
vt 0.410054 0.395357
vt 0.480325 0.396042
vt 0.537047 0.388980
vt 0.603511 0.371321
vt 0.600930 0.357831
vt 0.535173 0.375272
vt 0.681203 0.350665
vt 0.677915 0.337394
vt 0.677496 0.335676
vt 0.600608 0.356083
vt 0.534947 0.373493
vt 0.708917 0.086668
vt 0.710382 0.092178
vt 0.721947 0.088518
vt 0.720465 0.082939
vt 0.711842 0.097670
vt 0.723424 0.094080
vt 0.724282 0.095694
vt 0.722341 0.088387
vt 0.720399 0.081079
vt 0.221706 0.393054
vt 0.222095 0.393062
vt 0.222790 0.379296
vt 0.222403 0.379286
vt 0.234172 0.393241
vt 0.234828 0.379481
vt 0.234895 0.377691
vt 0.222862 0.377503
vt 0.222475 0.377494
vt 0.887626 0.705872
vt 0.887242 0.705954
vt 0.888744 0.711508
vt 0.889129 0.711430
vt 0.875413 0.708637
vt 0.876896 0.714122
vt 0.878384 0.719625
vt 0.890250 0.717081
vt 0.890637 0.717006
vt 0.771993 0.326447
vt 0.783728 0.323313
vt 0.780211 0.310117
vt 0.768475 0.313251
vt 0.784107 0.323211
vt 0.780590 0.310016
vt 0.780138 0.308309
vt 0.779759 0.308410
vt 0.768023 0.311544
vt 0.957020 0.881048
vt 0.957961 0.888526
vt 0.961211 0.888318
vt 0.961208 0.880823
vt 0.957963 0.894278
vt 0.961214 0.894043
vt 0.964435 0.893810
vt 0.964433 0.888111
vt 0.965395 0.880599
vt 0.220843 0.377451
vt 0.217622 0.377368
vt 0.217546 0.379169
vt 0.220769 0.379247
vt 0.214373 0.377284
vt 0.214294 0.379090
vt 0.213545 0.392884
vt 0.216818 0.392952
vt 0.220062 0.393020
vt 0.889250 0.705529
vt 0.890757 0.711099
vt 0.893970 0.710446
vt 0.892456 0.704850
vt 0.892268 0.716688
vt 0.895489 0.716060
vt 0.898739 0.715427
vt 0.897213 0.709787
vt 0.895691 0.704165
vt 0.785710 0.322783
vt 0.788873 0.321939
vt 0.785357 0.308744
vt 0.782193 0.309588
vt 0.792065 0.321086
vt 0.788550 0.307892
vt 0.788099 0.306185
vt 0.784906 0.307037
vt 0.781741 0.307881
vt 0.772698 0.078061
vt 0.771119 0.072094
vt 0.750975 0.078821
vt 0.752511 0.084621
vt 0.769534 0.066108
vt 0.749433 0.073001
vt 0.736050 0.077592
vt 0.737563 0.083301
vt 0.739071 0.088991
vt 0.171827 0.397012
vt 0.191896 0.394608
vt 0.192776 0.381940
vt 0.172189 0.385447
vt 0.205827 0.393266
vt 0.206625 0.379745
vt 0.206713 0.377933
vt 0.192878 0.380127
vt 0.172240 0.383662
vt 0.903341 0.702545
vt 0.904880 0.708227
vt 0.918737 0.705405
vt 0.917168 0.699613
vt 0.906423 0.713928
vt 0.920311 0.711216
vt 0.936179 0.708065
vt 0.934569 0.702121
vt 0.932964 0.696197
vt 0.799765 0.319648
vt 0.813864 0.317735
vt 0.810664 0.305709
vt 0.796329 0.306746
vt 0.834467 0.315612
vt 0.832205 0.304560
vt 0.831818 0.302837
vt 0.810213 0.304002
vt 0.795878 0.305039
vt 0.067213 0.411708
vt 0.082457 0.409689
vt 0.079114 0.399723
vt 0.063919 0.401635
vt 0.097623 0.407711
vt 0.094227 0.397845
vt 0.093792 0.396025
vt 0.078654 0.397777
vt 0.063432 0.399555
vt 0.901498 0.695743
vt 0.915289 0.692680
vt 0.911598 0.679066
vt 0.897878 0.682388
vt 0.931045 0.689118
vt 0.927280 0.675236
vt 0.923496 0.661281
vt 0.907888 0.665380
vt 0.894239 0.668962
vt 0.880329 0.672608
vt 0.883896 0.685769
vt 0.887078 0.685000
vt 0.883494 0.671779
vt 0.887445 0.698861
vt 0.890642 0.698152
vt 0.893869 0.697437
vt 0.890288 0.684224
vt 0.886688 0.670943
vt 0.866628 0.676220
vt 0.870140 0.689179
vt 0.881903 0.686251
vt 0.878347 0.673128
vt 0.873635 0.702071
vt 0.885441 0.699306
vt 0.885825 0.699221
vt 0.882285 0.686159
vt 0.878726 0.673028
vt 0.769779 0.701463
vt 0.673651 0.725891
vt 0.675548 0.732888
vt 0.772707 0.712260
vt 0.588730 0.747356
vt 0.589637 0.750697
vt 0.590539 0.754020
vt 0.677435 0.739848
vt 0.775620 0.723001
vt 0.508467 0.395879
vt 0.510557 0.395616
vt 0.508895 0.381835
vt 0.506795 0.382098
vt 0.512659 0.395353
vt 0.511006 0.381571
vt 0.510801 0.379775
vt 0.508683 0.380040
vt 0.506576 0.380303
vt 0.627554 0.132688
vt 0.561987 0.159901
vt 0.563841 0.166870
vt 0.630410 0.143443
vt 0.507531 0.183788
vt 0.508419 0.187114
vt 0.509312 0.190458
vt 0.565704 0.173875
vt 0.633281 0.154255
vt 0.725564 0.100620
vt 0.725189 0.100738
vt 0.728652 0.113813
vt 0.729028 0.113703
vt 0.713585 0.104244
vt 0.717006 0.117157
vt 0.720444 0.130137
vt 0.732132 0.126958
vt 0.732511 0.126854
vt 0.733421 0.098147
vt 0.730269 0.099139
vt 0.733757 0.112312
vt 0.736924 0.111381
vt 0.727146 0.100122
vt 0.730618 0.113235
vt 0.734109 0.126417
vt 0.737263 0.125555
vt 0.740446 0.124684
vt 0.774588 0.085203
vt 0.754349 0.091565
vt 0.757956 0.105202
vt 0.778297 0.099230
vt 0.740875 0.095803
vt 0.744415 0.109180
vt 0.747974 0.122628
vt 0.761582 0.118910
vt 0.782025 0.113331
vt 0.327028 0.198533
vt 0.399123 0.199388
vt 0.399032 0.197977
vt 0.327019 0.197123
vt 0.459657 0.200054
vt 0.459485 0.198641
vt 0.479251 0.198241
vt 0.398991 0.197360
vt 0.318730 0.196479
vt 0.481153 0.198245
vt 0.481515 0.198827
vt 0.482410 0.198708
vt 0.482328 0.198089
vt 0.481704 0.200240
vt 0.482595 0.200122
vt 0.483483 0.200005
vt 0.483302 0.198590
vt 0.483503 0.197933
vt 0.973502 0.880562
vt 0.972724 0.888005
vt 0.974112 0.888004
vt 0.974109 0.880561
vt 0.972727 0.893691
vt 0.974115 0.893690
vt 0.974722 0.895447
vt 0.974719 0.888004
vt 0.974715 0.880561
vt 0.223640 0.196156
vt 0.224043 0.196956
vt 0.224065 0.195546
vt 0.223650 0.195539
vt 0.236135 0.197153
vt 0.236157 0.195744
vt 0.224491 0.194936
vt 0.224075 0.194930
vt 0.223660 0.194923
vt 0.097027 0.195934
vt 0.103769 0.195841
vt 0.103752 0.194431
vt 0.097004 0.194524
vt 0.110534 0.195749
vt 0.110523 0.194340
vt 0.112606 0.193695
vt 0.103744 0.193815
vt 0.094882 0.193935
vt 0.174781 0.194153
vt 0.172100 0.194781
vt 0.193420 0.195058
vt 0.193428 0.194442
vt 0.172086 0.196191
vt 0.193402 0.196468
vt 0.207574 0.196688
vt 0.207594 0.195277
vt 0.212076 0.194730
vt 0.947474 0.896195
vt 0.948079 0.894413
vt 0.948077 0.888647
vt 0.947470 0.888647
vt 0.949467 0.894412
vt 0.949464 0.888646
vt 0.949462 0.882875
vt 0.948074 0.882876
vt 0.947467 0.881099
vt 0.488732 0.199364
vt 0.488570 0.197946
vt 0.486464 0.198202
vt 0.486633 0.199618
vt 0.489171 0.197243
vt 0.486391 0.197582
vt 0.483611 0.197920
vt 0.484369 0.198457
vt 0.484545 0.199872
vt 0.509687 0.191947
vt 0.509753 0.192449
vt 0.566580 0.177360
vt 0.566476 0.176823
vt 0.509930 0.193861
vt 0.566835 0.178751
vt 0.634940 0.160664
vt 0.634606 0.159294
vt 0.634463 0.158719
vt 0.721855 0.135465
vt 0.722013 0.136062
vt 0.733719 0.132951
vt 0.733560 0.132351
vt 0.722373 0.137425
vt 0.734079 0.134313
vt 0.734458 0.134213
vt 0.734097 0.132850
vt 0.733939 0.132251
vt 0.947466 0.880220
vt 0.948072 0.879281
vt 0.948071 0.876026
vt 0.947464 0.876026
vt 0.949460 0.879280
vt 0.949459 0.876025
vt 0.949457 0.872799
vt 0.948069 0.872800
vt 0.947462 0.871832
vt 0.735540 0.131826
vt 0.735699 0.132426
vt 0.738860 0.131588
vt 0.738701 0.130988
vt 0.736059 0.133789
vt 0.739220 0.132951
vt 0.742409 0.132105
vt 0.742049 0.130743
vt 0.741890 0.130142
vt 0.052399 0.194940
vt 0.057439 0.195437
vt 0.073244 0.195063
vt 0.073230 0.194447
vt 0.057469 0.196847
vt 0.073273 0.196473
vt 0.088996 0.196101
vt 0.088969 0.194691
vt 0.094061 0.193954
vt 0.749433 0.128142
vt 0.749592 0.128745
vt 0.763228 0.125135
vt 0.763068 0.124529
vt 0.749952 0.130108
vt 0.763588 0.126498
vt 0.784072 0.121080
vt 0.783713 0.119717
vt 0.783551 0.119107
vt 0.809289 0.112960
vt 0.809126 0.112343
vt 0.809649 0.114323
vt 0.831032 0.108676
vt 0.830672 0.107312
vt 0.830508 0.106691
vt 0.807548 0.106372
vt 0.803691 0.091781
vt 0.828887 0.100556
vt 0.824922 0.085555
vt 0.820977 0.070632
vt 0.799854 0.077266
vt 0.818968 0.063033
vt 0.817288 0.056686
vt 0.796266 0.063701
vt 0.797900 0.069875
vt 0.815603 0.050319
vt 0.794626 0.057508
vt 0.116098 0.193671
vt 0.123118 0.194349
vt 0.145434 0.194528
vt 0.145439 0.193912
vt 0.123114 0.195758
vt 0.145424 0.195938
vt 0.146727 0.388400
vt 0.146864 0.390106
vt 0.125496 0.392374
vt 0.125819 0.393980
vt 0.129011 0.403738
vt 0.148272 0.400632
vt 0.954042 0.704257
vt 0.952382 0.698133
vt 0.945606 0.699693
vt 0.947246 0.705744
vt 0.950728 0.692030
vt 0.943972 0.693663
vt 0.942028 0.686490
vt 0.938230 0.672487
vt 0.948770 0.684805
vt 0.944960 0.670759
vt 0.941130 0.656634
vt 0.934412 0.658407
vt 0.859162 0.314214
vt 0.859091 0.303750
vt 0.879509 0.313362
vt 0.881550 0.303194
vt 0.881550 0.301368
vt 0.858897 0.301976
vt 0.489425 0.205385
vt 0.489077 0.202374
vt 0.486994 0.202627
vt 0.487356 0.205637
vt 0.484922 0.202879
vt 0.485298 0.205888
vt 0.510312 0.196861
vt 0.567381 0.181708
vt 0.510699 0.199861
vt 0.567930 0.184665
vt 0.636364 0.166491
vt 0.635652 0.163576
vt 0.723139 0.140323
vt 0.734844 0.137211
vt 0.723905 0.143222
vt 0.735611 0.140110
vt 0.735990 0.140010
vt 0.735223 0.137110
vt 0.743941 0.137902
vt 0.743175 0.135002
vt 0.739985 0.135848
vt 0.740751 0.138747
vt 0.736825 0.136686
vt 0.737591 0.139585
vt 0.785602 0.126877
vt 0.784837 0.123977
vt 0.764353 0.129395
vt 0.765119 0.132294
vt 0.750718 0.133005
vt 0.751483 0.135904
vt 0.832561 0.114476
vt 0.831796 0.111575
vt 0.810413 0.117221
vt 0.811178 0.120121
vt 0.057528 0.199844
vt 0.073330 0.199470
vt 0.057587 0.202844
vt 0.073387 0.202470
vt 0.089106 0.202097
vt 0.089051 0.199098
vt 0.097121 0.201931
vt 0.103834 0.201838
vt 0.103802 0.198838
vt 0.097074 0.198931
vt 0.110569 0.201745
vt 0.110552 0.198746
vt 0.123107 0.198753
vt 0.145406 0.198933
vt 0.123101 0.201750
vt 0.145388 0.201931
vt 0.172027 0.202186
vt 0.172056 0.199187
vt 0.207487 0.202686
vt 0.207530 0.199685
vt 0.193364 0.199465
vt 0.193326 0.202465
vt 0.952417 0.894411
vt 0.952415 0.888645
vt 0.955325 0.894401
vt 0.955323 0.888636
vt 0.956142 0.881095
vt 0.952412 0.882874
vt 0.956138 0.871828
vt 0.952407 0.872798
vt 0.952409 0.876024
vt 0.956140 0.876022
vt 0.952410 0.879279
vt 0.956142 0.880216
vt 0.966040 0.880565
vt 0.966895 0.888013
vt 0.969774 0.888006
vt 0.969771 0.880563
vt 0.966898 0.893699
vt 0.969777 0.893692
vt 0.223523 0.203735
vt 0.223951 0.202951
vt 0.223997 0.199952
vt 0.223582 0.199946
vt 0.236045 0.203149
vt 0.236090 0.200150
vt 0.327063 0.204531
vt 0.399501 0.205392
vt 0.399313 0.202389
vt 0.327046 0.201531
vt 0.460372 0.206061
vt 0.460017 0.203056
vt 0.482104 0.203241
vt 0.482987 0.203126
vt 0.482501 0.206244
vt 0.483378 0.206131
vt 0.484251 0.206018
vt 0.483867 0.203011
vt 0.865168 0.670837
vt 0.865348 0.671499
vt 0.877051 0.668348
vt 0.876870 0.667680
vt 0.877430 0.668246
vt 0.877248 0.667577
vt 0.588310 0.745811
vt 0.588399 0.746139
vt 0.672960 0.723342
vt 0.672836 0.722887
vt 0.768713 0.697530
vt 0.768553 0.696943
vt 0.511856 0.379615
vt 0.511573 0.379679
vt 0.511775 0.381475
vt 0.512056 0.381409
vt 0.513425 0.395257
vt 0.513703 0.395191
vt 0.489775 0.199209
vt 0.489496 0.199272
vt 0.489836 0.202283
vt 0.490112 0.202221
vt 0.490178 0.205294
vt 0.490452 0.205232
vt 0.489372 0.197223
vt 0.489271 0.197233
vt 0.489338 0.197854
vt 0.489619 0.197791
vt 0.634327 0.158194
vt 0.566383 0.176427
vt 0.509637 0.191676
vt 0.733779 0.131645
vt 0.733400 0.131745
vt 0.721696 0.134865
vt 0.741729 0.129530
vt 0.738540 0.130378
vt 0.735380 0.131219
vt 0.783383 0.118467
vt 0.762903 0.123904
vt 0.749270 0.127526
vt 0.830331 0.106021
vt 0.808953 0.111687
vt 0.050972 0.196202
vt 0.051715 0.196981
vt 0.051686 0.195571
vt 0.050959 0.195586
vt 0.051673 0.194955
vt 0.050946 0.194971
vt 0.051123 0.203786
vt 0.051835 0.202980
vt 0.051775 0.199979
vt 0.051048 0.199994
vt 0.058243 0.404906
vt 0.061669 0.412525
vt 0.058385 0.402397
vt 0.057681 0.402584
vt 0.057881 0.400242
vt 0.057119 0.400261
vt 0.921926 0.655492
vt 0.922117 0.656194
vt 0.933017 0.653263
vt 0.932822 0.652545
vt 0.939727 0.651463
vt 0.939528 0.650730
vt 0.892729 0.663393
vt 0.892913 0.664072
vt 0.906536 0.660395
vt 0.906350 0.659707
vt 0.878849 0.667145
vt 0.879030 0.667815
vt 0.882189 0.666964
vt 0.882007 0.666292
vt 0.885377 0.666105
vt 0.885194 0.665431
vt 0.890826 0.719209
vt 0.891212 0.719135
vt 0.878952 0.721727
vt 0.890527 0.719693
vt 0.890935 0.719616
vt 0.891344 0.719538
vt 0.892846 0.718822
vt 0.896069 0.718204
vt 0.891988 0.719414
vt 0.896180 0.718614
vt 0.900371 0.717813
vt 0.899322 0.717581
vt 0.907013 0.716105
vt 0.920912 0.713436
vt 0.902739 0.717360
vt 0.921027 0.713859
vt 0.939314 0.710358
vt 0.936795 0.710336
vt 0.956679 0.706666
vt 0.954679 0.706607
vt 0.947874 0.708061
vt 0.947996 0.708512
vt 0.116797 0.393540
vt 0.116215 0.393549
vt 0.116557 0.395010
vt 0.117147 0.395000
vt 0.120233 0.404449
vt 0.120850 0.404431
vt 0.113131 0.198712
vt 0.113119 0.195715
vt 0.113142 0.201711
vt 0.113817 0.201705
vt 0.113809 0.198706
vt 0.113801 0.195709
vt 0.113112 0.194305
vt 0.113106 0.193688
vt 0.113796 0.194299
vt 0.113607 0.193682
vt 0.766320 0.064249
vt 0.768929 0.063822
vt 0.794000 0.055142
vt 0.793881 0.054691
vt 0.814960 0.047887
vt 0.821442 0.045133
vt 0.731144 0.076460
vt 0.735472 0.075412
vt 0.748845 0.070778
vt 0.748732 0.070354
vt 0.948687 0.897034
vt 0.949468 0.896614
vt 0.948080 0.896615
vt 0.948081 0.897035
vt 0.947474 0.896615
vt 0.947474 0.897035
vt 0.956150 0.897031
vt 0.955326 0.896603
vt 0.952418 0.896613
vt 0.952418 0.897033
vt 0.965403 0.896328
vt 0.964436 0.895986
vt 0.961215 0.896229
vt 0.961215 0.896646
vt 0.957965 0.896474
vt 0.957028 0.896964
vt 0.969778 0.895863
vt 0.972728 0.895862
vt 0.966899 0.895871
vt 0.966047 0.896280
vt 0.969778 0.896278
vt 0.973509 0.896276
vt 0.974116 0.895861
vt 0.974722 0.895861
vt 0.974116 0.896276
vt 0.974723 0.896276
vt 0.719398 0.080539
vt 0.708358 0.084564
vt 0.719899 0.080808
vt 0.719790 0.080402
vt 0.720291 0.080672
vt 0.720183 0.080265
vt 0.488753 0.188321
vt 0.506176 0.178718
vt 0.559154 0.149281
vt 0.559096 0.149064
vt 0.623187 0.116297
vt 0.629439 0.109807
vt 0.481096 0.200289
vt 0.481364 0.200285
vt 0.481173 0.198872
vt 0.480903 0.198876
vt 0.481087 0.198254
vt 0.481022 0.198263
vt 0.481902 0.206292
vt 0.482166 0.206287
vt 0.481767 0.203286
vt 0.481501 0.203290
vt 0.505012 0.396287
vt 0.505280 0.396283
vt 0.503592 0.382507
vt 0.503322 0.382511
vt 0.503363 0.380713
vt 0.503092 0.380718
vt 0.680309 0.750458
vt 0.780054 0.739374
vt 0.591911 0.759086
vt 0.562755 0.762024
vt 0.680367 0.750674
vt 0.797979 0.739324
vt 0.879064 0.672940
vt 0.877767 0.668155
vt 0.877585 0.667486
vt 0.886166 0.699145
vt 0.882624 0.686077
vt 0.890980 0.716939
vt 0.889472 0.711361
vt 0.887968 0.705800
vt 0.891666 0.719476
vt 0.891556 0.719069
vt 0.222131 0.377485
vt 0.222059 0.379278
vt 0.221360 0.393047
vt 0.965724 0.893717
vt 0.965725 0.895889
vt 0.965725 0.896304
vt 0.965721 0.888029
vt 0.965718 0.880582
vt 0.948675 0.871187
vt 0.949456 0.871509
vt 0.952407 0.871508
vt 0.952406 0.871185
vt 0.956138 0.871506
vt 0.956138 0.871183
vt 0.948069 0.871510
vt 0.947462 0.871510
vt 0.948069 0.871187
vt 0.947462 0.871187
vt 0.732847 0.126762
vt 0.729363 0.113604
vt 0.725897 0.100515
vt 0.734116 0.131555
vt 0.734276 0.132161
vt 0.734795 0.134124
vt 0.734435 0.132761
vt 0.735560 0.137021
vt 0.736327 0.139920
vt 0.784444 0.323121
vt 0.780927 0.309926
vt 0.780475 0.308219
vt 0.891647 0.683896
vt 0.888040 0.670588
vt 0.895235 0.697134
vt 0.895746 0.697021
vt 0.892156 0.683773
vt 0.888546 0.670456
vt 0.886726 0.665741
vt 0.886543 0.665066
vt 0.887231 0.665605
vt 0.887048 0.664930
vt 0.793417 0.320726
vt 0.789902 0.307531
vt 0.793923 0.320591
vt 0.790408 0.307396
vt 0.789957 0.305689
vt 0.789451 0.305824
vt 0.745796 0.137410
vt 0.745030 0.134511
vt 0.744525 0.134645
vt 0.745291 0.137544
vt 0.744265 0.131614
vt 0.743759 0.131748
vt 0.743399 0.130385
vt 0.743240 0.129783
vt 0.743905 0.130251
vt 0.743746 0.129649
vt 0.743584 0.129037
vt 0.743079 0.129171
vt 0.742298 0.124178
vt 0.741794 0.124316
vt 0.735255 0.097570
vt 0.734755 0.097728
vt 0.738265 0.110987
vt 0.738767 0.110839
vt 0.948073 0.880659
vt 0.947466 0.880659
vt 0.949461 0.880658
vt 0.952411 0.880657
vt 0.956142 0.880655
vt 0.956585 0.888615
vt 0.956581 0.881071
vt 0.956587 0.894377
vt 0.956588 0.896578
vt 0.956589 0.896998
vt 0.212998 0.377248
vt 0.212917 0.379057
vt 0.212485 0.377234
vt 0.212403 0.379043
vt 0.211642 0.392844
vt 0.212160 0.392855
vt 0.900699 0.717317
vt 0.900115 0.715159
vt 0.900810 0.717729
vt 0.901250 0.717645
vt 0.901215 0.717218
vt 0.900630 0.715058
vt 0.898586 0.709508
vt 0.897061 0.703876
vt 0.899100 0.709404
vt 0.897574 0.703767
vt 0.558764 0.754018
vt 0.558804 0.754110
vt 0.559648 0.753887
vt 0.559571 0.753603
vt 0.558843 0.754201
vt 0.559862 0.754646
vt 0.560329 0.759557
vt 0.561003 0.758806
vt 0.560435 0.756732
vt 0.559586 0.756879
vt 0.561530 0.760746
vt 0.561771 0.761632
vt 0.561291 0.759863
vt 0.560357 0.759660
vt 0.560664 0.760790
vt 0.560970 0.761921
vt 0.561862 0.761971
vt 0.561880 0.762035
vt 0.560987 0.761984
vt 0.561004 0.762046
vt 0.502409 0.380717
vt 0.502642 0.382507
vt 0.504336 0.396279
vt 0.480832 0.203285
vt 0.480421 0.200283
vt 0.481238 0.206289
vt 0.480225 0.198870
vt 0.480137 0.198252
vt 0.487261 0.189307
vt 0.488098 0.189155
vt 0.488008 0.188816
vt 0.487245 0.189244
vt 0.487990 0.188751
vt 0.487228 0.189181
vt 0.487868 0.191569
vt 0.488573 0.190925
vt 0.488336 0.190041
vt 0.487565 0.190438
vt 0.489327 0.197033
vt 0.489970 0.196146
vt 0.489412 0.194059
vt 0.488611 0.194353
vt 0.488856 0.191982
vt 0.487896 0.191672
vt 0.490173 0.196907
vt 0.490207 0.197135
vt 0.489349 0.197128
vt 0.490415 0.199043
vt 0.490261 0.197625
vt 0.491083 0.205069
vt 0.490747 0.202056
vt 0.514344 0.395017
vt 0.512702 0.381237
vt 0.512505 0.379444
vt 0.839899 0.105514
vt 0.838936 0.106589
vt 0.839700 0.109488
vt 0.840865 0.109181
vt 0.840465 0.112389
vt 0.841832 0.112847
vt 0.838576 0.105225
vt 0.838412 0.104602
vt 0.839741 0.104917
vt 0.839584 0.104321
vt 0.839398 0.103617
vt 0.838234 0.103926
vt 0.839212 0.102913
vt 0.836775 0.098406
vt 0.828640 0.062914
vt 0.828785 0.068179
vt 0.832769 0.083253
vt 0.833926 0.082913
vt 0.823973 0.045279
vt 0.823357 0.047661
vt 0.825059 0.054093
vt 0.826204 0.053710
vt 0.826756 0.060504
vt 0.828435 0.062142
vt 0.822707 0.045205
vt 0.822583 0.044736
vt 0.823849 0.044809
vt 0.823724 0.044340
vt 0.114852 0.195703
vt 0.114852 0.194293
vt 0.114852 0.193676
vt 0.114857 0.201697
vt 0.114854 0.198699
vt 0.117705 0.393618
vt 0.118074 0.395134
vt 0.121823 0.404599
vt 0.958798 0.705273
vt 0.957098 0.703607
vt 0.957738 0.705970
vt 0.958925 0.705742
vt 0.957865 0.706438
vt 0.959052 0.706211
vt 0.954428 0.689148
vt 0.953767 0.691318
vt 0.955430 0.697452
vt 0.956613 0.697211
vt 0.944094 0.651041
vt 0.944146 0.655839
vt 0.947985 0.669994
vt 0.949156 0.669710
vt 0.951802 0.684069
vt 0.954219 0.688378
vt 0.942740 0.650653
vt 0.942539 0.649915
vt 0.943903 0.650339
vt 0.943712 0.649636
vt 0.887068 0.312875
vt 0.889813 0.302804
vt 0.890765 0.304474
vt 0.890978 0.302498
vt 0.891192 0.300523
vt 0.889877 0.300961
vt 0.490344 0.206710
vt 0.490618 0.206649
vt 0.489592 0.206802
vt 0.492245 0.228420
vt 0.492999 0.228326
vt 0.493274 0.228265
vt 0.485476 0.207308
vt 0.487529 0.207056
vt 0.488115 0.228932
vt 0.490174 0.228677
vt 0.485312 0.229281
vt 0.486190 0.229172
vt 0.483559 0.207548
vt 0.482683 0.207658
vt 0.487066 0.229063
vt 0.484431 0.207438
vt 0.484711 0.229328
vt 0.484976 0.229322
vt 0.482349 0.207701
vt 0.482086 0.207706
vt 0.460532 0.207480
vt 0.481423 0.207706
vt 0.462801 0.229108
vt 0.484045 0.229330
vt 0.327070 0.205948
vt 0.399584 0.206810
vt 0.327241 0.227582
vt 0.400800 0.228441
vt 0.223537 0.204361
vt 0.223929 0.204367
vt 0.223414 0.226002
vt 0.223806 0.226009
vt 0.235891 0.226206
vt 0.236024 0.204565
vt 0.222870 0.203724
vt 0.221878 0.204334
vt 0.223188 0.204355
vt 0.223197 0.203730
vt 0.221758 0.225972
vt 0.223065 0.225996
vt 0.214353 0.203585
vt 0.215296 0.204226
vt 0.218602 0.204280
vt 0.218612 0.203655
vt 0.215191 0.225855
vt 0.218490 0.225914
vt 0.213459 0.203570
vt 0.213371 0.204195
vt 0.213896 0.204204
vt 0.213906 0.203578
vt 0.213272 0.225821
vt 0.213795 0.225830
vt 0.172013 0.203603
vt 0.193308 0.203882
vt 0.172058 0.226112
vt 0.193271 0.225908
vt 0.207385 0.225827
vt 0.207467 0.204103
vt 0.123099 0.203166
vt 0.145380 0.203347
vt 0.123392 0.226862
vt 0.145555 0.226500
vt 0.113820 0.203122
vt 0.114858 0.203113
vt 0.114166 0.227004
vt 0.115197 0.226992
vt 0.110578 0.203162
vt 0.113148 0.203128
vt 0.110947 0.227064
vt 0.113498 0.227012
vt 0.097142 0.203348
vt 0.103849 0.203255
vt 0.097606 0.227351
vt 0.104265 0.227207
vt 0.057614 0.204262
vt 0.073413 0.203887
vt 0.058253 0.228626
vt 0.073985 0.228105
vt 0.089636 0.227587
vt 0.089131 0.203514
vt 0.051146 0.205046
vt 0.052524 0.228812
vt 0.051862 0.204399
vt 0.051134 0.204416
vt 0.839021 0.139037
vt 0.846981 0.137160
vt 0.840827 0.113760
vt 0.832922 0.115846
vt 0.842152 0.114059
vt 0.841992 0.113453
vt 0.791699 0.150075
vt 0.817471 0.144054
vt 0.811539 0.121491
vt 0.785964 0.128247
vt 0.751845 0.137274
vt 0.765480 0.133664
vt 0.757351 0.158249
vt 0.771073 0.154961
vt 0.749778 0.160141
vt 0.751129 0.159782
vt 0.745653 0.138914
vt 0.744302 0.139271
vt 0.751634 0.159648
vt 0.746158 0.138779
vt 0.743427 0.161826
vt 0.746589 0.160987
vt 0.741113 0.140117
vt 0.737953 0.140955
vt 0.741826 0.162251
vt 0.742163 0.162161
vt 0.736688 0.141290
vt 0.736351 0.141379
vt 0.724267 0.144592
vt 0.735973 0.141480
vt 0.729738 0.165466
vt 0.741447 0.162351
vt 0.513900 0.222804
vt 0.572249 0.207318
vt 0.568194 0.186062
vt 0.510889 0.201276
vt 0.641803 0.188848
vt 0.636702 0.167867
vt 0.493908 0.228106
vt 0.491248 0.206488
vt 0.270177 0.378234
vt 0.270122 0.380016
vt 0.269579 0.393759
vt 0.271476 0.205146
vt 0.271496 0.203729
vt 0.271320 0.226784
vt 0.271539 0.200730
vt 0.271581 0.197734
vt 0.271601 0.196324
vt 0.271610 0.195708
vt 0.675061 0.097586
vt 0.674522 0.095559
vt 0.674419 0.095173
vt 0.677882 0.108182
vt 0.676474 0.102893
vt 0.686177 0.139456
vt 0.682862 0.126953
vt 0.679563 0.114515
vt 0.687385 0.144010
vt 0.687539 0.144594
vt 0.688057 0.146549
vt 0.687696 0.145186
vt 0.689590 0.152346
vt 0.688823 0.149446
vt 0.695411 0.174598
vt 0.689952 0.153716
vt 0.737592 0.335636
vt 0.734070 0.322438
vt 0.733618 0.320731
vt 0.832272 0.685285
vt 0.831039 0.680738
vt 0.830863 0.680092
vt 0.839024 0.710189
vt 0.835657 0.697770
vt 0.842167 0.721797
vt 0.843601 0.727098
vt 0.840737 0.716514
vt 0.844149 0.729123
vt 0.844253 0.729509
vt 0.889202 0.670284
vt 0.887886 0.665428
vt 0.887703 0.664753
vt 0.896409 0.696874
vt 0.892815 0.683613
vt 0.901298 0.714928
vt 0.899766 0.709268
vt 0.898239 0.703626
vt 0.901995 0.717502
vt 0.901883 0.717090
vt 0.211819 0.377215
vt 0.211736 0.379026
vt 0.210970 0.392829
vt 0.212691 0.204185
vt 0.212713 0.202767
vt 0.212594 0.225809
vt 0.213572 0.195986
vt 0.212803 0.196769
vt 0.212758 0.199767
vt 0.213516 0.199778
vt 0.212824 0.195358
vt 0.212834 0.194742
vt 0.213582 0.195370
vt 0.213592 0.194754
vt 0.729931 0.077783
vt 0.731111 0.079287
vt 0.730538 0.077122
vt 0.729822 0.077371
vt 0.730428 0.076709
vt 0.729712 0.076958
vt 0.732614 0.084954
vt 0.734111 0.090604
vt 0.731896 0.085195
vt 0.733860 0.092606
vt 0.742952 0.123999
vt 0.739418 0.110648
vt 0.735902 0.097367
vt 0.744239 0.128862
vt 0.744401 0.129476
vt 0.744920 0.131440
vt 0.744560 0.130077
vt 0.745686 0.134337
vt 0.746452 0.137236
vt 0.752290 0.159474
vt 0.746813 0.138606
vt 0.794578 0.320416
vt 0.791063 0.307222
vt 0.790613 0.305514
vt 0.887406 0.703724
vt 0.887065 0.703797
vt 0.888688 0.703449
vt 0.891891 0.702761
vt 0.895123 0.702066
vt 0.896492 0.701772
vt 0.897004 0.701662
vt 0.902767 0.700423
vt 0.897668 0.701520
vt 0.932364 0.693983
vt 0.916582 0.697450
vt 0.950108 0.689741
vt 0.943360 0.691405
vt 0.953144 0.689017
vt 0.954323 0.688763
vt 0.099087 0.395413
vt 0.099514 0.397188
vt 0.102931 0.407017
vt 0.094639 0.203385
vt 0.094614 0.201968
vt 0.095120 0.227407
vt 0.094561 0.198968
vt 0.094508 0.195971
vt 0.094483 0.194561
vt 0.094471 0.193944
vt 0.819595 0.065403
vt 0.827389 0.062898
vt 0.828537 0.062528
vt 0.798510 0.072180
vt 0.773288 0.080289
vt 0.739634 0.091116
vt 0.753085 0.086787
vt 0.734670 0.092713
vt 0.734024 0.092921
vt 0.733011 0.092880
vt 0.732193 0.093511
vt 0.733525 0.093082
vt 0.733435 0.092743
vt 0.724905 0.095494
vt 0.725929 0.095527
vt 0.729047 0.094524
vt 0.728958 0.094187
vt 0.724682 0.095929
vt 0.724350 0.096036
vt 0.724594 0.095594
vt 0.712386 0.099720
vt 0.723976 0.096156
vt 0.678407 0.110157
vt 0.626553 0.128919
vt 0.507220 0.182623
vt 0.561337 0.157459
vt 0.488661 0.191255
vt 0.487882 0.191621
vt 0.483635 0.198546
vt 0.483814 0.199962
vt 0.483557 0.197927
vt 0.484196 0.202968
vt 0.484578 0.205976
vt 0.487393 0.229022
vt 0.484757 0.207396
vt 0.507735 0.395970
vt 0.506059 0.382190
vt 0.505838 0.380395
vt 0.590855 0.755184
vt 0.561202 0.759533
vt 0.560343 0.759609
vt 0.678096 0.742286
vt 0.776641 0.726764
vt 0.840204 0.714541
vt 0.874859 0.706588
vt 0.886681 0.703880
vt 0.508925 0.355710
vt 0.508644 0.355772
vt 0.511381 0.378066
vt 0.511663 0.378002
vt 0.507875 0.355869
vt 0.510609 0.378162
vt 0.508490 0.378428
vt 0.506382 0.378692
vt 0.505764 0.356134
vt 0.503665 0.356398
vt 0.505644 0.378784
vt 0.505309 0.378827
vt 0.502929 0.356490
vt 0.502596 0.356532
vt 0.504412 0.378941
vt 0.503512 0.379055
vt 0.501702 0.356644
vt 0.500806 0.356756
vt 0.503168 0.379099
vt 0.502897 0.379105
vt 0.500464 0.356799
vt 0.500194 0.356806
vt 0.499515 0.356810
vt 0.502214 0.379107
vt 0.476188 0.356594
vt 0.478522 0.378888
vt 0.407977 0.355940
vt 0.409222 0.378233
vt 0.328259 0.355101
vt 0.328421 0.377396
vt 0.270410 0.354329
vt 0.270226 0.376632
vt 0.235122 0.353772
vt 0.234955 0.376082
vt 0.222926 0.375892
vt 0.222539 0.375882
vt 0.223087 0.353579
vt 0.222701 0.353569
vt 0.222357 0.353560
vt 0.222196 0.375872
vt 0.221067 0.353525
vt 0.220908 0.375837
vt 0.217844 0.353439
vt 0.217691 0.375749
vt 0.214591 0.353351
vt 0.214444 0.375660
vt 0.213214 0.353314
vt 0.213070 0.375622
vt 0.212700 0.353299
vt 0.212557 0.375607
vt 0.212032 0.353279
vt 0.211892 0.375587
vt 0.206917 0.353896
vt 0.206789 0.376304
vt 0.192965 0.378499
vt 0.172313 0.382060
vt 0.193058 0.355789
vt 0.172328 0.358887
vt 0.146601 0.363117
vt 0.146727 0.386876
vt 0.125146 0.366717
vt 0.125413 0.390947
vt 0.117227 0.367925
vt 0.117574 0.392276
vt 0.116250 0.367937
vt 0.116640 0.392252
vt 0.115617 0.367954
vt 0.116038 0.392265
vt 0.113180 0.368123
vt 0.113650 0.392481
vt 0.106790 0.368591
vt 0.107360 0.393064
vt 0.100418 0.369062
vt 0.101084 0.393647
vt 0.098038 0.369239
vt 0.098741 0.393866
vt 0.092701 0.369732
vt 0.093435 0.394438
vt 0.078276 0.396079
vt 0.063031 0.397733
vt 0.077459 0.371149
vt 0.062131 0.372569
vt 0.057468 0.398341
vt 0.056746 0.398427
vt 0.056538 0.373068
vt 0.056372 0.396592
vt 0.889643 0.299382
vt 0.881294 0.299795
vt 0.890808 0.299075
vt 0.890424 0.297628
vt 0.883321 0.275350
vt 0.875027 0.275972
vt 0.858577 0.300420
vt 0.831434 0.301298
vt 0.852478 0.277225
vt 0.825531 0.278837
vt 0.809807 0.302468
vt 0.795473 0.303504
vt 0.804047 0.280538
vt 0.789801 0.281896
vt 0.790208 0.303980
vt 0.789552 0.304155
vt 0.784564 0.282478
vt 0.783908 0.282653
vt 0.789045 0.304290
vt 0.787693 0.304650
vt 0.783402 0.282788
vt 0.782050 0.283148
vt 0.784500 0.305502
vt 0.781335 0.306347
vt 0.778857 0.283999
vt 0.775693 0.284843
vt 0.780069 0.306684
vt 0.779732 0.306774
vt 0.774427 0.285180
vt 0.774090 0.285270
vt 0.779352 0.306876
vt 0.767617 0.310009
vt 0.773710 0.285371
vt 0.761979 0.288502
vt 0.733212 0.319197
vt 0.677117 0.334133
vt 0.727585 0.297682
vt 0.671860 0.312515
vt 0.600310 0.354514
vt 0.534729 0.371897
vt 0.596132 0.332610
vt 0.531627 0.349707
vt 0.512313 0.377836
vt 0.509572 0.355547
vt 0.081218 0.472226
vt 0.079233 0.464316
vt 0.070422 0.438340
vt 0.069730 0.438566
vt 0.084919 0.463521
vt 0.076033 0.437505
vt 0.100585 0.461539
vt 0.091483 0.435450
vt 0.116178 0.459592
vt 0.106858 0.433437
vt 0.112245 0.432727
vt 0.114703 0.432324
vt 0.121646 0.458902
vt 0.124215 0.458475
vt 0.121290 0.431231
vt 0.127896 0.430121
vt 0.131109 0.457313
vt 0.138024 0.456134
vt 0.130410 0.429665
vt 0.131065 0.429630
vt 0.140658 0.455657
vt 0.141344 0.455609
vt 0.132096 0.429786
vt 0.137703 0.429619
vt 0.142416 0.455718
vt 0.146425 0.456180
vt 0.152087 0.428615
vt 0.170820 0.427951
vt 0.155920 0.457193
vt 0.169823 0.459412
vt 0.187058 0.463493
vt 0.189473 0.428807
vt 0.201427 0.467253
vt 0.203622 0.430020
vt 0.208847 0.430432
vt 0.209531 0.430443
vt 0.206733 0.468511
vt 0.207428 0.468517
vt 0.210058 0.430450
vt 0.211468 0.430471
vt 0.207964 0.468521
vt 0.209395 0.468534
vt 0.214796 0.430520
vt 0.218094 0.430568
vt 0.212774 0.468564
vt 0.216123 0.468593
vt 0.219413 0.430587
vt 0.219765 0.430592
vt 0.217462 0.468605
vt 0.217819 0.468607
vt 0.218220 0.468610
vt 0.220161 0.430598
vt 0.230513 0.468760
vt 0.232346 0.430762
vt 0.268066 0.431242
vt 0.327741 0.431963
vt 0.266543 0.469203
vt 0.327245 0.469904
vt 0.411794 0.432851
vt 0.484193 0.433582
vt 0.413552 0.470824
vt 0.488101 0.471601
vt 0.508910 0.433836
vt 0.509583 0.433845
vt 0.513534 0.471871
vt 0.514205 0.471881
vt 0.514472 0.471879
vt 0.509850 0.433843
vt 0.514810 0.471837
vt 0.510190 0.433800
vt 0.515697 0.471727
vt 0.511078 0.433689
vt 0.516580 0.471618
vt 0.511963 0.433577
vt 0.516910 0.471577
vt 0.512294 0.433536
vt 0.517637 0.471487
vt 0.513023 0.433445
vt 0.519713 0.471231
vt 0.515104 0.433186
vt 0.521800 0.470973
vt 0.517196 0.432925
vt 0.517958 0.432830
vt 0.518235 0.432764
vt 0.522560 0.470879
vt 0.522837 0.470814
vt 0.523473 0.470642
vt 0.518873 0.432591
vt 0.547454 0.464214
vt 0.542210 0.426359
vt 0.617764 0.445380
vt 0.610587 0.408115
vt 0.699298 0.423544
vt 0.690190 0.386871
vt 0.756948 0.408112
vt 0.747206 0.371642
vt 0.791330 0.398912
vt 0.781598 0.362448
vt 0.803058 0.395774
vt 0.793329 0.359311
vt 0.803437 0.395673
vt 0.793708 0.359210
vt 0.803774 0.395583
vt 0.794046 0.359120
vt 0.805039 0.395244
vt 0.795311 0.358782
vt 0.808200 0.394397
vt 0.798473 0.357936
vt 0.811390 0.393543
vt 0.801664 0.357083
vt 0.812740 0.393181
vt 0.803015 0.356722
vt 0.813246 0.393046
vt 0.803520 0.356586
vt 0.813901 0.392870
vt 0.804176 0.356411
vt 0.818616 0.390351
vt 0.809127 0.354768
vt 0.831301 0.383183
vt 0.822519 0.350228
vt 0.846609 0.375123
vt 0.840474 0.345137
vt 0.859192 0.369926
vt 0.859113 0.341841
vt 0.867899 0.367024
vt 0.873640 0.339966
vt 0.871578 0.365853
vt 0.879259 0.339137
vt 0.870082 0.373190
vt 0.880423 0.338832
vt 0.091022 0.752339
vt 0.090721 0.718228
vt 0.087609 0.615081
vt 0.086882 0.615106
vt 0.096144 0.718010
vt 0.093166 0.614739
vt 0.089998 0.510916
vt 0.084309 0.511423
vt 0.082742 0.477872
vt 0.110957 0.717401
vt 0.108385 0.613761
vt 0.125687 0.716793
vt 0.123521 0.612783
vt 0.121158 0.508080
vt 0.105618 0.509496
vt 0.129167 0.507330
vt 0.126609 0.507582
vt 0.128834 0.612440
vt 0.131311 0.612279
vt 0.130863 0.716580
vt 0.133262 0.716482
vt 0.142919 0.505971
vt 0.136031 0.506651
vt 0.137940 0.611849
vt 0.144592 0.611419
vt 0.139666 0.716220
vt 0.146091 0.715959
vt 0.146227 0.505677
vt 0.145545 0.505714
vt 0.147135 0.611260
vt 0.147807 0.611233
vt 0.148554 0.715860
vt 0.149217 0.715842
vt 0.150571 0.506038
vt 0.147280 0.505656
vt 0.148843 0.611201
vt 0.152036 0.611380
vt 0.150240 0.715821
vt 0.153363 0.715838
vt 0.169789 0.509720
vt 0.157965 0.507214
vt 0.159177 0.611986
vt 0.170701 0.613345
vt 0.160324 0.715932
vt 0.171616 0.716199
vt 0.187730 0.716735
vt 0.187041 0.615786
vt 0.201812 0.717238
vt 0.201293 0.618022
vt 0.200789 0.518072
vt 0.186373 0.514092
vt 0.206799 0.519402
vt 0.206108 0.519400
vt 0.206551 0.618768
vt 0.207235 0.618768
vt 0.207009 0.717404
vt 0.207685 0.717402
vt 0.208758 0.519410
vt 0.207333 0.519404
vt 0.207763 0.618768
vt 0.209171 0.618768
vt 0.208207 0.717400
vt 0.209601 0.717396
vt 0.215458 0.519437
vt 0.212123 0.519423
vt 0.212499 0.618770
vt 0.215797 0.618772
vt 0.212895 0.717387
vt 0.216158 0.717379
vt 0.217148 0.519444
vt 0.216792 0.519442
vt 0.217116 0.618773
vt 0.217467 0.618773
vt 0.217464 0.717375
vt 0.217812 0.717375
vt 0.218203 0.717374
vt 0.217863 0.618774
vt 0.230286 0.717391
vt 0.230052 0.618845
vt 0.229842 0.519571
vt 0.217548 0.519446
vt 0.327469 0.520598
vt 0.265882 0.519942
vt 0.265784 0.619055
vt 0.328711 0.619610
vt 0.265708 0.717441
vt 0.329956 0.717896
vt 0.493583 0.522435
vt 0.416405 0.521577
vt 0.422484 0.620713
vt 0.504600 0.621749
vt 0.428515 0.719122
vt 0.515521 0.720335
vt 0.520568 0.522739
vt 0.519894 0.522730
vt 0.532556 0.622103
vt 0.533229 0.622111
vt 0.545110 0.720747
vt 0.545785 0.720754
vt 0.546054 0.720751
vt 0.533496 0.622108
vt 0.546394 0.720709
vt 0.533835 0.622066
vt 0.521176 0.522695
vt 0.520836 0.522736
vt 0.547283 0.720599
vt 0.534722 0.621956
vt 0.548170 0.720489
vt 0.535607 0.621847
vt 0.522952 0.522476
vt 0.522065 0.522585
vt 0.548501 0.720448
vt 0.535937 0.621806
vt 0.549229 0.720357
vt 0.536665 0.621715
vt 0.524013 0.522346
vt 0.523283 0.522435
vt 0.551308 0.720095
vt 0.538744 0.621457
vt 0.553398 0.719831
vt 0.540834 0.621197
vt 0.528192 0.521831
vt 0.526097 0.522089
vt 0.529233 0.521673
vt 0.528955 0.521737
vt 0.541596 0.621103
vt 0.541873 0.621038
vt 0.554161 0.719734
vt 0.554439 0.719669
vt 0.555078 0.719498
vt 0.542510 0.620868
vt 0.583241 0.711854
vt 0.569016 0.613705
vt 0.554709 0.514825
vt 0.529871 0.521502
vt 0.666093 0.689369
vt 0.646901 0.592663
vt 0.760144 0.663864
vt 0.735995 0.568609
vt 0.711673 0.472649
vt 0.627582 0.495240
vt 0.821905 0.647161
vt 0.796129 0.552408
vt 0.856218 0.637908
vt 0.830469 0.543176
vt 0.804531 0.447744
vt 0.770164 0.456955
vt 0.867922 0.634751
vt 0.842182 0.540027
vt 0.868301 0.634649
vt 0.842561 0.539925
vt 0.816633 0.444501
vt 0.816254 0.444603
vt 0.868638 0.634558
vt 0.842898 0.539834
vt 0.869901 0.634217
vt 0.844162 0.539494
vt 0.818235 0.444071
vt 0.816970 0.444411
vt 0.873060 0.633364
vt 0.847322 0.538643
vt 0.876247 0.632503
vt 0.850511 0.537785
vt 0.824586 0.442366
vt 0.821396 0.443223
vt 0.877597 0.632138
vt 0.851861 0.537421
vt 0.878102 0.632002
vt 0.852367 0.537285
vt 0.826442 0.441868
vt 0.825937 0.442004
vt 0.878757 0.631825
vt 0.853022 0.537108
vt 0.883734 0.630282
vt 0.857852 0.535021
vt 0.831782 0.439061
vt 0.827098 0.441692
vt 0.897207 0.626049
vt 0.870884 0.529154
vt 0.912620 0.621229
vt 0.885812 0.522533
vt 0.858837 0.423133
vt 0.844374 0.431559
vt 0.923419 0.617927
vt 0.896329 0.518187
vt 0.930080 0.615941
vt 0.902854 0.515701
vt 0.875589 0.414730
vt 0.869136 0.417729
vt 0.933075 0.615069
vt 0.905804 0.514662
vt 0.943251 0.647939
vt 0.906967 0.514347
vt 0.870682 0.380754
vt 0.878515 0.413521
vt 0.500807 0.291936
vt 0.501086 0.291875
vt 0.500046 0.292032
vt 0.497956 0.292293
vt 0.495877 0.292553
vt 0.495148 0.292644
vt 0.494818 0.292686
vt 0.493933 0.292795
vt 0.493046 0.292906
vt 0.492707 0.292948
vt 0.492440 0.292954
vt 0.491767 0.292958
vt 0.469484 0.292740
vt 0.404384 0.292080
vt 0.327751 0.291231
vt 0.270870 0.290445
vt 0.235513 0.289877
vt 0.223453 0.289682
vt 0.223064 0.289673
vt 0.222718 0.289666
vt 0.221419 0.289636
vt 0.218174 0.289563
vt 0.214898 0.289490
vt 0.213512 0.289458
vt 0.212993 0.289446
vt 0.212320 0.289430
vt 0.207159 0.289748
vt 0.193173 0.290735
vt 0.172203 0.292389
vt 0.146087 0.294707
vt 0.124273 0.296701
vt 0.116211 0.297380
vt 0.115201 0.297399
vt 0.114546 0.297412
vt 0.112047 0.297518
vt 0.105502 0.297812
vt 0.098978 0.298109
vt 0.096542 0.298222
vt 0.091130 0.298554
vt 0.075681 0.299509
vt 0.060149 0.300464
vt 0.054486 0.300797
vt 0.053759 0.300819
vt 0.865123 0.206150
vt 0.856996 0.207399
vt 0.866288 0.205843
vt 0.834946 0.210534
vt 0.808587 0.214351
vt 0.787532 0.217644
vt 0.773548 0.219967
vt 0.768399 0.220871
vt 0.767744 0.221045
vt 0.767238 0.221180
vt 0.765887 0.221539
vt 0.762695 0.222388
vt 0.759532 0.223229
vt 0.758267 0.223565
vt 0.757930 0.223655
vt 0.757551 0.223756
vt 0.745830 0.226879
vt 0.711470 0.236034
vt 0.656805 0.250576
vt 0.584170 0.269856
vt 0.522748 0.286145
vt 0.501726 0.291715
vt 0.088411 0.474251
vt 0.082689 0.474923
vt 0.081980 0.475049
vt 0.104157 0.472488
vt 0.119828 0.470744
vt 0.127919 0.469770
vt 0.125323 0.470129
vt 0.134888 0.468796
vt 0.141880 0.467813
vt 0.144544 0.467427
vt 0.145235 0.467381
vt 0.149708 0.467979
vt 0.146308 0.467418
vt 0.169487 0.472538
vt 0.157379 0.469505
vt 0.186201 0.477625
vt 0.200658 0.482210
vt 0.206691 0.483745
vt 0.205994 0.483741
vt 0.208662 0.483756
vt 0.207228 0.483747
vt 0.212049 0.483776
vt 0.215406 0.483797
vt 0.217106 0.483807
vt 0.216748 0.483805
vt 0.217508 0.483809
vt 0.229837 0.483953
vt 0.327067 0.485072
vt 0.265975 0.484381
vt 0.414258 0.486006
vt 0.489657 0.486802
vt 0.516047 0.487087
vt 0.515374 0.487078
vt 0.516653 0.487043
vt 0.516314 0.487085
vt 0.517541 0.486934
vt 0.518426 0.486825
vt 0.519485 0.486695
vt 0.518757 0.486785
vt 0.521565 0.486439
vt 0.523656 0.486182
vt 0.524695 0.486024
vt 0.524418 0.486089
vt 0.549571 0.479349
vt 0.525333 0.485853
vt 0.620650 0.460283
vt 0.702950 0.438215
vt 0.795230 0.413501
vt 0.760852 0.422703
vt 0.806956 0.410362
vt 0.807335 0.410260
vt 0.808937 0.409831
vt 0.807672 0.410170
vt 0.812098 0.408983
vt 0.815288 0.408128
vt 0.816639 0.407766
vt 0.817144 0.407631
vt 0.822436 0.404643
vt 0.817800 0.407455
vt 0.834883 0.396598
vt 0.849250 0.387559
vt 0.859645 0.381765
vt 0.866243 0.378558
vt 0.869218 0.377283
vt 0.870382 0.376972
vt 0.091079 0.754098
vt 0.091806 0.754075
vt 0.091778 0.753196
vt 0.091050 0.753219
vt 0.092534 0.754052
vt 0.097155 0.753019
vt 0.131190 0.752770
vt 0.126429 0.752049
vt 0.111833 0.752533
vt 0.111862 0.753411
vt 0.131558 0.751879
vt 0.133932 0.751802
vt 0.131587 0.752757
vt 0.131983 0.752744
vt 0.140259 0.751597
vt 0.146607 0.751391
vt 0.140286 0.752475
vt 0.148590 0.752206
vt 0.149043 0.751313
vt 0.149701 0.751298
vt 0.149066 0.752193
vt 0.149543 0.752179
vt 0.150716 0.751280
vt 0.153813 0.751243
vt 0.150732 0.752160
vt 0.151922 0.752140
vt 0.160712 0.751166
vt 0.171925 0.751070
vt 0.160720 0.752045
vt 0.169519 0.751950
vt 0.206418 0.751751
vt 0.201988 0.750896
vt 0.187963 0.750971
vt 0.187968 0.751850
vt 0.207164 0.750868
vt 0.207838 0.750866
vt 0.207168 0.751747
vt 0.207919 0.751744
vt 0.208358 0.750863
vt 0.209747 0.750858
vt 0.208362 0.751742
vt 0.208804 0.751741
vt 0.213029 0.750846
vt 0.216280 0.750834
vt 0.213031 0.751725
vt 0.217258 0.751709
vt 0.217581 0.750829
vt 0.217927 0.750828
vt 0.217583 0.751708
vt 0.217907 0.751706
vt 0.218728 0.751705
vt 0.230363 0.750826
vt 0.218317 0.750827
vt 0.218318 0.751706
vt 0.265680 0.750823
vt 0.330365 0.751243
vt 0.265675 0.751702
vt 0.312623 0.751699
vt 0.430519 0.752511
vt 0.519159 0.753782
vt 0.430508 0.753390
vt 0.548394 0.755081
vt 0.549304 0.754212
vt 0.549995 0.754218
vt 0.549320 0.755088
vt 0.550245 0.755095
vt 0.550386 0.755086
vt 0.550616 0.754175
vt 0.550270 0.754215
vt 0.550315 0.755091
vt 0.552803 0.754801
vt 0.552420 0.753956
vt 0.551520 0.754065
vt 0.551595 0.754944
vt 0.552914 0.754790
vt 0.553492 0.753822
vt 0.552757 0.753916
vt 0.552858 0.754796
vt 0.558544 0.754053
vt 0.557699 0.753282
vt 0.555589 0.753553
vt 0.555729 0.754422
vt 0.558471 0.753181
vt 0.558756 0.753114
vt 0.558654 0.754036
vt 0.588132 0.745136
vt 0.559406 0.752941
vt 0.768346 0.696181
vt 0.672642 0.722169
vt 0.864955 0.670050
vt 0.830651 0.679311
vt 0.877035 0.666789
vt 0.876656 0.666891
vt 0.878635 0.666356
vt 0.877371 0.666698
vt 0.884979 0.664641
vt 0.881793 0.665503
vt 0.886834 0.664139
vt 0.886329 0.664276
vt 0.892515 0.662601
vt 0.887488 0.663962
vt 0.921709 0.654693
vt 0.906134 0.658913
vt 0.939309 0.649920
vt 0.932603 0.651740
vt 0.943482 0.648788
vt 0.942319 0.649104
vn 0.984815 0.000011 -0.173607
vn 0.984808 -0.000001 -0.173650
vn 0.984808 0.000000 -0.173648
vn 0.984807 -0.000001 -0.173652
vn 0.984806 -0.000001 -0.173655
vn 0.984811 0.000003 -0.173629
vn 0.984807 -0.000001 -0.173655
vn 0.984808 -0.000000 -0.173648
vn 0.984809 0.000001 -0.173642
vn 0.162567 0.986281 -0.028649
vn 0.162581 0.986281 -0.028588
vn 0.167497 0.985430 -0.029521
vn 0.167515 0.985427 -0.029527
vn 0.162544 0.986281 -0.028794
vn 0.167486 0.985432 -0.029545
vn 0.165095 0.985843 -0.029280
vn 0.165187 0.985835 -0.029022
vn 0.165113 0.985844 -0.029145
vn -0.984808 -0.000000 0.173648
vn -0.984808 0.000000 0.173648
vn -0.984808 0.000000 0.173648
vn -0.984808 0.000000 0.173648
vn -0.984808 -0.000000 0.173647
vn -0.984808 0.000000 0.173649
vn -0.984808 0.000000 0.173649
vn -0.984808 -0.000000 0.173648
vn -0.984808 0.000000 0.173648
vn -0.220133 -0.974698 0.038804
vn -0.220127 -0.974698 0.038821
vn -0.428722 -0.900267 0.075603
vn -0.428696 -0.900282 0.075581
vn -0.220129 -0.974698 0.038817
vn -0.428730 -0.900264 0.075598
vn -0.545146 -0.832814 0.096109
vn -0.545146 -0.832812 0.096128
vn -0.545142 -0.832813 0.096139
vn 0.201147 0.216492 0.955338
vn 0.187089 0.204473 0.960827
vn 0.187038 0.203885 0.960962
vn 0.201287 0.215713 0.955485
vn 0.174809 0.155782 0.972200
vn 0.174790 0.155570 0.972238
vn 0.174830 0.154635 0.972380
vn 0.186332 0.201778 0.961544
vn 0.199711 0.213151 0.956390
vn -0.173657 -0.000004 -0.984806
vn -0.173641 0.000000 -0.984809
vn -0.173729 -0.000000 -0.984794
vn -0.173565 0.000002 -0.984822
vn -0.173655 -0.000000 -0.984807
vn -0.173568 0.000000 -0.984822
vn -0.173658 0.000000 -0.984806
vn -0.173638 0.000000 -0.984810
vn -0.173661 -0.000001 -0.984805
vn 0.984810 -0.000000 -0.173636
vn 0.984807 -0.000000 -0.173650
vn 0.964532 -0.204601 -0.166784
vn 0.963526 -0.206765 -0.169900
vn 0.984806 -0.000001 -0.173657
vn 0.979747 -0.107091 -0.169197
vn 0.950005 -0.287703 -0.121318
vn 0.901789 -0.404273 -0.152772
vn 0.900603 -0.404592 -0.158806
vn 0.173146 0.075674 0.981985
vn 0.173271 0.065429 0.982698
vn 0.173322 0.065231 0.982703
vn 0.173178 0.075298 0.982008
vn 0.173382 0.054958 0.983320
vn 0.173429 0.054958 0.983312
vn 0.173383 0.054958 0.983320
vn 0.173252 0.065402 0.982704
vn 0.173110 0.075648 0.981993
vn -0.984808 -0.000000 0.173648
vn -0.984808 0.000003 0.173648
vn -0.984808 -0.000001 0.173648
vn -0.984808 0.000000 0.173648
vn -0.984808 -0.000000 0.173648
vn -0.984808 0.000000 0.173648
vn -0.984808 0.000000 0.173648
vn -0.984808 0.000001 0.173648
vn -0.984808 -0.000000 0.173648
vn -0.173652 0.000004 -0.984807
vn -0.173649 -0.000360 -0.984808
vn -0.173657 0.000313 -0.984806
vn -0.173573 -0.000000 -0.984821
vn -0.173648 0.000042 -0.984808
vn -0.173636 0.000004 -0.984810
vn -0.173650 0.000040 -0.984807
vn -0.173715 -0.000312 -0.984796
vn -0.173654 0.000001 -0.984807
vn 0.999573 0.008328 -0.028011
vn 0.994847 0.004606 -0.101283
vn 0.994876 0.004565 -0.101002
vn 0.999591 0.008371 -0.027354
vn 0.984809 -0.000016 -0.173638
vn 0.984808 0.000002 -0.173647
vn 0.984810 0.000020 -0.173636
vn 0.994908 0.004591 -0.100685
vn 0.999606 0.008277 -0.026802
vn 0.173158 0.075219 0.982017
vn 0.173158 0.075271 0.982014
vn 0.173090 0.075276 0.982025
vn 0.173178 0.075242 0.982012
vn 0.173158 0.075279 0.982013
vn 0.173140 0.075258 0.982018
vn 0.173159 0.075283 0.982012
vn 0.173157 0.075277 0.982013
vn 0.173155 0.075215 0.982018
vn -0.984808 0.000001 0.173648
vn -0.984808 -0.000000 0.173648
vn -0.984808 -0.000000 0.173648
vn -0.984808 -0.000000 0.173648
vn -0.984808 0.000000 0.173648
vn -0.984808 -0.000000 0.173648
vn -0.984808 -0.000000 0.173648
vn -0.984808 0.000000 0.173648
vn -0.984808 -0.000000 0.173648
vn -0.173650 -0.000073 -0.984807
vn -0.173646 0.000005 -0.984808
vn -0.173712 -0.000025 -0.984796
vn -0.173583 0.000092 -0.984819
vn -0.173649 0.000056 -0.984808
vn -0.173608 -0.000020 -0.984815
vn -0.173633 0.000041 -0.984810
vn -0.173638 0.000001 -0.984810
vn -0.173683 -0.000051 -0.984802
vn 0.984806 -0.000001 -0.173659
vn 0.984808 -0.000000 -0.173648
vn 0.984808 0.000001 -0.173648
vn 0.984809 0.000000 -0.173643
vn 0.984809 0.000001 -0.173639
vn 0.984807 0.000000 -0.173653
vn 0.984809 0.000004 -0.173642
vn 0.984808 -0.000002 -0.173647
vn 0.984807 -0.000001 -0.173652
vn 0.181343 0.081397 0.980046
vn 0.173928 0.077450 0.981708
vn 0.173502 0.075798 0.981912
vn 0.178469 0.075925 0.981012
vn 0.173153 0.075303 0.982012
vn 0.173153 0.075297 0.982012
vn 0.173144 0.075303 0.982014
vn 0.173191 0.075365 0.982000
vn 0.175356 0.075090 0.981637
vn -0.984808 -0.000000 0.173648
vn -0.984808 -0.000000 0.173648
vn -0.984808 -0.000000 0.173648
vn -0.984808 -0.000000 0.173648
vn -0.984808 0.000000 0.173648
vn -0.984808 -0.000000 0.173648
vn -0.984808 0.000000 0.173648
vn -0.984808 0.000000 0.173648
vn -0.984808 -0.000000 0.173648
vn -0.173655 -0.000021 -0.984807
vn -0.173640 0.000005 -0.984809
vn -0.173730 0.000011 -0.984793
vn -0.173564 0.000007 -0.984823
vn -0.173657 -0.000002 -0.984806
vn -0.173569 -0.000014 -0.984822
vn -0.173661 0.000003 -0.984806
vn -0.173635 -0.000002 -0.984810
vn -0.173671 0.000001 -0.984804
vn -0.545149 -0.832811 0.096116
vn -0.545148 -0.832811 0.096123
vn -0.428727 -0.900265 0.075598
vn -0.428699 -0.900280 0.075581
vn -0.545146 -0.832811 0.096133
vn -0.428695 -0.900281 0.075592
vn -0.220089 -0.974708 0.038805
vn -0.220123 -0.974700 0.038816
vn -0.220094 -0.974707 0.038803
vn -0.984808 0.000000 0.173648
vn -0.984808 -0.000000 0.173648
vn -0.984808 -0.000000 0.173648
vn -0.984808 -0.000000 0.173648
vn -0.984808 0.000000 0.173648
vn -0.984808 0.000000 0.173648
vn -0.984808 -0.000000 0.173648
vn -0.984808 0.000000 0.173648
vn -0.984808 0.000000 0.173648
vn -0.984808 0.000001 0.173648
vn -0.984808 -0.000000 0.173648
vn -0.984808 -0.000000 0.173648
vn -0.984808 -0.000000 0.173648
vn -0.984808 0.000000 0.173648
vn -0.984808 -0.000000 0.173648
vn -0.984808 -0.000000 0.173648
vn -0.984808 0.000000 0.173648
vn -0.984808 -0.000000 0.173648
vn -0.984808 -0.000000 0.173648
vn -0.984808 0.000000 0.173648
vn -0.984808 -0.000001 0.173648
vn -0.984808 0.000001 0.173648
vn -0.984808 -0.000000 0.173648
vn -0.984808 0.000001 0.173648
vn -0.984808 -0.000000 0.173648
vn -0.984808 0.000000 0.173648
vn -0.984808 -0.000000 0.173648
vn -0.984808 -0.000000 0.173648
vn -0.984808 0.000000 0.173648
vn -0.984808 0.000000 0.173648
vn -0.984808 -0.000000 0.173648
vn -0.984808 -0.000000 0.173648
vn -0.984808 -0.000000 0.173648
vn -0.984808 0.000000 0.173648
vn -0.984808 -0.000000 0.173648
vn -0.984808 0.000000 0.173648
vn 0.162565 0.986281 -0.028663
vn 0.162567 0.986281 -0.028667
vn 0.167489 0.985431 -0.029547
vn 0.167511 0.985428 -0.029534
vn 0.162568 0.986281 -0.028664
vn 0.167462 0.985437 -0.029495
vn 0.165051 0.985853 -0.029187
vn 0.165180 0.985835 -0.029081
vn 0.165100 0.985847 -0.029130
vn 0.984809 0.000000 -0.173642
vn 0.984806 -0.000001 -0.173658
vn 0.984808 0.000000 -0.173648
vn 0.984807 -0.000000 -0.173650
vn 0.984810 0.000002 -0.173638
vn 0.984808 -0.000000 -0.173649
vn 0.984804 0.000002 -0.173672
vn 0.984808 -0.000001 -0.173646
vn 0.984807 0.000001 -0.173651
vn 0.984807 -0.000013 -0.173652
vn 0.984807 0.000094 -0.173650
vn 0.984808 -0.000045 -0.173649
vn 0.984808 0.000005 -0.173649
vn 0.984809 -0.000002 -0.173643
vn 0.984808 0.000000 -0.173649
vn 0.984807 0.000001 -0.173650
vn 0.984808 0.000042 -0.173648
vn 0.984808 -0.000003 -0.173648
vn 0.984808 -0.000020 -0.173645
vn 0.984808 0.000004 -0.173649
vn 0.984808 0.000000 -0.173649
vn 0.984808 0.000007 -0.173649
vn 0.984809 0.000016 -0.173641
vn 0.984808 -0.000009 -0.173649
vn 0.984808 0.000011 -0.173649
vn 0.984808 -0.000003 -0.173647
vn 0.984808 -0.000004 -0.173649
vn 0.984808 -0.000000 -0.173644
vn 0.984807 0.000002 -0.173650
vn 0.984808 0.000001 -0.173648
vn 0.984808 -0.000000 -0.173649
vn 0.984809 0.000004 -0.173642
vn 0.984808 -0.000002 -0.173650
vn 0.984807 0.000004 -0.173650
vn 0.984808 -0.000002 -0.173646
vn 0.984807 0.000001 -0.173650
vn 0.174887 0.169960 0.969808
vn 0.189218 0.230121 0.954589
vn 0.253372 0.229341 0.939790
vn 0.273791 0.168466 0.946920
vn 0.205862 0.245012 0.947412
vn 0.237535 0.245068 0.939957
vn 0.268831 0.244532 0.931630
vn 0.316515 0.227106 0.921000
vn 0.370451 0.166470 0.913813
vn 0.564577 0.819350 -0.099590
vn 0.378294 0.923286 -0.066601
vn 0.378155 0.923337 -0.066691
vn 0.564491 0.819424 -0.099470
vn 0.173011 0.984444 -0.030628
vn 0.173111 0.984426 -0.030617
vn 0.173107 0.984439 -0.030230
vn 0.378198 0.923312 -0.066792
vn 0.564657 0.819295 -0.099588
vn 0.002504 -0.999896 0.014203
vn 0.001253 -0.999974 0.007101
vn 0.122191 -0.992404 -0.014302
vn 0.142251 -0.989782 -0.009766
vn 0.000000 -1.000000 -0.000000
vn 0.120976 -0.992426 -0.021332
vn 0.240098 -0.969825 -0.042340
vn 0.240724 -0.969954 -0.035221
vn 0.225708 -0.973895 -0.024183
vn 0.167866 -0.254224 0.952466
vn 0.172701 -0.100716 0.979812
vn 0.292080 -0.099363 0.951218
vn 0.294441 -0.277839 0.914390
vn 0.173355 0.054958 0.983325
vn 0.293156 0.054542 0.954508
vn 0.408579 0.053292 0.911166
vn 0.432977 -0.111558 0.894475
vn 0.490650 -0.399752 0.774249
vn 0.000016 -1.000000 -0.000016
vn 0.000000 -1.000000 0.000001
vn 0.305588 -0.950638 -0.053880
vn 0.305702 -0.950600 -0.053898
vn 0.000044 -1.000000 0.000008
vn 0.305587 -0.950639 -0.053879
vn 0.580939 -0.807476 -0.102437
vn 0.581003 -0.807428 -0.102450
vn 0.581122 -0.807342 -0.102454
vn 0.426587 0.072557 0.901531
vn 0.302486 0.074580 0.950232
vn 0.299112 0.074617 0.951296
vn 0.419946 0.072694 0.904633
vn 0.173089 0.075285 0.982025
vn 0.173155 0.075283 0.982013
vn 0.173155 0.075305 0.982011
vn 0.296672 0.074650 0.952057
vn 0.415332 0.072790 0.906753
vn 0.410030 0.909202 -0.072297
vn 0.209859 0.977031 -0.036999
vn 0.211805 0.976921 -0.027653
vn 0.410242 0.909769 -0.063418
vn 0.000045 1.000000 0.000010
vn 0.001689 0.999953 0.009532
vn 0.016486 0.995464 0.093697
vn 0.215029 0.975943 0.036030
vn 0.471120 0.879744 0.064000
vn 0.173148 0.984423 -0.030501
vn 0.378140 0.923337 -0.066773
vn 0.378170 0.923332 -0.066682
vn 0.173122 0.984427 -0.030532
vn 0.564726 0.819253 -0.099544
vn 0.564461 0.819442 -0.099488
vn 0.564721 0.819242 -0.099663
vn 0.378231 0.923308 -0.066658
vn 0.173085 0.984433 -0.030565
vn 0.231702 -0.000767 -0.972786
vn -0.125448 0.000001 -0.992100
vn -0.074186 -0.000193 -0.997244
vn 0.445437 -0.000674 -0.895313
vn -0.173716 -0.000001 -0.984796
vn -0.173587 -0.000000 -0.984819
vn -0.173707 0.000000 -0.984797
vn -0.021962 -0.000245 -0.999759
vn 0.559446 -0.000545 -0.828866
vn 0.604042 -0.000069 -0.796953
vn 0.006130 -0.000000 -0.999981
vn 0.007870 0.000248 -0.999969
vn 0.606729 -0.000054 -0.794908
vn -0.173720 0.000001 -0.984795
vn -0.173545 -0.000342 -0.984826
vn -0.173570 0.000011 -0.984822
vn 0.008037 -0.000170 -0.999968
vn 0.607070 -0.000453 -0.794648
vn 0.373791 0.051870 0.926061
vn 0.275116 0.052742 0.959963
vn 0.274647 0.052653 0.960103
vn 0.372924 0.051739 0.926418
vn 0.173417 0.053073 0.983417
vn 0.173421 0.052990 0.983421
vn 0.173333 0.052816 0.983446
vn 0.274524 0.052697 0.960135
vn 0.372703 0.051851 0.926501
vn 0.607684 -0.000068 -0.794179
vn 0.008708 0.000041 -0.999962
vn 0.009333 -0.000068 -0.999956
vn 0.608573 -0.000123 -0.793498
vn -0.173733 -0.000093 -0.984793
vn -0.173590 -0.000009 -0.984818
vn -0.173721 0.000063 -0.984795
vn 0.010212 -0.000067 -0.999948
vn 0.609865 -0.000181 -0.792506
vn 0.580903 -0.807502 -0.102428
vn 0.305573 -0.950643 -0.053884
vn 0.305584 -0.950639 -0.053882
vn 0.581001 -0.807430 -0.102444
vn 0.000035 -1.000000 -0.000012
vn 0.000002 -1.000000 0.000002
vn 0.000000 -1.000000 -0.000000
vn 0.305544 -0.950653 -0.053877
vn 0.580934 -0.807479 -0.102437
vn 0.612415 -0.000083 -0.790536
vn 0.011930 0.000003 -0.999929
vn 0.015260 -0.000060 -0.999884
vn 0.616790 -0.000138 -0.787128
vn -0.173716 -0.000027 -0.984796
vn -0.173589 0.000000 -0.984818
vn -0.173709 0.000000 -0.984797
vn 0.020090 -0.000046 -0.999798
vn 0.623658 -0.000140 -0.781698
vn 0.026012 -0.000054 -0.999662
vn 0.631373 -0.000131 -0.775479
vn -0.173586 -0.000000 -0.984819
vn -0.173705 0.000018 -0.984798
vn 0.031207 -0.000050 -0.999513
vn 0.638134 -0.000144 -0.769925
vn 0.984808 -0.000001 -0.173646
vn 0.984808 -0.000000 -0.173648
vn 0.984807 0.000000 -0.173652
vn 0.984808 0.000002 -0.173647
vn 0.984808 -0.000002 -0.173646
vn 0.984807 -0.000001 -0.173650
vn 0.984806 -0.000001 -0.173657
vn 0.984808 0.000001 -0.173646
vn 0.984808 0.000000 -0.173648
vn 0.984809 0.000002 -0.173643
vn 0.984809 -0.000003 -0.173640
vn 0.984807 -0.000000 -0.173653
vn 0.440944 0.072289 0.894619
vn 0.310147 0.074525 0.947763
vn 0.306533 0.074540 0.948937
vn 0.433837 0.072384 0.898079
vn 0.173153 0.075275 0.982014
vn 0.173218 0.075286 0.982002
vn 0.181642 0.073817 0.980590
vn 0.192376 0.073600 0.978557
vn 0.187672 0.072651 0.979541
vn 0.206236 0.070286 0.975975
vn 0.220775 0.074319 0.972489
vn 0.202156 0.080068 0.976075
vn -0.984808 -0.000000 0.173649
vn -0.984808 0.000000 0.173648
vn -0.984808 -0.000000 0.173648
vn -0.984808 0.000000 0.173648
vn -0.984808 -0.000000 0.173648
vn -0.984808 0.000000 0.173648
vn -0.984808 -0.000000 0.173648
vn -0.984808 -0.000000 0.173648
vn -0.984808 -0.000000 0.173648
vn -0.984808 0.000000 0.173648
vn -0.984808 -0.000000 0.173648
vn -0.984808 0.000000 0.173648
vn -0.173640 -0.000001 -0.984809
vn -0.173721 0.000015 -0.984795
vn -0.173649 0.000009 -0.984808
vn -0.173588 -0.000015 -0.984818
vn -0.173651 0.000003 -0.984807
vn -0.173637 -0.000002 -0.984810
vn 0.166310 0.985639 -0.029271
vn 0.171042 0.984800 -0.030219
vn 0.171088 0.984794 -0.030167
vn 0.166257 0.985647 -0.029316
vn 0.171091 0.984795 -0.030104
vn 0.166253 0.985646 -0.029358
vn -0.173642 0.000001 -0.984809
vn -0.173648 0.000000 -0.984808
vn -0.173592 0.000002 -0.984818
vn -0.173709 -0.000004 -0.984797
vn -0.173586 0.000002 -0.984819
vn -0.173651 -0.000000 -0.984807
vn -0.173638 -0.000001 -0.984810
vn -0.173690 0.000341 -0.984800
vn -0.173598 0.000001 -0.984817
vn -0.173623 -0.000303 -0.984812
vn -0.173538 0.000082 -0.984827
vn -0.173648 -0.000047 -0.984808
vn -0.173591 0.000121 -0.984818
vn -0.173634 -0.000054 -0.984810
vn -0.173648 -0.000000 -0.984808
vn -0.173706 -0.000060 -0.984798
vn -0.173663 0.000061 -0.984805
vn -0.173605 0.000023 -0.984815
vn -0.173583 0.000005 -0.984819
vn -0.173649 0.000000 -0.984808
vn -0.173646 -0.000001 -0.984808
vn -0.173711 0.000001 -0.984797
vn -0.173658 0.000007 -0.984806
vn -0.173595 0.000016 -0.984817
vn -0.173576 0.000010 -0.984820
vn -0.173663 -0.000003 -0.984805
vn -0.173649 0.000000 -0.984808
vn -0.173709 -0.000012 -0.984797
vn -0.000006 -1.000000 -0.000002
vn -0.000001 -1.000000 0.000002
vn -0.000026 -1.000000 -0.000000
vn 0.000002 -1.000000 0.000002
vn 0.000000 -1.000000 -0.000000
vn 0.000000 -1.000000 -0.000000
vn -0.000041 -1.000000 -0.000014
vn 0.000001 -1.000000 0.000009
vn 0.000000 -1.000000 0.000000
vn 0.000010 -1.000000 -0.000005
vn -0.000021 -1.000000 0.000011
vn -0.000010 -1.000000 0.000005
vn 0.173158 0.075275 0.982013
vn 0.173154 0.075286 0.982013
vn 0.173153 0.075275 0.982014
vn 0.173096 0.075286 0.982023
vn 0.173224 0.075286 0.982001
vn 0.173154 0.075286 0.982013
vn 0.173153 0.075294 0.982013
vn 0.173161 0.075296 0.982011
vn 0.173156 0.075282 0.982013
vn 0.173153 0.075282 0.982014
vn 0.021623 0.999759 -0.003816
vn 0.024700 0.999671 0.006904
vn 0.205664 0.977950 -0.036273
vn 0.217018 0.976104 -0.011162
vn 0.169684 0.985317 0.018912
vn 0.071739 0.993100 0.092768
vn 0.728069 0.043697 0.684109
vn 0.474852 0.050334 0.878625
vn 0.475570 0.050532 0.878225
vn 0.729784 0.043944 0.682264
vn 0.476545 0.050643 0.877690
vn 0.731144 0.044218 0.680789
vn 0.115635 -0.993243 0.009828
vn 0.160698 -0.986932 -0.011874
vn 0.018167 -0.999821 0.005201
vn 0.018783 -0.999759 0.011331
vn 0.154427 -0.987629 -0.027229
vn 0.015868 -0.999870 -0.002798
vn 0.189575 -0.087407 0.977968
vn 0.173635 -0.017935 0.984647
vn 0.178014 -0.097697 0.979166
vn 0.179211 -0.255250 0.950122
vn 0.173416 0.054958 0.983314
vn 0.173386 0.054958 0.983319
vn 0.174798 0.169352 0.969931
vn 0.188433 0.229087 0.954993
vn 0.188947 0.229614 0.954765
vn 0.174878 0.169715 0.969853
vn 0.204375 0.243934 0.948012
vn 0.205403 0.244343 0.947684
vn 0.171151 0.984787 -0.030051
vn 0.171086 0.984794 -0.030168
vn 0.166222 0.985649 -0.029419
vn 0.166252 0.985646 -0.029350
vn 0.166301 0.985644 -0.029151
vn 0.171080 0.984791 -0.030316
vn -0.777573 -0.000179 -0.628793
vn -0.999707 -0.000128 -0.024187
vn -0.999759 -0.000092 -0.021933
vn -0.779820 -0.000186 -0.626004
vn -0.999762 -0.000094 -0.021813
vn -0.780063 0.000128 -0.625701
vn -0.465297 -0.000678 -0.885155
vn -0.944015 -0.000618 -0.329902
vn -0.987887 -0.000379 -0.155174
vn -0.644659 -0.000510 -0.764470
vn -0.998266 -0.000090 -0.058862
vn -0.741455 -0.000180 -0.671003
vn -0.139970 0.183545 -0.972995
vn 0.033803 0.803035 -0.594972
vn 0.036512 0.804705 -0.592551
vn -0.139010 0.185069 -0.972844
vn 0.032122 0.804485 -0.593104
vn -0.140150 0.184553 -0.972779
vn -0.138245 0.184023 -0.973152
vn 0.040708 0.802970 -0.594627
vn 0.039278 0.803733 -0.593692
vn -0.138472 0.184721 -0.972987
vn 0.035225 0.804367 -0.593087
vn -0.139318 0.184636 -0.972882
vn 0.040757 0.128490 -0.990873
vn 0.352868 0.660567 -0.662673
vn 0.222183 0.777386 -0.588477
vn -0.042461 0.202774 -0.978305
vn 0.941337 -0.000248 -0.337467
vn 0.911546 -0.000440 -0.411198
vn 0.825381 -0.000731 -0.564576
vn 0.950542 -0.000125 -0.310597
vn 0.950525 -0.000115 -0.310648
vn 0.949999 -0.000058 -0.312252
vn 0.951006 -0.000078 -0.309172
vn 0.950823 -0.000080 -0.309735
vn 0.950660 -0.000097 -0.310235
vn 0.953324 -0.000074 -0.301948
vn 0.952203 -0.000075 -0.305466
vn 0.951483 -0.000082 -0.307702
vn 0.955573 -0.000069 -0.294753
vn 0.954590 -0.000072 -0.297924
vn -0.083921 -0.875496 -0.475883
vn -0.043323 -0.968374 -0.245712
vn 0.246567 -0.928553 -0.277478
vn 0.224901 -0.809113 -0.542914
vn 0.555210 -0.759972 -0.337913
vn 0.564248 -0.559899 -0.606743
vn -0.083872 -0.875492 -0.475899
vn -0.043303 -0.968375 -0.245712
vn -0.043330 -0.968382 -0.245681
vn -0.083909 -0.875539 -0.475805
vn -0.569444 -0.755892 -0.323050
vn -0.568876 -0.814116 -0.116596
vn -0.450508 -0.880067 -0.150083
vn -0.475276 -0.800614 -0.364869
vn -0.252627 -0.946620 -0.200227
vn -0.282182 -0.857160 -0.430871
vn -0.793085 -0.000371 -0.609110
vn -0.999951 -0.000219 -0.009910
vn -0.999991 -0.000302 -0.004319
vn -0.799153 -0.000515 -0.601128
vn -1.000000 -0.000268 0.000192
vn -0.804223 -0.000404 -0.594327
vn -0.784193 -0.000228 -0.620517
vn -0.999837 -0.000168 -0.018037
vn -0.999892 -0.000133 -0.014689
vn -0.787702 -0.000228 -0.616056
vn -0.780522 -0.000212 -0.625128
vn -0.999770 -0.000176 -0.021449
vn -0.999788 -0.000103 -0.020614
vn -0.781254 -0.000200 -0.624213
vn -0.999800 -0.000134 -0.019974
vn -0.782256 -0.000103 -0.622958
vn -0.899950 0.017616 0.435638
vn -0.899233 0.020511 0.436989
vn -0.898067 0.015124 0.439600
vn -0.740788 0.029075 0.671110
vn -0.744402 0.034484 0.666840
vn -0.744446 0.039590 0.666508
vn -0.899518 0.020594 0.436398
vn -0.899944 0.020477 0.435525
vn -0.745202 0.039637 0.665659
vn -0.746414 0.039428 0.664313
vn -0.747810 0.039302 0.662748
vn -0.900407 0.020394 0.434571
vn -0.901451 0.020293 0.432405
vn -0.903147 0.019585 0.428884
vn -0.751109 0.039085 0.659020
vn -0.756493 0.037692 0.652915
vn -0.764645 0.033781 0.643566
vn -0.905611 0.017613 0.423743
vn -0.781479 0.027281 0.623334
vn -0.911584 0.013995 0.410875
vn -0.908863 0.014903 0.416829
vn -0.774269 0.028706 0.632206
vn 0.047762 -0.451735 0.890873
vn -0.144275 -0.917028 0.371812
vn -0.341140 -0.855841 0.388794
vn -0.066050 -0.437722 0.896681
vn -0.461478 -0.793031 0.397669
vn -0.108473 -0.405007 0.907856
vn 0.061455 -0.935321 0.348423
vn 0.061397 -0.935363 0.348320
vn 0.061367 -0.935432 0.348140
vn 0.156051 -0.438095 0.885280
vn 0.156158 -0.437893 0.885361
vn 0.156084 -0.437941 0.885351
vn 0.337899 -0.900853 0.272558
vn 0.654026 -0.721349 0.227827
vn 0.390448 -0.444453 0.806233
vn 0.639247 -0.265539 0.721701
vn 0.977434 0.028238 0.209346
vn 0.999730 0.014394 0.018256
vn 0.999827 0.013958 0.012315
vn 0.979867 0.027413 0.197760
vn 0.999878 0.013615 0.007713
vn 0.981671 0.026768 0.188696
vn 0.973745 0.029330 0.225745
vn 0.999534 0.014966 0.026590
vn 0.999618 0.014770 0.023372
vn 0.975209 0.028946 0.219383
vn 0.085371 0.870755 0.484249
vn 0.044144 0.967146 0.250360
vn 0.237184 0.950161 0.202333
vn 0.290949 0.833692 0.469368
vn 0.467897 0.863463 0.188424
vn 0.553684 0.664962 0.501258
vn 0.412605 0.707480 0.573785
vn 0.228120 0.948417 0.220151
vn 0.066929 0.966933 0.246092
vn 0.107996 0.870383 0.480385
vn 0.970786 0.030199 0.238039
vn 0.999339 0.015423 0.032910
vn 0.999364 0.015416 0.032160
vn 0.971166 0.030161 0.236491
vn 0.999389 0.015342 0.031413
vn 0.971538 0.030046 0.234971
vn 0.044523 -0.986749 0.156029
vn 0.028046 -0.986858 0.159137
vn 0.168803 -0.974057 0.150728
vn 0.392770 -0.775077 0.494962
vn 0.072167 -0.947584 0.311249
vn 0.055363 -0.947764 0.314130
vn 0.146991 -0.979737 0.136045
vn 0.293342 -0.948618 0.118635
vn 0.186932 -0.931296 0.312640
vn 0.420095 -0.821276 0.386038
vn 0.970875 0.022044 0.238570
vn 0.999387 0.011259 0.033160
vn 0.981953 -0.187365 0.025747
vn 0.943849 -0.195981 0.265969
vn 0.907431 -0.415126 0.065109
vn 0.796348 -0.475949 0.373232
vn 0.653686 0.208955 0.727346
vn 0.940501 0.119959 0.317911
vn 0.983389 0.078722 0.163549
vn 0.867625 0.145194 0.475547
vn 0.996248 0.043568 0.074778
vn 0.948908 0.078351 0.305670
vn 0.224537 0.355773 0.907198
vn 0.238606 0.836463 0.493353
vn 0.390136 0.818814 0.421114
vn 0.269394 0.361519 0.892598
vn 0.527412 0.704240 0.475271
vn 0.299794 0.316400 0.900008
vn 0.222080 0.355878 0.907762
vn 0.232737 0.837582 0.494256
vn 0.236915 0.836714 0.493741
vn 0.223691 0.355890 0.907361
vn 0.220623 0.356026 0.908059
vn 0.229705 0.837766 0.495362
vn 0.233761 0.837547 0.493833
vn 0.222473 0.355988 0.907623
vn 0.232129 0.836795 0.495874
vn 0.221441 0.355651 0.908007
vn -0.820540 0.067982 0.567532
vn -0.875683 0.042800 0.480987
vn -0.720342 0.093806 0.687247
vn -0.209601 0.155397 0.965360
vn -0.506296 0.122144 0.853666
vn -0.678829 0.078029 0.730139
vn -0.984808 -0.000001 0.173648
vn -0.999766 -0.000135 -0.021652
vn -0.779964 -0.000171 -0.625825
vn -0.984808 -0.000001 0.173648
vn -0.984808 0.000001 0.173648
vn -0.984808 -0.000001 0.173648
vn -0.984808 0.000001 0.173648
vn -0.984808 -0.000003 0.173648
vn -0.744694 0.039624 0.666229
vn -0.899319 0.020546 0.436810
vn 0.173163 0.075435 0.982000
vn 0.173129 0.075339 0.982014
vn 0.173157 0.075406 0.982003
vn 0.787533 -0.600424 -0.138860
vn 0.774840 -0.631579 0.027016
vn 0.851677 -0.438941 0.286317
vn 0.807127 -0.584891 -0.080300
vn 0.946715 -0.321369 -0.021261
vn 0.022518 -0.991555 0.127718
vn 0.133503 -0.639591 0.757034
vn 0.381702 -0.578873 0.720562
vn 0.076712 -0.991047 0.109277
vn 0.544756 -0.677334 0.494428
vn 0.108960 -0.992103 0.062127
vn 0.206466 -0.662044 0.720465
vn 0.354457 -0.586645 0.728153
vn 0.126842 -0.983549 0.128616
vn 0.541152 -0.832396 0.119462
vn 0.984808 -0.000042 -0.173648
vn 0.984808 0.000039 -0.173649
vn 0.984808 -0.000080 -0.173648
vn 0.950542 -0.000029 -0.310597
vn 0.607145 -0.000312 -0.794591
vn -0.173605 0.000402 -0.984815
vn 0.008406 -0.000282 -0.999965
vn -0.173637 -0.000309 -0.984810
vn -0.173663 0.000203 -0.984805
vn -0.173647 0.000316 -0.984808
vn -0.173689 -0.000353 -0.984801
vn -0.173612 0.000306 -0.984814
vn -0.984808 -0.000001 0.173648
vn -0.984808 0.000001 0.173648
vn -0.984808 0.000001 0.173648
vn -0.984808 0.000000 0.173648
vn -0.984808 -0.000000 0.173648
vn -0.984808 0.000000 0.173648
vn -0.999811 -0.000079 -0.019419
vn -0.782411 -0.000254 -0.622762
vn -0.999813 -0.000088 -0.019359
vn -0.782672 -0.000070 -0.622435
vn -0.173648 -0.000172 -0.984808
vn -0.173666 0.000127 -0.984805
vn -0.173649 -0.000070 -0.984808
vn -0.173625 0.000113 -0.984812
vn -0.173658 -0.000069 -0.984806
vn -0.173668 -0.000162 -0.984804
vn -0.173626 0.000041 -0.984812
vn -0.173650 0.000064 -0.984807
vn -0.173658 0.000175 -0.984806
vn -0.173693 -0.000266 -0.984800
vn -0.173589 -0.000097 -0.984818
vn -0.173593 -0.000199 -0.984817
vn 0.010255 0.000114 -0.999947
vn 0.610054 -0.000101 -0.792360
vn 0.010473 -0.000020 -0.999945
vn 0.610590 -0.000204 -0.791947
vn 0.951115 -0.000084 -0.308838
vn 0.951104 -0.000119 -0.308870
vn 0.984807 0.000021 -0.173650
vn 0.984808 0.000053 -0.173649
vn 0.984807 0.000015 -0.173652
vn 0.984808 0.000049 -0.173648
vn 0.984808 -0.000022 -0.173649
vn 0.984808 -0.000008 -0.173648
vn 0.252145 0.647194 0.719418
vn 0.311444 0.554919 0.771406
vn 0.129837 0.664214 0.736181
vn 0.378095 0.604221 0.701400
vn 0.532088 0.703238 0.471527
vn 0.828088 0.554630 -0.081581
vn 0.952644 0.302890 -0.026967
vn 0.814487 0.562128 -0.143604
vn 0.797517 0.602221 0.036003
vn 0.827482 0.474475 0.300245
vn 0.173168 0.075176 0.982019
vn 0.173120 0.075265 0.982021
vn 0.173195 0.075099 0.982020
vn 0.173129 0.075302 0.982016
vn 0.173161 0.075028 0.982032
vn 0.173162 0.075020 0.982032
vn -0.900671 0.020313 0.434027
vn -0.984808 0.000001 0.173648
vn -0.748609 0.039173 0.661854
vn -0.748757 0.039202 0.661684
vn -0.900712 0.020356 0.433940
vn -0.984808 0.000000 0.173649
vn -0.984808 -0.000001 0.173648
vn -0.984808 0.000000 0.173648
vn -0.984808 -0.000000 0.173648
vn -0.984808 0.000000 0.173648
vn -0.322818 0.117395 -0.939152
vn -0.908533 0.256384 -0.329900
vn -0.910594 0.128622 -0.392779
vn -0.385616 0.054357 -0.921057
vn -0.941176 0.294381 0.165917
vn -0.973834 0.148868 0.171711
vn -0.941144 0.294456 0.165961
vn -0.973846 0.148817 0.171692
vn -0.973821 0.148977 0.171694
vn -0.941107 0.294605 0.165908
vn -0.973810 0.148992 0.171740
vn -0.973858 0.148796 0.171639
vn -0.973840 0.148834 0.171711
vn -0.941188 0.294405 0.165807
vn -0.941093 0.294597 0.166000
vn -0.941154 0.294441 0.165930
vn -0.675457 0.224857 0.702280
vn -0.066008 0.241002 0.968277
vn -0.749236 0.370502 0.548974
vn 0.019261 0.313301 0.949459
vn 0.209060 0.244396 0.946871
vn 0.209322 0.243932 0.946933
vn 0.207604 0.242839 0.947591
vn 0.212321 0.258372 0.942424
vn 0.213092 0.258889 0.942109
vn 0.211055 0.258350 0.942715
vn 0.232920 0.258335 0.937556
vn 0.254470 0.256831 0.932354
vn 0.964221 0.203408 -0.170011
vn 0.979644 0.102258 -0.172743
vn 0.908825 0.202435 0.364771
vn 0.945948 0.276172 0.170032
vn 0.516546 0.265251 0.814139
vn 0.413874 0.305974 0.857373
vn 0.964208 0.203447 -0.170037
vn 0.979650 0.102295 -0.172688
vn 0.979644 0.102274 -0.172735
vn 0.964205 0.203487 -0.170008
vn 0.964215 0.203425 -0.170021
vn 0.979652 0.102235 -0.172715
vn 0.979644 0.102281 -0.172732
vn 0.964203 0.203503 -0.169997
vn 0.979640 0.102263 -0.172764
vn 0.964208 0.203451 -0.170029
vn 0.768289 0.084074 -0.634558
vn 0.121513 0.039655 -0.991797
vn 0.817690 0.198743 -0.540263
vn -0.170079 0.019530 -0.985237
vn -0.140287 0.018993 -0.989929
vn -0.170303 0.019536 -0.985198
vn -0.170327 0.019127 -0.985202
vn -0.170380 0.019559 -0.985184
vn -0.170439 0.019142 -0.985182
vn -0.170309 0.019409 -0.985200
vn -0.170230 -0.197687 -0.965371
vn -0.172727 -0.099442 -0.979937
vn -0.172761 -0.099155 -0.979960
vn -0.170150 -0.197324 -0.965460
vn -0.172880 -0.099395 -0.979915
vn -0.170295 -0.197753 -0.965346
vn 0.030262 -0.096073 -0.994914
vn 0.638613 -0.107468 -0.761987
vn 0.034949 -0.215013 -0.975986
vn 0.679817 -0.220155 -0.699558
vn 0.940412 -0.149061 -0.305624
vn 0.950449 -0.083364 -0.299494
vn 0.973628 -0.150249 -0.171681
vn 0.982008 -0.075347 -0.173155
vn 0.973621 -0.150295 -0.171677
vn 0.982007 -0.075359 -0.173156
vn 0.982005 -0.075397 -0.173154
vn 0.973611 -0.150366 -0.171676
vn 0.973620 -0.150301 -0.171678
vn 0.982007 -0.075359 -0.173158
vn 0.982005 -0.075397 -0.173155
vn 0.973610 -0.150366 -0.171679
vn 0.982006 -0.075380 -0.173152
vn 0.973619 -0.150313 -0.171677
vn 0.998152 -0.060577 0.004889
vn 0.977889 -0.051161 0.202770
vn 0.988196 -0.152739 0.011849
vn 0.918164 -0.167971 0.358833
vn 0.173643 0.008207 0.984774
vn 0.311287 0.008048 0.950282
vn 0.457984 0.004069 0.888951
vn 0.173642 0.008293 0.984774
vn 0.173653 0.008219 0.984773
vn 0.173589 0.002513 0.984815
vn 0.174708 0.000123 0.984620
vn 0.182920 0.006311 0.983108
vn -0.962432 -0.211954 0.169703
vn -0.979198 -0.106584 0.172659
vn -0.910702 -0.086757 0.403851
vn -0.886145 -0.211596 0.412278
vn -0.768032 -0.072101 0.636340
vn -0.615119 -0.210144 0.759913
vn -0.962435 -0.211945 0.169702
vn -0.979198 -0.106580 0.172659
vn -0.979198 -0.106582 0.172659
vn -0.962433 -0.211951 0.169703
vn -0.962434 -0.211946 0.169703
vn -0.979198 -0.106580 0.172659
vn -0.979198 -0.106582 0.172659
vn -0.962433 -0.211951 0.169703
vn -0.979198 -0.106584 0.172659
vn -0.962433 -0.211953 0.169703
vn -0.994563 -0.104074 0.003736
vn -0.794303 -0.129820 -0.593489
vn -0.972731 -0.231781 -0.008463
vn -0.741428 -0.264274 -0.616802
vn -0.238140 -0.099482 -0.966123
vn -0.228264 -0.106456 -0.967762
vn -0.296027 -0.196176 -0.934817
vn -0.255734 -0.196548 -0.946556
vn -0.212108 -0.197479 -0.957085
vn -0.198189 -0.105507 -0.974469
vn 0.021540 0.807944 -0.588866
vn -0.142298 0.185868 -0.972216
vn 0.149019 0.988485 -0.026273
vn 0.135585 0.990479 -0.023851
vn 0.009896 0.807321 -0.590030
vn -0.145397 0.184248 -0.972066
vn 0.149054 0.988480 -0.026280
vn 0.149005 0.988488 -0.026263
vn 0.135561 0.990479 -0.023964
vn 0.135573 0.990479 -0.023909
vn 0.135553 0.990479 -0.024020
vn 0.135590 0.990479 -0.023823
vn 0.149009 0.988486 -0.026287
vn 0.149037 0.988483 -0.026248
vn 0.135575 0.990479 -0.023904
vn 0.149032 0.988484 -0.026265
vn 0.210772 0.355948 0.910427
vn 0.206873 0.840790 0.500276
vn 0.217784 0.840707 0.495764
vn 0.215783 0.356627 0.908986
vn 0.200952 0.243345 0.948895
vn 0.206405 0.258005 0.943838
vn 0.195102 0.239171 0.951174
vn 0.201505 0.256146 0.945402
vn 0.174764 0.168559 0.970075
vn 0.186708 0.228093 0.955570
vn 0.173687 0.167169 0.970509
vn 0.182993 0.224732 0.957084
vn 0.230701 0.051032 0.971686
vn 0.185782 0.055244 0.981037
vn 0.173152 0.075676 0.981984
vn 0.173275 0.065428 0.982698
vn 0.173383 0.054958 0.983320
vn 0.173440 0.054958 0.983310
vn 0.408052 0.072937 0.910041
vn 0.292876 0.074678 0.953230
vn 0.292451 0.074699 0.953358
vn 0.330794 -0.028505 0.943273
vn 0.173157 0.075209 0.982018
vn 0.173154 0.075409 0.982004
vn 0.409891 0.072954 0.909212
vn 0.293820 0.074687 0.952938
vn 0.293073 0.074637 0.953172
vn 0.408452 0.072867 0.909866
vn 0.173157 0.075279 0.982013
vn 0.173158 0.075285 0.982012
vn 0.230652 0.187612 0.954778
vn 0.194493 0.085147 0.977201
vn 0.261848 0.101856 0.959719
vn 0.395130 0.274755 0.876574
vn 0.173156 0.075024 0.982033
vn 0.173159 0.075024 0.982032
vn 0.173265 0.075287 0.981993
vn 0.173158 0.075283 0.982013
vn 0.173152 0.075283 0.982014
vn 0.173155 0.075282 0.982013
vn 0.173155 0.075305 0.982011
vn 0.173149 0.075292 0.982013
vn 0.173157 0.075276 0.982013
vn 0.173046 0.075283 0.982032
vn 0.173156 0.075272 0.982014
vn 0.173159 0.075290 0.982012
vn 0.156110 -0.437917 0.885358
vn 0.173625 0.008227 0.984777
vn 0.156097 -0.438093 0.885273
vn 0.173643 0.008291 0.984774
vn -0.000053 -1.000000 0.000005
vn 0.061473 -0.935313 0.348440
vn 0.000005 -1.000000 0.000019
vn 0.061386 -0.935430 0.348140
vn -0.000049 -1.000000 -0.000001
vn -0.000001 -1.000000 0.000004
vn -0.000002 -1.000000 -0.000017
vn 0.000001 -1.000000 -0.000002
vn -0.000057 -1.000000 0.000010
vn -0.000001 -1.000000 0.000002
vn 0.000001 -1.000000 -0.000008
vn 0.000001 -1.000000 0.000003
vn 0.000000 -1.000000 -0.000000
vn 0.000000 -1.000000 -0.000000
vn -0.083914 -0.875488 -0.475898
vn -0.043328 -0.968369 -0.245732
vn -0.043312 -0.968382 -0.245683
vn -0.083866 -0.875535 -0.475820
vn -0.173649 0.000009 -0.984808
vn -0.172788 -0.099410 -0.979930
vn -0.172837 -0.099195 -0.979943
vn -0.173548 0.000001 -0.984825
vn -0.170224 -0.197874 -0.965334
vn -0.170117 -0.197267 -0.965477
vn -0.173648 0.000000 -0.984808
vn -0.173645 0.000001 -0.984808
vn -0.173755 -0.000002 -0.984789
vn -0.173548 0.000000 -0.984825
vn -0.173530 0.000017 -0.984829
vn -0.173753 0.000003 -0.984789
vn -0.173656 -0.000016 -0.984806
vn -0.173646 -0.000002 -0.984808
vn -0.173648 0.000058 -0.984808
vn -0.173648 -0.000174 -0.984808
vn -0.173677 0.000111 -0.984803
vn -0.173588 -0.000010 -0.984818
vn -0.173648 -0.000068 -0.984808
vn -0.173612 0.000128 -0.984814
vn -0.173649 -0.000071 -0.984808
vn -0.173647 0.000004 -0.984808
vn -0.173736 -0.000030 -0.984792
vn -0.173560 0.000098 -0.984823
vn -0.173641 0.000049 -0.984809
vn -0.173648 0.000315 -0.984808
vn -0.173707 -0.000364 -0.984797
vn -0.173729 -0.000046 -0.984793
vn -0.173533 -0.000007 -0.984828
vn -0.173756 0.000372 -0.984789
vn -0.173655 0.000010 -0.984807
vn -0.173646 -0.000371 -0.984808
vn -0.173654 -0.000005 -0.984807
vn -0.173643 0.000001 -0.984809
vn -0.173756 -0.000000 -0.984789
vn -0.173538 0.000004 -0.984827
vn -0.173653 -0.000000 -0.984807
vn -0.173541 0.000000 -0.984827
vn -0.170934 0.019551 -0.985088
vn -0.170796 0.019258 -0.985118
vn 0.172999 0.086677 0.981101
vn 0.173050 0.086647 0.981094
vn 0.173074 0.086483 0.981104
vn 0.173120 0.089362 0.980838
vn 0.172990 0.089523 0.980847
vn 0.172954 0.089137 0.980888
vn 0.172971 0.089571 0.980846
vn 0.172939 0.089637 0.980845
vn 0.288002 0.088807 0.953503
vn 0.399562 0.087589 0.912512
vn 0.984807 -0.000000 -0.173654
vn 0.998800 0.019883 0.044764
vn 0.966965 0.036546 0.252277
vn 0.984809 0.000001 -0.173642
vn 0.984808 0.000000 -0.173648
vn 0.984808 -0.000001 -0.173646
vn 0.984808 0.000000 -0.173648
vn 0.984807 -0.000000 -0.173651
vn 0.948371 -0.000121 -0.317163
vn 0.594669 -0.000177 -0.803970
vn -0.173588 -0.000000 -0.984818
vn -0.000049 -0.000036 -1.000000
vn -0.173710 -0.000000 -0.984797
vn -0.173647 0.000000 -0.984808
vn -0.173644 0.000000 -0.984808
vn -0.173755 -0.000000 -0.984789
vn -0.173642 -0.000000 -0.984809
vn -0.173728 -0.000000 -0.984794
vn -0.173639 -0.000000 -0.984809
vn -0.984808 0.000000 0.173648
vn -0.999524 -0.000145 -0.030835
vn -0.770209 -0.000203 -0.637792
vn -0.984808 0.000000 0.173648
vn -0.984808 0.000000 0.173648
vn -0.984808 -0.000000 0.173648
vn -0.984808 -0.000000 0.173648
vn -0.984808 -0.000000 0.173648
vn -0.892144 0.023573 0.451135
vn -0.728709 0.043318 0.683452
vn -0.984808 -0.000001 0.173648
vn -0.999817 -0.000111 -0.019128
vn -0.782703 -0.000209 -0.622395
vn -0.984808 -0.000001 0.173648
vn -0.984808 0.000001 0.173648
vn -0.984808 -0.000001 0.173648
vn -0.984808 0.000001 0.173648
vn -0.984808 -0.000000 0.173648
vn -0.748711 0.039116 0.661742
vn -0.900641 0.020338 0.434087
vn 0.173161 0.075218 0.982017
vn 0.173182 0.075288 0.982008
vn 0.173150 0.075319 0.982011
vn 0.173204 0.075312 0.982002
vn 0.184388 0.122465 0.975194
vn 0.173154 0.075318 0.982011
vn 0.167899 0.254878 0.952285
vn 0.171216 0.165748 0.971191
vn 0.171232 0.165891 0.971164
vn 0.169589 0.248701 0.953618
vn 0.292089 0.163441 0.942322
vn 0.426651 0.168732 0.888537
vn 0.295205 0.271849 0.915943
vn 0.508871 0.329604 0.795243
vn 0.957122 0.235449 -0.168767
vn 0.977863 0.118546 -0.172428
vn 0.991381 0.128715 0.024400
vn 0.963037 0.268091 0.026192
vn 0.957739 0.143774 0.249130
vn 0.854022 0.342094 0.391942
vn 0.977849 0.118662 -0.172425
vn 0.984039 0.065741 -0.165364
vn 0.958041 0.231845 -0.168541
vn 0.976667 0.172719 -0.127629
vn 0.984808 -0.000054 -0.173647
vn 0.984808 0.000024 -0.173648
vn 0.984807 -0.000049 -0.173650
vn 0.951152 -0.000054 -0.308724
vn 0.610399 -0.000179 -0.792094
vn -0.173588 0.000234 -0.984818
vn 0.010598 -0.000174 -0.999944
vn -0.173619 -0.000175 -0.984813
vn -0.173676 0.000087 -0.984803
vn -0.173647 0.000193 -0.984808
vn -0.173746 -0.000209 -0.984790
vn -0.173645 0.000195 -0.984808
vn -0.173728 -0.000204 -0.984794
vn -0.173578 0.000160 -0.984820
vn -0.984808 0.000001 0.173648
vn -0.984808 0.000000 0.173648
vn -0.984808 -0.000000 0.173648
vn -0.984808 -0.000000 0.173648
vn -0.984808 0.000000 0.173648
vn -0.984808 -0.000001 0.173648
vn -0.984808 -0.000000 0.173648
vn -0.984808 -0.000000 0.173648
vn -0.984808 0.000001 0.173648
vn -0.984808 0.000000 0.173648
vn -0.984808 -0.000000 0.173648
vn -0.984808 0.000000 0.173648
vn -0.984808 0.000000 0.173648
vn -0.979198 -0.106583 0.172659
vn -0.962433 -0.211950 0.169703
vn -0.220122 -0.974700 0.038818
vn -0.428730 -0.900263 0.075611
vn -0.545147 -0.832812 0.096114
vn 0.000001 -1.000000 -0.000001
vn -0.000012 -1.000000 -0.000018
vn -0.000005 -1.000000 -0.000029
vn 0.000006 -1.000000 -0.000008
vn -0.000011 -1.000000 -0.000021
vn 0.305592 -0.950636 -0.053892
vn 0.581010 -0.807424 -0.102439
vn 0.984805 -0.000000 -0.173661
vn 0.982005 -0.075397 -0.173149
vn 0.973613 -0.150361 -0.171666
vn 0.984808 0.000000 -0.173644
vn 0.984806 -0.000000 -0.173655
vn 0.984807 -0.000001 -0.173653
vn 0.984809 0.000001 -0.173644
vn 0.984809 0.000023 -0.173641
vn 0.991016 0.052824 -0.122868
vn 0.952762 0.024518 0.302725
vn 0.997706 0.012621 0.066506
vn 0.997726 0.012576 0.066212
vn 0.983585 0.106391 0.145742
vn 0.951385 0.024591 0.307022
vn 0.997552 0.012667 0.068768
vn 0.997633 0.012651 0.067596
vn 0.952109 0.024556 0.304771
vn 0.997551 0.012774 0.068766
vn 0.992040 -0.054301 -0.113615
vn 0.982439 -0.136129 0.127602
vn 0.984806 -0.000001 -0.173659
vn 0.984809 -0.000044 -0.173639
vn 0.984809 0.000000 -0.173643
vn 0.984808 -0.000000 -0.173649
vn 0.984804 -0.000004 -0.173668
vn 0.984811 0.000003 -0.173630
vn 0.979653 0.102271 -0.172689
vn 0.964206 0.203489 -0.170000
vn 0.378200 0.923313 -0.066761
vn 0.173132 0.984435 -0.030225
vn 0.564512 0.819422 -0.099364
vn 0.171082 0.984791 -0.030279
vn 0.166277 0.985646 -0.029234
vn 0.135556 0.990479 -0.024003
vn 0.149010 0.988486 -0.026297
vn 0.162525 0.986282 -0.028881
vn 0.167513 0.985427 -0.029535
vn 0.165098 0.985842 -0.029285
vn -0.984808 -0.000000 0.173647
vn -0.973798 0.149022 0.171783
vn -0.941110 0.294559 0.165970
vn -0.984808 0.000000 0.173648
vn -0.984808 -0.000000 0.173648
vn -0.984808 0.000000 0.173648
vn -0.984808 -0.000000 0.173648
vn -0.984808 -0.000001 0.173648
vn -0.145343 0.184214 -0.972081
vn 0.010113 0.807128 -0.590290
vn 0.019485 0.805129 -0.592780
vn -0.143433 0.183699 -0.972462
vn 0.135892 0.990432 -0.024023
vn 0.147395 0.988735 -0.026027
vn 0.147420 0.988733 -0.025976
vn 0.147391 0.988740 -0.025886
vn 0.135902 0.990432 -0.023966
vn 0.135914 0.990432 -0.023898
vn 0.147375 0.988733 -0.026216
vn 0.147355 0.988735 -0.026271
vn 0.135882 0.990432 -0.024083
vn 0.135880 0.990432 -0.024092
vn 0.147413 0.988734 -0.025957
vn 0.147421 0.988738 -0.025757
vn 0.135903 0.990432 -0.023959
vn 0.135927 0.990432 -0.023824
vn 0.217265 0.838490 0.499731
vn 0.214999 0.355749 0.909515
vn 0.207156 0.840792 0.500155
vn 0.210909 0.356315 0.910251
vn 0.201493 0.245891 0.948123
vn 0.204707 0.244281 0.947851
vn 0.195996 0.219855 0.955641
vn 0.198082 0.217190 0.955820
vn 0.185056 0.208419 0.960373
vn 0.185757 0.205331 0.960903
vn 0.175093 0.158471 0.971715
vn 0.174808 0.156381 0.972105
vn 0.173242 0.087305 0.981002
vn 0.173047 0.086834 0.981078
vn 0.173387 0.054955 0.983319
vn 0.173335 0.054959 0.983328
vn 0.173251 0.065244 0.982714
vn 0.173179 0.075299 0.982008
vn 0.173277 0.065410 0.982699
vn 0.173148 0.075677 0.981984
vn 0.173154 0.075424 0.982002
vn 0.173178 0.075303 0.982008
vn 0.173155 0.075211 0.982019
vn 0.173124 0.075284 0.982018
vn 0.173152 0.075284 0.982014
vn 0.173244 0.075244 0.982000
vn 0.173155 0.075274 0.982014
vn 0.173171 0.075280 0.982011
vn 0.173156 0.075175 0.982021
vn 0.173187 0.075245 0.982010
vn 0.173161 0.075071 0.982028
vn 0.173137 0.075298 0.982015
vn 0.173158 0.075205 0.982019
vn 0.173112 0.075314 0.982018
vn 0.173154 0.075306 0.982011
vn 0.173157 0.075293 0.982012
vn 0.173170 0.075298 0.982009
vn 0.173715 0.075216 0.981919
vn 0.173156 0.075283 0.982013
vn 0.173156 0.075286 0.982013
vn 0.173152 0.075284 0.982014
vn 0.175582 0.074822 0.981617
vn 0.173158 0.075277 0.982013
vn 0.177155 0.074515 0.981358
vn 0.173640 0.008300 0.984774
vn 0.174045 0.005097 0.984725
vn 0.156098 -0.438094 0.885272
vn 0.126712 -0.449651 0.884171
vn 0.061388 -0.935430 0.348141
vn 0.003646 -0.935405 0.353558
vn 0.000002 -1.000000 0.000019
vn -0.061396 -0.998055 0.010832
vn -0.000001 -1.000000 -0.000000
vn -0.061348 -0.998058 0.010817
vn -0.000004 -1.000000 -0.000018
vn -0.061347 -0.998058 0.010818
vn -0.000004 -1.000000 -0.000017
vn -0.061347 -0.998058 0.010816
vn -0.000000 -1.000000 0.000010
vn -0.061348 -0.998058 0.010818
vn -0.061348 -0.998058 0.010816
vn -0.061345 -0.998058 0.010817
vn -0.000000 -1.000000 -0.000004
vn -0.000000 -1.000000 0.000000
vn -0.101811 -0.967230 -0.232598
vn -0.138628 -0.874181 -0.465391
vn -0.043326 -0.968372 -0.245721
vn -0.083912 -0.875488 -0.475899
vn -0.179224 -0.103018 -0.978400
vn -0.173746 0.000005 -0.984791
vn -0.181872 -0.197327 -0.963320
vn -0.170228 -0.197716 -0.965366
vn -0.172790 -0.099338 -0.979937
vn -0.173645 0.000013 -0.984808
vn -0.173553 -0.000017 -0.984825
vn -0.173742 0.000016 -0.984791
vn -0.173652 -0.000003 -0.984807
vn -0.173645 0.000000 -0.984808
vn -0.173556 -0.000013 -0.984824
vn -0.173730 0.000010 -0.984793
vn -0.173650 0.000001 -0.984807
vn -0.173648 -0.000015 -0.984808
vn -0.173625 -0.000140 -0.984812
vn -0.173671 0.000006 -0.984804
vn -0.173648 0.000187 -0.984808
vn -0.173648 -0.000061 -0.984808
vn -0.173597 0.000225 -0.984817
vn -0.173724 -0.000090 -0.984794
vn -0.173648 -0.000180 -0.984808
vn -0.173647 0.000064 -0.984808
vn -0.173573 0.000028 -0.984821
vn -0.173696 0.000019 -0.984799
vn -0.173649 -0.000003 -0.984808
vn -0.173648 -0.000065 -0.984808
vn -0.173633 -0.000251 -0.984810
vn -0.173666 -0.000107 -0.984805
vn -0.173648 0.000308 -0.984808
vn -0.173648 0.000050 -0.984808
vn -0.173553 0.000372 -0.984824
vn -0.173746 -0.000008 -0.984791
vn -0.173651 -0.000368 -0.984807
vn -0.173644 0.000009 -0.984809
vn -0.173552 0.000001 -0.984825
vn -0.173744 -0.000001 -0.984791
vn -0.173653 -0.000002 -0.984807
vn -0.173643 0.000001 -0.984809
vn -0.173553 0.000000 -0.984825
vn -0.173741 0.000000 -0.984791
vn -0.173653 -0.000000 -0.984807
vn -0.173646 -0.000002 -0.984808
vn -0.170773 0.018995 -0.985127
vn -0.170934 0.019537 -0.985089
vn -0.533570 -0.774365 -0.340089
vn -0.541707 -0.830970 -0.126656
vn -0.575682 -0.809593 -0.114667
vn -0.572695 -0.754056 -0.321590
vn -0.513545 -0.853271 0.090559
vn -0.551029 -0.828811 0.097162
vn -0.513550 -0.853268 0.090553
vn -0.551028 -0.828811 0.097159
vn -0.513550 -0.853269 0.090546
vn -0.551029 -0.828810 0.097162
vn -0.551028 -0.828811 0.097163
vn -0.551027 -0.828811 0.097166
vn -0.513552 -0.853268 0.090543
vn -0.513549 -0.853268 0.090555
vn -0.551027 -0.828812 0.097162
vn -0.551027 -0.828812 0.097163
vn -0.513550 -0.853268 0.090554
vn -0.513550 -0.853268 0.090558
vn -0.468444 -0.788453 0.398626
vn -0.107608 -0.401432 0.909546
vn -0.433107 -0.807592 0.400267
vn -0.078462 -0.401577 0.912458
vn 0.192554 0.022402 0.981031
vn 0.235120 0.106061 0.966162
vn 0.209879 0.059670 0.975905
vn 0.249503 0.181053 0.951298
vn 0.211104 0.111544 0.971078
vn 0.183427 0.100438 0.977889
vn 0.209600 0.174388 0.962111
vn 0.179191 0.126467 0.975652
vn 0.173627 0.087076 0.980954
vn 0.174090 0.081983 0.981311
vn 0.173156 0.075303 0.982012
vn 0.173156 0.075291 0.982012
vn 0.173156 0.075298 0.982012
vn 0.173154 0.075316 0.982011
vn 0.173158 0.075215 0.982018
vn 0.173154 0.075071 0.982030
vn 0.173155 0.075266 0.982014
vn 0.173155 0.075268 0.982014
vn 0.173152 0.075167 0.982022
vn 0.173158 0.075280 0.982013
vn 0.173157 0.075258 0.982015
vn 0.173157 0.075262 0.982014
vn 0.173151 0.075279 0.982014
vn 0.173150 0.075216 0.982019
vn 0.173154 0.075327 0.982010
vn 0.173158 0.075283 0.982013
vn 0.173152 0.075408 0.982004
vn 0.173149 0.075676 0.981984
vn 0.173276 0.065429 0.982697
vn 0.173279 0.065230 0.982710
vn 0.173390 0.054957 0.983319
vn 0.173386 0.054958 0.983319
vn 0.173202 0.085914 0.981132
vn 0.175257 0.152095 0.972703
vn 0.173301 0.085121 0.981183
vn 0.175405 0.149368 0.973099
vn 0.186587 0.197067 0.962471
vn 0.199311 0.207436 0.957729
vn 0.186577 0.192404 0.963416
vn 0.199260 0.202013 0.958899
vn 0.206984 0.239574 0.948558
vn 0.220253 0.356039 0.908144
vn 0.207037 0.237641 0.949032
vn 0.219644 0.356081 0.908275
vn 0.227391 0.838137 0.495802
vn 0.228855 0.837856 0.495603
vn 0.159881 0.986738 -0.028056
vn 0.161590 0.986454 -0.028220
vn 0.159840 0.986738 -0.028264
vn 0.161544 0.986455 -0.028479
vn 0.159853 0.986739 -0.028182
vn 0.161493 0.986455 -0.028759
vn 0.159873 0.986738 -0.028084
vn 0.161500 0.986455 -0.028725
vn 0.159868 0.986738 -0.028126
vn 0.161566 0.986454 -0.028356
vn 0.159848 0.986738 -0.028220
vn 0.161544 0.986454 -0.028485
vn 0.159851 0.986738 -0.028193
vn 0.161521 0.986455 -0.028607
vn 0.031402 0.804873 -0.592616
vn -0.140314 0.184776 -0.972713
vn 0.029975 0.805021 -0.592489
vn -0.140616 0.184810 -0.972663
vn -0.170447 0.019564 -0.985173
vn -0.170491 0.019087 -0.985174
vn -0.173641 -0.000005 -0.984809
vn -0.173646 0.000003 -0.984808
vn -0.173654 -0.000000 -0.984807
vn -0.173648 -0.000000 -0.984808
vn -0.173643 -0.000002 -0.984809
vn -0.173649 -0.000000 -0.984808
vn -0.173654 0.000004 -0.984807
vn -0.173648 0.000001 -0.984808
vn -0.173638 0.000005 -0.984809
vn -0.173649 -0.000007 -0.984808
vn -0.173653 -0.000368 -0.984807
vn -0.173647 0.000365 -0.984808
vn -0.173659 0.000044 -0.984806
vn -0.173648 -0.000047 -0.984808
vn -0.173649 0.000321 -0.984808
vn -0.173648 -0.000311 -0.984808
vn -0.173638 -0.000071 -0.984810
vn -0.173648 0.000068 -0.984808
vn -0.173650 -0.000004 -0.984808
vn -0.173648 -0.000000 -0.984808
vn -0.173647 0.000065 -0.984808
vn -0.173648 -0.000061 -0.984808
vn -0.173649 -0.000181 -0.984808
vn -0.173648 0.000177 -0.984808
vn -0.173658 -0.000068 -0.984806
vn -0.173648 0.000065 -0.984808
vn -0.173649 0.000200 -0.984807
vn -0.173649 -0.000190 -0.984808
vn -0.173639 -0.000018 -0.984809
vn -0.173648 0.000018 -0.984808
vn -0.173653 -0.000001 -0.984807
vn -0.173649 -0.000003 -0.984808
vn -0.173642 0.000004 -0.984809
vn -0.173648 0.000001 -0.984808
vn -0.173656 -0.000006 -0.984806
vn -0.173647 0.000001 -0.984808
vn -0.173630 0.000023 -0.984811
vn -0.173657 -0.000014 -0.984806
vn -0.228842 -0.096382 -0.968680
vn -0.237465 -0.098197 -0.966420
vn -0.290945 -0.196367 -0.936371
vn -0.299215 -0.195526 -0.933938
vn -0.083912 -0.875488 -0.475899
vn -0.043326 -0.968372 -0.245721
vn -0.044204 -0.968376 -0.245547
vn -0.084692 -0.875543 -0.475660
vn 0.000000 -1.000000 -0.000000
vn -0.000909 -1.000000 0.000160
vn -0.008536 -0.999962 0.001497
vn -0.051629 -0.968292 -0.244427
vn -0.091337 -0.875563 -0.474392
vn 0.000000 -1.000000 -0.000000
vn -0.000909 -1.000000 0.000160
vn 0.000000 -1.000000 -0.000000
vn -0.000908 -1.000000 0.000160
vn -0.008532 -0.999962 0.001514
vn -0.008534 -0.999962 0.001505
vn -0.008538 -0.999962 0.001487
vn -0.008537 -0.999962 0.001488
vn -0.000909 -1.000000 0.000160
vn -0.000908 -1.000000 0.000160
vn 0.000000 -1.000000 -0.000000
vn 0.000000 -1.000000 -0.000000
vn -0.008531 -0.999962 0.001522
vn -0.008534 -0.999962 0.001505
vn -0.000909 -1.000000 0.000160
vn -0.000908 -1.000000 0.000160
vn 0.000000 -1.000000 -0.000000
vn 0.000000 -1.000000 -0.000000
vn 0.139326 -0.436436 0.888882
vn 0.048334 -0.935044 0.351221
vn 0.055175 -0.935395 0.349274
vn 0.142051 -0.437876 0.887742
vn 0.056051 -0.935401 0.349119
vn 0.142509 -0.437984 0.887615
vn 0.158127 0.208213 0.965217
vn 0.159301 0.066308 0.985001
vn 0.158837 0.039038 0.986533
vn 0.159616 0.146805 0.976202
vn 0.158980 0.010856 0.987222
vn 0.160797 0.081236 0.983639
vn 0.168559 0.134120 0.976524
vn 0.161705 0.198431 0.966683
vn 0.164369 0.141205 0.976240
vn 0.169814 0.105801 0.979780
vn 0.165625 0.080329 0.982912
vn 0.170859 0.076817 0.982297
vn 0.173149 0.075744 0.981979
vn 0.172609 0.080881 0.981664
vn 0.173155 0.075304 0.982012
vn 0.173156 0.075290 0.982012
vn 0.173155 0.075306 0.982011
vn 0.172512 0.086260 0.981223
vn 0.173158 0.075054 0.982030
vn 0.173156 0.075188 0.982020
vn 0.173155 0.075304 0.982012
vn 0.173154 0.075315 0.982011
vn 0.173157 0.075210 0.982018
vn 0.173160 0.075047 0.982030
vn 0.173159 0.075276 0.982013
vn 0.173159 0.075180 0.982020
vn 0.173156 0.075255 0.982015
vn 0.173155 0.075266 0.982014
vn 0.173156 0.075151 0.982023
vn 0.173155 0.075280 0.982013
vn 0.173154 0.075215 0.982019
vn 0.173156 0.075278 0.982013
vn 0.173156 0.075257 0.982015
vn 0.173156 0.075259 0.982015
vn 0.173153 0.075280 0.982014
vn 0.173155 0.075210 0.982019
vn 0.173150 0.075679 0.981984
vn 0.173153 0.075444 0.982001
vn 0.173154 0.075324 0.982010
vn 0.173156 0.075282 0.982013
vn 0.173154 0.075423 0.982003
vn 0.173150 0.075677 0.981984
vn 0.173278 0.065416 0.982698
vn 0.173279 0.065229 0.982710
vn 0.173387 0.054958 0.983319
vn 0.173386 0.054958 0.983319
vn 0.173384 0.054959 0.983320
vn 0.173274 0.065402 0.982700
vn 0.174751 0.145513 0.973801
vn 0.173029 0.084146 0.981316
vn 0.173388 0.082849 0.981363
vn 0.175643 0.139255 0.974555
vn 0.173397 0.081330 0.981488
vn 0.175710 0.133378 0.975365
vn 0.195499 0.193718 0.961381
vn 0.184726 0.185042 0.965213
vn 0.185186 0.174495 0.967087
vn 0.195330 0.182080 0.963687
vn 0.185208 0.165193 0.968715
vn 0.194911 0.171961 0.965629
vn 0.218397 0.356018 0.908600
vn 0.204437 0.234059 0.950485
vn 0.204299 0.227406 0.952128
vn 0.218494 0.355745 0.908684
vn 0.203721 0.222358 0.953443
vn 0.218019 0.356317 0.908573
vn 0.223585 0.838719 0.496549
vn 0.224848 0.838539 0.496282
vn 0.155414 0.987477 -0.027124
vn 0.156801 0.987240 -0.027776
vn 0.156480 0.987292 -0.027723
vn 0.224586 0.838599 0.496299
vn 0.155367 0.987477 -0.027392
vn 0.156824 0.987240 -0.027647
vn 0.155318 0.987477 -0.027667
vn 0.156847 0.987240 -0.027518
vn 0.156520 0.987293 -0.027460
vn 0.156501 0.987292 -0.027587
vn 0.155322 0.987477 -0.027643
vn 0.156843 0.987240 -0.027540
vn 0.155389 0.987477 -0.027266
vn 0.156812 0.987240 -0.027716
vn 0.156491 0.987292 -0.027662
vn 0.156519 0.987292 -0.027487
vn 0.155366 0.987477 -0.027397
vn 0.156823 0.987240 -0.027651
vn 0.155341 0.987478 -0.027515
vn 0.156833 0.987240 -0.027593
vn 0.156498 0.987293 -0.027597
vn 0.156507 0.987292 -0.027558
vn -0.141435 0.184053 -0.972687
vn 0.027010 0.804830 -0.592890
vn 0.027509 0.805392 -0.592104
vn -0.141289 0.184456 -0.972632
vn 0.026185 0.805325 -0.592255
vn -0.141522 0.184619 -0.972567
vn -0.170536 0.019557 -0.985157
vn -0.170583 0.019093 -0.985158
vn -0.173646 -0.000006 -0.984808
vn -0.173647 0.000003 -0.984808
vn -0.173649 -0.000001 -0.984808
vn -0.170520 0.019531 -0.985161
vn -0.173651 0.000002 -0.984807
vn -0.173648 -0.000000 -0.984808
vn -0.173645 -0.000002 -0.984808
vn -0.173648 -0.000001 -0.984808
vn -0.173652 0.000002 -0.984807
vn -0.173645 0.000001 -0.984808
vn -0.173650 0.000001 -0.984807
vn -0.173648 0.000002 -0.984808
vn -0.173647 0.000004 -0.984808
vn -0.173648 -0.000008 -0.984808
vn -0.173647 0.000008 -0.984808
vn -0.173646 -0.000004 -0.984808
vn -0.173648 -0.000361 -0.984808
vn -0.173648 0.000365 -0.984808
vn -0.173648 0.000043 -0.984808
vn -0.173648 -0.000047 -0.984808
vn -0.173653 0.000048 -0.984807
vn -0.173648 -0.000363 -0.984808
vn -0.173648 0.000315 -0.984808
vn -0.173648 -0.000311 -0.984808
vn -0.173648 -0.000072 -0.984808
vn -0.173648 0.000068 -0.984808
vn -0.173644 -0.000067 -0.984808
vn -0.173648 0.000307 -0.984808
vn -0.173648 0.000005 -0.984808
vn -0.173648 -0.000000 -0.984808
vn -0.173648 0.000057 -0.984808
vn -0.173648 -0.000061 -0.984808
vn -0.173648 0.000059 -0.984808
vn -0.173648 0.000002 -0.984808
vn -0.173648 -0.000173 -0.984808
vn -0.173648 0.000177 -0.984808
vn -0.173648 -0.000069 -0.984808
vn -0.173648 0.000065 -0.984808
vn -0.173653 -0.000064 -0.984807
vn -0.173648 -0.000175 -0.984808
vn -0.173649 0.000194 -0.984808
vn -0.173648 -0.000190 -0.984808
vn -0.173647 -0.000022 -0.984808
vn -0.173648 0.000018 -0.984808
vn -0.173645 -0.000016 -0.984808
vn -0.173649 0.000186 -0.984808
vn -0.173649 0.000005 -0.984808
vn -0.173648 -0.000001 -0.984808
vn -0.173647 0.000000 -0.984808
vn -0.173648 -0.000004 -0.984808
vn -0.173649 0.000002 -0.984808
vn -0.173647 0.000003 -0.984808
vn -0.173649 -0.000004 -0.984808
vn -0.173648 0.000008 -0.984808
vn -0.173648 0.000022 -0.984808
vn -0.173648 -0.000026 -0.984808
vn -0.173648 0.000024 -0.984808
vn -0.173647 -0.000006 -0.984808
vn -0.172789 -0.099380 -0.979933
vn -0.172884 -0.099107 -0.979943
vn -0.170212 -0.197876 -0.965336
vn -0.170413 -0.197261 -0.965426
vn -0.171919 -0.197689 -0.965071
vn -0.173636 -0.098861 -0.979835
vn 0.010027 0.807741 -0.589452
vn -0.145331 0.184694 -0.971991
vn 0.135519 0.990485 -0.023960
vn 0.135530 0.990485 -0.023899
vn 0.135541 0.990485 -0.023833
vn 0.135509 0.990485 -0.024017
vn 0.135506 0.990485 -0.024030
vn 0.135531 0.990485 -0.023889
vn 0.135554 0.990485 -0.023760
vn 0.206829 0.840861 0.500174
vn 0.210765 0.356103 0.910367
vn 0.201447 0.250255 0.946991
vn 0.195789 0.228757 0.953592
vn 0.184694 0.216443 0.958666
vn 0.174947 0.163160 0.970965
vn 0.173231 0.088341 0.980911
vn 0.173386 0.054958 0.983319
vn 0.173279 0.065230 0.982710
vn 0.173157 0.075282 0.982013
vn 0.173154 0.075328 0.982010
vn 0.173156 0.075261 0.982015
vn 0.173157 0.075256 0.982015
vn 0.173155 0.075270 0.982014
vn 0.173156 0.075259 0.982015
vn 0.173154 0.075314 0.982011
vn 0.173156 0.075308 0.982011
vn 0.173156 0.075292 0.982012
vn 0.173155 0.075285 0.982013
vn 0.173157 0.075284 0.982013
vn 0.173156 0.075284 0.982013
vn 0.173154 0.075278 0.982014
vn 0.173643 0.008211 0.984774
vn 0.156115 -0.437880 0.885375
vn 0.061434 -0.935325 0.348415
vn 0.000000 -1.000000 -0.000000
vn -0.000000 -1.000000 -0.000000
vn -0.000000 -1.000000 0.000000
vn -0.000000 -1.000000 0.000000
vn 0.000001 -1.000000 -0.000000
vn -0.000000 -1.000000 0.000000
vn -0.000001 -1.000000 0.000000
vn -0.043318 -0.968386 -0.245667
vn -0.083896 -0.875543 -0.475800
vn -0.172793 -0.099135 -0.979957
vn -0.173648 -0.000011 -0.984808
vn -0.170232 -0.197261 -0.965458
vn -0.173648 0.000001 -0.984808
vn -0.173648 0.000001 -0.984808
vn -0.173648 -0.000003 -0.984808
vn -0.173648 0.000018 -0.984808
vn -0.173648 -0.000190 -0.984808
vn -0.173648 0.000065 -0.984808
vn -0.173648 0.000177 -0.984808
vn -0.173648 -0.000061 -0.984808
vn -0.173648 -0.000000 -0.984808
vn -0.173648 0.000068 -0.984808
vn -0.173648 -0.000311 -0.984808
vn -0.173648 -0.000047 -0.984808
vn -0.173648 0.000365 -0.984808
vn -0.173649 -0.000008 -0.984808
vn -0.173648 0.000001 -0.984808
vn -0.173648 -0.000001 -0.984808
vn -0.173648 -0.000000 -0.984808
vn -0.173647 0.000004 -0.984808
vn -0.171005 0.019088 -0.985085
vn -0.254890 -0.965925 0.044944
vn -0.300040 -0.932414 -0.201447
vn -0.291897 -0.855411 -0.427865
vn -0.254892 -0.965924 0.044946
vn -0.254889 -0.965925 0.044944
vn -0.254893 -0.965924 0.044946
vn -0.254891 -0.965925 0.044942
vn -0.254894 -0.965924 0.044947
vn -0.254894 -0.965924 0.044946
vn -0.188485 -0.895671 0.402798
vn 0.061618 -0.381242 0.922420
vn 0.227567 0.234275 0.945160
vn 0.206379 0.098780 0.973473
vn 0.177750 0.138759 0.974244
vn 0.200735 0.212361 0.956351
vn 0.172640 0.087964 0.981049
vn 0.173153 0.075290 0.982013
vn 0.173158 0.075452 0.982000
vn 0.173157 0.075305 0.982011
vn 0.173147 0.075216 0.982020
vn 0.173151 0.075341 0.982009
vn 0.173154 0.075260 0.982015
vn 0.173164 0.075262 0.982013
vn 0.173155 0.075285 0.982013
vn 0.173156 0.075325 0.982010
vn 0.173283 0.065230 0.982710
vn 0.173388 0.054957 0.983319
vn 0.174868 0.147890 0.973422
vn 0.173206 0.084537 0.981251
vn 0.185320 0.189494 0.964235
vn 0.197551 0.198646 0.959955
vn 0.218698 0.356128 0.908484
vn 0.206000 0.236685 0.949497
vn 0.157313 0.987167 -0.027458
vn 0.225203 0.838471 0.496235
vn 0.157274 0.987166 -0.027727
vn 0.157234 0.987164 -0.028007
vn 0.157288 0.987167 -0.027603
vn 0.157231 0.987166 -0.027971
vn 0.157273 0.987166 -0.027732
vn 0.157260 0.987164 -0.027857
vn -0.141098 0.184870 -0.972581
vn 0.027926 0.805501 -0.591936
vn -0.173647 0.000001 -0.984808
vn -0.170567 0.019102 -0.985161
vn -0.173654 -0.000000 -0.984807
vn -0.173640 -0.000000 -0.984809
vn -0.173650 -0.000006 -0.984807
vn -0.173655 0.000002 -0.984807
vn -0.173647 0.000361 -0.984808
vn -0.173633 -0.000047 -0.984810
vn -0.173661 0.000068 -0.984805
vn -0.173648 -0.000307 -0.984808
vn -0.173650 -0.000004 -0.984808
vn -0.173648 -0.000057 -0.984808
vn -0.173648 0.000173 -0.984808
vn -0.173633 0.000065 -0.984810
vn -0.173656 0.000013 -0.984806
vn -0.173648 -0.000188 -0.984808
vn -0.173654 -0.000005 -0.984807
vn -0.173642 0.000002 -0.984809
vn -0.173657 -0.000001 -0.984806
vn -0.173638 -0.000010 -0.984810
vn -0.192246 -0.083687 -0.977772
vn -0.232618 -0.196860 -0.952436
vn -0.532085 -0.741875 -0.408054
vn -0.479973 -0.851526 -0.211020
vn -0.274400 -0.939557 -0.204785
vn -0.351289 -0.841832 -0.409774
vn -0.448985 -0.890025 0.079168
vn -0.230931 -0.972118 0.040719
vn -0.448974 -0.890031 0.079166
vn -0.230925 -0.972119 0.040718
vn -0.230928 -0.972118 0.040719
vn -0.448980 -0.890028 0.079167
vn -0.230928 -0.972118 0.040718
vn -0.230931 -0.972118 0.040719
vn -0.448980 -0.890028 0.079166
vn -0.448984 -0.890026 0.079168
vn -0.230929 -0.972118 0.040719
vn -0.230923 -0.972120 0.040718
vn -0.448979 -0.890028 0.079168
vn -0.448968 -0.890034 0.079166
vn -0.159109 -0.916987 0.365813
vn -0.035493 -0.443119 0.895760
vn -0.406471 -0.805807 0.430646
vn -0.192686 -0.270776 0.943161
vn 0.058846 -0.006607 0.998245
vn 0.067992 0.058997 0.995940
vn -0.028526 -0.018799 0.999416
vn -0.026976 0.057141 0.998002
vn 0.073595 0.060184 0.995471
vn 0.078395 0.067528 0.994633
vn -0.021236 0.058380 0.998069
vn -0.015259 0.066546 0.997667
vn -0.006280 0.074063 0.997234
vn 0.083787 0.074985 0.993658
vn 0.081664 0.073830 0.993922
vn -0.009993 0.072589 0.997312
vn 0.084235 0.074974 0.993621
vn 0.084440 0.074951 0.993606
vn -0.005217 0.073941 0.997249
vn -0.004767 0.073818 0.997260
vn 0.084584 0.074928 0.993595
vn 0.084626 0.074968 0.993589
vn -0.004588 0.073923 0.997253
vn -0.004502 0.074059 0.997244
vn 0.085193 0.074914 0.993544
vn 0.085346 0.074949 0.993528
vn -0.003355 0.073964 0.997255
vn -0.003056 0.074028 0.997252
vn 0.085558 0.074988 0.993507
vn 0.085627 0.074954 0.993504
vn -0.002640 0.074040 0.997252
vn -0.002642 0.073923 0.997260
vn -0.000217 0.054120 0.998534
vn 0.086917 0.054750 0.994710
vn 0.085744 0.064988 0.994195
vn -0.002474 0.063975 0.997948
vn 0.090036 0.080310 0.992695
vn 0.102367 0.130736 0.986118
vn 0.005935 0.079580 0.996811
vn 0.028632 0.129371 0.991183
vn 0.132045 0.162020 0.977913
vn 0.160833 0.169262 0.972360
vn 0.078814 0.160599 0.983868
vn 0.126527 0.168547 0.977539
vn 0.173225 0.223509 0.959186
vn 0.160612 0.366530 0.916439
vn 0.139828 0.217760 0.965934
vn 0.105855 0.325090 0.939740
vn -0.333891 0.940766 0.058951
vn -0.092863 0.995548 0.016169
vn 0.022180 0.871934 0.489121
vn -0.173397 0.827271 0.534374
vn -0.333889 0.940797 0.058481
vn -0.092854 0.995544 0.016417
vn -0.092984 0.995531 0.016467
vn -0.334143 0.940671 0.059052
vn -0.333831 0.940795 0.058834
vn -0.092801 0.995552 0.016258
vn -0.092950 0.995533 0.016592
vn -0.334085 0.940703 0.058861
vn -0.333872 0.940781 0.058829
vn -0.092725 0.995556 0.016413
vn -0.093031 0.995527 0.016444
vn -0.334225 0.940644 0.059013
vn -0.169998 0.838187 -0.518211
vn -0.200475 0.202087 -0.958630
vn -0.391091 0.800504 -0.454139
vn -0.207538 -0.000122 -0.978227
vn -0.192840 0.019917 -0.981028
vn -0.279603 -0.000077 -0.960116
vn -0.242947 -0.000114 -0.970039
vn -0.299493 -0.000042 -0.954098
vn -0.294886 -0.000038 -0.955532
vn -0.300919 0.000053 -0.953650
vn -0.300821 0.000263 -0.953681
vn -0.301394 0.000045 -0.953500
vn -0.300809 -0.000422 -0.953684
vn -0.302464 -0.000026 -0.953161
vn -0.301657 -0.000075 -0.953416
vn -0.302662 0.000120 -0.953098
vn -0.302397 0.000054 -0.953182
vn -0.303757 -0.000032 -0.952750
vn -0.302548 -0.000253 -0.953134
vn -0.309680 -0.000124 -0.950841
vn -0.305890 -0.000072 -0.952067
vn -0.317687 -0.000119 -0.948196
vn -0.313905 -0.000159 -0.949454
vn -0.335101 -0.194396 -0.921910
vn -0.324697 -0.107842 -0.939650
f 3/3/3 2/2/2 1/1/1
f 4/4/4 3/3/3 1/1/1
f 6/6/6 5/5/5 2/2/2
f 3/3/3 6/6/6 2/2/2
f 7/7/7 6/6/6 3/3/3
f 8/8/8 7/7/7 3/3/3
f 8/8/8 3/3/3 4/4/4
f 9/9/9 8/8/8 4/4/4
f 12/12/12 11/11/11 10/10/10
f 13/13/13 12/12/12 10/10/10
f 15/15/15 14/14/14 11/11/11
f 12/12/12 15/15/15 11/11/11
f 16/16/16 15/15/15 12/12/12
f 17/17/17 16/16/16 12/12/12
f 17/17/17 12/12/12 13/13/13
f 18/18/18 17/17/17 13/13/13
f 21/21/21 20/20/20 19/19/19
f 22/22/22 21/21/21 19/19/19
f 24/24/24 23/23/23 20/20/20
f 21/21/21 24/24/24 20/20/20
f 25/25/25 24/24/24 21/21/21
f 26/26/26 25/25/25 21/21/21
f 26/26/26 21/21/21 22/22/22
f 27/27/27 26/26/26 22/22/22
f 30/30/30 29/29/29 28/28/28
f 31/31/31 30/30/30 28/28/28
f 33/33/33 32/32/32 29/29/29
f 30/30/30 33/33/33 29/29/29
f 34/34/34 33/33/33 30/30/30
f 35/35/35 34/34/34 30/30/30
f 35/35/35 30/30/30 31/31/31
f 36/36/36 35/35/35 31/31/31
f 39/39/39 38/38/38 37/37/37
f 40/40/40 39/39/39 37/37/37
f 42/42/42 41/41/41 38/38/38
f 39/39/39 42/42/42 38/38/38
f 43/43/43 42/42/42 39/39/39
f 44/44/44 43/43/43 39/39/39
f 44/44/44 39/39/39 40/40/40
f 45/45/45 44/44/44 40/40/40
f 48/48/48 47/47/47 46/46/46
f 49/49/49 48/48/48 46/46/46
f 51/51/51 50/50/50 47/47/47
f 48/48/48 51/51/51 47/47/47
f 52/52/52 51/51/51 48/48/48
f 53/53/53 52/52/52 48/48/48
f 53/53/53 48/48/48 49/49/49
f 54/54/54 53/53/53 49/49/49
f 57/57/57 56/56/56 55/55/55
f 58/58/58 57/57/57 55/55/55
f 60/60/60 59/59/59 56/56/56
f 57/57/57 60/60/60 56/56/56
f 61/61/61 60/60/60 57/57/57
f 62/62/62 61/61/61 57/57/57
f 62/62/62 57/57/57 58/58/58
f 63/63/63 62/62/62 58/58/58
f 66/66/66 65/65/65 64/64/64
f 67/67/67 66/66/66 64/64/64
f 69/69/69 68/68/68 65/65/65
f 66/66/66 69/69/69 65/65/65
f 70/70/70 69/69/69 66/66/66
f 71/71/71 70/70/70 66/66/66
f 71/71/71 66/66/66 67/67/67
f 72/72/72 71/71/71 67/67/67
f 75/75/75 74/74/74 73/73/73
f 76/76/76 75/75/75 73/73/73
f 78/78/78 77/77/77 74/74/74
f 75/75/75 78/78/78 74/74/74
f 79/79/79 78/78/78 75/75/75
f 80/80/80 79/79/79 75/75/75
f 80/80/80 75/75/75 76/76/76
f 81/81/81 80/80/80 76/76/76
f 84/84/84 83/83/83 82/82/82
f 85/85/85 84/84/84 82/82/82
f 87/87/87 86/86/86 83/83/83
f 84/84/84 87/87/87 83/83/83
f 88/88/88 87/87/87 84/84/84
f 89/89/89 88/88/88 84/84/84
f 89/89/89 84/84/84 85/85/85
f 90/90/90 89/89/89 85/85/85
f 93/93/93 92/92/92 91/91/91
f 94/94/94 93/93/93 91/91/91
f 96/96/96 95/95/95 92/92/92
f 93/93/93 96/96/96 92/92/92
f 97/97/97 96/96/96 93/93/93
f 98/98/98 97/97/97 93/93/93
f 98/98/98 93/93/93 94/94/94
f 99/99/99 98/98/98 94/94/94
f 102/102/102 101/101/101 100/100/100
f 103/103/103 102/102/102 100/100/100
f 105/105/105 104/104/104 101/101/101
f 102/102/102 105/105/105 101/101/101
f 106/106/106 105/105/105 102/102/102
f 107/107/107 106/106/106 102/102/102
f 107/107/107 102/102/102 103/103/103
f 108/108/108 107/107/107 103/103/103
f 111/111/111 110/110/110 109/109/109
f 112/112/112 111/111/111 109/109/109
f 114/114/114 113/113/113 110/110/110
f 111/111/111 114/114/114 110/110/110
f 115/115/115 114/114/114 111/111/111
f 116/116/116 115/115/115 111/111/111
f 116/116/116 111/111/111 112/112/112
f 117/117/117 116/116/116 112/112/112
f 120/120/120 119/119/119 118/118/118
f 121/121/121 120/120/120 118/118/118
f 123/123/123 122/122/122 119/119/119
f 120/120/120 123/123/123 119/119/119
f 124/124/124 123/123/123 120/120/120
f 125/125/125 124/124/124 120/120/120
f 125/125/125 120/120/120 121/121/121
f 126/126/126 125/125/125 121/121/121
f 129/129/129 128/128/128 127/127/127
f 130/130/130 129/129/129 127/127/127
f 132/132/132 131/131/131 128/128/128
f 129/129/129 132/132/132 128/128/128
f 133/133/133 132/132/132 129/129/129
f 134/134/134 133/133/133 129/129/129
f 134/134/134 129/129/129 130/130/130
f 135/135/135 134/134/134 130/130/130
f 138/138/138 137/137/137 136/136/136
f 139/139/139 138/138/138 136/136/136
f 141/141/141 140/140/140 137/137/137
f 138/138/138 141/141/141 137/137/137
f 142/142/142 141/141/141 138/138/138
f 143/143/143 142/142/142 138/138/138
f 143/143/143 138/138/138 139/139/139
f 144/144/144 143/143/143 139/139/139
f 147/147/147 146/146/146 145/145/145
f 148/148/148 147/147/147 145/145/145
f 150/150/150 149/149/149 146/146/146
f 147/147/147 150/150/150 146/146/146
f 151/151/151 150/150/150 147/147/147
f 152/152/152 151/151/151 147/147/147
f 152/152/152 147/147/147 148/148/148
f 153/153/153 152/152/152 148/148/148
f 156/156/156 155/155/155 154/154/154
f 157/157/157 156/156/156 154/154/154
f 159/159/159 158/158/158 155/155/155
f 156/156/156 159/159/159 155/155/155
f 160/160/160 159/159/159 156/156/156
f 161/161/161 160/160/160 156/156/156
f 161/161/161 156/156/156 157/157/157
f 162/162/162 161/161/161 157/157/157
f 165/165/165 164/164/164 163/163/163
f 166/166/166 165/165/165 163/163/163
f 168/168/168 167/167/167 164/164/164
f 165/165/165 168/168/168 164/164/164
f 169/169/169 168/168/168 165/165/165
f 170/170/170 169/169/169 165/165/165
f 170/170/170 165/165/165 166/166/166
f 171/171/171 170/170/170 166/166/166
f 174/174/174 173/173/173 172/172/172
f 175/175/175 174/174/174 172/172/172
f 177/177/177 176/176/176 173/173/173
f 174/174/174 177/177/177 173/173/173
f 178/178/178 177/177/177 174/174/174
f 179/179/179 178/178/178 174/174/174
f 179/179/179 174/174/174 175/175/175
f 180/180/180 179/179/179 175/175/175
f 183/183/183 182/182/182 181/181/181
f 184/184/184 183/183/183 181/181/181
f 186/186/186 185/185/185 182/182/182
f 183/183/183 186/186/186 182/182/182
f 187/187/187 186/186/186 183/183/183
f 188/188/188 187/187/187 183/183/183
f 188/188/188 183/183/183 184/184/184
f 189/189/189 188/188/188 184/184/184
f 192/192/192 191/191/191 190/190/190
f 193/193/193 192/192/192 190/190/190
f 195/195/195 194/194/194 191/191/191
f 192/192/192 195/195/195 191/191/191
f 196/196/196 195/195/195 192/192/192
f 197/197/197 196/196/196 192/192/192
f 197/197/197 192/192/192 193/193/193
f 198/198/198 197/197/197 193/193/193
f 201/201/201 200/200/200 199/199/199
f 202/202/202 201/201/201 199/199/199
f 204/204/204 203/203/203 200/200/200
f 201/201/201 204/204/204 200/200/200
f 205/205/205 204/204/204 201/201/201
f 206/206/206 205/205/205 201/201/201
f 206/206/206 201/201/201 202/202/202
f 207/207/207 206/206/206 202/202/202
f 210/210/210 209/209/209 208/208/208
f 211/211/211 210/210/210 208/208/208
f 213/213/213 212/212/212 209/209/209
f 210/210/210 213/213/213 209/209/209
f 214/214/214 213/213/213 210/210/210
f 215/215/215 214/214/214 210/210/210
f 215/215/215 210/210/210 211/211/211
f 216/216/216 215/215/215 211/211/211
f 219/219/219 218/218/218 217/217/217
f 220/220/220 219/219/219 217/217/217
f 222/222/222 221/221/221 218/218/218
f 219/219/219 222/222/222 218/218/218
f 223/223/223 222/222/222 219/219/219
f 224/224/224 223/223/223 219/219/219
f 224/224/224 219/219/219 220/220/220
f 225/225/225 224/224/224 220/220/220
f 228/228/228 227/227/227 226/226/226
f 229/229/229 228/228/228 226/226/226
f 231/231/231 230/230/230 227/227/227
f 228/228/228 231/231/231 227/227/227
f 232/232/232 231/231/231 228/228/228
f 233/233/233 232/232/232 228/228/228
f 233/233/233 228/228/228 229/229/229
f 234/234/234 233/233/233 229/229/229
f 237/237/237 236/236/236 235/235/235
f 238/238/238 237/237/237 235/235/235
f 240/240/240 239/239/239 236/236/236
f 237/237/237 240/240/240 236/236/236
f 241/241/241 240/240/240 237/237/237
f 242/242/242 241/241/241 237/237/237
f 242/242/242 237/237/237 238/238/238
f 243/243/243 242/242/242 238/238/238
f 246/246/246 245/245/245 244/244/244
f 247/247/247 246/246/246 244/244/244
f 249/249/249 248/248/248 245/245/245
f 246/246/246 249/249/249 245/245/245
f 250/250/250 249/249/249 246/246/246
f 251/251/251 250/250/250 246/246/246
f 251/251/251 246/246/246 247/247/247
f 252/252/252 251/251/251 247/247/247
f 255/255/255 254/254/254 253/253/253
f 256/256/256 255/255/255 253/253/253
f 258/258/258 257/257/257 254/254/254
f 255/255/255 258/258/258 254/254/254
f 259/259/259 258/258/258 255/255/255
f 260/260/260 259/259/259 255/255/255
f 260/260/260 255/255/255 256/256/256
f 261/261/261 260/260/260 256/256/256
f 264/264/264 263/263/263 262/262/262
f 265/265/265 264/264/264 262/262/262
f 267/267/267 266/266/266 263/263/263
f 264/264/264 267/267/267 263/263/263
f 268/268/268 267/267/267 264/264/264
f 269/269/269 268/268/268 264/264/264
f 269/269/269 264/264/264 265/265/265
f 270/270/270 269/269/269 265/265/265
f 273/273/273 272/272/272 271/271/271
f 274/274/274 273/273/273 271/271/271
f 276/276/276 275/275/275 272/272/272
f 273/273/273 276/276/276 272/272/272
f 277/277/277 276/276/276 273/273/273
f 278/278/278 277/277/277 273/273/273
f 278/278/278 273/273/273 274/274/274
f 279/279/279 278/278/278 274/274/274
f 282/282/282 281/281/281 280/280/280
f 283/283/283 282/282/282 280/280/280
f 285/285/285 284/284/284 281/281/281
f 282/282/282 285/285/285 281/281/281
f 286/286/286 285/285/285 282/282/282
f 287/287/287 286/286/286 282/282/282
f 287/287/287 282/282/282 283/283/283
f 288/288/288 287/287/287 283/283/283
f 291/291/291 290/290/290 289/289/289
f 292/292/292 291/291/291 289/289/289
f 294/294/294 293/293/293 290/290/290
f 291/291/291 294/294/294 290/290/290
f 295/295/295 294/294/294 291/291/291
f 296/296/296 295/295/295 291/291/291
f 296/296/296 291/291/291 292/292/292
f 297/297/297 296/296/296 292/292/292
f 300/300/300 299/299/299 298/298/298
f 301/301/301 300/300/300 298/298/298
f 303/303/303 302/302/302 299/299/299
f 300/300/300 303/303/303 299/299/299
f 304/304/304 303/303/303 300/300/300
f 305/305/305 304/304/304 300/300/300
f 305/305/305 300/300/300 301/301/301
f 306/306/306 305/305/305 301/301/301
f 309/309/309 308/308/308 307/307/307
f 310/310/310 309/309/309 307/307/307
f 312/312/312 311/311/311 308/308/308
f 309/309/309 312/312/312 308/308/308
f 313/313/313 312/312/312 309/309/309
f 314/314/314 313/313/313 309/309/309
f 314/314/314 309/309/309 310/310/310
f 315/315/315 314/314/314 310/310/310
f 318/318/318 317/317/317 316/316/316
f 319/319/319 318/318/318 316/316/316
f 321/321/321 320/320/320 317/317/317
f 318/318/318 321/321/321 317/317/317
f 322/322/322 321/321/321 318/318/318
f 323/323/323 322/322/322 318/318/318
f 323/323/323 318/318/318 319/319/319
f 324/324/324 323/323/323 319/319/319
f 327/327/327 326/326/326 325/325/325
f 328/328/328 327/327/327 325/325/325
f 330/330/330 329/329/329 326/326/326
f 327/327/327 330/330/330 326/326/326
f 331/331/331 330/330/330 327/327/327
f 332/332/332 331/331/331 327/327/327
f 332/332/332 327/327/327 328/328/328
f 333/333/333 332/332/332 328/328/328
f 336/336/336 335/335/335 334/334/334
f 337/337/337 336/336/336 334/334/334
f 339/339/339 338/338/338 335/335/335
f 336/336/336 339/339/339 335/335/335
f 340/340/340 339/339/339 336/336/336
f 341/341/341 340/340/340 336/336/336
f 341/341/341 336/336/336 337/337/337
f 342/342/342 341/341/341 337/337/337
f 345/345/345 344/344/344 343/343/343
f 346/346/346 345/345/345 343/343/343
f 348/348/348 347/347/347 344/344/344
f 345/345/345 348/348/348 344/344/344
f 349/349/349 348/348/348 345/345/345
f 350/350/350 349/349/349 345/345/345
f 350/350/350 345/345/345 346/346/346
f 351/351/351 350/350/350 346/346/346
f 354/354/354 353/353/353 352/352/352
f 355/355/355 354/354/354 352/352/352
f 357/357/357 356/356/356 353/353/353
f 354/354/354 357/357/357 353/353/353
f 358/358/358 357/357/357 354/354/354
f 359/359/359 358/358/358 354/354/354
f 359/359/359 354/354/354 355/355/355
f 360/360/360 359/359/359 355/355/355
f 363/363/363 362/362/362 361/361/361
f 364/364/364 363/363/363 361/361/361
f 366/366/366 365/365/365 362/362/362
f 363/363/363 366/366/366 362/362/362
f 367/367/367 366/366/366 363/363/363
f 368/368/368 367/367/367 363/363/363
f 368/368/368 363/363/363 364/364/364
f 369/369/369 368/368/368 364/364/364
f 372/372/372 371/371/371 370/370/370
f 373/373/373 372/372/372 370/370/370
f 375/375/375 374/374/374 371/371/371
f 372/372/372 375/375/375 371/371/371
f 376/376/376 375/375/375 372/372/372
f 377/377/377 376/376/376 372/372/372
f 377/377/377 372/372/372 373/373/373
f 378/378/378 377/377/377 373/373/373
f 379/379/379 377/377/377 378/378/378
f 380/380/380 379/379/379 378/378/378
f 381/381/381 376/376/376 377/377/377
f 379/379/379 381/381/381 377/377/377
f 382/382/382 381/381/381 379/379/379
f 383/383/383 382/382/382 379/379/379
f 383/383/383 379/379/379 380/380/380
f 384/384/384 383/383/383 380/380/380
f 386/386/386 385/385/385 252/252/252
f 247/247/247 386/386/386 252/252/252
f 388/388/388 387/387/387 385/385/385
f 386/386/386 388/388/388 385/385/385
f 389/389/389 388/388/388 386/386/386
f 390/390/390 389/389/389 386/386/386
f 390/390/390 386/386/386 247/247/247
f 244/244/244 390/390/390 247/247/247
f 393/393/393 392/392/392 391/391/391
f 394/394/394 393/393/393 391/391/391
f 396/396/396 395/395/395 392/392/392
f 393/393/393 396/396/396 392/392/392
f 131/131/131 396/396/396 393/393/393
f 128/128/128 131/131/131 393/393/393
f 128/128/128 393/393/393 394/394/394
f 127/127/127 128/128/128 394/394/394
f 399/399/399 398/398/398 397/397/397
f 400/400/400 399/399/399 397/397/397
f 402/402/402 401/401/401 398/398/398
f 399/399/399 402/402/402 398/398/398
f 302/302/302 402/402/402 399/399/399
f 299/299/299 302/302/302 399/399/399
f 299/299/299 399/399/399 400/400/400
f 298/298/298 299/299/299 400/400/400
f 404/404/404 403/403/403 144/144/144
f 139/139/139 404/404/404 144/144/144
f 406/406/406 405/405/405 403/403/403
f 404/404/404 406/406/406 403/403/403
f 407/407/407 406/406/406 404/404/404
f 408/408/408 407/407/407 404/404/404
f 408/408/408 404/404/404 139/139/139
f 136/136/136 408/408/408 139/139/139
f 411/411/411 410/410/410 409/409/409
f 412/412/412 411/411/411 409/409/409
f 414/414/414 413/413/413 410/410/410
f 411/411/411 414/414/414 410/410/410
f 153/153/153 414/414/414 411/411/411
f 152/152/152 153/153/153 411/411/411
f 152/152/152 411/411/411 412/412/412
f 151/151/151 152/152/152 412/412/412
f 416/416/416 415/415/415 176/176/176
f 177/177/177 416/416/416 176/176/176
f 418/418/418 417/417/417 415/415/415
f 416/416/416 418/418/418 415/415/415
f 419/419/419 418/418/418 416/416/416
f 420/420/420 419/419/419 416/416/416
f 420/420/420 416/416/416 177/177/177
f 178/178/178 420/420/420 177/177/177
f 422/422/422 421/421/421 158/158/158
f 159/159/159 422/422/422 158/158/158
f 424/424/424 423/423/423 421/421/421
f 422/422/422 424/424/424 421/421/421
f 425/425/425 424/424/424 422/422/422
f 426/426/426 425/425/425 422/422/422
f 426/426/426 422/422/422 159/159/159
f 160/160/160 426/426/426 159/159/159
f 429/429/429 428/428/428 427/427/427
f 430/430/430 429/429/429 427/427/427
f 319/319/319 316/316/316 428/428/428
f 429/429/429 319/319/319 428/428/428
f 324/324/324 319/319/319 429/429/429
f 431/431/431 324/324/324 429/429/429
f 431/431/431 429/429/429 430/430/430
f 432/432/432 431/431/431 430/430/430
f 434/434/434 433/433/433 329/329/329
f 330/330/330 434/434/434 329/329/329
f 436/436/436 435/435/435 433/433/433
f 434/434/434 436/436/436 433/433/433
f 437/437/437 436/436/436 434/434/434
f 438/438/438 437/437/437 434/434/434
f 438/438/438 434/434/434 330/330/330
f 331/331/331 438/438/438 330/330/330
f 440/440/440 439/439/439 338/338/338
f 339/339/339 440/440/440 338/338/338
f 442/442/442 441/441/441 439/439/439
f 440/440/440 442/442/442 439/439/439
f 443/443/443 442/442/442 440/440/440
f 444/444/444 443/443/443 440/440/440
f 444/444/444 440/440/440 339/339/339
f 340/340/340 444/444/444 339/339/339
f 447/447/447 446/446/446 445/445/445
f 448/448/448 447/447/447 445/445/445
f 357/357/357 358/358/358 446/446/446
f 447/447/447 357/357/357 446/446/446
f 356/356/356 357/357/357 447/447/447
f 449/449/449 356/356/356 447/447/447
f 449/449/449 447/447/447 448/448/448
f 450/450/450 449/449/449 448/448/448
f 453/453/453 452/452/452 451/451/451
f 454/454/454 453/453/453 451/451/451
f 375/375/375 376/376/376 452/452/452
f 453/453/453 375/375/375 452/452/452
f 374/374/374 375/375/375 453/453/453
f 455/455/455 374/374/374 453/453/453
f 455/455/455 453/453/453 454/454/454
f 456/456/456 455/455/455 454/454/454
f 459/459/459 458/458/458 457/457/457
f 460/460/460 459/459/459 457/457/457
f 381/381/381 382/382/382 458/458/458
f 459/459/459 381/381/381 458/458/458
f 376/376/376 381/381/381 459/459/459
f 452/452/452 376/376/376 459/459/459
f 452/452/452 459/459/459 460/460/460
f 451/451/451 452/452/452 460/460/460
f 462/462/462 461/461/461 365/365/365
f 366/366/366 462/462/462 365/365/365
f 464/464/464 463/463/463 461/461/461
f 462/462/462 464/464/464 461/461/461
f 465/465/465 464/464/464 462/462/462
f 466/466/466 465/465/465 462/462/462
f 466/466/466 462/462/462 366/366/366
f 367/367/367 466/466/466 366/366/366
f 469/469/469 468/468/468 467/467/467
f 470/470/470 469/469/469 467/467/467
f 472/472/472 471/471/471 468/468/468
f 469/469/469 472/472/472 468/468/468
f 293/293/293 472/472/472 469/469/469
f 290/290/290 293/293/293 469/469/469
f 290/290/290 469/469/469 470/470/470
f 289/289/289 290/290/290 470/470/470
f 474/474/474 473/473/473 401/401/401
f 402/402/402 474/474/474 401/401/401
f 476/476/476 475/475/475 473/473/473
f 474/474/474 476/476/476 473/473/473
f 477/477/477 476/476/476 474/474/474
f 478/478/478 477/477/477 474/474/474
f 478/478/478 474/474/474 402/402/402
f 302/302/302 478/478/478 402/402/402
f 481/481/481 480/480/480 479/479/479
f 482/482/482 481/481/481 479/479/479
f 303/303/303 304/304/304 480/480/480
f 481/481/481 303/303/303 480/480/480
f 302/302/302 303/303/303 481/481/481
f 478/478/478 302/302/302 481/481/481
f 478/478/478 481/481/481 482/482/482
f 477/477/477 478/478/478 482/482/482
f 484/484/484 483/483/483 311/311/311
f 312/312/312 484/484/484 311/311/311
f 486/486/486 485/485/485 483/483/483
f 484/484/484 486/486/486 483/483/483
f 487/487/487 486/486/486 484/484/484
f 488/488/488 487/487/487 484/484/484
f 488/488/488 484/484/484 312/312/312
f 313/313/313 488/488/488 312/312/312
f 491/491/491 490/490/490 489/489/489
f 492/492/492 491/491/491 489/489/489
f 348/348/348 349/349/349 490/490/490
f 491/491/491 348/348/348 490/490/490
f 347/347/347 348/348/348 491/491/491
f 493/493/493 347/347/347 491/491/491
f 493/493/493 491/491/491 492/492/492
f 494/494/494 493/493/493 492/492/492
f 497/497/497 496/496/496 495/495/495
f 498/498/498 497/497/497 495/495/495
f 500/500/500 499/499/499 496/496/496
f 497/497/497 500/500/500 496/496/496
f 275/275/275 500/500/500 497/497/497
f 272/272/272 275/275/275 497/497/497
f 272/272/272 497/497/497 498/498/498
f 271/271/271 272/272/272 498/498/498
f 503/503/503 502/502/502 501/501/501
f 504/504/504 503/503/503 501/501/501
f 506/506/506 505/505/505 502/502/502
f 503/503/503 506/506/506 502/502/502
f 284/284/284 506/506/506 503/503/503
f 281/281/281 284/284/284 503/503/503
f 281/281/281 503/503/503 504/504/504
f 280/280/280 281/281/281 504/504/504
f 509/509/509 508/508/508 507/507/507
f 510/510/510 509/509/509 507/507/507
f 512/512/512 511/511/511 508/508/508
f 509/509/509 512/512/512 508/508/508
f 257/257/257 512/512/512 509/509/509
f 254/254/254 257/257/257 509/509/509
f 254/254/254 509/509/509 510/510/510
f 253/253/253 254/254/254 510/510/510
f 514/514/514 513/513/513 266/266/266
f 267/267/267 514/514/514 266/266/266
f 516/516/516 515/515/515 513/513/513
f 514/514/514 516/516/516 513/513/513
f 517/517/517 516/516/516 514/514/514
f 518/518/518 517/517/517 514/514/514
f 518/518/518 514/514/514 267/267/267
f 268/268/268 518/518/518 267/267/267
f 521/521/521 520/520/520 519/519/519
f 522/522/522 521/521/521 519/519/519
f 193/193/193 190/190/190 520/520/520
f 521/521/521 193/193/193 520/520/520
f 198/198/198 193/193/193 521/521/521
f 523/523/523 198/198/198 521/521/521
f 523/523/523 521/521/521 522/522/522
f 524/524/524 523/523/523 522/522/522
f 527/527/527 526/526/526 525/525/525
f 528/528/528 527/527/527 525/525/525
f 200/200/200 203/203/203 526/526/526
f 527/527/527 200/200/200 526/526/526
f 199/199/199 200/200/200 527/527/527
f 529/529/529 199/199/199 527/527/527
f 529/529/529 527/527/527 528/528/528
f 530/530/530 529/529/529 528/528/528
f 533/533/533 532/532/532 531/531/531
f 534/534/534 533/533/533 531/531/531
f 213/213/213 214/214/214 532/532/532
f 533/533/533 213/213/213 532/532/532
f 212/212/212 213/213/213 533/533/533
f 535/535/535 212/212/212 533/533/533
f 535/535/535 533/533/533 534/534/534
f 536/536/536 535/535/535 534/534/534
f 539/539/539 538/538/538 537/537/537
f 540/540/540 539/539/539 537/537/537
f 428/428/428 316/316/316 538/538/538
f 539/539/539 428/428/428 538/538/538
f 427/427/427 428/428/428 539/539/539
f 541/541/541 427/427/427 539/539/539
f 541/541/541 539/539/539 540/540/540
f 542/542/542 541/541/541 540/540/540
f 545/545/545 544/544/544 543/543/543
f 546/546/546 545/545/545 543/543/543
f 317/317/317 320/320/320 544/544/544
f 545/545/545 317/317/317 544/544/544
f 316/316/316 317/317/317 545/545/545
f 538/538/538 316/316/316 545/545/545
f 538/538/538 545/545/545 546/546/546
f 537/537/537 538/538/538 546/546/546
f 548/548/548 547/547/547 333/333/333
f 328/328/328 548/548/548 333/333/333
f 224/224/224 225/225/225 547/547/547
f 548/548/548 224/224/224 547/547/547
f 223/223/223 224/224/224 548/548/548
f 549/549/549 223/223/223 548/548/548
f 549/549/549 548/548/548 328/328/328
f 325/325/325 549/549/549 328/328/328
f 551/551/551 550/550/550 342/342/342
f 337/337/337 551/551/551 342/342/342
f 233/233/233 234/234/234 550/550/550
f 551/551/551 233/233/233 550/550/550
f 232/232/232 233/233/233 551/551/551
f 552/552/552 232/232/232 551/551/551
f 552/552/552 551/551/551 337/337/337
f 334/334/334 552/552/552 337/337/337
f 554/554/554 553/553/553 360/360/360
f 355/355/355 554/554/554 360/360/360
f 242/242/242 243/243/243 553/553/553
f 554/554/554 242/242/242 553/553/553
f 241/241/241 242/242/242 554/554/554
f 555/555/555 241/241/241 554/554/554
f 555/555/555 554/554/554 355/355/355
f 352/352/352 555/555/555 355/355/355
f 557/557/557 556/556/556 378/378/378
f 373/373/373 557/557/557 378/378/378
f 251/251/251 252/252/252 556/556/556
f 557/557/557 251/251/251 556/556/556
f 250/250/250 251/251/251 557/557/557
f 558/558/558 250/250/250 557/557/557
f 558/558/558 557/557/557 373/373/373
f 370/370/370 558/558/558 373/373/373
f 560/560/560 559/559/559 384/384/384
f 380/380/380 560/560/560 384/384/384
f 385/385/385 387/387/387 559/559/559
f 560/560/560 385/385/385 559/559/559
f 252/252/252 385/385/385 560/560/560
f 556/556/556 252/252/252 560/560/560
f 556/556/556 560/560/560 380/380/380
f 378/378/378 556/556/556 380/380/380
f 563/563/563 562/562/562 561/561/561
f 564/564/564 563/563/563 561/561/561
f 362/362/362 365/365/365 562/562/562
f 563/563/563 362/362/362 562/562/562
f 361/361/361 362/362/362 563/563/563
f 565/565/565 361/361/361 563/563/563
f 565/565/565 563/563/563 564/564/564
f 566/566/566 565/565/565 564/564/564
f 569/569/569 568/568/568 567/567/567
f 570/570/570 569/569/569 567/567/567
f 461/461/461 463/463/463 568/568/568
f 569/569/569 461/461/461 568/568/568
f 365/365/365 461/461/461 569/569/569
f 562/562/562 365/365/365 569/569/569
f 562/562/562 569/569/569 570/570/570
f 561/561/561 562/562/562 570/570/570
f 573/573/573 572/572/572 571/571/571
f 574/574/574 573/573/573 571/571/571
f 166/166/166 163/163/163 572/572/572
f 573/573/573 166/166/166 572/572/572
f 171/171/171 166/166/166 573/573/573
f 575/575/575 171/171/171 573/573/573
f 575/575/575 573/573/573 574/574/574
f 576/576/576 575/575/575 574/574/574
f 579/579/579 578/578/578 577/577/577
f 580/580/580 579/579/579 577/577/577
f 420/420/420 178/178/178 578/578/578
f 579/579/579 420/420/420 578/578/578
f 419/419/419 420/420/420 579/579/579
f 581/581/581 419/419/419 579/579/579
f 581/581/581 579/579/579 580/580/580
f 582/582/582 581/581/581 580/580/580
f 585/585/585 584/584/584 583/583/583
f 586/586/586 585/585/585 583/583/583
f 179/179/179 180/180/180 584/584/584
f 585/585/585 179/179/179 584/584/584
f 178/178/178 179/179/179 585/585/585
f 578/578/578 178/178/178 585/585/585
f 578/578/578 585/585/585 586/586/586
f 577/577/577 578/578/578 586/586/586
f 589/589/589 588/588/588 587/587/587
f 590/590/590 589/589/589 587/587/587
f 184/184/184 181/181/181 588/588/588
f 589/589/589 184/184/184 588/588/588
f 189/189/189 184/184/184 589/589/589
f 591/591/591 189/189/189 589/589/589
f 591/591/591 589/589/589 590/590/590
f 592/592/592 591/591/591 590/590/590
f 593/593/593 80/80/80 81/81/81
f 594/594/594 593/593/593 81/81/81
f 595/595/595 79/79/79 80/80/80
f 593/593/593 595/595/595 80/80/80
f 596/596/596 595/595/595 593/593/593
f 597/597/597 596/596/596 593/593/593
f 597/597/597 593/593/593 594/594/594
f 598/598/598 597/597/597 594/594/594
f 600/600/600 599/599/599 113/113/113
f 114/114/114 600/600/600 113/113/113
f 602/602/602 601/601/601 599/599/599
f 600/600/600 602/602/602 599/599/599
f 603/603/603 602/602/602 600/600/600
f 604/604/604 603/603/603 600/600/600
f 604/604/604 600/600/600 114/114/114
f 115/115/115 604/604/604 114/114/114
f 606/606/606 605/605/605 149/149/149
f 150/150/150 606/606/606 149/149/149
f 608/608/608 607/607/607 605/605/605
f 606/606/606 608/608/608 605/605/605
f 609/609/609 608/608/608 606/606/606
f 610/610/610 609/609/609 606/606/606
f 610/610/610 606/606/606 150/150/150
f 151/151/151 610/610/610 150/150/150
f 613/613/613 612/612/612 611/611/611
f 614/614/614 613/613/613 611/611/611
f 412/412/412 409/409/409 612/612/612
f 613/613/613 412/412/412 612/612/612
f 151/151/151 412/412/412 613/613/613
f 610/610/610 151/151/151 613/613/613
f 610/610/610 613/613/613 614/614/614
f 609/609/609 610/610/610 614/614/614
f 617/617/617 616/616/616 615/615/615
f 618/618/618 617/617/617 615/615/615
f 31/31/31 28/28/28 616/616/616
f 617/617/617 31/31/31 616/616/616
f 36/36/36 31/31/31 617/617/617
f 619/619/619 36/36/36 617/617/617
f 619/619/619 617/617/617 618/618/618
f 620/620/620 619/619/619 618/618/618
f 621/621/621 472/472/472 293/293/293
f 622/622/622 621/621/621 293/293/293
f 623/623/623 471/471/471 472/472/472
f 621/621/621 623/623/623 472/472/472
f 624/624/624 623/623/623 621/621/621
f 625/625/625 624/624/624 621/621/621
f 625/625/625 621/621/621 622/622/622
f 626/626/626 625/625/625 622/622/622
f 627/627/627 294/294/294 295/295/295
f 628/628/628 627/627/627 295/295/295
f 622/622/622 293/293/293 294/294/294
f 627/627/627 622/622/622 294/294/294
f 626/626/626 622/622/622 627/627/627
f 629/629/629 626/626/626 627/627/627
f 629/629/629 627/627/627 628/628/628
f 630/630/630 629/629/629 628/628/628
f 633/633/633 632/632/632 631/631/631
f 634/634/634 633/633/633 631/631/631
f 396/396/396 131/131/131 632/632/632
f 633/633/633 396/396/396 632/632/632
f 395/395/395 396/396/396 633/633/633
f 635/635/635 395/395/395 633/633/633
f 635/635/635 633/633/633 634/634/634
f 636/636/636 635/635/635 634/634/634
f 639/639/639 638/638/638 637/637/637
f 640/640/640 639/639/639 637/637/637
f 132/132/132 133/133/133 638/638/638
f 639/639/639 132/132/132 638/638/638
f 131/131/131 132/132/132 639/639/639
f 632/632/632 131/131/131 639/639/639
f 632/632/632 639/639/639 640/640/640
f 631/631/631 632/632/632 640/640/640
f 643/643/643 642/642/642 641/641/641
f 644/644/644 643/643/643 641/641/641
f 308/308/308 311/311/311 642/642/642
f 643/643/643 308/308/308 642/642/642
f 307/307/307 308/308/308 643/643/643
f 645/645/645 307/307/307 643/643/643
f 645/645/645 643/643/643 644/644/644
f 646/646/646 645/645/645 644/644/644
f 649/649/649 648/648/648 647/647/647
f 650/650/650 649/649/649 647/647/647
f 483/483/483 485/485/485 648/648/648
f 649/649/649 483/483/483 648/648/648
f 311/311/311 483/483/483 649/649/649
f 642/642/642 311/311/311 649/649/649
f 642/642/642 649/649/649 650/650/650
f 641/641/641 642/642/642 650/650/650
f 653/653/653 652/652/652 651/651/651
f 654/654/654 653/653/653 651/651/651
f 96/96/96 97/97/97 652/652/652
f 653/653/653 96/96/96 652/652/652
f 95/95/95 96/96/96 653/653/653
f 655/655/655 95/95/95 653/653/653
f 655/655/655 653/653/653 654/654/654
f 656/656/656 655/655/655 654/654/654
f 657/657/657 500/500/500 275/275/275
f 658/658/658 657/657/657 275/275/275
f 659/659/659 499/499/499 500/500/500
f 657/657/657 659/659/659 500/500/500
f 660/660/660 659/659/659 657/657/657
f 661/661/661 660/660/660 657/657/657
f 661/661/661 657/657/657 658/658/658
f 662/662/662 661/661/661 658/658/658
f 663/663/663 276/276/276 277/277/277
f 664/664/664 663/663/663 277/277/277
f 658/658/658 275/275/275 276/276/276
f 663/663/663 658/658/658 276/276/276
f 662/662/662 658/658/658 663/663/663
f 665/665/665 662/662/662 663/663/663
f 665/665/665 663/663/663 664/664/664
f 666/666/666 665/665/665 664/664/664
f 669/669/669 668/668/668 667/667/667
f 670/670/670 669/669/669 667/667/667
f 58/58/58 55/55/55 668/668/668
f 669/669/669 58/58/58 668/668/668
f 63/63/63 58/58/58 669/669/669
f 671/671/671 63/63/63 669/669/669
f 671/671/671 669/669/669 670/670/670
f 672/672/672 671/671/671 670/670/670
f 675/675/675 674/674/674 673/673/673
f 676/676/676 675/675/675 673/673/673
f 4/4/4 1/1/1 674/674/674
f 675/675/675 4/4/4 674/674/674
f 9/9/9 4/4/4 675/675/675
f 677/677/677 9/9/9 675/675/675
f 677/677/677 675/675/675 676/676/676
f 678/678/678 677/677/677 676/676/676
f 681/681/681 680/680/680 679/679/679
f 682/682/682 681/681/681 679/679/679
f 263/263/263 266/266/266 680/680/680
f 681/681/681 263/263/263 680/680/680
f 262/262/262 263/263/263 681/681/681
f 683/683/683 262/262/262 681/681/681
f 683/683/683 681/681/681 682/682/682
f 684/684/684 683/683/683 682/682/682
f 687/687/687 686/686/686 685/685/685
f 688/688/688 687/687/687 685/685/685
f 513/513/513 515/515/515 686/686/686
f 687/687/687 513/513/513 686/686/686
f 266/266/266 513/513/513 687/687/687
f 680/680/680 266/266/266 687/687/687
f 680/680/680 687/687/687 688/688/688
f 679/679/679 680/680/680 688/688/688
f 691/691/691 690/690/690 689/689/689
f 692/692/692 691/691/691 689/689/689
f 13/13/13 10/10/10 690/690/690
f 691/691/691 13/13/13 690/690/690
f 18/18/18 13/13/13 691/691/691
f 693/693/693 18/18/18 691/691/691
f 693/693/693 691/691/691 692/692/692
f 694/694/694 693/693/693 692/692/692
f 695/695/695 26/26/26 27/27/27
f 696/696/696 695/695/695 27/27/27
f 697/697/697 25/25/25 26/26/26
f 695/695/695 697/697/697 26/26/26
f 698/698/698 697/697/697 695/695/695
f 699/699/699 698/698/698 695/695/695
f 699/699/699 695/695/695 696/696/696
f 700/700/700 699/699/699 696/696/696
f 702/702/702 701/701/701 198/198/198
f 523/523/523 702/702/702 198/198/198
f 588/588/588 181/181/181 701/701/701
f 702/702/702 588/588/588 701/701/701
f 587/587/587 588/588/588 702/702/702
f 703/703/703 587/587/587 702/702/702
f 703/703/703 702/702/702 523/523/523
f 524/524/524 703/703/703 523/523/523
f 705/705/705 704/704/704 196/196/196
f 197/197/197 705/705/705 196/196/196
f 182/182/182 185/185/185 704/704/704
f 705/705/705 182/182/182 704/704/704
f 181/181/181 182/182/182 705/705/705
f 701/701/701 181/181/181 705/705/705
f 701/701/701 705/705/705 197/197/197
f 198/198/198 701/701/701 197/197/197
f 707/707/707 706/706/706 81/81/81
f 76/76/76 707/707/707 81/81/81
f 110/110/110 113/113/113 706/706/706
f 707/707/707 110/110/110 706/706/706
f 109/109/109 110/110/110 707/707/707
f 708/708/708 109/109/109 707/707/707
f 708/708/708 707/707/707 76/76/76
f 73/73/73 708/708/708 76/76/76
f 710/710/710 709/709/709 598/598/598
f 594/594/594 710/710/710 598/598/598
f 599/599/599 601/601/601 709/709/709
f 710/710/710 599/599/599 709/709/709
f 113/113/113 599/599/599 710/710/710
f 706/706/706 113/113/113 710/710/710
f 706/706/706 710/710/710 594/594/594
f 81/81/81 706/706/706 594/594/594
f 712/712/712 711/711/711 72/72/72
f 67/67/67 712/712/712 72/72/72
f 103/103/103 100/100/100 711/711/711
f 712/712/712 103/103/103 711/711/711
f 108/108/108 103/103/103 712/712/712
f 713/713/713 108/108/108 712/712/712
f 713/713/713 712/712/712 67/67/67
f 64/64/64 713/713/713 67/67/67
f 715/715/715 714/714/714 499/499/499
f 659/659/659 715/715/715 499/499/499
f 652/652/652 97/97/97 714/714/714
f 715/715/715 652/652/652 714/714/714
f 651/651/651 652/652/652 715/715/715
f 716/716/716 651/651/651 715/715/715
f 716/716/716 715/715/715 659/659/659
f 660/660/660 716/716/716 659/659/659
f 717/717/717 98/98/98 99/99/99
f 718/718/718 717/717/717 99/99/99
f 714/714/714 97/97/97 98/98/98
f 717/717/717 714/714/714 98/98/98
f 499/499/499 714/714/714 717/717/717
f 496/496/496 499/499/499 717/717/717
f 496/496/496 717/717/717 718/718/718
f 495/495/495 496/496/496 718/718/718
f 721/721/721 720/720/720 719/719/719
f 722/722/722 721/721/721 719/719/719
f 490/490/490 349/349/349 720/720/720
f 721/721/721 490/490/490 720/720/720
f 489/489/489 490/490/490 721/721/721
f 723/723/723 489/489/489 721/721/721
f 723/723/723 721/721/721 722/722/722
f 724/724/724 723/723/723 722/722/722
f 725/725/725 350/350/350 351/351/351
f 726/726/726 725/725/725 351/351/351
f 720/720/720 349/349/349 350/350/350
f 725/725/725 720/720/720 350/350/350
f 719/719/719 720/720/720 725/725/725
f 727/727/727 719/719/719 725/725/725
f 727/727/727 725/725/725 726/726/726
f 728/728/728 727/727/727 726/726/726
f 730/730/730 729/729/729 234/234/234
f 229/229/229 730/730/730 234/234/234
f 240/240/240 241/241/241 729/729/729
f 730/730/730 240/240/240 729/729/729
f 239/239/239 240/240/240 730/730/730
f 731/731/731 239/239/239 730/730/730
f 731/731/731 730/730/730 229/229/229
f 226/226/226 731/731/731 229/229/229
f 732/732/732 555/555/555 352/352/352
f 733/733/733 732/732/732 352/352/352
f 729/729/729 241/241/241 555/555/555
f 732/732/732 729/729/729 555/555/555
f 234/234/234 729/729/729 732/732/732
f 550/550/550 234/234/234 732/732/732
f 550/550/550 732/732/732 733/733/733
f 342/342/342 550/550/550 733/733/733
f 735/735/735 734/734/734 340/340/340
f 341/341/341 735/735/735 340/340/340
f 353/353/353 356/356/356 734/734/734
f 735/735/735 353/353/353 734/734/734
f 352/352/352 353/353/353 735/735/735
f 733/733/733 352/352/352 735/735/735
f 733/733/733 735/735/735 341/341/341
f 342/342/342 733/733/733 341/341/341
f 736/736/736 449/449/449 450/450/450
f 737/737/737 736/736/736 450/450/450
f 734/734/734 356/356/356 449/449/449
f 736/736/736 734/734/734 449/449/449
f 340/340/340 734/734/734 736/736/736
f 444/444/444 340/340/340 736/736/736
f 444/444/444 736/736/736 737/737/737
f 443/443/443 444/444/444 737/737/737
f 739/739/739 738/738/738 86/86/86
f 87/87/87 739/739/739 86/86/86
f 121/121/121 118/118/118 738/738/738
f 739/739/739 121/121/121 738/738/738
f 126/126/126 121/121/121 739/739/739
f 740/740/740 126/126/126 739/739/739
f 740/740/740 739/739/739 87/87/87
f 88/88/88 740/740/740 87/87/87
f 741/741/741 188/188/188 189/189/189
f 742/742/742 741/741/741 189/189/189
f 743/743/743 187/187/187 188/188/188
f 741/741/741 743/743/743 188/188/188
f 744/744/744 743/743/743 741/741/741
f 745/745/745 744/744/744 741/741/741
f 745/745/745 741/741/741 742/742/742
f 746/746/746 745/745/745 742/742/742
f 747/747/747 591/591/591 592/592/592
f 748/748/748 747/747/747 592/592/592
f 742/742/742 189/189/189 591/591/591
f 747/747/747 742/742/742 591/591/591
f 746/746/746 742/742/742 747/747/747
f 749/749/749 746/746/746 747/747/747
f 749/749/749 747/747/747 748/748/748
f 750/750/750 749/749/749 748/748/748
f 752/752/752 751/751/751 122/122/122
f 123/123/123 752/752/752 122/122/122
f 754/754/754 753/753/753 751/751/751
f 752/752/752 754/754/754 751/751/751
f 755/755/755 754/754/754 752/752/752
f 756/756/756 755/755/755 752/752/752
f 756/756/756 752/752/752 123/123/123
f 124/124/124 756/756/756 123/123/123
f 759/759/759 758/758/758 757/757/757
f 760/760/760 759/759/759 757/757/757
f 762/762/762 761/761/761 758/758/758
f 759/759/759 762/762/762 758/758/758
f 358/358/358 762/762/762 759/759/759
f 446/446/446 358/358/358 759/759/759
f 446/446/446 759/759/759 760/760/760
f 445/445/445 446/446/446 760/760/760
f 763/763/763 359/359/359 360/360/360
f 764/764/764 763/763/763 360/360/360
f 762/762/762 358/358/358 359/359/359
f 763/763/763 762/762/762 359/359/359
f 761/761/761 762/762/762 763/763/763
f 765/765/765 761/761/761 763/763/763
f 765/765/765 763/763/763 764/764/764
f 766/766/766 765/765/765 764/764/764
f 768/768/768 767/767/767 766/766/766
f 764/764/764 768/768/768 766/766/766
f 770/770/770 769/769/769 767/767/767
f 768/768/768 770/770/770 767/767/767
f 243/243/243 770/770/770 768/768/768
f 553/553/553 243/243/243 768/768/768
f 553/553/553 768/768/768 764/764/764
f 360/360/360 553/553/553 764/764/764
f 773/773/773 772/772/772 771/771/771
f 774/774/774 773/773/773 771/771/771
f 238/238/238 235/235/235 772/772/772
f 773/773/773 238/238/238 772/772/772
f 243/243/243 238/238/238 773/773/773
f 770/770/770 243/243/243 773/773/773
f 770/770/770 773/773/773 774/774/774
f 769/769/769 770/770/770 774/774/774
f 775/775/775 314/314/314 315/315/315
f 776/776/776 775/775/775 315/315/315
f 777/777/777 313/313/313 314/314/314
f 775/775/775 777/777/777 314/314/314
f 347/347/347 777/777/777 775/775/775
f 344/344/344 347/347/347 775/775/775
f 344/344/344 775/775/775 776/776/776
f 343/343/343 344/344/344 776/776/776
f 778/778/778 493/493/493 494/494/494
f 779/779/779 778/778/778 494/494/494
f 777/777/777 347/347/347 493/493/493
f 778/778/778 777/777/777 493/493/493
f 313/313/313 777/777/777 778/778/778
f 488/488/488 313/313/313 778/778/778
f 488/488/488 778/778/778 779/779/779
f 487/487/487 488/488/488 779/779/779
f 780/780/780 486/486/486 487/487/487
f 781/781/781 780/780/780 487/487/487
f 782/782/782 485/485/485 486/486/486
f 780/780/780 782/782/782 486/486/486
f 95/95/95 782/782/782 780/780/780
f 92/92/92 95/95/95 780/780/780
f 92/92/92 780/780/780 781/781/781
f 91/91/91 92/92/92 781/781/781
f 783/783/783 655/655/655 656/656/656
f 784/784/784 783/783/783 656/656/656
f 782/782/782 95/95/95 655/655/655
f 783/783/783 782/782/782 655/655/655
f 485/485/485 782/782/782 783/783/783
f 648/648/648 485/485/485 783/783/783
f 648/648/648 783/783/783 784/784/784
f 647/647/647 648/648/648 784/784/784
f 786/786/786 785/785/785 104/104/104
f 105/105/105 786/786/786 104/104/104
f 788/788/788 787/787/787 785/785/785
f 786/786/786 788/788/788 785/785/785
f 789/789/789 788/788/788 786/786/786
f 790/790/790 789/789/789 786/786/786
f 790/790/790 786/786/786 105/105/105
f 106/106/106 790/790/790 105/105/105
f 791/791/791 604/604/604 115/115/115
f 792/792/792 791/791/791 115/115/115
f 793/793/793 603/603/603 604/604/604
f 791/791/791 793/793/793 604/604/604
f 794/794/794 793/793/793 791/791/791
f 795/795/795 794/794/794 791/791/791
f 795/795/795 791/791/791 792/792/792
f 796/796/796 795/795/795 792/792/792
f 797/797/797 116/116/116 117/117/117
f 798/798/798 797/797/797 117/117/117
f 792/792/792 115/115/115 116/116/116
f 797/797/797 792/792/792 116/116/116
f 796/796/796 792/792/792 797/797/797
f 799/799/799 796/796/796 797/797/797
f 799/799/799 797/797/797 798/798/798
f 800/800/800 799/799/799 798/798/798
f 803/803/803 802/802/802 801/801/801
f 804/804/804 803/803/803 801/801/801
f 806/806/806 805/805/805 802/802/802
f 803/803/803 806/806/806 802/802/802
f 203/203/203 806/806/806 803/803/803
f 526/526/526 203/203/203 803/803/803
f 526/526/526 803/803/803 804/804/804
f 525/525/525 526/526/526 804/804/804
f 809/809/809 808/808/808 807/807/807
f 810/810/810 809/809/809 807/807/807
f 204/204/204 205/205/205 808/808/808
f 809/809/809 204/204/204 808/808/808
f 203/203/203 204/204/204 809/809/809
f 806/806/806 203/203/203 809/809/809
f 806/806/806 809/809/809 810/810/810
f 805/805/805 806/806/806 810/810/810
f 811/811/811 24/24/24 25/25/25
f 812/812/812 811/811/811 25/25/25
f 813/813/813 23/23/23 24/24/24
f 811/811/811 813/813/813 24/24/24
f 814/814/814 813/813/813 811/811/811
f 815/815/815 814/814/814 811/811/811
f 815/815/815 811/811/811 812/812/812
f 816/816/816 815/815/815 812/812/812
f 817/817/817 697/697/697 698/698/698
f 818/818/818 817/817/817 698/698/698
f 812/812/812 25/25/25 697/697/697
f 817/817/817 812/812/812 697/697/697
f 816/816/816 812/812/812 817/817/817
f 819/819/819 816/816/816 817/817/817
f 819/819/819 817/817/817 818/818/818
f 820/820/820 819/819/819 818/818/818
f 822/822/822 821/821/821 694/694/694
f 692/692/692 822/822/822 694/694/694
f 40/40/40 37/37/37 821/821/821
f 822/822/822 40/40/40 821/821/821
f 45/45/45 40/40/40 822/822/822
f 823/823/823 45/45/45 822/822/822
f 823/823/823 822/822/822 692/692/692
f 689/689/689 823/823/823 692/692/692
f 824/824/824 512/512/512 257/257/257
f 825/825/825 824/824/824 257/257/257
f 826/826/826 511/511/511 512/512/512
f 824/824/824 826/826/826 512/512/512
f 685/685/685 826/826/826 824/824/824
f 688/688/688 685/685/685 824/824/824
f 688/688/688 824/824/824 825/825/825
f 679/679/679 688/688/688 825/825/825
f 827/827/827 258/258/258 259/259/259
f 828/828/828 827/827/827 259/259/259
f 825/825/825 257/257/257 258/258/258
f 827/827/827 825/825/825 258/258/258
f 679/679/679 825/825/825 827/827/827
f 682/682/682 679/679/679 827/827/827
f 682/682/682 827/827/827 828/828/828
f 684/684/684 682/682/682 828/828/828
f 831/831/831 830/830/830 829/829/829
f 832/832/832 831/831/831 829/829/829
f 674/674/674 1/1/1 830/830/830
f 831/831/831 674/674/674 830/830/830
f 673/673/673 674/674/674 831/831/831
f 833/833/833 673/673/673 831/831/831
f 833/833/833 831/831/831 832/832/832
f 834/834/834 833/833/833 832/832/832
f 837/837/837 836/836/836 835/835/835
f 838/838/838 837/837/837 835/835/835
f 2/2/2 5/5/5 836/836/836
f 837/837/837 2/2/2 836/836/836
f 1/1/1 2/2/2 837/837/837
f 830/830/830 1/1/1 837/837/837
f 830/830/830 837/837/837 838/838/838
f 829/829/829 830/830/830 838/838/838
f 841/841/841 840/840/840 839/839/839
f 842/842/842 841/841/841 839/839/839
f 222/222/222 223/223/223 840/840/840
f 841/841/841 222/222/222 840/840/840
f 221/221/221 222/222/222 841/841/841
f 843/843/843 221/221/221 841/841/841
f 843/843/843 841/841/841 842/842/842
f 844/844/844 843/843/843 842/842/842
f 845/845/845 549/549/549 325/325/325
f 846/846/846 845/845/845 325/325/325
f 840/840/840 223/223/223 549/549/549
f 845/845/845 840/840/840 549/549/549
f 839/839/839 840/840/840 845/845/845
f 847/847/847 839/839/839 845/845/845
f 847/847/847 845/845/845 846/846/846
f 543/543/543 847/847/847 846/846/846
f 849/849/849 848/848/848 537/537/537
f 546/546/546 849/849/849 537/537/537
f 326/326/326 329/329/329 848/848/848
f 849/849/849 326/326/326 848/848/848
f 325/325/325 326/326/326 849/849/849
f 846/846/846 325/325/325 849/849/849
f 846/846/846 849/849/849 546/546/546
f 543/543/543 846/846/846 546/546/546
f 851/851/851 850/850/850 542/542/542
f 540/540/540 851/851/851 542/542/542
f 433/433/433 435/435/435 850/850/850
f 851/851/851 433/433/433 850/850/850
f 329/329/329 433/433/433 851/851/851
f 848/848/848 329/329/329 851/851/851
f 848/848/848 851/851/851 540/540/540
f 537/537/537 848/848/848 540/540/540
f 853/853/853 852/852/852 536/536/536
f 534/534/534 853/853/853 536/536/536
f 49/49/49 46/46/46 852/852/852
f 853/853/853 49/49/49 852/852/852
f 54/54/54 49/49/49 853/853/853
f 854/854/854 54/54/54 853/853/853
f 854/854/854 853/853/853 534/534/534
f 531/531/531 854/854/854 534/534/534
f 857/857/857 856/856/856 855/855/855
f 858/858/858 857/857/857 855/855/855
f 458/458/458 382/382/382 856/856/856
f 857/857/857 458/458/458 856/856/856
f 457/457/457 458/458/458 857/857/857
f 859/859/859 457/457/457 857/857/857
f 859/859/859 857/857/857 858/858/858
f 860/860/860 859/859/859 858/858/858
f 861/861/861 383/383/383 384/384/384
f 862/862/862 861/861/861 384/384/384
f 856/856/856 382/382/382 383/383/383
f 861/861/861 856/856/856 383/383/383
f 855/855/855 856/856/856 861/861/861
f 863/863/863 855/855/855 861/861/861
f 863/863/863 861/861/861 862/862/862
f 864/864/864 863/863/863 862/862/862
f 866/866/866 865/865/865 864/864/864
f 862/862/862 866/866/866 864/864/864
f 868/868/868 867/867/867 865/865/865
f 866/866/866 868/868/868 865/865/865
f 387/387/387 868/868/868 866/866/866
f 559/559/559 387/387/387 866/866/866
f 559/559/559 866/866/866 862/862/862
f 384/384/384 559/559/559 862/862/862
f 871/871/871 870/870/870 869/869/869
f 872/872/872 871/871/871 869/869/869
f 388/388/388 389/389/389 870/870/870
f 871/871/871 388/388/388 870/870/870
f 387/387/387 388/388/388 871/871/871
f 868/868/868 387/387/387 871/871/871
f 868/868/868 871/871/871 872/872/872
f 867/867/867 868/868/868 872/872/872
f 875/875/875 874/874/874 873/873/873
f 876/876/876 875/875/875 873/873/873
f 392/392/392 395/395/395 874/874/874
f 875/875/875 392/392/392 874/874/874
f 391/391/391 392/392/392 875/875/875
f 877/877/877 391/391/391 875/875/875
f 877/877/877 875/875/875 876/876/876
f 878/878/878 877/877/877 876/876/876
f 879/879/879 635/635/635 636/636/636
f 880/880/880 879/879/879 636/636/636
f 874/874/874 395/395/395 635/635/635
f 879/879/879 874/874/874 635/635/635
f 873/873/873 874/874/874 879/879/879
f 881/881/881 873/873/873 879/879/879
f 881/881/881 879/879/879 880/880/880
f 882/882/882 881/881/881 880/880/880
f 884/884/884 883/883/883 626/626/626
f 629/629/629 884/884/884 626/626/626
f 398/398/398 401/401/401 883/883/883
f 884/884/884 398/398/398 883/883/883
f 397/397/397 398/398/398 884/884/884
f 885/885/885 397/397/397 884/884/884
f 885/885/885 884/884/884 629/629/629
f 630/630/630 885/885/885 629/629/629
f 887/887/887 886/886/886 624/624/624
f 625/625/625 887/887/887 624/624/624
f 473/473/473 475/475/475 886/886/886
f 887/887/887 473/473/473 886/886/886
f 401/401/401 473/473/473 887/887/887
f 883/883/883 401/401/401 887/887/887
f 883/883/883 887/887/887 625/625/625
f 626/626/626 883/883/883 625/625/625
f 889/889/889 888/888/888 405/405/405
f 406/406/406 889/889/889 405/405/405
f 618/618/618 615/615/615 888/888/888
f 889/889/889 618/618/618 888/888/888
f 620/620/620 618/618/618 889/889/889
f 890/890/890 620/620/620 889/889/889
f 890/890/890 889/889/889 406/406/406
f 407/407/407 890/890/890 406/406/406
f 893/893/893 892/892/892 891/891/891
f 894/894/894 893/893/893 891/891/891
f 612/612/612 409/409/409 892/892/892
f 893/893/893 612/612/612 892/892/892
f 611/611/611 612/612/612 893/893/893
f 895/895/895 611/611/611 893/893/893
f 895/895/895 893/893/893 894/894/894
f 896/896/896 895/895/895 894/894/894
f 899/899/899 898/898/898 897/897/897
f 900/900/900 899/899/899 897/897/897
f 410/410/410 413/413/413 898/898/898
f 899/899/899 410/410/410 898/898/898
f 409/409/409 410/410/410 899/899/899
f 892/892/892 409/409/409 899/899/899
f 892/892/892 899/899/899 900/900/900
f 891/891/891 892/892/892 900/900/900
f 903/903/903 902/902/902 901/901/901
f 904/904/904 903/903/903 901/901/901
f 418/418/418 419/419/419 902/902/902
f 903/903/903 418/418/418 902/902/902
f 417/417/417 418/418/418 903/903/903
f 905/905/905 417/417/417 903/903/903
f 905/905/905 903/903/903 904/904/904
f 906/906/906 905/905/905 904/904/904
f 907/907/907 581/581/581 582/582/582
f 908/908/908 907/907/907 582/582/582
f 902/902/902 419/419/419 581/581/581
f 907/907/907 902/902/902 581/581/581
f 901/901/901 902/902/902 907/907/907
f 909/909/909 901/901/901 907/907/907
f 909/909/909 907/907/907 908/908/908
f 910/910/910 909/909/909 908/908/908
f 912/912/912 911/911/911 423/423/423
f 424/424/424 912/912/912 423/423/423
f 914/914/914 913/913/913 911/911/911
f 912/912/912 914/914/914 911/911/911
f 915/915/915 914/914/914 912/912/912
f 916/916/916 915/915/915 912/912/912
f 916/916/916 912/912/912 424/424/424
f 425/425/425 916/916/916 424/424/424
f 917/917/917 541/541/541 542/542/542
f 918/918/918 917/917/917 542/542/542
f 919/919/919 427/427/427 541/541/541
f 917/917/917 919/919/919 541/541/541
f 920/920/920 919/919/919 917/917/917
f 921/921/921 920/920/920 917/917/917
f 921/921/921 917/917/917 918/918/918
f 922/922/922 921/921/921 918/918/918
f 924/924/924 923/923/923 432/432/432
f 430/430/430 924/924/924 432/432/432
f 926/926/926 925/925/925 923/923/923
f 924/924/924 926/926/926 923/923/923
f 920/920/920 926/926/926 924/924/924
f 919/919/919 920/920/920 924/924/924
f 919/919/919 924/924/924 430/430/430
f 427/427/427 919/919/919 430/430/430
f 929/929/929 928/928/928 927/927/927
f 930/930/930 929/929/929 927/927/927
f 932/932/932 931/931/931 928/928/928
f 929/929/929 932/932/932 928/928/928
f 517/517/517 932/932/932 929/929/929
f 516/516/516 517/517/517 929/929/929
f 516/516/516 929/929/929 930/930/930
f 515/515/515 516/516/516 930/930/930
f 935/935/935 934/934/934 933/933/933
f 936/936/936 935/935/935 933/933/933
f 930/930/930 927/927/927 934/934/934
f 935/935/935 930/930/930 934/934/934
f 515/515/515 930/930/930 935/935/935
f 686/686/686 515/515/515 935/935/935
f 686/686/686 935/935/935 936/936/936
f 685/685/685 686/686/686 936/936/936
f 938/938/938 937/937/937 511/511/511
f 826/826/826 938/938/938 511/511/511
f 940/940/940 939/939/939 937/937/937
f 938/938/938 940/940/940 937/937/937
f 933/933/933 940/940/940 938/938/938
f 936/936/936 933/933/933 938/938/938
f 936/936/936 938/938/938 826/826/826
f 685/685/685 936/936/936 826/826/826
f 942/942/942 941/941/941 507/507/507
f 508/508/508 942/942/942 507/507/507
f 944/944/944 943/943/943 941/941/941
f 942/942/942 944/944/944 941/941/941
f 939/939/939 944/944/944 942/942/942
f 937/937/937 939/939/939 942/942/942
f 937/937/937 942/942/942 508/508/508
f 511/511/511 937/937/937 508/508/508
f 946/946/946 945/945/945 501/501/501
f 502/502/502 946/946/946 501/501/501
f 948/948/948 947/947/947 945/945/945
f 946/946/946 948/948/948 945/945/945
f 949/949/949 948/948/948 946/946/946
f 950/950/950 949/949/949 946/946/946
f 950/950/950 946/946/946 502/502/502
f 505/505/505 950/950/950 502/502/502
f 953/953/953 952/952/952 951/951/951
f 954/954/954 953/953/953 951/951/951
f 956/956/956 955/955/955 952/952/952
f 953/953/953 956/956/956 952/952/952
f 947/947/947 956/956/956 953/953/953
f 945/945/945 947/947/947 953/953/953
f 945/945/945 953/953/953 954/954/954
f 501/501/501 945/945/945 954/954/954
f 959/959/959 958/958/958 957/957/957
f 960/960/960 959/959/959 957/957/957
f 962/962/962 961/961/961 958/958/958
f 959/959/959 962/962/962 958/958/958
f 955/955/955 962/962/962 959/959/959
f 952/952/952 955/955/955 959/959/959
f 952/952/952 959/959/959 960/960/960
f 951/951/951 952/952/952 960/960/960
f 965/965/965 964/964/964 963/963/963
f 966/966/966 965/965/965 963/963/963
f 968/968/968 967/967/967 964/964/964
f 965/965/965 968/968/968 964/964/964
f 961/961/961 968/968/968 965/965/965
f 958/958/958 961/961/961 965/965/965
f 958/958/958 965/965/965 966/966/966
f 957/957/957 958/958/958 966/966/966
f 970/970/970 969/969/969 477/477/477
f 482/482/482 970/970/970 477/477/477
f 972/972/972 971/971/971 969/969/969
f 970/970/970 972/972/972 969/969/969
f 973/973/973 972/972/972 970/970/970
f 974/974/974 973/973/973 970/970/970
f 974/974/974 970/970/970 482/482/482
f 479/479/479 974/974/974 482/482/482
f 976/976/976 975/975/975 475/475/475
f 476/476/476 976/976/976 475/475/475
f 978/978/978 977/977/977 975/975/975
f 976/976/976 978/978/978 975/975/975
f 971/971/971 978/978/978 976/976/976
f 969/969/969 971/971/971 976/976/976
f 969/969/969 976/976/976 476/476/476
f 477/477/477 969/969/969 476/476/476
f 980/980/980 979/979/979 624/624/624
f 886/886/886 980/980/980 624/624/624
f 982/982/982 981/981/981 979/979/979
f 980/980/980 982/982/982 979/979/979
f 977/977/977 982/982/982 980/980/980
f 975/975/975 977/977/977 980/980/980
f 975/975/975 980/980/980 886/886/886
f 475/475/475 975/975/975 886/886/886
f 984/984/984 983/983/983 471/471/471
f 623/623/623 984/984/984 471/471/471
f 986/986/986 985/985/985 983/983/983
f 984/984/984 986/986/986 983/983/983
f 981/981/981 986/986/986 984/984/984
f 979/979/979 981/981/981 984/984/984
f 979/979/979 984/984/984 623/623/623
f 624/624/624 979/979/979 623/623/623
f 988/988/988 987/987/987 467/467/467
f 468/468/468 988/988/988 467/467/467
f 990/990/990 989/989/989 987/987/987
f 988/988/988 990/990/990 987/987/987
f 985/985/985 990/990/990 988/988/988
f 983/983/983 985/985/985 988/988/988
f 983/983/983 988/988/988 468/468/468
f 471/471/471 983/983/983 468/468/468
f 992/992/992 991/991/991 463/463/463
f 464/464/464 992/992/992 463/463/463
f 994/994/994 993/993/993 991/991/991
f 992/992/992 994/994/994 991/991/991
f 995/995/995 994/994/994 992/992/992
f 996/996/996 995/995/995 992/992/992
f 996/996/996 992/992/992 464/464/464
f 465/465/465 996/996/996 464/464/464
f 999/999/999 998/998/998 997/997/997
f 1000/1000/1000 999/999/999 997/997/997
f 991/991/991 993/993/993 998/998/998
f 999/999/999 991/991/991 998/998/998
f 463/463/463 991/991/991 999/999/999
f 568/568/568 463/463/463 999/999/999
f 568/568/568 999/999/999 1000/1000/1000
f 567/567/567 568/568/568 1000/1000/1000
f 1003/1003/1003 1002/1002/1002 1001/1001/1001
f 1004/1004/1004 1003/1003/1003 1001/1001/1001
f 1006/1006/1006 1005/1005/1005 1002/1002/1002
f 1003/1003/1003 1006/1006/1006 1002/1002/1002
f 860/860/860 1006/1006/1006 1003/1003/1003
f 859/859/859 860/860/860 1003/1003/1003
f 859/859/859 1003/1003/1003 1004/1004/1004
f 457/457/457 859/859/859 1004/1004/1004
f 1009/1009/1009 1008/1008/1008 1007/1007/1007
f 1010/1010/1010 1009/1009/1009 1007/1007/1007
f 1004/1004/1004 1001/1001/1001 1008/1008/1008
f 1009/1009/1009 1004/1004/1004 1008/1008/1008
f 457/457/457 1004/1004/1004 1009/1009/1009
f 460/460/460 457/457/457 1009/1009/1009
f 460/460/460 1009/1009/1009 1010/1010/1010
f 451/451/451 460/460/460 1010/1010/1010
f 1012/1012/1012 1011/1011/1011 456/456/456
f 454/454/454 1012/1012/1012 456/456/456
f 1014/1014/1014 1013/1013/1013 1011/1011/1011
f 1012/1012/1012 1014/1014/1014 1011/1011/1011
f 1007/1007/1007 1014/1014/1014 1012/1012/1012
f 1010/1010/1010 1007/1007/1007 1012/1012/1012
f 1010/1010/1010 1012/1012/1012 454/454/454
f 451/451/451 1010/1010/1010 454/454/454
f 1017/1017/1017 1016/1016/1016 1015/1015/1015
f 1018/1018/1018 1017/1017/1017 1015/1015/1015
f 1020/1020/1020 1019/1019/1019 1016/1016/1016
f 1017/1017/1017 1020/1020/1020 1016/1016/1016
f 757/757/757 1020/1020/1020 1017/1017/1017
f 760/760/760 757/757/757 1017/1017/1017
f 760/760/760 1017/1017/1017 1018/1018/1018
f 445/445/445 760/760/760 1018/1018/1018
f 1023/1023/1023 1022/1022/1022 1021/1021/1021
f 1024/1024/1024 1023/1023/1023 1021/1021/1021
f 1018/1018/1018 1015/1015/1015 1022/1022/1022
f 1023/1023/1023 1018/1018/1018 1022/1022/1022
f 445/445/445 1018/1018/1018 1023/1023/1023
f 448/448/448 445/445/445 1023/1023/1023
f 448/448/448 1023/1023/1023 1024/1024/1024
f 450/450/450 448/448/448 1024/1024/1024
f 1027/1027/1027 1026/1026/1026 1025/1025/1025
f 1028/1028/1028 1027/1027/1027 1025/1025/1025
f 1024/1024/1024 1021/1021/1021 1026/1026/1026
f 1027/1027/1027 1024/1024/1024 1026/1026/1026
f 450/450/450 1024/1024/1024 1027/1027/1027
f 737/737/737 450/450/450 1027/1027/1027
f 737/737/737 1027/1027/1027 1028/1028/1028
f 443/443/443 737/737/737 1028/1028/1028
f 1030/1030/1030 1029/1029/1029 441/441/441
f 442/442/442 1030/1030/1030 441/441/441
f 1032/1032/1032 1031/1031/1031 1029/1029/1029
f 1030/1030/1030 1032/1032/1032 1029/1029/1029
f 1025/1025/1025 1032/1032/1032 1030/1030/1030
f 1028/1028/1028 1025/1025/1025 1030/1030/1030
f 1028/1028/1028 1030/1030/1030 442/442/442
f 443/443/443 1028/1028/1028 442/442/442
f 1035/1035/1035 1034/1034/1034 1033/1033/1033
f 1036/1036/1036 1035/1035/1035 1033/1033/1033
f 1038/1038/1038 1037/1037/1037 1034/1034/1034
f 1035/1035/1035 1038/1038/1038 1034/1034/1034
f 437/437/437 1038/1038/1038 1035/1035/1035
f 436/436/436 437/437/437 1035/1035/1035
f 436/436/436 1035/1035/1035 1036/1036/1036
f 435/435/435 436/436/436 1036/1036/1036
f 1040/1040/1040 1039/1039/1039 922/922/922
f 918/918/918 1040/1040/1040 922/922/922
f 1036/1036/1036 1033/1033/1033 1039/1039/1039
f 1040/1040/1040 1036/1036/1036 1039/1039/1039
f 435/435/435 1036/1036/1036 1040/1040/1040
f 850/850/850 435/435/435 1040/1040/1040
f 850/850/850 1040/1040/1040 918/918/918
f 542/542/542 850/850/850 918/918/918
f 1042/1042/1042 1041/1041/1041 41/41/41
f 42/42/42 1042/1042/1042 41/41/41
f 69/69/69 70/70/70 1041/1041/1041
f 1042/1042/1042 69/69/69 1041/1041/1041
f 68/68/68 69/69/69 1042/1042/1042
f 1043/1043/1043 68/68/68 1042/1042/1042
f 1043/1043/1043 1042/1042/1042 42/42/42
f 43/43/43 1043/1043/1043 42/42/42
f 1044/1044/1044 950/950/950 505/505/505
f 1045/1045/1045 1044/1044/1044 505/505/505
f 1046/1046/1046 949/949/949 950/950/950
f 1044/1044/1044 1046/1046/1046 950/950/950
f 943/943/943 1046/1046/1046 1044/1044/1044
f 941/941/941 943/943/943 1044/1044/1044
f 941/941/941 1044/1044/1044 1045/1045/1045
f 507/507/507 941/941/941 1045/1045/1045
f 1047/1047/1047 506/506/506 284/284/284
f 1048/1048/1048 1047/1047/1047 284/284/284
f 1045/1045/1045 505/505/505 506/506/506
f 1047/1047/1047 1045/1045/1045 506/506/506
f 507/507/507 1045/1045/1045 1047/1047/1047
f 510/510/510 507/507/507 1047/1047/1047
f 510/510/510 1047/1047/1047 1048/1048/1048
f 253/253/253 510/510/510 1048/1048/1048
f 1049/1049/1049 285/285/285 286/286/286
f 1050/1050/1050 1049/1049/1049 286/286/286
f 1048/1048/1048 284/284/284 285/285/285
f 1049/1049/1049 1048/1048/1048 285/285/285
f 253/253/253 1048/1048/1048 1049/1049/1049
f 256/256/256 253/253/253 1049/1049/1049
f 256/256/256 1049/1049/1049 1050/1050/1050
f 261/261/261 256/256/256 1050/1050/1050
f 1052/1052/1052 1051/1051/1051 9/9/9
f 677/677/677 1052/1052/1052 9/9/9
f 668/668/668 55/55/55 1051/1051/1051
f 1052/1052/1052 668/668/668 1051/1051/1051
f 667/667/667 668/668/668 1052/1052/1052
f 1053/1053/1053 667/667/667 1052/1052/1052
f 1053/1053/1053 1052/1052/1052 677/677/677
f 678/678/678 1053/1053/1053 677/677/677
f 1055/1055/1055 1054/1054/1054 7/7/7
f 8/8/8 1055/1055/1055 7/7/7
f 56/56/56 59/59/59 1054/1054/1054
f 1055/1055/1055 56/56/56 1054/1054/1054
f 55/55/55 56/56/56 1055/1055/1055
f 1051/1051/1051 55/55/55 1055/1055/1055
f 1051/1051/1051 1055/1055/1055 8/8/8
f 9/9/9 1051/1051/1051 8/8/8
f 1057/1057/1057 1056/1056/1056 225/225/225
f 220/220/220 1057/1057/1057 225/225/225
f 231/231/231 232/232/232 1056/1056/1056
f 1057/1057/1057 231/231/231 1056/1056/1056
f 230/230/230 231/231/231 1057/1057/1057
f 1058/1058/1058 230/230/230 1057/1057/1057
f 1058/1058/1058 1057/1057/1057 220/220/220
f 217/217/217 1058/1058/1058 220/220/220
f 1059/1059/1059 552/552/552 334/334/334
f 1060/1060/1060 1059/1059/1059 334/334/334
f 1056/1056/1056 232/232/232 552/552/552
f 1059/1059/1059 1056/1056/1056 552/552/552
f 225/225/225 1056/1056/1056 1059/1059/1059
f 547/547/547 225/225/225 1059/1059/1059
f 547/547/547 1059/1059/1059 1060/1060/1060
f 333/333/333 547/547/547 1060/1060/1060
f 1062/1062/1062 1061/1061/1061 331/331/331
f 332/332/332 1062/1062/1062 331/331/331
f 335/335/335 338/338/338 1061/1061/1061
f 1062/1062/1062 335/335/335 1061/1061/1061
f 334/334/334 335/335/335 1062/1062/1062
f 1060/1060/1060 334/334/334 1062/1062/1062
f 1060/1060/1060 1062/1062/1062 332/332/332
f 333/333/333 1060/1060/1060 332/332/332
f 1064/1064/1064 1063/1063/1063 437/437/437
f 438/438/438 1064/1064/1064 437/437/437
f 439/439/439 441/441/441 1063/1063/1063
f 1064/1064/1064 439/439/439 1063/1063/1063
f 338/338/338 439/439/439 1064/1064/1064
f 1061/1061/1061 338/338/338 1064/1064/1064
f 1061/1061/1061 1064/1064/1064 438/438/438
f 331/331/331 1061/1061/1061 438/438/438
f 1066/1066/1066 1065/1065/1065 1037/1037/1037
f 1038/1038/1038 1066/1066/1066 1037/1037/1037
f 1029/1029/1029 1031/1031/1031 1065/1065/1065
f 1066/1066/1066 1029/1029/1029 1065/1065/1065
f 441/441/441 1029/1029/1029 1066/1066/1066
f 1063/1063/1063 441/441/441 1066/1066/1066
f 1063/1063/1063 1066/1066/1066 1038/1038/1038
f 437/437/437 1063/1063/1063 1038/1038/1038
f 1068/1068/1068 1067/1067/1067 50/50/50
f 51/51/51 1068/1068/1068 50/50/50
f 85/85/85 82/82/82 1067/1067/1067
f 1068/1068/1068 85/85/85 1067/1067/1067
f 90/90/90 85/85/85 1068/1068/1068
f 1069/1069/1069 90/90/90 1068/1068/1068
f 1069/1069/1069 1068/1068/1068 51/51/51
f 52/52/52 1069/1069/1069 51/51/51
f 1071/1071/1071 1070/1070/1070 199/199/199
f 529/529/529 1071/1071/1071 199/199/199
f 520/520/520 190/190/190 1070/1070/1070
f 1071/1071/1071 520/520/520 1070/1070/1070
f 519/519/519 520/520/520 1071/1071/1071
f 1072/1072/1072 519/519/519 1071/1071/1071
f 1072/1072/1072 1071/1071/1071 529/529/529
f 530/530/530 1072/1072/1072 529/529/529
f 1074/1074/1074 1073/1073/1073 207/207/207
f 202/202/202 1074/1074/1074 207/207/207
f 191/191/191 194/194/194 1073/1073/1073
f 1074/1074/1074 191/191/191 1073/1073/1073
f 190/190/190 191/191/191 1074/1074/1074
f 1070/1070/1070 190/190/190 1074/1074/1074
f 1070/1070/1070 1074/1074/1074 202/202/202
f 199/199/199 1070/1070/1070 202/202/202
f 1075/1075/1075 78/78/78 79/79/79
f 1076/1076/1076 1075/1075/1075 79/79/79
f 1077/1077/1077 77/77/77 78/78/78
f 1075/1075/1075 1077/1077/1077 78/78/78
f 19/19/19 1077/1077/1077 1075/1075/1075
f 22/22/22 19/19/19 1075/1075/1075
f 22/22/22 1075/1075/1075 1076/1076/1076
f 27/27/27 22/22/22 1076/1076/1076
f 1078/1078/1078 595/595/595 596/596/596
f 1079/1079/1079 1078/1078/1078 596/596/596
f 1076/1076/1076 79/79/79 595/595/595
f 1078/1078/1078 1076/1076/1076 595/595/595
f 27/27/27 1076/1076/1076 1078/1078/1078
f 696/696/696 27/27/27 1078/1078/1078
f 696/696/696 1078/1078/1078 1079/1079/1079
f 700/700/700 696/696/696 1079/1079/1079
f 1081/1081/1081 1080/1080/1080 746/746/746
f 749/749/749 1081/1081/1081 746/746/746
f 584/584/584 180/180/180 1080/1080/1080
f 1081/1081/1081 584/584/584 1080/1080/1080
f 583/583/583 584/584/584 1081/1081/1081
f 1082/1082/1082 583/583/583 1081/1081/1081
f 1082/1082/1082 1081/1081/1081 749/749/749
f 750/750/750 1082/1082/1082 749/749/749
f 1084/1084/1084 1083/1083/1083 744/744/744
f 745/745/745 1084/1084/1084 744/744/744
f 175/175/175 172/172/172 1083/1083/1083
f 1084/1084/1084 175/175/175 1083/1083/1083
f 180/180/180 175/175/175 1084/1084/1084
f 1080/1080/1080 180/180/180 1084/1084/1084
f 1080/1080/1080 1084/1084/1084 745/745/745
f 746/746/746 1080/1080/1080 745/745/745
f 1086/1086/1086 1085/1085/1085 796/796/796
f 799/799/799 1086/1086/1086 796/796/796
f 146/146/146 149/149/149 1085/1085/1085
f 1086/1086/1086 146/146/146 1085/1085/1085
f 145/145/145 146/146/146 1086/1086/1086
f 1087/1087/1087 145/145/145 1086/1086/1086
f 1087/1087/1087 1086/1086/1086 799/799/799
f 800/800/800 1087/1087/1087 799/799/799
f 1089/1089/1089 1088/1088/1088 794/794/794
f 795/795/795 1089/1089/1089 794/794/794
f 605/605/605 607/607/607 1088/1088/1088
f 1089/1089/1089 605/605/605 1088/1088/1088
f 149/149/149 605/605/605 1089/1089/1089
f 1085/1085/1085 149/149/149 1089/1089/1089
f 1085/1085/1085 1089/1089/1089 795/795/795
f 796/796/796 1085/1085/1085 795/795/795
f 1091/1091/1091 1090/1090/1090 787/787/787
f 788/788/788 1091/1091/1091 787/787/787
f 141/141/141 142/142/142 1090/1090/1090
f 1091/1091/1091 141/141/141 1090/1090/1090
f 140/140/140 141/141/141 1091/1091/1091
f 1092/1092/1092 140/140/140 1091/1091/1091
f 1092/1092/1092 1091/1091/1091 788/788/788
f 789/789/789 1092/1092/1092 788/788/788
f 1093/1093/1093 974/974/974 479/479/479
f 1094/1094/1094 1093/1093/1093 479/479/479
f 1095/1095/1095 973/973/973 974/974/974
f 1093/1093/1093 1095/1095/1095 974/974/974
f 967/967/967 1095/1095/1095 1093/1093/1093
f 964/964/964 967/967/967 1093/1093/1093
f 964/964/964 1093/1093/1093 1094/1094/1094
f 963/963/963 964/964/964 1094/1094/1094
f 1098/1098/1098 1097/1097/1097 1096/1096/1096
f 1099/1099/1099 1098/1098/1098 1096/1096/1096
f 480/480/480 304/304/304 1097/1097/1097
f 1098/1098/1098 480/480/480 1097/1097/1097
f 479/479/479 480/480/480 1098/1098/1098
f 1094/1094/1094 479/479/479 1098/1098/1098
f 1094/1094/1094 1098/1098/1098 1099/1099/1099
f 963/963/963 1094/1094/1094 1099/1099/1099
f 1100/1100/1100 305/305/305 306/306/306
f 1101/1101/1101 1100/1100/1100 306/306/306
f 1097/1097/1097 304/304/304 305/305/305
f 1100/1100/1100 1097/1097/1097 305/305/305
f 1096/1096/1096 1097/1097/1097 1100/1100/1100
f 1102/1102/1102 1096/1096/1096 1100/1100/1100
f 1102/1102/1102 1100/1100/1100 1101/1101/1101
f 1103/1103/1103 1102/1102/1102 1101/1101/1101
f 1106/1106/1106 1105/1105/1105 1104/1104/1104
f 1107/1107/1107 1106/1106/1106 1104/1104/1104
f 638/638/638 133/133/133 1105/1105/1105
f 1106/1106/1106 638/638/638 1105/1105/1105
f 637/637/637 638/638/638 1106/1106/1106
f 1108/1108/1108 637/637/637 1106/1106/1106
f 1108/1108/1108 1106/1106/1106 1107/1107/1107
f 1109/1109/1109 1108/1108/1108 1107/1107/1107
f 1110/1110/1110 134/134/134 135/135/135
f 1111/1111/1111 1110/1110/1110 135/135/135
f 1105/1105/1105 133/133/133 134/134/134
f 1110/1110/1110 1105/1105/1105 134/134/134
f 1104/1104/1104 1105/1105/1105 1110/1110/1110
f 1112/1112/1112 1104/1104/1104 1110/1110/1110
f 1112/1112/1112 1110/1110/1110 1111/1111/1111
f 1113/1113/1113 1112/1112/1112 1111/1111/1111
f 1115/1115/1115 1114/1114/1114 769/769/769
f 774/774/774 1115/1115/1115 769/769/769
f 249/249/249 250/250/250 1114/1114/1114
f 1115/1115/1115 249/249/249 1114/1114/1114
f 248/248/248 249/249/249 1115/1115/1115
f 1116/1116/1116 248/248/248 1115/1115/1115
f 1116/1116/1116 1115/1115/1115 774/774/774
f 771/771/771 1116/1116/1116 774/774/774
f 1117/1117/1117 558/558/558 370/370/370
f 1118/1118/1118 1117/1117/1117 370/370/370
f 1114/1114/1114 250/250/250 558/558/558
f 1117/1117/1117 1114/1114/1114 558/558/558
f 769/769/769 1114/1114/1114 1117/1117/1117
f 767/767/767 769/769/769 1117/1117/1117
f 767/767/767 1117/1117/1117 1118/1118/1118
f 766/766/766 767/767/767 1118/1118/1118
f 1120/1120/1120 1119/1119/1119 761/761/761
f 765/765/765 1120/1120/1120 761/761/761
f 371/371/371 374/374/374 1119/1119/1119
f 1120/1120/1120 371/371/371 1119/1119/1119
f 370/370/370 371/371/371 1120/1120/1120
f 1118/1118/1118 370/370/370 1120/1120/1120
f 1118/1118/1118 1120/1120/1120 765/765/765
f 766/766/766 1118/1118/1118 765/765/765
f 1121/1121/1121 455/455/455 456/456/456
f 1122/1122/1122 1121/1121/1121 456/456/456
f 1119/1119/1119 374/374/374 455/455/455
f 1121/1121/1121 1119/1119/1119 455/455/455
f 761/761/761 1119/1119/1119 1121/1121/1121
f 758/758/758 761/761/761 1121/1121/1121
f 758/758/758 1121/1121/1121 1122/1122/1122
f 757/757/757 758/758/758 1122/1122/1122
f 1124/1124/1124 1123/1123/1123 1019/1019/1019
f 1020/1020/1020 1124/1124/1124 1019/1019/1019
f 1011/1011/1011 1013/1013/1013 1123/1123/1123
f 1124/1124/1124 1011/1011/1011 1123/1123/1123
f 456/456/456 1011/1011/1011 1124/1124/1124
f 1122/1122/1122 456/456/456 1124/1124/1124
f 1122/1122/1122 1124/1124/1124 1020/1020/1020
f 757/757/757 1122/1122/1122 1020/1020/1020
f 1126/1126/1126 1125/1125/1125 753/753/753
f 754/754/754 1126/1126/1126 753/753/753
f 157/157/157 154/154/154 1125/1125/1125
f 1126/1126/1126 157/157/157 1125/1125/1125
f 162/162/162 157/157/157 1126/1126/1126
f 1127/1127/1127 162/162/162 1126/1126/1126
f 1127/1127/1127 1126/1126/1126 754/754/754
f 755/755/755 1127/1127/1127 754/754/754
f 1128/1128/1128 708/708/708 73/73/73
f 1129/1129/1129 1128/1128/1128 73/73/73
f 1130/1130/1130 109/109/109 708/708/708
f 1128/1128/1128 1130/1130/1130 708/708/708
f 185/185/185 1130/1130/1130 1128/1128/1128
f 704/704/704 185/185/185 1128/1128/1128
f 704/704/704 1128/1128/1128 1129/1129/1129
f 196/196/196 704/704/704 1129/1129/1129
f 1131/1131/1131 186/186/186 187/187/187
f 1132/1132/1132 1131/1131/1131 187/187/187
f 1130/1130/1130 185/185/185 186/186/186
f 1131/1131/1131 1130/1130/1130 186/186/186
f 109/109/109 1130/1130/1130 1131/1131/1131
f 112/112/112 109/109/109 1131/1131/1131
f 112/112/112 1131/1131/1131 1132/1132/1132
f 117/117/117 112/112/112 1132/1132/1132
f 1133/1133/1133 743/743/743 744/744/744
f 1134/1134/1134 1133/1133/1133 744/744/744
f 1132/1132/1132 187/187/187 743/743/743
f 1133/1133/1133 1132/1132/1132 743/743/743
f 117/117/117 1132/1132/1132 1133/1133/1133
f 798/798/798 117/117/117 1133/1133/1133
f 798/798/798 1133/1133/1133 1134/1134/1134
f 800/800/800 798/798/798 1134/1134/1134
f 1136/1136/1136 1135/1135/1135 145/145/145
f 1087/1087/1087 1136/1136/1136 145/145/145
f 1083/1083/1083 172/172/172 1135/1135/1135
f 1136/1136/1136 1083/1083/1083 1135/1135/1135
f 744/744/744 1083/1083/1083 1136/1136/1136
f 1134/1134/1134 744/744/744 1136/1136/1136
f 1134/1134/1134 1136/1136/1136 1087/1087/1087
f 800/800/800 1134/1134/1134 1087/1087/1087
f 1138/1138/1138 1137/1137/1137 153/153/153
f 148/148/148 1138/1138/1138 153/153/153
f 173/173/173 176/176/176 1137/1137/1137
f 1138/1138/1138 173/173/173 1137/1137/1137
f 172/172/172 173/173/173 1138/1138/1138
f 1135/1135/1135 172/172/172 1138/1138/1138
f 1135/1135/1135 1138/1138/1138 148/148/148
f 145/145/145 1135/1135/1135 148/148/148
f 1140/1140/1140 1139/1139/1139 413/413/413
f 414/414/414 1140/1140/1140 413/413/413
f 415/415/415 417/417/417 1139/1139/1139
f 1140/1140/1140 415/415/415 1139/1139/1139
f 176/176/176 415/415/415 1140/1140/1140
f 1137/1137/1137 176/176/176 1140/1140/1140
f 1137/1137/1137 1140/1140/1140 414/414/414
f 153/153/153 1137/1137/1137 414/414/414
f 1141/1141/1141 905/905/905 906/906/906
f 1142/1142/1142 1141/1141/1141 906/906/906
f 1139/1139/1139 417/417/417 905/905/905
f 1141/1141/1141 1139/1139/1139 905/905/905
f 413/413/413 1139/1139/1139 1141/1141/1141
f 898/898/898 413/413/413 1141/1141/1141
f 898/898/898 1141/1141/1141 1142/1142/1142
f 897/897/897 898/898/898 1142/1142/1142
f 1144/1144/1144 1143/1143/1143 32/32/32
f 33/33/33 1144/1144/1144 32/32/32
f 168/168/168 169/169/169 1143/1143/1143
f 1144/1144/1144 168/168/168 1143/1143/1143
f 167/167/167 168/168/168 1144/1144/1144
f 1145/1145/1145 167/167/167 1144/1144/1144
f 1145/1145/1145 1144/1144/1144 33/33/33
f 34/34/34 1145/1145/1145 33/33/33
f 1146/1146/1146 996/996/996 465/465/465
f 1147/1147/1147 1146/1146/1146 465/465/465
f 1148/1148/1148 995/995/995 996/996/996
f 1146/1146/1146 1148/1148/1148 996/996/996
f 989/989/989 1148/1148/1148 1146/1146/1146
f 987/987/987 989/989/989 1146/1146/1146
f 987/987/987 1146/1146/1146 1147/1147/1147
f 467/467/467 987/987/987 1147/1147/1147
f 1149/1149/1149 466/466/466 367/367/367
f 1150/1150/1150 1149/1149/1149 367/367/367
f 1147/1147/1147 465/465/465 466/466/466
f 1149/1149/1149 1147/1147/1147 466/466/466
f 467/467/467 1147/1147/1147 1149/1149/1149
f 470/470/470 467/467/467 1149/1149/1149
f 470/470/470 1149/1149/1149 1150/1150/1150
f 289/289/289 470/470/470 1150/1150/1150
f 1151/1151/1151 368/368/368 369/369/369
f 1152/1152/1152 1151/1151/1151 369/369/369
f 1150/1150/1150 367/367/367 368/368/368
f 1151/1151/1151 1150/1150/1150 368/368/368
f 289/289/289 1150/1150/1150 1151/1151/1151
f 292/292/292 289/289/289 1151/1151/1151
f 292/292/292 1151/1151/1151 1152/1152/1152
f 297/297/297 292/292/292 1152/1152/1152
f 1154/1154/1154 1153/1153/1153 391/391/391
f 877/877/877 1154/1154/1154 391/391/391
f 870/870/870 389/389/389 1153/1153/1153
f 1154/1154/1154 870/870/870 1153/1153/1153
f 869/869/869 870/870/870 1154/1154/1154
f 1155/1155/1155 869/869/869 1154/1154/1154
f 1155/1155/1155 1154/1154/1154 877/877/877
f 878/878/878 1155/1155/1155 877/877/877
f 1156/1156/1156 390/390/390 244/244/244
f 1157/1157/1157 1156/1156/1156 244/244/244
f 1153/1153/1153 389/389/389 390/390/390
f 1156/1156/1156 1153/1153/1153 390/390/390
f 391/391/391 1153/1153/1153 1156/1156/1156
f 394/394/394 391/391/391 1156/1156/1156
f 394/394/394 1156/1156/1156 1157/1157/1157
f 127/127/127 394/394/394 1157/1157/1157
f 1159/1159/1159 1158/1158/1158 135/135/135
f 130/130/130 1159/1159/1159 135/135/135
f 245/245/245 248/248/248 1158/1158/1158
f 1159/1159/1159 245/245/245 1158/1158/1158
f 244/244/244 245/245/245 1159/1159/1159
f 1157/1157/1157 244/244/244 1159/1159/1159
f 1157/1157/1157 1159/1159/1159 130/130/130
f 127/127/127 1157/1157/1157 130/130/130
f 1160/1160/1160 1116/1116/1116 771/771/771
f 1161/1161/1161 1160/1160/1160 771/771/771
f 1158/1158/1158 248/248/248 1116/1116/1116
f 1160/1160/1160 1158/1158/1158 1116/1116/1116
f 135/135/135 1158/1158/1158 1160/1160/1160
f 1111/1111/1111 135/135/135 1160/1160/1160
f 1111/1111/1111 1160/1160/1160 1161/1161/1161
f 1113/1113/1113 1111/1111/1111 1161/1161/1161
f 1164/1164/1164 1163/1163/1163 1162/1162/1162
f 1165/1165/1165 1164/1164/1164 1162/1162/1162
f 772/772/772 235/235/235 1163/1163/1163
f 1164/1164/1164 772/772/772 1163/1163/1163
f 771/771/771 772/772/772 1164/1164/1164
f 1161/1161/1161 771/771/771 1164/1164/1164
f 1161/1161/1161 1164/1164/1164 1165/1165/1165
f 1113/1113/1113 1161/1161/1161 1165/1165/1165
f 1168/1168/1168 1167/1167/1167 1166/1166/1166
f 1169/1169/1169 1168/1168/1168 1166/1166/1166
f 236/236/236 239/239/239 1167/1167/1167
f 1168/1168/1168 236/236/236 1167/1167/1167
f 235/235/235 236/236/236 1168/1168/1168
f 1163/1163/1163 235/235/235 1168/1168/1168
f 1163/1163/1163 1168/1168/1168 1169/1169/1169
f 1162/1162/1162 1163/1163/1163 1169/1169/1169
f 1170/1170/1170 731/731/731 226/226/226
f 1171/1171/1171 1170/1170/1170 226/226/226
f 1167/1167/1167 239/239/239 731/731/731
f 1170/1170/1170 1167/1167/1167 731/731/731
f 1166/1166/1166 1167/1167/1167 1170/1170/1170
f 1172/1172/1172 1166/1166/1166 1170/1170/1170
f 1172/1172/1172 1170/1170/1170 1171/1171/1171
f 61/61/61 1172/1172/1172 1171/1171/1171
f 1174/1174/1174 1173/1173/1173 59/59/59
f 60/60/60 1174/1174/1174 59/59/59
f 227/227/227 230/230/230 1173/1173/1173
f 1174/1174/1174 227/227/227 1173/1173/1173
f 226/226/226 227/227/227 1174/1174/1174
f 1171/1171/1171 226/226/226 1174/1174/1174
f 1171/1171/1171 1174/1174/1174 60/60/60
f 61/61/61 1171/1171/1171 60/60/60
f 1175/1175/1175 1058/1058/1058 217/217/217
f 1176/1176/1176 1175/1175/1175 217/217/217
f 1173/1173/1173 230/230/230 1058/1058/1058
f 1175/1175/1175 1173/1173/1173 1058/1058/1058
f 59/59/59 1173/1173/1173 1175/1175/1175
f 1054/1054/1054 59/59/59 1175/1175/1175
f 1054/1054/1054 1175/1175/1175 1176/1176/1176
f 7/7/7 1054/1054/1054 1176/1176/1176
f 1178/1178/1178 1177/1177/1177 5/5/5
f 6/6/6 1178/1178/1178 5/5/5
f 218/218/218 221/221/221 1177/1177/1177
f 1178/1178/1178 218/218/218 1177/1177/1177
f 217/217/217 218/218/218 1178/1178/1178
f 1176/1176/1176 217/217/217 1178/1178/1178
f 1176/1176/1176 1178/1178/1178 6/6/6
f 7/7/7 1176/1176/1176 6/6/6
f 1179/1179/1179 843/843/843 844/844/844
f 1180/1180/1180 1179/1179/1179 844/844/844
f 1177/1177/1177 221/221/221 843/843/843
f 1179/1179/1179 1177/1177/1177 843/843/843
f 5/5/5 1177/1177/1177 1179/1179/1179
f 836/836/836 5/5/5 1179/1179/1179
f 836/836/836 1179/1179/1179 1180/1180/1180
f 835/835/835 836/836/836 1180/1180/1180
f 1181/1181/1181 323/323/323 324/324/324
f 1182/1182/1182 1181/1181/1181 324/324/324
f 1183/1183/1183 322/322/322 323/323/323
f 1181/1181/1181 1183/1183/1183 323/323/323
f 270/270/270 1183/1183/1183 1181/1181/1181
f 269/269/269 270/270/270 1181/1181/1181
f 269/269/269 1181/1181/1181 1182/1182/1182
f 268/268/268 269/269/269 1182/1182/1182
f 1184/1184/1184 431/431/431 432/432/432
f 1185/1185/1185 1184/1184/1184 432/432/432
f 1182/1182/1182 324/324/324 431/431/431
f 1184/1184/1184 1182/1182/1182 431/431/431
f 268/268/268 1182/1182/1182 1184/1184/1184
f 518/518/518 268/268/268 1184/1184/1184
f 518/518/518 1184/1184/1184 1185/1185/1185
f 517/517/517 518/518/518 1185/1185/1185
f 1187/1187/1187 1186/1186/1186 931/931/931
f 932/932/932 1187/1187/1187 931/931/931
f 923/923/923 925/925/925 1186/1186/1186
f 1187/1187/1187 923/923/923 1186/1186/1186
f 432/432/432 923/923/923 1187/1187/1187
f 1185/1185/1185 432/432/432 1187/1187/1187
f 1185/1185/1185 1187/1187/1187 932/932/932
f 517/517/517 1185/1185/1185 932/932/932
f 1189/1189/1189 1188/1188/1188 14/14/14
f 15/15/15 1189/1189/1189 14/14/14
f 211/211/211 208/208/208 1188/1188/1188
f 1189/1189/1189 211/211/211 1188/1188/1188
f 216/216/216 211/211/211 1189/1189/1189
f 1190/1190/1190 216/216/216 1189/1189/1189
f 1190/1190/1190 1189/1189/1189 15/15/15
f 16/16/16 1190/1190/1190 15/15/15
f 1192/1192/1192 1191/1191/1191 23/23/23
f 813/813/813 1192/1192/1192 23/23/23
f 808/808/808 205/205/205 1191/1191/1191
f 1192/1192/1192 808/808/808 1191/1191/1191
f 807/807/807 808/808/808 1192/1192/1192
f 1193/1193/1193 807/807/807 1192/1192/1192
f 1193/1193/1193 1192/1192/1192 813/813/813
f 814/814/814 1193/1193/1193 813/813/813
f 1194/1194/1194 206/206/206 207/207/207
f 1195/1195/1195 1194/1194/1194 207/207/207
f 1191/1191/1191 205/205/205 206/206/206
f 1194/1194/1194 1191/1191/1191 206/206/206
f 23/23/23 1191/1191/1191 1194/1194/1194
f 20/20/20 23/23/23 1194/1194/1194
f 20/20/20 1194/1194/1194 1195/1195/1195
f 19/19/19 20/20/20 1195/1195/1195
f 1196/1196/1196 1077/1077/1077 19/19/19
f 1195/1195/1195 1196/1196/1196 19/19/19
f 1197/1197/1197 77/77/77 1077/1077/1077
f 1196/1196/1196 1197/1197/1197 1077/1077/1077
f 194/194/194 1197/1197/1197 1196/1196/1196
f 1073/1073/1073 194/194/194 1196/1196/1196
f 1073/1073/1073 1196/1196/1196 1195/1195/1195
f 207/207/207 1073/1073/1073 1195/1195/1195
f 1198/1198/1198 195/195/195 196/196/196
f 1129/1129/1129 1198/1198/1198 196/196/196
f 1197/1197/1197 194/194/194 195/195/195
f 1198/1198/1198 1197/1197/1197 195/195/195
f 77/77/77 1197/1197/1197 1198/1198/1198
f 74/74/74 77/77/77 1198/1198/1198
f 74/74/74 1198/1198/1198 1129/1129/1129
f 73/73/73 74/74/74 1129/1129/1129
f 1201/1201/1201 1200/1200/1200 1199/1199/1199
f 1202/1202/1202 1201/1201/1201 1199/1199/1199
f 1204/1204/1204 1203/1203/1203 1200/1200/1200
f 1201/1201/1201 1204/1204/1204 1200/1200/1200
f 214/214/214 1204/1204/1204 1201/1201/1201
f 532/532/532 214/214/214 1201/1201/1201
f 532/532/532 1201/1201/1201 1202/1202/1202
f 531/531/531 532/532/532 1202/1202/1202
f 1205/1205/1205 215/215/215 216/216/216
f 1206/1206/1206 1205/1205/1205 216/216/216
f 1204/1204/1204 214/214/214 215/215/215
f 1205/1205/1205 1204/1204/1204 215/215/215
f 1203/1203/1203 1204/1204/1204 1205/1205/1205
f 1207/1207/1207 1203/1203/1203 1205/1205/1205
f 1207/1207/1207 1205/1205/1205 1206/1206/1206
f 1208/1208/1208 1207/1207/1207 1206/1206/1206
f 1209/1209/1209 1190/1190/1190 16/16/16
f 1210/1210/1210 1209/1209/1209 16/16/16
f 1206/1206/1206 216/216/216 1190/1190/1190
f 1209/1209/1209 1206/1206/1206 1190/1190/1190
f 1208/1208/1208 1206/1206/1206 1209/1209/1209
f 1211/1211/1211 1208/1208/1208 1209/1209/1209
f 1211/1211/1211 1209/1209/1209 1210/1210/1210
f 1212/1212/1212 1211/1211/1211 1210/1210/1210
f 1213/1213/1213 17/17/17 18/18/18
f 1214/1214/1214 1213/1213/1213 18/18/18
f 1210/1210/1210 16/16/16 17/17/17
f 1213/1213/1213 1210/1210/1210 17/17/17
f 1212/1212/1212 1210/1210/1210 1213/1213/1213
f 1215/1215/1215 1212/1212/1212 1213/1213/1213
f 1215/1215/1215 1213/1213/1213 1214/1214/1214
f 1216/1216/1216 1215/1215/1215 1214/1214/1214
f 1217/1217/1217 693/693/693 694/694/694
f 1218/1218/1218 1217/1217/1217 694/694/694
f 1214/1214/1214 18/18/18 693/693/693
f 1217/1217/1217 1214/1214/1214 693/693/693
f 1216/1216/1216 1214/1214/1214 1217/1217/1217
f 1219/1219/1219 1216/1216/1216 1217/1217/1217
f 1219/1219/1219 1217/1217/1217 1218/1218/1218
f 1220/1220/1220 1219/1219/1219 1218/1218/1218
f 1222/1222/1222 1221/1221/1221 1220/1220/1220
f 1218/1218/1218 1222/1222/1222 1220/1220/1220
f 1224/1224/1224 1223/1223/1223 1221/1221/1221
f 1222/1222/1222 1224/1224/1224 1221/1221/1221
f 37/37/37 1224/1224/1224 1222/1222/1222
f 821/821/821 37/37/37 1222/1222/1222
f 821/821/821 1222/1222/1222 1218/1218/1218
f 694/694/694 821/821/821 1218/1218/1218
f 1226/1226/1226 1225/1225/1225 1223/1223/1223
f 1224/1224/1224 1226/1226/1226 1223/1223/1223
f 1228/1228/1228 1227/1227/1227 1225/1225/1225
f 1226/1226/1226 1228/1228/1228 1225/1225/1225
f 41/41/41 1228/1228/1228 1226/1226/1226
f 38/38/38 41/41/41 1226/1226/1226
f 38/38/38 1226/1226/1226 1224/1224/1224
f 37/37/37 38/38/38 1224/1224/1224
f 1230/1230/1230 1229/1229/1229 1227/1227/1227
f 1228/1228/1228 1230/1230/1230 1227/1227/1227
f 1232/1232/1232 1231/1231/1231 1229/1229/1229
f 1230/1230/1230 1232/1232/1232 1229/1229/1229
f 70/70/70 1232/1232/1232 1230/1230/1230
f 1041/1041/1041 70/70/70 1230/1230/1230
f 1041/1041/1041 1230/1230/1230 1228/1228/1228
f 41/41/41 1041/1041/1041 1228/1228/1228
f 1233/1233/1233 71/71/71 72/72/72
f 1234/1234/1234 1233/1233/1233 72/72/72
f 1232/1232/1232 70/70/70 71/71/71
f 1233/1233/1233 1232/1232/1232 71/71/71
f 1231/1231/1231 1232/1232/1232 1233/1233/1233
f 1235/1235/1235 1231/1231/1231 1233/1233/1233
f 1235/1235/1235 1233/1233/1233 1234/1234/1234
f 1236/1236/1236 1235/1235/1235 1234/1234/1234
f 1238/1238/1238 1237/1237/1237 1236/1236/1236
f 1234/1234/1234 1238/1238/1238 1236/1236/1236
f 1240/1240/1240 1239/1239/1239 1237/1237/1237
f 1238/1238/1238 1240/1240/1240 1237/1237/1237
f 100/100/100 1240/1240/1240 1238/1238/1238
f 711/711/711 100/100/100 1238/1238/1238
f 711/711/711 1238/1238/1238 1234/1234/1234
f 72/72/72 711/711/711 1234/1234/1234
f 1242/1242/1242 1241/1241/1241 1239/1239/1239
f 1240/1240/1240 1242/1242/1242 1239/1239/1239
f 1244/1244/1244 1243/1243/1243 1241/1241/1241
f 1242/1242/1242 1244/1244/1244 1241/1241/1241
f 104/104/104 1244/1244/1244 1242/1242/1242
f 101/101/101 104/104/104 1242/1242/1242
f 101/101/101 1242/1242/1242 1240/1240/1240
f 100/100/100 101/101/101 1240/1240/1240
f 1246/1246/1246 1245/1245/1245 1243/1243/1243
f 1244/1244/1244 1246/1246/1246 1243/1243/1243
f 1248/1248/1248 1247/1247/1247 1245/1245/1245
f 1246/1246/1246 1248/1248/1248 1245/1245/1245
f 787/787/787 1248/1248/1248 1246/1246/1246
f 785/785/785 787/787/787 1246/1246/1246
f 785/785/785 1246/1246/1246 1244/1244/1244
f 104/104/104 785/785/785 1244/1244/1244
f 1250/1250/1250 1249/1249/1249 1247/1247/1247
f 1248/1248/1248 1250/1250/1250 1247/1247/1247
f 1252/1252/1252 1251/1251/1251 1249/1249/1249
f 1250/1250/1250 1252/1252/1252 1249/1249/1249
f 142/142/142 1252/1252/1252 1250/1250/1250
f 1090/1090/1090 142/142/142 1250/1250/1250
f 1090/1090/1090 1250/1250/1250 1248/1248/1248
f 787/787/787 1090/1090/1090 1248/1248/1248
f 1253/1253/1253 143/143/143 144/144/144
f 1254/1254/1254 1253/1253/1253 144/144/144
f 1252/1252/1252 142/142/142 143/143/143
f 1253/1253/1253 1252/1252/1252 143/143/143
f 1251/1251/1251 1252/1252/1252 1253/1253/1253
f 1255/1255/1255 1251/1251/1251 1253/1253/1253
f 1255/1255/1255 1253/1253/1253 1254/1254/1254
f 1256/1256/1256 1255/1255/1255 1254/1254/1254
f 1258/1258/1258 1257/1257/1257 1256/1256/1256
f 1254/1254/1254 1258/1258/1258 1256/1256/1256
f 1260/1260/1260 1259/1259/1259 1257/1257/1257
f 1258/1258/1258 1260/1260/1260 1257/1257/1257
f 405/405/405 1260/1260/1260 1258/1258/1258
f 403/403/403 405/405/405 1258/1258/1258
f 403/403/403 1258/1258/1258 1254/1254/1254
f 144/144/144 403/403/403 1254/1254/1254
f 1262/1262/1262 1261/1261/1261 1259/1259/1259
f 1260/1260/1260 1262/1262/1262 1259/1259/1259
f 1264/1264/1264 1263/1263/1263 1261/1261/1261
f 1262/1262/1262 1264/1264/1264 1261/1261/1261
f 615/615/615 1264/1264/1264 1262/1262/1262
f 888/888/888 615/615/615 1262/1262/1262
f 888/888/888 1262/1262/1262 1260/1260/1260
f 405/405/405 888/888/888 1260/1260/1260
f 1266/1266/1266 1265/1265/1265 1263/1263/1263
f 1264/1264/1264 1266/1266/1266 1263/1263/1263
f 1268/1268/1268 1267/1267/1267 1265/1265/1265
f 1266/1266/1266 1268/1268/1268 1265/1265/1265
f 28/28/28 1268/1268/1268 1266/1266/1266
f 616/616/616 28/28/28 1266/1266/1266
f 616/616/616 1266/1266/1266 1264/1264/1264
f 615/615/615 616/616/616 1264/1264/1264
f 1270/1270/1270 1269/1269/1269 1267/1267/1267
f 1268/1268/1268 1270/1270/1270 1267/1267/1267
f 1272/1272/1272 1271/1271/1271 1269/1269/1269
f 1270/1270/1270 1272/1272/1272 1269/1269/1269
f 32/32/32 1272/1272/1272 1270/1270/1270
f 29/29/29 32/32/32 1270/1270/1270
f 29/29/29 1270/1270/1270 1268/1268/1268
f 28/28/28 29/29/29 1268/1268/1268
f 1274/1274/1274 1273/1273/1273 1271/1271/1271
f 1272/1272/1272 1274/1274/1274 1271/1271/1271
f 1276/1276/1276 1275/1275/1275 1273/1273/1273
f 1274/1274/1274 1276/1276/1276 1273/1273/1273
f 169/169/169 1276/1276/1276 1274/1274/1274
f 1143/1143/1143 169/169/169 1274/1274/1274
f 1143/1143/1143 1274/1274/1274 1272/1272/1272
f 32/32/32 1143/1143/1143 1272/1272/1272
f 1277/1277/1277 170/170/170 171/171/171
f 1278/1278/1278 1277/1277/1277 171/171/171
f 1276/1276/1276 169/169/169 170/170/170
f 1277/1277/1277 1276/1276/1276 170/170/170
f 1275/1275/1275 1276/1276/1276 1277/1277/1277
f 1279/1279/1279 1275/1275/1275 1277/1277/1277
f 1279/1279/1279 1277/1277/1277 1278/1278/1278
f 1280/1280/1280 1279/1279/1279 1278/1278/1278
f 1281/1281/1281 575/575/575 576/576/576
f 1282/1282/1282 1281/1281/1281 576/576/576
f 1278/1278/1278 171/171/171 575/575/575
f 1281/1281/1281 1278/1278/1278 575/575/575
f 1280/1280/1280 1278/1278/1278 1281/1281/1281
f 1283/1283/1283 1280/1280/1280 1281/1281/1281
f 1283/1283/1283 1281/1281/1281 1282/1282/1282
f 1284/1284/1284 1283/1283/1283 1282/1282/1282
f 1285/1285/1285 916/916/916 425/425/425
f 1286/1286/1286 1285/1285/1285 425/425/425
f 1287/1287/1287 915/915/915 916/916/916
f 1285/1285/1285 1287/1287/1287 916/916/916
f 1288/1288/1288 1287/1287/1287 1285/1285/1285
f 1289/1289/1289 1288/1288/1288 1285/1285/1285
f 1289/1289/1289 1285/1285/1285 1286/1286/1286
f 1290/1290/1290 1289/1289/1289 1286/1286/1286
f 1291/1291/1291 426/426/426 160/160/160
f 1292/1292/1292 1291/1291/1291 160/160/160
f 1286/1286/1286 425/425/425 426/426/426
f 1291/1291/1291 1286/1286/1286 426/426/426
f 1290/1290/1290 1286/1286/1286 1291/1291/1291
f 1293/1293/1293 1290/1290/1290 1291/1291/1291
f 1293/1293/1293 1291/1291/1291 1292/1292/1292
f 1294/1294/1294 1293/1293/1293 1292/1292/1292
f 1295/1295/1295 161/161/161 162/162/162
f 1296/1296/1296 1295/1295/1295 162/162/162
f 1292/1292/1292 160/160/160 161/161/161
f 1295/1295/1295 1292/1292/1292 161/161/161
f 1294/1294/1294 1292/1292/1292 1295/1295/1295
f 1297/1297/1297 1294/1294/1294 1295/1295/1295
f 1297/1297/1297 1295/1295/1295 1296/1296/1296
f 1298/1298/1298 1297/1297/1297 1296/1296/1296
f 1299/1299/1299 1127/1127/1127 755/755/755
f 1300/1300/1300 1299/1299/1299 755/755/755
f 1296/1296/1296 162/162/162 1127/1127/1127
f 1299/1299/1299 1296/1296/1296 1127/1127/1127
f 1298/1298/1298 1296/1296/1296 1299/1299/1299
f 1301/1301/1301 1298/1298/1298 1299/1299/1299
f 1301/1301/1301 1299/1299/1299 1300/1300/1300
f 1302/1302/1302 1301/1301/1301 1300/1300/1300
f 1303/1303/1303 756/756/756 124/124/124
f 1304/1304/1304 1303/1303/1303 124/124/124
f 1300/1300/1300 755/755/755 756/756/756
f 1303/1303/1303 1300/1300/1300 756/756/756
f 1302/1302/1302 1300/1300/1300 1303/1303/1303
f 1305/1305/1305 1302/1302/1302 1303/1303/1303
f 1305/1305/1305 1303/1303/1303 1304/1304/1304
f 1306/1306/1306 1305/1305/1305 1304/1304/1304
f 1307/1307/1307 125/125/125 126/126/126
f 1308/1308/1308 1307/1307/1307 126/126/126
f 1304/1304/1304 124/124/124 125/125/125
f 1307/1307/1307 1304/1304/1304 125/125/125
f 1306/1306/1306 1304/1304/1304 1307/1307/1307
f 1309/1309/1309 1306/1306/1306 1307/1307/1307
f 1309/1309/1309 1307/1307/1307 1308/1308/1308
f 1310/1310/1310 1309/1309/1309 1308/1308/1308
f 1311/1311/1311 740/740/740 88/88/88
f 1312/1312/1312 1311/1311/1311 88/88/88
f 1308/1308/1308 126/126/126 740/740/740
f 1311/1311/1311 1308/1308/1308 740/740/740
f 1310/1310/1310 1308/1308/1308 1311/1311/1311
f 1313/1313/1313 1310/1310/1310 1311/1311/1311
f 1313/1313/1313 1311/1311/1311 1312/1312/1312
f 1314/1314/1314 1313/1313/1313 1312/1312/1312
f 1315/1315/1315 89/89/89 90/90/90
f 1316/1316/1316 1315/1315/1315 90/90/90
f 1312/1312/1312 88/88/88 89/89/89
f 1315/1315/1315 1312/1312/1312 89/89/89
f 1314/1314/1314 1312/1312/1312 1315/1315/1315
f 1317/1317/1317 1314/1314/1314 1315/1315/1315
f 1317/1317/1317 1315/1315/1315 1316/1316/1316
f 1318/1318/1318 1317/1317/1317 1316/1316/1316
f 1319/1319/1319 1069/1069/1069 52/52/52
f 1320/1320/1320 1319/1319/1319 52/52/52
f 1316/1316/1316 90/90/90 1069/1069/1069
f 1319/1319/1319 1316/1316/1316 1069/1069/1069
f 1318/1318/1318 1316/1316/1316 1319/1319/1319
f 1321/1321/1321 1318/1318/1318 1319/1319/1319
f 1321/1321/1321 1319/1319/1319 1320/1320/1320
f 1322/1322/1322 1321/1321/1321 1320/1320/1320
f 1323/1323/1323 53/53/53 54/54/54
f 1324/1324/1324 1323/1323/1323 54/54/54
f 1320/1320/1320 52/52/52 53/53/53
f 1323/1323/1323 1320/1320/1320 53/53/53
f 1322/1322/1322 1320/1320/1320 1323/1323/1323
f 1325/1325/1325 1322/1322/1322 1323/1323/1323
f 1325/1325/1325 1323/1323/1323 1324/1324/1324
f 1326/1326/1326 1325/1325/1325 1324/1324/1324
f 1327/1327/1327 854/854/854 531/531/531
f 1202/1202/1202 1327/1327/1327 531/531/531
f 1324/1324/1324 54/54/54 854/854/854
f 1327/1327/1327 1324/1324/1324 854/854/854
f 1326/1326/1326 1324/1324/1324 1327/1327/1327
f 1328/1328/1328 1326/1326/1326 1327/1327/1327
f 1328/1328/1328 1327/1327/1327 1202/1202/1202
f 1199/1199/1199 1328/1328/1328 1202/1202/1202
f 1331/1331/1331 1330/1330/1330 1329/1329/1329
f 1332/1332/1332 1331/1331/1331 1329/1329/1329
f 1334/1334/1334 1333/1333/1333 1330/1330/1330
f 1331/1331/1331 1334/1334/1334 1330/1330/1330
f 163/163/163 1334/1334/1334 1331/1331/1331
f 572/572/572 163/163/163 1331/1331/1331
f 572/572/572 1331/1331/1331 1332/1332/1332
f 571/571/571 572/572/572 1332/1332/1332
f 1336/1336/1336 1335/1335/1335 1333/1333/1333
f 1334/1334/1334 1336/1336/1336 1333/1333/1333
f 1338/1338/1338 1337/1337/1337 1335/1335/1335
f 1336/1336/1336 1338/1338/1338 1335/1335/1335
f 167/167/167 1338/1338/1338 1336/1336/1336
f 164/164/164 167/167/167 1336/1336/1336
f 164/164/164 1336/1336/1336 1334/1334/1334
f 163/163/163 164/164/164 1334/1334/1334
f 1339/1339/1339 1145/1145/1145 34/34/34
f 1340/1340/1340 1339/1339/1339 34/34/34
f 1338/1338/1338 167/167/167 1145/1145/1145
f 1339/1339/1339 1338/1338/1338 1145/1145/1145
f 1337/1337/1337 1338/1338/1338 1339/1339/1339
f 1341/1341/1341 1337/1337/1337 1339/1339/1339
f 1341/1341/1341 1339/1339/1339 1340/1340/1340
f 1342/1342/1342 1341/1341/1341 1340/1340/1340
f 1343/1343/1343 35/35/35 36/36/36
f 1344/1344/1344 1343/1343/1343 36/36/36
f 1340/1340/1340 34/34/34 35/35/35
f 1343/1343/1343 1340/1340/1340 35/35/35
f 1342/1342/1342 1340/1340/1340 1343/1343/1343
f 1345/1345/1345 1342/1342/1342 1343/1343/1343
f 1345/1345/1345 1343/1343/1343 1344/1344/1344
f 1346/1346/1346 1345/1345/1345 1344/1344/1344
f 1347/1347/1347 619/619/619 620/620/620
f 1348/1348/1348 1347/1347/1347 620/620/620
f 1344/1344/1344 36/36/36 619/619/619
f 1347/1347/1347 1344/1344/1344 619/619/619
f 1346/1346/1346 1344/1344/1344 1347/1347/1347
f 1349/1349/1349 1346/1346/1346 1347/1347/1347
f 1349/1349/1349 1347/1347/1347 1348/1348/1348
f 1350/1350/1350 1349/1349/1349 1348/1348/1348
f 1351/1351/1351 890/890/890 407/407/407
f 1352/1352/1352 1351/1351/1351 407/407/407
f 1348/1348/1348 620/620/620 890/890/890
f 1351/1351/1351 1348/1348/1348 890/890/890
f 1350/1350/1350 1348/1348/1348 1351/1351/1351
f 1353/1353/1353 1350/1350/1350 1351/1351/1351
f 1353/1353/1353 1351/1351/1351 1352/1352/1352
f 1354/1354/1354 1353/1353/1353 1352/1352/1352
f 1355/1355/1355 408/408/408 136/136/136
f 1356/1356/1356 1355/1355/1355 136/136/136
f 1352/1352/1352 407/407/407 408/408/408
f 1355/1355/1355 1352/1352/1352 408/408/408
f 1354/1354/1354 1352/1352/1352 1355/1355/1355
f 1357/1357/1357 1354/1354/1354 1355/1355/1355
f 1357/1357/1357 1355/1355/1355 1356/1356/1356
f 1358/1358/1358 1357/1357/1357 1356/1356/1356
f 1360/1360/1360 1359/1359/1359 1358/1358/1358
f 1356/1356/1356 1360/1360/1360 1358/1358/1358
f 1362/1362/1362 1361/1361/1361 1359/1359/1359
f 1360/1360/1360 1362/1362/1362 1359/1359/1359
f 140/140/140 1362/1362/1362 1360/1360/1360
f 137/137/137 140/140/140 1360/1360/1360
f 137/137/137 1360/1360/1360 1356/1356/1356
f 136/136/136 137/137/137 1356/1356/1356
f 1363/1363/1363 1092/1092/1092 789/789/789
f 1364/1364/1364 1363/1363/1363 789/789/789
f 1362/1362/1362 140/140/140 1092/1092/1092
f 1363/1363/1363 1362/1362/1362 1092/1092/1092
f 1361/1361/1361 1362/1362/1362 1363/1363/1363
f 1365/1365/1365 1361/1361/1361 1363/1363/1363
f 1365/1365/1365 1363/1363/1363 1364/1364/1364
f 1366/1366/1366 1365/1365/1365 1364/1364/1364
f 1367/1367/1367 790/790/790 106/106/106
f 1368/1368/1368 1367/1367/1367 106/106/106
f 1364/1364/1364 789/789/789 790/790/790
f 1367/1367/1367 1364/1364/1364 790/790/790
f 1366/1366/1366 1364/1364/1364 1367/1367/1367
f 1369/1369/1369 1366/1366/1366 1367/1367/1367
f 1369/1369/1369 1367/1367/1367 1368/1368/1368
f 1370/1370/1370 1369/1369/1369 1368/1368/1368
f 1371/1371/1371 107/107/107 108/108/108
f 1372/1372/1372 1371/1371/1371 108/108/108
f 1368/1368/1368 106/106/106 107/107/107
f 1371/1371/1371 1368/1368/1368 107/107/107
f 1370/1370/1370 1368/1368/1368 1371/1371/1371
f 1373/1373/1373 1370/1370/1370 1371/1371/1371
f 1373/1373/1373 1371/1371/1371 1372/1372/1372
f 1374/1374/1374 1373/1373/1373 1372/1372/1372
f 1375/1375/1375 713/713/713 64/64/64
f 1376/1376/1376 1375/1375/1375 64/64/64
f 1372/1372/1372 108/108/108 713/713/713
f 1375/1375/1375 1372/1372/1372 713/713/713
f 1374/1374/1374 1372/1372/1372 1375/1375/1375
f 1377/1377/1377 1374/1374/1374 1375/1375/1375
f 1377/1377/1377 1375/1375/1375 1376/1376/1376
f 1378/1378/1378 1377/1377/1377 1376/1376/1376
f 1380/1380/1380 1379/1379/1379 1378/1378/1378
f 1376/1376/1376 1380/1380/1380 1378/1378/1378
f 1382/1382/1382 1381/1381/1381 1379/1379/1379
f 1380/1380/1380 1382/1382/1382 1379/1379/1379
f 68/68/68 1382/1382/1382 1380/1380/1380
f 65/65/65 68/68/68 1380/1380/1380
f 65/65/65 1380/1380/1380 1376/1376/1376
f 64/64/64 65/65/65 1376/1376/1376
f 1383/1383/1383 1043/1043/1043 43/43/43
f 1384/1384/1384 1383/1383/1383 43/43/43
f 1382/1382/1382 68/68/68 1043/1043/1043
f 1383/1383/1383 1382/1382/1382 1043/1043/1043
f 1381/1381/1381 1382/1382/1382 1383/1383/1383
f 1385/1385/1385 1381/1381/1381 1383/1383/1383
f 1385/1385/1385 1383/1383/1383 1384/1384/1384
f 1386/1386/1386 1385/1385/1385 1384/1384/1384
f 1387/1387/1387 44/44/44 45/45/45
f 1388/1388/1388 1387/1387/1387 45/45/45
f 1384/1384/1384 43/43/43 44/44/44
f 1387/1387/1387 1384/1384/1384 44/44/44
f 1386/1386/1386 1384/1384/1384 1387/1387/1387
f 1389/1389/1389 1386/1386/1386 1387/1387/1387
f 1389/1389/1389 1387/1387/1387 1388/1388/1388
f 1390/1390/1390 1389/1389/1389 1388/1388/1388
f 1391/1391/1391 823/823/823 689/689/689
f 1392/1392/1392 1391/1391/1391 689/689/689
f 1388/1388/1388 45/45/45 823/823/823
f 1391/1391/1391 1388/1388/1388 823/823/823
f 1390/1390/1390 1388/1388/1388 1391/1391/1391
f 1393/1393/1393 1390/1390/1390 1391/1391/1391
f 1393/1393/1393 1391/1391/1391 1392/1392/1392
f 1394/1394/1394 1393/1393/1393 1392/1392/1392
f 1396/1396/1396 1395/1395/1395 1394/1394/1394
f 1392/1392/1392 1396/1396/1396 1394/1394/1394
f 1398/1398/1398 1397/1397/1397 1395/1395/1395
f 1396/1396/1396 1398/1398/1398 1395/1395/1395
f 10/10/10 1398/1398/1398 1396/1396/1396
f 690/690/690 10/10/10 1396/1396/1396
f 690/690/690 1396/1396/1396 1392/1392/1392
f 689/689/689 690/690/690 1392/1392/1392
f 1400/1400/1400 1399/1399/1399 1397/1397/1397
f 1398/1398/1398 1400/1400/1400 1397/1397/1397
f 1402/1402/1402 1401/1401/1401 1399/1399/1399
f 1400/1400/1400 1402/1402/1402 1399/1399/1399
f 14/14/14 1402/1402/1402 1400/1400/1400
f 11/11/11 14/14/14 1400/1400/1400
f 11/11/11 1400/1400/1400 1398/1398/1398
f 10/10/10 11/11/11 1398/1398/1398
f 1404/1404/1404 1403/1403/1403 1401/1401/1401
f 1402/1402/1402 1404/1404/1404 1401/1401/1401
f 1406/1406/1406 1405/1405/1405 1403/1403/1403
f 1404/1404/1404 1406/1406/1406 1403/1403/1403
f 208/208/208 1406/1406/1406 1404/1404/1404
f 1188/1188/1188 208/208/208 1404/1404/1404
f 1188/1188/1188 1404/1404/1404 1402/1402/1402
f 14/14/14 1188/1188/1188 1402/1402/1402
f 1408/1408/1408 1407/1407/1407 1405/1405/1405
f 1406/1406/1406 1408/1408/1408 1405/1405/1405
f 1410/1410/1410 1409/1409/1409 1407/1407/1407
f 1408/1408/1408 1410/1410/1410 1407/1407/1407
f 212/212/212 1410/1410/1410 1408/1408/1408
f 209/209/209 212/212/212 1408/1408/1408
f 209/209/209 1408/1408/1408 1406/1406/1406
f 208/208/208 209/209/209 1406/1406/1406
f 1411/1411/1411 535/535/535 536/536/536
f 1412/1412/1412 1411/1411/1411 536/536/536
f 1410/1410/1410 212/212/212 535/535/535
f 1411/1411/1411 1410/1410/1410 535/535/535
f 1409/1409/1409 1410/1410/1410 1411/1411/1411
f 1413/1413/1413 1409/1409/1409 1411/1411/1411
f 1413/1413/1413 1411/1411/1411 1412/1412/1412
f 1414/1414/1414 1413/1413/1413 1412/1412/1412
f 1416/1416/1416 1415/1415/1415 1414/1414/1414
f 1412/1412/1412 1416/1416/1416 1414/1414/1414
f 1418/1418/1418 1417/1417/1417 1415/1415/1415
f 1416/1416/1416 1418/1418/1418 1415/1415/1415
f 46/46/46 1418/1418/1418 1416/1416/1416
f 852/852/852 46/46/46 1416/1416/1416
f 852/852/852 1416/1416/1416 1412/1412/1412
f 536/536/536 852/852/852 1412/1412/1412
f 1420/1420/1420 1419/1419/1419 1417/1417/1417
f 1418/1418/1418 1420/1420/1420 1417/1417/1417
f 1422/1422/1422 1421/1421/1421 1419/1419/1419
f 1420/1420/1420 1422/1422/1422 1419/1419/1419
f 50/50/50 1422/1422/1422 1420/1420/1420
f 47/47/47 50/50/50 1420/1420/1420
f 47/47/47 1420/1420/1420 1418/1418/1418
f 46/46/46 47/47/47 1418/1418/1418
f 1424/1424/1424 1423/1423/1423 1421/1421/1421
f 1422/1422/1422 1424/1424/1424 1421/1421/1421
f 1426/1426/1426 1425/1425/1425 1423/1423/1423
f 1424/1424/1424 1426/1426/1426 1423/1423/1423
f 82/82/82 1426/1426/1426 1424/1424/1424
f 1067/1067/1067 82/82/82 1424/1424/1424
f 1067/1067/1067 1424/1424/1424 1422/1422/1422
f 50/50/50 1067/1067/1067 1422/1422/1422
f 1428/1428/1428 1427/1427/1427 1425/1425/1425
f 1426/1426/1426 1428/1428/1428 1425/1425/1425
f 1430/1430/1430 1429/1429/1429 1427/1427/1427
f 1428/1428/1428 1430/1430/1430 1427/1427/1427
f 86/86/86 1430/1430/1430 1428/1428/1428
f 83/83/83 86/86/86 1428/1428/1428
f 83/83/83 1428/1428/1428 1426/1426/1426
f 82/82/82 83/83/83 1426/1426/1426
f 1432/1432/1432 1431/1431/1431 1429/1429/1429
f 1430/1430/1430 1432/1432/1432 1429/1429/1429
f 1434/1434/1434 1433/1433/1433 1431/1431/1431
f 1432/1432/1432 1434/1434/1434 1431/1431/1431
f 118/118/118 1434/1434/1434 1432/1432/1432
f 738/738/738 118/118/118 1432/1432/1432
f 738/738/738 1432/1432/1432 1430/1430/1430
f 86/86/86 738/738/738 1430/1430/1430
f 1436/1436/1436 1435/1435/1435 1433/1433/1433
f 1434/1434/1434 1436/1436/1436 1433/1433/1433
f 1438/1438/1438 1437/1437/1437 1435/1435/1435
f 1436/1436/1436 1438/1438/1438 1435/1435/1435
f 122/122/122 1438/1438/1438 1436/1436/1436
f 119/119/119 122/122/122 1436/1436/1436
f 119/119/119 1436/1436/1436 1434/1434/1434
f 118/118/118 119/119/119 1434/1434/1434
f 1440/1440/1440 1439/1439/1439 1437/1437/1437
f 1438/1438/1438 1440/1440/1440 1437/1437/1437
f 1442/1442/1442 1441/1441/1441 1439/1439/1439
f 1440/1440/1440 1442/1442/1442 1439/1439/1439
f 753/753/753 1442/1442/1442 1440/1440/1440
f 751/751/751 753/753/753 1440/1440/1440
f 751/751/751 1440/1440/1440 1438/1438/1438
f 122/122/122 751/751/751 1438/1438/1438
f 1444/1444/1444 1443/1443/1443 1441/1441/1441
f 1442/1442/1442 1444/1444/1444 1441/1441/1441
f 1446/1446/1446 1445/1445/1445 1443/1443/1443
f 1444/1444/1444 1446/1446/1446 1443/1443/1443
f 154/154/154 1446/1446/1446 1444/1444/1444
f 1125/1125/1125 154/154/154 1444/1444/1444
f 1125/1125/1125 1444/1444/1444 1442/1442/1442
f 753/753/753 1125/1125/1125 1442/1442/1442
f 1448/1448/1448 1447/1447/1447 1445/1445/1445
f 1446/1446/1446 1448/1448/1448 1445/1445/1445
f 1450/1450/1450 1449/1449/1449 1447/1447/1447
f 1448/1448/1448 1450/1450/1450 1447/1447/1447
f 158/158/158 1450/1450/1450 1448/1448/1448
f 155/155/155 158/158/158 1448/1448/1448
f 155/155/155 1448/1448/1448 1446/1446/1446
f 154/154/154 155/155/155 1446/1446/1446
f 1452/1452/1452 1451/1451/1451 1449/1449/1449
f 1450/1450/1450 1452/1452/1452 1449/1449/1449
f 1454/1454/1454 1453/1453/1453 1451/1451/1451
f 1452/1452/1452 1454/1454/1454 1451/1451/1451
f 423/423/423 1454/1454/1454 1452/1452/1452
f 421/421/421 423/423/423 1452/1452/1452
f 421/421/421 1452/1452/1452 1450/1450/1450
f 158/158/158 421/421/421 1450/1450/1450
f 1456/1456/1456 1455/1455/1455 1453/1453/1453
f 1454/1454/1454 1456/1456/1456 1453/1453/1453
f 1458/1458/1458 1457/1457/1457 1455/1455/1455
f 1456/1456/1456 1458/1458/1458 1455/1455/1455
f 913/913/913 1458/1458/1458 1456/1456/1456
f 911/911/911 913/913/913 1456/1456/1456
f 911/911/911 1456/1456/1456 1454/1454/1454
f 423/423/423 911/911/911 1454/1454/1454
f 1461/1461/1461 1460/1460/1460 1459/1459/1459
f 1462/1462/1462 1461/1461/1461 1459/1459/1459
f 1464/1464/1464 1463/1463/1463 1460/1460/1460
f 1461/1461/1461 1464/1464/1464 1460/1460/1460
f 1465/1465/1465 1464/1464/1464 1461/1461/1461
f 1466/1466/1466 1465/1465/1465 1461/1461/1461
f 1466/1466/1466 1461/1461/1461 1462/1462/1462
f 1467/1467/1467 1466/1466/1466 1462/1462/1462
f 1469/1469/1469 1468/1468/1468 1463/1463/1463
f 1464/1464/1464 1469/1469/1469 1463/1463/1463
f 1471/1471/1471 1470/1470/1470 1468/1468/1468
f 1469/1469/1469 1471/1471/1471 1468/1468/1468
f 1472/1472/1472 1471/1471/1471 1469/1469/1469
f 1473/1473/1473 1472/1472/1472 1469/1469/1469
f 1473/1473/1473 1469/1469/1469 1464/1464/1464
f 1465/1465/1465 1473/1473/1473 1464/1464/1464
f 1476/1476/1476 1475/1475/1475 1474/1474/1474
f 1477/1477/1477 1476/1476/1476 1474/1474/1474
f 1471/1471/1471 1472/1472/1472 1475/1475/1475
f 1476/1476/1476 1471/1471/1471 1475/1475/1475
f 1470/1470/1470 1471/1471/1471 1476/1476/1476
f 1478/1478/1478 1470/1470/1470 1476/1476/1476
f 1478/1478/1478 1476/1476/1476 1477/1477/1477
f 1479/1479/1479 1478/1478/1478 1477/1477/1477
f 1482/1482/1482 1481/1481/1481 1480/1480/1480
f 1483/1483/1483 1482/1482/1482 1480/1480/1480
f 1477/1477/1477 1474/1474/1474 1481/1481/1481
f 1482/1482/1482 1477/1477/1477 1481/1481/1481
f 1479/1479/1479 1477/1477/1477 1482/1482/1482
f 1484/1484/1484 1479/1479/1479 1482/1482/1482
f 1484/1484/1484 1482/1482/1482 1483/1483/1483
f 1485/1485/1485 1484/1484/1484 1483/1483/1483
f 1488/1488/1488 1487/1487/1487 1486/1486/1486
f 1489/1489/1489 1488/1488/1488 1486/1486/1486
f 1483/1483/1483 1480/1480/1480 1487/1487/1487
f 1488/1488/1488 1483/1483/1483 1487/1487/1487
f 1485/1485/1485 1483/1483/1483 1488/1488/1488
f 1490/1490/1490 1485/1485/1485 1488/1488/1488
f 1490/1490/1490 1488/1488/1488 1489/1489/1489
f 1491/1491/1491 1490/1490/1490 1489/1489/1489
f 1494/1494/1494 1493/1493/1493 1492/1492/1492
f 1495/1495/1495 1494/1494/1494 1492/1492/1492
f 1489/1489/1489 1486/1486/1486 1493/1493/1493
f 1494/1494/1494 1489/1489/1489 1493/1493/1493
f 1491/1491/1491 1489/1489/1489 1494/1494/1494
f 1496/1496/1496 1491/1491/1491 1494/1494/1494
f 1496/1496/1496 1494/1494/1494 1495/1495/1495
f 1497/1497/1497 1496/1496/1496 1495/1495/1495
f 1500/1500/1500 1499/1499/1499 1498/1498/1498
f 1501/1501/1501 1500/1500/1500 1498/1498/1498
f 1495/1495/1495 1492/1492/1492 1499/1499/1499
f 1500/1500/1500 1495/1495/1495 1499/1499/1499
f 1497/1497/1497 1495/1495/1495 1500/1500/1500
f 1502/1502/1502 1497/1497/1497 1500/1500/1500
f 1502/1502/1502 1500/1500/1500 1501/1501/1501
f 1503/1503/1503 1502/1502/1502 1501/1501/1501
f 1505/1505/1505 1504/1504/1504 1503/1503/1503
f 1501/1501/1501 1505/1505/1505 1503/1503/1503
f 1507/1507/1507 1506/1506/1506 1504/1504/1504
f 1505/1505/1505 1507/1507/1507 1504/1504/1504
f 1508/1508/1508 1507/1507/1507 1505/1505/1505
f 1509/1509/1509 1508/1508/1508 1505/1505/1505
f 1509/1509/1509 1505/1505/1505 1501/1501/1501
f 1498/1498/1498 1509/1509/1509 1501/1501/1501
f 1512/1512/1512 1511/1511/1511 1510/1510/1510
f 1513/1513/1513 1512/1512/1512 1510/1510/1510
f 1507/1507/1507 1508/1508/1508 1511/1511/1511
f 1512/1512/1512 1507/1507/1507 1511/1511/1511
f 1506/1506/1506 1507/1507/1507 1512/1512/1512
f 1514/1514/1514 1506/1506/1506 1512/1512/1512
f 1514/1514/1514 1512/1512/1512 1513/1513/1513
f 1515/1515/1515 1514/1514/1514 1513/1513/1513
f 1518/1518/1518 1517/1517/1517 1516/1516/1516
f 1519/1519/1519 1518/1518/1518 1516/1516/1516
f 1513/1513/1513 1510/1510/1510 1517/1517/1517
f 1518/1518/1518 1513/1513/1513 1517/1517/1517
f 1515/1515/1515 1513/1513/1513 1518/1518/1518
f 1520/1520/1520 1515/1515/1515 1518/1518/1518
f 1520/1520/1520 1518/1518/1518 1519/1519/1519
f 1521/1521/1521 1520/1520/1520 1519/1519/1519
f 1524/1524/1524 1523/1523/1523 1522/1522/1522
f 1525/1525/1525 1524/1524/1524 1522/1522/1522
f 1519/1519/1519 1516/1516/1516 1523/1523/1523
f 1524/1524/1524 1519/1519/1519 1523/1523/1523
f 1521/1521/1521 1519/1519/1519 1524/1524/1524
f 1526/1526/1526 1521/1521/1521 1524/1524/1524
f 1526/1526/1526 1524/1524/1524 1525/1525/1525
f 1527/1527/1527 1526/1526/1526 1525/1525/1525
f 1530/1530/1530 1529/1529/1529 1528/1528/1528
f 1531/1531/1531 1530/1530/1530 1528/1528/1528
f 1525/1525/1525 1522/1522/1522 1529/1529/1529
f 1530/1530/1530 1525/1525/1525 1529/1529/1529
f 1527/1527/1527 1525/1525/1525 1530/1530/1530
f 1532/1532/1532 1527/1527/1527 1530/1530/1530
f 1532/1532/1532 1530/1530/1530 1531/1531/1531
f 1533/1533/1533 1532/1532/1532 1531/1531/1531
f 1535/1535/1535 1534/1534/1534 1533/1533/1533
f 1531/1531/1531 1535/1535/1535 1533/1533/1533
f 1537/1537/1537 1536/1536/1536 1534/1534/1534
f 1535/1535/1535 1537/1537/1537 1534/1534/1534
f 1538/1538/1538 1537/1537/1537 1535/1535/1535
f 1539/1539/1539 1538/1538/1538 1535/1535/1535
f 1539/1539/1539 1535/1535/1535 1531/1531/1531
f 1528/1528/1528 1539/1539/1539 1531/1531/1531
f 1542/1542/1542 1541/1541/1541 1540/1540/1540
f 1543/1543/1543 1542/1542/1542 1540/1540/1540
f 1537/1537/1537 1538/1538/1538 1541/1541/1541
f 1542/1542/1542 1537/1537/1537 1541/1541/1541
f 1536/1536/1536 1537/1537/1537 1542/1542/1542
f 1544/1544/1544 1536/1536/1536 1542/1542/1542
f 1544/1544/1544 1542/1542/1542 1543/1543/1543
f 1545/1545/1545 1544/1544/1544 1543/1543/1543
f 1548/1548/1548 1547/1547/1547 1546/1546/1546
f 1549/1549/1549 1548/1548/1548 1546/1546/1546
f 1543/1543/1543 1540/1540/1540 1547/1547/1547
f 1548/1548/1548 1543/1543/1543 1547/1547/1547
f 1545/1545/1545 1543/1543/1543 1548/1548/1548
f 1550/1550/1550 1545/1545/1545 1548/1548/1548
f 1550/1550/1550 1548/1548/1548 1549/1549/1549
f 1551/1551/1551 1550/1550/1550 1549/1549/1549
f 1554/1554/1554 1553/1553/1553 1552/1552/1552
f 1555/1555/1555 1554/1554/1554 1552/1552/1552
f 1549/1549/1549 1546/1546/1546 1553/1553/1553
f 1554/1554/1554 1549/1549/1549 1553/1553/1553
f 1551/1551/1551 1549/1549/1549 1554/1554/1554
f 1556/1556/1556 1551/1551/1551 1554/1554/1554
f 1556/1556/1556 1554/1554/1554 1555/1555/1555
f 1557/1557/1557 1556/1556/1556 1555/1555/1555
f 1559/1559/1559 1558/1558/1558 1557/1557/1557
f 1555/1555/1555 1559/1559/1559 1557/1557/1557
f 1561/1561/1561 1560/1560/1560 1558/1558/1558
f 1559/1559/1559 1561/1561/1561 1558/1558/1558
f 1562/1562/1562 1561/1561/1561 1559/1559/1559
f 1563/1563/1563 1562/1562/1562 1559/1559/1559
f 1563/1563/1563 1559/1559/1559 1555/1555/1555
f 1552/1552/1552 1563/1563/1563 1555/1555/1555
f 1565/1565/1565 1564/1564/1564 1560/1560/1560
f 1561/1561/1561 1565/1565/1565 1560/1560/1560
f 1567/1567/1567 1566/1566/1566 1564/1564/1564
f 1565/1565/1565 1567/1567/1567 1564/1564/1564
f 1568/1568/1568 1567/1567/1567 1565/1565/1565
f 1569/1569/1569 1568/1568/1568 1565/1565/1565
f 1569/1569/1569 1565/1565/1565 1561/1561/1561
f 1562/1562/1562 1569/1569/1569 1561/1561/1561
f 1571/1571/1571 1570/1570/1570 1566/1566/1566
f 1567/1567/1567 1571/1571/1571 1566/1566/1566
f 1573/1573/1573 1572/1572/1572 1570/1570/1570
f 1571/1571/1571 1573/1573/1573 1570/1570/1570
f 1574/1574/1574 1573/1573/1573 1571/1571/1571
f 1575/1575/1575 1574/1574/1574 1571/1571/1571
f 1575/1575/1575 1571/1571/1571 1567/1567/1567
f 1568/1568/1568 1575/1575/1575 1567/1567/1567
f 1577/1577/1577 1576/1576/1576 1572/1572/1572
f 1573/1573/1573 1577/1577/1577 1572/1572/1572
f 1579/1579/1579 1578/1578/1578 1576/1576/1576
f 1577/1577/1577 1579/1579/1579 1576/1576/1576
f 1580/1580/1580 1579/1579/1579 1577/1577/1577
f 1581/1581/1581 1580/1580/1580 1577/1577/1577
f 1581/1581/1581 1577/1577/1577 1573/1573/1573
f 1574/1574/1574 1581/1581/1581 1573/1573/1573
f 1584/1584/1584 1583/1583/1583 1582/1582/1582
f 1585/1585/1585 1584/1584/1584 1582/1582/1582
f 1579/1579/1579 1580/1580/1580 1583/1583/1583
f 1584/1584/1584 1579/1579/1579 1583/1583/1583
f 1578/1578/1578 1579/1579/1579 1584/1584/1584
f 1586/1586/1586 1578/1578/1578 1584/1584/1584
f 1586/1586/1586 1584/1584/1584 1585/1585/1585
f 1587/1587/1587 1586/1586/1586 1585/1585/1585
f 1589/1589/1589 1588/1588/1588 1587/1587/1587
f 1585/1585/1585 1589/1589/1589 1587/1587/1587
f 1591/1591/1591 1590/1590/1590 1588/1588/1588
f 1589/1589/1589 1591/1591/1591 1588/1588/1588
f 1592/1592/1592 1591/1591/1591 1589/1589/1589
f 1593/1593/1593 1592/1592/1592 1589/1589/1589
f 1593/1593/1593 1589/1589/1589 1585/1585/1585
f 1582/1582/1582 1593/1593/1593 1585/1585/1585
f 1595/1595/1595 1594/1594/1594 1590/1590/1590
f 1591/1591/1591 1595/1595/1595 1590/1590/1590
f 1597/1597/1597 1596/1596/1596 1594/1594/1594
f 1595/1595/1595 1597/1597/1597 1594/1594/1594
f 1598/1598/1598 1597/1597/1597 1595/1595/1595
f 1599/1599/1599 1598/1598/1598 1595/1595/1595
f 1599/1599/1599 1595/1595/1595 1591/1591/1591
f 1592/1592/1592 1599/1599/1599 1591/1591/1591
f 1601/1601/1601 1600/1600/1600 1596/1596/1596
f 1597/1597/1597 1601/1601/1601 1596/1596/1596
f 1603/1603/1603 1602/1602/1602 1600/1600/1600
f 1601/1601/1601 1603/1603/1603 1600/1600/1600
f 1604/1604/1604 1603/1603/1603 1601/1601/1601
f 1605/1605/1605 1604/1604/1604 1601/1601/1601
f 1605/1605/1605 1601/1601/1601 1597/1597/1597
f 1598/1598/1598 1605/1605/1605 1597/1597/1597
f 1607/1607/1607 1606/1606/1606 1602/1602/1602
f 1603/1603/1603 1607/1607/1607 1602/1602/1602
f 1609/1609/1609 1608/1608/1608 1606/1606/1606
f 1607/1607/1607 1609/1609/1609 1606/1606/1606
f 1610/1610/1610 1609/1609/1609 1607/1607/1607
f 1611/1611/1611 1610/1610/1610 1607/1607/1607
f 1611/1611/1611 1607/1607/1607 1603/1603/1603
f 1604/1604/1604 1611/1611/1611 1603/1603/1603
f 1613/1613/1613 1612/1612/1612 1608/1608/1608
f 1609/1609/1609 1613/1613/1613 1608/1608/1608
f 1615/1615/1615 1614/1614/1614 1612/1612/1612
f 1613/1613/1613 1615/1615/1615 1612/1612/1612
f 1616/1616/1616 1615/1615/1615 1613/1613/1613
f 1617/1617/1617 1616/1616/1616 1613/1613/1613
f 1617/1617/1617 1613/1613/1613 1609/1609/1609
f 1610/1610/1610 1617/1617/1617 1609/1609/1609
f 1619/1619/1619 1618/1618/1618 1614/1614/1614
f 1615/1615/1615 1619/1619/1619 1614/1614/1614
f 1621/1621/1621 1620/1620/1620 1618/1618/1618
f 1619/1619/1619 1621/1621/1621 1618/1618/1618
f 1622/1622/1622 1621/1621/1621 1619/1619/1619
f 1623/1623/1623 1622/1622/1622 1619/1619/1619
f 1623/1623/1623 1619/1619/1619 1615/1615/1615
f 1616/1616/1616 1623/1623/1623 1615/1615/1615
f 1625/1625/1625 1624/1624/1624 1620/1620/1620
f 1621/1621/1621 1625/1625/1625 1620/1620/1620
f 1627/1627/1627 1626/1626/1626 1624/1624/1624
f 1625/1625/1625 1627/1627/1627 1624/1624/1624
f 1628/1628/1628 1627/1627/1627 1625/1625/1625
f 1629/1629/1629 1628/1628/1628 1625/1625/1625
f 1629/1629/1629 1625/1625/1625 1621/1621/1621
f 1622/1622/1622 1629/1629/1629 1621/1621/1621
f 1631/1631/1631 1630/1630/1630 1626/1626/1626
f 1627/1627/1627 1631/1631/1631 1626/1626/1626
f 1633/1633/1633 1632/1632/1632 1630/1630/1630
f 1631/1631/1631 1633/1633/1633 1630/1630/1630
f 1634/1634/1634 1633/1633/1633 1631/1631/1631
f 1635/1635/1635 1634/1634/1634 1631/1631/1631
f 1635/1635/1635 1631/1631/1631 1627/1627/1627
f 1628/1628/1628 1635/1635/1635 1627/1627/1627
f 1637/1637/1637 1636/1636/1636 1632/1632/1632
f 1633/1633/1633 1637/1637/1637 1632/1632/1632
f 1639/1639/1639 1638/1638/1638 1636/1636/1636
f 1637/1637/1637 1639/1639/1639 1636/1636/1636
f 1640/1640/1640 1639/1639/1639 1637/1637/1637
f 1641/1641/1641 1640/1640/1640 1637/1637/1637
f 1641/1641/1641 1637/1637/1637 1633/1633/1633
f 1634/1634/1634 1641/1641/1641 1633/1633/1633
f 1643/1643/1643 1642/1642/1642 1638/1638/1638
f 1639/1639/1639 1643/1643/1643 1638/1638/1638
f 1645/1645/1645 1644/1644/1644 1642/1642/1642
f 1643/1643/1643 1645/1645/1645 1642/1642/1642
f 1646/1646/1646 1645/1645/1645 1643/1643/1643
f 1647/1647/1647 1646/1646/1646 1643/1643/1643
f 1647/1647/1647 1643/1643/1643 1639/1639/1639
f 1640/1640/1640 1647/1647/1647 1639/1639/1639
f 1649/1649/1649 1648/1648/1648 1644/1644/1644
f 1645/1645/1645 1649/1649/1649 1644/1644/1644
f 1651/1651/1651 1650/1650/1650 1648/1648/1648
f 1649/1649/1649 1651/1651/1651 1648/1648/1648
f 1652/1652/1652 1651/1651/1651 1649/1649/1649
f 1653/1653/1653 1652/1652/1652 1649/1649/1649
f 1653/1653/1653 1649/1649/1649 1645/1645/1645
f 1646/1646/1646 1653/1653/1653 1645/1645/1645
f 1654/1654/1654 921/921/921 922/922/922
f 1655/1655/1655 1654/1654/1654 922/922/922
f 1656/1656/1656 920/920/920 921/921/921
f 1654/1654/1654 1656/1656/1656 921/921/921
f 1203/1203/1203 1656/1656/1656 1654/1654/1654
f 1200/1200/1200 1203/1203/1203 1654/1654/1654
f 1200/1200/1200 1654/1654/1654 1655/1655/1655
f 1199/1199/1199 1200/1200/1200 1655/1655/1655
f 1657/1657/1657 1207/1207/1207 1208/1208/1208
f 1658/1658/1658 1657/1657/1657 1208/1208/1208
f 1656/1656/1656 1203/1203/1203 1207/1207/1207
f 1657/1657/1657 1656/1656/1656 1207/1207/1207
f 920/920/920 1656/1656/1656 1657/1657/1657
f 926/926/926 920/920/920 1657/1657/1657
f 926/926/926 1657/1657/1657 1658/1658/1658
f 925/925/925 926/926/926 1658/1658/1658
f 1659/1659/1659 1211/1211/1211 1212/1212/1212
f 1660/1660/1660 1659/1659/1659 1212/1212/1212
f 1658/1658/1658 1208/1208/1208 1211/1211/1211
f 1659/1659/1659 1658/1658/1658 1211/1211/1211
f 925/925/925 1658/1658/1658 1659/1659/1659
f 1186/1186/1186 925/925/925 1659/1659/1659
f 1186/1186/1186 1659/1659/1659 1660/1660/1660
f 931/931/931 1186/1186/1186 1660/1660/1660
f 1661/1661/1661 1215/1215/1215 1216/1216/1216
f 1662/1662/1662 1661/1661/1661 1216/1216/1216
f 1660/1660/1660 1212/1212/1212 1215/1215/1215
f 1661/1661/1661 1660/1660/1660 1215/1215/1215
f 931/931/931 1660/1660/1660 1661/1661/1661
f 928/928/928 931/931/931 1661/1661/1661
f 928/928/928 1661/1661/1661 1662/1662/1662
f 927/927/927 928/928/928 1662/1662/1662
f 1663/1663/1663 1219/1219/1219 1220/1220/1220
f 1664/1664/1664 1663/1663/1663 1220/1220/1220
f 1662/1662/1662 1216/1216/1216 1219/1219/1219
f 1663/1663/1663 1662/1662/1662 1219/1219/1219
f 927/927/927 1662/1662/1662 1663/1663/1663
f 934/934/934 927/927/927 1663/1663/1663
f 934/934/934 1663/1663/1663 1664/1664/1664
f 933/933/933 934/934/934 1664/1664/1664
f 1665/1665/1665 940/940/940 933/933/933
f 1664/1664/1664 1665/1665/1665 933/933/933
f 1666/1666/1666 939/939/939 940/940/940
f 1665/1665/1665 1666/1666/1666 940/940/940
f 1223/1223/1223 1666/1666/1666 1665/1665/1665
f 1221/1221/1221 1223/1223/1223 1665/1665/1665
f 1221/1221/1221 1665/1665/1665 1664/1664/1664
f 1220/1220/1220 1221/1221/1221 1664/1664/1664
f 1667/1667/1667 944/944/944 939/939/939
f 1666/1666/1666 1667/1667/1667 939/939/939
f 1668/1668/1668 943/943/943 944/944/944
f 1667/1667/1667 1668/1668/1668 944/944/944
f 1227/1227/1227 1668/1668/1668 1667/1667/1667
f 1225/1225/1225 1227/1227/1227 1667/1667/1667
f 1225/1225/1225 1667/1667/1667 1666/1666/1666
f 1223/1223/1223 1225/1225/1225 1666/1666/1666
f 1669/1669/1669 1046/1046/1046 943/943/943
f 1668/1668/1668 1669/1669/1669 943/943/943
f 1670/1670/1670 949/949/949 1046/1046/1046
f 1669/1669/1669 1670/1670/1670 1046/1046/1046
f 1231/1231/1231 1670/1670/1670 1669/1669/1669
f 1229/1229/1229 1231/1231/1231 1669/1669/1669
f 1229/1229/1229 1669/1669/1669 1668/1668/1668
f 1227/1227/1227 1229/1229/1229 1668/1668/1668
f 1671/1671/1671 1235/1235/1235 1236/1236/1236
f 1672/1672/1672 1671/1671/1671 1236/1236/1236
f 1670/1670/1670 1231/1231/1231 1235/1235/1235
f 1671/1671/1671 1670/1670/1670 1235/1235/1235
f 949/949/949 1670/1670/1670 1671/1671/1671
f 948/948/948 949/949/949 1671/1671/1671
f 948/948/948 1671/1671/1671 1672/1672/1672
f 947/947/947 948/948/948 1672/1672/1672
f 1673/1673/1673 956/956/956 947/947/947
f 1672/1672/1672 1673/1673/1673 947/947/947
f 1674/1674/1674 955/955/955 956/956/956
f 1673/1673/1673 1674/1674/1674 956/956/956
f 1239/1239/1239 1674/1674/1674 1673/1673/1673
f 1237/1237/1237 1239/1239/1239 1673/1673/1673
f 1237/1237/1237 1673/1673/1673 1672/1672/1672
f 1236/1236/1236 1237/1237/1237 1672/1672/1672
f 1675/1675/1675 962/962/962 955/955/955
f 1674/1674/1674 1675/1675/1675 955/955/955
f 1676/1676/1676 961/961/961 962/962/962
f 1675/1675/1675 1676/1676/1676 962/962/962
f 1243/1243/1243 1676/1676/1676 1675/1675/1675
f 1241/1241/1241 1243/1243/1243 1675/1675/1675
f 1241/1241/1241 1675/1675/1675 1674/1674/1674
f 1239/1239/1239 1241/1241/1241 1674/1674/1674
f 1677/1677/1677 968/968/968 961/961/961
f 1676/1676/1676 1677/1677/1677 961/961/961
f 1678/1678/1678 967/967/967 968/968/968
f 1677/1677/1677 1678/1678/1678 968/968/968
f 1247/1247/1247 1678/1678/1678 1677/1677/1677
f 1245/1245/1245 1247/1247/1247 1677/1677/1677
f 1245/1245/1245 1677/1677/1677 1676/1676/1676
f 1243/1243/1243 1245/1245/1245 1676/1676/1676
f 1679/1679/1679 1095/1095/1095 967/967/967
f 1678/1678/1678 1679/1679/1679 967/967/967
f 1680/1680/1680 973/973/973 1095/1095/1095
f 1679/1679/1679 1680/1680/1680 1095/1095/1095
f 1251/1251/1251 1680/1680/1680 1679/1679/1679
f 1249/1249/1249 1251/1251/1251 1679/1679/1679
f 1249/1249/1249 1679/1679/1679 1678/1678/1678
f 1247/1247/1247 1249/1249/1249 1678/1678/1678
f 1681/1681/1681 1255/1255/1255 1256/1256/1256
f 1682/1682/1682 1681/1681/1681 1256/1256/1256
f 1680/1680/1680 1251/1251/1251 1255/1255/1255
f 1681/1681/1681 1680/1680/1680 1255/1255/1255
f 973/973/973 1680/1680/1680 1681/1681/1681
f 972/972/972 973/973/973 1681/1681/1681
f 972/972/972 1681/1681/1681 1682/1682/1682
f 971/971/971 972/972/972 1682/1682/1682
f 1683/1683/1683 978/978/978 971/971/971
f 1682/1682/1682 1683/1683/1683 971/971/971
f 1684/1684/1684 977/977/977 978/978/978
f 1683/1683/1683 1684/1684/1684 978/978/978
f 1259/1259/1259 1684/1684/1684 1683/1683/1683
f 1257/1257/1257 1259/1259/1259 1683/1683/1683
f 1257/1257/1257 1683/1683/1683 1682/1682/1682
f 1256/1256/1256 1257/1257/1257 1682/1682/1682
f 1685/1685/1685 982/982/982 977/977/977
f 1684/1684/1684 1685/1685/1685 977/977/977
f 1686/1686/1686 981/981/981 982/982/982
f 1685/1685/1685 1686/1686/1686 982/982/982
f 1263/1263/1263 1686/1686/1686 1685/1685/1685
f 1261/1261/1261 1263/1263/1263 1685/1685/1685
f 1261/1261/1261 1685/1685/1685 1684/1684/1684
f 1259/1259/1259 1261/1261/1261 1684/1684/1684
f 1687/1687/1687 986/986/986 981/981/981
f 1686/1686/1686 1687/1687/1687 981/981/981
f 1688/1688/1688 985/985/985 986/986/986
f 1687/1687/1687 1688/1688/1688 986/986/986
f 1267/1267/1267 1688/1688/1688 1687/1687/1687
f 1265/1265/1265 1267/1267/1267 1687/1687/1687
f 1265/1265/1265 1687/1687/1687 1686/1686/1686
f 1263/1263/1263 1265/1265/1265 1686/1686/1686
f 1689/1689/1689 990/990/990 985/985/985
f 1688/1688/1688 1689/1689/1689 985/985/985
f 1690/1690/1690 989/989/989 990/990/990
f 1689/1689/1689 1690/1690/1690 990/990/990
f 1271/1271/1271 1690/1690/1690 1689/1689/1689
f 1269/1269/1269 1271/1271/1271 1689/1689/1689
f 1269/1269/1269 1689/1689/1689 1688/1688/1688
f 1267/1267/1267 1269/1269/1269 1688/1688/1688
f 1691/1691/1691 1148/1148/1148 989/989/989
f 1690/1690/1690 1691/1691/1691 989/989/989
f 1692/1692/1692 995/995/995 1148/1148/1148
f 1691/1691/1691 1692/1692/1692 1148/1148/1148
f 1275/1275/1275 1692/1692/1692 1691/1691/1691
f 1273/1273/1273 1275/1275/1275 1691/1691/1691
f 1273/1273/1273 1691/1691/1691 1690/1690/1690
f 1271/1271/1271 1273/1273/1273 1690/1690/1690
f 1693/1693/1693 1279/1279/1279 1280/1280/1280
f 1694/1694/1694 1693/1693/1693 1280/1280/1280
f 1692/1692/1692 1275/1275/1275 1279/1279/1279
f 1693/1693/1693 1692/1692/1692 1279/1279/1279
f 995/995/995 1692/1692/1692 1693/1693/1693
f 994/994/994 995/995/995 1693/1693/1693
f 994/994/994 1693/1693/1693 1694/1694/1694
f 993/993/993 994/994/994 1694/1694/1694
f 1695/1695/1695 1283/1283/1283 1284/1284/1284
f 1696/1696/1696 1695/1695/1695 1284/1284/1284
f 1694/1694/1694 1280/1280/1280 1283/1283/1283
f 1695/1695/1695 1694/1694/1694 1283/1283/1283
f 993/993/993 1694/1694/1694 1695/1695/1695
f 998/998/998 993/993/993 1695/1695/1695
f 998/998/998 1695/1695/1695 1696/1696/1696
f 997/997/997 998/998/998 1696/1696/1696
f 1697/1697/1697 1289/1289/1289 1290/1290/1290
f 1698/1698/1698 1697/1697/1697 1290/1290/1290
f 1699/1699/1699 1288/1288/1288 1289/1289/1289
f 1697/1697/1697 1699/1699/1699 1289/1289/1289
f 1005/1005/1005 1699/1699/1699 1697/1697/1697
f 1002/1002/1002 1005/1005/1005 1697/1697/1697
f 1002/1002/1002 1697/1697/1697 1698/1698/1698
f 1001/1001/1001 1002/1002/1002 1698/1698/1698
f 1700/1700/1700 1293/1293/1293 1294/1294/1294
f 1701/1701/1701 1700/1700/1700 1294/1294/1294
f 1698/1698/1698 1290/1290/1290 1293/1293/1293
f 1700/1700/1700 1698/1698/1698 1293/1293/1293
f 1001/1001/1001 1698/1698/1698 1700/1700/1700
f 1008/1008/1008 1001/1001/1001 1700/1700/1700
f 1008/1008/1008 1700/1700/1700 1701/1701/1701
f 1007/1007/1007 1008/1008/1008 1701/1701/1701
f 1702/1702/1702 1297/1297/1297 1298/1298/1298
f 1703/1703/1703 1702/1702/1702 1298/1298/1298
f 1701/1701/1701 1294/1294/1294 1297/1297/1297
f 1702/1702/1702 1701/1701/1701 1297/1297/1297
f 1007/1007/1007 1701/1701/1701 1702/1702/1702
f 1014/1014/1014 1007/1007/1007 1702/1702/1702
f 1014/1014/1014 1702/1702/1702 1703/1703/1703
f 1013/1013/1013 1014/1014/1014 1703/1703/1703
f 1704/1704/1704 1301/1301/1301 1302/1302/1302
f 1705/1705/1705 1704/1704/1704 1302/1302/1302
f 1703/1703/1703 1298/1298/1298 1301/1301/1301
f 1704/1704/1704 1703/1703/1703 1301/1301/1301
f 1013/1013/1013 1703/1703/1703 1704/1704/1704
f 1123/1123/1123 1013/1013/1013 1704/1704/1704
f 1123/1123/1123 1704/1704/1704 1705/1705/1705
f 1019/1019/1019 1123/1123/1123 1705/1705/1705
f 1706/1706/1706 1305/1305/1305 1306/1306/1306
f 1707/1707/1707 1706/1706/1706 1306/1306/1306
f 1705/1705/1705 1302/1302/1302 1305/1305/1305
f 1706/1706/1706 1705/1705/1705 1305/1305/1305
f 1019/1019/1019 1705/1705/1705 1706/1706/1706
f 1016/1016/1016 1019/1019/1019 1706/1706/1706
f 1016/1016/1016 1706/1706/1706 1707/1707/1707
f 1015/1015/1015 1016/1016/1016 1707/1707/1707
f 1708/1708/1708 1309/1309/1309 1310/1310/1310
f 1709/1709/1709 1708/1708/1708 1310/1310/1310
f 1707/1707/1707 1306/1306/1306 1309/1309/1309
f 1708/1708/1708 1707/1707/1707 1309/1309/1309
f 1015/1015/1015 1707/1707/1707 1708/1708/1708
f 1022/1022/1022 1015/1015/1015 1708/1708/1708
f 1022/1022/1022 1708/1708/1708 1709/1709/1709
f 1021/1021/1021 1022/1022/1022 1709/1709/1709
f 1710/1710/1710 1313/1313/1313 1314/1314/1314
f 1711/1711/1711 1710/1710/1710 1314/1314/1314
f 1709/1709/1709 1310/1310/1310 1313/1313/1313
f 1710/1710/1710 1709/1709/1709 1313/1313/1313
f 1021/1021/1021 1709/1709/1709 1710/1710/1710
f 1026/1026/1026 1021/1021/1021 1710/1710/1710
f 1026/1026/1026 1710/1710/1710 1711/1711/1711
f 1025/1025/1025 1026/1026/1026 1711/1711/1711
f 1712/1712/1712 1317/1317/1317 1318/1318/1318
f 1713/1713/1713 1712/1712/1712 1318/1318/1318
f 1711/1711/1711 1314/1314/1314 1317/1317/1317
f 1712/1712/1712 1711/1711/1711 1317/1317/1317
f 1025/1025/1025 1711/1711/1711 1712/1712/1712
f 1032/1032/1032 1025/1025/1025 1712/1712/1712
f 1032/1032/1032 1712/1712/1712 1713/1713/1713
f 1031/1031/1031 1032/1032/1032 1713/1713/1713
f 1714/1714/1714 1321/1321/1321 1322/1322/1322
f 1715/1715/1715 1714/1714/1714 1322/1322/1322
f 1713/1713/1713 1318/1318/1318 1321/1321/1321
f 1714/1714/1714 1713/1713/1713 1321/1321/1321
f 1031/1031/1031 1713/1713/1713 1714/1714/1714
f 1065/1065/1065 1031/1031/1031 1714/1714/1714
f 1065/1065/1065 1714/1714/1714 1715/1715/1715
f 1037/1037/1037 1065/1065/1065 1715/1715/1715
f 1716/1716/1716 1325/1325/1325 1326/1326/1326
f 1717/1717/1717 1716/1716/1716 1326/1326/1326
f 1715/1715/1715 1322/1322/1322 1325/1325/1325
f 1716/1716/1716 1715/1715/1715 1325/1325/1325
f 1037/1037/1037 1715/1715/1715 1716/1716/1716
f 1034/1034/1034 1037/1037/1037 1716/1716/1716
f 1034/1034/1034 1716/1716/1716 1717/1717/1717
f 1033/1033/1033 1034/1034/1034 1717/1717/1717
f 1718/1718/1718 1328/1328/1328 1199/1199/1199
f 1655/1655/1655 1718/1718/1718 1199/1199/1199
f 1717/1717/1717 1326/1326/1326 1328/1328/1328
f 1718/1718/1718 1717/1717/1717 1328/1328/1328
f 1033/1033/1033 1717/1717/1717 1718/1718/1718
f 1039/1039/1039 1033/1033/1033 1718/1718/1718
f 1039/1039/1039 1718/1718/1718 1655/1655/1655
f 922/922/922 1039/1039/1039 1655/1655/1655
f 1720/1720/1720 1719/1719/1719 1465/1465/1465
f 1466/1466/1466 1720/1720/1720 1465/1465/1465
f 1330/1330/1330 1333/1333/1333 1719/1719/1719
f 1720/1720/1720 1330/1330/1330 1719/1719/1719
f 1329/1329/1329 1330/1330/1330 1720/1720/1720
f 1721/1721/1721 1329/1329/1329 1720/1720/1720
f 1721/1721/1721 1720/1720/1720 1466/1466/1466
f 1467/1467/1467 1721/1721/1721 1466/1466/1466
f 1722/1722/1722 1335/1335/1335 1337/1337/1337
f 1723/1723/1723 1722/1722/1722 1337/1337/1337
f 1719/1719/1719 1333/1333/1333 1335/1335/1335
f 1722/1722/1722 1719/1719/1719 1335/1335/1335
f 1465/1465/1465 1719/1719/1719 1722/1722/1722
f 1473/1473/1473 1465/1465/1465 1722/1722/1722
f 1473/1473/1473 1722/1722/1722 1723/1723/1723
f 1472/1472/1472 1473/1473/1473 1723/1723/1723
f 1725/1725/1725 1724/1724/1724 1474/1474/1474
f 1475/1475/1475 1725/1725/1725 1474/1474/1474
f 1341/1341/1341 1342/1342/1342 1724/1724/1724
f 1725/1725/1725 1341/1341/1341 1724/1724/1724
f 1337/1337/1337 1341/1341/1341 1725/1725/1725
f 1723/1723/1723 1337/1337/1337 1725/1725/1725
f 1723/1723/1723 1725/1725/1725 1475/1475/1475
f 1472/1472/1472 1723/1723/1723 1475/1475/1475
f 1726/1726/1726 1345/1345/1345 1346/1346/1346
f 1727/1727/1727 1726/1726/1726 1346/1346/1346
f 1724/1724/1724 1342/1342/1342 1345/1345/1345
f 1726/1726/1726 1724/1724/1724 1345/1345/1345
f 1474/1474/1474 1724/1724/1724 1726/1726/1726
f 1481/1481/1481 1474/1474/1474 1726/1726/1726
f 1481/1481/1481 1726/1726/1726 1727/1727/1727
f 1480/1480/1480 1481/1481/1481 1727/1727/1727
f 1728/1728/1728 1349/1349/1349 1350/1350/1350
f 1729/1729/1729 1728/1728/1728 1350/1350/1350
f 1727/1727/1727 1346/1346/1346 1349/1349/1349
f 1728/1728/1728 1727/1727/1727 1349/1349/1349
f 1480/1480/1480 1727/1727/1727 1728/1728/1728
f 1487/1487/1487 1480/1480/1480 1728/1728/1728
f 1487/1487/1487 1728/1728/1728 1729/1729/1729
f 1486/1486/1486 1487/1487/1487 1729/1729/1729
f 1731/1731/1731 1730/1730/1730 1492/1492/1492
f 1493/1493/1493 1731/1731/1731 1492/1492/1492
f 1353/1353/1353 1354/1354/1354 1730/1730/1730
f 1731/1731/1731 1353/1353/1353 1730/1730/1730
f 1350/1350/1350 1353/1353/1353 1731/1731/1731
f 1729/1729/1729 1350/1350/1350 1731/1731/1731
f 1729/1729/1729 1731/1731/1731 1493/1493/1493
f 1486/1486/1486 1729/1729/1729 1493/1493/1493
f 1733/1733/1733 1732/1732/1732 1498/1498/1498
f 1499/1499/1499 1733/1733/1733 1498/1498/1498
f 1357/1357/1357 1358/1358/1358 1732/1732/1732
f 1733/1733/1733 1357/1357/1357 1732/1732/1732
f 1354/1354/1354 1357/1357/1357 1733/1733/1733
f 1730/1730/1730 1354/1354/1354 1733/1733/1733
f 1730/1730/1730 1733/1733/1733 1499/1499/1499
f 1492/1492/1492 1730/1730/1730 1499/1499/1499
f 1734/1734/1734 1359/1359/1359 1361/1361/1361
f 1735/1735/1735 1734/1734/1734 1361/1361/1361
f 1732/1732/1732 1358/1358/1358 1359/1359/1359
f 1734/1734/1734 1732/1732/1732 1359/1359/1359
f 1498/1498/1498 1732/1732/1732 1734/1734/1734
f 1509/1509/1509 1498/1498/1498 1734/1734/1734
f 1509/1509/1509 1734/1734/1734 1735/1735/1735
f 1508/1508/1508 1509/1509/1509 1735/1735/1735
f 1737/1737/1737 1736/1736/1736 1510/1510/1510
f 1511/1511/1511 1737/1737/1737 1510/1510/1510
f 1365/1365/1365 1366/1366/1366 1736/1736/1736
f 1737/1737/1737 1365/1365/1365 1736/1736/1736
f 1361/1361/1361 1365/1365/1365 1737/1737/1737
f 1735/1735/1735 1361/1361/1361 1737/1737/1737
f 1735/1735/1735 1737/1737/1737 1511/1511/1511
f 1508/1508/1508 1735/1735/1735 1511/1511/1511
f 1739/1739/1739 1738/1738/1738 1516/1516/1516
f 1517/1517/1517 1739/1739/1739 1516/1516/1516
f 1369/1369/1369 1370/1370/1370 1738/1738/1738
f 1739/1739/1739 1369/1369/1369 1738/1738/1738
f 1366/1366/1366 1369/1369/1369 1739/1739/1739
f 1736/1736/1736 1366/1366/1366 1739/1739/1739
f 1736/1736/1736 1739/1739/1739 1517/1517/1517
f 1510/1510/1510 1736/1736/1736 1517/1517/1517
f 1740/1740/1740 1373/1373/1373 1374/1374/1374
f 1741/1741/1741 1740/1740/1740 1374/1374/1374
f 1738/1738/1738 1370/1370/1370 1373/1373/1373
f 1740/1740/1740 1738/1738/1738 1373/1373/1373
f 1516/1516/1516 1738/1738/1738 1740/1740/1740
f 1523/1523/1523 1516/1516/1516 1740/1740/1740
f 1523/1523/1523 1740/1740/1740 1741/1741/1741
f 1522/1522/1522 1523/1523/1523 1741/1741/1741
f 1743/1743/1743 1742/1742/1742 1528/1528/1528
f 1529/1529/1529 1743/1743/1743 1528/1528/1528
f 1377/1377/1377 1378/1378/1378 1742/1742/1742
f 1743/1743/1743 1377/1377/1377 1742/1742/1742
f 1374/1374/1374 1377/1377/1377 1743/1743/1743
f 1741/1741/1741 1374/1374/1374 1743/1743/1743
f 1741/1741/1741 1743/1743/1743 1529/1529/1529
f 1522/1522/1522 1741/1741/1741 1529/1529/1529
f 1744/1744/1744 1379/1379/1379 1381/1381/1381
f 1745/1745/1745 1744/1744/1744 1381/1381/1381
f 1742/1742/1742 1378/1378/1378 1379/1379/1379
f 1744/1744/1744 1742/1742/1742 1379/1379/1379
f 1528/1528/1528 1742/1742/1742 1744/1744/1744
f 1539/1539/1539 1528/1528/1528 1744/1744/1744
f 1539/1539/1539 1744/1744/1744 1745/1745/1745
f 1538/1538/1538 1539/1539/1539 1745/1745/1745
f 1747/1747/1747 1746/1746/1746 1540/1540/1540
f 1541/1541/1541 1747/1747/1747 1540/1540/1540
f 1385/1385/1385 1386/1386/1386 1746/1746/1746
f 1747/1747/1747 1385/1385/1385 1746/1746/1746
f 1381/1381/1381 1385/1385/1385 1747/1747/1747
f 1745/1745/1745 1381/1381/1381 1747/1747/1747
f 1745/1745/1745 1747/1747/1747 1541/1541/1541
f 1538/1538/1538 1745/1745/1745 1541/1541/1541
f 1748/1748/1748 1389/1389/1389 1390/1390/1390
f 1749/1749/1749 1748/1748/1748 1390/1390/1390
f 1746/1746/1746 1386/1386/1386 1389/1389/1389
f 1748/1748/1748 1746/1746/1746 1389/1389/1389
f 1540/1540/1540 1746/1746/1746 1748/1748/1748
f 1547/1547/1547 1540/1540/1540 1748/1748/1748
f 1547/1547/1547 1748/1748/1748 1749/1749/1749
f 1546/1546/1546 1547/1547/1547 1749/1749/1749
f 1751/1751/1751 1750/1750/1750 1552/1552/1552
f 1553/1553/1553 1751/1751/1751 1552/1552/1552
f 1393/1393/1393 1394/1394/1394 1750/1750/1750
f 1751/1751/1751 1393/1393/1393 1750/1750/1750
f 1390/1390/1390 1393/1393/1393 1751/1751/1751
f 1749/1749/1749 1390/1390/1390 1751/1751/1751
f 1749/1749/1749 1751/1751/1751 1553/1553/1553
f 1546/1546/1546 1749/1749/1749 1553/1553/1553
f 1753/1753/1753 1752/1752/1752 1562/1562/1562
f 1563/1563/1563 1753/1753/1753 1562/1562/1562
f 1395/1395/1395 1397/1397/1397 1752/1752/1752
f 1753/1753/1753 1395/1395/1395 1752/1752/1752
f 1394/1394/1394 1395/1395/1395 1753/1753/1753
f 1750/1750/1750 1394/1394/1394 1753/1753/1753
f 1750/1750/1750 1753/1753/1753 1563/1563/1563
f 1552/1552/1552 1750/1750/1750 1563/1563/1563
f 1754/1754/1754 1399/1399/1399 1401/1401/1401
f 1755/1755/1755 1754/1754/1754 1401/1401/1401
f 1752/1752/1752 1397/1397/1397 1399/1399/1399
f 1754/1754/1754 1752/1752/1752 1399/1399/1399
f 1562/1562/1562 1752/1752/1752 1754/1754/1754
f 1569/1569/1569 1562/1562/1562 1754/1754/1754
f 1569/1569/1569 1754/1754/1754 1755/1755/1755
f 1568/1568/1568 1569/1569/1569 1755/1755/1755
f 1757/1757/1757 1756/1756/1756 1574/1574/1574
f 1575/1575/1575 1757/1757/1757 1574/1574/1574
f 1403/1403/1403 1405/1405/1405 1756/1756/1756
f 1757/1757/1757 1403/1403/1403 1756/1756/1756
f 1401/1401/1401 1403/1403/1403 1757/1757/1757
f 1755/1755/1755 1401/1401/1401 1757/1757/1757
f 1755/1755/1755 1757/1757/1757 1575/1575/1575
f 1568/1568/1568 1755/1755/1755 1575/1575/1575
f 1758/1758/1758 1407/1407/1407 1409/1409/1409
f 1759/1759/1759 1758/1758/1758 1409/1409/1409
f 1756/1756/1756 1405/1405/1405 1407/1407/1407
f 1758/1758/1758 1756/1756/1756 1407/1407/1407
f 1574/1574/1574 1756/1756/1756 1758/1758/1758
f 1581/1581/1581 1574/1574/1574 1758/1758/1758
f 1581/1581/1581 1758/1758/1758 1759/1759/1759
f 1580/1580/1580 1581/1581/1581 1759/1759/1759
f 1761/1761/1761 1760/1760/1760 1582/1582/1582
f 1583/1583/1583 1761/1761/1761 1582/1582/1582
f 1413/1413/1413 1414/1414/1414 1760/1760/1760
f 1761/1761/1761 1413/1413/1413 1760/1760/1760
f 1409/1409/1409 1413/1413/1413 1761/1761/1761
f 1759/1759/1759 1409/1409/1409 1761/1761/1761
f 1759/1759/1759 1761/1761/1761 1583/1583/1583
f 1580/1580/1580 1759/1759/1759 1583/1583/1583
f 1763/1763/1763 1762/1762/1762 1592/1592/1592
f 1593/1593/1593 1763/1763/1763 1592/1592/1592
f 1415/1415/1415 1417/1417/1417 1762/1762/1762
f 1763/1763/1763 1415/1415/1415 1762/1762/1762
f 1414/1414/1414 1415/1415/1415 1763/1763/1763
f 1760/1760/1760 1414/1414/1414 1763/1763/1763
f 1760/1760/1760 1763/1763/1763 1593/1593/1593
f 1582/1582/1582 1760/1760/1760 1593/1593/1593
f 1764/1764/1764 1419/1419/1419 1421/1421/1421
f 1765/1765/1765 1764/1764/1764 1421/1421/1421
f 1762/1762/1762 1417/1417/1417 1419/1419/1419
f 1764/1764/1764 1762/1762/1762 1419/1419/1419
f 1592/1592/1592 1762/1762/1762 1764/1764/1764
f 1599/1599/1599 1592/1592/1592 1764/1764/1764
f 1599/1599/1599 1764/1764/1764 1765/1765/1765
f 1598/1598/1598 1599/1599/1599 1765/1765/1765
f 1767/1767/1767 1766/1766/1766 1604/1604/1604
f 1605/1605/1605 1767/1767/1767 1604/1604/1604
f 1423/1423/1423 1425/1425/1425 1766/1766/1766
f 1767/1767/1767 1423/1423/1423 1766/1766/1766
f 1421/1421/1421 1423/1423/1423 1767/1767/1767
f 1765/1765/1765 1421/1421/1421 1767/1767/1767
f 1765/1765/1765 1767/1767/1767 1605/1605/1605
f 1598/1598/1598 1765/1765/1765 1605/1605/1605
f 1768/1768/1768 1427/1427/1427 1429/1429/1429
f 1769/1769/1769 1768/1768/1768 1429/1429/1429
f 1766/1766/1766 1425/1425/1425 1427/1427/1427
f 1768/1768/1768 1766/1766/1766 1427/1427/1427
f 1604/1604/1604 1766/1766/1766 1768/1768/1768
f 1611/1611/1611 1604/1604/1604 1768/1768/1768
f 1611/1611/1611 1768/1768/1768 1769/1769/1769
f 1610/1610/1610 1611/1611/1611 1769/1769/1769
f 1771/1771/1771 1770/1770/1770 1616/1616/1616
f 1617/1617/1617 1771/1771/1771 1616/1616/1616
f 1431/1431/1431 1433/1433/1433 1770/1770/1770
f 1771/1771/1771 1431/1431/1431 1770/1770/1770
f 1429/1429/1429 1431/1431/1431 1771/1771/1771
f 1769/1769/1769 1429/1429/1429 1771/1771/1771
f 1769/1769/1769 1771/1771/1771 1617/1617/1617
f 1610/1610/1610 1769/1769/1769 1617/1617/1617
f 1772/1772/1772 1435/1435/1435 1437/1437/1437
f 1773/1773/1773 1772/1772/1772 1437/1437/1437
f 1770/1770/1770 1433/1433/1433 1435/1435/1435
f 1772/1772/1772 1770/1770/1770 1435/1435/1435
f 1616/1616/1616 1770/1770/1770 1772/1772/1772
f 1623/1623/1623 1616/1616/1616 1772/1772/1772
f 1623/1623/1623 1772/1772/1772 1773/1773/1773
f 1622/1622/1622 1623/1623/1623 1773/1773/1773
f 1774/1774/1774 1439/1439/1439 1441/1441/1441
f 1775/1775/1775 1774/1774/1774 1441/1441/1441
f 1773/1773/1773 1437/1437/1437 1439/1439/1439
f 1774/1774/1774 1773/1773/1773 1439/1439/1439
f 1622/1622/1622 1773/1773/1773 1774/1774/1774
f 1629/1629/1629 1622/1622/1622 1774/1774/1774
f 1629/1629/1629 1774/1774/1774 1775/1775/1775
f 1628/1628/1628 1629/1629/1629 1775/1775/1775
f 1777/1777/1777 1776/1776/1776 1634/1634/1634
f 1635/1635/1635 1777/1777/1777 1634/1634/1634
f 1443/1443/1443 1445/1445/1445 1776/1776/1776
f 1777/1777/1777 1443/1443/1443 1776/1776/1776
f 1441/1441/1441 1443/1443/1443 1777/1777/1777
f 1775/1775/1775 1441/1441/1441 1777/1777/1777
f 1775/1775/1775 1777/1777/1777 1635/1635/1635
f 1628/1628/1628 1775/1775/1775 1635/1635/1635
f 1778/1778/1778 1447/1447/1447 1449/1449/1449
f 1779/1779/1779 1778/1778/1778 1449/1449/1449
f 1776/1776/1776 1445/1445/1445 1447/1447/1447
f 1778/1778/1778 1776/1776/1776 1447/1447/1447
f 1634/1634/1634 1776/1776/1776 1778/1778/1778
f 1641/1641/1641 1634/1634/1634 1778/1778/1778
f 1641/1641/1641 1778/1778/1778 1779/1779/1779
f 1640/1640/1640 1641/1641/1641 1779/1779/1779
f 1780/1780/1780 1451/1451/1451 1453/1453/1453
f 1781/1781/1781 1780/1780/1780 1453/1453/1453
f 1779/1779/1779 1449/1449/1449 1451/1451/1451
f 1780/1780/1780 1779/1779/1779 1451/1451/1451
f 1640/1640/1640 1779/1779/1779 1780/1780/1780
f 1647/1647/1647 1640/1640/1640 1780/1780/1780
f 1647/1647/1647 1780/1780/1780 1781/1781/1781
f 1646/1646/1646 1647/1647/1647 1781/1781/1781
f 1782/1782/1782 1455/1455/1455 1457/1457/1457
f 1783/1783/1783 1782/1782/1782 1457/1457/1457
f 1781/1781/1781 1453/1453/1453 1455/1455/1455
f 1782/1782/1782 1781/1781/1781 1455/1455/1455
f 1646/1646/1646 1781/1781/1781 1782/1782/1782
f 1653/1653/1653 1646/1646/1646 1782/1782/1782
f 1653/1653/1653 1782/1782/1782 1783/1783/1783
f 1652/1652/1652 1653/1653/1653 1783/1783/1783
f 1786/1786/1786 1785/1785/1785 1784/1784/1784
f 1787/1787/1787 1786/1786/1786 1784/1784/1784
f 1789/1789/1789 1788/1788/1788 1785/1785/1785
f 1786/1786/1786 1789/1789/1789 1785/1785/1785
f 1463/1463/1463 1789/1789/1789 1786/1786/1786
f 1460/1460/1460 1463/1463/1463 1786/1786/1786
f 1460/1460/1460 1786/1786/1786 1787/1787/1787
f 1459/1459/1459 1460/1460/1460 1787/1787/1787
f 1792/1792/1792 1791/1791/1791 1790/1790/1790
f 1793/1793/1793 1792/1792/1792 1790/1790/1790
f 1468/1468/1468 1470/1470/1470 1791/1791/1791
f 1792/1792/1792 1468/1468/1468 1791/1791/1791
f 1463/1463/1463 1468/1468/1468 1792/1792/1792
f 1789/1789/1789 1463/1463/1463 1792/1792/1792
f 1789/1789/1789 1792/1792/1792 1793/1793/1793
f 1788/1788/1788 1789/1789/1789 1793/1793/1793
f 1794/1794/1794 1478/1478/1478 1479/1479/1479
f 1795/1795/1795 1794/1794/1794 1479/1479/1479
f 1791/1791/1791 1470/1470/1470 1478/1478/1478
f 1794/1794/1794 1791/1791/1791 1478/1478/1478
f 1790/1790/1790 1791/1791/1791 1794/1794/1794
f 1796/1796/1796 1790/1790/1790 1794/1794/1794
f 1796/1796/1796 1794/1794/1794 1795/1795/1795
f 1797/1797/1797 1796/1796/1796 1795/1795/1795
f 1798/1798/1798 1484/1484/1484 1485/1485/1485
f 1799/1799/1799 1798/1798/1798 1485/1485/1485
f 1795/1795/1795 1479/1479/1479 1484/1484/1484
f 1798/1798/1798 1795/1795/1795 1484/1484/1484
f 1797/1797/1797 1795/1795/1795 1798/1798/1798
f 1800/1800/1800 1797/1797/1797 1798/1798/1798
f 1800/1800/1800 1798/1798/1798 1799/1799/1799
f 1801/1801/1801 1800/1800/1800 1799/1799/1799
f 1802/1802/1802 1490/1490/1490 1491/1491/1491
f 1803/1803/1803 1802/1802/1802 1491/1491/1491
f 1799/1799/1799 1485/1485/1485 1490/1490/1490
f 1802/1802/1802 1799/1799/1799 1490/1490/1490
f 1801/1801/1801 1799/1799/1799 1802/1802/1802
f 1804/1804/1804 1801/1801/1801 1802/1802/1802
f 1804/1804/1804 1802/1802/1802 1803/1803/1803
f 1805/1805/1805 1804/1804/1804 1803/1803/1803
f 1806/1806/1806 1496/1496/1496 1497/1497/1497
f 1807/1807/1807 1806/1806/1806 1497/1497/1497
f 1803/1803/1803 1491/1491/1491 1496/1496/1496
f 1806/1806/1806 1803/1803/1803 1496/1496/1496
f 1805/1805/1805 1803/1803/1803 1806/1806/1806
f 1808/1808/1808 1805/1805/1805 1806/1806/1806
f 1808/1808/1808 1806/1806/1806 1807/1807/1807
f 1809/1809/1809 1808/1808/1808 1807/1807/1807
f 1810/1810/1810 1502/1502/1502 1503/1503/1503
f 1811/1811/1811 1810/1810/1810 1503/1503/1503
f 1807/1807/1807 1497/1497/1497 1502/1502/1502
f 1810/1810/1810 1807/1807/1807 1502/1502/1502
f 1809/1809/1809 1807/1807/1807 1810/1810/1810
f 1812/1812/1812 1809/1809/1809 1810/1810/1810
f 1812/1812/1812 1810/1810/1810 1811/1811/1811
f 1813/1813/1813 1812/1812/1812 1811/1811/1811
f 1816/1816/1816 1815/1815/1815 1814/1814/1814
f 1817/1817/1817 1816/1816/1816 1814/1814/1814
f 1504/1504/1504 1506/1506/1506 1815/1815/1815
f 1816/1816/1816 1504/1504/1504 1815/1815/1815
f 1503/1503/1503 1504/1504/1504 1816/1816/1816
f 1811/1811/1811 1503/1503/1503 1816/1816/1816
f 1811/1811/1811 1816/1816/1816 1817/1817/1817
f 1813/1813/1813 1811/1811/1811 1817/1817/1817
f 1818/1818/1818 1514/1514/1514 1515/1515/1515
f 1819/1819/1819 1818/1818/1818 1515/1515/1515
f 1815/1815/1815 1506/1506/1506 1514/1514/1514
f 1818/1818/1818 1815/1815/1815 1514/1514/1514
f 1814/1814/1814 1815/1815/1815 1818/1818/1818
f 1820/1820/1820 1814/1814/1814 1818/1818/1818
f 1820/1820/1820 1818/1818/1818 1819/1819/1819
f 1821/1821/1821 1820/1820/1820 1819/1819/1819
f 1822/1822/1822 1520/1520/1520 1521/1521/1521
f 1823/1823/1823 1822/1822/1822 1521/1521/1521
f 1819/1819/1819 1515/1515/1515 1520/1520/1520
f 1822/1822/1822 1819/1819/1819 1520/1520/1520
f 1821/1821/1821 1819/1819/1819 1822/1822/1822
f 1824/1824/1824 1821/1821/1821 1822/1822/1822
f 1824/1824/1824 1822/1822/1822 1823/1823/1823
f 1825/1825/1825 1824/1824/1824 1823/1823/1823
f 1826/1826/1826 1526/1526/1526 1527/1527/1527
f 1827/1827/1827 1826/1826/1826 1527/1527/1527
f 1823/1823/1823 1521/1521/1521 1526/1526/1526
f 1826/1826/1826 1823/1823/1823 1526/1526/1526
f 1825/1825/1825 1823/1823/1823 1826/1826/1826
f 1828/1828/1828 1825/1825/1825 1826/1826/1826
f 1828/1828/1828 1826/1826/1826 1827/1827/1827
f 1829/1829/1829 1828/1828/1828 1827/1827/1827
f 1830/1830/1830 1532/1532/1532 1533/1533/1533
f 1831/1831/1831 1830/1830/1830 1533/1533/1533
f 1827/1827/1827 1527/1527/1527 1532/1532/1532
f 1830/1830/1830 1827/1827/1827 1532/1532/1532
f 1829/1829/1829 1827/1827/1827 1830/1830/1830
f 1832/1832/1832 1829/1829/1829 1830/1830/1830
f 1832/1832/1832 1830/1830/1830 1831/1831/1831
f 1833/1833/1833 1832/1832/1832 1831/1831/1831
f 1836/1836/1836 1835/1835/1835 1834/1834/1834
f 1837/1837/1837 1836/1836/1836 1834/1834/1834
f 1534/1534/1534 1536/1536/1536 1835/1835/1835
f 1836/1836/1836 1534/1534/1534 1835/1835/1835
f 1533/1533/1533 1534/1534/1534 1836/1836/1836
f 1831/1831/1831 1533/1533/1533 1836/1836/1836
f 1831/1831/1831 1836/1836/1836 1837/1837/1837
f 1833/1833/1833 1831/1831/1831 1837/1837/1837
f 1838/1838/1838 1544/1544/1544 1545/1545/1545
f 1839/1839/1839 1838/1838/1838 1545/1545/1545
f 1835/1835/1835 1536/1536/1536 1544/1544/1544
f 1838/1838/1838 1835/1835/1835 1544/1544/1544
f 1834/1834/1834 1835/1835/1835 1838/1838/1838
f 1840/1840/1840 1834/1834/1834 1838/1838/1838
f 1840/1840/1840 1838/1838/1838 1839/1839/1839
f 1841/1841/1841 1840/1840/1840 1839/1839/1839
f 1842/1842/1842 1550/1550/1550 1551/1551/1551
f 1843/1843/1843 1842/1842/1842 1551/1551/1551
f 1839/1839/1839 1545/1545/1545 1550/1550/1550
f 1842/1842/1842 1839/1839/1839 1550/1550/1550
f 1841/1841/1841 1839/1839/1839 1842/1842/1842
f 1844/1844/1844 1841/1841/1841 1842/1842/1842
f 1844/1844/1844 1842/1842/1842 1843/1843/1843
f 1845/1845/1845 1844/1844/1844 1843/1843/1843
f 1846/1846/1846 1556/1556/1556 1557/1557/1557
f 1847/1847/1847 1846/1846/1846 1557/1557/1557
f 1843/1843/1843 1551/1551/1551 1556/1556/1556
f 1846/1846/1846 1843/1843/1843 1556/1556/1556
f 1845/1845/1845 1843/1843/1843 1846/1846/1846
f 1848/1848/1848 1845/1845/1845 1846/1846/1846
f 1848/1848/1848 1846/1846/1846 1847/1847/1847
f 1849/1849/1849 1848/1848/1848 1847/1847/1847
f 1852/1852/1852 1851/1851/1851 1850/1850/1850
f 1853/1853/1853 1852/1852/1852 1850/1850/1850
f 1558/1558/1558 1560/1560/1560 1851/1851/1851
f 1852/1852/1852 1558/1558/1558 1851/1851/1851
f 1557/1557/1557 1558/1558/1558 1852/1852/1852
f 1847/1847/1847 1557/1557/1557 1852/1852/1852
f 1847/1847/1847 1852/1852/1852 1853/1853/1853
f 1849/1849/1849 1847/1847/1847 1853/1853/1853
f 1856/1856/1856 1855/1855/1855 1854/1854/1854
f 1857/1857/1857 1856/1856/1856 1854/1854/1854
f 1564/1564/1564 1566/1566/1566 1855/1855/1855
f 1856/1856/1856 1564/1564/1564 1855/1855/1855
f 1560/1560/1560 1564/1564/1564 1856/1856/1856
f 1851/1851/1851 1560/1560/1560 1856/1856/1856
f 1851/1851/1851 1856/1856/1856 1857/1857/1857
f 1850/1850/1850 1851/1851/1851 1857/1857/1857
f 1860/1860/1860 1859/1859/1859 1858/1858/1858
f 1861/1861/1861 1860/1860/1860 1858/1858/1858
f 1570/1570/1570 1572/1572/1572 1859/1859/1859
f 1860/1860/1860 1570/1570/1570 1859/1859/1859
f 1566/1566/1566 1570/1570/1570 1860/1860/1860
f 1855/1855/1855 1566/1566/1566 1860/1860/1860
f 1855/1855/1855 1860/1860/1860 1861/1861/1861
f 1854/1854/1854 1855/1855/1855 1861/1861/1861
f 1864/1864/1864 1863/1863/1863 1862/1862/1862
f 1865/1865/1865 1864/1864/1864 1862/1862/1862
f 1576/1576/1576 1578/1578/1578 1863/1863/1863
f 1864/1864/1864 1576/1576/1576 1863/1863/1863
f 1572/1572/1572 1576/1576/1576 1864/1864/1864
f 1859/1859/1859 1572/1572/1572 1864/1864/1864
f 1859/1859/1859 1864/1864/1864 1865/1865/1865
f 1858/1858/1858 1859/1859/1859 1865/1865/1865
f 1866/1866/1866 1586/1586/1586 1587/1587/1587
f 1867/1867/1867 1866/1866/1866 1587/1587/1587
f 1863/1863/1863 1578/1578/1578 1586/1586/1586
f 1866/1866/1866 1863/1863/1863 1586/1586/1586
f 1862/1862/1862 1863/1863/1863 1866/1866/1866
f 1868/1868/1868 1862/1862/1862 1866/1866/1866
f 1868/1868/1868 1866/1866/1866 1867/1867/1867
f 801/801/801 1868/1868/1868 1867/1867/1867
f 1870/1870/1870 1869/1869/1869 525/525/525
f 804/804/804 1870/1870/1870 525/525/525
f 1588/1588/1588 1590/1590/1590 1869/1869/1869
f 1870/1870/1870 1588/1588/1588 1869/1869/1869
f 1587/1587/1587 1588/1588/1588 1870/1870/1870
f 1867/1867/1867 1587/1587/1587 1870/1870/1870
f 1867/1867/1867 1870/1870/1870 804/804/804
f 801/801/801 1867/1867/1867 804/804/804
f 1872/1872/1872 1871/1871/1871 530/530/530
f 528/528/528 1872/1872/1872 530/530/530
f 1594/1594/1594 1596/1596/1596 1871/1871/1871
f 1872/1872/1872 1594/1594/1594 1871/1871/1871
f 1590/1590/1590 1594/1594/1594 1872/1872/1872
f 1869/1869/1869 1590/1590/1590 1872/1872/1872
f 1869/1869/1869 1872/1872/1872 528/528/528
f 525/525/525 1869/1869/1869 528/528/528
f 1874/1874/1874 1873/1873/1873 519/519/519
f 1072/1072/1072 1874/1874/1874 519/519/519
f 1600/1600/1600 1602/1602/1602 1873/1873/1873
f 1874/1874/1874 1600/1600/1600 1873/1873/1873
f 1596/1596/1596 1600/1600/1600 1874/1874/1874
f 1871/1871/1871 1596/1596/1596 1874/1874/1874
f 1871/1871/1871 1874/1874/1874 1072/1072/1072
f 530/530/530 1871/1871/1871 1072/1072/1072
f 1876/1876/1876 1875/1875/1875 524/524/524
f 522/522/522 1876/1876/1876 524/524/524
f 1606/1606/1606 1608/1608/1608 1875/1875/1875
f 1876/1876/1876 1606/1606/1606 1875/1875/1875
f 1602/1602/1602 1606/1606/1606 1876/1876/1876
f 1873/1873/1873 1602/1602/1602 1876/1876/1876
f 1873/1873/1873 1876/1876/1876 522/522/522
f 519/519/519 1873/1873/1873 522/522/522
f 1878/1878/1878 1877/1877/1877 587/587/587
f 703/703/703 1878/1878/1878 587/587/587
f 1612/1612/1612 1614/1614/1614 1877/1877/1877
f 1878/1878/1878 1612/1612/1612 1877/1877/1877
f 1608/1608/1608 1612/1612/1612 1878/1878/1878
f 1875/1875/1875 1608/1608/1608 1878/1878/1878
f 1875/1875/1875 1878/1878/1878 703/703/703
f 524/524/524 1875/1875/1875 703/703/703
f 1880/1880/1880 1879/1879/1879 592/592/592
f 590/590/590 1880/1880/1880 592/592/592
f 1618/1618/1618 1620/1620/1620 1879/1879/1879
f 1880/1880/1880 1618/1618/1618 1879/1879/1879
f 1614/1614/1614 1618/1618/1618 1880/1880/1880
f 1877/1877/1877 1614/1614/1614 1880/1880/1880
f 1877/1877/1877 1880/1880/1880 590/590/590
f 587/587/587 1877/1877/1877 590/590/590
f 1882/1882/1882 1881/1881/1881 750/750/750
f 748/748/748 1882/1882/1882 750/750/750
f 1624/1624/1624 1626/1626/1626 1881/1881/1881
f 1882/1882/1882 1624/1624/1624 1881/1881/1881
f 1620/1620/1620 1624/1624/1624 1882/1882/1882
f 1879/1879/1879 1620/1620/1620 1882/1882/1882
f 1879/1879/1879 1882/1882/1882 748/748/748
f 592/592/592 1879/1879/1879 748/748/748
f 1884/1884/1884 1883/1883/1883 583/583/583
f 1082/1082/1082 1884/1884/1884 583/583/583
f 1630/1630/1630 1632/1632/1632 1883/1883/1883
f 1884/1884/1884 1630/1630/1630 1883/1883/1883
f 1626/1626/1626 1630/1630/1630 1884/1884/1884
f 1881/1881/1881 1626/1626/1626 1884/1884/1884
f 1881/1881/1881 1884/1884/1884 1082/1082/1082
f 750/750/750 1881/1881/1881 1082/1082/1082
f 1886/1886/1886 1885/1885/1885 577/577/577
f 586/586/586 1886/1886/1886 577/577/577
f 1636/1636/1636 1638/1638/1638 1885/1885/1885
f 1886/1886/1886 1636/1636/1636 1885/1885/1885
f 1632/1632/1632 1636/1636/1636 1886/1886/1886
f 1883/1883/1883 1632/1632/1632 1886/1886/1886
f 1883/1883/1883 1886/1886/1886 586/586/586
f 583/583/583 1883/1883/1883 586/586/586
f 1888/1888/1888 1887/1887/1887 582/582/582
f 580/580/580 1888/1888/1888 582/582/582
f 1642/1642/1642 1644/1644/1644 1887/1887/1887
f 1888/1888/1888 1642/1642/1642 1887/1887/1887
f 1638/1638/1638 1642/1642/1642 1888/1888/1888
f 1885/1885/1885 1638/1638/1638 1888/1888/1888
f 1885/1885/1885 1888/1888/1888 580/580/580
f 577/577/577 1885/1885/1885 580/580/580
f 1890/1890/1890 1889/1889/1889 910/910/910
f 908/908/908 1890/1890/1890 910/910/910
f 1648/1648/1648 1650/1650/1650 1889/1889/1889
f 1890/1890/1890 1648/1648/1648 1889/1889/1889
f 1644/1644/1644 1648/1648/1648 1890/1890/1890
f 1887/1887/1887 1644/1644/1644 1890/1890/1890
f 1887/1887/1887 1890/1890/1890 908/908/908
f 582/582/582 1887/1887/1887 908/908/908
