# vaiseau_main_vaiseau_main1_0_54
v -0.524296 -0.076787 -1.257236
v -0.524343 -0.095174 -1.257480
v -0.534529 -0.095886 -1.255066
v -0.534480 -0.076900 -1.254802
v -0.524342 -0.108980 -1.257501
v -0.534534 -0.110222 -1.255118
v -0.536983 -0.110270 -1.254583
v -0.536977 -0.095915 -1.254526
v -0.536927 -0.076900 -1.254258
v 1.060195 -0.078824 -0.208569
v 0.892912 -0.081283 -0.214478
v 0.893039 -0.077326 -0.217851
v 1.060156 -0.077246 -0.209814
v 0.692047 -0.084274 -0.220837
v 0.692380 -0.077422 -0.226723
v 0.692184 -0.076226 -0.227834
v 0.892926 -0.076541 -0.218490
v 1.060114 -0.076803 -0.210053
v 0.692184 -0.076226 -0.227834
v 0.692416 -0.074895 -0.226520
v 0.893060 -0.075678 -0.217735
v 0.892926 -0.076541 -0.218490
v 0.692100 -0.068883 -0.220534
v 0.892943 -0.072143 -0.214304
v 1.060206 -0.074846 -0.208504
v 1.060163 -0.076329 -0.209771
v 1.060114 -0.076803 -0.210053
v -0.524171 -0.044696 -1.256600
v -0.524244 -0.058439 -1.256965
v -0.534433 -0.058167 -1.254555
v -0.534365 -0.044216 -1.254223
v -0.536881 -0.058130 -1.254015
v -0.536815 -0.044148 -1.253690
v -0.326348 0.049339 -0.139696
v -0.332578 0.006319 -0.179223
v -0.343854 0.008698 -0.177391
v -0.336990 0.051634 -0.138464
v -0.337196 -0.030715 -0.208204
v -0.348856 -0.028397 -0.205762
v -0.351308 -0.028146 -0.205242
v -0.346312 0.009200 -0.176908
v -0.339455 0.052396 -0.138017
v 0.892083 -0.063345 -0.206915
v 1.060144 -0.071374 -0.205789
v 0.690263 -0.053643 -0.207624
v 0.689058 -0.038753 -0.191134
v 0.891585 -0.054772 -0.197467
v 1.016455 -0.065006 -0.201298
v 0.691119 -0.121213 -0.190900
v 0.690228 -0.102577 -0.207826
v 0.892062 -0.091664 -0.207031
v 0.892578 -0.101877 -0.197672
v 1.060137 -0.082702 -0.205832
v 1.016895 -0.090047 -0.201396
v -0.337223 -0.127313 -0.208359
v -0.332142 -0.168247 -0.176746
v -0.343341 -0.166521 -0.174484
v -0.348863 -0.125901 -0.205803
v -0.325513 -0.210622 -0.134962
v -0.336032 -0.209142 -0.133035
v -0.338497 -0.209710 -0.132588
v -0.345799 -0.166893 -0.174000
v -0.351315 -0.126081 -0.205283
v -0.517783 -0.113769 -1.223953
v -0.511714 -0.113864 -1.189564
v -0.521909 -0.115629 -1.187191
v -0.527978 -0.115289 -1.221580
v -0.499585 -0.113781 -1.120774
v -0.509779 -0.115780 -1.118401
v -0.512229 -0.115853 -1.117868
v -0.524358 -0.115700 -1.186659
v -0.530427 -0.115359 -1.221047
v -0.514270 -0.111054 -1.117457
v -0.514501 -0.096482 -1.117505
v -0.526607 -0.096397 -1.186158
v -0.526393 -0.110917 -1.186213
v -0.514490 -0.077152 -1.117440
v -0.526583 -0.077149 -1.186025
v -0.532598 -0.077108 -1.220103
v -0.532639 -0.096206 -1.220340
v -0.532453 -0.110613 -1.220550
v 0.003976 -0.063978 -1.313220
v 0.003690 -0.070979 -1.314844
v 0.047380 -0.070044 -1.339306
v 0.047573 -0.062523 -1.338212
v -0.032669 -0.075461 -1.306338
v 0.000249 -0.076810 -1.327694
v -0.002588 -0.077389 -1.338789
v 0.045791 -0.070041 -1.348325
v 0.045836 -0.062454 -1.348061
v -0.514411 -0.058038 -1.116994
v -0.526517 -0.058143 -1.185647
v -0.514112 -0.043793 -1.116563
v -0.526235 -0.043987 -1.185318
v -0.532295 -0.044204 -1.219656
v -0.532549 -0.058249 -1.219829
v -0.530247 -0.039604 -1.220024
v -0.524178 -0.039351 -1.185635
v -0.521728 -0.039454 -1.186167
v -0.527797 -0.039706 -1.220556
v -0.512048 -0.039129 -1.116845
v -0.509598 -0.039235 -1.117377
v -0.499403 -0.040375 -1.119742
v -0.511532 -0.040352 -1.188532
v -0.517601 -0.040365 -1.222921
v -0.032598 -0.054247 -1.305936
v 0.003714 -0.057003 -1.314705
v 0.047430 -0.055202 -1.339023
v 0.000348 -0.050795 -1.327131
v 0.003976 -0.063978 -1.313220
v 0.047573 -0.062523 -1.338212
v 0.045836 -0.062454 -1.348061
v 0.045877 -0.055066 -1.347826
v -0.002433 -0.049851 -1.337898
v -0.356575 -0.123046 -0.235110
v -0.362293 -0.122673 -0.267541
v -0.359843 -0.122528 -0.268074
v -0.354125 -0.122897 -0.235643
v -0.367752 -0.120299 -0.298502
v -0.365303 -0.120162 -0.299035
v -0.355108 -0.117913 -0.301408
v -0.349649 -0.120182 -0.270447
v -0.343692 -0.121022 -0.238057
v -0.358830 -0.117497 -0.235916
v -0.359706 -0.100493 -0.239614
v -0.364994 -0.100138 -0.269609
v -0.364441 -0.117127 -0.267738
v -0.360123 -0.077456 -0.241984
v -0.365197 -0.077128 -0.270760
v -0.370015 -0.076712 -0.298080
v -0.370026 -0.098720 -0.298143
v -0.369793 -0.114986 -0.298092
v -0.359615 -0.053722 -0.239103
v -0.364904 -0.053436 -0.269098
v -0.358672 -0.035679 -0.235021
v -0.364283 -0.035431 -0.266843
v -0.369636 -0.036926 -0.297197
v -0.369936 -0.054097 -0.297632
v -0.367572 -0.031361 -0.297479
v -0.362113 -0.029599 -0.266518
v -0.359663 -0.029811 -0.267049
v -0.365122 -0.031560 -0.298010
v -0.356394 -0.029837 -0.234086
v -0.353944 -0.030053 -0.234618
v -0.343510 -0.031565 -0.237026
v -0.349467 -0.031289 -0.269415
v -0.354926 -0.033150 -0.300376
v -0.155227 -0.057125 -0.278796
v -0.137605 -0.065144 -0.287160
v -0.152485 -0.064331 -0.315393
v -0.169480 -0.056136 -0.309077
v -0.138171 -0.072706 -0.290369
v -0.152830 -0.072194 -0.317351
v -0.163261 -0.071987 -0.343577
v -0.163136 -0.064445 -0.342867
v -0.179757 -0.056771 -0.338545
v -0.138171 -0.072706 -0.290369
v -0.137704 -0.079381 -0.287723
v -0.152584 -0.079084 -0.315957
v -0.152830 -0.072194 -0.317351
v -0.155400 -0.086325 -0.279776
v -0.169653 -0.086249 -0.310057
v -0.179930 -0.085350 -0.339525
v -0.163235 -0.078538 -0.343430
v -0.163261 -0.071987 -0.343577
v -0.270124 -0.080499 -1.220276
v -0.266141 -0.076591 -1.210031
v -0.311959 -0.077537 -1.192729
v -0.316962 -0.081387 -1.205051
v -0.266126 -0.072631 -1.209946
v -0.311998 -0.074089 -1.192950
v -0.316098 -0.073955 -1.188635
v -0.316057 -0.077609 -1.188402
v -0.320182 -0.081344 -1.199198
v -0.293048 -0.088887 -1.280822
v -0.282096 -0.085313 -1.251146
v -0.332225 -0.087228 -1.243450
v -0.342581 -0.090695 -1.272374
v -0.332818 -0.086516 -1.233070
v -0.343718 -0.087682 -1.263882
v -0.342064 -0.087670 -1.268522
v -0.344898 -0.088538 -1.278727
v -0.347183 -0.086655 -1.293700
v -0.345801 -0.079704 -1.294207
v -0.345326 -0.079695 -1.294409
v -0.347365 -0.089083 -1.293700
v -0.344402 -0.067734 -1.294453
v -0.343929 -0.067725 -1.294655
v -0.295124 -0.067009 -1.303260
v -0.296345 -0.078479 -1.303046
v -0.298120 -0.087449 -1.302383
v -0.266126 -0.072631 -1.209946
v -0.266057 -0.067661 -1.209553
v -0.311862 -0.069456 -1.192181
v -0.311998 -0.074089 -1.192950
v -0.269972 -0.061671 -1.219416
v -0.316793 -0.063096 -1.204088
v -0.320012 -0.062820 -1.198232
v -0.315960 -0.069027 -1.187852
v -0.316098 -0.073955 -1.188635
v -0.345703 -0.056868 -1.293607
v -0.345228 -0.056858 -1.293809
v -0.347031 -0.051147 -1.292768
v -0.347194 -0.049133 -1.292651
v -0.297949 -0.049050 -1.301335
v -0.296247 -0.056528 -1.302446
v -0.340311 -0.117485 -0.223079
v -0.351461 -0.117691 -0.220537
v -0.353911 -0.117823 -0.220005
v -0.352297 -0.117041 -0.198410
v -0.353337 -0.094015 -0.203499
v -0.357190 -0.097774 -0.225348
v -0.356204 -0.112890 -0.221020
v -0.353801 -0.077044 -0.206127
v -0.357682 -0.077330 -0.228136
v -0.353253 -0.059690 -0.203020
v -0.357100 -0.056341 -0.224837
v -0.352242 -0.036482 -0.198095
v -0.356046 -0.040412 -0.220126
v -0.353731 -0.035256 -0.218981
v -0.351281 -0.035448 -0.219513
v -0.340129 -0.037358 -0.222047
v -0.109531 -0.058559 -0.254865
v -0.087719 -0.070781 -0.270451
v -0.121278 -0.067892 -0.275351
v -0.139787 -0.061786 -0.266166
v -0.088350 -0.074642 -0.274032
v -0.121920 -0.073687 -0.278991
v -0.088350 -0.074642 -0.274032
v -0.087816 -0.078060 -0.271003
v -0.121378 -0.078817 -0.275915
v -0.121920 -0.073687 -0.278991
v -0.109695 -0.092398 -0.255797
v -0.139960 -0.084155 -0.267146
v -0.137704 -0.079381 -0.287723
v -0.138171 -0.072706 -0.290369
v -0.252035 0.036541 -0.148276
v -0.250789 -0.008116 -0.192522
v -0.267874 -0.007413 -0.189244
v -0.266153 0.037702 -0.145720
v -0.249947 -0.046410 -0.226252
v -0.269733 -0.045478 -0.222300
v -0.279722 -0.043338 -0.220213
v -0.277453 -0.005391 -0.187747
v -0.275064 0.039458 -0.144803
v -0.293394 -0.039543 -0.248761
v -0.285704 -0.047841 -0.234542
v -0.276243 -0.049625 -0.236708
v -0.284681 -0.040923 -0.250794
v -0.256264 -0.051184 -0.240760
v -0.265733 -0.043004 -0.254665
v -0.274344 -0.042439 -0.286586
v -0.292324 -0.040442 -0.282886
v -0.280508 -0.044870 -0.317423
v -0.297783 -0.043161 -0.313847
v -0.306248 -0.041688 -0.311857
v -0.300789 -0.039089 -0.280896
v -0.468923 -0.043802 -1.234403
v -0.462854 -0.045217 -1.200014
v -0.454389 -0.046056 -1.202004
v -0.460458 -0.044393 -1.236393
v -0.450724 -0.046682 -1.131224
v -0.442260 -0.047770 -1.133214
v -0.428617 -0.048930 -1.134134
v -0.440948 -0.046949 -1.203560
v -0.452540 -0.047214 -1.242216
v -0.466659 -0.050914 -1.270209
v -0.466611 -0.060146 -1.270664
v -0.467148 -0.060133 -1.270705
v -0.467038 -0.047669 -1.270138
v -0.466688 -0.075991 -1.271076
v -0.467225 -0.075993 -1.271116
v -0.475679 -0.076111 -1.269067
v -0.475606 -0.059884 -1.268676
v -0.475501 -0.047233 -1.268138
v -0.466715 -0.090301 -1.271201
v -0.467252 -0.090329 -1.271243
v -0.466820 -0.097841 -1.271044
v -0.467219 -0.100510 -1.271078
v -0.475681 -0.101759 -1.269073
v -0.475709 -0.091044 -1.269210
v -0.452715 -0.100560 -1.243209
v -0.441139 -0.099948 -1.204642
v -0.454579 -0.101838 -1.203079
v -0.460648 -0.103468 -1.237468
v -0.428808 -0.097966 -1.135215
v -0.442449 -0.100114 -1.134289
v -0.450913 -0.102130 -1.132292
v -0.463042 -0.103612 -1.201082
v -0.469111 -0.104987 -1.235472
v -0.280698 -0.100514 -0.318505
v -0.274535 -0.102063 -0.287668
v -0.292514 -0.104522 -0.283961
v -0.297973 -0.102875 -0.314922
v -0.265924 -0.102133 -0.255747
v -0.284870 -0.106288 -0.251869
v -0.293583 -0.109912 -0.249829
v -0.300977 -0.106830 -0.281965
v -0.306436 -0.105091 -0.312926
v -0.256455 -0.098206 -0.241842
v -0.276433 -0.107190 -0.237783
v -0.250114 -0.111729 -0.227199
v -0.269899 -0.123854 -0.223240
v -0.279868 -0.133100 -0.221041
v -0.285892 -0.114520 -0.235611
v -0.250884 -0.164145 -0.193062
v -0.267969 -0.172904 -0.189782
v -0.252694 -0.218645 -0.149119
v -0.266177 -0.221890 -0.145854
v -0.274965 -0.221804 -0.144242
v -0.277472 -0.178100 -0.187854
v -0.222090 0.073872 0.038655
v -0.230370 0.073872 -0.008304
v -0.243500 0.078393 -0.005989
v -0.235220 0.078393 0.040970
v -0.238650 0.070505 -0.055262
v -0.251780 0.074545 -0.052947
v -0.260405 0.076212 -0.051867
v -0.252087 0.080060 -0.004695
v -0.243769 0.080060 0.042478
v -0.322866 0.088600 -0.043939
v -0.314284 0.092447 0.004730
v -0.311818 0.091598 0.004295
v -0.320399 0.087750 -0.044374
v -0.305703 0.092447 0.053398
v -0.303236 0.091598 0.052963
v -0.292943 0.089331 0.051148
v -0.301487 0.089331 0.002693
v -0.310031 0.085483 -0.045762
v -0.307969 -0.033433 0.053798
v -0.307969 0.022967 0.053798
v -0.318119 0.022285 -0.003768
v -0.319366 -0.034459 -0.010839
v -0.307752 0.075588 0.053760
v -0.316726 0.075417 0.002867
v -0.325700 0.071924 -0.048026
v -0.328270 0.019856 -0.061333
v -0.330764 -0.035705 -0.075476
v -0.307969 -0.076672 0.053798
v -0.307969 -0.062110 0.053798
v -0.319969 -0.062806 -0.014260
v -0.320116 -0.076716 -0.015090
v -0.331970 -0.063341 -0.082318
v -0.332263 -0.076803 -0.083977
v -0.307969 -0.116079 0.053798
v -0.307969 -0.090725 0.053798
v -0.319992 -0.090145 -0.014388
v -0.319362 -0.115190 -0.010817
v -0.332015 -0.089841 -0.082573
v -0.330756 -0.114698 -0.075432
v -0.307752 -0.209506 0.053760
v -0.307969 -0.164545 0.053798
v -0.317991 -0.163950 -0.003040
v -0.316468 -0.209357 0.004331
v -0.328013 -0.163616 -0.059879
v -0.325184 -0.209274 -0.045098
v -0.292943 -0.224870 0.051148
v -0.303236 -0.223380 0.052963
v -0.311516 -0.223375 0.006005
v -0.301223 -0.224850 0.004190
v -0.305703 -0.223998 0.053398
v -0.313983 -0.223996 0.006440
v -0.322263 -0.223991 -0.040519
v -0.319796 -0.223365 -0.040954
v -0.309503 -0.224811 -0.042769
v -0.243448 -0.240233 -0.059337
v -0.236865 -0.240850 -0.010439
v -0.243500 -0.238785 -0.005989
v -0.251780 -0.238572 -0.052947
v -0.229013 -0.240860 0.039876
v -0.235219 -0.238891 0.040970
v -0.243769 -0.236964 0.042478
v -0.252049 -0.236870 -0.004481
v -0.260329 -0.236683 -0.051440
v 1.061078 -0.087845 -0.187602
v 0.891663 -0.107891 -0.157730
v 0.868310 -0.110228 -0.161604
v 1.054992 -0.088429 -0.189979
v 0.891663 -0.107891 -0.157730
v 0.789713 -0.119724 -0.139753
v 0.695706 -0.135199 -0.123177
v 0.710098 -0.132794 -0.139991
v 0.707339 -0.131228 -0.155954
v 0.892340 -0.106592 -0.177330
v 1.060751 -0.087520 -0.195319
v 1.117550 -0.078005 -0.197559
v 1.117550 -0.079715 -0.197559
v 1.117171 -0.079715 -0.199707
v 1.117115 -0.078005 -0.200025
v 1.116793 -0.079715 -0.201854
v 1.116680 -0.078005 -0.202490
v 1.117550 -0.076890 -0.197559
v 1.117550 -0.077220 -0.197559
v 1.117089 -0.077220 -0.200171
v 1.117084 -0.076890 -0.200200
v 1.116629 -0.077220 -0.202783
v 1.116619 -0.076890 -0.202840
v 1.117550 -0.075747 -0.197559
v 1.117550 -0.076546 -0.197559
v 1.117090 -0.076546 -0.200166
v 1.117117 -0.075747 -0.200017
v 1.117550 -0.076890 -0.197559
v 1.117084 -0.076890 -0.200200
v 1.116619 -0.076890 -0.202840
v 1.116631 -0.076546 -0.202772
v 1.116683 -0.075747 -0.202475
v 1.062583 -0.067444 -0.187867
v 1.117550 -0.074051 -0.197559
v 1.117172 -0.074051 -0.199701
v 1.061908 -0.067444 -0.191697
v 1.116794 -0.074051 -0.201843
v 1.061233 -0.067444 -0.195526
v 0.693608 -0.033790 -0.157554
v 0.696579 -0.033790 -0.140704
v 0.895975 -0.051914 -0.168480
v 0.894266 -0.051914 -0.178169
v 0.699550 -0.033790 -0.123855
v 0.897683 -0.051914 -0.158791
v -0.177014 -0.071930 -0.386953
v -0.177060 -0.078328 -0.387218
v -0.207355 -0.078241 -0.488889
v -0.207311 -0.071969 -0.488637
v -0.193124 -0.084977 -0.384061
v -0.221916 -0.084755 -0.485978
v -0.250702 -0.084559 -0.587900
v -0.237642 -0.078160 -0.590566
v -0.237600 -0.071995 -0.590326
v -0.192951 -0.056963 -0.383081
v -0.176961 -0.064481 -0.386654
v -0.207256 -0.064487 -0.488325
v -0.221744 -0.056920 -0.484998
v -0.177014 -0.071930 -0.386953
v -0.207311 -0.071969 -0.488637
v -0.237600 -0.071995 -0.590326
v -0.237543 -0.064455 -0.590002
v -0.250529 -0.056816 -0.586920
v -0.350891 -0.042960 -0.565039
v -0.332594 -0.042842 -0.461273
v -0.324129 -0.044308 -0.463263
v -0.342426 -0.044395 -0.567029
v -0.314298 -0.042621 -0.357512
v -0.305834 -0.044122 -0.359502
v -0.289298 -0.045721 -0.362947
v -0.309093 -0.045870 -0.466444
v -0.328888 -0.045923 -0.569946
v -0.412215 -0.032944 -0.550660
v -0.393918 -0.032590 -0.446895
v -0.391468 -0.032768 -0.447426
v -0.409765 -0.033110 -0.551192
v -0.375622 -0.032102 -0.343133
v -0.373172 -0.032292 -0.343665
v -0.362976 -0.033905 -0.346030
v -0.381272 -0.034336 -0.449792
v -0.399569 -0.034638 -0.553557
v -0.377869 -0.076588 -0.342627
v -0.377856 -0.054393 -0.342548
v -0.396188 -0.054632 -0.446516
v -0.396220 -0.076631 -0.446699
v -0.377653 -0.037561 -0.342667
v -0.395958 -0.037994 -0.446480
v -0.414264 -0.038309 -0.550298
v -0.414521 -0.054805 -0.550489
v -0.414572 -0.076676 -0.550775
v -0.377811 -0.114273 -0.343562
v -0.377946 -0.098244 -0.343059
v -0.396278 -0.098218 -0.447027
v -0.396116 -0.114242 -0.447375
v -0.414611 -0.098260 -0.551000
v -0.414422 -0.114330 -0.551192
v -0.399751 -0.117232 -0.554589
v -0.381454 -0.117132 -0.450823
v -0.391649 -0.119363 -0.448451
v -0.409945 -0.119480 -0.552216
v -0.363158 -0.117159 -0.347062
v -0.373353 -0.119380 -0.344689
v -0.375803 -0.119511 -0.344157
v -0.394098 -0.119485 -0.447918
v -0.412395 -0.119594 -0.551684
v -0.329079 -0.099694 -0.571028
v -0.309284 -0.099785 -0.467526
v -0.324319 -0.102140 -0.464338
v -0.342616 -0.102075 -0.568104
v -0.289489 -0.099949 -0.364029
v -0.306023 -0.102285 -0.360577
v -0.314486 -0.104477 -0.358581
v -0.332782 -0.104350 -0.462342
v -0.351079 -0.104310 -0.566108
v -0.461319 -0.117776 -0.829146
v -0.467493 -0.116248 -0.864158
v -0.465043 -0.116161 -0.864691
v -0.458870 -0.117684 -0.829679
v -0.473664 -0.115244 -0.899155
v -0.471214 -0.115162 -0.899688
v -0.461020 -0.113124 -0.902061
v -0.454849 -0.114070 -0.867063
v -0.448675 -0.115514 -0.832052
v -0.390746 -0.097060 -0.918093
v -0.384676 -0.097605 -0.883414
v -0.397713 -0.099842 -0.880578
v -0.403884 -0.099242 -0.915576
v -0.378502 -0.098446 -0.848402
v -0.391540 -0.100764 -0.845566
v -0.400003 -0.102939 -0.843570
v -0.406177 -0.101941 -0.878582
v -0.412348 -0.101289 -0.913579
v -0.290547 -0.072386 -0.867239
v -0.290580 -0.078014 -0.867427
v -0.296756 -0.077963 -0.902454
v -0.296724 -0.072580 -0.902273
v -0.303127 -0.083844 -0.864772
v -0.309301 -0.083536 -0.899787
v -0.314772 -0.083345 -0.932588
v -0.302143 -0.077946 -0.935026
v -0.302122 -0.072731 -0.934905
v -0.302954 -0.057691 -0.863792
v -0.290481 -0.065102 -0.866864
v -0.296657 -0.065560 -0.901890
v -0.309128 -0.058414 -0.898808
v -0.290547 -0.072386 -0.867239
v -0.296724 -0.072580 -0.902273
v -0.302122 -0.072731 -0.934905
v -0.302043 -0.065888 -0.934462
v -0.314599 -0.058918 -0.931608
v -0.378312 -0.047683 -0.847320
v -0.384485 -0.048834 -0.882332
v -0.397524 -0.047516 -0.879503
v -0.391350 -0.046303 -0.844491
v -0.390555 -0.049629 -0.917011
v -0.403695 -0.048354 -0.914500
v -0.412159 -0.047157 -0.912511
v -0.405988 -0.046279 -0.877513
v -0.399815 -0.045007 -0.842502
v -0.473483 -0.038840 -0.898132
v -0.467312 -0.037681 -0.863134
v -0.464862 -0.037806 -0.863666
v -0.471033 -0.038959 -0.898664
v -0.461139 -0.035998 -0.828123
v -0.458689 -0.036131 -0.828654
v -0.448493 -0.037495 -0.831020
v -0.454667 -0.039106 -0.866031
v -0.460838 -0.040216 -0.901029
v -0.463474 -0.076873 -0.828114
v -0.463431 -0.056375 -0.827869
v -0.469601 -0.057225 -0.862860
v -0.469642 -0.076900 -0.863095
v -0.463185 -0.041012 -0.827740
v -0.469357 -0.042492 -0.862746
v -0.475531 -0.043513 -0.897762
v -0.475784 -0.057820 -0.897929
v -0.475832 -0.076939 -0.898199
v -0.463342 -0.112729 -0.828634
v -0.463521 -0.097368 -0.828380
v -0.469691 -0.096605 -0.863371
v -0.469515 -0.111389 -0.863641
v -0.475874 -0.096115 -0.898440
v -0.475689 -0.110511 -0.898656
v -0.418562 -0.119996 -0.586657
v -0.416112 -0.119883 -0.587190
v -0.424728 -0.120068 -0.621627
v -0.422278 -0.119957 -0.622160
v -0.412084 -0.117679 -0.624532
v -0.405918 -0.117611 -0.589563
v -0.341911 -0.099867 -0.640883
v -0.335745 -0.099860 -0.605913
v -0.348783 -0.102270 -0.603078
v -0.354949 -0.102285 -0.638047
v -0.357246 -0.104532 -0.601081
v -0.363412 -0.104555 -0.636051
v -0.247806 -0.078149 -0.624843
v -0.247764 -0.071967 -0.624608
v -0.260365 -0.084562 -0.622260
v -0.266532 -0.084531 -0.657232
v -0.253974 -0.078145 -0.659826
v -0.253934 -0.071987 -0.659598
v -0.247707 -0.064344 -0.624280
v -0.260192 -0.056616 -0.621280
v -0.247764 -0.071967 -0.624608
v -0.253934 -0.071987 -0.659598
v -0.253875 -0.064345 -0.659263
v -0.266359 -0.056593 -0.656253
v -0.335554 -0.045686 -0.604832
v -0.348593 -0.044156 -0.602003
v -0.341720 -0.045698 -0.639801
v -0.354759 -0.044176 -0.636972
v -0.363223 -0.042747 -0.634982
v -0.357057 -0.042720 -0.600013
v -0.424548 -0.032783 -0.620603
v -0.418381 -0.032699 -0.585634
v -0.415932 -0.032863 -0.586166
v -0.422098 -0.032944 -0.621135
v -0.405736 -0.034389 -0.588531
v -0.411902 -0.034460 -0.623501
v -0.420700 -0.054683 -0.585531
v -0.420757 -0.076694 -0.585852
v -0.420434 -0.038096 -0.585289
v -0.426599 -0.038173 -0.620253
v -0.426862 -0.054732 -0.620479
v -0.426917 -0.076723 -0.620788
v -0.420790 -0.098459 -0.586042
v -0.420592 -0.114679 -0.586183
v -0.426952 -0.098500 -0.620990
v -0.426757 -0.114743 -0.621147
v -0.282822 -0.100000 -0.329157
v -0.299859 -0.102329 -0.325616
v -0.308322 -0.104515 -0.323620
v -0.369638 -0.119513 -0.309196
v -0.367188 -0.119380 -0.309729
v -0.356994 -0.117162 -0.312101
v -0.371769 -0.098250 -0.308028
v -0.371643 -0.114278 -0.308584
v -0.371687 -0.076573 -0.307562
v -0.371679 -0.054315 -0.307517
v -0.371486 -0.037420 -0.307689
v -0.369458 -0.031944 -0.308172
v -0.367008 -0.032138 -0.308704
v -0.356812 -0.033766 -0.311070
v -0.282631 -0.045676 -0.328075
v -0.299669 -0.044064 -0.324541
v -0.308133 -0.042551 -0.322551
v -0.166774 -0.064481 -0.352394
v -0.183268 -0.056980 -0.348738
v -0.166826 -0.071918 -0.352689
v -0.166874 -0.078357 -0.352958
v -0.166826 -0.071918 -0.352689
v -0.183441 -0.085051 -0.349718
v -0.360206 -0.099297 -0.744635
v -0.373243 -0.101681 -0.741800
v -0.381706 -0.103918 -0.739804
v -0.272276 -0.078087 -0.763620
v -0.272239 -0.072158 -0.763411
v -0.284828 -0.084233 -0.760995
v -0.272177 -0.064647 -0.763056
v -0.284655 -0.057017 -0.760015
v -0.272239 -0.072158 -0.763411
v -0.381518 -0.043670 -0.738735
v -0.373053 -0.045040 -0.740725
v -0.360015 -0.046500 -0.743554
v -0.442842 -0.034124 -0.724356
v -0.440392 -0.034272 -0.724888
v -0.430196 -0.035721 -0.727253
v -0.445145 -0.055420 -0.724167
v -0.445194 -0.076798 -0.724444
v -0.444891 -0.039359 -0.723989
v -0.445235 -0.098067 -0.724678
v -0.445048 -0.113970 -0.724884
v -0.430378 -0.116849 -0.728285
v -0.440573 -0.119087 -0.725912
v -0.443022 -0.119189 -0.725379
v -0.408734 -0.097091 -1.020863
v -0.422174 -0.099291 -1.019300
v -0.430637 -0.101354 -1.017304
v -0.318079 -0.077980 -1.031469
v -0.318089 -0.072831 -1.031526
v -0.330963 -0.083307 -1.029719
v -0.343999 -0.083572 -1.149363
v -0.330706 -0.077963 -1.131820
v -0.330746 -0.073038 -1.132045
v -0.317979 -0.065950 -1.030905
v -0.330790 -0.058933 -1.028739
v -0.318089 -0.072831 -1.031526
v -0.330746 -0.073038 -1.132045
v -0.330607 -0.066348 -1.131258
v -0.343817 -0.058108 -1.148332
v -0.430449 -0.047310 -1.016235
v -0.421984 -0.048487 -1.018225
v -0.408543 -0.049742 -1.019781
v -0.491773 -0.039141 -1.001857
v -0.489323 -0.039253 -1.002388
v -0.479127 -0.040484 -1.004754
v -0.494111 -0.058011 -1.001864
v -0.494177 -0.077052 -1.002240
v -0.493830 -0.043791 -1.001539
v -0.494201 -0.096231 -1.002375
v -0.493988 -0.110659 -1.002433
v -0.479309 -0.113280 -1.005785
v -0.489503 -0.115330 -1.003413
v -0.491953 -0.115407 -1.002880
v -0.192097 -0.049069 -0.237796
v -0.200991 -0.009956 -0.202070
v -0.127508 -0.013059 -0.210970
v -0.211059 0.033473 -0.155693
v -0.144086 0.028314 -0.163772
v -0.197781 -0.055727 -0.252608
v -0.210259 -0.049075 -0.265982
v -0.230023 -0.049826 -0.327860
v -0.221748 -0.048255 -0.297396
v -0.241034 -0.050356 -0.372993
v -0.232859 -0.050346 -0.338387
v -0.265327 -0.050394 -0.475697
v -0.289617 -0.050351 -0.578406
v -0.303947 -0.050107 -0.647997
v -0.297781 -0.050118 -0.613027
v -0.322242 -0.050731 -0.751749
v -0.340538 -0.051682 -0.855516
v -0.352480 -0.053325 -0.924252
v -0.346712 -0.052653 -0.890528
v -0.369561 -0.053377 -1.024159
v -0.389032 -0.052289 -1.136602
v -0.401967 -0.049536 -1.207937
v -0.360544 -0.052510 -1.214494
v -0.369154 -0.052309 -1.254263
v -0.409249 -0.050727 -1.246203
v -0.371835 -0.074550 -1.268706
v -0.411848 -0.075734 -1.259932
v -0.411760 -0.061465 -1.259436
v -0.371902 -0.061697 -1.268118
v -0.449448 -0.076088 -1.251710
v -0.449371 -0.060682 -1.251277
v -0.452540 -0.047214 -1.242216
v -0.409249 -0.050727 -1.246203
v -0.369154 -0.052309 -1.254263
v -0.369327 -0.090206 -1.255243
v -0.409419 -0.094526 -1.247166
v -0.411858 -0.087517 -1.259987
v -0.372001 -0.084741 -1.268678
v -0.452715 -0.100560 -1.243209
v -0.449467 -0.089720 -1.251818
v -0.369327 -0.090206 -1.255243
v -0.360741 -0.088882 -1.215612
v -0.402161 -0.094472 -1.209038
v -0.409419 -0.094526 -1.247166
v -0.389226 -0.091742 -1.137703
v -0.352674 -0.090739 -0.925354
v -0.369756 -0.090721 -1.025260
v -0.340733 -0.091730 -0.856617
v -0.346906 -0.091127 -0.891629
v -0.304141 -0.092860 -0.649098
v -0.322436 -0.092392 -0.752851
v -0.289811 -0.092796 -0.579507
v -0.297975 -0.092878 -0.614128
v -0.241228 -0.093182 -0.374094
v -0.265521 -0.092964 -0.476798
v -0.230218 -0.093674 -0.328961
v -0.233053 -0.093253 -0.339488
v -0.210453 -0.094693 -0.267083
v -0.221943 -0.094941 -0.298497
v -0.192267 -0.104207 -0.238759
v -0.197975 -0.090573 -0.253709
v -0.147931 -0.207374 -0.167499
v -0.213622 -0.214012 -0.158663
v -0.201088 -0.157227 -0.202620
v -0.127605 -0.151185 -0.211519
v -0.194740 -0.252273 0.033833
v -0.211745 -0.247106 0.036831
v -0.218313 -0.247387 -0.023551
v -0.200029 -0.252844 -0.036647
v -0.219804 -0.245557 -0.078268
v -0.174500 -0.250690 -0.099430
v -0.119871 0.045311 0.020631
v -0.127970 0.045311 -0.025302
v -0.192335 0.060775 -0.015010
v -0.184055 0.060775 0.031948
v -0.136076 0.044830 -0.071273
v -0.200615 0.058851 -0.061969
v -0.523635 -0.113608 -1.254111
v -0.533829 -0.115031 -1.251738
v -0.534446 -0.115006 -1.254729
v -0.524252 -0.113587 -1.257102
v -0.536278 -0.115088 -1.251205
v -0.536895 -0.115061 -1.254196
v -0.538299 -0.110344 -1.250691
v -0.538475 -0.095978 -1.250429
v -0.539092 -0.095950 -1.253420
v -0.538917 -0.110316 -1.253682
v -0.538425 -0.076935 -1.250158
v -0.539041 -0.076908 -1.253149
v -0.538927 -0.076902 -1.253654
v -0.538978 -0.095941 -1.253925
v -0.538814 -0.106583 -1.254002
v -0.538380 -0.058130 -1.249919
v -0.538997 -0.058104 -1.252910
v -0.538134 -0.044124 -1.249798
v -0.538750 -0.044098 -1.252789
v -0.538666 -0.047730 -1.253208
v -0.538882 -0.058101 -1.253415
v -0.536704 -0.039492 -1.253175
v -0.534253 -0.039571 -1.253706
v -0.536088 -0.039521 -1.250184
v -0.533637 -0.039603 -1.250715
v -0.523441 -0.040158 -1.253080
v -0.524057 -0.040122 -1.256071
v -0.465819 -0.047740 -1.266799
v -0.465727 -0.060196 -1.267253
v -0.466343 -0.060158 -1.270243
v -0.466434 -0.047696 -1.269790
v -0.465803 -0.076027 -1.267665
v -0.466420 -0.075996 -1.270656
v -0.475377 -0.043024 -1.267553
v -0.466912 -0.043523 -1.269542
v -0.474761 -0.043069 -1.264562
v -0.466297 -0.043569 -1.266551
v -0.465819 -0.047740 -1.266799
v -0.466434 -0.047696 -1.269790
v -0.465803 -0.076027 -1.267665
v -0.465829 -0.090319 -1.267790
v -0.466446 -0.090296 -1.270781
v -0.466420 -0.075996 -1.270656
v -0.465997 -0.100482 -1.267740
v -0.466615 -0.100465 -1.270731
v -0.465997 -0.100482 -1.267740
v -0.466501 -0.103922 -1.267626
v -0.467119 -0.103906 -1.270617
v -0.466615 -0.100465 -1.270731
v -0.474964 -0.105351 -1.265630
v -0.475582 -0.105334 -1.268620
v -0.347459 -0.089042 -1.291320
v -0.345563 -0.079710 -1.291887
v -0.345905 -0.079707 -1.293832
v -0.347801 -0.089087 -1.293267
v -0.344164 -0.067815 -1.292136
v -0.344506 -0.067748 -1.294079
v 0.043641 -0.062113 -1.360516
v 0.043644 -0.070026 -1.360514
v 0.043302 -0.070023 -1.362460
v 0.043298 -0.062046 -1.362459
v -0.005149 -0.077796 -1.351678
v -0.005491 -0.077842 -1.353625
v -0.043375 -0.077398 -1.347269
v -0.005245 -0.071231 -1.354256
v -0.005074 -0.062745 -1.354286
v -0.298657 -0.090429 -1.301855
v -0.347991 -0.092203 -1.293156
v -0.298315 -0.090368 -1.299907
v -0.347648 -0.092141 -1.291209
v -0.347459 -0.089042 -1.291320
v -0.347801 -0.089087 -1.293267
v -0.344164 -0.067815 -1.292136
v -0.345465 -0.057024 -1.291293
v -0.345807 -0.056892 -1.293234
v -0.344506 -0.067748 -1.294079
v -0.347287 -0.049344 -1.290281
v -0.347630 -0.049164 -1.292220
v -0.347287 -0.049344 -1.290281
v -0.347452 -0.046784 -1.290021
v -0.347795 -0.046589 -1.291960
v -0.347630 -0.049164 -1.292220
v -0.298119 -0.046784 -1.298720
v -0.298462 -0.046589 -1.300659
v -0.004978 -0.048688 -1.350639
v 0.043742 -0.054399 -1.359921
v 0.043400 -0.054268 -1.361861
v -0.005320 -0.048508 -1.352578
v -0.005147 -0.054572 -1.353657
v -0.043223 -0.050126 -1.346337
v -0.520475 -0.113713 -1.238636
v -0.530669 -0.115148 -1.236264
v -0.532245 -0.115090 -1.243985
v -0.522051 -0.113661 -1.246358
v -0.533119 -0.115216 -1.235731
v -0.534695 -0.115152 -1.243452
v -0.536278 -0.115088 -1.251205
v -0.533829 -0.115031 -1.251738
v -0.523635 -0.113608 -1.254111
v -0.535141 -0.110480 -1.235217
v -0.535318 -0.096111 -1.234954
v -0.536893 -0.096045 -1.242676
v -0.536717 -0.110413 -1.242938
v -0.535269 -0.077064 -1.234683
v -0.536844 -0.077000 -1.242405
v -0.535227 -0.058256 -1.234443
v -0.536800 -0.058193 -1.242166
v -0.534982 -0.044247 -1.234322
v -0.536554 -0.044186 -1.242045
v -0.536088 -0.039521 -1.250184
v -0.534509 -0.039589 -1.242430
v -0.532058 -0.039679 -1.242962
v -0.533637 -0.039603 -1.250715
v -0.532936 -0.039656 -1.234708
v -0.530486 -0.039754 -1.235239
v -0.520290 -0.040329 -1.237605
v -0.521862 -0.040244 -1.245327
v -0.523441 -0.040158 -1.253080
v -0.474761 -0.043069 -1.264562
v -0.473183 -0.043175 -1.256808
v -0.464719 -0.043679 -1.258798
v -0.466297 -0.043569 -1.266551
v -0.471612 -0.043281 -1.249086
v -0.463147 -0.043788 -1.251076
v -0.462668 -0.047949 -1.251325
v -0.464240 -0.047845 -1.259046
v -0.465819 -0.047740 -1.266799
v -0.462668 -0.047949 -1.251325
v -0.462575 -0.060378 -1.251778
v -0.464147 -0.060287 -1.259499
v -0.464240 -0.047845 -1.259046
v -0.462648 -0.076172 -1.252190
v -0.464222 -0.076100 -1.259912
v -0.462648 -0.076172 -1.252190
v -0.462671 -0.090428 -1.252315
v -0.464247 -0.090374 -1.260037
v -0.464222 -0.076100 -1.259912
v -0.462837 -0.100563 -1.252265
v -0.464414 -0.100523 -1.259987
v -0.462837 -0.100563 -1.252265
v -0.463340 -0.103994 -1.252151
v -0.464917 -0.103958 -1.259873
v -0.464414 -0.100523 -1.259987
v -0.471803 -0.105427 -1.250155
v -0.473380 -0.105389 -1.257877
v -0.474964 -0.105351 -1.265630
v -0.466501 -0.103922 -1.267626
v -0.465997 -0.100482 -1.267740
v -0.344898 -0.088538 -1.278727
v -0.343850 -0.079758 -1.281380
v -0.344697 -0.079718 -1.286971
v -0.346594 -0.088927 -1.286400
v -0.342460 -0.068204 -1.281640
v -0.343298 -0.067985 -1.287226
v -0.342460 -0.068204 -1.281640
v -0.343751 -0.057722 -1.280811
v -0.344599 -0.057356 -1.286389
v -0.343298 -0.067985 -1.287226
v -0.344725 -0.050668 -1.277730
v -0.346421 -0.049798 -1.285381
v -0.344725 -0.050668 -1.277730
v -0.342383 -0.049399 -1.271238
v -0.346586 -0.047279 -1.285124
v -0.346421 -0.049798 -1.285381
v -0.292854 -0.049445 -1.279703
v -0.297253 -0.047279 -1.293822
v -0.298119 -0.046784 -1.298720
v -0.347452 -0.046784 -1.290021
v -0.347287 -0.049344 -1.290281
v 0.044608 -0.054732 -1.355017
v -0.004112 -0.049142 -1.345740
v 0.044506 -0.062283 -1.355607
v 0.043641 -0.062113 -1.360516
v 0.043742 -0.054399 -1.359921
v -0.004978 -0.048688 -1.350639
v 0.044510 -0.070034 -1.355599
v 0.044506 -0.062283 -1.355607
v -0.004284 -0.077682 -1.346758
v -0.005149 -0.077796 -1.351678
v 0.043644 -0.070026 -1.360514
v 0.043641 -0.062113 -1.360516
v -0.298315 -0.090368 -1.299907
v -0.297450 -0.090213 -1.294986
v -0.346783 -0.091986 -1.286287
v -0.347648 -0.092141 -1.291209
v -0.346594 -0.088927 -1.286400
v -0.347459 -0.089042 -1.291320
v -0.326170 -0.077795 -1.176115
v -0.326215 -0.073509 -1.176374
v -0.329551 -0.081767 -1.187614
v -0.339975 -0.086648 -1.223707
v -0.350117 -0.088226 -1.260135
v -0.352651 -0.082288 -1.272644
v -0.350117 -0.088226 -1.260135
v -0.351991 -0.071946 -1.272778
v -0.344664 -0.069407 -1.274861
v -0.345830 -0.080536 -1.274638
v -0.343718 -0.087682 -1.263882
v -0.352551 -0.060313 -1.272081
v -0.349943 -0.052736 -1.259151
v -0.343545 -0.052500 -1.262898
v -0.345731 -0.058627 -1.274074
v -0.339777 -0.054560 -1.222587
v -0.349943 -0.052736 -1.259151
v -0.329379 -0.061103 -1.186640
v -0.332621 -0.055331 -1.231955
v -0.343545 -0.052500 -1.262898
v -0.326071 -0.067682 -1.175559
v -0.326215 -0.073509 -1.176374
v -0.343562 -0.079862 -1.277409
v -0.342201 -0.068419 -1.277666
v -0.342064 -0.087670 -1.268522
v -0.343718 -0.087682 -1.263882
v -0.345830 -0.080536 -1.274638
v -0.344664 -0.069407 -1.274861
v -0.343463 -0.057954 -1.276845
v -0.341891 -0.052095 -1.267537
v -0.342201 -0.068419 -1.277666
v -0.344664 -0.069407 -1.274861
v -0.345731 -0.058627 -1.274074
v -0.343545 -0.052500 -1.262898
v -0.281913 -0.054653 -1.250101
v -0.332029 -0.054469 -1.242334
v -0.341891 -0.052095 -1.267537
v -0.530072 -0.115172 -1.233367
v -0.519878 -0.113733 -1.235739
v -0.532522 -0.115242 -1.232834
v -0.534721 -0.096138 -1.232057
v -0.534544 -0.110507 -1.232319
v -0.534673 -0.077090 -1.231786
v -0.534631 -0.058281 -1.231546
v -0.534386 -0.044272 -1.231425
v -0.532341 -0.039683 -1.231811
v -0.529891 -0.039784 -1.232342
v -0.519695 -0.040363 -1.234708
v -0.471017 -0.043323 -1.246189
v -0.462552 -0.043831 -1.248179
v -0.462073 -0.047991 -1.248427
v -0.452540 -0.047214 -1.242216
v -0.449371 -0.060682 -1.251277
v -0.461979 -0.060415 -1.248880
v -0.462073 -0.047991 -1.248427
v -0.449448 -0.076088 -1.251710
v -0.462052 -0.076201 -1.249293
v -0.449448 -0.076088 -1.251710
v -0.449467 -0.089720 -1.251818
v -0.462074 -0.090450 -1.249418
v -0.462052 -0.076201 -1.249293
v -0.452715 -0.100560 -1.243209
v -0.462240 -0.100580 -1.249368
v -0.462743 -0.104009 -1.249254
v -0.462240 -0.100580 -1.249368
v -0.471206 -0.105443 -1.247258
v -0.304733 0.000405 -0.183541
v -0.300417 0.044309 -0.142302
v -0.308180 -0.037056 -0.214268
v -0.276496 0.084595 -0.001052
v -0.268065 0.084595 0.046762
v -0.284927 0.080748 -0.048866
v -0.276346 -0.230787 -0.000197
v -0.284626 -0.230674 -0.047156
v -0.268065 -0.230844 0.046762
v -0.304524 -0.174327 -0.182356
v -0.308267 -0.131982 -0.214760
v -0.299950 -0.216445 -0.139654
v -0.312820 -0.117190 -0.229406
v -0.318350 -0.115759 -0.244006
v -0.325024 -0.113500 -0.276269
v -0.330484 -0.111496 -0.307230
v -0.332369 -0.110833 -0.317923
v -0.338534 -0.110813 -0.352884
v -0.356830 -0.110737 -0.456645
v -0.375126 -0.110769 -0.560411
v -0.381293 -0.111070 -0.595385
v -0.387459 -0.111116 -0.630354
v -0.405754 -0.110383 -0.734107
v -0.424051 -0.109228 -0.837874
v -0.430224 -0.108007 -0.872885
v -0.436395 -0.107208 -0.907883
v -0.454685 -0.107320 -1.011607
v -0.474960 -0.107958 -1.126596
v -0.487090 -0.108739 -1.195386
v -0.493159 -0.109377 -1.229775
v -0.495253 -0.109587 -1.241561
v -0.495850 -0.109569 -1.244458
v -0.497427 -0.109525 -1.252180
v -0.499011 -0.109481 -1.259933
v -0.499629 -0.109462 -1.262924
v -0.499723 -0.105371 -1.263350
v -0.499011 -0.109481 -1.259933
v -0.499737 -0.093109 -1.263409
v -0.499699 -0.076450 -1.263215
v -0.499637 -0.059166 -1.262884
v -0.499547 -0.045972 -1.262432
v -0.498813 -0.041622 -1.258884
v -0.499428 -0.041582 -1.261875
v -0.495662 -0.041816 -1.243408
v -0.497234 -0.041720 -1.251130
v -0.498813 -0.041622 -1.258884
v -0.492973 -0.042095 -1.228725
v -0.495068 -0.041855 -1.240511
v -0.486904 -0.042795 -1.194336
v -0.474775 -0.043537 -1.125546
v -0.454499 -0.043906 -1.010557
v -0.436210 -0.043696 -0.906833
v -0.430039 -0.042703 -0.871835
v -0.423865 -0.041262 -0.836823
v -0.405568 -0.039708 -0.733057
v -0.387274 -0.038618 -0.629304
v -0.381108 -0.038569 -0.594335
v -0.374941 -0.038814 -0.559361
v -0.356645 -0.038606 -0.455595
v -0.338349 -0.038281 -0.351834
v -0.332184 -0.038177 -0.316873
v -0.330298 -0.037439 -0.306179
v -0.324839 -0.035210 -0.275218
v -0.318165 -0.035576 -0.242955
v -0.312635 -0.042620 -0.228356
v -0.130871 -0.073783 -1.261244
v -0.130696 -0.068304 -1.260250
v -0.133423 -0.078422 -1.269051
v -0.130823 -0.062333 -1.260971
v -0.133326 -0.056646 -1.268500
v -0.130696 -0.068304 -1.260250
v -0.140277 -0.052020 -1.287928
v -0.147440 -0.048787 -1.308557
v -0.150580 -0.047279 -1.319685
v -0.151446 -0.046784 -1.324582
v -0.151789 -0.046589 -1.326521
v -0.151538 -0.048805 -1.327151
v -0.151446 -0.046784 -1.324582
v -0.150625 -0.055546 -1.328123
v -0.150027 -0.064874 -1.328845
v -0.150722 -0.074853 -1.328723
v -0.151709 -0.082578 -1.328199
v -0.151642 -0.085081 -1.325770
v -0.151984 -0.085143 -1.327718
v -0.147626 -0.084061 -1.309624
v -0.150777 -0.084926 -1.320848
v -0.151642 -0.085081 -1.325770
v -0.140424 -0.081870 -1.288768
v -0.351315 -0.126081 -0.205283
v -0.345799 -0.166893 -0.174000
v -0.347194 -0.167103 -0.173725
v -0.352707 -0.126182 -0.204987
v -0.338497 -0.209710 -0.132588
v -0.339896 -0.210033 -0.132334
v -0.339928 -0.198748 -0.129702
v -0.345336 -0.166642 -0.159388
v -0.356575 -0.123046 -0.235110
v -0.353911 -0.117823 -0.220005
v -0.355301 -0.117898 -0.219702
v -0.357965 -0.123130 -0.234807
v -0.369142 -0.120376 -0.298200
v -0.363683 -0.122756 -0.267239
v -0.367752 -0.120299 -0.298502
v -0.362293 -0.122673 -0.267541
v -0.377193 -0.119585 -0.343854
v -0.371028 -0.119589 -0.308894
v -0.375803 -0.119511 -0.344157
v -0.369638 -0.119513 -0.309196
v -0.412395 -0.119594 -0.551684
v -0.394098 -0.119485 -0.447918
v -0.395489 -0.119555 -0.447616
v -0.413785 -0.119659 -0.551381
v -0.426118 -0.120131 -0.621324
v -0.419952 -0.120060 -0.586355
v -0.424728 -0.120068 -0.621627
v -0.418562 -0.119996 -0.586657
v -0.461319 -0.117776 -0.829146
v -0.443022 -0.119189 -0.725379
v -0.444412 -0.119247 -0.725077
v -0.462709 -0.117828 -0.828844
v -0.475054 -0.115291 -0.898853
v -0.468883 -0.116296 -0.863855
v -0.473664 -0.115244 -0.899155
v -0.467493 -0.116248 -0.864158
v -0.512229 -0.115853 -1.117868
v -0.491953 -0.115407 -1.002880
v -0.493343 -0.115451 -1.002578
v -0.513619 -0.115894 -1.117566
v -0.525748 -0.115740 -1.186356
v -0.524358 -0.115700 -1.186659
v -0.531818 -0.115399 -1.220745
v -0.530427 -0.115359 -1.221047
v -0.533119 -0.115216 -1.235731
v -0.532522 -0.115242 -1.232834
v -0.533912 -0.115281 -1.232531
v -0.534509 -0.115254 -1.235429
v -0.534695 -0.115152 -1.243452
v -0.536085 -0.115187 -1.243150
v -0.537668 -0.115120 -1.250903
v -0.538285 -0.115092 -1.253894
v -0.538373 -0.110298 -1.254280
v -0.538367 -0.095931 -1.254219
v -0.538316 -0.076900 -1.253950
v -0.538271 -0.058109 -1.253709
v -0.538205 -0.044109 -1.253388
v -0.537478 -0.039474 -1.249883
v -0.538094 -0.039448 -1.252874
v -0.534326 -0.039601 -1.234406
v -0.535899 -0.039538 -1.242129
v -0.532936 -0.039656 -1.234708
v -0.534509 -0.039589 -1.242430
v -0.531637 -0.039546 -1.219723
v -0.533731 -0.039626 -1.231509
v -0.530247 -0.039604 -1.220024
v -0.532341 -0.039683 -1.231811
v -0.525568 -0.039293 -1.185333
v -0.513439 -0.039069 -1.116544
v -0.512048 -0.039129 -1.116845
v -0.524178 -0.039351 -1.185635
v -0.474874 -0.038772 -0.897830
v -0.493163 -0.039077 -1.001555
v -0.473483 -0.038840 -0.898132
v -0.491773 -0.039141 -1.001857
v -0.462529 -0.035922 -0.827821
v -0.468703 -0.037610 -0.862833
v -0.461139 -0.035998 -0.828123
v -0.467312 -0.037681 -0.863134
v -0.425938 -0.032691 -0.620302
v -0.444232 -0.034040 -0.724054
v -0.424548 -0.032783 -0.620603
v -0.442842 -0.034124 -0.724356
v -0.413605 -0.032850 -0.550359
v -0.419772 -0.032606 -0.585332
v -0.412215 -0.032944 -0.550660
v -0.418381 -0.032699 -0.585634
v -0.377012 -0.031995 -0.342832
v -0.395308 -0.032489 -0.446593
v -0.375622 -0.032102 -0.343133
v -0.393918 -0.032590 -0.446895
v -0.368962 -0.031249 -0.297177
v -0.370848 -0.031834 -0.307871
v -0.367572 -0.031361 -0.297479
v -0.369458 -0.031944 -0.308172
v -0.357784 -0.029715 -0.233785
v -0.363503 -0.029479 -0.266216
v -0.356394 -0.029837 -0.234086
v -0.362113 -0.029599 -0.266518
v -0.352700 -0.028004 -0.204947
v -0.355121 -0.035147 -0.218680
v -0.351308 -0.028146 -0.205242
v -0.353731 -0.035256 -0.218981
v -0.339455 0.052396 -0.138017
v -0.346312 0.009200 -0.176908
v -0.347707 0.009485 -0.176634
v -0.340853 0.052829 -0.137764
v -0.345817 0.011025 -0.162115
v -0.340711 0.044623 -0.134144
v -0.307103 0.092929 0.053645
v -0.315684 0.092929 0.004976
v -0.305703 0.092447 0.053398
v -0.314284 0.092447 0.004730
v -0.322866 0.088600 -0.043939
v -0.324266 0.089082 -0.043692
v -0.322263 -0.223991 -0.040519
v -0.313983 -0.223996 0.006440
v -0.315383 -0.224348 0.006686
v -0.323663 -0.224346 -0.040272
v -0.305703 -0.223998 0.053398
v -0.307103 -0.224349 0.053645
v 0.389915 -0.154166 -0.177824
v 0.388455 -0.119723 -0.209016
v 0.532672 -0.111415 -0.208447
v 0.534241 -0.138153 -0.184240
v 0.391722 -0.088953 -0.230345
v 0.535247 -0.086688 -0.225801
v 0.535742 -0.077496 -0.233648
v 0.535481 -0.075981 -0.235128
v 0.392365 -0.077565 -0.239987
v 0.392044 -0.075756 -0.241804
v 0.392044 -0.075756 -0.241804
v 0.392423 -0.073725 -0.239657
v 0.535789 -0.074284 -0.233379
v 0.535481 -0.075981 -0.235128
v 0.391810 -0.063940 -0.229849
v 0.535318 -0.066307 -0.225397
v 0.532719 -0.045950 -0.208178
v 0.530961 -0.026039 -0.186190
v 0.388513 -0.038868 -0.208685
v 0.386252 -0.014332 -0.181646
v 0.393612 -0.006153 -0.126620
v 0.398464 -0.006153 -0.099101
v 0.540926 -0.019402 -0.119022
v 0.536969 -0.019402 -0.141462
v 0.403310 -0.006153 -0.071620
v 0.544883 -0.019402 -0.096583
v 0.574770 -0.162805 -0.114599
v 0.561889 -0.160472 -0.130270
v 0.581592 -0.162781 -0.103056
v 0.488368 -0.186886 -0.086618
v 0.481753 -0.186982 -0.094123
v 0.427481 -0.190963 -0.100192
v 0.069170 -0.185977 -0.168071
v 0.074806 -0.137961 -0.210782
v 0.226638 -0.129045 -0.209654
v 0.226115 -0.170718 -0.171783
v 0.081797 -0.093924 -0.241227
v 0.230682 -0.091494 -0.235443
v 0.231491 -0.077641 -0.247100
v 0.231104 -0.075504 -0.249296
v 0.083499 -0.077715 -0.254940
v 0.083048 -0.075263 -0.257497
v 0.083048 -0.075263 -0.257497
v 0.083581 -0.072498 -0.254474
v 0.231561 -0.073098 -0.246701
v 0.231104 -0.075504 -0.249296
v 0.081921 -0.058791 -0.240528
v 0.230788 -0.061304 -0.234844
v 0.226709 -0.031002 -0.209254
v 0.223890 -0.001336 -0.176513
v 0.074888 -0.023511 -0.210316
v 0.069329 0.011038 -0.171749
v 0.078967 0.022555 -0.093727
v 0.085767 0.022555 -0.055162
v 0.238642 0.008553 -0.076610
v 0.232797 0.008553 -0.109758
v 0.092528 0.022555 -0.016820
v 0.244461 0.008553 -0.043610
v 0.356710 -0.105196 -0.077214
v 0.400304 -0.088885 -0.078262
v 0.262254 -0.090494 -0.056054
v 0.250516 -0.116501 -0.064449
v 0.420160 -0.078384 -0.074591
v 0.322384 -0.075753 -0.057350
v 0.260512 -0.081192 -0.046441
v 0.221964 -0.080530 -0.039643
v 0.067779 -0.095646 -0.012457
v 0.076885 -0.109730 -0.035124
v 0.074938 -0.133996 -0.051441
v -0.039457 -0.145052 -0.212821
v -0.054589 -0.198112 -0.168639
v -0.025262 -0.095857 -0.247825
v -0.021230 -0.077773 -0.263459
v -0.021732 -0.075071 -0.266305
v -0.021139 -0.072021 -0.262942
v -0.021732 -0.075071 -0.266305
v -0.025125 -0.056792 -0.247048
v -0.039366 -0.017554 -0.212304
v -0.051976 0.020879 -0.168313
v -0.035853 0.033689 -0.038373
v -0.043436 0.033689 -0.081379
v -0.028296 0.033689 0.004484
v -0.138204 -0.150077 -0.059481
v -0.067459 -0.147612 -0.060930
v -0.069635 -0.123833 -0.029561
v -0.164914 -0.136722 -0.031148
v -0.067521 -0.108314 0.011401
v -0.161873 -0.123002 0.028037
v 0.403456 -0.176571 -0.138594
v 0.235870 -0.196934 -0.123886
v 0.246938 -0.209677 -0.084197
v 0.076206 -0.226657 -0.076757
v 0.071535 -0.214122 -0.117560
v 0.698918 -0.129065 -0.173266
v 0.546180 -0.153380 -0.155832
v 0.896550 -0.105331 -0.188562
v 1.061555 -0.087205 -0.199535
v 1.116414 -0.079715 -0.204001
v 1.116246 -0.078005 -0.204956
v 1.116168 -0.077220 -0.205394
v 1.116153 -0.076890 -0.205480
v 1.116171 -0.076546 -0.205379
v 1.116250 -0.075747 -0.204932
v 1.116153 -0.076890 -0.205480
v 1.116417 -0.074051 -0.203985
v 1.060558 -0.067444 -0.199355
v 0.690637 -0.033790 -0.174404
v 0.892558 -0.051914 -0.187858
v 0.388747 -0.006153 -0.154213
v 0.533013 -0.019402 -0.163901
v 0.072088 0.022555 -0.132738
v 0.226900 0.008553 -0.143203
v -0.144195 0.043387 -0.117318
v -0.051072 0.033689 -0.124682
v -0.208895 0.053080 -0.108928
v -0.246931 0.060405 -0.102221
v -0.260060 0.063002 -0.099906
v -0.268722 0.064669 -0.099040
v -0.293358 0.069204 -0.096679
v -0.318575 0.073939 -0.094217
v -0.331448 0.077056 -0.092608
v -0.328981 0.076207 -0.093043
v -0.332848 0.077538 -0.092361
v -0.334674 0.062126 -0.098919
v -0.331448 0.077056 -0.092608
v -0.338420 0.015292 -0.118899
v -0.342161 -0.035344 -0.140113
v -0.343970 -0.062163 -0.150376
v -0.344409 -0.076890 -0.152865
v -0.344038 -0.091251 -0.150759
v -0.342149 -0.116776 -0.140047
v -0.338035 -0.164997 -0.116717
v -0.333899 -0.209618 -0.094526
v -0.330543 -0.223986 -0.087478
v -0.331943 -0.224344 -0.087231
v -0.328076 -0.223355 -0.087913
v -0.317783 -0.224773 -0.089728
v -0.330543 -0.223986 -0.087478
v -0.268609 -0.236496 -0.098399
v -0.292906 -0.230560 -0.094115
v -0.249469 -0.238419 -0.105054
v -0.260060 -0.238360 -0.099906
v -0.219050 -0.238944 -0.120259
v -0.159479 -0.236534 -0.131678
v -0.061433 -0.227791 -0.125468
v -0.063560 -0.240161 -0.093491
v 0.391183 -0.123031 -0.083592
v 0.447007 -0.116170 -0.085889
v 0.446440 -0.096856 -0.085682
v 0.390634 -0.109769 -0.083268
v 0.453451 -0.114703 -0.080461
v 0.452870 -0.091355 -0.080359
v 0.074856 -0.154663 -0.057663
v 0.247240 -0.137749 -0.067722
v 0.246724 -0.126505 -0.067255
v 0.074409 -0.143420 -0.056877
v -0.161535 -0.175638 -0.076674
v -0.066293 -0.168115 -0.072799
v -0.066613 -0.156873 -0.071366
v -0.161787 -0.161594 -0.074902
v -0.192669 -0.172228 0.033467
v -0.196202 -0.174764 -0.032834
v -0.196557 -0.152315 -0.031665
v -0.193213 -0.144175 0.033563
v -0.190020 -0.237898 0.033000
v -0.194717 -0.238566 -0.039906
v -0.195487 -0.208222 -0.036375
v -0.191370 -0.207554 0.033238
v -0.160690 -0.236640 -0.087456
v -0.161141 -0.206295 -0.082075
v -0.065035 -0.228185 -0.081504
v -0.065692 -0.197840 -0.077159
v 0.076876 -0.214736 -0.062398
v 0.075838 -0.184389 -0.060033
v 0.249669 -0.197825 -0.070483
v 0.248426 -0.167476 -0.069102
v 0.393805 -0.183782 -0.085460
v 0.392465 -0.153432 -0.084523
v 0.449743 -0.178939 -0.087029
v 0.448347 -0.148589 -0.086455
v 0.456281 -0.178818 -0.080960
v 0.454839 -0.148467 -0.080706
v -0.194198 -0.251672 -0.041047
v -0.189321 -0.251004 0.032877
v -0.160267 -0.249746 -0.089169
v -0.160690 -0.236640 -0.087456
v -0.194717 -0.238566 -0.039906
v -0.190020 -0.237898 0.033000
v -0.064542 -0.241292 -0.082893
v 0.077493 -0.227844 -0.063171
v 0.076876 -0.214736 -0.062398
v -0.065035 -0.228185 -0.081504
v 0.250355 -0.210933 -0.070956
v 0.394524 -0.196891 -0.085800
v 0.393805 -0.183782 -0.085460
v 0.249669 -0.197825 -0.070483
v 0.450478 -0.192049 -0.087259
v 0.457028 -0.191928 -0.081092
v 0.456281 -0.178818 -0.080960
v 0.449743 -0.178939 -0.087029
v -0.062850 -0.076703 1.359755
v -0.073252 -0.076832 1.360951
v -0.073208 -0.098587 1.361216
v -0.062810 -0.097771 1.360000
v -0.075738 -0.076832 1.361277
v -0.075693 -0.098620 1.361546
v -0.075679 -0.115069 1.361602
v -0.073195 -0.115014 1.361266
v -0.062803 -0.113591 1.360020
v 1.067419 -0.078824 -0.167597
v 1.067808 -0.077246 -0.166414
v 0.913519 -0.077326 -0.101705
v 0.912246 -0.081283 -0.104831
v 1.067851 -0.076803 -0.166175
v 0.913631 -0.076541 -0.101066
v 0.728191 -0.076226 -0.023627
v 0.727995 -0.077422 -0.024738
v 0.725669 -0.084274 -0.030155
v 0.728191 -0.076226 -0.023627
v 0.913631 -0.076541 -0.101066
v 0.913498 -0.075678 -0.101821
v 0.727960 -0.074895 -0.024941
v 1.067851 -0.076803 -0.166175
v 1.067801 -0.076329 -0.166457
v 1.067408 -0.074846 -0.167662
v 0.912216 -0.072143 -0.105005
v 0.725616 -0.068883 -0.030458
v -0.062950 -0.039933 1.359114
v -0.073342 -0.039382 1.360368
v -0.073292 -0.055368 1.360703
v -0.062894 -0.055680 1.359483
v -0.075827 -0.039304 1.360705
v -0.075778 -0.055326 1.361033
v -0.259061 0.049339 0.241908
v -0.269482 0.051634 0.244391
v -0.262618 0.008698 0.283318
v -0.251397 0.006319 0.281183
v -0.271951 0.052396 0.244814
v -0.265094 0.009200 0.283705
v -0.260098 -0.028146 0.312039
v -0.257616 -0.028397 0.311688
v -0.245823 -0.030715 0.309996
v 1.066421 -0.071374 -0.170193
v 0.908880 -0.063345 -0.111654
v 1.023830 -0.065006 -0.159470
v 0.905181 -0.054772 -0.120362
v 0.712701 -0.038753 -0.057045
v 0.719474 -0.053643 -0.041961
v 0.714558 -0.121213 -0.057970
v 0.906184 -0.101877 -0.120509
v 0.908900 -0.091664 -0.111538
v 0.719510 -0.102577 -0.041759
v 1.024277 -0.090047 -0.159529
v 1.066429 -0.082702 -0.170149
v -0.245796 -0.127313 0.310150
v -0.257608 -0.125901 0.311730
v -0.263131 -0.166521 0.280411
v -0.251833 -0.168247 0.278706
v -0.260090 -0.126081 0.312079
v -0.265606 -0.166893 0.280797
v -0.272908 -0.209710 0.239385
v -0.270439 -0.209142 0.238962
v -0.259895 -0.210622 0.237175
v -0.068113 -0.118410 1.326252
v -0.078505 -0.120114 1.327509
v -0.084563 -0.118387 1.293118
v -0.074172 -0.116516 1.291861
v -0.080989 -0.120193 1.327846
v -0.087047 -0.118463 1.293455
v -0.099177 -0.116544 1.224665
v -0.096693 -0.116470 1.224328
v -0.086302 -0.114444 1.223071
v -0.101235 -0.111658 1.224977
v -0.089112 -0.113334 1.293733
v -0.089331 -0.097767 1.293754
v -0.101437 -0.096824 1.225101
v -0.083062 -0.114843 1.328071
v -0.083309 -0.098603 1.327938
v -0.083351 -0.077074 1.327701
v -0.089355 -0.077130 1.293621
v -0.101448 -0.077147 1.225036
v 0.452711 -0.062026 1.231683
v 0.502227 -0.060360 1.240256
v 0.502420 -0.068977 1.241351
v 0.452997 -0.070048 1.233307
v 0.503964 -0.060280 1.250106
v 0.504011 -0.068973 1.250370
v 0.455288 -0.077393 1.257955
v 0.454159 -0.076730 1.246560
v 0.415922 -0.075184 1.237749
v -0.089421 -0.056752 1.293243
v -0.101527 -0.057690 1.224590
v -0.083399 -0.055815 1.327427
v -0.083220 -0.039982 1.327177
v -0.089270 -0.041575 1.292838
v -0.101393 -0.043190 1.224082
v -0.081169 -0.034797 1.326823
v -0.078685 -0.034912 1.326484
v -0.084744 -0.036715 1.292093
v -0.087228 -0.036605 1.292432
v -0.068295 -0.035645 1.325220
v -0.074354 -0.037655 1.290829
v -0.086483 -0.039701 1.222039
v -0.096873 -0.038550 1.223303
v -0.099357 -0.038443 1.223642
v 0.415851 -0.050876 1.237347
v 0.454059 -0.046921 1.245996
v 0.502370 -0.051970 1.241068
v 0.452973 -0.054034 1.233168
v 0.455129 -0.045840 1.257065
v 0.503921 -0.051814 1.249871
v 0.503964 -0.060280 1.250106
v 0.502227 -0.060360 1.240256
v 0.452711 -0.062026 1.231683
v -0.254831 -0.123046 0.341907
v -0.252347 -0.122897 0.341569
v -0.246628 -0.122528 0.374001
v -0.249113 -0.122673 0.374338
v -0.241717 -0.121022 0.340270
v -0.236237 -0.120182 0.372744
v -0.230778 -0.117913 0.403704
v -0.241169 -0.120162 0.404962
v -0.243653 -0.120299 0.405299
v -0.256675 -0.117497 0.343435
v -0.251064 -0.117127 0.375257
v -0.250944 -0.100138 0.377205
v -0.256233 -0.100493 0.347210
v -0.245712 -0.114986 0.405611
v -0.245912 -0.098720 0.405739
v -0.245923 -0.076712 0.405676
v -0.250741 -0.077128 0.378356
v -0.255815 -0.077456 0.349580
v -0.251034 -0.053436 0.376694
v -0.256323 -0.053722 0.346699
v -0.246003 -0.054097 0.405228
v -0.245869 -0.036926 0.404717
v -0.251222 -0.035431 0.374363
v -0.256833 -0.035679 0.342541
v -0.243834 -0.031361 0.404275
v -0.241350 -0.031560 0.403937
v -0.246809 -0.029811 0.372976
v -0.249293 -0.029599 0.373314
v -0.230960 -0.033150 0.402673
v -0.236419 -0.031289 0.371712
v -0.241899 -0.031565 0.339238
v -0.252528 -0.030053 0.340545
v -0.255012 -0.029837 0.340883
v -0.050685 -0.057125 0.314093
v -0.053722 -0.056136 0.347423
v -0.035591 -0.064331 0.347546
v -0.031265 -0.065144 0.315925
v -0.053300 -0.056771 0.378629
v -0.036203 -0.064445 0.377005
v -0.036078 -0.071987 0.377716
v -0.035246 -0.072194 0.349503
v -0.030698 -0.072706 0.319135
v -0.030698 -0.072706 0.319135
v -0.035246 -0.072194 0.349503
v -0.035491 -0.079084 0.348109
v -0.031165 -0.079381 0.316489
v -0.036078 -0.071987 0.377716
v -0.036104 -0.078538 0.377568
v -0.053127 -0.085350 0.379609
v -0.053549 -0.086249 0.348403
v -0.050512 -0.086325 0.315073
v 0.163353 -0.080956 1.238091
v 0.114132 -0.081974 1.239805
v 0.114619 -0.077562 1.226514
v 0.163592 -0.076478 1.227103
v 0.109105 -0.081866 1.235406
v 0.109288 -0.077633 1.223850
v 0.109329 -0.073540 1.224083
v 0.114658 -0.073612 1.226735
v 0.163576 -0.071941 1.227017
v 0.162518 -0.090567 1.302827
v 0.113084 -0.092639 1.311829
v 0.112922 -0.088667 1.281108
v 0.162660 -0.086472 1.271195
v 0.113079 -0.090168 1.318592
v 0.112252 -0.089173 1.308033
v 0.109111 -0.089176 1.304239
v 0.108815 -0.087806 1.271557
v 0.116053 -0.088010 1.333443
v 0.115882 -0.090792 1.333506
v 0.118041 -0.080035 1.333475
v 0.117525 -0.080045 1.333447
v 0.165128 -0.088920 1.324823
v 0.167022 -0.078642 1.324838
v 0.168243 -0.065499 1.324622
v 0.119438 -0.066320 1.333228
v 0.118924 -0.066330 1.333200
v 0.163576 -0.071941 1.227017
v 0.114658 -0.073612 1.226735
v 0.114523 -0.068303 1.225967
v 0.163507 -0.066246 1.226624
v 0.109329 -0.073540 1.224083
v 0.109191 -0.068020 1.223300
v 0.108934 -0.060973 1.234440
v 0.113962 -0.061016 1.238842
v 0.163201 -0.059383 1.237233
v 0.117928 -0.053868 1.332878
v 0.117412 -0.053879 1.332851
v 0.166909 -0.053490 1.324242
v 0.164930 -0.044922 1.323779
v 0.115684 -0.045016 1.332462
v 0.115878 -0.047324 1.332516
v -0.255010 -0.117691 0.326464
v -0.243664 -0.117485 0.325039
v -0.257495 -0.117823 0.326801
v -0.263364 -0.117041 0.305957
v -0.259301 -0.112890 0.328540
v -0.258748 -0.097774 0.332944
v -0.262601 -0.094015 0.311095
v -0.258256 -0.077330 0.335732
v -0.262137 -0.077044 0.313723
v -0.258838 -0.056341 0.332433
v -0.262685 -0.059690 0.310616
v -0.259459 -0.040412 0.327645
v -0.263419 -0.036482 0.305642
v -0.255191 -0.035448 0.325440
v -0.257675 -0.035256 0.325778
v -0.243845 -0.037358 0.324007
v -0.015929 -0.058559 0.275976
v -0.040495 -0.061786 0.296944
v -0.019962 -0.067892 0.299245
v 0.009898 -0.070781 0.283162
v -0.019320 -0.073687 0.302885
v 0.010530 -0.074642 0.286743
v 0.010530 -0.074642 0.286743
v -0.019320 -0.073687 0.302885
v -0.019862 -0.078817 0.299809
v 0.009996 -0.078060 0.283714
v -0.040323 -0.084155 0.297924
v -0.015765 -0.092398 0.276909
v -0.186295 0.036541 0.224555
v -0.200436 0.037702 0.226982
v -0.187167 -0.007413 0.268469
v -0.169991 -0.008116 0.265706
v -0.209123 0.039458 0.229168
v -0.196680 -0.005391 0.270339
v -0.187708 -0.043338 0.301623
v -0.177608 -0.045478 0.300167
v -0.157664 -0.046410 0.297114
v -0.190792 -0.039543 0.333125
v -0.181909 -0.040923 0.332056
v -0.178798 -0.049625 0.315933
v -0.188429 -0.047841 0.317134
v -0.162779 -0.043004 0.329213
v -0.158638 -0.051184 0.312908
v -0.178115 -0.040442 0.364827
v -0.159954 -0.042439 0.362154
v -0.186749 -0.039089 0.365852
v -0.181290 -0.041688 0.396813
v -0.172656 -0.043161 0.395788
v -0.155199 -0.044870 0.393239
v -0.018625 -0.039460 1.319360
v -0.009991 -0.040115 1.318335
v -0.016050 -0.043612 1.283944
v -0.024684 -0.042736 1.284969
v -0.000558 -0.043143 1.321099
v -0.002887 -0.044544 1.280810
v -0.015045 -0.048329 1.211353
v -0.028179 -0.047160 1.215154
v -0.036814 -0.046062 1.216179
v -0.004252 -0.047057 1.352232
v -0.004632 -0.043339 1.352295
v -0.004542 -0.057620 1.352866
v -0.004052 -0.057635 1.352644
v -0.013269 -0.042839 1.353311
v -0.013183 -0.057335 1.353852
v -0.013119 -0.075928 1.354244
v -0.004473 -0.075794 1.353279
v -0.003983 -0.075791 1.353057
v -0.004455 -0.092220 1.353407
v -0.003965 -0.092188 1.353184
v -0.013097 -0.093039 1.354389
v -0.013118 -0.105317 1.354251
v -0.004481 -0.103885 1.353241
v -0.004117 -0.100827 1.353073
v -0.000383 -0.103709 1.322092
v -0.009802 -0.106868 1.319410
v -0.015860 -0.103781 1.285019
v -0.002696 -0.101780 1.281891
v -0.018437 -0.108570 1.320429
v -0.024496 -0.105660 1.286038
v -0.036625 -0.102642 1.217248
v -0.027990 -0.100600 1.216229
v -0.014854 -0.098424 1.212434
v -0.155008 -0.100514 0.394321
v -0.172466 -0.102875 0.396863
v -0.177925 -0.104522 0.365902
v -0.159763 -0.102063 0.363236
v -0.181102 -0.105091 0.397882
v -0.186561 -0.106830 0.366921
v -0.190604 -0.109912 0.334194
v -0.181719 -0.106288 0.333131
v -0.162589 -0.102133 0.330295
v -0.178608 -0.107190 0.317008
v -0.158447 -0.098206 0.313990
v -0.188240 -0.114520 0.318202
v -0.187562 -0.133100 0.302451
v -0.177442 -0.123854 0.301108
v -0.157497 -0.111729 0.298061
v -0.187072 -0.172904 0.269007
v -0.169896 -0.164145 0.266247
v -0.196661 -0.178100 0.270446
v -0.209222 -0.221804 0.228607
v -0.200412 -0.221890 0.227116
v -0.186626 -0.218645 0.225572
v -0.226939 0.078393 0.087929
v -0.213810 0.073872 0.085614
v -0.235451 0.080060 0.089650
v -0.227133 0.076212 0.136823
v -0.218659 0.074545 0.134888
v -0.205530 0.070505 0.132573
v -0.288540 0.088599 0.150736
v -0.286073 0.087750 0.150301
v -0.294654 0.091598 0.101632
v -0.297121 0.092447 0.102067
v -0.275855 0.085483 0.148059
v -0.284399 0.089331 0.099604
v -0.296572 -0.034459 0.118435
v -0.297819 0.022285 0.111363
v -0.285175 -0.035705 0.183072
v -0.287668 0.019856 0.168929
v -0.289805 0.071924 0.155546
v -0.298779 0.075417 0.104653
v -0.295822 -0.076716 0.122686
v -0.295969 -0.062806 0.121856
v -0.283676 -0.076803 0.191573
v -0.283968 -0.063341 0.189914
v -0.296576 -0.115190 0.118413
v -0.295946 -0.090145 0.121984
v -0.285182 -0.114698 0.183028
v -0.283923 -0.089841 0.190169
v -0.299037 -0.209357 0.103188
v -0.297947 -0.163950 0.110636
v -0.290321 -0.209274 0.152617
v -0.287925 -0.163616 0.167475
v -0.284663 -0.224850 0.098107
v -0.294956 -0.223375 0.099922
v -0.276383 -0.224811 0.145066
v -0.286676 -0.223365 0.146881
v -0.289143 -0.223991 0.147316
v -0.297423 -0.223996 0.100357
v -0.208644 -0.240233 0.138043
v -0.218659 -0.238572 0.134888
v -0.226939 -0.238785 0.087929
v -0.219183 -0.240850 0.089842
v -0.227209 -0.236683 0.136395
v -0.235489 -0.236870 0.089437
v 1.056172 -0.088429 -0.183287
v 0.871043 -0.110228 -0.146102
v 1.063410 -0.087520 -0.180239
v 0.899003 -0.106592 -0.139543
v 0.717848 -0.131228 -0.096356
v 0.714981 -0.132794 -0.112299
v 1.117985 -0.078005 -0.195094
v 1.117929 -0.079715 -0.195412
v 1.118419 -0.078005 -0.192629
v 1.118307 -0.079715 -0.193265
v 1.118015 -0.076890 -0.194919
v 1.118010 -0.077220 -0.194948
v 1.118481 -0.076890 -0.192279
v 1.118471 -0.077220 -0.192336
v 1.117983 -0.075747 -0.195102
v 1.118010 -0.076546 -0.194953
v 1.118416 -0.075747 -0.192644
v 1.118469 -0.076546 -0.192347
v 1.118481 -0.076890 -0.192279
v 1.118015 -0.076890 -0.194919
v 1.063258 -0.067444 -0.184038
v 1.117928 -0.074051 -0.195418
v 1.063934 -0.067444 -0.180209
v 1.118305 -0.074051 -0.193276
v 0.705492 -0.033790 -0.090156
v 0.901100 -0.051914 -0.139413
v 0.899392 -0.051914 -0.149102
v 0.702521 -0.033790 -0.107005
v -0.034165 -0.071930 0.423179
v -0.027858 -0.071969 0.529093
v -0.027813 -0.078241 0.529345
v -0.034119 -0.078328 0.423444
v -0.021540 -0.071995 0.635009
v -0.021498 -0.078160 0.635249
v -0.034682 -0.084559 0.637210
v -0.042492 -0.084755 0.531589
v -0.050294 -0.084977 0.425971
v -0.050466 -0.056963 0.424991
v -0.042665 -0.056920 0.530609
v -0.027912 -0.064487 0.528781
v -0.034218 -0.064481 0.422880
v -0.034855 -0.056816 0.636231
v -0.021598 -0.064455 0.634685
v -0.021540 -0.071995 0.635009
v -0.027858 -0.071969 0.529093
v -0.034165 -0.071930 0.423179
v -0.136647 -0.042960 0.649995
v -0.128013 -0.044395 0.648969
v -0.146310 -0.044308 0.545204
v -0.154944 -0.042842 0.546229
v -0.114294 -0.045923 0.647080
v -0.131092 -0.045870 0.543050
v -0.147889 -0.045721 0.439025
v -0.164605 -0.044122 0.441442
v -0.173240 -0.042621 0.442468
v -0.199191 -0.032944 0.657457
v -0.196707 -0.033110 0.657119
v -0.215004 -0.032768 0.553353
v -0.217488 -0.032590 0.553691
v -0.186317 -0.034638 0.655854
v -0.204614 -0.034336 0.552089
v -0.222910 -0.033905 0.448327
v -0.233300 -0.032292 0.449592
v -0.235784 -0.032102 0.449930
v -0.238069 -0.076588 0.450223
v -0.219718 -0.076631 0.554295
v -0.219750 -0.054632 0.554112
v -0.238083 -0.054393 0.450144
v -0.201366 -0.076676 0.658371
v -0.201417 -0.054805 0.658085
v -0.201241 -0.038309 0.657817
v -0.219547 -0.037994 0.554000
v -0.237852 -0.037561 0.450187
v -0.237694 -0.114273 0.451081
v -0.219389 -0.114242 0.554895
v -0.219660 -0.098218 0.554623
v -0.237992 -0.098244 0.450655
v -0.201083 -0.114330 0.658712
v -0.201327 -0.098260 0.658596
v -0.186135 -0.117232 0.656886
v -0.196526 -0.119480 0.658143
v -0.214823 -0.119363 0.554378
v -0.204432 -0.117132 0.553120
v -0.199011 -0.119594 0.658480
v -0.217307 -0.119485 0.554715
v -0.235603 -0.119511 0.450953
v -0.233119 -0.119380 0.450616
v -0.222728 -0.117159 0.449359
v -0.114103 -0.099694 0.648162
v -0.127823 -0.102075 0.650044
v -0.146120 -0.102140 0.546279
v -0.130901 -0.099785 0.544132
v -0.136459 -0.104310 0.651063
v -0.154756 -0.104350 0.547298
v -0.173052 -0.104477 0.443536
v -0.164416 -0.102285 0.442517
v -0.147698 -0.099949 0.440106
v -0.150086 -0.117776 0.935943
v -0.147602 -0.117684 0.935606
v -0.141429 -0.116161 0.970617
v -0.143913 -0.116248 0.970954
v -0.137211 -0.115514 0.934349
v -0.131038 -0.114070 0.969360
v -0.124867 -0.113124 1.004358
v -0.135258 -0.115162 1.005615
v -0.137742 -0.115244 1.005952
v -0.053348 -0.097060 0.995388
v -0.066555 -0.099242 0.997516
v -0.072726 -0.099842 0.962519
v -0.059505 -0.097605 0.960724
v -0.075190 -0.101289 0.998535
v -0.081361 -0.101941 0.963537
v -0.087535 -0.102939 0.928526
v -0.078899 -0.100764 0.927507
v -0.065678 -0.098446 0.925713
v 0.023416 -0.072386 0.913331
v 0.029593 -0.072580 0.948365
v 0.029625 -0.077963 0.948546
v 0.023449 -0.078014 0.913519
v 0.035682 -0.072731 0.980875
v 0.035703 -0.077946 0.980996
v 0.023002 -0.083345 0.983024
v 0.016925 -0.083536 0.950331
v 0.010751 -0.083844 0.915315
v 0.010578 -0.057691 0.914335
v 0.016752 -0.058414 0.949351
v 0.029526 -0.065560 0.947982
v 0.023349 -0.065102 0.912955
v 0.022829 -0.058918 0.982044
v 0.035604 -0.065888 0.980432
v 0.035682 -0.072731 0.980875
v 0.029593 -0.072580 0.948365
v 0.023416 -0.072386 0.913331
v -0.065869 -0.047683 0.924631
v -0.079089 -0.046303 0.926432
v -0.072915 -0.047516 0.961443
v -0.059695 -0.048834 0.959642
v -0.087723 -0.045007 0.927457
v -0.081550 -0.046279 0.962469
v -0.075379 -0.047157 0.997466
v -0.066744 -0.048354 0.996441
v -0.053539 -0.049629 0.994307
v -0.137922 -0.038840 1.004929
v -0.135438 -0.038959 1.004590
v -0.141609 -0.037806 0.969593
v -0.144093 -0.037681 0.969931
v -0.125048 -0.040216 1.003326
v -0.131219 -0.039106 0.968328
v -0.137393 -0.037495 0.933317
v -0.147783 -0.036131 0.934581
v -0.150267 -0.035998 0.934920
v -0.152464 -0.076873 0.935710
v -0.146296 -0.076900 0.970691
v -0.146337 -0.057225 0.970456
v -0.152507 -0.056375 0.935465
v -0.140106 -0.076939 1.005795
v -0.140154 -0.057820 1.005525
v -0.139974 -0.043513 1.005281
v -0.146148 -0.042492 0.970266
v -0.152320 -0.041012 0.935259
v -0.152163 -0.112729 0.936154
v -0.145990 -0.111389 0.971160
v -0.146247 -0.096605 0.970967
v -0.152417 -0.097368 0.935976
v -0.139816 -0.110511 1.006176
v -0.140064 -0.096115 1.006036
v -0.190360 -0.119883 0.693117
v -0.192844 -0.119996 0.693454
v -0.179968 -0.117611 0.691860
v -0.173802 -0.117679 0.726829
v -0.184193 -0.119957 0.728086
v -0.186678 -0.120068 0.728424
v -0.102269 -0.099867 0.718193
v -0.115490 -0.102285 0.719987
v -0.121656 -0.102270 0.685018
v -0.108435 -0.099860 0.683224
v -0.124126 -0.104555 0.721006
v -0.130292 -0.104532 0.686037
v -0.019367 -0.071967 0.670700
v -0.019325 -0.078149 0.670935
v -0.013197 -0.071987 0.705689
v -0.013157 -0.078145 0.705918
v -0.025844 -0.084531 0.707776
v -0.032011 -0.084562 0.672803
v -0.032183 -0.056616 0.671823
v -0.019425 -0.064344 0.670372
v -0.026017 -0.056593 0.706796
v -0.013256 -0.064345 0.705355
v -0.013197 -0.071987 0.705689
v -0.019367 -0.071967 0.670700
v -0.121846 -0.044156 0.683943
v -0.108626 -0.045686 0.682142
v -0.130481 -0.042720 0.684968
v -0.124315 -0.042747 0.719938
v -0.115680 -0.044176 0.718913
v -0.102460 -0.045698 0.717111
v -0.186858 -0.032783 0.727400
v -0.184374 -0.032944 0.727062
v -0.190540 -0.032863 0.692092
v -0.193024 -0.032699 0.692431
v -0.173984 -0.034460 0.725797
v -0.180150 -0.034389 0.690828
v -0.195182 -0.076694 0.693448
v -0.195238 -0.054683 0.693127
v -0.189021 -0.076723 0.728384
v -0.189076 -0.054732 0.728075
v -0.188906 -0.038173 0.727772
v -0.195071 -0.038096 0.692808
v -0.194913 -0.114679 0.693703
v -0.195148 -0.098459 0.693638
v -0.188748 -0.114743 0.728667
v -0.188986 -0.098500 0.728586
v -0.170580 -0.102329 0.407557
v -0.153360 -0.100000 0.405057
v -0.179216 -0.104515 0.408575
v -0.239284 -0.119380 0.415655
v -0.241768 -0.119513 0.415993
v -0.228892 -0.117162 0.414398
v -0.243862 -0.114278 0.416103
v -0.244169 -0.098250 0.415624
v -0.244252 -0.076573 0.415158
v -0.244259 -0.054315 0.415113
v -0.244019 -0.037420 0.415209
v -0.239464 -0.032138 0.414631
v -0.241948 -0.031944 0.414969
v -0.229074 -0.033766 0.413366
v -0.170770 -0.044064 0.406482
v -0.153551 -0.045676 0.403975
v -0.179405 -0.042551 0.407507
v -0.053113 -0.056980 0.389408
v -0.036364 -0.064481 0.387202
v -0.036312 -0.071918 0.387497
v -0.036312 -0.071918 0.387497
v -0.036264 -0.078357 0.387766
v -0.052940 -0.085051 0.390388
v -0.097196 -0.101681 0.823740
v -0.083975 -0.099297 0.821946
v -0.105832 -0.103918 0.824759
v 0.005108 -0.072158 0.809503
v 0.005145 -0.078087 0.809711
v -0.007548 -0.084233 0.811538
v -0.007721 -0.057017 0.810558
v 0.005045 -0.064647 0.809148
v 0.005108 -0.072158 0.809503
v -0.097386 -0.045040 0.822665
v -0.106020 -0.043670 0.823690
v -0.084166 -0.046500 0.820864
v -0.166080 -0.034272 0.830814
v -0.168564 -0.034124 0.831153
v -0.155690 -0.035721 0.829550
v -0.170744 -0.076798 0.832040
v -0.170793 -0.055420 0.831763
v -0.170614 -0.039359 0.831509
v -0.170457 -0.113970 0.832403
v -0.170703 -0.098067 0.832274
v -0.165899 -0.119087 0.831839
v -0.155508 -0.116849 0.830582
v -0.168383 -0.119189 0.832176
v -0.048265 -0.099291 1.101241
v -0.035101 -0.097091 1.098113
v -0.056901 -0.101354 1.102259
v 0.053724 -0.072831 1.077130
v 0.053714 -0.077980 1.077073
v 0.076210 -0.072978 1.175916
v 0.076170 -0.077967 1.175691
v 0.069680 -0.083784 1.196723
v 0.041008 -0.083307 1.079835
v 0.040836 -0.058933 1.078856
v 0.053615 -0.065950 1.076509
v 0.069498 -0.057641 1.195692
v 0.076071 -0.066204 1.175129
v 0.076210 -0.072978 1.175916
v 0.053724 -0.072831 1.077130
v -0.048455 -0.048487 1.100166
v -0.057089 -0.047310 1.101191
v -0.035292 -0.049742 1.097031
v -0.117149 -0.039253 1.108315
v -0.119633 -0.039141 1.108653
v -0.106759 -0.040484 1.107051
v -0.121761 -0.077052 1.109836
v -0.121827 -0.058011 1.109460
v -0.121675 -0.043791 1.109058
v -0.121517 -0.110659 1.109953
v -0.121737 -0.096231 1.109971
v -0.116968 -0.115330 1.109339
v -0.106577 -0.113280 1.108082
v -0.119452 -0.115407 1.109677
v -0.047835 -0.013059 0.240877
v -0.119931 -0.009956 0.257647
v -0.099354 -0.049069 0.288176
v -0.079556 0.028314 0.202195
v -0.145253 0.033473 0.217510
v -0.106780 -0.049075 0.320874
v -0.099629 -0.055727 0.304038
v -0.106833 -0.048255 0.354323
v -0.104189 -0.049826 0.385780
v -0.103254 -0.050346 0.396642
v -0.099099 -0.050356 0.431957
v -0.074497 -0.050351 0.641598
v -0.086801 -0.050394 0.536776
v -0.070328 -0.050118 0.676924
v -0.064162 -0.050107 0.711894
v -0.027571 -0.051682 0.919413
v -0.045867 -0.050731 0.815646
v -0.021397 -0.052653 0.954424
v -0.015283 -0.053325 0.988088
v 0.022998 -0.051716 1.200133
v 0.002836 -0.053377 1.087812
v 0.035241 -0.047246 1.271590
v 0.041486 -0.047284 1.310039
v 0.081919 -0.048988 1.303900
v 0.076408 -0.050214 1.263584
v 0.084339 -0.074140 1.318389
v 0.084075 -0.059413 1.317859
v 0.043651 -0.059147 1.323333
v 0.043739 -0.075497 1.323829
v 0.081919 -0.048988 1.303900
v 0.041486 -0.047284 1.310039
v -0.000558 -0.043143 1.321099
v 0.005518 -0.058249 1.328530
v 0.005595 -0.075902 1.328963
v 0.082092 -0.091962 1.304880
v 0.084174 -0.085817 1.318419
v 0.043749 -0.088998 1.323884
v 0.041655 -0.096782 1.311002
v 0.005614 -0.091521 1.329070
v -0.000383 -0.103709 1.322092
v 0.082092 -0.091962 1.304880
v 0.041655 -0.096782 1.311002
v 0.035435 -0.095981 1.272691
v 0.076606 -0.090093 1.264703
v 0.023192 -0.092119 1.201234
v 0.003030 -0.090721 1.088913
v -0.015089 -0.090739 0.989190
v -0.021203 -0.091127 0.955526
v -0.027376 -0.091730 0.920514
v -0.045673 -0.092392 0.816748
v -0.063968 -0.092860 0.712995
v -0.070134 -0.092878 0.678025
v -0.074303 -0.092796 0.642699
v -0.086607 -0.092964 0.537877
v -0.098905 -0.093182 0.433058
v -0.103059 -0.093253 0.397743
v -0.103995 -0.093674 0.386881
v -0.106639 -0.094941 0.355424
v -0.106586 -0.094693 0.321975
v -0.099435 -0.090573 0.305140
v -0.099184 -0.104207 0.289139
v -0.081894 -0.207374 0.207013
v -0.047738 -0.151185 0.241426
v -0.119834 -0.157227 0.258197
v -0.146646 -0.214012 0.221178
v -0.175605 -0.252844 0.101871
v -0.197265 -0.247387 0.095818
v -0.130142 -0.250690 0.152136
v -0.179952 -0.245557 0.147745
v -0.175774 0.060775 0.078907
v -0.111771 0.045311 0.066565
v -0.167494 0.058851 0.125866
v -0.103665 0.044830 0.112535
v -0.063297 -0.118894 1.356592
v -0.062855 -0.118869 1.359614
v -0.073245 -0.120495 1.360871
v -0.073688 -0.120523 1.357849
v -0.075729 -0.120558 1.361208
v -0.076172 -0.120589 1.358186
v -0.078247 -0.115154 1.358394
v -0.077804 -0.115121 1.361416
v -0.078059 -0.098660 1.361230
v -0.078502 -0.098692 1.358208
v -0.077599 -0.110844 1.361681
v -0.077779 -0.098650 1.361665
v -0.077824 -0.076834 1.361394
v -0.078104 -0.076841 1.360958
v -0.078547 -0.076872 1.357937
v -0.078143 -0.055296 1.360718
v -0.078587 -0.055326 1.357697
v -0.077863 -0.055293 1.361153
v -0.077730 -0.043409 1.360885
v -0.077953 -0.039247 1.360520
v -0.078397 -0.039277 1.357499
v -0.073414 -0.034061 1.359844
v -0.075898 -0.033970 1.360183
v -0.063023 -0.034692 1.358579
v -0.063468 -0.034733 1.355558
v -0.073858 -0.034097 1.356823
v -0.076342 -0.034003 1.357161
v -0.004628 -0.043420 1.348741
v -0.004184 -0.043370 1.351762
v -0.003943 -0.057649 1.352157
v -0.004387 -0.057693 1.349136
v -0.003874 -0.075797 1.352571
v -0.004318 -0.075832 1.349549
v -0.004718 -0.038589 1.351693
v -0.013352 -0.038017 1.352718
v -0.005162 -0.038641 1.348672
v -0.013797 -0.038068 1.349697
v -0.003856 -0.092183 1.352697
v -0.004299 -0.092209 1.349676
v -0.004032 -0.103834 1.352708
v -0.004474 -0.103853 1.349686
v -0.004544 -0.107777 1.352773
v -0.004987 -0.107794 1.349751
v -0.013180 -0.109413 1.353792
v -0.013622 -0.109432 1.350770
v 0.114980 -0.090745 1.331301
v 0.115325 -0.090797 1.333248
v 0.117299 -0.080049 1.333131
v 0.116956 -0.080053 1.331186
v 0.118698 -0.066346 1.332884
v 0.118356 -0.066423 1.330941
v 0.506160 -0.059890 1.262561
v 0.506503 -0.059813 1.264504
v 0.506506 -0.068953 1.264503
v 0.506163 -0.068957 1.262558
v 0.458253 -0.060614 1.273367
v 0.458082 -0.070336 1.273398
v 0.419861 -0.077403 1.279874
v 0.457634 -0.077912 1.272890
v 0.457290 -0.077860 1.270943
v 0.115109 -0.094367 1.333209
v 0.164442 -0.092335 1.324511
v 0.114764 -0.094296 1.331262
v 0.164097 -0.092264 1.322563
v 0.117187 -0.053907 1.332535
v 0.116845 -0.054058 1.330594
v 0.115127 -0.045053 1.332206
v 0.114786 -0.045259 1.330266
v 0.114883 -0.042101 1.332018
v 0.114542 -0.042326 1.330079
v 0.164216 -0.042101 1.323319
v 0.163875 -0.042326 1.321380
v 0.457095 -0.044507 1.269908
v 0.457437 -0.044301 1.271847
v 0.506394 -0.050900 1.263907
v 0.506052 -0.051051 1.261967
v 0.419685 -0.046155 1.278946
v 0.457969 -0.051248 1.272801
v 0.506503 -0.059813 1.264504
v 0.506160 -0.059890 1.262561
v -0.065620 -0.119013 1.340970
v -0.064461 -0.118954 1.348765
v -0.074852 -0.120591 1.350022
v -0.076012 -0.120658 1.342227
v -0.063297 -0.118894 1.356592
v -0.073688 -0.120523 1.357849
v -0.076172 -0.120589 1.358186
v -0.077336 -0.120663 1.350359
v -0.078496 -0.120736 1.342564
v -0.080572 -0.115310 1.342773
v -0.079412 -0.115232 1.350568
v -0.079667 -0.098769 1.350382
v -0.080828 -0.098845 1.342587
v -0.079713 -0.076947 1.350110
v -0.080875 -0.077021 1.342315
v -0.079754 -0.055398 1.349870
v -0.080917 -0.055470 1.342076
v -0.079565 -0.039348 1.349673
v -0.080728 -0.039418 1.341878
v -0.076342 -0.034003 1.357161
v -0.073858 -0.034097 1.356823
v -0.075026 -0.034184 1.348997
v -0.077510 -0.034081 1.349335
v -0.063468 -0.034733 1.355558
v -0.064636 -0.034831 1.347732
v -0.065800 -0.034929 1.339938
v -0.076190 -0.034270 1.341202
v -0.078674 -0.034158 1.341541
v -0.013797 -0.038068 1.349697
v -0.005162 -0.038641 1.348672
v -0.006331 -0.038767 1.340846
v -0.014966 -0.038190 1.341872
v -0.004628 -0.043420 1.348741
v -0.005797 -0.043540 1.340916
v -0.006961 -0.043660 1.333122
v -0.007496 -0.038892 1.333053
v -0.016130 -0.038311 1.334078
v -0.006961 -0.043660 1.333122
v -0.005797 -0.043540 1.340916
v -0.005554 -0.057798 1.341310
v -0.006718 -0.057902 1.333516
v -0.005484 -0.075915 1.341723
v -0.006646 -0.075999 1.333929
v -0.005464 -0.092271 1.341849
v -0.006624 -0.092334 1.334054
v -0.005638 -0.103900 1.341859
v -0.006797 -0.103946 1.334064
v -0.006797 -0.103946 1.334064
v -0.005638 -0.103900 1.341859
v -0.006150 -0.107836 1.341924
v -0.007309 -0.107878 1.334129
v -0.004474 -0.103853 1.349686
v -0.004987 -0.107794 1.349751
v -0.013622 -0.109432 1.350770
v -0.014785 -0.109476 1.342943
v -0.015944 -0.109520 1.335147
v 0.113079 -0.090168 1.318592
v 0.114110 -0.090614 1.326382
v 0.116088 -0.080061 1.326271
v 0.114971 -0.080108 1.320727
v 0.117490 -0.066617 1.326032
v 0.116366 -0.066868 1.320496
v 0.115981 -0.054439 1.325690
v 0.114870 -0.054858 1.320158
v 0.113924 -0.045779 1.325366
v 0.112901 -0.046776 1.317597
v 0.112901 -0.046776 1.317597
v 0.113924 -0.045779 1.325366
v 0.113681 -0.042893 1.325180
v 0.112881 -0.045321 1.310694
v 0.114786 -0.045259 1.330266
v 0.114542 -0.042326 1.330079
v 0.163875 -0.042326 1.321380
v 0.163014 -0.042893 1.316482
v 0.162319 -0.045374 1.301710
v 0.456234 -0.045027 1.265008
v 0.505188 -0.051432 1.257063
v 0.457095 -0.044507 1.269908
v 0.506052 -0.051051 1.261967
v 0.506160 -0.059890 1.262561
v 0.505294 -0.060084 1.257652
v 0.505294 -0.060084 1.257652
v 0.505295 -0.068965 1.257643
v 0.506160 -0.059890 1.262561
v 0.506163 -0.068957 1.262558
v 0.457290 -0.077860 1.270943
v 0.456420 -0.077728 1.266024
v 0.164097 -0.092264 1.322563
v 0.114764 -0.094296 1.331262
v 0.113894 -0.094118 1.326341
v 0.163227 -0.092086 1.317642
v 0.114980 -0.090745 1.331301
v 0.114110 -0.090614 1.326382
v 0.095629 -0.073272 1.216022
v 0.095583 -0.077809 1.215763
v 0.096339 -0.082175 1.227725
v 0.098888 -0.087825 1.265206
v 0.101817 -0.089766 1.302907
v 0.101817 -0.089766 1.302907
v 0.103714 -0.083006 1.315528
v 0.109111 -0.089176 1.304239
v 0.110805 -0.080999 1.315068
v 0.111977 -0.068247 1.314879
v 0.104379 -0.071156 1.315428
v 0.103614 -0.057827 1.314964
v 0.110705 -0.055895 1.314504
v 0.108937 -0.048919 1.303255
v 0.101643 -0.049322 1.301922
v 0.101643 -0.049322 1.301922
v 0.098690 -0.051944 1.264087
v 0.108937 -0.048919 1.303255
v 0.108619 -0.052296 1.270442
v 0.096167 -0.059828 1.226750
v 0.095485 -0.067108 1.215207
v 0.095629 -0.073272 1.216022
v 0.115251 -0.067115 1.316673
v 0.113884 -0.080226 1.316897
v 0.111977 -0.068247 1.314879
v 0.110805 -0.080999 1.315068
v 0.109111 -0.089176 1.304239
v 0.112252 -0.089173 1.308033
v 0.112078 -0.048411 1.307048
v 0.113784 -0.055124 1.316333
v 0.108937 -0.048919 1.303255
v 0.110705 -0.055895 1.314504
v 0.112725 -0.051130 1.279992
v 0.162476 -0.051341 1.270150
v 0.112078 -0.048411 1.307048
v -0.066050 -0.119037 1.338044
v -0.076442 -0.120685 1.339301
v -0.078926 -0.120765 1.339638
v -0.081002 -0.115341 1.339846
v -0.081258 -0.098876 1.339660
v -0.081306 -0.077050 1.339389
v -0.081348 -0.055498 1.339149
v -0.081160 -0.039447 1.338952
v -0.076622 -0.034305 1.338276
v -0.079106 -0.034189 1.338615
v -0.066232 -0.034968 1.337012
v -0.007927 -0.038942 1.330127
v -0.016562 -0.038360 1.331152
v -0.007393 -0.043708 1.330196
v -0.000558 -0.043143 1.321099
v -0.007393 -0.043708 1.330196
v -0.007149 -0.057943 1.330590
v 0.005518 -0.058249 1.328530
v -0.007076 -0.076032 1.331002
v 0.005595 -0.075902 1.328963
v -0.007054 -0.092358 1.331128
v 0.005614 -0.091521 1.329070
v -0.007227 -0.103965 1.331137
v -0.000383 -0.103709 1.322092
v -0.007227 -0.103965 1.331137
v -0.007739 -0.107894 1.331202
v -0.016374 -0.109537 1.332221
v -0.233803 0.044309 0.235488
v -0.223753 0.000405 0.275716
v -0.216484 -0.037056 0.305770
v -0.259635 0.084595 0.094576
v -0.251204 0.080748 0.142389
v -0.251505 -0.230674 0.140679
v -0.259785 -0.230787 0.093721
v -0.216397 -0.131982 0.306262
v -0.223962 -0.174327 0.274532
v -0.234269 -0.216445 0.232841
v -0.215869 -0.115759 0.337193
v -0.215666 -0.117190 0.321582
v -0.205647 -0.111496 0.400753
v -0.211106 -0.113500 0.369792
v -0.197597 -0.110813 0.446408
v -0.203762 -0.110833 0.411447
v -0.161004 -0.110769 0.653935
v -0.179301 -0.110738 0.550169
v -0.148672 -0.111116 0.723878
v -0.154838 -0.111070 0.688909
v -0.112080 -0.109228 0.931397
v -0.130377 -0.110383 0.827631
v -0.099736 -0.107208 1.001407
v -0.105907 -0.108007 0.966409
v -0.061171 -0.108546 1.220120
v -0.081446 -0.107320 1.105131
v -0.049041 -0.111089 1.288910
v -0.042983 -0.113490 1.323301
v -0.040490 -0.114266 1.338019
v -0.040920 -0.114286 1.335093
v -0.038167 -0.114164 1.353642
v -0.039331 -0.114215 1.345814
v -0.037668 -0.109455 1.357096
v -0.037725 -0.114143 1.356663
v -0.038167 -0.114164 1.353642
v -0.037691 -0.076317 1.356961
v -0.037661 -0.095405 1.357156
v -0.037817 -0.041394 1.356173
v -0.037746 -0.056512 1.356628
v -0.037895 -0.036364 1.355609
v -0.038340 -0.036411 1.352587
v -0.039508 -0.036522 1.344762
v -0.040672 -0.036633 1.336968
v -0.038340 -0.036411 1.352587
v -0.041104 -0.036678 1.334042
v -0.043168 -0.037565 1.322250
v -0.049226 -0.040206 1.287859
v -0.061356 -0.042890 1.219070
v -0.081632 -0.043906 1.104081
v -0.099921 -0.043696 1.000356
v -0.112266 -0.041262 0.930347
v -0.106092 -0.042703 0.965359
v -0.130562 -0.039708 0.826580
v -0.148857 -0.038618 0.722828
v -0.161190 -0.038814 0.652885
v -0.155023 -0.038569 0.687858
v -0.179486 -0.038606 0.549119
v -0.197782 -0.038281 0.445358
v -0.205832 -0.037439 0.399703
v -0.203947 -0.038177 0.410397
v -0.216055 -0.035576 0.336142
v -0.211292 -0.035210 0.368742
v -0.215851 -0.042620 0.320532
v 0.308044 -0.066983 1.227969
v 0.308219 -0.073261 1.228962
v 0.308492 -0.078576 1.237171
v 0.308395 -0.053626 1.236620
v 0.308171 -0.060142 1.228689
v 0.308044 -0.066983 1.227969
v 0.308508 -0.048325 1.257254
v 0.308831 -0.044620 1.279089
v 0.310548 -0.042326 1.295518
v 0.309687 -0.042893 1.290619
v 0.311340 -0.044640 1.297963
v 0.310889 -0.042101 1.297456
v 0.457437 -0.044301 1.271847
v 0.457095 -0.044507 1.269908
v 0.310548 -0.042326 1.295518
v 0.313340 -0.063053 1.299038
v 0.312531 -0.052364 1.298564
v 0.311538 -0.083338 1.299007
v 0.312644 -0.074487 1.299161
v 0.457290 -0.077860 1.270943
v 0.457634 -0.077912 1.272890
v 0.311115 -0.086277 1.298648
v 0.310770 -0.086207 1.296701
v 0.309900 -0.086029 1.291780
v 0.309022 -0.085038 1.280155
v 0.310770 -0.086207 1.296701
v 0.308656 -0.082528 1.258093
v -0.260090 -0.126081 0.312079
v -0.261499 -0.126182 0.312278
v -0.267011 -0.167103 0.281016
v -0.265606 -0.166893 0.280797
v -0.270169 -0.166642 0.266908
v -0.275240 -0.198748 0.237162
v -0.274310 -0.210033 0.239625
v -0.272908 -0.209710 0.239385
v -0.254831 -0.123046 0.341907
v -0.256241 -0.123130 0.342098
v -0.258904 -0.117898 0.326993
v -0.257495 -0.117823 0.326801
v -0.250522 -0.122756 0.374529
v -0.245063 -0.120376 0.405490
v -0.249113 -0.122673 0.374338
v -0.243653 -0.120299 0.405299
v -0.243177 -0.119589 0.416184
v -0.237013 -0.119585 0.451145
v -0.241768 -0.119513 0.415993
v -0.235603 -0.119511 0.450953
v -0.199011 -0.119594 0.658480
v -0.200420 -0.119659 0.658672
v -0.218717 -0.119555 0.554906
v -0.217307 -0.119485 0.554715
v -0.194253 -0.120060 0.693645
v -0.188087 -0.120131 0.728615
v -0.192844 -0.119996 0.693454
v -0.186678 -0.120068 0.728424
v -0.150086 -0.117776 0.935943
v -0.151496 -0.117828 0.936134
v -0.169793 -0.119247 0.832368
v -0.168383 -0.119189 0.832176
v -0.145323 -0.116296 0.971146
v -0.139152 -0.115291 1.006143
v -0.143913 -0.116248 0.970954
v -0.137742 -0.115244 1.005952
v -0.099177 -0.116544 1.224665
v -0.100587 -0.116586 1.224857
v -0.120862 -0.115451 1.109868
v -0.119452 -0.115407 1.109677
v -0.087047 -0.118463 1.293455
v -0.088457 -0.118506 1.293647
v -0.080989 -0.120193 1.327846
v -0.082398 -0.120238 1.328037
v -0.078496 -0.120736 1.342564
v -0.079905 -0.120780 1.342756
v -0.080335 -0.120810 1.339829
v -0.078926 -0.120765 1.339638
v -0.076172 -0.120589 1.358186
v -0.077581 -0.120626 1.358377
v -0.078745 -0.120703 1.350551
v -0.077336 -0.120663 1.350359
v -0.075679 -0.115069 1.361602
v -0.077089 -0.115100 1.361792
v -0.077138 -0.120594 1.361399
v -0.075729 -0.120558 1.361208
v -0.077599 -0.110844 1.361681
v -0.077804 -0.115121 1.361416
v -0.077149 -0.076832 1.361462
v -0.077104 -0.098639 1.361733
v -0.077089 -0.115100 1.361792
v -0.077237 -0.039260 1.360896
v -0.077188 -0.055302 1.361221
v -0.077308 -0.033919 1.360375
v -0.077752 -0.033949 1.357354
v -0.075898 -0.033970 1.360183
v -0.076342 -0.034003 1.357161
v -0.078920 -0.034022 1.349527
v -0.080084 -0.034094 1.341733
v -0.077510 -0.034081 1.349335
v -0.078674 -0.034158 1.341541
v -0.080515 -0.034123 1.338807
v -0.082579 -0.034732 1.327015
v -0.079106 -0.034189 1.338615
v -0.081169 -0.034797 1.326823
v -0.088637 -0.036542 1.292624
v -0.087228 -0.036605 1.292432
v -0.099357 -0.038443 1.223642
v -0.100767 -0.038382 1.223834
v -0.121042 -0.039077 1.108845
v -0.139332 -0.038772 1.005121
v -0.119633 -0.039141 1.108653
v -0.137922 -0.038840 1.004929
v -0.145503 -0.037610 0.970123
v -0.151676 -0.035922 0.935112
v -0.144093 -0.037681 0.969931
v -0.150267 -0.035998 0.934920
v -0.169973 -0.034040 0.831345
v -0.188268 -0.032691 0.727592
v -0.168564 -0.034124 0.831153
v -0.186858 -0.032783 0.727400
v -0.194434 -0.032606 0.692623
v -0.200601 -0.032850 0.657649
v -0.193024 -0.032699 0.692431
v -0.199191 -0.032944 0.657457
v -0.218897 -0.032489 0.553883
v -0.237193 -0.031995 0.450122
v -0.217488 -0.032590 0.553691
v -0.235784 -0.032102 0.449930
v -0.243358 -0.031834 0.415161
v -0.245243 -0.031249 0.404467
v -0.241948 -0.031944 0.414969
v -0.243834 -0.031361 0.404275
v -0.250703 -0.029479 0.373506
v -0.256421 -0.029715 0.341075
v -0.249293 -0.029599 0.373314
v -0.255012 -0.029837 0.340883
v -0.259084 -0.035147 0.325970
v -0.261506 -0.028004 0.312238
v -0.257675 -0.035256 0.325778
v -0.260098 -0.028146 0.312039
v -0.271951 0.052396 0.244814
v -0.273352 0.052829 0.245054
v -0.266498 0.009485 0.283924
v -0.265094 0.009200 0.283705
v -0.274457 0.044623 0.241604
v -0.269688 0.011025 0.269635
v -0.298521 0.092929 0.102314
v -0.289939 0.089082 0.150983
v -0.288540 0.088599 0.150736
v -0.297121 0.092447 0.102067
v -0.289143 -0.223991 0.147316
v -0.290542 -0.224346 0.147563
v -0.298823 -0.224348 0.100604
v -0.297423 -0.223996 0.100357
v 0.427047 -0.154166 0.032761
v 0.564863 -0.138153 -0.010572
v 0.571668 -0.111415 0.012712
v 0.436343 -0.119723 0.062571
v 0.580023 -0.086688 0.028138
v 0.446708 -0.088953 0.081497
v 0.583433 -0.075981 0.036822
v 0.583172 -0.077496 0.035343
v 0.450930 -0.075756 0.092155
v 0.450610 -0.077565 0.090338
v 0.450930 -0.075756 0.092155
v 0.583433 -0.075981 0.036822
v 0.583125 -0.074284 0.035074
v 0.450552 -0.073725 0.090007
v 0.579952 -0.066307 0.027734
v 0.446621 -0.063940 0.081000
v 0.562448 -0.026039 -0.007618
v 0.571620 -0.045950 0.012443
v 0.424912 -0.014332 0.037605
v 0.436284 -0.038868 0.062240
v 0.413008 -0.006153 -0.016619
v 0.552796 -0.019402 -0.051704
v 0.548839 -0.019402 -0.074143
v 0.408156 -0.006153 -0.044138
v 0.572385 -0.160472 -0.070744
v 0.579129 -0.162805 -0.089875
v 0.435795 -0.190963 -0.053038
v 0.484719 -0.186982 -0.077302
v 0.122310 -0.185977 0.133297
v 0.271059 -0.170718 0.083108
v 0.284503 -0.129045 0.118515
v 0.142214 -0.137961 0.171505
v 0.297124 -0.091494 0.141366
v 0.159196 -0.093924 0.197722
v 0.302258 -0.075504 0.154239
v 0.301871 -0.077641 0.152044
v 0.165936 -0.075263 0.212584
v 0.165485 -0.077715 0.210027
v 0.165936 -0.075263 0.212584
v 0.302258 -0.075504 0.154239
v 0.301800 -0.073098 0.151644
v 0.165403 -0.072498 0.209561
v 0.297018 -0.061304 0.140767
v 0.159073 -0.058791 0.197024
v 0.270586 -0.001336 0.088313
v 0.284433 -0.031002 0.118115
v 0.123717 0.011038 0.136699
v 0.142132 -0.023511 0.171039
v 0.106088 0.022555 0.060086
v 0.256124 0.008553 0.022537
v 0.250280 0.008553 -0.010611
v 0.099288 0.022555 0.021521
v 0.361434 -0.105196 -0.050425
v 0.257278 -0.116501 -0.026099
v 0.265437 -0.090494 -0.038002
v 0.402757 -0.088885 -0.064350
v 0.087839 -0.133996 0.021728
v 0.084089 -0.109730 0.005730
v 0.006208 -0.198112 0.176159
v 0.035539 -0.145052 0.212502
v 0.060850 -0.095857 0.240540
v 0.070488 -0.075071 0.256697
v 0.069986 -0.077773 0.253852
v 0.070488 -0.075071 0.256697
v 0.069895 -0.072021 0.253334
v 0.060713 -0.056792 0.239763
v 0.008552 0.020879 0.174959
v 0.035447 -0.017554 0.211984
v -0.013156 0.033689 0.090347
v -0.020739 0.033689 0.047341
v -0.109698 -0.150077 0.102182
v -0.144488 -0.136722 0.084693
v -0.055498 -0.123833 0.050615
v -0.042725 -0.147612 0.079348
v 0.263844 -0.196934 0.034762
v 0.426354 -0.176571 -0.008735
v 0.107256 -0.214122 0.085024
v 0.097690 -0.226657 0.045084
v 0.260670 -0.209677 -0.006318
v 0.566366 -0.153380 -0.041350
v 0.715856 -0.129065 -0.077207
v 1.065607 -0.087205 -0.176552
v 0.906800 -0.105331 -0.130428
v 1.118854 -0.078005 -0.190163
v 1.118686 -0.079715 -0.191118
v 1.118947 -0.076890 -0.189639
v 1.118931 -0.077220 -0.189725
v 1.118850 -0.075747 -0.190187
v 1.118929 -0.076546 -0.189740
v 1.118947 -0.076890 -0.189639
v 1.064609 -0.067444 -0.176380
v 1.118683 -0.074051 -0.191134
v 0.902809 -0.051914 -0.129724
v 0.708463 -0.033790 -0.073306
v 0.556753 -0.019402 -0.029265
v 0.417874 -0.006153 0.010974
v 0.262022 0.008553 0.055983
v 0.112967 0.022555 0.099097
v -0.005521 0.033689 0.133650
v -0.095546 0.043387 0.158580
v -0.197250 0.060405 0.179532
v -0.159214 0.053080 0.172825
v -0.218816 0.064669 0.183995
v -0.210379 0.063002 0.181847
v -0.267311 0.073939 0.196514
v -0.242773 0.069204 0.190203
v -0.277491 0.076207 0.198970
v -0.279958 0.077056 0.199405
v -0.280831 0.062126 0.206439
v -0.281358 0.077538 0.199652
v -0.279958 0.077056 0.199405
v -0.273777 -0.035344 0.247709
v -0.277518 0.015292 0.226495
v -0.271529 -0.076890 0.260461
v -0.271968 -0.062163 0.257972
v -0.273789 -0.116776 0.247643
v -0.271900 -0.091251 0.258355
v -0.281606 -0.209618 0.202046
v -0.277903 -0.164997 0.224313
v -0.282262 -0.224344 0.194522
v -0.280863 -0.223986 0.194275
v -0.268103 -0.224773 0.192025
v -0.278396 -0.223355 0.193840
v -0.280863 -0.223986 0.194275
v -0.243225 -0.230560 0.187638
v -0.218929 -0.236496 0.183354
v -0.210379 -0.238360 0.181847
v -0.198667 -0.238419 0.183062
v -0.104998 -0.236534 0.177302
v -0.164882 -0.238944 0.186946
v -0.014988 -0.227791 0.137932
v -0.027924 -0.240161 0.108612
v 0.396009 -0.123031 -0.056222
v 0.395382 -0.109769 -0.056339
v 0.448649 -0.096856 -0.073157
v 0.449252 -0.116170 -0.073157
v 0.452870 -0.091355 -0.080359
v 0.453451 -0.114703 -0.080461
v 0.089891 -0.154663 0.027603
v 0.089202 -0.143420 0.027017
v 0.254674 -0.126505 -0.022166
v 0.255319 -0.137749 -0.021903
v -0.125742 -0.175638 0.126318
v -0.126585 -0.161594 0.124740
v -0.038360 -0.156873 0.088865
v -0.037569 -0.168115 0.090102
v -0.192669 -0.172228 0.033467
v -0.193213 -0.144175 0.033563
v -0.174046 -0.152315 0.096002
v -0.173312 -0.174764 0.096979
v -0.190020 -0.237898 0.033000
v -0.191370 -0.207554 0.033238
v -0.171430 -0.208222 0.100061
v -0.169499 -0.238566 0.103116
v -0.123525 -0.206295 0.131259
v -0.121260 -0.236640 0.136161
v -0.035513 -0.197840 0.093994
v -0.033409 -0.228185 0.097852
v 0.091624 -0.184389 0.029494
v 0.093408 -0.214736 0.031362
v 0.256906 -0.167476 -0.021013
v 0.258546 -0.197825 -0.020140
v 0.397533 -0.153432 -0.055785
v 0.399112 -0.183782 -0.055363
v 0.450705 -0.148589 -0.073083
v 0.452214 -0.178939 -0.073020
v 0.454839 -0.148467 -0.080706
v 0.456281 -0.178818 -0.080960
v -0.168620 -0.251672 0.104012
v -0.169499 -0.238566 0.103116
v -0.121260 -0.236640 0.136161
v -0.120277 -0.249746 0.137625
v -0.032472 -0.241292 0.098988
v -0.033409 -0.228185 0.097852
v 0.093408 -0.214736 0.031362
v 0.094252 -0.227844 0.031877
v 0.259352 -0.210933 -0.019930
v 0.258546 -0.197825 -0.020140
v 0.399112 -0.183782 -0.055363
v 0.399904 -0.196891 -0.055289
v 0.452983 -0.192049 -0.073056
v 0.452214 -0.178939 -0.073020
vt 0.128151 0.158714
vt 0.123370 0.162122
vt 0.125121 0.164979
vt 0.130044 0.161463
vt 0.119750 0.164720
vt 0.121387 0.167697
vt 0.121872 0.168350
vt 0.125584 0.165622
vt 0.130502 0.162110
vt 0.577447 0.398701
vt 0.565403 0.355052
vt 0.564027 0.355472
vt 0.576922 0.398856
vt 0.550709 0.302742
vt 0.548327 0.303508
vt 0.546380 0.297855
vt 0.563606 0.355519
vt 0.580831 0.413183
vt 0.685700 0.606555
vt 0.679921 0.604295
vt 0.626878 0.591049
vt 0.626848 0.591523
vt 0.680510 0.602027
vt 0.627202 0.589729
vt 0.582730 0.579315
vt 0.582605 0.579833
vt 0.567997 0.576491
vt 0.136584 0.152801
vt 0.132942 0.155341
vt 0.134923 0.158022
vt 0.138624 0.155465
vt 0.135374 0.158668
vt 0.139077 0.156128
vt 0.959989 0.623586
vt 0.957971 0.640057
vt 0.961124 0.640091
vt 0.962975 0.623672
vt 0.956265 0.653796
vt 0.959515 0.653752
vt 0.959701 0.657366
vt 0.961975 0.640063
vt 0.964248 0.622760
vt 0.628114 0.586720
vt 0.583054 0.578164
vt 0.682186 0.596816
vt 0.683837 0.590639
vt 0.629011 0.583160
vt 0.595169 0.578579
vt 0.563393 0.298951
vt 0.556446 0.300598
vt 0.568685 0.353889
vt 0.572539 0.352997
vt 0.578662 0.398299
vt 0.578007 0.386346
vt 0.489885 0.025164
vt 0.505290 0.024368
vt 0.504857 0.021338
vt 0.489391 0.022047
vt 0.523395 0.023243
vt 0.523084 0.020315
vt 0.524651 0.019545
vt 0.504891 0.020502
vt 0.485132 0.021459
vt 0.208557 0.025292
vt 0.217953 0.025623
vt 0.218185 0.022754
vt 0.208801 0.022440
vt 0.236755 0.026116
vt 0.236972 0.023229
vt 0.230705 0.022343
vt 0.218241 0.021930
vt 0.205778 0.021516
vt 0.148627 0.204689
vt 0.152383 0.201822
vt 0.138991 0.184012
vt 0.135210 0.186823
vt 0.157322 0.198121
vt 0.143944 0.180368
vt 0.137347 0.171512
vt 0.132392 0.175081
vt 0.128593 0.177814
vt 0.201031 0.181973
vt 0.201291 0.169058
vt 0.195705 0.182214
vt 0.197046 0.183566
vt 0.202017 0.158699
vt 0.196930 0.168223
vt 0.193807 0.167976
vt 0.192993 0.182768
vt 0.193062 0.185159
vt 0.162280 0.194558
vt 0.148876 0.176826
vt 0.166059 0.191893
vt 0.152622 0.174163
vt 0.145929 0.165311
vt 0.142234 0.167985
vt 0.955257 0.940844
vt 0.955050 0.928337
vt 0.954220 0.928375
vt 0.954378 0.937796
vt 0.954843 0.915829
vt 0.954156 0.909502
vt 0.951290 0.909651
vt 0.951367 0.928545
vt 0.951538 0.937982
vt 0.817922 0.944371
vt 0.807552 0.945225
vt 0.794369 0.950982
vt 0.808352 0.949559
vt 0.794724 0.945819
vt 0.793102 0.949739
vt 0.791481 0.953658
vt 0.793814 0.953618
vt 0.808604 0.952613
vt 0.479781 0.021453
vt 0.469081 0.022616
vt 0.469116 0.023442
vt 0.477811 0.022570
vt 0.458380 0.023778
vt 0.461050 0.024315
vt 0.461038 0.027230
vt 0.469194 0.026405
vt 0.478023 0.025600
vt 0.321909 0.432142
vt 0.325473 0.427886
vt 0.319538 0.420184
vt 0.315611 0.424002
vt 0.330738 0.422832
vt 0.325049 0.415420
vt 0.319677 0.408372
vt 0.314144 0.412670
vt 0.310017 0.415919
vt 0.337172 0.418920
vt 0.331255 0.411195
vt 0.342485 0.416370
vt 0.336223 0.408185
vt 0.329875 0.400732
vt 0.325428 0.404041
vt 0.959632 0.686400
vt 0.959996 0.674767
vt 0.959164 0.674781
vt 0.958889 0.683542
vt 0.960359 0.663133
vt 0.959354 0.665333
vt 0.956439 0.665511
vt 0.956294 0.674929
vt 0.955999 0.683637
vt 0.903324 0.665653
vt 0.896821 0.667009
vt 0.898809 0.675736
vt 0.905255 0.674912
vt 0.895357 0.667435
vt 0.896732 0.677089
vt 0.898107 0.686743
vt 0.899896 0.683809
vt 0.906185 0.683518
vt 0.475589 0.088532
vt 0.477696 0.087095
vt 0.467376 0.084898
vt 0.466232 0.086422
vt 0.479802 0.085658
vt 0.468355 0.078763
vt 0.460014 0.077335
vt 0.459602 0.083247
vt 0.456875 0.084312
vt 0.218400 0.092205
vt 0.221999 0.093229
vt 0.225321 0.080477
vt 0.221187 0.079185
vt 0.226081 0.080946
vt 0.225990 0.080856
vt 0.225899 0.080766
vt 0.226268 0.079393
vt 0.222675 0.078172
vt 0.201112 0.087673
vt 0.209460 0.089777
vt 0.210123 0.076067
vt 0.201992 0.074104
vt 0.212936 0.075599
vt 0.201581 0.073152
vt 0.200731 0.073232
vt 0.199880 0.073313
vt 0.087851 0.844793
vt 0.088881 0.848959
vt 0.089086 0.848951
vt 0.088328 0.845796
vt 0.089875 0.853109
vt 0.089622 0.852933
vt 0.106118 0.852903
vt 0.105643 0.849088
vt 0.104976 0.846072
vt 0.895594 0.918081
vt 0.883491 0.923047
vt 0.896259 0.919479
vt 0.895663 0.918185
vt 0.884642 0.927087
vt 0.897715 0.924129
vt 0.898772 0.922641
vt 0.897311 0.918599
vt 0.895732 0.918290
vt 0.089002 0.856560
vt 0.089208 0.856567
vt 0.088094 0.860031
vt 0.088540 0.859201
vt 0.105179 0.858960
vt 0.105760 0.856408
vt 0.482858 0.025380
vt 0.482472 0.022281
vt 0.482457 0.021456
vt 0.329254 0.441812
vt 0.334162 0.436017
vt 0.328968 0.431046
vt 0.325960 0.435105
vt 0.337973 0.432034
vt 0.333557 0.426371
vt 0.343010 0.429449
vt 0.339460 0.423113
vt 0.349948 0.426198
vt 0.344412 0.421147
vt 0.960030 0.660249
vt 0.959198 0.660245
vt 0.956092 0.660373
vt 0.892839 0.654253
vt 0.885591 0.658509
vt 0.893750 0.662252
vt 0.900008 0.660720
vt 0.889858 0.661593
vt 0.892608 0.664514
vt 0.479955 0.094911
vt 0.483090 0.099258
vt 0.479607 0.090555
vt 0.477410 0.090953
vt 0.487689 0.092093
vt 0.481378 0.084758
vt 0.477334 0.086326
vt 0.474866 0.086994
vt 0.939258 0.622592
vt 0.935214 0.639593
vt 0.939953 0.639682
vt 0.943216 0.622678
vt 0.932014 0.654051
vt 0.937491 0.654146
vt 0.940267 0.654099
vt 0.942620 0.639735
vt 0.945702 0.622802
vt 0.942435 0.666524
vt 0.940937 0.661167
vt 0.938305 0.661301
vt 0.939999 0.666700
vt 0.932754 0.661138
vt 0.934707 0.666483
vt 0.935148 0.675715
vt 0.940179 0.675898
vt 0.934911 0.684135
vt 0.939744 0.684259
vt 0.942151 0.684169
vt 0.942566 0.675755
vt 0.937978 0.938917
vt 0.937731 0.929405
vt 0.935360 0.929553
vt 0.935621 0.939077
vt 0.937577 0.910411
vt 0.935193 0.910541
vt 0.931467 0.910150
vt 0.931688 0.929371
vt 0.935521 0.942217
vt 0.125951 0.137125
vt 0.121601 0.140165
vt 0.121725 0.140339
vt 0.125034 0.138029
vt 0.117241 0.143199
vt 0.117569 0.143244
vt 0.119136 0.145536
vt 0.123386 0.142562
vt 0.126743 0.140216
vt 0.113701 0.145697
vt 0.113817 0.145878
vt 0.110162 0.148183
vt 0.111110 0.147775
vt 0.112388 0.150284
vt 0.115231 0.148284
vt 0.204013 0.041357
vt 0.216692 0.045462
vt 0.216590 0.041776
vt 0.207134 0.041321
vt 0.235784 0.046131
vt 0.235483 0.042390
vt 0.235670 0.039981
vt 0.216790 0.039385
vt 0.207344 0.038947
vt 0.460721 0.048560
vt 0.469376 0.048376
vt 0.469523 0.043227
vt 0.460830 0.043694
vt 0.478526 0.048974
vt 0.478946 0.043249
vt 0.479045 0.040412
vt 0.469498 0.040727
vt 0.460867 0.041254
vt 0.483003 0.051261
vt 0.484136 0.044555
vt 0.489841 0.052204
vt 0.491430 0.045137
vt 0.492412 0.040920
vt 0.484772 0.040868
vt 0.506072 0.048776
vt 0.507162 0.042987
vt 0.524856 0.044153
vt 0.525399 0.040059
vt 0.525319 0.037359
vt 0.507697 0.039392
vt 0.941357 0.568451
vt 0.941528 0.581378
vt 0.945364 0.581323
vt 0.945192 0.568405
vt 0.941502 0.594466
vt 0.945319 0.594426
vt 0.947725 0.594510
vt 0.947769 0.581353
vt 0.947598 0.568377
vt 0.965535 0.594933
vt 0.965370 0.581550
vt 0.964494 0.581569
vt 0.964458 0.595098
vt 0.965204 0.568168
vt 0.964332 0.568179
vt 0.961417 0.568213
vt 0.961580 0.581550
vt 0.961544 0.595034
vt 0.399909 0.491014
vt 0.414294 0.480166
vt 0.402886 0.465400
vt 0.387032 0.474474
vt 0.427795 0.469986
vt 0.417815 0.456852
vt 0.406976 0.444362
vt 0.391029 0.450964
vt 0.374098 0.457961
vt 0.388887 0.499330
vt 0.392597 0.496529
vt 0.379136 0.479034
vt 0.375431 0.481491
vt 0.365712 0.461495
vt 0.361954 0.463656
vt 0.378844 0.506910
vt 0.385307 0.502033
vt 0.372149 0.484257
vt 0.366463 0.490001
vt 0.358907 0.466535
vt 0.353970 0.473174
vt 0.354945 0.524933
vt 0.366484 0.516231
vt 0.355544 0.501397
vt 0.345335 0.512106
vt 0.344542 0.486616
vt 0.335727 0.499287
vt 0.579628 0.019663
vt 0.579593 0.016742
vt 0.565777 0.017181
vt 0.565897 0.020097
vt 0.579579 0.015622
vt 0.565742 0.016333
vt 0.551905 0.017045
vt 0.551997 0.018026
vt 0.552190 0.020935
vt 0.552129 0.039963
vt 0.565771 0.038595
vt 0.566567 0.036469
vt 0.553348 0.037260
vt 0.579852 0.037872
vt 0.579829 0.036055
vt 0.579800 0.033629
vt 0.566468 0.034044
vt 0.553180 0.034842
vt 0.584213 0.397430
vt 0.583643 0.350440
vt 0.581428 0.344397
vt 0.583254 0.395919
vt 0.583643 0.350440
vt 0.583301 0.322248
vt 0.582984 0.296029
vt 0.579122 0.300753
vt 0.574604 0.300903
vt 0.578433 0.351658
vt 0.582101 0.397719
vt 0.584414 0.413966
vt 0.584408 0.413494
vt 0.583738 0.413484
vt 0.583591 0.413943
vt 0.583074 0.413409
vt 0.582777 0.413805
vt 0.584418 0.414310
vt 0.584417 0.414180
vt 0.583520 0.414149
vt 0.583488 0.414229
vt 0.582637 0.413981
vt 0.582558 0.414147
vt 0.567098 0.572898
vt 0.566880 0.572901
vt 0.566935 0.573806
vt 0.567143 0.573726
vt 0.566739 0.572904
vt 0.566849 0.573844
vt 0.566959 0.574784
vt 0.567131 0.574691
vt 0.567306 0.574541
vt 0.583274 0.572702
vt 0.567569 0.572891
vt 0.567597 0.573565
vt 0.583291 0.573780
vt 0.567691 0.574231
vt 0.583327 0.574856
vt 0.684295 0.580817
vt 0.684239 0.576159
vt 0.629222 0.574833
vt 0.629254 0.577511
vt 0.684184 0.571501
vt 0.629190 0.572156
vt 0.456643 0.084273
vt 0.447278 0.081632
vt 0.418628 0.078501
vt 0.418523 0.080033
vt 0.447480 0.075952
vt 0.418828 0.073274
vt 0.390173 0.070598
vt 0.389978 0.075376
vt 0.380403 0.075794
vt 0.907128 0.696247
vt 0.901024 0.696365
vt 0.903285 0.725356
vt 0.909007 0.725200
vt 0.898130 0.687027
vt 0.901089 0.725599
vt 0.904049 0.764170
vt 0.905543 0.754347
vt 0.910887 0.754158
vt 0.939687 0.753811
vt 0.940677 0.725247
vt 0.938270 0.725322
vt 0.937285 0.753888
vt 0.941672 0.696694
vt 0.939260 0.696766
vt 0.934632 0.696683
vt 0.934053 0.725297
vt 0.933479 0.753921
vt 0.956877 0.762719
vt 0.958245 0.724721
vt 0.957413 0.724726
vt 0.956391 0.753277
vt 0.959614 0.686722
vt 0.958441 0.696187
vt 0.955547 0.696262
vt 0.954523 0.724804
vt 0.953506 0.753358
vt 0.310813 0.396968
vt 0.316408 0.392624
vt 0.295618 0.366105
vt 0.290044 0.370378
vt 0.320680 0.389245
vt 0.299880 0.362809
vt 0.279106 0.336350
vt 0.274843 0.339572
vt 0.269273 0.343786
vt 0.301098 0.404189
vt 0.305281 0.401114
vt 0.284543 0.374531
vt 0.280387 0.377643
vt 0.263787 0.347960
vt 0.259647 0.351116
vt 0.392088 0.028007
vt 0.420398 0.027797
vt 0.420513 0.024897
vt 0.392237 0.025104
vt 0.448694 0.027579
vt 0.448770 0.024679
vt 0.458162 0.023782
vt 0.420536 0.024071
vt 0.382909 0.024360
vt 0.391041 0.048187
vt 0.419582 0.048378
vt 0.419707 0.044160
vt 0.391188 0.044380
vt 0.448117 0.048565
vt 0.448220 0.043933
vt 0.448289 0.041512
vt 0.419808 0.041737
vt 0.391320 0.041956
vt 0.307065 0.023533
vt 0.306622 0.023597
vt 0.306579 0.024422
vt 0.316343 0.024467
vt 0.306180 0.023661
vt 0.296811 0.024306
vt 0.296623 0.027197
vt 0.306383 0.027314
vt 0.316142 0.027363
vt 0.295419 0.047158
vt 0.305023 0.047275
vt 0.305219 0.043626
vt 0.295521 0.043495
vt 0.314729 0.047355
vt 0.314929 0.043701
vt 0.315107 0.041281
vt 0.305390 0.041211
vt 0.295683 0.041082
vt 0.303889 0.074427
vt 0.313383 0.073289
vt 0.303710 0.073115
vt 0.303716 0.074349
vt 0.313575 0.068804
vt 0.303893 0.068681
vt 0.294847 0.068641
vt 0.294750 0.073058
vt 0.303544 0.074270
vt 0.910739 0.831285
vt 0.905604 0.831490
vt 0.905489 0.841247
vt 0.910582 0.841066
vt 0.903327 0.841183
vt 0.903361 0.841362
vt 0.903395 0.841541
vt 0.905247 0.850275
vt 0.910337 0.850206
vt 0.932319 0.830659
vt 0.932148 0.840465
vt 0.935787 0.840366
vt 0.935958 0.830557
vt 0.932010 0.850168
vt 0.935668 0.850162
vt 0.938055 0.850059
vt 0.938175 0.840259
vt 0.938349 0.830447
vt 0.955572 0.839941
vt 0.955615 0.839491
vt 0.954784 0.839513
vt 0.954661 0.849339
vt 0.955658 0.839041
vt 0.954974 0.829683
vt 0.952101 0.829805
vt 0.951914 0.839632
vt 0.951791 0.849456
vt 0.214212 0.272698
vt 0.219448 0.268779
vt 0.212304 0.259967
vt 0.207273 0.263727
vt 0.223427 0.265793
vt 0.216125 0.257101
vt 0.209003 0.248265
vt 0.205276 0.251034
vt 0.200372 0.254675
vt 0.204992 0.279592
vt 0.208977 0.276615
vt 0.202227 0.267484
vt 0.198379 0.270341
vt 0.195460 0.258334
vt 0.191715 0.261126
vt 0.382711 0.024323
vt 0.382676 0.025148
vt 0.382513 0.024286
vt 0.373092 0.025026
vt 0.372926 0.027929
vt 0.382516 0.028052
vt 0.371785 0.047991
vt 0.381409 0.048111
vt 0.381562 0.044441
vt 0.371944 0.044322
vt 0.381702 0.042014
vt 0.372088 0.041895
vt 0.380336 0.074338
vt 0.380296 0.075816
vt 0.380514 0.069701
vt 0.370860 0.069569
vt 0.370694 0.074193
vt 0.380188 0.075838
vt 0.906297 0.764111
vt 0.911524 0.763927
vt 0.904031 0.764292
vt 0.904013 0.764413
vt 0.906200 0.773820
vt 0.911422 0.773646
vt 0.933296 0.763589
vt 0.936964 0.763539
vt 0.933165 0.773274
vt 0.936828 0.773217
vt 0.939229 0.773137
vt 0.939365 0.763463
vt 0.956914 0.763120
vt 0.956895 0.762920
vt 0.956063 0.762931
vt 0.955921 0.772576
vt 0.953180 0.763014
vt 0.953038 0.772666
vt 0.267885 0.330595
vt 0.262272 0.334824
vt 0.272181 0.327371
vt 0.265232 0.318426
vt 0.260946 0.321644
vt 0.255340 0.325866
vt 0.256747 0.339038
vt 0.252578 0.342233
vt 0.249809 0.330073
vt 0.245631 0.333263
vt 0.457732 0.048624
vt 0.457828 0.043853
vt 0.457886 0.041433
vt 0.458271 0.023780
vt 0.458275 0.024606
vt 0.458222 0.027505
vt 0.312270 0.410070
vt 0.308077 0.413132
vt 0.317812 0.405927
vt 0.323412 0.401560
vt 0.327686 0.398153
vt 0.959623 0.686561
vt 0.958791 0.686568
vt 0.955895 0.686644
vt 0.934828 0.687044
vt 0.939595 0.687147
vt 0.942008 0.687075
vt 0.900265 0.686601
vt 0.906499 0.686492
vt 0.898118 0.686885
vt 0.456919 0.082686
vt 0.456759 0.084292
vt 0.457133 0.076852
vt 0.343271 0.047666
vt 0.343452 0.044004
vt 0.343615 0.041580
vt 0.342044 0.073746
vt 0.342039 0.075133
vt 0.342222 0.069185
vt 0.905905 0.802647
vt 0.911090 0.802455
vt 0.903670 0.802798
vt 0.938795 0.801769
vt 0.936399 0.801865
vt 0.932749 0.801947
vt 0.956286 0.801080
vt 0.955455 0.801099
vt 0.952577 0.801206
vt 0.240231 0.295189
vt 0.234778 0.299284
vt 0.244388 0.292068
vt 0.229362 0.303372
vt 0.225256 0.306474
vt 0.344562 0.027634
vt 0.344748 0.024733
vt 0.344789 0.023910
vt 0.267183 0.046736
vt 0.267034 0.043023
vt 0.267205 0.040609
vt 0.268230 0.072953
vt 0.268185 0.074114
vt 0.268107 0.068509
vt 0.235397 0.069960
vt 0.240803 0.073786
vt 0.232827 0.073958
vt 0.904570 0.876927
vt 0.909723 0.877112
vt 0.902449 0.877012
vt 0.901504 0.912482
vt 0.902996 0.904413
vt 0.907482 0.909982
vt 0.937770 0.878702
vt 0.935383 0.878816
vt 0.931679 0.878573
vt 0.955207 0.877885
vt 0.954377 0.877912
vt 0.951507 0.878041
vt 0.184840 0.224262
vt 0.179927 0.227848
vt 0.188584 0.221561
vt 0.175026 0.231521
vt 0.171297 0.234349
vt 0.268196 0.026719
vt 0.268394 0.023827
vt 0.268442 0.023002
vt 0.915991 0.653782
vt 0.921403 0.639324
vt 0.901269 0.637771
vt 0.927784 0.622311
vt 0.909305 0.621059
vt 0.916499 0.660646
vt 0.919218 0.665805
vt 0.920791 0.683758
vt 0.920438 0.675146
vt 0.921126 0.696432
vt 0.920908 0.686732
vt 0.921781 0.725219
vt 0.922439 0.754013
vt 0.922554 0.773441
vt 0.922670 0.763736
vt 0.922175 0.802183
vt 0.921779 0.830955
vt 0.921413 0.850177
vt 0.921608 0.840752
vt 0.920942 0.877833
vt 0.920664 0.908962
vt 0.921044 0.928808
vt 0.909646 0.928789
vt 0.907986 0.943806
vt 0.921754 0.943012
vt 0.217327 0.508163
vt 0.217050 0.517492
vt 0.220387 0.517492
vt 0.220332 0.508202
vt 0.216760 0.529177
vt 0.220630 0.529177
vt 0.224501 0.529177
vt 0.224014 0.517492
vt 0.223527 0.505807
vt 0.213204 0.505807
vt 0.211830 0.517492
vt 0.214295 0.517492
vt 0.214944 0.508202
vt 0.210456 0.529177
vt 0.213608 0.529177
vt 0.201900 0.068966
vt 0.216816 0.067549
vt 0.217022 0.056145
vt 0.202957 0.055162
vt 0.236711 0.056975
vt 0.295132 0.057774
vt 0.267649 0.057501
vt 0.314151 0.057941
vt 0.304456 0.057847
vt 0.371323 0.058621
vt 0.342746 0.058276
vt 0.390615 0.059230
vt 0.380965 0.058745
vt 0.447815 0.062084
vt 0.419217 0.060658
vt 0.460419 0.062773
vt 0.457452 0.062561
vt 0.478024 0.065015
vt 0.469004 0.063405
vt 0.489034 0.068818
vt 0.482297 0.068161
vt 0.524402 0.073548
vt 0.523909 0.055357
vt 0.505450 0.062961
vt 0.506496 0.083131
vt 0.579979 0.048206
vt 0.579914 0.042941
vt 0.563371 0.044594
vt 0.561099 0.050723
vt 0.548459 0.047691
vt 0.545376 0.061475
vt 0.911876 0.568800
vt 0.912032 0.581496
vt 0.930412 0.581534
vt 0.930247 0.568582
vt 0.912122 0.594212
vt 0.930444 0.594571
vt 0.119256 0.167932
vt 0.119979 0.168948
vt 0.120077 0.168741
vt 0.118438 0.165667
vt 0.120702 0.169964
vt 0.120618 0.169439
vt 0.122894 0.169732
vt 0.126677 0.167114
vt 0.126119 0.166325
vt 0.122354 0.168921
vt 0.131591 0.163634
vt 0.131025 0.162849
vt 0.130903 0.162677
vt 0.125996 0.166162
vt 0.123233 0.168112
vt 0.136424 0.160173
vt 0.135858 0.159401
vt 0.140041 0.157523
vt 0.139453 0.156765
vt 0.138425 0.157313
vt 0.135745 0.159233
vt 0.140486 0.155325
vt 0.140013 0.154600
vt 0.140947 0.155568
vt 0.140246 0.154581
vt 0.139545 0.153594
vt 0.137916 0.151890
vt 0.125728 0.136796
vt 0.120946 0.139184
vt 0.121485 0.139996
vt 0.125839 0.136960
vt 0.117020 0.142866
vt 0.117130 0.143033
vt 0.127968 0.139354
vt 0.126242 0.137177
vt 0.126533 0.137230
vt 0.126400 0.137056
vt 0.126267 0.136881
vt 0.126109 0.137003
vt 0.117006 0.142878
vt 0.113019 0.144735
vt 0.113585 0.145529
vt 0.117124 0.143039
vt 0.109930 0.147857
vt 0.110046 0.148020
vt 0.109809 0.148364
vt 0.109912 0.148558
vt 0.110089 0.148468
vt 0.109986 0.148273
vt 0.110015 0.148751
vt 0.111322 0.151011
vt 0.087549 0.844861
vt 0.088067 0.849123
vt 0.088711 0.848984
vt 0.087700 0.844827
vt 0.089568 0.853172
vt 0.089722 0.853140
vt 0.220798 0.852727
vt 0.220598 0.849887
vt 0.220513 0.849965
vt 0.220595 0.852703
vt 0.220399 0.847046
vt 0.203908 0.847571
vt 0.191114 0.848002
vt 0.204058 0.849887
vt 0.204175 0.852733
vt 0.104756 0.844963
vt 0.088077 0.844641
vt 0.088305 0.844488
vt 0.088080 0.844486
vt 0.087855 0.844483
vt 0.087853 0.844638
vt 0.089568 0.853048
vt 0.088194 0.856384
vt 0.088833 0.856534
vt 0.089722 0.853079
vt 0.087796 0.859947
vt 0.087945 0.859989
vt 0.088098 0.860343
vt 0.088322 0.860339
vt 0.088319 0.860183
vt 0.088096 0.860187
vt 0.088546 0.860336
vt 0.104988 0.859914
vt 0.220564 0.858201
vt 0.220681 0.855464
vt 0.220595 0.855389
vt 0.204062 0.857649
vt 0.204146 0.855488
vt 0.191258 0.857231
vt 0.204537 0.025124
vt 0.204785 0.022278
vt 0.202656 0.022147
vt 0.202408 0.024994
vt 0.205511 0.021495
vt 0.202718 0.021324
vt 0.199925 0.021153
vt 0.199863 0.021976
vt 0.199801 0.022799
vt 0.125781 0.173938
vt 0.129585 0.171245
vt 0.128133 0.169182
vt 0.124337 0.171840
vt 0.134535 0.167710
vt 0.133065 0.165675
vt 0.139401 0.164197
vt 0.137914 0.162188
vt 0.143072 0.161523
vt 0.141560 0.159524
vt 0.955523 0.946737
vt 0.955399 0.943925
vt 0.954570 0.943972
vt 0.954694 0.946785
vt 0.955274 0.941113
vt 0.954474 0.941830
vt 0.951638 0.942022
vt 0.951732 0.944166
vt 0.953865 0.946833
vt 0.936127 0.948095
vt 0.938185 0.945126
vt 0.935829 0.945291
vt 0.935940 0.948105
vt 0.938099 0.942982
vt 0.935745 0.943147
vt 0.935532 0.942487
vt 0.935642 0.945301
vt 0.935753 0.948115
vt 0.122078 0.131300
vt 0.118166 0.134977
vt 0.119553 0.137076
vt 0.123903 0.134048
vt 0.113388 0.137342
vt 0.115204 0.140104
vt 0.113165 0.137518
vt 0.110095 0.140627
vt 0.111554 0.142677
vt 0.115086 0.140198
vt 0.106114 0.142455
vt 0.108022 0.145156
vt 0.203745 0.041340
vt 0.203094 0.041115
vt 0.200964 0.040990
vt 0.200950 0.041176
vt 0.203306 0.038747
vt 0.201176 0.038621
vt 0.198183 0.040640
vt 0.198169 0.040826
vt 0.198155 0.041013
vt 0.083337 0.845910
vt 0.084589 0.849852
vt 0.086439 0.849474
vt 0.085443 0.845386
vt 0.085304 0.853952
vt 0.087436 0.853562
vt 0.085327 0.852201
vt 0.084742 0.855598
vt 0.086579 0.856008
vt 0.087448 0.852624
vt 0.083623 0.858838
vt 0.085710 0.859393
vt 0.903637 0.945867
vt 0.902851 0.943727
vt 0.903598 0.947649
vt 0.903779 0.947634
vt 0.889224 0.944698
vt 0.890018 0.948688
vt 0.903556 0.949430
vt 0.903738 0.949415
vt 0.903921 0.949401
vt 0.793662 0.955707
vt 0.808756 0.954815
vt 0.791462 0.955524
vt 0.791443 0.957391
vt 0.793710 0.957521
vt 0.795977 0.957652
vt 0.190884 0.182944
vt 0.191202 0.185232
vt 0.191588 0.167839
vt 0.188814 0.180556
vt 0.189078 0.182930
vt 0.189341 0.185304
vt 0.196339 0.073418
vt 0.197159 0.086888
vt 0.198110 0.073364
vt 0.196353 0.073236
vt 0.198123 0.073183
vt 0.196366 0.073054
vt 0.229122 0.076548
vt 0.229363 0.077362
vt 0.225549 0.075353
vt 0.215311 0.073396
vt 0.201740 0.071059
vt 0.215518 0.503701
vt 0.213250 0.504008
vt 0.217936 0.503548
vt 0.218811 0.500982
vt 0.216053 0.501596
vt 0.213296 0.502209
vt 0.220656 0.503701
vt 0.223527 0.504008
vt 0.223527 0.502209
vt 0.221169 0.501596
vt 0.903710 0.930239
vt 0.905904 0.943982
vt 0.901702 0.919792
vt 0.901402 0.932644
vt 0.903821 0.944159
vt 0.900067 0.915940
vt 0.898618 0.915386
vt 0.083274 0.850071
vt 0.084244 0.854042
vt 0.082304 0.846100
vt 0.081271 0.846290
vt 0.082228 0.850211
vt 0.083185 0.854132
vt 0.083438 0.855345
vt 0.082588 0.858693
vt 0.084288 0.851997
vt 0.083248 0.851793
vt 0.082400 0.855171
vt 0.081553 0.858548
vt 0.887115 0.936262
vt 0.900889 0.935493
vt 0.903729 0.945013
vt 0.205583 0.022329
vt 0.205335 0.025174
vt 0.205644 0.021506
vt 0.130131 0.172018
vt 0.126324 0.174725
vt 0.135087 0.168474
vt 0.139959 0.164952
vt 0.143637 0.162275
vt 0.955266 0.940979
vt 0.954436 0.941025
vt 0.951601 0.941218
vt 0.938065 0.942177
vt 0.935712 0.942342
vt 0.935526 0.942352
vt 0.121900 0.131037
vt 0.117556 0.134058
vt 0.117645 0.134189
vt 0.121989 0.131168
vt 0.113213 0.137078
vt 0.113300 0.137210
vt 0.112980 0.137261
vt 0.109455 0.139728
vt 0.109548 0.139857
vt 0.113073 0.137389
vt 0.105931 0.142196
vt 0.106022 0.142326
vt 0.203893 0.041162
vt 0.203879 0.041348
vt 0.204105 0.038795
vt 0.950215 0.639899
vt 0.952762 0.623201
vt 0.948187 0.653947
vt 0.954590 0.581453
vt 0.954423 0.568296
vt 0.954550 0.594775
vt 0.566186 0.027153
vt 0.552689 0.027970
vt 0.579715 0.026728
vt 0.506654 0.031786
vt 0.491395 0.032858
vt 0.524396 0.030339
vt 0.483985 0.033026
vt 0.478586 0.033038
vt 0.469355 0.033643
vt 0.460957 0.034321
vt 0.458055 0.034549
vt 0.448490 0.034625
vt 0.420101 0.034847
vt 0.391702 0.035061
vt 0.382105 0.035113
vt 0.372503 0.034991
vt 0.344084 0.034686
vt 0.315620 0.034401
vt 0.305882 0.034342
vt 0.296149 0.034219
vt 0.267696 0.033744
vt 0.236207 0.033128
vt 0.217366 0.032583
vt 0.207944 0.032199
vt 0.204714 0.032064
vt 0.203915 0.032015
vt 0.201786 0.031887
vt 0.198992 0.031719
vt 0.114812 0.158250
vt 0.116009 0.157424
vt 0.114635 0.158342
vt 0.119245 0.155128
vt 0.123589 0.152049
vt 0.128111 0.148875
vt 0.131609 0.146429
vt 0.133039 0.145412
vt 0.132880 0.145533
vt 0.944788 0.942507
vt 0.944878 0.944650
vt 0.944996 0.947464
vt 0.944678 0.938454
vt 0.944753 0.941702
vt 0.944469 0.928979
vt 0.944353 0.910034
vt 0.944558 0.878374
vt 0.944843 0.849760
vt 0.944964 0.839948
vt 0.945145 0.830128
vt 0.945606 0.801489
vt 0.946053 0.772903
vt 0.946192 0.763240
vt 0.946516 0.753585
vt 0.947520 0.725026
vt 0.948529 0.696479
vt 0.948871 0.686860
vt 0.948995 0.683904
vt 0.949350 0.675342
vt 0.949357 0.666017
vt 0.948435 0.660769
vt 0.212022 0.131076
vt 0.213556 0.131459
vt 0.209072 0.130354
vt 0.845591 0.933771
vt 0.846352 0.936939
vt 0.845159 0.931950
vt 0.847768 0.942801
vt 0.849108 0.948650
vt 0.849639 0.951776
vt 0.849766 0.953541
vt 0.154548 0.859114
vt 0.154650 0.858243
vt 0.154555 0.859268
vt 0.154970 0.855938
vt 0.155159 0.852818
vt 0.154868 0.849497
vt 0.154472 0.846893
vt 0.154352 0.845767
vt 0.154345 0.845922
vt 0.197449 0.127620
vt 0.194332 0.127101
vt 0.192577 0.126987
vt 0.203288 0.128953
vt 0.327660 0.436656
vt 0.320918 0.457881
vt 0.321186 0.457887
vt 0.325460 0.441930
vt 0.314176 0.479106
vt 0.318400 0.476874
vt 0.321907 0.475338
vt 0.324299 0.461461
vt 0.321483 0.436559
vt 0.324571 0.436608
vt 0.324803 0.436518
vt 0.320580 0.433664
vt 0.308487 0.417106
vt 0.314157 0.425385
vt 0.306396 0.414542
vt 0.313939 0.425551
vt 0.299550 0.405323
vt 0.306524 0.414257
vt 0.306185 0.414286
vt 0.306290 0.414414
vt 0.251059 0.343624
vt 0.278622 0.378955
vt 0.278850 0.378790
vt 0.258115 0.352279
vt 0.244085 0.334433
vt 0.251036 0.343407
vt 0.250555 0.343517
vt 0.250807 0.343571
vt 0.196451 0.272031
vt 0.223503 0.307774
vt 0.223734 0.307614
vt 0.203510 0.280690
vt 0.190312 0.262162
vt 0.196942 0.271399
vt 0.196970 0.271084
vt 0.196711 0.271558
vt 0.142365 0.200031
vt 0.169668 0.235558
vt 0.169899 0.235398
vt 0.147222 0.205751
vt 0.133795 0.187866
vt 0.133563 0.188025
vt 0.127170 0.178830
vt 0.124760 0.176019
vt 0.124561 0.175758
vt 0.124661 0.175888
vt 0.124898 0.175731
vt 0.124349 0.174928
vt 0.122631 0.172861
vt 0.122895 0.172780
vt 0.121456 0.170606
vt 0.120949 0.169729
vt 0.122153 0.168675
vt 0.125847 0.165972
vt 0.130758 0.162473
vt 0.135616 0.159030
vt 0.139289 0.156497
vt 0.141306 0.156472
vt 0.140647 0.155726
vt 0.144433 0.160506
vt 0.142884 0.158487
vt 0.145144 0.160957
vt 0.143046 0.158263
vt 0.147306 0.164302
vt 0.145010 0.161264
vt 0.145318 0.161214
vt 0.145231 0.161086
vt 0.154015 0.173157
vt 0.167463 0.190885
vt 0.163148 0.184743
vt 0.154233 0.172978
vt 0.210389 0.247220
vt 0.189975 0.220540
vt 0.217234 0.255976
vt 0.190191 0.220359
vt 0.224894 0.264675
vt 0.217540 0.256023
vt 0.218271 0.255702
vt 0.217752 0.255839
vt 0.266803 0.317232
vt 0.245915 0.290905
vt 0.273983 0.325740
vt 0.246127 0.290721
vt 0.280671 0.335154
vt 0.273756 0.326175
vt 0.273957 0.326245
vt 0.273970 0.325993
vt 0.322247 0.387996
vt 0.301444 0.361589
vt 0.329360 0.396569
vt 0.301659 0.361407
vt 0.331496 0.399505
vt 0.329251 0.396892
vt 0.329562 0.396839
vt 0.329461 0.396704
vt 0.344386 0.415402
vt 0.338020 0.407064
vt 0.346902 0.416936
vt 0.338232 0.406888
vt 0.350850 0.422593
vt 0.346153 0.420351
vt 0.345671 0.423346
vt 0.346287 0.420141
vt 0.386410 0.421728
vt 0.366041 0.422537
vt 0.366005 0.422808
vt 0.384670 0.424617
vt 0.369145 0.426473
vt 0.383204 0.427259
vt 0.432452 0.466475
vt 0.422935 0.453869
vt 0.432702 0.466290
vt 0.423150 0.453669
vt 0.413599 0.441049
vt 0.412410 0.442012
vt 0.332376 0.503811
vt 0.341545 0.515965
vt 0.341777 0.515791
vt 0.332630 0.503611
vt 0.350715 0.528120
vt 0.350944 0.527949
vt 0.548664 0.217789
vt 0.536077 0.220848
vt 0.545904 0.259009
vt 0.555745 0.256706
vt 0.526567 0.224485
vt 0.538227 0.261956
vt 0.535049 0.263005
vt 0.534121 0.263105
vt 0.522640 0.225775
vt 0.521861 0.228355
vt 0.756816 0.624900
vt 0.759200 0.624211
vt 0.721315 0.614679
vt 0.721258 0.615727
vt 0.760191 0.620510
vt 0.722113 0.611665
vt 0.724393 0.604717
vt 0.726640 0.596481
vt 0.763025 0.611967
vt 0.765820 0.601834
vt 0.766605 0.585733
vt 0.766515 0.578123
vt 0.727194 0.577194
vt 0.727268 0.583397
vt 0.766425 0.570524
vt 0.727121 0.570991
vt 0.578801 0.262546
vt 0.573551 0.260060
vt 0.582592 0.263770
vt 0.582270 0.237221
vt 0.579429 0.235853
vt 0.574274 0.221830
vt 0.534148 0.131634
vt 0.516975 0.137379
vt 0.525983 0.177837
vt 0.541221 0.173730
vt 0.503305 0.142770
vt 0.514338 0.182121
vt 0.509544 0.183629
vt 0.508176 0.183750
vt 0.497687 0.144647
vt 0.494490 0.139145
vt 0.846457 0.647976
vt 0.840788 0.645011
vt 0.801716 0.634898
vt 0.801637 0.636438
vt 0.842402 0.639825
vt 0.802920 0.630430
vt 0.806370 0.620109
vt 0.809775 0.607848
vt 0.847020 0.627834
vt 0.851586 0.613574
vt 0.852944 0.590791
vt 0.852828 0.580116
vt 0.810630 0.579133
vt 0.810736 0.588307
vt 0.852703 0.569501
vt 0.810522 0.570001
vt 0.186501 0.637124
vt 0.183055 0.631993
vt 0.186890 0.650115
vt 0.190816 0.650709
vt 0.177668 0.625473
vt 0.181916 0.643155
vt 0.183861 0.651252
vt 0.185058 0.656238
vt 0.189968 0.676680
vt 0.194326 0.673924
vt 0.198230 0.672932
vt 0.510408 0.106874
vt 0.528179 0.098607
vt 0.495232 0.114336
vt 0.488993 0.116906
vt 0.487223 0.117028
vt 0.868342 0.652822
vt 0.868158 0.654785
vt 0.870739 0.647093
vt 0.877564 0.633831
vt 0.884335 0.618062
vt 0.886400 0.580963
vt 0.886514 0.592855
vt 0.886258 0.569103
vt 0.208295 0.699588
vt 0.205517 0.690227
vt 0.200802 0.692694
vt 0.205908 0.705143
vt 0.194396 0.695122
vt 0.198957 0.714121
vt 0.561822 0.218233
vt 0.556796 0.172749
vt 0.568877 0.173127
vt 0.562265 0.127491
vt 0.550275 0.128693
vt 0.569403 0.299678
vt 0.565413 0.257584
vt 0.575629 0.353389
vt 0.580999 0.398113
vt 0.582420 0.413243
vt 0.581984 0.413505
vt 0.581781 0.413621
vt 0.581694 0.413665
vt 0.567522 0.575541
vt 0.567633 0.575328
vt 0.567478 0.575638
vt 0.567878 0.574882
vt 0.583386 0.575928
vt 0.684350 0.585475
vt 0.629287 0.580188
vt 0.766693 0.593363
vt 0.727341 0.589600
vt 0.853046 0.601585
vt 0.810841 0.597563
vt 0.912068 0.606970
vt 0.886572 0.604813
vt 0.930182 0.607778
vt 0.941050 0.607877
vt 0.944804 0.607902
vt 0.947220 0.608026
vt 0.954074 0.608425
vt 0.961096 0.608812
vt 0.964892 0.608846
vt 0.964019 0.608903
vt 0.399897 0.431640
vt 0.394528 0.433087
vt 0.400004 0.431388
vt 0.378634 0.436923
vt 0.361576 0.441109
vt 0.352715 0.443605
vt 0.348453 0.445816
vt 0.345193 0.449151
vt 0.340792 0.456854
vt 0.333106 0.472171
vt 0.326047 0.486534
vt 0.323276 0.491458
vt 0.323527 0.491377
vt 0.538282 0.019141
vt 0.538525 0.022041
vt 0.538278 0.018295
vt 0.539972 0.035894
vt 0.539250 0.029050
vt 0.539349 0.041516
vt 0.540210 0.038303
vt 0.536775 0.050772
vt 0.536416 0.067625
vt 0.542199 0.093625
vt 0.551585 0.091114
vt 0.187998 0.631960
vt 0.185512 0.624826
vt 0.182953 0.625589
vt 0.186290 0.632465
vt 0.184226 0.623457
vt 0.180947 0.624465
vt 0.201147 0.672108
vt 0.193727 0.650402
vt 0.192293 0.650845
vt 0.199700 0.672541
vt 0.213435 0.701765
vt 0.208706 0.689034
vt 0.207253 0.689365
vt 0.211561 0.701716
vt 0.208212 0.718344
vt 0.212367 0.710885
vt 0.209232 0.709993
vt 0.203585 0.716232
vt 0.218969 0.721412
vt 0.222143 0.711882
vt 0.216904 0.711462
vt 0.213591 0.719878
vt 0.225316 0.702353
vt 0.217477 0.701429
vt 0.217640 0.687017
vt 0.212570 0.688161
vt 0.209963 0.671680
vt 0.204986 0.670994
vt 0.202514 0.647775
vt 0.197529 0.649263
vt 0.195066 0.623870
vt 0.191866 0.630848
vt 0.194613 0.622214
vt 0.189665 0.623629
vt 0.194161 0.620558
vt 0.189193 0.622008
vt 0.560688 0.053242
vt 0.580009 0.050607
vt 0.549735 0.065014
vt 0.542424 0.058482
vt 0.561209 0.053956
vt 0.579994 0.049429
vt 0.555454 0.090260
vt 0.567028 0.126961
vt 0.570706 0.121990
vt 0.556565 0.090236
vt 0.573636 0.173093
vt 0.577283 0.211930
vt 0.578762 0.223717
vt 0.574734 0.172853
vt 0.579970 0.226746
vt 0.582160 0.228135
vt 0.582172 0.229149
vt 0.580467 0.226433
vt 0.654786 0.836010
vt 0.652682 0.833415
vt 0.647247 0.837744
vt 0.649523 0.840198
vt 0.652184 0.832790
vt 0.646741 0.837126
vt 0.641153 0.841361
vt 0.643108 0.841048
vt 0.645539 0.843381
vt 0.591008 0.398537
vt 0.591538 0.398679
vt 0.603376 0.354994
vt 0.601991 0.354608
vt 0.587978 0.413097
vt 0.603799 0.355032
vt 0.619620 0.296967
vt 0.617811 0.302665
vt 0.615411 0.301957
vt 0.684865 0.536424
vt 0.626385 0.552853
vt 0.626426 0.553326
vt 0.679141 0.538821
vt 0.567904 0.569282
vt 0.582431 0.565593
vt 0.582569 0.566107
vt 0.626782 0.554636
vt 0.679784 0.541073
vt 0.664023 0.828678
vt 0.662084 0.825938
vt 0.658047 0.829146
vt 0.660043 0.831834
vt 0.662796 0.824117
vt 0.657557 0.828513
vt 0.958676 0.512891
vt 0.961660 0.512735
vt 0.959420 0.496365
vt 0.956269 0.496474
vt 0.962954 0.513616
vt 0.960272 0.496373
vt 0.957590 0.479130
vt 0.957489 0.482748
vt 0.954239 0.482780
vt 0.582922 0.567248
vt 0.627766 0.557622
vt 0.595025 0.566543
vt 0.628748 0.561158
vt 0.683381 0.552377
vt 0.681583 0.546242
vt 0.602639 0.298475
vt 0.594807 0.352727
vt 0.598681 0.353525
vt 0.609624 0.299953
vt 0.590149 0.386198
vt 0.589784 0.398164
vt 0.669442 0.022928
vt 0.669853 0.019799
vt 0.654387 0.019489
vt 0.654034 0.022530
vt 0.674092 0.019103
vt 0.654332 0.018655
vt 0.634571 0.018206
vt 0.636154 0.018931
vt 0.635918 0.021866
vt 0.950660 0.014831
vt 0.950332 0.011979
vt 0.940950 0.012662
vt 0.941265 0.015529
vt 0.953324 0.010936
vt 0.940867 0.011841
vt 0.928409 0.012746
vt 0.922174 0.013773
vt 0.922472 0.016654
vt 0.615642 0.804349
vt 0.629001 0.822149
vt 0.632967 0.819033
vt 0.619434 0.801391
vt 0.635464 0.831185
vt 0.639578 0.827909
vt 0.644952 0.823622
vt 0.638126 0.814934
vt 0.624352 0.797480
vt 0.962574 0.171532
vt 0.966626 0.173172
vt 0.968149 0.171596
vt 0.962148 0.158554
vt 0.970677 0.174812
vt 0.970880 0.172145
vt 0.969756 0.157189
vt 0.966642 0.157515
vt 0.961206 0.148165
vt 0.643172 0.810826
vt 0.629138 0.793516
vt 0.650250 0.819383
vt 0.654251 0.816179
vt 0.646969 0.807698
vt 0.632736 0.790481
vt 0.946743 0.195816
vt 0.945915 0.198887
vt 0.945913 0.208323
vt 0.946743 0.208345
vt 0.943070 0.198759
vt 0.943056 0.208216
vt 0.943352 0.227124
vt 0.946221 0.227208
vt 0.946743 0.220873
vt 0.809324 0.195049
vt 0.799658 0.189975
vt 0.785540 0.188969
vt 0.798899 0.194498
vt 0.799831 0.186913
vt 0.784849 0.186347
vt 0.782251 0.186578
vt 0.784143 0.190466
vt 0.786035 0.194354
vt 0.679423 0.018947
vt 0.681424 0.020002
vt 0.690130 0.020612
vt 0.690141 0.019785
vt 0.681297 0.023038
vt 0.690137 0.023577
vt 0.698305 0.024154
vt 0.698209 0.021241
vt 0.700860 0.020624
vt 0.435725 0.582460
vt 0.442239 0.590484
vt 0.446838 0.587528
vt 0.440673 0.579976
vt 0.448837 0.597767
vt 0.452935 0.594486
vt 0.458374 0.590074
vt 0.452724 0.583245
vt 0.446797 0.576021
vt 0.458258 0.578159
vt 0.452102 0.570658
vt 0.463900 0.585456
vt 0.468134 0.581876
vt 0.462330 0.574000
vt 0.455826 0.566067
vt 0.956837 0.450110
vt 0.956161 0.452984
vt 0.956642 0.461735
vt 0.957474 0.461730
vt 0.953270 0.452957
vt 0.953770 0.461655
vt 0.954136 0.471066
vt 0.957055 0.471175
vt 0.958111 0.473351
vt 0.901033 0.472175
vt 0.902745 0.462872
vt 0.896282 0.462200
vt 0.894500 0.470973
vt 0.903472 0.454245
vt 0.897178 0.454102
vt 0.895320 0.451211
vt 0.894173 0.460896
vt 0.893026 0.470581
vt 0.685681 0.085732
vt 0.694876 0.083390
vt 0.693621 0.081960
vt 0.685425 0.084841
vt 0.704070 0.081047
vt 0.701321 0.080068
vt 0.700731 0.074184
vt 0.692425 0.075898
vt 0.683669 0.078674
vt 0.942735 0.082203
vt 0.939530 0.069278
vt 0.935351 0.070735
vt 0.939074 0.083380
vt 0.938012 0.068308
vt 0.934380 0.069672
vt 0.934665 0.071078
vt 0.934587 0.071175
vt 0.934509 0.071271
vt 0.959936 0.077090
vt 0.958623 0.063555
vt 0.950541 0.065784
vt 0.951643 0.079469
vt 0.960714 0.062694
vt 0.959862 0.062637
vt 0.959010 0.062580
vt 0.947711 0.065404
vt 0.083780 0.830624
vt 0.083748 0.831595
vt 0.084524 0.827858
vt 0.084311 0.827863
vt 0.101011 0.831278
vt 0.101691 0.827694
vt 0.102182 0.823146
vt 0.085071 0.823106
vt 0.084852 0.823105
vt 0.887382 0.220331
vt 0.887469 0.220271
vt 0.888084 0.218749
vt 0.875247 0.215382
vt 0.887555 0.220210
vt 0.889164 0.219596
vt 0.890573 0.215355
vt 0.889485 0.213890
vt 0.876359 0.211152
vt 0.084692 0.818766
vt 0.084483 0.818758
vt 0.101852 0.818969
vt 0.101292 0.815940
vt 0.084044 0.815647
vt 0.084046 0.816455
vt 0.676765 0.019850
vt 0.676465 0.022960
vt 0.676758 0.019025
vt 0.427959 0.572554
vt 0.433707 0.577716
vt 0.438362 0.575782
vt 0.434875 0.569363
vt 0.444004 0.572462
vt 0.439708 0.566705
vt 0.448603 0.567520
vt 0.443500 0.562505
vt 0.451718 0.563181
vt 0.448464 0.556702
vt 0.957019 0.476265
vt 0.957850 0.476240
vt 0.953910 0.476209
vt 0.890819 0.483820
vt 0.897833 0.477185
vt 0.891541 0.475801
vt 0.883472 0.479736
vt 0.890345 0.473567
vt 0.887665 0.476552
vt 0.681056 0.092512
vt 0.683369 0.089122
vt 0.681278 0.088448
vt 0.678045 0.096994
vt 0.679450 0.082439
vt 0.673310 0.089862
vt 0.937975 0.514375
vt 0.941930 0.514196
vt 0.938266 0.497274
vt 0.933530 0.497475
vt 0.944413 0.514013
vt 0.940930 0.497158
vt 0.938238 0.482854
vt 0.935462 0.482873
vt 0.929989 0.483097
vt 0.940112 0.470383
vt 0.937672 0.470264
vt 0.936106 0.475701
vt 0.938741 0.475773
vt 0.932388 0.470606
vt 0.930561 0.475995
vt 0.937636 0.461064
vt 0.932611 0.461366
vt 0.940026 0.461152
vt 0.939413 0.452751
vt 0.937004 0.452717
vt 0.932176 0.452954
vt 0.929483 0.198113
vt 0.927122 0.198003
vt 0.927025 0.207563
vt 0.929399 0.207659
vt 0.926968 0.194854
vt 0.923357 0.207825
vt 0.923522 0.227078
vt 0.927238 0.226605
vt 0.929625 0.226680
vt 0.673961 0.845008
vt 0.674797 0.844136
vt 0.671178 0.846947
vt 0.671306 0.847113
vt 0.673205 0.841831
vt 0.669529 0.844711
vt 0.664873 0.848383
vt 0.666626 0.850533
vt 0.666758 0.850698
vt 0.662524 0.853783
vt 0.662660 0.853942
vt 0.660601 0.851772
vt 0.657515 0.854246
vt 0.659613 0.856134
vt 0.660487 0.855652
vt 0.955657 0.030804
vt 0.952531 0.030879
vt 0.943075 0.031675
vt 0.943079 0.035366
vt 0.952255 0.028503
vt 0.942808 0.029284
vt 0.923939 0.030490
vt 0.924192 0.032895
vt 0.923998 0.036643
vt 0.699224 0.045461
vt 0.698981 0.040603
vt 0.690281 0.040404
vt 0.690568 0.045549
vt 0.698874 0.038165
vt 0.690235 0.037904
vt 0.680688 0.037879
vt 0.680866 0.040714
vt 0.681436 0.046435
vt 0.675716 0.042174
vt 0.677019 0.048859
vt 0.674979 0.038502
vt 0.667345 0.038753
vt 0.668442 0.042948
vt 0.670207 0.049981
vt 0.652655 0.041198
vt 0.653888 0.046961
vt 0.652025 0.037615
vt 0.634354 0.036026
vt 0.634343 0.038727
vt 0.634988 0.042808
vt 0.945058 0.555488
vt 0.941221 0.555524
vt 0.947461 0.555400
vt 0.947106 0.542249
vt 0.944703 0.542390
vt 0.940885 0.542440
vt 0.964901 0.541404
vt 0.963820 0.541264
vt 0.964177 0.554788
vt 0.965052 0.554786
vt 0.960908 0.541398
vt 0.961264 0.554877
vt 0.412259 0.507947
vt 0.425344 0.495198
vt 0.424572 0.524908
vt 0.435954 0.510556
vt 0.446689 0.497044
vt 0.437670 0.483196
vt 0.402327 0.517182
vt 0.405705 0.514289
vt 0.415778 0.535037
vt 0.418878 0.532006
vt 0.391688 0.523473
vt 0.398771 0.519582
vt 0.404445 0.540121
vt 0.412181 0.537189
vt 0.364630 0.537707
vt 0.377732 0.530837
vt 0.374318 0.550482
vt 0.388927 0.545492
vt 0.593366 0.019764
vt 0.593414 0.016845
vt 0.607087 0.020267
vt 0.607208 0.017354
vt 0.607277 0.016372
vt 0.593428 0.015997
vt 0.607617 0.039288
vt 0.606332 0.036615
vt 0.593098 0.036146
vt 0.593946 0.038252
vt 0.606440 0.034194
vt 0.593137 0.033720
vt 0.585136 0.395896
vt 0.585711 0.344345
vt 0.586332 0.397667
vt 0.588882 0.351531
vt 0.591478 0.300698
vt 0.586958 0.300657
vt 0.585237 0.413923
vt 0.585078 0.413467
vt 0.586047 0.413765
vt 0.585741 0.413377
vt 0.585346 0.414206
vt 0.585312 0.414127
vt 0.586274 0.414102
vt 0.586191 0.413938
vt 0.567124 0.572068
vt 0.566914 0.571995
vt 0.567267 0.571249
vt 0.567088 0.571104
vt 0.566914 0.571017
vt 0.566827 0.571960
vt 0.583267 0.571624
vt 0.567582 0.572216
vt 0.583277 0.570547
vt 0.567660 0.571547
vt 0.684073 0.562186
vt 0.629128 0.566800
vt 0.629159 0.569478
vt 0.684128 0.566844
vt 0.704299 0.081003
vt 0.742287 0.075703
vt 0.742139 0.074174
vt 0.713586 0.078102
vt 0.780276 0.070402
vt 0.770692 0.070251
vt 0.770363 0.065481
vt 0.741793 0.068957
vt 0.713225 0.072434
vt 0.904118 0.441497
vt 0.905319 0.412506
vt 0.899595 0.412484
vt 0.898012 0.441522
vt 0.906522 0.383511
vt 0.901175 0.383447
vt 0.899451 0.373659
vt 0.897394 0.412293
vt 0.895337 0.450926
vt 0.935322 0.383187
vt 0.932919 0.383166
vt 0.934572 0.411700
vt 0.936979 0.411719
vt 0.929114 0.383222
vt 0.930357 0.411824
vt 0.931604 0.440416
vt 0.936228 0.440224
vt 0.938641 0.440241
vt 0.952299 0.373882
vt 0.952035 0.383332
vt 0.953723 0.411849
vt 0.954555 0.411835
vt 0.949149 0.383319
vt 0.950832 0.411839
vt 0.952522 0.440347
vt 0.955418 0.440355
vt 0.956811 0.449789
vt 0.467463 0.601300
vt 0.488622 0.627581
vt 0.494056 0.623132
vt 0.472965 0.596841
vt 0.509781 0.653864
vt 0.515163 0.649413
vt 0.519279 0.646005
vt 0.498238 0.619737
vt 0.477226 0.593449
vt 0.458224 0.609118
vt 0.479342 0.635319
vt 0.483321 0.631986
vt 0.462169 0.605744
vt 0.500434 0.661545
vt 0.504458 0.658242
vt 0.767246 0.022966
vt 0.767015 0.020069
vt 0.738744 0.020665
vt 0.738941 0.023561
vt 0.776318 0.019060
vt 0.738698 0.019840
vt 0.701078 0.020621
vt 0.710492 0.021251
vt 0.710651 0.024147
vt 0.768863 0.043108
vt 0.768609 0.039307
vt 0.740097 0.039895
vt 0.740341 0.044106
vt 0.768408 0.036888
vt 0.739927 0.037477
vt 0.711453 0.038059
vt 0.711591 0.040477
vt 0.711824 0.045100
vt 0.852109 0.016091
vt 0.842861 0.017287
vt 0.852620 0.016966
vt 0.852554 0.016143
vt 0.843144 0.020176
vt 0.852897 0.019852
vt 0.862651 0.019459
vt 0.862382 0.016574
vt 0.852998 0.016195
vt 0.864416 0.039378
vt 0.864210 0.035719
vt 0.854522 0.036124
vt 0.854820 0.039766
vt 0.863981 0.033311
vt 0.854283 0.033714
vt 0.844572 0.034060
vt 0.844818 0.036473
vt 0.845121 0.040120
vt 0.856722 0.066875
vt 0.856892 0.066792
vt 0.856864 0.065558
vt 0.847199 0.066005
vt 0.857062 0.066708
vt 0.865819 0.065248
vt 0.865597 0.060835
vt 0.856555 0.061131
vt 0.846881 0.061528
vt 0.904590 0.306403
vt 0.904207 0.296627
vt 0.899111 0.296563
vt 0.899452 0.306316
vt 0.903753 0.287495
vt 0.898664 0.287543
vt 0.897011 0.296317
vt 0.896981 0.296497
vt 0.896951 0.296677
vt 0.926178 0.306532
vt 0.929818 0.306551
vt 0.929420 0.296748
vt 0.925780 0.296733
vt 0.932210 0.306605
vt 0.931810 0.296801
vt 0.931466 0.287007
vt 0.929077 0.286959
vt 0.925420 0.287036
vt 0.949210 0.296718
vt 0.948083 0.287345
vt 0.948432 0.297164
vt 0.949263 0.297167
vt 0.945211 0.287293
vt 0.945559 0.297111
vt 0.945974 0.306931
vt 0.948848 0.306985
vt 0.949316 0.297616
vt 0.566042 0.724005
vt 0.573136 0.732855
vt 0.577993 0.728873
vt 0.571096 0.719856
vt 0.580207 0.741774
vt 0.584925 0.737896
vt 0.588514 0.734949
vt 0.581693 0.725852
vt 0.574945 0.716704
vt 0.557147 0.731314
vt 0.564580 0.739900
vt 0.568277 0.736851
vt 0.560989 0.728155
vt 0.571853 0.748613
vt 0.575468 0.745655
vt 0.776573 0.019841
vt 0.776515 0.019017
vt 0.776815 0.022740
vt 0.786398 0.022346
vt 0.786150 0.019448
vt 0.776712 0.018975
vt 0.788106 0.042367
vt 0.787843 0.038704
vt 0.778233 0.039095
vt 0.778489 0.042759
vt 0.787631 0.036282
vt 0.778024 0.036673
vt 0.780384 0.070422
vt 0.780302 0.068946
vt 0.780493 0.070441
vt 0.789936 0.068529
vt 0.789640 0.063911
vt 0.779994 0.064315
vt 0.906930 0.373729
vt 0.901701 0.373667
vt 0.906604 0.364014
vt 0.901379 0.363961
vt 0.899410 0.373418
vt 0.899431 0.373539
vt 0.932373 0.373526
vt 0.928705 0.373560
vt 0.934775 0.373546
vt 0.934415 0.363878
vt 0.932014 0.363854
vt 0.928350 0.363881
vt 0.952327 0.373481
vt 0.951116 0.364051
vt 0.951481 0.373689
vt 0.952313 0.373681
vt 0.948232 0.364028
vt 0.948596 0.373673
vt 0.516912 0.662723
vt 0.522321 0.658237
vt 0.523996 0.671561
vt 0.529402 0.667086
vt 0.533524 0.663663
vt 0.526448 0.654800
vt 0.507469 0.670447
vt 0.511538 0.667128
vt 0.514552 0.679291
vt 0.518623 0.675967
vt 0.701985 0.040670
vt 0.702214 0.045432
vt 0.701858 0.038253
vt 0.700989 0.021449
vt 0.700969 0.020622
vt 0.701124 0.024344
vt 0.451111 0.600289
vt 0.455043 0.596901
vt 0.460334 0.592445
vt 0.465858 0.587983
vt 0.470146 0.584594
vt 0.955992 0.449962
vt 0.956824 0.449949
vt 0.953094 0.449954
vt 0.936787 0.449833
vt 0.932025 0.450048
vt 0.939202 0.449849
vt 0.903716 0.451265
vt 0.897481 0.451302
vt 0.895329 0.451068
vt 0.704184 0.081025
vt 0.703978 0.079424
vt 0.703601 0.073603
vt 0.816315 0.037582
vt 0.816599 0.041238
vt 0.816084 0.035163
vt 0.818607 0.068658
vt 0.818563 0.067272
vt 0.818256 0.062718
vt 0.905607 0.335218
vt 0.900419 0.335147
vt 0.898181 0.335048
vt 0.930922 0.335224
vt 0.933320 0.335264
vt 0.927271 0.335227
vt 0.949991 0.335549
vt 0.950822 0.335548
vt 0.947111 0.335508
vt 0.545017 0.697781
vt 0.550280 0.693443
vt 0.554289 0.690135
vt 0.535792 0.705346
vt 0.539772 0.702085
vt 0.814475 0.018355
vt 0.814743 0.021249
vt 0.814411 0.017533
vt 0.892669 0.034443
vt 0.892626 0.038159
vt 0.892431 0.032035
vt 0.892404 0.065552
vt 0.892327 0.064392
vt 0.927746 0.064395
vt 0.919757 0.064454
vt 0.925066 0.060464
vt 0.892324 0.059948
vt 0.902522 0.260608
vt 0.897377 0.260912
vt 0.899540 0.227787
vt 0.895176 0.233495
vt 0.893510 0.225444
vt 0.895261 0.260881
vt 0.928136 0.258324
vt 0.930526 0.258382
vt 0.924438 0.258650
vt 0.947145 0.258787
vt 0.947977 0.258796
vt 0.944273 0.258724
vt 0.601162 0.768205
vt 0.605848 0.764325
vt 0.609389 0.761362
vt 0.592733 0.774967
vt 0.596394 0.772050
vt 0.890775 0.015293
vt 0.891055 0.018178
vt 0.890703 0.014470
vt 0.899637 0.500098
vt 0.919728 0.498070
vt 0.913976 0.483744
vt 0.908067 0.516616
vt 0.926511 0.514927
vt 0.916918 0.471648
vt 0.914322 0.476870
vt 0.917918 0.462281
vt 0.918068 0.453663
vt 0.918116 0.450686
vt 0.918107 0.440984
vt 0.918075 0.383387
vt 0.918089 0.412189
vt 0.918078 0.373661
vt 0.917738 0.363961
vt 0.915634 0.306479
vt 0.916695 0.335235
vt 0.915236 0.296688
vt 0.914825 0.287270
vt 0.912748 0.228505
vt 0.913721 0.259633
vt 0.912727 0.208618
vt 0.913184 0.194351
vt 0.899400 0.193849
vt 0.901334 0.208883
vt 0.188822 0.453229
vt 0.191827 0.453267
vt 0.191882 0.462557
vt 0.188545 0.462557
vt 0.195022 0.450872
vt 0.195509 0.462557
vt 0.195996 0.474243
vt 0.192125 0.474243
vt 0.188254 0.474243
vt 0.184699 0.450872
vt 0.186439 0.453267
vt 0.185790 0.462557
vt 0.183325 0.462557
vt 0.185103 0.474243
vt 0.181951 0.474243
vt 0.958562 0.058408
vt 0.957110 0.044606
vt 0.943056 0.046066
vt 0.943591 0.057471
vt 0.923383 0.047513
vt 0.892467 0.048932
vt 0.865004 0.049981
vt 0.855686 0.050318
vt 0.845998 0.050686
vt 0.817424 0.051828
vt 0.788868 0.052980
vt 0.779233 0.053376
vt 0.769600 0.054133
vt 0.741049 0.056364
vt 0.712503 0.058593
vt 0.702883 0.059340
vt 0.699920 0.059652
vt 0.691345 0.060571
vt 0.682355 0.062480
vt 0.678147 0.065762
vt 0.671416 0.066590
vt 0.636159 0.072188
vt 0.654294 0.081337
vt 0.654853 0.061138
vt 0.636209 0.053987
vt 0.598916 0.050263
vt 0.596493 0.044191
vt 0.614897 0.060628
vt 0.611477 0.046923
vt 0.930105 0.555630
vt 0.911731 0.556104
vt 0.929827 0.542596
vt 0.911519 0.543389
vt 0.642132 0.843139
vt 0.644120 0.844539
vt 0.641633 0.842242
vt 0.641489 0.842381
vt 0.640999 0.841492
vt 0.640846 0.841624
vt 0.640545 0.840620
vt 0.640669 0.840775
vt 0.646152 0.836403
vt 0.645549 0.835640
vt 0.640793 0.840931
vt 0.646290 0.836574
vt 0.651737 0.832237
vt 0.651600 0.832067
vt 0.650996 0.831302
vt 0.656976 0.827801
vt 0.656375 0.827037
vt 0.657111 0.827967
vt 0.660093 0.825608
vt 0.661034 0.824641
vt 0.660441 0.823845
vt 0.663538 0.824791
vt 0.662958 0.824000
vt 0.665459 0.827550
vt 0.664282 0.825467
vt 0.663701 0.824675
vt 0.663120 0.823883
vt 0.676334 0.843654
vt 0.674986 0.844375
vt 0.671432 0.847269
vt 0.672040 0.848027
vt 0.666883 0.850856
vt 0.667487 0.851618
vt 0.676102 0.843211
vt 0.674539 0.840820
vt 0.676249 0.843228
vt 0.676165 0.842803
vt 0.662782 0.854100
vt 0.663382 0.854864
vt 0.659808 0.856367
vt 0.659013 0.857331
vt 0.658636 0.857021
vt 0.658626 0.857177
vt 0.656421 0.855173
vt 0.658238 0.857023
vt 0.083008 0.832810
vt 0.083471 0.831599
vt 0.084135 0.827860
vt 0.083457 0.827821
vt 0.084669 0.823104
vt 0.083978 0.823103
vt 0.221096 0.823414
vt 0.220936 0.823400
vt 0.220876 0.826595
vt 0.221037 0.826604
vt 0.220775 0.823385
vt 0.203760 0.826746
vt 0.220655 0.829787
vt 0.220816 0.829790
vt 0.220978 0.829793
vt 0.083442 0.832891
vt 0.100774 0.832566
vt 0.083371 0.832966
vt 0.083733 0.833122
vt 0.084308 0.818759
vt 0.083635 0.818796
vt 0.083773 0.815640
vt 0.083360 0.814633
vt 0.083781 0.814557
vt 0.083712 0.814482
vt 0.101095 0.814836
vt 0.084064 0.814332
vt 0.221211 0.817277
vt 0.221050 0.817272
vt 0.220993 0.820325
vt 0.221155 0.820324
vt 0.220888 0.817268
vt 0.203883 0.820132
vt 0.220937 0.823378
vt 0.221098 0.823371
vt 0.954677 0.014517
vt 0.956802 0.014328
vt 0.956472 0.011479
vt 0.954346 0.011669
vt 0.959346 0.012052
vt 0.959261 0.011230
vt 0.959175 0.010408
vt 0.956384 0.010658
vt 0.953594 0.010907
vt 0.638269 0.835019
vt 0.639822 0.836987
vt 0.643987 0.833660
vt 0.642432 0.831689
vt 0.649434 0.829318
vt 0.647877 0.827342
vt 0.654815 0.825046
vt 0.653260 0.823062
vt 0.658884 0.821834
vt 0.657330 0.819837
vt 0.946887 0.189917
vt 0.946057 0.189887
vt 0.945991 0.192701
vt 0.946821 0.192732
vt 0.945226 0.189856
vt 0.943148 0.192567
vt 0.943098 0.194712
vt 0.945940 0.194846
vt 0.946755 0.195547
vt 0.927453 0.188965
vt 0.927266 0.188959
vt 0.927213 0.191775
vt 0.929573 0.191891
vt 0.927079 0.188953
vt 0.927026 0.191769
vt 0.926973 0.194584
vt 0.927172 0.193920
vt 0.929531 0.194036
vt 0.680459 0.848830
vt 0.678396 0.846242
vt 0.673614 0.850002
vt 0.675182 0.851971
vt 0.669057 0.853592
vt 0.670622 0.855559
vt 0.664951 0.856842
vt 0.666516 0.858811
vt 0.661070 0.859921
vt 0.663128 0.862511
vt 0.955924 0.030780
vt 0.958713 0.030539
vt 0.958695 0.030352
vt 0.956569 0.030536
vt 0.961503 0.030298
vt 0.961484 0.030111
vt 0.961465 0.029925
vt 0.958416 0.027979
vt 0.956291 0.028164
vt 0.078671 0.832257
vt 0.080840 0.832533
vt 0.081739 0.827715
vt 0.079789 0.827604
vt 0.082236 0.823101
vt 0.080260 0.823107
vt 0.081926 0.818895
vt 0.079982 0.819005
vt 0.081212 0.814893
vt 0.079065 0.815154
vt 0.895005 0.191879
vt 0.895115 0.190108
vt 0.894934 0.190097
vt 0.894261 0.194047
vt 0.895226 0.188337
vt 0.895043 0.188326
vt 0.894860 0.188315
vt 0.881341 0.189304
vt 0.880622 0.193322
vt 0.799923 0.184706
vt 0.784593 0.184265
vt 0.787166 0.182039
vt 0.784555 0.182454
vt 0.781943 0.182868
vt 0.782097 0.184723
vt 0.972526 0.174942
vt 0.972989 0.172321
vt 0.974374 0.175072
vt 0.974788 0.172312
vt 0.975202 0.169552
vt 0.971968 0.157002
vt 0.964256 0.062685
vt 0.964237 0.062504
vt 0.962485 0.062688
vt 0.963868 0.076178
vt 0.964218 0.062322
vt 0.962466 0.062508
vt 0.931206 0.067736
vt 0.931479 0.066896
vt 0.935063 0.065571
vt 0.945269 0.063275
vt 0.958786 0.060494
vt 0.184745 0.449073
vt 0.187012 0.448767
vt 0.184791 0.447275
vt 0.187548 0.446661
vt 0.190306 0.446048
vt 0.189431 0.448613
vt 0.192151 0.448767
vt 0.192664 0.446661
vt 0.195022 0.447275
vt 0.195022 0.449073
vt 0.897318 0.193715
vt 0.895376 0.207561
vt 0.895237 0.193581
vt 0.893026 0.205201
vt 0.893557 0.218123
vt 0.891983 0.222117
vt 0.890533 0.222827
vt 0.078868 0.823133
vt 0.078410 0.827550
vt 0.078122 0.823012
vt 0.077318 0.827523
vt 0.076514 0.832035
vt 0.077593 0.832146
vt 0.077982 0.815200
vt 0.078605 0.819077
vt 0.076898 0.815246
vt 0.077510 0.819129
vt 0.892457 0.202354
vt 0.878672 0.201836
vt 0.895121 0.192730
vt 0.953880 0.014590
vt 0.953548 0.011742
vt 0.953459 0.010922
vt 0.637684 0.834280
vt 0.641847 0.830950
vt 0.647293 0.826600
vt 0.652676 0.822319
vt 0.656746 0.819089
vt 0.945919 0.195651
vt 0.946749 0.195682
vt 0.943078 0.195517
vt 0.927156 0.194725
vt 0.929514 0.194841
vt 0.926970 0.194719
vt 0.680655 0.849079
vt 0.680557 0.848954
vt 0.675769 0.852710
vt 0.675867 0.852834
vt 0.671209 0.856298
vt 0.671080 0.856590
vt 0.667103 0.859551
vt 0.667201 0.859675
vt 0.663225 0.862636
vt 0.663322 0.862761
vt 0.955791 0.030792
vt 0.955772 0.030606
vt 0.955493 0.028234
vt 0.951461 0.513448
vt 0.948519 0.496814
vt 0.946159 0.482819
vt 0.954278 0.555138
vt 0.953922 0.541822
vt 0.606761 0.027312
vt 0.593250 0.026824
vt 0.668142 0.030663
vt 0.652865 0.029982
vt 0.635098 0.028984
vt 0.680942 0.030492
vt 0.675549 0.030637
vt 0.698588 0.031239
vt 0.690180 0.030818
vt 0.711056 0.031183
vt 0.701492 0.031378
vt 0.767832 0.030007
vt 0.739439 0.030599
vt 0.787021 0.029393
vt 0.777425 0.029786
vt 0.843864 0.027197
vt 0.815420 0.028285
vt 0.863323 0.026464
vt 0.853596 0.026862
vt 0.923213 0.023651
vt 0.891750 0.025186
vt 0.942045 0.022486
vt 0.951466 0.021747
vt 0.955493 0.021420
vt 0.954695 0.021491
vt 0.960406 0.020988
vt 0.957617 0.021233
vt 0.651582 0.848888
vt 0.650316 0.849931
vt 0.650185 0.850081
vt 0.659889 0.842270
vt 0.655121 0.846059
vt 0.668672 0.835327
vt 0.664844 0.838347
vt 0.670058 0.834246
vt 0.670223 0.834135
vt 0.936280 0.192226
vt 0.936234 0.194371
vt 0.936340 0.189411
vt 0.936216 0.195176
vt 0.936196 0.198433
vt 0.936147 0.207935
vt 0.936408 0.226901
vt 0.937319 0.258552
vt 0.938258 0.287150
vt 0.939012 0.306768
vt 0.938604 0.296955
vt 0.940135 0.335386
vt 0.941243 0.363953
vt 0.942155 0.383254
vt 0.941605 0.373610
vt 0.943825 0.411781
vt 0.945501 0.440295
vt 0.946261 0.452855
vt 0.946068 0.449902
vt 0.947044 0.470726
vt 0.946818 0.461405
vt 0.946246 0.475994
vt 0.948542 0.121401
vt 0.950232 0.120901
vt 0.953287 0.120032
vt 0.837901 0.201951
vt 0.837160 0.205300
vt 0.836709 0.207343
vt 0.839221 0.195987
vt 0.840450 0.190091
vt 0.841013 0.185177
vt 0.840921 0.186946
vt 0.152575 0.816819
vt 0.152477 0.815800
vt 0.220892 0.817106
vt 0.220895 0.816944
vt 0.152479 0.815638
vt 0.153041 0.823264
vt 0.152876 0.819552
vt 0.152328 0.830315
vt 0.152734 0.827218
vt 0.220662 0.830111
vt 0.220658 0.829949
vt 0.152194 0.831455
vt 0.152198 0.831616
vt 0.967978 0.116285
vt 0.964877 0.116903
vt 0.969729 0.116119
vt 0.959075 0.118426
vt 0.432510 0.575501
vt 0.426851 0.576214
vt 0.410224 0.575878
vt 0.410168 0.576140
vt 0.407622 0.571896
vt 0.393590 0.570376
vt 0.391146 0.573329
vt 0.387826 0.576780
vt 0.431366 0.581936
vt 0.433949 0.583409
vt 0.432068 0.578504
vt 0.431938 0.578719
vt 0.440568 0.591590
vt 0.447336 0.598988
vt 0.440361 0.591771
vt 0.449356 0.601606
vt 0.449663 0.601546
vt 0.456769 0.610367
vt 0.449457 0.601738
vt 0.449557 0.601870
vt 0.505767 0.671607
vt 0.498951 0.662769
vt 0.477874 0.636554
vt 0.477662 0.636739
vt 0.505971 0.671676
vt 0.513055 0.680523
vt 0.505759 0.671862
vt 0.505751 0.672116
vt 0.562482 0.741373
vt 0.555728 0.732492
vt 0.534325 0.706558
vt 0.534117 0.706744
vt 0.563208 0.741041
vt 0.570508 0.749723
vt 0.562998 0.741228
vt 0.563515 0.741082
vt 0.618799 0.811407
vt 0.614233 0.805455
vt 0.591371 0.776061
vt 0.591157 0.776244
vt 0.627312 0.823479
vt 0.627532 0.823304
vt 0.635825 0.835551
vt 0.633945 0.832393
vt 0.636030 0.835807
vt 0.636734 0.836246
vt 0.636149 0.835506
vt 0.635928 0.835679
vt 0.640108 0.840974
vt 0.639848 0.840190
vt 0.638288 0.838214
vt 0.638069 0.838390
vt 0.640359 0.841283
vt 0.640578 0.841107
vt 0.640452 0.840952
vt 0.640234 0.841129
vt 0.640797 0.840930
vt 0.640671 0.840775
vt 0.651900 0.832437
vt 0.646454 0.836776
vt 0.640973 0.841146
vt 0.661258 0.824904
vt 0.657275 0.828162
vt 0.662528 0.823617
vt 0.661952 0.822730
vt 0.662740 0.823663
vt 0.662685 0.823208
vt 0.660397 0.820669
vt 0.658838 0.818653
vt 0.660632 0.820529
vt 0.658578 0.817850
vt 0.658251 0.817896
vt 0.655732 0.814994
vt 0.658473 0.817722
vt 0.658368 0.817594
vt 0.648383 0.806541
vt 0.648605 0.806368
vt 0.638842 0.795142
vt 0.634085 0.789357
vt 0.610721 0.760263
vt 0.589862 0.733858
vt 0.610948 0.760097
vt 0.583055 0.725052
vt 0.583079 0.724737
vt 0.576380 0.715545
vt 0.583308 0.724575
vt 0.583561 0.724097
vt 0.555778 0.688924
vt 0.535050 0.662412
vt 0.556007 0.688761
vt 0.528452 0.653426
vt 0.527974 0.653543
vt 0.520802 0.644757
vt 0.528201 0.653377
vt 0.527951 0.653328
vt 0.499783 0.618493
vt 0.478799 0.592208
vt 0.500010 0.618325
vt 0.472069 0.583323
vt 0.471729 0.583356
vt 0.469698 0.580575
vt 0.471960 0.583194
vt 0.471851 0.583066
vt 0.463830 0.572499
vt 0.457206 0.564430
vt 0.464043 0.572327
vt 0.456236 0.561588
vt 0.452908 0.561672
vt 0.452148 0.556768
vt 0.453137 0.561578
vt 0.450038 0.561568
vt 0.462776 0.523008
vt 0.459525 0.523874
vt 0.456136 0.542260
vt 0.456407 0.542288
vt 0.456584 0.524555
vt 0.453477 0.538255
vt 0.441947 0.479095
vt 0.450443 0.492468
vt 0.451696 0.491595
vt 0.442199 0.478943
vt 0.369040 0.552458
vt 0.369308 0.552270
vt 0.360109 0.540114
vt 0.359878 0.540289
vt 0.615394 0.216979
vt 0.609260 0.256056
vt 0.619153 0.258121
vt 0.628052 0.219732
vt 0.626899 0.260880
vt 0.637647 0.223138
vt 0.631033 0.261930
vt 0.630102 0.261852
vt 0.642446 0.226893
vt 0.641604 0.224332
vt 0.755527 0.516394
vt 0.720196 0.526409
vt 0.720278 0.527454
vt 0.757927 0.517025
vt 0.721148 0.530449
vt 0.759005 0.520701
vt 0.726034 0.545520
vt 0.723592 0.537340
vt 0.765077 0.539238
vt 0.762042 0.529174
vt 0.766243 0.555316
vt 0.726972 0.558585
vt 0.727047 0.564788
vt 0.766335 0.562925
vt 0.591541 0.259841
vt 0.586353 0.262455
vt 0.589890 0.221640
vt 0.585077 0.235784
vt 0.627819 0.130497
vt 0.621767 0.172752
vt 0.637100 0.176490
vt 0.645125 0.135825
vt 0.648845 0.180490
vt 0.658920 0.140885
vt 0.655044 0.181970
vt 0.653674 0.181883
vt 0.667643 0.137047
vt 0.664579 0.142628
vt 0.844597 0.491195
vt 0.800062 0.503794
vt 0.800178 0.505332
vt 0.839000 0.494294
vt 0.801487 0.509769
vt 0.840736 0.499440
vt 0.808877 0.532182
vt 0.805182 0.520006
vt 0.850541 0.525466
vt 0.845637 0.511319
vt 0.852439 0.548211
vt 0.810301 0.551695
vt 0.810413 0.560869
vt 0.852576 0.558885
vt 0.175092 0.639866
vt 0.177418 0.653928
vt 0.180646 0.651615
vt 0.175831 0.633729
vt 0.180905 0.677093
vt 0.184834 0.676203
vt 0.632989 0.097333
vt 0.650954 0.105171
vt 0.666302 0.112269
vt 0.674350 0.114780
vt 0.672591 0.114693
vt 0.866131 0.483874
vt 0.866362 0.485832
vt 0.868895 0.491502
vt 0.883174 0.520203
vt 0.876031 0.504599
vt 0.885951 0.545351
vt 0.886118 0.557243
vt 0.184039 0.705411
vt 0.188688 0.709277
vt 0.187586 0.695867
vt 0.182265 0.695809
vt 0.606174 0.172150
vt 0.602252 0.217743
vt 0.611626 0.127947
vt 0.599611 0.127036
vt 0.594105 0.172820
vt 0.599616 0.257169
vt 0.596648 0.299347
vt 0.587444 0.398034
vt 0.591727 0.353194
vt 0.586832 0.413446
vt 0.586390 0.413195
vt 0.587126 0.413599
vt 0.587038 0.413558
vt 0.567573 0.570453
vt 0.567456 0.570244
vt 0.567409 0.570149
vt 0.583310 0.569474
vt 0.567830 0.570891
vt 0.629097 0.564122
vt 0.684017 0.557528
vt 0.726898 0.552382
vt 0.766150 0.547686
vt 0.810186 0.542439
vt 0.852285 0.537417
vt 0.885725 0.533396
vt 0.911163 0.530636
vt 0.940115 0.529044
vt 0.929253 0.529399
vt 0.946280 0.528748
vt 0.943868 0.528930
vt 0.960134 0.527634
vt 0.953123 0.528188
vt 0.963053 0.527474
vt 0.963927 0.527510
vt 0.454098 0.512093
vt 0.456964 0.507336
vt 0.457236 0.507302
vt 0.437337 0.541531
vt 0.446040 0.526298
vt 0.429269 0.552888
vt 0.432534 0.549372
vt 0.416565 0.557285
vt 0.425182 0.555141
vt 0.383936 0.563310
vt 0.399707 0.560473
vt 0.378581 0.564401
vt 0.378433 0.564619
vt 0.620770 0.021040
vt 0.620941 0.018135
vt 0.620924 0.017289
vt 0.620220 0.028064
vt 0.619669 0.034924
vt 0.619491 0.037337
vt 0.620431 0.040528
vt 0.624004 0.066558
vt 0.623233 0.049719
vt 0.618853 0.092692
vt 0.609408 0.090410
vt 0.171413 0.635946
vt 0.173163 0.635619
vt 0.173014 0.627978
vt 0.170387 0.628462
vt 0.174289 0.626066
vt 0.170910 0.626658
vt 0.177932 0.677683
vt 0.179418 0.677411
vt 0.176164 0.654719
vt 0.174685 0.654976
vt 0.180448 0.709684
vt 0.182096 0.708790
vt 0.180327 0.695830
vt 0.178883 0.696195
vt 0.192628 0.722086
vt 0.195793 0.718103
vt 0.187928 0.715107
vt 0.185540 0.717325
vt 0.184436 0.729702
vt 0.188532 0.725894
vt 0.181759 0.719900
vt 0.177282 0.722652
vt 0.176694 0.711220
vt 0.170128 0.715602
vt 0.175043 0.697171
vt 0.170006 0.698453
vt 0.174006 0.678433
vt 0.169884 0.681303
vt 0.170780 0.655688
vt 0.165663 0.656627
vt 0.167462 0.636712
vt 0.161443 0.631950
vt 0.166144 0.629282
vt 0.161094 0.630269
vt 0.165827 0.627623
vt 0.160744 0.628588
vt 0.599388 0.052771
vt 0.598885 0.053497
vt 0.617777 0.057564
vt 0.610626 0.064272
vt 0.605518 0.089651
vt 0.604407 0.089653
vt 0.591038 0.121743
vt 0.594836 0.126622
vt 0.589347 0.172902
vt 0.588243 0.172689
vt 0.585449 0.223636
vt 0.586642 0.211817
vt 0.584315 0.226693
vt 0.583810 0.226392
vn -0.233941 0.014785 -0.972138
vn -0.232851 0.007624 -0.972483
vn -0.223374 0.008766 -0.974693
vn -0.224443 0.014084 -0.974385
vn -0.223983 -0.044341 -0.973584
vn -0.217171 -0.041814 -0.975238
vn -0.212317 -0.039459 -0.976404
vn -0.215515 0.009163 -0.976458
vn -0.216693 0.013816 -0.976142
vn 0.049601 -0.597362 -0.800436
vn 0.035617 -0.617197 -0.786002
vn 0.035860 -0.638317 -0.768938
vn 0.054296 -0.545026 -0.836659
vn 0.034465 -0.617232 -0.786026
vn 0.033333 -0.664917 -0.746173
vn 0.032809 -0.677583 -0.734714
vn 0.036349 -0.627500 -0.777767
vn 0.056447 -0.468958 -0.881415
vn 0.034201 0.698781 -0.714518
vn 0.033865 0.702473 -0.710904
vn 0.036292 0.675924 -0.736077
vn 0.037246 0.654557 -0.755095
vn 0.033897 0.677769 -0.734494
vn 0.035243 0.671268 -0.740376
vn 0.046907 0.632030 -0.773523
vn 0.053343 0.578704 -0.813791
vn 0.055856 0.506199 -0.860606
vn -0.225169 0.071910 -0.971662
vn -0.230947 0.021387 -0.972731
vn -0.221882 0.019211 -0.974884
vn -0.216572 0.069214 -0.973810
vn -0.214697 0.018523 -0.976505
vn -0.210245 0.068150 -0.975270
vn 0.090190 0.775943 -0.624322
vn 0.015515 0.645455 -0.763641
vn -0.004363 0.640780 -0.767712
vn 0.106979 0.768457 -0.630895
vn 0.029686 0.774397 -0.632004
vn -0.018550 0.766774 -0.641649
vn -0.057571 0.761372 -0.645754
vn -0.017859 0.643518 -0.765222
vn 0.130407 0.779188 -0.613074
vn 0.037076 0.694325 -0.718706
vn 0.054168 0.741163 -0.669136
vn 0.036339 0.697202 -0.715953
vn 0.054020 0.869660 -0.490687
vn 0.054325 0.868656 -0.492428
vn 0.055319 0.859600 -0.507964
vn 0.062952 -0.796334 -0.601572
vn 0.037669 -0.627042 -0.778074
vn 0.038279 -0.630126 -0.775549
vn 0.059488 -0.816875 -0.573739
vn 0.054741 -0.667927 -0.742211
vn 0.061210 -0.819739 -0.569458
vn -0.224270 -0.720770 -0.655892
vn -0.263363 -0.652156 -0.710867
vn -0.147674 -0.656785 -0.739477
vn -0.142732 -0.758473 -0.635883
vn -0.244091 -0.843334 -0.478756
vn -0.059274 -0.846825 -0.528559
vn 0.100706 -0.847862 -0.520565
vn -0.048574 -0.660623 -0.749144
vn -0.083896 -0.754615 -0.650783
vn 0.156506 -0.987273 -0.028254
vn 0.182025 -0.982786 -0.031603
vn 0.094139 -0.995333 -0.021235
vn 0.082684 -0.996274 -0.024542
vn 0.203807 -0.978444 -0.033312
vn 0.107003 -0.994109 -0.017277
vn 0.028771 -0.999577 -0.004154
vn 0.026578 -0.999590 -0.010645
vn 0.025479 -0.999571 -0.014462
vn -0.982001 -0.075313 0.173210
vn -0.984778 -0.007556 0.173651
vn -0.984771 -0.007581 0.173691
vn -0.982046 -0.075601 0.172830
vn -0.984808 0.000000 0.173648
vn -0.984795 -0.000001 0.173723
vn -0.984679 -0.000008 0.174378
vn -0.984659 -0.007632 0.174323
vn -0.981952 -0.076060 0.173161
vn 0.422164 -0.217448 0.880053
vn 0.354952 -0.618970 0.700632
vn 0.757295 -0.579829 0.300503
vn 0.888202 -0.088356 0.450878
vn 0.174366 -0.906856 0.383679
vn 0.148272 -0.971526 0.184803
vn 0.099228 -0.994834 0.021431
vn 0.746750 -0.652087 -0.130944
vn 0.984818 0.000134 -0.173591
vn -0.984780 0.007725 0.173632
vn -0.984770 0.007778 0.173690
vn -0.981896 0.077090 0.173023
vn -0.981890 0.077566 0.172844
vn -0.981764 0.078083 0.173327
vn -0.984655 0.007824 0.174339
vn 0.038536 0.999161 -0.013854
vn 0.039317 0.999153 -0.012142
vn 0.061934 0.997962 -0.015337
vn 0.050854 0.998600 -0.014543
vn 0.041204 0.999112 -0.008760
vn 0.074002 0.997155 -0.014371
vn 0.114429 0.993233 -0.019858
vn 0.090190 0.995807 -0.015284
vn 0.065795 0.997800 -0.008124
vn 0.138704 0.890603 0.433113
vn 0.330965 0.623347 0.708450
vn 0.742541 0.587459 0.321753
vn 0.127267 0.960008 0.249373
vn 0.416620 0.203058 0.886112
vn 0.881597 0.074293 0.466119
vn 0.984808 0.000072 -0.173646
vn 0.737652 0.666750 -0.106371
vn 0.073106 0.994794 0.070990
vn 0.091670 -0.984893 0.146912
vn 0.048106 -0.997518 -0.051411
vn 0.126972 -0.989771 -0.065057
vn 0.147889 -0.980504 0.129384
vn 0.037765 -0.995970 -0.081354
vn 0.114347 -0.988998 -0.093849
vn 0.208678 -0.972154 -0.106630
vn 0.220239 -0.971847 -0.083716
vn 0.196190 -0.977921 0.071966
vn -0.980907 -0.067742 0.182297
vn -0.984658 -0.006885 0.174358
vn -0.984823 -0.006573 0.173438
vn -0.983136 -0.066059 0.170529
vn -0.984808 -0.000000 0.173648
vn -0.984808 -0.000000 0.173648
vn -0.984808 0.000000 0.173648
vn -0.984849 -0.006718 0.173283
vn -0.983372 -0.067471 0.168602
vn -0.984694 0.006301 0.174177
vn -0.984808 0.006233 0.173536
vn -0.981125 0.063760 0.182560
vn -0.983165 0.062478 0.171708
vn -0.983310 0.064330 0.170183
vn -0.984817 0.006439 0.173475
vn 0.066231 0.995554 -0.066975
vn 0.077992 0.996247 -0.037531
vn 0.105107 0.993538 -0.042830
vn 0.100267 0.992250 -0.073386
vn 0.119573 0.980615 0.155228
vn 0.149128 0.977458 0.149453
vn 0.186740 0.970761 0.150833
vn 0.139202 0.989005 -0.049920
vn 0.141871 0.986287 -0.084329
vn 0.250519 0.968019 -0.013365
vn 0.573707 0.705605 -0.415910
vn 0.740866 0.583598 -0.332460
vn 0.257906 0.961136 -0.098500
vn 0.772162 0.208607 -0.600207
vn 0.909487 0.066220 -0.410425
vn 0.931344 0.021357 -0.363514
vn 0.778091 0.550061 -0.303329
vn 0.256343 0.960213 -0.110809
vn 0.877478 -0.115765 -0.465436
vn 0.655266 -0.673675 -0.341742
vn 0.724549 -0.594875 -0.348070
vn 0.909245 -0.048510 -0.413424
vn 0.202541 -0.975279 -0.088359
vn 0.236318 -0.964741 -0.115886
vn 0.246023 -0.962469 -0.114569
vn 0.767234 -0.562363 -0.308382
vn 0.931211 -0.002151 -0.364474
vn 0.094170 -0.971009 0.219712
vn 0.293144 -0.583089 0.757677
vn 0.448355 -0.617638 0.646144
vn 0.137777 -0.978132 0.155806
vn 0.351195 -0.023391 0.936010
vn 0.548528 0.057392 0.834160
vn 0.748183 0.050636 0.661558
vn 0.631741 -0.557901 0.538192
vn 0.244054 -0.958244 0.149019
vn 0.051080 -0.994710 0.089122
vn 0.055716 -0.991670 0.116133
vn -0.003961 -0.995642 0.093170
vn -0.629915 -0.717590 0.297105
vn 0.121951 -0.990569 0.062454
vn 0.044685 -0.998957 0.009343
vn -0.406263 -0.896798 0.175225
vn -0.948100 -0.121121 0.294001
vn -0.704811 0.090480 -0.703601
vn -0.739187 0.085324 -0.668074
vn -0.281477 -0.000875 -0.959568
vn -0.450561 -0.030814 -0.892213
vn -0.730962 0.018380 -0.682171
vn -0.276468 0.027082 -0.960641
vn -0.173874 0.028976 -0.984342
vn -0.173095 -0.019217 -0.984718
vn -0.169879 -0.090828 -0.981270
vn 0.352565 -0.081236 0.932255
vn 0.290637 0.472507 0.832026
vn 0.522389 0.463113 0.715986
vn 0.536623 -0.152072 0.830006
vn 0.089226 0.933544 0.347182
vn 0.219388 0.946923 0.234961
vn 0.398616 0.897084 0.190648
vn 0.713089 0.408265 0.569933
vn 0.737575 -0.124516 0.663686
vn -0.736244 -0.053458 -0.674602
vn -0.279667 0.057909 -0.958349
vn -0.739673 -0.076262 -0.668631
vn -0.449427 0.093126 -0.888450
vn -0.171427 0.167364 -0.970877
vn -0.173556 0.081991 -0.981405
vn -0.007591 -0.980890 -0.194417
vn 0.027020 -0.993468 -0.110863
vn 0.030787 -0.993792 -0.106908
vn -0.987415 -0.026302 0.155950
vn -0.984825 -0.002589 0.173530
vn -0.984767 -0.006156 0.173768
vn -0.982319 -0.062157 0.176595
vn -0.984808 0.000000 0.173648
vn -0.984808 -0.000000 0.173648
vn -0.984877 0.003857 0.173214
vn -0.984572 0.006246 0.174867
vn -0.987477 0.025246 0.155727
vn -0.982265 0.057211 0.178559
vn 0.060421 0.994377 -0.086973
vn 0.110403 0.990410 -0.083065
vn 0.166388 0.983334 -0.073270
vn 0.044664 0.799541 -0.598949
vn 0.092455 0.743612 -0.662188
vn 0.251841 0.755424 -0.604906
vn 0.148252 0.966403 -0.209968
vn 0.113490 0.666881 -0.736471
vn 0.387961 0.466090 -0.795139
vn 0.106134 -0.642471 -0.758925
vn 0.084929 -0.722195 -0.686456
vn 0.217130 -0.777294 -0.590481
vn 0.379972 -0.433768 -0.816987
vn 0.016988 -0.695663 -0.718167
vn 0.093727 -0.938426 -0.332525
vn 0.420684 -0.701817 -0.574872
vn 0.539749 -0.277385 -0.794814
vn -0.045607 0.802111 -0.595430
vn -0.113234 0.676669 -0.727528
vn -0.043465 0.675041 -0.736499
vn 0.024761 0.790811 -0.611560
vn -0.066278 0.835842 -0.544955
vn -0.011736 0.841018 -0.540880
vn 0.054170 0.818110 -0.572504
vn 0.023281 0.668068 -0.743736
vn 0.087925 0.783485 -0.615159
vn 0.199696 0.961011 0.191256
vn 0.192049 0.981097 0.023776
vn 0.136310 0.988500 0.065481
vn 0.173515 0.963600 0.203389
vn 0.085954 0.994763 0.055297
vn 0.143021 0.969317 0.199924
vn 0.096320 0.993951 -0.052761
vn 0.121596 0.990691 -0.061199
vn 0.077156 0.992763 -0.092026
vn 0.113319 0.988173 -0.103309
vn 0.147564 0.983247 -0.107006
vn 0.145418 0.987395 -0.062489
vn 0.078002 0.996545 0.028513
vn 0.099589 0.994967 0.011106
vn 0.085183 0.996143 0.021066
vn 0.174515 0.984625 -0.007572
vn 0.124614 0.992148 -0.010626
vn 0.104804 0.994488 -0.003164
vn 0.083321 0.996512 0.004653
vn 0.077660 0.996979 0.001037
vn 0.263170 0.957117 -0.121110
vn 0.482474 0.043644 -0.874822
vn 0.513342 0.030823 -0.857630
vn -0.077639 0.036935 -0.996297
vn 0.136828 0.098930 -0.985642
vn 0.511727 0.013248 -0.859046
vn -0.081132 0.017738 -0.996546
vn -0.235891 0.017634 -0.971620
vn -0.232838 0.033829 -0.971927
vn -0.224880 0.091452 -0.970085
vn 0.514051 -0.007380 -0.857728
vn -0.078844 -0.003134 -0.996882
vn 0.531482 -0.022748 -0.846764
vn 0.138030 -0.081732 -0.987050
vn -0.219345 -0.071252 -0.973042
vn -0.233551 -0.001176 -0.972344
vn 0.280201 -0.956414 -0.082216
vn 0.138304 -0.990322 -0.011591
vn 0.179292 -0.983770 -0.007139
vn 0.257573 -0.966254 -0.003026
vn 0.153967 -0.988048 -0.007445
vn 0.190282 -0.981589 -0.016613
vn 0.225540 -0.973846 -0.027475
vn 0.201170 -0.979530 -0.007146
vn 0.179704 -0.983697 0.006857
vn 0.119713 -0.990147 -0.072649
vn 0.128261 -0.989616 -0.064879
vn 0.184307 -0.977899 -0.098717
vn 0.176698 -0.980775 -0.082817
vn 0.213166 -0.976834 -0.018839
vn 0.280258 -0.937622 -0.205717
vn 0.213153 -0.946436 -0.242538
vn 0.233547 -0.965429 -0.115769
vn 0.233785 -0.967617 -0.095191
vn 0.184754 -0.926055 -0.329070
vn 0.308512 -0.796551 -0.519929
vn 0.064241 -0.639474 -0.766124
vn 0.246469 -0.568749 -0.784715
vn 0.083495 -0.602985 -0.793371
vn 0.157047 -0.772541 -0.615237
vn 0.023285 -0.584112 -0.811339
vn 0.163573 -0.608534 -0.776485
vn -0.047892 -0.778446 -0.625882
vn -0.020006 -0.835802 -0.548666
vn -0.179797 -0.846350 -0.501362
vn -0.016574 -0.658695 -0.752228
vn 0.316261 0.947032 -0.055765
vn 0.308536 0.946913 -0.090339
vn 0.244798 0.966081 -0.082224
vn 0.251577 0.966820 -0.044360
vn 0.255789 0.952465 -0.165477
vn 0.208853 0.960459 -0.184117
vn 0.160413 0.969437 -0.185631
vn 0.176030 0.981835 -0.070805
vn 0.181882 0.982797 -0.032071
vn 0.288187 0.937322 -0.195895
vn 0.309701 0.946405 -0.091671
vn 0.256917 0.962811 -0.083602
vn 0.237658 0.951982 -0.193002
vn 0.316242 0.947038 -0.055762
vn 0.262928 0.963701 -0.046361
vn 0.195128 0.980174 -0.034406
vn 0.189307 0.979260 -0.072201
vn 0.173842 0.967395 -0.184192
vn -0.984808 0.000000 0.173648
vn -0.984806 0.002096 0.173648
vn -0.984818 0.002114 0.173574
vn -0.984808 -0.000000 0.173648
vn -0.984589 0.021099 0.173610
vn -0.984740 0.021425 0.172708
vn -0.985190 0.023248 0.169881
vn -0.984844 0.002273 0.173427
vn -0.984808 0.000000 0.173648
vn -0.984808 0.000000 0.173648
vn -0.984808 -0.000000 0.173648
vn -0.984808 0.000000 0.173648
vn -0.984808 -0.000000 0.173648
vn -0.984808 -0.000000 0.173648
vn -0.984808 0.000000 0.173648
vn -0.984808 0.000000 0.173648
vn -0.984808 -0.000000 0.173648
vn -0.984808 -0.000000 0.173648
vn -0.984808 0.000000 0.173648
vn -0.984808 0.000000 0.173648
vn -0.984808 -0.000000 0.173648
vn -0.984509 -0.024642 0.173595
vn -0.984805 -0.002462 0.173648
vn -0.984807 -0.002425 0.173633
vn -0.984522 -0.024396 0.173556
vn -0.984800 -0.002378 0.173678
vn -0.984515 -0.024282 0.173611
vn -0.182708 -0.982639 0.032216
vn 0.049435 -0.998739 -0.008717
vn 0.050496 -0.998683 -0.009101
vn -0.181496 -0.982895 0.031261
vn 0.236018 -0.970857 -0.041616
vn 0.236901 -0.970631 -0.041870
vn 0.238707 -0.970173 -0.042238
vn 0.052711 -0.998564 -0.009610
vn -0.178852 -0.983400 0.030591
vn -0.223253 -0.974747 -0.005179
vn -0.295237 -0.954790 0.034795
vn -0.240338 -0.970014 0.036201
vn -0.191286 -0.981258 0.023289
vn -0.311927 -0.948513 0.055001
vn -0.252604 -0.966544 0.044541
vn -0.225192 -0.973505 0.039707
vn -0.224450 -0.973795 0.036681
vn -0.222011 -0.974401 0.035410
vn 0.133944 -0.990707 -0.023618
vn 0.098499 -0.994986 -0.017368
vn 0.117517 -0.992276 -0.039714
vn 0.113132 -0.992515 -0.045995
vn -0.014365 -0.999894 0.002533
vn 0.156064 -0.987364 -0.027518
vn 0.208724 -0.977282 -0.036803
vn 0.159616 -0.984916 -0.066808
vn 0.143288 -0.977197 -0.156699
vn 0.109433 -0.991637 -0.068419
vn 0.122994 -0.991572 -0.040704
vn 0.984808 -0.000030 -0.173648
vn 0.742639 -0.656765 -0.130947
vn 0.742635 -0.656774 -0.130926
vn 0.984810 -0.000036 -0.173637
vn 0.742288 -0.657096 -0.131277
vn 0.984807 0.000001 -0.173650
vn 0.984808 0.000276 -0.173648
vn 0.984808 0.000081 -0.173648
vn 0.984809 0.000087 -0.173642
vn 0.984808 0.000265 -0.173649
vn 0.984808 -0.000001 -0.173646
vn 0.984811 0.000014 -0.173631
vn 0.984808 0.000029 -0.173648
vn 0.984808 -0.000075 -0.173648
vn 0.984809 -0.000070 -0.173642
vn 0.984810 0.000023 -0.173636
vn 0.984808 -0.000264 -0.173648
vn 0.984811 -0.000266 -0.173632
vn 0.984805 -0.000008 -0.173662
vn 0.984808 -0.000002 -0.173648
vn 0.984808 -0.000000 -0.173647
vn 0.103360 0.994477 -0.018225
vn 0.736164 0.664239 -0.129806
vn 0.736178 0.664225 -0.129797
vn 0.103361 0.994477 -0.018225
vn 0.736144 0.664259 -0.129815
vn 0.103360 0.994477 -0.018225
vn 0.089102 0.995899 -0.015712
vn 0.089102 0.995899 -0.015711
vn 0.089654 0.995847 -0.015808
vn 0.089654 0.995847 -0.015808
vn 0.089102 0.995899 -0.015711
vn 0.089654 0.995847 -0.015808
vn 0.958438 0.004802 -0.285262
vn 0.797320 -0.555220 -0.236669
vn 0.804546 -0.543735 -0.238868
vn 0.958364 0.004688 -0.285511
vn 0.262799 -0.961879 -0.075663
vn 0.283213 -0.955593 -0.081442
vn 0.308516 -0.947165 -0.087727
vn 0.813582 -0.529305 -0.240667
vn 0.958552 0.004504 -0.284883
vn 0.269343 0.960066 -0.075684
vn 0.805671 0.542283 -0.238376
vn 0.816019 0.525346 -0.241091
vn 0.294017 0.952188 -0.083021
vn 0.958433 0.004667 -0.285278
vn 0.958363 0.004840 -0.285510
vn 0.958559 0.004969 -0.284849
vn 0.828512 0.504392 -0.243222
vn 0.322883 0.942182 -0.089664
vn 0.162594 0.986357 -0.025743
vn 0.164834 0.985841 -0.030785
vn 0.131281 0.991036 -0.024779
vn 0.134759 0.990655 -0.021057
vn 0.168613 0.985166 -0.031911
vn 0.129829 0.991224 -0.024872
vn 0.092203 0.995563 -0.018759
vn 0.098500 0.994933 -0.020155
vn 0.108381 0.993936 -0.018578
vn 0.065658 0.997794 -0.009851
vn 0.068965 0.997488 -0.016163
vn 0.107227 0.993974 -0.022751
vn 0.104385 0.994401 -0.016468
vn 0.073546 0.997138 -0.017511
vn 0.111505 0.993472 -0.024070
vn 0.158338 0.986870 -0.031882
vn 0.154462 0.987525 -0.030593
vn 0.152169 0.988049 -0.024570
vn -0.984808 -0.000000 0.173648
vn -0.984790 0.006536 0.173625
vn -0.984789 0.006610 0.173628
vn -0.984808 0.000000 0.173648
vn -0.982742 0.065485 0.173003
vn -0.982690 0.066192 0.173029
vn -0.982601 0.066573 0.173390
vn -0.984784 0.006650 0.173656
vn -0.984808 0.000000 0.173648
vn -0.982491 -0.068592 0.173226
vn -0.984785 -0.006860 0.173643
vn -0.984785 -0.006860 0.173644
vn -0.982487 -0.068562 0.173261
vn -0.984781 -0.006832 0.173665
vn -0.982453 -0.068210 0.173589
vn 0.227076 -0.973263 -0.034578
vn 0.223789 -0.973848 -0.039226
vn 0.127378 -0.991609 -0.022042
vn 0.127896 -0.991651 -0.016448
vn 0.222369 -0.974164 -0.039452
vn 0.128438 -0.991456 -0.022763
vn 0.051303 -0.998641 -0.009163
vn 0.048166 -0.998807 -0.008072
vn 0.046261 -0.998927 -0.002006
vn 0.164984 -0.985823 -0.030562
vn 0.146644 -0.988733 -0.030037
vn 0.196348 -0.979869 -0.036122
vn 0.207243 -0.977675 -0.034668
vn 0.132740 -0.990779 -0.027150
vn 0.188257 -0.981497 -0.034961
vn 0.242760 -0.969093 -0.043897
vn 0.244693 -0.968607 -0.043879
vn 0.248115 -0.967868 -0.040878
vn 0.030114 -0.998987 -0.033446
vn 0.026178 -0.998821 -0.040875
vn 0.106012 -0.992884 -0.054250
vn 0.112127 -0.992555 -0.047571
vn 0.029327 -0.999388 -0.019073
vn 0.107933 -0.993626 -0.032533
vn 0.203989 -0.977754 -0.048841
vn 0.203880 -0.976551 -0.069140
vn 0.212565 -0.975107 -0.063106
vn 0.157998 -0.986819 -0.035010
vn 0.160026 -0.985978 -0.047324
vn 0.192688 -0.979696 -0.055382
vn 0.190892 -0.980712 -0.041999
vn 0.165788 -0.985140 -0.044875
vn 0.200299 -0.978340 -0.052269
vn 0.237123 -0.969617 -0.060123
vn 0.228531 -0.971444 -0.063790
vn 0.226346 -0.972799 -0.049280
vn 0.984808 0.000004 -0.173648
vn 0.827072 -0.542270 -0.147973
vn 0.823089 -0.549791 -0.142314
vn 0.985695 -0.000171 -0.168539
vn 0.302830 -0.951172 -0.059713
vn 0.292366 -0.954631 -0.056579
vn 0.285669 -0.957040 -0.049677
vn 0.821479 -0.553739 -0.136181
vn 0.986609 -0.000241 -0.163104
vn 0.324442 0.943400 -0.068797
vn 0.851618 0.500696 -0.155083
vn 0.848888 0.506158 -0.152293
vn 0.314181 0.946713 -0.070886
vn 0.984808 -0.000003 -0.173648
vn 0.985750 -0.000306 -0.168215
vn 0.986610 -0.000699 -0.163098
vn 0.848284 0.509595 -0.143968
vn 0.309672 0.948963 -0.059773
vn 0.096435 0.994600 -0.038347
vn 0.090572 0.994938 -0.043522
vn 0.111702 0.992551 -0.048642
vn 0.118179 0.992003 -0.044311
vn 0.091241 0.995435 -0.027994
vn 0.111653 0.993235 -0.031889
vn 0.132812 0.990472 -0.036432
vn 0.132961 0.989650 -0.053981
vn 0.140369 0.988852 -0.049674
vn 0.043039 0.998738 -0.025870
vn 0.040644 0.998032 -0.047755
vn 0.076995 0.995596 -0.053483
vn 0.078635 0.996405 -0.031511
vn 0.045551 0.998138 -0.040571
vn 0.082962 0.995437 -0.047135
vn 0.129365 0.990128 -0.053958
vn 0.122100 0.990730 -0.059540
vn 0.122701 0.991709 -0.038188
vn -0.984808 -0.000000 0.173648
vn -0.984811 0.007232 0.173477
vn -0.984812 0.007475 0.173460
vn -0.984808 0.000000 0.173648
vn -0.982629 0.072139 0.170988
vn -0.982542 0.074377 0.170528
vn -0.982142 0.076228 0.172005
vn -0.984792 0.007652 0.173571
vn -0.984808 0.000000 0.173648
vn -0.982559 -0.071907 0.171486
vn -0.984803 -0.007178 0.173528
vn -0.984811 -0.007380 0.173472
vn -0.982541 -0.073806 0.170782
vn -0.984793 -0.007575 0.173565
vn -0.982165 -0.075550 0.172176
vn 0.045744 -0.998953 -0.001156
vn 0.128650 -0.991562 -0.015943
vn 0.042860 -0.999025 -0.010585
vn 0.126334 -0.991665 -0.025291
vn 0.227940 -0.972729 -0.042914
vn 0.229419 -0.972727 -0.034187
vn 0.175122 -0.983976 -0.033527
vn 0.173674 -0.984346 -0.029998
vn 0.212493 -0.976555 -0.034443
vn 0.212002 -0.976454 -0.039914
vn 0.250862 -0.967172 -0.040574
vn 0.250432 -0.967010 -0.046651
vn 0.823361 -0.533433 -0.193714
vn 0.973027 0.002254 -0.230681
vn 0.319006 -0.944841 -0.074238
vn 0.325817 -0.943564 -0.059412
vn 0.837031 -0.526664 -0.148336
vn 0.984808 0.000000 -0.173648
vn 0.841941 0.502618 -0.196241
vn 0.333284 0.940060 -0.072170
vn 0.973706 0.002412 -0.227794
vn 0.984808 0.000000 -0.173648
vn 0.857487 0.491595 -0.151821
vn 0.341960 0.937660 -0.062098
vn 0.112674 0.993479 -0.017459
vn 0.136845 0.990361 -0.021422
vn 0.110747 0.993566 -0.023681
vn 0.134816 0.990467 -0.028292
vn 0.159869 0.986577 -0.033270
vn 0.162602 0.986355 -0.025768
vn 0.061589 0.997933 -0.018333
vn 0.064817 0.997857 -0.008977
vn 0.103870 0.994463 -0.015940
vn 0.100753 0.994592 -0.025232
vn 0.152041 0.988074 -0.024372
vn 0.149093 0.988260 -0.033352
vn -0.984785 0.006641 0.173649
vn -0.984808 -0.000000 0.173648
vn -0.982607 0.066522 0.173375
vn -0.982703 0.066667 0.172775
vn -0.984793 0.006662 0.173604
vn -0.984808 -0.000000 0.173648
vn -0.984779 -0.006797 0.173677
vn -0.982459 -0.067903 0.173676
vn -0.984787 -0.006782 0.173636
vn -0.982575 -0.067822 0.173049
vn 0.124737 -0.990982 -0.048952
vn 0.180760 -0.981811 -0.058072
vn 0.236812 -0.969110 -0.068892
vn 0.044507 -0.997976 -0.045412
vn 0.121149 -0.990947 -0.057850
vn 0.214541 -0.974021 -0.072488
vn -0.984817 -0.006725 0.173464
vn -0.982986 -0.067254 0.170924
vn -0.984808 0.000000 0.173648
vn -0.984801 0.006471 0.173564
vn -0.983034 0.064501 0.171709
vn 0.069880 0.996662 -0.042199
vn 0.107048 0.993069 -0.048521
vn 0.152512 0.986592 -0.058112
vn 0.082930 0.995062 -0.054528
vn 0.121666 0.990563 -0.063101
vn 0.160443 0.984587 -0.069618
vn 0.788836 0.552151 -0.269939
vn 0.256444 0.962209 -0.091601
vn 0.946775 0.008312 -0.321788
vn 0.781133 -0.562126 -0.271747
vn 0.945377 0.006638 -0.325911
vn 0.250987 -0.963512 -0.093008
vn 0.172124 -0.984381 -0.036973
vn 0.208096 -0.977127 -0.043796
vn 0.246038 -0.967919 -0.050971
vn 0.832984 -0.533144 -0.147972
vn 0.984808 0.000000 -0.173648
vn 0.316645 -0.946708 -0.058994
vn 0.855710 0.494333 -0.152955
vn 0.335463 0.939860 -0.064254
vn 0.984808 0.000000 -0.173648
vn 0.152115 0.987636 -0.037900
vn 0.128197 0.991206 -0.032810
vn 0.105408 0.994037 -0.027935
vn 0.054903 0.998178 -0.025019
vn 0.093538 0.995113 -0.031647
vn 0.141319 0.989187 -0.039222
vn -0.984797 0.006867 0.173571
vn -0.984808 -0.000000 0.173648
vn -0.982656 0.068615 0.172276
vn -0.984792 -0.006912 0.173597
vn -0.982570 -0.069164 0.172548
vn 0.222833 -0.973615 -0.049193
vn 0.121146 -0.992116 -0.032092
vn 0.037718 -0.999134 -0.017573
vn 0.158710 -0.987037 -0.023873
vn 0.193689 -0.980601 -0.030113
vn 0.230335 -0.972413 -0.036847
vn 0.820749 -0.559177 -0.117017
vn 0.989598 0.000365 -0.143858
vn 0.279456 -0.959391 -0.038375
vn 0.249046 -0.968150 0.025712
vn 0.835541 -0.548851 -0.025172
vn 0.999932 0.007792 -0.008732
vn 0.848442 0.514240 -0.125318
vn 0.308703 0.950113 -0.044584
vn 0.989736 -0.002847 -0.142876
vn 0.999788 -0.020409 -0.002586
vn 0.877002 0.479320 -0.033463
vn 0.328839 0.944082 0.023957
vn 0.133520 0.990801 -0.022027
vn 0.112087 0.993548 -0.017293
vn 0.091406 0.995728 -0.013064
vn 0.043689 0.999004 -0.009105
vn 0.079400 0.996725 -0.015296
vn 0.123484 0.992088 -0.022657
vn -0.984780 0.007728 0.173636
vn -0.984808 -0.000000 0.173648
vn -0.981890 0.077135 0.173037
vn -0.984777 -0.007619 0.173656
vn -0.981933 -0.075917 0.173335
vn 0.208376 -0.977471 -0.033614
vn 0.110813 -0.993701 -0.016710
vn 0.030842 -0.999521 -0.002727
vn -0.046559 0.805126 -0.591273
vn -0.084880 0.689148 -0.719632
vn -0.012288 0.718883 -0.695023
vn -0.015480 0.830511 -0.556787
vn 0.033771 0.863687 -0.502896
vn 0.090968 0.994570 -0.050557
vn 0.148618 0.978733 0.141401
vn 0.101839 0.991672 -0.078835
vn 0.116501 0.992029 -0.048010
vn 0.110681 0.993526 -0.025610
vn 0.103554 0.993266 -0.051960
vn 0.119175 0.992464 -0.028499
vn 0.131298 0.990901 -0.029605
vn 0.136940 0.990201 -0.027382
vn 0.137154 0.990256 -0.024124
vn 0.131471 0.990843 -0.030764
vn 0.122797 0.991680 -0.038614
vn 0.115802 0.992803 -0.030536
vn 0.116504 0.992219 -0.043918
vn 0.115338 0.993203 -0.015660
vn 0.104219 0.994490 0.011313
vn 0.065458 0.997841 -0.005293
vn 0.113982 0.993078 0.028361
vn 0.052249 0.998634 -0.000252
vn 0.051353 0.998003 -0.036789
vn -0.208134 0.021425 -0.977866
vn -0.213520 0.019313 -0.976748
vn -0.161403 0.431544 -0.887535
vn -0.181274 0.483514 -0.856361
vn -0.213349 0.017896 -0.976812
vn -0.196166 0.311210 -0.929875
vn -0.120229 0.606068 -0.786274
vn -0.055291 0.787249 -0.614151
vn -0.097754 0.832760 -0.544936
vn 0.001153 -0.917020 -0.398841
vn -0.020024 -0.858521 -0.512387
vn -0.140831 -0.517339 -0.844113
vn -0.117432 -0.564734 -0.816875
vn 0.015709 -0.624681 -0.780722
vn -0.097332 -0.413233 -0.905409
vn 0.113598 -0.993523 0.002835
vn 0.141640 -0.989546 0.027150
vn 0.133979 -0.990980 -0.003007
vn 0.120210 -0.992513 -0.021631
vn 0.163623 -0.986522 -0.001216
vn 0.171896 -0.984512 -0.034457
vn 0.171500 -0.984857 -0.025364
vn 0.180406 -0.982621 -0.043700
vn 0.174466 -0.983679 -0.044014
vn 0.191419 -0.980831 -0.036454
vn 0.187740 -0.981464 -0.038487
vn 0.180334 -0.982675 -0.042771
vn 0.189019 -0.981191 -0.039187
vn 0.146285 -0.988582 -0.036148
vn 0.161122 -0.986124 -0.039987
vn 0.132768 -0.988212 -0.076224
vn 0.137925 -0.988918 -0.054939
vn 0.145967 -0.987938 0.051694
vn 0.133447 -0.989169 -0.061121
vn -0.056899 -0.657777 -0.751061
vn 0.063991 -0.958477 -0.277897
vn 0.013367 -0.701904 -0.712146
vn -0.061175 -0.721252 -0.689966
vn -0.065523 -0.576638 -0.814368
vn -0.012578 -0.600447 -0.799566
vn -0.046552 -0.998882 0.008208
vn -0.304286 -0.951069 0.053654
vn -0.289373 -0.957062 0.017186
vn -0.064816 -0.997865 -0.008009
vn -0.191571 -0.978128 -0.081036
vn -0.011823 -0.977270 -0.211666
vn 0.175004 0.984084 -0.030858
vn 0.170771 0.984569 -0.038211
vn 0.264639 0.961764 -0.070545
vn 0.272107 0.961070 -0.047980
vn 0.160621 0.985831 -0.048346
vn 0.228753 0.967431 -0.108398
vn 0.142827 -0.989065 -0.036748
vn 0.074569 -0.996931 -0.023813
vn -0.088797 -0.743694 -0.662597
vn -0.048470 -0.731998 -0.679581
vn 0.020511 -0.999704 -0.013071
vn -0.128766 -0.732686 -0.668275
vn -0.976839 -0.076563 0.199811
vn -0.979577 -0.007958 0.200912
vn -0.999947 -0.004643 -0.009207
vn -0.965378 -0.071714 -0.250804
vn -0.979618 -0.000266 0.200869
vn -0.999953 0.002638 -0.009324
vn -0.783124 0.010364 -0.621779
vn -0.782646 0.003187 -0.622459
vn -0.742476 -0.005002 -0.669854
vn -0.979600 0.007623 0.200813
vn -0.999881 0.011519 -0.010258
vn -0.976540 0.078079 0.200682
vn -0.964586 0.085077 -0.249672
vn -0.778151 0.026390 -0.627523
vn -0.783156 0.018102 -0.621562
vn -0.117021 0.748661 -0.652544
vn -0.112963 0.752528 -0.648800
vn 0.034117 0.999416 0.002066
vn 0.043795 0.999040 0.001235
vn 0.056601 0.998397 0.000250
vn -0.110485 0.751598 -0.650303
vn 0.979622 0.014473 -0.200330
vn 0.979647 0.007503 -0.200587
vn 0.926438 0.012838 -0.376228
vn 0.972184 0.015950 -0.233674
vn 0.979621 0.000536 -0.200854
vn 0.925744 0.005357 -0.378112
vn -0.106067 0.759141 -0.642226
vn 0.432666 0.631580 -0.643356
vn 0.060104 0.998189 0.002453
vn 0.662701 0.738356 -0.125130
vn 0.972372 0.123216 -0.198268
vn 0.718574 0.111919 -0.686386
vn 0.979614 -0.000026 -0.200889
vn 0.979531 -0.008597 -0.201111
vn 0.925799 -0.009278 -0.377903
vn 0.926337 0.001586 -0.376693
vn 0.979392 -0.017179 -0.201237
vn 0.970186 -0.017259 -0.241748
vn 0.968321 -0.148406 -0.200824
vn 0.690767 -0.708113 -0.146342
vn 0.449591 -0.598590 -0.662992
vn 0.720668 -0.114299 -0.683793
vn 0.159014 -0.986539 -0.038150
vn -0.032375 -0.741089 -0.670625
vn -0.964613 0.205541 0.165148
vn -0.971726 0.162829 0.170983
vn -0.986437 0.156118 -0.050684
vn -0.971002 0.203399 0.125633
vn -0.977166 0.119245 0.175861
vn -0.991933 0.115233 -0.052817
vn 0.984821 0.000439 -0.173570
vn 0.747507 -0.650979 -0.132136
vn 0.507107 -0.526346 -0.682497
vn 0.566387 0.028298 -0.823653
vn 0.104490 -0.994514 0.004829
vn -0.039085 -0.748405 -0.662090
vn -0.167824 -0.098803 -0.980853
vn -0.166933 -0.050132 -0.984693
vn -0.169982 0.037147 -0.984747
vn -0.084908 -0.765513 -0.637793
vn -0.678072 -0.608423 -0.412358
vn 0.040262 -0.998890 0.024437
vn -0.704819 -0.694248 0.145775
vn -0.983042 0.066040 0.171075
vn -0.893430 0.049637 -0.446451
vn -0.977185 -0.130568 0.167518
vn -0.969078 -0.189274 0.158315
vn -0.983866 -0.166888 -0.064462
vn -0.991713 -0.114220 -0.058813
vn -0.957519 -0.247889 0.147336
vn -0.964944 -0.242061 0.101433
vn -0.982867 -0.079980 0.166057
vn -0.714573 0.672046 0.194265
vn -0.686207 0.629551 -0.364398
vn -0.894865 -0.025559 -0.445605
vn 0.017191 0.995088 0.097494
vn -0.101004 0.813437 -0.572817
vn 0.079300 0.993807 0.077846
vn 0.739670 0.667538 -0.085329
vn 0.504751 0.581008 -0.638480
vn -0.056354 0.800799 -0.596277
vn -0.168412 0.120427 -0.978333
vn -0.169983 0.175555 -0.969683
vn 0.144078 -0.988894 -0.036473
vn 0.078112 -0.996657 -0.023955
vn 0.076937 -0.996763 -0.023343
vn 0.143714 -0.988962 -0.036049
vn 0.024817 -0.999602 -0.013449
vn 0.022870 -0.999658 -0.012681
vn 0.021069 -0.999705 -0.012052
vn 0.076553 -0.996799 -0.023048
vn 0.143662 -0.988972 -0.036006
vn -0.976882 -0.076649 0.199566
vn -0.979629 -0.008036 0.200656
vn -0.979800 -0.007982 0.199821
vn -0.977054 -0.076587 0.198747
vn -0.979670 -0.000348 0.200614
vn -0.979841 -0.000294 0.199781
vn -0.979653 0.007540 0.200558
vn -0.979823 0.007593 0.199725
vn -0.976595 0.078042 0.200428
vn -0.976766 0.078070 0.199583
vn 0.034710 0.999394 0.002502
vn 0.037391 0.999300 0.001540
vn 0.046086 0.998937 0.000299
vn 0.044568 0.999006 0.000961
vn 0.040438 0.999181 0.001060
vn 0.048055 0.998845 0.000097
vn 0.057940 0.998320 -0.000502
vn 0.057181 0.998364 -0.000653
vn 0.056775 0.998387 -0.000491
vn 0.060100 0.998191 0.001456
vn 0.060346 0.998177 0.001400
vn 0.671817 0.729834 -0.126509
vn 0.681323 0.720607 -0.128549
vn 0.060732 0.998153 0.001721
vn 0.671530 0.730063 -0.126707
vn 0.972567 0.123623 -0.197055
vn 0.972749 0.123380 -0.196307
vn 0.972757 0.123200 -0.196382
vn 0.979661 0.014657 -0.200123
vn 0.979694 0.007680 -0.200350
vn 0.979865 0.007562 -0.199518
vn 0.979832 0.014525 -0.199293
vn 0.979673 0.000697 -0.200600
vn 0.979845 0.000598 -0.199758
vn 0.979662 0.000159 -0.200655
vn 0.979582 -0.008422 -0.200867
vn 0.979756 -0.008512 -0.200016
vn 0.979833 0.000050 -0.199818
vn 0.979442 -0.017021 -0.201007
vn 0.979618 -0.017094 -0.200139
vn 0.968571 -0.148587 -0.199479
vn 0.696713 -0.702253 -0.146396
vn 0.696951 -0.702159 -0.145711
vn 0.968761 -0.148497 -0.198622
vn 0.159593 -0.986459 -0.037791
vn 0.159469 -0.986492 -0.037468
vn 0.159287 -0.986522 -0.037448
vn 0.703018 -0.695831 -0.146920
vn 0.968763 -0.148420 -0.198670
vn -0.956806 0.190529 0.219592
vn -0.983139 0.121968 0.136237
vn -0.973273 0.158130 0.166536
vn -0.960729 0.208195 0.183453
vn -0.986198 0.120662 0.113379
vn -0.979028 0.120713 0.164109
vn -0.986551 -0.129136 0.100206
vn -0.979710 -0.166749 0.111191
vn -0.970702 -0.190535 0.146406
vn -0.979233 -0.131308 0.154469
vn -0.965907 -0.174044 0.191655
vn -0.958427 -0.239607 0.154938
vn -0.942417 0.140535 0.303479
vn -0.635495 0.694464 0.337441
vn -0.705265 0.670599 0.229998
vn -0.978970 -0.083055 0.186333
vn 0.026038 0.987825 0.153373
vn 0.021009 0.992484 0.120559
vn 0.017194 0.995086 0.097510
vn -0.709763 0.677133 0.194235
vn -0.982807 -0.080257 0.166280
vn 0.742389 0.663654 -0.091766
vn 0.077124 0.994149 0.075632
vn 0.984806 0.000223 -0.173659
vn 0.984799 0.000326 -0.173696
vn 0.745467 0.661001 -0.085765
vn 0.078927 0.993809 0.078198
vn 0.747905 -0.650546 -0.132020
vn 0.984822 0.000305 -0.173568
vn 0.102315 -0.994709 0.009274
vn 0.103242 -0.994647 0.004241
vn 0.749479 -0.648540 -0.132954
vn 0.984815 0.000414 -0.173607
vn 0.040263 -0.998890 0.024440
vn 0.044682 -0.997698 0.051020
vn -0.695083 -0.694546 0.185650
vn -0.702023 -0.697096 0.145672
vn -0.979138 0.067612 0.191619
vn -0.982990 0.066291 0.171280
vn 0.833868 -0.485484 0.262619
vn 0.920114 0.033609 0.390206
vn 0.265083 -0.957310 0.115272
vn 0.122113 -0.990567 0.062181
vn 0.093711 -0.995532 0.011632
vn -0.099591 -0.557497 -0.824184
vn -0.058014 -0.888511 -0.455173
vn -0.243928 0.023159 -0.969517
vn -0.283279 0.028120 -0.958625
vn -0.194338 -0.423680 -0.884719
vn -0.226650 -0.831157 -0.507748
vn -0.278518 0.505555 -0.816604
vn -0.207659 0.853676 -0.477615
vn -0.300041 0.851432 -0.430161
vn -0.355552 0.537063 -0.764949
vn 0.166256 0.983303 0.073991
vn 0.032286 0.997740 0.058935
vn 0.398397 0.902698 0.162529
vn 0.215580 0.973671 0.074096
vn 0.011370 0.996012 0.088497
vn 0.848291 0.425932 0.314618
vn 0.908917 -0.079402 0.409348
vn -0.971444 -0.106631 -0.211958
vn -0.962627 0.105605 -0.249392
vn -0.918725 -0.354562 -0.173867
vn -0.732893 -0.585303 -0.346825
vn -0.570018 -0.555923 -0.605003
vn -0.761449 0.066873 -0.644766
vn -0.988716 0.025448 -0.147622
vn -0.848092 0.514064 -0.128369
vn -0.935788 -0.087046 -0.341649
vn -0.750211 -0.035712 -0.660233
vn -0.763390 0.408135 -0.500661
vn -0.738415 0.641671 -0.207368
vn 0.032394 0.981767 0.187306
vn 0.034574 0.989803 0.138183
vn -0.297551 0.932601 0.204250
vn 0.080185 -0.996503 -0.023491
vn 0.145296 -0.988841 -0.032906
vn 0.025311 -0.999578 -0.014256
vn -0.982094 -0.007869 0.188225
vn -0.979354 -0.076530 0.187105
vn -0.982125 -0.000194 0.188230
vn -0.982103 0.007648 0.188187
vn -0.979140 0.077922 0.187650
vn 0.039814 0.999186 -0.006440
vn 0.048309 0.998810 -0.006628
vn 0.057294 0.998344 -0.005075
vn 0.066511 0.997679 0.014564
vn 0.511200 0.823036 -0.247562
vn 0.819806 0.127666 -0.558229
vn 0.222018 0.308249 -0.925035
vn -0.175812 0.257174 -0.950238
vn 0.627633 0.141094 -0.765617
vn 0.818057 0.027142 -0.574496
vn -0.188545 0.028551 -0.981649
vn 0.562611 0.019782 -0.826485
vn -0.187965 0.008504 -0.982139
vn -0.044128 -0.164923 -0.985319
vn 0.555126 -0.003714 -0.831758
vn 0.553623 0.006441 -0.832742
vn 0.418874 -0.638345 -0.645802
vn 0.682497 -0.250764 -0.686524
vn 0.551539 -0.795237 -0.251798
vn 0.809583 -0.137650 -0.570638
vn 0.167450 -0.985752 -0.015929
vn 0.021119 0.657038 -0.753562
vn 0.086297 0.780393 -0.619306
vn 0.047193 0.797289 -0.601750
vn 0.174011 0.982255 -0.069969
vn 0.179751 0.983201 -0.031695
vn 0.158876 0.970016 -0.183923
vn -0.230762 -0.972236 0.038797
vn -0.228257 -0.972863 0.037898
vn -0.231676 -0.971935 0.040851
vn -0.257745 -0.650324 -0.714595
vn -0.213411 -0.654277 -0.725519
vn -0.269542 -0.839676 -0.471479
vn -0.045450 -0.901448 -0.430494
vn 0.161122 -0.981853 -0.100023
vn 0.233480 -0.966993 -0.102041
vn 0.231086 -0.967503 -0.102652
vn 0.235425 -0.969193 -0.072382
vn 0.242316 -0.969227 -0.043391
vn 0.244225 -0.968751 -0.043312
vn 0.247867 -0.967985 -0.039581
vn 0.250490 -0.967327 -0.039153
vn 0.249604 -0.967230 -0.046522
vn 0.244873 -0.968168 -0.051836
vn 0.235072 -0.969920 -0.063214
vn 0.226328 -0.971659 -0.068225
vn 0.225189 -0.972981 -0.050964
vn 0.229372 -0.972639 -0.036894
vn 0.223857 -0.974047 -0.033470
vn 0.199758 -0.979603 -0.021798
vn 0.176875 -0.984195 -0.008717
vn 0.163344 -0.986202 -0.026905
vn 0.158851 -0.986555 -0.038419
vn 0.158694 -0.986593 -0.038085
vn 0.158554 -0.986613 -0.038152
vn -0.036639 -0.734566 -0.677548
vn -0.223103 -0.055642 -0.973206
vn 0.158166 -0.986651 -0.038776
vn -0.234403 0.003765 -0.972132
vn -0.235959 0.016271 -0.971627
vn -0.232972 0.027369 -0.972098
vn -0.226229 0.080951 -0.970705
vn 0.059914 0.998203 0.001276
vn -0.107989 0.755263 -0.646464
vn 0.060627 0.998160 0.000562
vn 0.060188 0.998187 0.000258
vn 0.059926 0.998203 0.000196
vn 0.074493 0.997152 0.011782
vn 0.063123 0.998000 0.003405
vn 0.097510 0.995231 -0.002791
vn 0.123427 0.992218 -0.016414
vn 0.133184 0.990818 -0.023280
vn 0.132649 0.990433 -0.038042
vn 0.132472 0.989517 -0.057512
vn 0.139801 0.988776 -0.052698
vn 0.151890 0.987609 -0.039476
vn 0.159705 0.986569 -0.034295
vn 0.162573 0.986353 -0.026016
vn 0.162676 0.986337 -0.026014
vn 0.164850 0.985813 -0.031578
vn 0.168634 0.985132 -0.032812
vn 0.161323 0.984771 -0.064816
vn 0.149086 0.984083 -0.096717
vn 0.146479 0.987602 -0.056455
vn 0.197905 0.965177 0.171075
vn 0.185336 0.982360 -0.024902
vn 0.304026 -0.576274 0.758602
vn 0.357426 -0.178501 0.916725
vn 0.133592 -0.943043 0.304669
vn 0.291422 0.510277 0.809129
vn 0.116108 0.912237 0.392864
vn 0.354303 0.117357 0.927738
vn 0.038070 0.982600 0.181791
vn 0.027730 0.990397 0.135443
vn 0.025293 0.993478 0.111180
vn 0.023388 0.995075 0.096321
vn -0.094460 0.821510 -0.562316
vn -0.170311 0.185440 -0.967784
vn 0.023538 0.995066 0.096387
vn -0.173080 0.091366 -0.980661
vn -0.173486 0.032557 -0.984298
vn -0.172590 -0.022311 -0.984741
vn -0.168584 -0.105328 -0.980044
vn 0.046934 -0.998627 0.023255
vn -0.078088 -0.773643 -0.628792
vn 0.053804 -0.995767 0.074513
vn 0.049485 -0.997874 0.042417
vn 0.046784 -0.998636 0.023192
vn 0.063037 -0.991335 0.115245
vn -0.079103 -0.765367 -0.638714
vn -0.049781 -0.652360 -0.756273
vn -0.733253 -0.505744 -0.454493
vn -0.788165 -0.523427 -0.323761
vn 0.091059 -0.828301 -0.552835
vn -0.630961 -0.710041 -0.312617
vn -0.987761 -0.027594 0.153512
vn -0.988581 -0.025595 0.148502
vn 0.090303 -0.985891 0.140944
vn 0.035871 -0.995722 -0.085153
vn -0.745829 -0.662179 0.072515
vn -0.574946 -0.784968 0.230785
vn -0.643404 -0.763461 0.056198
vn -0.632172 -0.770842 0.078497
vn 0.037833 -0.995957 -0.081471
vn 0.047770 -0.997435 -0.053309
vn -0.632554 -0.766461 0.111413
vn -0.645285 -0.759173 0.085233
vn 0.051370 -0.998637 -0.009218
vn 0.044973 -0.998035 -0.043623
vn 0.046372 -0.998923 -0.001822
vn 0.048252 -0.998802 -0.008113
vn -0.633886 -0.765267 0.112048
vn -0.635359 -0.763357 0.116640
vn -0.635564 -0.764215 0.109702
vn -0.633857 -0.764550 0.116998
vn 0.042870 -0.999021 -0.010894
vn 0.045743 -0.998952 -0.001435
vn 0.029986 -0.998960 -0.034347
vn 0.037753 -0.999129 -0.017780
vn -0.637668 -0.763248 0.104075
vn -0.637451 -0.765099 0.090993
vn -0.639858 -0.761660 0.102247
vn -0.642202 -0.761732 0.085678
vn 0.029529 -0.999395 -0.018362
vn 0.026286 -0.998830 -0.040591
vn 0.028764 -0.999577 -0.004338
vn 0.030895 -0.999519 -0.002709
vn -0.635472 -0.763648 0.114095
vn -0.636033 -0.763371 0.112812
vn -0.636946 -0.763329 0.107836
vn 0.026533 -0.999589 -0.010847
vn -0.637836 -0.762932 0.105360
vn 0.025462 -0.999571 -0.014463
vn 0.024646 -0.999602 -0.013752
vn 0.025266 -0.999579 -0.014275
vn -0.632962 -0.765713 0.114204
vn -0.635048 -0.762539 0.123481
vn 0.022675 -0.999657 -0.013083
vn -0.635635 -0.762088 0.123251
vn -0.636028 -0.761671 0.123794
vn -0.635894 -0.635589 -0.437796
vn -0.491136 -0.047090 -0.869809
vn -0.327820 0.008155 -0.944705
vn -0.328263 0.013605 -0.944488
vn -0.326317 0.018117 -0.945087
vn -0.489082 0.074667 -0.869036
vn -0.628572 0.765874 0.135404
vn -0.628899 0.651991 -0.423549
vn -0.626629 0.767567 0.134823
vn -0.627777 0.766722 0.134288
vn 0.040230 0.999190 0.000586
vn 0.037130 0.999310 0.000933
vn -0.631315 0.768197 0.106368
vn -0.626955 0.769622 0.120866
vn 0.038531 0.999161 -0.013854
vn 0.039844 0.999186 -0.006264
vn -0.630992 0.768330 0.107325
vn -0.630477 0.768375 0.109993
vn 0.041170 0.999113 -0.008891
vn 0.039285 0.999153 -0.012268
vn -0.634590 0.766616 0.097951
vn -0.630081 0.768700 0.109991
vn 0.043111 0.998751 -0.025240
vn 0.043670 0.999005 -0.009082
vn -0.631911 0.770220 0.086314
vn -0.636910 0.766646 0.081232
vn 0.045290 0.998115 -0.041413
vn 0.040608 0.998044 -0.047538
vn -0.629510 0.769840 0.105183
vn -0.631805 0.768705 0.099575
vn 0.061455 0.997936 -0.018639
vn 0.054784 0.998180 -0.025225
vn -0.629322 0.768995 0.112252
vn -0.627775 0.770222 0.112501
vn 0.065690 0.997793 -0.009686
vn 0.064728 0.997860 -0.009248
vn -0.626447 0.772100 0.106891
vn -0.627836 0.770878 0.107562
vn 0.073530 0.997138 -0.017599
vn 0.068959 0.997488 -0.016220
vn -0.633819 0.770399 0.068987
vn -0.635118 0.767270 0.089005
vn 0.066122 0.995545 -0.067213
vn 0.070058 0.996691 -0.041210
vn -0.565508 0.788584 0.241530
vn -0.622097 0.777607 0.091228
vn 0.118949 0.981295 0.151363
vn 0.077585 0.996214 -0.039222
vn -0.783380 0.531919 -0.321525
vn -0.735162 0.672775 0.083130
vn -0.053713 0.776101 -0.628317
vn 0.064050 0.995626 -0.068014
vn 0.116589 0.755737 -0.644414
vn -0.022880 0.634800 -0.772338
vn -0.724871 0.500168 -0.473702
vn -0.637195 0.663298 -0.392452
vn -0.988869 0.024448 0.146765
vn -0.988255 0.028731 0.150089
vn -0.558437 0.823682 0.098468
vn -0.555189 0.829141 0.065497
vn 0.316253 0.947035 -0.055764
vn 0.309582 0.946388 -0.092243
vn 0.287217 0.936700 -0.200250
vn -0.563683 0.825528 -0.027674
vn 0.238737 -0.970169 -0.042163
vn 0.236920 -0.970628 -0.041833
vn -0.589622 -0.800972 0.103873
vn -0.588968 -0.801467 0.103769
vn 0.236023 -0.970856 -0.041617
vn -0.589829 -0.800803 0.104003
vn 0.054111 -0.772897 -0.632220
vn 0.038465 -0.622319 -0.781818
vn 0.038362 -0.624143 -0.780368
vn 0.059297 -0.776197 -0.627696
vn 0.034844 -0.609984 -0.791647
vn 0.034793 -0.613771 -0.788717
vn 0.033159 -0.672908 -0.738982
vn 0.032186 -0.695446 -0.717857
vn 0.032976 -0.676736 -0.735487
vn 0.031729 -0.705644 -0.707856
vn 0.033146 0.723219 -0.689823
vn 0.033357 0.715973 -0.697330
vn 0.033546 0.711175 -0.702214
vn 0.033538 0.714348 -0.698986
vn 0.033991 0.678557 -0.733761
vn 0.033970 0.678518 -0.733798
vn 0.036627 0.696609 -0.716515
vn 0.054677 0.869135 -0.491544
vn 0.036589 0.695990 -0.717119
vn 0.054460 0.868901 -0.491980
vn 0.089898 0.995825 -0.015851
vn 0.089898 0.995825 -0.015852
vn 0.090112 0.995805 -0.015889
vn 0.090112 0.995805 -0.015889
vn 0.089898 0.995825 -0.015851
vn 0.090113 0.995805 -0.015889
vn 0.187016 -0.962271 -0.197636
vn 0.143258 -0.940298 -0.308735
vn 0.222834 -0.974064 -0.039291
vn 0.210234 -0.976948 -0.037070
vn 0.141069 -0.954554 -0.262540
vn 0.086407 -0.944843 -0.315919
vn 0.075922 -0.776077 -0.626051
vn 0.049864 -0.619593 -0.783338
vn 0.040986 -0.621502 -0.782340
vn 0.058756 -0.780840 -0.621962
vn 0.048405 -0.612241 -0.789188
vn 0.037293 -0.607467 -0.793469
vn 0.035680 -0.679615 -0.732701
vn 0.034773 -0.713064 -0.700236
vn 0.047873 -0.683510 -0.728370
vn 0.048289 -0.716787 -0.695618
vn 0.049651 0.732584 -0.678863
vn 0.048166 0.723995 -0.688122
vn 0.036089 0.719762 -0.693282
vn 0.036215 0.729595 -0.682920
vn 0.048258 0.685803 -0.726186
vn 0.036814 0.679349 -0.732891
vn 0.038473 0.696746 -0.716285
vn 0.054817 0.869578 -0.490743
vn 0.046127 0.703751 -0.708948
vn 0.057665 0.872517 -0.485168
vn 0.089011 0.995907 -0.015695
vn 0.089011 0.995907 -0.015695
vn 0.089214 0.995888 -0.015731
vn 0.089214 0.995888 -0.015731
vn 0.089011 0.995907 -0.015695
vn 0.089214 0.995888 -0.015731
vn 0.143519 -0.303057 0.942103
vn 0.122032 -0.418112 0.900161
vn 0.149775 -0.535067 0.831427
vn 0.122452 -0.334626 0.934361
vn -0.174880 -0.984107 0.030836
vn -0.015331 -0.999879 0.002703
vn 0.026533 -0.999637 -0.004679
vn 0.081199 -0.996595 -0.014318
vn 0.033036 -0.999437 -0.005825
vn 0.110649 -0.712731 0.692655
vn 0.055441 -0.531405 0.845302
vn 0.045274 -0.614585 -0.787550
vn 0.073820 -0.742551 -0.665710
vn 0.051204 -0.625966 -0.778168
vn 0.061693 -0.693991 -0.717335
vn 0.070919 -0.715775 -0.694720
vn 0.070502 0.729876 -0.679934
vn 0.072272 0.732385 -0.677045
vn 0.060228 0.704532 -0.707112
vn 0.041511 0.718364 -0.694428
vn 0.051308 0.876234 -0.479147
vn 0.104625 0.994326 -0.019201
vn 0.100331 0.994755 -0.019916
vn 0.105589 0.994236 -0.018618
vn 0.111657 -0.843528 0.525351
vn 0.041794 -0.766423 0.640975
vn 0.106382 -0.872439 0.477005
vn 0.313711 -0.864321 0.393109
vn 0.092116 -0.995616 -0.016243
vn 0.359373 -0.931040 -0.063367
vn 0.072617 -0.890645 -0.448863
vn 0.076880 -0.909698 -0.408091
vn 0.085682 -0.970649 -0.224722
vn 0.103426 -0.975003 -0.196653
vn 0.102341 -0.912142 -0.396893
vn 0.110116 -0.940954 -0.320125
vn 0.099883 -0.902063 -0.419887
vn 0.092922 -0.968527 -0.230914
vn 0.101499 -0.953468 -0.283895
vn 0.609637 -0.641517 -0.465616
vn 0.670933 -0.311815 -0.672771
vn 0.644370 -0.251483 -0.722180
vn 0.607084 -0.175290 -0.775063
vn 0.649949 0.258021 -0.714837
vn 0.673852 0.309839 -0.670763
vn 0.599853 0.198151 -0.775185
vn 0.607620 0.647152 -0.460426
vn 0.086291 0.957642 -0.274728
vn 0.078877 0.984890 -0.154178
vn 0.079251 0.984788 -0.154638
vn 0.079534 0.984743 -0.154776
vn 0.079810 0.984729 -0.154721
vn 0.079297 0.985135 -0.152386
vn 0.078991 0.984910 -0.153992
vn 0.116853 0.974315 -0.192498
vn 0.082388 0.984667 -0.153762
vn 0.123635 0.952891 -0.276970
vn 0.114061 0.930728 -0.347471
vn 0.124462 0.920153 -0.371251
vn 0.134916 0.915837 -0.378208
vn 0.133992 0.916761 -0.376292
vn 0.146250 0.914743 -0.376637
vn 0.241848 0.894708 -0.375509
vn 0.197514 0.901924 -0.384085
vn -0.582512 0.790691 -0.188383
vn -0.986687 0.031179 0.159616
vn 0.236963 0.888942 -0.391957
vn -0.985378 0.004358 0.170328
vn -0.985085 0.001124 0.172064
vn -0.984901 0.000638 0.173118
vn -0.984808 -0.000000 0.173648
vn -0.984808 -0.000000 0.173648
vn -0.984962 -0.000739 0.172770
vn -0.985176 -0.003812 0.171506
vn -0.985551 -0.029813 0.166733
vn 0.211893 -0.958801 -0.189216
vn -0.576087 -0.817145 -0.019924
vn 0.028636 -0.986651 -0.160311
vn -0.200765 -0.972804 -0.115523
vn 0.213289 -0.959762 -0.182661
vn -0.238708 -0.963268 -0.123014
vn -0.247013 -0.962888 -0.108773
vn -0.153285 -0.961166 -0.229487
vn -0.146049 -0.978180 -0.147760
vn -0.116137 -0.921385 -0.370894
vn 0.034201 -0.864968 -0.500660
vn 0.107391 -0.886109 -0.450864
vn 0.108972 -0.967945 -0.226289
vn 0.078239 -0.024034 0.996645
vn -0.318950 -0.024511 0.947455
vn -0.252352 -0.253949 0.933718
vn 0.100461 -0.148168 0.983846
vn -0.642072 -0.028023 0.766132
vn -0.370118 -0.388363 0.843912
vn -0.018963 -0.077087 0.996844
vn 0.087072 -0.040708 0.995370
vn 0.099701 -0.172586 0.979936
vn 0.008307 -0.294945 0.955478
vn 0.427876 -0.124996 0.895152
vn -0.061932 -0.137758 0.988528
vn -0.023723 -0.457113 0.889092
vn 0.374226 -0.485321 0.790201
vn 0.998143 0.027958 -0.054126
vn 0.954353 -0.006210 0.298617
vn 0.819917 -0.475061 0.319458
vn 0.871845 -0.487192 0.050307
vn 0.997281 0.041717 -0.060752
vn 0.952618 -0.018817 0.303588
vn 0.957045 -0.013090 0.289643
vn 0.997554 0.039496 -0.057679
vn 0.433188 -0.147356 0.889176
vn 0.435680 -0.145339 0.888290
vn -0.077053 -0.138909 0.987303
vn -0.071096 -0.144062 0.987011
vn -0.037291 -0.077132 0.996323
vn -0.027662 -0.080635 0.996360
vn 0.079358 -0.041116 0.995998
vn 0.083041 -0.042777 0.995628
vn 0.071323 -0.025778 0.997120
vn 0.073579 -0.026898 0.996927
vn -0.345312 -0.030690 0.937986
vn -0.336500 -0.031030 0.941172
vn -0.679511 -0.038432 0.732658
vn -0.663768 -0.038113 0.746967
vn 0.719345 -0.645577 0.256464
vn 0.771489 -0.621530 -0.136034
vn 0.287277 -0.852967 0.435797
vn 0.441853 -0.099806 0.891518
vn 0.966254 0.016427 0.257065
vn 0.983366 0.054091 -0.173394
vn 0.012324 -0.782951 0.621962
vn 0.037786 -0.738685 0.672991
vn -0.036445 -0.061874 0.997418
vn -0.090203 -0.109275 0.989910
vn 0.121231 -0.745037 0.655914
vn 0.117223 -0.787598 0.604936
vn 0.066507 -0.022540 0.997531
vn 0.078135 -0.032397 0.996416
vn -0.143375 -0.889464 0.433932
vn -0.368540 -0.927338 0.064984
vn -0.982944 -0.061493 0.173320
vn -0.353473 -0.036875 0.934718
vn 0.112620 0.012948 0.993554
vn 0.122345 0.012302 0.992411
vn 0.123466 0.007635 0.992319
vn 0.113785 0.006653 0.993483
vn 0.130217 0.012058 0.991412
vn 0.131452 0.007996 0.991290
vn 0.134188 -0.022169 0.990708
vn 0.129552 -0.036738 0.990892
vn 0.122591 -0.038804 0.991698
vn 0.320375 -0.597362 0.735200
vn 0.337176 -0.545026 0.767632
vn 0.296690 -0.638317 0.710300
vn 0.302298 -0.617197 0.726418
vn 0.354505 -0.468958 0.808953
vn 0.300169 -0.627500 0.718430
vn 0.282119 -0.677579 0.679187
vn 0.286530 -0.664916 0.689773
vn 0.301223 -0.617232 0.726835
vn 0.276519 0.698778 0.659733
vn 0.293258 0.654554 0.696821
vn 0.285857 0.675923 0.679275
vn 0.274967 0.702472 0.656450
vn 0.346832 0.506199 0.789601
vn 0.328459 0.578704 0.746470
vn 0.308639 0.632030 0.710831
vn 0.286341 0.671268 0.683672
vn 0.283064 0.677769 0.678605
vn 0.120854 0.062809 0.990681
vn 0.129609 0.060534 0.989716
vn 0.124889 0.016798 0.992029
vn 0.115677 0.018718 0.993111
vn 0.136072 0.059541 0.988908
vn 0.132215 0.016172 0.991089
vn 0.298282 0.775943 0.555824
vn 0.316306 0.768458 0.556259
vn 0.258473 0.640780 0.722905
vn 0.275760 0.645455 0.712281
vn 0.332223 0.779189 0.531501
vn 0.244940 0.643518 0.725182
vn 0.166762 0.761372 0.626501
vn 0.202025 0.766774 0.609297
vn 0.244054 0.774396 0.583736
vn 0.279759 0.741163 0.610256
vn 0.280652 0.694325 0.662682
vn 0.225717 0.859600 0.458410
vn 0.219469 0.868656 0.444150
vn 0.218587 0.869660 0.442619
vn 0.279018 0.697202 0.660347
vn 0.264905 -0.796334 0.543762
vn 0.252130 -0.816875 0.518792
vn 0.301224 -0.630126 0.715685
vn 0.301514 -0.627042 0.718267
vn 0.252284 -0.819739 0.514180
vn 0.305291 -0.667927 0.678728
vn 0.013584 -0.720770 0.693041
vn 0.083361 -0.758473 0.646351
vn 0.114147 -0.656785 0.745389
vn -0.004350 -0.652156 0.758072
vn 0.143745 -0.754615 0.640230
vn 0.210576 -0.660623 0.720579
vn 0.272680 -0.847862 0.454726
vn 0.125080 -0.846824 0.516956
vn -0.065626 -0.843334 0.533368
vn 0.167625 -0.982250 -0.084186
vn 0.088705 -0.993957 -0.064653
vn 0.096203 -0.993747 -0.056674
vn 0.186321 -0.979590 -0.075413
vn 0.024503 -0.998259 -0.053652
vn 0.024708 -0.998765 -0.043096
vn 0.026623 -0.999373 -0.023334
vn 0.105876 -0.993657 -0.037889
vn 0.203374 -0.977528 -0.055475
vn -0.982339 -0.073583 0.172036
vn -0.982809 -0.070149 0.170780
vn -0.984825 -0.007063 0.173407
vn -0.984795 -0.007400 0.173564
vn -0.983222 -0.067630 0.169410
vn -0.984950 -0.006821 0.172707
vn -0.984936 -0.000007 0.172918
vn -0.984821 -0.000001 0.173573
vn -0.984808 0.000000 0.173648
vn 0.096803 -0.190377 -0.976927
vn 0.685617 -0.076536 -0.723928
vn 0.612402 -0.569176 -0.548637
vn 0.097724 -0.586893 -0.803745
vn 0.984798 0.000124 -0.173702
vn 0.753341 -0.643908 -0.133643
vn 0.098195 -0.993243 -0.061860
vn 0.086445 -0.963820 -0.252148
vn 0.036404 -0.884134 -0.465812
vn -0.984829 0.007167 0.173379
vn -0.984796 0.007531 0.173551
vn -0.984948 0.006907 0.172712
vn -0.983142 0.069414 0.169156
vn -0.982704 0.071975 0.170624
vn -0.982194 0.075325 0.172110
vn 0.038082 0.997557 -0.058566
vn 0.051165 0.996761 -0.062051
vn 0.061159 0.996829 -0.050902
vn 0.038036 0.998220 -0.045945
vn 0.064826 0.995277 -0.072263
vn 0.088750 0.994241 -0.060067
vn 0.113276 0.992843 -0.037844
vn 0.073062 0.996895 -0.029363
vn 0.040084 0.998927 -0.023211
vn -0.019851 0.865851 -0.499908
vn 0.038903 0.949810 -0.310397
vn 0.589562 0.579791 -0.562370
vn 0.069927 0.593363 -0.801892
vn 0.050770 0.993184 -0.104917
vn 0.734204 0.660680 -0.156355
vn 0.984807 0.000057 -0.173654
vn 0.671559 0.065316 -0.738067
vn 0.088976 0.177954 -0.980008
vn 0.035897 -0.984892 -0.169405
vn 0.094719 -0.980504 -0.172163
vn 0.141565 -0.989771 0.017706
vn 0.062788 -0.997518 0.031857
vn 0.159744 -0.977921 -0.134727
vn 0.235590 -0.971847 0.003341
vn 0.232563 -0.972154 0.028827
vn 0.139550 -0.988998 0.049080
vn 0.063312 -0.995970 0.063532
vn -0.984100 -0.067742 0.164187
vn -0.982170 -0.066059 0.176007
vn -0.984750 -0.006573 0.173851
vn -0.984910 -0.006885 0.172930
vn -0.981733 -0.067471 0.177899
vn -0.984722 -0.006718 0.174005
vn -0.984808 0.000000 0.173648
vn -0.984808 -0.000000 0.173648
vn -0.984808 -0.000000 0.173648
vn -0.984769 0.006233 0.173754
vn -0.984882 0.006301 0.173112
vn -0.984757 0.006439 0.173814
vn -0.982216 0.064330 0.176392
vn -0.982600 0.062478 0.174909
vn -0.984395 0.063761 0.164014
vn 0.085143 0.995554 0.040284
vn 0.119320 0.992250 0.034667
vn 0.113417 0.993538 0.004298
vn 0.086125 0.996247 0.008593
vn 0.162157 0.986287 0.030721
vn 0.147881 0.989005 -0.000700
vn 0.123890 0.970761 -0.205605
vn 0.089018 0.977458 -0.191445
vn 0.059269 0.980616 -0.186762
vn 0.239982 0.968019 -0.073124
vn 0.276041 0.961136 0.004350
vn 0.809895 0.583598 0.059019
vn 0.681358 0.705605 0.194608
vn 0.278783 0.960213 0.016452
vn 0.834910 0.550061 0.018913
vn 0.999506 0.021358 0.023054
vn 0.995012 0.066220 0.074610
vn 0.930878 0.208607 0.299915
vn 0.931557 -0.184650 0.313220
vn 0.995811 -0.048510 0.077511
vn 0.799900 -0.594875 0.079269
vn 0.656758 -0.699902 0.280725
vn 0.999710 -0.002152 0.024001
vn 0.826437 -0.562363 0.027374
vn 0.270370 -0.962469 0.023515
vn 0.261701 -0.964741 0.028072
vn 0.220547 -0.975279 0.013757
vn 0.015130 -0.962655 -0.270309
vn 0.081363 -0.972134 -0.219852
vn 0.203186 -0.602659 -0.771698
vn 0.017373 -0.563246 -0.826107
vn 0.189111 -0.949440 -0.250601
vn 0.413992 -0.542266 -0.731135
vn 0.476436 0.045045 -0.878054
vn 0.229322 0.049865 -0.972072
vn 0.009890 -0.020661 -0.999738
vn 0.020040 -0.993072 -0.115782
vn -0.692976 -0.717201 -0.073529
vn -0.045018 -0.994067 -0.099011
vn 0.014443 -0.989107 -0.146487
vn -0.993342 -0.104454 0.048596
vn -0.487866 -0.872452 -0.028544
vn 0.040447 -0.998789 -0.028009
vn 0.095989 -0.988616 -0.115867
vn -0.422329 0.079259 0.902971
vn -0.119270 -0.026685 0.992503
vn 0.063215 -0.000654 0.998000
vn -0.468518 0.074990 0.880265
vn 0.176154 -0.079405 0.981155
vn 0.174145 -0.016768 0.984577
vn 0.173292 0.025305 0.984545
vn 0.067690 0.023617 0.997427
vn -0.457223 0.015709 0.889213
vn 0.012452 -0.071280 -0.997379
vn 0.224544 -0.133393 -0.965291
vn 0.238526 0.448415 -0.861411
vn -0.013160 0.450403 -0.892728
vn 0.469344 -0.111674 -0.875925
vn 0.465560 0.395884 -0.791536
vn 0.298719 0.885479 -0.355942
vn 0.117460 0.935242 -0.333953
vn -0.039221 0.916329 -0.398500
vn 0.064438 0.050360 0.996650
vn -0.463253 -0.047513 0.884952
vn 0.172710 0.071626 0.982365
vn 0.171546 0.146677 0.974196
vn -0.119304 0.081129 0.989538
vn -0.466921 -0.066909 0.881764
vn 0.063308 -0.993468 0.094935
vn 0.059361 -0.980890 0.185289
vn 0.065495 -0.993792 0.089931
vn -0.981204 -0.026302 0.191171
vn -0.983477 -0.062157 0.170028
vn -0.984811 -0.006156 0.173522
vn -0.984784 -0.002589 0.173765
vn -0.984808 -0.000000 0.173648
vn -0.984808 0.000000 0.173648
vn -0.985003 0.006246 0.172422
vn -0.984724 0.003857 0.174080
vn -0.984097 0.057211 0.168164
vn -0.981187 0.025246 0.191402
vn 0.132155 0.990410 0.040297
vn 0.086524 0.994377 0.061061
vn 0.181413 0.983334 0.011943
vn 0.246823 0.799541 0.547552
vn 0.211124 0.966403 0.146600
vn 0.443543 0.755424 0.482290
vn 0.313361 0.743612 0.590632
vn 0.636517 0.466093 0.614494
vn 0.358534 0.666881 0.653240
vn 0.359301 -0.642471 0.676856
vn 0.636482 -0.433768 0.637758
vn 0.405992 -0.777294 0.480608
vn 0.314589 -0.722195 0.616010
vn 0.201804 -0.938426 0.280415
vn 0.261592 -0.695663 0.669046
vn 0.160792 0.802112 0.575120
vn 0.232434 0.790811 0.566209
vn 0.211053 0.675041 0.706949
vn 0.142425 0.676669 0.722381
vn 0.293020 0.783484 0.547988
vn 0.276250 0.668068 0.690920
vn 0.246711 0.818110 0.519451
vn 0.173963 0.841018 0.512275
vn 0.124105 0.835842 0.534758
vn 0.122240 0.961011 -0.248021
vn 0.093486 0.963600 -0.250470
vn 0.105694 0.988500 -0.108153
vn 0.172335 0.981097 -0.088026
vn 0.066018 0.969317 -0.236784
vn 0.061858 0.994763 -0.081361
vn 0.135194 0.990691 0.015920
vn 0.108557 0.993951 0.016636
vn 0.158021 0.987395 0.008984
vn 0.175263 0.983247 0.050082
vn 0.141819 0.988173 0.058321
vn 0.103978 0.992763 0.060087
vn 0.064388 0.992252 -0.106252
vn 0.180583 0.978165 -0.102871
vn 0.069264 0.993673 -0.088408
vn 0.089339 0.992378 -0.084874
vn 0.318272 0.947917 -0.012492
vn 0.070683 0.995625 -0.061110
vn 0.073494 0.996158 -0.047618
vn 0.097192 0.994061 -0.048951
vn 0.119992 0.991575 -0.048799
vn 0.752740 0.037950 0.657223
vn 0.467436 0.086492 0.879786
vn 0.267719 0.032235 0.962958
vn 0.775856 0.026904 0.630336
vn 0.120599 0.079860 0.989484
vn 0.113632 0.029511 0.993085
vn 0.110612 0.015422 0.993744
vn 0.264530 0.015494 0.964253
vn 0.774788 0.011566 0.632115
vn 0.266836 -0.002695 0.963738
vn 0.776399 -0.006420 0.630209
vn 0.113064 -0.000977 0.993587
vn 0.126767 -0.062292 0.989975
vn 0.469097 -0.071288 0.880265
vn 0.789088 -0.019637 0.613967
vn 0.320521 -0.945870 -0.050952
vn 0.266371 -0.955121 -0.129577
vn 0.176450 -0.980630 -0.085032
vn 0.137615 -0.988581 -0.061397
vn 0.180888 -0.976972 -0.113163
vn 0.199705 -0.975081 -0.096620
vn 0.222981 -0.972643 -0.065155
vn 0.184474 -0.980877 -0.062053
vn 0.146567 -0.987585 -0.056515
vn 0.137341 -0.990147 0.027324
vn 0.194367 -0.980775 0.017388
vn 0.206955 -0.977899 0.029727
vn 0.142716 -0.989616 0.017098
vn 0.252243 -0.967617 0.009491
vn 0.259058 -0.965429 0.028910
vn 0.283251 -0.946436 0.155009
vn 0.333716 -0.937623 0.097457
vn 0.206754 -0.976834 -0.055204
vn 0.467733 -0.796551 0.383056
vn 0.286161 -0.926055 0.246035
vn 0.358000 -0.772541 0.524421
vn 0.349808 -0.602985 0.716968
vn 0.499993 -0.568749 0.653094
vn 0.322397 -0.639474 0.697949
vn 0.419283 -0.608534 0.673712
vn 0.299375 -0.584112 0.754446
vn 0.241703 -0.658695 0.712531
vn 0.002522 -0.846350 0.532621
vn 0.168855 -0.835802 0.522420
vn 0.169061 -0.778446 0.604516
vn 0.258157 0.966081 -0.006461
vn 0.320826 0.946913 -0.020635
vn 0.189631 0.981835 0.006329
vn 0.214228 0.969437 0.119572
vn 0.259229 0.960459 0.101582
vn 0.296960 0.952465 0.068012
vn 0.337804 0.937324 0.085516
vn 0.289334 0.951982 0.100079
vn 0.270016 0.962811 -0.009311
vn 0.322377 0.946405 -0.019781
vn 0.226356 0.967395 0.113627
vn 0.202585 0.979260 0.003100
vn -0.984808 -0.000000 0.173648
vn -0.984793 0.002114 0.173721
vn -0.984808 0.000000 0.173648
vn -0.984766 0.002273 0.173868
vn -0.983879 0.023248 0.177319
vn -0.984423 0.021425 0.174508
vn -0.984808 -0.000000 0.173648
vn -0.984808 0.000000 0.173648
vn -0.984808 0.000000 0.173648
vn -0.984808 -0.000000 0.173648
vn -0.984808 0.000000 0.173648
vn -0.984808 -0.000000 0.173648
vn -0.984808 -0.000000 0.173648
vn -0.984808 0.000000 0.173648
vn -0.984507 -0.024396 0.173637
vn -0.984802 -0.002425 0.173662
vn -0.984520 -0.024282 0.173582
vn -0.984810 -0.002378 0.173618
vn -0.181243 -0.982895 0.032700
vn 0.050563 -0.998683 -0.008719
vn -0.178529 -0.983400 0.032425
vn 0.052819 -0.998564 -0.008997
vn 0.238757 -0.970173 -0.041952
vn 0.236935 -0.970631 -0.041680
vn -0.208019 -0.974747 0.081224
vn -0.187717 -0.981258 0.043540
vn -0.238225 -0.970014 0.048183
vn -0.289332 -0.954790 0.068280
vn -0.220733 -0.974401 0.042658
vn -0.223460 -0.973795 0.042297
vn 0.122041 -0.992515 0.004528
vn 0.124013 -0.992276 -0.002874
vn 0.129498 -0.991572 -0.003817
vn 0.126234 -0.991637 0.026865
vn 0.188241 -0.977197 0.098242
vn 0.172840 -0.984916 0.008187
vn 0.984808 -0.000033 -0.173647
vn 0.742628 -0.656774 -0.130966
vn 0.984807 -0.000030 -0.173650
vn 0.742435 -0.657082 -0.130510
vn 0.984808 0.000275 -0.173646
vn 0.984808 0.000079 -0.173647
vn 0.984807 0.000277 -0.173652
vn 0.984807 0.000082 -0.173651
vn 0.984808 0.000031 -0.173649
vn 0.984808 -0.000075 -0.173648
vn 0.984808 0.000030 -0.173647
vn 0.984808 -0.000077 -0.173650
vn 0.984807 -0.000265 -0.173652
vn 0.984808 -0.000264 -0.173646
vn 0.103361 0.994477 -0.018225
vn 0.736177 0.664223 -0.129812
vn 0.103360 0.994477 -0.018225
vn 0.736163 0.664241 -0.129798
vn 0.089102 0.995899 -0.015711
vn 0.089654 0.995847 -0.015808
vn 0.089654 0.995847 -0.015808
vn 0.089102 0.995899 -0.015711
vn 0.998202 0.004806 -0.059746
vn 0.998218 0.004687 -0.059487
vn 0.837723 -0.543736 -0.050709
vn 0.830182 -0.555218 -0.050303
vn 0.998180 0.004506 -0.060142
vn 0.846830 -0.529305 -0.052108
vn 0.319915 -0.947165 -0.023082
vn 0.293988 -0.955593 -0.020335
vn 0.272829 -0.961879 -0.018782
vn 0.278985 0.960066 -0.021002
vn 0.304681 0.952188 -0.022546
vn 0.849265 0.525346 -0.052543
vn 0.838613 0.542282 -0.051555
vn 0.334078 0.942182 -0.026176
vn 0.861734 0.504391 -0.054814
vn 0.998175 0.004967 -0.060176
vn 0.998217 0.004840 -0.059488
vn 0.998204 0.004664 -0.059730
vn 0.161593 0.986357 -0.031420
vn 0.133834 0.990655 -0.026303
vn 0.131838 0.991036 -0.021616
vn 0.165422 0.985841 -0.027448
vn 0.108199 0.993936 -0.019611
vn 0.099454 0.994933 -0.014750
vn 0.093059 0.995563 -0.013908
vn 0.130507 0.991224 -0.021032
vn 0.169359 0.985166 -0.027682
vn 0.065067 0.997794 -0.013199
vn 0.103723 0.994401 -0.020227
vn 0.108541 0.993974 -0.015295
vn 0.070334 0.997488 -0.008399
vn 0.151395 0.988049 -0.028957
vn 0.155610 0.987525 -0.024081
vn 0.159693 0.986870 -0.024196
vn 0.113012 0.993472 -0.015519
vn 0.075098 0.997138 -0.008699
vn -0.984808 -0.000000 0.173648
vn -0.984808 -0.000000 0.173648
vn -0.984783 0.006610 0.173661
vn -0.984783 0.006536 0.173664
vn -0.984808 0.000000 0.173648
vn -0.984788 0.006649 0.173632
vn -0.982645 0.066574 0.173136
vn -0.982606 0.066192 0.173505
vn -0.982646 0.065485 0.173548
vn -0.982486 -0.068592 0.173253
vn -0.982494 -0.068562 0.173219
vn -0.984785 -0.006860 0.173644
vn -0.984784 -0.006860 0.173645
vn -0.982575 -0.068210 0.172899
vn -0.984789 -0.006832 0.173623
vn 0.225208 -0.973263 -0.045172
vn 0.125809 -0.991651 -0.028287
vn 0.127235 -0.991609 -0.022853
vn 0.223709 -0.973848 -0.039680
vn 0.044158 -0.998927 -0.013937
vn 0.048022 -0.998807 -0.008889
vn 0.051341 -0.998641 -0.008936
vn 0.128477 -0.991456 -0.022538
vn 0.222452 -0.974164 -0.038982
vn 0.165487 -0.985823 -0.027709
vn 0.206601 -0.977675 -0.038304
vn 0.196861 -0.979869 -0.033211
vn 0.148073 -0.988733 -0.021930
vn 0.247133 -0.967868 -0.046448
vn 0.244944 -0.968607 -0.042457
vn 0.243134 -0.969093 -0.041779
vn 0.188861 -0.981497 -0.031535
vn 0.134021 -0.990779 -0.019887
vn 0.039736 -0.998987 0.021130
vn 0.121634 -0.992555 0.006352
vn 0.118175 -0.992884 0.014720
vn 0.038581 -0.998821 0.029456
vn 0.221330 -0.975107 -0.013401
vn 0.215232 -0.976551 -0.004760
vn 0.208391 -0.977754 -0.023873
vn 0.112552 -0.993626 -0.006344
vn 0.034084 -0.999388 0.007891
vn 0.160444 -0.986819 -0.021139
vn 0.193745 -0.980712 -0.025823
vn 0.200009 -0.979696 -0.013861
vn 0.166562 -0.985978 -0.010262
vn 0.229551 -0.972799 -0.031107
vn 0.236566 -0.971445 -0.018220
vn 0.243386 -0.969617 -0.024604
vn 0.206097 -0.978339 -0.019390
vn 0.171138 -0.985140 -0.014534
vn 0.984808 0.000004 -0.173648
vn 0.983894 -0.000171 -0.178753
vn 0.822125 -0.549791 -0.147782
vn 0.827803 -0.542270 -0.143826
vn 0.982894 -0.000241 -0.184172
vn 0.818514 -0.553739 -0.152994
vn 0.285432 -0.957040 -0.051023
vn 0.294085 -0.954631 -0.046828
vn 0.304991 -0.951172 -0.047462
vn 0.328406 0.943400 -0.046318
vn 0.319478 0.946713 -0.040845
vn 0.849781 0.506158 -0.147229
vn 0.853300 0.500696 -0.145540
vn 0.311441 0.948963 -0.049746
vn 0.846367 0.509595 -0.154845
vn 0.982893 -0.000699 -0.184178
vn 0.983835 -0.000306 -0.179076
vn 0.984808 -0.000003 -0.173649
vn 0.103735 0.994600 0.003052
vn 0.126207 0.992003 0.001219
vn 0.121602 0.992551 0.007504
vn 0.099995 0.994938 0.009920
vn 0.148893 0.988852 -0.001331
vn 0.143405 0.989650 0.005250
vn 0.137262 0.990472 -0.011190
vn 0.115826 0.993236 -0.008222
vn 0.095313 0.995435 -0.004900
vn 0.049292 0.998738 0.009589
vn 0.084670 0.996405 0.002716
vn 0.090645 0.995596 0.023924
vn 0.054527 0.998032 0.030974
vn 0.128363 0.991709 -0.006081
vn 0.135100 0.990730 0.014188
vn 0.140018 0.990128 0.006459
vn 0.094080 0.995437 0.015918
vn 0.056681 0.998138 0.022545
vn -0.984808 -0.000000 0.173648
vn -0.984808 0.000000 0.173648
vn -0.984748 0.007475 0.173826
vn -0.984753 0.007232 0.173810
vn -0.984808 0.000000 0.173648
vn -0.984766 0.007652 0.173715
vn -0.981741 0.076228 0.174281
vn -0.981611 0.074377 0.175806
vn -0.981850 0.072138 0.175402
vn -0.981955 -0.071907 0.174911
vn -0.981697 -0.073806 0.175566
vn -0.984751 -0.007380 0.173815
vn -0.984762 -0.007178 0.173760
vn -0.981821 -0.075550 0.174128
vn -0.984766 -0.007575 0.173721
vn 0.126345 -0.991562 -0.029019
vn 0.043382 -0.998952 -0.014559
vn 0.227276 -0.972727 -0.046341
vn 0.228871 -0.972729 -0.037634
vn 0.127365 -0.991665 -0.019443
vn 0.043896 -0.999025 -0.004712
vn 0.176028 -0.983976 -0.028390
vn 0.212869 -0.976454 -0.035002
vn 0.211458 -0.976555 -0.040312
vn 0.173460 -0.984346 -0.031211
vn 0.251284 -0.967010 -0.041815
vn 0.249610 -0.967172 -0.047672
vn 0.993244 0.002254 -0.116025
vn 0.839961 -0.533433 -0.099574
vn 0.984808 0.000004 -0.173648
vn 0.837287 -0.526663 -0.146891
vn 0.326488 -0.943564 -0.055607
vn 0.325158 -0.944841 -0.039345
vn 0.337868 0.940060 -0.046172
vn 0.858284 0.502618 -0.103554
vn 0.342576 0.937660 -0.058604
vn 0.857701 0.491594 -0.150613
vn 0.984808 -0.000003 -0.173648
vn 0.992895 0.002412 -0.118970
vn 0.135919 0.990361 -0.026674
vn 0.111850 0.993479 -0.022131
vn 0.161609 0.986355 -0.031399
vn 0.161607 0.986577 -0.023415
vn 0.136362 0.990467 -0.019524
vn 0.112168 0.993566 -0.015625
vn 0.064145 0.997933 -0.003837
vn 0.103306 0.994591 -0.010749
vn 0.103058 0.994463 -0.020547
vn 0.063979 0.997857 -0.013734
vn 0.151509 0.988260 -0.019652
vn 0.151208 0.988074 -0.029098
vn -0.984808 -0.000000 0.173648
vn -0.984787 0.006641 0.173640
vn -0.984808 -0.000000 0.173648
vn -0.984779 0.006662 0.173685
vn -0.982531 0.066667 0.173748
vn -0.982646 0.066522 0.173152
vn -0.982610 -0.067903 0.172818
vn -0.984791 -0.006797 0.173611
vn -0.982505 -0.067822 0.173447
vn -0.984784 -0.006782 0.173652
vn 0.189721 -0.981811 -0.007254
vn 0.133957 -0.990981 0.003337
vn 0.246093 -0.969110 -0.016257
vn 0.133628 -0.990947 0.012926
vn 0.057355 -0.997976 0.027451
vn 0.226395 -0.974021 -0.005261
vn -0.982164 -0.067254 0.175586
vn -0.984754 -0.006725 0.173824
vn -0.984808 0.000000 0.173648
vn -0.984773 0.006471 0.173725
vn -0.982478 0.064501 0.174863
vn 0.117188 0.993069 0.008982
vn 0.080100 0.996662 0.015754
vn 0.163189 0.986592 0.002445
vn 0.135911 0.990563 0.017683
vn 0.096578 0.995062 0.022876
vn 0.174578 0.984587 0.010545
vn 0.272308 0.962209 -0.001632
vn 0.833588 0.552151 -0.016138
vn 0.999736 0.008312 -0.021433
vn 0.999832 0.006638 -0.017081
vn 0.826968 -0.562126 -0.011805
vn 0.267661 -0.963512 0.001556
vn 0.210525 -0.977127 -0.030018
vn 0.174390 -0.984381 -0.024126
vn 0.248633 -0.967919 -0.036253
vn 0.984808 0.000000 -0.173648
vn 0.833358 -0.533144 -0.145849
vn 0.317726 -0.946708 -0.052863
vn 0.337208 0.939860 -0.054356
vn 0.856418 0.494333 -0.148939
vn 0.984808 -0.000000 -0.173648
vn 0.131687 0.991206 -0.013014
vn 0.155904 0.987636 -0.016412
vn 0.108606 0.994037 -0.009801
vn 0.098721 0.995113 -0.002254
vn 0.060150 0.998178 0.004732
vn 0.146211 0.989187 -0.011477
vn -0.984808 0.000000 0.173648
vn -0.984772 0.006867 0.173718
vn -0.982317 0.068615 0.174202
vn -0.982329 -0.069164 0.173917
vn -0.984776 -0.006912 0.173691
vn 0.124816 -0.992116 -0.011278
vn 0.226219 -0.973615 -0.029987
vn 0.041452 -0.999134 0.003613
vn 0.191971 -0.980586 -0.039983
vn 0.156850 -0.987046 -0.033748
vn 0.228827 -0.972369 -0.046230
vn 0.979120 0.000365 -0.203283
vn 0.811320 -0.558962 -0.171236
vn 0.942575 0.007687 -0.333907
vn 0.797567 -0.542431 -0.263922
vn 0.229296 -0.966177 -0.118003
vn 0.275704 -0.959326 -0.060675
vn 0.305534 0.949937 -0.065329
vn 0.840164 0.514063 -0.172813
vn 0.304662 0.940400 -0.151094
vn 0.838145 0.472712 -0.272131
vn 0.940498 -0.020121 -0.339204
vn 0.978916 -0.002846 -0.204245
vn 0.110773 0.993537 -0.024759
vn 0.132717 0.990768 -0.027643
vn 0.089765 0.995731 -0.021514
vn 0.079478 0.996713 -0.015678
vn 0.043784 0.998998 -0.009227
vn 0.123455 0.992064 -0.023813
vn -0.984808 -0.000000 0.173648
vn -0.984781 0.007715 0.173631
vn -0.981906 0.077013 0.173004
vn -0.982044 -0.075797 0.172753
vn -0.984783 -0.007612 0.173619
vn 0.109525 -0.993668 -0.025058
vn 0.207084 -0.977407 -0.042326
vn 0.029531 -0.999505 -0.010839
vn 0.226165 0.718883 0.657310
vn 0.166368 0.689148 0.705263
vn 0.158476 0.805126 0.571540
vn 0.203735 0.863687 0.461017
vn 0.175886 0.830511 0.528503
vn 0.091293 0.978733 -0.183704
vn 0.102774 0.994570 0.016396
vn 0.125896 0.992029 0.005269
vn 0.122660 0.991672 0.039250
vn 0.115080 0.993266 0.013409
vn 0.112766 0.993526 -0.013789
vn 0.133505 0.990901 -0.017087
vn 0.121735 0.992464 -0.013980
vn 0.137134 0.990256 -0.024240
vn 0.138047 0.990201 -0.021106
vn 0.128598 0.991680 -0.005714
vn 0.134064 0.990843 -0.016057
vn 0.124499 0.992219 0.001423
vn 0.119262 0.992803 -0.010912
vn 0.092337 0.993912 -0.060114
vn 0.113181 0.993202 -0.027190
vn 0.059290 0.997297 -0.043387
vn 0.060108 0.998070 -0.015602
vn 0.042941 0.998199 -0.041890
vn 0.089852 0.991730 -0.091638
vn 0.138832 0.018595 0.990141
vn 0.122970 0.458208 0.880298
vn 0.155314 0.405651 0.900736
vn 0.133406 0.016779 0.990919
vn 0.098131 0.804540 0.585735
vn 0.170373 0.756117 0.631871
vn 0.164919 0.568137 0.806239
vn 0.135194 0.282333 0.949743
vn 0.133598 0.015573 0.990913
vn 0.152162 -0.897987 0.412875
vn 0.176700 -0.547814 0.817727
vn 0.161504 -0.498495 0.851715
vn 0.170437 -0.832133 0.527737
vn 0.223827 -0.385874 0.894988
vn 0.295794 -0.580101 0.758939
vn 0.112545 -0.992079 -0.055796
vn 0.128663 -0.990690 -0.044493
vn 0.130717 -0.989542 -0.060990
vn 0.127305 -0.987824 -0.089428
vn 0.155104 -0.985849 -0.063596
vn 0.169520 -0.984849 -0.036540
vn 0.173315 -0.984512 -0.026413
vn 0.178998 -0.983679 -0.018312
vn 0.184472 -0.982621 -0.020638
vn 0.189582 -0.981464 -0.028045
vn 0.192343 -0.980831 -0.031214
vn 0.191022 -0.981191 -0.027824
vn 0.184087 -0.982675 -0.021486
vn 0.165081 -0.986124 -0.017531
vn 0.149826 -0.988582 -0.016064
vn 0.148398 -0.988918 0.004452
vn 0.150832 -0.988212 0.026218
vn 0.146304 -0.989169 0.011793
vn 0.119484 -0.987938 -0.098500
vn 0.155178 -0.958477 0.239251
vn 0.203411 -0.657777 0.725227
vn 0.256130 -0.701904 0.664627
vn 0.261648 -0.600447 0.755648
vn 0.216958 -0.576638 0.787666
vn 0.178496 -0.721252 0.669280
vn -0.058168 -0.997865 0.029694
vn -0.277799 -0.957062 0.082822
vn 0.061284 -0.977270 0.202945
vn -0.152302 -0.978128 0.141670
vn 0.272807 0.961764 -0.024221
vn 0.173542 0.984569 -0.022500
vn 0.252031 0.967431 0.023623
vn 0.167469 0.985831 -0.009506
vn 0.167605 -0.985719 -0.016348
vn 0.202220 -0.726067 0.657216
vn 0.151717 -0.740780 0.654390
vn 0.089442 -0.995986 -0.003565
vn 0.109540 -0.735835 0.668242
vn 0.027135 -0.999613 0.006188
vn -0.986953 -0.066926 0.146440
vn -0.984237 -0.013462 0.176344
vn -0.936496 -0.004054 0.350655
vn -0.989225 -0.006946 0.146241
vn -0.468746 -0.003303 0.883327
vn -0.522589 0.002785 0.852580
vn -0.523199 0.009044 0.852163
vn -0.936467 0.002302 0.350747
vn -0.989241 -0.000233 0.146294
vn -0.936114 0.010059 0.351553
vn -0.989212 0.006652 0.146342
vn -0.523196 0.015808 0.852066
vn -0.516635 0.022885 0.855900
vn -0.820687 0.074567 0.566492
vn -0.986998 0.068253 0.145523
vn 0.120750 0.748461 0.652093
vn 0.116198 0.753418 0.647194
vn 0.124910 0.747067 0.652907
vn 0.060815 0.997897 -0.022439
vn 0.046655 0.998740 -0.018485
vn 0.035722 0.999234 -0.015993
vn 0.988154 0.044555 -0.146857
vn 0.962689 0.075878 0.259754
vn 0.999267 0.011199 0.036607
vn 0.989179 0.006549 -0.146568
vn 0.999282 0.003023 0.037758
vn 0.989241 0.000223 -0.146292
vn 0.633521 0.621407 0.460981
vn 0.126685 0.753717 0.644874
vn 0.675315 0.728980 -0.111971
vn 0.063717 0.997625 -0.026181
vn 0.999234 -0.008098 0.038289
vn 0.989251 -0.007502 -0.146037
vn 0.962943 -0.077335 0.258381
vn 0.987973 -0.053507 -0.145075
vn 0.660586 -0.582191 0.474004
vn 0.713709 -0.693204 -0.100432
vn 0.215855 -0.732741 0.645365
vn 0.185390 -0.982437 -0.021151
vn -0.974439 0.139727 0.175912
vn -0.795986 0.085892 0.599191
vn -0.912443 0.136651 0.385714
vn -0.974680 0.142645 0.172194
vn -0.919422 0.000401 0.393272
vn -0.984697 -0.004989 0.174203
vn 0.984791 0.000406 -0.173741
vn 0.816943 0.000270 0.576718
vn 0.715191 -0.518785 0.468363
vn 0.754720 -0.642491 -0.132674
vn 0.177093 0.032447 0.983659
vn 0.179954 -0.043669 0.982705
vn 0.177992 -0.086354 0.980236
vn 0.235153 -0.512422 0.825910
vn 0.169581 -0.983909 -0.056259
vn -0.489833 -0.610882 0.622003
vn 0.142962 -0.761015 0.632786
vn -0.709825 -0.697191 0.100362
vn 0.033763 -0.998544 -0.042076
vn -0.905777 -0.146289 0.397702
vn -0.968902 -0.166037 0.183468
vn -0.793687 -0.081066 0.602901
vn -0.967491 -0.169589 0.187618
vn -0.513336 0.632355 0.580183
vn -0.741848 0.668465 0.053054
vn 0.101995 0.809316 0.578450
vn -0.019668 0.993565 -0.111541
vn 0.112778 0.985872 -0.123845
vn 0.205195 0.581610 0.787162
vn 0.696175 0.575924 0.428546
vn 0.732756 0.656249 -0.180015
vn 0.172567 0.153864 0.972906
vn 0.176653 0.105241 0.978631
vn 0.812283 0.048805 0.581218
vn 0.984797 0.000361 -0.173707
vn 0.168834 -0.985496 -0.017132
vn 0.168281 -0.985585 -0.017446
vn 0.091809 -0.995764 -0.004999
vn 0.093309 -0.995626 -0.004802
vn 0.168211 -0.985596 -0.017471
vn 0.091286 -0.995811 -0.005167
vn 0.027407 -0.999613 0.004718
vn 0.029591 -0.999551 0.004690
vn 0.031987 -0.999477 0.004754
vn -0.986912 -0.066999 0.146685
vn -0.986792 -0.066945 0.147514
vn -0.989061 -0.006966 0.147342
vn -0.989186 -0.007013 0.146499
vn -0.989078 -0.000256 0.147393
vn -0.989203 -0.000304 0.146552
vn -0.989049 0.006627 0.147440
vn -0.989174 0.006581 0.146599
vn -0.986834 0.068248 0.146634
vn -0.986962 0.068225 0.145779
vn 0.036384 0.999205 -0.016294
vn 0.047593 0.998696 -0.018494
vn 0.049487 0.998606 -0.018376
vn 0.039648 0.999081 -0.016308
vn 0.061291 0.997884 -0.021710
vn 0.061792 0.997853 -0.021695
vn 0.062548 0.997796 -0.022155
vn 0.051683 0.998484 -0.018930
vn 0.043114 0.998926 -0.016984
vn 0.064104 0.997627 -0.025107
vn 0.691321 0.713393 -0.114653
vn 0.683013 0.721533 -0.113504
vn 0.064390 0.997608 -0.025142
vn 0.983039 0.107717 -0.148433
vn 0.983011 0.107872 -0.148500
vn 0.983104 0.108084 -0.147730
vn 0.682826 0.721748 -0.113261
vn 0.064680 0.997577 -0.025639
vn 0.989051 0.012790 -0.147020
vn 0.988928 0.012675 -0.147854
vn 0.989018 0.006600 -0.147649
vn 0.989142 0.006702 -0.146809
vn 0.989079 0.000283 -0.147385
vn 0.989205 0.000373 -0.146539
vn 0.989087 -0.007429 -0.147143
vn 0.989215 -0.007351 -0.146285
vn 0.989027 -0.014917 -0.146983
vn 0.989157 -0.014855 -0.146108
vn 0.980969 -0.130019 -0.144202
vn 0.980852 -0.129938 -0.145073
vn 0.719242 -0.687052 -0.103200
vn 0.719279 -0.687124 -0.102456
vn 0.980867 -0.129873 -0.145029
vn 0.725243 -0.680573 -0.104133
vn 0.185408 -0.982415 -0.022010
vn 0.185609 -0.982376 -0.022060
vn 0.185866 -0.982334 -0.021763
vn -0.978331 0.167698 0.121434
vn -0.970541 0.182597 0.157189
vn -0.974398 0.138024 0.177479
vn -0.972143 0.104334 0.209887
vn -0.982409 -0.004845 0.186678
vn -0.970997 -0.004321 0.239054
vn -0.966408 -0.167138 0.195244
vn -0.961574 -0.145934 0.232550
vn -0.960458 -0.210178 0.182606
vn -0.976988 -0.153326 0.148278
vn -0.991879 0.121446 0.037762
vn -0.984525 -0.072556 0.159519
vn -0.739289 0.673281 0.012015
vn -0.713983 0.690793 -0.114164
vn -0.981161 -0.070097 0.180026
vn -0.725904 0.686125 0.047920
vn -0.019671 0.993563 -0.111558
vn -0.024564 0.990170 -0.137695
vn -0.031949 0.984107 -0.174677
vn 0.053252 0.992342 -0.111453
vn 0.733582 0.657017 -0.173743
vn 0.054107 0.991904 -0.114887
vn 0.729977 0.659090 -0.180925
vn 0.984815 0.000279 -0.173609
vn 0.984809 0.000189 -0.173642
vn 0.984794 0.000269 -0.173726
vn 0.754961 -0.642154 -0.132940
vn 0.984800 0.000361 -0.173689
vn 0.756820 -0.640047 -0.132530
vn 0.109195 -0.993004 -0.044933
vn 0.106260 -0.993081 -0.049987
vn 0.033762 -0.998544 -0.042080
vn -0.703639 -0.703661 0.098755
vn -0.712274 -0.699687 0.055711
vn 0.028098 -0.996981 -0.072378
vn -0.982804 0.057885 0.175343
vn -0.986183 0.059026 0.154785
vn 0.730527 0.031606 -0.682153
vn 0.702230 -0.464697 -0.539378
vn 0.219355 -0.950636 -0.219488
vn 0.094860 -0.988614 -0.116804
vn 0.091424 -0.994487 -0.051352
vn 0.108669 -0.861729 0.495595
vn 0.199619 -0.537016 0.819613
vn -0.046594 -0.793648 0.606591
vn 0.125836 -0.396895 0.909197
vn 0.061656 0.024903 0.997787
vn 0.102682 0.020110 0.994511
vn 0.012748 0.476766 0.878938
vn -0.085634 0.519051 0.850442
vn -0.158054 0.819166 0.551350
vn -0.043978 0.824724 0.563823
vn -0.004484 0.996385 -0.084831
vn 0.112699 0.981585 -0.154240
vn -0.038309 0.994118 -0.101296
vn 0.162336 0.972164 -0.168948
vn 0.314310 0.892504 -0.323490
vn 0.686038 0.410727 -0.600545
vn 0.716747 -0.074766 -0.693313
vn -0.791933 0.002435 0.610603
vn -0.836217 -0.101029 0.539012
vn -0.488808 0.021094 0.872137
vn -0.331633 -0.524393 0.784239
vn -0.600253 -0.528698 0.600146
vn -0.825039 -0.303100 0.476908
vn -0.789389 0.450807 0.416699
vn -0.875727 0.036806 0.481401
vn -0.660223 0.587398 0.468048
vn -0.557905 0.365550 0.745060
vn -0.034075 0.985989 -0.163296
vn -0.038303 0.976270 -0.213141
vn -0.393053 0.913924 -0.101258
vn 0.165377 -0.985026 -0.048723
vn 0.091103 -0.995234 -0.034782
vn 0.028777 -0.999293 -0.024209
vn -0.985191 -0.067795 0.157489
vn -0.987271 -0.006966 0.158892
vn -0.987274 -0.000170 0.159027
vn -0.987262 0.006735 0.158961
vn -0.985199 0.068987 0.156920
vn 0.050608 0.997900 -0.040438
vn 0.041327 0.998427 -0.037901
vn 0.060249 0.997172 -0.044933
vn 0.573556 0.818748 0.026163
vn 0.062426 0.995972 -0.064371
vn 0.962971 0.111624 0.245412
vn 0.554671 0.259881 0.790444
vn 0.966295 0.023606 0.256351
vn 0.848629 0.132660 0.512084
vn 0.161008 0.235619 0.958415
vn 0.808020 0.011467 0.589043
vn 0.158921 0.016243 0.987158
vn 0.806216 -0.003272 0.591613
vn 0.293114 -0.140707 0.945667
vn 0.888146 -0.236237 0.394193
vn 0.650497 -0.592297 0.475435
vn 0.958190 -0.120423 0.259557
vn 0.619097 -0.784982 0.022861
vn 0.182316 -0.981007 -0.066225
vn 0.292907 0.780393 0.552442
vn 0.277578 0.657038 0.700894
vn 0.250158 0.797289 0.549319
vn 0.187448 0.982255 0.006234
vn 0.212200 0.970016 0.118492
vn -0.227453 -0.972863 0.042455
vn -0.230115 -0.972236 0.042468
vn 0.047601 -0.654277 0.754755
vn 0.002205 -0.650324 0.759654
vn -0.092031 -0.839676 0.535234
vn 0.185615 -0.981853 0.038884
vn 0.104529 -0.901448 0.420077
vn 0.252259 -0.967503 0.017425
vn 0.254299 -0.966993 0.016033
vn 0.242543 -0.969227 -0.042103
vn 0.245983 -0.969193 -0.012503
vn 0.246456 -0.967985 -0.047582
vn 0.244310 -0.968751 -0.042830
vn 0.250463 -0.967230 -0.041653
vn 0.248774 -0.967327 -0.048881
vn 0.242516 -0.969920 -0.020998
vn 0.247834 -0.968168 -0.035042
vn 0.229039 -0.972981 -0.029129
vn 0.236013 -0.971659 -0.013298
vn 0.223040 -0.972896 -0.061053
vn 0.227972 -0.972576 -0.046099
vn 0.202064 -0.975515 -0.086842
vn 0.182588 -0.977838 -0.102444
vn 0.185321 -0.982458 -0.020800
vn 0.182080 -0.981571 -0.058003
vn 0.184902 -0.982533 -0.020971
vn 0.185024 -0.982508 -0.021097
vn 0.123270 -0.048597 0.991183
vn 0.214077 -0.727167 0.652226
vn 0.184731 -0.982582 -0.020152
vn 0.110542 0.014261 0.993769
vn 0.112196 0.003315 0.993681
vn 0.119534 0.070633 0.990314
vn 0.113562 0.023914 0.993243
vn 0.126284 0.750264 0.648966
vn 0.063975 0.997642 -0.024839
vn 0.064667 0.997622 -0.023852
vn 0.065020 0.997587 -0.024351
vn 0.064410 0.997642 -0.023683
vn 0.063090 0.996547 -0.053984
vn 0.066648 0.993581 -0.091403
vn 0.091905 0.993107 -0.072748
vn 0.120778 0.991721 -0.043612
vn 0.132819 0.990787 -0.026464
vn 0.137661 0.990433 -0.009621
vn 0.149394 0.988776 0.001705
vn 0.144153 0.989517 0.008736
vn 0.156231 0.987609 -0.014854
vn 0.161803 0.986569 -0.022396
vn 0.161763 0.986337 -0.031194
vn 0.161667 0.986353 -0.031156
vn 0.165708 0.985813 -0.026708
vn 0.169687 0.985132 -0.026843
vn 0.173174 0.984083 0.039894
vn 0.173762 0.984771 0.005732
vn 0.127459 0.965177 -0.228446
vn 0.156954 0.987602 0.002952
vn 0.182676 0.982360 -0.039990
vn 0.022474 -0.156473 -0.987427
vn 0.027457 -0.542042 -0.839903
vn 0.023961 -0.928336 -0.370970
vn -0.028318 0.891404 -0.452325
vn -0.003892 0.475343 -0.879792
vn 0.015650 0.102320 -0.994628
vn -0.030081 0.977358 -0.209445
vn -0.023150 0.987450 -0.156228
vn -0.012547 0.993550 -0.112703
vn -0.016301 0.991465 -0.129347
vn 0.171661 0.162702 0.971628
vn 0.105441 0.816815 0.567182
vn 0.003596 0.997864 -0.065223
vn -0.003439 0.994456 -0.105095
vn -0.012409 0.993537 -0.112832
vn 0.173644 0.028438 0.984398
vn 0.172933 0.079833 0.981693
vn 0.177013 -0.092165 0.979884
vn 0.174630 -0.019469 0.984442
vn 0.050713 -0.998075 -0.035692
vn 0.058386 -0.998264 0.007795
vn 0.147172 -0.768468 0.622733
vn 0.041405 -0.998199 -0.043413
vn 0.036635 -0.997212 -0.065012
vn 0.028693 -0.994455 -0.101177
vn 0.041264 -0.998210 -0.043288
vn 0.022653 -0.988678 -0.148336
vn 0.144121 -0.765367 0.627250
vn -0.629900 -0.523427 0.573804
vn -0.533587 -0.505744 0.677871
vn 0.211881 -0.652360 0.727690
vn -0.979753 -0.025595 0.198569
vn -0.980696 -0.027594 0.193580
vn -0.485991 -0.710040 0.509565
vn 0.274642 -0.828302 0.488352
vn 0.036648 -0.985891 -0.163329
vn -0.619207 -0.784967 -0.020224
vn -0.725652 -0.662178 0.186947
vn 0.062830 -0.995722 0.067750
vn -0.620895 -0.770841 0.142453
vn -0.623823 -0.763461 0.167249
vn 0.063121 -0.997435 0.033756
vn 0.063416 -0.995957 0.063618
vn -0.635521 -0.759173 0.140607
vn -0.632511 -0.766461 0.111653
vn 0.057181 -0.998035 0.025611
vn 0.051427 -0.998637 -0.008908
vn 0.044198 -0.998923 -0.014148
vn -0.636936 -0.763357 0.107699
vn -0.633980 -0.765267 0.111511
vn 0.048117 -0.998802 -0.008879
vn -0.635648 -0.764549 0.106850
vn -0.634755 -0.764215 0.114289
vn 0.043473 -0.998952 -0.014296
vn 0.044011 -0.999021 -0.004425
vn 0.039925 -0.998960 0.022020
vn -0.630129 -0.765099 0.132515
vn -0.634807 -0.763248 0.120297
vn 0.041559 -0.999129 0.003795
vn -0.632776 -0.761732 0.139135
vn -0.636242 -0.761660 0.122764
vn 0.038584 -0.998830 0.029152
vn 0.034027 -0.999395 0.007154
vn 0.026578 -0.999364 -0.023787
vn -0.641490 -0.760705 0.099089
vn -0.637122 -0.763151 0.108056
vn 0.029551 -0.999502 -0.011025
vn 0.024612 -0.998742 -0.043693
vn -0.646338 -0.758341 0.084656
vn 0.024470 -0.998262 -0.053603
vn -0.646394 -0.759216 0.075934
vn 0.031920 -0.999477 0.005148
vn -0.643927 -0.758147 0.102819
vn -0.635794 -0.766896 0.087388
vn 0.028857 -0.999311 -0.023354
vn 0.027237 -0.999611 0.005962
vn -0.645143 -0.757102 0.102896
vn -0.644495 -0.757609 0.103224
vn 0.029541 -0.999550 0.005199
vn 0.135128 -0.071965 0.988211
vn -0.266729 -0.057448 0.962058
vn -0.451736 -0.629700 0.631991
vn 0.111145 -0.721404 0.683537
vn -0.464179 -0.032570 0.885142
vn -0.713276 -0.079383 0.696373
vn 0.014598 0.011874 0.999823
vn 0.015138 0.007115 0.999860
vn 0.110948 0.003493 0.993820
vn -0.163570 0.065395 0.984362
vn 0.016593 0.015817 0.999737
vn -0.449428 0.646279 0.616716
vn -0.642018 0.761673 0.087568
vn 0.118094 0.735146 0.667544
vn 0.036014 0.999233 -0.015391
vn -0.640710 0.762682 0.088354
vn -0.639643 0.763687 0.087400
vn 0.039600 0.999095 -0.015551
vn 0.043074 0.998937 -0.016391
vn -0.632371 0.770732 0.077972
vn -0.640295 0.764692 0.072587
vn 0.041409 0.998444 -0.037354
vn 0.038119 0.997553 -0.058613
vn -0.640404 0.763537 0.083025
vn 0.037988 0.998191 -0.046605
vn 0.040027 0.998918 -0.023686
vn -0.635267 0.765814 0.099819
vn -0.630657 0.768217 0.110069
vn -0.629821 0.766617 0.124999
vn 0.043736 0.998999 -0.009387
vn 0.049144 0.998751 0.008973
vn -0.626284 0.766645 0.141503
vn -0.623324 0.770219 0.135018
vn 0.054415 0.998044 0.030783
vn 0.056720 0.998115 0.023426
vn -0.627759 0.768705 0.122520
vn -0.627520 0.769841 0.116465
vn 0.060107 0.998180 0.004966
vn 0.064124 0.997936 -0.003504
vn -0.628393 0.770222 0.108995
vn -0.629762 0.768995 0.109758
vn 0.063987 0.997860 -0.013448
vn 0.065041 0.997793 -0.013366
vn -0.626761 0.770878 0.113657
vn -0.625225 0.772101 0.113813
vn 0.070350 0.997487 -0.008344
vn 0.075117 0.997138 -0.008611
vn -0.627257 0.767270 0.133586
vn -0.619190 0.770399 0.151952
vn 0.079928 0.996691 0.014763
vn 0.085124 0.995545 0.040544
vn -0.615782 0.777607 0.127043
vn -0.614011 0.788584 -0.033551
vn 0.086321 0.996214 0.010321
vn 0.060009 0.981295 -0.182917
vn -0.719258 0.672777 0.173321
vn -0.626168 0.531919 0.570066
vn 0.083452 0.995626 0.042009
vn 0.164424 0.776101 0.608796
vn 0.329966 0.755735 0.565674
vn -0.464538 0.663300 0.586718
vn -0.519142 0.500168 0.693054
vn 0.242653 0.634800 0.733586
vn -0.979989 0.028731 0.196966
vn -0.979430 0.024448 0.200300
vn -0.544108 0.829141 0.128339
vn -0.520221 0.825529 0.218796
vn 0.338392 0.936697 0.089938
vn 0.322461 0.946388 -0.019203
vn 0.238760 -0.970169 -0.042033
vn -0.588940 -0.801467 0.103928
vn -0.589590 -0.800972 0.104054
vn 0.236939 -0.970628 -0.041721
vn 0.267079 -0.772897 0.575585
vn 0.270405 -0.776197 0.569560
vn 0.302950 -0.624143 0.720185
vn 0.303543 -0.622319 0.721513
vn 0.302452 -0.613771 0.729252
vn 0.303502 -0.609984 0.731988
vn 0.275765 -0.695451 0.663552
vn 0.283905 -0.672911 0.683073
vn 0.271917 -0.705642 0.654317
vn 0.282539 -0.676735 0.679854
vn 0.267081 0.723217 0.636886
vn 0.270582 0.714352 0.645358
vn 0.271694 0.711177 0.648390
vn 0.269846 0.715973 0.643868
vn 0.282895 0.678518 0.677926
vn 0.282902 0.678558 0.677884
vn 0.219497 0.869134 0.443200
vn 0.279481 0.696609 0.660777
vn 0.219443 0.868901 0.443684
vn 0.279651 0.695989 0.661358
vn 0.089898 0.995825 -0.015851
vn 0.090112 0.995805 -0.015889
vn 0.090113 0.995805 -0.015889
vn 0.089898 0.995825 -0.015852
vn 0.240212 -0.940298 0.241118
vn 0.243333 -0.962271 0.121754
vn 0.189246 -0.944843 0.267314
vn 0.222356 -0.954554 0.198458
vn 0.285465 -0.776077 0.562329
vn 0.267936 -0.780840 0.564358
vn 0.306090 -0.621502 0.721141
vn 0.314774 -0.619593 0.719042
vn 0.306426 -0.607467 0.732862
vn 0.315404 -0.612241 0.725039
vn 0.272172 -0.713061 0.646116
vn 0.284127 -0.679613 0.676312
vn 0.283293 -0.716784 0.637154
vn 0.294103 -0.683508 0.668072
vn 0.278843 0.732581 0.620944
vn 0.267604 0.729592 0.629351
vn 0.271029 0.719761 0.639130
vn 0.280613 0.723994 0.630150
vn 0.285257 0.679349 0.676101
vn 0.293718 0.685803 0.665886
vn 0.219356 0.869578 0.442399
vn 0.281137 0.696746 0.659929
vn 0.220125 0.872517 0.436186
vn 0.285820 0.703751 0.650417
vn 0.089011 0.995907 -0.015695
vn 0.089214 0.995888 -0.015731
vn 0.089214 0.995888 -0.015731
vn 0.089011 0.995907 -0.015695
vn -0.187354 -0.303057 -0.934374
vn -0.204503 -0.334626 -0.919894
vn -0.143622 -0.535067 -0.832512
vn -0.193201 -0.418112 -0.887612
vn -0.237012 -0.531405 -0.813286
vn -0.132926 -0.712731 -0.688727
vn 0.297054 -0.742551 0.600314
vn 0.311902 -0.614585 0.724570
vn 0.314265 -0.625966 0.713726
vn 0.304250 -0.715775 0.628568
vn 0.303315 -0.693991 0.652975
vn 0.299475 0.732387 0.611493
vn 0.298801 0.729877 0.614815
vn 0.298443 0.704532 0.643868
vn 0.212092 0.876234 0.432702
vn 0.276516 0.718364 0.638351
vn 0.101092 0.994755 -0.015600
vn 0.104882 0.994326 -0.017741
vn -0.074757 -0.843528 -0.531858
vn 0.160341 -0.864321 -0.476697
vn -0.063179 -0.872438 -0.484623
vn -0.179953 -0.766423 -0.616614
vn 0.211819 -0.909698 0.357186
vn 0.221757 -0.890645 0.396957
vn 0.231914 -0.912142 0.337954
vn 0.164448 -0.975003 0.149420
vn 0.157374 -0.970649 0.181864
vn 0.237469 -0.902063 0.360403
vn 0.212965 -0.940954 0.263157
vn 0.192475 -0.953469 0.232058
vn 0.166295 -0.968527 0.185206
vn 0.860574 -0.311819 0.402717
vn 0.732131 -0.641509 0.229020
vn 0.835568 -0.175287 0.520674
vn 0.852516 -0.251475 0.458232
vn 0.862638 0.309828 0.399827
vn 0.855242 0.258025 0.449427
vn 0.828810 0.198135 0.523274
vn 0.175050 0.957642 0.228647
vn 0.728451 0.647152 0.224840
vn 0.127360 0.984788 0.118207
vn 0.126852 0.984890 0.117903
vn 0.127914 0.984729 0.118093
vn 0.127674 0.984743 0.118239
vn 0.126896 0.984910 0.117689
vn 0.126634 0.985135 0.116075
vn 0.130009 0.984667 0.116310
vn 0.175645 0.974315 0.140923
vn 0.226025 0.930728 0.287505
vn 0.210909 0.952891 0.217981
vn 0.256134 0.915837 0.309255
vn 0.243931 0.920153 0.306293
vn 0.266247 0.914743 0.303903
vn 0.254611 0.916761 0.307771
vn 0.316967 0.901924 0.293369
vn 0.355693 0.894709 0.270146
vn -0.981774 0.031179 0.187477
vn -0.482950 0.790691 0.376253
vn 0.356732 0.888942 0.287272
vn -0.984527 0.001124 0.175232
vn -0.984208 0.004358 0.176963
vn -0.984808 -0.000000 0.173648
vn -0.984714 0.000638 0.174178
vn -0.984652 -0.000739 0.174526
vn -0.984808 -0.000000 0.173648
vn -0.983141 -0.029813 0.180401
vn -0.984421 -0.003812 0.175787
vn -0.534530 -0.817145 0.215757
vn 0.263831 -0.958800 0.105332
vn -0.149146 -0.972804 0.177222
vn 0.081739 -0.986651 0.140849
vn 0.262900 -0.959762 0.098695
vn -0.194914 -0.962888 0.186697
vn -0.182239 -0.963268 0.197238
vn -0.086704 -0.978180 0.188801
vn -0.065552 -0.961166 0.268073
vn 0.203375 -0.864968 0.458769
vn 0.017720 -0.921385 0.388248
vn 0.255119 -0.886109 0.386944
vn 0.179795 -0.967946 0.175371
vn -0.267352 -0.024034 -0.963299
vn -0.242093 -0.148168 -0.958873
vn -0.556483 -0.253949 -0.791098
vn -0.623764 -0.024511 -0.781229
vn -0.636432 -0.388363 -0.666430
vn -0.865383 -0.028023 -0.500328
vn -0.358760 -0.077088 -0.930241
vn -0.318987 -0.294946 -0.900697
vn -0.241470 -0.172586 -0.954938
vn -0.258615 -0.040708 -0.965122
vn 0.095912 -0.124996 -0.987510
vn 0.081393 -0.485321 -0.870539
vn -0.326380 -0.457113 -0.827360
vn -0.396293 -0.137757 -0.907730
vn 0.956459 0.027958 -0.290523
vn 0.802060 -0.487192 -0.345462
vn 0.661209 -0.475061 -0.580620
vn 0.794665 -0.006209 -0.607016
vn 0.957916 0.041717 -0.284002
vn 0.957121 0.039496 -0.286982
vn 0.800264 -0.013090 -0.599505
vn 0.791334 -0.018817 -0.611094
vn 0.105592 -0.145339 -0.983731
vn 0.102948 -0.147356 -0.983711
vn -0.404386 -0.144062 -0.903171
vn -0.410084 -0.138909 -0.901408
vn -0.366769 -0.080634 -0.926811
vn -0.375805 -0.077131 -0.923483
vn -0.262492 -0.042777 -0.963986
vn -0.266079 -0.041116 -0.963074
vn -0.271827 -0.026897 -0.961970
vn -0.274014 -0.025777 -0.961380
vn -0.638106 -0.031030 -0.769323
vn -0.645297 -0.030690 -0.763315
vn -0.879216 -0.038113 -0.474897
vn -0.889115 -0.038432 -0.456067
vn 0.588248 -0.645576 -0.487028
vn 0.820061 0.016427 -0.572041
vn 0.110289 -0.099806 -0.988876
vn 0.120901 -0.852967 -0.507770
vn -0.201143 -0.782950 -0.588669
vn -0.423332 -0.109275 -0.899360
vn -0.375384 -0.061874 -0.924802
vn -0.194669 -0.738685 -0.645328
vn -0.110416 -0.745037 -0.657821
vn -0.267372 -0.032397 -0.963049
vn -0.278679 -0.022541 -0.960120
vn -0.096746 -0.787598 -0.608546
vn -0.283142 -0.889464 -0.358726
vn -0.651848 -0.036875 -0.757453
f 1/1/1 2/2/2 3/3/3
f 1/1/1 3/3/3 4/4/4
f 2/2/2 5/5/5 6/6/6
f 2/2/2 6/6/6 3/3/3
f 3/3/3 6/6/6 7/7/7
f 3/3/3 7/7/7 8/8/8
f 4/4/4 3/3/3 8/8/8
f 4/4/4 8/8/8 9/9/9
f 10/10/10 11/11/11 12/12/12
f 10/10/10 12/12/12 13/13/13
f 11/11/11 14/14/14 15/15/15
f 11/11/11 15/15/15 12/12/12
f 12/12/12 15/15/15 16/16/16
f 12/12/12 16/16/16 17/17/17
f 13/13/13 12/12/12 17/17/17
f 13/13/13 17/17/17 18/18/18
f 19/19/19 20/20/20 21/21/21
f 19/19/19 21/21/21 22/22/22
f 20/20/20 23/23/23 24/24/24
f 20/20/20 24/24/24 21/21/21
f 21/21/21 24/24/24 25/25/25
f 21/21/21 25/25/25 26/26/26
f 22/22/22 21/21/21 26/26/26
f 22/22/22 26/26/26 27/27/27
f 28/28/28 29/29/29 30/30/30
f 28/28/28 30/30/30 31/31/31
f 29/29/29 1/1/1 4/4/4
f 29/29/29 4/4/4 30/30/30
f 30/30/30 4/4/4 9/9/9
f 30/30/30 9/9/9 32/32/32
f 31/31/31 30/30/30 32/32/32
f 31/31/31 32/32/32 33/33/33
f 34/34/34 35/35/35 36/36/36
f 34/34/34 36/36/36 37/37/37
f 35/35/35 38/38/38 39/39/39
f 35/35/35 39/39/39 36/36/36
f 36/36/36 39/39/39 40/40/40
f 36/36/36 40/40/40 41/41/41
f 37/37/37 36/36/36 41/41/41
f 37/37/37 41/41/41 42/42/42
f 25/25/25 24/24/24 43/43/43
f 25/25/25 43/43/43 44/44/44
f 24/24/24 23/23/23 45/45/45
f 24/24/24 45/45/45 43/43/43
f 43/43/43 45/45/45 46/46/46
f 43/43/43 46/46/46 47/47/47
f 44/44/44 43/43/43 47/47/47
f 44/44/44 47/47/47 48/48/48
f 49/49/49 50/50/50 51/51/51
f 49/49/49 51/51/51 52/52/52
f 50/50/50 14/14/14 11/11/11
f 50/50/50 11/11/11 51/51/51
f 51/51/51 11/11/11 10/10/10
f 51/51/51 10/10/10 53/53/53
f 52/52/52 51/51/51 53/53/53
f 52/52/52 53/53/53 54/54/54
f 55/55/55 56/56/56 57/57/57
f 55/55/55 57/57/57 58/58/58
f 56/56/56 59/59/59 60/60/60
f 56/56/56 60/60/60 57/57/57
f 57/57/57 60/60/60 61/61/61
f 57/57/57 61/61/61 62/62/62
f 58/58/58 57/57/57 62/62/62
f 58/58/58 62/62/62 63/63/63
f 64/64/64 65/65/65 66/66/66
f 64/64/64 66/66/66 67/67/67
f 65/65/65 68/68/68 69/69/69
f 65/65/65 69/69/69 66/66/66
f 66/66/66 69/69/69 70/70/70
f 66/66/66 70/70/70 71/71/71
f 67/67/67 66/66/66 71/71/71
f 67/67/67 71/71/71 72/72/72
f 73/73/73 74/74/74 75/75/75
f 73/73/73 75/75/75 76/76/76
f 74/74/74 77/77/77 78/78/78
f 74/74/74 78/78/78 75/75/75
f 75/75/75 78/78/78 79/79/79
f 75/75/75 79/79/79 80/80/80
f 76/76/76 75/75/75 80/80/80
f 76/76/76 80/80/80 81/81/81
f 82/82/82 83/83/83 84/84/84
f 82/82/82 84/84/84 85/85/85
f 83/83/83 86/86/86 87/87/87
f 83/83/83 87/87/87 84/84/84
f 84/84/84 87/87/87 88/88/88
f 84/84/84 88/88/88 89/89/89
f 85/85/85 84/84/84 89/89/89
f 85/85/85 89/89/89 90/90/90
f 77/77/77 91/91/91 92/92/92
f 77/77/77 92/92/92 78/78/78
f 91/91/91 93/93/93 94/94/94
f 91/91/91 94/94/94 92/92/92
f 92/92/92 94/94/94 95/95/95
f 92/92/92 95/95/95 96/96/96
f 78/78/78 92/92/92 96/96/96
f 78/78/78 96/96/96 79/79/79
f 97/97/97 98/98/98 99/99/99
f 97/97/97 99/99/99 100/100/100
f 98/98/98 101/101/101 102/102/102
f 98/98/98 102/102/102 99/99/99
f 99/99/99 102/102/102 103/103/103
f 99/99/99 103/103/103 104/104/104
f 100/100/100 99/99/99 104/104/104
f 100/100/100 104/104/104 105/105/105
f 106/106/106 107/107/107 108/108/108
f 106/106/106 108/108/108 109/109/109
f 107/107/107 110/110/110 111/111/111
f 107/107/107 111/111/111 108/108/108
f 108/108/108 111/111/111 112/112/112
f 108/108/108 112/112/112 113/113/113
f 109/109/109 108/108/108 113/113/113
f 109/109/109 113/113/113 114/114/114
f 115/115/115 116/116/116 117/117/117
f 115/115/115 117/117/117 118/118/118
f 116/116/116 119/119/119 120/120/120
f 116/116/116 120/120/120 117/117/117
f 117/117/117 120/120/120 121/121/121
f 117/117/117 121/121/121 122/122/122
f 118/118/118 117/117/117 122/122/122
f 118/118/118 122/122/122 123/123/123
f 124/124/124 125/125/125 126/126/126
f 124/124/124 126/126/126 127/127/127
f 125/125/125 128/128/128 129/129/129
f 125/125/125 129/129/129 126/126/126
f 126/126/126 129/129/129 130/130/130
f 126/126/126 130/130/130 131/131/131
f 127/127/127 126/126/126 131/131/131
f 127/127/127 131/131/131 132/132/132
f 128/128/128 133/133/133 134/134/134
f 128/128/128 134/134/134 129/129/129
f 133/133/133 135/135/135 136/136/136
f 133/133/133 136/136/136 134/134/134
f 134/134/134 136/136/136 137/137/137
f 134/134/134 137/137/137 138/138/138
f 129/129/129 134/134/134 138/138/138
f 129/129/129 138/138/138 130/130/130
f 139/139/139 140/140/140 141/141/141
f 139/139/139 141/141/141 142/142/142
f 140/140/140 143/143/143 144/144/144
f 140/140/140 144/144/144 141/141/141
f 141/141/141 144/144/144 145/145/145
f 141/141/141 145/145/145 146/146/146
f 142/142/142 141/141/141 146/146/146
f 142/142/142 146/146/146 147/147/147
f 148/148/148 149/149/149 150/150/150
f 148/148/148 150/150/150 151/151/151
f 149/149/149 152/152/152 153/153/153
f 149/149/149 153/153/153 150/150/150
f 150/150/150 153/153/153 154/154/154
f 150/150/150 154/154/154 155/155/155
f 151/151/151 150/150/150 155/155/155
f 151/151/151 155/155/155 156/156/156
f 157/157/157 158/158/158 159/159/159
f 157/157/157 159/159/159 160/160/160
f 158/158/158 161/161/161 162/162/162
f 158/158/158 162/162/162 159/159/159
f 159/159/159 162/162/162 163/163/163
f 159/159/159 163/163/163 164/164/164
f 160/160/160 159/159/159 164/164/164
f 160/160/160 164/164/164 165/165/165
f 166/166/166 167/167/167 168/168/168
f 166/166/166 168/168/168 169/169/169
f 167/167/167 170/170/170 171/171/171
f 167/167/167 171/171/171 168/168/168
f 168/168/168 171/171/171 172/172/172
f 168/168/168 172/172/172 173/173/173
f 169/169/169 168/168/168 173/173/173
f 169/169/169 173/173/173 174/174/174
f 175/175/175 176/176/176 177/177/177
f 175/175/175 177/177/177 178/178/178
f 166/166/166 169/169/169 177/177/177
f 166/166/166 177/177/177 176/176/176
f 174/174/174 179/179/179 177/177/177
f 174/174/174 177/177/177 169/169/169
f 180/180/180 181/181/181 177/177/177
f 180/180/180 177/177/177 179/179/179
f 182/182/182 178/178/178 177/177/177
f 182/182/182 177/177/177 181/181/181
f 183/183/183 184/184/184 185/185/185
f 183/183/183 185/185/185 186/186/186
f 184/184/184 187/187/187 188/188/188
f 184/184/184 188/188/188 185/185/185
f 185/185/185 188/188/188 189/189/189
f 185/185/185 189/189/189 190/190/190
f 186/186/186 185/185/185 190/190/190
f 186/186/186 190/190/190 191/191/191
f 192/192/192 193/193/193 194/194/194
f 192/192/192 194/194/194 195/195/195
f 193/193/193 196/196/196 197/197/197
f 193/193/193 197/197/197 194/194/194
f 194/194/194 197/197/197 198/198/198
f 194/194/194 198/198/198 199/199/199
f 195/195/195 194/194/194 199/199/199
f 195/195/195 199/199/199 200/200/200
f 187/187/187 201/201/201 202/202/202
f 187/187/187 202/202/202 188/188/188
f 201/201/201 203/203/203 204/204/204
f 201/201/201 204/204/204 202/202/202
f 202/202/202 204/204/204 205/205/205
f 202/202/202 205/205/205 206/206/206
f 188/188/188 202/202/202 206/206/206
f 188/188/188 206/206/206 189/189/189
f 123/123/123 207/207/207 208/208/208
f 123/123/123 208/208/208 118/118/118
f 207/207/207 55/55/55 58/58/58
f 207/207/207 58/58/58 208/208/208
f 208/208/208 58/58/58 63/63/63
f 208/208/208 63/63/63 209/209/209
f 118/118/118 208/208/208 209/209/209
f 118/118/118 209/209/209 115/115/115
f 210/210/210 211/211/211 212/212/212
f 210/210/210 212/212/212 213/213/213
f 211/211/211 214/214/214 215/215/215
f 211/211/211 215/215/215 212/212/212
f 212/212/212 215/215/215 128/128/128
f 212/212/212 128/128/128 125/125/125
f 213/213/213 212/212/212 125/125/125
f 213/213/213 125/125/125 124/124/124
f 214/214/214 216/216/216 217/217/217
f 214/214/214 217/217/217 215/215/215
f 216/216/216 218/218/218 219/219/219
f 216/216/216 219/219/219 217/217/217
f 217/217/217 219/219/219 135/135/135
f 217/217/217 135/135/135 133/133/133
f 215/215/215 217/217/217 133/133/133
f 215/215/215 133/133/133 128/128/128
f 143/143/143 220/220/220 221/221/221
f 143/143/143 221/221/221 144/144/144
f 220/220/220 40/40/40 39/39/39
f 220/220/220 39/39/39 221/221/221
f 221/221/221 39/39/39 38/38/38
f 221/221/221 38/38/38 222/222/222
f 144/144/144 221/221/221 222/222/222
f 144/144/144 222/222/222 145/145/145
f 223/223/223 224/224/224 225/225/225
f 223/223/223 225/225/225 226/226/226
f 224/224/224 227/227/227 228/228/228
f 224/224/224 228/228/228 225/225/225
f 225/225/225 228/228/228 152/152/152
f 225/225/225 152/152/152 149/149/149
f 226/226/226 225/225/225 149/149/149
f 226/226/226 149/149/149 148/148/148
f 229/229/229 230/230/230 231/231/231
f 229/229/229 231/231/231 232/232/232
f 230/230/230 233/233/233 234/234/234
f 230/230/230 234/234/234 231/231/231
f 231/231/231 234/234/234 161/161/161
f 231/231/231 161/161/161 235/235/235
f 232/232/232 231/231/231 235/235/235
f 232/232/232 235/235/235 236/236/236
f 237/237/237 238/238/238 239/239/239
f 237/237/237 239/239/239 240/240/240
f 238/238/238 241/241/241 242/242/242
f 238/238/238 242/242/242 239/239/239
f 239/239/239 242/242/242 243/243/243
f 239/239/239 243/243/243 244/244/244
f 240/240/240 239/239/239 244/244/244
f 240/240/240 244/244/244 245/245/245
f 246/246/246 247/247/247 248/248/248
f 246/246/246 248/248/248 249/249/249
f 247/247/247 243/243/243 242/242/242
f 247/247/247 242/242/242 248/248/248
f 248/248/248 242/242/242 241/241/241
f 248/248/248 241/241/241 250/250/250
f 249/249/249 248/248/248 250/250/250
f 249/249/249 250/250/250 251/251/251
f 251/251/251 252/252/252 253/253/253
f 251/251/251 253/253/253 249/249/249
f 252/252/252 254/254/254 255/255/255
f 252/252/252 255/255/255 253/253/253
f 253/253/253 255/255/255 256/256/256
f 253/253/253 256/256/256 257/257/257
f 249/249/249 253/253/253 257/257/257
f 249/249/249 257/257/257 246/246/246
f 258/258/258 259/259/259 260/260/260
f 258/258/258 260/260/260 261/261/261
f 259/259/259 262/262/262 263/263/263
f 259/259/259 263/263/263 260/260/260
f 260/260/260 263/263/263 264/264/264
f 260/260/260 264/264/264 265/265/265
f 261/261/261 260/260/260 265/265/265
f 261/261/261 265/265/265 266/266/266
f 267/267/267 268/268/268 269/269/269
f 267/267/267 269/269/269 270/270/270
f 268/268/268 271/271/271 272/272/272
f 268/268/268 272/272/272 269/269/269
f 269/269/269 272/272/272 273/273/273
f 269/269/269 273/273/273 274/274/274
f 270/270/270 269/269/269 274/274/274
f 270/270/270 274/274/274 275/275/275
f 271/271/271 276/276/276 277/277/277
f 271/271/271 277/277/277 272/272/272
f 276/276/276 278/278/278 279/279/279
f 276/276/276 279/279/279 277/277/277
f 277/277/277 279/279/279 280/280/280
f 277/277/277 280/280/280 281/281/281
f 272/272/272 277/277/277 281/281/281
f 272/272/272 281/281/281 273/273/273
f 282/282/282 283/283/283 284/284/284
f 282/282/282 284/284/284 285/285/285
f 283/283/283 286/286/286 287/287/287
f 283/283/283 287/287/287 284/284/284
f 284/284/284 287/287/287 288/288/288
f 284/284/284 288/288/288 289/289/289
f 285/285/285 284/284/284 289/289/289
f 285/285/285 289/289/289 290/290/290
f 291/291/291 292/292/292 293/293/293
f 291/291/291 293/293/293 294/294/294
f 292/292/292 295/295/295 296/296/296
f 292/292/292 296/296/296 293/293/293
f 293/293/293 296/296/296 297/297/297
f 293/293/293 297/297/297 298/298/298
f 294/294/294 293/293/293 298/298/298
f 294/294/294 298/298/298 299/299/299
f 295/295/295 300/300/300 301/301/301
f 295/295/295 301/301/301 296/296/296
f 300/300/300 302/302/302 303/303/303
f 300/300/300 303/303/303 301/301/301
f 301/301/301 303/303/303 304/304/304
f 301/301/301 304/304/304 305/305/305
f 296/296/296 301/301/301 305/305/305
f 296/296/296 305/305/305 297/297/297
f 302/302/302 306/306/306 307/307/307
f 302/302/302 307/307/307 303/303/303
f 306/306/306 308/308/308 309/309/309
f 306/306/306 309/309/309 307/307/307
f 307/307/307 309/309/309 310/310/310
f 307/307/307 310/310/310 311/311/311
f 303/303/303 307/307/307 311/311/311
f 303/303/303 311/311/311 304/304/304
f 312/312/312 313/313/313 314/314/314
f 312/312/312 314/314/314 315/315/315
f 313/313/313 316/316/316 317/317/317
f 313/313/313 317/317/317 314/314/314
f 314/314/314 317/317/317 318/318/318
f 314/314/314 318/318/318 319/319/319
f 315/315/315 314/314/314 319/319/319
f 315/315/315 319/319/319 320/320/320
f 321/321/321 322/322/322 323/323/323
f 321/321/321 323/323/323 324/324/324
f 322/322/322 325/325/325 326/326/326
f 322/322/322 326/326/326 323/323/323
f 323/323/323 326/326/326 327/327/327
f 323/323/323 327/327/327 328/328/328
f 324/324/324 323/323/323 328/328/328
f 324/324/324 328/328/328 329/329/329
f 330/330/330 331/331/331 332/332/332
f 330/330/330 332/332/332 333/333/333
f 331/331/331 334/334/334 335/335/335
f 331/331/331 335/335/335 332/332/332
f 332/332/332 335/335/335 336/336/336
f 332/332/332 336/336/336 337/337/337
f 333/333/333 332/332/332 337/337/337
f 333/333/333 337/337/337 338/338/338
f 339/339/339 340/340/340 341/341/341
f 339/339/339 341/341/341 342/342/342
f 340/340/340 330/330/330 333/333/333
f 340/340/340 333/333/333 341/341/341
f 341/341/341 333/333/333 338/338/338
f 341/341/341 338/338/338 343/343/343
f 342/342/342 341/341/341 343/343/343
f 342/342/342 343/343/343 344/344/344
f 345/345/345 346/346/346 347/347/347
f 345/345/345 347/347/347 348/348/348
f 346/346/346 339/339/339 342/342/342
f 346/346/346 342/342/342 347/347/347
f 347/347/347 342/342/342 344/344/344
f 347/347/347 344/344/344 349/349/349
f 348/348/348 347/347/347 349/349/349
f 348/348/348 349/349/349 350/350/350
f 351/351/351 352/352/352 353/353/353
f 351/351/351 353/353/353 354/354/354
f 352/352/352 345/345/345 348/348/348
f 352/352/352 348/348/348 353/353/353
f 353/353/353 348/348/348 350/350/350
f 353/353/353 350/350/350 355/355/355
f 354/354/354 353/353/353 355/355/355
f 354/354/354 355/355/355 356/356/356
f 357/357/357 358/358/358 359/359/359
f 357/357/357 359/359/359 360/360/360
f 358/358/358 361/361/361 362/362/362
f 358/358/358 362/362/362 359/359/359
f 359/359/359 362/362/362 363/363/363
f 359/359/359 363/363/363 364/364/364
f 360/360/360 359/359/359 364/364/364
f 360/360/360 364/364/364 365/365/365
f 366/366/366 367/367/367 368/368/368
f 366/366/366 368/368/368 369/369/369
f 367/367/367 370/370/370 371/371/371
f 367/367/367 371/371/371 368/368/368
f 368/368/368 371/371/371 372/372/372
f 368/368/368 372/372/372 373/373/373
f 369/369/369 368/368/368 373/373/373
f 369/369/369 373/373/373 374/374/374
f 375/375/375 376/376/376 377/377/377
f 375/375/375 377/377/377 378/378/378
f 379/379/379 380/380/380 377/377/377
f 379/379/379 377/377/377 376/376/376
f 381/381/381 382/382/382 377/377/377
f 381/381/381 377/377/377 380/380/380
f 383/383/383 384/384/384 377/377/377
f 383/383/383 377/377/377 382/382/382
f 385/385/385 378/378/378 377/377/377
f 385/385/385 377/377/377 384/384/384
f 386/386/386 387/387/387 388/388/388
f 386/386/386 388/388/388 389/389/389
f 387/387/387 375/375/375 378/378/378
f 387/387/387 378/378/378 388/388/388
f 388/388/388 378/378/378 385/385/385
f 388/388/388 385/385/385 390/390/390
f 389/389/389 388/388/388 390/390/390
f 389/389/389 390/390/390 391/391/391
f 392/392/392 393/393/393 394/394/394
f 392/392/392 394/394/394 395/395/395
f 393/393/393 386/386/386 389/389/389
f 393/393/393 389/389/389 394/394/394
f 394/394/394 389/389/389 391/391/391
f 394/394/394 391/391/391 396/396/396
f 395/395/395 394/394/394 396/396/396
f 395/395/395 396/396/396 397/397/397
f 398/398/398 399/399/399 400/400/400
f 398/398/398 400/400/400 401/401/401
f 399/399/399 402/402/402 403/403/403
f 399/399/399 403/403/403 400/400/400
f 400/400/400 403/403/403 404/404/404
f 400/400/400 404/404/404 405/405/405
f 401/401/401 400/400/400 405/405/405
f 401/401/401 405/405/405 406/406/406
f 407/407/407 408/408/408 409/409/409
f 407/407/407 409/409/409 410/410/410
f 408/408/408 398/398/398 401/401/401
f 408/408/408 401/401/401 409/409/409
f 409/409/409 401/401/401 406/406/406
f 409/409/409 406/406/406 411/411/411
f 410/410/410 409/409/409 411/411/411
f 410/410/410 411/411/411 412/412/412
f 413/413/413 414/414/414 415/415/415
f 413/413/413 415/415/415 416/416/416
f 414/414/414 417/417/417 418/418/418
f 414/414/414 418/418/418 415/415/415
f 415/415/415 418/418/418 407/407/407
f 415/415/415 407/407/407 410/410/410
f 416/416/416 415/415/415 410/410/410
f 416/416/416 410/410/410 412/412/412
f 419/419/419 420/420/420 421/421/421
f 419/419/419 421/421/421 422/422/422
f 420/420/420 423/423/423 424/424/424
f 420/420/420 424/424/424 421/421/421
f 421/421/421 424/424/424 425/425/425
f 421/421/421 425/425/425 426/426/426
f 422/422/422 421/421/421 426/426/426
f 422/422/422 426/426/426 427/427/427
f 428/428/428 429/429/429 430/430/430
f 428/428/428 430/430/430 431/431/431
f 429/429/429 432/432/432 433/433/433
f 429/429/429 433/433/433 430/430/430
f 430/430/430 433/433/433 434/434/434
f 430/430/430 434/434/434 435/435/435
f 431/431/431 430/430/430 435/435/435
f 431/431/431 435/435/435 436/436/436
f 437/437/437 438/438/438 439/439/439
f 437/437/437 439/439/439 440/440/440
f 438/438/438 441/441/441 442/442/442
f 438/438/438 442/442/442 439/439/439
f 439/439/439 442/442/442 443/443/443
f 439/439/439 443/443/443 444/444/444
f 440/440/440 439/439/439 444/444/444
f 440/440/440 444/444/444 445/445/445
f 446/446/446 447/447/447 448/448/448
f 446/446/446 448/448/448 449/449/449
f 447/447/447 450/450/450 451/451/451
f 447/447/447 451/451/451 448/448/448
f 448/448/448 451/451/451 452/452/452
f 448/448/448 452/452/452 453/453/453
f 449/449/449 448/448/448 453/453/453
f 449/449/449 453/453/453 454/454/454
f 455/455/455 456/456/456 457/457/457
f 455/455/455 457/457/457 458/458/458
f 456/456/456 459/459/459 460/460/460
f 456/456/456 460/460/460 457/457/457
f 457/457/457 460/460/460 461/461/461
f 457/457/457 461/461/461 462/462/462
f 458/458/458 457/457/457 462/462/462
f 458/458/458 462/462/462 463/463/463
f 464/464/464 465/465/465 466/466/466
f 464/464/464 466/466/466 467/467/467
f 465/465/465 455/455/455 458/458/458
f 465/465/465 458/458/458 466/466/466
f 466/466/466 458/458/458 463/463/463
f 466/466/466 463/463/463 468/468/468
f 467/467/467 466/466/466 468/468/468
f 467/467/467 468/468/468 469/469/469
f 470/470/470 471/471/471 472/472/472
f 470/470/470 472/472/472 473/473/473
f 471/471/471 474/474/474 475/475/475
f 471/471/471 475/475/475 472/472/472
f 472/472/472 475/475/475 476/476/476
f 472/472/472 476/476/476 477/477/477
f 473/473/473 472/472/472 477/477/477
f 473/473/473 477/477/477 478/478/478
f 479/479/479 480/480/480 481/481/481
f 479/479/479 481/481/481 482/482/482
f 480/480/480 483/483/483 484/484/484
f 480/480/480 484/484/484 481/481/481
f 481/481/481 484/484/484 485/485/485
f 481/481/481 485/485/485 486/486/486
f 482/482/482 481/481/481 486/486/486
f 482/482/482 486/486/486 487/487/487
f 488/488/488 489/489/489 490/490/490
f 488/488/488 490/490/490 491/491/491
f 489/489/489 492/492/492 493/493/493
f 489/489/489 493/493/493 490/490/490
f 490/490/490 493/493/493 494/494/494
f 490/490/490 494/494/494 495/495/495
f 491/491/491 490/490/490 495/495/495
f 491/491/491 495/495/495 496/496/496
f 497/497/497 498/498/498 499/499/499
f 497/497/497 499/499/499 500/500/500
f 498/498/498 501/501/501 502/502/502
f 498/498/498 502/502/502 499/499/499
f 499/499/499 502/502/502 503/503/503
f 499/499/499 503/503/503 504/504/504
f 500/500/500 499/499/499 504/504/504
f 500/500/500 504/504/504 505/505/505
f 506/506/506 507/507/507 508/508/508
f 506/506/506 508/508/508 509/509/509
f 507/507/507 510/510/510 511/511/511
f 507/507/507 511/511/511 508/508/508
f 508/508/508 511/511/511 512/512/512
f 508/508/508 512/512/512 513/513/513
f 509/509/509 508/508/508 513/513/513
f 509/509/509 513/513/513 514/514/514
f 515/515/515 516/516/516 517/517/517
f 515/515/515 517/517/517 518/518/518
f 516/516/516 519/519/519 520/520/520
f 516/516/516 520/520/520 517/517/517
f 517/517/517 520/520/520 521/521/521
f 517/517/517 521/521/521 522/522/522
f 518/518/518 517/517/517 522/522/522
f 518/518/518 522/522/522 523/523/523
f 524/524/524 525/525/525 526/526/526
f 524/524/524 526/526/526 527/527/527
f 525/525/525 528/528/528 529/529/529
f 525/525/525 529/529/529 526/526/526
f 526/526/526 529/529/529 530/530/530
f 526/526/526 530/530/530 531/531/531
f 527/527/527 526/526/526 531/531/531
f 527/527/527 531/531/531 532/532/532
f 533/533/533 534/534/534 535/535/535
f 533/533/533 535/535/535 536/536/536
f 534/534/534 537/537/537 538/538/538
f 534/534/534 538/538/538 535/535/535
f 535/535/535 538/538/538 539/539/539
f 535/535/535 539/539/539 540/540/540
f 536/536/536 535/535/535 540/540/540
f 536/536/536 540/540/540 541/541/541
f 542/542/542 543/543/543 544/544/544
f 542/542/542 544/544/544 545/545/545
f 543/543/543 546/546/546 547/547/547
f 543/543/543 547/547/547 544/544/544
f 544/544/544 547/547/547 548/548/548
f 544/544/544 548/548/548 549/549/549
f 545/545/545 544/544/544 549/549/549
f 545/545/545 549/549/549 550/550/550
f 551/551/551 552/552/552 553/553/553
f 551/551/551 553/553/553 554/554/554
f 552/552/552 542/542/542 545/545/545
f 552/552/552 545/545/545 553/553/553
f 553/553/553 545/545/545 550/550/550
f 553/553/553 550/550/550 555/555/555
f 554/554/554 553/553/553 555/555/555
f 554/554/554 555/555/555 556/556/556
f 478/478/478 557/557/557 558/558/558
f 478/478/478 558/558/558 473/473/473
f 557/557/557 559/559/559 560/560/560
f 557/557/557 560/560/560 558/558/558
f 558/558/558 560/560/560 561/561/561
f 558/558/558 561/561/561 562/562/562
f 473/473/473 558/558/558 562/562/562
f 473/473/473 562/562/562 470/470/470
f 563/563/563 564/564/564 565/565/565
f 563/563/563 565/565/565 566/566/566
f 564/564/564 479/479/479 482/482/482
f 564/564/564 482/482/482 565/565/565
f 565/565/565 482/482/482 487/487/487
f 565/565/565 487/487/487 567/567/567
f 566/566/566 565/565/565 567/567/567
f 566/566/566 567/567/567 568/568/568
f 427/427/427 426/426/426 569/569/569
f 427/427/427 569/569/569 570/570/570
f 426/426/426 425/425/425 571/571/571
f 426/426/426 571/571/571 569/569/569
f 569/569/569 571/571/571 572/572/572
f 569/569/569 572/572/572 573/573/573
f 570/570/570 569/569/569 573/573/573
f 570/570/570 573/573/573 574/574/574
f 436/436/436 435/435/435 575/575/575
f 436/436/436 575/575/575 576/576/576
f 435/435/435 434/434/434 577/577/577
f 435/435/435 577/577/577 575/575/575
f 575/575/575 577/577/577 578/578/578
f 575/575/575 578/578/578 579/579/579
f 576/576/576 575/575/575 579/579/579
f 576/576/576 579/579/579 580/580/580
f 445/445/445 581/581/581 582/582/582
f 445/445/445 582/582/582 440/440/440
f 581/581/581 583/583/583 584/584/584
f 581/581/581 584/584/584 582/582/582
f 582/582/582 584/584/584 585/585/585
f 582/582/582 585/585/585 586/586/586
f 440/440/440 582/582/582 586/586/586
f 440/440/440 586/586/586 437/437/437
f 587/587/587 588/588/588 589/589/589
f 587/587/587 589/589/589 590/590/590
f 588/588/588 446/446/446 449/449/449
f 588/588/588 449/449/449 589/589/589
f 589/589/589 449/449/449 454/454/454
f 589/589/589 454/454/454 591/591/591
f 590/590/590 589/589/589 591/591/591
f 590/590/590 591/591/591 592/592/592
f 463/463/463 462/462/462 593/593/593
f 463/463/463 593/593/593 594/594/594
f 462/462/462 461/461/461 595/595/595
f 462/462/462 595/595/595 593/593/593
f 593/593/593 595/595/595 596/596/596
f 593/593/593 596/596/596 597/597/597
f 594/594/594 593/593/593 597/597/597
f 594/594/594 597/597/597 598/598/598
f 469/469/469 468/468/468 599/599/599
f 469/469/469 599/599/599 600/600/600
f 468/468/468 463/463/463 594/594/594
f 468/468/468 594/594/594 599/599/599
f 599/599/599 594/594/594 598/598/598
f 599/599/599 598/598/598 601/601/601
f 600/600/600 599/599/599 601/601/601
f 600/600/600 601/601/601 602/602/602
f 483/483/483 603/603/603 604/604/604
f 483/483/483 604/604/604 484/484/484
f 603/603/603 291/291/291 294/294/294
f 603/603/603 294/294/294 604/604/604
f 604/604/604 294/294/294 299/299/299
f 604/604/604 299/299/299 605/605/605
f 484/484/484 604/604/604 605/605/605
f 484/484/484 605/605/605 485/485/485
f 119/119/119 606/606/606 607/607/607
f 119/119/119 607/607/607 120/120/120
f 606/606/606 476/476/476 475/475/475
f 606/606/606 475/475/475 607/607/607
f 607/607/607 475/475/475 474/474/474
f 607/607/607 474/474/474 608/608/608
f 120/120/120 607/607/607 608/608/608
f 120/120/120 608/608/608 121/121/121
f 132/132/132 131/131/131 609/609/609
f 132/132/132 609/609/609 610/610/610
f 131/131/131 130/130/130 611/611/611
f 131/131/131 611/611/611 609/609/609
f 609/609/609 611/611/611 455/455/455
f 609/609/609 455/455/455 465/465/465
f 610/610/610 609/609/609 465/465/465
f 610/610/610 465/465/465 464/464/464
f 130/130/130 138/138/138 612/612/612
f 130/130/130 612/612/612 611/611/611
f 138/138/138 137/137/137 613/613/613
f 138/138/138 613/613/613 612/612/612
f 612/612/612 613/613/613 459/459/459
f 612/612/612 459/459/459 456/456/456
f 611/611/611 612/612/612 456/456/456
f 611/611/611 456/456/456 455/455/455
f 450/450/450 614/614/614 615/615/615
f 450/450/450 615/615/615 451/451/451
f 614/614/614 139/139/139 142/142/142
f 614/614/614 142/142/142 615/615/615
f 615/615/615 142/142/142 147/147/147
f 615/615/615 147/147/147 616/616/616
f 451/451/451 615/615/615 616/616/616
f 451/451/451 616/616/616 452/452/452
f 254/254/254 617/617/617 618/618/618
f 254/254/254 618/618/618 255/255/255
f 617/617/617 443/443/443 442/442/442
f 617/617/617 442/442/442 618/618/618
f 618/618/618 442/442/442 441/441/441
f 618/618/618 441/441/441 619/619/619
f 255/255/255 618/618/618 619/619/619
f 255/255/255 619/619/619 256/256/256
f 156/156/156 155/155/155 620/620/620
f 156/156/156 620/620/620 621/621/621
f 155/155/155 154/154/154 622/622/622
f 155/155/155 622/622/622 620/620/620
f 620/620/620 622/622/622 432/432/432
f 620/620/620 432/432/432 429/429/429
f 621/621/621 620/620/620 429/429/429
f 621/621/621 429/429/429 428/428/428
f 165/165/165 164/164/164 623/623/623
f 165/165/165 623/623/623 624/624/624
f 164/164/164 163/163/163 625/625/625
f 164/164/164 625/625/625 623/623/623
f 623/623/623 625/625/625 423/423/423
f 623/623/623 423/423/423 420/420/420
f 624/624/624 623/623/623 420/420/420
f 624/624/624 420/420/420 419/419/419
f 501/501/501 626/626/626 627/627/627
f 501/501/501 627/627/627 502/502/502
f 626/626/626 563/563/563 566/566/566
f 626/626/626 566/566/566 627/627/627
f 627/627/627 566/566/566 568/568/568
f 627/627/627 568/568/568 628/628/628
f 502/502/502 627/627/627 628/628/628
f 502/502/502 628/628/628 503/503/503
f 574/574/574 573/573/573 629/629/629
f 574/574/574 629/629/629 630/630/630
f 573/573/573 572/572/572 631/631/631
f 573/573/573 631/631/631 629/629/629
f 629/629/629 631/631/631 510/510/510
f 629/629/629 510/510/510 507/507/507
f 630/630/630 629/629/629 507/507/507
f 630/630/630 507/507/507 506/506/506
f 580/580/580 579/579/579 632/632/632
f 580/580/580 632/632/632 633/633/633
f 579/579/579 578/578/578 634/634/634
f 579/579/579 634/634/634 632/632/632
f 632/632/632 634/634/634 519/519/519
f 632/632/632 519/519/519 516/516/516
f 633/633/633 632/632/632 516/516/516
f 633/633/633 516/516/516 515/515/515
f 532/532/532 635/635/635 636/636/636
f 532/532/532 636/636/636 527/527/527
f 635/635/635 585/585/585 584/584/584
f 635/635/635 584/584/584 636/636/636
f 636/636/636 584/584/584 583/583/583
f 636/636/636 583/583/583 637/637/637
f 527/527/527 636/636/636 637/637/637
f 527/527/527 637/637/637 524/524/524
f 537/537/537 638/638/638 639/639/639
f 537/537/537 639/639/639 538/538/538
f 638/638/638 587/587/587 590/590/590
f 638/638/638 590/590/590 639/639/639
f 639/639/639 590/590/590 592/592/592
f 639/639/639 592/592/592 640/640/640
f 538/538/538 639/639/639 640/640/640
f 538/538/538 640/640/640 539/539/539
f 598/598/598 597/597/597 641/641/641
f 598/598/598 641/641/641 642/642/642
f 597/597/597 596/596/596 643/643/643
f 597/597/597 643/643/643 641/641/641
f 641/641/641 643/643/643 546/546/546
f 641/641/641 546/546/546 543/543/543
f 642/642/642 641/641/641 543/543/543
f 642/642/642 543/543/543 542/542/542
f 602/602/602 601/601/601 644/644/644
f 602/602/602 644/644/644 645/645/645
f 601/601/601 598/598/598 642/642/642
f 601/601/601 642/642/642 644/644/644
f 644/644/644 642/642/642 542/542/542
f 644/644/644 542/542/542 552/552/552
f 645/645/645 644/644/644 552/552/552
f 645/645/645 552/552/552 551/551/551
f 496/496/496 646/646/646 647/647/647
f 496/496/496 647/647/647 491/491/491
f 646/646/646 561/561/561 560/560/560
f 646/646/646 560/560/560 647/647/647
f 647/647/647 560/560/560 559/559/559
f 647/647/647 559/559/559 648/648/648
f 491/491/491 647/647/647 648/648/648
f 491/491/491 648/648/648 488/488/488
f 286/286/286 649/649/649 650/650/650
f 286/286/286 650/650/650 287/287/287
f 649/649/649 497/497/497 500/500/500
f 649/649/649 500/500/500 650/650/650
f 650/650/650 500/500/500 505/505/505
f 650/650/650 505/505/505 651/651/651
f 287/287/287 650/650/650 651/651/651
f 287/287/287 651/651/651 288/288/288
f 514/514/514 513/513/513 652/652/652
f 514/514/514 652/652/652 653/653/653
f 513/513/513 512/512/512 654/654/654
f 513/513/513 654/654/654 652/652/652
f 652/652/652 654/654/654 655/655/655
f 652/652/652 655/655/655 656/656/656
f 653/653/653 652/652/652 656/656/656
f 653/653/653 656/656/656 657/657/657
f 523/523/523 522/522/522 658/658/658
f 523/523/523 658/658/658 659/659/659
f 522/522/522 521/521/521 660/660/660
f 522/522/522 660/660/660 658/658/658
f 658/658/658 660/660/660 661/661/661
f 658/658/658 661/661/661 662/662/662
f 659/659/659 658/658/658 662/662/662
f 659/659/659 662/662/662 663/663/663
f 262/262/262 664/664/664 665/665/665
f 262/262/262 665/665/665 263/263/263
f 664/664/664 530/530/530 529/529/529
f 664/664/664 529/529/529 665/665/665
f 665/665/665 529/529/529 528/528/528
f 665/665/665 528/528/528 666/666/666
f 263/263/263 665/665/665 666/666/666
f 263/263/263 666/666/666 264/264/264
f 101/101/101 667/667/667 668/668/668
f 101/101/101 668/668/668 102/102/102
f 667/667/667 533/533/533 536/536/536
f 667/667/667 536/536/536 668/668/668
f 668/668/668 536/536/536 541/541/541
f 668/668/668 541/541/541 669/669/669
f 102/102/102 668/668/668 669/669/669
f 102/102/102 669/669/669 103/103/103
f 550/550/550 549/549/549 670/670/670
f 550/550/550 670/670/670 671/671/671
f 549/549/549 548/548/548 672/672/672
f 549/549/549 672/672/672 670/670/670
f 670/670/670 672/672/672 93/93/93
f 670/670/670 93/93/93 91/91/91
f 671/671/671 670/670/670 91/91/91
f 671/671/671 91/91/91 77/77/77
f 556/556/556 555/555/555 673/673/673
f 556/556/556 673/673/673 674/674/674
f 555/555/555 550/550/550 671/671/671
f 555/555/555 671/671/671 673/673/673
f 673/673/673 671/671/671 77/77/77
f 673/673/673 77/77/77 74/74/74
f 674/674/674 673/673/673 74/74/74
f 674/674/674 74/74/74 73/73/73
f 68/68/68 675/675/675 676/676/676
f 68/68/68 676/676/676 69/69/69
f 675/675/675 494/494/494 493/493/493
f 675/675/675 493/493/493 676/676/676
f 676/676/676 493/493/493 492/492/492
f 676/676/676 492/492/492 677/677/677
f 69/69/69 676/676/676 677/677/677
f 69/69/69 677/677/677 70/70/70
f 223/223/223 678/678/678 679/679/679
f 223/223/223 679/679/679 680/680/680
f 678/678/678 241/241/241 238/238/238
f 678/678/678 238/238/238 679/679/679
f 679/679/679 238/238/238 237/237/237
f 679/679/679 237/237/237 681/681/681
f 680/680/680 679/679/679 681/681/681
f 680/680/680 681/681/681 682/682/682
f 251/251/251 250/250/250 683/683/683
f 251/251/251 683/683/683 684/684/684
f 250/250/250 241/241/241 678/678/678
f 250/250/250 678/678/678 683/683/683
f 683/683/683 678/678/678 223/223/223
f 683/683/683 223/223/223 226/226/226
f 684/684/684 683/683/683 226/226/226
f 684/684/684 226/226/226 148/148/148
f 156/156/156 685/685/685 686/686/686
f 156/156/156 686/686/686 151/151/151
f 685/685/685 254/254/254 252/252/252
f 685/685/685 252/252/252 686/686/686
f 686/686/686 252/252/252 251/251/251
f 686/686/686 251/251/251 684/684/684
f 151/151/151 686/686/686 684/684/684
f 151/151/151 684/684/684 148/148/148
f 428/428/428 687/687/687 688/688/688
f 428/428/428 688/688/688 621/621/621
f 687/687/687 443/443/443 617/617/617
f 687/687/687 617/617/617 688/688/688
f 688/688/688 617/617/617 254/254/254
f 688/688/688 254/254/254 685/685/685
f 621/621/621 688/688/688 685/685/685
f 621/621/621 685/685/685 156/156/156
f 445/445/445 444/444/444 689/689/689
f 445/445/445 689/689/689 690/690/690
f 444/444/444 443/443/443 687/687/687
f 444/444/444 687/687/687 689/689/689
f 689/689/689 687/687/687 428/428/428
f 689/689/689 428/428/428 431/431/431
f 690/690/690 689/689/689 431/431/431
f 690/690/690 431/431/431 436/436/436
f 580/580/580 691/691/691 692/692/692
f 580/580/580 692/692/692 576/576/576
f 691/691/691 583/583/583 581/581/581
f 691/691/691 581/581/581 692/692/692
f 692/692/692 581/581/581 445/445/445
f 692/692/692 445/445/445 690/690/690
f 576/576/576 692/692/692 690/690/690
f 576/576/576 690/690/690 436/436/436
f 524/524/524 637/637/637 693/693/693
f 524/524/524 693/693/693 694/694/694
f 637/637/637 583/583/583 691/691/691
f 637/637/637 691/691/691 693/693/693
f 693/693/693 691/691/691 580/580/580
f 693/693/693 580/580/580 633/633/633
f 694/694/694 693/693/693 633/633/633
f 694/694/694 633/633/633 515/515/515
f 523/523/523 695/695/695 696/696/696
f 523/523/523 696/696/696 518/518/518
f 695/695/695 528/528/528 525/525/525
f 695/695/695 525/525/525 696/696/696
f 696/696/696 525/525/525 524/524/524
f 696/696/696 524/524/524 694/694/694
f 518/518/518 696/696/696 694/694/694
f 518/518/518 694/694/694 515/515/515
f 264/264/264 666/666/666 697/697/697
f 264/264/264 697/697/697 698/698/698
f 666/666/666 528/528/528 695/695/695
f 666/666/666 695/695/695 697/697/697
f 697/697/697 695/695/695 523/523/523
f 697/697/697 523/523/523 659/659/659
f 698/698/698 697/697/697 659/659/659
f 698/698/698 659/659/659 663/663/663
f 264/264/264 698/698/698 699/699/699
f 264/264/264 699/699/699 265/265/265
f 698/698/698 663/663/663 700/700/700
f 698/698/698 700/700/700 699/699/699
f 699/699/699 700/700/700 701/701/701
f 699/699/699 701/701/701 702/702/702
f 265/265/265 699/699/699 702/702/702
f 265/265/265 702/702/702 266/266/266
f 703/703/703 704/704/704 705/705/705
f 703/703/703 705/705/705 706/706/706
f 704/704/704 707/707/707 708/708/708
f 704/704/704 708/708/708 705/705/705
f 705/705/705 708/708/708 709/709/709
f 705/705/705 709/709/709 710/710/710
f 706/706/706 705/705/705 710/710/710
f 706/706/706 710/710/710 711/711/711
f 712/712/712 713/713/713 714/714/714
f 712/712/712 714/714/714 715/715/715
f 713/713/713 716/716/716 717/717/717
f 713/713/713 717/717/717 714/714/714
f 714/714/714 717/717/717 707/707/707
f 714/714/714 707/707/707 704/704/704
f 715/715/715 714/714/714 704/704/704
f 715/715/715 704/704/704 703/703/703
f 718/718/718 719/719/719 720/720/720
f 718/718/718 720/720/720 721/721/721
f 719/719/719 655/655/655 722/722/722
f 719/719/719 722/722/722 720/720/720
f 720/720/720 722/722/722 286/286/286
f 720/720/720 286/286/286 283/283/283
f 721/721/721 720/720/720 283/283/283
f 721/721/721 283/283/283 282/282/282
f 512/512/512 723/723/723 724/724/724
f 512/512/512 724/724/724 654/654/654
f 723/723/723 497/497/497 649/649/649
f 723/723/723 649/649/649 724/724/724
f 724/724/724 649/649/649 286/286/286
f 724/724/724 286/286/286 722/722/722
f 654/654/654 724/724/724 722/722/722
f 654/654/654 722/722/722 655/655/655
f 510/510/510 725/725/725 726/726/726
f 510/510/510 726/726/726 511/511/511
f 725/725/725 501/501/501 498/498/498
f 725/725/725 498/498/498 726/726/726
f 726/726/726 498/498/498 497/497/497
f 726/726/726 497/497/497 723/723/723
f 511/511/511 726/726/726 723/723/723
f 511/511/511 723/723/723 512/512/512
f 572/572/572 727/727/727 728/728/728
f 572/572/572 728/728/728 631/631/631
f 727/727/727 563/563/563 626/626/626
f 727/727/727 626/626/626 728/728/728
f 728/728/728 626/626/626 501/501/501
f 728/728/728 501/501/501 725/725/725
f 631/631/631 728/728/728 725/725/725
f 631/631/631 725/725/725 510/510/510
f 425/425/425 729/729/729 730/730/730
f 425/425/425 730/730/730 571/571/571
f 729/729/729 479/479/479 564/564/564
f 729/729/729 564/564/564 730/730/730
f 730/730/730 564/564/564 563/563/563
f 730/730/730 563/563/563 727/727/727
f 571/571/571 730/730/730 727/727/727
f 571/571/571 727/727/727 572/572/572
f 423/423/423 731/731/731 732/732/732
f 423/423/423 732/732/732 424/424/424
f 731/731/731 483/483/483 480/480/480
f 731/731/731 480/480/480 732/732/732
f 732/732/732 480/480/480 479/479/479
f 732/732/732 479/479/479 729/729/729
f 424/424/424 732/732/732 729/729/729
f 424/424/424 729/729/729 425/425/425
f 163/163/163 733/733/733 734/734/734
f 163/163/163 734/734/734 625/625/625
f 733/733/733 291/291/291 603/603/603
f 733/733/733 603/603/603 734/734/734
f 734/734/734 603/603/603 483/483/483
f 734/734/734 483/483/483 731/731/731
f 625/625/625 734/734/734 731/731/731
f 625/625/625 731/731/731 423/423/423
f 161/161/161 735/735/735 736/736/736
f 161/161/161 736/736/736 162/162/162
f 735/735/735 295/295/295 292/292/292
f 735/735/735 292/292/292 736/736/736
f 736/736/736 292/292/292 291/291/291
f 736/736/736 291/291/291 733/733/733
f 162/162/162 736/736/736 733/733/733
f 162/162/162 733/733/733 163/163/163
f 233/233/233 737/737/737 738/738/738
f 233/233/233 738/738/738 234/234/234
f 737/737/737 302/302/302 300/300/300
f 737/737/737 300/300/300 738/738/738
f 738/738/738 300/300/300 295/295/295
f 738/738/738 295/295/295 735/735/735
f 234/234/234 738/738/738 735/735/735
f 234/234/234 735/735/735 161/161/161
f 739/739/739 740/740/740 741/741/741
f 739/739/739 741/741/741 742/742/742
f 740/740/740 308/308/308 306/306/306
f 740/740/740 306/306/306 741/741/741
f 741/741/741 306/306/306 302/302/302
f 741/741/741 302/302/302 737/737/737
f 742/742/742 741/741/741 737/737/737
f 742/742/742 737/737/737 233/233/233
f 743/743/743 744/744/744 745/745/745
f 743/743/743 745/745/745 746/746/746
f 744/744/744 370/370/370 367/367/367
f 744/744/744 367/367/367 745/745/745
f 745/745/745 367/367/367 366/366/366
f 745/745/745 366/366/366 747/747/747
f 746/746/746 745/745/745 747/747/747
f 746/746/746 747/747/747 748/748/748
f 749/749/749 750/750/750 751/751/751
f 749/749/749 751/751/751 752/752/752
f 750/750/750 753/753/753 754/754/754
f 750/750/750 754/754/754 751/751/751
f 751/751/751 754/754/754 316/316/316
f 751/751/751 316/316/316 313/313/313
f 752/752/752 751/751/751 313/313/313
f 752/752/752 313/313/313 312/312/312
f 755/755/755 756/756/756 757/757/757
f 755/755/755 757/757/757 758/758/758
f 756/756/756 759/759/759 760/760/760
f 756/756/756 760/760/760 757/757/757
f 757/757/757 760/760/760 7/7/7
f 757/757/757 7/7/7 6/6/6
f 758/758/758 757/757/757 6/6/6
f 758/758/758 6/6/6 5/5/5
f 761/761/761 762/762/762 763/763/763
f 761/761/761 763/763/763 764/764/764
f 762/762/762 765/765/765 766/766/766
f 762/762/762 766/766/766 763/763/763
f 763/763/763 766/766/766 767/767/767
f 763/763/763 767/767/767 768/768/768
f 764/764/764 763/763/763 768/768/768
f 764/764/764 768/768/768 769/769/769
f 765/765/765 770/770/770 771/771/771
f 765/765/765 771/771/771 766/766/766
f 770/770/770 772/772/772 773/773/773
f 770/770/770 773/773/773 771/771/771
f 771/771/771 773/773/773 774/774/774
f 771/771/771 774/774/774 775/775/775
f 766/766/766 771/771/771 775/775/775
f 766/766/766 775/775/775 767/767/767
f 33/33/33 776/776/776 777/777/777
f 33/33/33 777/777/777 31/31/31
f 776/776/776 778/778/778 779/779/779
f 776/776/776 779/779/779 777/777/777
f 777/777/777 779/779/779 780/780/780
f 777/777/777 780/780/780 781/781/781
f 31/31/31 777/777/777 781/781/781
f 31/31/31 781/781/781 28/28/28
f 782/782/782 783/783/783 784/784/784
f 782/782/782 784/784/784 785/785/785
f 783/783/783 786/786/786 787/787/787
f 783/783/783 787/787/787 784/784/784
f 784/784/784 787/787/787 271/271/271
f 784/784/784 271/271/271 268/268/268
f 785/785/785 784/784/784 268/268/268
f 785/785/785 268/268/268 267/267/267
f 275/275/275 788/788/788 789/789/789
f 275/275/275 789/789/789 270/270/270
f 788/788/788 790/790/790 791/791/791
f 788/788/788 791/791/791 789/789/789
f 789/789/789 791/791/791 792/792/792
f 789/789/789 792/792/792 793/793/793
f 270/270/270 789/789/789 793/793/793
f 270/270/270 793/793/793 267/267/267
f 794/794/794 795/795/795 796/796/796
f 794/794/794 796/796/796 797/797/797
f 795/795/795 798/798/798 799/799/799
f 795/795/795 799/799/799 796/796/796
f 796/796/796 799/799/799 278/278/278
f 796/796/796 278/278/278 276/276/276
f 797/797/797 796/796/796 276/276/276
f 797/797/797 276/276/276 271/271/271
f 800/800/800 801/801/801 802/802/802
f 800/800/800 802/802/802 803/803/803
f 801/801/801 804/804/804 805/805/805
f 801/801/801 805/805/805 802/802/802
f 802/802/802 805/805/805 280/280/280
f 802/802/802 280/280/280 279/279/279
f 803/803/803 802/802/802 279/279/279
f 803/803/803 279/279/279 278/278/278
f 806/806/806 807/807/807 808/808/808
f 806/806/806 808/808/808 809/809/809
f 807/807/807 810/810/810 811/811/811
f 807/807/807 811/811/811 808/808/808
f 808/808/808 811/811/811 187/187/187
f 808/808/808 187/187/187 184/184/184
f 809/809/809 808/808/808 184/184/184
f 809/809/809 184/184/184 183/183/183
f 812/812/812 813/813/813 814/814/814
f 812/812/812 814/814/814 815/815/815
f 813/813/813 816/816/816 817/817/817
f 813/813/813 817/817/817 814/814/814
f 814/814/814 817/817/817 818/818/818
f 814/814/814 818/818/818 819/819/819
f 815/815/815 814/814/814 819/819/819
f 815/815/815 819/819/819 820/820/820
f 191/191/191 821/821/821 822/822/822
f 191/191/191 822/822/822 186/186/186
f 821/821/821 823/823/823 824/824/824
f 821/821/821 824/824/824 822/822/822
f 822/822/822 824/824/824 825/825/825
f 822/822/822 825/825/825 826/826/826
f 186/186/186 822/822/822 826/826/826
f 186/186/186 826/826/826 183/183/183
f 827/827/827 828/828/828 829/829/829
f 827/827/827 829/829/829 830/830/830
f 828/828/828 831/831/831 832/832/832
f 828/828/828 832/832/832 829/829/829
f 829/829/829 832/832/832 203/203/203
f 829/829/829 203/203/203 201/201/201
f 830/830/830 829/829/829 201/201/201
f 830/830/830 201/201/201 187/187/187
f 833/833/833 834/834/834 835/835/835
f 833/833/833 835/835/835 836/836/836
f 834/834/834 837/837/837 838/838/838
f 834/834/834 838/838/838 835/835/835
f 835/835/835 838/838/838 205/205/205
f 835/835/835 205/205/205 204/204/204
f 836/836/836 835/835/835 204/204/204
f 836/836/836 204/204/204 203/203/203
f 839/839/839 840/840/840 841/841/841
f 839/839/839 841/841/841 842/842/842
f 840/840/840 812/812/812 815/815/815
f 840/840/840 815/815/815 841/841/841
f 841/841/841 815/815/815 820/820/820
f 841/841/841 820/820/820 843/843/843
f 842/842/842 841/841/841 843/843/843
f 842/842/842 843/843/843 844/844/844
f 845/845/845 846/846/846 847/847/847
f 845/845/845 847/847/847 848/848/848
f 846/846/846 849/849/849 850/850/850
f 846/846/846 850/850/850 847/847/847
f 847/847/847 850/850/850 851/851/851
f 847/847/847 851/851/851 852/852/852
f 848/848/848 847/847/847 852/852/852
f 848/848/848 852/852/852 853/853/853
f 854/854/854 855/855/855 856/856/856
f 854/854/854 856/856/856 857/857/857
f 855/855/855 858/858/858 859/859/859
f 855/855/855 859/859/859 856/856/856
f 856/856/856 859/859/859 765/765/765
f 856/856/856 765/765/765 762/762/762
f 857/857/857 856/856/856 762/762/762
f 857/857/857 762/762/762 761/761/761
f 858/858/858 860/860/860 861/861/861
f 858/858/858 861/861/861 859/859/859
f 860/860/860 862/862/862 863/863/863
f 860/860/860 863/863/863 861/861/861
f 861/861/861 863/863/863 772/772/772
f 861/861/861 772/772/772 770/770/770
f 859/859/859 861/861/861 770/770/770
f 859/859/859 770/770/770 765/765/765
f 864/864/864 865/865/865 866/866/866
f 864/864/864 866/866/866 867/867/867
f 865/865/865 868/868/868 869/869/869
f 865/865/865 869/869/869 866/866/866
f 866/866/866 869/869/869 870/870/870
f 866/866/866 870/870/870 871/871/871
f 867/867/867 866/866/866 871/871/871
f 867/867/867 871/871/871 872/872/872
f 873/873/873 874/874/874 875/875/875
f 873/873/873 875/875/875 876/876/876
f 874/874/874 877/877/877 878/878/878
f 874/874/874 878/878/878 875/875/875
f 875/875/875 878/878/878 879/879/879
f 875/875/875 879/879/879 880/880/880
f 876/876/876 875/875/875 880/880/880
f 876/876/876 880/880/880 881/881/881
f 882/882/882 883/883/883 884/884/884
f 882/882/882 884/884/884 885/885/885
f 883/883/883 886/886/886 887/887/887
f 883/883/883 887/887/887 884/884/884
f 884/884/884 887/887/887 786/786/786
f 884/884/884 786/786/786 783/783/783
f 885/885/885 884/884/884 783/783/783
f 885/885/885 783/783/783 782/782/782
f 888/888/888 889/889/889 890/890/890
f 888/888/888 890/890/890 891/891/891
f 889/889/889 892/892/892 893/893/893
f 889/889/889 893/893/893 890/890/890
f 890/890/890 893/893/893 798/798/798
f 890/890/890 798/798/798 795/795/795
f 891/891/891 890/890/890 795/795/795
f 891/891/891 795/795/795 794/794/794
f 894/894/894 895/895/895 896/896/896
f 894/894/894 896/896/896 897/897/897
f 895/895/895 898/898/898 899/899/899
f 895/895/895 899/899/899 896/896/896
f 896/896/896 899/899/899 900/900/900
f 896/896/896 900/900/900 901/901/901
f 897/897/897 896/896/896 901/901/901
f 897/897/897 901/901/901 902/902/902
f 903/903/903 904/904/904 905/905/905
f 903/903/903 905/905/905 906/906/906
f 904/904/904 907/907/907 908/908/908
f 904/904/904 908/908/908 905/905/905
f 905/905/905 908/908/908 810/810/810
f 905/905/905 810/810/810 807/807/807
f 906/906/906 905/905/905 807/807/807
f 906/906/906 807/807/807 806/806/806
f 909/909/909 910/910/910 911/911/911
f 909/909/909 911/911/911 912/912/912
f 910/910/910 913/913/913 914/914/914
f 910/910/910 914/914/914 911/911/911
f 911/911/911 914/914/914 831/831/831
f 911/911/911 831/831/831 828/828/828
f 912/912/912 911/911/911 828/828/828
f 912/912/912 828/828/828 827/827/827
f 915/915/915 916/916/916 917/917/917
f 915/915/915 917/917/917 918/918/918
f 916/916/916 919/919/919 920/920/920
f 916/916/916 920/920/920 917/917/917
f 917/917/917 920/920/920 921/921/921
f 917/917/917 921/921/921 922/922/922
f 918/918/918 917/917/917 922/922/922
f 918/918/918 922/922/922 923/923/923
f 114/114/114 113/113/113 924/924/924
f 114/114/114 924/924/924 925/925/925
f 113/113/113 112/112/112 926/926/926
f 113/113/113 926/926/926 924/924/924
f 924/924/924 926/926/926 927/927/927
f 924/924/924 927/927/927 928/928/928
f 925/925/925 924/924/924 928/928/928
f 925/925/925 928/928/928 929/929/929
f 90/90/90 89/89/89 930/930/930
f 90/90/90 930/930/930 931/931/931
f 89/89/89 88/88/88 932/932/932
f 89/89/89 932/932/932 930/930/930
f 930/930/930 932/932/932 933/933/933
f 930/930/930 933/933/933 934/934/934
f 931/931/931 930/930/930 934/934/934
f 931/931/931 934/934/934 935/935/935
f 936/936/936 937/937/937 938/938/938
f 936/936/936 938/938/938 939/939/939
f 937/937/937 175/175/175 178/178/178
f 937/937/937 178/178/178 938/938/938
f 938/938/938 178/178/178 182/182/182
f 938/938/938 182/182/182 940/940/940
f 939/939/939 938/938/938 940/940/940
f 939/939/939 940/940/940 941/941/941
f 657/657/657 656/656/656 942/942/942
f 657/657/657 942/942/942 943/943/943
f 656/656/656 655/655/655 944/944/944
f 656/656/656 944/944/944 942/942/942
f 942/942/942 944/944/944 174/174/174
f 942/942/942 174/174/174 173/173/173
f 943/943/943 942/942/942 173/173/173
f 943/943/943 173/173/173 172/172/172
f 174/174/174 944/944/944 945/945/945
f 174/174/174 945/945/945 179/179/179
f 944/944/944 655/655/655 719/719/719
f 944/944/944 719/719/719 945/945/945
f 945/945/945 719/719/719 718/718/718
f 945/945/945 718/718/718 946/946/946
f 179/179/179 945/945/945 946/946/946
f 179/179/179 946/946/946 180/180/180
f 712/712/712 715/715/715 947/947/947
f 712/712/712 947/947/947 948/948/948
f 715/715/715 703/703/703 949/949/949
f 715/715/715 949/949/949 947/947/947
f 947/947/947 949/949/949 950/950/950
f 947/947/947 950/950/950 951/951/951
f 948/948/948 947/947/947 951/951/951
f 948/948/948 951/951/951 952/952/952
f 703/703/703 706/706/706 953/953/953
f 703/703/703 953/953/953 949/949/949
f 706/706/706 711/711/711 954/954/954
f 706/706/706 954/954/954 953/953/953
f 953/953/953 954/954/954 955/955/955
f 953/953/953 955/955/955 956/956/956
f 949/949/949 953/953/953 956/956/956
f 949/949/949 956/956/956 950/950/950
f 701/701/701 700/700/700 957/957/957
f 701/701/701 957/957/957 958/958/958
f 700/700/700 663/663/663 959/959/959
f 700/700/700 959/959/959 957/957/957
f 957/957/957 959/959/959 198/198/198
f 957/957/957 198/198/198 960/960/960
f 958/958/958 957/957/957 960/960/960
f 958/958/958 960/960/960 961/961/961
f 663/663/663 662/662/662 962/962/962
f 663/663/663 962/962/962 959/959/959
f 662/662/662 661/661/661 963/963/963
f 662/662/662 963/963/963 962/962/962
f 962/962/962 963/963/963 200/200/200
f 962/962/962 200/200/200 199/199/199
f 959/959/959 962/962/962 199/199/199
f 959/959/959 199/199/199 198/198/198
f 907/907/907 904/904/904 964/964/964
f 907/907/907 964/964/964 965/965/965
f 904/904/904 903/903/903 966/966/966
f 904/904/904 966/966/966 964/964/964
f 964/964/964 966/966/966 967/967/967
f 964/964/964 967/967/967 968/968/968
f 965/965/965 964/964/964 968/968/968
f 965/965/965 968/968/968 969/969/969
f 913/913/913 910/910/910 970/970/970
f 913/913/913 970/970/970 971/971/971
f 910/910/910 909/909/909 972/972/972
f 910/910/910 972/972/972 970/970/970
f 970/970/970 972/972/972 973/973/973
f 970/970/970 973/973/973 974/974/974
f 971/971/971 970/970/970 974/974/974
f 971/971/971 974/974/974 975/975/975
f 196/196/196 976/976/976 977/977/977
f 196/196/196 977/977/977 197/197/197
f 919/919/919 916/916/916 977/977/977
f 919/919/919 977/977/977 976/976/976
f 915/915/915 978/978/978 977/977/977
f 915/915/915 977/977/977 916/916/916
f 961/961/961 960/960/960 977/977/977
f 961/961/961 977/977/977 978/978/978
f 198/198/198 197/197/197 977/977/977
f 198/198/198 977/977/977 960/960/960
f 64/64/64 67/67/67 979/979/979
f 64/64/64 979/979/979 980/980/980
f 67/67/67 72/72/72 981/981/981
f 67/67/67 981/981/981 979/979/979
f 979/979/979 981/981/981 849/849/849
f 979/979/979 849/849/849 846/846/846
f 980/980/980 979/979/979 846/846/846
f 980/980/980 846/846/846 845/845/845
f 81/81/81 80/80/80 982/982/982
f 81/81/81 982/982/982 983/983/983
f 80/80/80 79/79/79 984/984/984
f 80/80/80 984/984/984 982/982/982
f 982/982/982 984/984/984 858/858/858
f 982/982/982 858/858/858 855/855/855
f 983/983/983 982/982/982 855/855/855
f 983/983/983 855/855/855 854/854/854
f 79/79/79 96/96/96 985/985/985
f 79/79/79 985/985/985 984/984/984
f 96/96/96 95/95/95 986/986/986
f 96/96/96 986/986/986 985/985/985
f 985/985/985 986/986/986 862/862/862
f 985/985/985 862/862/862 860/860/860
f 984/984/984 985/985/985 860/860/860
f 984/984/984 860/860/860 858/858/858
f 868/868/868 987/987/987 988/988/988
f 868/868/868 988/988/988 869/869/869
f 987/987/987 97/97/97 100/100/100
f 987/987/987 100/100/100 988/988/988
f 988/988/988 100/100/100 105/105/105
f 988/988/988 105/105/105 989/989/989
f 869/869/869 988/988/988 989/989/989
f 869/869/869 989/989/989 870/870/870
f 877/877/877 990/990/990 991/991/991
f 877/877/877 991/991/991 878/878/878
f 990/990/990 258/258/258 261/261/261
f 990/990/990 261/261/261 991/991/991
f 991/991/991 261/261/261 266/266/266
f 991/991/991 266/266/266 992/992/992
f 878/878/878 991/991/991 992/992/992
f 878/878/878 992/992/992 879/879/879
f 993/993/993 994/994/994 995/995/995
f 993/993/993 995/995/995 996/996/996
f 994/994/994 997/997/997 998/998/998
f 994/994/994 998/998/998 995/995/995
f 995/995/995 998/998/998 886/886/886
f 995/995/995 886/886/886 883/883/883
f 996/996/996 995/995/995 883/883/883
f 996/996/996 883/883/883 882/882/882
f 999/999/999 1000/1000/1000 1001/1001/1001
f 999/999/999 1001/1001/1001 1002/1002/1002
f 1000/1000/1000 1003/1003/1003 1004/1004/1004
f 1000/1000/1000 1004/1004/1004 1001/1001/1001
f 1001/1001/1001 1004/1004/1004 892/892/892
f 1001/1001/1001 892/892/892 889/889/889
f 1002/1002/1002 1001/1001/1001 889/889/889
f 1002/1002/1002 889/889/889 888/888/888
f 282/282/282 285/285/285 1005/1005/1005
f 282/282/282 1005/1005/1005 1006/1006/1006
f 285/285/285 290/290/290 1007/1007/1007
f 285/285/285 1007/1007/1007 1005/1005/1005
f 1005/1005/1005 1007/1007/1007 898/898/898
f 1005/1005/1005 898/898/898 895/895/895
f 1006/1006/1006 1005/1005/1005 895/895/895
f 1006/1006/1006 895/895/895 894/894/894
f 245/245/245 244/244/244 1008/1008/1008
f 245/245/245 1008/1008/1008 1009/1009/1009
f 244/244/244 243/243/243 1010/1010/1010
f 244/244/244 1010/1010/1010 1008/1008/1008
f 1008/1008/1008 1010/1010/1010 38/38/38
f 1008/1008/1008 38/38/38 35/35/35
f 1009/1009/1009 1008/1008/1008 35/35/35
f 1009/1009/1009 35/35/35 34/34/34
f 320/320/320 319/319/319 1011/1011/1011
f 320/320/320 1011/1011/1011 1012/1012/1012
f 319/319/319 318/318/318 1013/1013/1013
f 319/319/319 1013/1013/1013 1011/1011/1011
f 1011/1011/1011 1013/1013/1013 329/329/329
f 1011/1011/1011 329/329/329 328/328/328
f 1012/1012/1012 1011/1011/1011 328/328/328
f 1012/1012/1012 328/328/328 327/327/327
f 374/374/374 373/373/373 1014/1014/1014
f 374/374/374 1014/1014/1014 1015/1015/1015
f 373/373/373 372/372/372 1016/1016/1016
f 373/373/373 1016/1016/1016 1014/1014/1014
f 1014/1014/1014 1016/1016/1016 357/357/357
f 1014/1014/1014 357/357/357 360/360/360
f 1015/1015/1015 1014/1014/1014 360/360/360
f 1015/1015/1015 360/360/360 365/365/365
f 304/304/304 311/311/311 1017/1017/1017
f 304/304/304 1017/1017/1017 1018/1018/1018
f 311/311/311 310/310/310 1019/1019/1019
f 311/311/311 1019/1019/1019 1017/1017/1017
f 1017/1017/1017 1019/1019/1019 59/59/59
f 1017/1017/1017 59/59/59 56/56/56
f 1018/1018/1018 1017/1017/1017 56/56/56
f 1018/1018/1018 56/56/56 55/55/55
f 297/297/297 305/305/305 1020/1020/1020
f 297/297/297 1020/1020/1020 1021/1021/1021
f 305/305/305 304/304/304 1018/1018/1018
f 305/305/305 1018/1018/1018 1020/1020/1020
f 1020/1020/1020 1018/1018/1018 55/55/55
f 1020/1020/1020 55/55/55 207/207/207
f 1021/1021/1021 1020/1020/1020 207/207/207
f 1021/1021/1021 207/207/207 123/123/123
f 299/299/299 298/298/298 1022/1022/1022
f 299/299/299 1022/1022/1022 1023/1023/1023
f 298/298/298 297/297/297 1021/1021/1021
f 298/298/298 1021/1021/1021 1022/1022/1022
f 1022/1022/1022 1021/1021/1021 123/123/123
f 1022/1022/1022 123/123/123 122/122/122
f 1023/1023/1023 1022/1022/1022 122/122/122
f 1023/1023/1023 122/122/122 121/121/121
f 485/485/485 605/605/605 1024/1024/1024
f 485/485/485 1024/1024/1024 1025/1025/1025
f 605/605/605 299/299/299 1023/1023/1023
f 605/605/605 1023/1023/1023 1024/1024/1024
f 1024/1024/1024 1023/1023/1023 121/121/121
f 1024/1024/1024 121/121/121 608/608/608
f 1025/1025/1025 1024/1024/1024 608/608/608
f 1025/1025/1025 608/608/608 474/474/474
f 487/487/487 486/486/486 1026/1026/1026
f 487/487/487 1026/1026/1026 1027/1027/1027
f 486/486/486 485/485/485 1025/1025/1025
f 486/486/486 1025/1025/1025 1026/1026/1026
f 1026/1026/1026 1025/1025/1025 474/474/474
f 1026/1026/1026 474/474/474 471/471/471
f 1027/1027/1027 1026/1026/1026 471/471/471
f 1027/1027/1027 471/471/471 470/470/470
f 568/568/568 567/567/567 1028/1028/1028
f 568/568/568 1028/1028/1028 1029/1029/1029
f 567/567/567 487/487/487 1027/1027/1027
f 567/567/567 1027/1027/1027 1028/1028/1028
f 1028/1028/1028 1027/1027/1027 470/470/470
f 1028/1028/1028 470/470/470 562/562/562
f 1029/1029/1029 1028/1028/1028 562/562/562
f 1029/1029/1029 562/562/562 561/561/561
f 503/503/503 628/628/628 1030/1030/1030
f 503/503/503 1030/1030/1030 1031/1031/1031
f 628/628/628 568/568/568 1029/1029/1029
f 628/628/628 1029/1029/1029 1030/1030/1030
f 1030/1030/1030 1029/1029/1029 561/561/561
f 1030/1030/1030 561/561/561 646/646/646
f 1031/1031/1031 1030/1030/1030 646/646/646
f 1031/1031/1031 646/646/646 496/496/496
f 505/505/505 504/504/504 1032/1032/1032
f 505/505/505 1032/1032/1032 1033/1033/1033
f 504/504/504 503/503/503 1031/1031/1031
f 504/504/504 1031/1031/1031 1032/1032/1032
f 1032/1032/1032 1031/1031/1031 496/496/496
f 1032/1032/1032 496/496/496 495/495/495
f 1033/1033/1033 1032/1032/1032 495/495/495
f 1033/1033/1033 495/495/495 494/494/494
f 288/288/288 651/651/651 1034/1034/1034
f 288/288/288 1034/1034/1034 1035/1035/1035
f 651/651/651 505/505/505 1033/1033/1033
f 651/651/651 1033/1033/1033 1034/1034/1034
f 1034/1034/1034 1033/1033/1033 494/494/494
f 1034/1034/1034 494/494/494 675/675/675
f 1035/1035/1035 1034/1034/1034 675/675/675
f 1035/1035/1035 675/675/675 68/68/68
f 288/288/288 1035/1035/1035 1036/1036/1036
f 288/288/288 1036/1036/1036 289/289/289
f 1035/1035/1035 68/68/68 65/65/65
f 1035/1035/1035 65/65/65 1036/1036/1036
f 1036/1036/1036 65/65/65 64/64/64
f 1036/1036/1036 64/64/64 1037/1037/1037
f 289/289/289 1036/1036/1036 1037/1037/1037
f 289/289/289 1037/1037/1037 290/290/290
f 898/898/898 1007/1007/1007 1038/1038/1038
f 898/898/898 1038/1038/1038 1039/1039/1039
f 1007/1007/1007 290/290/290 1037/1037/1037
f 1007/1007/1007 1037/1037/1037 1038/1038/1038
f 1038/1038/1038 1037/1037/1037 64/64/64
f 1038/1038/1038 64/64/64 980/980/980
f 1039/1039/1039 1038/1038/1038 980/980/980
f 1039/1039/1039 980/980/980 845/845/845
f 900/900/900 899/899/899 1040/1040/1040
f 900/900/900 1040/1040/1040 1041/1041/1041
f 899/899/899 898/898/898 1039/1039/1039
f 899/899/899 1039/1039/1039 1040/1040/1040
f 1040/1040/1040 1039/1039/1039 845/845/845
f 1040/1040/1040 845/845/845 848/848/848
f 1041/1041/1041 1040/1040/1040 848/848/848
f 1041/1041/1041 848/848/848 853/853/853
f 280/280/280 805/805/805 1042/1042/1042
f 280/280/280 1042/1042/1042 1043/1043/1043
f 805/805/805 804/804/804 1044/1044/1044
f 805/805/805 1044/1044/1044 1042/1042/1042
f 1042/1042/1042 1044/1044/1044 755/755/755
f 1042/1042/1042 755/755/755 758/758/758
f 1043/1043/1043 1042/1042/1042 758/758/758
f 1043/1043/1043 758/758/758 5/5/5
f 273/273/273 281/281/281 1045/1045/1045
f 273/273/273 1045/1045/1045 1046/1046/1046
f 281/281/281 280/280/280 1043/1043/1043
f 281/281/281 1043/1043/1043 1045/1045/1045
f 1045/1045/1045 1043/1043/1043 5/5/5
f 1045/1045/1045 5/5/5 2/2/2
f 1046/1046/1046 1045/1045/1045 2/2/2
f 1046/1046/1046 2/2/2 1/1/1
f 275/275/275 274/274/274 1047/1047/1047
f 275/275/275 1047/1047/1047 1048/1048/1048
f 274/274/274 273/273/273 1046/1046/1046
f 274/274/274 1046/1046/1046 1047/1047/1047
f 1047/1047/1047 1046/1046/1046 1/1/1
f 1047/1047/1047 1/1/1 29/29/29
f 1048/1048/1048 1047/1047/1047 29/29/29
f 1048/1048/1048 29/29/29 28/28/28
f 780/780/780 1049/1049/1049 1050/1050/1050
f 780/780/780 1050/1050/1050 781/781/781
f 1049/1049/1049 790/790/790 788/788/788
f 1049/1049/1049 788/788/788 1050/1050/1050
f 1050/1050/1050 788/788/788 275/275/275
f 1050/1050/1050 275/275/275 1048/1048/1048
f 781/781/781 1050/1050/1050 1048/1048/1048
f 781/781/781 1048/1048/1048 28/28/28
f 870/870/870 1051/1051/1051 1052/1052/1052
f 870/870/870 1052/1052/1052 871/871/871
f 1051/1051/1051 877/877/877 874/874/874
f 1051/1051/1051 874/874/874 1052/1052/1052
f 1052/1052/1052 874/874/874 873/873/873
f 1052/1052/1052 873/873/873 1053/1053/1053
f 871/871/871 1052/1052/1052 1053/1053/1053
f 871/871/871 1053/1053/1053 872/872/872
f 105/105/105 1054/1054/1054 1055/1055/1055
f 105/105/105 1055/1055/1055 989/989/989
f 1054/1054/1054 258/258/258 990/990/990
f 1054/1054/1054 990/990/990 1055/1055/1055
f 1055/1055/1055 990/990/990 877/877/877
f 1055/1055/1055 877/877/877 1051/1051/1051
f 989/989/989 1055/1055/1055 1051/1051/1051
f 989/989/989 1051/1051/1051 870/870/870
f 105/105/105 104/104/104 1056/1056/1056
f 105/105/105 1056/1056/1056 1054/1054/1054
f 104/104/104 103/103/103 1057/1057/1057
f 104/104/104 1057/1057/1057 1056/1056/1056
f 1056/1056/1056 1057/1057/1057 262/262/262
f 1056/1056/1056 262/262/262 259/259/259
f 1054/1054/1054 1056/1056/1056 259/259/259
f 1054/1054/1054 259/259/259 258/258/258
f 103/103/103 669/669/669 1058/1058/1058
f 103/103/103 1058/1058/1058 1057/1057/1057
f 669/669/669 541/541/541 1059/1059/1059
f 669/669/669 1059/1059/1059 1058/1058/1058
f 1058/1058/1058 1059/1059/1059 530/530/530
f 1058/1058/1058 530/530/530 664/664/664
f 1057/1057/1057 1058/1058/1058 664/664/664
f 1057/1057/1057 664/664/664 262/262/262
f 532/532/532 531/531/531 1060/1060/1060
f 532/532/532 1060/1060/1060 1061/1061/1061
f 531/531/531 530/530/530 1059/1059/1059
f 531/531/531 1059/1059/1059 1060/1060/1060
f 1060/1060/1060 1059/1059/1059 541/541/541
f 1060/1060/1060 541/541/541 540/540/540
f 1061/1061/1061 1060/1060/1060 540/540/540
f 1061/1061/1061 540/540/540 539/539/539
f 539/539/539 640/640/640 1062/1062/1062
f 539/539/539 1062/1062/1062 1061/1061/1061
f 640/640/640 592/592/592 1063/1063/1063
f 640/640/640 1063/1063/1063 1062/1062/1062
f 1062/1062/1062 1063/1063/1063 585/585/585
f 1062/1062/1062 585/585/585 635/635/635
f 1061/1061/1061 1062/1062/1062 635/635/635
f 1061/1061/1061 635/635/635 532/532/532
f 437/437/437 586/586/586 1064/1064/1064
f 437/437/437 1064/1064/1064 1065/1065/1065
f 586/586/586 585/585/585 1063/1063/1063
f 586/586/586 1063/1063/1063 1064/1064/1064
f 1064/1064/1064 1063/1063/1063 592/592/592
f 1064/1064/1064 592/592/592 591/591/591
f 1065/1065/1065 1064/1064/1064 591/591/591
f 1065/1065/1065 591/591/591 454/454/454
f 454/454/454 453/453/453 1066/1066/1066
f 454/454/454 1066/1066/1066 1065/1065/1065
f 453/453/453 452/452/452 1067/1067/1067
f 453/453/453 1067/1067/1067 1066/1066/1066
f 1066/1066/1066 1067/1067/1067 441/441/441
f 1066/1066/1066 441/441/441 438/438/438
f 1065/1065/1065 1066/1066/1066 438/438/438
f 1065/1065/1065 438/438/438 437/437/437
f 256/256/256 619/619/619 1068/1068/1068
f 256/256/256 1068/1068/1068 1069/1069/1069
f 619/619/619 441/441/441 1067/1067/1067
f 619/619/619 1067/1067/1067 1068/1068/1068
f 1068/1068/1068 1067/1067/1067 452/452/452
f 1068/1068/1068 452/452/452 616/616/616
f 1069/1069/1069 1068/1068/1068 616/616/616
f 1069/1069/1069 616/616/616 147/147/147
f 246/246/246 257/257/257 1070/1070/1070
f 246/246/246 1070/1070/1070 1071/1071/1071
f 257/257/257 256/256/256 1069/1069/1069
f 257/257/257 1069/1069/1069 1070/1070/1070
f 1070/1070/1070 1069/1069/1069 147/147/147
f 1070/1070/1070 147/147/147 146/146/146
f 1071/1071/1071 1070/1070/1070 146/146/146
f 1071/1071/1071 146/146/146 145/145/145
f 145/145/145 222/222/222 1072/1072/1072
f 145/145/145 1072/1072/1072 1071/1071/1071
f 222/222/222 38/38/38 1010/1010/1010
f 222/222/222 1010/1010/1010 1072/1072/1072
f 1072/1072/1072 1010/1010/1010 243/243/243
f 1072/1072/1072 243/243/243 247/247/247
f 1071/1071/1071 1072/1072/1072 247/247/247
f 1071/1071/1071 247/247/247 246/246/246
f 170/170/170 167/167/167 1073/1073/1073
f 170/170/170 1073/1073/1073 1074/1074/1074
f 167/167/167 166/166/166 1075/1075/1075
f 167/167/167 1075/1075/1075 1073/1073/1073
f 1073/1073/1073 1075/1075/1075 86/86/86
f 1073/1073/1073 86/86/86 83/83/83
f 1074/1074/1074 1073/1073/1073 83/83/83
f 1074/1074/1074 83/83/83 82/82/82
f 196/196/196 193/193/193 1076/1076/1076
f 196/196/196 1076/1076/1076 1077/1077/1077
f 193/193/193 192/192/192 1078/1078/1078
f 193/193/193 1078/1078/1078 1076/1076/1076
f 1076/1076/1076 1078/1078/1078 110/110/110
f 1076/1076/1076 110/110/110 107/107/107
f 1077/1077/1077 1076/1076/1076 107/107/107
f 1077/1077/1077 107/107/107 106/106/106
f 106/106/106 109/109/109 1079/1079/1079
f 106/106/106 1079/1079/1079 1077/1077/1077
f 109/109/109 114/114/114 1080/1080/1080
f 109/109/109 1080/1080/1080 1079/1079/1079
f 1079/1079/1079 1080/1080/1080 919/919/919
f 1079/1079/1079 919/919/919 976/976/976
f 1077/1077/1077 1079/1079/1079 976/976/976
f 1077/1077/1077 976/976/976 196/196/196
f 921/921/921 920/920/920 1081/1081/1081
f 921/921/921 1081/1081/1081 1082/1082/1082
f 920/920/920 919/919/919 1080/1080/1080
f 920/920/920 1080/1080/1080 1081/1081/1081
f 1081/1081/1081 1080/1080/1080 114/114/114
f 1081/1081/1081 114/114/114 925/925/925
f 1082/1082/1082 1081/1081/1081 925/925/925
f 1082/1082/1082 925/925/925 929/929/929
f 205/205/205 838/838/838 1083/1083/1083
f 205/205/205 1083/1083/1083 1084/1084/1084
f 838/838/838 837/837/837 1085/1085/1085
f 838/838/838 1085/1085/1085 1083/1083/1083
f 1083/1083/1083 1085/1085/1085 839/839/839
f 1083/1083/1083 839/839/839 842/842/842
f 1084/1084/1084 1083/1083/1083 842/842/842
f 1084/1084/1084 842/842/842 844/844/844
f 189/189/189 206/206/206 1086/1086/1086
f 189/189/189 1086/1086/1086 1087/1087/1087
f 206/206/206 205/205/205 1084/1084/1084
f 206/206/206 1084/1084/1084 1086/1086/1086
f 1086/1086/1086 1084/1084/1084 844/844/844
f 1086/1086/1086 844/844/844 843/843/843
f 1087/1087/1087 1086/1086/1086 843/843/843
f 1087/1087/1087 843/843/843 820/820/820
f 191/191/191 190/190/190 1088/1088/1088
f 191/191/191 1088/1088/1088 1089/1089/1089
f 190/190/190 189/189/189 1087/1087/1087
f 190/190/190 1087/1087/1087 1088/1088/1088
f 1088/1088/1088 1087/1087/1087 820/820/820
f 1088/1088/1088 820/820/820 819/819/819
f 1089/1089/1089 1088/1088/1088 819/819/819
f 1089/1089/1089 819/819/819 818/818/818
f 816/816/816 1090/1090/1090 1091/1091/1091
f 816/816/816 1091/1091/1091 817/817/817
f 1090/1090/1090 823/823/823 821/821/821
f 1090/1090/1090 821/821/821 1091/1091/1091
f 1091/1091/1091 821/821/821 191/191/191
f 1091/1091/1091 191/191/191 1089/1089/1089
f 817/817/817 1091/1091/1091 1089/1089/1089
f 817/817/817 1089/1089/1089 818/818/818
f 88/88/88 1092/1092/1092 1093/1093/1093
f 88/88/88 1093/1093/1093 932/932/932
f 1092/1092/1092 175/175/175 937/937/937
f 1092/1092/1092 937/937/937 1093/1093/1093
f 1093/1093/1093 937/937/937 936/936/936
f 1093/1093/1093 936/936/936 1094/1094/1094
f 932/932/932 1093/1093/1093 1094/1094/1094
f 932/932/932 1094/1094/1094 933/933/933
f 88/88/88 87/87/87 1095/1095/1095
f 88/88/88 1095/1095/1095 1092/1092/1092
f 87/87/87 86/86/86 1075/1075/1075
f 87/87/87 1075/1075/1075 1095/1095/1095
f 1095/1095/1095 1075/1075/1075 166/166/166
f 1095/1095/1095 166/166/166 176/176/176
f 1092/1092/1092 1095/1095/1095 176/176/176
f 1092/1092/1092 176/176/176 175/175/175
f 1096/1096/1096 1097/1097/1097 1098/1098/1098
f 1096/1096/1096 1098/1098/1098 1099/1099/1099
f 1097/1097/1097 1100/1100/1100 1101/1101/1101
f 1097/1097/1097 1101/1101/1101 1098/1098/1098
f 1098/1098/1098 1101/1101/1101 1102/1102/1102
f 1098/1098/1098 1102/1102/1102 1103/1103/1103
f 1099/1099/1099 1098/1098/1098 1103/1103/1103
f 1099/1099/1099 1103/1103/1103 210/210/210
f 1104/1104/1104 1105/1105/1105 1106/1106/1106
f 1104/1104/1104 1106/1106/1106 1107/1107/1107
f 1105/1105/1105 1096/1096/1096 1099/1099/1099
f 1105/1105/1105 1099/1099/1099 1106/1106/1106
f 1106/1106/1106 1099/1099/1099 210/210/210
f 1106/1106/1106 210/210/210 213/213/213
f 1107/1107/1107 1106/1106/1106 213/213/213
f 1107/1107/1107 213/213/213 124/124/124
f 132/132/132 1108/1108/1108 1109/1109/1109
f 132/132/132 1109/1109/1109 127/127/127
f 1108/1108/1108 1110/1110/1110 1111/1111/1111
f 1108/1108/1108 1111/1111/1111 1109/1109/1109
f 1109/1109/1109 1111/1111/1111 1104/1104/1104
f 1109/1109/1109 1104/1104/1104 1107/1107/1107
f 127/127/127 1109/1109/1109 1107/1107/1107
f 127/127/127 1107/1107/1107 124/124/124
f 464/464/464 1112/1112/1112 1113/1113/1113
f 464/464/464 1113/1113/1113 610/610/610
f 1112/1112/1112 1114/1114/1114 1115/1115/1115
f 1112/1112/1112 1115/1115/1115 1113/1113/1113
f 1113/1113/1113 1115/1115/1115 1110/1110/1110
f 1113/1113/1113 1110/1110/1110 1108/1108/1108
f 610/610/610 1113/1113/1113 1108/1108/1108
f 610/610/610 1108/1108/1108 132/132/132
f 1116/1116/1116 1117/1117/1117 1118/1118/1118
f 1116/1116/1116 1118/1118/1118 1119/1119/1119
f 1117/1117/1117 1114/1114/1114 1112/1112/1112
f 1117/1117/1117 1112/1112/1112 1118/1118/1118
f 1118/1118/1118 1112/1112/1112 464/464/464
f 1118/1118/1118 464/464/464 467/467/467
f 1119/1119/1119 1118/1118/1118 467/467/467
f 1119/1119/1119 467/467/467 469/469/469
f 602/602/602 1120/1120/1120 1121/1121/1121
f 602/602/602 1121/1121/1121 600/600/600
f 1120/1120/1120 1122/1122/1122 1123/1123/1123
f 1120/1120/1120 1123/1123/1123 1121/1121/1121
f 1121/1121/1121 1123/1123/1123 1116/1116/1116
f 1121/1121/1121 1116/1116/1116 1119/1119/1119
f 600/600/600 1121/1121/1121 1119/1119/1119
f 600/600/600 1119/1119/1119 469/469/469
f 1124/1124/1124 1125/1125/1125 1126/1126/1126
f 1124/1124/1124 1126/1126/1126 1127/1127/1127
f 1125/1125/1125 1122/1122/1122 1120/1120/1120
f 1125/1125/1125 1120/1120/1120 1126/1126/1126
f 1126/1126/1126 1120/1120/1120 602/602/602
f 1126/1126/1126 602/602/602 645/645/645
f 1127/1127/1127 1126/1126/1126 645/645/645
f 1127/1127/1127 645/645/645 551/551/551
f 556/556/556 1128/1128/1128 1129/1129/1129
f 556/556/556 1129/1129/1129 554/554/554
f 1128/1128/1128 1130/1130/1130 1131/1131/1131
f 1128/1128/1128 1131/1131/1131 1129/1129/1129
f 1129/1129/1129 1131/1131/1131 1124/1124/1124
f 1129/1129/1129 1124/1124/1124 1127/1127/1127
f 554/554/554 1129/1129/1129 1127/1127/1127
f 554/554/554 1127/1127/1127 551/551/551
f 1132/1132/1132 1133/1133/1133 1134/1134/1134
f 1132/1132/1132 1134/1134/1134 1135/1135/1135
f 1133/1133/1133 1130/1130/1130 1128/1128/1128
f 1133/1133/1133 1128/1128/1128 1134/1134/1134
f 1134/1134/1134 1128/1128/1128 556/556/556
f 1134/1134/1134 556/556/556 674/674/674
f 1135/1135/1135 1134/1134/1134 674/674/674
f 1135/1135/1135 674/674/674 73/73/73
f 1132/1132/1132 1135/1135/1135 1136/1136/1136
f 1132/1132/1132 1136/1136/1136 1137/1137/1137
f 1135/1135/1135 73/73/73 76/76/76
f 1135/1135/1135 76/76/76 1136/1136/1136
f 1136/1136/1136 76/76/76 81/81/81
f 1136/1136/1136 81/81/81 1138/1138/1138
f 1137/1137/1137 1136/1136/1136 1138/1138/1138
f 1137/1137/1137 1138/1138/1138 1139/1139/1139
f 1140/1140/1140 1141/1141/1141 1142/1142/1142
f 1140/1140/1140 1142/1142/1142 1143/1143/1143
f 1141/1141/1141 1139/1139/1139 1138/1138/1138
f 1141/1141/1141 1138/1138/1138 1142/1142/1142
f 1142/1142/1142 1138/1138/1138 81/81/81
f 1142/1142/1142 81/81/81 983/983/983
f 1143/1143/1143 1142/1142/1142 983/983/983
f 1143/1143/1143 983/983/983 854/854/854
f 759/759/759 1144/1144/1144 1145/1145/1145
f 759/759/759 1145/1145/1145 1146/1146/1146
f 1144/1144/1144 1140/1140/1140 1143/1143/1143
f 1144/1144/1144 1143/1143/1143 1145/1145/1145
f 1145/1145/1145 1143/1143/1143 854/854/854
f 1145/1145/1145 854/854/854 857/857/857
f 1146/1146/1146 1145/1145/1145 857/857/857
f 1146/1146/1146 857/857/857 761/761/761
f 7/7/7 760/760/760 1147/1147/1147
f 7/7/7 1147/1147/1147 1148/1148/1148
f 760/760/760 759/759/759 1146/1146/1146
f 760/760/760 1146/1146/1146 1147/1147/1147
f 1147/1147/1147 1146/1146/1146 761/761/761
f 1147/1147/1147 761/761/761 764/764/764
f 1148/1148/1148 1147/1147/1147 764/764/764
f 1148/1148/1148 764/764/764 769/769/769
f 9/9/9 8/8/8 1149/1149/1149
f 9/9/9 1149/1149/1149 1150/1150/1150
f 8/8/8 7/7/7 1148/1148/1148
f 8/8/8 1148/1148/1148 1149/1149/1149
f 1149/1149/1149 1148/1148/1148 769/769/769
f 1149/1149/1149 769/769/769 768/768/768
f 1150/1150/1150 1149/1149/1149 768/768/768
f 1150/1150/1150 768/768/768 767/767/767
f 33/33/33 32/32/32 1151/1151/1151
f 33/33/33 1151/1151/1151 1152/1152/1152
f 32/32/32 9/9/9 1150/1150/1150
f 32/32/32 1150/1150/1150 1151/1151/1151
f 1151/1151/1151 1150/1150/1150 767/767/767
f 1151/1151/1151 767/767/767 775/775/775
f 1152/1152/1152 1151/1151/1151 775/775/775
f 1152/1152/1152 775/775/775 774/774/774
f 772/772/772 1153/1153/1153 1154/1154/1154
f 772/772/772 1154/1154/1154 773/773/773
f 1153/1153/1153 778/778/778 776/776/776
f 1153/1153/1153 776/776/776 1154/1154/1154
f 1154/1154/1154 776/776/776 33/33/33
f 1154/1154/1154 33/33/33 1152/1152/1152
f 773/773/773 1154/1154/1154 1152/1152/1152
f 773/773/773 1152/1152/1152 774/774/774
f 862/862/862 1155/1155/1155 1156/1156/1156
f 862/862/862 1156/1156/1156 863/863/863
f 1155/1155/1155 1157/1157/1157 1158/1158/1158
f 1155/1155/1155 1158/1158/1158 1156/1156/1156
f 1156/1156/1156 1158/1158/1158 778/778/778
f 1156/1156/1156 778/778/778 1153/1153/1153
f 863/863/863 1156/1156/1156 1153/1153/1153
f 863/863/863 1153/1153/1153 772/772/772
f 95/95/95 1159/1159/1159 1160/1160/1160
f 95/95/95 1160/1160/1160 986/986/986
f 1159/1159/1159 1161/1161/1161 1162/1162/1162
f 1159/1159/1159 1162/1162/1162 1160/1160/1160
f 1160/1160/1160 1162/1162/1162 1157/1157/1157
f 1160/1160/1160 1157/1157/1157 1155/1155/1155
f 986/986/986 1160/1160/1160 1155/1155/1155
f 986/986/986 1155/1155/1155 862/862/862
f 95/95/95 94/94/94 1163/1163/1163
f 95/95/95 1163/1163/1163 1159/1159/1159
f 94/94/94 93/93/93 1164/1164/1164
f 94/94/94 1164/1164/1164 1163/1163/1163
f 1163/1163/1163 1164/1164/1164 1165/1165/1165
f 1163/1163/1163 1165/1165/1165 1166/1166/1166
f 1159/1159/1159 1163/1163/1163 1166/1166/1166
f 1159/1159/1159 1166/1166/1166 1161/1161/1161
f 548/548/548 1167/1167/1167 1168/1168/1168
f 548/548/548 1168/1168/1168 672/672/672
f 1167/1167/1167 1169/1169/1169 1170/1170/1170
f 1167/1167/1167 1170/1170/1170 1168/1168/1168
f 1168/1168/1168 1170/1170/1170 1165/1165/1165
f 1168/1168/1168 1165/1165/1165 1164/1164/1164
f 672/672/672 1168/1168/1168 1164/1164/1164
f 672/672/672 1164/1164/1164 93/93/93
f 546/546/546 1171/1171/1171 1172/1172/1172
f 546/546/546 1172/1172/1172 547/547/547
f 1171/1171/1171 1173/1173/1173 1174/1174/1174
f 1171/1171/1171 1174/1174/1174 1172/1172/1172
f 1172/1172/1172 1174/1174/1174 1169/1169/1169
f 1172/1172/1172 1169/1169/1169 1167/1167/1167
f 547/547/547 1172/1172/1172 1167/1167/1167
f 547/547/547 1167/1167/1167 548/548/548
f 596/596/596 1175/1175/1175 1176/1176/1176
f 596/596/596 1176/1176/1176 643/643/643
f 1175/1175/1175 1177/1177/1177 1178/1178/1178
f 1175/1175/1175 1178/1178/1178 1176/1176/1176
f 1176/1176/1176 1178/1178/1178 1173/1173/1173
f 1176/1176/1176 1173/1173/1173 1171/1171/1171
f 643/643/643 1176/1176/1176 1171/1171/1171
f 643/643/643 1171/1171/1171 546/546/546
f 461/461/461 1179/1179/1179 1180/1180/1180
f 461/461/461 1180/1180/1180 595/595/595
f 1179/1179/1179 1181/1181/1181 1182/1182/1182
f 1179/1179/1179 1182/1182/1182 1180/1180/1180
f 1180/1180/1180 1182/1182/1182 1177/1177/1177
f 1180/1180/1180 1177/1177/1177 1175/1175/1175
f 595/595/595 1180/1180/1180 1175/1175/1175
f 595/595/595 1175/1175/1175 596/596/596
f 459/459/459 1183/1183/1183 1184/1184/1184
f 459/459/459 1184/1184/1184 460/460/460
f 1183/1183/1183 1185/1185/1185 1186/1186/1186
f 1183/1183/1183 1186/1186/1186 1184/1184/1184
f 1184/1184/1184 1186/1186/1186 1181/1181/1181
f 1184/1184/1184 1181/1181/1181 1179/1179/1179
f 460/460/460 1184/1184/1184 1179/1179/1179
f 460/460/460 1179/1179/1179 461/461/461
f 137/137/137 1187/1187/1187 1188/1188/1188
f 137/137/137 1188/1188/1188 613/613/613
f 1187/1187/1187 1189/1189/1189 1190/1190/1190
f 1187/1187/1187 1190/1190/1190 1188/1188/1188
f 1188/1188/1188 1190/1190/1190 1185/1185/1185
f 1188/1188/1188 1185/1185/1185 1183/1183/1183
f 613/613/613 1188/1188/1188 1183/1183/1183
f 613/613/613 1183/1183/1183 459/459/459
f 135/135/135 1191/1191/1191 1192/1192/1192
f 135/135/135 1192/1192/1192 136/136/136
f 1191/1191/1191 1193/1193/1193 1194/1194/1194
f 1191/1191/1191 1194/1194/1194 1192/1192/1192
f 1192/1192/1192 1194/1194/1194 1189/1189/1189
f 1192/1192/1192 1189/1189/1189 1187/1187/1187
f 136/136/136 1192/1192/1192 1187/1187/1187
f 136/136/136 1187/1187/1187 137/137/137
f 218/218/218 1195/1195/1195 1196/1196/1196
f 218/218/218 1196/1196/1196 219/219/219
f 1195/1195/1195 1197/1197/1197 1198/1198/1198
f 1195/1195/1195 1198/1198/1198 1196/1196/1196
f 1196/1196/1196 1198/1198/1198 1193/1193/1193
f 1196/1196/1196 1193/1193/1193 1191/1191/1191
f 219/219/219 1196/1196/1196 1191/1191/1191
f 219/219/219 1191/1191/1191 135/135/135
f 1199/1199/1199 1200/1200/1200 1201/1201/1201
f 1199/1199/1199 1201/1201/1201 1202/1202/1202
f 1200/1200/1200 1197/1197/1197 1195/1195/1195
f 1200/1200/1200 1195/1195/1195 1201/1201/1201
f 1201/1201/1201 1195/1195/1195 218/218/218
f 1201/1201/1201 218/218/218 1203/1203/1203
f 1202/1202/1202 1201/1201/1201 1203/1203/1203
f 1202/1202/1202 1203/1203/1203 1204/1204/1204
f 334/334/334 1205/1205/1205 1206/1206/1206
f 334/334/334 1206/1206/1206 335/335/335
f 1205/1205/1205 1207/1207/1207 1208/1208/1208
f 1205/1205/1205 1208/1208/1208 1206/1206/1206
f 1206/1206/1206 1208/1208/1208 1209/1209/1209
f 1206/1206/1206 1209/1209/1209 1210/1210/1210
f 335/335/335 1206/1206/1206 1210/1210/1210
f 335/335/335 1210/1210/1210 336/336/336
f 1211/1211/1211 1212/1212/1212 1213/1213/1213
f 1211/1211/1211 1213/1213/1213 1214/1214/1214
f 1212/1212/1212 1215/1215/1215 1216/1216/1216
f 1212/1212/1212 1216/1216/1216 1213/1213/1213
f 1213/1213/1213 1216/1216/1216 351/351/351
f 1213/1213/1213 351/351/351 354/354/354
f 1214/1214/1214 1213/1213/1213 354/354/354
f 1214/1214/1214 354/354/354 356/356/356
f 1217/1217/1217 1218/1218/1218 1219/1219/1219
f 1217/1217/1217 1219/1219/1219 1220/1220/1220
f 1218/1218/1218 1221/1221/1221 1222/1222/1222
f 1218/1218/1218 1222/1222/1222 1219/1219/1219
f 1219/1219/1219 1222/1222/1222 14/14/14
f 1219/1219/1219 14/14/14 50/50/50
f 1220/1220/1220 1219/1219/1219 50/50/50
f 1220/1220/1220 50/50/50 49/49/49
f 16/16/16 15/15/15 1223/1223/1223
f 16/16/16 1223/1223/1223 1224/1224/1224
f 15/15/15 14/14/14 1222/1222/1222
f 15/15/15 1222/1222/1222 1223/1223/1223
f 1223/1223/1223 1222/1222/1222 1221/1221/1221
f 1223/1223/1223 1221/1221/1221 1225/1225/1225
f 1224/1224/1224 1223/1223/1223 1225/1225/1225
f 1224/1224/1224 1225/1225/1225 1226/1226/1226
f 1227/1227/1227 1228/1228/1228 1229/1229/1229
f 1227/1227/1227 1229/1229/1229 1230/1230/1230
f 1228/1228/1228 1231/1231/1231 1232/1232/1232
f 1228/1228/1228 1232/1232/1232 1229/1229/1229
f 1229/1229/1229 1232/1232/1232 23/23/23
f 1229/1229/1229 23/23/23 20/20/20
f 1230/1230/1230 1229/1229/1229 20/20/20
f 1230/1230/1230 20/20/20 19/19/19
f 46/46/46 45/45/45 1233/1233/1233
f 46/46/46 1233/1233/1233 1234/1234/1234
f 45/45/45 23/23/23 1232/1232/1232
f 45/45/45 1232/1232/1232 1233/1233/1233
f 1233/1233/1233 1232/1232/1232 1231/1231/1231
f 1233/1233/1233 1231/1231/1231 1235/1235/1235
f 1234/1234/1234 1233/1233/1233 1235/1235/1235
f 1234/1234/1234 1235/1235/1235 1236/1236/1236
f 1237/1237/1237 1238/1238/1238 1239/1239/1239
f 1237/1237/1237 1239/1239/1239 1240/1240/1240
f 1238/1238/1238 1241/1241/1241 1242/1242/1242
f 1238/1238/1238 1242/1242/1242 1239/1239/1239
f 1239/1239/1239 1242/1242/1242 417/417/417
f 1239/1239/1239 417/417/417 414/414/414
f 1240/1240/1240 1239/1239/1239 414/414/414
f 1240/1240/1240 414/414/414 413/413/413
f 383/383/383 382/382/382 1243/1243/1243
f 383/383/383 1243/1243/1243 1244/1244/1244
f 382/382/382 381/381/381 1245/1245/1245
f 382/382/382 1245/1245/1245 1243/1243/1243
f 1243/1243/1243 1245/1245/1245 1246/1246/1246
f 1243/1243/1243 1246/1246/1246 1247/1247/1247
f 1244/1244/1244 1243/1243/1243 1247/1247/1247
f 1244/1244/1244 1247/1247/1247 1248/1248/1248
f 1249/1249/1249 1250/1250/1250 1251/1251/1251
f 1249/1249/1249 1251/1251/1251 1252/1252/1252
f 1250/1250/1250 1253/1253/1253 1254/1254/1254
f 1250/1250/1250 1254/1254/1254 1251/1251/1251
f 1251/1251/1251 1254/1254/1254 1221/1221/1221
f 1251/1251/1251 1221/1221/1221 1218/1218/1218
f 1252/1252/1252 1251/1251/1251 1218/1218/1218
f 1252/1252/1252 1218/1218/1218 1217/1217/1217
f 1226/1226/1226 1225/1225/1225 1255/1255/1255
f 1226/1226/1226 1255/1255/1255 1256/1256/1256
f 1225/1225/1225 1221/1221/1221 1254/1254/1254
f 1225/1225/1225 1254/1254/1254 1255/1255/1255
f 1255/1255/1255 1254/1254/1254 1253/1253/1253
f 1255/1255/1255 1253/1253/1253 1257/1257/1257
f 1256/1256/1256 1255/1255/1255 1257/1257/1257
f 1256/1256/1256 1257/1257/1257 1258/1258/1258
f 1259/1259/1259 1260/1260/1260 1261/1261/1261
f 1259/1259/1259 1261/1261/1261 1262/1262/1262
f 1260/1260/1260 1263/1263/1263 1264/1264/1264
f 1260/1260/1260 1264/1264/1264 1261/1261/1261
f 1261/1261/1261 1264/1264/1264 1231/1231/1231
f 1261/1261/1261 1231/1231/1231 1228/1228/1228
f 1262/1262/1262 1261/1261/1261 1228/1228/1228
f 1262/1262/1262 1228/1228/1228 1227/1227/1227
f 1236/1236/1236 1235/1235/1235 1265/1265/1265
f 1236/1236/1236 1265/1265/1265 1266/1266/1266
f 1235/1235/1235 1231/1231/1231 1264/1264/1264
f 1235/1235/1235 1264/1264/1264 1265/1265/1265
f 1265/1265/1265 1264/1264/1264 1263/1263/1263
f 1265/1265/1265 1263/1263/1263 1267/1267/1267
f 1266/1266/1266 1265/1265/1265 1267/1267/1267
f 1266/1266/1266 1267/1267/1267 1268/1268/1268
f 1269/1269/1269 1270/1270/1270 1271/1271/1271
f 1269/1269/1269 1271/1271/1271 1272/1272/1272
f 1270/1270/1270 1273/1273/1273 1274/1274/1274
f 1270/1270/1270 1274/1274/1274 1271/1271/1271
f 1271/1271/1271 1274/1274/1274 1241/1241/1241
f 1271/1271/1271 1241/1241/1241 1238/1238/1238
f 1272/1272/1272 1271/1271/1271 1238/1238/1238
f 1272/1272/1272 1238/1238/1238 1237/1237/1237
f 1275/1275/1275 1276/1276/1276 1277/1277/1277
f 1275/1275/1275 1277/1277/1277 1278/1278/1278
f 1279/1279/1279 1280/1280/1280 1277/1277/1277
f 1279/1279/1279 1277/1277/1277 1276/1276/1276
f 1281/1281/1281 1282/1282/1282 1277/1277/1277
f 1281/1281/1281 1277/1277/1277 1280/1280/1280
f 1283/1283/1283 1284/1284/1284 1277/1277/1277
f 1283/1283/1283 1277/1277/1277 1282/1282/1282
f 1285/1285/1285 1278/1278/1278 1277/1277/1277
f 1285/1285/1285 1277/1277/1277 1284/1284/1284
f 739/739/739 742/742/742 1286/1286/1286
f 739/739/739 1286/1286/1286 1287/1287/1287
f 742/742/742 233/233/233 1288/1288/1288
f 742/742/742 1288/1288/1288 1286/1286/1286
f 1286/1286/1286 1288/1288/1288 1253/1253/1253
f 1286/1286/1286 1253/1253/1253 1250/1250/1250
f 1287/1287/1287 1286/1286/1286 1250/1250/1250
f 1287/1287/1287 1250/1250/1250 1249/1249/1249
f 1258/1258/1258 1257/1257/1257 1289/1289/1289
f 1258/1258/1258 1289/1289/1289 1290/1290/1290
f 1257/1257/1257 1253/1253/1253 1288/1288/1288
f 1257/1257/1257 1288/1288/1288 1289/1289/1289
f 1289/1289/1289 1288/1288/1288 233/233/233
f 1289/1289/1289 233/233/233 230/230/230
f 1290/1290/1290 1289/1289/1289 230/230/230
f 1290/1290/1290 230/230/230 229/229/229
f 227/227/227 224/224/224 1291/1291/1291
f 227/227/227 1291/1291/1291 1292/1292/1292
f 224/224/224 223/223/223 1293/1293/1293
f 224/224/224 1293/1293/1293 1291/1291/1291
f 1291/1291/1291 1293/1293/1293 1263/1263/1263
f 1291/1291/1291 1263/1263/1263 1260/1260/1260
f 1292/1292/1292 1291/1291/1291 1260/1260/1260
f 1292/1292/1292 1260/1260/1260 1259/1259/1259
f 1268/1268/1268 1267/1267/1267 1294/1294/1294
f 1268/1268/1268 1294/1294/1294 1295/1295/1295
f 1267/1267/1267 1263/1263/1263 1293/1293/1293
f 1267/1267/1267 1293/1293/1293 1294/1294/1294
f 1294/1294/1294 1293/1293/1293 223/223/223
f 1294/1294/1294 223/223/223 680/680/680
f 1295/1295/1295 1294/1294/1294 680/680/680
f 1295/1295/1295 680/680/680 682/682/682
f 753/753/753 750/750/750 1296/1296/1296
f 753/753/753 1296/1296/1296 1297/1297/1297
f 750/750/750 749/749/749 1298/1298/1298
f 750/750/750 1298/1298/1298 1296/1296/1296
f 1296/1296/1296 1298/1298/1298 1273/1273/1273
f 1296/1296/1296 1273/1273/1273 1270/1270/1270
f 1297/1297/1297 1296/1296/1296 1270/1270/1270
f 1297/1297/1297 1270/1270/1270 1269/1269/1269
f 1299/1299/1299 1300/1300/1300 1301/1301/1301
f 1299/1299/1299 1301/1301/1301 1302/1302/1302
f 1300/1300/1300 1285/1285/1285 1284/1284/1284
f 1300/1300/1300 1284/1284/1284 1301/1301/1301
f 1301/1301/1301 1284/1284/1284 1283/1283/1283
f 1301/1301/1301 1283/1283/1283 1303/1303/1303
f 1302/1302/1302 1301/1301/1301 1303/1303/1303
f 1302/1302/1302 1303/1303/1303 1304/1304/1304
f 1217/1217/1217 1305/1305/1305 1306/1306/1306
f 1217/1217/1217 1306/1306/1306 1252/1252/1252
f 1305/1305/1305 1248/1248/1248 1307/1307/1307
f 1305/1305/1305 1307/1307/1307 1306/1306/1306
f 1306/1306/1306 1307/1307/1307 1308/1308/1308
f 1306/1306/1306 1308/1308/1308 1309/1309/1309
f 1252/1252/1252 1306/1306/1306 1309/1309/1309
f 1252/1252/1252 1309/1309/1309 1249/1249/1249
f 49/49/49 1310/1310/1310 1311/1311/1311
f 49/49/49 1311/1311/1311 1220/1220/1220
f 1310/1310/1310 383/383/383 1244/1244/1244
f 1310/1310/1310 1244/1244/1244 1311/1311/1311
f 1311/1311/1311 1244/1244/1244 1248/1248/1248
f 1311/1311/1311 1248/1248/1248 1305/1305/1305
f 1220/1220/1220 1311/1311/1311 1305/1305/1305
f 1220/1220/1220 1305/1305/1305 1217/1217/1217
f 385/385/385 384/384/384 1312/1312/1312
f 385/385/385 1312/1312/1312 1313/1313/1313
f 384/384/384 383/383/383 1310/1310/1310
f 384/384/384 1310/1310/1310 1312/1312/1312
f 1312/1312/1312 1310/1310/1310 49/49/49
f 1312/1312/1312 49/49/49 52/52/52
f 1313/1313/1313 1312/1312/1312 52/52/52
f 1313/1313/1313 52/52/52 54/54/54
f 391/391/391 390/390/390 1314/1314/1314
f 391/391/391 1314/1314/1314 1315/1315/1315
f 390/390/390 385/385/385 1313/1313/1313
f 390/390/390 1313/1313/1313 1314/1314/1314
f 1314/1314/1314 1313/1313/1313 54/54/54
f 1314/1314/1314 54/54/54 53/53/53
f 1315/1315/1315 1314/1314/1314 53/53/53
f 1315/1315/1315 53/53/53 10/10/10
f 397/397/397 396/396/396 1316/1316/1316
f 397/397/397 1316/1316/1316 1317/1317/1317
f 396/396/396 391/391/391 1315/1315/1315
f 396/396/396 1315/1315/1315 1316/1316/1316
f 1316/1316/1316 1315/1315/1315 10/10/10
f 1316/1316/1316 10/10/10 13/13/13
f 1317/1317/1317 1316/1316/1316 13/13/13
f 1317/1317/1317 13/13/13 18/18/18
f 406/406/406 405/405/405 1318/1318/1318
f 406/406/406 1318/1318/1318 1319/1319/1319
f 405/405/405 404/404/404 1320/1320/1320
f 405/405/405 1320/1320/1320 1318/1318/1318
f 1318/1318/1318 1320/1320/1320 27/27/27
f 1318/1318/1318 27/27/27 26/26/26
f 1319/1319/1319 1318/1318/1318 26/26/26
f 1319/1319/1319 26/26/26 25/25/25
f 412/412/412 411/411/411 1321/1321/1321
f 412/412/412 1321/1321/1321 1322/1322/1322
f 411/411/411 406/406/406 1319/1319/1319
f 411/411/411 1319/1319/1319 1321/1321/1321
f 1321/1321/1321 1319/1319/1319 25/25/25
f 1321/1321/1321 25/25/25 44/44/44
f 1322/1322/1322 1321/1321/1321 44/44/44
f 1322/1322/1322 44/44/44 48/48/48
f 46/46/46 1323/1323/1323 1324/1324/1324
f 46/46/46 1324/1324/1324 47/47/47
f 1323/1323/1323 413/413/413 416/416/416
f 1323/1323/1323 416/416/416 1324/1324/1324
f 1324/1324/1324 416/416/416 412/412/412
f 1324/1324/1324 412/412/412 1322/1322/1322
f 47/47/47 1324/1324/1324 1322/1322/1322
f 47/47/47 1322/1322/1322 48/48/48
f 1236/1236/1236 1325/1325/1325 1326/1326/1326
f 1236/1236/1236 1326/1326/1326 1234/1234/1234
f 1325/1325/1325 1237/1237/1237 1240/1240/1240
f 1325/1325/1325 1240/1240/1240 1326/1326/1326
f 1326/1326/1326 1240/1240/1240 413/413/413
f 1326/1326/1326 413/413/413 1323/1323/1323
f 1234/1234/1234 1326/1326/1326 1323/1323/1323
f 1234/1234/1234 1323/1323/1323 46/46/46
f 1268/1268/1268 1327/1327/1327 1328/1328/1328
f 1268/1268/1268 1328/1328/1328 1266/1266/1266
f 1327/1327/1327 1269/1269/1269 1272/1272/1272
f 1327/1327/1327 1272/1272/1272 1328/1328/1328
f 1328/1328/1328 1272/1272/1272 1237/1237/1237
f 1328/1328/1328 1237/1237/1237 1325/1325/1325
f 1266/1266/1266 1328/1328/1328 1325/1325/1325
f 1266/1266/1266 1325/1325/1325 1236/1236/1236
f 682/682/682 1329/1329/1329 1330/1330/1330
f 682/682/682 1330/1330/1330 1295/1295/1295
f 1329/1329/1329 753/753/753 1297/1297/1297
f 1329/1329/1329 1297/1297/1297 1330/1330/1330
f 1330/1330/1330 1297/1297/1297 1269/1269/1269
f 1330/1330/1330 1269/1269/1269 1327/1327/1327
f 1295/1295/1295 1330/1330/1330 1327/1327/1327
f 1295/1295/1295 1327/1327/1327 1268/1268/1268
f 316/316/316 754/754/754 1331/1331/1331
f 316/316/316 1331/1331/1331 1332/1332/1332
f 754/754/754 753/753/753 1329/1329/1329
f 754/754/754 1329/1329/1329 1331/1331/1331
f 1331/1331/1331 1329/1329/1329 682/682/682
f 1331/1331/1331 682/682/682 681/681/681
f 1332/1332/1332 1331/1331/1331 681/681/681
f 1332/1332/1332 681/681/681 237/237/237
f 318/318/318 317/317/317 1333/1333/1333
f 318/318/318 1333/1333/1333 1334/1334/1334
f 317/317/317 316/316/316 1332/1332/1332
f 317/317/317 1332/1332/1332 1333/1333/1333
f 1333/1333/1333 1332/1332/1332 237/237/237
f 1333/1333/1333 237/237/237 240/240/240
f 1334/1334/1334 1333/1333/1333 240/240/240
f 1334/1334/1334 240/240/240 245/245/245
f 329/329/329 1013/1013/1013 1335/1335/1335
f 329/329/329 1335/1335/1335 1336/1336/1336
f 1013/1013/1013 318/318/318 1334/1334/1334
f 1013/1013/1013 1334/1334/1334 1335/1335/1335
f 1335/1335/1335 1334/1334/1334 245/245/245
f 1335/1335/1335 245/245/245 1009/1009/1009
f 1336/1336/1336 1335/1335/1335 1009/1009/1009
f 1336/1336/1336 1009/1009/1009 34/34/34
f 42/42/42 1337/1337/1337 1338/1338/1338
f 42/42/42 1338/1338/1338 37/37/37
f 1337/1337/1337 321/321/321 324/324/324
f 1337/1337/1337 324/324/324 1338/1338/1338
f 1338/1338/1338 324/324/324 329/329/329
f 1338/1338/1338 329/329/329 1336/1336/1336
f 37/37/37 1338/1338/1338 1336/1336/1336
f 37/37/37 1336/1336/1336 34/34/34
f 336/336/336 1210/1210/1210 1339/1339/1339
f 336/336/336 1339/1339/1339 1340/1340/1340
f 1210/1210/1210 1209/1209/1209 1341/1341/1341
f 1210/1210/1210 1341/1341/1341 1339/1339/1339
f 1339/1339/1339 1341/1341/1341 1199/1199/1199
f 1339/1339/1339 1199/1199/1199 1202/1202/1202
f 1340/1340/1340 1339/1339/1339 1202/1202/1202
f 1340/1340/1340 1202/1202/1202 1204/1204/1204
f 338/338/338 337/337/337 1342/1342/1342
f 338/338/338 1342/1342/1342 1343/1343/1343
f 337/337/337 336/336/336 1340/1340/1340
f 337/337/337 1340/1340/1340 1342/1342/1342
f 1342/1342/1342 1340/1340/1340 1204/1204/1204
f 1342/1342/1342 1204/1204/1204 1203/1203/1203
f 1343/1343/1343 1342/1342/1342 1203/1203/1203
f 1343/1343/1343 1203/1203/1203 218/218/218
f 344/344/344 343/343/343 1344/1344/1344
f 344/344/344 1344/1344/1344 1345/1345/1345
f 343/343/343 338/338/338 1343/1343/1343
f 343/343/343 1343/1343/1343 1344/1344/1344
f 1344/1344/1344 1343/1343/1343 218/218/218
f 1344/1344/1344 218/218/218 216/216/216
f 1345/1345/1345 1344/1344/1344 216/216/216
f 1345/1345/1345 216/216/216 214/214/214
f 350/350/350 349/349/349 1346/1346/1346
f 350/350/350 1346/1346/1346 1347/1347/1347
f 349/349/349 344/344/344 1345/1345/1345
f 349/349/349 1345/1345/1345 1346/1346/1346
f 1346/1346/1346 1345/1345/1345 214/214/214
f 1346/1346/1346 214/214/214 211/211/211
f 1347/1347/1347 1346/1346/1346 211/211/211
f 1347/1347/1347 211/211/211 210/210/210
f 356/356/356 355/355/355 1348/1348/1348
f 356/356/356 1348/1348/1348 1349/1349/1349
f 355/355/355 350/350/350 1347/1347/1347
f 355/355/355 1347/1347/1347 1348/1348/1348
f 1348/1348/1348 1347/1347/1347 210/210/210
f 1348/1348/1348 210/210/210 1103/1103/1103
f 1349/1349/1349 1348/1348/1348 1103/1103/1103
f 1349/1349/1349 1103/1103/1103 1102/1102/1102
f 1100/1100/1100 1350/1350/1350 1351/1351/1351
f 1100/1100/1100 1351/1351/1351 1101/1101/1101
f 1350/1350/1350 1211/1211/1211 1214/1214/1214
f 1350/1350/1350 1214/1214/1214 1351/1351/1351
f 1351/1351/1351 1214/1214/1214 356/356/356
f 1351/1351/1351 356/356/356 1349/1349/1349
f 1101/1101/1101 1351/1351/1351 1349/1349/1349
f 1101/1101/1101 1349/1349/1349 1102/1102/1102
f 365/365/365 364/364/364 1352/1352/1352
f 365/365/365 1352/1352/1352 1353/1353/1353
f 364/364/364 363/363/363 1354/1354/1354
f 364/364/364 1354/1354/1354 1352/1352/1352
f 1352/1352/1352 1354/1354/1354 61/61/61
f 1352/1352/1352 61/61/61 60/60/60
f 1353/1353/1353 1352/1352/1352 60/60/60
f 1353/1353/1353 60/60/60 59/59/59
f 310/310/310 1355/1355/1355 1356/1356/1356
f 310/310/310 1356/1356/1356 1019/1019/1019
f 1355/1355/1355 374/374/374 1015/1015/1015
f 1355/1355/1355 1015/1015/1015 1356/1356/1356
f 1356/1356/1356 1015/1015/1015 365/365/365
f 1356/1356/1356 365/365/365 1353/1353/1353
f 1019/1019/1019 1356/1356/1356 1353/1353/1353
f 1019/1019/1019 1353/1353/1353 59/59/59
f 308/308/308 1357/1357/1357 1358/1358/1358
f 308/308/308 1358/1358/1358 309/309/309
f 1357/1357/1357 366/366/366 369/369/369
f 1357/1357/1357 369/369/369 1358/1358/1358
f 1358/1358/1358 369/369/369 374/374/374
f 1358/1358/1358 374/374/374 1355/1355/1355
f 309/309/309 1358/1358/1358 1355/1355/1355
f 309/309/309 1355/1355/1355 310/310/310
f 748/748/748 747/747/747 1359/1359/1359
f 748/748/748 1359/1359/1359 1360/1360/1360
f 747/747/747 366/366/366 1357/1357/1357
f 747/747/747 1357/1357/1357 1359/1359/1359
f 1359/1359/1359 1357/1357/1357 308/308/308
f 1359/1359/1359 308/308/308 740/740/740
f 1360/1360/1360 1359/1359/1359 740/740/740
f 1360/1360/1360 740/740/740 739/739/739
f 1249/1249/1249 1309/1309/1309 1361/1361/1361
f 1249/1249/1249 1361/1361/1361 1287/1287/1287
f 1309/1309/1309 1308/1308/1308 1362/1362/1362
f 1309/1309/1309 1362/1362/1362 1361/1361/1361
f 1361/1361/1361 1362/1362/1362 748/748/748
f 1361/1361/1361 748/748/748 1360/1360/1360
f 1287/1287/1287 1361/1361/1361 1360/1360/1360
f 1287/1287/1287 1360/1360/1360 739/739/739
f 1363/1363/1363 1364/1364/1364 1365/1365/1365
f 1363/1363/1363 1365/1365/1365 1366/1366/1366
f 1364/1364/1364 1367/1367/1367 1368/1368/1368
f 1364/1364/1364 1368/1368/1368 1365/1365/1365
f 1365/1365/1365 1368/1368/1368 1279/1279/1279
f 1365/1365/1365 1279/1279/1279 1276/1276/1276
f 1366/1366/1366 1365/1365/1365 1276/1276/1276
f 1366/1366/1366 1276/1276/1276 1275/1275/1275
f 1369/1369/1369 1370/1370/1370 1371/1371/1371
f 1369/1369/1369 1371/1371/1371 1372/1372/1372
f 1370/1370/1370 1363/1363/1363 1366/1366/1366
f 1370/1370/1370 1366/1366/1366 1371/1371/1371
f 1371/1371/1371 1366/1366/1366 1275/1275/1275
f 1371/1371/1371 1275/1275/1275 1278/1278/1278
f 1372/1372/1372 1371/1371/1371 1278/1278/1278
f 1372/1372/1372 1278/1278/1278 1285/1285/1285
f 1373/1373/1373 1374/1374/1374 1375/1375/1375
f 1373/1373/1373 1375/1375/1375 1376/1376/1376
f 1374/1374/1374 1369/1369/1369 1372/1372/1372
f 1374/1374/1374 1372/1372/1372 1375/1375/1375
f 1375/1375/1375 1372/1372/1372 1285/1285/1285
f 1375/1375/1375 1285/1285/1285 1300/1300/1300
f 1376/1376/1376 1375/1375/1375 1300/1300/1300
f 1376/1376/1376 1300/1300/1300 1299/1299/1299
f 1377/1377/1377 1378/1378/1378 1379/1379/1379
f 1377/1377/1377 1379/1379/1379 1380/1380/1380
f 1378/1378/1378 1373/1373/1373 1376/1376/1376
f 1378/1378/1378 1376/1376/1376 1379/1379/1379
f 1379/1379/1379 1376/1376/1376 1299/1299/1299
f 1379/1379/1379 1299/1299/1299 1302/1302/1302
f 1380/1380/1380 1379/1379/1379 1302/1302/1302
f 1380/1380/1380 1302/1302/1302 1304/1304/1304
f 1381/1381/1381 1382/1382/1382 1383/1383/1383
f 1381/1381/1381 1383/1383/1383 1384/1384/1384
f 1382/1382/1382 1385/1385/1385 1386/1386/1386
f 1382/1382/1382 1386/1386/1386 1383/1383/1383
f 1383/1383/1383 1386/1386/1386 1373/1373/1373
f 1383/1383/1383 1373/1373/1373 1378/1378/1378
f 1384/1384/1384 1383/1383/1383 1378/1378/1378
f 1384/1384/1384 1378/1378/1378 1377/1377/1377
f 1385/1385/1385 1387/1387/1387 1388/1388/1388
f 1385/1385/1385 1388/1388/1388 1386/1386/1386
f 1387/1387/1387 1389/1389/1389 1390/1390/1390
f 1387/1387/1387 1390/1390/1390 1388/1388/1388
f 1388/1388/1388 1390/1390/1390 1369/1369/1369
f 1388/1388/1388 1369/1369/1369 1374/1374/1374
f 1386/1386/1386 1388/1388/1388 1374/1374/1374
f 1386/1386/1386 1374/1374/1374 1373/1373/1373
f 1389/1389/1389 1391/1391/1391 1392/1392/1392
f 1389/1389/1389 1392/1392/1392 1390/1390/1390
f 1391/1391/1391 1393/1393/1393 1394/1394/1394
f 1391/1391/1391 1394/1394/1394 1392/1392/1392
f 1392/1392/1392 1394/1394/1394 1363/1363/1363
f 1392/1392/1392 1363/1363/1363 1370/1370/1370
f 1390/1390/1390 1392/1392/1392 1370/1370/1370
f 1390/1390/1390 1370/1370/1370 1369/1369/1369
f 1393/1393/1393 1395/1395/1395 1396/1396/1396
f 1393/1393/1393 1396/1396/1396 1394/1394/1394
f 1395/1395/1395 1397/1397/1397 1398/1398/1398
f 1395/1395/1395 1398/1398/1398 1396/1396/1396
f 1396/1396/1396 1398/1398/1398 1367/1367/1367
f 1396/1396/1396 1367/1367/1367 1364/1364/1364
f 1394/1394/1394 1396/1396/1396 1364/1364/1364
f 1394/1394/1394 1364/1364/1364 1363/1363/1363
f 743/743/743 746/746/746 1399/1399/1399
f 743/743/743 1399/1399/1399 1400/1400/1400
f 746/746/746 748/748/748 1401/1401/1401
f 746/746/746 1401/1401/1401 1399/1399/1399
f 1399/1399/1399 1401/1401/1401 1402/1402/1402
f 1399/1399/1399 1402/1402/1402 1403/1403/1403
f 1400/1400/1400 1399/1399/1399 1403/1403/1403
f 1400/1400/1400 1403/1403/1403 1404/1404/1404
f 748/748/748 1362/1362/1362 1405/1405/1405
f 748/748/748 1405/1405/1405 1401/1401/1401
f 1362/1362/1362 1308/1308/1308 1406/1406/1406
f 1362/1362/1362 1406/1406/1406 1405/1405/1405
f 1405/1405/1405 1406/1406/1406 1407/1407/1407
f 1405/1405/1405 1407/1407/1407 1408/1408/1408
f 1401/1401/1401 1405/1405/1405 1408/1408/1408
f 1401/1401/1401 1408/1408/1408 1402/1402/1402
f 1308/1308/1308 1307/1307/1307 1409/1409/1409
f 1308/1308/1308 1409/1409/1409 1406/1406/1406
f 1307/1307/1307 1248/1248/1248 1410/1410/1410
f 1307/1307/1307 1410/1410/1410 1409/1409/1409
f 1409/1409/1409 1410/1410/1410 1411/1411/1411
f 1409/1409/1409 1411/1411/1411 1412/1412/1412
f 1406/1406/1406 1409/1409/1409 1412/1412/1412
f 1406/1406/1406 1412/1412/1412 1407/1407/1407
f 1248/1248/1248 1247/1247/1247 1413/1413/1413
f 1248/1248/1248 1413/1413/1413 1410/1410/1410
f 1247/1247/1247 1246/1246/1246 1414/1414/1414
f 1247/1247/1247 1414/1414/1414 1413/1413/1413
f 1413/1413/1413 1414/1414/1414 1415/1415/1415
f 1413/1413/1413 1415/1415/1415 1416/1416/1416
f 1410/1410/1410 1413/1413/1413 1416/1416/1416
f 1410/1410/1410 1416/1416/1416 1411/1411/1411
f 1417/1417/1417 1418/1418/1418 1419/1419/1419
f 1417/1417/1417 1419/1419/1419 1420/1420/1420
f 1418/1418/1418 1421/1421/1421 1422/1422/1422
f 1418/1418/1418 1422/1422/1422 1419/1419/1419
f 1419/1419/1419 1422/1422/1422 1423/1423/1423
f 1419/1419/1419 1423/1423/1423 1424/1424/1424
f 1420/1420/1420 1419/1419/1419 1424/1424/1424
f 1420/1420/1420 1424/1424/1424 1425/1425/1425
f 1426/1426/1426 1427/1427/1427 1428/1428/1428
f 1426/1426/1426 1428/1428/1428 1429/1429/1429
f 1427/1427/1427 1430/1430/1430 1431/1431/1431
f 1427/1427/1427 1431/1431/1431 1428/1428/1428
f 1428/1428/1428 1431/1431/1431 1432/1432/1432
f 1428/1428/1428 1432/1432/1432 1433/1433/1433
f 1429/1429/1429 1428/1428/1428 1433/1433/1433
f 1429/1429/1429 1433/1433/1433 1434/1434/1434
f 1435/1435/1435 1436/1436/1436 1437/1437/1437
f 1435/1435/1435 1437/1437/1437 1438/1438/1438
f 1436/1436/1436 1439/1439/1439 1440/1440/1440
f 1436/1436/1436 1440/1440/1440 1437/1437/1437
f 1437/1437/1437 1440/1440/1440 1441/1441/1441
f 1437/1437/1437 1441/1441/1441 1442/1442/1442
f 1438/1438/1438 1437/1437/1437 1442/1442/1442
f 1438/1438/1438 1442/1442/1442 1443/1443/1443
f 1444/1444/1444 1445/1445/1445 1446/1446/1446
f 1444/1444/1444 1446/1446/1446 1447/1447/1447
f 1445/1445/1445 1448/1448/1448 1449/1449/1449
f 1445/1445/1445 1449/1449/1449 1446/1446/1446
f 1446/1446/1446 1449/1449/1449 1421/1421/1421
f 1446/1446/1446 1421/1421/1421 1418/1418/1418
f 1447/1447/1447 1446/1446/1446 1418/1418/1418
f 1447/1447/1447 1418/1418/1418 1417/1417/1417
f 1450/1450/1450 1451/1451/1451 1452/1452/1452
f 1450/1450/1450 1452/1452/1452 1453/1453/1453
f 1451/1451/1451 1454/1454/1454 1455/1455/1455
f 1451/1451/1451 1455/1455/1455 1452/1452/1452
f 1452/1452/1452 1455/1455/1455 1456/1456/1456
f 1452/1452/1452 1456/1456/1456 1457/1457/1457
f 1453/1453/1453 1452/1452/1452 1457/1457/1457
f 1453/1453/1453 1457/1457/1457 1458/1458/1458
f 1441/1441/1441 1459/1459/1459 1460/1460/1460
f 1441/1441/1441 1460/1460/1460 1442/1442/1442
f 1459/1459/1459 1461/1461/1461 1462/1462/1462
f 1459/1459/1459 1462/1462/1462 1460/1460/1460
f 1460/1460/1460 1462/1462/1462 1463/1463/1463
f 1460/1460/1460 1463/1463/1463 1464/1464/1464
f 1442/1442/1442 1460/1460/1460 1464/1464/1464
f 1442/1442/1442 1464/1464/1464 1443/1443/1443
f 1465/1465/1465 1466/1466/1466 1467/1467/1467
f 1465/1465/1465 1467/1467/1467 1468/1468/1468
f 1466/1466/1466 1469/1469/1469 1470/1470/1470
f 1466/1466/1466 1470/1470/1470 1467/1467/1467
f 1467/1467/1467 1470/1470/1470 1426/1426/1426
f 1467/1467/1467 1426/1426/1426 1429/1429/1429
f 1468/1468/1468 1467/1467/1467 1429/1429/1429
f 1468/1468/1468 1429/1429/1429 1434/1434/1434
f 1471/1471/1471 1472/1472/1472 1473/1473/1473
f 1471/1471/1471 1473/1473/1473 1474/1474/1474
f 1472/1472/1472 1475/1475/1475 1476/1476/1476
f 1472/1472/1472 1476/1476/1476 1473/1473/1473
f 1473/1473/1473 1476/1476/1476 1477/1477/1477
f 1473/1473/1473 1477/1477/1477 1478/1478/1478
f 1474/1474/1474 1473/1473/1473 1478/1478/1478
f 1474/1474/1474 1478/1478/1478 1479/1479/1479
f 1480/1480/1480 1481/1481/1481 1482/1482/1482
f 1480/1480/1480 1482/1482/1482 1483/1483/1483
f 1481/1481/1481 1484/1484/1484 1485/1485/1485
f 1481/1481/1481 1485/1485/1485 1482/1482/1482
f 1482/1482/1482 1485/1485/1485 1486/1486/1486
f 1482/1482/1482 1486/1486/1486 1487/1487/1487
f 1483/1483/1483 1482/1482/1482 1487/1487/1487
f 1483/1483/1483 1487/1487/1487 1488/1488/1488
f 1489/1489/1489 1490/1490/1490 1491/1491/1491
f 1489/1489/1489 1491/1491/1491 1492/1492/1492
f 1490/1490/1490 1493/1493/1493 1494/1494/1494
f 1490/1490/1490 1494/1494/1494 1491/1491/1491
f 1491/1491/1491 1494/1494/1494 1495/1495/1495
f 1491/1491/1491 1495/1495/1495 1496/1496/1496
f 1492/1492/1492 1491/1491/1491 1496/1496/1496
f 1492/1492/1492 1496/1496/1496 1497/1497/1497
f 1498/1498/1498 1499/1499/1499 1500/1500/1500
f 1498/1498/1498 1500/1500/1500 1501/1501/1501
f 1499/1499/1499 1502/1502/1502 1503/1503/1503
f 1499/1499/1499 1503/1503/1503 1500/1500/1500
f 1500/1500/1500 1503/1503/1503 1504/1504/1504
f 1500/1500/1500 1504/1504/1504 1505/1505/1505
f 1501/1501/1501 1500/1500/1500 1505/1505/1505
f 1501/1501/1501 1505/1505/1505 1506/1506/1506
f 1497/1497/1497 1496/1496/1496 1507/1507/1507
f 1497/1497/1497 1507/1507/1507 1508/1508/1508
f 1496/1496/1496 1495/1495/1495 1509/1509/1509
f 1496/1496/1496 1509/1509/1509 1507/1507/1507
f 1507/1507/1507 1509/1509/1509 1510/1510/1510
f 1507/1507/1507 1510/1510/1510 1511/1511/1511
f 1508/1508/1508 1507/1507/1507 1511/1511/1511
f 1508/1508/1508 1511/1511/1511 1512/1512/1512
f 1513/1513/1513 1514/1514/1514 1515/1515/1515
f 1513/1513/1513 1515/1515/1515 1516/1516/1516
f 1514/1514/1514 1517/1517/1517 1518/1518/1518
f 1514/1514/1514 1518/1518/1518 1515/1515/1515
f 1515/1515/1515 1518/1518/1518 1519/1519/1519
f 1515/1515/1515 1519/1519/1519 1520/1520/1520
f 1516/1516/1516 1515/1515/1515 1520/1520/1520
f 1516/1516/1516 1520/1520/1520 1521/1521/1521
f 1522/1522/1522 1523/1523/1523 1524/1524/1524
f 1522/1522/1522 1524/1524/1524 1525/1525/1525
f 1523/1523/1523 1526/1526/1526 1527/1527/1527
f 1523/1523/1523 1527/1527/1527 1524/1524/1524
f 1524/1524/1524 1527/1527/1527 1528/1528/1528
f 1524/1524/1524 1528/1528/1528 1529/1529/1529
f 1525/1525/1525 1524/1524/1524 1529/1529/1529
f 1525/1525/1525 1529/1529/1529 1530/1530/1530
f 1531/1531/1531 1532/1532/1532 1533/1533/1533
f 1531/1531/1531 1533/1533/1533 1534/1534/1534
f 1532/1532/1532 1535/1535/1535 1536/1536/1536
f 1532/1532/1532 1536/1536/1536 1533/1533/1533
f 1533/1533/1533 1536/1536/1536 1537/1537/1537
f 1533/1533/1533 1537/1537/1537 1538/1538/1538
f 1534/1534/1534 1533/1533/1533 1538/1538/1538
f 1534/1534/1534 1538/1538/1538 1539/1539/1539
f 1540/1540/1540 1541/1541/1541 1542/1542/1542
f 1540/1540/1540 1542/1542/1542 1543/1543/1543
f 1541/1541/1541 1544/1544/1544 1545/1545/1545
f 1541/1541/1541 1545/1545/1545 1542/1542/1542
f 1542/1542/1542 1545/1545/1545 1546/1546/1546
f 1542/1542/1542 1546/1546/1546 1547/1547/1547
f 1543/1543/1543 1542/1542/1542 1547/1547/1547
f 1543/1543/1543 1547/1547/1547 1548/1548/1548
f 1548/1548/1548 1547/1547/1547 1549/1549/1549
f 1548/1548/1548 1549/1549/1549 1550/1550/1550
f 1547/1547/1547 1546/1546/1546 1551/1551/1551
f 1547/1547/1547 1551/1551/1551 1549/1549/1549
f 1549/1549/1549 1551/1551/1551 1552/1552/1552
f 1549/1549/1549 1552/1552/1552 1553/1553/1553
f 1550/1550/1550 1549/1549/1549 1553/1553/1553
f 1550/1550/1550 1553/1553/1553 1554/1554/1554
f 1555/1555/1555 1556/1556/1556 1557/1557/1557
f 1555/1555/1555 1557/1557/1557 1558/1558/1558
f 1556/1556/1556 1559/1559/1559 1560/1560/1560
f 1556/1556/1556 1560/1560/1560 1557/1557/1557
f 1557/1557/1557 1560/1560/1560 1561/1561/1561
f 1557/1557/1557 1561/1561/1561 1562/1562/1562
f 1558/1558/1558 1557/1557/1557 1562/1562/1562
f 1558/1558/1558 1562/1562/1562 1563/1563/1563
f 1564/1564/1564 1565/1565/1565 1566/1566/1566
f 1564/1564/1564 1566/1566/1566 1567/1567/1567
f 1565/1565/1565 1568/1568/1568 1569/1569/1569
f 1565/1565/1565 1569/1569/1569 1566/1566/1566
f 1566/1566/1566 1569/1569/1569 1570/1570/1570
f 1566/1566/1566 1570/1570/1570 1571/1571/1571
f 1567/1567/1567 1566/1566/1566 1571/1571/1571
f 1567/1567/1567 1571/1571/1571 1572/1572/1572
f 1573/1573/1573 1574/1574/1574 1575/1575/1575
f 1573/1573/1573 1575/1575/1575 1576/1576/1576
f 1574/1574/1574 1577/1577/1577 1578/1578/1578
f 1574/1574/1574 1578/1578/1578 1575/1575/1575
f 1575/1575/1575 1578/1578/1578 1579/1579/1579
f 1575/1575/1575 1579/1579/1579 1580/1580/1580
f 1576/1576/1576 1575/1575/1575 1580/1580/1580
f 1576/1576/1576 1580/1580/1580 1581/1581/1581
f 1582/1582/1582 1583/1583/1583 1584/1584/1584
f 1582/1582/1582 1584/1584/1584 1585/1585/1585
f 1583/1583/1583 1586/1586/1586 1587/1587/1587
f 1583/1583/1583 1587/1587/1587 1584/1584/1584
f 1584/1584/1584 1587/1587/1587 1588/1588/1588
f 1584/1584/1584 1588/1588/1588 1589/1589/1589
f 1585/1585/1585 1584/1584/1584 1589/1589/1589
f 1585/1585/1585 1589/1589/1589 1590/1590/1590
f 1591/1591/1591 1592/1592/1592 1593/1593/1593
f 1591/1591/1591 1593/1593/1593 1594/1594/1594
f 1595/1595/1595 1596/1596/1596 1593/1593/1593
f 1595/1595/1595 1593/1593/1593 1592/1592/1592
f 1597/1597/1597 1598/1598/1598 1593/1593/1593
f 1597/1597/1597 1593/1593/1593 1596/1596/1596
f 1586/1586/1586 1583/1583/1583 1593/1593/1593
f 1586/1586/1586 1593/1593/1593 1598/1598/1598
f 1582/1582/1582 1594/1594/1594 1593/1593/1593
f 1582/1582/1582 1593/1593/1593 1583/1583/1583
f 1599/1599/1599 1600/1600/1600 1601/1601/1601
f 1599/1599/1599 1601/1601/1601 1602/1602/1602
f 1600/1600/1600 1603/1603/1603 1604/1604/1604
f 1600/1600/1600 1604/1604/1604 1601/1601/1601
f 1601/1601/1601 1604/1604/1604 1605/1605/1605
f 1601/1601/1601 1605/1605/1605 1606/1606/1606
f 1602/1602/1602 1601/1601/1601 1606/1606/1606
f 1602/1602/1602 1606/1606/1606 1607/1607/1607
f 1608/1608/1608 1609/1609/1609 1610/1610/1610
f 1608/1608/1608 1610/1610/1610 1611/1611/1611
f 1609/1609/1609 1612/1612/1612 1613/1613/1613
f 1609/1609/1609 1613/1613/1613 1610/1610/1610
f 1610/1610/1610 1613/1613/1613 1614/1614/1614
f 1610/1610/1610 1614/1614/1614 1615/1615/1615
f 1611/1611/1611 1610/1610/1610 1615/1615/1615
f 1611/1611/1611 1615/1615/1615 1616/1616/1616
f 1607/1607/1607 1606/1606/1606 1617/1617/1617
f 1607/1607/1607 1617/1617/1617 1618/1618/1618
f 1606/1606/1606 1605/1605/1605 1619/1619/1619
f 1606/1606/1606 1619/1619/1619 1617/1617/1617
f 1617/1617/1617 1619/1619/1619 1620/1620/1620
f 1617/1617/1617 1620/1620/1620 1621/1621/1621
f 1618/1618/1618 1617/1617/1617 1621/1621/1621
f 1618/1618/1618 1621/1621/1621 1622/1622/1622
f 1535/1535/1535 1532/1532/1532 1623/1623/1623
f 1535/1535/1535 1623/1623/1623 1624/1624/1624
f 1532/1532/1532 1531/1531/1531 1625/1625/1625
f 1532/1532/1532 1625/1625/1625 1623/1623/1623
f 1623/1623/1623 1625/1625/1625 1475/1475/1475
f 1623/1623/1623 1475/1475/1475 1472/1472/1472
f 1624/1624/1624 1623/1623/1623 1472/1472/1472
f 1624/1624/1624 1472/1472/1472 1471/1471/1471
f 1626/1626/1626 1627/1627/1627 1628/1628/1628
f 1626/1626/1626 1628/1628/1628 1629/1629/1629
f 1627/1627/1627 1540/1540/1540 1543/1543/1543
f 1627/1627/1627 1543/1543/1543 1628/1628/1628
f 1628/1628/1628 1543/1543/1543 1548/1548/1548
f 1628/1628/1628 1548/1548/1548 1630/1630/1630
f 1629/1629/1629 1628/1628/1628 1630/1630/1630
f 1629/1629/1629 1630/1630/1630 1631/1631/1631
f 1631/1631/1631 1630/1630/1630 1632/1632/1632
f 1631/1631/1631 1632/1632/1632 1633/1633/1633
f 1630/1630/1630 1548/1548/1548 1550/1550/1550
f 1630/1630/1630 1550/1550/1550 1632/1632/1632
f 1632/1632/1632 1550/1550/1550 1554/1554/1554
f 1632/1632/1632 1554/1554/1554 1634/1634/1634
f 1633/1633/1633 1632/1632/1632 1634/1634/1634
f 1633/1633/1633 1634/1634/1634 1635/1635/1635
f 1563/1563/1563 1562/1562/1562 1636/1636/1636
f 1563/1563/1563 1636/1636/1636 1637/1637/1637
f 1562/1562/1562 1561/1561/1561 1638/1638/1638
f 1562/1562/1562 1638/1638/1638 1636/1636/1636
f 1636/1636/1636 1638/1638/1638 1458/1458/1458
f 1636/1636/1636 1458/1458/1458 1457/1457/1457
f 1637/1637/1637 1636/1636/1636 1457/1457/1457
f 1637/1637/1637 1457/1457/1457 1456/1456/1456
f 1639/1639/1639 1640/1640/1640 1641/1641/1641
f 1639/1639/1639 1641/1641/1641 1642/1642/1642
f 1640/1640/1640 1564/1564/1564 1567/1567/1567
f 1640/1640/1640 1567/1567/1567 1641/1641/1641
f 1641/1641/1641 1567/1567/1567 1572/1572/1572
f 1641/1641/1641 1572/1572/1572 1643/1643/1643
f 1642/1642/1642 1641/1641/1641 1643/1643/1643
f 1642/1642/1642 1643/1643/1643 1644/1644/1644
f 1645/1645/1645 1646/1646/1646 1647/1647/1647
f 1645/1645/1645 1647/1647/1647 1648/1648/1648
f 1646/1646/1646 1573/1573/1573 1576/1576/1576
f 1646/1646/1646 1576/1576/1576 1647/1647/1647
f 1647/1647/1647 1576/1576/1576 1581/1581/1581
f 1647/1647/1647 1581/1581/1581 1649/1649/1649
f 1648/1648/1648 1647/1647/1647 1649/1649/1649
f 1648/1648/1648 1649/1649/1649 1650/1650/1650
f 1651/1651/1651 1652/1652/1652 1653/1653/1653
f 1651/1651/1651 1653/1653/1653 1654/1654/1654
f 1652/1652/1652 1655/1655/1655 1656/1656/1656
f 1652/1652/1652 1656/1656/1656 1653/1653/1653
f 1653/1653/1653 1656/1656/1656 1657/1657/1657
f 1653/1653/1653 1657/1657/1657 1658/1658/1658
f 1654/1654/1654 1653/1653/1653 1658/1658/1658
f 1654/1654/1654 1658/1658/1658 1659/1659/1659
f 1660/1660/1660 1661/1661/1661 1662/1662/1662
f 1660/1660/1660 1662/1662/1662 1663/1663/1663
f 1661/1661/1661 1664/1664/1664 1665/1665/1665
f 1661/1661/1661 1665/1665/1665 1662/1662/1662
f 1662/1662/1662 1665/1665/1665 1659/1659/1659
f 1662/1662/1662 1659/1659/1659 1658/1658/1658
f 1663/1663/1663 1662/1662/1662 1658/1658/1658
f 1663/1663/1663 1658/1658/1658 1657/1657/1657
f 1664/1664/1664 1661/1661/1661 1666/1666/1666
f 1664/1664/1664 1666/1666/1666 1667/1667/1667
f 1661/1661/1661 1660/1660/1660 1668/1668/1668
f 1661/1661/1661 1668/1668/1668 1666/1666/1666
f 1666/1666/1666 1668/1668/1668 1669/1669/1669
f 1666/1666/1666 1669/1669/1669 1670/1670/1670
f 1667/1667/1667 1666/1666/1666 1670/1670/1670
f 1667/1667/1667 1670/1670/1670 1671/1671/1671
f 1672/1672/1672 1673/1673/1673 1674/1674/1674
f 1672/1672/1672 1674/1674/1674 1675/1675/1675
f 1673/1673/1673 1676/1676/1676 1677/1677/1677
f 1673/1673/1673 1677/1677/1677 1674/1674/1674
f 1674/1674/1674 1677/1677/1677 1678/1678/1678
f 1674/1674/1674 1678/1678/1678 1679/1679/1679
f 1675/1675/1675 1674/1674/1674 1679/1679/1679
f 1675/1675/1675 1679/1679/1679 1680/1680/1680
f 1681/1681/1681 1682/1682/1682 1683/1683/1683
f 1681/1681/1681 1683/1683/1683 1684/1684/1684
f 1682/1682/1682 1685/1685/1685 1686/1686/1686
f 1682/1682/1682 1686/1686/1686 1683/1683/1683
f 1683/1683/1683 1686/1686/1686 1687/1687/1687
f 1683/1683/1683 1687/1687/1687 1688/1688/1688
f 1684/1684/1684 1683/1683/1683 1688/1688/1688
f 1684/1684/1684 1688/1688/1688 1689/1689/1689
f 1689/1689/1689 1688/1688/1688 1690/1690/1690
f 1689/1689/1689 1690/1690/1690 1691/1691/1691
f 1688/1688/1688 1687/1687/1687 1692/1692/1692
f 1688/1688/1688 1692/1692/1692 1690/1690/1690
f 1690/1690/1690 1692/1692/1692 1693/1693/1693
f 1690/1690/1690 1693/1693/1693 1694/1694/1694
f 1691/1691/1691 1690/1690/1690 1694/1694/1694
f 1691/1691/1691 1694/1694/1694 1695/1695/1695
f 1696/1696/1696 1697/1697/1697 1698/1698/1698
f 1696/1696/1696 1698/1698/1698 1699/1699/1699
f 1697/1697/1697 1700/1700/1700 1701/1701/1701
f 1697/1697/1697 1701/1701/1701 1698/1698/1698
f 1698/1698/1698 1701/1701/1701 1702/1702/1702
f 1698/1698/1698 1702/1702/1702 1703/1703/1703
f 1699/1699/1699 1698/1698/1698 1703/1703/1703
f 1699/1699/1699 1703/1703/1703 1704/1704/1704
f 1705/1705/1705 1706/1706/1706 1707/1707/1707
f 1705/1705/1705 1707/1707/1707 1708/1708/1708
f 1706/1706/1706 1709/1709/1709 1710/1710/1710
f 1706/1706/1706 1710/1710/1710 1707/1707/1707
f 1707/1707/1707 1710/1710/1710 1711/1711/1711
f 1707/1707/1707 1711/1711/1711 1712/1712/1712
f 1708/1708/1708 1707/1707/1707 1712/1712/1712
f 1708/1708/1708 1712/1712/1712 1713/1713/1713
f 1713/1713/1713 1712/1712/1712 1714/1714/1714
f 1713/1713/1713 1714/1714/1714 1715/1715/1715
f 1712/1712/1712 1711/1711/1711 1716/1716/1716
f 1712/1712/1712 1716/1716/1716 1714/1714/1714
f 1714/1714/1714 1716/1716/1716 1717/1717/1717
f 1714/1714/1714 1717/1717/1717 1718/1718/1718
f 1715/1715/1715 1714/1714/1714 1718/1718/1718
f 1715/1715/1715 1718/1718/1718 1719/1719/1719
f 1719/1719/1719 1718/1718/1718 1720/1720/1720
f 1719/1719/1719 1720/1720/1720 1721/1721/1721
f 1718/1718/1718 1717/1717/1717 1722/1722/1722
f 1718/1718/1718 1722/1722/1722 1720/1720/1720
f 1720/1720/1720 1722/1722/1722 1723/1723/1723
f 1720/1720/1720 1723/1723/1723 1724/1724/1724
f 1721/1721/1721 1720/1720/1720 1724/1724/1724
f 1721/1721/1721 1724/1724/1724 1725/1725/1725
f 312/312/312 315/315/315 1726/1726/1726
f 312/312/312 1726/1726/1726 1727/1727/1727
f 315/315/315 320/320/320 1728/1728/1728
f 315/315/315 1728/1728/1728 1726/1726/1726
f 1726/1726/1726 1728/1728/1728 1729/1729/1729
f 1726/1726/1726 1729/1729/1729 1730/1730/1730
f 1727/1727/1727 1726/1726/1726 1730/1730/1730
f 1727/1727/1727 1730/1730/1730 1731/1731/1731
f 1732/1732/1732 1733/1733/1733 1734/1734/1734
f 1732/1732/1732 1734/1734/1734 1735/1735/1735
f 1733/1733/1733 1736/1736/1736 1737/1737/1737
f 1733/1733/1733 1737/1737/1737 1734/1734/1734
f 1734/1734/1734 1737/1737/1737 327/327/327
f 1734/1734/1734 327/327/327 326/326/326
f 1735/1735/1735 1734/1734/1734 326/326/326
f 1735/1735/1735 326/326/326 325/325/325
f 330/330/330 1738/1738/1738 1739/1739/1739
f 330/330/330 1739/1739/1739 331/331/331
f 1738/1738/1738 1740/1740/1740 1741/1741/1741
f 1738/1738/1738 1741/1741/1741 1739/1739/1739
f 1739/1739/1739 1741/1741/1741 1742/1742/1742
f 1739/1739/1739 1742/1742/1742 1743/1743/1743
f 331/331/331 1739/1739/1739 1743/1743/1743
f 331/331/331 1743/1743/1743 334/334/334
f 339/339/339 1744/1744/1744 1745/1745/1745
f 339/339/339 1745/1745/1745 340/340/340
f 1744/1744/1744 1746/1746/1746 1747/1747/1747
f 1744/1744/1744 1747/1747/1747 1745/1745/1745
f 1745/1745/1745 1747/1747/1747 1740/1740/1740
f 1745/1745/1745 1740/1740/1740 1738/1738/1738
f 340/340/340 1745/1745/1745 1738/1738/1738
f 340/340/340 1738/1738/1738 330/330/330
f 345/345/345 1748/1748/1748 1749/1749/1749
f 345/345/345 1749/1749/1749 346/346/346
f 1748/1748/1748 1750/1750/1750 1751/1751/1751
f 1748/1748/1748 1751/1751/1751 1749/1749/1749
f 1749/1749/1749 1751/1751/1751 1746/1746/1746
f 1749/1749/1749 1746/1746/1746 1744/1744/1744
f 346/346/346 1749/1749/1749 1744/1744/1744
f 346/346/346 1744/1744/1744 339/339/339
f 351/351/351 1752/1752/1752 1753/1753/1753
f 351/351/351 1753/1753/1753 352/352/352
f 1752/1752/1752 1754/1754/1754 1755/1755/1755
f 1752/1752/1752 1755/1755/1755 1753/1753/1753
f 1753/1753/1753 1755/1755/1755 1750/1750/1750
f 1753/1753/1753 1750/1750/1750 1748/1748/1748
f 352/352/352 1753/1753/1753 1748/1748/1748
f 352/352/352 1748/1748/1748 345/345/345
f 357/357/357 1756/1756/1756 1757/1757/1757
f 357/357/357 1757/1757/1757 358/358/358
f 1756/1756/1756 1758/1758/1758 1759/1759/1759
f 1756/1756/1756 1759/1759/1759 1757/1757/1757
f 1757/1757/1757 1759/1759/1759 1760/1760/1760
f 1757/1757/1757 1760/1760/1760 1761/1761/1761
f 358/358/358 1757/1757/1757 1761/1761/1761
f 358/358/358 1761/1761/1761 361/361/361
f 1762/1762/1762 1763/1763/1763 1764/1764/1764
f 1762/1762/1762 1764/1764/1764 1765/1765/1765
f 1763/1763/1763 1766/1766/1766 1767/1767/1767
f 1763/1763/1763 1767/1767/1767 1764/1764/1764
f 1764/1764/1764 1767/1767/1767 372/372/372
f 1764/1764/1764 372/372/372 371/371/371
f 1765/1765/1765 1764/1764/1764 371/371/371
f 1765/1765/1765 371/371/371 370/370/370
f 375/375/375 1768/1768/1768 1769/1769/1769
f 375/375/375 1769/1769/1769 376/376/376
f 1770/1770/1770 1771/1771/1771 1769/1769/1769
f 1770/1770/1770 1769/1769/1769 1768/1768/1768
f 1772/1772/1772 1773/1773/1773 1769/1769/1769
f 1772/1772/1772 1769/1769/1769 1771/1771/1771
f 381/381/381 380/380/380 1769/1769/1769
f 381/381/381 1769/1769/1769 1773/1773/1773
f 379/379/379 376/376/376 1769/1769/1769
f 379/379/379 1769/1769/1769 380/380/380
f 386/386/386 1774/1774/1774 1775/1775/1775
f 386/386/386 1775/1775/1775 387/387/387
f 1774/1774/1774 1776/1776/1776 1777/1777/1777
f 1774/1774/1774 1777/1777/1777 1775/1775/1775
f 1775/1775/1775 1777/1777/1777 1770/1770/1770
f 1775/1775/1775 1770/1770/1770 1768/1768/1768
f 387/387/387 1775/1775/1775 1768/1768/1768
f 387/387/387 1768/1768/1768 375/375/375
f 392/392/392 1778/1778/1778 1779/1779/1779
f 392/392/392 1779/1779/1779 393/393/393
f 1778/1778/1778 1780/1780/1780 1781/1781/1781
f 1778/1778/1778 1781/1781/1781 1779/1779/1779
f 1779/1779/1779 1781/1781/1781 1776/1776/1776
f 1779/1779/1779 1776/1776/1776 1774/1774/1774
f 393/393/393 1779/1779/1779 1774/1774/1774
f 393/393/393 1774/1774/1774 386/386/386
f 398/398/398 1782/1782/1782 1783/1783/1783
f 398/398/398 1783/1783/1783 399/399/399
f 1782/1782/1782 1784/1784/1784 1785/1785/1785
f 1782/1782/1782 1785/1785/1785 1783/1783/1783
f 1783/1783/1783 1785/1785/1785 1786/1786/1786
f 1783/1783/1783 1786/1786/1786 1787/1787/1787
f 399/399/399 1783/1783/1783 1787/1787/1787
f 399/399/399 1787/1787/1787 402/402/402
f 407/407/407 1788/1788/1788 1789/1789/1789
f 407/407/407 1789/1789/1789 408/408/408
f 1788/1788/1788 1790/1790/1790 1791/1791/1791
f 1788/1788/1788 1791/1791/1791 1789/1789/1789
f 1789/1789/1789 1791/1791/1791 1784/1784/1784
f 1789/1789/1789 1784/1784/1784 1782/1782/1782
f 408/408/408 1789/1789/1789 1782/1782/1782
f 408/408/408 1782/1782/1782 398/398/398
f 1792/1792/1792 1793/1793/1793 1794/1794/1794
f 1792/1792/1792 1794/1794/1794 1795/1795/1795
f 1793/1793/1793 1790/1790/1790 1788/1788/1788
f 1793/1793/1793 1788/1788/1788 1794/1794/1794
f 1794/1794/1794 1788/1788/1788 407/407/407
f 1794/1794/1794 407/407/407 418/418/418
f 1795/1795/1795 1794/1794/1794 418/418/418
f 1795/1795/1795 418/418/418 417/417/417
f 1796/1796/1796 1797/1797/1797 1798/1798/1798
f 1796/1796/1796 1798/1798/1798 1799/1799/1799
f 1797/1797/1797 1800/1800/1800 1801/1801/1801
f 1797/1797/1797 1801/1801/1801 1798/1798/1798
f 1798/1798/1798 1801/1801/1801 1802/1802/1802
f 1798/1798/1798 1802/1802/1802 1803/1803/1803
f 1799/1799/1799 1798/1798/1798 1803/1803/1803
f 1799/1799/1799 1803/1803/1803 1804/1804/1804
f 1805/1805/1805 1806/1806/1806 1807/1807/1807
f 1805/1805/1805 1807/1807/1807 1808/1808/1808
f 1806/1806/1806 1809/1809/1809 1810/1810/1810
f 1806/1806/1806 1810/1810/1810 1807/1807/1807
f 1807/1807/1807 1810/1810/1810 1811/1811/1811
f 1807/1807/1807 1811/1811/1811 1812/1812/1812
f 1808/1808/1808 1807/1807/1807 1812/1812/1812
f 1808/1808/1808 1812/1812/1812 1813/1813/1813
f 1814/1814/1814 1815/1815/1815 1816/1816/1816
f 1814/1814/1814 1816/1816/1816 1817/1817/1817
f 1815/1815/1815 1818/1818/1818 1819/1819/1819
f 1815/1815/1815 1819/1819/1819 1816/1816/1816
f 1816/1816/1816 1819/1819/1819 1820/1820/1820
f 1816/1816/1816 1820/1820/1820 1821/1821/1821
f 1817/1817/1817 1816/1816/1816 1821/1821/1821
f 1817/1817/1817 1821/1821/1821 1822/1822/1822
f 1823/1823/1823 1824/1824/1824 1825/1825/1825
f 1823/1823/1823 1825/1825/1825 1826/1826/1826
f 1824/1824/1824 1827/1827/1827 1828/1828/1828
f 1824/1824/1824 1828/1828/1828 1825/1825/1825
f 1825/1825/1825 1828/1828/1828 1829/1829/1829
f 1825/1825/1825 1829/1829/1829 1830/1830/1830
f 1826/1826/1826 1825/1825/1825 1830/1830/1830
f 1826/1826/1826 1830/1830/1830 1831/1831/1831
f 1832/1832/1832 1833/1833/1833 1834/1834/1834
f 1832/1832/1832 1834/1834/1834 1835/1835/1835
f 1833/1833/1833 1836/1836/1836 1837/1837/1837
f 1833/1833/1833 1837/1837/1837 1834/1834/1834
f 1834/1834/1834 1837/1837/1837 1838/1838/1838
f 1834/1834/1834 1838/1838/1838 1839/1839/1839
f 1835/1835/1835 1834/1834/1834 1839/1839/1839
f 1835/1835/1835 1839/1839/1839 1840/1840/1840
f 1841/1841/1841 1842/1842/1842 1843/1843/1843
f 1841/1841/1841 1843/1843/1843 1844/1844/1844
f 1842/1842/1842 1845/1845/1845 1846/1846/1846
f 1842/1842/1842 1846/1846/1846 1843/1843/1843
f 1843/1843/1843 1846/1846/1846 1836/1836/1836
f 1843/1843/1843 1836/1836/1836 1833/1833/1833
f 1844/1844/1844 1843/1843/1843 1833/1833/1833
f 1844/1844/1844 1833/1833/1833 1832/1832/1832
f 1847/1847/1847 1848/1848/1848 1849/1849/1849
f 1847/1847/1847 1849/1849/1849 1850/1850/1850
f 1848/1848/1848 1851/1851/1851 1852/1852/1852
f 1848/1848/1848 1852/1852/1852 1849/1849/1849
f 1849/1849/1849 1852/1852/1852 1853/1853/1853
f 1849/1849/1849 1853/1853/1853 1854/1854/1854
f 1850/1850/1850 1849/1849/1849 1854/1854/1854
f 1850/1850/1850 1854/1854/1854 1855/1855/1855
f 1856/1856/1856 1857/1857/1857 1858/1858/1858
f 1856/1856/1856 1858/1858/1858 1859/1859/1859
f 1857/1857/1857 1860/1860/1860 1861/1861/1861
f 1857/1857/1857 1861/1861/1861 1858/1858/1858
f 1858/1858/1858 1861/1861/1861 1862/1862/1862
f 1858/1858/1858 1862/1862/1862 1863/1863/1863
f 1859/1859/1859 1858/1858/1858 1863/1863/1863
f 1859/1859/1859 1863/1863/1863 1864/1864/1864
f 1865/1865/1865 1866/1866/1866 1867/1867/1867
f 1865/1865/1865 1867/1867/1867 1868/1868/1868
f 1866/1866/1866 1869/1869/1869 1870/1870/1870
f 1866/1866/1866 1870/1870/1870 1867/1867/1867
f 1867/1867/1867 1870/1870/1870 1871/1871/1871
f 1867/1867/1867 1871/1871/1871 1872/1872/1872
f 1868/1868/1868 1867/1867/1867 1872/1872/1872
f 1868/1868/1868 1872/1872/1872 1873/1873/1873
f 1874/1874/1874 1875/1875/1875 1876/1876/1876
f 1874/1874/1874 1876/1876/1876 1877/1877/1877
f 1875/1875/1875 1878/1878/1878 1879/1879/1879
f 1875/1875/1875 1879/1879/1879 1876/1876/1876
f 1876/1876/1876 1879/1879/1879 1880/1880/1880
f 1876/1876/1876 1880/1880/1880 1881/1881/1881
f 1877/1877/1877 1876/1876/1876 1881/1881/1881
f 1877/1877/1877 1881/1881/1881 1882/1882/1882
f 1883/1883/1883 1884/1884/1884 1885/1885/1885
f 1883/1883/1883 1885/1885/1885 1886/1886/1886
f 1884/1884/1884 1887/1887/1887 1888/1888/1888
f 1884/1884/1884 1888/1888/1888 1885/1885/1885
f 1885/1885/1885 1888/1888/1888 1889/1889/1889
f 1885/1885/1885 1889/1889/1889 1890/1890/1890
f 1886/1886/1886 1885/1885/1885 1890/1890/1890
f 1886/1886/1886 1890/1890/1890 1891/1891/1891
f 1892/1892/1892 1893/1893/1893 1894/1894/1894
f 1892/1892/1892 1894/1894/1894 1895/1895/1895
f 1893/1893/1893 1896/1896/1896 1897/1897/1897
f 1893/1893/1893 1897/1897/1897 1894/1894/1894
f 1894/1894/1894 1897/1897/1897 1898/1898/1898
f 1894/1894/1894 1898/1898/1898 1899/1899/1899
f 1895/1895/1895 1894/1894/1894 1899/1899/1899
f 1895/1895/1895 1899/1899/1899 1900/1900/1900
f 1901/1901/1901 1902/1902/1902 1903/1903/1903
f 1901/1901/1901 1903/1903/1903 1904/1904/1904
f 1902/1902/1902 1905/1905/1905 1906/1906/1906
f 1902/1902/1902 1906/1906/1906 1903/1903/1903
f 1903/1903/1903 1906/1906/1906 1907/1907/1907
f 1903/1903/1903 1907/1907/1907 1908/1908/1908
f 1904/1904/1904 1903/1903/1903 1908/1908/1908
f 1904/1904/1904 1908/1908/1908 1909/1909/1909
f 1910/1910/1910 1911/1911/1911 1912/1912/1912
f 1910/1910/1910 1912/1912/1912 1913/1913/1913
f 1911/1911/1911 1914/1914/1914 1915/1915/1915
f 1911/1911/1911 1915/1915/1915 1912/1912/1912
f 1912/1912/1912 1915/1915/1915 1916/1916/1916
f 1912/1912/1912 1916/1916/1916 1917/1917/1917
f 1913/1913/1913 1912/1912/1912 1917/1917/1917
f 1913/1913/1913 1917/1917/1917 1918/1918/1918
f 1919/1919/1919 1920/1920/1920 1921/1921/1921
f 1919/1919/1919 1921/1921/1921 1922/1922/1922
f 1920/1920/1920 1923/1923/1923 1924/1924/1924
f 1920/1920/1920 1924/1924/1924 1921/1921/1921
f 1921/1921/1921 1924/1924/1924 1925/1925/1925
f 1921/1921/1921 1925/1925/1925 1926/1926/1926
f 1922/1922/1922 1921/1921/1921 1926/1926/1926
f 1922/1922/1922 1926/1926/1926 1927/1927/1927
f 1928/1928/1928 1929/1929/1929 1930/1930/1930
f 1928/1928/1928 1930/1930/1930 1931/1931/1931
f 1929/1929/1929 1932/1932/1932 1933/1933/1933
f 1929/1929/1929 1933/1933/1933 1930/1930/1930
f 1930/1930/1930 1933/1933/1933 1923/1923/1923
f 1930/1930/1930 1923/1923/1923 1920/1920/1920
f 1931/1931/1931 1930/1930/1930 1920/1920/1920
f 1931/1931/1931 1920/1920/1920 1919/1919/1919
f 1851/1851/1851 1848/1848/1848 1934/1934/1934
f 1851/1851/1851 1934/1934/1934 1935/1935/1935
f 1848/1848/1848 1847/1847/1847 1936/1936/1936
f 1848/1848/1848 1936/1936/1936 1934/1934/1934
f 1934/1934/1934 1936/1936/1936 1937/1937/1937
f 1934/1934/1934 1937/1937/1937 1938/1938/1938
f 1935/1935/1935 1934/1934/1934 1938/1938/1938
f 1935/1935/1935 1938/1938/1938 1939/1939/1939
f 1940/1940/1940 1941/1941/1941 1942/1942/1942
f 1940/1940/1940 1942/1942/1942 1943/1943/1943
f 1941/1941/1941 1944/1944/1944 1945/1945/1945
f 1941/1941/1941 1945/1945/1945 1942/1942/1942
f 1942/1942/1942 1945/1945/1945 1860/1860/1860
f 1942/1942/1942 1860/1860/1860 1857/1857/1857
f 1943/1943/1943 1942/1942/1942 1857/1857/1857
f 1943/1943/1943 1857/1857/1857 1856/1856/1856
f 1800/1800/1800 1946/1946/1946 1947/1947/1947
f 1800/1800/1800 1947/1947/1947 1801/1801/1801
f 1946/1946/1946 1948/1948/1948 1949/1949/1949
f 1946/1946/1946 1949/1949/1949 1947/1947/1947
f 1947/1947/1947 1949/1949/1949 1950/1950/1950
f 1947/1947/1947 1950/1950/1950 1951/1951/1951
f 1801/1801/1801 1947/1947/1947 1951/1951/1951
f 1801/1801/1801 1951/1951/1951 1802/1802/1802
f 1809/1809/1809 1952/1952/1952 1953/1953/1953
f 1809/1809/1809 1953/1953/1953 1810/1810/1810
f 1952/1952/1952 1954/1954/1954 1955/1955/1955
f 1952/1952/1952 1955/1955/1955 1953/1953/1953
f 1953/1953/1953 1955/1955/1955 1956/1956/1956
f 1953/1953/1953 1956/1956/1956 1957/1957/1957
f 1810/1810/1810 1953/1953/1953 1957/1957/1957
f 1810/1810/1810 1957/1957/1957 1811/1811/1811
f 1818/1818/1818 1815/1815/1815 1958/1958/1958
f 1818/1818/1818 1958/1958/1958 1959/1959/1959
f 1815/1815/1815 1814/1814/1814 1960/1960/1960
f 1815/1815/1815 1960/1960/1960 1958/1958/1958
f 1958/1958/1958 1960/1960/1960 1961/1961/1961
f 1958/1958/1958 1961/1961/1961 1962/1962/1962
f 1959/1959/1959 1958/1958/1958 1962/1962/1962
f 1959/1959/1959 1962/1962/1962 1963/1963/1963
f 1964/1964/1964 1965/1965/1965 1966/1966/1966
f 1964/1964/1964 1966/1966/1966 1967/1967/1967
f 1965/1965/1965 1968/1968/1968 1969/1969/1969
f 1965/1965/1965 1969/1969/1969 1966/1966/1966
f 1966/1966/1966 1969/1969/1969 1827/1827/1827
f 1966/1966/1966 1827/1827/1827 1824/1824/1824
f 1967/1967/1967 1966/1966/1966 1824/1824/1824
f 1967/1967/1967 1824/1824/1824 1823/1823/1823
f 1836/1836/1836 1970/1970/1970 1971/1971/1971
f 1836/1836/1836 1971/1971/1971 1837/1837/1837
f 1970/1970/1970 1972/1972/1972 1973/1973/1973
f 1970/1970/1970 1973/1973/1973 1971/1971/1971
f 1971/1971/1971 1973/1973/1973 1974/1974/1974
f 1971/1971/1971 1974/1974/1974 1975/1975/1975
f 1837/1837/1837 1971/1971/1971 1975/1975/1975
f 1837/1837/1837 1975/1975/1975 1838/1838/1838
f 1845/1845/1845 1976/1976/1976 1977/1977/1977
f 1845/1845/1845 1977/1977/1977 1846/1846/1846
f 1976/1976/1976 1978/1978/1978 1979/1979/1979
f 1976/1976/1976 1979/1979/1979 1977/1977/1977
f 1977/1977/1977 1979/1979/1979 1972/1972/1972
f 1977/1977/1977 1972/1972/1972 1970/1970/1970
f 1846/1846/1846 1977/1977/1977 1970/1970/1970
f 1846/1846/1846 1970/1970/1970 1836/1836/1836
f 1864/1864/1864 1863/1863/1863 1980/1980/1980
f 1864/1864/1864 1980/1980/1980 1981/1981/1981
f 1863/1863/1863 1862/1862/1862 1982/1982/1982
f 1863/1863/1863 1982/1982/1982 1980/1980/1980
f 1980/1980/1980 1982/1982/1982 1709/1709/1709
f 1980/1980/1980 1709/1709/1709 1706/1706/1706
f 1981/1981/1981 1980/1980/1980 1706/1706/1706
f 1981/1981/1981 1706/1706/1706 1705/1705/1705
f 1539/1539/1539 1538/1538/1538 1983/1983/1983
f 1539/1539/1539 1983/1983/1983 1984/1984/1984
f 1538/1538/1538 1537/1537/1537 1985/1985/1985
f 1538/1538/1538 1985/1985/1985 1983/1983/1983
f 1983/1983/1983 1985/1985/1985 1855/1855/1855
f 1983/1983/1983 1855/1855/1855 1854/1854/1854
f 1984/1984/1984 1983/1983/1983 1854/1854/1854
f 1984/1984/1984 1854/1854/1854 1853/1853/1853
f 1544/1544/1544 1986/1986/1986 1987/1987/1987
f 1544/1544/1544 1987/1987/1987 1545/1545/1545
f 1986/1986/1986 1841/1841/1841 1844/1844/1844
f 1986/1986/1986 1844/1844/1844 1987/1987/1987
f 1987/1987/1987 1844/1844/1844 1832/1832/1832
f 1987/1987/1987 1832/1832/1832 1988/1988/1988
f 1545/1545/1545 1987/1987/1987 1988/1988/1988
f 1545/1545/1545 1988/1988/1988 1546/1546/1546
f 1546/1546/1546 1988/1988/1988 1989/1989/1989
f 1546/1546/1546 1989/1989/1989 1551/1551/1551
f 1988/1988/1988 1832/1832/1832 1835/1835/1835
f 1988/1988/1988 1835/1835/1835 1989/1989/1989
f 1989/1989/1989 1835/1835/1835 1840/1840/1840
f 1989/1989/1989 1840/1840/1840 1990/1990/1990
f 1551/1551/1551 1989/1989/1989 1990/1990/1990
f 1551/1551/1551 1990/1990/1990 1552/1552/1552
f 1831/1831/1831 1830/1830/1830 1991/1991/1991
f 1831/1831/1831 1991/1991/1991 1992/1992/1992
f 1830/1830/1830 1829/1829/1829 1993/1993/1993
f 1830/1830/1830 1993/1993/1993 1991/1991/1991
f 1991/1991/1991 1993/1993/1993 1559/1559/1559
f 1991/1991/1991 1559/1559/1559 1556/1556/1556
f 1992/1992/1992 1991/1991/1991 1556/1556/1556
f 1992/1992/1992 1556/1556/1556 1555/1555/1555
f 1671/1671/1671 1670/1670/1670 1994/1994/1994
f 1671/1671/1671 1994/1994/1994 1995/1995/1995
f 1670/1670/1670 1669/1669/1669 1996/1996/1996
f 1670/1670/1670 1996/1996/1996 1994/1994/1994
f 1994/1994/1994 1996/1996/1996 1822/1822/1822
f 1994/1994/1994 1822/1822/1822 1821/1821/1821
f 1995/1995/1995 1994/1994/1994 1821/1821/1821
f 1995/1995/1995 1821/1821/1821 1820/1820/1820
f 1568/1568/1568 1997/1997/1997 1998/1998/1998
f 1568/1568/1568 1998/1998/1998 1569/1569/1569
f 1997/1997/1997 1805/1805/1805 1808/1808/1808
f 1997/1997/1997 1808/1808/1808 1998/1998/1998
f 1998/1998/1998 1808/1808/1808 1813/1813/1813
f 1998/1998/1998 1813/1813/1813 1999/1999/1999
f 1569/1569/1569 1998/1998/1998 1999/1999/1999
f 1569/1569/1569 1999/1999/1999 1570/1570/1570
f 1577/1577/1577 2000/2000/2000 2001/2001/2001
f 1577/1577/1577 2001/2001/2001 1578/1578/1578
f 2000/2000/2000 1796/1796/1796 1799/1799/1799
f 2000/2000/2000 1799/1799/1799 2001/2001/2001
f 2001/2001/2001 1799/1799/1799 1804/1804/1804
f 2001/2001/2001 1804/1804/1804 2002/2002/2002
f 1578/1578/1578 2001/2001/2001 2002/2002/2002
f 1578/1578/1578 2002/2002/2002 1579/1579/1579
f 1882/1882/1882 1881/1881/1881 2003/2003/2003
f 1882/1882/1882 2003/2003/2003 2004/2004/2004
f 1881/1881/1881 1880/1880/1880 2005/2005/2005
f 1881/1881/1881 2005/2005/2005 2003/2003/2003
f 2003/2003/2003 2005/2005/2005 1944/1944/1944
f 2003/2003/2003 1944/1944/1944 1941/1941/1941
f 2004/2004/2004 2003/2003/2003 1941/1941/1941
f 2004/2004/2004 1941/1941/1941 1940/1940/1940
f 1948/1948/1948 2006/2006/2006 2007/2007/2007
f 1948/1948/1948 2007/2007/2007 1949/1949/1949
f 2006/2006/2006 1883/1883/1883 1886/1886/1886
f 2006/2006/2006 1886/1886/1886 2007/2007/2007
f 2007/2007/2007 1886/1886/1886 1891/1891/1891
f 2007/2007/2007 1891/1891/1891 2008/2008/2008
f 1949/1949/1949 2007/2007/2007 2008/2008/2008
f 1949/1949/1949 2008/2008/2008 1950/1950/1950
f 1954/1954/1954 2009/2009/2009 2010/2010/2010
f 1954/1954/1954 2010/2010/2010 1955/1955/1955
f 2009/2009/2009 1892/1892/1892 1895/1895/1895
f 2009/2009/2009 1895/1895/1895 2010/2010/2010
f 2010/2010/2010 1895/1895/1895 1900/1900/1900
f 2010/2010/2010 1900/1900/1900 2011/2011/2011
f 1955/1955/1955 2010/2010/2010 2011/2011/2011
f 1955/1955/1955 2011/2011/2011 1956/1956/1956
f 1905/1905/1905 1902/1902/1902 2012/2012/2012
f 1905/1905/1905 2012/2012/2012 2013/2013/2013
f 1902/1902/1902 1901/1901/1901 2014/2014/2014
f 1902/1902/1902 2014/2014/2014 2012/2012/2012
f 2012/2012/2012 2014/2014/2014 1963/1963/1963
f 2012/2012/2012 1963/1963/1963 1962/1962/1962
f 2013/2013/2013 2012/2012/2012 1962/1962/1962
f 2013/2013/2013 1962/1962/1962 1961/1961/1961
f 1918/1918/1918 1917/1917/1917 2015/2015/2015
f 1918/1918/1918 2015/2015/2015 2016/2016/2016
f 1917/1917/1917 1916/1916/1916 2017/2017/2017
f 1917/1917/1917 2017/2017/2017 2015/2015/2015
f 2015/2015/2015 2017/2017/2017 1968/1968/1968
f 2015/2015/2015 1968/1968/1968 1965/1965/1965
f 2016/2016/2016 2015/2015/2015 1965/1965/1965
f 2016/2016/2016 1965/1965/1965 1964/1964/1964
f 1972/1972/1972 2018/2018/2018 2019/2019/2019
f 1972/1972/1972 2019/2019/2019 1973/1973/1973
f 2018/2018/2018 1919/1919/1919 1922/1922/1922
f 2018/2018/2018 1922/1922/1922 2019/2019/2019
f 2019/2019/2019 1922/1922/1922 1927/1927/1927
f 2019/2019/2019 1927/1927/1927 2020/2020/2020
f 1973/1973/1973 2019/2019/2019 2020/2020/2020
f 1973/1973/1973 2020/2020/2020 1974/1974/1974
f 1978/1978/1978 2021/2021/2021 2022/2022/2022
f 1978/1978/1978 2022/2022/2022 1979/1979/1979
f 2021/2021/2021 1928/1928/1928 1931/1931/1931
f 2021/2021/2021 1931/1931/1931 2022/2022/2022
f 2022/2022/2022 1931/1931/1931 1919/1919/1919
f 2022/2022/2022 1919/1919/1919 2018/2018/2018
f 1979/1979/1979 2022/2022/2022 2018/2018/2018
f 1979/1979/1979 2018/2018/2018 1972/1972/1972
f 1869/1869/1869 1866/1866/1866 2023/2023/2023
f 1869/1869/1869 2023/2023/2023 2024/2024/2024
f 1866/1866/1866 1865/1865/1865 2025/2025/2025
f 1866/1866/1866 2025/2025/2025 2023/2023/2023
f 2023/2023/2023 2025/2025/2025 1939/1939/1939
f 2023/2023/2023 1939/1939/1939 1938/1938/1938
f 2024/2024/2024 2023/2023/2023 1938/1938/1938
f 2024/2024/2024 1938/1938/1938 1937/1937/1937
f 1704/1704/1704 1703/1703/1703 2026/2026/2026
f 1704/1704/1704 2026/2026/2026 2027/2027/2027
f 1703/1703/1703 1702/1702/1702 2028/2028/2028
f 1703/1703/1703 2028/2028/2028 2026/2026/2026
f 2026/2026/2026 2028/2028/2028 1878/1878/1878
f 2026/2026/2026 1878/1878/1878 1875/1875/1875
f 2027/2027/2027 2026/2026/2026 1875/1875/1875
f 2027/2027/2027 1875/1875/1875 1874/1874/1874
f 1887/1887/1887 2029/2029/2029 2030/2030/2030
f 1887/1887/1887 2030/2030/2030 1888/1888/1888
f 2029/2029/2029 2031/2031/2031 2032/2032/2032
f 2029/2029/2029 2032/2032/2032 2030/2030/2030
f 2030/2030/2030 2032/2032/2032 2033/2033/2033
f 2030/2030/2030 2033/2033/2033 2034/2034/2034
f 1888/1888/1888 2030/2030/2030 2034/2034/2034
f 1888/1888/1888 2034/2034/2034 1889/1889/1889
f 1896/1896/1896 2035/2035/2035 2036/2036/2036
f 1896/1896/1896 2036/2036/2036 1897/1897/1897
f 2035/2035/2035 2037/2037/2037 2038/2038/2038
f 2035/2035/2035 2038/2038/2038 2036/2036/2036
f 2036/2036/2036 2038/2038/2038 2039/2039/2039
f 2036/2036/2036 2039/2039/2039 2040/2040/2040
f 1897/1897/1897 2036/2036/2036 2040/2040/2040
f 1897/1897/1897 2040/2040/2040 1898/1898/1898
f 1680/1680/1680 1679/1679/1679 2041/2041/2041
f 1680/1680/1680 2041/2041/2041 2042/2042/2042
f 1679/1679/1679 1678/1678/1678 2043/2043/2043
f 1679/1679/1679 2043/2043/2043 2041/2041/2041
f 2041/2041/2041 2043/2043/2043 1909/1909/1909
f 2041/2041/2041 1909/1909/1909 1908/1908/1908
f 2042/2042/2042 2041/2041/2041 1908/1908/1908
f 2042/2042/2042 1908/1908/1908 1907/1907/1907
f 1521/1521/1521 1520/1520/1520 2044/2044/2044
f 1521/1521/1521 2044/2044/2044 2045/2045/2045
f 1520/1520/1520 1519/1519/1519 2046/2046/2046
f 1520/1520/1520 2046/2046/2046 2044/2044/2044
f 2044/2044/2044 2046/2046/2046 1914/1914/1914
f 2044/2044/2044 1914/1914/1914 1911/1911/1911
f 2045/2045/2045 2044/2044/2044 1911/1911/1911
f 2045/2045/2045 1911/1911/1911 1910/1910/1910
f 1923/1923/1923 2047/2047/2047 2048/2048/2048
f 1923/1923/1923 2048/2048/2048 1924/1924/1924
f 2047/2047/2047 1497/1497/1497 1508/1508/1508
f 2047/2047/2047 1508/1508/1508 2048/2048/2048
f 2048/2048/2048 1508/1508/1508 1512/1512/1512
f 2048/2048/2048 1512/1512/1512 2049/2049/2049
f 1924/1924/1924 2048/2048/2048 2049/2049/2049
f 1924/1924/1924 2049/2049/2049 1925/1925/1925
f 1932/1932/1932 2050/2050/2050 2051/2051/2051
f 1932/1932/1932 2051/2051/2051 1933/1933/1933
f 2050/2050/2050 1489/1489/1489 1492/1492/1492
f 2050/2050/2050 1492/1492/1492 2051/2051/2051
f 2051/2051/2051 1492/1492/1492 1497/1497/1497
f 2051/2051/2051 1497/1497/1497 2047/2047/2047
f 1933/1933/1933 2051/2051/2051 2047/2047/2047
f 1933/1933/1933 2047/2047/2047 1923/1923/1923
f 1488/1488/1488 1487/1487/1487 2052/2052/2052
f 1488/1488/1488 2052/2052/2052 2053/2053/2053
f 1487/1487/1487 1486/1486/1486 2054/2054/2054
f 1487/1487/1487 2054/2054/2054 2052/2052/2052
f 2052/2052/2052 2054/2054/2054 1873/1873/1873
f 2052/2052/2052 1873/1873/1873 1872/1872/1872
f 2053/2053/2053 2052/2052/2052 1872/1872/1872
f 2053/2053/2053 1872/1872/1872 1871/1871/1871
f 1639/1639/1639 2055/2055/2055 2056/2056/2056
f 1639/1639/1639 2056/2056/2056 2057/2057/2057
f 2055/2055/2055 2058/2058/2058 2059/2059/2059
f 2055/2055/2055 2059/2059/2059 2056/2056/2056
f 2056/2056/2056 2059/2059/2059 1651/1651/1651
f 2056/2056/2056 1651/1651/1651 1654/1654/1654
f 2057/2057/2057 2056/2056/2056 1654/1654/1654
f 2057/2057/2057 1654/1654/1654 1659/1659/1659
f 1664/1664/1664 2060/2060/2060 2061/2061/2061
f 1664/1664/1664 2061/2061/2061 1665/1665/1665
f 2060/2060/2060 1564/1564/1564 1640/1640/1640
f 2060/2060/2060 1640/1640/1640 2061/2061/2061
f 2061/2061/2061 1640/1640/1640 1639/1639/1639
f 2061/2061/2061 1639/1639/1639 2057/2057/2057
f 1665/1665/1665 2061/2061/2061 2057/2057/2057
f 1665/1665/1665 2057/2057/2057 1659/1659/1659
f 1568/1568/1568 1565/1565/1565 2062/2062/2062
f 1568/1568/1568 2062/2062/2062 2063/2063/2063
f 1565/1565/1565 1564/1564/1564 2060/2060/2060
f 1565/1565/1565 2060/2060/2060 2062/2062/2062
f 2062/2062/2062 2060/2060/2060 1664/1664/1664
f 2062/2062/2062 1664/1664/1664 1667/1667/1667
f 2063/2063/2063 2062/2062/2062 1667/1667/1667
f 2063/2063/2063 1667/1667/1667 1671/1671/1671
f 1805/1805/1805 1997/1997/1997 2064/2064/2064
f 1805/1805/1805 2064/2064/2064 2065/2065/2065
f 1997/1997/1997 1568/1568/1568 2063/2063/2063
f 1997/1997/1997 2063/2063/2063 2064/2064/2064
f 2064/2064/2064 2063/2063/2063 1671/1671/1671
f 2064/2064/2064 1671/1671/1671 1995/1995/1995
f 2065/2065/2065 2064/2064/2064 1995/1995/1995
f 2065/2065/2065 1995/1995/1995 1820/1820/1820
f 1818/1818/1818 2066/2066/2066 2067/2067/2067
f 1818/1818/1818 2067/2067/2067 1819/1819/1819
f 2066/2066/2066 1809/1809/1809 1806/1806/1806
f 2066/2066/2066 1806/1806/1806 2067/2067/2067
f 2067/2067/2067 1806/1806/1806 1805/1805/1805
f 2067/2067/2067 1805/1805/1805 2065/2065/2065
f 1819/1819/1819 2067/2067/2067 2065/2065/2065
f 1819/1819/1819 2065/2065/2065 1820/1820/1820
f 1954/1954/1954 1952/1952/1952 2068/2068/2068
f 1954/1954/1954 2068/2068/2068 2069/2069/2069
f 1952/1952/1952 1809/1809/1809 2066/2066/2066
f 1952/1952/1952 2066/2066/2066 2068/2068/2068
f 2068/2068/2068 2066/2066/2066 1818/1818/1818
f 2068/2068/2068 1818/1818/1818 1959/1959/1959
f 2069/2069/2069 2068/2068/2068 1959/1959/1959
f 2069/2069/2069 1959/1959/1959 1963/1963/1963
f 1901/1901/1901 2070/2070/2070 2071/2071/2071
f 1901/1901/1901 2071/2071/2071 2014/2014/2014
f 2070/2070/2070 1892/1892/1892 2009/2009/2009
f 2070/2070/2070 2009/2009/2009 2071/2071/2071
f 2071/2071/2071 2009/2009/2009 1954/1954/1954
f 2071/2071/2071 1954/1954/1954 2069/2069/2069
f 2014/2014/2014 2071/2071/2071 2069/2069/2069
f 2014/2014/2014 2069/2069/2069 1963/1963/1963
f 1896/1896/1896 1893/1893/1893 2072/2072/2072
f 1896/1896/1896 2072/2072/2072 2073/2073/2073
f 1893/1893/1893 1892/1892/1892 2070/2070/2070
f 1893/1893/1893 2070/2070/2070 2072/2072/2072
f 2072/2072/2072 2070/2070/2070 1901/1901/1901
f 2072/2072/2072 1901/1901/1901 1904/1904/1904
f 2073/2073/2073 2072/2072/2072 1904/1904/1904
f 2073/2073/2073 1904/1904/1904 1909/1909/1909
f 1678/1678/1678 2074/2074/2074 2075/2075/2075
f 1678/1678/1678 2075/2075/2075 2043/2043/2043
f 2074/2074/2074 2037/2037/2037 2035/2035/2035
f 2074/2074/2074 2035/2035/2035 2075/2075/2075
f 2075/2075/2075 2035/2035/2035 1896/1896/1896
f 2075/2075/2075 1896/1896/1896 2073/2073/2073
f 2043/2043/2043 2075/2075/2075 2073/2073/2073
f 2043/2043/2043 2073/2073/2073 1909/1909/1909
f 1678/1678/1678 1677/1677/1677 2076/2076/2076
f 1678/1678/1678 2076/2076/2076 2074/2074/2074
f 1677/1677/1677 1676/1676/1676 2077/2077/2077
f 1677/1677/1677 2077/2077/2077 2076/2076/2076
f 2076/2076/2076 2077/2077/2077 2078/2078/2078
f 2076/2076/2076 2078/2078/2078 2079/2079/2079
f 2074/2074/2074 2076/2076/2076 2079/2079/2079
f 2074/2074/2074 2079/2079/2079 2037/2037/2037
f 2080/2080/2080 2081/2081/2081 2082/2082/2082
f 2080/2080/2080 2082/2082/2082 2083/2083/2083
f 2081/2081/2081 2084/2084/2084 2085/2085/2085
f 2081/2081/2081 2085/2085/2085 2082/2082/2082
f 2082/2082/2082 2085/2085/2085 2086/2086/2086
f 2082/2082/2082 2086/2086/2086 2087/2087/2087
f 2083/2083/2083 2082/2082/2082 2087/2087/2087
f 2083/2083/2083 2087/2087/2087 2088/2088/2088
f 2089/2089/2089 2090/2090/2090 2091/2091/2091
f 2089/2089/2089 2091/2091/2091 2092/2092/2092
f 2090/2090/2090 2080/2080/2080 2083/2083/2083
f 2090/2090/2090 2083/2083/2083 2091/2091/2091
f 2091/2091/2091 2083/2083/2083 2088/2088/2088
f 2091/2091/2091 2088/2088/2088 2093/2093/2093
f 2092/2092/2092 2091/2091/2091 2093/2093/2093
f 2092/2092/2092 2093/2093/2093 2094/2094/2094
f 2095/2095/2095 2096/2096/2096 2097/2097/2097
f 2095/2095/2095 2097/2097/2097 2098/2098/2098
f 2096/2096/2096 1696/1696/1696 1699/1699/1699
f 2096/2096/2096 1699/1699/1699 2097/2097/2097
f 2097/2097/2097 1699/1699/1699 1704/1704/1704
f 2097/2097/2097 1704/1704/1704 2099/2099/2099
f 2098/2098/2098 2097/2097/2097 2099/2099/2099
f 2098/2098/2098 2099/2099/2099 2033/2033/2033
f 1889/1889/1889 2034/2034/2034 2100/2100/2100
f 1889/1889/1889 2100/2100/2100 2101/2101/2101
f 2034/2034/2034 2033/2033/2033 2099/2099/2099
f 2034/2034/2034 2099/2099/2099 2100/2100/2100
f 2100/2100/2100 2099/2099/2099 1704/1704/1704
f 2100/2100/2100 1704/1704/1704 2027/2027/2027
f 2101/2101/2101 2100/2100/2100 2027/2027/2027
f 2101/2101/2101 2027/2027/2027 1874/1874/1874
f 1891/1891/1891 1890/1890/1890 2102/2102/2102
f 1891/1891/1891 2102/2102/2102 2103/2103/2103
f 1890/1890/1890 1889/1889/1889 2101/2101/2101
f 1890/1890/1890 2101/2101/2101 2102/2102/2102
f 2102/2102/2102 2101/2101/2101 1874/1874/1874
f 2102/2102/2102 1874/1874/1874 1877/1877/1877
f 2103/2103/2103 2102/2102/2102 1877/1877/1877
f 2103/2103/2103 1877/1877/1877 1882/1882/1882
f 1950/1950/1950 2008/2008/2008 2104/2104/2104
f 1950/1950/1950 2104/2104/2104 2105/2105/2105
f 2008/2008/2008 1891/1891/1891 2103/2103/2103
f 2008/2008/2008 2103/2103/2103 2104/2104/2104
f 2104/2104/2104 2103/2103/2103 1882/1882/1882
f 2104/2104/2104 1882/1882/1882 2004/2004/2004
f 2105/2105/2105 2104/2104/2104 2004/2004/2004
f 2105/2105/2105 2004/2004/2004 1940/1940/1940
f 1802/1802/1802 1951/1951/1951 2106/2106/2106
f 1802/1802/1802 2106/2106/2106 2107/2107/2107
f 1951/1951/1951 1950/1950/1950 2105/2105/2105
f 1951/1951/1951 2105/2105/2105 2106/2106/2106
f 2106/2106/2106 2105/2105/2105 1940/1940/1940
f 2106/2106/2106 1940/1940/1940 1943/1943/1943
f 2107/2107/2107 2106/2106/2106 1943/1943/1943
f 2107/2107/2107 1943/1943/1943 1856/1856/1856
f 1804/1804/1804 1803/1803/1803 2108/2108/2108
f 1804/1804/1804 2108/2108/2108 2109/2109/2109
f 1803/1803/1803 1802/1802/1802 2107/2107/2107
f 1803/1803/1803 2107/2107/2107 2108/2108/2108
f 2108/2108/2108 2107/2107/2107 1856/1856/1856
f 2108/2108/2108 1856/1856/1856 1859/1859/1859
f 2109/2109/2109 2108/2108/2108 1859/1859/1859
f 2109/2109/2109 1859/1859/1859 1864/1864/1864
f 1579/1579/1579 2002/2002/2002 2110/2110/2110
f 1579/1579/1579 2110/2110/2110 2111/2111/2111
f 2002/2002/2002 1804/1804/1804 2109/2109/2109
f 2002/2002/2002 2109/2109/2109 2110/2110/2110
f 2110/2110/2110 2109/2109/2109 1864/1864/1864
f 2110/2110/2110 1864/1864/1864 1981/1981/1981
f 2111/2111/2111 2110/2110/2110 1981/1981/1981
f 2111/2111/2111 1981/1981/1981 1705/1705/1705
f 1581/1581/1581 1580/1580/1580 2112/2112/2112
f 1581/1581/1581 2112/2112/2112 2113/2113/2113
f 1580/1580/1580 1579/1579/1579 2111/2111/2111
f 1580/1580/1580 2111/2111/2111 2112/2112/2112
f 2112/2112/2112 2111/2111/2111 1705/1705/1705
f 2112/2112/2112 1705/1705/1705 1708/1708/1708
f 2113/2113/2113 2112/2112/2112 1708/1708/1708
f 2113/2113/2113 1708/1708/1708 1713/1713/1713
f 1650/1650/1650 1649/1649/1649 2114/2114/2114
f 1650/1650/1650 2114/2114/2114 2115/2115/2115
f 1649/1649/1649 1581/1581/1581 2113/2113/2113
f 1649/1649/1649 2113/2113/2113 2114/2114/2114
f 2114/2114/2114 2113/2113/2113 1713/1713/1713
f 2114/2114/2114 1713/1713/1713 1715/1715/1715
f 2115/2115/2115 2114/2114/2114 1715/1715/1715
f 2115/2115/2115 1715/1715/1715 1719/1719/1719
f 2116/2116/2116 2117/2117/2117 2118/2118/2118
f 2116/2116/2116 2118/2118/2118 2119/2119/2119
f 2117/2117/2117 1650/1650/1650 2115/2115/2115
f 2117/2117/2117 2115/2115/2115 2118/2118/2118
f 2118/2118/2118 2115/2115/2115 1719/1719/1719
f 2118/2118/2118 1719/1719/1719 1721/1721/1721
f 2119/2119/2119 2118/2118/2118 1721/1721/1721
f 2119/2119/2119 1721/1721/1721 1725/1725/1725
f 743/743/743 2120/2120/2120 2121/2121/2121
f 743/743/743 2121/2121/2121 744/744/744
f 2120/2120/2120 2122/2122/2122 2123/2123/2123
f 2120/2120/2120 2123/2123/2123 2121/2121/2121
f 2121/2121/2121 2123/2123/2123 1762/1762/1762
f 2121/2121/2121 1762/1762/1762 1765/1765/1765
f 744/744/744 2121/2121/2121 1765/1765/1765
f 744/744/744 1765/1765/1765 370/370/370
f 749/749/749 752/752/752 2124/2124/2124
f 749/749/749 2124/2124/2124 2125/2125/2125
f 752/752/752 312/312/312 1727/1727/1727
f 752/752/752 1727/1727/1727 2124/2124/2124
f 2124/2124/2124 1727/1727/1727 1731/1731/1731
f 2124/2124/2124 1731/1731/1731 2126/2126/2126
f 2125/2125/2125 2124/2124/2124 2126/2126/2126
f 2125/2125/2125 2126/2126/2126 2127/2127/2127
f 2128/2128/2128 2129/2129/2129 2130/2130/2130
f 2128/2128/2128 2130/2130/2130 2131/2131/2131
f 2129/2129/2129 1425/1425/1425 1424/1424/1424
f 2129/2129/2129 1424/1424/1424 2130/2130/2130
f 2130/2130/2130 1424/1424/1424 1423/1423/1423
f 2130/2130/2130 1423/1423/1423 2132/2132/2132
f 2131/2131/2131 2130/2130/2130 2132/2132/2132
f 2131/2131/2131 2132/2132/2132 2133/2133/2133
f 2134/2134/2134 2135/2135/2135 2136/2136/2136
f 2134/2134/2134 2136/2136/2136 2137/2137/2137
f 2135/2135/2135 2138/2138/2138 2139/2139/2139
f 2135/2135/2135 2139/2139/2139 2136/2136/2136
f 2136/2136/2136 2139/2139/2139 2140/2140/2140
f 2136/2136/2136 2140/2140/2140 2141/2141/2141
f 2137/2137/2137 2136/2136/2136 2141/2141/2141
f 2137/2137/2137 2141/2141/2141 2142/2142/2142
f 2142/2142/2142 2141/2141/2141 2143/2143/2143
f 2142/2142/2142 2143/2143/2143 2144/2144/2144
f 2141/2141/2141 2140/2140/2140 2145/2145/2145
f 2141/2141/2141 2145/2145/2145 2143/2143/2143
f 2143/2143/2143 2145/2145/2145 2146/2146/2146
f 2143/2143/2143 2146/2146/2146 2147/2147/2147
f 2144/2144/2144 2143/2143/2143 2147/2147/2147
f 2144/2144/2144 2147/2147/2147 2148/2148/2148
f 1448/1448/1448 1445/1445/1445 2149/2149/2149
f 1448/1448/1448 2149/2149/2149 2150/2150/2150
f 1445/1445/1445 1444/1444/1444 2151/2151/2151
f 1445/1445/1445 2151/2151/2151 2149/2149/2149
f 2149/2149/2149 2151/2151/2151 2152/2152/2152
f 2149/2149/2149 2152/2152/2152 2153/2153/2153
f 2150/2150/2150 2149/2149/2149 2153/2153/2153
f 2150/2150/2150 2153/2153/2153 2154/2154/2154
f 2155/2155/2155 2156/2156/2156 2157/2157/2157
f 2155/2155/2155 2157/2157/2157 2158/2158/2158
f 2156/2156/2156 1681/1681/1681 1684/1684/1684
f 2156/2156/2156 1684/1684/1684 2157/2157/2157
f 2157/2157/2157 1684/1684/1684 1689/1689/1689
f 2157/2157/2157 1689/1689/1689 2159/2159/2159
f 2158/2158/2158 2157/2157/2157 2159/2159/2159
f 2158/2158/2158 2159/2159/2159 2160/2160/2160
f 1685/1685/1685 1682/1682/1682 2161/2161/2161
f 1685/1685/1685 2161/2161/2161 2162/2162/2162
f 1682/1682/1682 1681/1681/1681 2156/2156/2156
f 1682/1682/1682 2156/2156/2156 2161/2161/2161
f 2161/2161/2161 2156/2156/2156 2155/2155/2155
f 2161/2161/2161 2155/2155/2155 2163/2163/2163
f 2162/2162/2162 2161/2161/2161 2163/2163/2163
f 2162/2162/2162 2163/2163/2163 2164/2164/2164
f 2160/2160/2160 2159/2159/2159 2165/2165/2165
f 2160/2160/2160 2165/2165/2165 2166/2166/2166
f 2159/2159/2159 1689/1689/1689 1691/1691/1691
f 2159/2159/2159 1691/1691/1691 2165/2165/2165
f 2165/2165/2165 1691/1691/1691 1695/1695/1695
f 2165/2165/2165 1695/1695/1695 2167/2167/2167
f 2166/2166/2166 2165/2165/2165 2167/2167/2167
f 2166/2166/2166 2167/2167/2167 2168/2168/2168
f 2168/2168/2168 2167/2167/2167 2169/2169/2169
f 2168/2168/2168 2169/2169/2169 2170/2170/2170
f 2167/2167/2167 1695/1695/1695 1694/1694/1694
f 2167/2167/2167 1694/1694/1694 2169/2169/2169
f 2169/2169/2169 1694/1694/1694 1693/1693/1693
f 2169/2169/2169 1693/1693/1693 2171/2171/2171
f 2170/2170/2170 2169/2169/2169 2171/2171/2171
f 2170/2170/2170 2171/2171/2171 2172/2172/2172
f 2173/2173/2173 2174/2174/2174 2175/2175/2175
f 2173/2173/2173 2175/2175/2175 2176/2176/2176
f 2174/2174/2174 1599/1599/1599 1602/1602/1602
f 2174/2174/2174 1602/1602/1602 2175/2175/2175
f 2175/2175/2175 1602/1602/1602 1607/1607/1607
f 2175/2175/2175 1607/1607/1607 2177/2177/2177
f 2176/2176/2176 2175/2175/2175 2177/2177/2177
f 2176/2176/2176 2177/2177/2177 2178/2178/2178
f 2179/2179/2179 2180/2180/2180 2181/2181/2181
f 2179/2179/2179 2181/2181/2181 2182/2182/2182
f 2180/2180/2180 2183/2183/2183 2184/2184/2184
f 2180/2180/2180 2184/2184/2184 2181/2181/2181
f 2181/2181/2181 2184/2184/2184 2185/2185/2185
f 2181/2181/2181 2185/2185/2185 2186/2186/2186
f 2182/2182/2182 2181/2181/2181 2186/2186/2186
f 2182/2182/2182 2186/2186/2186 2187/2187/2187
f 1603/1603/1603 1600/1600/1600 2188/2188/2188
f 1603/1603/1603 2188/2188/2188 2189/2189/2189
f 1600/1600/1600 1599/1599/1599 2174/2174/2174
f 1600/1600/1600 2174/2174/2174 2188/2188/2188
f 2188/2188/2188 2174/2174/2174 2173/2173/2173
f 2188/2188/2188 2173/2173/2173 2190/2190/2190
f 2189/2189/2189 2188/2188/2188 2190/2190/2190
f 2189/2189/2189 2190/2190/2190 2191/2191/2191
f 2178/2178/2178 2177/2177/2177 2192/2192/2192
f 2178/2178/2178 2192/2192/2192 2193/2193/2193
f 2177/2177/2177 1607/1607/1607 1618/1618/1618
f 2177/2177/2177 1618/1618/1618 2192/2192/2192
f 2192/2192/2192 1618/1618/1618 1622/1622/1622
f 2192/2192/2192 1622/1622/1622 2194/2194/2194
f 2193/2193/2193 2192/2192/2192 2194/2194/2194
f 2193/2193/2193 2194/2194/2194 2195/2195/2195
f 2195/2195/2195 2194/2194/2194 2196/2196/2196
f 2195/2195/2195 2196/2196/2196 2197/2197/2197
f 2194/2194/2194 1622/1622/1622 1621/1621/1621
f 2194/2194/2194 1621/1621/1621 2196/2196/2196
f 2196/2196/2196 1621/1621/1621 1620/1620/1620
f 2196/2196/2196 1620/1620/1620 2198/2198/2198
f 2197/2197/2197 2196/2196/2196 2198/2198/2198
f 2197/2197/2197 2198/2198/2198 2199/2199/2199
f 2200/2200/2200 2201/2201/2201 2202/2202/2202
f 2200/2200/2200 2202/2202/2202 2203/2203/2203
f 2201/2201/2201 2204/2204/2204 2205/2205/2205
f 2201/2201/2201 2205/2205/2205 2202/2202/2202
f 2202/2202/2202 2205/2205/2205 2183/2183/2183
f 2202/2202/2202 2183/2183/2183 2206/2206/2206
f 2203/2203/2203 2202/2202/2202 2206/2206/2206
f 2203/2203/2203 2206/2206/2206 2207/2207/2207
f 2208/2208/2208 2209/2209/2209 2210/2210/2210
f 2208/2208/2208 2210/2210/2210 2211/2211/2211
f 2209/2209/2209 2212/2212/2212 2213/2213/2213
f 2209/2209/2209 2213/2213/2213 2210/2210/2210
f 2210/2210/2210 2213/2213/2213 2214/2214/2214
f 2210/2210/2210 2214/2214/2214 2215/2215/2215
f 2211/2211/2211 2210/2210/2210 2215/2215/2215
f 2211/2211/2211 2215/2215/2215 2216/2216/2216
f 2217/2217/2217 2218/2218/2218 2219/2219/2219
f 2217/2217/2217 2219/2219/2219 2220/2220/2220
f 2218/2218/2218 2134/2134/2134 2137/2137/2137
f 2218/2218/2218 2137/2137/2137 2219/2219/2219
f 2219/2219/2219 2137/2137/2137 2142/2142/2142
f 2219/2219/2219 2142/2142/2142 2221/2221/2221
f 2220/2220/2220 2219/2219/2219 2221/2221/2221
f 2220/2220/2220 2221/2221/2221 2222/2222/2222
f 2222/2222/2222 2221/2221/2221 2223/2223/2223
f 2222/2222/2222 2223/2223/2223 2224/2224/2224
f 2221/2221/2221 2142/2142/2142 2144/2144/2144
f 2221/2221/2221 2144/2144/2144 2223/2223/2223
f 2223/2223/2223 2144/2144/2144 2148/2148/2148
f 2223/2223/2223 2148/2148/2148 2225/2225/2225
f 2224/2224/2224 2223/2223/2223 2225/2225/2225
f 2224/2224/2224 2225/2225/2225 2226/2226/2226
f 2227/2227/2227 2228/2228/2228 2229/2229/2229
f 2227/2227/2227 2229/2229/2229 2230/2230/2230
f 2228/2228/2228 2231/2231/2231 2232/2232/2232
f 2228/2228/2228 2232/2232/2232 2229/2229/2229
f 2229/2229/2229 2232/2232/2232 2233/2233/2233
f 2229/2229/2229 2233/2233/2233 2234/2234/2234
f 2230/2230/2230 2229/2229/2229 2234/2234/2234
f 2230/2230/2230 2234/2234/2234 2235/2235/2235
f 2236/2236/2236 2237/2237/2237 2238/2238/2238
f 2236/2236/2236 2238/2238/2238 2239/2239/2239
f 2237/2237/2237 2240/2240/2240 2241/2241/2241
f 2237/2237/2237 2241/2241/2241 2238/2238/2238
f 2238/2238/2238 2241/2241/2241 2242/2242/2242
f 2238/2238/2238 2242/2242/2242 2243/2243/2243
f 2239/2239/2239 2238/2238/2238 2243/2243/2243
f 2239/2239/2239 2243/2243/2243 2244/2244/2244
f 2245/2245/2245 2246/2246/2246 2247/2247/2247
f 2245/2245/2245 2247/2247/2247 2248/2248/2248
f 2246/2246/2246 2155/2155/2155 2158/2158/2158
f 2246/2246/2246 2158/2158/2158 2247/2247/2247
f 2247/2247/2247 2158/2158/2158 2160/2160/2160
f 2247/2247/2247 2160/2160/2160 2249/2249/2249
f 2248/2248/2248 2247/2247/2247 2249/2249/2249
f 2248/2248/2248 2249/2249/2249 2250/2250/2250
f 2250/2250/2250 2249/2249/2249 2251/2251/2251
f 2250/2250/2250 2251/2251/2251 2252/2252/2252
f 2249/2249/2249 2160/2160/2160 2166/2166/2166
f 2249/2249/2249 2166/2166/2166 2251/2251/2251
f 2251/2251/2251 2166/2166/2166 2168/2168/2168
f 2251/2251/2251 2168/2168/2168 2253/2253/2253
f 2252/2252/2252 2251/2251/2251 2253/2253/2253
f 2252/2252/2252 2253/2253/2253 2254/2254/2254
f 2255/2255/2255 2256/2256/2256 2257/2257/2257
f 2255/2255/2255 2257/2257/2257 2258/2258/2258
f 2256/2256/2256 2259/2259/2259 2260/2260/2260
f 2256/2256/2256 2260/2260/2260 2257/2257/2257
f 2257/2257/2257 2260/2260/2260 2261/2261/2261
f 2257/2257/2257 2261/2261/2261 2262/2262/2262
f 2258/2258/2258 2257/2257/2257 2262/2262/2262
f 2258/2258/2258 2262/2262/2262 2263/2263/2263
f 2264/2264/2264 2265/2265/2265 2266/2266/2266
f 2264/2264/2264 2266/2266/2266 2267/2267/2267
f 2265/2265/2265 2173/2173/2173 2176/2176/2176
f 2265/2265/2265 2176/2176/2176 2266/2266/2266
f 2266/2266/2266 2176/2176/2176 2178/2178/2178
f 2266/2266/2266 2178/2178/2178 2268/2268/2268
f 2267/2267/2267 2266/2266/2266 2268/2268/2268
f 2267/2267/2267 2268/2268/2268 2269/2269/2269
f 2269/2269/2269 2268/2268/2268 2270/2270/2270
f 2269/2269/2269 2270/2270/2270 2271/2271/2271
f 2268/2268/2268 2178/2178/2178 2193/2193/2193
f 2268/2268/2268 2193/2193/2193 2270/2270/2270
f 2270/2270/2270 2193/2193/2193 2195/2195/2195
f 2270/2270/2270 2195/2195/2195 2272/2272/2272
f 2271/2271/2271 2270/2270/2270 2272/2272/2272
f 2271/2271/2271 2272/2272/2272 2273/2273/2273
f 2274/2274/2274 2275/2275/2275 2276/2276/2276
f 2274/2274/2274 2276/2276/2276 2277/2277/2277
f 2275/2275/2275 2278/2278/2278 2279/2279/2279
f 2275/2275/2275 2279/2279/2279 2276/2276/2276
f 2276/2276/2276 2279/2279/2279 2280/2280/2280
f 2276/2276/2276 2280/2280/2280 2281/2281/2281
f 2277/2277/2277 2276/2276/2276 2281/2281/2281
f 2277/2277/2277 2281/2281/2281 2282/2282/2282
f 1526/1526/1526 2283/2283/2283 2284/2284/2284
f 1526/1526/1526 2284/2284/2284 1527/1527/1527
f 2283/2283/2283 2285/2285/2285 2286/2286/2286
f 2283/2283/2283 2286/2286/2286 2284/2284/2284
f 2284/2284/2284 2286/2286/2286 2287/2287/2287
f 2284/2284/2284 2287/2287/2287 2288/2288/2288
f 1527/1527/1527 2284/2284/2284 2288/2288/2288
f 1527/1527/1527 2288/2288/2288 1528/1528/1528
f 1502/1502/1502 2289/2289/2289 2290/2290/2290
f 1502/1502/1502 2290/2290/2290 1503/1503/1503
f 2289/2289/2289 2291/2291/2291 2292/2292/2292
f 2289/2289/2289 2292/2292/2292 2290/2290/2290
f 2290/2290/2290 2292/2292/2292 2293/2293/2293
f 2290/2290/2290 2293/2293/2293 2294/2294/2294
f 1503/1503/1503 2290/2290/2290 2294/2294/2294
f 1503/1503/1503 2294/2294/2294 1504/1504/1504
f 2295/2295/2295 2296/2296/2296 2297/2297/2297
f 2295/2295/2295 2297/2297/2297 2298/2298/2298
f 2296/2296/2296 2299/2299/2299 2300/2300/2300
f 2296/2296/2296 2300/2300/2300 2297/2297/2297
f 2297/2297/2297 2300/2300/2300 1595/1595/1595
f 2297/2297/2297 1595/1595/1595 1592/1592/1592
f 2298/2298/2298 2297/2297/2297 1592/1592/1592
f 2298/2298/2298 1592/1592/1592 1591/1591/1591
f 2031/2031/2031 2301/2301/2301 2302/2302/2302
f 2031/2031/2031 2302/2302/2302 2032/2032/2032
f 2301/2301/2301 1588/1588/1588 1587/1587/1587
f 2301/2301/2301 1587/1587/1587 2302/2302/2302
f 2302/2302/2302 1587/1587/1587 1586/1586/1586
f 2302/2302/2302 1586/1586/1586 2303/2303/2303
f 2032/2032/2032 2302/2302/2302 2303/2303/2303
f 2032/2032/2032 2303/2303/2303 2033/2033/2033
f 1586/1586/1586 1598/1598/1598 2304/2304/2304
f 1586/1586/1586 2304/2304/2304 2303/2303/2303
f 1598/1598/1598 1597/1597/1597 2305/2305/2305
f 1598/1598/1598 2305/2305/2305 2304/2304/2304
f 2304/2304/2304 2305/2305/2305 2095/2095/2095
f 2304/2304/2304 2095/2095/2095 2098/2098/2098
f 2303/2303/2303 2304/2304/2304 2098/2098/2098
f 2303/2303/2303 2098/2098/2098 2033/2033/2033
f 2089/2089/2089 2306/2306/2306 2307/2307/2307
f 2089/2089/2089 2307/2307/2307 2090/2090/2090
f 2306/2306/2306 2308/2308/2308 2309/2309/2309
f 2306/2306/2306 2309/2309/2309 2307/2307/2307
f 2307/2307/2307 2309/2309/2309 2310/2310/2310
f 2307/2307/2307 2310/2310/2310 2311/2311/2311
f 2090/2090/2090 2307/2307/2307 2311/2311/2311
f 2090/2090/2090 2311/2311/2311 2080/2080/2080
f 2080/2080/2080 2311/2311/2311 2312/2312/2312
f 2080/2080/2080 2312/2312/2312 2081/2081/2081
f 2311/2311/2311 2310/2310/2310 2313/2313/2313
f 2311/2311/2311 2313/2313/2313 2312/2312/2312
f 2312/2312/2312 2313/2313/2313 2314/2314/2314
f 2312/2312/2312 2314/2314/2314 2315/2315/2315
f 2081/2081/2081 2312/2312/2312 2315/2315/2315
f 2081/2081/2081 2315/2315/2315 2084/2084/2084
f 2078/2078/2078 2316/2316/2316 2317/2317/2317
f 2078/2078/2078 2317/2317/2317 2079/2079/2079
f 2316/2316/2316 2318/2318/2318 2319/2319/2319
f 2316/2316/2316 2319/2319/2319 2317/2317/2317
f 2317/2317/2317 2319/2319/2319 1614/1614/1614
f 2317/2317/2317 1614/1614/1614 2320/2320/2320
f 2079/2079/2079 2317/2317/2317 2320/2320/2320
f 2079/2079/2079 2320/2320/2320 2037/2037/2037
f 2037/2037/2037 2320/2320/2320 2321/2321/2321
f 2037/2037/2037 2321/2321/2321 2038/2038/2038
f 2320/2320/2320 1614/1614/1614 1613/1613/1613
f 2320/2320/2320 1613/1613/1613 2321/2321/2321
f 2321/2321/2321 1613/1613/1613 1612/1612/1612
f 2321/2321/2321 1612/1612/1612 2322/2322/2322
f 2038/2038/2038 2321/2321/2321 2322/2322/2322
f 2038/2038/2038 2322/2322/2322 2039/2039/2039
f 2269/2269/2269 2323/2323/2323 2324/2324/2324
f 2269/2269/2269 2324/2324/2324 2267/2267/2267
f 2323/2323/2323 2325/2325/2325 2326/2326/2326
f 2323/2323/2323 2326/2326/2326 2324/2324/2324
f 2324/2324/2324 2326/2326/2326 2327/2327/2327
f 2324/2324/2324 2327/2327/2327 2328/2328/2328
f 2267/2267/2267 2324/2324/2324 2328/2328/2328
f 2267/2267/2267 2328/2328/2328 2264/2264/2264
f 2273/2273/2273 2329/2329/2329 2330/2330/2330
f 2273/2273/2273 2330/2330/2330 2271/2271/2271
f 2329/2329/2329 2331/2331/2331 2332/2332/2332
f 2329/2329/2329 2332/2332/2332 2330/2330/2330
f 2330/2330/2330 2332/2332/2332 2325/2325/2325
f 2330/2330/2330 2325/2325/2325 2323/2323/2323
f 2271/2271/2271 2330/2330/2330 2323/2323/2323
f 2271/2271/2271 2323/2323/2323 2269/2269/2269
f 1616/1616/1616 1615/1615/1615 2333/2333/2333
f 1616/1616/1616 2333/2333/2333 2334/2334/2334
f 1614/1614/1614 2319/2319/2319 2333/2333/2333
f 1614/1614/1614 2333/2333/2333 1615/1615/1615
f 2318/2318/2318 2335/2335/2335 2333/2333/2333
f 2318/2318/2318 2333/2333/2333 2319/2319/2319
f 2274/2274/2274 2277/2277/2277 2333/2333/2333
f 2274/2274/2274 2333/2333/2333 2335/2335/2335
f 2282/2282/2282 2334/2334/2334 2333/2333/2333
f 2282/2282/2282 2333/2333/2333 2277/2277/2277
f 1480/1480/1480 2336/2336/2336 2337/2337/2337
f 1480/1480/1480 2337/2337/2337 1481/1481/1481
f 2336/2336/2336 2208/2208/2208 2211/2211/2211
f 2336/2336/2336 2211/2211/2211 2337/2337/2337
f 2337/2337/2337 2211/2211/2211 2216/2216/2216
f 2337/2337/2337 2216/2216/2216 2338/2338/2338
f 1481/1481/1481 2337/2337/2337 2338/2338/2338
f 1481/1481/1481 2338/2338/2338 1484/1484/1484
f 1493/1493/1493 2339/2339/2339 2340/2340/2340
f 1493/1493/1493 2340/2340/2340 1494/1494/1494
f 2339/2339/2339 2217/2217/2217 2220/2220/2220
f 2339/2339/2339 2220/2220/2220 2340/2340/2340
f 2340/2340/2340 2220/2220/2220 2222/2222/2222
f 2340/2340/2340 2222/2222/2222 2341/2341/2341
f 1494/1494/1494 2340/2340/2340 2341/2341/2341
f 1494/1494/1494 2341/2341/2341 1495/1495/1495
f 1495/1495/1495 2341/2341/2341 2342/2342/2342
f 1495/1495/1495 2342/2342/2342 1509/1509/1509
f 2341/2341/2341 2222/2222/2222 2224/2224/2224
f 2341/2341/2341 2224/2224/2224 2342/2342/2342
f 2342/2342/2342 2224/2224/2224 2226/2226/2226
f 2342/2342/2342 2226/2226/2226 2343/2343/2343
f 1509/1509/1509 2342/2342/2342 2343/2343/2343
f 1509/1509/1509 2343/2343/2343 1510/1510/1510
f 2235/2235/2235 2234/2234/2234 2344/2344/2344
f 2235/2235/2235 2344/2344/2344 2345/2345/2345
f 2234/2234/2234 2233/2233/2233 2346/2346/2346
f 2234/2234/2234 2346/2346/2346 2344/2344/2344
f 2344/2344/2344 2346/2346/2346 1517/1517/1517
f 2344/2344/2344 1517/1517/1517 1514/1514/1514
f 2345/2345/2345 2344/2344/2344 1514/1514/1514
f 2345/2345/2345 1514/1514/1514 1513/1513/1513
f 2244/2244/2244 2243/2243/2243 2347/2347/2347
f 2244/2244/2244 2347/2347/2347 2348/2348/2348
f 2243/2243/2243 2242/2242/2242 2349/2349/2349
f 2243/2243/2243 2349/2349/2349 2347/2347/2347
f 2347/2347/2347 2349/2349/2349 1676/1676/1676
f 2347/2347/2347 1676/1676/1676 1673/1673/1673
f 2348/2348/2348 2347/2347/2347 1673/1673/1673
f 2348/2348/2348 1673/1673/1673 1672/1672/1672
f 2350/2350/2350 2351/2351/2351 2352/2352/2352
f 2350/2350/2350 2352/2352/2352 2353/2353/2353
f 2351/2351/2351 2245/2245/2245 2248/2248/2248
f 2351/2351/2351 2248/2248/2248 2352/2352/2352
f 2352/2352/2352 2248/2248/2248 2250/2250/2250
f 2352/2352/2352 2250/2250/2250 2354/2354/2354
f 2353/2353/2353 2352/2352/2352 2354/2354/2354
f 2353/2353/2353 2354/2354/2354 2355/2355/2355
f 2355/2355/2355 2354/2354/2354 2356/2356/2356
f 2355/2355/2355 2356/2356/2356 2357/2357/2357
f 2354/2354/2354 2250/2250/2250 2252/2252/2252
f 2354/2354/2354 2252/2252/2252 2356/2356/2356
f 2356/2356/2356 2252/2252/2252 2254/2254/2254
f 2356/2356/2356 2254/2254/2254 2358/2358/2358
f 2357/2357/2357 2356/2356/2356 2358/2358/2358
f 2357/2357/2357 2358/2358/2358 2359/2359/2359
f 1696/1696/1696 2360/2360/2360 2361/2361/2361
f 1696/1696/1696 2361/2361/2361 1697/1697/1697
f 2360/2360/2360 2255/2255/2255 2258/2258/2258
f 2360/2360/2360 2258/2258/2258 2361/2361/2361
f 2361/2361/2361 2258/2258/2258 2263/2263/2263
f 2361/2361/2361 2263/2263/2263 2362/2362/2362
f 1697/1697/1697 2361/2361/2361 2362/2362/2362
f 1697/1697/1697 2362/2362/2362 1700/1700/1700
f 1655/1655/1655 2363/2363/2363 2364/2364/2364
f 1655/1655/1655 2364/2364/2364 1656/1656/1656
f 2363/2363/2363 1450/1450/1450 1453/1453/1453
f 2363/2363/2363 1453/1453/1453 2364/2364/2364
f 2364/2364/2364 1453/1453/1453 1458/1458/1458
f 2364/2364/2364 1458/1458/1458 2365/2365/2365
f 1656/1656/1656 2364/2364/2364 2365/2365/2365
f 1656/1656/1656 2365/2365/2365 1657/1657/1657
f 320/320/320 1012/1012/1012 2366/2366/2366
f 320/320/320 2366/2366/2366 1728/1728/1728
f 1012/1012/1012 327/327/327 1737/1737/1737
f 1012/1012/1012 1737/1737/1737 2366/2366/2366
f 2366/2366/2366 1737/1737/1737 1736/1736/1736
f 2366/2366/2366 1736/1736/1736 2367/2367/2367
f 1728/1728/1728 2366/2366/2366 2367/2367/2367
f 1728/1728/1728 2367/2367/2367 1729/1729/1729
f 1766/1766/1766 2368/2368/2368 2369/2369/2369
f 1766/1766/1766 2369/2369/2369 1767/1767/1767
f 2368/2368/2368 1758/1758/1758 1756/1756/1756
f 2368/2368/2368 1756/1756/1756 2369/2369/2369
f 2369/2369/2369 1756/1756/1756 357/357/357
f 2369/2369/2369 357/357/357 1016/1016/1016
f 1767/1767/1767 2369/2369/2369 1016/1016/1016
f 1767/1767/1767 1016/1016/1016 372/372/372
f 1717/1717/1717 2370/2370/2370 2371/2371/2371
f 1717/1717/1717 2371/2371/2371 1722/1722/1722
f 2370/2370/2370 1471/1471/1471 1474/1474/1474
f 2370/2370/2370 1474/1474/1474 2371/2371/2371
f 2371/2371/2371 1474/1474/1474 1479/1479/1479
f 2371/2371/2371 1479/1479/1479 2372/2372/2372
f 1722/1722/1722 2371/2371/2371 2372/2372/2372
f 1722/1722/1722 2372/2372/2372 1723/1723/1723
f 1711/1711/1711 2373/2373/2373 2374/2374/2374
f 1711/1711/1711 2374/2374/2374 1716/1716/1716
f 2373/2373/2373 1535/1535/1535 1624/1624/1624
f 2373/2373/2373 1624/1624/1624 2374/2374/2374
f 2374/2374/2374 1624/1624/1624 1471/1471/1471
f 2374/2374/2374 1471/1471/1471 2370/2370/2370
f 1716/1716/1716 2374/2374/2374 2370/2370/2370
f 1716/1716/1716 2370/2370/2370 1717/1717/1717
f 1709/1709/1709 2375/2375/2375 2376/2376/2376
f 1709/1709/1709 2376/2376/2376 1710/1710/1710
f 2375/2375/2375 1537/1537/1537 1536/1536/1536
f 2375/2375/2375 1536/1536/1536 2376/2376/2376
f 2376/2376/2376 1536/1536/1536 1535/1535/1535
f 2376/2376/2376 1535/1535/1535 2373/2373/2373
f 1710/1710/1710 2376/2376/2376 2373/2373/2373
f 1710/1710/1710 2373/2373/2373 1711/1711/1711
f 1862/1862/1862 2377/2377/2377 2378/2378/2378
f 1862/1862/1862 2378/2378/2378 1982/1982/1982
f 2377/2377/2377 1855/1855/1855 1985/1985/1985
f 2377/2377/2377 1985/1985/1985 2378/2378/2378
f 2378/2378/2378 1985/1985/1985 1537/1537/1537
f 2378/2378/2378 1537/1537/1537 2375/2375/2375
f 1982/1982/1982 2378/2378/2378 2375/2375/2375
f 1982/1982/1982 2375/2375/2375 1709/1709/1709
f 1860/1860/1860 2379/2379/2379 2380/2380/2380
f 1860/1860/1860 2380/2380/2380 1861/1861/1861
f 2379/2379/2379 1847/1847/1847 1850/1850/1850
f 2379/2379/2379 1850/1850/1850 2380/2380/2380
f 2380/2380/2380 1850/1850/1850 1855/1855/1855
f 2380/2380/2380 1855/1855/1855 2377/2377/2377
f 1861/1861/1861 2380/2380/2380 2377/2377/2377
f 1861/1861/1861 2377/2377/2377 1862/1862/1862
f 1944/1944/1944 2381/2381/2381 2382/2382/2382
f 1944/1944/1944 2382/2382/2382 1945/1945/1945
f 2381/2381/2381 1937/1937/1937 1936/1936/1936
f 2381/2381/2381 1936/1936/1936 2382/2382/2382
f 2382/2382/2382 1936/1936/1936 1847/1847/1847
f 2382/2382/2382 1847/1847/1847 2379/2379/2379
f 1945/1945/1945 2382/2382/2382 2379/2379/2379
f 1945/1945/1945 2379/2379/2379 1860/1860/1860
f 1880/1880/1880 2383/2383/2383 2384/2384/2384
f 1880/1880/1880 2384/2384/2384 2005/2005/2005
f 2383/2383/2383 1869/1869/1869 2024/2024/2024
f 2383/2383/2383 2024/2024/2024 2384/2384/2384
f 2384/2384/2384 2024/2024/2024 1937/1937/1937
f 2384/2384/2384 1937/1937/1937 2381/2381/2381
f 2005/2005/2005 2384/2384/2384 2381/2381/2381
f 2005/2005/2005 2381/2381/2381 1944/1944/1944
f 1878/1878/1878 2385/2385/2385 2386/2386/2386
f 1878/1878/1878 2386/2386/2386 1879/1879/1879
f 2385/2385/2385 1871/1871/1871 1870/1870/1870
f 2385/2385/2385 1870/1870/1870 2386/2386/2386
f 2386/2386/2386 1870/1870/1870 1869/1869/1869
f 2386/2386/2386 1869/1869/1869 2383/2383/2383
f 1879/1879/1879 2386/2386/2386 2383/2383/2383
f 1879/1879/1879 2383/2383/2383 1880/1880/1880
f 1702/1702/1702 2387/2387/2387 2388/2388/2388
f 1702/1702/1702 2388/2388/2388 2028/2028/2028
f 2387/2387/2387 1488/1488/1488 2053/2053/2053
f 2387/2387/2387 2053/2053/2053 2388/2388/2388
f 2388/2388/2388 2053/2053/2053 1871/1871/1871
f 2388/2388/2388 1871/1871/1871 2385/2385/2385
f 2028/2028/2028 2388/2388/2388 2385/2385/2385
f 2028/2028/2028 2385/2385/2385 1878/1878/1878
f 1702/1702/1702 1701/1701/1701 2389/2389/2389
f 1702/1702/1702 2389/2389/2389 2387/2387/2387
f 1701/1701/1701 1700/1700/1700 2390/2390/2390
f 1701/1701/1701 2390/2390/2390 2389/2389/2389
f 2389/2389/2389 2390/2390/2390 1480/1480/1480
f 2389/2389/2389 1480/1480/1480 1483/1483/1483
f 2387/2387/2387 2389/2389/2389 1483/1483/1483
f 2387/2387/2387 1483/1483/1483 1488/1488/1488
f 2263/2263/2263 2391/2391/2391 2392/2392/2392
f 2263/2263/2263 2392/2392/2392 2362/2362/2362
f 2391/2391/2391 2208/2208/2208 2336/2336/2336
f 2391/2391/2391 2336/2336/2336 2392/2392/2392
f 2392/2392/2392 2336/2336/2336 1480/1480/1480
f 2392/2392/2392 1480/1480/1480 2390/2390/2390
f 2362/2362/2362 2392/2392/2392 2390/2390/2390
f 2362/2362/2362 2390/2390/2390 1700/1700/1700
f 2261/2261/2261 2393/2393/2393 2394/2394/2394
f 2261/2261/2261 2394/2394/2394 2262/2262/2262
f 2393/2393/2393 2212/2212/2212 2209/2209/2209
f 2393/2393/2393 2209/2209/2209 2394/2394/2394
f 2394/2394/2394 2209/2209/2209 2208/2208/2208
f 2394/2394/2394 2208/2208/2208 2391/2391/2391
f 2262/2262/2262 2394/2394/2394 2391/2391/2391
f 2262/2262/2262 2391/2391/2391 2263/2263/2263
f 1693/1693/1693 2395/2395/2395 2396/2396/2396
f 1693/1693/1693 2396/2396/2396 2171/2171/2171
f 2395/2395/2395 1425/1425/1425 2129/2129/2129
f 2395/2395/2395 2129/2129/2129 2396/2396/2396
f 2396/2396/2396 2129/2129/2129 2128/2128/2128
f 2396/2396/2396 2128/2128/2128 2397/2397/2397
f 2171/2171/2171 2396/2396/2396 2397/2397/2397
f 2171/2171/2171 2397/2397/2397 2172/2172/2172
f 1687/1687/1687 2398/2398/2398 2399/2399/2399
f 1687/1687/1687 2399/2399/2399 1692/1692/1692
f 2398/2398/2398 1417/1417/1417 1420/1420/1420
f 2398/2398/2398 1420/1420/1420 2399/2399/2399
f 2399/2399/2399 1420/1420/1420 1425/1425/1425
f 2399/2399/2399 1425/1425/1425 2395/2395/2395
f 1692/1692/1692 2399/2399/2399 2395/2395/2395
f 1692/1692/1692 2395/2395/2395 1693/1693/1693
f 1685/1685/1685 2400/2400/2400 2401/2401/2401
f 1685/1685/1685 2401/2401/2401 1686/1686/1686
f 2400/2400/2400 1444/1444/1444 1447/1447/1447
f 2400/2400/2400 1447/1447/1447 2401/2401/2401
f 2401/2401/2401 1447/1447/1447 1417/1417/1417
f 2401/2401/2401 1417/1417/1417 2398/2398/2398
f 1686/1686/1686 2401/2401/2401 2398/2398/2398
f 1686/1686/1686 2398/2398/2398 1687/1687/1687
f 2152/2152/2152 2151/2151/2151 2402/2402/2402
f 2152/2152/2152 2402/2402/2402 2403/2403/2403
f 2151/2151/2151 1444/1444/1444 2400/2400/2400
f 2151/2151/2151 2400/2400/2400 2402/2402/2402
f 2402/2402/2402 2400/2400/2400 1685/1685/1685
f 2402/2402/2402 1685/1685/1685 2162/2162/2162
f 2403/2403/2403 2402/2402/2402 2162/2162/2162
f 2403/2403/2403 2162/2162/2162 2164/2164/2164
f 2233/2233/2233 2232/2232/2232 2404/2404/2404
f 2233/2233/2233 2404/2404/2404 2405/2405/2405
f 2232/2232/2232 2231/2231/2231 2406/2406/2406
f 2232/2232/2232 2406/2406/2406 2404/2404/2404
f 2404/2404/2404 2406/2406/2406 2236/2236/2236
f 2404/2404/2404 2236/2236/2236 2239/2239/2239
f 2405/2405/2405 2404/2404/2404 2239/2239/2239
f 2405/2405/2405 2239/2239/2239 2244/2244/2244
f 1517/1517/1517 2346/2346/2346 2407/2407/2407
f 1517/1517/1517 2407/2407/2407 2408/2408/2408
f 2346/2346/2346 2233/2233/2233 2405/2405/2405
f 2346/2346/2346 2405/2405/2405 2407/2407/2407
f 2407/2407/2407 2405/2405/2405 2244/2244/2244
f 2407/2407/2407 2244/2244/2244 2348/2348/2348
f 2408/2408/2408 2407/2407/2407 2348/2348/2348
f 2408/2408/2408 2348/2348/2348 1672/1672/1672
f 1517/1517/1517 2408/2408/2408 2409/2409/2409
f 1517/1517/1517 2409/2409/2409 1518/1518/1518
f 2408/2408/2408 1672/1672/1672 1675/1675/1675
f 2408/2408/2408 1675/1675/1675 2409/2409/2409
f 2409/2409/2409 1675/1675/1675 1680/1680/1680
f 2409/2409/2409 1680/1680/1680 2410/2410/2410
f 1518/1518/1518 2409/2409/2409 2410/2410/2410
f 1518/1518/1518 2410/2410/2410 1519/1519/1519
f 1519/1519/1519 2410/2410/2410 2411/2411/2411
f 1519/1519/1519 2411/2411/2411 2046/2046/2046
f 2410/2410/2410 1680/1680/1680 2042/2042/2042
f 2410/2410/2410 2042/2042/2042 2411/2411/2411
f 2411/2411/2411 2042/2042/2042 1907/1907/1907
f 2411/2411/2411 1907/1907/1907 2412/2412/2412
f 2046/2046/2046 2411/2411/2411 2412/2412/2412
f 2046/2046/2046 2412/2412/2412 1914/1914/1914
f 1905/1905/1905 2413/2413/2413 2414/2414/2414
f 1905/1905/1905 2414/2414/2414 1906/1906/1906
f 2413/2413/2413 1916/1916/1916 1915/1915/1915
f 2413/2413/2413 1915/1915/1915 2414/2414/2414
f 2414/2414/2414 1915/1915/1915 1914/1914/1914
f 2414/2414/2414 1914/1914/1914 2412/2412/2412
f 1906/1906/1906 2414/2414/2414 2412/2412/2412
f 1906/1906/1906 2412/2412/2412 1907/1907/1907
f 1916/1916/1916 2413/2413/2413 2415/2415/2415
f 1916/1916/1916 2415/2415/2415 2017/2017/2017
f 2413/2413/2413 1905/1905/1905 2013/2013/2013
f 2413/2413/2413 2013/2013/2013 2415/2415/2415
f 2415/2415/2415 2013/2013/2013 1961/1961/1961
f 2415/2415/2415 1961/1961/1961 2416/2416/2416
f 2017/2017/2017 2415/2415/2415 2416/2416/2416
f 2017/2017/2017 2416/2416/2416 1968/1968/1968
f 1814/1814/1814 2417/2417/2417 2418/2418/2418
f 1814/1814/1814 2418/2418/2418 1960/1960/1960
f 2417/2417/2417 1827/1827/1827 1969/1969/1969
f 2417/2417/2417 1969/1969/1969 2418/2418/2418
f 2418/2418/2418 1969/1969/1969 1968/1968/1968
f 2418/2418/2418 1968/1968/1968 2416/2416/2416
f 1960/1960/1960 2418/2418/2418 2416/2416/2416
f 1960/1960/1960 2416/2416/2416 1961/1961/1961
f 1827/1827/1827 2417/2417/2417 2419/2419/2419
f 1827/1827/1827 2419/2419/2419 1828/1828/1828
f 2417/2417/2417 1814/1814/1814 1817/1817/1817
f 2417/2417/2417 1817/1817/1817 2419/2419/2419
f 2419/2419/2419 1817/1817/1817 1822/1822/1822
f 2419/2419/2419 1822/1822/1822 2420/2420/2420
f 1828/1828/1828 2419/2419/2419 2420/2420/2420
f 1828/1828/1828 2420/2420/2420 1829/1829/1829
f 1669/1669/1669 2421/2421/2421 2422/2422/2422
f 1669/1669/1669 2422/2422/2422 1996/1996/1996
f 2421/2421/2421 1559/1559/1559 1993/1993/1993
f 2421/2421/2421 1993/1993/1993 2422/2422/2422
f 2422/2422/2422 1993/1993/1993 1829/1829/1829
f 2422/2422/2422 1829/1829/1829 2420/2420/2420
f 1996/1996/1996 2422/2422/2422 2420/2420/2420
f 1996/1996/1996 2420/2420/2420 1822/1822/1822
f 1660/1660/1660 2423/2423/2423 2424/2424/2424
f 1660/1660/1660 2424/2424/2424 1668/1668/1668
f 2423/2423/2423 1561/1561/1561 1560/1560/1560
f 2423/2423/2423 1560/1560/1560 2424/2424/2424
f 2424/2424/2424 1560/1560/1560 1559/1559/1559
f 2424/2424/2424 1559/1559/1559 2421/2421/2421
f 1668/1668/1668 2424/2424/2424 2421/2421/2421
f 1668/1668/1668 2421/2421/2421 1669/1669/1669
f 1561/1561/1561 2423/2423/2423 2425/2425/2425
f 1561/1561/1561 2425/2425/2425 1638/1638/1638
f 2423/2423/2423 1660/1660/1660 1663/1663/1663
f 2423/2423/2423 1663/1663/1663 2425/2425/2425
f 2425/2425/2425 1663/1663/1663 1657/1657/1657
f 2425/2425/2425 1657/1657/1657 2365/2365/2365
f 1638/1638/1638 2425/2425/2425 2365/2365/2365
f 1638/1638/1638 2365/2365/2365 1458/1458/1458
f 1590/1590/1590 2426/2426/2426 2427/2427/2427
f 1590/1590/1590 2427/2427/2427 1585/1585/1585
f 2426/2426/2426 1498/1498/1498 1501/1501/1501
f 2426/2426/2426 1501/1501/1501 2427/2427/2427
f 2427/2427/2427 1501/1501/1501 1506/1506/1506
f 2427/2427/2427 1506/1506/1506 2428/2428/2428
f 1585/1585/1585 2427/2427/2427 2428/2428/2428
f 1585/1585/1585 2428/2428/2428 1582/1582/1582
f 1616/1616/1616 2429/2429/2429 2430/2430/2430
f 1616/1616/1616 2430/2430/2430 1611/1611/1611
f 2429/2429/2429 1522/1522/1522 1525/1525/1525
f 2429/2429/2429 1525/1525/1525 2430/2430/2430
f 2430/2430/2430 1525/1525/1525 1530/1530/1530
f 2430/2430/2430 1530/1530/1530 2431/2431/2431
f 1611/1611/1611 2430/2430/2430 2431/2431/2431
f 1611/1611/1611 2431/2431/2431 1608/1608/1608
f 1522/1522/1522 2429/2429/2429 2432/2432/2432
f 1522/1522/1522 2432/2432/2432 1523/1523/1523
f 2429/2429/2429 1616/1616/1616 2334/2334/2334
f 2429/2429/2429 2334/2334/2334 2432/2432/2432
f 2432/2432/2432 2334/2334/2334 2282/2282/2282
f 2432/2432/2432 2282/2282/2282 2433/2433/2433
f 1523/1523/1523 2432/2432/2432 2433/2433/2433
f 1523/1523/1523 2433/2433/2433 1526/1526/1526
f 2280/2280/2280 2434/2434/2434 2435/2435/2435
f 2280/2280/2280 2435/2435/2435 2281/2281/2281
f 2434/2434/2434 2285/2285/2285 2283/2283/2283
f 2434/2434/2434 2283/2283/2283 2435/2435/2435
f 2435/2435/2435 2283/2283/2283 1526/1526/1526
f 2435/2435/2435 1526/1526/1526 2433/2433/2433
f 2281/2281/2281 2435/2435/2435 2433/2433/2433
f 2281/2281/2281 2433/2433/2433 2282/2282/2282
f 1620/1620/1620 2436/2436/2436 2437/2437/2437
f 1620/1620/1620 2437/2437/2437 2198/2198/2198
f 2436/2436/2436 2204/2204/2204 2438/2438/2438
f 2436/2436/2436 2438/2438/2438 2437/2437/2437
f 2437/2437/2437 2438/2438/2438 2439/2439/2439
f 2437/2437/2437 2439/2439/2439 2440/2440/2440
f 2198/2198/2198 2437/2437/2437 2440/2440/2440
f 2198/2198/2198 2440/2440/2440 2199/2199/2199
f 1605/1605/1605 2441/2441/2441 2442/2442/2442
f 1605/1605/1605 2442/2442/2442 1619/1619/1619
f 2441/2441/2441 2183/2183/2183 2205/2205/2205
f 2441/2441/2441 2205/2205/2205 2442/2442/2442
f 2442/2442/2442 2205/2205/2205 2204/2204/2204
f 2442/2442/2442 2204/2204/2204 2436/2436/2436
f 1619/1619/1619 2442/2442/2442 2436/2436/2436
f 1619/1619/1619 2436/2436/2436 1620/1620/1620
f 1603/1603/1603 2443/2443/2443 2444/2444/2444
f 1603/1603/1603 2444/2444/2444 1604/1604/1604
f 2443/2443/2443 2185/2185/2185 2184/2184/2184
f 2443/2443/2443 2184/2184/2184 2444/2444/2444
f 2444/2444/2444 2184/2184/2184 2183/2183/2183
f 2444/2444/2444 2183/2183/2183 2441/2441/2441
f 1604/1604/1604 2444/2444/2444 2441/2441/2441
f 1604/1604/1604 2441/2441/2441 1605/1605/1605
f 2445/2445/2445 2446/2446/2446 2447/2447/2447
f 2445/2445/2445 2447/2447/2447 2448/2448/2448
f 2446/2446/2446 2185/2185/2185 2443/2443/2443
f 2446/2446/2446 2443/2443/2443 2447/2447/2447
f 2447/2447/2447 2443/2443/2443 1603/1603/1603
f 2447/2447/2447 1603/1603/1603 2189/2189/2189
f 2448/2448/2448 2447/2447/2447 2189/2189/2189
f 2448/2448/2448 2189/2189/2189 2191/2191/2191
f 1504/1504/1504 2294/2294/2294 2449/2449/2449
f 1504/1504/1504 2449/2449/2449 2450/2450/2450
f 2294/2294/2294 2293/2293/2293 2451/2451/2451
f 2294/2294/2294 2451/2451/2451 2449/2449/2449
f 2449/2449/2449 2451/2451/2451 2295/2295/2295
f 2449/2449/2449 2295/2295/2295 2298/2298/2298
f 2450/2450/2450 2449/2449/2449 2298/2298/2298
f 2450/2450/2450 2298/2298/2298 1591/1591/1591
f 1504/1504/1504 2450/2450/2450 2452/2452/2452
f 1504/1504/1504 2452/2452/2452 1505/1505/1505
f 2450/2450/2450 1591/1591/1591 1594/1594/1594
f 2450/2450/2450 1594/1594/1594 2452/2452/2452
f 2452/2452/2452 1594/1594/1594 1582/1582/1582
f 2452/2452/2452 1582/1582/1582 2428/2428/2428
f 1505/1505/1505 2452/2452/2452 2428/2428/2428
f 1505/1505/1505 2428/2428/2428 1506/1506/1506
f 2453/2453/2453 2454/2454/2454 2455/2455/2455
f 2453/2453/2453 2455/2455/2455 2456/2456/2456
f 2454/2454/2454 1626/1626/1626 2457/2457/2457
f 2454/2454/2454 2457/2457/2457 2455/2455/2455
f 2455/2455/2455 2457/2457/2457 2458/2458/2458
f 2455/2455/2455 2458/2458/2458 2459/2459/2459
f 2456/2456/2456 2455/2455/2455 2459/2459/2459
f 2456/2456/2456 2459/2459/2459 2460/2460/2460
f 2461/2461/2461 2462/2462/2462 2463/2463/2463
f 2461/2461/2461 2463/2463/2463 2464/2464/2464
f 2462/2462/2462 1540/1540/1540 1627/1627/1627
f 2462/2462/2462 1627/1627/1627 2463/2463/2463
f 2463/2463/2463 1627/1627/1627 1626/1626/1626
f 2463/2463/2463 1626/1626/1626 2454/2454/2454
f 2464/2464/2464 2463/2463/2463 2454/2454/2454
f 2464/2464/2464 2454/2454/2454 2453/2453/2453
f 1544/1544/1544 1541/1541/1541 2465/2465/2465
f 1544/1544/1544 2465/2465/2465 2466/2466/2466
f 1541/1541/1541 1540/1540/1540 2462/2462/2462
f 1541/1541/1541 2462/2462/2462 2465/2465/2465
f 2465/2465/2465 2462/2462/2462 2461/2461/2461
f 2465/2465/2465 2461/2461/2461 2467/2467/2467
f 2466/2466/2466 2465/2465/2465 2467/2467/2467
f 2466/2466/2466 2467/2467/2467 2468/2468/2468
f 1841/1841/1841 1986/1986/1986 2469/2469/2469
f 1841/1841/1841 2469/2469/2469 2470/2470/2470
f 1986/1986/1986 1544/1544/1544 2466/2466/2466
f 1986/1986/1986 2466/2466/2466 2469/2469/2469
f 2469/2469/2469 2466/2466/2466 2468/2468/2468
f 2469/2469/2469 2468/2468/2468 2471/2471/2471
f 2470/2470/2470 2469/2469/2469 2471/2471/2471
f 2470/2470/2470 2471/2471/2471 2472/2472/2472
f 2473/2473/2473 2474/2474/2474 2475/2475/2475
f 2473/2473/2473 2475/2475/2475 2476/2476/2476
f 2474/2474/2474 1845/1845/1845 1842/1842/1842
f 2474/2474/2474 1842/1842/1842 2475/2475/2475
f 2475/2475/2475 1842/1842/1842 1841/1841/1841
f 2475/2475/2475 1841/1841/1841 2470/2470/2470
f 2476/2476/2476 2475/2475/2475 2470/2470/2470
f 2476/2476/2476 2470/2470/2470 2472/2472/2472
f 1978/1978/1978 1976/1976/1976 2477/2477/2477
f 1978/1978/1978 2477/2477/2477 2478/2478/2478
f 1976/1976/1976 1845/1845/1845 2474/2474/2474
f 1976/1976/1976 2474/2474/2474 2477/2477/2477
f 2477/2477/2477 2474/2474/2474 2473/2473/2473
f 2477/2477/2477 2473/2473/2473 2479/2479/2479
f 2478/2478/2478 2477/2477/2477 2479/2479/2479
f 2478/2478/2478 2479/2479/2479 2480/2480/2480
f 2481/2481/2481 2482/2482/2482 2483/2483/2483
f 2481/2481/2481 2483/2483/2483 2484/2484/2484
f 2482/2482/2482 1928/1928/1928 2021/2021/2021
f 2482/2482/2482 2021/2021/2021 2483/2483/2483
f 2483/2483/2483 2021/2021/2021 1978/1978/1978
f 2483/2483/2483 1978/1978/1978 2478/2478/2478
f 2484/2484/2484 2483/2483/2483 2478/2478/2478
f 2484/2484/2484 2478/2478/2478 2480/2480/2480
f 1932/1932/1932 1929/1929/1929 2485/2485/2485
f 1932/1932/1932 2485/2485/2485 2486/2486/2486
f 1929/1929/1929 1928/1928/1928 2482/2482/2482
f 1929/1929/1929 2482/2482/2482 2485/2485/2485
f 2485/2485/2485 2482/2482/2482 2481/2481/2481
f 2485/2485/2485 2481/2481/2481 2487/2487/2487
f 2486/2486/2486 2485/2485/2485 2487/2487/2487
f 2486/2486/2486 2487/2487/2487 2488/2488/2488
f 2489/2489/2489 2490/2490/2490 2491/2491/2491
f 2489/2489/2489 2491/2491/2491 2492/2492/2492
f 2490/2490/2490 1489/1489/1489 2050/2050/2050
f 2490/2490/2490 2050/2050/2050 2491/2491/2491
f 2491/2491/2491 2050/2050/2050 1932/1932/1932
f 2491/2491/2491 1932/1932/1932 2486/2486/2486
f 2492/2492/2492 2491/2491/2491 2486/2486/2486
f 2492/2492/2492 2486/2486/2486 2488/2488/2488
f 2489/2489/2489 2493/2493/2493 2494/2494/2494
f 2489/2489/2489 2494/2494/2494 2490/2490/2490
f 2493/2493/2493 2495/2495/2495 2496/2496/2496
f 2493/2493/2493 2496/2496/2496 2494/2494/2494
f 2494/2494/2494 2496/2496/2496 1493/1493/1493
f 2494/2494/2494 1493/1493/1493 1490/1490/1490
f 2490/2490/2490 2494/2494/2494 1490/1490/1490
f 2490/2490/2490 1490/1490/1490 1489/1489/1489
f 2497/2497/2497 2498/2498/2498 2499/2499/2499
f 2497/2497/2497 2499/2499/2499 2500/2500/2500
f 2498/2498/2498 2217/2217/2217 2339/2339/2339
f 2498/2498/2498 2339/2339/2339 2499/2499/2499
f 2499/2499/2499 2339/2339/2339 1493/1493/1493
f 2499/2499/2499 1493/1493/1493 2496/2496/2496
f 2500/2500/2500 2499/2499/2499 2496/2496/2496
f 2500/2500/2500 2496/2496/2496 2495/2495/2495
f 2501/2501/2501 2502/2502/2502 2503/2503/2503
f 2501/2501/2501 2503/2503/2503 2504/2504/2504
f 2502/2502/2502 2134/2134/2134 2218/2218/2218
f 2502/2502/2502 2218/2218/2218 2503/2503/2503
f 2503/2503/2503 2218/2218/2218 2217/2217/2217
f 2503/2503/2503 2217/2217/2217 2498/2498/2498
f 2504/2504/2504 2503/2503/2503 2498/2498/2498
f 2504/2504/2504 2498/2498/2498 2497/2497/2497
f 2505/2505/2505 2506/2506/2506 2507/2507/2507
f 2505/2505/2505 2507/2507/2507 2508/2508/2508
f 2506/2506/2506 2509/2509/2509 2510/2510/2510
f 2506/2506/2506 2510/2510/2510 2507/2507/2507
f 2507/2507/2507 2510/2510/2510 2134/2134/2134
f 2507/2507/2507 2134/2134/2134 2502/2502/2502
f 2508/2508/2508 2507/2507/2507 2502/2502/2502
f 2508/2508/2508 2502/2502/2502 2501/2501/2501
f 1421/1421/1421 2511/2511/2511 2512/2512/2512
f 1421/1421/1421 2512/2512/2512 1422/1422/1422
f 2511/2511/2511 2140/2140/2140 2139/2139/2139
f 2511/2511/2511 2139/2139/2139 2512/2512/2512
f 2512/2512/2512 2139/2139/2139 2138/2138/2138
f 2512/2512/2512 2138/2138/2138 2513/2513/2513
f 1422/1422/1422 2512/2512/2512 2513/2513/2513
f 1422/1422/1422 2513/2513/2513 1423/1423/1423
f 1448/1448/1448 2514/2514/2514 2515/2515/2515
f 1448/1448/1448 2515/2515/2515 1449/1449/1449
f 2514/2514/2514 2146/2146/2146 2145/2145/2145
f 2514/2514/2514 2145/2145/2145 2515/2515/2515
f 2515/2515/2515 2145/2145/2145 2140/2140/2140
f 2515/2515/2515 2140/2140/2140 2511/2511/2511
f 1449/1449/1449 2515/2515/2515 2511/2511/2511
f 1449/1449/1449 2511/2511/2511 1421/1421/1421
f 2148/2148/2148 2147/2147/2147 2516/2516/2516
f 2148/2148/2148 2516/2516/2516 2517/2517/2517
f 2147/2147/2147 2146/2146/2146 2514/2514/2514
f 2147/2147/2147 2514/2514/2514 2516/2516/2516
f 2516/2516/2516 2514/2514/2514 1448/1448/1448
f 2516/2516/2516 1448/1448/1448 2518/2518/2518
f 2517/2517/2517 2516/2516/2516 2518/2518/2518
f 2517/2517/2517 2518/2518/2518 2519/2519/2519
f 2226/2226/2226 2225/2225/2225 2520/2520/2520
f 2226/2226/2226 2520/2520/2520 2521/2521/2521
f 2225/2225/2225 2148/2148/2148 2517/2517/2517
f 2225/2225/2225 2517/2517/2517 2520/2520/2520
f 2520/2520/2520 2517/2517/2517 2519/2519/2519
f 2520/2520/2520 2519/2519/2519 2522/2522/2522
f 2521/2521/2521 2520/2520/2520 2522/2522/2522
f 2521/2521/2521 2522/2522/2522 2523/2523/2523
f 1510/1510/1510 2343/2343/2343 2524/2524/2524
f 1510/1510/1510 2524/2524/2524 2525/2525/2525
f 2343/2343/2343 2226/2226/2226 2521/2521/2521
f 2343/2343/2343 2521/2521/2521 2524/2524/2524
f 2524/2524/2524 2521/2521/2521 2523/2523/2523
f 2524/2524/2524 2523/2523/2523 2526/2526/2526
f 2525/2525/2525 2524/2524/2524 2526/2526/2526
f 2525/2525/2525 2526/2526/2526 2527/2527/2527
f 1510/1510/1510 2525/2525/2525 2528/2528/2528
f 1510/1510/1510 2528/2528/2528 1511/1511/1511
f 2525/2525/2525 2527/2527/2527 2529/2529/2529
f 2525/2525/2525 2529/2529/2529 2528/2528/2528
f 2528/2528/2528 2529/2529/2529 2530/2530/2530
f 2528/2528/2528 2530/2530/2530 2531/2531/2531
f 1511/1511/1511 2528/2528/2528 2531/2531/2531
f 1511/1511/1511 2531/2531/2531 1512/1512/1512
f 1925/1925/1925 2049/2049/2049 2532/2532/2532
f 1925/1925/1925 2532/2532/2532 2533/2533/2533
f 2049/2049/2049 1512/1512/1512 2531/2531/2531
f 2049/2049/2049 2531/2531/2531 2532/2532/2532
f 2532/2532/2532 2531/2531/2531 2530/2530/2530
f 2532/2532/2532 2530/2530/2530 2534/2534/2534
f 2533/2533/2533 2532/2532/2532 2534/2534/2534
f 2533/2533/2533 2534/2534/2534 2535/2535/2535
f 1927/1927/1927 1926/1926/1926 2536/2536/2536
f 1927/1927/1927 2536/2536/2536 2537/2537/2537
f 1926/1926/1926 1925/1925/1925 2533/2533/2533
f 1926/1926/1926 2533/2533/2533 2536/2536/2536
f 2536/2536/2536 2533/2533/2533 2535/2535/2535
f 2536/2536/2536 2535/2535/2535 2538/2538/2538
f 2537/2537/2537 2536/2536/2536 2538/2538/2538
f 2537/2537/2537 2538/2538/2538 2539/2539/2539
f 1974/1974/1974 2020/2020/2020 2540/2540/2540
f 1974/1974/1974 2540/2540/2540 2541/2541/2541
f 2020/2020/2020 1927/1927/1927 2537/2537/2537
f 2020/2020/2020 2537/2537/2537 2540/2540/2540
f 2540/2540/2540 2537/2537/2537 2539/2539/2539
f 2540/2540/2540 2539/2539/2539 2542/2542/2542
f 2541/2541/2541 2540/2540/2540 2542/2542/2542
f 2541/2541/2541 2542/2542/2542 2543/2543/2543
f 1838/1838/1838 1975/1975/1975 2544/2544/2544
f 1838/1838/1838 2544/2544/2544 2545/2545/2545
f 1975/1975/1975 1974/1974/1974 2541/2541/2541
f 1975/1975/1975 2541/2541/2541 2544/2544/2544
f 2544/2544/2544 2541/2541/2541 2543/2543/2543
f 2544/2544/2544 2543/2543/2543 2546/2546/2546
f 2545/2545/2545 2544/2544/2544 2546/2546/2546
f 2545/2545/2545 2546/2546/2546 2547/2547/2547
f 1840/1840/1840 1839/1839/1839 2548/2548/2548
f 1840/1840/1840 2548/2548/2548 2549/2549/2549
f 1839/1839/1839 1838/1838/1838 2545/2545/2545
f 1839/1839/1839 2545/2545/2545 2548/2548/2548
f 2548/2548/2548 2545/2545/2545 2547/2547/2547
f 2548/2548/2548 2547/2547/2547 2550/2550/2550
f 2549/2549/2549 2548/2548/2548 2550/2550/2550
f 2549/2549/2549 2550/2550/2550 2551/2551/2551
f 1552/1552/1552 1990/1990/1990 2552/2552/2552
f 1552/1552/1552 2552/2552/2552 2553/2553/2553
f 1990/1990/1990 1840/1840/1840 2549/2549/2549
f 1990/1990/1990 2549/2549/2549 2552/2552/2552
f 2552/2552/2552 2549/2549/2549 2551/2551/2551
f 2552/2552/2552 2551/2551/2551 2554/2554/2554
f 2553/2553/2553 2552/2552/2552 2554/2554/2554
f 2553/2553/2553 2554/2554/2554 2555/2555/2555
f 1554/1554/1554 1553/1553/1553 2556/2556/2556
f 1554/1554/1554 2556/2556/2556 2557/2557/2557
f 1553/1553/1553 1552/1552/1552 2553/2553/2553
f 1553/1553/1553 2553/2553/2553 2556/2556/2556
f 2556/2556/2556 2553/2553/2553 2555/2555/2555
f 2556/2556/2556 2555/2555/2555 2558/2558/2558
f 2557/2557/2557 2556/2556/2556 2558/2558/2558
f 2557/2557/2557 2558/2558/2558 2559/2559/2559
f 1635/1635/1635 1634/1634/1634 2560/2560/2560
f 1635/1635/1635 2560/2560/2560 2561/2561/2561
f 1634/1634/1634 1554/1554/1554 2557/2557/2557
f 1634/1634/1634 2557/2557/2557 2560/2560/2560
f 2560/2560/2560 2557/2557/2557 2559/2559/2559
f 2560/2560/2560 2559/2559/2559 2562/2562/2562
f 2561/2561/2561 2560/2560/2560 2562/2562/2562
f 2561/2561/2561 2562/2562/2562 2563/2563/2563
f 2564/2564/2564 2565/2565/2565 2566/2566/2566
f 2564/2564/2564 2566/2566/2566 2567/2567/2567
f 2565/2565/2565 2568/2568/2568 2569/2569/2569
f 2565/2565/2565 2569/2569/2569 2566/2566/2566
f 2566/2566/2566 2569/2569/2569 1635/1635/1635
f 2566/2566/2566 1635/1635/1635 2561/2561/2561
f 2567/2567/2567 2566/2566/2566 2561/2561/2561
f 2567/2567/2567 2561/2561/2561 2563/2563/2563
f 334/334/334 1743/1743/1743 2570/2570/2570
f 334/334/334 2570/2570/2570 1205/1205/1205
f 1743/1743/1743 1742/1742/1742 2571/2571/2571
f 1743/1743/1743 2571/2571/2571 2570/2570/2570
f 2570/2570/2570 2571/2571/2571 2572/2572/2572
f 2570/2570/2570 2572/2572/2572 2573/2573/2573
f 1205/1205/1205 2570/2570/2570 2573/2573/2573
f 1205/1205/1205 2573/2573/2573 1207/1207/1207
f 2574/2574/2574 2575/2575/2575 2576/2576/2576
f 2574/2574/2574 2576/2576/2576 2577/2577/2577
f 2575/2575/2575 1754/1754/1754 1752/1752/1752
f 2575/2575/2575 1752/1752/1752 2576/2576/2576
f 2576/2576/2576 1752/1752/1752 351/351/351
f 2576/2576/2576 351/351/351 1216/1216/1216
f 2577/2577/2577 2576/2576/2576 1216/1216/1216
f 2577/2577/2577 1216/1216/1216 1215/1215/1215
f 2578/2578/2578 2579/2579/2579 2580/2580/2580
f 2578/2578/2578 2580/2580/2580 2581/2581/2581
f 2579/2579/2579 1465/1465/1465 1468/1468/1468
f 2579/2579/2579 1468/1468/1468 2580/2580/2580
f 2580/2580/2580 1468/1468/1468 1434/1434/1434
f 2580/2580/2580 1434/1434/1434 2582/2582/2582
f 2581/2581/2581 2580/2580/2580 2582/2582/2582
f 2581/2581/2581 2582/2582/2582 2583/2583/2583
f 1432/1432/1432 2584/2584/2584 2585/2585/2585
f 1432/1432/1432 2585/2585/2585 1433/1433/1433
f 2584/2584/2584 2586/2586/2586 2587/2587/2587
f 2584/2584/2584 2587/2587/2587 2585/2585/2585
f 2585/2585/2585 2587/2587/2587 2583/2583/2583
f 2585/2585/2585 2583/2583/2583 2582/2582/2582
f 1433/1433/1433 2585/2585/2585 2582/2582/2582
f 1433/1433/1433 2582/2582/2582 1434/1434/1434
f 2588/2588/2588 2589/2589/2589 2590/2590/2590
f 2588/2588/2588 2590/2590/2590 2591/2591/2591
f 2589/2589/2589 1435/1435/1435 1438/1438/1438
f 2589/2589/2589 1438/1438/1438 2590/2590/2590
f 2590/2590/2590 1438/1438/1438 1443/1443/1443
f 2590/2590/2590 1443/1443/1443 2592/2592/2592
f 2591/2591/2591 2590/2590/2590 2592/2592/2592
f 2591/2591/2591 2592/2592/2592 2593/2593/2593
f 1463/1463/1463 2594/2594/2594 2595/2595/2595
f 1463/1463/1463 2595/2595/2595 1464/1464/1464
f 2594/2594/2594 2596/2596/2596 2597/2597/2597
f 2594/2594/2594 2597/2597/2597 2595/2595/2595
f 2595/2595/2595 2597/2597/2597 2593/2593/2593
f 2595/2595/2595 2593/2593/2593 2592/2592/2592
f 1464/1464/1464 2595/2595/2595 2592/2592/2592
f 1464/1464/1464 2592/2592/2592 1443/1443/1443
f 2598/2598/2598 2599/2599/2599 2600/2600/2600
f 2598/2598/2598 2600/2600/2600 2601/2601/2601
f 2599/2599/2599 1792/1792/1792 1795/1795/1795
f 2599/2599/2599 1795/1795/1795 2600/2600/2600
f 2600/2600/2600 1795/1795/1795 417/417/417
f 2600/2600/2600 417/417/417 1242/1242/1242
f 2601/2601/2601 2600/2600/2600 1242/1242/1242
f 2601/2601/2601 1242/1242/1242 1241/1241/1241
f 1772/1772/1772 2602/2602/2602 2603/2603/2603
f 1772/1772/1772 2603/2603/2603 1773/1773/1773
f 2602/2602/2602 2604/2604/2604 2605/2605/2605
f 2602/2602/2602 2605/2605/2605 2603/2603/2603
f 2603/2603/2603 2605/2605/2605 1246/1246/1246
f 2603/2603/2603 1246/1246/1246 1245/1245/1245
f 1773/1773/1773 2603/2603/2603 1245/1245/1245
f 1773/1773/1773 1245/1245/1245 381/381/381
f 2606/2606/2606 2607/2607/2607 2608/2608/2608
f 2606/2606/2606 2608/2608/2608 2609/2609/2609
f 2607/2607/2607 2578/2578/2578 2581/2581/2581
f 2607/2607/2607 2581/2581/2581 2608/2608/2608
f 2608/2608/2608 2581/2581/2581 2583/2583/2583
f 2608/2608/2608 2583/2583/2583 2610/2610/2610
f 2609/2609/2609 2608/2608/2608 2610/2610/2610
f 2609/2609/2609 2610/2610/2610 2611/2611/2611
f 2586/2586/2586 2612/2612/2612 2613/2613/2613
f 2586/2586/2586 2613/2613/2613 2587/2587/2587
f 2612/2612/2612 2614/2614/2614 2615/2615/2615
f 2612/2612/2612 2615/2615/2615 2613/2613/2613
f 2613/2613/2613 2615/2615/2615 2611/2611/2611
f 2613/2613/2613 2611/2611/2611 2610/2610/2610
f 2587/2587/2587 2613/2613/2613 2610/2610/2610
f 2587/2587/2587 2610/2610/2610 2583/2583/2583
f 2616/2616/2616 2617/2617/2617 2618/2618/2618
f 2616/2616/2616 2618/2618/2618 2619/2619/2619
f 2617/2617/2617 2588/2588/2588 2591/2591/2591
f 2617/2617/2617 2591/2591/2591 2618/2618/2618
f 2618/2618/2618 2591/2591/2591 2593/2593/2593
f 2618/2618/2618 2593/2593/2593 2620/2620/2620
f 2619/2619/2619 2618/2618/2618 2620/2620/2620
f 2619/2619/2619 2620/2620/2620 2621/2621/2621
f 2596/2596/2596 2622/2622/2622 2623/2623/2623
f 2596/2596/2596 2623/2623/2623 2597/2597/2597
f 2622/2622/2622 2624/2624/2624 2625/2625/2625
f 2622/2622/2622 2625/2625/2625 2623/2623/2623
f 2623/2623/2623 2625/2625/2625 2621/2621/2621
f 2623/2623/2623 2621/2621/2621 2620/2620/2620
f 2597/2597/2597 2623/2623/2623 2620/2620/2620
f 2597/2597/2597 2620/2620/2620 2593/2593/2593
f 2626/2626/2626 2627/2627/2627 2628/2628/2628
f 2626/2626/2626 2628/2628/2628 2629/2629/2629
f 2627/2627/2627 2598/2598/2598 2601/2601/2601
f 2627/2627/2627 2601/2601/2601 2628/2628/2628
f 2628/2628/2628 2601/2601/2601 1241/1241/1241
f 2628/2628/2628 1241/1241/1241 1274/1274/1274
f 2629/2629/2629 2628/2628/2628 1274/1274/1274
f 2629/2629/2629 1274/1274/1274 1273/1273/1273
f 2630/2630/2630 2631/2631/2631 2632/2632/2632
f 2630/2630/2630 2632/2632/2632 2633/2633/2633
f 2634/2634/2634 2635/2635/2635 2632/2632/2632
f 2634/2634/2634 2632/2632/2632 2631/2631/2631
f 1283/1283/1283 1282/1282/1282 2632/2632/2632
f 1283/1283/1283 2632/2632/2632 2635/2635/2635
f 1281/1281/1281 1280/1280/1280 2632/2632/2632
f 1281/1281/1281 2632/2632/2632 1282/1282/1282
f 1279/1279/1279 2633/2633/2633 2632/2632/2632
f 1279/1279/1279 2632/2632/2632 1280/1280/1280
f 2116/2116/2116 2636/2636/2636 2637/2637/2637
f 2116/2116/2116 2637/2637/2637 2117/2117/2117
f 2636/2636/2636 2606/2606/2606 2609/2609/2609
f 2636/2636/2636 2609/2609/2609 2637/2637/2637
f 2637/2637/2637 2609/2609/2609 2611/2611/2611
f 2637/2637/2637 2611/2611/2611 2638/2638/2638
f 2117/2117/2117 2637/2637/2637 2638/2638/2638
f 2117/2117/2117 2638/2638/2638 1650/1650/1650
f 2614/2614/2614 2639/2639/2639 2640/2640/2640
f 2614/2614/2614 2640/2640/2640 2615/2615/2615
f 2639/2639/2639 1645/1645/1645 1648/1648/1648
f 2639/2639/2639 1648/1648/1648 2640/2640/2640
f 2640/2640/2640 1648/1648/1648 1650/1650/1650
f 2640/2640/2640 1650/1650/1650 2638/2638/2638
f 2615/2615/2615 2640/2640/2640 2638/2638/2638
f 2615/2615/2615 2638/2638/2638 2611/2611/2611
f 1644/1644/1644 2641/2641/2641 2642/2642/2642
f 1644/1644/1644 2642/2642/2642 1642/1642/1642
f 2641/2641/2641 2616/2616/2616 2619/2619/2619
f 2641/2641/2641 2619/2619/2619 2642/2642/2642
f 2642/2642/2642 2619/2619/2619 2621/2621/2621
f 2642/2642/2642 2621/2621/2621 2643/2643/2643
f 1642/1642/1642 2642/2642/2642 2643/2643/2643
f 1642/1642/1642 2643/2643/2643 1639/1639/1639
f 2624/2624/2624 2644/2644/2644 2645/2645/2645
f 2624/2624/2624 2645/2645/2645 2625/2625/2625
f 2644/2644/2644 2058/2058/2058 2055/2055/2055
f 2644/2644/2644 2055/2055/2055 2645/2645/2645
f 2645/2645/2645 2055/2055/2055 1639/1639/1639
f 2645/2645/2645 1639/1639/1639 2643/2643/2643
f 2625/2625/2625 2645/2645/2645 2643/2643/2643
f 2625/2625/2625 2643/2643/2643 2621/2621/2621
f 2127/2127/2127 2646/2646/2646 2647/2647/2647
f 2127/2127/2127 2647/2647/2647 2125/2125/2125
f 2646/2646/2646 2626/2626/2626 2629/2629/2629
f 2646/2646/2646 2629/2629/2629 2647/2647/2647
f 2647/2647/2647 2629/2629/2629 1273/1273/1273
f 2647/2647/2647 1273/1273/1273 1298/1298/1298
f 2125/2125/2125 2647/2647/2647 1298/1298/1298
f 2125/2125/2125 1298/1298/1298 749/749/749
f 2648/2648/2648 2649/2649/2649 2650/2650/2650
f 2648/2648/2648 2650/2650/2650 2651/2651/2651
f 2649/2649/2649 1304/1304/1304 1303/1303/1303
f 2649/2649/2649 1303/1303/1303 2650/2650/2650
f 2650/2650/2650 1303/1303/1303 1283/1283/1283
f 2650/2650/2650 1283/1283/1283 2635/2635/2635
f 2651/2651/2651 2650/2650/2650 2635/2635/2635
f 2651/2651/2651 2635/2635/2635 2634/2634/2634
f 2578/2578/2578 2607/2607/2607 2652/2652/2652
f 2578/2578/2578 2652/2652/2652 2653/2653/2653
f 2607/2607/2607 2606/2606/2606 2654/2654/2654
f 2607/2607/2607 2654/2654/2654 2652/2652/2652
f 2652/2652/2652 2654/2654/2654 2655/2655/2655
f 2652/2652/2652 2655/2655/2655 2656/2656/2656
f 2653/2653/2653 2652/2652/2652 2656/2656/2656
f 2653/2653/2653 2656/2656/2656 2604/2604/2604
f 1465/1465/1465 2579/2579/2579 2657/2657/2657
f 1465/1465/1465 2657/2657/2657 2658/2658/2658
f 2579/2579/2579 2578/2578/2578 2653/2653/2653
f 2579/2579/2579 2653/2653/2653 2657/2657/2657
f 2657/2657/2657 2653/2653/2653 2604/2604/2604
f 2657/2657/2657 2604/2604/2604 2602/2602/2602
f 2658/2658/2658 2657/2657/2657 2602/2602/2602
f 2658/2658/2658 2602/2602/2602 1772/1772/1772
f 1770/1770/1770 2659/2659/2659 2660/2660/2660
f 1770/1770/1770 2660/2660/2660 1771/1771/1771
f 2659/2659/2659 1469/1469/1469 1466/1466/1466
f 2659/2659/2659 1466/1466/1466 2660/2660/2660
f 2660/2660/2660 1466/1466/1466 1465/1465/1465
f 2660/2660/2660 1465/1465/1465 2658/2658/2658
f 1771/1771/1771 2660/2660/2660 2658/2658/2658
f 1771/1771/1771 2658/2658/2658 1772/1772/1772
f 1776/1776/1776 2661/2661/2661 2662/2662/2662
f 1776/1776/1776 2662/2662/2662 1777/1777/1777
f 2661/2661/2661 1426/1426/1426 1470/1470/1470
f 2661/2661/2661 1470/1470/1470 2662/2662/2662
f 2662/2662/2662 1470/1470/1470 1469/1469/1469
f 2662/2662/2662 1469/1469/1469 2659/2659/2659
f 1777/1777/1777 2662/2662/2662 2659/2659/2659
f 1777/1777/1777 2659/2659/2659 1770/1770/1770
f 1780/1780/1780 2663/2663/2663 2664/2664/2664
f 1780/1780/1780 2664/2664/2664 1781/1781/1781
f 2663/2663/2663 1430/1430/1430 1427/1427/1427
f 2663/2663/2663 1427/1427/1427 2664/2664/2664
f 2664/2664/2664 1427/1427/1427 1426/1426/1426
f 2664/2664/2664 1426/1426/1426 2661/2661/2661
f 1781/1781/1781 2664/2664/2664 2661/2661/2661
f 1781/1781/1781 2661/2661/2661 1776/1776/1776
f 1784/1784/1784 2665/2665/2665 2666/2666/2666
f 1784/1784/1784 2666/2666/2666 1785/1785/1785
f 2665/2665/2665 1441/1441/1441 1440/1440/1440
f 2665/2665/2665 1440/1440/1440 2666/2666/2666
f 2666/2666/2666 1440/1440/1440 1439/1439/1439
f 2666/2666/2666 1439/1439/1439 2667/2667/2667
f 1785/1785/1785 2666/2666/2666 2667/2667/2667
f 1785/1785/1785 2667/2667/2667 1786/1786/1786
f 1790/1790/1790 2668/2668/2668 2669/2669/2669
f 1790/1790/1790 2669/2669/2669 1791/1791/1791
f 2668/2668/2668 1461/1461/1461 1459/1459/1459
f 2668/2668/2668 1459/1459/1459 2669/2669/2669
f 2669/2669/2669 1459/1459/1459 1441/1441/1441
f 2669/2669/2669 1441/1441/1441 2665/2665/2665
f 1791/1791/1791 2669/2669/2669 2665/2665/2665
f 1791/1791/1791 2665/2665/2665 1784/1784/1784
f 1463/1463/1463 1462/1462/1462 2670/2670/2670
f 1463/1463/1463 2670/2670/2670 2671/2671/2671
f 1462/1462/1462 1461/1461/1461 2668/2668/2668
f 1462/1462/1462 2668/2668/2668 2670/2670/2670
f 2670/2670/2670 2668/2668/2668 1790/1790/1790
f 2670/2670/2670 1790/1790/1790 1793/1793/1793
f 2671/2671/2671 2670/2670/2670 1793/1793/1793
f 2671/2671/2671 1793/1793/1793 1792/1792/1792
f 2596/2596/2596 2594/2594/2594 2672/2672/2672
f 2596/2596/2596 2672/2672/2672 2673/2673/2673
f 2594/2594/2594 1463/1463/1463 2671/2671/2671
f 2594/2594/2594 2671/2671/2671 2672/2672/2672
f 2672/2672/2672 2671/2671/2671 1792/1792/1792
f 2672/2672/2672 1792/1792/1792 2599/2599/2599
f 2673/2673/2673 2672/2672/2672 2599/2599/2599
f 2673/2673/2673 2599/2599/2599 2598/2598/2598
f 2624/2624/2624 2622/2622/2622 2674/2674/2674
f 2624/2624/2624 2674/2674/2674 2675/2675/2675
f 2622/2622/2622 2596/2596/2596 2673/2673/2673
f 2622/2622/2622 2673/2673/2673 2674/2674/2674
f 2674/2674/2674 2673/2673/2673 2598/2598/2598
f 2674/2674/2674 2598/2598/2598 2627/2627/2627
f 2675/2675/2675 2674/2674/2674 2627/2627/2627
f 2675/2675/2675 2627/2627/2627 2626/2626/2626
f 2058/2058/2058 2644/2644/2644 2676/2676/2676
f 2058/2058/2058 2676/2676/2676 2677/2677/2677
f 2644/2644/2644 2624/2624/2624 2675/2675/2675
f 2644/2644/2644 2675/2675/2675 2676/2676/2676
f 2676/2676/2676 2675/2675/2675 2626/2626/2626
f 2676/2676/2676 2626/2626/2626 2646/2646/2646
f 2677/2677/2677 2676/2676/2676 2646/2646/2646
f 2677/2677/2677 2646/2646/2646 2127/2127/2127
f 1731/1731/1731 2678/2678/2678 2679/2679/2679
f 1731/1731/1731 2679/2679/2679 2126/2126/2126
f 2678/2678/2678 1651/1651/1651 2059/2059/2059
f 2678/2678/2678 2059/2059/2059 2679/2679/2679
f 2679/2679/2679 2059/2059/2059 2058/2058/2058
f 2679/2679/2679 2058/2058/2058 2677/2677/2677
f 2126/2126/2126 2679/2679/2679 2677/2677/2677
f 2126/2126/2126 2677/2677/2677 2127/2127/2127
f 1729/1729/1729 2680/2680/2680 2681/2681/2681
f 1729/1729/1729 2681/2681/2681 1730/1730/1730
f 2680/2680/2680 1655/1655/1655 1652/1652/1652
f 2680/2680/2680 1652/1652/1652 2681/2681/2681
f 2681/2681/2681 1652/1652/1652 1651/1651/1651
f 2681/2681/2681 1651/1651/1651 2678/2678/2678
f 1730/1730/1730 2681/2681/2681 2678/2678/2678
f 1730/1730/1730 2678/2678/2678 1731/1731/1731
f 1736/1736/1736 2682/2682/2682 2683/2683/2683
f 1736/1736/1736 2683/2683/2683 2367/2367/2367
f 2682/2682/2682 1450/1450/1450 2363/2363/2363
f 2682/2682/2682 2363/2363/2363 2683/2683/2683
f 2683/2683/2683 2363/2363/2363 1655/1655/1655
f 2683/2683/2683 1655/1655/1655 2680/2680/2680
f 2367/2367/2367 2683/2683/2683 2680/2680/2680
f 2367/2367/2367 2680/2680/2680 1729/1729/1729
f 1454/1454/1454 1451/1451/1451 2684/2684/2684
f 1454/1454/1454 2684/2684/2684 2685/2685/2685
f 1451/1451/1451 1450/1450/1450 2682/2682/2682
f 1451/1451/1451 2682/2682/2682 2684/2684/2684
f 2684/2684/2684 2682/2682/2682 1736/1736/1736
f 2684/2684/2684 1736/1736/1736 1733/1733/1733
f 2685/2685/2685 2684/2684/2684 1733/1733/1733
f 2685/2685/2685 1733/1733/1733 1732/1732/1732
f 1742/1742/1742 2686/2686/2686 2687/2687/2687
f 1742/1742/1742 2687/2687/2687 2571/2571/2571
f 2686/2686/2686 2568/2568/2568 2565/2565/2565
f 2686/2686/2686 2565/2565/2565 2687/2687/2687
f 2687/2687/2687 2565/2565/2565 2564/2564/2564
f 2687/2687/2687 2564/2564/2564 2688/2688/2688
f 2571/2571/2571 2687/2687/2687 2688/2688/2688
f 2571/2571/2571 2688/2688/2688 2572/2572/2572
f 1740/1740/1740 2689/2689/2689 2690/2690/2690
f 1740/1740/1740 2690/2690/2690 1741/1741/1741
f 2689/2689/2689 1635/1635/1635 2569/2569/2569
f 2689/2689/2689 2569/2569/2569 2690/2690/2690
f 2690/2690/2690 2569/2569/2569 2568/2568/2568
f 2690/2690/2690 2568/2568/2568 2686/2686/2686
f 1741/1741/1741 2690/2690/2690 2686/2686/2686
f 1741/1741/1741 2686/2686/2686 1742/1742/1742
f 1746/1746/1746 2691/2691/2691 2692/2692/2692
f 1746/1746/1746 2692/2692/2692 1747/1747/1747
f 2691/2691/2691 1631/1631/1631 1633/1633/1633
f 2691/2691/2691 1633/1633/1633 2692/2692/2692
f 2692/2692/2692 1633/1633/1633 1635/1635/1635
f 2692/2692/2692 1635/1635/1635 2689/2689/2689
f 1747/1747/1747 2692/2692/2692 2689/2689/2689
f 1747/1747/1747 2689/2689/2689 1740/1740/1740
f 1750/1750/1750 2693/2693/2693 2694/2694/2694
f 1750/1750/1750 2694/2694/2694 1751/1751/1751
f 2693/2693/2693 1626/1626/1626 1629/1629/1629
f 2693/2693/2693 1629/1629/1629 2694/2694/2694
f 2694/2694/2694 1629/1629/1629 1631/1631/1631
f 2694/2694/2694 1631/1631/1631 2691/2691/2691
f 1751/1751/1751 2694/2694/2694 2691/2691/2691
f 1751/1751/1751 2691/2691/2691 1746/1746/1746
f 1754/1754/1754 2695/2695/2695 2696/2696/2696
f 1754/1754/1754 2696/2696/2696 1755/1755/1755
f 2695/2695/2695 2458/2458/2458 2457/2457/2457
f 2695/2695/2695 2457/2457/2457 2696/2696/2696
f 2696/2696/2696 2457/2457/2457 1626/1626/1626
f 2696/2696/2696 1626/1626/1626 2693/2693/2693
f 1755/1755/1755 2696/2696/2696 2693/2693/2693
f 1755/1755/1755 2693/2693/2693 1750/1750/1750
f 2460/2460/2460 2459/2459/2459 2697/2697/2697
f 2460/2460/2460 2697/2697/2697 2698/2698/2698
f 2459/2459/2459 2458/2458/2458 2695/2695/2695
f 2459/2459/2459 2695/2695/2695 2697/2697/2697
f 2697/2697/2697 2695/2695/2695 1754/1754/1754
f 2697/2697/2697 1754/1754/1754 2575/2575/2575
f 2698/2698/2698 2697/2697/2697 2575/2575/2575
f 2698/2698/2698 2575/2575/2575 2574/2574/2574
f 1758/1758/1758 2699/2699/2699 2700/2700/2700
f 1758/1758/1758 2700/2700/2700 1759/1759/1759
f 2699/2699/2699 1479/1479/1479 1478/1478/1478
f 2699/2699/2699 1478/1478/1478 2700/2700/2700
f 2700/2700/2700 1478/1478/1478 1477/1477/1477
f 2700/2700/2700 1477/1477/1477 2701/2701/2701
f 1759/1759/1759 2700/2700/2700 2701/2701/2701
f 1759/1759/1759 2701/2701/2701 1760/1760/1760
f 1723/1723/1723 2372/2372/2372 2702/2702/2702
f 1723/1723/1723 2702/2702/2702 2703/2703/2703
f 2372/2372/2372 1479/1479/1479 2699/2699/2699
f 2372/2372/2372 2699/2699/2699 2702/2702/2702
f 2702/2702/2702 2699/2699/2699 1758/1758/1758
f 2702/2702/2702 1758/1758/1758 2368/2368/2368
f 2703/2703/2703 2702/2702/2702 2368/2368/2368
f 2703/2703/2703 2368/2368/2368 1766/1766/1766
f 1725/1725/1725 1724/1724/1724 2704/2704/2704
f 1725/1725/1725 2704/2704/2704 2705/2705/2705
f 1724/1724/1724 1723/1723/1723 2703/2703/2703
f 1724/1724/1724 2703/2703/2703 2704/2704/2704
f 2704/2704/2704 2703/2703/2703 1766/1766/1766
f 2704/2704/2704 1766/1766/1766 1763/1763/1763
f 2705/2705/2705 2704/2704/2704 1763/1763/1763
f 2705/2705/2705 1763/1763/1763 1762/1762/1762
f 2122/2122/2122 2706/2706/2706 2707/2707/2707
f 2122/2122/2122 2707/2707/2707 2123/2123/2123
f 2706/2706/2706 2116/2116/2116 2119/2119/2119
f 2706/2706/2706 2119/2119/2119 2707/2707/2707
f 2707/2707/2707 2119/2119/2119 1725/1725/1725
f 2707/2707/2707 1725/1725/1725 2705/2705/2705
f 2123/2123/2123 2707/2707/2707 2705/2705/2705
f 2123/2123/2123 2705/2705/2705 1762/1762/1762
f 2606/2606/2606 2636/2636/2636 2708/2708/2708
f 2606/2606/2606 2708/2708/2708 2654/2654/2654
f 2636/2636/2636 2116/2116/2116 2706/2706/2706
f 2636/2636/2636 2706/2706/2706 2708/2708/2708
f 2708/2708/2708 2706/2706/2706 2122/2122/2122
f 2708/2708/2708 2122/2122/2122 2709/2709/2709
f 2654/2654/2654 2708/2708/2708 2709/2709/2709
f 2654/2654/2654 2709/2709/2709 2655/2655/2655
f 2710/2710/2710 2711/2711/2711 2712/2712/2712
f 2710/2710/2710 2712/2712/2712 2713/2713/2713
f 2711/2711/2711 2630/2630/2630 2633/2633/2633
f 2711/2711/2711 2633/2633/2633 2712/2712/2712
f 2712/2712/2712 2633/2633/2633 1279/1279/1279
f 2712/2712/2712 1279/1279/1279 2714/2714/2714
f 2713/2713/2713 2712/2712/2712 2714/2714/2714
f 2713/2713/2713 2714/2714/2714 2715/2715/2715
f 2716/2716/2716 2717/2717/2717 2718/2718/2718
f 2716/2716/2716 2718/2718/2718 2719/2719/2719
f 2717/2717/2717 2634/2634/2634 2631/2631/2631
f 2717/2717/2717 2631/2631/2631 2718/2718/2718
f 2718/2718/2718 2631/2631/2631 2630/2630/2630
f 2718/2718/2718 2630/2630/2630 2711/2711/2711
f 2719/2719/2719 2718/2718/2718 2711/2711/2711
f 2719/2719/2719 2711/2711/2711 2710/2710/2710
f 2720/2720/2720 2721/2721/2721 2722/2722/2722
f 2720/2720/2720 2722/2722/2722 2723/2723/2723
f 2721/2721/2721 2648/2648/2648 2651/2651/2651
f 2721/2721/2721 2651/2651/2651 2722/2722/2722
f 2722/2722/2722 2651/2651/2651 2634/2634/2634
f 2722/2722/2722 2634/2634/2634 2717/2717/2717
f 2723/2723/2723 2722/2722/2722 2717/2717/2717
f 2723/2723/2723 2717/2717/2717 2716/2716/2716
f 2724/2724/2724 2725/2725/2725 2726/2726/2726
f 2724/2724/2724 2726/2726/2726 2727/2727/2727
f 2725/2725/2725 1304/1304/1304 2649/2649/2649
f 2725/2725/2725 2649/2649/2649 2726/2726/2726
f 2726/2726/2726 2649/2649/2649 2648/2648/2648
f 2726/2726/2726 2648/2648/2648 2721/2721/2721
f 2727/2727/2727 2726/2726/2726 2721/2721/2721
f 2727/2727/2727 2721/2721/2721 2720/2720/2720
f 2728/2728/2728 2729/2729/2729 2730/2730/2730
f 2728/2728/2728 2730/2730/2730 2731/2731/2731
f 2729/2729/2729 2724/2724/2724 2727/2727/2727
f 2729/2729/2729 2727/2727/2727 2730/2730/2730
f 2730/2730/2730 2727/2727/2727 2720/2720/2720
f 2730/2730/2730 2720/2720/2720 2732/2732/2732
f 2731/2731/2731 2730/2730/2730 2732/2732/2732
f 2731/2731/2731 2732/2732/2732 2733/2733/2733
f 2733/2733/2733 2732/2732/2732 2734/2734/2734
f 2733/2733/2733 2734/2734/2734 2735/2735/2735
f 2732/2732/2732 2720/2720/2720 2723/2723/2723
f 2732/2732/2732 2723/2723/2723 2734/2734/2734
f 2734/2734/2734 2723/2723/2723 2716/2716/2716
f 2734/2734/2734 2716/2716/2716 2736/2736/2736
f 2735/2735/2735 2734/2734/2734 2736/2736/2736
f 2735/2735/2735 2736/2736/2736 2737/2737/2737
f 2737/2737/2737 2736/2736/2736 2738/2738/2738
f 2737/2737/2737 2738/2738/2738 2739/2739/2739
f 2736/2736/2736 2716/2716/2716 2719/2719/2719
f 2736/2736/2736 2719/2719/2719 2738/2738/2738
f 2738/2738/2738 2719/2719/2719 2710/2710/2710
f 2738/2738/2738 2710/2710/2710 2740/2740/2740
f 2739/2739/2739 2738/2738/2738 2740/2740/2740
f 2739/2739/2739 2740/2740/2740 2741/2741/2741
f 2741/2741/2741 2740/2740/2740 2742/2742/2742
f 2741/2741/2741 2742/2742/2742 2743/2743/2743
f 2740/2740/2740 2710/2710/2710 2713/2713/2713
f 2740/2740/2740 2713/2713/2713 2742/2742/2742
f 2742/2742/2742 2713/2713/2713 2715/2715/2715
f 2742/2742/2742 2715/2715/2715 2744/2744/2744
f 2743/2743/2743 2742/2742/2742 2744/2744/2744
f 2743/2743/2743 2744/2744/2744 2745/2745/2745
f 743/743/743 1400/1400/1400 2746/2746/2746
f 743/743/743 2746/2746/2746 2120/2120/2120
f 1400/1400/1400 1404/1404/1404 2747/2747/2747
f 1400/1400/1400 2747/2747/2747 2746/2746/2746
f 2746/2746/2746 2747/2747/2747 2748/2748/2748
f 2746/2746/2746 2748/2748/2748 2749/2749/2749
f 2120/2120/2120 2746/2746/2746 2749/2749/2749
f 2120/2120/2120 2749/2749/2749 2122/2122/2122
f 2122/2122/2122 2749/2749/2749 2750/2750/2750
f 2122/2122/2122 2750/2750/2750 2709/2709/2709
f 2749/2749/2749 2748/2748/2748 2751/2751/2751
f 2749/2749/2749 2751/2751/2751 2750/2750/2750
f 2750/2750/2750 2751/2751/2751 2752/2752/2752
f 2750/2750/2750 2752/2752/2752 2753/2753/2753
f 2709/2709/2709 2750/2750/2750 2753/2753/2753
f 2709/2709/2709 2753/2753/2753 2655/2655/2655
f 2655/2655/2655 2753/2753/2753 2754/2754/2754
f 2655/2655/2655 2754/2754/2754 2656/2656/2656
f 2753/2753/2753 2752/2752/2752 2755/2755/2755
f 2753/2753/2753 2755/2755/2755 2754/2754/2754
f 2754/2754/2754 2755/2755/2755 2756/2756/2756
f 2754/2754/2754 2756/2756/2756 2757/2757/2757
f 2656/2656/2656 2754/2754/2754 2757/2757/2757
f 2656/2656/2656 2757/2757/2757 2604/2604/2604
f 2604/2604/2604 2757/2757/2757 2758/2758/2758
f 2604/2604/2604 2758/2758/2758 2605/2605/2605
f 2757/2757/2757 2756/2756/2756 2759/2759/2759
f 2757/2757/2757 2759/2759/2759 2758/2758/2758
f 2758/2758/2758 2759/2759/2759 1415/1415/1415
f 2758/2758/2758 1415/1415/1415 1414/1414/1414
f 2605/2605/2605 2758/2758/2758 1414/1414/1414
f 2605/2605/2605 1414/1414/1414 1246/1246/1246
