# vaiseau_aileron_03_vaiseau_aileron1_03_0_48
v 0.213073 -0.320376 1.284353
v 0.214592 -0.284138 1.292966
v 0.214264 -0.284138 1.291105
v 0.212917 -0.320376 1.283464
v 0.216171 -0.240770 1.301920
v 0.215665 -0.240770 1.299048
v 0.215160 -0.240770 1.296185
v 0.213937 -0.284138 1.289250
v 0.212761 -0.320376 1.282578
v 0.105925 -0.348843 1.300070
v 0.113309 -0.347583 1.298769
v 0.113214 -0.347583 1.298227
v 0.105830 -0.348843 1.299529
v 0.114264 -0.347411 1.298600
v 0.114169 -0.347411 1.298059
v 0.114074 -0.347411 1.297520
v 0.113119 -0.347583 1.297688
v 0.105735 -0.348843 1.298990
v -0.084241 -0.246667 1.348977
v -0.083736 -0.246667 1.351840
v -0.085136 -0.307723 1.343897
v -0.085464 -0.307723 1.342042
v -0.083229 -0.246667 1.354713
v -0.084808 -0.307723 1.345759
v -0.086327 -0.361650 1.337146
v -0.086484 -0.361650 1.336257
v -0.086640 -0.361650 1.335371
v 0.108353 -0.110396 1.331500
v 0.107398 -0.110724 1.331668
v 0.106687 -0.110724 1.327638
v 0.107642 -0.110396 1.327470
v 0.102508 -0.113942 1.332559
v 0.101796 -0.113942 1.328517
v 0.101085 -0.113942 1.324488
v 0.105979 -0.110724 1.323621
v 0.106934 -0.110396 1.323453
v 0.114879 -0.332702 1.302084
v 0.113924 -0.332853 1.302253
v 0.115521 -0.291267 1.311308
v 0.116475 -0.291181 1.311140
v 0.106540 -0.333956 1.303555
v 0.108137 -0.291898 1.312610
v 0.109796 -0.242710 1.322024
v 0.117180 -0.242553 1.320722
v 0.118135 -0.242531 1.320554
v 0.105081 -0.333956 1.295279
v 0.112465 -0.332853 1.293977
v 0.112465 -0.291267 1.293977
v 0.105081 -0.291898 1.295279
v 0.113419 -0.332702 1.293809
v 0.113419 -0.291181 1.293809
v 0.113419 -0.242531 1.293809
v 0.112465 -0.242553 1.293977
v 0.105081 -0.242710 1.295279
v 0.217070 -0.185117 1.307019
v 0.217138 -0.177667 1.307405
v 0.216522 -0.177667 1.303913
v 0.216462 -0.185117 1.303571
v 0.217057 -0.177476 1.307433
v 0.216441 -0.177476 1.303940
v 0.215788 -0.177421 1.300062
v 0.215909 -0.177667 1.300433
v 0.215856 -0.185117 1.300134
v 0.110816 -0.177426 1.327808
v 0.118200 -0.177426 1.326506
v 0.118197 -0.177667 1.326488
v 0.110813 -0.177667 1.327790
v 0.119155 -0.177426 1.326338
v 0.119152 -0.177667 1.326320
v 0.119080 -0.185117 1.325914
v 0.118126 -0.185117 1.326083
v 0.110742 -0.185117 1.327384
v -0.083489 -0.177426 1.353238
v -0.082875 -0.177426 1.356720
v -0.082878 -0.177667 1.356705
v -0.083492 -0.177667 1.353225
v -0.082259 -0.177426 1.360214
v -0.082262 -0.177667 1.360197
v -0.082330 -0.185117 1.359811
v -0.082938 -0.185117 1.356363
v -0.083544 -0.185117 1.352926
v 0.105081 -0.185117 1.295279
v 0.112465 -0.185117 1.293977
v 0.112465 -0.177667 1.293977
v 0.105081 -0.177667 1.295279
v 0.113419 -0.185117 1.293809
v 0.113419 -0.177667 1.293809
v 0.113419 -0.177426 1.293809
v 0.112465 -0.177426 1.293977
v 0.105081 -0.177426 1.295279
v 0.211726 -0.172369 1.301524
v 0.211706 -0.174397 1.301412
v 0.211804 -0.174397 1.304956
v 0.211826 -0.172369 1.305084
v 0.211687 -0.176407 1.301302
v 0.211782 -0.176407 1.304830
v 0.212399 -0.176407 1.308332
v 0.212424 -0.174397 1.308474
v 0.212450 -0.172369 1.308618
v 0.119168 -0.176407 1.326413
v 0.118214 -0.176407 1.326582
v 0.118240 -0.174397 1.326731
v 0.119195 -0.174397 1.326563
v 0.110830 -0.176407 1.327884
v 0.110856 -0.174397 1.328033
v 0.110883 -0.172369 1.328184
v 0.118267 -0.172369 1.326882
v 0.119221 -0.172369 1.326714
v -0.083480 -0.176407 1.353294
v -0.083460 -0.174397 1.353404
v -0.082842 -0.174397 1.356910
v -0.082864 -0.176407 1.356784
v -0.083441 -0.172369 1.353515
v -0.082819 -0.172369 1.357038
v -0.082196 -0.172369 1.360572
v -0.082221 -0.174397 1.360428
v -0.082247 -0.176407 1.360286
v 0.105081 -0.176407 1.295279
v 0.112465 -0.176407 1.293977
v 0.112465 -0.174397 1.293977
v 0.105081 -0.174397 1.295279
v 0.113419 -0.176407 1.293809
v 0.113419 -0.174397 1.293809
v 0.113419 -0.172369 1.293809
v 0.112465 -0.172369 1.293977
v 0.105081 -0.172369 1.295279
v 0.216216 -0.145885 1.302173
v 0.216090 -0.158905 1.301460
v 0.216730 -0.158905 1.305090
v 0.216874 -0.145885 1.305907
v 0.216006 -0.167573 1.300985
v 0.216634 -0.167573 1.304546
v 0.217264 -0.167573 1.308119
v 0.217372 -0.158905 1.308732
v 0.217534 -0.145885 1.309652
v 0.108196 -0.146342 1.330692
v 0.114291 -0.145940 1.329613
v 0.116508 -0.158905 1.328224
v 0.109775 -0.158905 1.329411
v 0.115246 -0.145899 1.329445
v 0.117463 -0.158905 1.328056
v 0.118801 -0.167573 1.327155
v 0.117846 -0.167573 1.327324
v 0.110625 -0.167573 1.328597
v -0.083394 -0.167573 1.353778
v -0.083310 -0.158905 1.354252
v -0.082670 -0.158905 1.357882
v -0.082766 -0.167573 1.357338
v -0.083222 -0.148991 1.354756
v -0.082567 -0.148991 1.358469
v -0.081910 -0.148991 1.362193
v -0.082028 -0.158905 1.361524
v -0.082136 -0.167573 1.360911
v 0.104760 -0.167573 1.295336
v 0.111981 -0.167573 1.294062
v 0.110530 -0.158905 1.294318
v 0.103797 -0.158905 1.295505
v 0.112936 -0.167573 1.293894
v 0.111484 -0.158905 1.294150
v 0.109097 -0.145899 1.294571
v 0.108142 -0.145940 1.294739
v 0.102046 -0.146342 1.295814
v 0.096898 -0.113942 1.300741
v 0.101793 -0.110724 1.299878
v 0.103466 -0.110724 1.309370
v 0.098572 -0.113942 1.310233
v 0.102747 -0.110396 1.299709
v 0.104421 -0.110396 1.309202
v 0.106086 -0.110396 1.318645
v 0.105131 -0.110724 1.318813
v 0.100237 -0.113942 1.319676
v -0.084146 -0.167573 1.349515
v -0.085622 -0.167573 1.341144
v -0.085581 -0.158905 1.341374
v -0.084077 -0.158905 1.349907
v -0.087106 -0.167573 1.332729
v -0.087094 -0.158905 1.332796
v -0.087080 -0.148991 1.332872
v -0.085538 -0.148991 1.341619
v -0.084004 -0.148991 1.350319
v -0.087118 -0.176407 1.332661
v -0.087115 -0.174397 1.332677
v -0.085654 -0.174397 1.340963
v -0.085663 -0.176407 1.340910
v -0.087112 -0.172369 1.332693
v -0.085644 -0.172369 1.341017
v -0.084184 -0.172369 1.349298
v -0.084200 -0.174397 1.349206
v -0.084216 -0.176407 1.349115
v -0.087127 -0.185117 1.332609
v -0.087119 -0.177667 1.332652
v -0.085669 -0.177667 1.340877
v -0.085695 -0.185117 1.340732
v -0.087119 -0.177426 1.332653
v -0.085668 -0.177426 1.340883
v -0.084224 -0.177426 1.349069
v -0.084226 -0.177667 1.349058
v -0.084270 -0.185117 1.348812
v -0.087225 -0.246667 1.332053
v -0.086032 -0.246667 1.338819
v -0.086624 -0.307723 1.335459
v -0.087397 -0.307723 1.331075
v -0.084845 -0.246667 1.345550
v -0.085855 -0.307723 1.339821
v -0.086827 -0.361650 1.334310
v -0.087194 -0.361650 1.332228
v -0.087563 -0.361650 1.330134
v 0.105621 -0.348843 1.298345
v 0.113005 -0.347583 1.297043
v 0.112782 -0.347583 1.295775
v 0.105398 -0.348843 1.297077
v 0.113960 -0.347411 1.296874
v 0.113736 -0.347411 1.295607
v 0.113512 -0.347411 1.294332
v 0.112557 -0.347583 1.294501
v 0.105173 -0.348843 1.295803
v 0.214555 -0.240770 1.292757
v 0.213368 -0.240770 1.286026
v 0.212776 -0.284138 1.282667
v 0.213545 -0.284138 1.287028
v 0.212175 -0.240770 1.279260
v 0.212003 -0.284138 1.278282
v 0.211837 -0.320376 1.277342
v 0.212206 -0.320376 1.279435
v 0.212574 -0.320376 1.281518
v 0.215176 -0.177426 1.296277
v 0.213732 -0.177426 1.288091
v 0.213731 -0.177667 1.288084
v 0.215174 -0.177667 1.296266
v 0.212281 -0.177426 1.279861
v 0.212281 -0.177667 1.279859
v 0.212274 -0.185117 1.279817
v 0.213706 -0.185117 1.287939
v 0.215131 -0.185117 1.296019
v 0.215216 -0.172369 1.296506
v 0.213756 -0.172369 1.288225
v 0.213747 -0.174397 1.288171
v 0.215200 -0.174397 1.296414
v 0.212288 -0.172369 1.279900
v 0.212285 -0.174397 1.279884
v 0.212283 -0.176407 1.279869
v 0.213737 -0.176407 1.288118
v 0.215184 -0.176407 1.296323
v 0.215428 -0.145885 1.297704
v 0.213880 -0.145885 1.288927
v 0.213819 -0.158905 1.288582
v 0.215324 -0.158905 1.297115
v 0.212324 -0.145885 1.280105
v 0.212307 -0.158905 1.280004
v 0.212295 -0.167573 1.279937
v 0.213779 -0.167573 1.288352
v 0.215255 -0.167573 1.296723
v 0.215308 -0.240796 1.303420
v 0.216069 -0.240778 1.303285
v 0.214409 -0.284169 1.293872
v 0.213648 -0.284238 1.294006
v 0.216309 -0.240772 1.303189
v 0.214652 -0.284145 1.293794
v 0.213059 -0.320389 1.284756
v 0.212812 -0.320431 1.284816
v 0.212052 -0.320552 1.284950
v 0.212453 -0.333209 1.281319
v 0.212357 -0.333209 1.280775
v 0.212102 -0.333386 1.280791
v 0.212198 -0.333386 1.281332
v 0.212261 -0.333209 1.280232
v 0.212007 -0.333386 1.280251
v 0.211247 -0.333525 1.280386
v 0.211342 -0.333524 1.280925
v 0.211437 -0.333524 1.281466
v 0.214828 -0.177362 1.300694
v 0.215588 -0.177362 1.300560
v 0.216193 -0.177412 1.303988
v 0.215432 -0.177412 1.304122
v 0.215788 -0.177421 1.300062
v 0.216441 -0.177476 1.303940
v 0.217057 -0.177476 1.307433
v 0.216809 -0.177412 1.307481
v 0.216048 -0.177412 1.307615
v 0.216316 -0.177476 1.309136
v 0.217077 -0.177476 1.309002
v 0.217086 -0.177667 1.309051
v 0.216325 -0.177667 1.309185
v 0.217252 -0.177525 1.308916
v 0.217324 -0.177667 1.308944
v 0.217252 -0.185117 1.308539
v 0.217014 -0.185117 1.308646
v 0.216254 -0.185117 1.308780
v 0.215466 -0.110287 1.304316
v 0.216227 -0.110287 1.304182
v 0.216935 -0.110287 1.308198
v 0.216175 -0.110287 1.308332
v 0.216475 -0.110472 1.304128
v 0.217182 -0.110472 1.308143
v 0.217893 -0.110472 1.312171
v 0.217646 -0.110287 1.312228
v 0.216885 -0.110287 1.312362
v 0.217740 -0.145885 1.311302
v 0.217569 -0.158905 1.310336
v 0.217332 -0.158905 1.310446
v 0.217502 -0.145885 1.311414
v 0.217456 -0.167573 1.309693
v 0.217218 -0.167573 1.309802
v 0.216457 -0.167573 1.309936
v 0.216571 -0.158905 1.310580
v 0.216742 -0.145885 1.311548
v 0.217137 -0.171120 1.307882
v 0.216512 -0.171120 1.304338
v 0.216261 -0.171236 1.304375
v 0.216886 -0.171236 1.307918
v 0.215848 -0.171206 1.300397
v 0.215647 -0.171305 1.300893
v 0.214886 -0.171305 1.301027
v 0.215500 -0.171236 1.304509
v 0.216125 -0.171236 1.308052
v 0.210685 -0.333525 1.277198
v 0.210909 -0.333524 1.278472
v 0.211670 -0.333386 1.278338
v 0.211445 -0.333386 1.277064
v 0.211133 -0.333524 1.279740
v 0.211894 -0.333386 1.279606
v 0.212146 -0.333209 1.279582
v 0.211921 -0.333209 1.278306
v 0.211695 -0.333209 1.277023
v 0.211607 -0.320389 1.276521
v 0.211611 -0.284145 1.276547
v 0.211353 -0.284169 1.276541
v 0.211353 -0.320431 1.276540
v 0.211616 -0.240772 1.276575
v 0.211353 -0.240778 1.276540
v 0.210592 -0.240796 1.276675
v 0.210592 -0.284238 1.276675
v 0.210592 -0.320552 1.276675
v 0.211619 -0.185117 1.276591
v 0.211619 -0.177667 1.276592
v 0.211353 -0.177667 1.276541
v 0.211353 -0.185117 1.276540
v 0.211619 -0.177426 1.276592
v 0.211353 -0.177426 1.276540
v 0.210592 -0.177426 1.276675
v 0.210592 -0.177667 1.276675
v 0.210592 -0.185117 1.276675
v 0.215673 -0.172369 1.299581
v 0.215654 -0.174397 1.299475
v 0.215414 -0.174397 1.299571
v 0.215433 -0.172369 1.299677
v 0.215636 -0.176407 1.299370
v 0.215396 -0.176407 1.299467
v 0.214635 -0.176407 1.299600
v 0.214653 -0.174397 1.299706
v 0.214672 -0.172369 1.299812
v 0.211619 -0.176407 1.276592
v 0.211619 -0.174397 1.276593
v 0.211353 -0.174397 1.276541
v 0.211353 -0.176407 1.276540
v 0.211619 -0.172369 1.276593
v 0.211353 -0.172369 1.276540
v 0.210592 -0.172369 1.276675
v 0.210592 -0.174397 1.276675
v 0.210592 -0.176407 1.276675
v 0.212289 -0.110472 1.280393
v 0.213963 -0.110472 1.289882
v 0.213714 -0.110287 1.289931
v 0.212040 -0.110287 1.280438
v 0.215627 -0.110472 1.299321
v 0.215379 -0.110287 1.299373
v 0.214619 -0.110287 1.299508
v 0.212954 -0.110287 1.290065
v 0.211280 -0.110287 1.280572
v 0.211620 -0.167573 1.276594
v 0.211620 -0.158905 1.276596
v 0.211353 -0.158905 1.276541
v 0.211353 -0.167573 1.276540
v 0.211620 -0.145885 1.276599
v 0.211353 -0.145885 1.276540
v 0.210592 -0.145885 1.276675
v 0.210592 -0.158905 1.276675
v 0.210592 -0.167573 1.276675
v 0.211621 -0.129634 1.276602
v 0.211353 -0.129634 1.276541
v 0.211622 -0.116048 1.276605
v 0.211353 -0.116048 1.276540
v 0.210592 -0.116048 1.276675
v 0.210592 -0.129634 1.276675
v 0.213956 -0.129634 1.289359
v 0.212346 -0.129634 1.280230
v 0.215557 -0.129634 1.298439
v 0.215666 -0.116048 1.299054
v 0.214020 -0.116048 1.289719
v 0.212365 -0.116048 1.280335
v 0.216504 -0.116048 1.303807
v 0.216373 -0.129634 1.303063
v 0.217054 -0.129634 1.306926
v 0.217204 -0.116048 1.307778
v 0.217737 -0.129634 1.310802
v 0.217906 -0.116048 1.311762
v 0.218130 -0.116048 1.313516
v 0.217952 -0.129634 1.312508
v 0.217715 -0.129634 1.312623
v 0.217893 -0.116048 1.313633
v 0.216955 -0.129634 1.312757
v 0.217133 -0.116048 1.313767
v 0.111212 -0.129853 1.331402
v 0.112167 -0.129689 1.331234
v 0.105727 -0.131462 1.332386
v 0.103544 -0.119247 1.333824
v 0.108582 -0.116431 1.332907
v 0.109537 -0.116144 1.332739
v -0.081804 -0.137790 1.362797
v -0.081840 -0.142058 1.362589
v -0.082509 -0.142058 1.358798
v -0.082481 -0.137790 1.358959
v -0.083175 -0.142058 1.355018
v -0.083155 -0.137790 1.355134
v -0.085516 -0.142058 1.341746
v -0.083968 -0.142058 1.350523
v -0.087072 -0.142058 1.332921
v -0.087067 -0.137790 1.332950
v -0.085506 -0.137790 1.341803
v -0.083953 -0.137790 1.350606
v 0.104850 -0.129853 1.295320
v 0.099362 -0.131462 1.296287
v 0.105805 -0.129689 1.295151
v 0.102996 -0.116144 1.295647
v 0.102041 -0.116431 1.295815
v 0.096998 -0.119247 1.296704
v 0.207450 -0.334104 1.277769
v 0.207675 -0.334104 1.279043
v 0.209293 -0.333816 1.278757
v 0.209068 -0.333816 1.277483
v 0.207898 -0.334104 1.280310
v 0.209516 -0.333816 1.280025
v 0.208976 -0.284384 1.276960
v 0.208976 -0.320807 1.276960
v 0.208976 -0.240832 1.276960
v 0.207358 -0.240868 1.277245
v 0.207358 -0.284528 1.277245
v 0.207358 -0.321059 1.277245
v 0.208976 -0.177667 1.276960
v 0.208976 -0.185117 1.276960
v 0.208976 -0.177426 1.276960
v 0.207358 -0.177426 1.277245
v 0.207358 -0.177667 1.277245
v 0.207358 -0.185117 1.277245
v 0.207358 -0.172369 1.277245
v 0.207358 -0.174397 1.277245
v 0.208976 -0.174397 1.276960
v 0.208976 -0.172369 1.276960
v 0.207358 -0.176407 1.277245
v 0.208976 -0.176407 1.276960
v 0.207358 -0.145885 1.277245
v 0.207358 -0.158905 1.277245
v 0.208976 -0.158905 1.276960
v 0.208976 -0.145885 1.276960
v 0.207358 -0.167573 1.277245
v 0.208976 -0.167573 1.276960
v 0.207358 -0.116048 1.277245
v 0.207358 -0.129634 1.277245
v 0.208976 -0.129634 1.276960
v 0.208976 -0.116048 1.276960
v 0.211337 -0.110287 1.290350
v 0.209663 -0.110287 1.280857
v 0.213002 -0.110287 1.299793
v 0.211384 -0.110287 1.300078
v 0.209719 -0.110287 1.290635
v 0.208045 -0.110287 1.281143
v 0.212232 -0.110287 1.304886
v 0.213850 -0.110287 1.304601
v 0.214558 -0.110287 1.308618
v 0.212940 -0.110287 1.308903
v 0.215268 -0.110287 1.312647
v 0.213650 -0.110287 1.312933
v 0.215338 -0.129634 1.313042
v 0.215516 -0.116048 1.314052
v 0.215125 -0.145885 1.311834
v 0.213507 -0.145885 1.312119
v 0.213720 -0.129634 1.313327
v 0.213898 -0.116048 1.314337
v 0.213223 -0.167573 1.310506
v 0.213336 -0.158905 1.311151
v 0.214954 -0.158905 1.310865
v 0.214841 -0.167573 1.310221
v 0.213884 -0.171236 1.304794
v 0.214508 -0.171236 1.308337
v 0.213270 -0.171305 1.301312
v 0.212292 -0.171358 1.302411
v 0.212349 -0.171305 1.305060
v 0.212974 -0.171305 1.308603
v 0.211687 -0.176407 1.301302
v 0.211706 -0.174397 1.301412
v 0.213037 -0.174397 1.299991
v 0.213018 -0.176407 1.299886
v 0.211726 -0.172369 1.301524
v 0.213055 -0.172369 1.300097
v 0.212232 -0.177323 1.302071
v 0.213211 -0.177362 1.300979
v 0.213815 -0.177412 1.304407
v 0.212282 -0.177362 1.304680
v 0.214431 -0.177412 1.307901
v 0.212898 -0.177362 1.308175
v 0.212933 -0.177421 1.309761
v 0.214700 -0.177476 1.309421
v 0.214708 -0.177667 1.309471
v 0.213090 -0.177667 1.309756
v 0.214637 -0.185117 1.309065
v 0.213019 -0.185117 1.309350
v 0.212074 -0.240868 1.303990
v 0.213692 -0.240832 1.303705
v 0.212032 -0.284384 1.294291
v 0.210414 -0.284528 1.294576
v 0.210435 -0.320807 1.285235
v 0.208817 -0.321059 1.285521
v 0.209725 -0.333816 1.281210
v 0.209821 -0.333816 1.281751
v 0.209630 -0.333816 1.280671
v 0.208012 -0.334104 1.280956
v 0.208107 -0.334104 1.281495
v 0.208203 -0.334104 1.282036
v -0.087580 -0.185117 1.329348
v -0.087579 -0.177667 1.329349
v -0.087648 -0.177667 1.329656
v -0.087648 -0.185117 1.329651
v -0.087579 -0.177426 1.329349
v -0.087647 -0.177426 1.329656
v -0.087592 -0.361650 1.329278
v -0.087587 -0.307723 1.329304
v -0.087679 -0.307723 1.329478
v -0.087698 -0.361650 1.329372
v -0.087582 -0.246667 1.329332
v -0.087659 -0.246667 1.329588
v 0.113422 -0.347281 1.293824
v 0.112467 -0.347452 1.293992
v 0.112475 -0.347583 1.294036
v 0.113430 -0.347411 1.293868
v 0.105083 -0.348713 1.295294
v 0.105091 -0.348843 1.295339
v 0.210595 -0.333394 1.276690
v 0.208978 -0.333686 1.276974
v 0.208986 -0.333816 1.277019
v 0.210603 -0.333524 1.276734
v 0.207360 -0.333974 1.277260
v 0.207368 -0.334104 1.277304
v 0.211542 -0.333119 1.276534
v 0.211356 -0.333255 1.276555
v 0.211363 -0.333386 1.276600
v 0.211613 -0.333209 1.276556
v 0.211721 -0.284138 1.276685
v 0.211741 -0.240770 1.276796
v 0.211703 -0.320376 1.276579
v 0.211753 -0.177667 1.276863
v 0.211753 -0.177426 1.276864
v 0.211752 -0.185117 1.276859
v 0.211753 -0.174397 1.276866
v 0.211754 -0.172369 1.276868
v 0.211753 -0.176407 1.276864
v 0.211756 -0.158905 1.276880
v 0.211758 -0.145885 1.276891
v 0.211754 -0.167573 1.276872
v 0.211760 -0.129634 1.276905
v 0.211762 -0.116048 1.276917
v 0.210612 -0.110472 1.276785
v 0.211372 -0.110472 1.276651
v 0.211431 -0.110287 1.276981
v 0.210670 -0.110287 1.277115
v 0.211572 -0.110615 1.276703
v 0.211680 -0.110472 1.276937
v 0.207377 -0.110472 1.277355
v 0.208995 -0.110472 1.277070
v 0.209053 -0.110287 1.277400
v 0.207435 -0.110287 1.277685
v 0.096230 -0.114127 1.296953
v 0.101125 -0.110909 1.296090
v 0.101183 -0.110724 1.296420
v 0.096288 -0.113942 1.297284
v 0.102080 -0.110581 1.295922
v 0.102138 -0.110396 1.296252
v -0.087578 -0.148991 1.329356
v -0.087578 -0.142058 1.329359
v -0.087640 -0.142058 1.329698
v -0.087643 -0.148991 1.329683
v -0.087577 -0.137790 1.329362
v -0.087638 -0.137790 1.329709
v -0.087579 -0.167573 1.329351
v -0.087579 -0.158905 1.329353
v -0.087645 -0.158905 1.329672
v -0.087646 -0.167573 1.329664
v -0.087579 -0.176407 1.329349
v -0.087579 -0.174397 1.329349
v -0.087647 -0.174397 1.329659
v -0.087647 -0.176407 1.329657
v -0.087579 -0.172369 1.329350
v -0.087647 -0.172369 1.329660
v -0.082024 -0.177426 1.361548
v -0.082027 -0.177667 1.361531
v -0.081872 -0.177426 1.361719
v -0.081875 -0.177667 1.361701
v -0.081946 -0.185117 1.361296
v -0.082098 -0.185117 1.361128
v -0.081985 -0.174397 1.361772
v -0.082011 -0.176407 1.361624
v -0.081958 -0.172369 1.361921
v -0.081806 -0.172369 1.362094
v -0.081832 -0.174397 1.361943
v -0.081858 -0.176407 1.361794
v -0.081783 -0.158905 1.362915
v -0.081896 -0.167573 1.362275
v -0.081659 -0.148991 1.363617
v -0.081505 -0.148991 1.363801
v -0.081629 -0.158905 1.363093
v -0.081743 -0.167573 1.362450
v -0.081387 -0.137790 1.364466
v -0.081428 -0.142058 1.364232
v -0.081584 -0.142058 1.364042
v -0.081544 -0.137790 1.364270
v 0.108661 -0.110581 1.333245
v 0.107706 -0.110909 1.333413
v 0.107669 -0.110724 1.333207
v 0.108624 -0.110396 1.333039
v 0.102817 -0.114127 1.334309
v 0.102780 -0.113942 1.334102
v 0.217157 -0.110287 1.313901
v 0.215540 -0.110287 1.314187
v 0.217193 -0.110472 1.314108
v 0.215576 -0.110472 1.314393
v 0.213958 -0.110472 1.314678
v 0.213922 -0.110287 1.314472
v 0.218164 -0.110472 1.313710
v 0.217917 -0.110287 1.313767
v 0.218126 -0.110615 1.313874
v 0.217954 -0.110472 1.313974
v 0.217740 -0.145885 1.311302
v 0.217952 -0.129634 1.312508
v 0.217998 -0.129634 1.312282
v 0.217787 -0.145885 1.311083
v 0.218130 -0.116048 1.313516
v 0.218175 -0.116048 1.313284
v 0.217456 -0.167573 1.309693
v 0.217569 -0.158905 1.310336
v 0.217617 -0.158905 1.310122
v 0.217504 -0.167573 1.309483
v 0.216399 -0.171120 1.309608
v 0.217160 -0.171120 1.309473
v 0.217124 -0.171236 1.309271
v 0.216364 -0.171236 1.309405
v 0.217337 -0.171030 1.309397
v 0.217375 -0.171120 1.309236
v 0.213014 -0.171206 1.310222
v 0.214783 -0.171120 1.309893
v 0.214747 -0.171236 1.309690
v 0.213213 -0.171305 1.309956
v 0.212584 -0.176407 1.309876
v 0.212611 -0.174397 1.310025
v 0.212661 -0.174397 1.309818
v 0.212635 -0.176407 1.309670
v 0.212637 -0.172369 1.310175
v 0.212688 -0.172369 1.309967
v 0.216283 -0.177412 1.308950
v 0.214667 -0.177412 1.309235
v 0.216316 -0.177476 1.309136
v 0.214700 -0.177476 1.309421
v 0.212933 -0.177421 1.309761
v 0.213134 -0.177362 1.309509
v 0.217293 -0.177476 1.308767
v 0.217044 -0.177412 1.308816
v 0.217252 -0.177525 1.308916
v 0.217077 -0.177476 1.309002
v 0.217252 -0.185117 1.308539
v 0.217324 -0.177667 1.308944
v 0.217373 -0.177667 1.308738
v 0.217302 -0.185117 1.308336
v 0.217252 -0.177525 1.308916
v 0.217293 -0.177476 1.308767
v 0.213059 -0.320389 1.284756
v 0.214652 -0.284145 1.293794
v 0.214718 -0.284138 1.293677
v 0.213133 -0.320376 1.284693
v 0.216309 -0.240772 1.303189
v 0.216364 -0.240770 1.303018
v 0.211485 -0.333394 1.281735
v 0.212245 -0.333255 1.281601
v 0.212234 -0.333386 1.281538
v 0.211474 -0.333524 1.281673
v 0.212433 -0.333119 1.281586
v 0.212489 -0.333209 1.281527
v 0.208250 -0.333974 1.282305
v 0.209868 -0.333686 1.282020
v 0.209857 -0.333816 1.281958
v 0.208239 -0.334104 1.282243
v 0.105973 -0.348713 1.300340
v 0.113357 -0.347452 1.299038
v 0.113346 -0.347583 1.298975
v 0.105962 -0.348843 1.300277
v 0.114312 -0.347281 1.298869
v 0.114301 -0.347411 1.298807
v -0.083036 -0.246667 1.355810
v -0.084683 -0.307723 1.346470
v -0.082890 -0.246667 1.355946
v -0.084546 -0.307723 1.346551
v -0.086140 -0.361650 1.337513
v -0.086267 -0.361650 1.337485
v -0.087647 -0.177211 1.329656
v -0.087119 -0.177211 1.332655
v -0.087579 -0.177211 1.329349
v -0.085667 -0.177211 1.340889
v -0.084223 -0.177211 1.349079
v -0.082873 -0.177211 1.356734
v -0.082257 -0.177211 1.360229
v -0.083487 -0.177211 1.353250
v -0.082021 -0.177211 1.361564
v -0.081869 -0.177211 1.361734
v 0.118203 -0.177211 1.326522
v 0.119158 -0.177211 1.326354
v 0.110819 -0.177211 1.327824
v 0.212625 -0.177211 1.309610
v 0.212389 -0.177211 1.308275
v 0.212574 -0.177211 1.309816
v 0.211679 -0.177211 1.301258
v 0.211773 -0.177211 1.304780
v 0.213011 -0.177211 1.299844
v 0.214628 -0.177211 1.299559
v 0.211679 -0.177211 1.301258
v 0.215628 -0.177211 1.299328
v 0.215388 -0.177211 1.299424
v 0.213733 -0.177211 1.288096
v 0.212282 -0.177211 1.279863
v 0.215178 -0.177211 1.296287
v 0.211619 -0.177211 1.276592
v 0.211753 -0.177211 1.276864
v 0.211353 -0.177211 1.276541
v 0.210592 -0.177211 1.276675
v 0.207358 -0.177211 1.277245
v 0.208976 -0.177211 1.276960
v 0.112465 -0.177211 1.293977
v 0.105081 -0.177211 1.295279
v 0.113419 -0.177211 1.293809
v -0.087111 -0.171510 1.332699
v -0.085640 -0.171510 1.341040
v -0.087110 -0.171189 1.332702
v -0.085639 -0.171189 1.341048
v -0.084175 -0.171189 1.349351
v -0.084177 -0.171510 1.349337
v -0.087579 -0.171510 1.329350
v -0.087647 -0.171510 1.329661
v -0.087579 -0.171189 1.329350
v -0.087647 -0.171189 1.329661
v 0.112465 -0.171510 1.293977
v 0.105081 -0.171510 1.295279
v 0.113419 -0.171510 1.293809
v 0.113419 -0.171189 1.293809
v 0.112465 -0.171189 1.293977
v 0.105081 -0.171189 1.295279
v 0.207358 -0.171189 1.277245
v 0.207358 -0.171510 1.277245
v 0.208976 -0.171510 1.276960
v 0.208976 -0.171189 1.276960
v 0.210592 -0.171510 1.276675
v 0.210592 -0.171189 1.276675
v 0.211619 -0.171510 1.276593
v 0.211353 -0.171510 1.276541
v 0.211619 -0.171189 1.276593
v 0.211353 -0.171189 1.276540
v 0.211754 -0.171510 1.276869
v 0.211754 -0.171189 1.276869
v 0.212289 -0.171510 1.279907
v 0.212290 -0.171189 1.279909
v 0.215226 -0.171189 1.296559
v 0.213762 -0.171189 1.288256
v 0.213760 -0.171510 1.288247
v 0.215223 -0.171510 1.296545
v 0.215848 -0.171206 1.300397
v 0.215681 -0.171510 1.299625
v 0.215441 -0.171510 1.299722
v 0.215647 -0.171305 1.300893
v 0.214680 -0.171510 1.299857
v 0.214886 -0.171305 1.301027
v 0.211734 -0.171510 1.301571
v 0.213063 -0.171510 1.300142
v 0.212292 -0.171358 1.302411
v 0.213270 -0.171305 1.301312
v 0.211734 -0.171510 1.301571
v 0.211836 -0.171510 1.305137
v 0.212460 -0.171510 1.308678
v 0.212648 -0.171510 1.310239
v 0.212699 -0.171510 1.310031
v 0.118278 -0.171510 1.326946
v 0.119233 -0.171510 1.326777
v 0.110894 -0.171510 1.328248
v 0.110898 -0.171189 1.328272
v 0.118282 -0.171189 1.326970
v 0.119237 -0.171189 1.326801
v -0.082186 -0.171510 1.360632
v -0.081947 -0.171510 1.361985
v -0.082181 -0.171189 1.360655
v -0.081943 -0.171189 1.362008
v -0.081790 -0.171189 1.362181
v -0.081794 -0.171510 1.362157
v -0.083432 -0.171510 1.353562
v -0.082810 -0.171510 1.357091
v -0.083429 -0.171189 1.353580
v -0.082806 -0.171189 1.357112
v -0.087499 -0.380262 1.329264
v -0.087594 -0.379973 1.329268
v -0.087704 -0.379973 1.329335
v -0.087586 -0.380363 1.329313
v -0.087620 -0.379973 1.329811
v -0.087503 -0.380363 1.329780
v -0.087052 -0.380363 1.332339
v -0.087277 -0.380363 1.331063
v -0.087390 -0.379973 1.331119
v -0.087160 -0.379973 1.332420
v -0.086848 -0.379973 1.334191
v -0.086946 -0.379973 1.333636
v -0.086746 -0.380363 1.334076
v -0.086842 -0.380363 1.333531
v -0.086938 -0.380363 1.332988
v -0.087043 -0.379973 1.333082
v -0.086687 -0.379973 1.334412
v -0.086810 -0.379973 1.334403
v -0.086609 -0.380262 1.334315
v -0.086709 -0.380363 1.334284
v 0.114312 -0.347281 1.298869
v 0.113357 -0.347452 1.299038
v 0.113376 -0.347062 1.299146
v 0.114331 -0.346890 1.298978
v 0.105973 -0.348713 1.300340
v 0.105992 -0.348322 1.300449
v 0.211504 -0.333004 1.281844
v 0.209887 -0.333295 1.282129
v 0.211485 -0.333394 1.281735
v 0.209868 -0.333686 1.282020
v 0.208250 -0.333974 1.282305
v 0.208269 -0.333583 1.282414
v 0.212512 -0.332818 1.281656
v 0.212265 -0.332865 1.281710
v 0.212433 -0.333119 1.281586
v 0.212245 -0.333255 1.281601
v 0.212453 -0.333209 1.281319
v 0.212489 -0.333209 1.281527
v 0.212590 -0.332802 1.281611
v 0.212552 -0.332802 1.281399
v 0.212433 -0.333119 1.281586
v 0.212512 -0.332818 1.281656
v 0.212261 -0.333209 1.280232
v 0.212357 -0.333209 1.280775
v 0.212455 -0.332802 1.280843
v 0.212357 -0.332802 1.280290
v 0.211695 -0.333209 1.277023
v 0.211921 -0.333209 1.278306
v 0.212011 -0.332802 1.278327
v 0.211780 -0.332802 1.277019
v 0.212146 -0.333209 1.279582
v 0.212240 -0.332802 1.279627
v 0.211605 -0.332818 1.276512
v 0.211696 -0.332802 1.276543
v 0.211613 -0.333209 1.276556
v 0.211353 -0.332865 1.276541
v 0.210592 -0.333004 1.276675
v 0.208976 -0.333295 1.276960
v 0.207358 -0.333583 1.277245
v 0.112465 -0.347062 1.293977
v 0.105081 -0.348322 1.295279
v 0.113419 -0.346890 1.293809
v 0.208976 -0.111027 1.276960
v 0.210592 -0.111027 1.276675
v 0.207358 -0.111027 1.277245
v 0.211622 -0.111027 1.276606
v 0.211353 -0.111027 1.276541
v 0.211763 -0.111027 1.276921
v 0.211680 -0.110472 1.276937
v 0.212372 -0.111027 1.280374
v 0.212289 -0.110472 1.280393
v 0.215627 -0.110472 1.299321
v 0.213963 -0.110472 1.289882
v 0.214043 -0.111027 1.289852
v 0.215706 -0.111027 1.299281
v 0.217893 -0.110472 1.312171
v 0.217182 -0.110472 1.308143
v 0.217259 -0.111027 1.308093
v 0.217969 -0.111027 1.312117
v 0.216475 -0.110472 1.304128
v 0.216552 -0.111027 1.304082
v 0.218196 -0.111027 1.313889
v 0.218240 -0.111027 1.313654
v 0.218126 -0.110615 1.313874
v 0.218164 -0.110472 1.313710
v 0.217959 -0.111027 1.314006
v 0.217199 -0.111027 1.314140
v 0.218196 -0.111027 1.313889
v 0.215582 -0.111027 1.314425
v 0.213964 -0.111027 1.314711
v 0.107711 -0.111464 1.333446
v 0.108666 -0.111136 1.333277
v 0.102822 -0.114682 1.334341
v -0.081660 -0.135320 1.362919
v -0.081399 -0.135320 1.364402
v -0.081524 -0.135875 1.364382
v -0.081786 -0.135875 1.362901
v -0.081280 -0.135463 1.364538
v -0.081367 -0.135875 1.364581
v -0.083020 -0.135320 1.355209
v -0.082341 -0.135320 1.359058
v -0.082466 -0.135875 1.359044
v -0.083143 -0.135875 1.355200
v -0.086945 -0.135320 1.332947
v -0.085379 -0.135320 1.341829
v -0.085500 -0.135875 1.341835
v -0.087064 -0.135875 1.332964
v -0.083822 -0.135320 1.350661
v -0.083945 -0.135875 1.350657
v -0.087577 -0.135875 1.329363
v -0.087637 -0.135875 1.329714
v -0.087470 -0.135463 1.329433
v -0.087519 -0.135320 1.329693
v 0.101105 -0.111464 1.295980
v 0.096211 -0.114682 1.296843
v 0.102060 -0.111136 1.295812
v 0.206596 -0.334103 1.277395
v 0.206604 -0.334234 1.277439
v 0.194947 -0.335748 1.279449
v 0.194955 -0.335879 1.279493
v 0.195037 -0.335879 1.279957
v 0.206686 -0.334234 1.277903
v 0.206910 -0.334234 1.279178
v 0.207134 -0.334234 1.280445
v 0.195261 -0.335879 1.281232
v 0.195485 -0.335879 1.282499
v 0.195789 -0.335879 1.284225
v 0.207438 -0.334234 1.282171
v 0.207343 -0.334234 1.281630
v 0.195694 -0.335879 1.283684
v 0.207248 -0.334234 1.281091
v 0.195599 -0.335879 1.283145
v 0.195837 -0.335748 1.284494
v 0.207486 -0.334103 1.282440
v 0.207475 -0.334234 1.282378
v 0.195825 -0.335879 1.284432
v 0.207505 -0.333713 1.282549
v 0.208053 -0.321173 1.285655
v 0.207486 -0.334103 1.282440
v 0.195837 -0.335748 1.284494
v 0.195856 -0.335358 1.284603
v 0.196403 -0.322612 1.287709
v 0.209649 -0.284593 1.294711
v 0.211309 -0.240884 1.304125
v 0.198000 -0.285415 1.296765
v 0.199660 -0.241090 1.306179
v 0.212326 -0.177667 1.309891
v 0.212329 -0.177426 1.309909
v 0.212254 -0.185117 1.309485
v 0.200605 -0.185117 1.311539
v 0.200677 -0.177667 1.311945
v 0.200680 -0.177426 1.311963
v 0.212584 -0.176407 1.309876
v 0.212574 -0.177211 1.309816
v 0.212332 -0.177211 1.309925
v 0.212342 -0.176407 1.309984
v 0.200683 -0.177211 1.311979
v 0.200693 -0.176407 1.312038
v 0.212637 -0.172369 1.310175
v 0.212611 -0.174397 1.310025
v 0.212369 -0.174397 1.310134
v 0.212395 -0.172369 1.310284
v 0.200720 -0.174397 1.312188
v 0.200746 -0.172369 1.312339
v 0.213014 -0.171206 1.310222
v 0.212648 -0.171510 1.310239
v 0.212407 -0.171510 1.310348
v 0.212411 -0.171189 1.310372
v 0.200757 -0.171510 1.312402
v 0.200762 -0.171189 1.312426
v 0.212572 -0.158905 1.311286
v 0.212743 -0.145885 1.312254
v 0.212458 -0.167573 1.310641
v 0.200749 -0.167573 1.312706
v 0.200681 -0.158905 1.313382
v 0.200553 -0.145885 1.314403
v 0.212956 -0.129634 1.313462
v 0.213134 -0.116048 1.314472
v 0.200355 -0.129634 1.315684
v 0.200182 -0.116048 1.316756
v 0.213200 -0.111027 1.314845
v 0.213194 -0.110472 1.314813
v 0.200131 -0.111027 1.317150
v 0.200125 -0.110472 1.317118
v 0.213158 -0.110287 1.314607
v 0.212886 -0.110287 1.313067
v 0.200088 -0.110287 1.316911
v 0.199817 -0.110287 1.315372
v 0.212176 -0.110287 1.309038
v 0.211467 -0.110287 1.305021
v 0.199106 -0.110287 1.311342
v 0.198398 -0.110287 1.307325
v 0.208954 -0.110287 1.290770
v 0.207281 -0.110287 1.281277
v 0.210619 -0.110287 1.300213
v 0.197550 -0.110287 1.302517
v 0.195885 -0.110287 1.293074
v 0.194212 -0.110287 1.283582
v 0.193544 -0.110472 1.279794
v 0.206613 -0.110472 1.277490
v 0.206671 -0.110287 1.277820
v 0.193602 -0.110287 1.280125
v 0.193641 -0.116048 1.279664
v 0.206593 -0.116048 1.277380
v 0.206593 -0.111027 1.277380
v 0.193524 -0.111027 1.279684
v 0.194404 -0.145885 1.279529
v 0.206593 -0.145885 1.277380
v 0.206593 -0.129634 1.277380
v 0.193992 -0.129634 1.279602
v 0.206593 -0.158905 1.277380
v 0.206593 -0.167573 1.277380
v 0.194702 -0.158905 1.279476
v 0.194884 -0.167573 1.279445
v 0.194944 -0.172369 1.279434
v 0.206593 -0.172369 1.277380
v 0.206593 -0.171510 1.277380
v 0.194944 -0.171510 1.279434
v 0.206593 -0.171189 1.277380
v 0.194944 -0.171189 1.279434
v 0.194944 -0.176407 1.279434
v 0.206593 -0.176407 1.277380
v 0.206593 -0.174397 1.277380
v 0.194944 -0.174397 1.279434
v 0.194944 -0.177426 1.279434
v 0.206593 -0.177426 1.277380
v 0.206593 -0.177211 1.277380
v 0.194944 -0.177211 1.279434
v 0.206593 -0.177667 1.277380
v 0.206593 -0.185117 1.277380
v 0.194944 -0.177667 1.279434
v 0.194944 -0.185117 1.279434
v 0.194944 -0.322612 1.279434
v 0.206593 -0.321173 1.277380
v 0.206593 -0.284593 1.277380
v 0.194944 -0.285415 1.279434
v 0.206593 -0.240884 1.277380
v 0.194944 -0.241090 1.279434
v 0.206593 -0.333713 1.277380
v 0.194944 -0.335358 1.279434
v 0.117918 -0.206957 1.324904
v 0.118873 -0.206957 1.324735
v 0.110534 -0.206957 1.326206
v 0.212811 -0.206957 1.308171
v 0.212047 -0.206957 1.308306
v 0.200397 -0.206957 1.310360
v 0.216046 -0.206957 1.307601
v 0.214429 -0.206957 1.307886
v 0.217045 -0.206957 1.307363
v 0.216806 -0.206957 1.307467
v 0.217096 -0.206957 1.307166
v 0.216872 -0.206957 1.305898
v 0.217045 -0.206957 1.307363
v 0.216287 -0.206957 1.302576
v 0.215703 -0.206957 1.299265
v 0.213632 -0.206957 1.287519
v 0.212252 -0.206957 1.279695
v 0.215004 -0.206957 1.295302
v 0.211618 -0.206957 1.276587
v 0.211749 -0.206957 1.276845
v 0.211353 -0.206957 1.276541
v 0.210592 -0.206957 1.276675
v 0.208976 -0.206957 1.276960
v 0.207358 -0.206957 1.277245
v 0.206593 -0.206957 1.277380
v 0.194944 -0.206957 1.279434
v 0.112465 -0.206957 1.293977
v 0.105081 -0.206957 1.295279
v 0.113419 -0.206957 1.293809
v -0.087651 -0.206957 1.329637
v -0.087148 -0.206957 1.332487
v -0.087580 -0.206957 1.329344
v -0.085769 -0.206957 1.340311
v -0.084396 -0.206957 1.348094
v -0.082528 -0.206957 1.358690
v -0.083114 -0.206957 1.355369
v -0.083697 -0.206957 1.352058
v -0.082154 -0.206957 1.360119
v -0.082304 -0.206957 1.359959
v -0.087646 -0.170772 1.329662
v -0.087110 -0.170772 1.332705
v -0.087579 -0.170772 1.329350
v -0.085637 -0.170772 1.341059
v -0.084171 -0.170772 1.349370
v -0.082802 -0.170772 1.357138
v -0.082176 -0.170772 1.360685
v -0.083425 -0.170772 1.353602
v -0.081937 -0.170772 1.362039
v -0.081785 -0.170772 1.362212
v 0.118288 -0.170772 1.327001
v 0.119242 -0.170772 1.326832
v 0.110903 -0.170772 1.328303
v 0.213181 -0.170772 1.310268
v 0.212416 -0.170772 1.310403
v 0.200767 -0.170772 1.312457
v 0.216399 -0.171120 1.309608
v 0.214783 -0.171120 1.309893
v 0.214799 -0.170772 1.309983
v 0.216415 -0.170772 1.309698
v 0.217414 -0.170772 1.309455
v 0.217176 -0.170772 1.309564
v 0.217337 -0.171030 1.309397
v 0.217160 -0.171120 1.309473
v 0.217137 -0.171120 1.307882
v 0.217375 -0.171120 1.309236
v 0.217463 -0.170772 1.309247
v 0.217224 -0.170772 1.307892
v 0.217337 -0.171030 1.309397
v 0.217414 -0.170772 1.309455
v 0.215975 -0.170772 1.300810
v 0.216599 -0.170772 1.304346
v 0.215848 -0.171206 1.300397
v 0.216512 -0.171120 1.304338
v 0.213764 -0.170772 1.288267
v 0.212290 -0.170772 1.279912
v 0.215229 -0.170772 1.296578
v 0.211619 -0.170772 1.276593
v 0.211754 -0.170772 1.276869
v 0.211353 -0.170772 1.276541
v 0.210592 -0.170772 1.276675
v 0.207358 -0.170772 1.277245
v 0.208976 -0.170772 1.276960
v 0.206593 -0.170772 1.277380
v 0.194944 -0.170772 1.279434
v 0.112465 -0.170772 1.293977
v 0.105081 -0.170772 1.295279
v 0.113419 -0.170772 1.293809
v -0.083719 -0.177426 1.351938
v -0.083717 -0.177211 1.351949
v -0.083709 -0.176407 1.351990
v -0.083672 -0.172369 1.352199
v -0.083691 -0.174397 1.352095
v -0.083662 -0.171189 1.352261
v -0.083665 -0.171510 1.352244
v -0.083658 -0.170772 1.352282
v -0.083629 -0.167573 1.352448
v -0.083549 -0.158905 1.352897
v -0.083466 -0.148991 1.353369
v -0.083425 -0.142058 1.353604
v -0.083408 -0.137790 1.353700
v -0.083274 -0.135320 1.353766
v -0.083398 -0.135875 1.353758
v 0.105715 -0.110724 1.322122
v 0.106669 -0.110396 1.321953
v 0.100820 -0.113942 1.322984
v 0.211967 -0.110287 1.303386
v 0.211203 -0.110287 1.303521
v 0.198134 -0.110287 1.305825
v 0.215202 -0.110287 1.302816
v 0.213585 -0.110287 1.303101
v 0.216210 -0.110472 1.302628
v 0.215962 -0.110287 1.302682
v 0.216288 -0.111027 1.302585
v 0.216242 -0.116048 1.302325
v 0.216210 -0.110472 1.302628
v 0.215970 -0.145885 1.300779
v 0.216118 -0.129634 1.301621
v 0.215851 -0.158905 1.300105
v 0.215772 -0.167573 1.299656
v 0.215739 -0.171189 1.299468
v 0.215742 -0.170772 1.299490
v 0.215673 -0.172369 1.299581
v 0.215681 -0.171510 1.299625
v 0.215736 -0.171510 1.299452
v 0.215728 -0.172369 1.299407
v 0.215636 -0.176407 1.299370
v 0.215654 -0.174397 1.299475
v 0.215709 -0.174397 1.299302
v 0.215691 -0.176407 1.299198
v 0.215682 -0.177426 1.299145
v 0.215684 -0.177211 1.299157
v 0.215628 -0.177211 1.299328
v 0.215679 -0.177667 1.299133
v 0.215630 -0.185117 1.298850
v 0.214971 -0.240770 1.295116
v 0.215485 -0.206957 1.298029
v 0.213815 -0.284138 1.288557
v 0.212702 -0.320376 1.282247
v 0.212225 -0.333209 1.280029
v 0.212321 -0.332802 1.280083
v 0.211211 -0.333524 1.280184
v 0.211972 -0.333386 1.280050
v 0.212225 -0.333209 1.280029
v 0.207977 -0.334104 1.280755
v 0.209595 -0.333816 1.280469
v 0.207212 -0.334234 1.280889
v 0.195563 -0.335879 1.282943
v 0.113084 -0.347583 1.297487
v 0.105699 -0.348843 1.298789
v 0.114038 -0.347411 1.297318
v -0.087080 -0.379973 1.332876
v -0.086698 -0.361650 1.335040
v -0.086973 -0.380363 1.332786
v -0.084429 -0.246667 1.347908
v -0.085586 -0.307723 1.341349
v -0.083915 -0.206957 1.350821
v -0.083771 -0.185117 1.351643
v -0.083721 -0.177667 1.351925
v 0.126284 -0.345436 1.291556
v 0.114280 -0.347139 1.293672
v 0.114288 -0.347269 1.293717
v 0.126292 -0.345566 1.291600
v 0.114370 -0.347269 1.294181
v 0.126374 -0.345566 1.292064
v 0.114818 -0.347269 1.296723
v 0.114595 -0.347269 1.295455
v 0.126822 -0.345566 1.294606
v 0.126598 -0.345566 1.293339
v 0.114932 -0.347269 1.297368
v 0.114897 -0.347269 1.297167
v 0.126936 -0.345566 1.295252
v 0.126900 -0.345566 1.295051
v 0.115123 -0.347269 1.298449
v 0.115027 -0.347269 1.297908
v 0.127126 -0.345566 1.296332
v 0.127031 -0.345566 1.295791
v 0.115170 -0.347139 1.298718
v 0.115159 -0.347269 1.298655
v 0.127174 -0.345436 1.296601
v 0.127163 -0.345566 1.296539
v 0.127174 -0.345436 1.296601
v 0.115170 -0.347139 1.298718
v 0.115189 -0.346748 1.298827
v 0.127193 -0.345045 1.296710
v 0.115737 -0.332578 1.301933
v 0.127741 -0.331088 1.299816
v 0.117334 -0.291110 1.310989
v 0.129337 -0.290259 1.308872
v 0.118994 -0.242514 1.320402
v 0.130997 -0.242301 1.318286
v 0.119731 -0.206957 1.324584
v 0.131735 -0.206957 1.322467
v 0.119939 -0.185117 1.325763
v 0.131942 -0.185117 1.323646
v 0.120014 -0.177426 1.326186
v 0.120010 -0.177667 1.326168
v 0.132017 -0.177426 1.324070
v 0.132014 -0.177667 1.324052
v 0.120016 -0.177211 1.326202
v 0.132020 -0.177211 1.324086
v 0.120027 -0.176407 1.326262
v 0.132031 -0.176407 1.324145
v 0.120053 -0.174397 1.326411
v 0.132057 -0.174397 1.324295
v 0.120080 -0.172369 1.326562
v 0.132083 -0.172369 1.324446
v 0.120091 -0.171510 1.326626
v 0.132095 -0.171510 1.324509
v 0.120095 -0.171189 1.326650
v 0.132099 -0.171189 1.324533
v 0.120101 -0.170772 1.326681
v 0.132104 -0.170772 1.324564
v 0.119659 -0.167573 1.327004
v 0.131723 -0.167573 1.324877
v 0.116105 -0.145885 1.329293
v 0.118321 -0.158905 1.327904
v 0.128649 -0.145885 1.327082
v 0.130567 -0.158905 1.325745
v 0.113025 -0.129634 1.331082
v 0.125981 -0.129634 1.328798
v 0.110395 -0.116048 1.332588
v 0.123702 -0.116048 1.330241
v 0.109525 -0.111027 1.333126
v 0.122948 -0.111027 1.330759
v 0.109519 -0.110472 1.333094
v 0.122943 -0.110472 1.330727
v 0.109483 -0.110287 1.332887
v 0.122906 -0.110287 1.330520
v 0.109211 -0.110287 1.331348
v 0.122635 -0.110287 1.328982
v 0.108501 -0.110287 1.327318
v 0.121924 -0.110287 1.324951
v 0.107792 -0.110287 1.323302
v 0.121216 -0.110287 1.320935
v 0.107528 -0.110287 1.321802
v 0.120951 -0.110287 1.319435
v 0.106945 -0.110287 1.318493
v 0.120368 -0.110287 1.316126
v 0.103606 -0.110287 1.299558
v 0.105279 -0.110287 1.309051
v 0.117029 -0.110287 1.297191
v 0.118703 -0.110287 1.306684
v 0.102938 -0.110472 1.295771
v 0.102996 -0.110287 1.296101
v 0.116361 -0.110472 1.293404
v 0.116420 -0.110287 1.293734
v 0.103855 -0.116048 1.295495
v 0.102919 -0.111027 1.295661
v 0.117161 -0.116048 1.293149
v 0.116342 -0.111027 1.293293
v 0.109955 -0.145885 1.294420
v 0.106663 -0.129634 1.295000
v 0.122499 -0.145885 1.292208
v 0.119619 -0.129634 1.292716
v 0.113794 -0.167573 1.293743
v 0.112343 -0.158905 1.293999
v 0.125858 -0.167573 1.291616
v 0.124588 -0.158905 1.291839
v 0.114278 -0.171189 1.293657
v 0.114278 -0.170772 1.293658
v 0.126281 -0.171189 1.291541
v 0.126281 -0.170772 1.291541
v 0.114278 -0.172369 1.293657
v 0.114278 -0.171510 1.293658
v 0.126281 -0.172369 1.291541
v 0.126281 -0.171510 1.291541
v 0.114278 -0.176407 1.293657
v 0.114278 -0.174397 1.293658
v 0.126281 -0.176407 1.291541
v 0.126281 -0.174397 1.291541
v 0.114278 -0.177426 1.293657
v 0.114278 -0.177211 1.293658
v 0.126281 -0.177426 1.291541
v 0.126281 -0.177211 1.291541
v 0.114278 -0.185117 1.293657
v 0.114278 -0.177667 1.293658
v 0.126281 -0.185117 1.291541
v 0.126281 -0.177667 1.291541
v 0.114278 -0.242514 1.293657
v 0.114278 -0.206957 1.293658
v 0.126281 -0.242301 1.291541
v 0.126281 -0.206957 1.291541
v 0.114278 -0.332578 1.293657
v 0.114278 -0.291110 1.293658
v 0.126281 -0.331088 1.291541
v 0.126281 -0.290259 1.291541
v 0.114278 -0.346748 1.293658
v 0.126281 -0.345045 1.291541
v 0.070614 -0.131686 1.301470
v 0.083552 -0.122908 1.299189
v 0.083610 -0.122723 1.299519
v 0.070672 -0.131501 1.301800
v 0.084220 -0.122723 1.302977
v 0.071281 -0.131501 1.305258
v 0.085893 -0.122723 1.312469
v 0.072955 -0.131501 1.314750
v 0.087558 -0.122723 1.321912
v 0.074620 -0.131501 1.324193
v 0.088409 -0.122723 1.326736
v 0.088142 -0.122723 1.325220
v 0.075473 -0.131501 1.329029
v 0.075204 -0.131501 1.327501
v 0.089845 -0.122723 1.334878
v 0.089126 -0.122723 1.330800
v 0.076921 -0.131501 1.337243
v 0.076196 -0.131501 1.333129
v 0.090155 -0.122908 1.336640
v 0.090119 -0.122723 1.336433
v 0.077234 -0.131686 1.339016
v 0.077198 -0.131501 1.338810
v 0.090435 -0.126931 1.336222
v 0.090161 -0.123463 1.336672
v 0.077067 -0.134611 1.338665
v 0.077240 -0.132241 1.339049
v 0.091916 -0.147440 1.333575
v 0.091277 -0.135852 1.334983
v 0.075377 -0.148537 1.336504
v 0.076567 -0.140241 1.337626
v 0.091583 -0.158905 1.332619
v 0.073131 -0.158905 1.335873
v 0.090967 -0.167573 1.332063
v 0.071049 -0.167573 1.335575
v 0.090752 -0.171189 1.331824
v 0.090757 -0.170772 1.331855
v 0.070346 -0.171189 1.335422
v 0.070351 -0.170772 1.335453
v 0.090736 -0.172369 1.331736
v 0.090748 -0.171510 1.331800
v 0.070330 -0.172369 1.335334
v 0.070342 -0.171510 1.335398
v 0.090684 -0.176407 1.331436
v 0.090710 -0.174397 1.331585
v 0.070278 -0.176407 1.335034
v 0.070304 -0.174397 1.335184
v 0.090670 -0.177426 1.331360
v 0.090673 -0.177211 1.331376
v 0.070264 -0.177426 1.334958
v 0.070267 -0.177211 1.334974
v 0.090667 -0.177667 1.331342
v 0.070261 -0.177667 1.334940
v 0.090596 -0.185117 1.330937
v 0.070189 -0.185117 1.334535
v 0.089650 -0.243137 1.325576
v 0.090388 -0.206957 1.329758
v 0.069244 -0.243566 1.329175
v 0.069982 -0.206957 1.333356
v 0.086394 -0.336938 1.307107
v 0.087990 -0.293602 1.316163
v 0.065988 -0.339947 1.310705
v 0.067584 -0.295321 1.319761
v 0.085827 -0.352121 1.303892
v 0.085846 -0.351731 1.304001
v 0.065421 -0.355560 1.307490
v 0.065440 -0.355170 1.307599
v 0.065421 -0.355560 1.307490
v 0.085827 -0.352121 1.303892
v 0.085816 -0.352252 1.303829
v 0.065410 -0.355690 1.307428
v 0.085779 -0.352252 1.303623
v 0.065373 -0.355690 1.307221
v 0.085684 -0.352252 1.303082
v 0.065278 -0.355690 1.306680
v 0.085589 -0.352252 1.302542
v 0.065183 -0.355690 1.306141
v 0.085553 -0.352252 1.302341
v 0.065147 -0.355690 1.305939
v 0.085475 -0.352252 1.301897
v 0.065069 -0.355690 1.305495
v 0.085252 -0.352252 1.300629
v 0.064845 -0.355690 1.304227
v 0.085027 -0.352252 1.299355
v 0.064621 -0.355690 1.302953
v 0.084937 -0.352121 1.298846
v 0.084945 -0.352252 1.298891
v 0.064531 -0.355560 1.302445
v 0.064539 -0.355690 1.302489
v 0.084935 -0.351731 1.298832
v 0.064528 -0.355170 1.302430
v 0.084934 -0.336938 1.298831
v 0.064528 -0.339947 1.302430
v 0.084935 -0.293602 1.298832
v 0.064528 -0.295321 1.302430
v 0.084935 -0.243137 1.298831
v 0.064528 -0.243566 1.302430
v 0.084935 -0.206957 1.298832
v 0.064528 -0.206957 1.302430
v 0.084934 -0.185117 1.298831
v 0.064528 -0.185117 1.302430
v 0.084935 -0.177667 1.298832
v 0.064528 -0.177667 1.302430
v 0.084935 -0.177426 1.298831
v 0.064528 -0.177426 1.302430
v 0.084935 -0.177211 1.298832
v 0.064528 -0.177211 1.302430
v 0.084934 -0.176407 1.298831
v 0.064528 -0.176407 1.302430
v 0.084935 -0.174397 1.298832
v 0.064528 -0.174397 1.302430
v 0.084935 -0.172369 1.298831
v 0.064528 -0.172369 1.302430
v 0.084935 -0.171510 1.298832
v 0.064528 -0.171510 1.302430
v 0.084935 -0.171189 1.298831
v 0.064528 -0.171189 1.302430
v 0.084935 -0.170772 1.298832
v 0.064528 -0.170772 1.302430
v 0.085102 -0.167573 1.298802
v 0.065184 -0.167573 1.302314
v 0.085605 -0.158905 1.298713
v 0.067152 -0.158905 1.301967
v 0.085764 -0.147440 1.298685
v 0.069223 -0.148537 1.301602
v 0.084904 -0.135852 1.298837
v 0.070185 -0.140241 1.301432
v 0.083875 -0.126931 1.299018
v 0.070492 -0.134611 1.301378
v 0.083532 -0.123463 1.299079
v 0.070594 -0.132241 1.301360
v -0.068160 -0.135320 1.325940
v -0.011925 -0.135320 1.316024
v -0.011867 -0.135134 1.316354
v -0.068102 -0.135135 1.326270
v 0.044702 -0.135213 1.306039
v 0.044760 -0.135028 1.306369
v 0.045365 -0.135028 1.309802
v -0.011275 -0.135135 1.319711
v -0.067523 -0.135134 1.329550
v -0.009655 -0.135134 1.328899
v -0.065943 -0.135135 1.338511
v 0.047025 -0.135028 1.319218
v 0.048677 -0.135028 1.328585
v -0.008044 -0.135135 1.338038
v -0.064372 -0.135134 1.347423
v 0.049524 -0.135028 1.333389
v -0.007216 -0.135135 1.342734
v -0.007478 -0.135134 1.341246
v 0.049256 -0.135028 1.331868
v -0.063563 -0.135134 1.352009
v -0.063820 -0.135135 1.350554
v 0.050965 -0.135028 1.341561
v -0.005809 -0.135135 1.350709
v -0.006514 -0.135134 1.346715
v 0.050243 -0.135028 1.337468
v -0.062192 -0.135134 1.359787
v -0.062879 -0.135135 1.355892
v 0.051277 -0.135213 1.343327
v -0.005504 -0.135320 1.352443
v -0.005540 -0.135134 1.352236
v 0.051240 -0.135028 1.343121
v -0.061892 -0.135320 1.361488
v -0.061928 -0.135135 1.361282
v 0.050998 -0.137698 1.343029
v -0.005669 -0.137790 1.352236
v -0.005498 -0.135875 1.352475
v 0.051282 -0.135768 1.343360
v -0.061944 -0.137790 1.361374
v -0.061886 -0.135875 1.361520
v 0.048579 -0.148978 1.341195
v -0.007102 -0.148991 1.350901
v -0.006164 -0.142058 1.351632
v 0.050164 -0.142005 1.342148
v -0.062391 -0.148991 1.360538
v -0.062099 -0.142058 1.361046
v -0.008606 -0.158905 1.350285
v -0.062861 -0.158905 1.359852
v 0.046041 -0.158905 1.340650
v 0.043778 -0.167573 1.340384
v -0.009948 -0.167573 1.349857
v -0.063282 -0.167573 1.359261
v 0.043014 -0.171189 1.340241
v -0.010405 -0.171189 1.349661
v -0.010399 -0.170772 1.349692
v 0.043019 -0.170772 1.340272
v -0.063431 -0.171189 1.359011
v -0.063426 -0.170772 1.359041
v 0.042998 -0.172369 1.340154
v -0.010420 -0.172369 1.349573
v -0.010409 -0.171510 1.349637
v 0.043010 -0.171510 1.340218
v -0.063447 -0.172369 1.358923
v -0.063436 -0.171510 1.358987
v 0.042946 -0.176407 1.339853
v -0.010473 -0.176407 1.349273
v -0.010447 -0.174397 1.349422
v 0.042972 -0.174397 1.340003
v -0.063500 -0.176407 1.358623
v -0.063474 -0.174397 1.358772
v 0.042932 -0.177426 1.339778
v -0.010487 -0.177426 1.349197
v -0.010484 -0.177211 1.349213
v 0.042935 -0.177211 1.339794
v -0.063513 -0.177426 1.358547
v -0.063510 -0.177211 1.358563
v -0.010490 -0.177667 1.349179
v -0.063516 -0.177667 1.358529
v 0.042929 -0.177667 1.339760
v 0.042857 -0.185117 1.339354
v -0.010561 -0.185117 1.348774
v -0.063588 -0.185117 1.358123
v 0.041912 -0.244126 1.333994
v -0.011506 -0.245220 1.343413
v -0.010769 -0.206957 1.347595
v 0.042650 -0.206957 1.338175
v -0.064533 -0.246305 1.352763
v -0.063796 -0.206957 1.356945
v 0.038656 -0.343863 1.315525
v -0.014763 -0.351525 1.324944
v -0.013166 -0.301937 1.333999
v 0.040252 -0.297559 1.324580
v -0.067790 -0.359118 1.334294
v -0.066193 -0.306276 1.343349
v 0.038089 -0.360036 1.312309
v -0.015330 -0.368792 1.321729
v -0.015311 -0.368401 1.321837
v 0.038108 -0.359645 1.312418
v -0.068357 -0.377470 1.331079
v -0.068337 -0.377080 1.331188
v -0.068357 -0.377470 1.331079
v -0.015330 -0.368792 1.321729
v -0.015341 -0.368922 1.321666
v -0.068368 -0.377601 1.331016
v 0.038089 -0.360036 1.312309
v 0.038078 -0.360166 1.312247
v 0.038041 -0.360166 1.312040
v -0.015377 -0.368922 1.321460
v -0.068404 -0.377601 1.330810
v -0.015473 -0.368922 1.320918
v -0.068499 -0.377601 1.330268
v 0.037946 -0.360166 1.311499
v 0.037851 -0.360166 1.310960
v -0.015568 -0.368922 1.320379
v -0.068595 -0.377601 1.329729
v -0.015603 -0.368922 1.320178
v -0.068630 -0.377601 1.329528
v 0.037815 -0.360166 1.310759
v 0.037737 -0.360166 1.310314
v -0.015682 -0.368922 1.319734
v -0.068708 -0.377601 1.329084
v -0.015905 -0.368922 1.318466
v -0.068932 -0.377601 1.327816
v 0.037513 -0.360166 1.309047
v 0.037289 -0.360166 1.307772
v -0.016130 -0.368922 1.317192
v -0.069157 -0.377601 1.326542
v 0.037199 -0.360036 1.307264
v -0.016220 -0.368792 1.316683
v -0.016212 -0.368922 1.316727
v 0.037207 -0.360166 1.307308
v -0.069246 -0.377470 1.326033
v -0.069238 -0.377601 1.326078
v -0.016222 -0.368401 1.316668
v -0.069249 -0.377080 1.326018
v 0.037196 -0.359645 1.307249
v 0.037196 -0.343863 1.307249
v -0.016222 -0.351525 1.316668
v -0.069249 -0.359119 1.326018
v -0.016222 -0.301937 1.316668
v -0.069249 -0.306276 1.326018
v 0.037196 -0.297559 1.307249
v 0.037196 -0.244126 1.307249
v -0.016222 -0.245220 1.316668
v -0.069249 -0.246305 1.326018
v -0.016222 -0.206957 1.316668
v -0.069249 -0.206957 1.326018
v 0.037196 -0.206957 1.307249
v 0.037196 -0.185117 1.307249
v -0.016222 -0.185117 1.316668
v -0.069249 -0.185117 1.326018
v -0.016222 -0.177667 1.316668
v -0.069249 -0.177667 1.326018
v 0.037196 -0.177667 1.307249
v 0.037196 -0.177426 1.307249
v -0.016222 -0.177426 1.316668
v -0.069249 -0.177426 1.326018
v -0.016222 -0.177211 1.316668
v -0.069249 -0.177211 1.326018
v 0.037196 -0.177211 1.307249
v 0.037196 -0.176407 1.307249
v -0.016222 -0.176407 1.316668
v -0.069249 -0.176407 1.326018
v -0.016222 -0.174397 1.316668
v -0.069249 -0.174397 1.326018
v 0.037196 -0.174397 1.307249
v 0.037196 -0.172369 1.307249
v -0.016222 -0.172369 1.316668
v -0.069249 -0.172369 1.326018
v -0.016222 -0.171510 1.316668
v -0.069249 -0.171510 1.326018
v 0.037196 -0.171510 1.307249
v 0.037196 -0.171189 1.307249
v -0.016222 -0.171189 1.316668
v -0.069249 -0.171189 1.326018
v -0.016222 -0.170772 1.316668
v -0.069249 -0.170772 1.326018
v 0.037196 -0.170772 1.307249
v 0.037913 -0.167573 1.307123
v -0.015813 -0.167573 1.316596
v -0.069147 -0.167573 1.326000
v -0.014585 -0.158905 1.316380
v -0.068840 -0.158905 1.325946
v 0.040062 -0.158905 1.306744
v 0.042431 -0.148978 1.306326
v -0.013231 -0.148991 1.316141
v -0.068501 -0.148991 1.325886
v -0.012446 -0.142058 1.316002
v -0.068305 -0.142058 1.325852
v 0.043805 -0.142005 1.306084
v 0.044463 -0.137698 1.305968
v -0.012070 -0.137790 1.315936
v -0.068211 -0.137790 1.325835
v -0.011945 -0.135875 1.315914
v -0.068180 -0.135875 1.325830
v 0.044682 -0.135768 1.305929
v 0.160675 -0.340583 1.285492
v 0.160682 -0.340713 1.285536
v 0.160764 -0.340713 1.286000
v 0.161212 -0.340713 1.288542
v 0.160989 -0.340713 1.287275
v 0.161326 -0.340713 1.289188
v 0.161291 -0.340713 1.288987
v 0.161517 -0.340713 1.290268
v 0.161421 -0.340713 1.289727
v 0.161564 -0.340583 1.290537
v 0.161553 -0.340713 1.290475
v 0.161564 -0.340583 1.290537
v 0.161583 -0.340192 1.290646
v 0.162131 -0.326842 1.293753
v 0.163728 -0.287832 1.302808
v 0.165388 -0.241694 1.312222
v 0.166125 -0.206957 1.316404
v 0.166333 -0.185117 1.317582
v 0.166408 -0.177426 1.318006
v 0.166404 -0.177667 1.317988
v 0.166410 -0.177211 1.318022
v 0.166421 -0.176407 1.318082
v 0.166447 -0.174397 1.318231
v 0.166474 -0.172369 1.318382
v 0.166485 -0.171510 1.318445
v 0.166489 -0.171189 1.318469
v 0.166495 -0.170772 1.318500
v 0.166295 -0.167573 1.318781
v 0.164660 -0.145885 1.320732
v 0.165683 -0.158905 1.319553
v 0.163227 -0.129634 1.322230
v 0.162001 -0.116048 1.323488
v 0.161598 -0.111027 1.323944
v 0.161593 -0.110472 1.323912
v 0.161556 -0.110287 1.323705
v 0.161285 -0.110287 1.322166
v 0.160574 -0.110287 1.318136
v 0.159866 -0.110287 1.314120
v 0.159602 -0.110287 1.312620
v 0.159018 -0.110287 1.309311
v 0.155680 -0.110287 1.290376
v 0.157353 -0.110287 1.299869
v 0.155012 -0.110472 1.286589
v 0.155070 -0.110287 1.286919
v 0.155460 -0.116048 1.286396
v 0.154992 -0.111027 1.286479
v 0.158511 -0.145885 1.285858
v 0.156865 -0.129634 1.286148
v 0.160430 -0.167573 1.285520
v 0.159704 -0.158905 1.285648
v 0.160672 -0.171189 1.285477
v 0.160672 -0.170772 1.285477
v 0.160672 -0.172369 1.285477
v 0.160672 -0.171510 1.285477
v 0.160672 -0.176407 1.285477
v 0.160672 -0.174397 1.285477
v 0.160672 -0.177426 1.285477
v 0.160672 -0.177211 1.285477
v 0.160672 -0.185117 1.285477
v 0.160672 -0.177667 1.285477
v 0.160672 -0.241694 1.285477
v 0.160672 -0.206957 1.285477
v 0.160672 -0.326842 1.285477
v 0.160672 -0.287832 1.285477
v 0.160672 -0.340192 1.285477
v 0.064997 -0.134710 1.302801
v 0.065607 -0.134710 1.306259
v 0.064939 -0.134895 1.302471
v 0.068946 -0.134710 1.325193
v 0.067281 -0.134710 1.315751
v 0.069529 -0.134710 1.328502
v 0.069799 -0.134710 1.330034
v 0.071252 -0.134710 1.338271
v 0.070524 -0.134710 1.334146
v 0.071565 -0.134895 1.340049
v 0.071529 -0.134710 1.339842
v 0.071571 -0.135450 1.340081
v 0.071249 -0.137419 1.339720
v 0.070302 -0.141846 1.338747
v 0.068501 -0.148938 1.337720
v 0.063048 -0.167573 1.336986
v 0.065618 -0.158905 1.337197
v 0.062187 -0.170772 1.336893
v 0.062182 -0.171189 1.336862
v 0.062178 -0.171510 1.336838
v 0.062167 -0.172369 1.336774
v 0.062114 -0.176407 1.336474
v 0.062140 -0.174397 1.336623
v 0.062103 -0.177211 1.336414
v 0.062100 -0.177426 1.336398
v 0.062026 -0.185117 1.335974
v 0.062097 -0.177667 1.336380
v 0.061818 -0.206957 1.334796
v 0.061080 -0.243735 1.330614
v 0.057824 -0.341130 1.312145
v 0.059421 -0.295997 1.321200
v 0.057276 -0.356521 1.309038
v 0.057257 -0.356912 1.308930
v 0.057246 -0.357042 1.308867
v 0.057209 -0.357042 1.308661
v 0.057257 -0.356912 1.308930
v 0.057019 -0.357042 1.307580
v 0.057114 -0.357042 1.308119
v 0.056983 -0.357042 1.307379
v 0.056905 -0.357042 1.306935
v 0.056457 -0.357042 1.304393
v 0.056682 -0.357042 1.305667
v 0.056375 -0.357042 1.303928
v 0.056367 -0.356912 1.303884
v 0.056365 -0.356521 1.303869
v 0.056365 -0.341130 1.303869
v 0.056365 -0.243735 1.303869
v 0.056365 -0.295997 1.303869
v 0.056365 -0.206957 1.303869
v 0.056365 -0.185117 1.303869
v 0.056365 -0.177426 1.303869
v 0.056365 -0.177667 1.303869
v 0.056365 -0.177211 1.303869
v 0.056365 -0.176407 1.303869
v 0.056365 -0.172369 1.303869
v 0.056365 -0.174397 1.303869
v 0.056365 -0.171189 1.303869
v 0.056365 -0.171510 1.303869
v 0.056365 -0.170772 1.303869
v 0.057183 -0.167573 1.303725
v 0.062347 -0.148938 1.302814
v 0.059640 -0.158905 1.303292
v 0.064669 -0.137419 1.302405
v 0.063917 -0.141846 1.302538
v 0.064920 -0.135450 1.302361
v -0.087221 -0.135320 1.329301
v -0.087163 -0.135134 1.329631
v -0.087519 -0.135320 1.329693
v -0.086589 -0.135135 1.332886
v -0.086945 -0.135320 1.332947
v -0.083822 -0.135320 1.350661
v -0.085379 -0.135320 1.341829
v -0.085022 -0.135134 1.341771
v -0.083464 -0.135135 1.350607
v -0.082662 -0.135135 1.355157
v -0.082917 -0.135134 1.353713
v -0.083020 -0.135320 1.355209
v -0.083274 -0.135320 1.353766
v -0.081302 -0.135135 1.362869
v -0.081983 -0.135134 1.359006
v -0.081660 -0.135320 1.362919
v -0.082341 -0.135320 1.359058
v -0.081004 -0.135320 1.364559
v -0.081041 -0.135134 1.364353
v -0.081280 -0.135463 1.364538
v -0.081399 -0.135320 1.364402
v -0.081019 -0.137790 1.364476
v -0.080998 -0.135875 1.364591
v -0.081387 -0.137790 1.364466
v -0.081367 -0.135875 1.364581
v -0.081137 -0.148991 1.363806
v -0.081060 -0.142058 1.364240
v -0.081505 -0.148991 1.363801
v -0.081428 -0.142058 1.364232
v -0.081743 -0.167573 1.362450
v -0.081629 -0.158905 1.363093
v -0.081262 -0.158905 1.363096
v -0.081376 -0.167573 1.362452
v -0.081423 -0.171189 1.362183
v -0.081418 -0.170772 1.362214
v -0.081790 -0.171189 1.362181
v -0.081785 -0.170772 1.362212
v -0.081439 -0.172369 1.362095
v -0.081427 -0.171510 1.362159
v -0.081806 -0.172369 1.362094
v -0.081794 -0.171510 1.362157
v -0.081492 -0.176407 1.361795
v -0.081465 -0.174397 1.361944
v -0.081858 -0.176407 1.361794
v -0.081832 -0.174397 1.361943
v -0.081505 -0.177426 1.361719
v -0.081502 -0.177211 1.361735
v -0.081872 -0.177426 1.361719
v -0.081869 -0.177211 1.361734
v -0.081946 -0.185117 1.361296
v -0.081875 -0.177667 1.361701
v -0.081508 -0.177667 1.361702
v -0.081580 -0.185117 1.361296
v -0.082525 -0.246667 1.355936
v -0.081787 -0.206957 1.360117
v -0.082890 -0.246667 1.355946
v -0.082154 -0.206957 1.360119
v -0.085781 -0.361650 1.337466
v -0.084185 -0.307723 1.346522
v -0.086140 -0.361650 1.337513
v -0.084546 -0.307723 1.346551
v -0.086348 -0.380363 1.334251
v -0.086329 -0.379973 1.334360
v -0.086609 -0.380262 1.334315
v -0.086687 -0.379973 1.334412
v -0.086746 -0.380363 1.334076
v -0.086709 -0.380363 1.334284
v -0.086359 -0.380494 1.334189
v -0.086396 -0.380494 1.333982
v -0.086609 -0.380262 1.334315
v -0.086348 -0.380363 1.334251
v -0.086938 -0.380363 1.332988
v -0.086842 -0.380363 1.333531
v -0.086491 -0.380494 1.333441
v -0.086586 -0.380494 1.332901
v -0.087052 -0.380363 1.332339
v -0.086973 -0.380363 1.332786
v -0.086622 -0.380494 1.332700
v -0.086700 -0.380494 1.332256
v -0.087503 -0.380363 1.329780
v -0.087277 -0.380363 1.331063
v -0.086924 -0.380494 1.330988
v -0.087148 -0.380494 1.329714
v -0.087238 -0.380363 1.329205
v -0.087230 -0.380494 1.329250
v -0.087586 -0.380363 1.329313
v -0.087241 -0.379973 1.329191
v -0.087241 -0.361650 1.329191
v -0.087241 -0.307723 1.329191
v -0.087241 -0.246667 1.329191
v -0.087241 -0.206957 1.329191
v -0.087241 -0.185117 1.329191
v -0.087241 -0.177667 1.329191
v -0.087241 -0.177426 1.329191
v -0.087241 -0.177211 1.329191
v -0.087241 -0.176407 1.329191
v -0.087241 -0.174397 1.329191
v -0.087241 -0.172369 1.329191
v -0.087241 -0.171510 1.329191
v -0.087241 -0.171189 1.329191
v -0.087241 -0.170772 1.329191
v -0.087241 -0.167573 1.329191
v -0.087241 -0.158905 1.329191
v -0.087241 -0.148991 1.329191
v -0.087241 -0.142058 1.329191
v -0.087241 -0.137790 1.329191
v -0.087241 -0.135875 1.329191
vt 0.122185 0.209938
vt 0.178005 0.185550
vt 0.178544 0.188601
vt 0.122443 0.211394
vt 0.245228 0.158586
vt 0.246057 0.163295
vt 0.246883 0.167988
vt 0.179080 0.191642
vt 0.122700 0.212846
vt 0.106037 0.426620
vt 0.105549 0.412956
vt 0.106449 0.412921
vt 0.106937 0.426587
vt 0.105484 0.411197
vt 0.106384 0.411158
vt 0.107281 0.411119
vt 0.107346 0.412885
vt 0.107834 0.426554
vt 0.339248 0.785882
vt 0.339950 0.790594
vt 0.239454 0.792675
vt 0.238994 0.789622
vt 0.340655 0.795322
vt 0.239915 0.795737
vt 0.150668 0.795034
vt 0.150446 0.793572
vt 0.150224 0.792114
vt 0.536399 0.358890
vt 0.536568 0.360493
vt 0.530804 0.361074
vt 0.530632 0.359378
vt 0.538350 0.370374
vt 0.532337 0.371109
vt 0.526340 0.371825
vt 0.525054 0.361643
vt 0.524878 0.359861
vt 0.894062 0.345644
vt 0.894249 0.347423
vt 0.824925 0.346843
vt 0.824846 0.345058
vt 0.895663 0.361055
vt 0.825440 0.360568
vt 0.743755 0.360019
vt 0.744236 0.346200
vt 0.744274 0.344405
vt 0.137960 0.422278
vt 0.137178 0.408612
vt 0.203939 0.397288
vt 0.205630 0.410874
vt 0.137081 0.406825
vt 0.203728 0.395512
vt 0.281517 0.382208
vt 0.281850 0.383975
vt 0.284553 0.397492
vt 0.333487 0.134477
vt 0.345394 0.131737
vt 0.346394 0.137462
vt 0.334476 0.140130
vt 0.345490 0.129866
vt 0.346801 0.137364
vt 0.348111 0.144861
vt 0.347392 0.143167
vt 0.335461 0.145764
vt 0.637865 0.359382
vt 0.639323 0.345517
vt 0.639702 0.345526
vt 0.638249 0.359388
vt 0.639461 0.343685
vt 0.639839 0.343695
vt 0.651715 0.343775
vt 0.651587 0.345601
vt 0.650234 0.359460
vt 0.451469 0.776299
vt 0.452285 0.782039
vt 0.451896 0.782067
vt 0.451080 0.776330
vt 0.453103 0.787798
vt 0.452715 0.787823
vt 0.440698 0.788943
vt 0.439883 0.783260
vt 0.439071 0.777595
vt 0.375918 0.381586
vt 0.372296 0.368029
vt 0.383950 0.365950
vt 0.387679 0.379519
vt 0.371877 0.366253
vt 0.383523 0.364171
vt 0.383894 0.364104
vt 0.384322 0.365886
vt 0.388055 0.379455
vt 0.956790 0.956144
vt 0.960978 0.955920
vt 0.960982 0.963414
vt 0.957731 0.963623
vt 0.965165 0.955695
vt 0.964203 0.963207
vt 0.964206 0.968906
vt 0.960985 0.969139
vt 0.957734 0.969374
vt 0.637869 0.343643
vt 0.637728 0.345481
vt 0.634583 0.345411
vt 0.634731 0.343561
vt 0.636245 0.359355
vt 0.633049 0.359303
vt 0.629825 0.359252
vt 0.631410 0.345341
vt 0.631566 0.343477
vt 0.453114 0.776170
vt 0.456361 0.775918
vt 0.457172 0.781698
vt 0.453927 0.781924
vt 0.459637 0.775663
vt 0.460445 0.781471
vt 0.461255 0.787298
vt 0.457984 0.787498
vt 0.454743 0.787696
vt 0.389643 0.379181
vt 0.385885 0.365609
vt 0.388963 0.365058
vt 0.392772 0.378634
vt 0.385453 0.363821
vt 0.388524 0.363257
vt 0.391623 0.362688
vt 0.392070 0.364502
vt 0.395930 0.378082
vt 0.398475 0.131491
vt 0.377558 0.136231
vt 0.376566 0.130270
vt 0.397452 0.125362
vt 0.363629 0.139402
vt 0.362658 0.133551
vt 0.361684 0.127681
vt 0.375571 0.124289
vt 0.396426 0.119213
vt 0.589267 0.363169
vt 0.590872 0.351370
vt 0.610573 0.348054
vt 0.608650 0.360902
vt 0.591068 0.349519
vt 0.610788 0.346177
vt 0.624150 0.344088
vt 0.623972 0.345966
vt 0.622263 0.359627
vt 0.467406 0.775062
vt 0.481468 0.773970
vt 0.482299 0.779951
vt 0.468219 0.780933
vt 0.497554 0.772639
vt 0.498408 0.778755
vt 0.499263 0.784892
vt 0.483132 0.785953
vt 0.469033 0.786822
vt 0.403428 0.377286
vt 0.399488 0.363989
vt 0.413013 0.364007
vt 0.417029 0.376437
vt 0.399018 0.362162
vt 0.412506 0.362186
vt 0.432442 0.362499
vt 0.432927 0.364300
vt 0.436448 0.375708
vt 0.490669 0.374989
vt 0.490700 0.364961
vt 0.504442 0.363650
vt 0.504937 0.373776
vt 0.490591 0.363268
vt 0.504302 0.361895
vt 0.517955 0.360518
vt 0.518120 0.362319
vt 0.519131 0.372531
vt 0.466409 0.768030
vt 0.464433 0.754212
vt 0.478391 0.752754
vt 0.480440 0.766811
vt 0.462446 0.740321
vt 0.476331 0.738622
vt 0.492216 0.736685
vt 0.494359 0.751052
vt 0.496489 0.765344
vt 0.448289 0.742078
vt 0.451511 0.741675
vt 0.453451 0.755367
vt 0.450218 0.755711
vt 0.454762 0.741268
vt 0.456714 0.755021
vt 0.458655 0.768702
vt 0.455381 0.768988
vt 0.452137 0.769271
vt 0.434298 0.744036
vt 0.446270 0.742332
vt 0.448192 0.755927
vt 0.436206 0.757455
vt 0.446656 0.742283
vt 0.448580 0.755885
vt 0.450494 0.769415
vt 0.450105 0.769450
vt 0.438103 0.770803
vt 0.335147 0.758010
vt 0.336785 0.769153
vt 0.237382 0.778790
vt 0.236310 0.771575
vt 0.338414 0.780238
vt 0.238449 0.785967
vt 0.149960 0.790370
vt 0.149442 0.786944
vt 0.148921 0.783500
vt 0.108907 0.426515
vt 0.108420 0.412843
vt 0.110530 0.412760
vt 0.111015 0.426439
vt 0.108355 0.411072
vt 0.110466 0.410981
vt 0.112589 0.410889
vt 0.112652 0.412676
vt 0.113134 0.426363
vt 0.247867 0.173608
vt 0.249795 0.184646
vt 0.180978 0.202435
vt 0.179721 0.195283
vt 0.251734 0.195743
vt 0.182241 0.209624
vt 0.124216 0.221431
vt 0.123610 0.217999
vt 0.123007 0.214585
vt 0.348955 0.149915
vt 0.351245 0.163350
vt 0.350857 0.163428
vt 0.348568 0.150001
vt 0.353546 0.176856
vt 0.353157 0.176927
vt 0.341172 0.179100
vt 0.338893 0.165772
vt 0.336625 0.152513
vt 0.357086 0.148098
vt 0.359390 0.161694
vt 0.356123 0.162358
vt 0.353824 0.148827
vt 0.361705 0.175361
vt 0.358432 0.175961
vt 0.355189 0.176555
vt 0.352885 0.163016
vt 0.350592 0.149548
vt 0.399703 0.138818
vt 0.402119 0.153200
vt 0.381100 0.157351
vt 0.378751 0.143359
vt 0.404546 0.167657
vt 0.383461 0.171416
vt 0.369452 0.173954
vt 0.367121 0.160142
vt 0.364803 0.146402
vt 0.743509 0.162671
vt 0.743498 0.161251
vt 0.816234 0.162070
vt 0.816328 0.163491
vt 0.735087 0.160604
vt 0.816191 0.161449
vt 0.897295 0.162293
vt 0.877319 0.162706
vt 0.877497 0.164128
vt 0.095325 0.226842
vt 0.096502 0.226803
vt 0.096523 0.227432
vt 0.095623 0.227462
vt 0.097679 0.226764
vt 0.097420 0.227402
vt 0.097465 0.228843
vt 0.096567 0.228875
vt 0.095667 0.228906
vt 0.972492 0.957438
vt 0.973880 0.957437
vt 0.973882 0.963100
vt 0.972495 0.963100
vt 0.974485 0.955656
vt 0.974489 0.963099
vt 0.974493 0.970542
vt 0.973885 0.968785
vt 0.972498 0.968786
vt 0.639276 0.160357
vt 0.639285 0.159736
vt 0.639703 0.159742
vt 0.639683 0.161161
vt 0.639294 0.159116
vt 0.639712 0.159122
vt 0.640131 0.159127
vt 0.651887 0.159931
vt 0.651867 0.161350
vt 0.511074 0.162179
vt 0.510982 0.160760
vt 0.517884 0.160390
vt 0.517960 0.161808
vt 0.508785 0.160254
vt 0.517850 0.159770
vt 0.526915 0.159286
vt 0.524809 0.160021
vt 0.524870 0.161439
vt 0.589899 0.158715
vt 0.608720 0.158860
vt 0.608719 0.159480
vt 0.587186 0.159425
vt 0.627541 0.159004
vt 0.623023 0.159590
vt 0.623016 0.161010
vt 0.608716 0.160900
vt 0.587191 0.160845
vt 0.947244 0.971292
vt 0.947240 0.963744
vt 0.947847 0.963744
vt 0.947850 0.969510
vt 0.947236 0.956196
vt 0.947843 0.956196
vt 0.948450 0.956195
vt 0.949235 0.963743
vt 0.949238 0.969509
vt 0.102787 0.228625
vt 0.100658 0.228713
vt 0.100618 0.227274
vt 0.102750 0.227187
vt 0.098541 0.228801
vt 0.098497 0.227360
vt 0.097786 0.226760
vt 0.100599 0.226644
vt 0.103411 0.226529
vt 0.124462 0.222958
vt 0.182760 0.212648
vt 0.182818 0.213196
vt 0.124485 0.223468
vt 0.252531 0.200324
vt 0.252624 0.200913
vt 0.252840 0.202317
vt 0.182955 0.214613
vt 0.124541 0.224899
vt 0.342106 0.184572
vt 0.354099 0.182467
vt 0.354202 0.183083
vt 0.342210 0.185186
vt 0.354488 0.182398
vt 0.354591 0.183014
vt 0.354827 0.184415
vt 0.354438 0.184484
vt 0.342446 0.186587
vt 0.974481 0.946624
vt 0.974483 0.950818
vt 0.973876 0.950818
vt 0.973874 0.947563
vt 0.974485 0.955011
vt 0.973878 0.954044
vt 0.972490 0.954045
vt 0.972488 0.950819
vt 0.972487 0.947564
vt 0.356132 0.182110
vt 0.359378 0.181542
vt 0.359481 0.182159
vt 0.356236 0.182727
vt 0.362652 0.180968
vt 0.362756 0.181586
vt 0.362989 0.182987
vt 0.359715 0.183560
vt 0.356470 0.184128
vt 0.465365 0.163889
vt 0.486644 0.162102
vt 0.486698 0.162720
vt 0.470536 0.164080
vt 0.507924 0.160316
vt 0.502761 0.161373
vt 0.502872 0.162790
vt 0.486829 0.164134
vt 0.470691 0.165492
vt 0.370405 0.179618
vt 0.384426 0.177181
vt 0.384529 0.177802
vt 0.370508 0.180238
vt 0.405538 0.173578
vt 0.405641 0.174203
vt 0.405868 0.175600
vt 0.384759 0.179200
vt 0.370740 0.181638
vt 0.431984 0.169184
vt 0.432090 0.169815
vt 0.454137 0.165543
vt 0.454250 0.166182
vt 0.454469 0.167585
vt 0.432313 0.171213
vt 0.428395 0.148090
vt 0.430943 0.163059
vt 0.425861 0.133200
vt 0.447728 0.128517
vt 0.450372 0.143839
vt 0.453034 0.159242
vt 0.446396 0.120715
vt 0.424578 0.125615
vt 0.423518 0.119275
vt 0.445306 0.114198
vt 0.422456 0.112914
vt 0.444214 0.107660
vt 0.530539 0.159144
vt 0.560219 0.158930
vt 0.560223 0.159550
vt 0.537644 0.159722
vt 0.560238 0.160968
vt 0.537670 0.161140
vt 0.567016 0.355738
vt 0.567058 0.353962
vt 0.566929 0.366562
vt 0.548811 0.369458
vt 0.547325 0.359351
vt 0.547199 0.357669
vt 0.517529 0.783374
vt 0.510563 0.784000
vt 0.509689 0.777751
vt 0.516642 0.777046
vt 0.508817 0.771522
vt 0.515757 0.770739
vt 0.505540 0.749785
vt 0.507724 0.764149
vt 0.503341 0.735345
vt 0.510198 0.734523
vt 0.512432 0.748961
vt 0.514647 0.763324
vt 0.457070 0.365046
vt 0.458917 0.375703
vt 0.456752 0.363285
vt 0.476852 0.363981
vt 0.476988 0.365690
vt 0.477151 0.375870
vt 0.102946 0.234732
vt 0.100828 0.234833
vt 0.100742 0.231773
vt 0.102865 0.231678
vt 0.098721 0.234934
vt 0.098631 0.231866
vt 0.183248 0.217625
vt 0.124665 0.227941
vt 0.253302 0.205300
vt 0.253764 0.208286
vt 0.183545 0.220639
vt 0.124794 0.230984
vt 0.354937 0.187462
vt 0.342948 0.189565
vt 0.355326 0.187393
vt 0.355826 0.190374
vt 0.355437 0.190443
vt 0.343451 0.192545
vt 0.363983 0.188946
vt 0.360711 0.189518
vt 0.360213 0.186538
vt 0.363486 0.185965
vt 0.357468 0.190086
vt 0.356969 0.187105
vt 0.406826 0.181540
vt 0.385736 0.185145
vt 0.385247 0.182171
vt 0.406347 0.178569
vt 0.371728 0.187593
vt 0.371234 0.184614
vt 0.455359 0.173550
vt 0.433242 0.177163
vt 0.432778 0.174187
vt 0.454916 0.170566
vt 0.487115 0.167140
vt 0.471032 0.168489
vt 0.503109 0.165805
vt 0.503345 0.168822
vt 0.487402 0.170148
vt 0.471375 0.171488
vt 0.511474 0.168218
vt 0.511273 0.165197
vt 0.518121 0.164824
vt 0.518281 0.167844
vt 0.524991 0.164453
vt 0.525111 0.167471
vt 0.560274 0.163982
vt 0.537731 0.164151
vt 0.587203 0.163861
vt 0.587216 0.166880
vt 0.560312 0.166997
vt 0.537795 0.167165
vt 0.622988 0.167053
vt 0.608707 0.166940
vt 0.608712 0.163919
vt 0.623002 0.164030
vt 0.952185 0.963741
vt 0.952188 0.969507
vt 0.952181 0.956193
vt 0.955912 0.956191
vt 0.955093 0.963733
vt 0.955096 0.969498
vt 0.965809 0.955016
vt 0.965807 0.950822
vt 0.969538 0.950820
vt 0.969540 0.954046
vt 0.965805 0.946629
vt 0.969537 0.947565
vt 0.965810 0.955661
vt 0.969542 0.957439
vt 0.969545 0.963102
vt 0.966666 0.963109
vt 0.969548 0.968788
vt 0.966669 0.968795
vt 0.639168 0.167988
vt 0.639222 0.164172
vt 0.639640 0.164178
vt 0.639598 0.167197
vt 0.651825 0.164366
vt 0.651783 0.167385
vt 0.743552 0.168709
vt 0.743531 0.165689
vt 0.816525 0.166511
vt 0.816720 0.169534
vt 0.877869 0.167151
vt 0.878237 0.170177
vt 0.096658 0.231946
vt 0.095758 0.231981
vt 0.097556 0.231912
vt 0.097647 0.234984
vt 0.096750 0.235023
vt 0.095850 0.235062
vt 0.433509 0.738460
vt 0.445474 0.736685
vt 0.445571 0.737379
vt 0.433605 0.739148
vt 0.445860 0.736634
vt 0.445957 0.737328
vt 0.148679 0.781907
vt 0.235850 0.768477
vt 0.235919 0.768946
vt 0.148730 0.782245
vt 0.334462 0.753344
vt 0.334551 0.753950
vt 0.113647 0.410814
vt 0.113709 0.412605
vt 0.113424 0.412646
vt 0.113362 0.410856
vt 0.114190 0.426295
vt 0.113906 0.426335
vt 0.103848 0.228551
vt 0.103922 0.231603
vt 0.103638 0.231645
vt 0.103562 0.228593
vt 0.104000 0.234654
vt 0.103717 0.234696
vt 0.103616 0.226519
vt 0.103815 0.227113
vt 0.103528 0.227155
vt 0.103514 0.226524
vt 0.182702 0.212243
vt 0.252440 0.199785
vt 0.124436 0.222681
vt 0.353994 0.181844
vt 0.354383 0.181775
vt 0.342001 0.183955
vt 0.359273 0.180915
vt 0.362547 0.180340
vt 0.356027 0.181486
vt 0.384320 0.176539
vt 0.405430 0.172923
vt 0.370300 0.178985
vt 0.431870 0.168511
vt 0.454010 0.164853
vt 0.463868 0.166106
vt 0.463663 0.164691
vt 0.464601 0.164586
vt 0.464783 0.166000
vt 0.463664 0.164038
vt 0.464514 0.163963
vt 0.464666 0.172098
vt 0.464270 0.169102
vt 0.465160 0.168996
vt 0.465535 0.171993
vt 0.484748 0.375372
vt 0.485050 0.365423
vt 0.485722 0.365369
vt 0.485477 0.375335
vt 0.484976 0.363815
vt 0.485635 0.363735
vt 0.491324 0.730725
vt 0.502410 0.729343
vt 0.502531 0.730074
vt 0.491434 0.731448
vt 0.509231 0.728518
vt 0.509365 0.729249
vt 0.461625 0.734556
vt 0.475479 0.732760
vt 0.475582 0.733473
vt 0.461724 0.735260
vt 0.447491 0.736417
vt 0.450709 0.735989
vt 0.450805 0.736686
vt 0.447587 0.737112
vt 0.453956 0.735558
vt 0.454053 0.736257
vt 0.453414 0.789997
vt 0.453028 0.790021
vt 0.453493 0.790415
vt 0.453087 0.790440
vt 0.452681 0.790464
vt 0.441009 0.791113
vt 0.458292 0.789713
vt 0.455052 0.789900
vt 0.461563 0.789524
vt 0.462561 0.789895
vt 0.458348 0.790136
vt 0.454136 0.790377
vt 0.483448 0.788245
vt 0.469343 0.789072
vt 0.499589 0.787238
vt 0.502066 0.787606
vt 0.483507 0.788683
vt 0.464948 0.789760
vt 0.519855 0.786113
vt 0.510960 0.786859
vt 0.510897 0.786394
vt 0.517869 0.785802
vt 0.539113 0.358703
vt 0.539290 0.360247
vt 0.538752 0.360248
vt 0.538580 0.358698
vt 0.541213 0.370046
vt 0.540638 0.370056
vt 0.527514 0.161299
vt 0.527618 0.164314
vt 0.528215 0.161269
vt 0.528310 0.164284
vt 0.528405 0.167302
vt 0.527720 0.167332
vt 0.527434 0.159259
vt 0.527461 0.159880
vt 0.527952 0.159232
vt 0.528169 0.159849
vt 0.393374 0.117039
vt 0.421973 0.110021
vt 0.422050 0.110485
vt 0.396034 0.116865
vt 0.450572 0.103003
vt 0.443797 0.105162
vt 0.356861 0.126100
vt 0.375117 0.121570
vt 0.375190 0.122005
vt 0.361311 0.125440
vt 0.948458 0.972131
vt 0.947851 0.972132
vt 0.947851 0.971712
vt 0.949239 0.971711
vt 0.947245 0.972132
vt 0.947245 0.971712
vt 0.955920 0.972128
vt 0.952189 0.972130
vt 0.952189 0.971709
vt 0.955097 0.971700
vt 0.965174 0.971424
vt 0.960986 0.971743
vt 0.960986 0.971326
vt 0.964207 0.971083
vt 0.956798 0.972061
vt 0.957735 0.971571
vt 0.972499 0.970958
vt 0.969549 0.970959
vt 0.973280 0.971372
vt 0.969549 0.971374
vt 0.965818 0.971376
vt 0.966670 0.970967
vt 0.974493 0.970957
vt 0.973887 0.970957
vt 0.974494 0.971371
vt 0.973887 0.971371
vt 0.344533 0.129237
vt 0.344939 0.129134
vt 0.345012 0.129551
vt 0.333109 0.132318
vt 0.345345 0.129032
vt 0.345417 0.129449
vt 0.103771 0.217525
vt 0.177761 0.184162
vt 0.177800 0.184384
vt 0.122087 0.209381
vt 0.251750 0.150800
vt 0.244911 0.156788
vt 0.095234 0.228104
vt 0.095214 0.227475
vt 0.095279 0.227473
vt 0.095323 0.228917
vt 0.095193 0.226846
vt 0.095259 0.226844
vt 0.095462 0.235887
vt 0.095348 0.231995
vt 0.095414 0.231993
vt 0.095506 0.235076
vt 0.105204 0.414823
vt 0.105140 0.412972
vt 0.105205 0.412970
vt 0.105693 0.426632
vt 0.105075 0.411122
vt 0.105140 0.411211
vt 0.340924 0.797127
vt 0.240091 0.796907
vt 0.358975 0.799009
vt 0.240125 0.797130
vt 0.121275 0.795251
vt 0.150752 0.795592
vt 0.446300 0.737282
vt 0.447000 0.742240
vt 0.446204 0.736588
vt 0.448925 0.755848
vt 0.450840 0.769385
vt 0.452630 0.782014
vt 0.453447 0.787776
vt 0.451815 0.776272
vt 0.453757 0.789976
vt 0.453814 0.790396
vt 0.638987 0.345509
vt 0.639125 0.343676
vt 0.637523 0.359376
vt 0.965496 0.970985
vt 0.965494 0.968813
vt 0.965496 0.971400
vt 0.965488 0.955678
vt 0.965491 0.963125
vt 0.969541 0.955336
vt 0.972491 0.955335
vt 0.965809 0.955338
vt 0.974485 0.955334
vt 0.973878 0.955334
vt 0.351590 0.163279
vt 0.353891 0.176792
vt 0.349299 0.149837
vt 0.354834 0.182338
vt 0.354729 0.181715
vt 0.354937 0.182954
vt 0.355172 0.184355
vt 0.356171 0.190313
vt 0.355672 0.187333
vt 0.384652 0.365829
vt 0.388390 0.379399
vt 0.384223 0.364046
vt 0.456139 0.741096
vt 0.458095 0.754875
vt 0.456654 0.741032
vt 0.458612 0.754820
vt 0.460560 0.768536
vt 0.460041 0.768581
vt 0.455330 0.735376
vt 0.455427 0.736076
vt 0.455845 0.735308
vt 0.455942 0.736009
vt 0.393384 0.364267
vt 0.397267 0.377850
vt 0.392933 0.362447
vt 0.393421 0.362357
vt 0.393874 0.364180
vt 0.397766 0.377764
vt 0.365887 0.188613
vt 0.365368 0.188704
vt 0.364872 0.185723
vt 0.365391 0.185632
vt 0.364376 0.182745
vt 0.364895 0.182654
vt 0.364039 0.180726
vt 0.364142 0.181344
vt 0.364558 0.180635
vt 0.364662 0.181253
vt 0.363934 0.180096
vt 0.364453 0.180005
vt 0.363091 0.175108
vt 0.363610 0.175013
vt 0.358985 0.147674
vt 0.361291 0.161308
vt 0.360773 0.161413
vt 0.358467 0.147790
vt 0.974480 0.945745
vt 0.974480 0.946184
vt 0.973874 0.946185
vt 0.973873 0.945745
vt 0.972486 0.946185
vt 0.973267 0.945745
vt 0.965805 0.946189
vt 0.969536 0.946187
vt 0.965805 0.945749
vt 0.969536 0.945747
vt 0.956351 0.956168
vt 0.956355 0.963711
vt 0.956358 0.969474
vt 0.956359 0.972094
vt 0.956359 0.971674
vt 0.630068 0.345310
vt 0.630227 0.343441
vt 0.628461 0.359230
vt 0.627951 0.359221
vt 0.629568 0.345298
vt 0.629729 0.343426
vt 0.462641 0.787214
vt 0.462948 0.789444
vt 0.463160 0.787183
vt 0.463467 0.789414
vt 0.463446 0.789845
vt 0.463004 0.789870
vt 0.461025 0.775555
vt 0.461832 0.781375
vt 0.461544 0.775516
vt 0.462351 0.781340
vt 0.118177 0.786785
vt 0.119038 0.786466
vt 0.119083 0.786760
vt 0.118209 0.786883
vt 0.119212 0.787543
vt 0.118240 0.786980
vt 0.119126 0.792508
vt 0.118683 0.789744
vt 0.119550 0.789694
vt 0.119885 0.791834
vt 0.120334 0.794747
vt 0.120194 0.793834
vt 0.119501 0.794945
vt 0.119322 0.793780
vt 0.119143 0.792615
vt 0.120055 0.792924
vt 0.120398 0.795163
vt 0.120388 0.795096
vt 0.119520 0.795075
vt 0.119510 0.795010
vt 0.918579 0.345782
vt 0.918825 0.347644
vt 0.917944 0.347627
vt 0.917721 0.345851
vt 0.919070 0.349505
vt 0.919658 0.361226
vt 0.898474 0.164346
vt 0.898904 0.167371
vt 0.899243 0.163554
vt 0.899786 0.167380
vt 0.900329 0.171206
vt 0.899330 0.170398
vt 0.898175 0.162302
vt 0.898268 0.162924
vt 0.899056 0.162310
vt 0.899149 0.162932
vt 0.102190 0.218383
vt 0.102179 0.218319
vt 0.102981 0.217956
vt 0.103043 0.218303
vt 0.102167 0.218254
vt 0.102969 0.217889
vt 0.102601 0.220705
vt 0.102396 0.219544
vt 0.103204 0.219213
vt 0.103365 0.220120
vt 0.103590 0.226322
vt 0.103105 0.223567
vt 0.103934 0.223339
vt 0.104313 0.225483
vt 0.102620 0.220811
vt 0.103557 0.221206
vt 0.104464 0.226498
vt 0.104450 0.226265
vt 0.103603 0.226421
vt 0.104476 0.226995
vt 0.104507 0.228432
vt 0.104577 0.231484
vt 0.104653 0.234536
vt 0.114364 0.412489
vt 0.114844 0.426180
vt 0.114303 0.410698
vt 0.463134 0.169248
vt 0.462708 0.166258
vt 0.463554 0.172240
vt 0.462369 0.164202
vt 0.462493 0.164849
vt 0.462217 0.163501
vt 0.463456 0.163302
vt 0.461202 0.157828
vt 0.463248 0.162566
vt 0.456121 0.121487
vt 0.459685 0.142027
vt 0.458493 0.142264
vt 0.455809 0.126783
vt 0.453096 0.103391
vt 0.454542 0.112047
vt 0.453358 0.112322
vt 0.452255 0.105719
vt 0.455988 0.120702
vt 0.454458 0.118904
vt 0.451755 0.102715
vt 0.451834 0.103197
vt 0.452938 0.102427
vt 0.453017 0.102909
vt 0.529261 0.159809
vt 0.529298 0.161228
vt 0.529246 0.159188
vt 0.529379 0.164241
vt 0.529461 0.167257
vt 0.540115 0.360401
vt 0.539936 0.358804
vt 0.542088 0.370232
vt 0.522149 0.784994
vt 0.522215 0.785479
vt 0.521002 0.785554
vt 0.520660 0.783111
vt 0.522281 0.785963
vt 0.521068 0.786038
vt 0.519809 0.768318
vt 0.520979 0.776656
vt 0.519768 0.776749
vt 0.518877 0.770407
vt 0.513775 0.729373
vt 0.516733 0.748441
vt 0.515531 0.748588
vt 0.513279 0.734139
vt 0.519692 0.767508
vt 0.517760 0.762966
vt 0.512281 0.728147
vt 0.512428 0.728869
vt 0.513434 0.728049
vt 0.513605 0.728711
vt 0.484227 0.365673
vt 0.483867 0.375654
vt 0.484154 0.364028
vt 0.104044 0.236090
vt 0.103761 0.236131
vt 0.105243 0.257931
vt 0.104959 0.257973
vt 0.104188 0.258013
vt 0.102990 0.236170
vt 0.100873 0.236277
vt 0.098767 0.236383
vt 0.102071 0.258123
vt 0.099965 0.258233
vt 0.097096 0.258383
vt 0.095898 0.236523
vt 0.096798 0.236480
vt 0.097996 0.258336
vt 0.097695 0.236436
vt 0.098892 0.258289
vt 0.095516 0.237198
vt 0.095489 0.236543
vt 0.095555 0.236540
vt 0.096753 0.258401
vt 0.899520 0.171828
vt 0.878401 0.171606
vt 0.900402 0.171840
vt 0.900474 0.172473
vt 0.901798 0.193587
vt 0.880363 0.193366
vt 0.816807 0.170962
vt 0.743561 0.170135
vt 0.817818 0.192728
vt 0.743661 0.191920
vt 0.639578 0.168623
vt 0.639182 0.168619
vt 0.651764 0.168811
vt 0.651780 0.190677
vt 0.639636 0.190501
vt 0.639242 0.190496
vt 0.638505 0.167984
vt 0.638836 0.167986
vt 0.638829 0.168616
vt 0.637508 0.168604
vt 0.638892 0.190492
vt 0.637581 0.190476
vt 0.629920 0.167904
vt 0.634212 0.167944
vt 0.634207 0.168574
vt 0.630875 0.168543
vt 0.634301 0.190437
vt 0.630992 0.190397
vt 0.629016 0.167896
vt 0.629468 0.167900
vt 0.629464 0.168531
vt 0.628935 0.168527
vt 0.629591 0.190380
vt 0.629066 0.190374
vt 0.608706 0.168367
vt 0.587222 0.168306
vt 0.622982 0.168481
vt 0.623163 0.190415
vt 0.609010 0.190577
vt 0.587754 0.190948
vt 0.560331 0.168422
vt 0.537826 0.168589
vt 0.561220 0.191623
vt 0.539037 0.192256
vt 0.529501 0.168681
vt 0.528450 0.168728
vt 0.530834 0.192500
vt 0.529803 0.192541
vt 0.527769 0.168759
vt 0.525168 0.168898
vt 0.529134 0.192570
vt 0.526580 0.192706
vt 0.518357 0.169270
vt 0.511568 0.169644
vt 0.519893 0.193072
vt 0.513228 0.193441
vt 0.487538 0.171569
vt 0.471537 0.172906
vt 0.503456 0.170247
vt 0.505264 0.194047
vt 0.489636 0.195386
vt 0.473927 0.196740
vt 0.467366 0.197359
vt 0.464852 0.173515
vt 0.465711 0.173410
vt 0.468208 0.197252
vt 0.458198 0.198618
vt 0.455567 0.174960
vt 0.463751 0.173654
vt 0.466287 0.197498
vt 0.410175 0.205384
vt 0.407052 0.182943
vt 0.433460 0.178568
vt 0.436328 0.201669
vt 0.385966 0.186550
vt 0.371961 0.189000
vt 0.389239 0.208495
vt 0.375307 0.210634
vt 0.367610 0.211888
vt 0.364217 0.190354
vt 0.365602 0.190112
vt 0.368985 0.211644
vt 0.366121 0.190021
vt 0.369500 0.211553
vt 0.361143 0.213032
vt 0.357704 0.191493
vt 0.360946 0.190926
vt 0.364362 0.212463
vt 0.359512 0.213322
vt 0.356062 0.191782
vt 0.356407 0.191721
vt 0.359855 0.213260
vt 0.355673 0.191851
vt 0.343688 0.193953
vt 0.359126 0.213390
vt 0.347186 0.215491
vt 0.126389 0.254225
vt 0.124864 0.232419
vt 0.183690 0.222062
vt 0.186189 0.243748
vt 0.253984 0.209697
vt 0.257414 0.231264
vt 0.104697 0.235973
vt 0.105896 0.257817
vt 0.686444 0.345806
vt 0.686545 0.343995
vt 0.685378 0.359660
vt 0.687504 0.167941
vt 0.687486 0.169367
vt 0.687385 0.191193
vt 0.687582 0.161905
vt 0.687543 0.164922
vt 0.687609 0.159866
vt 0.687601 0.160486
vt 0.298211 0.140415
vt 0.298576 0.142494
vt 0.298142 0.140018
vt 0.299532 0.147939
vt 0.300484 0.153367
vt 0.303820 0.172635
vt 0.306037 0.185470
vt 0.301613 0.159867
vt 0.306948 0.190745
vt 0.306845 0.190146
vt 0.307052 0.191353
vt 0.307292 0.192753
vt 0.307803 0.195729
vt 0.308313 0.198707
vt 0.308554 0.200114
vt 0.312181 0.221647
vt 0.338115 0.374129
vt 0.341429 0.387653
vt 0.337721 0.372360
vt 0.398522 0.744344
vt 0.399200 0.749046
vt 0.398427 0.743675
vt 0.401065 0.761953
vt 0.402919 0.774791
vt 0.405463 0.792249
vt 0.404664 0.786779
vt 0.403867 0.781326
vt 0.405828 0.794737
vt 0.405769 0.794338
vt 0.456609 0.735921
vt 0.457322 0.740949
vt 0.456512 0.735220
vt 0.459283 0.754750
vt 0.461233 0.768479
vt 0.463025 0.781294
vt 0.463834 0.787142
vt 0.462218 0.775465
vt 0.464141 0.789376
vt 0.464197 0.789802
vt 0.628920 0.345282
vt 0.629083 0.343406
vt 0.627291 0.359210
vt 0.628257 0.167093
vt 0.628249 0.168522
vt 0.628386 0.190367
vt 0.629059 0.160255
vt 0.629037 0.164075
vt 0.628274 0.164070
vt 0.628291 0.161050
vt 0.628304 0.159009
vt 0.628300 0.159630
vt 0.629067 0.159014
vt 0.629063 0.159634
vt 0.355520 0.127309
vt 0.355450 0.126886
vt 0.356191 0.126705
vt 0.356560 0.128931
vt 0.355380 0.126462
vt 0.356120 0.126281
vt 0.358490 0.140572
vt 0.357527 0.134761
vt 0.358047 0.142559
vt 0.356784 0.134934
vt 0.361963 0.161173
vt 0.364282 0.174891
vt 0.359655 0.147526
vt 0.365231 0.180518
vt 0.365126 0.179888
vt 0.365335 0.181136
vt 0.365568 0.182537
vt 0.366559 0.188496
vt 0.366063 0.185515
vt 0.366793 0.189904
vt 0.370167 0.211435
vt 0.394508 0.364067
vt 0.398414 0.377652
vt 0.394053 0.362241
vt 0.451164 0.774156
vt 0.451511 0.774127
vt 0.452810 0.774022
vt 0.459335 0.773494
vt 0.456058 0.773759
vt 0.461242 0.773342
vt 0.460723 0.773383
vt 0.461916 0.773288
vt 0.467101 0.772871
vt 0.481156 0.771736
vt 0.497235 0.770354
vt 0.508489 0.769191
vt 0.515424 0.768374
vt 0.519751 0.767913
vt 0.518541 0.768026
vt 0.522908 0.361854
vt 0.522733 0.360041
vt 0.524102 0.372090
vt 0.508932 0.168361
vt 0.509034 0.169787
vt 0.510740 0.193582
vt 0.508499 0.162322
vt 0.508715 0.165340
vt 0.508354 0.160285
vt 0.508398 0.160904
vt 0.454869 0.121360
vt 0.446803 0.123148
vt 0.456055 0.121095
vt 0.398857 0.133779
vt 0.424973 0.127982
vt 0.377928 0.138457
vt 0.363991 0.141587
vt 0.358178 0.142895
vt 0.358848 0.142743
vt 0.357157 0.142771
vt 0.357602 0.142665
vt 0.357660 0.143015
vt 0.356278 0.143335
vt 0.348758 0.144710
vt 0.352957 0.143740
vt 0.353018 0.144086
vt 0.349788 0.144830
vt 0.348151 0.145208
vt 0.348495 0.145128
vt 0.348435 0.144785
vt 0.347764 0.145297
vt 0.335829 0.147868
vt 0.247191 0.169740
vt 0.300839 0.155393
vt 0.179280 0.192777
vt 0.122796 0.213389
vt 0.102610 0.220758
vt 0.103425 0.220459
vt 0.097800 0.228832
vt 0.097755 0.227390
vt 0.097733 0.226762
vt 0.097982 0.234969
vt 0.097891 0.231899
vt 0.098030 0.236420
vt 0.099227 0.258271
vt 0.107681 0.412872
vt 0.108168 0.426542
vt 0.107616 0.411104
vt 0.120003 0.792584
vt 0.150142 0.791570
vt 0.119134 0.792561
vt 0.338986 0.784122
vt 0.238823 0.788482
vt 0.403570 0.779290
vt 0.438768 0.775480
vt 0.450775 0.774188
vt 0.112339 0.386693
vt 0.113575 0.409204
vt 0.113291 0.409245
vt 0.112055 0.386735
vt 0.112518 0.409282
vt 0.111283 0.386774
vt 0.108287 0.409483
vt 0.110397 0.409383
vt 0.107057 0.386990
vt 0.109165 0.386882
vt 0.107214 0.409535
vt 0.107548 0.409519
vt 0.105984 0.387045
vt 0.106319 0.387028
vt 0.105417 0.409622
vt 0.106317 0.409578
vt 0.104189 0.387139
vt 0.105088 0.387092
vt 0.105008 0.409641
vt 0.105074 0.409638
vt 0.104941 0.408161
vt 0.103845 0.387157
vt 0.918261 0.342752
vt 0.918420 0.344267
vt 0.917540 0.344251
vt 0.915196 0.321832
vt 0.893911 0.344043
vt 0.891896 0.321623
vt 0.824785 0.343453
vt 0.823759 0.321024
vt 0.744310 0.342791
vt 0.744239 0.320335
vt 0.686635 0.342366
vt 0.686793 0.319860
vt 0.651829 0.342134
vt 0.651887 0.319579
vt 0.639585 0.342038
vt 0.639962 0.342049
vt 0.639607 0.319467
vt 0.639985 0.319478
vt 0.639250 0.342028
vt 0.639270 0.319458
vt 0.637997 0.341990
vt 0.638010 0.319421
vt 0.634865 0.341897
vt 0.634860 0.319328
vt 0.631705 0.341801
vt 0.631682 0.319234
vt 0.630369 0.341760
vt 0.630338 0.319193
vt 0.629870 0.341742
vt 0.629836 0.319176
vt 0.629225 0.341720
vt 0.629185 0.319154
vt 0.624303 0.342399
vt 0.624226 0.319742
vt 0.591264 0.347858
vt 0.610974 0.344489
vt 0.590882 0.324514
vt 0.610797 0.321556
vt 0.567202 0.352376
vt 0.566466 0.328530
vt 0.547270 0.356178
vt 0.546197 0.331936
vt 0.539955 0.357396
vt 0.538725 0.333064
vt 0.539099 0.357346
vt 0.537813 0.333058
vt 0.538545 0.357343
vt 0.537221 0.333063
vt 0.536341 0.357493
vt 0.534946 0.333189
vt 0.530537 0.357901
vt 0.528983 0.333547
vt 0.524748 0.358310
vt 0.523038 0.333908
vt 0.522589 0.358463
vt 0.520820 0.334044
vt 0.517810 0.358952
vt 0.515937 0.334538
vt 0.490450 0.361801
vt 0.504161 0.360372
vt 0.487997 0.337421
vt 0.502002 0.335971
vt 0.484794 0.362417
vt 0.485482 0.362317
vt 0.482164 0.338075
vt 0.482904 0.337963
vt 0.476551 0.362494
vt 0.483923 0.362600
vt 0.473700 0.338269
vt 0.481218 0.338235
vt 0.431986 0.360886
vt 0.456361 0.361728
vt 0.428605 0.337770
vt 0.453243 0.338002
vt 0.398602 0.360519
vt 0.412057 0.360548
vt 0.395041 0.338187
vt 0.408546 0.337909
vt 0.393017 0.360718
vt 0.393648 0.360598
vt 0.389430 0.338492
vt 0.390067 0.338370
vt 0.391221 0.361057
vt 0.392529 0.360811
vt 0.387622 0.338834
vt 0.388938 0.338585
vt 0.385064 0.362213
vt 0.388129 0.361637
vt 0.381427 0.340002
vt 0.384511 0.339421
vt 0.383509 0.362502
vt 0.383837 0.362442
vt 0.379864 0.340295
vt 0.380193 0.340234
vt 0.371501 0.364656
vt 0.383139 0.362570
vt 0.367816 0.342453
vt 0.379493 0.340364
vt 0.281216 0.380620
vt 0.337367 0.370769
vt 0.277646 0.358396
vt 0.333570 0.348577
vt 0.136976 0.405220
vt 0.203529 0.393917
vt 0.135400 0.382753
vt 0.200937 0.371573
vt 0.114231 0.409089
vt 0.112994 0.386580
vt 0.483059 0.428883
vt 0.483804 0.401790
vt 0.484637 0.401749
vt 0.483982 0.428824
vt 0.490388 0.401460
vt 0.490257 0.428542
vt 0.506144 0.400413
vt 0.507433 0.427580
vt 0.521812 0.399330
vt 0.524510 0.426591
vt 0.529804 0.398578
vt 0.527300 0.398937
vt 0.533251 0.425810
vt 0.530494 0.426225
vt 0.543251 0.396606
vt 0.536517 0.397602
vt 0.548077 0.423524
vt 0.540652 0.424675
vt 0.546466 0.396165
vt 0.545817 0.396190
vt 0.551625 0.423022
vt 0.550908 0.423059
vt 0.552822 0.396220
vt 0.547448 0.396343
vt 0.556735 0.423616
vt 0.552708 0.423154
vt 0.584846 0.394677
vt 0.566647 0.395290
vt 0.580366 0.426672
vt 0.566281 0.424572
vt 0.603341 0.395502
vt 0.598010 0.430564
vt 0.617516 0.396661
vt 0.612778 0.434155
vt 0.623445 0.397056
vt 0.622754 0.397051
vt 0.618953 0.435350
vt 0.618235 0.435351
vt 0.625400 0.397069
vt 0.623978 0.397060
vt 0.620986 0.435348
vt 0.619508 0.435349
vt 0.632091 0.397117
vt 0.628761 0.397093
vt 0.627932 0.435345
vt 0.624475 0.435346
vt 0.633778 0.397128
vt 0.633423 0.397126
vt 0.629683 0.435342
vt 0.629315 0.435344
vt 0.634178 0.397130
vt 0.630097 0.435340
vt 0.646442 0.397203
vt 0.642641 0.435416
vt 0.742393 0.397704
vt 0.682393 0.397417
vt 0.741031 0.435861
vt 0.679399 0.435646
vt 0.899493 0.398213
vt 0.826807 0.397992
vt 0.903368 0.435839
vt 0.828197 0.435887
vt 0.925190 0.398308
vt 0.924309 0.398295
vt 0.931309 0.447111
vt 0.929012 0.435829
vt 0.108718 0.513020
vt 0.106961 0.463921
vt 0.107027 0.463919
vt 0.108377 0.501653
vt 0.107370 0.463907
vt 0.108721 0.501643
vt 0.108270 0.463876
vt 0.109620 0.501615
vt 0.109167 0.463844
vt 0.110517 0.501588
vt 0.109502 0.463833
vt 0.110852 0.501578
vt 0.110240 0.463808
vt 0.111590 0.501557
vt 0.112347 0.463739
vt 0.113698 0.501499
vt 0.114466 0.463669
vt 0.115816 0.501440
vt 0.115521 0.463604
vt 0.115237 0.463644
vt 0.116871 0.501380
vt 0.116588 0.501418
vt 0.116174 0.463491
vt 0.117525 0.501271
vt 0.140118 0.459519
vt 0.142305 0.497230
vt 0.210271 0.447900
vt 0.214964 0.485396
vt 0.291967 0.434331
vt 0.299456 0.471639
vt 0.350540 0.424508
vt 0.359732 0.461827
vt 0.385903 0.418527
vt 0.395966 0.455930
vt 0.397965 0.416487
vt 0.408329 0.453915
vt 0.398357 0.416420
vt 0.408735 0.453846
vt 0.398705 0.416361
vt 0.409096 0.453784
vt 0.400011 0.416138
vt 0.410454 0.453555
vt 0.403277 0.415579
vt 0.413849 0.452982
vt 0.406572 0.415016
vt 0.417276 0.452404
vt 0.407968 0.414777
vt 0.418727 0.452159
vt 0.408491 0.414687
vt 0.419272 0.452066
vt 0.409168 0.414571
vt 0.419977 0.451945
vt 0.414254 0.413340
vt 0.425144 0.449847
vt 0.428001 0.409903
vt 0.439072 0.443820
vt 0.446014 0.406144
vt 0.455720 0.437046
vt 0.463896 0.403945
vt 0.469049 0.432706
vt 0.477531 0.402772
vt 0.478106 0.430262
vt 0.482801 0.402092
vt 0.481938 0.429175
vt 0.509484 0.691459
vt 0.498616 0.585829
vt 0.499491 0.585728
vt 0.510321 0.691371
vt 0.487575 0.479307
vt 0.488489 0.479204
vt 0.494671 0.478723
vt 0.505268 0.585207
vt 0.515714 0.690849
vt 0.521095 0.583815
vt 0.530458 0.689425
vt 0.511637 0.477426
vt 0.528514 0.476136
vt 0.536838 0.582435
vt 0.545122 0.688012
vt 0.537164 0.475412
vt 0.544925 0.581737
vt 0.542363 0.581952
vt 0.534429 0.475679
vt 0.552671 0.687330
vt 0.550273 0.687520
vt 0.551857 0.473970
vt 0.558658 0.580591
vt 0.551780 0.581164
vt 0.544499 0.474692
vt 0.565494 0.686320
vt 0.559072 0.686825
vt 0.555381 0.473656
vt 0.561978 0.580336
vt 0.561287 0.580377
vt 0.554661 0.473697
vt 0.568619 0.686089
vt 0.567956 0.686129
vt 0.559946 0.473972
vt 0.566331 0.580394
vt 0.563044 0.580282
vt 0.556489 0.473627
vt 0.572768 0.685959
vt 0.569642 0.686035
vt 0.580104 0.477394
vt 0.585517 0.581989
vt 0.573682 0.580852
vt 0.567715 0.475049
vt 0.591045 0.685831
vt 0.579739 0.685854
vt 0.602254 0.584137
vt 0.607173 0.685999
vt 0.597422 0.481542
vt 0.612457 0.485327
vt 0.616839 0.586125
vt 0.621266 0.686192
vt 0.618713 0.486579
vt 0.622911 0.586768
vt 0.622217 0.586779
vt 0.617999 0.486585
vt 0.627142 0.686228
vt 0.626466 0.686244
vt 0.620732 0.486565
vt 0.624877 0.586739
vt 0.623446 0.586760
vt 0.619263 0.486575
vt 0.629057 0.686183
vt 0.627664 0.686216
vt 0.627639 0.486521
vt 0.631602 0.586640
vt 0.628255 0.586689
vt 0.624202 0.486543
vt 0.635613 0.686032
vt 0.632350 0.686107
vt 0.629380 0.486509
vt 0.633298 0.586616
vt 0.632941 0.586621
vt 0.629014 0.486512
vt 0.637266 0.685995
vt 0.636918 0.686002
vt 0.633699 0.586611
vt 0.637657 0.685987
vt 0.629792 0.486507
vt 0.642364 0.486543
vt 0.646040 0.586533
vt 0.649763 0.685795
vt 0.741852 0.486713
vt 0.745833 0.586007
vt 0.682215 0.586309
vt 0.679212 0.486658
vt 0.749825 0.684578
vt 0.685257 0.685233
vt 0.909722 0.486390
vt 0.923364 0.585457
vt 0.840500 0.585697
vt 0.831800 0.486572
vt 0.936911 0.683811
vt 0.849156 0.684103
vt 0.932220 0.454535
vt 0.952454 0.585354
vt 0.951573 0.585368
vt 0.936283 0.486322
vt 0.972688 0.716174
vt 0.966750 0.683704
vt 0.109610 0.785057
vt 0.109294 0.652677
vt 0.109359 0.652677
vt 0.109598 0.752184
vt 0.108978 0.520297
vt 0.109090 0.552482
vt 0.109434 0.552480
vt 0.109703 0.652676
vt 0.109942 0.752183
vt 0.110604 0.652673
vt 0.110842 0.752181
vt 0.110334 0.552473
vt 0.111232 0.552466
vt 0.111501 0.652670
vt 0.111740 0.752179
vt 0.111836 0.652669
vt 0.112075 0.752179
vt 0.111567 0.552464
vt 0.112306 0.552457
vt 0.112576 0.652666
vt 0.112817 0.752176
vt 0.114686 0.652656
vt 0.114933 0.752167
vt 0.114416 0.552439
vt 0.116537 0.552420
vt 0.116807 0.652646
vt 0.117060 0.752159
vt 0.117595 0.552380
vt 0.117864 0.652611
vt 0.117579 0.652643
vt 0.117310 0.552413
vt 0.118123 0.752124
vt 0.117836 0.752156
vt 0.118522 0.652517
vt 0.118785 0.752031
vt 0.118252 0.552283
vt 0.143969 0.548158
vt 0.145920 0.648200
vt 0.147850 0.747521
vt 0.226426 0.635497
vt 0.233347 0.734240
vt 0.219430 0.536038
vt 0.306767 0.522026
vt 0.318625 0.620982
vt 0.330353 0.719226
vt 0.381104 0.611225
vt 0.393947 0.709517
vt 0.368109 0.512222
vt 0.404474 0.506430
vt 0.416924 0.605675
vt 0.429216 0.704212
vt 0.429143 0.603783
vt 0.441245 0.702406
vt 0.416881 0.504452
vt 0.417287 0.504385
vt 0.429540 0.603723
vt 0.441634 0.702352
vt 0.429893 0.603669
vt 0.441980 0.702304
vt 0.417649 0.504326
vt 0.419005 0.504105
vt 0.431219 0.603470
vt 0.443277 0.702126
vt 0.434533 0.602972
vt 0.446519 0.701680
vt 0.422395 0.503553
vt 0.425817 0.502996
vt 0.437877 0.602469
vt 0.449790 0.701230
vt 0.439293 0.602256
vt 0.451175 0.701040
vt 0.427265 0.502760
vt 0.427808 0.502672
vt 0.439824 0.602177
vt 0.451693 0.700969
vt 0.440511 0.602075
vt 0.452365 0.700878
vt 0.428512 0.502557
vt 0.433763 0.500380
vt 0.445710 0.600545
vt 0.457499 0.699998
vt 0.459776 0.596186
vt 0.471402 0.697559
vt 0.447948 0.494105
vt 0.464253 0.487098
vt 0.475897 0.591318
vt 0.487309 0.694817
vt 0.487264 0.588261
vt 0.498454 0.693026
vt 0.475865 0.482727
vt 0.483135 0.480388
vt 0.494316 0.586611
vt 0.505325 0.692006
vt 0.497496 0.585962
vt 0.508410 0.691577
vt 0.486415 0.479475
vt 0.108785 0.322201
vt 0.108501 0.322242
vt 0.107730 0.322283
vt 0.103505 0.322504
vt 0.105612 0.322394
vt 0.102433 0.322561
vt 0.102767 0.322543
vt 0.100637 0.322657
vt 0.101537 0.322609
vt 0.100229 0.322680
vt 0.100294 0.322676
vt 0.909368 0.257613
vt 0.908487 0.257600
vt 0.886121 0.257385
vt 0.820786 0.256765
vt 0.743954 0.256016
vt 0.687099 0.255413
vt 0.651846 0.255013
vt 0.639438 0.254866
vt 0.639824 0.254874
vt 0.639095 0.254859
vt 0.637810 0.254832
vt 0.634596 0.254765
vt 0.631353 0.254696
vt 0.629980 0.254667
vt 0.629467 0.254655
vt 0.628801 0.254640
vt 0.623712 0.254958
vt 0.589343 0.257614
vt 0.609925 0.255947
vt 0.563868 0.259969
vt 0.542640 0.262000
vt 0.534797 0.262696
vt 0.533819 0.262720
vt 0.533184 0.262738
vt 0.530766 0.262865
vt 0.524435 0.263218
vt 0.518125 0.263573
vt 0.515769 0.263709
vt 0.510590 0.264190
vt 0.480951 0.266990
vt 0.495809 0.265581
vt 0.474745 0.267634
vt 0.475542 0.267522
vt 0.465913 0.268349
vt 0.473724 0.267780
vt 0.419347 0.271464
vt 0.444744 0.269731
vt 0.385138 0.274294
vt 0.398853 0.273086
vt 0.379430 0.274907
vt 0.380082 0.274786
vt 0.377582 0.275246
vt 0.378927 0.275000
vt 0.371252 0.276405
vt 0.374403 0.275828
vt 0.369655 0.276697
vt 0.369992 0.276636
vt 0.357470 0.278861
vt 0.369277 0.276766
vt 0.267507 0.294720
vt 0.322847 0.285002
vt 0.130886 0.318379
vt 0.193548 0.307551
vt 0.109439 0.322088
vt 0.484293 0.440772
vt 0.490677 0.440399
vt 0.483353 0.440857
vt 0.525575 0.438191
vt 0.508173 0.439299
vt 0.531671 0.437788
vt 0.534488 0.437429
vt 0.549638 0.435463
vt 0.542051 0.436450
vt 0.553263 0.435035
vt 0.552528 0.435077
vt 0.554383 0.435083
vt 0.557928 0.435623
vt 0.565942 0.437057
vt 0.578586 0.439933
vt 0.611098 0.449190
vt 0.596022 0.444797
vt 0.616661 0.450652
vt 0.617385 0.450649
vt 0.617944 0.450646
vt 0.619433 0.450640
vt 0.626432 0.450618
vt 0.622948 0.450629
vt 0.627825 0.450612
vt 0.628196 0.450610
vt 0.641257 0.450683
vt 0.628613 0.450608
vt 0.678306 0.450915
vt 0.740551 0.451097
vt 0.904917 0.450874
vt 0.828781 0.451025
vt 0.930884 0.450824
vt 0.931764 0.450823
vt 0.108914 0.516658
vt 0.109257 0.516651
vt 0.108848 0.516659
vt 0.111055 0.516617
vt 0.110158 0.516634
vt 0.111390 0.516611
vt 0.112128 0.516597
vt 0.116357 0.516521
vt 0.114237 0.516559
vt 0.117129 0.516507
vt 0.117413 0.516471
vt 0.118069 0.516368
vt 0.143176 0.512305
vt 0.302383 0.486558
vt 0.216814 0.500390
vt 0.363286 0.476744
vt 0.399822 0.470873
vt 0.412699 0.468797
vt 0.412289 0.468867
vt 0.413064 0.468735
vt 0.414434 0.468505
vt 0.421320 0.467353
vt 0.417861 0.467932
vt 0.423334 0.467014
vt 0.422785 0.467107
vt 0.424047 0.466894
vt 0.429278 0.464504
vt 0.459663 0.449853
vt 0.443384 0.457602
vt 0.478853 0.442202
vt 0.471416 0.444921
vt 0.482186 0.441091
vt 0.513190 0.727231
vt 0.514004 0.727157
vt 0.514113 0.728015
vt 0.519260 0.726645
vt 0.514791 0.727981
vt 0.552663 0.724209
vt 0.533727 0.726095
vt 0.533638 0.725215
vt 0.547939 0.723792
vt 0.555302 0.723116
vt 0.552963 0.723297
vt 0.553422 0.724147
vt 0.553042 0.724178
vt 0.567815 0.722151
vt 0.561548 0.722633
vt 0.569812 0.722883
vt 0.561617 0.723515
vt 0.570869 0.721930
vt 0.570220 0.721969
vt 0.570748 0.722821
vt 0.570280 0.722852
vt 0.574941 0.721736
vt 0.571873 0.721875
vt 0.573094 0.722697
vt 0.571921 0.722759
vt 0.592908 0.721035
vt 0.581782 0.721445
vt 0.590540 0.721960
vt 0.581817 0.722329
vt 0.627179 0.720894
vt 0.608859 0.721427
vt 0.608831 0.720543
vt 0.622759 0.720138
vt 0.628569 0.719971
vt 0.627899 0.719989
vt 0.628670 0.720853
vt 0.627924 0.720874
vt 0.630467 0.719921
vt 0.629085 0.719957
vt 0.629550 0.720830
vt 0.629110 0.720842
vt 0.636964 0.719752
vt 0.633730 0.719836
vt 0.637956 0.720611
vt 0.633753 0.720721
vt 0.638602 0.719711
vt 0.638258 0.719719
vt 0.638600 0.720595
vt 0.638278 0.720603
vt 0.639415 0.720578
vt 0.639008 0.720587
vt 0.638989 0.719702
vt 0.651016 0.719472
vt 0.751162 0.718025
vt 0.686279 0.718798
vt 0.733169 0.718788
vt 0.686292 0.719683
vt 0.941429 0.717185
vt 0.852045 0.717495
vt 0.970934 0.717971
vt 0.852051 0.718380
vt 0.972696 0.717062
vt 0.971813 0.717074
vt 0.972703 0.717950
vt 0.971818 0.717961
vt 0.109751 0.786832
vt 0.109686 0.786833
vt 0.109681 0.785945
vt 0.110025 0.785944
vt 0.109620 0.786833
vt 0.109615 0.785945
vt 0.112116 0.786833
vt 0.110934 0.786833
vt 0.110927 0.785943
vt 0.111826 0.785942
vt 0.112225 0.786835
vt 0.112171 0.786834
vt 0.112161 0.785942
vt 0.112909 0.785939
vt 0.117950 0.786792
vt 0.115088 0.786814
vt 0.115044 0.785928
vt 0.117192 0.785917
vt 0.118274 0.785879
vt 0.117978 0.785911
vt 0.118063 0.786789
vt 0.118948 0.785785
vt 0.148577 0.781211
vt 0.235740 0.767737
vt 0.334348 0.752557
vt 0.398311 0.742867
vt 0.433395 0.737644
vt 0.445361 0.735867
vt 0.445747 0.735815
vt 0.446090 0.735769
vt 0.447377 0.735598
vt 0.450595 0.735169
vt 0.453842 0.734737
vt 0.455217 0.734555
vt 0.455731 0.734487
vt 0.456398 0.734400
vt 0.461510 0.733735
vt 0.475361 0.731936
vt 0.491200 0.729900
vt 0.502277 0.728524
vt 0.509090 0.727706
vt 0.512140 0.727344
vn 0.984815 -0.000011 -0.173607
vn 0.984806 0.000002 -0.173658
vn 0.984808 -0.000000 -0.173648
vn 0.984808 0.000001 -0.173649
vn 0.984810 -0.000002 -0.173636
vn 0.984807 0.000001 -0.173652
vn 0.984807 0.000001 -0.173655
vn 0.984812 -0.000004 -0.173623
vn 0.984806 0.000000 -0.173656
vn 0.162555 -0.986282 -0.028713
vn 0.167562 -0.985421 -0.029464
vn 0.167545 -0.985421 -0.029554
vn 0.162564 -0.986282 -0.028660
vn 0.165129 -0.985842 -0.029113
vn 0.165117 -0.985843 -0.029145
vn 0.165141 -0.985842 -0.029052
vn 0.167549 -0.985419 -0.029592
vn 0.162574 -0.986282 -0.028603
vn -0.984808 0.000000 0.173648
vn -0.984808 0.000000 0.173648
vn -0.984808 -0.000000 0.173648
vn -0.984808 -0.000000 0.173648
vn -0.984808 -0.000000 0.173649
vn -0.984808 0.000000 0.173648
vn -0.984808 -0.000000 0.173649
vn -0.984808 0.000000 0.173648
vn -0.984808 0.000000 0.173648
vn -0.220092 0.974707 0.038804
vn -0.428688 0.900286 0.075582
vn -0.428658 0.900300 0.075582
vn -0.220094 0.974706 0.038809
vn -0.545147 0.832812 0.096126
vn -0.545148 0.832811 0.096128
vn -0.545146 0.832812 0.096123
vn -0.428687 0.900283 0.075612
vn -0.220082 0.974709 0.038813
vn 0.201154 -0.216492 0.955337
vn 0.201318 -0.215712 0.955479
vn 0.187037 -0.203885 0.960962
vn 0.187083 -0.204472 0.960828
vn 0.199710 -0.213151 0.956390
vn 0.186328 -0.201778 0.961544
vn 0.174830 -0.154636 0.972380
vn 0.174797 -0.155571 0.972236
vn 0.174812 -0.155781 0.972200
vn -0.173657 0.000004 -0.984806
vn -0.173565 -0.000002 -0.984822
vn -0.173729 0.000000 -0.984794
vn -0.173641 -0.000000 -0.984809
vn -0.173661 0.000001 -0.984805
vn -0.173638 -0.000000 -0.984810
vn -0.173658 -0.000000 -0.984806
vn -0.173568 -0.000000 -0.984822
vn -0.173655 0.000000 -0.984807
vn 0.984810 0.000000 -0.173636
vn 0.963544 0.206675 -0.169906
vn 0.964532 0.204600 -0.166782
vn 0.984807 -0.000000 -0.173653
vn 0.900674 0.404428 -0.158823
vn 0.901792 0.404269 -0.152768
vn 0.950032 0.287602 -0.121346
vn 0.979751 0.107051 -0.169200
vn 0.984807 0.000000 -0.173652
vn 0.173146 -0.075676 0.981984
vn 0.173178 -0.075298 0.982008
vn 0.173321 -0.065231 0.982703
vn 0.173271 -0.065416 0.982699
vn 0.173110 -0.075648 0.981993
vn 0.173252 -0.065402 0.982704
vn 0.173380 -0.054957 0.983320
vn 0.173425 -0.054957 0.983312
vn 0.173381 -0.054957 0.983320
vn -0.984808 0.000000 0.173648
vn -0.984808 -0.000000 0.173648
vn -0.984808 0.000001 0.173648
vn -0.984808 -0.000003 0.173648
vn -0.984808 0.000001 0.173648
vn -0.984808 -0.000003 0.173648
vn -0.984808 -0.000000 0.173648
vn -0.984808 -0.000000 0.173648
vn -0.984808 -0.000000 0.173648
vn -0.173652 -0.000004 -0.984807
vn -0.173573 0.000000 -0.984821
vn -0.173657 -0.000313 -0.984806
vn -0.173649 0.000360 -0.984808
vn -0.173654 -0.000001 -0.984807
vn -0.173715 0.000312 -0.984796
vn -0.173650 -0.000040 -0.984807
vn -0.173636 -0.000004 -0.984810
vn -0.173648 -0.000042 -0.984808
vn 0.999573 -0.008326 -0.028013
vn 0.999591 -0.008366 -0.027353
vn 0.994875 -0.004565 -0.101006
vn 0.994847 -0.004608 -0.101279
vn 0.999606 -0.008296 -0.026798
vn 0.994908 -0.004591 -0.100681
vn 0.984810 -0.000020 -0.173636
vn 0.984808 0.000003 -0.173646
vn 0.984809 0.000008 -0.173643
vn 0.173165 -0.075224 0.982016
vn 0.173174 -0.075260 0.982012
vn 0.173129 -0.075270 0.982019
vn 0.173154 -0.075271 0.982014
vn 0.173156 -0.075216 0.982018
vn 0.173155 -0.075276 0.982014
vn 0.173156 -0.075277 0.982013
vn 0.173156 -0.075192 0.982020
vn 0.173138 -0.075261 0.982018
vn -0.984808 -0.000001 0.173648
vn -0.984808 0.000000 0.173648
vn -0.984808 0.000000 0.173648
vn -0.984808 0.000000 0.173648
vn -0.984808 0.000000 0.173648
vn -0.984808 -0.000000 0.173648
vn -0.984808 0.000000 0.173648
vn -0.984808 0.000000 0.173648
vn -0.984808 -0.000000 0.173648
vn -0.173650 0.000073 -0.984807
vn -0.173583 -0.000092 -0.984819
vn -0.173712 0.000025 -0.984796
vn -0.173646 -0.000005 -0.984808
vn -0.173683 0.000051 -0.984802
vn -0.173638 -0.000001 -0.984810
vn -0.173633 -0.000041 -0.984810
vn -0.173608 0.000020 -0.984815
vn -0.173649 -0.000056 -0.984808
vn 0.984806 0.000001 -0.173659
vn 0.984809 0.000000 -0.173643
vn 0.984808 -0.000001 -0.173648
vn 0.984808 0.000000 -0.173645
vn 0.984806 0.000000 -0.173657
vn 0.984808 0.000002 -0.173645
vn 0.984809 -0.000004 -0.173642
vn 0.984807 0.000000 -0.173653
vn 0.984809 -0.000000 -0.173644
vn 0.181339 -0.081397 0.980046
vn 0.178465 -0.075927 0.981012
vn 0.173507 -0.075796 0.981912
vn 0.173929 -0.077446 0.981708
vn 0.175358 -0.075090 0.981637
vn 0.173191 -0.075366 0.982001
vn 0.173151 -0.075301 0.982013
vn 0.173160 -0.075295 0.982011
vn 0.173153 -0.075304 0.982012
vn -0.984808 0.000000 0.173648
vn -0.984808 -0.000000 0.173648
vn -0.984808 0.000000 0.173648
vn -0.984808 0.000000 0.173648
vn -0.984808 0.000000 0.173648
vn -0.984808 -0.000000 0.173648
vn -0.984808 -0.000000 0.173648
vn -0.984808 0.000000 0.173648
vn -0.984808 -0.000000 0.173648
vn -0.173655 0.000021 -0.984807
vn -0.173564 -0.000007 -0.984823
vn -0.173730 -0.000011 -0.984793
vn -0.173640 -0.000005 -0.984809
vn -0.173671 -0.000001 -0.984804
vn -0.173635 0.000002 -0.984810
vn -0.173661 -0.000003 -0.984806
vn -0.173569 0.000014 -0.984822
vn -0.173657 0.000002 -0.984806
vn -0.545145 0.832813 0.096121
vn -0.428691 0.900283 0.075593
vn -0.428676 0.900291 0.075587
vn -0.545147 0.832811 0.096125
vn -0.220087 0.974708 0.038807
vn -0.220116 0.974701 0.038813
vn -0.220094 0.974707 0.038804
vn -0.428691 0.900284 0.075583
vn -0.545146 0.832812 0.096122
vn -0.984808 -0.000000 0.173648
vn -0.984808 0.000000 0.173648
vn -0.984808 0.000000 0.173648
vn -0.984808 0.000000 0.173648
vn -0.984808 -0.000000 0.173648
vn -0.984808 -0.000000 0.173648
vn -0.984808 0.000000 0.173648
vn -0.984808 -0.000000 0.173648
vn -0.984808 -0.000000 0.173648
vn -0.984808 -0.000001 0.173648
vn -0.984808 -0.000000 0.173648
vn -0.984808 0.000000 0.173648
vn -0.984808 0.000000 0.173648
vn -0.984808 0.000001 0.173648
vn -0.984808 -0.000000 0.173648
vn -0.984808 0.000000 0.173648
vn -0.984808 -0.000000 0.173648
vn -0.984808 -0.000000 0.173648
vn -0.984808 0.000000 0.173648
vn -0.984808 -0.000003 0.173648
vn -0.984808 0.000001 0.173648
vn -0.984808 -0.000000 0.173648
vn -0.984808 0.000000 0.173648
vn -0.984808 -0.000000 0.173648
vn -0.984808 0.000000 0.173648
vn -0.984808 -0.000001 0.173648
vn -0.984808 0.000000 0.173648
vn -0.984808 0.000000 0.173648
vn -0.984808 0.000000 0.173648
vn -0.984808 -0.000000 0.173648
vn -0.984808 -0.000000 0.173648
vn -0.984808 -0.000000 0.173648
vn -0.984808 0.000000 0.173648
vn -0.984808 -0.000000 0.173648
vn -0.984808 0.000000 0.173648
vn -0.984808 0.000000 0.173648
vn 0.162557 -0.986282 -0.028697
vn 0.167556 -0.985421 -0.029509
vn 0.167542 -0.985422 -0.029551
vn 0.162564 -0.986282 -0.028662
vn 0.165126 -0.985843 -0.029112
vn 0.165124 -0.985843 -0.029129
vn 0.165141 -0.985841 -0.029093
vn 0.167558 -0.985419 -0.029567
vn 0.162568 -0.986282 -0.028638
vn 0.984809 -0.000000 -0.173642
vn 0.984808 0.000000 -0.173648
vn 0.984808 0.000000 -0.173648
vn 0.984806 0.000001 -0.173660
vn 0.984807 -0.000001 -0.173654
vn 0.984809 0.000001 -0.173644
vn 0.984804 -0.000002 -0.173672
vn 0.984808 -0.000000 -0.173648
vn 0.984810 -0.000002 -0.173638
vn 0.984807 0.000013 -0.173652
vn 0.984808 -0.000006 -0.173648
vn 0.984808 0.000045 -0.173649
vn 0.984807 -0.000095 -0.173650
vn 0.984808 0.000007 -0.173650
vn 0.984808 -0.000088 -0.173649
vn 0.984807 -0.000001 -0.173650
vn 0.984808 -0.000001 -0.173648
vn 0.984808 0.000001 -0.173645
vn 0.984808 0.000020 -0.173645
vn 0.984808 -0.000008 -0.173648
vn 0.984808 -0.000000 -0.173649
vn 0.984808 -0.000009 -0.173649
vn 0.984807 0.000011 -0.173650
vn 0.984808 -0.000001 -0.173648
vn 0.984808 -0.000011 -0.173649
vn 0.984808 0.000008 -0.173648
vn 0.984808 -0.000008 -0.173644
vn 0.984808 0.000000 -0.173644
vn 0.984808 0.000000 -0.173648
vn 0.984808 -0.000001 -0.173648
vn 0.984807 -0.000002 -0.173650
vn 0.984807 -0.000002 -0.173652
vn 0.984808 0.000001 -0.173646
vn 0.984807 -0.000004 -0.173650
vn 0.984808 0.000002 -0.173649
vn 0.984808 -0.000002 -0.173645
vn 0.174889 -0.169961 0.969808
vn 0.273769 -0.168464 0.946927
vn 0.253268 -0.229344 0.939817
vn 0.189156 -0.230123 0.954601
vn 0.370406 -0.166476 0.913830
vn 0.316515 -0.227106 0.921000
vn 0.268873 -0.244532 0.931618
vn 0.237555 -0.245068 0.939952
vn 0.205853 -0.245012 0.947414
vn 0.564378 -0.819488 -0.099584
vn 0.564368 -0.819506 -0.099498
vn 0.378087 -0.923368 -0.066647
vn 0.378105 -0.923358 -0.066682
vn 0.564476 -0.819433 -0.099478
vn 0.378159 -0.923335 -0.066697
vn 0.173112 -0.984427 -0.030605
vn 0.173113 -0.984430 -0.030486
vn 0.173116 -0.984428 -0.030519
vn 0.012522 0.997394 0.071048
vn 0.137257 0.989817 0.037713
vn 0.122244 0.992397 -0.014318
vn 0.001281 0.999974 0.007099
vn 0.487187 0.868277 0.093509
vn 0.240728 0.969953 -0.035214
vn 0.240230 0.969792 -0.042345
vn 0.121019 0.992421 -0.021330
vn -0.000056 1.000000 -0.000006
vn 0.167866 0.254172 0.952480
vn 0.294534 0.277732 0.914393
vn 0.292237 0.099360 0.951170
vn 0.172700 0.100688 0.979815
vn 0.490556 0.399107 0.774641
vn 0.433180 0.111419 0.894394
vn 0.408558 -0.053290 0.911175
vn 0.293142 -0.054541 0.954512
vn 0.173356 -0.054957 0.983325
vn -0.000011 1.000000 0.000008
vn 0.305491 0.950670 -0.053860
vn 0.305636 0.950622 -0.053895
vn -0.000030 1.000000 0.000006
vn 0.580803 0.807575 -0.102425
vn 0.581175 0.807299 -0.102493
vn 0.580868 0.807527 -0.102434
vn 0.305476 0.950674 -0.053877
vn 0.000010 1.000000 -0.000005
vn 0.426876 -0.072553 0.901395
vn 0.419981 -0.072690 0.904617
vn 0.299125 -0.074614 0.951292
vn 0.302642 -0.074580 0.950182
vn 0.415358 -0.072790 0.906741
vn 0.296688 -0.074650 0.952052
vn 0.173156 -0.075306 0.982011
vn 0.173152 -0.075282 0.982014
vn 0.173095 -0.075286 0.982023
vn 0.410172 -0.909135 -0.072340
vn 0.410481 -0.909657 -0.063476
vn 0.211896 -0.976900 -0.027673
vn 0.209872 -0.977028 -0.037021
vn 0.359763 -0.932170 -0.040356
vn 0.228628 -0.973342 -0.018287
vn 0.003353 -0.999813 0.019061
vn 0.001651 -0.999953 0.009542
vn 0.000011 -1.000000 -0.000005
vn 0.173107 -0.984429 -0.030556
vn 0.173110 -0.984430 -0.030510
vn 0.378077 -0.923372 -0.066650
vn 0.378146 -0.923343 -0.066663
vn 0.173115 -0.984429 -0.030520
vn 0.378119 -0.923351 -0.066696
vn 0.564446 -0.819440 -0.099591
vn 0.564348 -0.819519 -0.099493
vn 0.564470 -0.819436 -0.099490
vn 0.231997 0.000768 -0.972716
vn 0.445437 0.000674 -0.895313
vn -0.074186 0.000193 -0.997244
vn -0.125448 -0.000001 -0.992100
vn 0.559471 0.000545 -0.828850
vn -0.021974 0.000245 -0.999759
vn -0.173707 -0.000000 -0.984797
vn -0.173587 0.000000 -0.984819
vn -0.173716 0.000001 -0.984796
vn 0.603985 0.000070 -0.796995
vn 0.606721 0.000026 -0.794915
vn 0.007868 -0.000245 -0.999969
vn 0.005973 0.000000 -0.999982
vn 0.607164 0.000181 -0.794577
vn 0.007940 0.000084 -0.999968
vn -0.173570 -0.000011 -0.984822
vn -0.173545 0.000342 -0.984826
vn -0.173720 -0.000001 -0.984795
vn 0.373792 -0.051867 0.926061
vn 0.372939 -0.051741 0.926412
vn 0.274653 -0.052654 0.960101
vn 0.275132 -0.052773 0.959957
vn 0.372713 -0.051803 0.926500
vn 0.274502 -0.052654 0.960144
vn 0.173334 -0.052817 0.983446
vn 0.173420 -0.052990 0.983421
vn 0.173403 -0.053085 0.983419
vn 0.607656 0.000078 -0.794201
vn 0.608570 0.000123 -0.793500
vn 0.009333 0.000068 -0.999956
vn 0.008708 -0.000041 -0.999962
vn 0.609884 0.000187 -0.792491
vn 0.010197 0.000066 -0.999948
vn -0.173721 -0.000063 -0.984795
vn -0.173590 0.000009 -0.984818
vn -0.173733 0.000093 -0.984793
vn 0.580822 0.807563 -0.102408
vn 0.581185 0.807294 -0.102471
vn 0.305638 0.950621 -0.053891
vn 0.305465 0.950679 -0.053857
vn 0.580814 0.807566 -0.102428
vn 0.305467 0.950678 -0.053869
vn 0.000002 1.000000 -0.000003
vn -0.000031 1.000000 0.000005
vn 0.000006 1.000000 0.000002
vn 0.612506 0.000083 -0.790466
vn 0.616789 0.000134 -0.787129
vn 0.015262 0.000057 -0.999884
vn 0.012086 -0.000003 -0.999927
vn 0.623672 0.000140 -0.781686
vn 0.020074 0.000046 -0.999798
vn -0.173709 -0.000000 -0.984797
vn -0.173589 -0.000000 -0.984818
vn -0.173716 0.000027 -0.984796
vn 0.631465 0.000132 -0.775405
vn 0.026163 0.000055 -0.999658
vn 0.638146 0.000144 -0.769916
vn 0.031191 0.000048 -0.999513
vn -0.173705 -0.000018 -0.984798
vn -0.173586 0.000000 -0.984819
vn 0.984808 0.000000 -0.173648
vn 0.984808 0.000002 -0.173646
vn 0.984807 0.000001 -0.173650
vn 0.984808 0.000002 -0.173646
vn 0.984808 -0.000001 -0.173648
vn 0.984807 -0.000001 -0.173650
vn 0.984806 0.000001 -0.173657
vn 0.984809 -0.000002 -0.173643
vn 0.984808 -0.000000 -0.173648
vn 0.984809 -0.000001 -0.173644
vn 0.984807 0.000000 -0.173653
vn 0.984808 0.000002 -0.173644
vn 0.440948 -0.072288 0.894617
vn 0.433838 -0.072385 0.898078
vn 0.306533 -0.074540 0.948937
vn 0.310095 -0.074528 0.947780
vn 0.173217 -0.075284 0.982002
vn 0.173119 -0.075278 0.982020
vn 0.192377 -0.073601 0.978557
vn 0.181642 -0.073818 0.980590
vn 0.202155 -0.080073 0.976075
vn 0.220778 -0.074312 0.972489
vn 0.206237 -0.070284 0.975975
vn 0.187671 -0.072651 0.979541
vn -0.984808 0.000000 0.173649
vn -0.984808 -0.000000 0.173648
vn -0.984808 0.000000 0.173648
vn -0.984808 -0.000000 0.173648
vn -0.984808 -0.000000 0.173648
vn -0.984808 0.000000 0.173648
vn -0.984808 0.000000 0.173648
vn -0.984808 0.000000 0.173648
vn -0.984808 -0.000000 0.173648
vn -0.984808 0.000000 0.173648
vn -0.984808 -0.000000 0.173648
vn -0.984808 0.000000 0.173648
vn -0.173721 -0.000015 -0.984795
vn -0.173640 0.000001 -0.984809
vn -0.173637 0.000002 -0.984810
vn -0.173651 -0.000003 -0.984807
vn -0.173588 0.000015 -0.984818
vn -0.173649 -0.000009 -0.984808
vn 0.166276 -0.985644 -0.029294
vn 0.166252 -0.985647 -0.029313
vn 0.171109 -0.984790 -0.030175
vn 0.171099 -0.984792 -0.030167
vn 0.166253 -0.985647 -0.029337
vn 0.171105 -0.984791 -0.030169
vn -0.173648 -0.000000 -0.984808
vn -0.173642 -0.000001 -0.984809
vn -0.173651 0.000000 -0.984807
vn -0.173586 -0.000002 -0.984819
vn -0.173709 0.000004 -0.984797
vn -0.173592 -0.000002 -0.984818
vn -0.173690 -0.000341 -0.984800
vn -0.173638 0.000001 -0.984810
vn -0.173648 0.000047 -0.984808
vn -0.173538 -0.000082 -0.984827
vn -0.173623 0.000303 -0.984812
vn -0.173598 -0.000001 -0.984817
vn -0.173591 -0.000121 -0.984818
vn -0.173706 0.000060 -0.984798
vn -0.173648 0.000000 -0.984808
vn -0.173634 0.000054 -0.984810
vn -0.173605 -0.000023 -0.984815
vn -0.173663 -0.000061 -0.984805
vn -0.173583 -0.000005 -0.984819
vn -0.173711 -0.000001 -0.984797
vn -0.173646 0.000001 -0.984808
vn -0.173649 -0.000000 -0.984808
vn -0.173595 -0.000016 -0.984817
vn -0.173658 -0.000007 -0.984806
vn -0.173576 -0.000010 -0.984820
vn -0.173709 0.000012 -0.984797
vn -0.173649 -0.000000 -0.984808
vn -0.173663 0.000003 -0.984805
vn 0.000000 1.000000 0.000000
vn -0.000004 1.000000 0.000007
vn -0.000004 1.000000 -0.000006
vn 0.000002 1.000000 -0.000004
vn 0.000030 1.000000 -0.000005
vn 0.000006 1.000000 0.000002
vn -0.000007 1.000000 -0.000001
vn 0.000013 1.000000 0.000014
vn 0.000000 1.000000 -0.000000
vn 0.000032 1.000000 0.000004
vn -0.000013 1.000000 -0.000013
vn 0.000007 1.000000 -0.000012
vn 0.173156 -0.075283 0.982013
vn 0.173185 -0.075275 0.982008
vn 0.173180 -0.075287 0.982008
vn 0.173187 -0.075286 0.982007
vn 0.173095 -0.075284 0.982024
vn 0.173153 -0.075275 0.982014
vn 0.173154 -0.075294 0.982012
vn 0.173155 -0.075284 0.982013
vn 0.173158 -0.075282 0.982013
vn 0.173160 -0.075296 0.982011
vn 0.024680 -0.999672 0.006907
vn 0.021625 -0.999759 -0.003831
vn 0.025444 -0.999561 0.015158
vn 0.175961 -0.984395 0.001959
vn 0.217124 -0.976080 -0.011145
vn 0.205690 -0.977944 -0.036281
vn 0.728058 -0.043746 0.684119
vn 0.729780 -0.043922 0.682270
vn 0.475572 -0.050526 0.878225
vn 0.474882 -0.050284 0.878612
vn 0.731151 -0.044206 0.680782
vn 0.476542 -0.050604 0.877694
vn 0.114204 0.993236 0.020951
vn 0.053884 0.996044 0.070664
vn 0.018172 0.999821 0.005203
vn 0.160638 0.986942 -0.011873
vn 0.015901 0.999870 -0.002787
vn 0.154371 0.987638 -0.027226
vn 0.189607 0.087656 0.977940
vn 0.179183 0.255246 0.950128
vn 0.178002 0.097705 0.979167
vn 0.173635 0.018127 0.984643
vn 0.173385 -0.054957 0.983320
vn 0.173417 -0.054957 0.983314
vn 0.174808 -0.169350 0.969929
vn 0.174877 -0.169718 0.969853
vn 0.188972 -0.229612 0.954761
vn 0.188446 -0.229089 0.954990
vn 0.205402 -0.244342 0.947685
vn 0.204392 -0.243934 0.948009
vn 0.171108 -0.984790 -0.030175
vn 0.171110 -0.984790 -0.030171
vn 0.171101 -0.984792 -0.030152
vn 0.166273 -0.985646 -0.029250
vn 0.166252 -0.985647 -0.029320
vn 0.166242 -0.985647 -0.029370
vn -0.777573 0.000179 -0.628793
vn -0.779852 0.000059 -0.625964
vn -0.999759 0.000092 -0.021933
vn -0.999707 0.000128 -0.024187
vn -0.780003 -0.000073 -0.625776
vn -0.999763 0.000094 -0.021790
vn -0.465915 0.000677 -0.884829
vn -0.644658 0.000510 -0.764471
vn -0.987887 0.000379 -0.155174
vn -0.944287 0.000614 -0.329124
vn -0.741456 0.000180 -0.671001
vn -0.998266 0.000090 -0.058860
vn -0.139830 -0.184026 -0.972924
vn -0.139012 -0.185024 -0.972852
vn 0.036484 -0.804593 -0.592706
vn 0.034077 -0.803387 -0.594481
vn -0.140121 -0.184699 -0.972755
vn 0.032172 -0.804603 -0.592941
vn -0.138060 -0.184720 -0.973046
vn -0.138494 -0.184675 -0.972993
vn 0.039304 -0.803748 -0.593670
vn 0.040815 -0.803311 -0.594159
vn -0.139210 -0.185036 -0.972822
vn 0.035340 -0.804594 -0.592773
vn 0.041656 -0.128755 -0.990801
vn -0.042686 -0.202584 -0.978334
vn 0.222131 -0.777340 -0.588557
vn 0.353562 -0.660797 -0.662073
vn 0.911546 0.000439 -0.411199
vn 0.941350 0.000248 -0.337432
vn 0.825553 0.000732 -0.564324
vn 0.950528 0.000104 -0.310639
vn 0.950557 0.000110 -0.310550
vn 0.950026 0.000059 -0.312171
vn 0.950824 0.000081 -0.309731
vn 0.951015 0.000082 -0.309144
vn 0.950645 0.000090 -0.310280
vn 0.952203 0.000074 -0.305465
vn 0.953333 0.000074 -0.301919
vn 0.951471 0.000081 -0.307740
vn 0.954579 0.000071 -0.297957
vn 0.955584 0.000071 -0.294720
vn -0.140053 0.591389 -0.794131
vn 0.148021 0.577143 -0.803116
vn 0.246647 0.928510 -0.277551
vn -0.043357 0.968400 -0.245604
vn 0.655158 0.324592 -0.682208
vn 0.555301 0.759953 -0.337805
vn -0.140077 0.591417 -0.794106
vn -0.140008 0.591156 -0.794312
vn -0.043321 0.968363 -0.245755
vn -0.043297 0.968397 -0.245627
vn -0.481748 0.530684 -0.697347
vn -0.412020 0.571228 -0.709886
vn -0.450447 0.880080 -0.150191
vn -0.568877 0.814111 -0.116625
vn -0.274533 0.598587 -0.752546
vn -0.252632 0.946649 -0.200082
vn -0.793046 0.000366 -0.609162
vn -0.799067 0.000518 -0.601242
vn -0.999991 0.000298 -0.004226
vn -0.999951 0.000218 -0.009861
vn -0.804152 0.000424 -0.594423
vn -1.000000 0.000274 0.000192
vn -0.784215 0.000234 -0.620489
vn -0.787703 0.000227 -0.616056
vn -0.999892 0.000134 -0.014688
vn -0.999840 0.000171 -0.017873
vn -0.780478 0.000213 -0.625183
vn -0.781257 0.000193 -0.624210
vn -0.999788 0.000107 -0.020611
vn -0.999771 0.000176 -0.021394
vn -0.782209 0.000128 -0.623016
vn -0.999802 0.000130 -0.019921
vn -0.899267 -0.020533 0.436917
vn -0.899949 -0.017618 0.435639
vn -0.744585 -0.039672 0.666348
vn -0.744436 -0.034534 0.666800
vn -0.740657 -0.029083 0.671254
vn -0.898023 -0.015129 0.439687
vn -0.900038 -0.020450 0.435331
vn -0.899523 -0.020579 0.436388
vn -0.900400 -0.020410 0.434584
vn -0.747809 -0.039323 0.662748
vn -0.746682 -0.039381 0.664015
vn -0.745205 -0.039608 0.665658
vn -0.903151 -0.019585 0.428877
vn -0.901445 -0.020294 0.432418
vn -0.905608 -0.017614 0.423749
vn -0.764637 -0.033782 0.643575
vn -0.756502 -0.037690 0.652905
vn -0.751090 -0.039086 0.659041
vn -0.781576 -0.027268 0.623214
vn -0.774155 -0.028723 0.632344
vn -0.908826 -0.014912 0.416910
vn -0.911619 -0.013987 0.410798
vn 0.047763 0.451878 0.890800
vn -0.066060 0.437696 0.896693
vn -0.341125 0.855871 0.388740
vn -0.144264 0.917090 0.371663
vn -0.108349 0.404841 0.907945
vn -0.461410 0.792973 0.397862
vn 0.061310 0.935461 0.348071
vn 0.061448 0.935331 0.348396
vn 0.156049 0.438127 0.885264
vn 0.156136 0.437880 0.885372
vn 0.156065 0.438124 0.885263
vn 0.061396 0.935418 0.348171
vn 0.654051 0.721333 0.227807
vn 0.337947 0.900863 0.272465
vn 0.639133 0.265598 0.721780
vn 0.390514 0.444417 0.806221
vn 0.977398 -0.028250 0.209512
vn 0.979839 -0.027423 0.197900
vn 0.999826 -0.013963 0.012387
vn 0.999728 -0.014400 0.018333
vn 0.981670 -0.026768 0.188698
vn 0.999878 -0.013615 0.007706
vn 0.973759 -0.029316 0.225684
vn 0.975205 -0.028946 0.219402
vn 0.999618 -0.014770 0.023380
vn 0.999536 -0.014957 0.026551
vn 0.085365 -0.870665 0.484412
vn 0.290967 -0.833574 0.469567
vn 0.237275 -0.950118 0.202426
vn 0.044118 -0.967131 0.250422
vn 0.553657 -0.665004 0.501232
vn 0.468080 -0.863367 0.188411
vn 0.412583 -0.707632 0.573614
vn 0.108064 -0.870223 0.480661
vn 0.066944 -0.966904 0.246202
vn 0.228114 -0.948446 0.220031
vn 0.970787 -0.030198 0.238034
vn 0.971162 -0.030162 0.236506
vn 0.999364 -0.015414 0.032168
vn 0.999339 -0.015422 0.032906
vn 0.971556 -0.030043 0.234897
vn 0.999390 -0.015344 0.031366
vn 0.028088 0.986842 0.159227
vn 0.044507 0.986755 0.155991
vn 0.055447 0.947705 0.314295
vn 0.072090 0.947628 0.311135
vn 0.392858 0.774669 0.495530
vn 0.168852 0.973995 0.151074
vn 0.293254 0.948650 0.118600
vn 0.147009 0.979742 0.135991
vn 0.419834 0.821522 0.385799
vn 0.186857 0.931364 0.312481
vn 0.970878 -0.022044 0.238557
vn 0.943835 0.195925 0.266061
vn 0.981953 0.187352 0.025834
vn 0.999387 -0.011259 0.033153
vn 0.796650 0.475587 0.373049
vn 0.907464 0.415046 0.065163
vn 0.653831 -0.208931 0.727223
vn 0.867464 -0.145256 0.475822
vn 0.983360 -0.078755 0.163706
vn 0.940534 -0.119939 0.317822
vn 0.948944 -0.078335 0.305565
vn 0.996252 -0.043560 0.074732
vn 0.232492 -0.436950 0.868920
vn 0.295142 -0.424950 0.855750
vn 0.390033 -0.818892 0.421060
vn 0.238617 -0.836538 0.493219
vn 0.332573 -0.365855 0.869221
vn 0.527193 -0.704456 0.475194
vn 0.229534 -0.436930 0.869716
vn 0.231580 -0.436970 0.869153
vn 0.236925 -0.836790 0.493609
vn 0.232694 -0.837747 0.493998
vn 0.227722 -0.436866 0.870224
vn 0.230123 -0.437009 0.869521
vn 0.233793 -0.837528 0.493850
vn 0.229693 -0.837858 0.495213
vn 0.228570 -0.436849 0.870011
vn 0.232140 -0.836762 0.495923
vn -0.875616 -0.042817 0.481106
vn -0.820570 -0.067973 0.567489
vn -0.678629 -0.078057 0.730322
vn -0.506386 -0.122136 0.853613
vn -0.209284 -0.155417 0.965425
vn -0.720228 -0.093830 0.687363
vn -0.999766 0.000127 -0.021645
vn -0.984808 0.000002 0.173648
vn -0.779981 0.000235 -0.625803
vn -0.984808 -0.000001 0.173648
vn -0.984808 0.000001 0.173648
vn -0.984808 -0.000001 0.173648
vn -0.984808 0.000003 0.173648
vn -0.984808 0.000003 0.173648
vn -0.899365 -0.020538 0.436715
vn -0.744822 -0.039605 0.666087
vn 0.173129 -0.075335 0.982014
vn 0.173162 -0.075432 0.982000
vn 0.173156 -0.075424 0.982002
vn 0.774783 0.631650 0.027002
vn 0.787513 0.600452 -0.138857
vn 0.851672 0.438888 0.286411
vn 0.946721 0.321351 -0.021268
vn 0.807085 0.584951 -0.080289
vn 0.381704 0.578942 0.720506
vn 0.133482 0.639613 0.757019
vn 0.544754 0.677268 0.494521
vn 0.354709 0.586570 0.728091
vn 0.206499 0.662148 0.720359
vn 0.984808 -0.000038 -0.173647
vn 0.984808 0.000095 -0.173648
vn 0.984808 0.000093 -0.173650
vn 0.606922 0.000245 -0.794761
vn 0.950564 0.000040 -0.310528
vn 0.008125 0.000325 -0.999967
vn -0.173605 -0.000402 -0.984815
vn -0.173663 -0.000203 -0.984805
vn -0.173637 0.000309 -0.984810
vn -0.173689 0.000353 -0.984801
vn -0.173647 -0.000316 -0.984808
vn -0.173612 -0.000306 -0.984814
vn -0.984808 -0.000001 0.173648
vn -0.984808 0.000001 0.173648
vn -0.984808 -0.000001 0.173648
vn -0.984808 0.000000 0.173648
vn -0.984808 -0.000000 0.173648
vn -0.984808 -0.000001 0.173648
vn -0.782407 0.000272 -0.622767
vn -0.999812 0.000087 -0.019413
vn -0.782673 0.000070 -0.622433
vn -0.999813 0.000088 -0.019358
vn -0.173666 -0.000127 -0.984805
vn -0.173648 0.000172 -0.984808
vn -0.173668 0.000162 -0.984804
vn -0.173659 0.000069 -0.984806
vn -0.173625 -0.000113 -0.984812
vn -0.173649 0.000070 -0.984808
vn -0.173626 -0.000041 -0.984812
vn -0.173693 0.000266 -0.984800
vn -0.173658 -0.000175 -0.984806
vn -0.173650 -0.000064 -0.984807
vn -0.173593 0.000199 -0.984817
vn -0.173589 0.000097 -0.984818
vn 0.610047 0.000083 -0.792365
vn 0.010254 -0.000112 -0.999947
vn 0.610609 0.000208 -0.791932
vn 0.010464 0.000020 -0.999945
vn 0.951107 0.000112 -0.308863
vn 0.951124 0.000093 -0.308809
vn 0.984808 -0.000006 -0.173648
vn 0.984808 -0.000011 -0.173648
vn 0.984807 -0.000015 -0.173652
vn 0.984808 0.000009 -0.173649
vn 0.984808 0.000022 -0.173648
vn 0.984808 -0.000049 -0.173648
vn 0.496551 -0.863330 0.089987
vn 0.311830 -0.555003 0.771190
vn 0.252262 -0.647202 0.719371
vn 0.186839 -0.972670 0.137859
vn 0.129795 -0.664200 0.736201
vn 0.029599 -0.985379 0.167785
vn 0.532085 -0.703261 0.471497
vn 0.378086 -0.604133 0.701480
vn 0.145699 -0.985944 0.081769
vn 0.101663 -0.984466 0.143151
vn 0.952638 -0.302909 -0.026982
vn 0.828167 -0.554511 -0.081582
vn 0.814478 -0.562136 -0.143629
vn 0.827364 -0.474531 0.300481
vn 0.797710 -0.601945 0.036336
vn 0.173096 -0.075356 0.982018
vn 0.173197 -0.075049 0.982024
vn 0.173161 -0.075170 0.982021
vn 0.173165 -0.075073 0.982028
vn 0.173142 -0.075410 0.982006
vn 0.173212 -0.075083 0.982018
vn -0.984808 -0.000002 0.173648
vn -0.900611 -0.020300 0.434152
vn -0.984808 -0.000001 0.173649
vn -0.900678 -0.020319 0.434013
vn -0.748645 -0.039159 0.661813
vn -0.748479 -0.039130 0.662003
vn -0.984808 -0.000001 0.173648
vn -0.984808 0.000001 0.173648
vn -0.984808 -0.000000 0.173648
vn -0.984808 0.000000 0.173648
vn -0.323214 -0.117872 -0.938956
vn -0.385672 -0.054450 -0.921028
vn -0.910592 -0.128627 -0.392782
vn -0.908677 -0.256718 -0.329244
vn -0.973827 -0.148914 0.171715
vn -0.941130 -0.294510 0.165948
vn -0.941130 -0.294511 0.165945
vn -0.941123 -0.294535 0.165940
vn -0.973825 -0.148931 0.171709
vn -0.973830 -0.148903 0.171706
vn -0.973833 -0.148894 0.171695
vn -0.973823 -0.148935 0.171720
vn -0.941135 -0.294502 0.165933
vn -0.941123 -0.294531 0.165948
vn -0.941110 -0.294568 0.165954
vn -0.973821 -0.148956 0.171709
vn -0.066262 -0.241034 0.968252
vn -0.675542 -0.224776 0.702224
vn 0.018962 -0.313287 0.949469
vn -0.749536 -0.370355 0.548665
vn 0.212599 -0.272120 0.938484
vn 0.213011 -0.271739 0.938501
vn 0.209333 -0.243920 0.946933
vn 0.209069 -0.244400 0.946868
vn 0.211742 -0.272188 0.938658
vn 0.207594 -0.242738 0.947620
vn 0.213075 -0.258808 0.942135
vn 0.212339 -0.258377 0.942419
vn 0.214764 -0.272062 0.938008
vn 0.214053 -0.271745 0.938262
vn 0.212732 -0.272142 0.938448
vn 0.211019 -0.258259 0.942748
vn 0.254415 -0.256797 0.932378
vn 0.232963 -0.258348 0.937542
vn 0.276998 -0.283798 0.918003
vn 0.232472 -0.273617 0.933322
vn 0.964226 -0.203374 -0.170023
vn 0.946019 -0.276057 0.169824
vn 0.908779 -0.202471 0.364865
vn 0.979643 -0.102208 -0.172780
vn 0.414896 -0.305818 0.856934
vn 0.516396 -0.265217 0.814245
vn 0.964218 -0.203372 -0.170069
vn 0.964216 -0.203438 -0.169998
vn 0.979647 -0.102257 -0.172730
vn 0.979651 -0.102237 -0.172716
vn 0.964216 -0.203429 -0.170015
vn 0.964212 -0.203450 -0.170009
vn 0.979645 -0.102262 -0.172735
vn 0.979648 -0.102248 -0.172727
vn 0.964218 -0.203405 -0.170029
vn 0.979645 -0.102234 -0.172757
vn 0.121615 -0.039754 -0.991781
vn 0.768271 -0.084165 -0.634567
vn 0.818002 -0.198773 -0.539779
vn -0.140284 -0.018998 -0.989929
vn -0.170079 -0.019531 -0.985237
vn -0.170326 -0.019129 -0.985202
vn -0.170303 -0.019534 -0.985198
vn -0.170438 -0.019145 -0.985182
vn -0.170381 -0.019554 -0.985184
vn -0.170310 -0.019410 -0.985199
vn -0.172774 0.099163 -0.979957
vn -0.172730 0.099361 -0.979945
vn -0.172867 0.099324 -0.979924
vn 0.638627 0.107429 -0.761980
vn 0.030286 0.096075 -0.994913
vn 0.950463 0.083359 -0.299451
vn 0.940430 0.149085 -0.305556
vn 0.982008 0.075346 -0.173155
vn 0.973628 0.150249 -0.171682
vn 0.973626 0.150260 -0.171679
vn 0.973607 0.150390 -0.171677
vn 0.982004 0.075408 -0.173155
vn 0.982009 0.075339 -0.173157
vn 0.973620 0.150305 -0.171678
vn 0.973607 0.150386 -0.171680
vn 0.982003 0.075409 -0.173155
vn 0.982007 0.075357 -0.173159
vn 0.973627 0.150250 -0.171687
vn 0.982008 0.075354 -0.173155
vn 0.977868 0.051142 0.202875
vn 0.998151 0.060587 0.004958
vn 0.918281 0.167831 0.358598
vn 0.988197 0.152725 0.011894
vn 0.311458 -0.008053 0.950226
vn 0.173628 -0.008291 0.984776
vn 0.458224 -0.004088 0.888827
vn 0.173646 -0.008209 0.984774
vn 0.173642 -0.008213 0.984775
vn 0.174706 -0.000121 0.984621
vn 0.173587 -0.002594 0.984815
vn 0.182913 -0.006293 0.983109
vn -0.962429 0.211971 0.169702
vn -0.886098 0.211637 0.412360
vn -0.910702 0.086770 0.403847
vn -0.979197 0.106592 0.172659
vn -0.614880 0.210229 0.760083
vn -0.768018 0.072118 0.636355
vn -0.962431 0.211962 0.169702
vn -0.962430 0.211968 0.169703
vn -0.979197 0.106591 0.172659
vn -0.979198 0.106589 0.172659
vn -0.962431 0.211962 0.169703
vn -0.962430 0.211968 0.169703
vn -0.979197 0.106591 0.172659
vn -0.979198 0.106588 0.172659
vn -0.962430 0.211968 0.169702
vn -0.979197 0.106591 0.172659
vn -0.794305 0.129841 -0.593482
vn -0.994560 0.104099 0.003730
vn -0.700446 0.427609 -0.571424
vn -0.972727 0.231800 -0.008417
vn -0.228264 0.106454 -0.967762
vn -0.238099 0.099422 -0.966139
vn -0.198190 0.105511 -0.974468
vn -0.142297 -0.185918 -0.972207
vn 0.021548 -0.807976 -0.588822
vn -0.145300 -0.184811 -0.971974
vn 0.010002 -0.807599 -0.589647
vn 0.135571 -0.990479 -0.023914
vn 0.149005 -0.988487 -0.026274
vn 0.148999 -0.988488 -0.026268
vn 0.149017 -0.988485 -0.026276
vn 0.135570 -0.990479 -0.023922
vn 0.135580 -0.990479 -0.023871
vn 0.135586 -0.990479 -0.023828
vn 0.149015 -0.988486 -0.026258
vn 0.148999 -0.988488 -0.026277
vn 0.135573 -0.990479 -0.023903
vn 0.149010 -0.988487 -0.026263
vn 0.135562 -0.990479 -0.023967
vn 0.215675 -0.437481 0.872980
vn 0.222167 -0.437279 0.871452
vn 0.217768 -0.840743 0.495709
vn 0.206859 -0.840885 0.500122
vn 0.206391 -0.257990 0.943845
vn 0.200959 -0.243346 0.948893
vn 0.207520 -0.271858 0.939696
vn 0.204225 -0.272239 0.940307
vn 0.201494 -0.256026 0.945437
vn 0.195101 -0.239171 0.951175
vn 0.186741 -0.228092 0.955564
vn 0.174779 -0.168562 0.970072
vn 0.182996 -0.224734 0.957083
vn 0.173686 -0.167169 0.970509
vn 0.185810 -0.055221 0.981033
vn 0.230750 -0.051048 0.971673
vn 0.173439 -0.054957 0.983310
vn 0.173383 -0.054958 0.983320
vn 0.173275 -0.065414 0.982699
vn 0.173151 -0.075677 0.981983
vn 0.408042 -0.072933 0.910046
vn 0.330863 0.028418 0.943251
vn 0.292450 -0.074696 0.953359
vn 0.292878 -0.074686 0.953229
vn 0.173154 -0.075427 0.982002
vn 0.173156 -0.075210 0.982019
vn 0.409908 -0.072926 0.909207
vn 0.408763 -0.072883 0.909726
vn 0.293234 -0.074646 0.953122
vn 0.293807 -0.074633 0.952947
vn 0.173157 -0.075280 0.982013
vn 0.173158 -0.075273 0.982013
vn 0.230636 -0.187628 0.954779
vn 0.395037 -0.274849 0.876587
vn 0.261792 -0.101894 0.959730
vn 0.194493 -0.085281 0.977190
vn 0.173159 -0.075176 0.982021
vn 0.173157 -0.075070 0.982029
vn 0.173159 -0.075284 0.982012
vn 0.173207 -0.075287 0.982004
vn 0.173152 -0.075292 0.982013
vn 0.173155 -0.075306 0.982011
vn 0.173155 -0.075283 0.982013
vn 0.173154 -0.075285 0.982013
vn 0.173047 -0.075283 0.982032
vn 0.173154 -0.075276 0.982014
vn 0.173159 -0.075286 0.982012
vn 0.173154 -0.075276 0.982014
vn 0.173640 -0.008207 0.984775
vn 0.156146 0.437893 0.885363
vn 0.173643 -0.008298 0.984774
vn 0.156097 0.438095 0.885272
vn 0.061500 0.935325 0.348404
vn -0.000002 1.000000 -0.000022
vn 0.061380 0.935440 0.348115
vn -0.000001 1.000000 0.000002
vn 0.000053 1.000000 -0.000005
vn 0.000009 1.000000 0.000008
vn -0.000002 1.000000 -0.000001
vn -0.000001 1.000000 0.000002
vn 0.000054 1.000000 -0.000008
vn -0.000001 1.000000 0.000008
vn -0.000002 1.000000 -0.000010
vn -0.000000 1.000000 0.000001
vn -0.000002 1.000000 -0.000001
vn 0.000001 1.000000 0.000000
vn -0.140026 0.591443 -0.794096
vn -0.139996 0.591148 -0.794321
vn -0.043271 0.968361 -0.245775
vn -0.043311 0.968399 -0.245616
vn -0.173649 -0.000009 -0.984808
vn -0.173548 -0.000001 -0.984825
vn -0.172855 0.099194 -0.979940
vn -0.172787 0.099333 -0.979937
vn -0.173648 -0.000000 -0.984808
vn -0.173548 -0.000000 -0.984825
vn -0.173755 0.000002 -0.984789
vn -0.173645 -0.000001 -0.984808
vn -0.173753 -0.000003 -0.984789
vn -0.173530 -0.000017 -0.984829
vn -0.173646 0.000002 -0.984808
vn -0.173656 0.000016 -0.984806
vn -0.173648 -0.000058 -0.984808
vn -0.173588 0.000010 -0.984818
vn -0.173677 -0.000111 -0.984803
vn -0.173648 0.000174 -0.984808
vn -0.173612 -0.000128 -0.984814
vn -0.173648 0.000068 -0.984808
vn -0.173649 0.000071 -0.984808
vn -0.173560 -0.000098 -0.984823
vn -0.173736 0.000030 -0.984792
vn -0.173647 -0.000004 -0.984808
vn -0.173641 -0.000049 -0.984809
vn -0.173729 0.000046 -0.984793
vn -0.173707 0.000364 -0.984797
vn -0.173648 -0.000314 -0.984808
vn -0.173756 -0.000372 -0.984789
vn -0.173533 0.000007 -0.984828
vn -0.173646 0.000371 -0.984808
vn -0.173655 -0.000010 -0.984807
vn -0.173654 0.000005 -0.984807
vn -0.173538 -0.000004 -0.984827
vn -0.173756 0.000000 -0.984789
vn -0.173643 -0.000001 -0.984809
vn -0.173541 -0.000000 -0.984827
vn -0.173653 0.000000 -0.984807
vn -0.170797 -0.019256 -0.985118
vn -0.170935 -0.019544 -0.985088
vn 0.173084 -0.086645 0.981088
vn 0.172994 -0.086680 0.981101
vn 0.173071 -0.086483 0.981105
vn 0.173019 -0.089524 0.980841
vn 0.173171 -0.089361 0.980830
vn 0.172952 -0.089136 0.980888
vn 0.172910 -0.089637 0.980850
vn 0.172971 -0.089570 0.980846
vn 0.399829 -0.087596 0.912395
vn 0.288087 -0.088799 0.953478
vn 0.998805 -0.019869 0.044656
vn 0.984807 0.000000 -0.173654
vn 0.967018 -0.036535 0.252073
vn 0.984808 -0.000000 -0.173648
vn 0.984809 -0.000000 -0.173643
vn 0.984808 0.000000 -0.173648
vn 0.984808 0.000001 -0.173646
vn 0.984807 0.000000 -0.173651
vn 0.594670 0.000175 -0.803970
vn 0.948371 0.000121 -0.317163
vn -0.000050 0.000035 -1.000000
vn -0.173588 0.000000 -0.984818
vn -0.173647 -0.000000 -0.984808
vn -0.173710 0.000000 -0.984797
vn -0.173755 0.000000 -0.984789
vn -0.173644 -0.000000 -0.984808
vn -0.173728 0.000000 -0.984794
vn -0.173642 0.000000 -0.984809
vn -0.173639 0.000000 -0.984809
vn -0.999524 0.000145 -0.030835
vn -0.984808 -0.000000 0.173648
vn -0.770209 0.000203 -0.637792
vn -0.984808 -0.000000 0.173648
vn -0.984808 0.000000 0.173648
vn -0.984808 0.000000 0.173648
vn -0.984808 0.000000 0.173648
vn -0.984808 0.000000 0.173648
vn -0.728573 -0.043336 0.683596
vn -0.892099 -0.023578 0.451225
vn -0.999817 0.000109 -0.019127
vn -0.984808 0.000002 0.173648
vn -0.782705 0.000199 -0.622393
vn -0.984808 -0.000001 0.173648
vn -0.984808 0.000001 0.173648
vn -0.984808 -0.000001 0.173648
vn -0.984808 0.000001 0.173648
vn -0.984808 0.000001 0.173648
vn -0.900637 -0.020360 0.434096
vn -0.748719 -0.039172 0.661729
vn 0.173201 -0.075310 0.982003
vn 0.173142 -0.075315 0.982013
vn 0.173154 -0.075211 0.982019
vn 0.184390 -0.122468 0.975193
vn 0.173210 -0.075319 0.982001
vn 0.173155 -0.075207 0.982019
vn 0.167891 -0.254916 0.952277
vn 0.169584 -0.248758 0.953604
vn 0.171230 -0.165925 0.971159
vn 0.171211 -0.165760 0.971190
vn 0.426739 -0.168772 0.888488
vn 0.292106 -0.163482 0.942310
vn 0.509145 -0.329817 0.794979
vn 0.295322 -0.271961 0.915872
vn 0.957113 -0.235481 -0.168769
vn 0.963004 -0.268205 0.026267
vn 0.991363 -0.128817 0.024615
vn 0.977861 -0.118557 -0.172431
vn 0.853935 -0.342165 0.392069
vn 0.957644 -0.143839 0.249457
vn 0.984039 -0.065744 -0.165364
vn 0.977845 -0.118694 -0.172425
vn 0.976669 -0.172694 -0.127649
vn 0.958028 -0.231899 -0.168540
vn 0.984808 -0.000024 -0.173648
vn 0.984808 0.000026 -0.173647
vn 0.984807 0.000052 -0.173651
vn 0.610396 0.000196 -0.792096
vn 0.951152 0.000055 -0.308723
vn 0.010602 0.000181 -0.999944
vn -0.173588 -0.000234 -0.984818
vn -0.173676 -0.000087 -0.984803
vn -0.173619 0.000175 -0.984813
vn -0.173746 0.000209 -0.984790
vn -0.173647 -0.000193 -0.984808
vn -0.173728 0.000204 -0.984794
vn -0.173645 -0.000195 -0.984808
vn -0.173578 -0.000160 -0.984820
vn -0.984808 -0.000000 0.173648
vn -0.984808 -0.000001 0.173648
vn -0.984808 0.000000 0.173648
vn -0.984808 -0.000000 0.173648
vn -0.984808 0.000000 0.173648
vn -0.984808 0.000000 0.173648
vn -0.984808 0.000001 0.173648
vn -0.984808 -0.000001 0.173648
vn -0.984808 0.000000 0.173648
vn -0.984808 -0.000000 0.173648
vn -0.984808 0.000000 0.173648
vn -0.984808 -0.000000 0.173648
vn -0.984808 -0.000000 0.173648
vn -0.962430 0.211967 0.169702
vn -0.979197 0.106591 0.172659
vn -0.428662 0.900297 0.075595
vn -0.220092 0.974707 0.038814
vn -0.545147 0.832811 0.096129
vn 0.000027 1.000000 0.000001
vn 0.000055 1.000000 0.000012
vn -0.000002 1.000000 -0.000001
vn -0.000033 1.000000 0.000007
vn 0.000006 1.000000 0.000013
vn 0.581169 0.807309 -0.102444
vn 0.305643 0.950621 -0.053876
vn 0.982005 0.075408 -0.173146
vn 0.984805 0.000000 -0.173661
vn 0.973611 0.150375 -0.171662
vn 0.984806 0.000000 -0.173655
vn 0.984808 -0.000000 -0.173644
vn 0.984808 0.000000 -0.173644
vn 0.984805 0.000002 -0.173664
vn 0.991014 -0.052823 -0.122884
vn 0.984809 -0.000024 -0.173642
vn 0.952771 -0.024496 0.302700
vn 0.983607 -0.106394 0.145592
vn 0.997735 -0.012596 0.066084
vn 0.997706 -0.012610 0.066508
vn 0.951417 -0.024588 0.306921
vn 0.952104 -0.024551 0.304788
vn 0.997632 -0.012649 0.067604
vn 0.997556 -0.012663 0.068707
vn 0.992039 0.054300 -0.113621
vn 0.997551 -0.012779 0.068763
vn 0.982440 0.136137 0.127582
vn 0.984809 0.000043 -0.173639
vn 0.984807 -0.000000 -0.173654
vn 0.984808 0.000000 -0.173649
vn 0.984809 -0.000000 -0.173643
vn 0.984811 -0.000003 -0.173630
vn 0.984804 0.000003 -0.173667
vn 0.964215 -0.203425 -0.170024
vn 0.979651 -0.102264 -0.172703
vn 0.173106 -0.984427 -0.030626
vn 0.378110 -0.923360 -0.066625
vn 0.564381 -0.819517 -0.099328
vn 0.166262 -0.985647 -0.029277
vn 0.171102 -0.984791 -0.030173
vn 0.149001 -0.988488 -0.026281
vn 0.135563 -0.990479 -0.023961
vn 0.167532 -0.985422 -0.029596
vn 0.162572 -0.986282 -0.028613
vn 0.165160 -0.985840 -0.029013
vn -0.973830 -0.148917 0.171693
vn -0.984808 0.000000 0.173648
vn -0.941119 -0.294548 0.165943
vn -0.984808 0.000000 0.173648
vn -0.984808 -0.000000 0.173648
vn -0.984808 -0.000000 0.173648
vn -0.984808 -0.000000 0.173648
vn -0.984808 0.000001 0.173648
vn -0.145254 -0.184717 -0.971998
vn -0.143505 -0.183537 -0.972482
vn 0.019334 -0.805036 -0.592910
vn 0.010265 -0.807510 -0.589765
vn 0.147315 -0.988747 -0.026021
vn 0.135908 -0.990432 -0.023937
vn 0.147353 -0.988743 -0.025955
vn 0.147357 -0.988742 -0.025981
vn 0.135893 -0.990432 -0.024028
vn 0.135907 -0.990432 -0.023948
vn 0.147316 -0.988746 -0.026056
vn 0.147333 -0.988744 -0.026026
vn 0.135930 -0.990432 -0.023816
vn 0.135926 -0.990432 -0.023842
vn 0.147362 -0.988743 -0.025920
vn 0.147359 -0.988742 -0.025971
vn 0.135883 -0.990432 -0.024086
vn 0.135904 -0.990432 -0.023962
vn 0.220476 -0.437327 0.871857
vn 0.217227 -0.838497 0.499736
vn 0.215801 -0.437346 0.873017
vn 0.207132 -0.840944 0.499910
vn 0.204314 -0.272212 0.940296
vn 0.207832 -0.271856 0.939628
vn 0.204699 -0.244325 0.947842
vn 0.201494 -0.245890 0.948124
vn 0.198056 -0.217190 0.955825
vn 0.195998 -0.219854 0.955641
vn 0.185747 -0.205331 0.960904
vn 0.185056 -0.208419 0.960373
vn 0.174803 -0.156382 0.972105
vn 0.175093 -0.158472 0.971715
vn 0.173006 -0.086832 0.981086
vn 0.173244 -0.087305 0.981002
vn 0.173337 -0.054957 0.983328
vn 0.173386 -0.054954 0.983320
vn 0.173179 -0.075299 0.982008
vn 0.173251 -0.065244 0.982714
vn 0.173148 -0.075677 0.981984
vn 0.173277 -0.065409 0.982699
vn 0.173178 -0.075299 0.982008
vn 0.173154 -0.075426 0.982002
vn 0.173119 -0.075294 0.982019
vn 0.173157 -0.075212 0.982018
vn 0.173197 -0.075252 0.982008
vn 0.173154 -0.075279 0.982014
vn 0.173180 -0.075220 0.982014
vn 0.173153 -0.075274 0.982014
vn 0.173193 -0.075293 0.982006
vn 0.173158 -0.075035 0.982032
vn 0.173100 -0.075448 0.982010
vn 0.173163 -0.075037 0.982031
vn 0.173111 -0.075322 0.982018
vn 0.173156 -0.075315 0.982011
vn 0.173157 -0.075291 0.982012
vn 0.173155 -0.075305 0.982012
vn 0.173715 -0.075216 0.981919
vn 0.173164 -0.075299 0.982010
vn 0.173156 -0.075287 0.982013
vn 0.173156 -0.075283 0.982013
vn 0.175582 -0.074822 0.981617
vn 0.173152 -0.075284 0.982014
vn 0.177157 -0.074515 0.981358
vn 0.173158 -0.075277 0.982013
vn 0.174067 -0.005106 0.984721
vn 0.173640 -0.008298 0.984774
vn 0.126743 0.449659 0.884162
vn 0.156098 0.438097 0.885271
vn 0.003635 0.935409 0.353550
vn 0.061385 0.935440 0.348115
vn -0.061350 0.998058 0.010795
vn 0.000001 1.000000 0.000001
vn -0.061393 0.998055 0.010829
vn 0.000001 1.000000 -0.000001
vn -0.061352 0.998057 0.010828
vn 0.000001 1.000000 0.000001
vn -0.061388 0.998055 0.010846
vn 0.000001 1.000000 -0.000001
vn -0.061347 0.998058 0.010807
vn 0.000001 1.000000 0.000000
vn -0.061349 0.998058 0.010821
vn -0.061393 0.998055 0.010827
vn 0.000001 1.000000 0.000001
vn 0.000002 1.000000 -0.000001
vn -0.175922 0.601094 -0.779575
vn -0.101836 0.967213 -0.232654
vn -0.140025 0.591442 -0.794097
vn -0.043308 0.968399 -0.245618
vn -0.173746 -0.000005 -0.984791
vn -0.179225 0.103034 -0.978398
vn -0.173645 -0.000013 -0.984808
vn -0.172790 0.099338 -0.979937
vn -0.173742 -0.000016 -0.984791
vn -0.173553 0.000017 -0.984825
vn -0.173645 -0.000000 -0.984808
vn -0.173652 0.000003 -0.984807
vn -0.173730 -0.000010 -0.984793
vn -0.173556 0.000013 -0.984824
vn -0.173648 0.000015 -0.984808
vn -0.173650 -0.000001 -0.984807
vn -0.173671 -0.000006 -0.984804
vn -0.173625 0.000140 -0.984812
vn -0.173648 0.000062 -0.984808
vn -0.173648 -0.000187 -0.984808
vn -0.173724 0.000090 -0.984794
vn -0.173597 -0.000225 -0.984817
vn -0.173647 -0.000064 -0.984808
vn -0.173648 0.000180 -0.984808
vn -0.173696 -0.000019 -0.984799
vn -0.173573 -0.000028 -0.984821
vn -0.173648 0.000065 -0.984808
vn -0.173649 0.000003 -0.984808
vn -0.173666 0.000107 -0.984805
vn -0.173633 0.000251 -0.984810
vn -0.173648 -0.000050 -0.984808
vn -0.173648 -0.000308 -0.984808
vn -0.173746 0.000008 -0.984791
vn -0.173553 -0.000372 -0.984824
vn -0.173644 -0.000009 -0.984809
vn -0.173651 0.000368 -0.984807
vn -0.173744 0.000001 -0.984791
vn -0.173552 -0.000001 -0.984825
vn -0.173643 -0.000001 -0.984809
vn -0.173653 0.000002 -0.984807
vn -0.173741 -0.000000 -0.984791
vn -0.173553 -0.000000 -0.984825
vn -0.173646 0.000002 -0.984808
vn -0.173653 0.000000 -0.984807
vn -0.170771 -0.019008 -0.985127
vn -0.170935 -0.019532 -0.985089
vn -0.454769 0.532452 -0.713918
vn -0.484203 0.527031 -0.698417
vn -0.575682 0.809594 -0.114664
vn -0.541706 0.830977 -0.126615
vn -0.551028 0.828811 0.097156
vn -0.513552 0.853267 0.090549
vn -0.551028 0.828811 0.097161
vn -0.513549 0.853269 0.090552
vn -0.551027 0.828811 0.097164
vn -0.513549 0.853268 0.090556
vn -0.551029 0.828811 0.097156
vn -0.551029 0.828811 0.097156
vn -0.513553 0.853267 0.090546
vn -0.513550 0.853269 0.090547
vn -0.551026 0.828811 0.097168
vn -0.551027 0.828811 0.097164
vn -0.513548 0.853268 0.090566
vn -0.513549 0.853269 0.090554
vn -0.107661 0.401505 0.909507
vn -0.468440 0.788450 0.398637
vn -0.078521 0.401665 0.912414
vn -0.433170 0.807650 0.400082
vn 0.235124 -0.106074 0.966160
vn 0.192509 -0.022334 0.981041
vn 0.249501 -0.181052 0.951299
vn 0.209921 -0.059744 0.975891
vn 0.183429 -0.100437 0.977889
vn 0.211105 -0.111545 0.971078
vn 0.179192 -0.126467 0.975652
vn 0.209596 -0.174387 0.962111
vn 0.174090 -0.081983 0.981311
vn 0.173627 -0.087076 0.980954
vn 0.173156 -0.075291 0.982012
vn 0.173156 -0.075304 0.982011
vn 0.173150 -0.075451 0.982001
vn 0.173155 -0.075314 0.982011
vn 0.173158 -0.075071 0.982029
vn 0.173159 -0.075212 0.982018
vn 0.173158 -0.075197 0.982019
vn 0.173155 -0.075336 0.982009
vn 0.173156 -0.075277 0.982013
vn 0.173156 -0.075170 0.982022
vn 0.173155 -0.075281 0.982013
vn 0.173157 -0.075258 0.982015
vn 0.173152 -0.075215 0.982019
vn 0.173153 -0.075279 0.982014
vn 0.173158 -0.075283 0.982013
vn 0.173154 -0.075323 0.982010
vn 0.173149 -0.075678 0.981984
vn 0.173152 -0.075422 0.982003
vn 0.173279 -0.065230 0.982710
vn 0.173277 -0.065415 0.982698
vn 0.173386 -0.054957 0.983319
vn 0.173388 -0.054958 0.983319
vn 0.175255 -0.152097 0.972704
vn 0.173203 -0.085914 0.981132
vn 0.175409 -0.149369 0.973098
vn 0.173294 -0.085122 0.981185
vn 0.199310 -0.207436 0.957729
vn 0.186587 -0.197066 0.962471
vn 0.199261 -0.202012 0.958898
vn 0.186580 -0.192403 0.963415
vn 0.211427 -0.271754 0.938855
vn 0.206988 -0.239619 0.948546
vn 0.210963 -0.272141 0.938847
vn 0.207036 -0.237641 0.949033
vn 0.226554 -0.437139 0.870393
vn 0.227264 -0.437115 0.870219
vn 0.228847 -0.837915 0.495507
vn 0.227374 -0.838285 0.495561
vn 0.161554 -0.986455 -0.028417
vn 0.159857 -0.986738 -0.028186
vn 0.161543 -0.986455 -0.028479
vn 0.159857 -0.986738 -0.028182
vn 0.161531 -0.986455 -0.028548
vn 0.159855 -0.986738 -0.028184
vn 0.161531 -0.986455 -0.028546
vn 0.159856 -0.986738 -0.028186
vn 0.161548 -0.986455 -0.028453
vn 0.159857 -0.986738 -0.028187
vn 0.161542 -0.986455 -0.028484
vn 0.159856 -0.986738 -0.028187
vn 0.161536 -0.986455 -0.028516
vn 0.159854 -0.986738 -0.028191
vn -0.140344 -0.184622 -0.972738
vn 0.031398 -0.804860 -0.592634
vn -0.140606 -0.184864 -0.972654
vn 0.029988 -0.805051 -0.592447
vn -0.170490 -0.019094 -0.985174
vn -0.170447 -0.019564 -0.985173
vn -0.173646 -0.000003 -0.984808
vn -0.173641 0.000005 -0.984809
vn -0.173648 0.000000 -0.984808
vn -0.173654 0.000000 -0.984807
vn -0.173649 0.000000 -0.984808
vn -0.173643 0.000002 -0.984809
vn -0.173648 -0.000001 -0.984808
vn -0.173654 -0.000004 -0.984807
vn -0.173649 0.000007 -0.984808
vn -0.173638 -0.000005 -0.984809
vn -0.173647 -0.000365 -0.984808
vn -0.173653 0.000368 -0.984807
vn -0.173648 0.000047 -0.984808
vn -0.173659 -0.000044 -0.984806
vn -0.173648 0.000311 -0.984808
vn -0.173649 -0.000321 -0.984808
vn -0.173648 -0.000068 -0.984808
vn -0.173638 0.000071 -0.984810
vn -0.173648 0.000000 -0.984808
vn -0.173650 0.000004 -0.984808
vn -0.173648 0.000061 -0.984808
vn -0.173647 -0.000065 -0.984808
vn -0.173648 -0.000177 -0.984808
vn -0.173649 0.000181 -0.984808
vn -0.173648 -0.000065 -0.984808
vn -0.173658 0.000067 -0.984806
vn -0.173649 0.000190 -0.984808
vn -0.173649 -0.000200 -0.984807
vn -0.173648 -0.000018 -0.984808
vn -0.173639 0.000018 -0.984809
vn -0.173649 0.000003 -0.984808
vn -0.173653 0.000001 -0.984807
vn -0.173648 -0.000001 -0.984808
vn -0.173642 -0.000004 -0.984809
vn -0.173647 -0.000001 -0.984808
vn -0.173656 0.000006 -0.984806
vn -0.173657 0.000014 -0.984806
vn -0.173630 -0.000023 -0.984811
vn -0.237465 0.098196 -0.966420
vn -0.228793 0.096298 -0.968700
vn -0.140024 0.591408 -0.794122
vn -0.140611 0.591015 -0.794311
vn -0.044212 0.968365 -0.245590
vn -0.043319 0.968383 -0.245679
vn -0.145215 0.590170 -0.794111
vn -0.051642 0.968273 -0.244502
vn -0.008534 0.999962 0.001509
vn -0.000908 1.000000 0.000164
vn -0.000001 1.000000 -0.000009
vn -0.000908 1.000000 0.000161
vn 0.000000 1.000000 0.000001
vn -0.008535 0.999962 0.001505
vn -0.008536 0.999962 0.001501
vn -0.000909 1.000000 0.000155
vn -0.000001 1.000000 0.000009
vn -0.008533 0.999962 0.001514
vn -0.000907 1.000000 0.000169
vn -0.000907 1.000000 0.000168
vn -0.008533 0.999962 0.001513
vn -0.000002 1.000000 -0.000009
vn -0.000001 1.000000 -0.000002
vn -0.008536 0.999962 0.001497
vn -0.000910 1.000000 0.000151
vn -0.000909 1.000000 0.000160
vn -0.008535 0.999962 0.001505
vn 0.000001 1.000000 0.000010
vn 0.000000 1.000000 -0.000000
vn 0.139330 0.436386 0.888906
vn 0.142060 0.437750 0.887803
vn 0.055181 0.935378 0.349317
vn 0.048338 0.935038 0.351237
vn 0.142510 0.437986 0.887614
vn 0.056054 0.935396 0.349132
vn 0.158127 -0.208206 0.965218
vn 0.159616 -0.146783 0.976206
vn 0.158837 -0.039090 0.986531
vn 0.159301 -0.066294 0.985002
vn 0.160798 -0.081250 0.983637
vn 0.158980 -0.010878 0.987222
vn 0.168560 -0.134121 0.976524
vn 0.169814 -0.105802 0.979780
vn 0.164368 -0.141213 0.976239
vn 0.161707 -0.198435 0.966682
vn 0.170859 -0.076814 0.982297
vn 0.165628 -0.080313 0.982913
vn 0.172610 -0.080877 0.981664
vn 0.173149 -0.075747 0.981978
vn 0.172511 -0.086260 0.981223
vn 0.173155 -0.075305 0.982011
vn 0.173156 -0.075291 0.982012
vn 0.173155 -0.075305 0.982011
vn 0.173157 -0.075064 0.982029
vn 0.173152 -0.075444 0.982001
vn 0.173155 -0.075305 0.982011
vn 0.173155 -0.075207 0.982019
vn 0.173160 -0.075063 0.982029
vn 0.173157 -0.075211 0.982018
vn 0.173157 -0.075276 0.982013
vn 0.173157 -0.075198 0.982019
vn 0.173155 -0.075336 0.982009
vn 0.173157 -0.075169 0.982022
vn 0.173154 -0.075274 0.982014
vn 0.173155 -0.075163 0.982022
vn 0.173154 -0.075213 0.982019
vn 0.173155 -0.075279 0.982013
vn 0.173156 -0.075257 0.982015
vn 0.173155 -0.075278 0.982014
vn 0.173156 -0.075212 0.982018
vn 0.173154 -0.075278 0.982014
vn 0.173150 -0.075677 0.981984
vn 0.173156 -0.075282 0.982013
vn 0.173154 -0.075324 0.982010
vn 0.173154 -0.075426 0.982002
vn 0.173150 -0.075677 0.981984
vn 0.173154 -0.075425 0.982002
vn 0.173279 -0.065229 0.982710
vn 0.173278 -0.065416 0.982698
vn 0.173274 -0.065416 0.982699
vn 0.173384 -0.054958 0.983320
vn 0.173386 -0.054956 0.983319
vn 0.173387 -0.054958 0.983319
vn 0.174752 -0.145512 0.973801
vn 0.175643 -0.139256 0.974555
vn 0.173388 -0.082849 0.981363
vn 0.173031 -0.084147 0.981315
vn 0.175712 -0.133379 0.975364
vn 0.173398 -0.081331 0.981488
vn 0.195499 -0.193719 0.961381
vn 0.195330 -0.182081 0.963687
vn 0.185186 -0.174495 0.967087
vn 0.184726 -0.185042 0.965213
vn 0.194912 -0.171960 0.965629
vn 0.185209 -0.165193 0.968715
vn 0.210074 -0.272148 0.939044
vn 0.210105 -0.271740 0.939156
vn 0.204295 -0.227377 0.952136
vn 0.204437 -0.234060 0.950485
vn 0.209705 -0.272184 0.939117
vn 0.203729 -0.222433 0.953424
vn 0.224536 -0.437085 0.870942
vn 0.225145 -0.437189 0.870733
vn 0.224848 -0.838535 0.496289
vn 0.223577 -0.838795 0.496423
vn 0.224979 -0.437194 0.870773
vn 0.224595 -0.838523 0.496423
vn 0.156501 -0.987292 -0.027592
vn 0.156824 -0.987240 -0.027644
vn 0.155369 -0.987477 -0.027389
vn 0.156824 -0.987240 -0.027646
vn 0.155369 -0.987477 -0.027390
vn 0.156501 -0.987292 -0.027588
vn 0.156499 -0.987292 -0.027596
vn 0.156822 -0.987240 -0.027653
vn 0.155367 -0.987477 -0.027399
vn 0.156822 -0.987240 -0.027656
vn 0.155366 -0.987477 -0.027404
vn 0.156499 -0.987292 -0.027602
vn 0.156500 -0.987292 -0.027597
vn 0.156822 -0.987240 -0.027654
vn 0.155368 -0.987477 -0.027397
vn 0.156823 -0.987240 -0.027651
vn 0.155368 -0.987477 -0.027394
vn 0.156500 -0.987292 -0.027594
vn 0.156499 -0.987292 -0.027597
vn 0.156822 -0.987240 -0.027653
vn 0.155368 -0.987477 -0.027398
vn -0.141377 -0.184360 -0.972638
vn -0.141259 -0.184610 -0.972607
vn 0.027524 -0.805431 -0.592050
vn 0.027084 -0.805011 -0.592641
vn -0.141482 -0.184825 -0.972534
vn 0.026282 -0.805550 -0.591945
vn -0.170584 -0.019088 -0.985158
vn -0.170535 -0.019564 -0.985157
vn -0.170519 -0.019533 -0.985161
vn -0.173649 0.000001 -0.984808
vn -0.173647 -0.000003 -0.984808
vn -0.173646 0.000006 -0.984808
vn -0.173648 0.000000 -0.984808
vn -0.173651 -0.000002 -0.984807
vn -0.173645 -0.000001 -0.984808
vn -0.173652 -0.000002 -0.984807
vn -0.173648 0.000001 -0.984808
vn -0.173645 0.000002 -0.984808
vn -0.173648 -0.000002 -0.984808
vn -0.173650 -0.000001 -0.984807
vn -0.173646 0.000004 -0.984808
vn -0.173647 -0.000008 -0.984808
vn -0.173648 0.000008 -0.984808
vn -0.173647 -0.000004 -0.984808
vn -0.173648 -0.000365 -0.984808
vn -0.173648 0.000361 -0.984808
vn -0.173648 0.000363 -0.984808
vn -0.173653 -0.000048 -0.984807
vn -0.173648 0.000047 -0.984808
vn -0.173648 -0.000043 -0.984808
vn -0.173648 0.000311 -0.984808
vn -0.173648 -0.000315 -0.984808
vn -0.173648 -0.000307 -0.984808
vn -0.173644 0.000067 -0.984808
vn -0.173648 -0.000068 -0.984808
vn -0.173648 0.000072 -0.984808
vn -0.173648 0.000000 -0.984808
vn -0.173648 -0.000005 -0.984808
vn -0.173648 -0.000002 -0.984808
vn -0.173648 -0.000059 -0.984808
vn -0.173648 0.000061 -0.984808
vn -0.173648 -0.000057 -0.984808
vn -0.173648 -0.000177 -0.984808
vn -0.173648 0.000173 -0.984808
vn -0.173648 0.000175 -0.984808
vn -0.173653 0.000064 -0.984807
vn -0.173648 -0.000065 -0.984808
vn -0.173648 0.000069 -0.984808
vn -0.173648 0.000190 -0.984808
vn -0.173649 -0.000194 -0.984808
vn -0.173649 -0.000186 -0.984808
vn -0.173645 0.000016 -0.984808
vn -0.173648 -0.000018 -0.984808
vn -0.173647 0.000022 -0.984808
vn -0.173648 0.000001 -0.984808
vn -0.173649 -0.000005 -0.984808
vn -0.173647 -0.000003 -0.984808
vn -0.173649 -0.000002 -0.984808
vn -0.173648 0.000004 -0.984808
vn -0.173647 -0.000000 -0.984808
vn -0.173648 -0.000008 -0.984808
vn -0.173649 0.000004 -0.984808
vn -0.173647 0.000006 -0.984808
vn -0.173648 -0.000024 -0.984808
vn -0.173648 0.000026 -0.984808
vn -0.173648 -0.000022 -0.984808
vn -0.172884 0.099115 -0.979943
vn -0.172791 0.099310 -0.979939
vn -0.173636 0.098892 -0.979832
vn -0.145341 -0.184644 -0.971999
vn 0.010036 -0.807765 -0.589420
vn 0.135531 -0.990485 -0.023900
vn 0.135531 -0.990485 -0.023896
vn 0.135531 -0.990485 -0.023897
vn 0.135530 -0.990485 -0.023903
vn 0.135530 -0.990485 -0.023901
vn 0.135532 -0.990485 -0.023893
vn 0.135533 -0.990485 -0.023889
vn 0.215646 -0.437342 0.873057
vn 0.206824 -0.840901 0.500109
vn 0.204182 -0.271867 0.940424
vn 0.201451 -0.250313 0.946975
vn 0.195789 -0.228757 0.953592
vn 0.184693 -0.216444 0.958666
vn 0.174946 -0.163161 0.970965
vn 0.173231 -0.088340 0.980911
vn 0.173387 -0.054956 0.983319
vn 0.173157 -0.075282 0.982013
vn 0.173279 -0.065229 0.982710
vn 0.173154 -0.075323 0.982010
vn 0.173155 -0.075281 0.982013
vn 0.173156 -0.075257 0.982015
vn 0.173157 -0.075196 0.982019
vn 0.173154 -0.075336 0.982009
vn 0.173151 -0.075452 0.982001
vn 0.173155 -0.075314 0.982011
vn 0.173156 -0.075291 0.982012
vn 0.173156 -0.075284 0.982013
vn 0.173155 -0.075285 0.982013
vn 0.173155 -0.075284 0.982013
vn 0.173155 -0.075278 0.982014
vn 0.173643 -0.008207 0.984774
vn 0.156116 0.437872 0.885379
vn 0.061432 0.935331 0.348400
vn -0.000003 1.000000 -0.000018
vn -0.000000 1.000000 -0.000000
vn 0.000003 1.000000 0.000018
vn 0.000003 1.000000 0.000016
vn -0.000001 1.000000 -0.000009
vn 0.000001 1.000000 0.000008
vn 0.000000 1.000000 0.000000
vn -0.140057 0.591141 -0.794315
vn -0.043333 0.968363 -0.245754
vn -0.173648 0.000011 -0.984808
vn -0.172793 0.099151 -0.979955
vn -0.173648 -0.000001 -0.984808
vn -0.173648 -0.000001 -0.984808
vn -0.173648 -0.000018 -0.984808
vn -0.173648 0.000003 -0.984808
vn -0.173648 -0.000064 -0.984808
vn -0.173648 0.000190 -0.984808
vn -0.173648 0.000061 -0.984808
vn -0.173648 -0.000177 -0.984808
vn -0.173648 -0.000068 -0.984808
vn -0.173648 0.000000 -0.984808
vn -0.173648 0.000047 -0.984808
vn -0.173648 0.000311 -0.984808
vn -0.173649 0.000008 -0.984808
vn -0.173648 -0.000365 -0.984808
vn -0.173648 0.000001 -0.984808
vn -0.173648 -0.000001 -0.984808
vn -0.173647 -0.000004 -0.984808
vn -0.173648 0.000000 -0.984808
vn -0.171004 -0.019090 -0.985085
vn -0.300042 0.932414 -0.201442
vn -0.254893 0.965924 0.044944
vn -0.284912 0.535851 -0.794788
vn -0.254895 0.965924 0.044944
vn -0.254892 0.965925 0.044943
vn -0.254891 0.965925 0.044946
vn -0.254893 0.965924 0.044946
vn -0.254893 0.965924 0.044948
vn -0.254893 0.965924 0.044945
vn 0.061637 0.381157 0.922453
vn -0.188462 0.895629 0.402902
vn 0.206379 -0.098782 0.973473
vn 0.227570 -0.234283 0.945158
vn 0.200732 -0.212361 0.956352
vn 0.177749 -0.138755 0.974245
vn 0.173154 -0.075291 0.982013
vn 0.172640 -0.087964 0.981049
vn 0.173157 -0.075314 0.982010
vn 0.173159 -0.075310 0.982010
vn 0.173154 -0.075248 0.982016
vn 0.173151 -0.075248 0.982016
vn 0.173163 -0.075281 0.982012
vn 0.173156 -0.075260 0.982015
vn 0.173156 -0.075321 0.982010
vn 0.173155 -0.075285 0.982013
vn 0.173389 -0.054958 0.983319
vn 0.173283 -0.065230 0.982710
vn 0.173203 -0.084537 0.981251
vn 0.174873 -0.147890 0.973421
vn 0.197553 -0.198647 0.959954
vn 0.185324 -0.189493 0.964234
vn 0.206003 -0.236715 0.949489
vn 0.210190 -0.271743 0.939136
vn 0.225197 -0.838530 0.496139
vn 0.157284 -0.987166 -0.027656
vn 0.225391 -0.437186 0.870671
vn 0.157263 -0.987165 -0.027801
vn 0.157274 -0.987166 -0.027727
vn 0.157262 -0.987166 -0.027795
vn 0.157277 -0.987166 -0.027699
vn 0.157269 -0.987165 -0.027765
vn 0.157273 -0.987166 -0.027731
vn 0.027917 -0.805489 -0.591953
vn -0.141127 -0.184714 -0.972607
vn -0.170567 -0.019106 -0.985161
vn -0.173647 -0.000001 -0.984808
vn -0.173640 0.000000 -0.984809
vn -0.173654 0.000000 -0.984807
vn -0.173655 -0.000002 -0.984807
vn -0.173650 0.000006 -0.984807
vn -0.173633 0.000047 -0.984810
vn -0.173647 -0.000361 -0.984808
vn -0.173648 0.000307 -0.984808
vn -0.173661 -0.000068 -0.984805
vn -0.173648 0.000057 -0.984808
vn -0.173650 0.000004 -0.984808
vn -0.173633 -0.000065 -0.984810
vn -0.173648 -0.000173 -0.984808
vn -0.173648 0.000188 -0.984808
vn -0.173656 -0.000013 -0.984806
vn -0.173642 -0.000002 -0.984809
vn -0.173654 0.000005 -0.984807
vn -0.173638 0.000010 -0.984810
vn -0.173657 0.000001 -0.984806
vn -0.192247 0.083685 -0.977772
vn -0.377147 0.588288 -0.715317
vn -0.274441 0.939542 -0.204802
vn -0.480103 0.851501 -0.210823
vn -0.230936 0.972116 0.040723
vn -0.448985 0.890025 0.079168
vn -0.448978 0.890029 0.079163
vn -0.449066 0.889983 0.079180
vn -0.230975 0.972107 0.040727
vn -0.230925 0.972119 0.040713
vn -0.230936 0.972116 0.040725
vn -0.230972 0.972107 0.040736
vn -0.448988 0.890024 0.079164
vn -0.449059 0.889986 0.079191
vn -0.230926 0.972119 0.040708
vn -0.230974 0.972107 0.040729
vn -0.448977 0.890030 0.079156
vn -0.449063 0.889984 0.079188
vn -0.035549 0.442951 0.895841
vn -0.159137 0.916921 0.365966
vn -0.192832 0.270813 0.943120
vn -0.406573 0.805743 0.430670
vn 0.068103 -0.058986 0.995933
vn 0.058819 0.006641 0.998247
vn -0.026749 -0.057122 0.998009
vn -0.028511 0.018899 0.999415
vn 0.078385 -0.067528 0.994633
vn 0.073597 -0.060189 0.995470
vn -0.015276 -0.066545 0.997666
vn -0.021237 -0.058390 0.998068
vn -0.006306 -0.074064 0.997234
vn -0.009975 -0.072590 0.997312
vn 0.081671 -0.073831 0.993921
vn 0.083773 -0.074986 0.993659
vn 0.084347 -0.075111 0.993601
vn 0.084243 -0.074971 0.993621
vn -0.004879 -0.073913 0.997253
vn -0.005259 -0.073988 0.997245
vn 0.084635 -0.074913 0.993592
vn 0.084634 -0.074947 0.993590
vn -0.004534 -0.074040 0.997245
vn -0.004387 -0.073749 0.997267
vn 0.085342 -0.074962 0.993528
vn 0.085079 -0.074922 0.993553
vn -0.003015 -0.074013 0.997253
vn -0.003583 -0.073980 0.997253
vn 0.085711 -0.074989 0.993494
vn 0.085664 -0.074969 0.993500
vn -0.002398 -0.074112 0.997247
vn -0.002396 -0.073990 0.997256
vn -0.000437 -0.054116 0.998535
vn -0.002398 -0.064096 0.997941
vn 0.085742 -0.064990 0.994195
vn 0.086806 -0.054748 0.994720
vn 0.102233 -0.130738 0.986132
vn 0.089932 -0.080305 0.992705
vn 0.028356 -0.129364 0.991192
vn 0.005720 -0.079582 0.996812
vn 0.160771 -0.169262 0.972370
vn 0.132076 -0.162019 0.977909
vn 0.126402 -0.168546 0.977555
vn 0.078874 -0.160601 0.983863
vn 0.174818 -0.274467 0.945572
vn 0.173264 -0.223457 0.959191
vn 0.124072 -0.285279 0.950380
vn 0.139925 -0.217716 0.965930
vn -0.334100 -0.940695 0.058908
vn -0.173392 -0.827508 0.534009
vn 0.022126 -0.871918 0.489152
vn -0.092963 -0.995535 0.016390
vn 0.084503 -0.370797 0.924862
vn 0.149426 -0.431144 0.889824
vn -0.334087 -0.940699 0.058908
vn -0.334094 -0.940697 0.058906
vn -0.092959 -0.995535 0.016390
vn -0.092953 -0.995536 0.016391
vn -0.334094 -0.940697 0.058912
vn -0.334088 -0.940699 0.058913
vn -0.092961 -0.995535 0.016394
vn -0.092963 -0.995535 0.016393
vn -0.334088 -0.940699 0.058910
vn -0.334092 -0.940698 0.058908
vn -0.092959 -0.995535 0.016391
vn -0.092955 -0.995535 0.016391
vn -0.200605 -0.202259 -0.958566
vn -0.170104 -0.838174 -0.518198
vn -0.391065 -0.800743 -0.453739
vn -0.192834 -0.019908 -0.981029
vn -0.207415 0.000122 -0.978253
vn -0.242947 0.000114 -0.970039
vn -0.279603 0.000077 -0.960116
vn -0.294886 0.000038 -0.955532
vn -0.299493 0.000042 -0.954098
vn -0.300785 -0.000296 -0.953692
vn -0.300845 -0.000018 -0.953673
vn -0.300793 0.000402 -0.953689
vn -0.301288 -0.000035 -0.953533
vn -0.301651 0.000065 -0.953418
vn -0.302367 0.000045 -0.953192
vn -0.302397 -0.000055 -0.953182
vn -0.302661 -0.000120 -0.953098
vn -0.302544 0.000247 -0.953135
vn -0.303647 0.000035 -0.952785
vn -0.305889 0.000070 -0.952067
vn -0.309567 0.000121 -0.950878
vn -0.313688 0.000164 -0.949526
vn -0.317584 0.000129 -0.948230
vn -0.324694 0.107848 -0.939650
f 3/3/3 2/2/2 1/1/1
f 4/4/4 3/3/3 1/1/1
f 6/6/6 5/5/5 2/2/2
f 3/3/3 6/6/6 2/2/2
f 7/7/7 6/6/6 3/3/3
f 8/8/8 7/7/7 3/3/3
f 8/8/8 3/3/3 4/4/4
f 9/9/9 8/8/8 4/4/4
f 12/12/12 11/11/11 10/10/10
f 13/13/13 12/12/12 10/10/10
f 15/15/15 14/14/14 11/11/11
f 12/12/12 15/15/15 11/11/11
f 16/16/16 15/15/15 12/12/12
f 17/17/17 16/16/16 12/12/12
f 17/17/17 12/12/12 13/13/13
f 18/18/18 17/17/17 13/13/13
f 21/21/21 20/20/20 19/19/19
f 22/22/22 21/21/21 19/19/19
f 24/24/24 23/23/23 20/20/20
f 21/21/21 24/24/24 20/20/20
f 25/25/25 24/24/24 21/21/21
f 26/26/26 25/25/25 21/21/21
f 26/26/26 21/21/21 22/22/22
f 27/27/27 26/26/26 22/22/22
f 30/30/30 29/29/29 28/28/28
f 31/31/31 30/30/30 28/28/28
f 33/33/33 32/32/32 29/29/29
f 30/30/30 33/33/33 29/29/29
f 34/34/34 33/33/33 30/30/30
f 35/35/35 34/34/34 30/30/30
f 35/35/35 30/30/30 31/31/31
f 36/36/36 35/35/35 31/31/31
f 39/39/39 38/38/38 37/37/37
f 40/40/40 39/39/39 37/37/37
f 42/42/42 41/41/41 38/38/38
f 39/39/39 42/42/42 38/38/38
f 43/43/43 42/42/42 39/39/39
f 44/44/44 43/43/43 39/39/39
f 44/44/44 39/39/39 40/40/40
f 45/45/45 44/44/44 40/40/40
f 48/48/48 47/47/47 46/46/46
f 49/49/49 48/48/48 46/46/46
f 51/51/51 50/50/50 47/47/47
f 48/48/48 51/51/51 47/47/47
f 52/52/52 51/51/51 48/48/48
f 53/53/53 52/52/52 48/48/48
f 53/53/53 48/48/48 49/49/49
f 54/54/54 53/53/53 49/49/49
f 57/57/57 56/56/56 55/55/55
f 58/58/58 57/57/57 55/55/55
f 60/60/60 59/59/59 56/56/56
f 57/57/57 60/60/60 56/56/56
f 61/61/61 60/60/60 57/57/57
f 62/62/62 61/61/61 57/57/57
f 62/62/62 57/57/57 58/58/58
f 63/63/63 62/62/62 58/58/58
f 66/66/66 65/65/65 64/64/64
f 67/67/67 66/66/66 64/64/64
f 69/69/69 68/68/68 65/65/65
f 66/66/66 69/69/69 65/65/65
f 70/70/70 69/69/69 66/66/66
f 71/71/71 70/70/70 66/66/66
f 71/71/71 66/66/66 67/67/67
f 72/72/72 71/71/71 67/67/67
f 75/75/75 74/74/74 73/73/73
f 76/76/76 75/75/75 73/73/73
f 78/78/78 77/77/77 74/74/74
f 75/75/75 78/78/78 74/74/74
f 79/79/79 78/78/78 75/75/75
f 80/80/80 79/79/79 75/75/75
f 80/80/80 75/75/75 76/76/76
f 81/81/81 80/80/80 76/76/76
f 84/84/84 83/83/83 82/82/82
f 85/85/85 84/84/84 82/82/82
f 87/87/87 86/86/86 83/83/83
f 84/84/84 87/87/87 83/83/83
f 88/88/88 87/87/87 84/84/84
f 89/89/89 88/88/88 84/84/84
f 89/89/89 84/84/84 85/85/85
f 90/90/90 89/89/89 85/85/85
f 93/93/93 92/92/92 91/91/91
f 94/94/94 93/93/93 91/91/91
f 96/96/96 95/95/95 92/92/92
f 93/93/93 96/96/96 92/92/92
f 97/97/97 96/96/96 93/93/93
f 98/98/98 97/97/97 93/93/93
f 98/98/98 93/93/93 94/94/94
f 99/99/99 98/98/98 94/94/94
f 102/102/102 101/101/101 100/100/100
f 103/103/103 102/102/102 100/100/100
f 105/105/105 104/104/104 101/101/101
f 102/102/102 105/105/105 101/101/101
f 106/106/106 105/105/105 102/102/102
f 107/107/107 106/106/106 102/102/102
f 107/107/107 102/102/102 103/103/103
f 108/108/108 107/107/107 103/103/103
f 111/111/111 110/110/110 109/109/109
f 112/112/112 111/111/111 109/109/109
f 114/114/114 113/113/113 110/110/110
f 111/111/111 114/114/114 110/110/110
f 115/115/115 114/114/114 111/111/111
f 116/116/116 115/115/115 111/111/111
f 116/116/116 111/111/111 112/112/112
f 117/117/117 116/116/116 112/112/112
f 120/120/120 119/119/119 118/118/118
f 121/121/121 120/120/120 118/118/118
f 123/123/123 122/122/122 119/119/119
f 120/120/120 123/123/123 119/119/119
f 124/124/124 123/123/123 120/120/120
f 125/125/125 124/124/124 120/120/120
f 125/125/125 120/120/120 121/121/121
f 126/126/126 125/125/125 121/121/121
f 129/129/129 128/128/128 127/127/127
f 130/130/130 129/129/129 127/127/127
f 132/132/132 131/131/131 128/128/128
f 129/129/129 132/132/132 128/128/128
f 133/133/133 132/132/132 129/129/129
f 134/134/134 133/133/133 129/129/129
f 134/134/134 129/129/129 130/130/130
f 135/135/135 134/134/134 130/130/130
f 138/138/138 137/137/137 136/136/136
f 139/139/139 138/138/138 136/136/136
f 141/141/141 140/140/140 137/137/137
f 138/138/138 141/141/141 137/137/137
f 142/142/142 141/141/141 138/138/138
f 143/143/143 142/142/142 138/138/138
f 143/143/143 138/138/138 139/139/139
f 144/144/144 143/143/143 139/139/139
f 147/147/147 146/146/146 145/145/145
f 148/148/148 147/147/147 145/145/145
f 150/150/150 149/149/149 146/146/146
f 147/147/147 150/150/150 146/146/146
f 151/151/151 150/150/150 147/147/147
f 152/152/152 151/151/151 147/147/147
f 152/152/152 147/147/147 148/148/148
f 153/153/153 152/152/152 148/148/148
f 156/156/156 155/155/155 154/154/154
f 157/157/157 156/156/156 154/154/154
f 159/159/159 158/158/158 155/155/155
f 156/156/156 159/159/159 155/155/155
f 160/160/160 159/159/159 156/156/156
f 161/161/161 160/160/160 156/156/156
f 161/161/161 156/156/156 157/157/157
f 162/162/162 161/161/161 157/157/157
f 165/165/165 164/164/164 163/163/163
f 166/166/166 165/165/165 163/163/163
f 168/168/168 167/167/167 164/164/164
f 165/165/165 168/168/168 164/164/164
f 169/169/169 168/168/168 165/165/165
f 170/170/170 169/169/169 165/165/165
f 170/170/170 165/165/165 166/166/166
f 171/171/171 170/170/170 166/166/166
f 174/174/174 173/173/173 172/172/172
f 175/175/175 174/174/174 172/172/172
f 177/177/177 176/176/176 173/173/173
f 174/174/174 177/177/177 173/173/173
f 178/178/178 177/177/177 174/174/174
f 179/179/179 178/178/178 174/174/174
f 179/179/179 174/174/174 175/175/175
f 180/180/180 179/179/179 175/175/175
f 183/183/183 182/182/182 181/181/181
f 184/184/184 183/183/183 181/181/181
f 186/186/186 185/185/185 182/182/182
f 183/183/183 186/186/186 182/182/182
f 187/187/187 186/186/186 183/183/183
f 188/188/188 187/187/187 183/183/183
f 188/188/188 183/183/183 184/184/184
f 189/189/189 188/188/188 184/184/184
f 192/192/192 191/191/191 190/190/190
f 193/193/193 192/192/192 190/190/190
f 195/195/195 194/194/194 191/191/191
f 192/192/192 195/195/195 191/191/191
f 196/196/196 195/195/195 192/192/192
f 197/197/197 196/196/196 192/192/192
f 197/197/197 192/192/192 193/193/193
f 198/198/198 197/197/197 193/193/193
f 201/201/201 200/200/200 199/199/199
f 202/202/202 201/201/201 199/199/199
f 204/204/204 203/203/203 200/200/200
f 201/201/201 204/204/204 200/200/200
f 205/205/205 204/204/204 201/201/201
f 206/206/206 205/205/205 201/201/201
f 206/206/206 201/201/201 202/202/202
f 207/207/207 206/206/206 202/202/202
f 210/210/210 209/209/209 208/208/208
f 211/211/211 210/210/210 208/208/208
f 213/213/213 212/212/212 209/209/209
f 210/210/210 213/213/213 209/209/209
f 214/214/214 213/213/213 210/210/210
f 215/215/215 214/214/214 210/210/210
f 215/215/215 210/210/210 211/211/211
f 216/216/216 215/215/215 211/211/211
f 219/219/219 218/218/218 217/217/217
f 220/220/220 219/219/219 217/217/217
f 222/222/222 221/221/221 218/218/218
f 219/219/219 222/222/222 218/218/218
f 223/223/223 222/222/222 219/219/219
f 224/224/224 223/223/223 219/219/219
f 224/224/224 219/219/219 220/220/220
f 225/225/225 224/224/224 220/220/220
f 228/228/228 227/227/227 226/226/226
f 229/229/229 228/228/228 226/226/226
f 231/231/231 230/230/230 227/227/227
f 228/228/228 231/231/231 227/227/227
f 232/232/232 231/231/231 228/228/228
f 233/233/233 232/232/232 228/228/228
f 233/233/233 228/228/228 229/229/229
f 234/234/234 233/233/233 229/229/229
f 237/237/237 236/236/236 235/235/235
f 238/238/238 237/237/237 235/235/235
f 240/240/240 239/239/239 236/236/236
f 237/237/237 240/240/240 236/236/236
f 241/241/241 240/240/240 237/237/237
f 242/242/242 241/241/241 237/237/237
f 242/242/242 237/237/237 238/238/238
f 243/243/243 242/242/242 238/238/238
f 246/246/246 245/245/245 244/244/244
f 247/247/247 246/246/246 244/244/244
f 249/249/249 248/248/248 245/245/245
f 246/246/246 249/249/249 245/245/245
f 250/250/250 249/249/249 246/246/246
f 251/251/251 250/250/250 246/246/246
f 251/251/251 246/246/246 247/247/247
f 252/252/252 251/251/251 247/247/247
f 255/255/255 254/254/254 253/253/253
f 256/256/256 255/255/255 253/253/253
f 258/258/258 257/257/257 254/254/254
f 255/255/255 258/258/258 254/254/254
f 259/259/259 258/258/258 255/255/255
f 260/260/260 259/259/259 255/255/255
f 260/260/260 255/255/255 256/256/256
f 261/261/261 260/260/260 256/256/256
f 264/264/264 263/263/263 262/262/262
f 265/265/265 264/264/264 262/262/262
f 267/267/267 266/266/266 263/263/263
f 264/264/264 267/267/267 263/263/263
f 268/268/268 267/267/267 264/264/264
f 269/269/269 268/268/268 264/264/264
f 269/269/269 264/264/264 265/265/265
f 270/270/270 269/269/269 265/265/265
f 273/273/273 272/272/272 271/271/271
f 274/274/274 273/273/273 271/271/271
f 276/276/276 275/275/275 272/272/272
f 273/273/273 276/276/276 272/272/272
f 277/277/277 276/276/276 273/273/273
f 278/278/278 277/277/277 273/273/273
f 278/278/278 273/273/273 274/274/274
f 279/279/279 278/278/278 274/274/274
f 282/282/282 281/281/281 280/280/280
f 283/283/283 282/282/282 280/280/280
f 285/285/285 284/284/284 281/281/281
f 282/282/282 285/285/285 281/281/281
f 286/286/286 285/285/285 282/282/282
f 287/287/287 286/286/286 282/282/282
f 287/287/287 282/282/282 283/283/283
f 288/288/288 287/287/287 283/283/283
f 291/291/291 290/290/290 289/289/289
f 292/292/292 291/291/291 289/289/289
f 294/294/294 293/293/293 290/290/290
f 291/291/291 294/294/294 290/290/290
f 295/295/295 294/294/294 291/291/291
f 296/296/296 295/295/295 291/291/291
f 296/296/296 291/291/291 292/292/292
f 297/297/297 296/296/296 292/292/292
f 300/300/300 299/299/299 298/298/298
f 301/301/301 300/300/300 298/298/298
f 303/303/303 302/302/302 299/299/299
f 300/300/300 303/303/303 299/299/299
f 304/304/304 303/303/303 300/300/300
f 305/305/305 304/304/304 300/300/300
f 305/305/305 300/300/300 301/301/301
f 306/306/306 305/305/305 301/301/301
f 309/309/309 308/308/308 307/307/307
f 310/310/310 309/309/309 307/307/307
f 312/312/312 311/311/311 308/308/308
f 309/309/309 312/312/312 308/308/308
f 313/313/313 312/312/312 309/309/309
f 314/314/314 313/313/313 309/309/309
f 314/314/314 309/309/309 310/310/310
f 315/315/315 314/314/314 310/310/310
f 318/318/318 317/317/317 316/316/316
f 319/319/319 318/318/318 316/316/316
f 321/321/321 320/320/320 317/317/317
f 318/318/318 321/321/321 317/317/317
f 322/322/322 321/321/321 318/318/318
f 323/323/323 322/322/322 318/318/318
f 323/323/323 318/318/318 319/319/319
f 324/324/324 323/323/323 319/319/319
f 327/327/327 326/326/326 325/325/325
f 328/328/328 327/327/327 325/325/325
f 330/330/330 329/329/329 326/326/326
f 327/327/327 330/330/330 326/326/326
f 331/331/331 330/330/330 327/327/327
f 332/332/332 331/331/331 327/327/327
f 332/332/332 327/327/327 328/328/328
f 333/333/333 332/332/332 328/328/328
f 336/336/336 335/335/335 334/334/334
f 337/337/337 336/336/336 334/334/334
f 339/339/339 338/338/338 335/335/335
f 336/336/336 339/339/339 335/335/335
f 340/340/340 339/339/339 336/336/336
f 341/341/341 340/340/340 336/336/336
f 341/341/341 336/336/336 337/337/337
f 342/342/342 341/341/341 337/337/337
f 345/345/345 344/344/344 343/343/343
f 346/346/346 345/345/345 343/343/343
f 348/348/348 347/347/347 344/344/344
f 345/345/345 348/348/348 344/344/344
f 349/349/349 348/348/348 345/345/345
f 350/350/350 349/349/349 345/345/345
f 350/350/350 345/345/345 346/346/346
f 351/351/351 350/350/350 346/346/346
f 354/354/354 353/353/353 352/352/352
f 355/355/355 354/354/354 352/352/352
f 357/357/357 356/356/356 353/353/353
f 354/354/354 357/357/357 353/353/353
f 358/358/358 357/357/357 354/354/354
f 359/359/359 358/358/358 354/354/354
f 359/359/359 354/354/354 355/355/355
f 360/360/360 359/359/359 355/355/355
f 363/363/363 362/362/362 361/361/361
f 364/364/364 363/363/363 361/361/361
f 366/366/366 365/365/365 362/362/362
f 363/363/363 366/366/366 362/362/362
f 367/367/367 366/366/366 363/363/363
f 368/368/368 367/367/367 363/363/363
f 368/368/368 363/363/363 364/364/364
f 369/369/369 368/368/368 364/364/364
f 372/372/372 371/371/371 370/370/370
f 373/373/373 372/372/372 370/370/370
f 375/375/375 374/374/374 371/371/371
f 372/372/372 375/375/375 371/371/371
f 376/376/376 375/375/375 372/372/372
f 377/377/377 376/376/376 372/372/372
f 377/377/377 372/372/372 373/373/373
f 378/378/378 377/377/377 373/373/373
f 380/380/380 379/379/379 374/374/374
f 375/375/375 380/380/380 374/374/374
f 382/382/382 381/381/381 379/379/379
f 380/380/380 382/382/382 379/379/379
f 383/383/383 382/382/382 380/380/380
f 384/384/384 383/383/383 380/380/380
f 384/384/384 380/380/380 375/375/375
f 376/376/376 384/384/384 375/375/375
f 385/385/385 245/245/245 248/248/248
f 386/386/386 385/385/385 248/248/248
f 387/387/387 244/244/244 245/245/245
f 385/385/385 387/387/387 245/245/245
f 388/388/388 387/387/387 385/385/385
f 389/389/389 388/388/388 385/385/385
f 389/389/389 385/385/385 386/386/386
f 390/390/390 389/389/389 386/386/386
f 393/393/393 392/392/392 391/391/391
f 394/394/394 393/393/393 391/391/391
f 130/130/130 127/127/127 392/392/392
f 393/393/393 130/130/130 392/392/392
f 135/135/135 130/130/130 393/393/393
f 395/395/395 135/135/135 393/393/393
f 395/395/395 393/393/393 394/394/394
f 396/396/396 395/395/395 394/394/394
f 399/399/399 398/398/398 397/397/397
f 400/400/400 399/399/399 397/397/397
f 301/301/301 298/298/298 398/398/398
f 399/399/399 301/301/301 398/398/398
f 306/306/306 301/301/301 399/399/399
f 401/401/401 306/306/306 399/399/399
f 401/401/401 399/399/399 400/400/400
f 402/402/402 401/401/401 400/400/400
f 403/403/403 137/137/137 140/140/140
f 404/404/404 403/403/403 140/140/140
f 405/405/405 136/136/136 137/137/137
f 403/403/403 405/405/405 137/137/137
f 406/406/406 405/405/405 403/403/403
f 407/407/407 406/406/406 403/403/403
f 407/407/407 403/403/403 404/404/404
f 408/408/408 407/407/407 404/404/404
f 411/411/411 410/410/410 409/409/409
f 412/412/412 411/411/411 409/409/409
f 150/150/150 151/151/151 410/410/410
f 411/411/411 150/150/150 410/410/410
f 149/149/149 150/150/150 411/411/411
f 413/413/413 149/149/149 411/411/411
f 413/413/413 411/411/411 412/412/412
f 414/414/414 413/413/413 412/412/412
f 415/415/415 179/179/179 180/180/180
f 416/416/416 415/415/415 180/180/180
f 417/417/417 178/178/178 179/179/179
f 415/415/415 417/417/417 179/179/179
f 418/418/418 417/417/417 415/415/415
f 419/419/419 418/418/418 415/415/415
f 419/419/419 415/415/415 416/416/416
f 420/420/420 419/419/419 416/416/416
f 421/421/421 161/161/161 162/162/162
f 422/422/422 421/421/421 162/162/162
f 423/423/423 160/160/160 161/161/161
f 421/421/421 423/423/423 161/161/161
f 424/424/424 423/423/423 421/421/421
f 425/425/425 424/424/424 421/421/421
f 425/425/425 421/421/421 422/422/422
f 426/426/426 425/425/425 422/422/422
f 429/429/429 428/428/428 427/427/427
f 430/430/430 429/429/429 427/427/427
f 432/432/432 431/431/431 428/428/428
f 429/429/429 432/432/432 428/428/428
f 320/320/320 432/432/432 429/429/429
f 317/317/317 320/320/320 429/429/429
f 317/317/317 429/429/429 430/430/430
f 316/316/316 317/317/317 430/430/430
f 433/433/433 332/332/332 333/333/333
f 434/434/434 433/433/433 333/333/333
f 435/435/435 331/331/331 332/332/332
f 433/433/433 435/435/435 332/332/332
f 436/436/436 435/435/435 433/433/433
f 437/437/437 436/436/436 433/433/433
f 437/437/437 433/433/433 434/434/434
f 438/438/438 437/437/437 434/434/434
f 439/439/439 341/341/341 342/342/342
f 440/440/440 439/439/439 342/342/342
f 441/441/441 340/340/340 341/341/341
f 439/439/439 441/441/441 341/341/341
f 442/442/442 441/441/441 439/439/439
f 443/443/443 442/442/442 439/439/439
f 443/443/443 439/439/439 440/440/440
f 444/444/444 443/443/443 440/440/440
f 447/447/447 446/446/446 445/445/445
f 448/448/448 447/447/447 445/445/445
f 450/450/450 449/449/449 446/446/446
f 447/447/447 450/450/450 446/446/446
f 360/360/360 450/450/450 447/447/447
f 359/359/359 360/360/360 447/447/447
f 359/359/359 447/447/447 448/448/448
f 358/358/358 359/359/359 448/448/448
f 453/453/453 452/452/452 451/451/451
f 454/454/454 453/453/453 451/451/451
f 456/456/456 455/455/455 452/452/452
f 453/453/453 456/456/456 452/452/452
f 378/378/378 456/456/456 453/453/453
f 377/377/377 378/378/378 453/453/453
f 377/377/377 453/453/453 454/454/454
f 376/376/376 377/377/377 454/454/454
f 459/459/459 458/458/458 457/457/457
f 460/460/460 459/459/459 457/457/457
f 454/454/454 451/451/451 458/458/458
f 459/459/459 454/454/454 458/458/458
f 376/376/376 454/454/454 459/459/459
f 384/384/384 376/376/376 459/459/459
f 384/384/384 459/459/459 460/460/460
f 383/383/383 384/384/384 460/460/460
f 461/461/461 368/368/368 369/369/369
f 462/462/462 461/461/461 369/369/369
f 463/463/463 367/367/367 368/368/368
f 461/461/461 463/463/463 368/368/368
f 464/464/464 463/463/463 461/461/461
f 465/465/465 464/464/464 461/461/461
f 465/465/465 461/461/461 462/462/462
f 466/466/466 465/465/465 462/462/462
f 469/469/469 468/468/468 467/467/467
f 470/470/470 469/469/469 467/467/467
f 292/292/292 289/289/289 468/468/468
f 469/469/469 292/292/292 468/468/468
f 297/297/297 292/292/292 469/469/469
f 471/471/471 297/297/297 469/469/469
f 471/471/471 469/469/469 470/470/470
f 472/472/472 471/471/471 470/470/470
f 473/473/473 401/401/401 402/402/402
f 474/474/474 473/473/473 402/402/402
f 475/475/475 306/306/306 401/401/401
f 473/473/473 475/475/475 401/401/401
f 476/476/476 475/475/475 473/473/473
f 477/477/477 476/476/476 473/473/473
f 477/477/477 473/473/473 474/474/474
f 478/478/478 477/477/477 474/474/474
f 481/481/481 480/480/480 479/479/479
f 482/482/482 481/481/481 479/479/479
f 475/475/475 476/476/476 480/480/480
f 481/481/481 475/475/475 480/480/480
f 306/306/306 475/475/475 481/481/481
f 305/305/305 306/306/306 481/481/481
f 305/305/305 481/481/481 482/482/482
f 304/304/304 305/305/305 482/482/482
f 483/483/483 314/314/314 315/315/315
f 484/484/484 483/483/483 315/315/315
f 485/485/485 313/313/313 314/314/314
f 483/483/483 485/485/485 314/314/314
f 486/486/486 485/485/485 483/483/483
f 487/487/487 486/486/486 483/483/483
f 487/487/487 483/483/483 484/484/484
f 488/488/488 487/487/487 484/484/484
f 491/491/491 490/490/490 489/489/489
f 492/492/492 491/491/491 489/489/489
f 494/494/494 493/493/493 490/490/490
f 491/491/491 494/494/494 490/490/490
f 351/351/351 494/494/494 491/491/491
f 350/350/350 351/351/351 491/491/491
f 350/350/350 491/491/491 492/492/492
f 349/349/349 350/350/350 492/492/492
f 497/497/497 496/496/496 495/495/495
f 498/498/498 497/497/497 495/495/495
f 274/274/274 271/271/271 496/496/496
f 497/497/497 274/274/274 496/496/496
f 279/279/279 274/274/274 497/497/497
f 499/499/499 279/279/279 497/497/497
f 499/499/499 497/497/497 498/498/498
f 500/500/500 499/499/499 498/498/498
f 503/503/503 502/502/502 501/501/501
f 504/504/504 503/503/503 501/501/501
f 283/283/283 280/280/280 502/502/502
f 503/503/503 283/283/283 502/502/502
f 288/288/288 283/283/283 503/503/503
f 505/505/505 288/288/288 503/503/503
f 505/505/505 503/503/503 504/504/504
f 506/506/506 505/505/505 504/504/504
f 509/509/509 508/508/508 507/507/507
f 510/510/510 509/509/509 507/507/507
f 256/256/256 253/253/253 508/508/508
f 509/509/509 256/256/256 508/508/508
f 261/261/261 256/256/256 509/509/509
f 511/511/511 261/261/261 509/509/509
f 511/511/511 509/509/509 510/510/510
f 512/512/512 511/511/511 510/510/510
f 513/513/513 269/269/269 270/270/270
f 514/514/514 513/513/513 270/270/270
f 515/515/515 268/268/268 269/269/269
f 513/513/513 515/515/515 269/269/269
f 516/516/516 515/515/515 513/513/513
f 517/517/517 516/516/516 513/513/513
f 517/517/517 513/513/513 514/514/514
f 518/518/518 517/517/517 514/514/514
f 521/521/521 520/520/520 519/519/519
f 522/522/522 521/521/521 519/519/519
f 524/524/524 523/523/523 520/520/520
f 521/521/521 524/524/524 520/520/520
f 194/194/194 524/524/524 521/521/521
f 191/191/191 194/194/194 521/521/521
f 191/191/191 521/521/521 522/522/522
f 190/190/190 191/191/191 522/522/522
f 527/527/527 526/526/526 525/525/525
f 528/528/528 527/527/527 525/525/525
f 530/530/530 529/529/529 526/526/526
f 527/527/527 530/530/530 526/526/526
f 199/199/199 530/530/530 527/527/527
f 202/202/202 199/199/199 527/527/527
f 202/202/202 527/527/527 528/528/528
f 207/207/207 202/202/202 528/528/528
f 533/533/533 532/532/532 531/531/531
f 534/534/534 533/533/533 531/531/531
f 536/536/536 535/535/535 532/532/532
f 533/533/533 536/536/536 532/532/532
f 216/216/216 536/536/536 533/533/533
f 215/215/215 216/216/216 533/533/533
f 215/215/215 533/533/533 534/534/534
f 214/214/214 215/215/215 534/534/534
f 539/539/539 538/538/538 537/537/537
f 540/540/540 539/539/539 537/537/537
f 542/542/542 541/541/541 538/538/538
f 539/539/539 542/542/542 538/538/538
f 427/427/427 542/542/542 539/539/539
f 430/430/430 427/427/427 539/539/539
f 430/430/430 539/539/539 540/540/540
f 316/316/316 430/430/430 540/540/540
f 545/545/545 544/544/544 543/543/543
f 546/546/546 545/545/545 543/543/543
f 540/540/540 537/537/537 544/544/544
f 545/545/545 540/540/540 544/544/544
f 316/316/316 540/540/540 545/545/545
f 319/319/319 316/316/316 545/545/545
f 319/319/319 545/545/545 546/546/546
f 324/324/324 319/319/319 546/546/546
f 547/547/547 326/326/326 329/329/329
f 548/548/548 547/547/547 329/329/329
f 549/549/549 325/325/325 326/326/326
f 547/547/547 549/549/549 326/326/326
f 223/223/223 549/549/549 547/547/547
f 222/222/222 223/223/223 547/547/547
f 222/222/222 547/547/547 548/548/548
f 221/221/221 222/222/222 548/548/548
f 550/550/550 335/335/335 338/338/338
f 551/551/551 550/550/550 338/338/338
f 552/552/552 334/334/334 335/335/335
f 550/550/550 552/552/552 335/335/335
f 232/232/232 552/552/552 550/550/550
f 231/231/231 232/232/232 550/550/550
f 231/231/231 550/550/550 551/551/551
f 230/230/230 231/231/231 551/551/551
f 553/553/553 353/353/353 356/356/356
f 554/554/554 553/553/553 356/356/356
f 555/555/555 352/352/352 353/353/353
f 553/553/553 555/555/555 353/353/353
f 241/241/241 555/555/555 553/553/553
f 240/240/240 241/241/241 553/553/553
f 240/240/240 553/553/553 554/554/554
f 239/239/239 240/240/240 554/554/554
f 556/556/556 371/371/371 374/374/374
f 557/557/557 556/556/556 374/374/374
f 558/558/558 370/370/370 371/371/371
f 556/556/556 558/558/558 371/371/371
f 250/250/250 558/558/558 556/556/556
f 249/249/249 250/250/250 556/556/556
f 249/249/249 556/556/556 557/557/557
f 248/248/248 249/249/249 557/557/557
f 559/559/559 379/379/379 381/381/381
f 560/560/560 559/559/559 381/381/381
f 557/557/557 374/374/374 379/379/379
f 559/559/559 557/557/557 379/379/379
f 248/248/248 557/557/557 559/559/559
f 386/386/386 248/248/248 559/559/559
f 386/386/386 559/559/559 560/560/560
f 390/390/390 386/386/386 560/560/560
f 563/563/563 562/562/562 561/561/561
f 564/564/564 563/563/563 561/561/561
f 566/566/566 565/565/565 562/562/562
f 563/563/563 566/566/566 562/562/562
f 361/361/361 566/566/566 563/563/563
f 364/364/364 361/361/361 563/563/563
f 364/364/364 563/563/563 564/564/564
f 369/369/369 364/364/364 564/564/564
f 569/569/569 568/568/568 567/567/567
f 570/570/570 569/569/569 567/567/567
f 564/564/564 561/561/561 568/568/568
f 569/569/569 564/564/564 568/568/568
f 369/369/369 564/564/564 569/569/569
f 462/462/462 369/369/369 569/569/569
f 462/462/462 569/569/569 570/570/570
f 466/466/466 462/462/462 570/570/570
f 573/573/573 572/572/572 571/571/571
f 574/574/574 573/573/573 571/571/571
f 576/576/576 575/575/575 572/572/572
f 573/573/573 576/576/576 572/572/572
f 167/167/167 576/576/576 573/573/573
f 164/164/164 167/167/167 573/573/573
f 164/164/164 573/573/573 574/574/574
f 163/163/163 164/164/164 574/574/574
f 579/579/579 578/578/578 577/577/577
f 580/580/580 579/579/579 577/577/577
f 582/582/582 581/581/581 578/578/578
f 579/579/579 582/582/582 578/578/578
f 418/418/418 582/582/582 579/579/579
f 417/417/417 418/418/418 579/579/579
f 417/417/417 579/579/579 580/580/580
f 178/178/178 417/417/417 580/580/580
f 585/585/585 584/584/584 583/583/583
f 586/586/586 585/585/585 583/583/583
f 580/580/580 577/577/577 584/584/584
f 585/585/585 580/580/580 584/584/584
f 178/178/178 580/580/580 585/585/585
f 177/177/177 178/178/178 585/585/585
f 177/177/177 585/585/585 586/586/586
f 176/176/176 177/177/177 586/586/586
f 589/589/589 588/588/588 587/587/587
f 590/590/590 589/589/589 587/587/587
f 592/592/592 591/591/591 588/588/588
f 589/589/589 592/592/592 588/588/588
f 185/185/185 592/592/592 589/589/589
f 182/182/182 185/185/185 589/589/589
f 182/182/182 589/589/589 590/590/590
f 181/181/181 182/182/182 590/590/590
f 594/594/594 593/593/593 77/77/77
f 78/78/78 594/594/594 77/77/77
f 596/596/596 595/595/595 593/593/593
f 594/594/594 596/596/596 593/593/593
f 597/597/597 596/596/596 594/594/594
f 598/598/598 597/597/597 594/594/594
f 598/598/598 594/594/594 78/78/78
f 79/79/79 598/598/598 78/78/78
f 599/599/599 116/116/116 117/117/117
f 600/600/600 599/599/599 117/117/117
f 601/601/601 115/115/115 116/116/116
f 599/599/599 601/601/601 116/116/116
f 602/602/602 601/601/601 599/599/599
f 603/603/603 602/602/602 599/599/599
f 603/603/603 599/599/599 600/600/600
f 604/604/604 603/603/603 600/600/600
f 605/605/605 152/152/152 153/153/153
f 606/606/606 605/605/605 153/153/153
f 607/607/607 151/151/151 152/152/152
f 605/605/605 607/607/607 152/152/152
f 608/608/608 607/607/607 605/605/605
f 609/609/609 608/608/608 605/605/605
f 609/609/609 605/605/605 606/606/606
f 610/610/610 609/609/609 606/606/606
f 613/613/613 612/612/612 611/611/611
f 614/614/614 613/613/613 611/611/611
f 607/607/607 608/608/608 612/612/612
f 613/613/613 607/607/607 612/612/612
f 151/151/151 607/607/607 613/613/613
f 410/410/410 151/151/151 613/613/613
f 410/410/410 613/613/613 614/614/614
f 409/409/409 410/410/410 614/614/614
f 617/617/617 616/616/616 615/615/615
f 618/618/618 617/617/617 615/615/615
f 620/620/620 619/619/619 616/616/616
f 617/617/617 620/620/620 616/616/616
f 32/32/32 620/620/620 617/617/617
f 29/29/29 32/32/32 617/617/617
f 29/29/29 617/617/617 618/618/618
f 28/28/28 29/29/29 618/618/618
f 622/622/622 621/621/621 297/297/297
f 471/471/471 622/622/622 297/297/297
f 624/624/624 623/623/623 621/621/621
f 622/622/622 624/624/624 621/621/621
f 625/625/625 624/624/624 622/622/622
f 626/626/626 625/625/625 622/622/622
f 626/626/626 622/622/622 471/471/471
f 472/472/472 626/626/626 471/471/471
f 628/628/628 627/627/627 295/295/295
f 296/296/296 628/628/628 295/295/295
f 630/630/630 629/629/629 627/627/627
f 628/628/628 630/630/630 627/627/627
f 623/623/623 630/630/630 628/628/628
f 621/621/621 623/623/623 628/628/628
f 621/621/621 628/628/628 296/296/296
f 297/297/297 621/621/621 296/296/296
f 633/633/633 632/632/632 631/631/631
f 634/634/634 633/633/633 631/631/631
f 636/636/636 635/635/635 632/632/632
f 633/633/633 636/636/636 632/632/632
f 396/396/396 636/636/636 633/633/633
f 395/395/395 396/396/396 633/633/633
f 395/395/395 633/633/633 634/634/634
f 135/135/135 395/395/395 634/634/634
f 639/639/639 638/638/638 637/637/637
f 640/640/640 639/639/639 637/637/637
f 634/634/634 631/631/631 638/638/638
f 639/639/639 634/634/634 638/638/638
f 135/135/135 634/634/634 639/639/639
f 134/134/134 135/135/135 639/639/639
f 134/134/134 639/639/639 640/640/640
f 133/133/133 134/134/134 640/640/640
f 643/643/643 642/642/642 641/641/641
f 644/644/644 643/643/643 641/641/641
f 646/646/646 645/645/645 642/642/642
f 643/643/643 646/646/646 642/642/642
f 307/307/307 646/646/646 643/643/643
f 310/310/310 307/307/307 643/643/643
f 310/310/310 643/643/643 644/644/644
f 315/315/315 310/310/310 644/644/644
f 649/649/649 648/648/648 647/647/647
f 650/650/650 649/649/649 647/647/647
f 644/644/644 641/641/641 648/648/648
f 649/649/649 644/644/644 648/648/648
f 315/315/315 644/644/644 649/649/649
f 484/484/484 315/315/315 649/649/649
f 484/484/484 649/649/649 650/650/650
f 488/488/488 484/484/484 650/650/650
f 653/653/653 652/652/652 651/651/651
f 654/654/654 653/653/653 651/651/651
f 656/656/656 655/655/655 652/652/652
f 653/653/653 656/656/656 652/652/652
f 99/99/99 656/656/656 653/653/653
f 98/98/98 99/99/99 653/653/653
f 98/98/98 653/653/653 654/654/654
f 97/97/97 98/98/98 654/654/654
f 658/658/658 657/657/657 279/279/279
f 499/499/499 658/658/658 279/279/279
f 660/660/660 659/659/659 657/657/657
f 658/658/658 660/660/660 657/657/657
f 661/661/661 660/660/660 658/658/658
f 662/662/662 661/661/661 658/658/658
f 662/662/662 658/658/658 499/499/499
f 500/500/500 662/662/662 499/499/499
f 664/664/664 663/663/663 277/277/277
f 278/278/278 664/664/664 277/277/277
f 666/666/666 665/665/665 663/663/663
f 664/664/664 666/666/666 663/663/663
f 659/659/659 666/666/666 664/664/664
f 657/657/657 659/659/659 664/664/664
f 657/657/657 664/664/664 278/278/278
f 279/279/279 657/657/657 278/278/278
f 669/669/669 668/668/668 667/667/667
f 670/670/670 669/669/669 667/667/667
f 672/672/672 671/671/671 668/668/668
f 669/669/669 672/672/672 668/668/668
f 59/59/59 672/672/672 669/669/669
f 56/56/56 59/59/59 669/669/669
f 56/56/56 669/669/669 670/670/670
f 55/55/55 56/56/56 670/670/670
f 675/675/675 674/674/674 673/673/673
f 676/676/676 675/675/675 673/673/673
f 678/678/678 677/677/677 674/674/674
f 675/675/675 678/678/678 674/674/674
f 5/5/5 678/678/678 675/675/675
f 2/2/2 5/5/5 675/675/675
f 2/2/2 675/675/675 676/676/676
f 1/1/1 2/2/2 676/676/676
f 681/681/681 680/680/680 679/679/679
f 682/682/682 681/681/681 679/679/679
f 684/684/684 683/683/683 680/680/680
f 681/681/681 684/684/684 680/680/680
f 262/262/262 684/684/684 681/681/681
f 265/265/265 262/262/262 681/681/681
f 265/265/265 681/681/681 682/682/682
f 270/270/270 265/265/265 682/682/682
f 687/687/687 686/686/686 685/685/685
f 688/688/688 687/687/687 685/685/685
f 682/682/682 679/679/679 686/686/686
f 687/687/687 682/682/682 686/686/686
f 270/270/270 682/682/682 687/687/687
f 514/514/514 270/270/270 687/687/687
f 514/514/514 687/687/687 688/688/688
f 518/518/518 514/514/514 688/688/688
f 691/691/691 690/690/690 689/689/689
f 692/692/692 691/691/691 689/689/689
f 694/694/694 693/693/693 690/690/690
f 691/691/691 694/694/694 690/690/690
f 14/14/14 694/694/694 691/691/691
f 11/11/11 14/14/14 691/691/691
f 11/11/11 691/691/691 692/692/692
f 10/10/10 11/11/11 692/692/692
f 696/696/696 695/695/695 23/23/23
f 24/24/24 696/696/696 23/23/23
f 698/698/698 697/697/697 695/695/695
f 696/696/696 698/698/698 695/695/695
f 699/699/699 698/698/698 696/696/696
f 700/700/700 699/699/699 696/696/696
f 700/700/700 696/696/696 24/24/24
f 25/25/25 700/700/700 24/24/24
f 701/701/701 524/524/524 194/194/194
f 702/702/702 701/701/701 194/194/194
f 703/703/703 523/523/523 524/524/524
f 701/701/701 703/703/703 524/524/524
f 587/587/587 703/703/703 701/701/701
f 590/590/590 587/587/587 701/701/701
f 590/590/590 701/701/701 702/702/702
f 181/181/181 590/590/590 702/702/702
f 704/704/704 195/195/195 196/196/196
f 705/705/705 704/704/704 196/196/196
f 702/702/702 194/194/194 195/195/195
f 704/704/704 702/702/702 195/195/195
f 181/181/181 702/702/702 704/704/704
f 184/184/184 181/181/181 704/704/704
f 184/184/184 704/704/704 705/705/705
f 189/189/189 184/184/184 705/705/705
f 706/706/706 74/74/74 77/77/77
f 707/707/707 706/706/706 77/77/77
f 708/708/708 73/73/73 74/74/74
f 706/706/706 708/708/708 74/74/74
f 109/109/109 708/708/708 706/706/706
f 112/112/112 109/109/109 706/706/706
f 112/112/112 706/706/706 707/707/707
f 117/117/117 112/112/112 707/707/707
f 709/709/709 593/593/593 595/595/595
f 710/710/710 709/709/709 595/595/595
f 707/707/707 77/77/77 593/593/593
f 709/709/709 707/707/707 593/593/593
f 117/117/117 707/707/707 709/709/709
f 600/600/600 117/117/117 709/709/709
f 600/600/600 709/709/709 710/710/710
f 604/604/604 600/600/600 710/710/710
f 711/711/711 65/65/65 68/68/68
f 712/712/712 711/711/711 68/68/68
f 713/713/713 64/64/64 65/65/65
f 711/711/711 713/713/713 65/65/65
f 104/104/104 713/713/713 711/711/711
f 101/101/101 104/104/104 711/711/711
f 101/101/101 711/711/711 712/712/712
f 100/100/100 101/101/101 712/712/712
f 714/714/714 662/662/662 500/500/500
f 715/715/715 714/714/714 500/500/500
f 716/716/716 661/661/661 662/662/662
f 714/714/714 716/716/716 662/662/662
f 651/651/651 716/716/716 714/714/714
f 654/654/654 651/651/651 714/714/714
f 654/654/654 714/714/714 715/715/715
f 97/97/97 654/654/654 715/715/715
f 718/718/718 717/717/717 95/95/95
f 96/96/96 718/718/718 95/95/95
f 498/498/498 495/495/495 717/717/717
f 718/718/718 498/498/498 717/717/717
f 500/500/500 498/498/498 718/718/718
f 715/715/715 500/500/500 718/718/718
f 715/715/715 718/718/718 96/96/96
f 97/97/97 715/715/715 96/96/96
f 719/719/719 496/496/496 271/271/271
f 720/720/720 719/719/719 271/271/271
f 721/721/721 495/495/495 496/496/496
f 719/719/719 721/721/721 496/496/496
f 489/489/489 721/721/721 719/719/719
f 492/492/492 489/489/489 719/719/719
f 492/492/492 719/719/719 720/720/720
f 349/349/349 492/492/492 720/720/720
f 723/723/723 722/722/722 347/347/347
f 348/348/348 723/723/723 347/347/347
f 272/272/272 275/275/275 722/722/722
f 723/723/723 272/272/272 722/722/722
f 271/271/271 272/272/272 723/723/723
f 720/720/720 271/271/271 723/723/723
f 720/720/720 723/723/723 348/348/348
f 349/349/349 720/720/720 348/348/348
f 724/724/724 227/227/227 230/230/230
f 725/725/725 724/724/724 230/230/230
f 726/726/726 226/226/226 227/227/227
f 724/724/724 726/726/726 227/227/227
f 243/243/243 726/726/726 724/724/724
f 242/242/242 243/243/243 724/724/724
f 242/242/242 724/724/724 725/725/725
f 241/241/241 242/242/242 725/725/725
f 728/728/728 727/727/727 352/352/352
f 555/555/555 728/728/728 352/352/352
f 551/551/551 338/338/338 727/727/727
f 728/728/728 551/551/551 727/727/727
f 230/230/230 551/551/551 728/728/728
f 725/725/725 230/230/230 728/728/728
f 725/725/725 728/728/728 555/555/555
f 241/241/241 725/725/725 555/555/555
f 729/729/729 339/339/339 340/340/340
f 730/730/730 729/729/729 340/340/340
f 727/727/727 338/338/338 339/339/339
f 729/729/729 727/727/727 339/339/339
f 352/352/352 727/727/727 729/729/729
f 355/355/355 352/352/352 729/729/729
f 355/355/355 729/729/729 730/730/730
f 360/360/360 355/355/355 730/730/730
f 732/732/732 731/731/731 449/449/449
f 450/450/450 732/732/732 449/449/449
f 441/441/441 442/442/442 731/731/731
f 732/732/732 441/441/441 731/731/731
f 340/340/340 441/441/441 732/732/732
f 730/730/730 340/340/340 732/732/732
f 730/730/730 732/732/732 450/450/450
f 360/360/360 730/730/730 450/450/450
f 733/733/733 89/89/89 90/90/90
f 734/734/734 733/733/733 90/90/90
f 735/735/735 88/88/88 89/89/89
f 733/733/733 735/735/735 89/89/89
f 122/122/122 735/735/735 733/733/733
f 119/119/119 122/122/122 733/733/733
f 119/119/119 733/733/733 734/734/734
f 118/118/118 119/119/119 734/734/734
f 737/737/737 736/736/736 185/185/185
f 186/186/186 737/737/737 185/185/185
f 739/739/739 738/738/738 736/736/736
f 737/737/737 739/739/739 736/736/736
f 740/740/740 739/739/739 737/737/737
f 741/741/741 740/740/740 737/737/737
f 741/741/741 737/737/737 186/186/186
f 187/187/187 741/741/741 186/186/186
f 743/743/743 742/742/742 591/591/591
f 592/592/592 743/743/743 591/591/591
f 745/745/745 744/744/744 742/742/742
f 743/743/743 745/745/745 742/742/742
f 738/738/738 745/745/745 743/743/743
f 736/736/736 738/738/738 743/743/743
f 736/736/736 743/743/743 592/592/592
f 185/185/185 736/736/736 592/592/592
f 746/746/746 125/125/125 126/126/126
f 747/747/747 746/746/746 126/126/126
f 748/748/748 124/124/124 125/125/125
f 746/746/746 748/748/748 125/125/125
f 749/749/749 748/748/748 746/746/746
f 750/750/750 749/749/749 746/746/746
f 750/750/750 746/746/746 747/747/747
f 751/751/751 750/750/750 747/747/747
f 754/754/754 753/753/753 752/752/752
f 755/755/755 754/754/754 752/752/752
f 448/448/448 445/445/445 753/753/753
f 754/754/754 448/448/448 753/753/753
f 358/358/358 448/448/448 754/754/754
f 756/756/756 358/358/358 754/754/754
f 756/756/756 754/754/754 755/755/755
f 757/757/757 756/756/756 755/755/755
f 759/759/759 758/758/758 356/356/356
f 357/357/357 759/759/759 356/356/356
f 761/761/761 760/760/760 758/758/758
f 759/759/759 761/761/761 758/758/758
f 757/757/757 761/761/761 759/759/759
f 756/756/756 757/757/757 759/759/759
f 756/756/756 759/759/759 357/357/357
f 358/358/358 756/756/756 357/357/357
f 762/762/762 758/758/758 760/760/760
f 763/763/763 762/762/762 760/760/760
f 554/554/554 356/356/356 758/758/758
f 762/762/762 554/554/554 758/758/758
f 239/239/239 554/554/554 762/762/762
f 764/764/764 239/239/239 762/762/762
f 764/764/764 762/762/762 763/763/763
f 765/765/765 764/764/764 763/763/763
f 768/768/768 767/767/767 766/766/766
f 769/769/769 768/768/768 766/766/766
f 764/764/764 765/765/765 767/767/767
f 768/768/768 764/764/764 767/767/767
f 239/239/239 764/764/764 768/768/768
f 236/236/236 239/239/239 768/768/768
f 236/236/236 768/768/768 769/769/769
f 235/235/235 236/236/236 769/769/769
f 772/772/772 771/771/771 770/770/770
f 773/773/773 772/772/772 770/770/770
f 346/346/346 343/343/343 771/771/771
f 772/772/772 346/346/346 771/771/771
f 351/351/351 346/346/346 772/772/772
f 774/774/774 351/351/351 772/772/772
f 774/774/774 772/772/772 773/773/773
f 775/775/775 774/774/774 773/773/773
f 777/777/777 776/776/776 493/493/493
f 494/494/494 777/777/777 493/493/493
f 779/779/779 778/778/778 776/776/776
f 777/777/777 779/779/779 776/776/776
f 775/775/775 779/779/779 777/777/777
f 774/774/774 775/775/775 777/777/777
f 774/774/774 777/777/777 494/494/494
f 351/351/351 774/774/774 494/494/494
f 781/781/781 780/780/780 486/486/486
f 487/487/487 781/781/781 486/486/486
f 94/94/94 91/91/91 780/780/780
f 781/781/781 94/94/94 780/780/780
f 99/99/99 94/94/94 781/781/781
f 782/782/782 99/99/99 781/781/781
f 782/782/782 781/781/781 487/487/487
f 488/488/488 782/782/782 487/487/487
f 784/784/784 783/783/783 655/655/655
f 656/656/656 784/784/784 655/655/655
f 650/650/650 647/647/647 783/783/783
f 784/784/784 650/650/650 783/783/783
f 488/488/488 650/650/650 784/784/784
f 782/782/782 488/488/488 784/784/784
f 782/782/782 784/784/784 656/656/656
f 99/99/99 782/782/782 656/656/656
f 785/785/785 107/107/107 108/108/108
f 786/786/786 785/785/785 108/108/108
f 787/787/787 106/106/106 107/107/107
f 785/785/785 787/787/787 107/107/107
f 788/788/788 787/787/787 785/785/785
f 789/789/789 788/788/788 785/785/785
f 789/789/789 785/785/785 786/786/786
f 790/790/790 789/789/789 786/786/786
f 792/792/792 791/791/791 115/115/115
f 601/601/601 792/792/792 115/115/115
f 794/794/794 793/793/793 791/791/791
f 792/792/792 794/794/794 791/791/791
f 795/795/795 794/794/794 792/792/792
f 796/796/796 795/795/795 792/792/792
f 796/796/796 792/792/792 601/601/601
f 602/602/602 796/796/796 601/601/601
f 798/798/798 797/797/797 113/113/113
f 114/114/114 798/798/798 113/113/113
f 800/800/800 799/799/799 797/797/797
f 798/798/798 800/800/800 797/797/797
f 793/793/793 800/800/800 798/798/798
f 791/791/791 793/793/793 798/798/798
f 791/791/791 798/798/798 114/114/114
f 115/115/115 791/791/791 114/114/114
f 803/803/803 802/802/802 801/801/801
f 804/804/804 803/803/803 801/801/801
f 528/528/528 525/525/525 802/802/802
f 803/803/803 528/528/528 802/802/802
f 207/207/207 528/528/528 803/803/803
f 805/805/805 207/207/207 803/803/803
f 805/805/805 803/803/803 804/804/804
f 806/806/806 805/805/805 804/804/804
f 809/809/809 808/808/808 807/807/807
f 810/810/810 809/809/809 807/807/807
f 805/805/805 806/806/806 808/808/808
f 809/809/809 805/805/805 808/808/808
f 207/207/207 805/805/805 809/809/809
f 206/206/206 207/207/207 809/809/809
f 206/206/206 809/809/809 810/810/810
f 205/205/205 206/206/206 810/810/810
f 812/812/812 811/811/811 25/25/25
f 26/26/26 812/812/812 25/25/25
f 814/814/814 813/813/813 811/811/811
f 812/812/812 814/814/814 811/811/811
f 815/815/815 814/814/814 812/812/812
f 816/816/816 815/815/815 812/812/812
f 816/816/816 812/812/812 26/26/26
f 27/27/27 816/816/816 26/26/26
f 818/818/818 817/817/817 699/699/699
f 700/700/700 818/818/818 699/699/699
f 820/820/820 819/819/819 817/817/817
f 818/818/818 820/820/820 817/817/817
f 813/813/813 820/820/820 818/818/818
f 811/811/811 813/813/813 818/818/818
f 811/811/811 818/818/818 700/700/700
f 25/25/25 811/811/811 700/700/700
f 823/823/823 822/822/822 821/821/821
f 824/824/824 823/823/823 821/821/821
f 826/826/826 825/825/825 822/822/822
f 823/823/823 826/826/826 822/822/822
f 41/41/41 826/826/826 823/823/823
f 38/38/38 41/41/41 823/823/823
f 38/38/38 823/823/823 824/824/824
f 37/37/37 38/38/38 824/824/824
f 828/828/828 827/827/827 261/261/261
f 511/511/511 828/828/828 261/261/261
f 830/830/830 829/829/829 827/827/827
f 828/828/828 830/830/830 827/827/827
f 831/831/831 830/830/830 828/828/828
f 832/832/832 831/831/831 828/828/828
f 832/832/832 828/828/828 511/511/511
f 512/512/512 832/832/832 511/511/511
f 834/834/834 833/833/833 259/259/259
f 260/260/260 834/834/834 259/259/259
f 836/836/836 835/835/835 833/833/833
f 834/834/834 836/836/836 833/833/833
f 829/829/829 836/836/836 834/834/834
f 827/827/827 829/829/829 834/834/834
f 827/827/827 834/834/834 260/260/260
f 261/261/261 827/827/827 260/260/260
f 839/839/839 838/838/838 837/837/837
f 840/840/840 839/839/839 837/837/837
f 842/842/842 841/841/841 838/838/838
f 839/839/839 842/842/842 838/838/838
f 673/673/673 842/842/842 839/839/839
f 676/676/676 673/673/673 839/839/839
f 676/676/676 839/839/839 840/840/840
f 1/1/1 676/676/676 840/840/840
f 845/845/845 844/844/844 843/843/843
f 846/846/846 845/845/845 843/843/843
f 840/840/840 837/837/837 844/844/844
f 845/845/845 840/840/840 844/844/844
f 1/1/1 840/840/840 845/845/845
f 4/4/4 1/1/1 845/845/845
f 4/4/4 845/845/845 846/846/846
f 9/9/9 4/4/4 846/846/846
f 849/849/849 848/848/848 847/847/847
f 850/850/850 849/849/849 847/847/847
f 852/852/852 851/851/851 848/848/848
f 849/849/849 852/852/852 848/848/848
f 225/225/225 852/852/852 849/849/849
f 224/224/224 225/225/225 849/849/849
f 224/224/224 849/849/849 850/850/850
f 223/223/223 224/224/224 850/850/850
f 854/854/854 853/853/853 325/325/325
f 549/549/549 854/854/854 325/325/325
f 855/855/855 543/543/543 853/853/853
f 854/854/854 855/855/855 853/853/853
f 847/847/847 855/855/855 854/854/854
f 850/850/850 847/847/847 854/854/854
f 850/850/850 854/854/854 549/549/549
f 223/223/223 850/850/850 549/549/549
f 856/856/856 544/544/544 537/537/537
f 857/857/857 856/856/856 537/537/537
f 853/853/853 543/543/543 544/544/544
f 856/856/856 853/853/853 544/544/544
f 325/325/325 853/853/853 856/856/856
f 328/328/328 325/325/325 856/856/856
f 328/328/328 856/856/856 857/857/857
f 333/333/333 328/328/328 857/857/857
f 858/858/858 538/538/538 541/541/541
f 859/859/859 858/858/858 541/541/541
f 857/857/857 537/537/537 538/538/538
f 858/858/858 857/857/857 538/538/538
f 333/333/333 857/857/857 858/858/858
f 434/434/434 333/333/333 858/858/858
f 434/434/434 858/858/858 859/859/859
f 438/438/438 434/434/434 859/859/859
f 860/860/860 532/532/532 535/535/535
f 861/861/861 860/860/860 535/535/535
f 862/862/862 531/531/531 532/532/532
f 860/860/860 862/862/862 532/532/532
f 50/50/50 862/862/862 860/860/860
f 47/47/47 50/50/50 860/860/860
f 47/47/47 860/860/860 861/861/861
f 46/46/46 47/47/47 861/861/861
f 863/863/863 568/568/568 561/561/561
f 864/864/864 863/863/863 561/561/561
f 865/865/865 567/567/567 568/568/568
f 863/863/863 865/865/865 568/568/568
f 457/457/457 865/865/865 863/863/863
f 460/460/460 457/457/457 863/863/863
f 460/460/460 863/863/863 864/864/864
f 383/383/383 460/460/460 864/864/864
f 867/867/867 866/866/866 381/381/381
f 382/382/382 867/867/867 381/381/381
f 562/562/562 565/565/565 866/866/866
f 867/867/867 562/562/562 866/866/866
f 561/561/561 562/562/562 867/867/867
f 864/864/864 561/561/561 867/867/867
f 864/864/864 867/867/867 382/382/382
f 383/383/383 864/864/864 382/382/382
f 868/868/868 866/866/866 565/565/565
f 869/869/869 868/868/868 565/565/565
f 560/560/560 381/381/381 866/866/866
f 868/868/868 560/560/560 866/866/866
f 390/390/390 560/560/560 868/868/868
f 870/870/870 390/390/390 868/868/868
f 870/870/870 868/868/868 869/869/869
f 871/871/871 870/870/870 869/869/869
f 874/874/874 873/873/873 872/872/872
f 875/875/875 874/874/874 872/872/872
f 870/870/870 871/871/871 873/873/873
f 874/874/874 870/870/870 873/873/873
f 390/390/390 870/870/870 874/874/874
f 389/389/389 390/390/390 874/874/874
f 389/389/389 874/874/874 875/875/875
f 388/388/388 389/389/389 875/875/875
f 878/878/878 877/877/877 876/876/876
f 879/879/879 878/878/878 876/876/876
f 881/881/881 880/880/880 877/877/877
f 878/878/878 881/881/881 877/877/877
f 391/391/391 881/881/881 878/878/878
f 394/394/394 391/391/391 878/878/878
f 394/394/394 878/878/878 879/879/879
f 396/396/396 394/394/394 879/879/879
f 883/883/883 882/882/882 635/635/635
f 636/636/636 883/883/883 635/635/635
f 885/885/885 884/884/884 882/882/882
f 883/883/883 885/885/885 882/882/882
f 876/876/876 885/885/885 883/883/883
f 879/879/879 876/876/876 883/883/883
f 879/879/879 883/883/883 636/636/636
f 396/396/396 879/879/879 636/636/636
f 886/886/886 630/630/630 623/623/623
f 887/887/887 886/886/886 623/623/623
f 888/888/888 629/629/629 630/630/630
f 886/886/886 888/888/888 630/630/630
f 397/397/397 888/888/888 886/886/886
f 400/400/400 397/397/397 886/886/886
f 400/400/400 886/886/886 887/887/887
f 402/402/402 400/400/400 887/887/887
f 889/889/889 624/624/624 625/625/625
f 890/890/890 889/889/889 625/625/625
f 887/887/887 623/623/623 624/624/624
f 889/889/889 887/887/887 624/624/624
f 402/402/402 887/887/887 889/889/889
f 474/474/474 402/402/402 889/889/889
f 474/474/474 889/889/889 890/890/890
f 478/478/478 474/474/474 890/890/890
f 891/891/891 407/407/407 408/408/408
f 892/892/892 891/891/891 408/408/408
f 893/893/893 406/406/406 407/407/407
f 891/891/891 893/893/893 407/407/407
f 619/619/619 893/893/893 891/891/891
f 616/616/616 619/619/619 891/891/891
f 616/616/616 891/891/891 892/892/892
f 615/615/615 616/616/616 892/892/892
f 896/896/896 895/895/895 894/894/894
f 897/897/897 896/896/896 894/894/894
f 899/899/899 898/898/898 895/895/895
f 896/896/896 899/899/899 895/895/895
f 611/611/611 899/899/899 896/896/896
f 614/614/614 611/611/611 896/896/896
f 614/614/614 896/896/896 897/897/897
f 409/409/409 614/614/614 897/897/897
f 902/902/902 901/901/901 900/900/900
f 903/903/903 902/902/902 900/900/900
f 897/897/897 894/894/894 901/901/901
f 902/902/902 897/897/897 901/901/901
f 409/409/409 897/897/897 902/902/902
f 412/412/412 409/409/409 902/902/902
f 412/412/412 902/902/902 903/903/903
f 414/414/414 412/412/412 903/903/903
f 906/906/906 905/905/905 904/904/904
f 907/907/907 906/906/906 904/904/904
f 909/909/909 908/908/908 905/905/905
f 906/906/906 909/909/909 905/905/905
f 420/420/420 909/909/909 906/906/906
f 419/419/419 420/420/420 906/906/906
f 419/419/419 906/906/906 907/907/907
f 418/418/418 419/419/419 907/907/907
f 911/911/911 910/910/910 581/581/581
f 582/582/582 911/911/911 581/581/581
f 913/913/913 912/912/912 910/910/910
f 911/911/911 913/913/913 910/910/910
f 904/904/904 913/913/913 911/911/911
f 907/907/907 904/904/904 911/911/911
f 907/907/907 911/911/911 582/582/582
f 418/418/418 907/907/907 582/582/582
f 914/914/914 425/425/425 426/426/426
f 915/915/915 914/914/914 426/426/426
f 916/916/916 424/424/424 425/425/425
f 914/914/914 916/916/916 425/425/425
f 575/575/575 916/916/916 914/914/914
f 572/572/572 575/575/575 914/914/914
f 572/572/572 914/914/914 915/915/915
f 571/571/571 572/572/572 915/915/915
f 918/918/918 917/917/917 541/541/541
f 542/542/542 918/918/918 541/541/541
f 920/920/920 919/919/919 917/917/917
f 918/918/918 920/920/920 917/917/917
f 921/921/921 920/920/920 918/918/918
f 922/922/922 921/921/921 918/918/918
f 922/922/922 918/918/918 542/542/542
f 427/427/427 922/922/922 542/542/542
f 923/923/923 428/428/428 431/431/431
f 924/924/924 923/923/923 431/431/431
f 922/922/922 427/427/427 428/428/428
f 923/923/923 922/922/922 428/428/428
f 921/921/921 922/922/922 923/923/923
f 925/925/925 921/921/921 923/923/923
f 925/925/925 923/923/923 924/924/924
f 926/926/926 925/925/925 924/924/924
f 929/929/929 928/928/928 927/927/927
f 930/930/930 929/929/929 927/927/927
f 517/517/517 518/518/518 928/928/928
f 929/929/929 517/517/517 928/928/928
f 516/516/516 517/517/517 929/929/929
f 931/931/931 516/516/516 929/929/929
f 931/931/931 929/929/929 930/930/930
f 932/932/932 931/931/931 930/930/930
f 935/935/935 934/934/934 933/933/933
f 936/936/936 935/935/935 933/933/933
f 688/688/688 685/685/685 934/934/934
f 935/935/935 688/688/688 934/934/934
f 518/518/518 688/688/688 935/935/935
f 928/928/928 518/518/518 935/935/935
f 928/928/928 935/935/935 936/936/936
f 927/927/927 928/928/928 936/936/936
f 937/937/937 832/832/832 512/512/512
f 938/938/938 937/937/937 512/512/512
f 939/939/939 831/831/831 832/832/832
f 937/937/937 939/939/939 832/832/832
f 940/940/940 939/939/939 937/937/937
f 941/941/941 940/940/940 937/937/937
f 941/941/941 937/937/937 938/938/938
f 942/942/942 941/941/941 938/938/938
f 943/943/943 510/510/510 507/507/507
f 944/944/944 943/943/943 507/507/507
f 938/938/938 512/512/512 510/510/510
f 943/943/943 938/938/938 510/510/510
f 942/942/942 938/938/938 943/943/943
f 945/945/945 942/942/942 943/943/943
f 945/945/945 943/943/943 944/944/944
f 946/946/946 945/945/945 944/944/944
f 947/947/947 504/504/504 501/501/501
f 948/948/948 947/947/947 501/501/501
f 949/949/949 506/506/506 504/504/504
f 947/947/947 949/949/949 504/504/504
f 950/950/950 949/949/949 947/947/947
f 951/951/951 950/950/950 947/947/947
f 951/951/951 947/947/947 948/948/948
f 952/952/952 951/951/951 948/948/948
f 955/955/955 954/954/954 953/953/953
f 956/956/956 955/955/955 953/953/953
f 948/948/948 501/501/501 954/954/954
f 955/955/955 948/948/948 954/954/954
f 952/952/952 948/948/948 955/955/955
f 957/957/957 952/952/952 955/955/955
f 957/957/957 955/955/955 956/956/956
f 958/958/958 957/957/957 956/956/956
f 961/961/961 960/960/960 959/959/959
f 962/962/962 961/961/961 959/959/959
f 956/956/956 953/953/953 960/960/960
f 961/961/961 956/956/956 960/960/960
f 958/958/958 956/956/956 961/961/961
f 963/963/963 958/958/958 961/961/961
f 963/963/963 961/961/961 962/962/962
f 964/964/964 963/963/963 962/962/962
f 967/967/967 966/966/966 965/965/965
f 968/968/968 967/967/967 965/965/965
f 962/962/962 959/959/959 966/966/966
f 967/967/967 962/962/962 966/966/966
f 964/964/964 962/962/962 967/967/967
f 969/969/969 964/964/964 967/967/967
f 969/969/969 967/967/967 968/968/968
f 970/970/970 969/969/969 968/968/968
f 971/971/971 480/480/480 476/476/476
f 972/972/972 971/971/971 476/476/476
f 973/973/973 479/479/479 480/480/480
f 971/971/971 973/973/973 480/480/480
f 974/974/974 973/973/973 971/971/971
f 975/975/975 974/974/974 971/971/971
f 975/975/975 971/971/971 972/972/972
f 976/976/976 975/975/975 972/972/972
f 977/977/977 477/477/477 478/478/478
f 978/978/978 977/977/977 478/478/478
f 972/972/972 476/476/476 477/477/477
f 977/977/977 972/972/972 477/477/477
f 976/976/976 972/972/972 977/977/977
f 979/979/979 976/976/976 977/977/977
f 979/979/979 977/977/977 978/978/978
f 980/980/980 979/979/979 978/978/978
f 981/981/981 890/890/890 625/625/625
f 982/982/982 981/981/981 625/625/625
f 978/978/978 478/478/478 890/890/890
f 981/981/981 978/978/978 890/890/890
f 980/980/980 978/978/978 981/981/981
f 983/983/983 980/980/980 981/981/981
f 983/983/983 981/981/981 982/982/982
f 984/984/984 983/983/983 982/982/982
f 985/985/985 626/626/626 472/472/472
f 986/986/986 985/985/985 472/472/472
f 982/982/982 625/625/625 626/626/626
f 985/985/985 982/982/982 626/626/626
f 984/984/984 982/982/982 985/985/985
f 987/987/987 984/984/984 985/985/985
f 987/987/987 985/985/985 986/986/986
f 988/988/988 987/987/987 986/986/986
f 989/989/989 470/470/470 467/467/467
f 990/990/990 989/989/989 467/467/467
f 986/986/986 472/472/472 470/470/470
f 989/989/989 986/986/986 470/470/470
f 988/988/988 986/986/986 989/989/989
f 991/991/991 988/988/988 989/989/989
f 991/991/991 989/989/989 990/990/990
f 992/992/992 991/991/991 990/990/990
f 993/993/993 465/465/465 466/466/466
f 994/994/994 993/993/993 466/466/466
f 995/995/995 464/464/464 465/465/465
f 993/993/993 995/995/995 465/465/465
f 996/996/996 995/995/995 993/993/993
f 997/997/997 996/996/996 993/993/993
f 997/997/997 993/993/993 994/994/994
f 998/998/998 997/997/997 994/994/994
f 1001/1001/1001 1000/1000/1000 999/999/999
f 1002/1002/1002 1001/1001/1001 999/999/999
f 570/570/570 567/567/567 1000/1000/1000
f 1001/1001/1001 570/570/570 1000/1000/1000
f 466/466/466 570/570/570 1001/1001/1001
f 994/994/994 466/466/466 1001/1001/1001
f 994/994/994 1001/1001/1001 1002/1002/1002
f 998/998/998 994/994/994 1002/1002/1002
f 1005/1005/1005 1004/1004/1004 1003/1003/1003
f 1006/1006/1006 1005/1005/1005 1003/1003/1003
f 865/865/865 457/457/457 1004/1004/1004
f 1005/1005/1005 865/865/865 1004/1004/1004
f 567/567/567 865/865/865 1005/1005/1005
f 1000/1000/1000 567/567/567 1005/1005/1005
f 1000/1000/1000 1005/1005/1005 1006/1006/1006
f 999/999/999 1000/1000/1000 1006/1006/1006
f 1009/1009/1009 1008/1008/1008 1007/1007/1007
f 1010/1010/1010 1009/1009/1009 1007/1007/1007
f 458/458/458 451/451/451 1008/1008/1008
f 1009/1009/1009 458/458/458 1008/1008/1008
f 457/457/457 458/458/458 1009/1009/1009
f 1004/1004/1004 457/457/457 1009/1009/1009
f 1004/1004/1004 1009/1009/1009 1010/1010/1010
f 1003/1003/1003 1004/1004/1004 1010/1010/1010
f 1011/1011/1011 452/452/452 455/455/455
f 1012/1012/1012 1011/1011/1011 455/455/455
f 1008/1008/1008 451/451/451 452/452/452
f 1011/1011/1011 1008/1008/1008 452/452/452
f 1007/1007/1007 1008/1008/1008 1011/1011/1011
f 1013/1013/1013 1007/1007/1007 1011/1011/1011
f 1013/1013/1013 1011/1011/1011 1012/1012/1012
f 1014/1014/1014 1013/1013/1013 1012/1012/1012
f 1017/1017/1017 1016/1016/1016 1015/1015/1015
f 1018/1018/1018 1017/1017/1017 1015/1015/1015
f 753/753/753 445/445/445 1016/1016/1016
f 1017/1017/1017 753/753/753 1016/1016/1016
f 752/752/752 753/753/753 1017/1017/1017
f 1019/1019/1019 752/752/752 1017/1017/1017
f 1019/1019/1019 1017/1017/1017 1018/1018/1018
f 1020/1020/1020 1019/1019/1019 1018/1018/1018
f 1023/1023/1023 1022/1022/1022 1021/1021/1021
f 1024/1024/1024 1023/1023/1023 1021/1021/1021
f 446/446/446 449/449/449 1022/1022/1022
f 1023/1023/1023 446/446/446 1022/1022/1022
f 445/445/445 446/446/446 1023/1023/1023
f 1016/1016/1016 445/445/445 1023/1023/1023
f 1016/1016/1016 1023/1023/1023 1024/1024/1024
f 1015/1015/1015 1016/1016/1016 1024/1024/1024
f 1027/1027/1027 1026/1026/1026 1025/1025/1025
f 1028/1028/1028 1027/1027/1027 1025/1025/1025
f 731/731/731 442/442/442 1026/1026/1026
f 1027/1027/1027 731/731/731 1026/1026/1026
f 449/449/449 731/731/731 1027/1027/1027
f 1022/1022/1022 449/449/449 1027/1027/1027
f 1022/1022/1022 1027/1027/1027 1028/1028/1028
f 1021/1021/1021 1022/1022/1022 1028/1028/1028
f 1029/1029/1029 443/443/443 444/444/444
f 1030/1030/1030 1029/1029/1029 444/444/444
f 1026/1026/1026 442/442/442 443/443/443
f 1029/1029/1029 1026/1026/1026 443/443/443
f 1025/1025/1025 1026/1026/1026 1029/1029/1029
f 1031/1031/1031 1025/1025/1025 1029/1029/1029
f 1031/1031/1031 1029/1029/1029 1030/1030/1030
f 1032/1032/1032 1031/1031/1031 1030/1030/1030
f 1035/1035/1035 1034/1034/1034 1033/1033/1033
f 1036/1036/1036 1035/1035/1035 1033/1033/1033
f 437/437/437 438/438/438 1034/1034/1034
f 1035/1035/1035 437/437/437 1034/1034/1034
f 436/436/436 437/437/437 1035/1035/1035
f 1037/1037/1037 436/436/436 1035/1035/1035
f 1037/1037/1037 1035/1035/1035 1036/1036/1036
f 1038/1038/1038 1037/1037/1037 1036/1036/1036
f 1039/1039/1039 917/917/917 919/919/919
f 1040/1040/1040 1039/1039/1039 919/919/919
f 859/859/859 541/541/541 917/917/917
f 1039/1039/1039 859/859/859 917/917/917
f 438/438/438 859/859/859 1039/1039/1039
f 1034/1034/1034 438/438/438 1039/1039/1039
f 1034/1034/1034 1039/1039/1039 1040/1040/1040
f 1033/1033/1033 1034/1034/1034 1040/1040/1040
f 1041/1041/1041 44/44/44 45/45/45
f 1042/1042/1042 1041/1041/1041 45/45/45
f 1043/1043/1043 43/43/43 44/44/44
f 1041/1041/1041 1043/1043/1043 44/44/44
f 72/72/72 1043/1043/1043 1041/1041/1041
f 71/71/71 72/72/72 1041/1041/1041
f 71/71/71 1041/1041/1041 1042/1042/1042
f 70/70/70 71/71/71 1042/1042/1042
f 1045/1045/1045 1044/1044/1044 506/506/506
f 949/949/949 1045/1045/1045 506/506/506
f 944/944/944 507/507/507 1044/1044/1044
f 1045/1045/1045 944/944/944 1044/1044/1044
f 946/946/946 944/944/944 1045/1045/1045
f 1046/1046/1046 946/946/946 1045/1045/1045
f 1046/1046/1046 1045/1045/1045 949/949/949
f 950/950/950 1046/1046/1046 949/949/949
f 1048/1048/1048 1047/1047/1047 288/288/288
f 505/505/505 1048/1048/1048 288/288/288
f 508/508/508 253/253/253 1047/1047/1047
f 1048/1048/1048 508/508/508 1047/1047/1047
f 507/507/507 508/508/508 1048/1048/1048
f 1044/1044/1044 507/507/507 1048/1048/1048
f 1044/1044/1044 1048/1048/1048 505/505/505
f 506/506/506 1044/1044/1044 505/505/505
f 1050/1050/1050 1049/1049/1049 286/286/286
f 287/287/287 1050/1050/1050 286/286/286
f 254/254/254 257/257/257 1049/1049/1049
f 1050/1050/1050 254/254/254 1049/1049/1049
f 253/253/253 254/254/254 1050/1050/1050
f 1047/1047/1047 253/253/253 1050/1050/1050
f 1047/1047/1047 1050/1050/1050 287/287/287
f 288/288/288 1047/1047/1047 287/287/287
f 1051/1051/1051 678/678/678 5/5/5
f 1052/1052/1052 1051/1051/1051 5/5/5
f 1053/1053/1053 677/677/677 678/678/678
f 1051/1051/1051 1053/1053/1053 678/678/678
f 667/667/667 1053/1053/1053 1051/1051/1051
f 670/670/670 667/667/667 1051/1051/1051
f 670/670/670 1051/1051/1051 1052/1052/1052
f 55/55/55 670/670/670 1052/1052/1052
f 1054/1054/1054 6/6/6 7/7/7
f 1055/1055/1055 1054/1054/1054 7/7/7
f 1052/1052/1052 5/5/5 6/6/6
f 1054/1054/1054 1052/1052/1052 6/6/6
f 55/55/55 1052/1052/1052 1054/1054/1054
f 58/58/58 55/55/55 1054/1054/1054
f 58/58/58 1054/1054/1054 1055/1055/1055
f 63/63/63 58/58/58 1055/1055/1055
f 1056/1056/1056 218/218/218 221/221/221
f 1057/1057/1057 1056/1056/1056 221/221/221
f 1058/1058/1058 217/217/217 218/218/218
f 1056/1056/1056 1058/1058/1058 218/218/218
f 234/234/234 1058/1058/1058 1056/1056/1056
f 233/233/233 234/234/234 1056/1056/1056
f 233/233/233 1056/1056/1056 1057/1057/1057
f 232/232/232 233/233/233 1057/1057/1057
f 1060/1060/1060 1059/1059/1059 334/334/334
f 552/552/552 1060/1060/1060 334/334/334
f 548/548/548 329/329/329 1059/1059/1059
f 1060/1060/1060 548/548/548 1059/1059/1059
f 221/221/221 548/548/548 1060/1060/1060
f 1057/1057/1057 221/221/221 1060/1060/1060
f 1057/1057/1057 1060/1060/1060 552/552/552
f 232/232/232 1057/1057/1057 552/552/552
f 1061/1061/1061 330/330/330 331/331/331
f 1062/1062/1062 1061/1061/1061 331/331/331
f 1059/1059/1059 329/329/329 330/330/330
f 1061/1061/1061 1059/1059/1059 330/330/330
f 334/334/334 1059/1059/1059 1061/1061/1061
f 337/337/337 334/334/334 1061/1061/1061
f 337/337/337 1061/1061/1061 1062/1062/1062
f 342/342/342 337/337/337 1062/1062/1062
f 1063/1063/1063 435/435/435 436/436/436
f 1064/1064/1064 1063/1063/1063 436/436/436
f 1062/1062/1062 331/331/331 435/435/435
f 1063/1063/1063 1062/1062/1062 435/435/435
f 342/342/342 1062/1062/1062 1063/1063/1063
f 440/440/440 342/342/342 1063/1063/1063
f 440/440/440 1063/1063/1063 1064/1064/1064
f 444/444/444 440/440/440 1064/1064/1064
f 1065/1065/1065 1037/1037/1037 1038/1038/1038
f 1066/1066/1066 1065/1065/1065 1038/1038/1038
f 1064/1064/1064 436/436/436 1037/1037/1037
f 1065/1065/1065 1064/1064/1064 1037/1037/1037
f 444/444/444 1064/1064/1064 1065/1065/1065
f 1030/1030/1030 444/444/444 1065/1065/1065
f 1030/1030/1030 1065/1065/1065 1066/1066/1066
f 1032/1032/1032 1030/1030/1030 1066/1066/1066
f 1067/1067/1067 53/53/53 54/54/54
f 1068/1068/1068 1067/1067/1067 54/54/54
f 1069/1069/1069 52/52/52 53/53/53
f 1067/1067/1067 1069/1069/1069 53/53/53
f 86/86/86 1069/1069/1069 1067/1067/1067
f 83/83/83 86/86/86 1067/1067/1067
f 83/83/83 1067/1067/1067 1068/1068/1068
f 82/82/82 83/83/83 1068/1068/1068
f 1070/1070/1070 530/530/530 199/199/199
f 1071/1071/1071 1070/1070/1070 199/199/199
f 1072/1072/1072 529/529/529 530/530/530
f 1070/1070/1070 1072/1072/1072 530/530/530
f 519/519/519 1072/1072/1072 1070/1070/1070
f 522/522/522 519/519/519 1070/1070/1070
f 522/522/522 1070/1070/1070 1071/1071/1071
f 190/190/190 522/522/522 1071/1071/1071
f 1073/1073/1073 200/200/200 203/203/203
f 1074/1074/1074 1073/1073/1073 203/203/203
f 1071/1071/1071 199/199/199 200/200/200
f 1073/1073/1073 1071/1071/1071 200/200/200
f 190/190/190 1071/1071/1071 1073/1073/1073
f 193/193/193 190/190/190 1073/1073/1073
f 193/193/193 1073/1073/1073 1074/1074/1074
f 198/198/198 193/193/193 1074/1074/1074
f 1076/1076/1076 1075/1075/1075 79/79/79
f 80/80/80 1076/1076/1076 79/79/79
f 20/20/20 23/23/23 1075/1075/1075
f 1076/1076/1076 20/20/20 1075/1075/1075
f 19/19/19 20/20/20 1076/1076/1076
f 1077/1077/1077 19/19/19 1076/1076/1076
f 1077/1077/1077 1076/1076/1076 80/80/80
f 81/81/81 1077/1077/1077 80/80/80
f 1079/1079/1079 1078/1078/1078 597/597/597
f 598/598/598 1079/1079/1079 597/597/597
f 695/695/695 697/697/697 1078/1078/1078
f 1079/1079/1079 695/695/695 1078/1078/1078
f 23/23/23 695/695/695 1079/1079/1079
f 1075/1075/1075 23/23/23 1079/1079/1079
f 1075/1075/1075 1079/1079/1079 598/598/598
f 79/79/79 1075/1075/1075 598/598/598
f 1080/1080/1080 745/745/745 738/738/738
f 1081/1081/1081 1080/1080/1080 738/738/738
f 1082/1082/1082 744/744/744 745/745/745
f 1080/1080/1080 1082/1082/1082 745/745/745
f 583/583/583 1082/1082/1082 1080/1080/1080
f 586/586/586 583/583/583 1080/1080/1080
f 586/586/586 1080/1080/1080 1081/1081/1081
f 176/176/176 586/586/586 1081/1081/1081
f 1083/1083/1083 739/739/739 740/740/740
f 1084/1084/1084 1083/1083/1083 740/740/740
f 1081/1081/1081 738/738/738 739/739/739
f 1083/1083/1083 1081/1081/1081 739/739/739
f 176/176/176 1081/1081/1081 1083/1083/1083
f 173/173/173 176/176/176 1083/1083/1083
f 173/173/173 1083/1083/1083 1084/1084/1084
f 172/172/172 173/173/173 1084/1084/1084
f 1085/1085/1085 800/800/800 793/793/793
f 1086/1086/1086 1085/1085/1085 793/793/793
f 1087/1087/1087 799/799/799 800/800/800
f 1085/1085/1085 1087/1087/1087 800/800/800
f 145/145/145 1087/1087/1087 1085/1085/1085
f 148/148/148 145/145/145 1085/1085/1085
f 148/148/148 1085/1085/1085 1086/1086/1086
f 153/153/153 148/148/148 1086/1086/1086
f 1088/1088/1088 794/794/794 795/795/795
f 1089/1089/1089 1088/1088/1088 795/795/795
f 1086/1086/1086 793/793/793 794/794/794
f 1088/1088/1088 1086/1086/1086 794/794/794
f 153/153/153 1086/1086/1086 1088/1088/1088
f 606/606/606 153/153/153 1088/1088/1088
f 606/606/606 1088/1088/1088 1089/1089/1089
f 610/610/610 606/606/606 1089/1089/1089
f 1090/1090/1090 789/789/789 790/790/790
f 1091/1091/1091 1090/1090/1090 790/790/790
f 1092/1092/1092 788/788/788 789/789/789
f 1090/1090/1090 1092/1092/1092 789/789/789
f 144/144/144 1092/1092/1092 1090/1090/1090
f 143/143/143 144/144/144 1090/1090/1090
f 143/143/143 1090/1090/1090 1091/1091/1091
f 142/142/142 143/143/143 1091/1091/1091
f 1094/1094/1094 1093/1093/1093 479/479/479
f 973/973/973 1094/1094/1094 479/479/479
f 968/968/968 965/965/965 1093/1093/1093
f 1094/1094/1094 968/968/968 1093/1093/1093
f 970/970/970 968/968/968 1094/1094/1094
f 1095/1095/1095 970/970/970 1094/1094/1094
f 1095/1095/1095 1094/1094/1094 973/973/973
f 974/974/974 1095/1095/1095 973/973/973
f 1098/1098/1098 1097/1097/1097 1096/1096/1096
f 1099/1099/1099 1098/1098/1098 1096/1096/1096
f 1093/1093/1093 965/965/965 1097/1097/1097
f 1098/1098/1098 1093/1093/1093 1097/1097/1097
f 479/479/479 1093/1093/1093 1098/1098/1098
f 482/482/482 479/479/479 1098/1098/1098
f 482/482/482 1098/1098/1098 1099/1099/1099
f 304/304/304 482/482/482 1099/1099/1099
f 1101/1101/1101 1100/1100/1100 302/302/302
f 303/303/303 1101/1101/1101 302/302/302
f 1103/1103/1103 1102/1102/1102 1100/1100/1100
f 1101/1101/1101 1103/1103/1103 1100/1100/1100
f 1096/1096/1096 1103/1103/1103 1101/1101/1101
f 1099/1099/1099 1096/1096/1096 1101/1101/1101
f 1099/1099/1099 1101/1101/1101 303/303/303
f 304/304/304 1099/1099/1099 303/303/303
f 1106/1106/1106 1105/1105/1105 1104/1104/1104
f 1107/1107/1107 1106/1106/1106 1104/1104/1104
f 1109/1109/1109 1108/1108/1108 1105/1105/1105
f 1106/1106/1106 1109/1109/1109 1105/1105/1105
f 637/637/637 1109/1109/1109 1106/1106/1106
f 640/640/640 637/637/637 1106/1106/1106
f 640/640/640 1106/1106/1106 1107/1107/1107
f 133/133/133 640/640/640 1107/1107/1107
f 1111/1111/1111 1110/1110/1110 131/131/131
f 132/132/132 1111/1111/1111 131/131/131
f 1113/1113/1113 1112/1112/1112 1110/1110/1110
f 1111/1111/1111 1113/1113/1113 1110/1110/1110
f 1104/1104/1104 1113/1113/1113 1111/1111/1111
f 1107/1107/1107 1104/1104/1104 1111/1111/1111
f 1107/1107/1107 1111/1111/1111 132/132/132
f 133/133/133 1107/1107/1107 132/132/132
f 1114/1114/1114 767/767/767 765/765/765
f 1115/1115/1115 1114/1114/1114 765/765/765
f 1116/1116/1116 766/766/766 767/767/767
f 1114/1114/1114 1116/1116/1116 767/767/767
f 252/252/252 1116/1116/1116 1114/1114/1114
f 251/251/251 252/252/252 1114/1114/1114
f 251/251/251 1114/1114/1114 1115/1115/1115
f 250/250/250 251/251/251 1115/1115/1115
f 1118/1118/1118 1117/1117/1117 370/370/370
f 558/558/558 1118/1118/1118 370/370/370
f 763/763/763 760/760/760 1117/1117/1117
f 1118/1118/1118 763/763/763 1117/1117/1117
f 765/765/765 763/763/763 1118/1118/1118
f 1115/1115/1115 765/765/765 1118/1118/1118
f 1115/1115/1115 1118/1118/1118 558/558/558
f 250/250/250 1115/1115/1115 558/558/558
f 1119/1119/1119 761/761/761 757/757/757
f 1120/1120/1120 1119/1119/1119 757/757/757
f 1117/1117/1117 760/760/760 761/761/761
f 1119/1119/1119 1117/1117/1117 761/761/761
f 370/370/370 1117/1117/1117 1119/1119/1119
f 373/373/373 370/370/370 1119/1119/1119
f 373/373/373 1119/1119/1119 1120/1120/1120
f 378/378/378 373/373/373 1120/1120/1120
f 1122/1122/1122 1121/1121/1121 455/455/455
f 456/456/456 1122/1122/1122 455/455/455
f 755/755/755 752/752/752 1121/1121/1121
f 1122/1122/1122 755/755/755 1121/1121/1121
f 757/757/757 755/755/755 1122/1122/1122
f 1120/1120/1120 757/757/757 1122/1122/1122
f 1120/1120/1120 1122/1122/1122 456/456/456
f 378/378/378 1120/1120/1120 456/456/456
f 1123/1123/1123 1019/1019/1019 1020/1020/1020
f 1124/1124/1124 1123/1123/1123 1020/1020/1020
f 1121/1121/1121 752/752/752 1019/1019/1019
f 1123/1123/1123 1121/1121/1121 1019/1019/1019
f 455/455/455 1121/1121/1121 1123/1123/1123
f 1012/1012/1012 455/455/455 1123/1123/1123
f 1012/1012/1012 1123/1123/1123 1124/1124/1124
f 1014/1014/1014 1012/1012/1012 1124/1124/1124
f 1125/1125/1125 750/750/750 751/751/751
f 1126/1126/1126 1125/1125/1125 751/751/751
f 1127/1127/1127 749/749/749 750/750/750
f 1125/1125/1125 1127/1127/1127 750/750/750
f 158/158/158 1127/1127/1127 1125/1125/1125
f 155/155/155 158/158/158 1125/1125/1125
f 155/155/155 1125/1125/1125 1126/1126/1126
f 154/154/154 155/155/155 1126/1126/1126
f 1129/1129/1129 1128/1128/1128 73/73/73
f 708/708/708 1129/1129/1129 73/73/73
f 705/705/705 196/196/196 1128/1128/1128
f 1129/1129/1129 705/705/705 1128/1128/1128
f 189/189/189 705/705/705 1129/1129/1129
f 1130/1130/1130 189/189/189 1129/1129/1129
f 1130/1130/1130 1129/1129/1129 708/708/708
f 109/109/109 1130/1130/1130 708/708/708
f 1132/1132/1132 1131/1131/1131 187/187/187
f 188/188/188 1132/1132/1132 187/187/187
f 110/110/110 113/113/113 1131/1131/1131
f 1132/1132/1132 110/110/110 1131/1131/1131
f 109/109/109 110/110/110 1132/1132/1132
f 1130/1130/1130 109/109/109 1132/1132/1132
f 1130/1130/1130 1132/1132/1132 188/188/188
f 189/189/189 1130/1130/1130 188/188/188
f 1134/1134/1134 1133/1133/1133 740/740/740
f 741/741/741 1134/1134/1134 740/740/740
f 797/797/797 799/799/799 1133/1133/1133
f 1134/1134/1134 797/797/797 1133/1133/1133
f 113/113/113 797/797/797 1134/1134/1134
f 1131/1131/1131 113/113/113 1134/1134/1134
f 1131/1131/1131 1134/1134/1134 741/741/741
f 187/187/187 1131/1131/1131 741/741/741
f 1135/1135/1135 1087/1087/1087 145/145/145
f 1136/1136/1136 1135/1135/1135 145/145/145
f 1133/1133/1133 799/799/799 1087/1087/1087
f 1135/1135/1135 1133/1133/1133 1087/1087/1087
f 740/740/740 1133/1133/1133 1135/1135/1135
f 1084/1084/1084 740/740/740 1135/1135/1135
f 1084/1084/1084 1135/1135/1135 1136/1136/1136
f 172/172/172 1084/1084/1084 1136/1136/1136
f 1137/1137/1137 146/146/146 149/149/149
f 1138/1138/1138 1137/1137/1137 149/149/149
f 1136/1136/1136 145/145/145 146/146/146
f 1137/1137/1137 1136/1136/1136 146/146/146
f 172/172/172 1136/1136/1136 1137/1137/1137
f 175/175/175 172/172/172 1137/1137/1137
f 175/175/175 1137/1137/1137 1138/1138/1138
f 180/180/180 175/175/175 1138/1138/1138
f 1139/1139/1139 413/413/413 414/414/414
f 1140/1140/1140 1139/1139/1139 414/414/414
f 1138/1138/1138 149/149/149 413/413/413
f 1139/1139/1139 1138/1138/1138 413/413/413
f 180/180/180 1138/1138/1138 1139/1139/1139
f 416/416/416 180/180/180 1139/1139/1139
f 416/416/416 1139/1139/1139 1140/1140/1140
f 420/420/420 416/416/416 1140/1140/1140
f 1142/1142/1142 1141/1141/1141 908/908/908
f 909/909/909 1142/1142/1142 908/908/908
f 903/903/903 900/900/900 1141/1141/1141
f 1142/1142/1142 903/903/903 1141/1141/1141
f 414/414/414 903/903/903 1142/1142/1142
f 1140/1140/1140 414/414/414 1142/1142/1142
f 1140/1140/1140 1142/1142/1142 909/909/909
f 420/420/420 1140/1140/1140 909/909/909
f 1143/1143/1143 35/35/35 36/36/36
f 1144/1144/1144 1143/1143/1143 36/36/36
f 1145/1145/1145 34/34/34 35/35/35
f 1143/1143/1143 1145/1145/1145 35/35/35
f 171/171/171 1145/1145/1145 1143/1143/1143
f 170/170/170 171/171/171 1143/1143/1143
f 170/170/170 1143/1143/1143 1144/1144/1144
f 169/169/169 170/170/170 1144/1144/1144
f 1147/1147/1147 1146/1146/1146 464/464/464
f 995/995/995 1147/1147/1147 464/464/464
f 990/990/990 467/467/467 1146/1146/1146
f 1147/1147/1147 990/990/990 1146/1146/1146
f 992/992/992 990/990/990 1147/1147/1147
f 1148/1148/1148 992/992/992 1147/1147/1147
f 1148/1148/1148 1147/1147/1147 995/995/995
f 996/996/996 1148/1148/1148 995/995/995
f 1150/1150/1150 1149/1149/1149 367/367/367
f 463/463/463 1150/1150/1150 367/367/367
f 468/468/468 289/289/289 1149/1149/1149
f 1150/1150/1150 468/468/468 1149/1149/1149
f 467/467/467 468/468/468 1150/1150/1150
f 1146/1146/1146 467/467/467 1150/1150/1150
f 1146/1146/1146 1150/1150/1150 463/463/463
f 464/464/464 1146/1146/1146 463/463/463
f 1152/1152/1152 1151/1151/1151 365/365/365
f 366/366/366 1152/1152/1152 365/365/365
f 290/290/290 293/293/293 1151/1151/1151
f 1152/1152/1152 290/290/290 1151/1151/1151
f 289/289/289 290/290/290 1152/1152/1152
f 1149/1149/1149 289/289/289 1152/1152/1152
f 1149/1149/1149 1152/1152/1152 366/366/366
f 367/367/367 1149/1149/1149 366/366/366
f 1153/1153/1153 881/881/881 391/391/391
f 1154/1154/1154 1153/1153/1153 391/391/391
f 1155/1155/1155 880/880/880 881/881/881
f 1153/1153/1153 1155/1155/1155 881/881/881
f 872/872/872 1155/1155/1155 1153/1153/1153
f 875/875/875 872/872/872 1153/1153/1153
f 875/875/875 1153/1153/1153 1154/1154/1154
f 388/388/388 875/875/875 1154/1154/1154
f 1157/1157/1157 1156/1156/1156 244/244/244
f 387/387/387 1157/1157/1157 244/244/244
f 392/392/392 127/127/127 1156/1156/1156
f 1157/1157/1157 392/392/392 1156/1156/1156
f 391/391/391 392/392/392 1157/1157/1157
f 1154/1154/1154 391/391/391 1157/1157/1157
f 1154/1154/1154 1157/1157/1157 387/387/387
f 388/388/388 1154/1154/1154 387/387/387
f 1158/1158/1158 128/128/128 131/131/131
f 1159/1159/1159 1158/1158/1158 131/131/131
f 1156/1156/1156 127/127/127 128/128/128
f 1158/1158/1158 1156/1156/1156 128/128/128
f 244/244/244 1156/1156/1156 1158/1158/1158
f 247/247/247 244/244/244 1158/1158/1158
f 247/247/247 1158/1158/1158 1159/1159/1159
f 252/252/252 247/247/247 1159/1159/1159
f 1161/1161/1161 1160/1160/1160 766/766/766
f 1116/1116/1116 1161/1161/1161 766/766/766
f 1110/1110/1110 1112/1112/1112 1160/1160/1160
f 1161/1161/1161 1110/1110/1110 1160/1160/1160
f 131/131/131 1110/1110/1110 1161/1161/1161
f 1159/1159/1159 131/131/131 1161/1161/1161
f 1159/1159/1159 1161/1161/1161 1116/1116/1116
f 252/252/252 1159/1159/1159 1116/1116/1116
f 1164/1164/1164 1163/1163/1163 1162/1162/1162
f 1165/1165/1165 1164/1164/1164 1162/1162/1162
f 1160/1160/1160 1112/1112/1112 1163/1163/1163
f 1164/1164/1164 1160/1160/1160 1163/1163/1163
f 766/766/766 1160/1160/1160 1164/1164/1164
f 769/769/769 766/766/766 1164/1164/1164
f 769/769/769 1164/1164/1164 1165/1165/1165
f 235/235/235 769/769/769 1165/1165/1165
f 1168/1168/1168 1167/1167/1167 1166/1166/1166
f 1169/1169/1169 1168/1168/1168 1166/1166/1166
f 1165/1165/1165 1162/1162/1162 1167/1167/1167
f 1168/1168/1168 1165/1165/1165 1167/1167/1167
f 235/235/235 1165/1165/1165 1168/1168/1168
f 238/238/238 235/235/235 1168/1168/1168
f 238/238/238 1168/1168/1168 1169/1169/1169
f 243/243/243 238/238/238 1169/1169/1169
f 1171/1171/1171 1170/1170/1170 226/226/226
f 726/726/726 1171/1171/1171 226/226/226
f 1172/1172/1172 61/61/61 1170/1170/1170
f 1171/1171/1171 1172/1172/1172 1170/1170/1170
f 1166/1166/1166 1172/1172/1172 1171/1171/1171
f 1169/1169/1169 1166/1166/1166 1171/1171/1171
f 1169/1169/1169 1171/1171/1171 726/726/726
f 243/243/243 1169/1169/1169 726/726/726
f 1173/1173/1173 62/62/62 63/63/63
f 1174/1174/1174 1173/1173/1173 63/63/63
f 1170/1170/1170 61/61/61 62/62/62
f 1173/1173/1173 1170/1170/1170 62/62/62
f 226/226/226 1170/1170/1170 1173/1173/1173
f 229/229/229 226/226/226 1173/1173/1173
f 229/229/229 1173/1173/1173 1174/1174/1174
f 234/234/234 229/229/229 1174/1174/1174
f 1176/1176/1176 1175/1175/1175 217/217/217
f 1058/1058/1058 1176/1176/1176 217/217/217
f 1055/1055/1055 7/7/7 1175/1175/1175
f 1176/1176/1176 1055/1055/1055 1175/1175/1175
f 63/63/63 1055/1055/1055 1176/1176/1176
f 1174/1174/1174 63/63/63 1176/1176/1176
f 1174/1174/1174 1176/1176/1176 1058/1058/1058
f 234/234/234 1174/1174/1174 1058/1058/1058
f 1177/1177/1177 8/8/8 9/9/9
f 1178/1178/1178 1177/1177/1177 9/9/9
f 1175/1175/1175 7/7/7 8/8/8
f 1177/1177/1177 1175/1175/1175 8/8/8
f 217/217/217 1175/1175/1175 1177/1177/1177
f 220/220/220 217/217/217 1177/1177/1177
f 220/220/220 1177/1177/1177 1178/1178/1178
f 225/225/225 220/220/220 1178/1178/1178
f 1180/1180/1180 1179/1179/1179 851/851/851
f 852/852/852 1180/1180/1180 851/851/851
f 846/846/846 843/843/843 1179/1179/1179
f 1180/1180/1180 846/846/846 1179/1179/1179
f 9/9/9 846/846/846 1180/1180/1180
f 1178/1178/1178 9/9/9 1180/1180/1180
f 1178/1178/1178 1180/1180/1180 852/852/852
f 225/225/225 1178/1178/1178 852/852/852
f 1182/1182/1182 1181/1181/1181 320/320/320
f 321/321/321 1182/1182/1182 320/320/320
f 267/267/267 268/268/268 1181/1181/1181
f 1182/1182/1182 267/267/267 1181/1181/1181
f 266/266/266 267/267/267 1182/1182/1182
f 1183/1183/1183 266/266/266 1182/1182/1182
f 1183/1183/1183 1182/1182/1182 321/321/321
f 322/322/322 1183/1183/1183 321/321/321
f 1185/1185/1185 1184/1184/1184 431/431/431
f 432/432/432 1185/1185/1185 431/431/431
f 515/515/515 516/516/516 1184/1184/1184
f 1185/1185/1185 515/515/515 1184/1184/1184
f 268/268/268 515/515/515 1185/1185/1185
f 1181/1181/1181 268/268/268 1185/1185/1185
f 1181/1181/1181 1185/1185/1185 432/432/432
f 320/320/320 1181/1181/1181 432/432/432
f 1186/1186/1186 931/931/931 932/932/932
f 1187/1187/1187 1186/1186/1186 932/932/932
f 1184/1184/1184 516/516/516 931/931/931
f 1186/1186/1186 1184/1184/1184 931/931/931
f 431/431/431 1184/1184/1184 1186/1186/1186
f 924/924/924 431/431/431 1186/1186/1186
f 924/924/924 1186/1186/1186 1187/1187/1187
f 926/926/926 924/924/924 1187/1187/1187
f 1188/1188/1188 17/17/17 18/18/18
f 1189/1189/1189 1188/1188/1188 18/18/18
f 1190/1190/1190 16/16/16 17/17/17
f 1188/1188/1188 1190/1190/1190 17/17/17
f 212/212/212 1190/1190/1190 1188/1188/1188
f 209/209/209 212/212/212 1188/1188/1188
f 209/209/209 1188/1188/1188 1189/1189/1189
f 208/208/208 209/209/209 1189/1189/1189
f 1191/1191/1191 816/816/816 27/27/27
f 1192/1192/1192 1191/1191/1191 27/27/27
f 1193/1193/1193 815/815/815 816/816/816
f 1191/1191/1191 1193/1193/1193 816/816/816
f 807/807/807 1193/1193/1193 1191/1191/1191
f 810/810/810 807/807/807 1191/1191/1191
f 810/810/810 1191/1191/1191 1192/1192/1192
f 205/205/205 810/810/810 1192/1192/1192
f 1195/1195/1195 1194/1194/1194 203/203/203
f 204/204/204 1195/1195/1195 203/203/203
f 22/22/22 19/19/19 1194/1194/1194
f 1195/1195/1195 22/22/22 1194/1194/1194
f 27/27/27 22/22/22 1195/1195/1195
f 1192/1192/1192 27/27/27 1195/1195/1195
f 1192/1192/1192 1195/1195/1195 204/204/204
f 205/205/205 1192/1192/1192 204/204/204
f 1196/1196/1196 1194/1194/1194 19/19/19
f 1077/1077/1077 1196/1196/1196 19/19/19
f 1074/1074/1074 203/203/203 1194/1194/1194
f 1196/1196/1196 1074/1074/1074 1194/1194/1194
f 198/198/198 1074/1074/1074 1196/1196/1196
f 1197/1197/1197 198/198/198 1196/1196/1196
f 1197/1197/1197 1196/1196/1196 1077/1077/1077
f 81/81/81 1197/1197/1197 1077/1077/1077
f 1198/1198/1198 1128/1128/1128 196/196/196
f 197/197/197 1198/1198/1198 196/196/196
f 76/76/76 73/73/73 1128/1128/1128
f 1198/1198/1198 76/76/76 1128/1128/1128
f 81/81/81 76/76/76 1198/1198/1198
f 1197/1197/1197 81/81/81 1198/1198/1198
f 1197/1197/1197 1198/1198/1198 197/197/197
f 198/198/198 1197/1197/1197 197/197/197
f 1201/1201/1201 1200/1200/1200 1199/1199/1199
f 1202/1202/1202 1201/1201/1201 1199/1199/1199
f 534/534/534 531/531/531 1200/1200/1200
f 1201/1201/1201 534/534/534 1200/1200/1200
f 214/214/214 534/534/534 1201/1201/1201
f 1203/1203/1203 214/214/214 1201/1201/1201
f 1203/1203/1203 1201/1201/1201 1202/1202/1202
f 1204/1204/1204 1203/1203/1203 1202/1202/1202
f 1206/1206/1206 1205/1205/1205 212/212/212
f 213/213/213 1206/1206/1206 212/212/212
f 1208/1208/1208 1207/1207/1207 1205/1205/1205
f 1206/1206/1206 1208/1208/1208 1205/1205/1205
f 1204/1204/1204 1208/1208/1208 1206/1206/1206
f 1203/1203/1203 1204/1204/1204 1206/1206/1206
f 1203/1203/1203 1206/1206/1206 213/213/213
f 214/214/214 1203/1203/1203 213/213/213
f 1210/1210/1210 1209/1209/1209 16/16/16
f 1190/1190/1190 1210/1210/1210 16/16/16
f 1212/1212/1212 1211/1211/1211 1209/1209/1209
f 1210/1210/1210 1212/1212/1212 1209/1209/1209
f 1207/1207/1207 1212/1212/1212 1210/1210/1210
f 1205/1205/1205 1207/1207/1207 1210/1210/1210
f 1205/1205/1205 1210/1210/1210 1190/1190/1190
f 212/212/212 1205/1205/1205 1190/1190/1190
f 1214/1214/1214 1213/1213/1213 14/14/14
f 15/15/15 1214/1214/1214 14/14/14
f 1216/1216/1216 1215/1215/1215 1213/1213/1213
f 1214/1214/1214 1216/1216/1216 1213/1213/1213
f 1211/1211/1211 1216/1216/1216 1214/1214/1214
f 1209/1209/1209 1211/1211/1211 1214/1214/1214
f 1209/1209/1209 1214/1214/1214 15/15/15
f 16/16/16 1209/1209/1209 15/15/15
f 1218/1218/1218 1217/1217/1217 693/693/693
f 694/694/694 1218/1218/1218 693/693/693
f 1220/1220/1220 1219/1219/1219 1217/1217/1217
f 1218/1218/1218 1220/1220/1220 1217/1217/1217
f 1215/1215/1215 1220/1220/1220 1218/1218/1218
f 1213/1213/1213 1215/1215/1215 1218/1218/1218
f 1213/1213/1213 1218/1218/1218 694/694/694
f 14/14/14 1213/1213/1213 694/694/694
f 1223/1223/1223 1222/1222/1222 1221/1221/1221
f 1224/1224/1224 1223/1223/1223 1221/1221/1221
f 824/824/824 821/821/821 1222/1222/1222
f 1223/1223/1223 824/824/824 1222/1222/1222
f 37/37/37 824/824/824 1223/1223/1223
f 1225/1225/1225 37/37/37 1223/1223/1223
f 1225/1225/1225 1223/1223/1223 1224/1224/1224
f 1226/1226/1226 1225/1225/1225 1224/1224/1224
f 1227/1227/1227 1225/1225/1225 1226/1226/1226
f 1228/1228/1228 1227/1227/1227 1226/1226/1226
f 40/40/40 37/37/37 1225/1225/1225
f 1227/1227/1227 40/40/40 1225/1225/1225
f 45/45/45 40/40/40 1227/1227/1227
f 1229/1229/1229 45/45/45 1227/1227/1227
f 1229/1229/1229 1227/1227/1227 1228/1228/1228
f 1230/1230/1230 1229/1229/1229 1228/1228/1228
f 1231/1231/1231 1229/1229/1229 1230/1230/1230
f 1232/1232/1232 1231/1231/1231 1230/1230/1230
f 1042/1042/1042 45/45/45 1229/1229/1229
f 1231/1231/1231 1042/1042/1042 1229/1229/1229
f 70/70/70 1042/1042/1042 1231/1231/1231
f 1233/1233/1233 70/70/70 1231/1231/1231
f 1233/1233/1233 1231/1231/1231 1232/1232/1232
f 1234/1234/1234 1233/1233/1233 1232/1232/1232
f 1236/1236/1236 1235/1235/1235 68/68/68
f 69/69/69 1236/1236/1236 68/68/68
f 1238/1238/1238 1237/1237/1237 1235/1235/1235
f 1236/1236/1236 1238/1238/1238 1235/1235/1235
f 1234/1234/1234 1238/1238/1238 1236/1236/1236
f 1233/1233/1233 1234/1234/1234 1236/1236/1236
f 1233/1233/1233 1236/1236/1236 69/69/69
f 70/70/70 1233/1233/1233 69/69/69
f 1239/1239/1239 1235/1235/1235 1237/1237/1237
f 1240/1240/1240 1239/1239/1239 1237/1237/1237
f 712/712/712 68/68/68 1235/1235/1235
f 1239/1239/1239 712/712/712 1235/1235/1235
f 100/100/100 712/712/712 1239/1239/1239
f 1241/1241/1241 100/100/100 1239/1239/1239
f 1241/1241/1241 1239/1239/1239 1240/1240/1240
f 1242/1242/1242 1241/1241/1241 1240/1240/1240
f 1243/1243/1243 1241/1241/1241 1242/1242/1242
f 1244/1244/1244 1243/1243/1243 1242/1242/1242
f 103/103/103 100/100/100 1241/1241/1241
f 1243/1243/1243 103/103/103 1241/1241/1241
f 108/108/108 103/103/103 1243/1243/1243
f 1245/1245/1245 108/108/108 1243/1243/1243
f 1245/1245/1245 1243/1243/1243 1244/1244/1244
f 1246/1246/1246 1245/1245/1245 1244/1244/1244
f 1247/1247/1247 1245/1245/1245 1246/1246/1246
f 1248/1248/1248 1247/1247/1247 1246/1246/1246
f 786/786/786 108/108/108 1245/1245/1245
f 1247/1247/1247 786/786/786 1245/1245/1245
f 790/790/790 786/786/786 1247/1247/1247
f 1249/1249/1249 790/790/790 1247/1247/1247
f 1249/1249/1249 1247/1247/1247 1248/1248/1248
f 1250/1250/1250 1249/1249/1249 1248/1248/1248
f 1251/1251/1251 1249/1249/1249 1250/1250/1250
f 1252/1252/1252 1251/1251/1251 1250/1250/1250
f 1091/1091/1091 790/790/790 1249/1249/1249
f 1251/1251/1251 1091/1091/1091 1249/1249/1249
f 142/142/142 1091/1091/1091 1251/1251/1251
f 1253/1253/1253 142/142/142 1251/1251/1251
f 1253/1253/1253 1251/1251/1251 1252/1252/1252
f 1254/1254/1254 1253/1253/1253 1252/1252/1252
f 1256/1256/1256 1255/1255/1255 140/140/140
f 141/141/141 1256/1256/1256 140/140/140
f 1258/1258/1258 1257/1257/1257 1255/1255/1255
f 1256/1256/1256 1258/1258/1258 1255/1255/1255
f 1254/1254/1254 1258/1258/1258 1256/1256/1256
f 1253/1253/1253 1254/1254/1254 1256/1256/1256
f 1253/1253/1253 1256/1256/1256 141/141/141
f 142/142/142 1253/1253/1253 141/141/141
f 1259/1259/1259 1255/1255/1255 1257/1257/1257
f 1260/1260/1260 1259/1259/1259 1257/1257/1257
f 404/404/404 140/140/140 1255/1255/1255
f 1259/1259/1259 404/404/404 1255/1255/1255
f 408/408/408 404/404/404 1259/1259/1259
f 1261/1261/1261 408/408/408 1259/1259/1259
f 1261/1261/1261 1259/1259/1259 1260/1260/1260
f 1262/1262/1262 1261/1261/1261 1260/1260/1260
f 1263/1263/1263 1261/1261/1261 1262/1262/1262
f 1264/1264/1264 1263/1263/1263 1262/1262/1262
f 892/892/892 408/408/408 1261/1261/1261
f 1263/1263/1263 892/892/892 1261/1261/1261
f 615/615/615 892/892/892 1263/1263/1263
f 1265/1265/1265 615/615/615 1263/1263/1263
f 1265/1265/1265 1263/1263/1263 1264/1264/1264
f 1266/1266/1266 1265/1265/1265 1264/1264/1264
f 1267/1267/1267 1265/1265/1265 1266/1266/1266
f 1268/1268/1268 1267/1267/1267 1266/1266/1266
f 618/618/618 615/615/615 1265/1265/1265
f 1267/1267/1267 618/618/618 1265/1265/1265
f 28/28/28 618/618/618 1267/1267/1267
f 1269/1269/1269 28/28/28 1267/1267/1267
f 1269/1269/1269 1267/1267/1267 1268/1268/1268
f 1270/1270/1270 1269/1269/1269 1268/1268/1268
f 1271/1271/1271 1269/1269/1269 1270/1270/1270
f 1272/1272/1272 1271/1271/1271 1270/1270/1270
f 31/31/31 28/28/28 1269/1269/1269
f 1271/1271/1271 31/31/31 1269/1269/1269
f 36/36/36 31/31/31 1271/1271/1271
f 1273/1273/1273 36/36/36 1271/1271/1271
f 1273/1273/1273 1271/1271/1271 1272/1272/1272
f 1274/1274/1274 1273/1273/1273 1272/1272/1272
f 1275/1275/1275 1273/1273/1273 1274/1274/1274
f 1276/1276/1276 1275/1275/1275 1274/1274/1274
f 1144/1144/1144 36/36/36 1273/1273/1273
f 1275/1275/1275 1144/1144/1144 1273/1273/1273
f 169/169/169 1144/1144/1144 1275/1275/1275
f 1277/1277/1277 169/169/169 1275/1275/1275
f 1277/1277/1277 1275/1275/1275 1276/1276/1276
f 1278/1278/1278 1277/1277/1277 1276/1276/1276
f 1280/1280/1280 1279/1279/1279 167/167/167
f 168/168/168 1280/1280/1280 167/167/167
f 1282/1282/1282 1281/1281/1281 1279/1279/1279
f 1280/1280/1280 1282/1282/1282 1279/1279/1279
f 1278/1278/1278 1282/1282/1282 1280/1280/1280
f 1277/1277/1277 1278/1278/1278 1280/1280/1280
f 1277/1277/1277 1280/1280/1280 168/168/168
f 169/169/169 1277/1277/1277 168/168/168
f 1284/1284/1284 1283/1283/1283 575/575/575
f 576/576/576 1284/1284/1284 575/575/575
f 1286/1286/1286 1285/1285/1285 1283/1283/1283
f 1284/1284/1284 1286/1286/1286 1283/1283/1283
f 1281/1281/1281 1286/1286/1286 1284/1284/1284
f 1279/1279/1279 1281/1281/1281 1284/1284/1284
f 1279/1279/1279 1284/1284/1284 576/576/576
f 167/167/167 1279/1279/1279 576/576/576
f 1288/1288/1288 1287/1287/1287 424/424/424
f 916/916/916 1288/1288/1288 424/424/424
f 1290/1290/1290 1289/1289/1289 1287/1287/1287
f 1288/1288/1288 1290/1290/1290 1287/1287/1287
f 1285/1285/1285 1290/1290/1290 1288/1288/1288
f 1283/1283/1283 1285/1285/1285 1288/1288/1288
f 1283/1283/1283 1288/1288/1288 916/916/916
f 575/575/575 1283/1283/1283 916/916/916
f 1292/1292/1292 1291/1291/1291 160/160/160
f 423/423/423 1292/1292/1292 160/160/160
f 1294/1294/1294 1293/1293/1293 1291/1291/1291
f 1292/1292/1292 1294/1294/1294 1291/1291/1291
f 1289/1289/1289 1294/1294/1294 1292/1292/1292
f 1287/1287/1287 1289/1289/1289 1292/1292/1292
f 1287/1287/1287 1292/1292/1292 423/423/423
f 424/424/424 1287/1287/1287 423/423/423
f 1296/1296/1296 1295/1295/1295 158/158/158
f 159/159/159 1296/1296/1296 158/158/158
f 1298/1298/1298 1297/1297/1297 1295/1295/1295
f 1296/1296/1296 1298/1298/1298 1295/1295/1295
f 1293/1293/1293 1298/1298/1298 1296/1296/1296
f 1291/1291/1291 1293/1293/1293 1296/1296/1296
f 1291/1291/1291 1296/1296/1296 159/159/159
f 160/160/160 1291/1291/1291 159/159/159
f 1300/1300/1300 1299/1299/1299 749/749/749
f 1127/1127/1127 1300/1300/1300 749/749/749
f 1302/1302/1302 1301/1301/1301 1299/1299/1299
f 1300/1300/1300 1302/1302/1302 1299/1299/1299
f 1297/1297/1297 1302/1302/1302 1300/1300/1300
f 1295/1295/1295 1297/1297/1297 1300/1300/1300
f 1295/1295/1295 1300/1300/1300 1127/1127/1127
f 158/158/158 1295/1295/1295 1127/1127/1127
f 1304/1304/1304 1303/1303/1303 124/124/124
f 748/748/748 1304/1304/1304 124/124/124
f 1306/1306/1306 1305/1305/1305 1303/1303/1303
f 1304/1304/1304 1306/1306/1306 1303/1303/1303
f 1301/1301/1301 1306/1306/1306 1304/1304/1304
f 1299/1299/1299 1301/1301/1301 1304/1304/1304
f 1299/1299/1299 1304/1304/1304 748/748/748
f 749/749/749 1299/1299/1299 748/748/748
f 1308/1308/1308 1307/1307/1307 122/122/122
f 123/123/123 1308/1308/1308 122/122/122
f 1310/1310/1310 1309/1309/1309 1307/1307/1307
f 1308/1308/1308 1310/1310/1310 1307/1307/1307
f 1305/1305/1305 1310/1310/1310 1308/1308/1308
f 1303/1303/1303 1305/1305/1305 1308/1308/1308
f 1303/1303/1303 1308/1308/1308 123/123/123
f 124/124/124 1303/1303/1303 123/123/123
f 1312/1312/1312 1311/1311/1311 88/88/88
f 735/735/735 1312/1312/1312 88/88/88
f 1314/1314/1314 1313/1313/1313 1311/1311/1311
f 1312/1312/1312 1314/1314/1314 1311/1311/1311
f 1309/1309/1309 1314/1314/1314 1312/1312/1312
f 1307/1307/1307 1309/1309/1309 1312/1312/1312
f 1307/1307/1307 1312/1312/1312 735/735/735
f 122/122/122 1307/1307/1307 735/735/735
f 1316/1316/1316 1315/1315/1315 86/86/86
f 87/87/87 1316/1316/1316 86/86/86
f 1318/1318/1318 1317/1317/1317 1315/1315/1315
f 1316/1316/1316 1318/1318/1318 1315/1315/1315
f 1313/1313/1313 1318/1318/1318 1316/1316/1316
f 1311/1311/1311 1313/1313/1313 1316/1316/1316
f 1311/1311/1311 1316/1316/1316 87/87/87
f 88/88/88 1311/1311/1311 87/87/87
f 1320/1320/1320 1319/1319/1319 52/52/52
f 1069/1069/1069 1320/1320/1320 52/52/52
f 1322/1322/1322 1321/1321/1321 1319/1319/1319
f 1320/1320/1320 1322/1322/1322 1319/1319/1319
f 1317/1317/1317 1322/1322/1322 1320/1320/1320
f 1315/1315/1315 1317/1317/1317 1320/1320/1320
f 1315/1315/1315 1320/1320/1320 1069/1069/1069
f 86/86/86 1315/1315/1315 1069/1069/1069
f 1324/1324/1324 1323/1323/1323 50/50/50
f 51/51/51 1324/1324/1324 50/50/50
f 1326/1326/1326 1325/1325/1325 1323/1323/1323
f 1324/1324/1324 1326/1326/1326 1323/1323/1323
f 1321/1321/1321 1326/1326/1326 1324/1324/1324
f 1319/1319/1319 1321/1321/1321 1324/1324/1324
f 1319/1319/1319 1324/1324/1324 51/51/51
f 52/52/52 1319/1319/1319 51/51/51
f 1327/1327/1327 1200/1200/1200 531/531/531
f 862/862/862 1327/1327/1327 531/531/531
f 1328/1328/1328 1199/1199/1199 1200/1200/1200
f 1327/1327/1327 1328/1328/1328 1200/1200/1200
f 1325/1325/1325 1328/1328/1328 1327/1327/1327
f 1323/1323/1323 1325/1325/1325 1327/1327/1327
f 1323/1323/1323 1327/1327/1327 862/862/862
f 50/50/50 1323/1323/1323 862/862/862
f 1331/1331/1331 1330/1330/1330 1329/1329/1329
f 1332/1332/1332 1331/1331/1331 1329/1329/1329
f 574/574/574 571/571/571 1330/1330/1330
f 1331/1331/1331 574/574/574 1330/1330/1330
f 163/163/163 574/574/574 1331/1331/1331
f 1333/1333/1333 163/163/163 1331/1331/1331
f 1333/1333/1333 1331/1331/1331 1332/1332/1332
f 1334/1334/1334 1333/1333/1333 1332/1332/1332
f 1335/1335/1335 1333/1333/1333 1334/1334/1334
f 1336/1336/1336 1335/1335/1335 1334/1334/1334
f 166/166/166 163/163/163 1333/1333/1333
f 1335/1335/1335 166/166/166 1333/1333/1333
f 171/171/171 166/166/166 1335/1335/1335
f 1337/1337/1337 171/171/171 1335/1335/1335
f 1337/1337/1337 1335/1335/1335 1336/1336/1336
f 1338/1338/1338 1337/1337/1337 1336/1336/1336
f 1340/1340/1340 1339/1339/1339 34/34/34
f 1145/1145/1145 1340/1340/1340 34/34/34
f 1342/1342/1342 1341/1341/1341 1339/1339/1339
f 1340/1340/1340 1342/1342/1342 1339/1339/1339
f 1338/1338/1338 1342/1342/1342 1340/1340/1340
f 1337/1337/1337 1338/1338/1338 1340/1340/1340
f 1337/1337/1337 1340/1340/1340 1145/1145/1145
f 171/171/171 1337/1337/1337 1145/1145/1145
f 1344/1344/1344 1343/1343/1343 32/32/32
f 33/33/33 1344/1344/1344 32/32/32
f 1346/1346/1346 1345/1345/1345 1343/1343/1343
f 1344/1344/1344 1346/1346/1346 1343/1343/1343
f 1341/1341/1341 1346/1346/1346 1344/1344/1344
f 1339/1339/1339 1341/1341/1341 1344/1344/1344
f 1339/1339/1339 1344/1344/1344 33/33/33
f 34/34/34 1339/1339/1339 33/33/33
f 1348/1348/1348 1347/1347/1347 619/619/619
f 620/620/620 1348/1348/1348 619/619/619
f 1350/1350/1350 1349/1349/1349 1347/1347/1347
f 1348/1348/1348 1350/1350/1350 1347/1347/1347
f 1345/1345/1345 1350/1350/1350 1348/1348/1348
f 1343/1343/1343 1345/1345/1345 1348/1348/1348
f 1343/1343/1343 1348/1348/1348 620/620/620
f 32/32/32 1343/1343/1343 620/620/620
f 1352/1352/1352 1351/1351/1351 406/406/406
f 893/893/893 1352/1352/1352 406/406/406
f 1354/1354/1354 1353/1353/1353 1351/1351/1351
f 1352/1352/1352 1354/1354/1354 1351/1351/1351
f 1349/1349/1349 1354/1354/1354 1352/1352/1352
f 1347/1347/1347 1349/1349/1349 1352/1352/1352
f 1347/1347/1347 1352/1352/1352 893/893/893
f 619/619/619 1347/1347/1347 893/893/893
f 1356/1356/1356 1355/1355/1355 136/136/136
f 405/405/405 1356/1356/1356 136/136/136
f 1358/1358/1358 1357/1357/1357 1355/1355/1355
f 1356/1356/1356 1358/1358/1358 1355/1355/1355
f 1353/1353/1353 1358/1358/1358 1356/1356/1356
f 1351/1351/1351 1353/1353/1353 1356/1356/1356
f 1351/1351/1351 1356/1356/1356 405/405/405
f 406/406/406 1351/1351/1351 405/405/405
f 1359/1359/1359 1355/1355/1355 1357/1357/1357
f 1360/1360/1360 1359/1359/1359 1357/1357/1357
f 139/139/139 136/136/136 1355/1355/1355
f 1359/1359/1359 139/139/139 1355/1355/1355
f 144/144/144 139/139/139 1359/1359/1359
f 1361/1361/1361 144/144/144 1359/1359/1359
f 1361/1361/1361 1359/1359/1359 1360/1360/1360
f 1362/1362/1362 1361/1361/1361 1360/1360/1360
f 1364/1364/1364 1363/1363/1363 788/788/788
f 1092/1092/1092 1364/1364/1364 788/788/788
f 1366/1366/1366 1365/1365/1365 1363/1363/1363
f 1364/1364/1364 1366/1366/1366 1363/1363/1363
f 1362/1362/1362 1366/1366/1366 1364/1364/1364
f 1361/1361/1361 1362/1362/1362 1364/1364/1364
f 1361/1361/1361 1364/1364/1364 1092/1092/1092
f 144/144/144 1361/1361/1361 1092/1092/1092
f 1368/1368/1368 1367/1367/1367 106/106/106
f 787/787/787 1368/1368/1368 106/106/106
f 1370/1370/1370 1369/1369/1369 1367/1367/1367
f 1368/1368/1368 1370/1370/1370 1367/1367/1367
f 1365/1365/1365 1370/1370/1370 1368/1368/1368
f 1363/1363/1363 1365/1365/1365 1368/1368/1368
f 1363/1363/1363 1368/1368/1368 787/787/787
f 788/788/788 1363/1363/1363 787/787/787
f 1372/1372/1372 1371/1371/1371 104/104/104
f 105/105/105 1372/1372/1372 104/104/104
f 1374/1374/1374 1373/1373/1373 1371/1371/1371
f 1372/1372/1372 1374/1374/1374 1371/1371/1371
f 1369/1369/1369 1374/1374/1374 1372/1372/1372
f 1367/1367/1367 1369/1369/1369 1372/1372/1372
f 1367/1367/1367 1372/1372/1372 105/105/105
f 106/106/106 1367/1367/1367 105/105/105
f 1376/1376/1376 1375/1375/1375 64/64/64
f 713/713/713 1376/1376/1376 64/64/64
f 1378/1378/1378 1377/1377/1377 1375/1375/1375
f 1376/1376/1376 1378/1378/1378 1375/1375/1375
f 1373/1373/1373 1378/1378/1378 1376/1376/1376
f 1371/1371/1371 1373/1373/1373 1376/1376/1376
f 1371/1371/1371 1376/1376/1376 713/713/713
f 104/104/104 1371/1371/1371 713/713/713
f 1379/1379/1379 1375/1375/1375 1377/1377/1377
f 1380/1380/1380 1379/1379/1379 1377/1377/1377
f 67/67/67 64/64/64 1375/1375/1375
f 1379/1379/1379 67/67/67 1375/1375/1375
f 72/72/72 67/67/67 1379/1379/1379
f 1381/1381/1381 72/72/72 1379/1379/1379
f 1381/1381/1381 1379/1379/1379 1380/1380/1380
f 1382/1382/1382 1381/1381/1381 1380/1380/1380
f 1384/1384/1384 1383/1383/1383 43/43/43
f 1043/1043/1043 1384/1384/1384 43/43/43
f 1386/1386/1386 1385/1385/1385 1383/1383/1383
f 1384/1384/1384 1386/1386/1386 1383/1383/1383
f 1382/1382/1382 1386/1386/1386 1384/1384/1384
f 1381/1381/1381 1382/1382/1382 1384/1384/1384
f 1381/1381/1381 1384/1384/1384 1043/1043/1043
f 72/72/72 1381/1381/1381 1043/1043/1043
f 1388/1388/1388 1387/1387/1387 41/41/41
f 42/42/42 1388/1388/1388 41/41/41
f 1390/1390/1390 1389/1389/1389 1387/1387/1387
f 1388/1388/1388 1390/1390/1390 1387/1387/1387
f 1385/1385/1385 1390/1390/1390 1388/1388/1388
f 1383/1383/1383 1385/1385/1385 1388/1388/1388
f 1383/1383/1383 1388/1388/1388 42/42/42
f 43/43/43 1383/1383/1383 42/42/42
f 1392/1392/1392 1391/1391/1391 825/825/825
f 826/826/826 1392/1392/1392 825/825/825
f 1394/1394/1394 1393/1393/1393 1391/1391/1391
f 1392/1392/1392 1394/1394/1394 1391/1391/1391
f 1389/1389/1389 1394/1394/1394 1392/1392/1392
f 1387/1387/1387 1389/1389/1389 1392/1392/1392
f 1387/1387/1387 1392/1392/1392 826/826/826
f 41/41/41 1387/1387/1387 826/826/826
f 1397/1397/1397 1396/1396/1396 1395/1395/1395
f 1398/1398/1398 1397/1397/1397 1395/1395/1395
f 692/692/692 689/689/689 1396/1396/1396
f 1397/1397/1397 692/692/692 1396/1396/1396
f 10/10/10 692/692/692 1397/1397/1397
f 1399/1399/1399 10/10/10 1397/1397/1397
f 1399/1399/1399 1397/1397/1397 1398/1398/1398
f 1400/1400/1400 1399/1399/1399 1398/1398/1398
f 1401/1401/1401 1399/1399/1399 1400/1400/1400
f 1402/1402/1402 1401/1401/1401 1400/1400/1400
f 13/13/13 10/10/10 1399/1399/1399
f 1401/1401/1401 13/13/13 1399/1399/1399
f 18/18/18 13/13/13 1401/1401/1401
f 1403/1403/1403 18/18/18 1401/1401/1401
f 1403/1403/1403 1401/1401/1401 1402/1402/1402
f 1404/1404/1404 1403/1403/1403 1402/1402/1402
f 1405/1405/1405 1403/1403/1403 1404/1404/1404
f 1406/1406/1406 1405/1405/1405 1404/1404/1404
f 1189/1189/1189 18/18/18 1403/1403/1403
f 1405/1405/1405 1189/1189/1189 1403/1403/1403
f 208/208/208 1189/1189/1189 1405/1405/1405
f 1407/1407/1407 208/208/208 1405/1405/1405
f 1407/1407/1407 1405/1405/1405 1406/1406/1406
f 1408/1408/1408 1407/1407/1407 1406/1406/1406
f 1409/1409/1409 1407/1407/1407 1408/1408/1408
f 1410/1410/1410 1409/1409/1409 1408/1408/1408
f 211/211/211 208/208/208 1407/1407/1407
f 1409/1409/1409 211/211/211 1407/1407/1407
f 216/216/216 211/211/211 1409/1409/1409
f 1411/1411/1411 216/216/216 1409/1409/1409
f 1411/1411/1411 1409/1409/1409 1410/1410/1410
f 1412/1412/1412 1411/1411/1411 1410/1410/1410
f 1414/1414/1414 1413/1413/1413 535/535/535
f 536/536/536 1414/1414/1414 535/535/535
f 1416/1416/1416 1415/1415/1415 1413/1413/1413
f 1414/1414/1414 1416/1416/1416 1413/1413/1413
f 1412/1412/1412 1416/1416/1416 1414/1414/1414
f 1411/1411/1411 1412/1412/1412 1414/1414/1414
f 1411/1411/1411 1414/1414/1414 536/536/536
f 216/216/216 1411/1411/1411 536/536/536
f 1417/1417/1417 1413/1413/1413 1415/1415/1415
f 1418/1418/1418 1417/1417/1417 1415/1415/1415
f 861/861/861 535/535/535 1413/1413/1413
f 1417/1417/1417 861/861/861 1413/1413/1413
f 46/46/46 861/861/861 1417/1417/1417
f 1419/1419/1419 46/46/46 1417/1417/1417
f 1419/1419/1419 1417/1417/1417 1418/1418/1418
f 1420/1420/1420 1419/1419/1419 1418/1418/1418
f 1421/1421/1421 1419/1419/1419 1420/1420/1420
f 1422/1422/1422 1421/1421/1421 1420/1420/1420
f 49/49/49 46/46/46 1419/1419/1419
f 1421/1421/1421 49/49/49 1419/1419/1419
f 54/54/54 49/49/49 1421/1421/1421
f 1423/1423/1423 54/54/54 1421/1421/1421
f 1423/1423/1423 1421/1421/1421 1422/1422/1422
f 1424/1424/1424 1423/1423/1423 1422/1422/1422
f 1425/1425/1425 1423/1423/1423 1424/1424/1424
f 1426/1426/1426 1425/1425/1425 1424/1424/1424
f 1068/1068/1068 54/54/54 1423/1423/1423
f 1425/1425/1425 1068/1068/1068 1423/1423/1423
f 82/82/82 1068/1068/1068 1425/1425/1425
f 1427/1427/1427 82/82/82 1425/1425/1425
f 1427/1427/1427 1425/1425/1425 1426/1426/1426
f 1428/1428/1428 1427/1427/1427 1426/1426/1426
f 1429/1429/1429 1427/1427/1427 1428/1428/1428
f 1430/1430/1430 1429/1429/1429 1428/1428/1428
f 85/85/85 82/82/82 1427/1427/1427
f 1429/1429/1429 85/85/85 1427/1427/1427
f 90/90/90 85/85/85 1429/1429/1429
f 1431/1431/1431 90/90/90 1429/1429/1429
f 1431/1431/1431 1429/1429/1429 1430/1430/1430
f 1432/1432/1432 1431/1431/1431 1430/1430/1430
f 1433/1433/1433 1431/1431/1431 1432/1432/1432
f 1434/1434/1434 1433/1433/1433 1432/1432/1432
f 734/734/734 90/90/90 1431/1431/1431
f 1433/1433/1433 734/734/734 1431/1431/1431
f 118/118/118 734/734/734 1433/1433/1433
f 1435/1435/1435 118/118/118 1433/1433/1433
f 1435/1435/1435 1433/1433/1433 1434/1434/1434
f 1436/1436/1436 1435/1435/1435 1434/1434/1434
f 1437/1437/1437 1435/1435/1435 1436/1436/1436
f 1438/1438/1438 1437/1437/1437 1436/1436/1436
f 121/121/121 118/118/118 1435/1435/1435
f 1437/1437/1437 121/121/121 1435/1435/1435
f 126/126/126 121/121/121 1437/1437/1437
f 1439/1439/1439 126/126/126 1437/1437/1437
f 1439/1439/1439 1437/1437/1437 1438/1438/1438
f 1440/1440/1440 1439/1439/1439 1438/1438/1438
f 1441/1441/1441 1439/1439/1439 1440/1440/1440
f 1442/1442/1442 1441/1441/1441 1440/1440/1440
f 747/747/747 126/126/126 1439/1439/1439
f 1441/1441/1441 747/747/747 1439/1439/1439
f 751/751/751 747/747/747 1441/1441/1441
f 1443/1443/1443 751/751/751 1441/1441/1441
f 1443/1443/1443 1441/1441/1441 1442/1442/1442
f 1444/1444/1444 1443/1443/1443 1442/1442/1442
f 1445/1445/1445 1443/1443/1443 1444/1444/1444
f 1446/1446/1446 1445/1445/1445 1444/1444/1444
f 1126/1126/1126 751/751/751 1443/1443/1443
f 1445/1445/1445 1126/1126/1126 1443/1443/1443
f 154/154/154 1126/1126/1126 1445/1445/1445
f 1447/1447/1447 154/154/154 1445/1445/1445
f 1447/1447/1447 1445/1445/1445 1446/1446/1446
f 1448/1448/1448 1447/1447/1447 1446/1446/1446
f 1449/1449/1449 1447/1447/1447 1448/1448/1448
f 1450/1450/1450 1449/1449/1449 1448/1448/1448
f 157/157/157 154/154/154 1447/1447/1447
f 1449/1449/1449 157/157/157 1447/1447/1447
f 162/162/162 157/157/157 1449/1449/1449
f 1451/1451/1451 162/162/162 1449/1449/1449
f 1451/1451/1451 1449/1449/1449 1450/1450/1450
f 1452/1452/1452 1451/1451/1451 1450/1450/1450
f 1453/1453/1453 1451/1451/1451 1452/1452/1452
f 1454/1454/1454 1453/1453/1453 1452/1452/1452
f 422/422/422 162/162/162 1451/1451/1451
f 1453/1453/1453 422/422/422 1451/1451/1451
f 426/426/426 422/422/422 1453/1453/1453
f 1455/1455/1455 426/426/426 1453/1453/1453
f 1455/1455/1455 1453/1453/1453 1454/1454/1454
f 1456/1456/1456 1455/1455/1455 1454/1454/1454
f 1457/1457/1457 1455/1455/1455 1456/1456/1456
f 1458/1458/1458 1457/1457/1457 1456/1456/1456
f 915/915/915 426/426/426 1455/1455/1455
f 1457/1457/1457 915/915/915 1455/1455/1455
f 571/571/571 915/915/915 1457/1457/1457
f 1330/1330/1330 571/571/571 1457/1457/1457
f 1330/1330/1330 1457/1457/1457 1458/1458/1458
f 1329/1329/1329 1330/1330/1330 1458/1458/1458
f 1461/1461/1461 1460/1460/1460 1459/1459/1459
f 1462/1462/1462 1461/1461/1461 1459/1459/1459
f 1464/1464/1464 1463/1463/1463 1460/1460/1460
f 1461/1461/1461 1464/1464/1464 1460/1460/1460
f 1465/1465/1465 1464/1464/1464 1461/1461/1461
f 1466/1466/1466 1465/1465/1465 1461/1461/1461
f 1466/1466/1466 1461/1461/1461 1462/1462/1462
f 1467/1467/1467 1466/1466/1466 1462/1462/1462
f 1468/1468/1468 1466/1466/1466 1467/1467/1467
f 1469/1469/1469 1468/1468/1468 1467/1467/1467
f 1470/1470/1470 1465/1465/1465 1466/1466/1466
f 1468/1468/1468 1470/1470/1470 1466/1466/1466
f 1471/1471/1471 1470/1470/1470 1468/1468/1468
f 1472/1472/1472 1471/1471/1471 1468/1468/1468
f 1472/1472/1472 1468/1468/1468 1469/1469/1469
f 1473/1473/1473 1472/1472/1472 1469/1469/1469
f 1476/1476/1476 1475/1475/1475 1474/1474/1474
f 1477/1477/1477 1476/1476/1476 1474/1474/1474
f 1479/1479/1479 1478/1478/1478 1475/1475/1475
f 1476/1476/1476 1479/1479/1479 1475/1475/1475
f 1473/1473/1473 1479/1479/1479 1476/1476/1476
f 1472/1472/1472 1473/1473/1473 1476/1476/1476
f 1472/1472/1472 1476/1476/1476 1477/1477/1477
f 1471/1471/1471 1472/1472/1472 1477/1477/1477
f 1482/1482/1482 1481/1481/1481 1480/1480/1480
f 1483/1483/1483 1482/1482/1482 1480/1480/1480
f 1485/1485/1485 1484/1484/1484 1481/1481/1481
f 1482/1482/1482 1485/1485/1485 1481/1481/1481
f 1478/1478/1478 1485/1485/1485 1482/1482/1482
f 1475/1475/1475 1478/1478/1478 1482/1482/1482
f 1475/1475/1475 1482/1482/1482 1483/1483/1483
f 1474/1474/1474 1475/1475/1475 1483/1483/1483
f 1488/1488/1488 1487/1487/1487 1486/1486/1486
f 1489/1489/1489 1488/1488/1488 1486/1486/1486
f 1491/1491/1491 1490/1490/1490 1487/1487/1487
f 1488/1488/1488 1491/1491/1491 1487/1487/1487
f 1484/1484/1484 1491/1491/1491 1488/1488/1488
f 1481/1481/1481 1484/1484/1484 1488/1488/1488
f 1481/1481/1481 1488/1488/1488 1489/1489/1489
f 1480/1480/1480 1481/1481/1481 1489/1489/1489
f 1494/1494/1494 1493/1493/1493 1492/1492/1492
f 1495/1495/1495 1494/1494/1494 1492/1492/1492
f 1497/1497/1497 1496/1496/1496 1493/1493/1493
f 1494/1494/1494 1497/1497/1497 1493/1493/1493
f 1490/1490/1490 1497/1497/1497 1494/1494/1494
f 1487/1487/1487 1490/1490/1490 1494/1494/1494
f 1487/1487/1487 1494/1494/1494 1495/1495/1495
f 1486/1486/1486 1487/1487/1487 1495/1495/1495
f 1500/1500/1500 1499/1499/1499 1498/1498/1498
f 1501/1501/1501 1500/1500/1500 1498/1498/1498
f 1503/1503/1503 1502/1502/1502 1499/1499/1499
f 1500/1500/1500 1503/1503/1503 1499/1499/1499
f 1496/1496/1496 1503/1503/1503 1500/1500/1500
f 1493/1493/1493 1496/1496/1496 1500/1500/1500
f 1493/1493/1493 1500/1500/1500 1501/1501/1501
f 1492/1492/1492 1493/1493/1493 1501/1501/1501
f 1504/1504/1504 1499/1499/1499 1502/1502/1502
f 1505/1505/1505 1504/1504/1504 1502/1502/1502
f 1506/1506/1506 1498/1498/1498 1499/1499/1499
f 1504/1504/1504 1506/1506/1506 1499/1499/1499
f 1507/1507/1507 1506/1506/1506 1504/1504/1504
f 1508/1508/1508 1507/1507/1507 1504/1504/1504
f 1508/1508/1508 1504/1504/1504 1505/1505/1505
f 1509/1509/1509 1508/1508/1508 1505/1505/1505
f 1512/1512/1512 1511/1511/1511 1510/1510/1510
f 1513/1513/1513 1512/1512/1512 1510/1510/1510
f 1515/1515/1515 1514/1514/1514 1511/1511/1511
f 1512/1512/1512 1515/1515/1515 1511/1511/1511
f 1509/1509/1509 1515/1515/1515 1512/1512/1512
f 1508/1508/1508 1509/1509/1509 1512/1512/1512
f 1508/1508/1508 1512/1512/1512 1513/1513/1513
f 1507/1507/1507 1508/1508/1508 1513/1513/1513
f 1518/1518/1518 1517/1517/1517 1516/1516/1516
f 1519/1519/1519 1518/1518/1518 1516/1516/1516
f 1521/1521/1521 1520/1520/1520 1517/1517/1517
f 1518/1518/1518 1521/1521/1521 1517/1517/1517
f 1514/1514/1514 1521/1521/1521 1518/1518/1518
f 1511/1511/1511 1514/1514/1514 1518/1518/1518
f 1511/1511/1511 1518/1518/1518 1519/1519/1519
f 1510/1510/1510 1511/1511/1511 1519/1519/1519
f 1524/1524/1524 1523/1523/1523 1522/1522/1522
f 1525/1525/1525 1524/1524/1524 1522/1522/1522
f 1527/1527/1527 1526/1526/1526 1523/1523/1523
f 1524/1524/1524 1527/1527/1527 1523/1523/1523
f 1520/1520/1520 1527/1527/1527 1524/1524/1524
f 1517/1517/1517 1520/1520/1520 1524/1524/1524
f 1517/1517/1517 1524/1524/1524 1525/1525/1525
f 1516/1516/1516 1517/1517/1517 1525/1525/1525
f 1530/1530/1530 1529/1529/1529 1528/1528/1528
f 1531/1531/1531 1530/1530/1530 1528/1528/1528
f 1533/1533/1533 1532/1532/1532 1529/1529/1529
f 1530/1530/1530 1533/1533/1533 1529/1529/1529
f 1526/1526/1526 1533/1533/1533 1530/1530/1530
f 1523/1523/1523 1526/1526/1526 1530/1530/1530
f 1523/1523/1523 1530/1530/1530 1531/1531/1531
f 1522/1522/1522 1523/1523/1523 1531/1531/1531
f 1534/1534/1534 1529/1529/1529 1532/1532/1532
f 1535/1535/1535 1534/1534/1534 1532/1532/1532
f 1536/1536/1536 1528/1528/1528 1529/1529/1529
f 1534/1534/1534 1536/1536/1536 1529/1529/1529
f 1537/1537/1537 1536/1536/1536 1534/1534/1534
f 1538/1538/1538 1537/1537/1537 1534/1534/1534
f 1538/1538/1538 1534/1534/1534 1535/1535/1535
f 1539/1539/1539 1538/1538/1538 1535/1535/1535
f 1542/1542/1542 1541/1541/1541 1540/1540/1540
f 1543/1543/1543 1542/1542/1542 1540/1540/1540
f 1545/1545/1545 1544/1544/1544 1541/1541/1541
f 1542/1542/1542 1545/1545/1545 1541/1541/1541
f 1539/1539/1539 1545/1545/1545 1542/1542/1542
f 1538/1538/1538 1539/1539/1539 1542/1542/1542
f 1538/1538/1538 1542/1542/1542 1543/1543/1543
f 1537/1537/1537 1538/1538/1538 1543/1543/1543
f 1548/1548/1548 1547/1547/1547 1546/1546/1546
f 1549/1549/1549 1548/1548/1548 1546/1546/1546
f 1551/1551/1551 1550/1550/1550 1547/1547/1547
f 1548/1548/1548 1551/1551/1551 1547/1547/1547
f 1544/1544/1544 1551/1551/1551 1548/1548/1548
f 1541/1541/1541 1544/1544/1544 1548/1548/1548
f 1541/1541/1541 1548/1548/1548 1549/1549/1549
f 1540/1540/1540 1541/1541/1541 1549/1549/1549
f 1554/1554/1554 1553/1553/1553 1552/1552/1552
f 1555/1555/1555 1554/1554/1554 1552/1552/1552
f 1557/1557/1557 1556/1556/1556 1553/1553/1553
f 1554/1554/1554 1557/1557/1557 1553/1553/1553
f 1550/1550/1550 1557/1557/1557 1554/1554/1554
f 1547/1547/1547 1550/1550/1550 1554/1554/1554
f 1547/1547/1547 1554/1554/1554 1555/1555/1555
f 1546/1546/1546 1547/1547/1547 1555/1555/1555
f 1560/1560/1560 1559/1559/1559 1558/1558/1558
f 1561/1561/1561 1560/1560/1560 1558/1558/1558
f 1563/1563/1563 1562/1562/1562 1559/1559/1559
f 1560/1560/1560 1563/1563/1563 1559/1559/1559
f 1564/1564/1564 1563/1563/1563 1560/1560/1560
f 1565/1565/1565 1564/1564/1564 1560/1560/1560
f 1565/1565/1565 1560/1560/1560 1561/1561/1561
f 1566/1566/1566 1565/1565/1565 1561/1561/1561
f 1567/1567/1567 1565/1565/1565 1566/1566/1566
f 1568/1568/1568 1567/1567/1567 1566/1566/1566
f 1569/1569/1569 1564/1564/1564 1565/1565/1565
f 1567/1567/1567 1569/1569/1569 1565/1565/1565
f 1570/1570/1570 1569/1569/1569 1567/1567/1567
f 1571/1571/1571 1570/1570/1570 1567/1567/1567
f 1571/1571/1571 1567/1567/1567 1568/1568/1568
f 1572/1572/1572 1571/1571/1571 1568/1568/1568
f 1573/1573/1573 1571/1571/1571 1572/1572/1572
f 1574/1574/1574 1573/1573/1573 1572/1572/1572
f 1575/1575/1575 1570/1570/1570 1571/1571/1571
f 1573/1573/1573 1575/1575/1575 1571/1571/1571
f 1576/1576/1576 1575/1575/1575 1573/1573/1573
f 1577/1577/1577 1576/1576/1576 1573/1573/1573
f 1577/1577/1577 1573/1573/1573 1574/1574/1574
f 1578/1578/1578 1577/1577/1577 1574/1574/1574
f 1579/1579/1579 1577/1577/1577 1578/1578/1578
f 1580/1580/1580 1579/1579/1579 1578/1578/1578
f 1581/1581/1581 1576/1576/1576 1577/1577/1577
f 1579/1579/1579 1581/1581/1581 1577/1577/1577
f 1582/1582/1582 1581/1581/1581 1579/1579/1579
f 1583/1583/1583 1582/1582/1582 1579/1579/1579
f 1583/1583/1583 1579/1579/1579 1580/1580/1580
f 1584/1584/1584 1583/1583/1583 1580/1580/1580
f 1587/1587/1587 1586/1586/1586 1585/1585/1585
f 1588/1588/1588 1587/1587/1587 1585/1585/1585
f 1590/1590/1590 1589/1589/1589 1586/1586/1586
f 1587/1587/1587 1590/1590/1590 1586/1586/1586
f 1584/1584/1584 1590/1590/1590 1587/1587/1587
f 1583/1583/1583 1584/1584/1584 1587/1587/1587
f 1583/1583/1583 1587/1587/1587 1588/1588/1588
f 1582/1582/1582 1583/1583/1583 1588/1588/1588
f 1591/1591/1591 1586/1586/1586 1589/1589/1589
f 1592/1592/1592 1591/1591/1591 1589/1589/1589
f 1593/1593/1593 1585/1585/1585 1586/1586/1586
f 1591/1591/1591 1593/1593/1593 1586/1586/1586
f 1594/1594/1594 1593/1593/1593 1591/1591/1591
f 1595/1595/1595 1594/1594/1594 1591/1591/1591
f 1595/1595/1595 1591/1591/1591 1592/1592/1592
f 1596/1596/1596 1595/1595/1595 1592/1592/1592
f 1597/1597/1597 1595/1595/1595 1596/1596/1596
f 1598/1598/1598 1597/1597/1597 1596/1596/1596
f 1599/1599/1599 1594/1594/1594 1595/1595/1595
f 1597/1597/1597 1599/1599/1599 1595/1595/1595
f 1600/1600/1600 1599/1599/1599 1597/1597/1597
f 1601/1601/1601 1600/1600/1600 1597/1597/1597
f 1601/1601/1601 1597/1597/1597 1598/1598/1598
f 1602/1602/1602 1601/1601/1601 1598/1598/1598
f 1603/1603/1603 1601/1601/1601 1602/1602/1602
f 1604/1604/1604 1603/1603/1603 1602/1602/1602
f 1605/1605/1605 1600/1600/1600 1601/1601/1601
f 1603/1603/1603 1605/1605/1605 1601/1601/1601
f 1606/1606/1606 1605/1605/1605 1603/1603/1603
f 1607/1607/1607 1606/1606/1606 1603/1603/1603
f 1607/1607/1607 1603/1603/1603 1604/1604/1604
f 1608/1608/1608 1607/1607/1607 1604/1604/1604
f 1609/1609/1609 1607/1607/1607 1608/1608/1608
f 1610/1610/1610 1609/1609/1609 1608/1608/1608
f 1611/1611/1611 1606/1606/1606 1607/1607/1607
f 1609/1609/1609 1611/1611/1611 1607/1607/1607
f 1612/1612/1612 1611/1611/1611 1609/1609/1609
f 1613/1613/1613 1612/1612/1612 1609/1609/1609
f 1613/1613/1613 1609/1609/1609 1610/1610/1610
f 1614/1614/1614 1613/1613/1613 1610/1610/1610
f 1615/1615/1615 1613/1613/1613 1614/1614/1614
f 1616/1616/1616 1615/1615/1615 1614/1614/1614
f 1617/1617/1617 1612/1612/1612 1613/1613/1613
f 1615/1615/1615 1617/1617/1617 1613/1613/1613
f 1618/1618/1618 1617/1617/1617 1615/1615/1615
f 1619/1619/1619 1618/1618/1618 1615/1615/1615
f 1619/1619/1619 1615/1615/1615 1616/1616/1616
f 1620/1620/1620 1619/1619/1619 1616/1616/1616
f 1621/1621/1621 1619/1619/1619 1620/1620/1620
f 1622/1622/1622 1621/1621/1621 1620/1620/1620
f 1623/1623/1623 1618/1618/1618 1619/1619/1619
f 1621/1621/1621 1623/1623/1623 1619/1619/1619
f 1624/1624/1624 1623/1623/1623 1621/1621/1621
f 1625/1625/1625 1624/1624/1624 1621/1621/1621
f 1625/1625/1625 1621/1621/1621 1622/1622/1622
f 1626/1626/1626 1625/1625/1625 1622/1622/1622
f 1627/1627/1627 1625/1625/1625 1626/1626/1626
f 1628/1628/1628 1627/1627/1627 1626/1626/1626
f 1629/1629/1629 1624/1624/1624 1625/1625/1625
f 1627/1627/1627 1629/1629/1629 1625/1625/1625
f 1630/1630/1630 1629/1629/1629 1627/1627/1627
f 1631/1631/1631 1630/1630/1630 1627/1627/1627
f 1631/1631/1631 1627/1627/1627 1628/1628/1628
f 1632/1632/1632 1631/1631/1631 1628/1628/1628
f 1633/1633/1633 1631/1631/1631 1632/1632/1632
f 1634/1634/1634 1633/1633/1633 1632/1632/1632
f 1635/1635/1635 1630/1630/1630 1631/1631/1631
f 1633/1633/1633 1635/1635/1635 1631/1631/1631
f 1636/1636/1636 1635/1635/1635 1633/1633/1633
f 1637/1637/1637 1636/1636/1636 1633/1633/1633
f 1637/1637/1637 1633/1633/1633 1634/1634/1634
f 1638/1638/1638 1637/1637/1637 1634/1634/1634
f 1639/1639/1639 1637/1637/1637 1638/1638/1638
f 1640/1640/1640 1639/1639/1639 1638/1638/1638
f 1641/1641/1641 1636/1636/1636 1637/1637/1637
f 1639/1639/1639 1641/1641/1641 1637/1637/1637
f 1642/1642/1642 1641/1641/1641 1639/1639/1639
f 1643/1643/1643 1642/1642/1642 1639/1639/1639
f 1643/1643/1643 1639/1639/1639 1640/1640/1640
f 1644/1644/1644 1643/1643/1643 1640/1640/1640
f 1645/1645/1645 1643/1643/1643 1644/1644/1644
f 1646/1646/1646 1645/1645/1645 1644/1644/1644
f 1647/1647/1647 1642/1642/1642 1643/1643/1643
f 1645/1645/1645 1647/1647/1647 1643/1643/1643
f 1648/1648/1648 1647/1647/1647 1645/1645/1645
f 1649/1649/1649 1648/1648/1648 1645/1645/1645
f 1649/1649/1649 1645/1645/1645 1646/1646/1646
f 1650/1650/1650 1649/1649/1649 1646/1646/1646
f 1651/1651/1651 1649/1649/1649 1650/1650/1650
f 1652/1652/1652 1651/1651/1651 1650/1650/1650
f 1653/1653/1653 1648/1648/1648 1649/1649/1649
f 1651/1651/1651 1653/1653/1653 1649/1649/1649
f 1463/1463/1463 1653/1653/1653 1651/1651/1651
f 1460/1460/1460 1463/1463/1463 1651/1651/1651
f 1460/1460/1460 1651/1651/1651 1652/1652/1652
f 1459/1459/1459 1460/1460/1460 1652/1652/1652
f 1655/1655/1655 1654/1654/1654 919/919/919
f 920/920/920 1655/1655/1655 919/919/919
f 1202/1202/1202 1199/1199/1199 1654/1654/1654
f 1655/1655/1655 1202/1202/1202 1654/1654/1654
f 1204/1204/1204 1202/1202/1202 1655/1655/1655
f 1656/1656/1656 1204/1204/1204 1655/1655/1655
f 1656/1656/1656 1655/1655/1655 920/920/920
f 921/921/921 1656/1656/1656 920/920/920
f 1658/1658/1658 1657/1657/1657 1207/1207/1207
f 1208/1208/1208 1658/1658/1658 1207/1207/1207
f 925/925/925 926/926/926 1657/1657/1657
f 1658/1658/1658 925/925/925 1657/1657/1657
f 921/921/921 925/925/925 1658/1658/1658
f 1656/1656/1656 921/921/921 1658/1658/1658
f 1656/1656/1656 1658/1658/1658 1208/1208/1208
f 1204/1204/1204 1656/1656/1656 1208/1208/1208
f 1660/1660/1660 1659/1659/1659 1211/1211/1211
f 1212/1212/1212 1660/1660/1660 1211/1211/1211
f 1187/1187/1187 932/932/932 1659/1659/1659
f 1660/1660/1660 1187/1187/1187 1659/1659/1659
f 926/926/926 1187/1187/1187 1660/1660/1660
f 1657/1657/1657 926/926/926 1660/1660/1660
f 1657/1657/1657 1660/1660/1660 1212/1212/1212
f 1207/1207/1207 1657/1657/1657 1212/1212/1212
f 1662/1662/1662 1661/1661/1661 1215/1215/1215
f 1216/1216/1216 1662/1662/1662 1215/1215/1215
f 930/930/930 927/927/927 1661/1661/1661
f 1662/1662/1662 930/930/930 1661/1661/1661
f 932/932/932 930/930/930 1662/1662/1662
f 1659/1659/1659 932/932/932 1662/1662/1662
f 1659/1659/1659 1662/1662/1662 1216/1216/1216
f 1211/1211/1211 1659/1659/1659 1216/1216/1216
f 1664/1664/1664 1663/1663/1663 1219/1219/1219
f 1220/1220/1220 1664/1664/1664 1219/1219/1219
f 936/936/936 933/933/933 1663/1663/1663
f 1664/1664/1664 936/936/936 1663/1663/1663
f 927/927/927 936/936/936 1664/1664/1664
f 1661/1661/1661 927/927/927 1664/1664/1664
f 1661/1661/1661 1664/1664/1664 1220/1220/1220
f 1215/1215/1215 1661/1661/1661 1220/1220/1220
f 1666/1666/1666 1665/1665/1665 940/940/940
f 941/941/941 1666/1666/1666 940/940/940
f 1224/1224/1224 1221/1221/1221 1665/1665/1665
f 1666/1666/1666 1224/1224/1224 1665/1665/1665
f 1226/1226/1226 1224/1224/1224 1666/1666/1666
f 1667/1667/1667 1226/1226/1226 1666/1666/1666
f 1667/1667/1667 1666/1666/1666 941/941/941
f 942/942/942 1667/1667/1667 941/941/941
f 1668/1668/1668 1667/1667/1667 942/942/942
f 945/945/945 1668/1668/1668 942/942/942
f 1228/1228/1228 1226/1226/1226 1667/1667/1667
f 1668/1668/1668 1228/1228/1228 1667/1667/1667
f 1230/1230/1230 1228/1228/1228 1668/1668/1668
f 1669/1669/1669 1230/1230/1230 1668/1668/1668
f 1669/1669/1669 1668/1668/1668 945/945/945
f 946/946/946 1669/1669/1669 945/945/945
f 1670/1670/1670 1669/1669/1669 946/946/946
f 1046/1046/1046 1670/1670/1670 946/946/946
f 1232/1232/1232 1230/1230/1230 1669/1669/1669
f 1670/1670/1670 1232/1232/1232 1669/1669/1669
f 1234/1234/1234 1232/1232/1232 1670/1670/1670
f 1671/1671/1671 1234/1234/1234 1670/1670/1670
f 1671/1671/1671 1670/1670/1670 1046/1046/1046
f 950/950/950 1671/1671/1671 1046/1046/1046
f 1673/1673/1673 1672/1672/1672 1237/1237/1237
f 1238/1238/1238 1673/1673/1673 1237/1237/1237
f 951/951/951 952/952/952 1672/1672/1672
f 1673/1673/1673 951/951/951 1672/1672/1672
f 950/950/950 951/951/951 1673/1673/1673
f 1671/1671/1671 950/950/950 1673/1673/1673
f 1671/1671/1671 1673/1673/1673 1238/1238/1238
f 1234/1234/1234 1671/1671/1671 1238/1238/1238
f 1674/1674/1674 1672/1672/1672 952/952/952
f 957/957/957 1674/1674/1674 952/952/952
f 1240/1240/1240 1237/1237/1237 1672/1672/1672
f 1674/1674/1674 1240/1240/1240 1672/1672/1672
f 1242/1242/1242 1240/1240/1240 1674/1674/1674
f 1675/1675/1675 1242/1242/1242 1674/1674/1674
f 1675/1675/1675 1674/1674/1674 957/957/957
f 958/958/958 1675/1675/1675 957/957/957
f 1676/1676/1676 1675/1675/1675 958/958/958
f 963/963/963 1676/1676/1676 958/958/958
f 1244/1244/1244 1242/1242/1242 1675/1675/1675
f 1676/1676/1676 1244/1244/1244 1675/1675/1675
f 1246/1246/1246 1244/1244/1244 1676/1676/1676
f 1677/1677/1677 1246/1246/1246 1676/1676/1676
f 1677/1677/1677 1676/1676/1676 963/963/963
f 964/964/964 1677/1677/1677 963/963/963
f 1678/1678/1678 1677/1677/1677 964/964/964
f 969/969/969 1678/1678/1678 964/964/964
f 1248/1248/1248 1246/1246/1246 1677/1677/1677
f 1678/1678/1678 1248/1248/1248 1677/1677/1677
f 1250/1250/1250 1248/1248/1248 1678/1678/1678
f 1679/1679/1679 1250/1250/1250 1678/1678/1678
f 1679/1679/1679 1678/1678/1678 969/969/969
f 970/970/970 1679/1679/1679 969/969/969
f 1680/1680/1680 1679/1679/1679 970/970/970
f 1095/1095/1095 1680/1680/1680 970/970/970
f 1252/1252/1252 1250/1250/1250 1679/1679/1679
f 1680/1680/1680 1252/1252/1252 1679/1679/1679
f 1254/1254/1254 1252/1252/1252 1680/1680/1680
f 1681/1681/1681 1254/1254/1254 1680/1680/1680
f 1681/1681/1681 1680/1680/1680 1095/1095/1095
f 974/974/974 1681/1681/1681 1095/1095/1095
f 1683/1683/1683 1682/1682/1682 1257/1257/1257
f 1258/1258/1258 1683/1683/1683 1257/1257/1257
f 975/975/975 976/976/976 1682/1682/1682
f 1683/1683/1683 975/975/975 1682/1682/1682
f 974/974/974 975/975/975 1683/1683/1683
f 1681/1681/1681 974/974/974 1683/1683/1683
f 1681/1681/1681 1683/1683/1683 1258/1258/1258
f 1254/1254/1254 1681/1681/1681 1258/1258/1258
f 1684/1684/1684 1682/1682/1682 976/976/976
f 979/979/979 1684/1684/1684 976/976/976
f 1260/1260/1260 1257/1257/1257 1682/1682/1682
f 1684/1684/1684 1260/1260/1260 1682/1682/1682
f 1262/1262/1262 1260/1260/1260 1684/1684/1684
f 1685/1685/1685 1262/1262/1262 1684/1684/1684
f 1685/1685/1685 1684/1684/1684 979/979/979
f 980/980/980 1685/1685/1685 979/979/979
f 1686/1686/1686 1685/1685/1685 980/980/980
f 983/983/983 1686/1686/1686 980/980/980
f 1264/1264/1264 1262/1262/1262 1685/1685/1685
f 1686/1686/1686 1264/1264/1264 1685/1685/1685
f 1266/1266/1266 1264/1264/1264 1686/1686/1686
f 1687/1687/1687 1266/1266/1266 1686/1686/1686
f 1687/1687/1687 1686/1686/1686 983/983/983
f 984/984/984 1687/1687/1687 983/983/983
f 1688/1688/1688 1687/1687/1687 984/984/984
f 987/987/987 1688/1688/1688 984/984/984
f 1268/1268/1268 1266/1266/1266 1687/1687/1687
f 1688/1688/1688 1268/1268/1268 1687/1687/1687
f 1270/1270/1270 1268/1268/1268 1688/1688/1688
f 1689/1689/1689 1270/1270/1270 1688/1688/1688
f 1689/1689/1689 1688/1688/1688 987/987/987
f 988/988/988 1689/1689/1689 987/987/987
f 1690/1690/1690 1689/1689/1689 988/988/988
f 991/991/991 1690/1690/1690 988/988/988
f 1272/1272/1272 1270/1270/1270 1689/1689/1689
f 1690/1690/1690 1272/1272/1272 1689/1689/1689
f 1274/1274/1274 1272/1272/1272 1690/1690/1690
f 1691/1691/1691 1274/1274/1274 1690/1690/1690
f 1691/1691/1691 1690/1690/1690 991/991/991
f 992/992/992 1691/1691/1691 991/991/991
f 1692/1692/1692 1691/1691/1691 992/992/992
f 1148/1148/1148 1692/1692/1692 992/992/992
f 1276/1276/1276 1274/1274/1274 1691/1691/1691
f 1692/1692/1692 1276/1276/1276 1691/1691/1691
f 1278/1278/1278 1276/1276/1276 1692/1692/1692
f 1693/1693/1693 1278/1278/1278 1692/1692/1692
f 1693/1693/1693 1692/1692/1692 1148/1148/1148
f 996/996/996 1693/1693/1693 1148/1148/1148
f 1695/1695/1695 1694/1694/1694 1281/1281/1281
f 1282/1282/1282 1695/1695/1695 1281/1281/1281
f 997/997/997 998/998/998 1694/1694/1694
f 1695/1695/1695 997/997/997 1694/1694/1694
f 996/996/996 997/997/997 1695/1695/1695
f 1693/1693/1693 996/996/996 1695/1695/1695
f 1693/1693/1693 1695/1695/1695 1282/1282/1282
f 1278/1278/1278 1693/1693/1693 1282/1282/1282
f 1697/1697/1697 1696/1696/1696 1285/1285/1285
f 1286/1286/1286 1697/1697/1697 1285/1285/1285
f 1002/1002/1002 999/999/999 1696/1696/1696
f 1697/1697/1697 1002/1002/1002 1696/1696/1696
f 998/998/998 1002/1002/1002 1697/1697/1697
f 1694/1694/1694 998/998/998 1697/1697/1697
f 1694/1694/1694 1697/1697/1697 1286/1286/1286
f 1281/1281/1281 1694/1694/1694 1286/1286/1286
f 1699/1699/1699 1698/1698/1698 1289/1289/1289
f 1290/1290/1290 1699/1699/1699 1289/1289/1289
f 1006/1006/1006 1003/1003/1003 1698/1698/1698
f 1699/1699/1699 1006/1006/1006 1698/1698/1698
f 999/999/999 1006/1006/1006 1699/1699/1699
f 1696/1696/1696 999/999/999 1699/1699/1699
f 1696/1696/1696 1699/1699/1699 1290/1290/1290
f 1285/1285/1285 1696/1696/1696 1290/1290/1290
f 1701/1701/1701 1700/1700/1700 1293/1293/1293
f 1294/1294/1294 1701/1701/1701 1293/1293/1293
f 1010/1010/1010 1007/1007/1007 1700/1700/1700
f 1701/1701/1701 1010/1010/1010 1700/1700/1700
f 1003/1003/1003 1010/1010/1010 1701/1701/1701
f 1698/1698/1698 1003/1003/1003 1701/1701/1701
f 1698/1698/1698 1701/1701/1701 1294/1294/1294
f 1289/1289/1289 1698/1698/1698 1294/1294/1294
f 1703/1703/1703 1702/1702/1702 1297/1297/1297
f 1298/1298/1298 1703/1703/1703 1297/1297/1297
f 1013/1013/1013 1014/1014/1014 1702/1702/1702
f 1703/1703/1703 1013/1013/1013 1702/1702/1702
f 1007/1007/1007 1013/1013/1013 1703/1703/1703
f 1700/1700/1700 1007/1007/1007 1703/1703/1703
f 1700/1700/1700 1703/1703/1703 1298/1298/1298
f 1293/1293/1293 1700/1700/1700 1298/1298/1298
f 1705/1705/1705 1704/1704/1704 1301/1301/1301
f 1302/1302/1302 1705/1705/1705 1301/1301/1301
f 1124/1124/1124 1020/1020/1020 1704/1704/1704
f 1705/1705/1705 1124/1124/1124 1704/1704/1704
f 1014/1014/1014 1124/1124/1124 1705/1705/1705
f 1702/1702/1702 1014/1014/1014 1705/1705/1705
f 1702/1702/1702 1705/1705/1705 1302/1302/1302
f 1297/1297/1297 1702/1702/1702 1302/1302/1302
f 1707/1707/1707 1706/1706/1706 1305/1305/1305
f 1306/1306/1306 1707/1707/1707 1305/1305/1305
f 1018/1018/1018 1015/1015/1015 1706/1706/1706
f 1707/1707/1707 1018/1018/1018 1706/1706/1706
f 1020/1020/1020 1018/1018/1018 1707/1707/1707
f 1704/1704/1704 1020/1020/1020 1707/1707/1707
f 1704/1704/1704 1707/1707/1707 1306/1306/1306
f 1301/1301/1301 1704/1704/1704 1306/1306/1306
f 1709/1709/1709 1708/1708/1708 1309/1309/1309
f 1310/1310/1310 1709/1709/1709 1309/1309/1309
f 1024/1024/1024 1021/1021/1021 1708/1708/1708
f 1709/1709/1709 1024/1024/1024 1708/1708/1708
f 1015/1015/1015 1024/1024/1024 1709/1709/1709
f 1706/1706/1706 1015/1015/1015 1709/1709/1709
f 1706/1706/1706 1709/1709/1709 1310/1310/1310
f 1305/1305/1305 1706/1706/1706 1310/1310/1310
f 1711/1711/1711 1710/1710/1710 1313/1313/1313
f 1314/1314/1314 1711/1711/1711 1313/1313/1313
f 1028/1028/1028 1025/1025/1025 1710/1710/1710
f 1711/1711/1711 1028/1028/1028 1710/1710/1710
f 1021/1021/1021 1028/1028/1028 1711/1711/1711
f 1708/1708/1708 1021/1021/1021 1711/1711/1711
f 1708/1708/1708 1711/1711/1711 1314/1314/1314
f 1309/1309/1309 1708/1708/1708 1314/1314/1314
f 1713/1713/1713 1712/1712/1712 1317/1317/1317
f 1318/1318/1318 1713/1713/1713 1317/1317/1317
f 1031/1031/1031 1032/1032/1032 1712/1712/1712
f 1713/1713/1713 1031/1031/1031 1712/1712/1712
f 1025/1025/1025 1031/1031/1031 1713/1713/1713
f 1710/1710/1710 1025/1025/1025 1713/1713/1713
f 1710/1710/1710 1713/1713/1713 1318/1318/1318
f 1313/1313/1313 1710/1710/1710 1318/1318/1318
f 1715/1715/1715 1714/1714/1714 1321/1321/1321
f 1322/1322/1322 1715/1715/1715 1321/1321/1321
f 1066/1066/1066 1038/1038/1038 1714/1714/1714
f 1715/1715/1715 1066/1066/1066 1714/1714/1714
f 1032/1032/1032 1066/1066/1066 1715/1715/1715
f 1712/1712/1712 1032/1032/1032 1715/1715/1715
f 1712/1712/1712 1715/1715/1715 1322/1322/1322
f 1317/1317/1317 1712/1712/1712 1322/1322/1322
f 1717/1717/1717 1716/1716/1716 1325/1325/1325
f 1326/1326/1326 1717/1717/1717 1325/1325/1325
f 1036/1036/1036 1033/1033/1033 1716/1716/1716
f 1717/1717/1717 1036/1036/1036 1716/1716/1716
f 1038/1038/1038 1036/1036/1036 1717/1717/1717
f 1714/1714/1714 1038/1038/1038 1717/1717/1717
f 1714/1714/1714 1717/1717/1717 1326/1326/1326
f 1321/1321/1321 1714/1714/1714 1326/1326/1326
f 1718/1718/1718 1654/1654/1654 1199/1199/1199
f 1328/1328/1328 1718/1718/1718 1199/1199/1199
f 1040/1040/1040 919/919/919 1654/1654/1654
f 1718/1718/1718 1040/1040/1040 1654/1654/1654
f 1033/1033/1033 1040/1040/1040 1718/1718/1718
f 1716/1716/1716 1033/1033/1033 1718/1718/1718
f 1716/1716/1716 1718/1718/1718 1328/1328/1328
f 1325/1325/1325 1716/1716/1716 1328/1328/1328
f 1719/1719/1719 1464/1464/1464 1465/1465/1465
f 1720/1720/1720 1719/1719/1719 1465/1465/1465
f 1721/1721/1721 1463/1463/1463 1464/1464/1464
f 1719/1719/1719 1721/1721/1721 1464/1464/1464
f 1329/1329/1329 1721/1721/1721 1719/1719/1719
f 1332/1332/1332 1329/1329/1329 1719/1719/1719
f 1332/1332/1332 1719/1719/1719 1720/1720/1720
f 1334/1334/1334 1332/1332/1332 1720/1720/1720
f 1723/1723/1723 1722/1722/1722 1338/1338/1338
f 1336/1336/1336 1723/1723/1723 1338/1338/1338
f 1470/1470/1470 1471/1471/1471 1722/1722/1722
f 1723/1723/1723 1470/1470/1470 1722/1722/1722
f 1465/1465/1465 1470/1470/1470 1723/1723/1723
f 1720/1720/1720 1465/1465/1465 1723/1723/1723
f 1720/1720/1720 1723/1723/1723 1336/1336/1336
f 1334/1334/1334 1720/1720/1720 1336/1336/1336
f 1724/1724/1724 1477/1477/1477 1474/1474/1474
f 1725/1725/1725 1724/1724/1724 1474/1474/1474
f 1722/1722/1722 1471/1471/1471 1477/1477/1477
f 1724/1724/1724 1722/1722/1722 1477/1477/1477
f 1338/1338/1338 1722/1722/1722 1724/1724/1724
f 1342/1342/1342 1338/1338/1338 1724/1724/1724
f 1342/1342/1342 1724/1724/1724 1725/1725/1725
f 1341/1341/1341 1342/1342/1342 1725/1725/1725
f 1727/1727/1727 1726/1726/1726 1345/1345/1345
f 1346/1346/1346 1727/1727/1727 1345/1345/1345
f 1483/1483/1483 1480/1480/1480 1726/1726/1726
f 1727/1727/1727 1483/1483/1483 1726/1726/1726
f 1474/1474/1474 1483/1483/1483 1727/1727/1727
f 1725/1725/1725 1474/1474/1474 1727/1727/1727
f 1725/1725/1725 1727/1727/1727 1346/1346/1346
f 1341/1341/1341 1725/1725/1725 1346/1346/1346
f 1729/1729/1729 1728/1728/1728 1349/1349/1349
f 1350/1350/1350 1729/1729/1729 1349/1349/1349
f 1489/1489/1489 1486/1486/1486 1728/1728/1728
f 1729/1729/1729 1489/1489/1489 1728/1728/1728
f 1480/1480/1480 1489/1489/1489 1729/1729/1729
f 1726/1726/1726 1480/1480/1480 1729/1729/1729
f 1726/1726/1726 1729/1729/1729 1350/1350/1350
f 1345/1345/1345 1726/1726/1726 1350/1350/1350
f 1730/1730/1730 1495/1495/1495 1492/1492/1492
f 1731/1731/1731 1730/1730/1730 1492/1492/1492
f 1728/1728/1728 1486/1486/1486 1495/1495/1495
f 1730/1730/1730 1728/1728/1728 1495/1495/1495
f 1349/1349/1349 1728/1728/1728 1730/1730/1730
f 1354/1354/1354 1349/1349/1349 1730/1730/1730
f 1354/1354/1354 1730/1730/1730 1731/1731/1731
f 1353/1353/1353 1354/1354/1354 1731/1731/1731
f 1732/1732/1732 1501/1501/1501 1498/1498/1498
f 1733/1733/1733 1732/1732/1732 1498/1498/1498
f 1731/1731/1731 1492/1492/1492 1501/1501/1501
f 1732/1732/1732 1731/1731/1731 1501/1501/1501
f 1353/1353/1353 1731/1731/1731 1732/1732/1732
f 1358/1358/1358 1353/1353/1353 1732/1732/1732
f 1358/1358/1358 1732/1732/1732 1733/1733/1733
f 1357/1357/1357 1358/1358/1358 1733/1733/1733
f 1735/1735/1735 1734/1734/1734 1362/1362/1362
f 1360/1360/1360 1735/1735/1735 1362/1362/1362
f 1506/1506/1506 1507/1507/1507 1734/1734/1734
f 1735/1735/1735 1506/1506/1506 1734/1734/1734
f 1498/1498/1498 1506/1506/1506 1735/1735/1735
f 1733/1733/1733 1498/1498/1498 1735/1735/1735
f 1733/1733/1733 1735/1735/1735 1360/1360/1360
f 1357/1357/1357 1733/1733/1733 1360/1360/1360
f 1736/1736/1736 1513/1513/1513 1510/1510/1510
f 1737/1737/1737 1736/1736/1736 1510/1510/1510
f 1734/1734/1734 1507/1507/1507 1513/1513/1513
f 1736/1736/1736 1734/1734/1734 1513/1513/1513
f 1362/1362/1362 1734/1734/1734 1736/1736/1736
f 1366/1366/1366 1362/1362/1362 1736/1736/1736
f 1366/1366/1366 1736/1736/1736 1737/1737/1737
f 1365/1365/1365 1366/1366/1366 1737/1737/1737
f 1738/1738/1738 1519/1519/1519 1516/1516/1516
f 1739/1739/1739 1738/1738/1738 1516/1516/1516
f 1737/1737/1737 1510/1510/1510 1519/1519/1519
f 1738/1738/1738 1737/1737/1737 1519/1519/1519
f 1365/1365/1365 1737/1737/1737 1738/1738/1738
f 1370/1370/1370 1365/1365/1365 1738/1738/1738
f 1370/1370/1370 1738/1738/1738 1739/1739/1739
f 1369/1369/1369 1370/1370/1370 1739/1739/1739
f 1741/1741/1741 1740/1740/1740 1373/1373/1373
f 1374/1374/1374 1741/1741/1741 1373/1373/1373
f 1525/1525/1525 1522/1522/1522 1740/1740/1740
f 1741/1741/1741 1525/1525/1525 1740/1740/1740
f 1516/1516/1516 1525/1525/1525 1741/1741/1741
f 1739/1739/1739 1516/1516/1516 1741/1741/1741
f 1739/1739/1739 1741/1741/1741 1374/1374/1374
f 1369/1369/1369 1739/1739/1739 1374/1374/1374
f 1742/1742/1742 1531/1531/1531 1528/1528/1528
f 1743/1743/1743 1742/1742/1742 1528/1528/1528
f 1740/1740/1740 1522/1522/1522 1531/1531/1531
f 1742/1742/1742 1740/1740/1740 1531/1531/1531
f 1373/1373/1373 1740/1740/1740 1742/1742/1742
f 1378/1378/1378 1373/1373/1373 1742/1742/1742
f 1378/1378/1378 1742/1742/1742 1743/1743/1743
f 1377/1377/1377 1378/1378/1378 1743/1743/1743
f 1745/1745/1745 1744/1744/1744 1382/1382/1382
f 1380/1380/1380 1745/1745/1745 1382/1382/1382
f 1536/1536/1536 1537/1537/1537 1744/1744/1744
f 1745/1745/1745 1536/1536/1536 1744/1744/1744
f 1528/1528/1528 1536/1536/1536 1745/1745/1745
f 1743/1743/1743 1528/1528/1528 1745/1745/1745
f 1743/1743/1743 1745/1745/1745 1380/1380/1380
f 1377/1377/1377 1743/1743/1743 1380/1380/1380
f 1746/1746/1746 1543/1543/1543 1540/1540/1540
f 1747/1747/1747 1746/1746/1746 1540/1540/1540
f 1744/1744/1744 1537/1537/1537 1543/1543/1543
f 1746/1746/1746 1744/1744/1744 1543/1543/1543
f 1382/1382/1382 1744/1744/1744 1746/1746/1746
f 1386/1386/1386 1382/1382/1382 1746/1746/1746
f 1386/1386/1386 1746/1746/1746 1747/1747/1747
f 1385/1385/1385 1386/1386/1386 1747/1747/1747
f 1749/1749/1749 1748/1748/1748 1389/1389/1389
f 1390/1390/1390 1749/1749/1749 1389/1389/1389
f 1549/1549/1549 1546/1546/1546 1748/1748/1748
f 1749/1749/1749 1549/1549/1549 1748/1748/1748
f 1540/1540/1540 1549/1549/1549 1749/1749/1749
f 1747/1747/1747 1540/1540/1540 1749/1749/1749
f 1747/1747/1747 1749/1749/1749 1390/1390/1390
f 1385/1385/1385 1747/1747/1747 1390/1390/1390
f 1750/1750/1750 1555/1555/1555 1552/1552/1552
f 1751/1751/1751 1750/1750/1750 1552/1552/1552
f 1748/1748/1748 1546/1546/1546 1555/1555/1555
f 1750/1750/1750 1748/1748/1748 1555/1555/1555
f 1389/1389/1389 1748/1748/1748 1750/1750/1750
f 1394/1394/1394 1389/1389/1389 1750/1750/1750
f 1394/1394/1394 1750/1750/1750 1751/1751/1751
f 1393/1393/1393 1394/1394/1394 1751/1751/1751
f 1752/1752/1752 1563/1563/1563 1564/1564/1564
f 1753/1753/1753 1752/1752/1752 1564/1564/1564
f 1754/1754/1754 1562/1562/1562 1563/1563/1563
f 1752/1752/1752 1754/1754/1754 1563/1563/1563
f 1395/1395/1395 1754/1754/1754 1752/1752/1752
f 1398/1398/1398 1395/1395/1395 1752/1752/1752
f 1398/1398/1398 1752/1752/1752 1753/1753/1753
f 1400/1400/1400 1398/1398/1398 1753/1753/1753
f 1756/1756/1756 1755/1755/1755 1404/1404/1404
f 1402/1402/1402 1756/1756/1756 1404/1404/1404
f 1569/1569/1569 1570/1570/1570 1755/1755/1755
f 1756/1756/1756 1569/1569/1569 1755/1755/1755
f 1564/1564/1564 1569/1569/1569 1756/1756/1756
f 1753/1753/1753 1564/1564/1564 1756/1756/1756
f 1753/1753/1753 1756/1756/1756 1402/1402/1402
f 1400/1400/1400 1753/1753/1753 1402/1402/1402
f 1757/1757/1757 1575/1575/1575 1576/1576/1576
f 1758/1758/1758 1757/1757/1757 1576/1576/1576
f 1755/1755/1755 1570/1570/1570 1575/1575/1575
f 1757/1757/1757 1755/1755/1755 1575/1575/1575
f 1404/1404/1404 1755/1755/1755 1757/1757/1757
f 1406/1406/1406 1404/1404/1404 1757/1757/1757
f 1406/1406/1406 1757/1757/1757 1758/1758/1758
f 1408/1408/1408 1406/1406/1406 1758/1758/1758
f 1760/1760/1760 1759/1759/1759 1412/1412/1412
f 1410/1410/1410 1760/1760/1760 1412/1412/1412
f 1581/1581/1581 1582/1582/1582 1759/1759/1759
f 1760/1760/1760 1581/1581/1581 1759/1759/1759
f 1576/1576/1576 1581/1581/1581 1760/1760/1760
f 1758/1758/1758 1576/1576/1576 1760/1760/1760
f 1758/1758/1758 1760/1760/1760 1410/1410/1410
f 1408/1408/1408 1758/1758/1758 1410/1410/1410
f 1761/1761/1761 1588/1588/1588 1585/1585/1585
f 1762/1762/1762 1761/1761/1761 1585/1585/1585
f 1759/1759/1759 1582/1582/1582 1588/1588/1588
f 1761/1761/1761 1759/1759/1759 1588/1588/1588
f 1412/1412/1412 1759/1759/1759 1761/1761/1761
f 1416/1416/1416 1412/1412/1412 1761/1761/1761
f 1416/1416/1416 1761/1761/1761 1762/1762/1762
f 1415/1415/1415 1416/1416/1416 1762/1762/1762
f 1763/1763/1763 1593/1593/1593 1594/1594/1594
f 1764/1764/1764 1763/1763/1763 1594/1594/1594
f 1762/1762/1762 1585/1585/1585 1593/1593/1593
f 1763/1763/1763 1762/1762/1762 1593/1593/1593
f 1415/1415/1415 1762/1762/1762 1763/1763/1763
f 1418/1418/1418 1415/1415/1415 1763/1763/1763
f 1418/1418/1418 1763/1763/1763 1764/1764/1764
f 1420/1420/1420 1418/1418/1418 1764/1764/1764
f 1766/1766/1766 1765/1765/1765 1424/1424/1424
f 1422/1422/1422 1766/1766/1766 1424/1424/1424
f 1599/1599/1599 1600/1600/1600 1765/1765/1765
f 1766/1766/1766 1599/1599/1599 1765/1765/1765
f 1594/1594/1594 1599/1599/1599 1766/1766/1766
f 1764/1764/1764 1594/1594/1594 1766/1766/1766
f 1764/1764/1764 1766/1766/1766 1422/1422/1422
f 1420/1420/1420 1764/1764/1764 1422/1422/1422
f 1767/1767/1767 1605/1605/1605 1606/1606/1606
f 1768/1768/1768 1767/1767/1767 1606/1606/1606
f 1765/1765/1765 1600/1600/1600 1605/1605/1605
f 1767/1767/1767 1765/1765/1765 1605/1605/1605
f 1424/1424/1424 1765/1765/1765 1767/1767/1767
f 1426/1426/1426 1424/1424/1424 1767/1767/1767
f 1426/1426/1426 1767/1767/1767 1768/1768/1768
f 1428/1428/1428 1426/1426/1426 1768/1768/1768
f 1770/1770/1770 1769/1769/1769 1432/1432/1432
f 1430/1430/1430 1770/1770/1770 1432/1432/1432
f 1611/1611/1611 1612/1612/1612 1769/1769/1769
f 1770/1770/1770 1611/1611/1611 1769/1769/1769
f 1606/1606/1606 1611/1611/1611 1770/1770/1770
f 1768/1768/1768 1606/1606/1606 1770/1770/1770
f 1768/1768/1768 1770/1770/1770 1430/1430/1430
f 1428/1428/1428 1768/1768/1768 1430/1430/1430
f 1771/1771/1771 1617/1617/1617 1618/1618/1618
f 1772/1772/1772 1771/1771/1771 1618/1618/1618
f 1769/1769/1769 1612/1612/1612 1617/1617/1617
f 1771/1771/1771 1769/1769/1769 1617/1617/1617
f 1432/1432/1432 1769/1769/1769 1771/1771/1771
f 1434/1434/1434 1432/1432/1432 1771/1771/1771
f 1434/1434/1434 1771/1771/1771 1772/1772/1772
f 1436/1436/1436 1434/1434/1434 1772/1772/1772
f 1774/1774/1774 1773/1773/1773 1440/1440/1440
f 1438/1438/1438 1774/1774/1774 1440/1440/1440
f 1623/1623/1623 1624/1624/1624 1773/1773/1773
f 1774/1774/1774 1623/1623/1623 1773/1773/1773
f 1618/1618/1618 1623/1623/1623 1774/1774/1774
f 1772/1772/1772 1618/1618/1618 1774/1774/1774
f 1772/1772/1772 1774/1774/1774 1438/1438/1438
f 1436/1436/1436 1772/1772/1772 1438/1438/1438
f 1776/1776/1776 1775/1775/1775 1444/1444/1444
f 1442/1442/1442 1776/1776/1776 1444/1444/1444
f 1629/1629/1629 1630/1630/1630 1775/1775/1775
f 1776/1776/1776 1629/1629/1629 1775/1775/1775
f 1624/1624/1624 1629/1629/1629 1776/1776/1776
f 1773/1773/1773 1624/1624/1624 1776/1776/1776
f 1773/1773/1773 1776/1776/1776 1442/1442/1442
f 1440/1440/1440 1773/1773/1773 1442/1442/1442
f 1777/1777/1777 1635/1635/1635 1636/1636/1636
f 1778/1778/1778 1777/1777/1777 1636/1636/1636
f 1775/1775/1775 1630/1630/1630 1635/1635/1635
f 1777/1777/1777 1775/1775/1775 1635/1635/1635
f 1444/1444/1444 1775/1775/1775 1777/1777/1777
f 1446/1446/1446 1444/1444/1444 1777/1777/1777
f 1446/1446/1446 1777/1777/1777 1778/1778/1778
f 1448/1448/1448 1446/1446/1446 1778/1778/1778
f 1780/1780/1780 1779/1779/1779 1452/1452/1452
f 1450/1450/1450 1780/1780/1780 1452/1452/1452
f 1641/1641/1641 1642/1642/1642 1779/1779/1779
f 1780/1780/1780 1641/1641/1641 1779/1779/1779
f 1636/1636/1636 1641/1641/1641 1780/1780/1780
f 1778/1778/1778 1636/1636/1636 1780/1780/1780
f 1778/1778/1778 1780/1780/1780 1450/1450/1450
f 1448/1448/1448 1778/1778/1778 1450/1450/1450
f 1782/1782/1782 1781/1781/1781 1456/1456/1456
f 1454/1454/1454 1782/1782/1782 1456/1456/1456
f 1647/1647/1647 1648/1648/1648 1781/1781/1781
f 1782/1782/1782 1647/1647/1647 1781/1781/1781
f 1642/1642/1642 1647/1647/1647 1782/1782/1782
f 1779/1779/1779 1642/1642/1642 1782/1782/1782
f 1779/1779/1779 1782/1782/1782 1454/1454/1454
f 1452/1452/1452 1779/1779/1779 1454/1454/1454
f 1783/1783/1783 1721/1721/1721 1329/1329/1329
f 1458/1458/1458 1783/1783/1783 1329/1329/1329
f 1653/1653/1653 1463/1463/1463 1721/1721/1721
f 1783/1783/1783 1653/1653/1653 1721/1721/1721
f 1648/1648/1648 1653/1653/1653 1783/1783/1783
f 1781/1781/1781 1648/1648/1648 1783/1783/1783
f 1781/1781/1781 1783/1783/1783 1458/1458/1458
f 1456/1456/1456 1781/1781/1781 1458/1458/1458
f 1785/1785/1785 1784/1784/1784 912/912/912
f 1786/1786/1786 1785/1785/1785 912/912/912
f 1462/1462/1462 1459/1459/1459 1784/1784/1784
f 1785/1785/1785 1462/1462/1462 1784/1784/1784
f 1467/1467/1467 1462/1462/1462 1785/1785/1785
f 1787/1787/1787 1467/1467/1467 1785/1785/1785
f 1787/1787/1787 1785/1785/1785 1786/1786/1786
f 1788/1788/1788 1787/1787/1787 1786/1786/1786
f 1791/1791/1791 1790/1790/1790 1789/1789/1789
f 1792/1792/1792 1791/1791/1791 1789/1789/1789
f 1787/1787/1787 1788/1788/1788 1790/1790/1790
f 1791/1791/1791 1787/1787/1787 1790/1790/1790
f 1467/1467/1467 1787/1787/1787 1791/1791/1791
f 1469/1469/1469 1467/1467/1467 1791/1791/1791
f 1469/1469/1469 1791/1791/1791 1792/1792/1792
f 1473/1473/1473 1469/1469/1469 1792/1792/1792
f 1794/1794/1794 1793/1793/1793 1478/1478/1478
f 1479/1479/1479 1794/1794/1794 1478/1478/1478
f 1796/1796/1796 1795/1795/1795 1793/1793/1793
f 1794/1794/1794 1796/1796/1796 1793/1793/1793
f 1789/1789/1789 1796/1796/1796 1794/1794/1794
f 1792/1792/1792 1789/1789/1789 1794/1794/1794
f 1792/1792/1792 1794/1794/1794 1479/1479/1479
f 1473/1473/1473 1792/1792/1792 1479/1479/1479
f 1798/1798/1798 1797/1797/1797 1484/1484/1484
f 1485/1485/1485 1798/1798/1798 1484/1484/1484
f 1800/1800/1800 1799/1799/1799 1797/1797/1797
f 1798/1798/1798 1800/1800/1800 1797/1797/1797
f 1795/1795/1795 1800/1800/1800 1798/1798/1798
f 1793/1793/1793 1795/1795/1795 1798/1798/1798
f 1793/1793/1793 1798/1798/1798 1485/1485/1485
f 1478/1478/1478 1793/1793/1793 1485/1485/1485
f 1802/1802/1802 1801/1801/1801 1490/1490/1490
f 1491/1491/1491 1802/1802/1802 1490/1490/1490
f 1804/1804/1804 1803/1803/1803 1801/1801/1801
f 1802/1802/1802 1804/1804/1804 1801/1801/1801
f 1799/1799/1799 1804/1804/1804 1802/1802/1802
f 1797/1797/1797 1799/1799/1799 1802/1802/1802
f 1797/1797/1797 1802/1802/1802 1491/1491/1491
f 1484/1484/1484 1797/1797/1797 1491/1491/1491
f 1806/1806/1806 1805/1805/1805 1496/1496/1496
f 1497/1497/1497 1806/1806/1806 1496/1496/1496
f 1808/1808/1808 1807/1807/1807 1805/1805/1805
f 1806/1806/1806 1808/1808/1808 1805/1805/1805
f 1803/1803/1803 1808/1808/1808 1806/1806/1806
f 1801/1801/1801 1803/1803/1803 1806/1806/1806
f 1801/1801/1801 1806/1806/1806 1497/1497/1497
f 1490/1490/1490 1801/1801/1801 1497/1497/1497
f 1810/1810/1810 1809/1809/1809 1502/1502/1502
f 1503/1503/1503 1810/1810/1810 1502/1502/1502
f 1812/1812/1812 1811/1811/1811 1809/1809/1809
f 1810/1810/1810 1812/1812/1812 1809/1809/1809
f 1807/1807/1807 1812/1812/1812 1810/1810/1810
f 1805/1805/1805 1807/1807/1807 1810/1810/1810
f 1805/1805/1805 1810/1810/1810 1503/1503/1503
f 1496/1496/1496 1805/1805/1805 1503/1503/1503
f 1815/1815/1815 1814/1814/1814 1813/1813/1813
f 1816/1816/1816 1815/1815/1815 1813/1813/1813
f 1809/1809/1809 1811/1811/1811 1814/1814/1814
f 1815/1815/1815 1809/1809/1809 1814/1814/1814
f 1502/1502/1502 1809/1809/1809 1815/1815/1815
f 1505/1505/1505 1502/1502/1502 1815/1815/1815
f 1505/1505/1505 1815/1815/1815 1816/1816/1816
f 1509/1509/1509 1505/1505/1505 1816/1816/1816
f 1818/1818/1818 1817/1817/1817 1514/1514/1514
f 1515/1515/1515 1818/1818/1818 1514/1514/1514
f 1820/1820/1820 1819/1819/1819 1817/1817/1817
f 1818/1818/1818 1820/1820/1820 1817/1817/1817
f 1813/1813/1813 1820/1820/1820 1818/1818/1818
f 1816/1816/1816 1813/1813/1813 1818/1818/1818
f 1816/1816/1816 1818/1818/1818 1515/1515/1515
f 1509/1509/1509 1816/1816/1816 1515/1515/1515
f 1822/1822/1822 1821/1821/1821 1520/1520/1520
f 1521/1521/1521 1822/1822/1822 1520/1520/1520
f 1824/1824/1824 1823/1823/1823 1821/1821/1821
f 1822/1822/1822 1824/1824/1824 1821/1821/1821
f 1819/1819/1819 1824/1824/1824 1822/1822/1822
f 1817/1817/1817 1819/1819/1819 1822/1822/1822
f 1817/1817/1817 1822/1822/1822 1521/1521/1521
f 1514/1514/1514 1817/1817/1817 1521/1521/1521
f 1826/1826/1826 1825/1825/1825 1526/1526/1526
f 1527/1527/1527 1826/1826/1826 1526/1526/1526
f 1828/1828/1828 1827/1827/1827 1825/1825/1825
f 1826/1826/1826 1828/1828/1828 1825/1825/1825
f 1823/1823/1823 1828/1828/1828 1826/1826/1826
f 1821/1821/1821 1823/1823/1823 1826/1826/1826
f 1821/1821/1821 1826/1826/1826 1527/1527/1527
f 1520/1520/1520 1821/1821/1821 1527/1527/1527
f 1830/1830/1830 1829/1829/1829 1532/1532/1532
f 1533/1533/1533 1830/1830/1830 1532/1532/1532
f 1832/1832/1832 1831/1831/1831 1829/1829/1829
f 1830/1830/1830 1832/1832/1832 1829/1829/1829
f 1827/1827/1827 1832/1832/1832 1830/1830/1830
f 1825/1825/1825 1827/1827/1827 1830/1830/1830
f 1825/1825/1825 1830/1830/1830 1533/1533/1533
f 1526/1526/1526 1825/1825/1825 1533/1533/1533
f 1835/1835/1835 1834/1834/1834 1833/1833/1833
f 1836/1836/1836 1835/1835/1835 1833/1833/1833
f 1829/1829/1829 1831/1831/1831 1834/1834/1834
f 1835/1835/1835 1829/1829/1829 1834/1834/1834
f 1532/1532/1532 1829/1829/1829 1835/1835/1835
f 1535/1535/1535 1532/1532/1532 1835/1835/1835
f 1535/1535/1535 1835/1835/1835 1836/1836/1836
f 1539/1539/1539 1535/1535/1535 1836/1836/1836
f 1838/1838/1838 1837/1837/1837 1544/1544/1544
f 1545/1545/1545 1838/1838/1838 1544/1544/1544
f 1840/1840/1840 1839/1839/1839 1837/1837/1837
f 1838/1838/1838 1840/1840/1840 1837/1837/1837
f 1833/1833/1833 1840/1840/1840 1838/1838/1838
f 1836/1836/1836 1833/1833/1833 1838/1838/1838
f 1836/1836/1836 1838/1838/1838 1545/1545/1545
f 1539/1539/1539 1836/1836/1836 1545/1545/1545
f 1842/1842/1842 1841/1841/1841 1550/1550/1550
f 1551/1551/1551 1842/1842/1842 1550/1550/1550
f 1844/1844/1844 1843/1843/1843 1841/1841/1841
f 1842/1842/1842 1844/1844/1844 1841/1841/1841
f 1839/1839/1839 1844/1844/1844 1842/1842/1842
f 1837/1837/1837 1839/1839/1839 1842/1842/1842
f 1837/1837/1837 1842/1842/1842 1551/1551/1551
f 1544/1544/1544 1837/1837/1837 1551/1551/1551
f 1846/1846/1846 1845/1845/1845 1556/1556/1556
f 1557/1557/1557 1846/1846/1846 1556/1556/1556
f 1848/1848/1848 1847/1847/1847 1845/1845/1845
f 1846/1846/1846 1848/1848/1848 1845/1845/1845
f 1843/1843/1843 1848/1848/1848 1846/1846/1846
f 1841/1841/1841 1843/1843/1843 1846/1846/1846
f 1841/1841/1841 1846/1846/1846 1557/1557/1557
f 1550/1550/1550 1841/1841/1841 1557/1557/1557
f 1851/1851/1851 1850/1850/1850 1849/1849/1849
f 1852/1852/1852 1851/1851/1851 1849/1849/1849
f 1854/1854/1854 1853/1853/1853 1850/1850/1850
f 1851/1851/1851 1854/1854/1854 1850/1850/1850
f 1558/1558/1558 1854/1854/1854 1851/1851/1851
f 1561/1561/1561 1558/1558/1558 1851/1851/1851
f 1561/1561/1561 1851/1851/1851 1852/1852/1852
f 1566/1566/1566 1561/1561/1561 1852/1852/1852
f 1857/1857/1857 1856/1856/1856 1855/1855/1855
f 1858/1858/1858 1857/1857/1857 1855/1855/1855
f 1852/1852/1852 1849/1849/1849 1856/1856/1856
f 1857/1857/1857 1852/1852/1852 1856/1856/1856
f 1566/1566/1566 1852/1852/1852 1857/1857/1857
f 1568/1568/1568 1566/1566/1566 1857/1857/1857
f 1568/1568/1568 1857/1857/1857 1858/1858/1858
f 1572/1572/1572 1568/1568/1568 1858/1858/1858
f 1861/1861/1861 1860/1860/1860 1859/1859/1859
f 1862/1862/1862 1861/1861/1861 1859/1859/1859
f 1858/1858/1858 1855/1855/1855 1860/1860/1860
f 1861/1861/1861 1858/1858/1858 1860/1860/1860
f 1572/1572/1572 1858/1858/1858 1861/1861/1861
f 1574/1574/1574 1572/1572/1572 1861/1861/1861
f 1574/1574/1574 1861/1861/1861 1862/1862/1862
f 1578/1578/1578 1574/1574/1574 1862/1862/1862
f 1865/1865/1865 1864/1864/1864 1863/1863/1863
f 1866/1866/1866 1865/1865/1865 1863/1863/1863
f 1862/1862/1862 1859/1859/1859 1864/1864/1864
f 1865/1865/1865 1862/1862/1862 1864/1864/1864
f 1578/1578/1578 1862/1862/1862 1865/1865/1865
f 1580/1580/1580 1578/1578/1578 1865/1865/1865
f 1580/1580/1580 1865/1865/1865 1866/1866/1866
f 1584/1584/1584 1580/1580/1580 1866/1866/1866
f 1868/1868/1868 1867/1867/1867 1589/1589/1589
f 1590/1590/1590 1868/1868/1868 1589/1589/1589
f 1869/1869/1869 801/801/801 1867/1867/1867
f 1868/1868/1868 1869/1869/1869 1867/1867/1867
f 1863/1863/1863 1869/1869/1869 1868/1868/1868
f 1866/1866/1866 1863/1863/1863 1868/1868/1868
f 1866/1866/1866 1868/1868/1868 1590/1590/1590
f 1584/1584/1584 1866/1866/1866 1590/1590/1590
f 1870/1870/1870 802/802/802 525/525/525
f 1871/1871/1871 1870/1870/1870 525/525/525
f 1867/1867/1867 801/801/801 802/802/802
f 1870/1870/1870 1867/1867/1867 802/802/802
f 1589/1589/1589 1867/1867/1867 1870/1870/1870
f 1592/1592/1592 1589/1589/1589 1870/1870/1870
f 1592/1592/1592 1870/1870/1870 1871/1871/1871
f 1596/1596/1596 1592/1592/1592 1871/1871/1871
f 1872/1872/1872 526/526/526 529/529/529
f 1873/1873/1873 1872/1872/1872 529/529/529
f 1871/1871/1871 525/525/525 526/526/526
f 1872/1872/1872 1871/1871/1871 526/526/526
f 1596/1596/1596 1871/1871/1871 1872/1872/1872
f 1598/1598/1598 1596/1596/1596 1872/1872/1872
f 1598/1598/1598 1872/1872/1872 1873/1873/1873
f 1602/1602/1602 1598/1598/1598 1873/1873/1873
f 1874/1874/1874 1072/1072/1072 519/519/519
f 1875/1875/1875 1874/1874/1874 519/519/519
f 1873/1873/1873 529/529/529 1072/1072/1072
f 1874/1874/1874 1873/1873/1873 1072/1072/1072
f 1602/1602/1602 1873/1873/1873 1874/1874/1874
f 1604/1604/1604 1602/1602/1602 1874/1874/1874
f 1604/1604/1604 1874/1874/1874 1875/1875/1875
f 1608/1608/1608 1604/1604/1604 1875/1875/1875
f 1876/1876/1876 520/520/520 523/523/523
f 1877/1877/1877 1876/1876/1876 523/523/523
f 1875/1875/1875 519/519/519 520/520/520
f 1876/1876/1876 1875/1875/1875 520/520/520
f 1608/1608/1608 1875/1875/1875 1876/1876/1876
f 1610/1610/1610 1608/1608/1608 1876/1876/1876
f 1610/1610/1610 1876/1876/1876 1877/1877/1877
f 1614/1614/1614 1610/1610/1610 1877/1877/1877
f 1878/1878/1878 703/703/703 587/587/587
f 1879/1879/1879 1878/1878/1878 587/587/587
f 1877/1877/1877 523/523/523 703/703/703
f 1878/1878/1878 1877/1877/1877 703/703/703
f 1614/1614/1614 1877/1877/1877 1878/1878/1878
f 1616/1616/1616 1614/1614/1614 1878/1878/1878
f 1616/1616/1616 1878/1878/1878 1879/1879/1879
f 1620/1620/1620 1616/1616/1616 1879/1879/1879
f 1880/1880/1880 588/588/588 591/591/591
f 1881/1881/1881 1880/1880/1880 591/591/591
f 1879/1879/1879 587/587/587 588/588/588
f 1880/1880/1880 1879/1879/1879 588/588/588
f 1620/1620/1620 1879/1879/1879 1880/1880/1880
f 1622/1622/1622 1620/1620/1620 1880/1880/1880
f 1622/1622/1622 1880/1880/1880 1881/1881/1881
f 1626/1626/1626 1622/1622/1622 1881/1881/1881
f 1882/1882/1882 742/742/742 744/744/744
f 1883/1883/1883 1882/1882/1882 744/744/744
f 1881/1881/1881 591/591/591 742/742/742
f 1882/1882/1882 1881/1881/1881 742/742/742
f 1626/1626/1626 1881/1881/1881 1882/1882/1882
f 1628/1628/1628 1626/1626/1626 1882/1882/1882
f 1628/1628/1628 1882/1882/1882 1883/1883/1883
f 1632/1632/1632 1628/1628/1628 1883/1883/1883
f 1884/1884/1884 1082/1082/1082 583/583/583
f 1885/1885/1885 1884/1884/1884 583/583/583
f 1883/1883/1883 744/744/744 1082/1082/1082
f 1884/1884/1884 1883/1883/1883 1082/1082/1082
f 1632/1632/1632 1883/1883/1883 1884/1884/1884
f 1634/1634/1634 1632/1632/1632 1884/1884/1884
f 1634/1634/1634 1884/1884/1884 1885/1885/1885
f 1638/1638/1638 1634/1634/1634 1885/1885/1885
f 1886/1886/1886 584/584/584 577/577/577
f 1887/1887/1887 1886/1886/1886 577/577/577
f 1885/1885/1885 583/583/583 584/584/584
f 1886/1886/1886 1885/1885/1885 584/584/584
f 1638/1638/1638 1885/1885/1885 1886/1886/1886
f 1640/1640/1640 1638/1638/1638 1886/1886/1886
f 1640/1640/1640 1886/1886/1886 1887/1887/1887
f 1644/1644/1644 1640/1640/1640 1887/1887/1887
f 1888/1888/1888 578/578/578 581/581/581
f 1889/1889/1889 1888/1888/1888 581/581/581
f 1887/1887/1887 577/577/577 578/578/578
f 1888/1888/1888 1887/1887/1887 578/578/578
f 1644/1644/1644 1887/1887/1887 1888/1888/1888
f 1646/1646/1646 1644/1644/1644 1888/1888/1888
f 1646/1646/1646 1888/1888/1888 1889/1889/1889
f 1650/1650/1650 1646/1646/1646 1889/1889/1889
f 1890/1890/1890 910/910/910 912/912/912
f 1784/1784/1784 1890/1890/1890 912/912/912
f 1889/1889/1889 581/581/581 910/910/910
f 1890/1890/1890 1889/1889/1889 910/910/910
f 1650/1650/1650 1889/1889/1889 1890/1890/1890
f 1652/1652/1652 1650/1650/1650 1890/1890/1890
f 1652/1652/1652 1890/1890/1890 1784/1784/1784
f 1459/1459/1459 1652/1652/1652 1784/1784/1784
